sample,time_seconds,node20,node21,node22,node23,node24,node25,effect1,node30,node31,node32,node33,node34,node35,node36,node37,node38,node39,node40,effect2,node90
0,0.000000000,0.001467390,0.000000000,0.000000000,3.090909091,0.000000000,0.000000000,0.000000000,0.000000010000,0.000000000,3.400000000,4.000000000,4.000000000,3.598425197,3.799212598,0.000103735,2.348718334,0.000000000,0.000000000,0.000000000,0.000000000
1,0.000008333,0.002930886,0.000000000,0.000000000,3.090909091,0.000000000,0.000000000,0.000000000,0.000000010000,0.000000000,3.400000000,4.000000000,4.000000000,3.598425197,3.799212598,0.000207468,2.348752456,0.000000000,0.000000000,0.000000000,0.000000000
2,0.000016667,0.004390499,0.000000000,0.000000000,3.090909091,0.000000000,0.000000000,0.000000000,0.000000010000,0.000000000,3.400000000,4.000000000,4.000000000,3.598425197,3.799212598,0.000311197,2.348786578,0.000000000,0.000000000,0.000000000,0.000000000
3,0.000025000,0.005846240,0.000000000,0.000000000,3.090909091,0.000000000,0.000000000,0.000000000,0.000000010000,0.000000000,3.400000000,4.000000000,4.000000000,3.598425197,3.799212598,0.000414924,2.348820699,1.944812659,0.000000000,0.000000000,0.000000000
4,0.000033333,0.007298117,0.000000000,0.000000000,3.090909091,0.000000000,0.000000000,0.000000000,0.000000010000,0.000000000,3.400000000,4.000000000,4.000000000,3.598425197,3.799212598,0.000518648,2.348854818,0.000000000,0.000000000,0.000000000,0.000000000
5,0.000041667,0.008746143,0.000000000,0.000000000,3.090909091,0.000000000,0.000000000,0.000000000,0.000000010000,0.000000000,3.400000000,4.000000000,4.000000000,3.598425197,3.799212598,0.000622369,2.348888937,0.000000000,0.000000000,0.000000000,0.000000000
6,0.000050000,0.010190327,0.000000000,0.000000000,3.090909091,0.000000000,0.000000000,0.000000000,0.000000010000,0.000000000,3.400000000,4.000000000,4.000000000,3.598425197,3.799212598,0.000726087,2.348923055,1.394274164,0.000000000,0.000000000,0.000000000
7,0.000058333,0.011630678,0.000000000,0.000000000,3.090909091,0.000000000,0.000000000,0.000000000,0.000000010000,0.000000000,3.400000000,4.000000000,4.000000000,3.598425197,3.799212598,0.000829803,2.348957172,0.000000000,0.000000000,0.000000000,0.000000000
8,0.000066667,0.013067209,0.000000000,0.000000000,3.090909091,0.000000000,0.000000000,0.000000000,0.000000010000,0.000000000,3.400000000,4.000000000,4.000000000,3.598425197,3.799212598,0.000933515,2.348991288,0.000000000,0.000000000,0.000000000,0.000000000
9,0.000075000,0.014499927,0.000000000,0.000000000,3.090909091,0.000000000,0.000000000,0.000000000,0.000000010000,0.000000000,3.400000000,4.000000000,4.000000000,3.598425197,3.799212598,0.001037225,2.349025403,0.000000000,0.000000000,0.000000000,0.000000000
10,0.000083333,0.015928844,0.000000000,0.000000000,3.090909091,0.000000000,0.000000000,0.000000000,0.000000010000,0.000000000,3.400000000,4.000000000,4.000000000,3.598425197,3.799212598,0.001140932,2.349059517,1.857719723,0.000000000,0.000000000,0.000000000
11,0.000091667,0.017353970,0.000000000,0.000000000,3.090909091,0.000000000,0.000000000,0.000000000,0.000000010000,0.000000000,3.400000000,4.000000000,4.000000000,3.598425197,3.799212598,0.001244636,2.349093630,0.000000000,0.000000000,0.000000000,0.000000000
12,0.000100000,0.018775315,0.000000000,0.000000000,3.090909091,0.000000000,0.000000000,0.000000000,0.000000010000,0.000000000,3.400000000,4.000000000,4.000000000,3.598425197,3.799212598,0.001348337,2.349127743,0.000000000,0.000000000,0.000000000,0.000000000
13,0.000108333,0.020192888,0.000000000,0.000000000,3.090909091,0.000000000,0.000000000,0.000000000,0.000000010000,0.000000000,3.400000000,4.000000000,4.000000000,3.598425197,3.799212598,0.001452036,2.349161854,1.329073585,0.000000000,0.000000000,0.000000000
14,0.000116667,0.021606700,0.000000000,0.000000000,3.090909091,0.000000000,0.000000000,0.000000000,0.000000010000,0.000000000,3.400000000,4.000000000,4.000000000,3.598425197,3.799212598,0.001555731,2.349195964,0.000000000,0.000000000,0.000000000,0.000000000
15,0.000125000,0.023016761,0.000000000,0.000000000,3.090909091,0.000000000,0.000000000,0.000000000,0.000000010000,0.000000000,3.400000000,4.000000000,4.000000000,3.598425197,3.799212598,0.001659424,2.349230074,0.000000000,0.000000000,0.000000000,0.000000000
16,0.000133333,0.024423080,0.000000000,0.000000000,3.090909091,0.000000000,0.000000000,0.000000000,0.000000010000,0.000000000,3.400000000,4.000000000,4.000000000,3.598425197,3.799212598,0.001763114,2.349264182,0.000000000,0.000000000,0.000000000,0.000000000
17,0.000141667,0.025825669,0.000000000,0.000000000,3.090909091,0.000000000,0.000000000,0.000000000,0.000000010000,0.000000000,3.400000000,4.000000000,4.000000000,3.598425197,3.799212598,0.001866801,2.349298290,1.772530151,0.000000000,0.000000000,0.000000000
18,0.000150000,0.027224535,0.000000000,0.000000000,3.090909091,0.000000000,0.000000000,0.000000000,0.000000010000,0.000000000,3.400000000,4.000000000,4.000000000,3.598425197,3.799212598,0.001970486,2.349332397,0.000000000,0.000000000,0.000000000,0.000000000
19,0.000158333,0.028619690,0.000000000,0.000000000,3.090909091,0.000000000,0.000000000,0.000000000,0.000000010000,0.000000000,3.400000000,4.000000000,4.000000000,3.598425197,3.799212598,0.002074167,2.349366502,0.000000000,0.000000000,0.000000000,0.000000000
20,0.000166667,0.030011144,0.000000000,0.000000000,3.090909091,0.000000000,0.000000000,0.000000000,0.000000010000,0.000000000,3.400000000,4.000000000,4.000000000,3.598425197,3.799212598,0.002177846,2.349400607,1.270744071,0.000000000,0.000000000,0.000000000
21,0.000175000,0.031398905,0.000000000,0.000000000,3.090909091,0.000000000,0.000000000,0.000000000,0.000000010000,0.000000000,3.400000000,4.000000000,4.000000000,3.598425197,3.799212598,0.002281521,2.349434711,0.000000000,0.000000000,0.000000000,0.000000000
22,0.000183333,0.032782984,0.000000000,0.000000000,3.090909091,0.000000000,0.000000000,0.000000000,0.000000010000,0.000000000,3.400000000,4.000000000,4.000000000,3.598425197,3.799212598,0.002385194,2.349468814,0.000000000,0.000000000,0.000000000,0.000000000
23,0.000191667,0.034163391,0.000000000,0.000000000,3.090909091,0.000000000,0.000000000,0.000000000,0.000000010000,0.000000000,3.400000000,4.000000000,4.000000000,3.598425197,3.799212598,0.002488864,2.349502916,0.000000000,0.000000000,0.000000000,0.000000000
24,0.000200000,0.035540135,0.000000000,0.000000000,3.090909091,0.000000000,0.000000000,0.000000000,0.000000010000,0.000000000,3.400000000,4.000000000,4.000000000,3.598425197,3.799212598,0.002592532,2.349537017,1.702457275,0.000000000,0.000000000,0.000000000
25,0.000208333,0.036913227,0.000000000,0.000000000,3.090909091,0.000000000,0.000000000,0.000000000,0.000000010000,0.000000000,3.400000000,4.000000000,4.000000000,3.598425197,3.799212598,0.002696196,2.349571117,0.000000000,0.000000000,0.000000000,0.000000000
26,0.000216667,0.038282675,0.000000000,0.000000000,3.090909091,0.000000000,0.000000000,0.000000000,0.000000010000,0.000000000,3.400000000,4.000000000,4.000000000,3.598425197,3.799212598,0.002799858,2.349605216,0.000000000,0.000000000,0.000000000,0.000000000
27,0.000225000,0.039648490,0.000000000,0.000000000,3.090909091,0.000000000,0.000000000,0.000000000,0.000000010000,0.000000000,3.400000000,4.000000000,4.000000000,3.598425197,3.799212598,0.002903517,2.349639315,1.226301958,0.000000000,0.000000000,0.000000000
28,0.000233333,0.041010680,0.000000000,0.000000000,3.090909091,0.000000000,0.000000000,0.000000000,0.000000010000,0.000000000,3.400000000,4.000000000,4.000000000,3.598425197,3.799212598,0.003007173,2.349673412,0.000000000,0.000000000,0.000000000,0.000000000
29,0.000241667,0.042369257,0.000000000,0.000000000,3.090909091,0.000000000,0.000000000,0.000000000,0.000000010000,0.000000000,3.400000000,4.000000000,4.000000000,3.598425197,3.799212598,0.003110826,2.349707508,0.000000000,0.000000000,0.000000000,0.000000000
30,0.000250000,0.043724228,0.000000000,0.000000000,3.090909091,0.000000000,0.000000000,0.000000000,0.000000010000,0.000000000,3.400000000,4.000000000,4.000000000,3.598425197,3.799212598,0.003214476,2.349741604,0.000000000,0.000000000,0.000000000,0.000000000
31,0.000258333,0.045075605,0.000000000,0.000000000,3.090909091,0.000000000,0.000000000,0.000000000,0.000000010000,0.000000000,3.400000000,4.000000000,4.000000000,3.598425197,3.799212598,0.003318124,2.349775699,1.652486566,0.000000000,0.000000000,0.000000000
32,0.000266667,0.046423396,0.000000000,0.000000000,3.090909091,0.000000000,0.000000000,0.000000000,0.000000010000,0.000000000,3.400000000,4.000000000,4.000000000,3.598425197,3.799212598,0.003421768,2.349809792,0.000000000,0.000000000,0.000000000,0.000000000
33,0.000275000,0.047767611,0.000000000,0.000000000,3.090909091,0.000000000,0.000000000,0.000000000,0.000000010000,0.000000000,3.400000000,4.000000000,4.000000000,3.598425197,3.799212598,0.003525410,2.349843885,0.000000000,0.000000000,0.000000000,0.000000000
34,0.000283333,0.049108259,0.000000000,0.000000000,3.090909091,0.000000000,0.000000000,0.000000000,0.000000010000,0.000000000,3.400000000,4.000000000,4.000000000,3.598425197,3.799212598,0.003629049,2.349877977,1.188071452,0.000000000,0.000000000,0.000000000
35,0.000291667,0.050445350,0.000000000,0.000000000,3.090909091,0.000000000,0.000000000,0.000000000,0.000000010000,0.000000000,3.400000000,4.000000000,4.000000000,3.598425197,3.799212598,0.003732685,2.349912068,0.000000000,0.000000000,0.000000000,0.000000000
36,0.000300000,0.051778894,0.000000000,0.000000000,3.090909091,0.000000000,0.000000000,0.000000000,0.000000010000,0.000000000,3.400000000,4.000000000,4.000000000,3.598425197,3.799212598,0.003836319,2.349946157,0.000000000,0.000000000,0.000000000,0.000000000
37,0.000308333,0.053108899,0.000000000,0.000000000,3.090909091,0.000000000,0.000000000,0.000000000,0.000000010000,0.000000000,3.400000000,4.000000000,4.000000000,3.598425197,3.799212598,0.003939949,2.349980246,0.000000000,0.000000000,0.000000000,0.000000000
38,0.000316667,0.054435375,0.000000000,0.000000000,3.090909091,0.000000000,0.000000000,0.000000000,0.000000010000,0.000000000,3.400000000,4.000000000,4.000000000,3.598425197,3.799212598,0.004043577,2.350014334,1.611663736,0.000000000,0.000000000,0.000000000
39,0.000325000,0.055758332,0.000000000,0.000000000,3.090909091,0.000000000,0.000000000,0.000000000,0.000000010000,0.000000000,3.400000000,4.000000000,4.000000000,3.598425197,3.799212598,0.004147202,2.350048422,0.000000000,0.000000000,0.000000000,0.000000000
40,0.000333333,0.057077779,0.000000000,0.000000000,3.090909091,0.000000000,0.000000000,0.000000000,0.000000010000,0.000000000,3.400000000,4.000000000,4.000000000,3.598425197,3.799212598,0.004250824,2.350082508,0.000000000,0.000000000,0.000000000,0.000000000
41,0.000341667,0.058393725,0.000000000,0.000000000,3.090909091,0.000000000,0.000000000,0.000000000,0.000000010000,0.000000000,3.400000000,4.000000000,4.000000000,3.598425197,3.799212598,0.004354443,2.350116593,1.135433287,0.000000000,0.000000000,0.000000000
42,0.000350000,0.059706179,0.000000000,0.000000000,3.090909091,0.000000000,0.000000000,0.000000000,0.000000010000,0.000000000,3.400000000,4.000000000,4.000000000,3.598425197,3.799212598,0.004458059,2.350150677,0.000000000,0.000000000,0.000000000,0.000000000
43,0.000358333,0.061015151,0.000000000,0.000000000,3.090909091,0.000000000,0.000000000,0.000000000,0.000000010000,0.000000000,3.400000000,4.000000000,4.000000000,3.598425197,3.799212598,0.004561673,2.350184761,0.000000000,0.000000000,0.000000000,0.000000000
44,0.000366667,0.062320649,0.000000000,0.000000000,3.090909091,0.000000000,0.000000000,0.000000000,0.000000010000,0.000000000,3.400000000,4.000000000,4.000000000,3.598425197,3.799212598,0.004665283,2.350218843,0.000000000,0.000000000,0.000000000,0.000000000
45,0.000375000,0.063622684,0.000000000,0.000000000,3.090909091,0.000000000,0.000000000,0.000000000,0.000000010000,0.000000000,3.400000000,4.000000000,4.000000000,3.598425197,3.799212598,0.004768891,2.350252925,1.558633907,0.000000000,0.000000000,0.000000000
46,0.000383333,0.064921264,0.000000000,0.000000000,3.090909091,0.000000000,0.000000000,0.000000000,0.000000010000,0.000000000,3.400000000,4.000000000,4.000000000,3.598425197,3.799212598,0.004872496,2.350287005,0.000000000,0.000000000,0.000000000,0.000000000
47,0.000391667,0.066216399,0.000000000,0.000000000,3.090909091,0.000000000,0.000000000,0.000000000,0.000000010000,0.000000000,3.400000000,4.000000000,4.000000000,3.598425197,3.799212598,0.004976099,2.350321085,0.000000000,0.000000000,0.000000000,0.000000000
48,0.000400000,0.067508097,0.000000000,0.000000000,3.090909091,0.000000000,0.000000000,0.000000000,0.000000010000,0.000000000,3.400000000,4.000000000,4.000000000,3.598425197,3.799212598,0.005079698,2.350355164,1.071967401,0.000000000,0.000000000,0.000000000
49,0.000408333,0.068796368,0.000000000,0.000000000,3.090909091,0.000000000,0.000000000,0.000000000,0.000000010000,0.000000000,3.400000000,4.000000000,4.000000000,3.598425197,3.799212598,0.005183294,2.350389242,0.000000000,0.000000000,0.000000000,0.000000000
50,0.000416667,0.070081221,0.000000000,0.000000000,3.090909091,0.000000000,0.000000000,0.000000000,0.000000010000,0.000000000,3.400000000,4.000000000,4.000000000,3.598425197,3.799212598,0.005286888,2.350423318,0.000000000,0.000000000,0.000000000,0.000000000
51,0.000425000,0.071362665,0.000000000,0.000000000,3.090909091,0.000000000,0.000000000,0.000000000,0.000000010000,0.000000000,3.400000000,4.000000000,4.000000000,3.598425197,3.799212598,0.005390479,2.350457394,0.000000000,0.000000000,0.000000000,0.000000000
52,0.000433333,0.072640709,0.000000000,0.000000000,3.090909091,0.000000000,0.000000000,0.000000000,0.000000010000,0.000000000,3.400000000,4.000000000,4.000000000,3.598425197,3.799212598,0.005494067,2.350491469,1.499051828,0.000000000,0.000000000,0.000000000
53,0.000441667,0.073915362,0.000000000,0.000000000,3.090909091,0.000000000,0.000000000,0.000000000,0.000000010000,0.000000000,3.400000000,4.000000000,4.000000000,3.598425197,3.799212598,0.005597652,2.350525544,0.000000000,0.000000000,0.000000000,0.000000000
54,0.000450000,0.075186632,0.000000000,0.000000000,3.090909091,0.000000000,0.000000000,0.000000000,0.000000010000,0.000000000,3.400000000,4.000000000,4.000000000,3.598425197,3.799212598,0.005701235,2.350559617,0.000000000,0.000000000,0.000000000,0.000000000
55,0.000458333,0.076454530,0.000000000,0.000000000,3.090909091,0.000000000,0.000000000,0.000000000,0.000000010000,0.000000000,3.400000000,4.000000000,4.000000000,3.598425197,3.799212598,0.005804814,2.350593689,1.006473712,0.000000000,0.000000000,0.000000000
56,0.000466667,0.077719064,0.000000000,0.000000000,3.090909091,0.000000000,0.000000000,0.000000000,0.000000010000,0.000000000,3.400000000,4.000000000,4.000000000,3.598425197,3.799212598,0.005908391,2.350627760,0.000000000,0.000000000,0.000000000,0.000000000
57,0.000475000,0.078980242,0.000000000,0.000000000,3.090909091,0.000000000,0.000000000,0.000000000,0.000000010000,0.000000000,3.400000000,4.000000000,4.000000000,3.598425197,3.799212598,0.006011965,2.350661831,0.000000000,0.000000000,0.000000000,0.000000000
58,0.000483333,0.080238074,0.000000000,0.000000000,3.090909091,0.000000000,0.000000000,0.000000000,0.000000010000,0.000000000,3.400000000,4.000000000,4.000000000,3.598425197,3.799212598,0.006115536,2.350695900,0.000000000,0.000000000,0.000000000,0.000000000
59,0.000491667,0.081492569,0.000000000,0.000000000,3.090909091,0.000000000,0.000000000,0.000000000,0.000000010000,0.000000000,3.400000000,4.000000000,4.000000000,3.598425197,3.799212598,0.006219104,2.350729969,1.442000663,0.000000000,0.000000000,0.000000000
60,0.000500000,0.082743735,0.000000000,0.000000000,3.090909091,0.000000000,0.000000000,0.000000000,0.000000010000,0.000000000,3.400000000,4.000000000,4.000000000,3.598425197,3.799212598,0.006322670,2.350764036,0.000000000,0.000000000,0.000000000,0.000000000
61,0.000508333,0.083991582,0.000000000,0.000000000,3.090909091,0.000000000,0.000000000,0.000000000,0.000000010000,0.000000000,3.400000000,4.000000000,4.000000000,3.598425197,3.799212598,0.006426233,2.350798103,0.000000000,0.000000000,0.000000000,0.000000000
62,0.000516667,0.085236117,0.000000000,0.000000000,3.090909091,0.000000000,0.000000000,0.000000000,0.000000010000,0.000000000,3.400000000,4.000000000,4.000000000,3.598425197,3.799212598,0.006529792,2.350832169,0.000000000,0.000000000,0.000000000,0.000000000
63,0.000525000,0.086477351,0.000000000,0.000000000,3.090909091,0.000000000,0.000000000,0.000000000,0.000000010000,0.000000000,3.400000000,4.000000000,4.000000000,3.598425197,3.799212598,0.006633349,2.350866233,1.922480005,0.000000000,0.000000000,0.000000000
64,0.000533333,0.087715291,0.000000000,0.000000000,3.090909091,0.000000000,0.000000000,0.000000000,0.000000010000,0.000000000,3.400000000,4.000000000,4.000000000,3.598425197,3.799212598,0.006736903,2.350900297,0.000000000,0.000000000,0.000000000,0.000000000
65,0.000541667,0.088949946,0.000000000,0.000000000,3.090909091,0.000000000,0.000000000,0.000000000,0.000000010000,0.000000000,3.400000000,4.000000000,4.000000000,3.598425197,3.799212598,0.006840455,2.350934360,0.000000000,0.000000000,0.000000000,0.000000000
66,0.000550000,0.090181326,0.000000000,0.000000000,3.090909091,0.000000000,0.000000000,0.000000000,0.000000010000,0.000000000,3.400000000,4.000000000,4.000000000,3.598425197,3.799212598,0.006944003,2.350968422,1.374721891,0.000000000,0.000000000,0.000000000
67,0.000558333,0.091409438,0.000000000,0.000000000,3.090909091,0.000000000,0.000000000,0.000000000,0.000000010000,0.000000000,3.400000000,4.000000000,4.000000000,3.598425197,3.799212598,0.007047549,2.351002483,0.000000000,0.000000000,0.000000000,0.000000000
68,0.000566667,0.092634292,0.000000000,0.000000000,3.090909091,0.000000000,0.000000000,0.000000000,0.000000010000,0.000000000,3.400000000,4.000000000,4.000000000,3.598425197,3.799212598,0.007151092,2.351036543,0.000000000,0.000000000,0.000000000,0.000000000
69,0.000575000,0.093855896,0.000000000,0.000000000,3.090909091,0.000000000,0.000000000,0.000000000,0.000000010000,0.000000000,3.400000000,4.000000000,4.000000000,3.598425197,3.799212598,0.007254632,2.351070603,0.000000000,0.000000000,0.000000000,0.000000000
70,0.000583333,0.095074259,0.000000000,0.000000000,3.090909091,0.000000000,0.000000000,0.000000000,0.000000010000,0.000000000,3.400000000,4.000000000,4.000000000,3.598425197,3.799212598,0.007358169,2.351104661,1.828655600,0.000000000,0.000000000,0.000000000
71,0.000591667,0.096289389,0.000000000,0.000000000,3.090909091,0.000000000,0.000000000,0.000000000,0.000000010000,0.000000000,3.400000000,4.000000000,4.000000000,3.598425197,3.799212598,0.007461703,2.351138718,0.000000000,0.000000000,0.000000000,0.000000000
72,0.000600000,0.097501295,0.000000000,0.000000000,3.090909091,0.000000000,0.000000000,0.000000000,0.000000010000,0.000000000,3.400000000,4.000000000,4.000000000,3.598425197,3.799212598,0.007565235,2.351172775,0.000000000,0.000000000,0.000000000,0.000000000
73,0.000608333,0.098709985,0.000000000,0.000000000,3.090909091,0.000000000,0.000000000,0.000000000,0.000000010000,0.000000000,3.400000000,4.000000000,4.000000000,3.598425197,3.799212598,0.007668763,2.351206830,1.306436171,0.000000000,0.000000000,0.000000000
74,0.000616667,0.099915469,0.000000000,0.000000000,3.090909091,0.000000000,0.000000000,0.000000000,0.000000010000,0.000000000,3.400000000,4.000000000,4.000000000,3.598425197,3.799212598,0.007772289,2.351240885,0.000000000,0.000000000,0.000000000,0.000000000
75,0.000625000,0.101117754,0.000000000,0.000000000,3.090909091,0.000000000,0.000000000,0.000000000,0.000000010000,0.000000000,3.400000000,4.000000000,4.000000000,3.598425197,3.799212598,0.007875812,2.351274938,0.000000000,0.000000000,0.000000000,0.000000000
76,0.000633333,0.102316848,0.000000000,0.000000000,3.090909091,0.000000000,0.000000000,0.000000000,0.000000010000,0.000000000,3.400000000,4.000000000,4.000000000,3.598425197,3.799212598,0.007979333,2.351308991,0.000000000,0.000000000,0.000000000,0.000000000
77,0.000641667,0.103512762,0.000000000,0.000000000,3.090909091,0.000000000,0.000000000,0.000000000,0.000000010000,0.000000000,3.400000000,4.000000000,4.000000000,3.598425197,3.799212598,0.008082850,2.351343043,1.742105667,0.000000000,0.000000000,0.000000000
78,0.000650000,0.104705502,0.000000000,0.000000000,3.090909091,0.000000000,0.000000000,0.000000000,0.000000010000,0.000000000,3.400000000,4.000000000,4.000000000,3.598425197,3.799212598,0.008186364,2.351377094,0.000000000,0.000000000,0.000000000,0.000000000
79,0.000658333,0.105895078,0.000000000,0.000000000,3.090909091,0.000000000,0.000000000,0.000000000,0.000000010000,0.000000000,3.400000000,4.000000000,4.000000000,3.598425197,3.799212598,0.008289876,2.351411143,0.000000000,0.000000000,0.000000000,0.000000000
80,0.000666667,0.107081497,0.000000000,0.000000000,3.090909091,0.000000000,0.000000000,0.000000000,0.000000010000,0.000000000,3.400000000,4.000000000,4.000000000,3.598425197,3.799212598,0.008393385,2.351445192,1.248983761,0.000000000,0.000000000,0.000000000
81,0.000675000,0.108264768,0.000000000,0.000000000,3.090909091,0.000000000,0.000000000,0.000000000,0.000000010000,0.000000000,3.400000000,4.000000000,4.000000000,3.598425197,3.799212598,0.008496891,2.351479241,0.000000000,0.000000000,0.000000000,0.000000000
82,0.000683333,0.109444900,0.000000000,0.000000000,3.090909091,0.000000000,0.000000000,0.000000000,0.000000010000,0.000000000,3.400000000,4.000000000,4.000000000,3.598425197,3.799212598,0.008600394,2.351513288,0.000000000,0.000000000,0.000000000,0.000000000
83,0.000691667,0.110621900,0.000000000,0.000000000,3.090909091,0.000000000,0.000000000,0.000000000,0.000000010000,0.000000000,3.400000000,4.000000000,4.000000000,3.598425197,3.799212598,0.008703895,2.351547334,0.000000000,0.000000000,0.000000000,0.000000000
84,0.000700000,0.111795778,0.000000000,0.000000000,3.090909091,0.000000000,0.000000000,0.000000000,0.000000010000,0.000000000,3.400000000,4.000000000,4.000000000,3.598425197,3.799212598,0.008807392,2.351581379,1.675152654,0.000000000,0.000000000,0.000000000
85,0.000708333,0.112966541,0.000000000,0.000000000,3.090909091,0.000000000,0.000000000,0.000000000,0.000000010000,0.000000000,3.400000000,4.000000000,4.000000000,3.598425197,3.799212598,0.008910887,2.351615423,0.000000000,0.000000000,0.000000000,0.000000000
86,0.000716667,0.114134198,0.000000000,0.000000000,3.090909091,0.000000000,0.000000000,0.000000000,0.000000010000,0.000000000,3.400000000,4.000000000,4.000000000,3.598425197,3.799212598,0.009014379,2.351649467,0.000000000,0.000000000,0.000000000,0.000000000
87,0.000725000,0.115298756,0.000000000,0.000000000,3.090909091,0.000000000,0.000000000,0.000000000,0.000000010000,0.000000000,3.400000000,4.000000000,4.000000000,3.598425197,3.799212598,0.009117868,2.351683509,1.207724346,0.000000000,0.000000000,0.000000000
88,0.000733333,0.116460225,0.000000000,0.000000000,3.090909091,0.000000000,0.000000000,0.000000000,0.000000010000,0.000000000,3.400000000,4.000000000,4.000000000,3.598425197,3.799212598,0.009221355,2.351717551,0.000000000,0.000000000,0.000000000,0.000000000
89,0.000741667,0.117618611,0.000000000,0.000000000,3.090909091,0.000000000,0.000000000,0.000000000,0.000000010000,0.000000000,3.400000000,4.000000000,4.000000000,3.598425197,3.799212598,0.009324838,2.351751591,0.000000000,0.000000000,0.000000000,0.000000000
90,0.000750000,0.118773925,0.000000000,0.000000000,3.090909091,0.000000000,0.000000000,0.000000000,0.000000010000,0.000000000,3.400000000,4.000000000,4.000000000,3.598425197,3.799212598,0.009428319,2.351785631,0.000000000,0.000000000,0.000000000,0.000000000
91,0.000758333,0.119926173,0.000000000,0.000000000,3.090909091,0.000000000,0.000000000,0.000000000,0.000000010000,0.000000000,3.400000000,4.000000000,4.000000000,3.598425197,3.799212598,0.009531797,2.351819670,1.629968815,0.000000000,0.000000000,0.000000000
92,0.000766667,0.121075363,0.000000000,0.000000000,3.090909091,0.000000000,0.000000000,0.000000000,0.000000010000,0.000000000,3.400000000,4.000000000,4.000000000,3.598425197,3.799212598,0.009635272,2.351853708,0.000000000,0.000000000,0.000000000,0.000000000
93,0.000775000,0.122221505,0.000000000,0.000000000,3.090909091,0.000000000,0.000000000,0.000000000,0.000000010000,0.000000000,3.400000000,4.000000000,4.000000000,3.598425197,3.799212598,0.009738744,2.351887745,0.000000000,0.000000000,0.000000000,0.000000000
94,0.000783333,0.123364605,0.000000000,0.000000000,3.090909091,0.000000000,0.000000000,0.000000000,0.000000010000,0.000000000,3.400000000,4.000000000,4.000000000,3.598425197,3.799212598,0.009842213,2.351921781,1.156635944,0.000000000,0.000000000,0.000000000
95,0.000791667,0.124504673,0.000000000,0.000000000,3.090909091,0.000000000,0.000000000,0.000000000,0.000000010000,0.000000000,3.400000000,4.000000000,4.000000000,3.598425197,3.799212598,0.009945680,2.351955816,0.000000000,0.000000000,0.000000000,0.000000000
96,0.000800000,0.125641716,0.000000000,0.000000000,3.090909091,0.000000000,0.000000000,0.000000000,0.000000010000,0.000000000,3.400000000,4.000000000,4.000000000,3.598425197,3.799212598,0.010049143,2.351989850,0.000000000,0.000000000,0.000000000,0.000000000
97,0.000808333,0.126775741,0.000000000,0.000000000,3.090909091,0.000000000,0.000000000,0.000000000,0.000000010000,0.000000000,3.400000000,4.000000000,4.000000000,3.598425197,3.799212598,0.010152604,2.352023883,0.000000000,0.000000000,0.000000000,0.000000000
98,0.000816667,0.127906758,0.000000000,0.000000000,3.090909091,0.000000000,0.000000000,0.000000000,0.000000010000,0.000000000,3.400000000,4.000000000,4.000000000,3.598425197,3.799212598,0.010256062,2.352057915,1.577234569,0.000000000,0.000000000,0.000000000
99,0.000825000,0.129034774,0.000000000,0.000000000,3.090909091,0.000000000,0.000000000,0.000000000,0.000000010000,0.000000000,3.400000000,4.000000000,4.000000000,3.598425197,3.799212598,0.010359517,2.352091946,0.000000000,0.000000000,0.000000000,0.000000000
100,0.000833333,0.130159797,0.000000000,0.000000000,3.090909091,0.000000000,0.000000000,0.000000000,0.000000010000,0.000000000,3.400000000,4.000000000,4.000000000,3.598425197,3.799212598,0.010462970,2.352125977,0.000000000,0.000000000,0.000000000,0.000000000
101,0.000841667,0.131281835,0.000000000,0.000000000,3.090909091,0.000000000,0.000000000,0.000000000,0.000000010000,0.000000000,3.400000000,4.000000000,4.000000000,3.598425197,3.799212598,0.010566419,2.352160006,1.091747134,0.000000000,0.000000000,0.000000000
102,0.000850000,0.132400895,0.000000000,0.000000000,3.090909091,0.000000000,0.000000000,0.000000000,0.000000010000,0.000000000,3.400000000,4.000000000,4.000000000,3.598425197,3.799212598,0.010669866,2.352194035,0.000000000,0.000000000,0.000000000,0.000000000
103,0.000858333,0.133516987,0.000000000,0.000000000,3.090909091,0.000000000,0.000000000,0.000000000,0.000000010000,0.000000000,3.400000000,4.000000000,4.000000000,3.598425197,3.799212598,0.010773310,2.352228062,0.000000000,0.000000000,0.000000000,0.000000000
104,0.000866667,0.134630117,0.000000000,0.000000000,3.090909091,0.000000000,0.000000000,0.000000000,0.000000010000,0.000000000,3.400000000,4.000000000,4.000000000,3.598425197,3.799212598,0.010876751,2.352262089,0.000000000,0.000000000,0.000000000,0.000000000
105,0.000875000,0.135740294,0.000000000,0.000000000,3.090909091,0.000000000,0.000000000,0.000000000,0.000000010000,0.000000000,3.400000000,4.000000000,4.000000000,3.598425197,3.799212598,0.010980189,2.352296115,1.514880627,0.000000000,0.000000000,0.000000000
106,0.000883333,0.136847525,0.000000000,0.000000000,3.090909091,0.000000000,0.000000000,0.000000000,0.000000010000,0.000000000,3.400000000,4.000000000,4.000000000,3.598425197,3.799212598,0.011083625,2.352330140,0.000000000,0.000000000,0.000000000,0.000000000
107,0.000891667,0.137951819,0.000000000,0.000000000,3.090909091,0.000000000,0.000000000,0.000000000,0.000000010000,0.000000000,3.400000000,4.000000000,4.000000000,3.598425197,3.799212598,0.011187057,2.352364164,0.000000000,0.000000000,0.000000000,0.000000000
108,0.000900000,0.139053182,0.000000000,0.000000000,3.090909091,0.000000000,0.000000000,0.000000000,0.000000010000,0.000000000,3.400000000,4.000000000,4.000000000,3.598425197,3.799212598,0.011290487,2.352398187,1.021503208,0.000000000,0.000000000,0.000000000
109,0.000908333,0.140151623,0.000000000,0.000000000,3.090909091,0.000000000,0.000000000,0.000000000,0.000000010000,0.000000000,3.400000000,4.000000000,4.000000000,3.598425197,3.799212598,0.011393914,2.352432209,0.000000000,0.000000000,0.000000000,0.000000000
110,0.000916667,0.141247150,0.000000000,0.000000000,3.090909091,0.000000000,0.000000000,0.000000000,0.000000010000,0.000000000,3.400000000,4.000000000,4.000000000,3.598425197,3.799212598,0.011497338,2.352466230,0.000000000,0.000000000,0.000000000,0.000000000
111,0.000925000,0.142339770,0.000000000,0.000000000,3.090909091,0.000000000,0.000000000,0.000000000,0.000000010000,0.000000000,3.400000000,4.000000000,4.000000000,3.598425197,3.799212598,0.011600760,2.352500250,0.000000000,0.000000000,0.000000000,0.000000000
112,0.000933333,0.143429491,0.000000000,0.000000000,3.090909091,0.000000000,0.000000000,0.000000000,0.000000010000,0.000000000,3.400000000,4.000000000,4.000000000,3.598425197,3.799212598,0.011704178,2.352534269,1.452536624,0.000000000,0.000000000,0.000000000
113,0.000941667,0.144516320,0.000000000,0.000000000,3.090909091,0.000000000,0.000000000,0.000000000,0.000000010000,0.000000000,3.400000000,4.000000000,4.000000000,3.598425197,3.799212598,0.011807594,2.352568287,0.000000000,0.000000000,0.000000000,0.000000000
114,0.000950000,0.145600266,0.000000000,0.000000000,3.090909091,0.000000000,0.000000000,0.000000000,0.000000010000,0.000000000,3.400000000,4.000000000,4.000000000,3.598425197,3.799212598,0.011911007,2.352602305,0.000000000,0.000000000,0.000000000,0.000000000
115,0.000958333,0.146681336,0.000000000,0.000000000,3.090909091,0.000000000,0.000000000,0.000000000,0.000000010000,0.000000000,3.400000000,4.000000000,4.000000000,3.598425197,3.799212598,0.012014417,2.352636321,0.000000000,0.000000000,0.000000000,0.000000000
116,0.000966667,0.147759538,0.000000000,0.000000000,3.090909091,0.000000000,0.000000000,0.000000000,0.000000010000,0.000000000,3.400000000,4.000000000,4.000000000,3.598425197,3.799212598,0.012117824,2.352670337,1.935402513,0.000000000,0.000000000,0.000000000
117,0.000975000,0.148834878,0.000000000,0.000000000,3.090909091,0.000000000,0.000000000,0.000000000,0.000000010000,0.000000000,3.400000000,4.000000000,4.000000000,3.598425197,3.799212598,0.012221228,2.352704351,0.000000000,0.000000000,0.000000000,0.000000000
118,0.000983333,0.149907366,0.000000000,0.000000000,3.090909091,0.000000000,0.000000000,0.000000000,0.000000010000,0.000000000,3.400000000,4.000000000,4.000000000,3.598425197,3.799212598,0.012324630,2.352738365,0.000000000,0.000000000,0.000000000,0.000000000
119,0.000991667,0.150977008,0.000000000,0.000000000,3.090909091,0.000000000,0.000000000,0.000000000,0.000000010000,0.000000000,3.400000000,4.000000000,4.000000000,3.598425197,3.799212598,0.012428029,2.352772378,1.382572826,0.000000000,0.000000000,0.000000000
120,0.001000000,0.152043811,0.000000000,0.000000000,3.090909091,0.000000000,0.000000000,0.000000000,0.000000010000,0.000000000,3.400000000,4.000000000,4.000000000,3.598425197,3.799212598,0.012531425,2.352806390,0.000000000,0.000000000,0.000000000,0.000000000
121,0.001008333,0.153107785,0.000000000,0.000000000,3.090909091,0.000000000,0.000000000,0.000000000,0.000000010000,0.000000000,3.400000000,4.000000000,4.000000000,3.598425197,3.799212598,0.012634818,2.352840401,0.000000000,0.000000000,0.000000000,0.000000000
122,0.001016667,0.154168935,0.000000000,0.000000000,3.090909091,0.000000000,0.000000000,0.000000000,0.000000010000,0.000000000,3.400000000,4.000000000,4.000000000,3.598425197,3.799212598,0.012738208,2.352874410,0.000000000,0.000000000,0.000000000,0.000000000
123,0.001025000,0.155227269,0.000000000,0.000000000,3.090909091,0.000000000,0.000000000,0.000000000,0.000000010000,0.000000000,3.400000000,4.000000000,4.000000000,3.598425197,3.799212598,0.012841595,2.352908420,1.836630552,0.000000000,0.000000000,0.000000000
124,0.001033333,0.156282796,0.000000000,0.000000000,3.090909091,0.000000000,0.000000000,0.000000000,0.000000010000,0.000000000,3.400000000,4.000000000,4.000000000,3.598425197,3.799212598,0.012944980,2.352942428,0.000000000,0.000000000,0.000000000,0.000000000
125,0.001041667,0.157335522,0.000000000,0.000000000,3.090909091,0.000000000,0.000000000,0.000000000,0.000000010000,0.000000000,3.400000000,4.000000000,4.000000000,3.598425197,3.799212598,0.013048362,2.352976435,0.000000000,0.000000000,0.000000000,0.000000000
126,0.001050000,0.158385455,0.000000000,0.000000000,3.090909091,0.000000000,0.000000000,0.000000000,0.000000010000,0.000000000,3.400000000,4.000000000,4.000000000,3.598425197,3.799212598,0.013151741,2.353010441,1.309967868,0.000000000,0.000000000,0.000000000
127,0.001058333,0.159432602,0.000000000,0.000000000,3.090909091,0.000000000,0.000000000,0.000000000,0.000000010000,0.000000000,3.400000000,4.000000000,4.000000000,3.598425197,3.799212598,0.013255117,2.353044446,0.000000000,0.000000000,0.000000000,0.000000000
128,0.001066667,0.160476971,0.000000000,0.000000000,3.090909091,0.000000000,0.000000000,0.000000000,0.000000010000,0.000000000,3.400000000,4.000000000,4.000000000,3.598425197,3.799212598,0.013358490,2.353078451,0.000000000,0.000000000,0.000000000,0.000000000
129,0.001075000,0.161518568,0.000000000,0.000000000,3.090909091,0.000000000,0.000000000,0.000000000,0.000000010000,0.000000000,3.400000000,4.000000000,4.000000000,3.598425197,3.799212598,0.013461861,2.353112454,0.000000000,0.000000000,0.000000000,0.000000000
130,0.001083333,0.162557402,0.000000000,0.000000000,3.090909091,0.000000000,0.000000000,0.000000000,0.000000010000,0.000000000,3.400000000,4.000000000,4.000000000,3.598425197,3.799212598,0.013565228,2.353146457,1.743984641,0.000000000,0.000000000,0.000000000
131,0.001091667,0.163593480,0.000000000,0.000000000,3.090909091,0.000000000,0.000000000,0.000000000,0.000000010000,0.000000000,3.400000000,4.000000000,4.000000000,3.598425197,3.799212598,0.013668593,2.353180458,0.000000000,0.000000000,0.000000000,0.000000000
132,0.001100000,0.164626808,0.000000000,0.000000000,3.090909091,0.000000000,0.000000000,0.000000000,0.000000010000,0.000000000,3.400000000,4.000000000,4.000000000,3.598425197,3.799212598,0.013771955,2.353214459,0.000000000,0.000000000,0.000000000,0.000000000
133,0.001108333,0.165657395,0.000000000,0.000000000,3.090909091,0.000000000,0.000000000,0.000000000,0.000000010000,0.000000000,3.400000000,4.000000000,4.000000000,3.598425197,3.799212598,0.013875315,2.353248459,1.248231845,0.000000000,0.000000000,0.000000000
134,0.001116667,0.166685248,0.000000000,0.000000000,3.090909091,0.000000000,0.000000000,0.000000000,0.000000010000,0.000000000,3.400000000,4.000000000,4.000000000,3.598425197,3.799212598,0.013978671,2.353282458,0.000000000,0.000000000,0.000000000,0.000000000
135,0.001125000,0.167710373,0.000000000,0.000000000,3.090909091,0.000000000,0.000000000,0.000000000,0.000000010000,0.000000000,3.400000000,4.000000000,4.000000000,3.598425197,3.799212598,0.014082025,2.353316455,0.000000000,0.000000000,0.000000000,0.000000000
136,0.001133333,0.168732778,0.000000000,0.000000000,3.090909091,0.000000000,0.000000000,0.000000000,0.000000010000,0.000000000,3.400000000,4.000000000,4.000000000,3.598425197,3.799212598,0.014185375,2.353350452,0.000000000,0.000000000,0.000000000,0.000000000
137,0.001141667,0.169752471,0.000000000,0.000000000,3.090909091,0.000000000,0.000000000,0.000000000,0.000000010000,0.000000000,3.400000000,4.000000000,4.000000000,3.598425197,3.799212598,0.014288723,2.353384448,1.671994818,0.000000000,0.000000000,0.000000000
138,0.001150000,0.170769458,0.000000000,0.000000000,3.090909091,0.000000000,0.000000000,0.000000000,0.000000010000,0.000000000,3.400000000,4.000000000,4.000000000,3.598425197,3.799212598,0.014392068,2.353418444,0.000000000,0.000000000,0.000000000,0.000000000
139,0.001158333,0.171783746,0.000000000,0.000000000,3.090909091,0.000000000,0.000000000,0.000000000,0.000000010000,0.000000000,3.400000000,4.000000000,4.000000000,3.598425197,3.799212598,0.014495411,2.353452438,0.000000000,0.000000000,0.000000000,0.000000000
140,0.001166667,0.172795344,0.000000000,0.000000000,3.090909091,0.000000000,0.000000000,0.000000000,0.000000010000,0.000000000,3.400000000,4.000000000,4.000000000,3.598425197,3.799212598,0.014598750,2.353486431,1.203950870,0.000000000,0.000000000,0.000000000
141,0.001175000,0.173804257,0.000000000,0.000000000,3.090909091,0.000000000,0.000000000,0.000000000,0.000000010000,0.000000000,3.400000000,4.000000000,4.000000000,3.598425197,3.799212598,0.014702087,2.353520423,0.000000000,0.000000000,0.000000000,0.000000000
142,0.001183333,0.174810494,0.000000000,0.000000000,3.090909091,0.000000000,0.000000000,0.000000000,0.000000010000,0.000000000,3.400000000,4.000000000,4.000000000,3.598425197,3.799212598,0.014805421,2.353554415,0.000000000,0.000000000,0.000000000,0.000000000
143,0.001191667,0.175814060,0.000000000,0.000000000,3.090909091,0.000000000,0.000000000,0.000000000,0.000000010000,0.000000000,3.400000000,4.000000000,4.000000000,3.598425197,3.799212598,0.014908752,2.353588405,0.000000000,0.000000000,0.000000000,0.000000000
144,0.001200000,0.176814964,0.000000000,0.000000000,3.090909091,0.000000000,0.000000000,0.000000000,0.000000010000,0.000000000,3.400000000,4.000000000,4.000000000,3.598425197,3.799212598,0.015012080,2.353622395,1.623706786,0.000000000,0.000000000,0.000000000
145,0.001208333,0.177813212,0.000000000,0.000000000,3.090909091,0.000000000,0.000000000,0.000000000,0.000000010000,0.000000000,3.400000000,4.000000000,4.000000000,3.598425197,3.799212598,0.015115405,2.353656383,0.000000000,0.000000000,0.000000000,0.000000000
146,0.001216667,0.178808812,0.000000000,0.000000000,3.090909091,0.000000000,0.000000000,0.000000000,0.000000010000,0.000000000,3.400000000,4.000000000,4.000000000,3.598425197,3.799212598,0.015218728,2.353690371,0.000000000,0.000000000,0.000000000,0.000000000
147,0.001225000,0.179801770,0.000000000,0.000000000,3.090909091,0.000000000,0.000000000,0.000000000,0.000000010000,0.000000000,3.400000000,4.000000000,4.000000000,3.598425197,3.799212598,0.015322047,2.353724358,1.146819175,0.000000000,0.000000000,0.000000000
148,0.001233333,0.180792093,0.000000000,0.000000000,3.090909091,0.000000000,0.000000000,0.000000000,0.000000010000,0.000000000,3.400000000,4.000000000,4.000000000,3.598425197,3.799212598,0.015425364,2.353758343,0.000000000,0.000000000,0.000000000,0.000000000
149,0.001241667,0.181779789,0.000000000,0.000000000,3.090909091,0.000000000,0.000000000,0.000000000,0.000000010000,0.000000000,3.400000000,4.000000000,4.000000000,3.598425197,3.799212598,0.015528678,2.353792328,0.000000000,0.000000000,0.000000000,0.000000000
150,0.001250000,0.182764864,0.000000000,0.000000000,3.090909091,0.000000000,0.000000000,0.000000000,0.000000010000,0.000000000,3.400000000,4.000000000,4.000000000,3.598425197,3.799212598,0.015631990,2.353826312,0.000000000,0.000000000,0.000000000,0.000000000
151,0.001258333,0.183747325,0.000000000,0.000000000,3.090909091,0.000000000,0.000000000,0.000000000,0.000000010000,0.000000000,3.400000000,4.000000000,4.000000000,3.598425197,3.799212598,0.015735298,2.353860295,1.565311089,0.000000000,0.000000000,0.000000000
152,0.001266667,0.184727180,0.000000000,0.000000000,3.090909091,0.000000000,0.000000000,0.000000000,0.000000010000,0.000000000,3.400000000,4.000000000,4.000000000,3.598425197,3.799212598,0.015838604,2.353894277,0.000000000,0.000000000,0.000000000,0.000000000
153,0.001275000,0.185704435,0.000000000,0.000000000,3.090909091,0.000000000,0.000000000,0.000000000,0.000000010000,0.000000000,3.400000000,4.000000000,4.000000000,3.598425197,3.799212598,0.015941906,2.353928259,0.000000000,0.000000000,0.000000000,0.000000000
154,0.001283333,0.186679097,0.000000000,0.000000000,3.090909091,0.000000000,0.000000000,0.000000000,0.000000010000,0.000000000,3.400000000,4.000000000,4.000000000,3.598425197,3.799212598,0.016045206,2.353962239,1.076050154,0.000000000,0.000000000,0.000000000
155,0.001291667,0.187651172,0.000000000,0.000000000,3.090909091,0.000000000,0.000000000,0.000000000,0.000000010000,0.000000000,3.400000000,4.000000000,4.000000000,3.598425197,3.799212598,0.016148503,2.353996218,0.000000000,0.000000000,0.000000000,0.000000000
156,0.001300000,0.188620669,0.000000000,0.000000000,3.090909091,0.000000000,0.000000000,0.000000000,0.000000010000,0.000000000,3.400000000,4.000000000,4.000000000,3.598425197,3.799212598,0.016251798,2.354030197,0.000000000,0.000000000,0.000000000,0.000000000
157,0.001308333,0.189587593,0.000000000,0.000000000,3.090909091,0.000000000,0.000000000,0.000000000,0.000000010000,0.000000000,3.400000000,4.000000000,4.000000000,3.598425197,3.799212598,0.016355089,2.354064174,0.000000000,0.000000000,0.000000000,0.000000000
158,0.001316667,0.190551952,0.000000000,0.000000000,3.090909091,0.000000000,0.000000000,0.000000000,0.000000010000,0.000000000,3.400000000,4.000000000,4.000000000,3.598425197,3.799212598,0.016458378,2.354098151,1.498411756,0.000000000,0.000000000,0.000000000
159,0.001325000,0.191513752,0.000000000,0.000000000,3.090909091,0.000000000,0.000000000,0.000000000,0.000000010000,0.000000000,3.400000000,4.000000000,4.000000000,3.598425197,3.799212598,0.016561664,2.354132126,0.000000000,0.000000000,0.000000000,0.000000000
160,0.001333333,0.192473000,0.000000000,0.000000000,3.090909091,0.000000000,0.000000000,0.000000000,0.000000010000,0.000000000,3.400000000,4.000000000,4.000000000,3.598425197,3.799212598,0.016664947,2.354166101,0.000000000,0.000000000,0.000000000,0.000000000
161,0.001341667,0.193429703,0.000000000,0.000000000,3.090909091,0.000000000,0.000000000,0.000000000,0.000000010000,0.000000000,3.400000000,4.000000000,4.000000000,3.598425197,3.799212598,0.016768227,2.354200075,1.002325451,0.000000000,0.000000000,0.000000000
162,0.001350000,0.194383867,0.000000000,0.000000000,3.090909091,0.000000000,0.000000000,0.000000000,0.000000010000,0.000000000,3.400000000,4.000000000,4.000000000,3.598425197,3.799212598,0.016871505,2.354234048,0.000000000,0.000000000,0.000000000,0.000000000
163,0.001358333,0.195335500,0.000000000,0.000000000,3.090909091,0.000000000,0.000000000,0.000000000,0.000000010000,0.000000000,3.400000000,4.000000000,4.000000000,3.598425197,3.799212598,0.016974779,2.354268019,0.000000000,0.000000000,0.000000000,0.000000000
164,0.001366667,0.196284608,0.000000000,0.000000000,3.090909091,0.000000000,0.000000000,0.000000000,0.000000010000,0.000000000,3.400000000,4.000000000,4.000000000,3.598425197,3.799212598,0.017078051,2.354301990,0.000000000,0.000000000,0.000000000,0.000000000
165,0.001375000,0.197231197,0.000000000,0.000000000,3.090909091,0.000000000,0.000000000,0.000000000,0.000000010000,0.000000000,3.400000000,4.000000000,4.000000000,3.598425197,3.799212598,0.017181320,2.354335960,1.434336954,0.000000000,0.000000000,0.000000000
166,0.001383333,0.198175275,0.000000000,0.000000000,3.090909091,0.000000000,0.000000000,0.000000000,0.000000010000,0.000000000,3.400000000,4.000000000,4.000000000,3.598425197,3.799212598,0.017284586,2.354369930,0.000000000,0.000000000,0.000000000,0.000000000
167,0.001391667,0.199116848,0.000000000,0.000000000,3.090909091,0.000000000,0.000000000,0.000000000,0.000000010000,0.000000000,3.400000000,4.000000000,4.000000000,3.598425197,3.799212598,0.017387849,2.354403898,0.000000000,0.000000000,0.000000000,0.000000000
168,0.001400000,0.200055923,0.000000000,0.000000000,3.090909091,0.000000000,0.000000000,0.000000000,0.000000010000,0.000000000,3.400000000,4.000000000,4.000000000,3.598425197,3.799212598,0.017491110,2.354437865,0.000000000,0.000000000,0.000000000,0.000000000
169,0.001408333,0.200992506,0.000000000,0.000000000,3.090909091,0.000000000,0.000000000,0.000000000,0.000000010000,0.000000000,3.400000000,4.000000000,4.000000000,3.598425197,3.799212598,0.017594367,2.354471831,1.906276591,0.000000000,0.000000000,0.000000000
170,0.001416667,0.201926604,0.000000000,0.000000000,3.090909091,0.000000000,0.000000000,0.000000000,0.000000010000,0.000000000,3.400000000,4.000000000,4.000000000,3.598425197,3.799212598,0.017697622,2.354505797,0.000000000,0.000000000,0.000000000,0.000000000
171,0.001425000,0.202858224,0.000000000,0.000000000,3.090909091,0.000000000,0.000000000,0.000000000,0.000000010000,0.000000000,3.400000000,4.000000000,4.000000000,3.598425197,3.799212598,0.017800874,2.354539761,0.000000000,0.000000000,0.000000000,0.000000000
172,0.001433333,0.203787372,0.000000000,0.000000000,3.090909091,0.000000000,0.000000000,0.000000000,0.000000010000,0.000000000,3.400000000,4.000000000,4.000000000,3.598425197,3.799212598,0.017904124,2.354573725,1.358415106,0.000000000,0.000000000,0.000000000
173,0.001441667,0.204714054,0.000000000,0.000000000,3.090909091,0.000000000,0.000000000,0.000000000,0.000000010000,0.000000000,3.400000000,4.000000000,4.000000000,3.598425197,3.799212598,0.018007370,2.354607687,0.000000000,0.000000000,0.000000000,0.000000000
174,0.001450000,0.205638278,0.000000000,0.000000000,3.090909091,0.000000000,0.000000000,0.000000000,0.000000010000,0.000000000,3.400000000,4.000000000,4.000000000,3.598425197,3.799212598,0.018110614,2.354641649,0.000000000,0.000000000,0.000000000,0.000000000
175,0.001458333,0.206560050,0.000000000,0.000000000,3.090909091,0.000000000,0.000000000,0.000000000,0.000000010000,0.000000000,3.400000000,4.000000000,4.000000000,3.598425197,3.799212598,0.018213854,2.354675610,0.000000000,0.000000000,0.000000000,0.000000000
176,0.001466667,0.207479375,0.000000000,0.000000000,3.090909091,0.000000000,0.000000000,0.000000000,0.000000010000,0.000000000,3.400000000,4.000000000,4.000000000,3.598425197,3.799212598,0.018317092,2.354709570,1.802432719,0.000000000,0.000000000,0.000000000
177,0.001475000,0.208396262,0.000000000,0.000000000,3.090909091,0.000000000,0.000000000,0.000000000,0.000000010000,0.000000000,3.400000000,4.000000000,4.000000000,3.598425197,3.799212598,0.018420327,2.354743529,0.000000000,0.000000000,0.000000000,0.000000000
178,0.001483333,0.209310716,0.000000000,0.000000000,3.090909091,0.000000000,0.000000000,0.000000000,0.000000010000,0.000000000,3.400000000,4.000000000,4.000000000,3.598425197,3.799212598,0.018523560,2.354777487,0.000000000,0.000000000,0.000000000,0.000000000
179,0.001491667,0.210222743,0.000000000,0.000000000,3.090909091,0.000000000,0.000000000,0.000000000,0.000000010000,0.000000000,3.400000000,4.000000000,4.000000000,3.598425197,3.799212598,0.018626789,2.354811444,1.284631571,0.000000000,0.000000000,0.000000000
180,0.001500000,0.211132351,0.000000000,0.000000000,3.090909091,0.000000000,0.000000000,0.000000000,0.000000010000,0.000000000,3.400000000,4.000000000,4.000000000,3.598425197,3.799212598,0.018730016,2.354845400,0.000000000,0.000000000,0.000000000,0.000000000
181,0.001508333,0.212039545,0.000000000,0.000000000,3.090909091,0.000000000,0.000000000,0.000000000,0.000000010000,0.000000000,3.400000000,4.000000000,4.000000000,3.598425197,3.799212598,0.018833240,2.354879355,0.000000000,0.000000000,0.000000000,0.000000000
182,0.001516667,0.212944332,0.000000000,0.000000000,3.090909091,0.000000000,0.000000000,0.000000000,0.000000010000,0.000000000,3.400000000,4.000000000,4.000000000,3.598425197,3.799212598,0.018936461,2.354913309,0.000000000,0.000000000,0.000000000,0.000000000
183,0.001525000,0.213846719,0.000000000,0.000000000,3.090909091,0.000000000,0.000000000,0.000000000,0.000000010000,0.000000000,3.400000000,4.000000000,4.000000000,3.598425197,3.799212598,0.019039679,2.354947263,1.711503185,0.000000000,0.000000000,0.000000000
184,0.001533333,0.214746711,0.000000000,0.000000000,3.090909091,0.000000000,0.000000000,0.000000000,0.000000010000,0.000000000,3.400000000,4.000000000,4.000000000,3.598425197,3.799212598,0.019142894,2.354981215,0.000000000,0.000000000,0.000000000,0.000000000
185,0.001541667,0.215644315,0.000000000,0.000000000,3.090909091,0.000000000,0.000000000,0.000000000,0.000000010000,0.000000000,3.400000000,4.000000000,4.000000000,3.598425197,3.799212598,0.019246107,2.355015167,0.000000000,0.000000000,0.000000000,0.000000000
186,0.001550000,0.216539538,0.000000000,0.000000000,3.090909091,0.000000000,0.000000000,0.000000000,0.000000010000,0.000000000,3.400000000,4.000000000,4.000000000,3.598425197,3.799212598,0.019349317,2.355049117,1.226063022,0.000000000,0.000000000,0.000000000
187,0.001558333,0.217432385,0.000000000,0.000000000,3.090909091,0.000000000,0.000000000,0.000000000,0.000000010000,0.000000000,3.400000000,4.000000000,4.000000000,3.598425197,3.799212598,0.019452523,2.355083067,0.000000000,0.000000000,0.000000000,0.000000000
188,0.001566667,0.218322863,0.000000000,0.000000000,3.090909091,0.000000000,0.000000000,0.000000000,0.000000010000,0.000000000,3.400000000,4.000000000,4.000000000,3.598425197,3.799212598,0.019555728,2.355117016,0.000000000,0.000000000,0.000000000,0.000000000
189,0.001575000,0.219210979,0.000000000,0.000000000,3.090909091,0.000000000,0.000000000,0.000000000,0.000000010000,0.000000000,3.400000000,4.000000000,4.000000000,3.598425197,3.799212598,0.019658929,2.355150963,0.000000000,0.000000000,0.000000000,0.000000000
190,0.001583333,0.220096738,0.000000000,0.000000000,3.090909091,0.000000000,0.000000000,0.000000000,0.000000010000,0.000000000,3.400000000,4.000000000,4.000000000,3.598425197,3.799212598,0.019762127,2.355184910,1.645339411,0.000000000,0.000000000,0.000000000
191,0.001591667,0.220980147,0.000000000,0.000000000,3.090909091,0.000000000,0.000000000,0.000000000,0.000000010000,0.000000000,3.400000000,4.000000000,4.000000000,3.598425197,3.799212598,0.019865323,2.355218856,0.000000000,0.000000000,0.000000000,0.000000000
192,0.001600000,0.221861212,0.000000000,0.000000000,3.090909091,0.000000000,0.000000000,0.000000000,0.000000010000,0.000000000,3.400000000,3.184517501,4.000000000,3.434686585,3.717343292,0.019966280,2.218444147,0.000000000,0.000000000,0.000000000,0.000000000
193,0.001608333,0.222739940,0.000000000,0.000000000,3.090909091,0.000000000,0.000000000,0.000000000,0.000000010000,0.000000000,3.400000000,0.000000000,4.000000000,2.795275591,3.397637795,0.020058506,1.684229772,1.000000000,0.000000000,0.000000000,0.000000000
194,0.001616667,0.223616336,0.000000000,0.000000000,3.090909091,0.000000000,0.000000000,0.000000000,0.000000010000,0.000000000,3.400000000,0.000000000,4.000000000,2.795275591,3.397637795,0.020150729,1.684260108,0.000000000,0.000000000,0.000000000,0.000000000
195,0.001625000,0.224490406,0.000000000,0.000000000,3.090909091,0.000000000,0.000000000,0.000000000,0.000000010000,0.000000000,3.400000000,0.000000000,4.000000000,2.795275591,3.397637795,0.020242949,1.684290444,1.133399863,0.000000000,0.000000000,0.000000000
196,0.001633333,0.225362158,0.000000000,0.000000000,3.090909091,0.000000000,0.000000000,0.000000000,0.000000010000,0.000000000,3.400000000,0.000000000,4.000000000,2.795275591,3.397637795,0.020335167,1.684320779,0.000000000,0.000000000,0.000000000,0.000000000
197,0.001641667,0.226231596,0.000000000,0.000000000,3.090909091,0.000000000,0.000000000,0.000000000,0.000000010000,0.000000000,3.400000000,0.000000000,4.000000000,2.795275591,3.397637795,0.020427382,1.684351112,0.000000000,0.000000000,0.000000000,0.000000000
198,0.001650000,0.227098727,0.000000000,0.000000000,3.090909091,0.000000000,0.000000000,0.000000000,0.000000010000,0.000000000,3.400000000,0.000000000,4.000000000,2.795275591,3.397637795,0.020519595,1.684381446,1.242483177,0.000000000,0.000000000,0.000000000
199,0.001658333,0.227963558,0.000000000,0.000000000,3.090909091,0.000000000,0.000000000,0.000000000,0.000000010000,0.000000000,3.400000000,0.000000000,4.000000000,2.795275591,3.397637795,0.020611805,1.684411778,0.000000000,0.000000000,0.000000000,0.000000000
200,0.001666667,0.228826094,0.000000000,0.000000000,3.090909091,0.000000000,0.000000000,0.000000000,0.000000010000,0.000000000,3.400000000,0.000000000,4.000000000,2.795275591,3.397637795,0.020704013,1.684442109,0.000000000,0.000000000,0.000000000,0.000000000
201,0.001675000,0.229686342,0.000000000,0.000000000,3.090909091,0.000000000,0.000000000,0.000000000,0.000000010000,0.000000000,3.400000000,0.000000000,4.000000000,2.795275591,3.397637795,0.020796218,1.684472440,1.341152911,0.000000000,0.000000000,0.000000000
202,0.001683333,0.230544307,0.000000000,0.000000000,3.090909091,0.000000000,0.000000000,0.000000000,0.000000010000,0.000000000,3.400000000,0.000000000,4.000000000,2.795275591,3.397637795,0.020888420,1.684502770,0.000000000,0.000000000,0.000000000,0.000000000
203,0.001691667,0.231399995,0.000000000,0.000000000,3.090909091,0.000000000,0.000000000,0.000000000,0.000000010000,0.000000000,3.400000000,0.000000000,4.000000000,2.795275591,3.397637795,0.020980621,1.684533099,0.000000000,0.000000000,0.000000000,0.000000000
204,0.001700000,0.232253414,0.000000000,0.000000000,3.090909091,0.000000000,0.000000000,0.000000000,0.000000010000,0.000000000,3.400000000,0.000000000,4.000000000,2.795275591,3.397637795,0.021072818,1.684563427,1.442831510,0.000000000,0.000000000,0.000000000
205,0.001708333,0.233104567,0.000000000,0.000000000,3.090909091,0.000000000,0.000000000,0.000000000,0.000000010000,0.000000000,3.400000000,0.000000000,4.000000000,2.795275591,3.397637795,0.021165013,1.684593754,0.000000000,0.000000000,0.000000000,0.000000000
206,0.001716667,0.233953463,0.000000000,0.000000000,3.090909091,0.000000000,0.000000000,0.000000000,0.000000010000,0.000000000,3.400000000,0.000000000,4.000000000,2.795275591,3.397637795,0.021257206,1.684624081,0.000000000,0.000000000,0.000000000,0.000000000
207,0.001725000,0.234800106,0.000000000,0.000000000,3.090909091,0.000000000,0.000000000,0.000000000,0.000000010000,0.000000000,3.400000000,0.000000000,4.000000000,2.795275591,3.397637795,0.021349396,1.684654407,1.562736256,0.000000000,0.000000000,0.000000000
208,0.001733333,0.235644503,0.000000000,0.000000000,3.090909091,0.000000000,0.000000000,0.000000000,0.000000010000,0.000000000,3.400000000,0.000000000,4.000000000,2.795275591,3.397637795,0.021441583,1.684684731,0.000000000,0.000000000,0.000000000,0.000000000
209,0.001741667,0.236486659,0.000000000,0.000000000,3.090909091,0.000000000,0.000000000,0.000000000,0.000000010000,0.000000000,3.400000000,0.000000000,4.000000000,2.795275591,3.397637795,0.021533769,1.684715055,0.000000000,0.000000000,0.000000000,0.000000000
210,0.001750000,0.237326581,0.000000000,0.000000000,3.090909091,0.000000000,0.000000000,0.000000000,0.000000010000,0.000000000,3.400000000,0.000000000,4.000000000,2.795275591,3.397637795,0.021625951,1.684745379,1.728926757,0.000000000,0.000000000,0.000000000
211,0.001758333,0.238164274,0.000000000,0.000000000,3.090909091,0.000000000,0.000000000,0.000000000,0.000000010000,0.000000000,3.400000000,0.000000000,4.000000000,2.795275591,3.397637795,0.021718131,1.684775701,0.000000000,0.000000000,0.000000000,0.000000000
212,0.001766667,0.238999745,0.000000000,0.000000000,3.090909091,0.000000000,0.000000000,0.000000000,0.000000010000,0.000000000,3.400000000,0.000000000,4.000000000,2.795275591,3.397637795,0.021810309,1.684806023,0.000000000,0.000000000,0.000000000,0.000000000
213,0.001775000,0.239832999,0.000000000,0.000000000,3.090909091,0.000000000,0.000000000,0.000000000,0.000000010000,0.000000000,3.400000000,0.000000000,4.000000000,2.795275591,3.397637795,0.021902484,1.684836343,1.947852440,0.000000000,0.000000000,0.000000000
214,0.001783333,0.240664042,0.000000000,0.000000000,3.090909091,0.000000000,0.000000000,0.000000000,0.000000010000,0.000000000,3.400000000,0.000000000,4.000000000,2.795275591,3.397637795,0.021994656,1.684866663,0.000000000,0.000000000,0.000000000,0.000000000
215,0.001791667,0.241492880,0.000000000,0.000000000,3.090909091,0.000000000,0.000000000,0.000000000,0.000000010000,0.000000000,3.400000000,0.000000000,4.000000000,2.795275591,3.397637795,0.022086826,1.684896982,1.100390002,0.000000000,0.000000000,0.000000000
216,0.001800000,0.242319519,0.000000000,0.000000000,3.090909091,0.000000000,0.000000000,0.000000000,0.000000010000,0.000000000,3.400000000,0.000000000,4.000000000,2.795275591,3.397637795,0.022178993,1.684927300,0.000000000,0.000000000,0.000000000,0.000000000
217,0.001808333,0.243143964,0.000000000,0.000000000,3.090909091,0.000000000,0.000000000,0.000000000,0.000000010000,0.000000000,3.400000000,0.000000000,4.000000000,2.795275591,3.397637795,0.022271158,1.684957618,0.000000000,0.000000000,0.000000000,0.000000000
218,0.001816667,0.243966222,0.000000000,0.000000000,3.090909091,0.000000000,0.000000000,0.000000000,0.000000010000,0.000000000,3.400000000,0.000000000,4.000000000,2.795275591,3.397637795,0.022363321,1.684987934,1.214581227,0.000000000,0.000000000,0.000000000
219,0.001825000,0.244786299,0.000000000,0.000000000,3.090909091,0.000000000,0.000000000,0.000000000,0.000000010000,0.000000000,3.400000000,0.000000000,4.000000000,2.795275591,3.397637795,0.022455481,1.685018250,0.000000000,0.000000000,0.000000000,0.000000000
220,0.001833333,0.245604199,0.000000000,0.000000000,3.090909091,0.000000000,0.000000000,0.000000000,0.000000010000,0.000000000,3.400000000,0.000000000,4.000000000,2.795275591,3.397637795,0.022547638,1.685048565,0.000000000,0.000000000,0.000000000,0.000000000
221,0.001841667,0.246419929,0.000000000,0.000000000,3.090909091,0.000000000,0.000000000,0.000000000,0.000000010000,0.000000000,3.400000000,0.000000000,4.000000000,2.795275591,3.397637795,0.022639793,1.685078879,1.314135523,0.000000000,0.000000000,0.000000000
222,0.001850000,0.247233495,0.000000000,0.000000000,3.090909091,0.000000000,0.000000000,0.000000000,0.000000010000,0.000000000,3.400000000,0.000000000,4.000000000,2.795275591,3.397637795,0.022731945,1.685109192,0.000000000,0.000000000,0.000000000,0.000000000
223,0.001858333,0.248044903,0.000000000,0.000000000,3.090909091,0.000000000,0.000000000,0.000000000,0.000000010000,0.000000000,3.400000000,0.000000000,4.000000000,2.795275591,3.397637795,0.022824095,1.685139505,0.000000000,0.000000000,0.000000000,0.000000000
224,0.001866667,0.248854157,0.000000000,0.000000000,3.090909091,0.000000000,0.000000000,0.000000000,0.000000010000,0.000000000,3.400000000,0.000000000,4.000000000,2.795275591,3.397637795,0.022916242,1.685169816,1.413139933,0.000000000,0.000000000,0.000000000
225,0.001875000,0.249661264,0.000000000,0.000000000,3.090909091,0.000000000,0.000000000,0.000000000,0.000000010000,0.000000000,3.400000000,0.000000000,4.000000000,2.795275591,3.397637795,0.023008387,1.685200127,0.000000000,0.000000000,0.000000000,0.000000000
226,0.001883333,0.250466230,1.398873198,0.000000000,3.090909091,0.000000000,0.000000000,0.000000000,0.000000010000,0.000000000,3.400000000,0.000000000,4.000000000,2.795275591,3.397637795,0.023100529,1.685230437,0.000000000,0.000000000,0.000000000,0.000000000
227,0.001891667,0.251269060,0.000000000,0.000000000,3.090909091,0.000000000,0.000000000,0.000000000,0.000000010000,0.000000000,3.400000000,0.000000000,4.000000000,2.795275591,3.397637795,0.023192669,1.685260746,1.525379782,0.000000000,0.000000000,0.000000000
228,0.001900000,0.252069760,0.000000000,0.000000000,3.090909091,0.000000000,0.000000000,0.000000000,0.000000010000,0.000000000,3.400000000,0.000000000,4.000000000,2.795275591,3.397637795,0.023284806,1.685291055,0.000000000,0.000000000,0.000000000,0.000000000
229,0.001908333,0.252868335,0.000000000,0.000000000,3.090909091,0.000000000,0.000000000,0.000000000,0.000000010000,0.000000000,3.400000000,0.000000000,4.000000000,2.795275591,3.397637795,0.023376941,1.685321362,0.000000000,0.000000000,0.000000000,0.000000000
230,0.001916667,0.253664792,1.213855233,0.000000000,3.090909091,0.000000000,0.000000000,0.000000000,0.000000010000,0.000000000,3.400000000,0.000000000,4.000000000,2.795275591,3.397637795,0.023469073,1.685351669,1.673260348,0.000000000,0.000000000,0.000000000
231,0.001925000,0.254459135,0.000000000,0.000000000,3.090909091,0.000000000,0.000000000,0.000000000,0.000000010000,0.000000000,3.400000000,0.000000000,4.000000000,2.795275591,3.397637795,0.023561203,1.685381975,0.000000000,0.000000000,0.000000000,0.000000000
232,0.001933333,0.255251371,0.000000000,0.000000000,3.090909091,0.000000000,0.000000000,0.000000000,0.000000010000,0.000000000,3.400000000,0.000000000,4.000000000,2.795275591,3.397637795,0.023653330,1.685412280,0.000000000,0.000000000,0.000000000,0.000000000
233,0.001941667,0.256041504,0.000000000,0.000000000,3.090909091,0.000000000,0.000000000,0.000000000,0.000000010000,0.000000000,3.400000000,0.000000000,4.000000000,2.795275591,3.397637795,0.023745455,1.685442584,1.902127190,0.000000000,0.000000000,0.000000000
234,0.001950000,0.256829541,1.031745953,0.000000000,3.090909091,0.000000000,0.000000000,0.000000000,0.000000010000,0.000000000,3.400000000,0.000000000,4.000000000,2.795275591,3.397637795,0.023837577,1.685472887,0.000000000,0.000000000,0.000000000,0.000000000
235,0.001958333,0.257615488,0.000000000,0.000000000,3.090909091,0.000000000,0.000000000,0.000000000,0.000000010000,0.000000000,3.400000000,0.000000000,4.000000000,2.795275591,3.397637795,0.023929696,1.685503190,1.069234447,0.000000000,0.000000000,0.000000000
236,0.001966667,0.258399348,0.000000000,0.000000000,3.090909091,0.000000000,0.000000000,0.000000000,0.000000010000,0.000000000,3.400000000,0.000000000,4.000000000,2.795275591,3.397637795,0.024021813,1.685533491,0.000000000,0.000000000,0.000000000,0.000000000
237,0.001975000,0.259181130,0.000000000,0.000000000,3.090909091,0.000000000,0.000000000,0.000000000,0.000000010000,0.000000000,3.400000000,0.000000000,4.000000000,2.795275591,3.397637795,0.024113928,1.685563792,0.000000000,0.000000000,0.000000000,0.000000000
238,0.001983333,0.259960836,0.000000000,0.000000000,3.090909091,0.000000000,0.000000000,0.000000000,0.000000010000,0.000000000,3.400000000,0.000000000,4.000000000,2.795275591,3.397637795,0.024206040,1.685594092,1.189173635,0.000000000,0.000000000,0.000000000
239,0.001991667,0.260738474,1.846712208,0.000000000,3.090909091,0.000000000,0.000000000,0.000000000,0.000000010000,0.000000000,3.400000000,0.000000000,4.000000000,2.795275591,3.397637795,0.024298150,1.685624391,0.000000000,0.000000000,0.000000000,0.000000000
240,0.002000000,0.261514049,0.000000000,0.000000000,3.090909091,0.000000000,0.000000000,0.000000000,0.000000010000,0.000000000,3.400000000,0.000000000,4.000000000,2.795275591,3.397637795,0.024390257,1.685654690,0.000000000,0.000000000,0.000000000,0.000000000
241,0.002008333,0.262287566,0.000000000,0.000000000,3.090909091,0.000000000,0.000000000,0.000000000,0.000000010000,0.000000000,3.400000000,0.000000000,4.000000000,2.795275591,3.397637795,0.024482361,1.685684987,1.290282880,0.000000000,0.000000000,0.000000000
242,0.002016667,0.263059030,0.000000000,0.000000000,3.090909091,0.000000000,0.000000000,0.000000000,0.000000010000,0.000000000,3.400000000,0.000000000,4.000000000,2.795275591,3.397637795,0.024574463,1.685715284,0.000000000,0.000000000,0.000000000,0.000000000
243,0.002025000,0.263828448,1.670638356,0.000000000,3.090909091,0.000000000,0.000000000,0.000000000,0.000000010000,0.000000000,3.400000000,0.000000000,4.000000000,2.795275591,3.397637795,0.024666563,1.685745580,0.000000000,0.000000000,0.000000000,0.000000000
244,0.002033333,0.264595824,0.000000000,0.000000000,3.090909091,0.000000000,0.000000000,0.000000000,0.000000010000,0.000000000,3.400000000,0.000000000,4.000000000,2.795275591,3.397637795,0.024758660,1.685775875,1.387727022,0.000000000,0.000000000,0.000000000
245,0.002041667,0.265361164,0.000000000,0.000000000,3.090909091,0.000000000,0.000000000,0.000000000,0.000000010000,0.000000000,3.400000000,0.000000000,4.000000000,2.795275591,3.397637795,0.024850754,1.685806169,0.000000000,0.000000000,0.000000000,0.000000000
246,0.002050000,0.266124474,0.000000000,0.000000000,3.090909091,0.000000000,0.000000000,0.000000000,0.000000010000,0.000000000,3.400000000,0.000000000,4.000000000,2.795275591,3.397637795,0.024942846,1.685836463,0.000000000,0.000000000,0.000000000,0.000000000
247,0.002058333,0.266885758,1.472118822,0.000000000,3.090909091,0.000000000,0.000000000,0.000000000,0.000000010000,0.000000000,3.400000000,0.000000000,4.000000000,2.795275591,3.397637795,0.025034936,1.685866755,1.494547006,0.000000000,0.000000000,0.000000000
248,0.002066667,0.267645022,0.000000000,0.000000000,3.090909091,0.000000000,0.000000000,0.000000000,0.000000010000,0.000000000,3.400000000,0.000000000,4.000000000,2.795275591,3.397637795,0.025127023,1.685897047,0.000000000,0.000000000,0.000000000,0.000000000
249,0.002075000,0.268402271,0.000000000,0.000000000,3.090909091,0.000000000,0.000000000,0.000000000,0.000000010000,0.000000000,3.400000000,0.000000000,4.000000000,2.795275591,3.397637795,0.025219107,1.685927338,0.000000000,0.000000000,0.000000000,0.000000000
250,0.002083333,0.269157512,0.000000000,0.000000000,3.090909091,0.000000000,0.000000000,0.000000000,0.000000010000,0.000000000,3.400000000,0.000000000,4.000000000,2.795275591,3.397637795,0.025311189,1.685957628,1.629567853,0.000000000,0.000000000,0.000000000
251,0.002091667,0.269910748,1.259217526,0.000000000,3.090909091,0.000000000,0.000000000,0.000000000,0.000000010000,0.000000000,3.400000000,0.000000000,4.000000000,2.795275591,3.397637795,0.025403268,1.685987917,0.000000000,0.000000000,0.000000000,0.000000000
252,0.002100000,0.270661986,0.000000000,0.000000000,3.090909091,0.000000000,0.000000000,0.000000000,0.000000010000,0.000000000,3.400000000,0.000000000,4.000000000,2.795275591,3.397637795,0.025495345,1.686018206,0.000000000,0.000000000,0.000000000,0.000000000
253,0.002108333,0.271411231,0.000000000,0.000000000,3.090909091,0.000000000,0.000000000,0.000000000,0.000000010000,0.000000000,3.400000000,0.000000000,4.000000000,2.795275591,3.397637795,0.025587419,1.686048493,1.834798718,0.000000000,0.000000000,0.000000000
254,0.002116667,0.272158488,0.000000000,0.000000000,3.090909091,0.000000000,0.000000000,0.000000000,0.000000010000,0.000000000,3.400000000,0.000000000,4.000000000,2.795275591,3.397637795,0.025679491,1.686078780,0.000000000,0.000000000,0.000000000,0.000000000
255,0.002125000,0.272903762,1.047531946,0.000000000,3.090909091,0.000000000,0.000000000,0.000000000,0.000000010000,0.000000000,3.400000000,0.000000000,4.000000000,2.795275591,3.397637795,0.025771561,1.686109066,1.026159909,0.000000000,0.000000000,0.000000000
256,0.002133333,0.273647059,0.000000000,0.000000000,3.090909091,0.000000000,0.000000000,0.000000000,0.000000010000,0.000000000,3.400000000,0.000000000,4.000000000,2.795275591,3.397637795,0.025863627,1.686139351,0.000000000,0.000000000,0.000000000,0.000000000
257,0.002141667,0.274388383,0.000000000,0.000000000,3.090909091,0.000000000,0.000000000,0.000000000,0.000000010000,0.000000000,3.400000000,0.000000000,4.000000000,2.795275591,3.397637795,0.025955692,1.686169635,0.000000000,0.000000000,0.000000000,0.000000000
258,0.002150000,0.275127741,0.000000000,0.000000000,3.090909091,0.000000000,0.000000000,0.000000000,0.000000010000,0.000000000,3.400000000,0.000000000,4.000000000,2.795275591,3.397637795,0.026047754,1.686199919,1.155657675,0.000000000,0.000000000,0.000000000
259,0.002158333,0.275865136,0.000000000,0.000000000,3.090909091,0.000000000,0.000000000,0.000000000,0.000000010000,0.000000000,3.400000000,0.000000000,4.000000000,2.795275591,3.397637795,0.026139813,1.686230202,0.000000000,0.000000000,0.000000000,0.000000000
260,0.002166667,0.276600576,1.833995533,0.000000000,3.090909091,0.000000000,0.000000000,0.000000000,0.000000010000,0.000000000,3.400000000,0.000000000,4.000000000,2.795275591,3.397637795,0.026231870,1.686260483,0.000000000,0.000000000,0.000000000,0.000000000
261,0.002175000,0.277334064,0.000000000,0.000000000,3.090909091,0.000000000,0.000000000,0.000000000,0.000000010000,0.000000000,3.400000000,0.000000000,4.000000000,2.795275591,3.397637795,0.026323924,1.686290764,1.260069704,0.000000000,0.000000000,0.000000000
262,0.002183333,0.278065605,0.000000000,0.000000000,3.090909091,0.000000000,0.000000000,0.000000000,0.000000010000,0.000000000,3.400000000,0.000000000,4.000000000,2.795275591,3.397637795,0.026415976,1.686321045,0.000000000,0.000000000,0.000000000,0.000000000
263,0.002191667,0.278795206,0.000000000,0.000000000,3.090909091,0.000000000,0.000000000,0.000000000,0.000000010000,0.000000000,3.400000000,0.000000000,4.000000000,2.795275591,3.397637795,0.026508025,1.686351324,0.000000000,0.000000000,0.000000000,0.000000000
264,0.002200000,0.279522871,1.632459317,0.000000000,3.090909091,0.000000000,0.000000000,0.000000000,0.000000010000,0.000000000,3.400000000,0.000000000,4.000000000,2.795275591,3.397637795,0.026600071,1.686381602,1.356771284,0.000000000,0.000000000,0.000000000
265,0.002208333,0.280248605,0.000000000,0.000000000,3.090909091,0.000000000,0.000000000,0.000000000,0.000000010000,0.000000000,3.400000000,0.000000000,4.000000000,2.795275591,3.397637795,0.026692116,1.686411880,0.000000000,0.000000000,0.000000000,0.000000000
266,0.002216667,0.280972414,0.000000000,0.000000000,3.090909091,0.000000000,0.000000000,0.000000000,0.000000010000,0.000000000,3.400000000,0.000000000,4.000000000,2.795275591,3.397637795,0.026784157,1.686442157,0.000000000,0.000000000,0.000000000,0.000000000
267,0.002225000,0.281694302,0.000000000,0.000000000,3.090909091,0.000000000,0.000000000,0.000000000,0.000000010000,0.000000000,3.400000000,0.000000000,4.000000000,2.795275591,3.397637795,0.026876196,1.686472433,1.458533158,0.000000000,0.000000000,0.000000000
268,0.002233333,0.282414275,1.404343525,0.000000000,3.090909091,0.000000000,0.000000000,0.000000000,0.000000010000,0.000000000,3.400000000,0.000000000,4.000000000,2.795275591,3.397637795,0.026968233,1.686502708,0.000000000,0.000000000,0.000000000,0.000000000
269,0.002241667,0.283132338,0.000000000,0.000000000,3.090909091,0.000000000,0.000000000,0.000000000,0.000000010000,0.000000000,3.400000000,0.000000000,4.000000000,2.795275591,3.397637795,0.027060267,1.686532983,0.000000000,0.000000000,0.000000000,0.000000000
270,0.002250000,0.283848495,0.000000000,0.000000000,3.090909091,0.000000000,0.000000000,0.000000000,0.000000010000,0.000000000,3.400000000,0.000000000,4.000000000,2.795275591,3.397637795,0.027152299,1.686563256,1.581112817,0.000000000,0.000000000,0.000000000
271,0.002258333,0.284562752,0.000000000,0.000000000,3.090909091,0.000000000,0.000000000,0.000000000,0.000000010000,0.000000000,3.400000000,0.000000000,4.000000000,2.795275591,3.397637795,0.027244328,1.686593529,0.000000000,0.000000000,0.000000000,0.000000000
272,0.002266667,0.285275114,1.166452927,0.000000000,3.090909091,0.000000000,0.000000000,0.000000000,0.000000010000,0.000000000,3.400000000,0.000000000,4.000000000,2.795275591,3.397637795,0.027336355,1.686623801,0.000000000,0.000000000,0.000000000,0.000000000
273,0.002275000,0.285985586,0.000000000,0.000000000,3.090909091,0.000000000,0.000000000,0.000000000,0.000000010000,0.000000000,3.400000000,0.000000000,4.000000000,2.795275591,3.397637795,0.027428379,1.686654072,1.755381783,0.000000000,0.000000000,0.000000000
274,0.002283333,0.286694173,0.000000000,0.000000000,3.090909091,0.000000000,0.000000000,0.000000000,0.000000010000,0.000000000,3.400000000,0.000000000,4.000000000,2.795275591,3.397637795,0.027520400,1.686684342,0.000000000,0.000000000,0.000000000,0.000000000
275,0.002291667,0.287400879,0.000000000,0.000000000,3.090909091,0.000000000,0.000000000,0.000000000,0.000000010000,0.000000000,3.400000000,0.103988446,4.000000000,2.816155160,3.408077580,0.027612704,1.704160135,0.000000000,0.000000000,0.000000000,0.000000000
276,0.002300000,0.288105711,0.000000000,0.000000000,3.090909091,0.000000000,0.000000000,0.000000000,0.000000010000,0.000000000,3.400000000,4.000000000,4.000000000,3.598425197,3.799212598,0.027715686,2.357801212,0.000000000,0.000000000,0.000000000,0.000000000
277,0.002308333,0.288808672,1.929014890,0.000000000,3.090909091,0.000000000,0.000000000,0.000000000,0.000000010000,0.000000000,3.400000000,4.000000000,4.000000000,3.598425197,3.799212598,0.027818664,2.357835087,1.865095354,0.000000000,0.000000000,0.000000000
278,0.002316667,0.289509769,0.000000000,0.000000000,3.090909091,0.000000000,0.000000000,0.000000000,0.000000010000,0.000000000,3.400000000,4.000000000,4.000000000,3.598425197,3.799212598,0.027921640,2.357868960,0.000000000,0.000000000,0.000000000,0.000000000
279,0.002325000,0.290209005,0.000000000,0.000000000,3.090909091,0.000000000,0.000000000,0.000000000,0.000000010000,0.000000000,3.400000000,4.000000000,4.000000000,3.598425197,3.799212598,0.028024613,2.357902833,0.000000000,0.000000000,0.000000000,0.000000000
280,0.002333333,0.290906386,0.000000000,0.000000000,3.090909091,0.000000000,0.000000000,0.000000000,0.000000010000,0.000000000,3.400000000,4.000000000,4.000000000,3.598425197,3.799212598,0.028127583,2.357936705,1.324554385,0.000000000,0.000000000,0.000000000
281,0.002341667,0.291601916,1.687636086,0.000000000,3.090909091,0.000000000,0.000000000,0.000000000,0.000000010000,0.000000000,3.400000000,4.000000000,4.000000000,3.598425197,3.799212598,0.028230550,2.357970576,0.000000000,0.000000000,0.000000000,0.000000000
282,0.002350000,0.292295601,0.000000000,0.000000000,3.090909091,0.000000000,0.000000000,0.000000000,0.000000010000,0.000000000,3.400000000,4.000000000,4.000000000,3.598425197,3.799212598,0.028333514,2.358004446,0.000000000,0.000000000,0.000000000,0.000000000
283,0.002358333,0.292987446,0.000000000,0.000000000,3.090909091,0.000000000,0.000000000,0.000000000,0.000000010000,0.000000000,3.400000000,4.000000000,4.000000000,3.598425197,3.799212598,0.028436476,2.358038315,0.000000000,0.000000000,0.000000000,0.000000000
284,0.002366667,0.293677454,0.000000000,0.000000000,3.090909091,0.000000000,0.000000000,0.000000000,0.000000010000,0.000000000,3.400000000,4.000000000,4.000000000,3.598425197,3.799212598,0.028539435,2.358072183,1.755237339,0.000000000,0.000000000,0.000000000
285,0.002375000,0.294365632,1.443607060,0.000000000,3.090909091,0.000000000,0.000000000,0.000000000,0.000000010000,0.000000000,3.400000000,4.000000000,4.000000000,3.598425197,3.799212598,0.028642391,2.358106050,0.000000000,0.000000000,0.000000000,0.000000000
286,0.002383333,0.295051984,0.000000000,0.000000000,3.090909091,0.000000000,0.000000000,0.000000000,0.000000010000,0.000000000,3.400000000,4.000000000,4.000000000,3.598425197,3.799212598,0.028745344,2.358139916,0.000000000,0.000000000,0.000000000,0.000000000
287,0.002391667,0.295736515,0.000000000,0.000000000,3.090909091,0.000000000,0.000000000,0.000000000,0.000000010000,0.000000000,3.400000000,4.000000000,4.000000000,3.598425197,3.799212598,0.028848295,2.358173781,1.250076950,0.000000000,0.000000000,0.000000000
288,0.002400000,0.296419230,0.000000000,0.000000000,3.090909091,0.000000000,0.000000000,0.000000000,0.000000010000,0.000000000,3.400000000,4.000000000,4.000000000,3.598425197,3.799212598,0.028951242,2.358207645,0.000000000,0.000000000,0.000000000,0.000000000
289,0.002408333,0.297100133,1.186160872,0.186160872,3.090909091,0.575406333,0.011113733,0.011113733,0.000000010000,0.000000000,3.400000000,4.000000000,4.000000000,3.598425197,3.799212598,0.029054187,2.358241509,0.000000000,0.000000000,0.000000000,0.000948610
290,0.002416667,0.297779230,0.000000000,1.000000000,3.090909091,3.090909091,0.070598694,0.070598694,0.000000010000,0.000000000,3.400000000,4.000000000,4.000000000,3.598425197,3.799212598,0.029157129,2.358275371,0.000000000,0.000000000,0.000000000,0.006025835
291,0.002425000,0.298456525,0.000000000,1.000000000,3.090909091,3.090909091,0.128934728,0.128934728,0.000000010000,0.000000000,3.400000000,4.000000000,4.000000000,3.598425197,3.799212598,0.029260068,2.358309233,1.667716352,0.000000000,0.000000000,0.011004454
292,0.002433333,0.299132023,0.000000000,1.000000000,3.090909091,3.090909091,0.186144026,0.186144026,0.000000010000,0.000000000,3.400000000,4.000000000,4.000000000,3.598425197,3.799212598,0.029363004,2.358343093,0.000000000,0.000000000,0.000000000,0.015886372
293,0.002441667,0.299805728,0.000000000,1.000000000,3.090909091,3.090909091,0.242248351,0.242248351,0.000000010000,0.000000000,3.400000000,4.000000000,4.000000000,3.598425197,3.799212598,0.029465938,2.358376953,0.000000000,0.000000000,0.000000000,0.020673456
294,0.002450000,0.300477646,1.928740578,1.000000000,3.090909091,3.090909091,0.297269043,0.297269043,0.000000010000,0.000000000,3.400000000,4.000000000,4.000000000,3.598425197,3.799212598,0.029568868,2.358410812,1.196233416,0.000000000,0.000000000,0.025367538
295,0.002458333,0.301147781,0.000000000,1.000000000,3.090909091,3.090909091,0.351227034,0.351227034,0.000000010000,0.000000000,3.400000000,4.000000000,4.000000000,3.598425197,3.799212598,0.029671796,2.358444670,0.000000000,0.000000000,0.000000000,0.029970414
296,0.002466667,0.301816138,0.000000000,1.000000000,3.090909091,3.090909091,0.404142849,0.404142849,0.000000010000,0.000000000,3.400000000,4.000000000,4.000000000,3.598425197,3.799212598,0.029774721,2.358478527,0.000000000,0.000000000,0.000000000,0.034483847
297,0.002475000,0.302482722,0.000000000,1.000000000,3.090909091,3.090909091,0.456036617,0.456036617,0.000000010000,0.000000000,3.400000000,4.000000000,4.000000000,3.598425197,3.799212598,0.029877644,2.358512383,0.000000000,0.000000000,0.000000000,0.038909563
298,0.002483333,0.303147537,1.669755321,1.000000000,3.090909091,3.090909091,0.506928079,0.506928079,0.000000010000,0.000000000,3.400000000,4.000000000,4.000000000,3.598425197,3.799212598,0.029980563,2.358546238,1.609425984,0.000000000,0.000000000,0.043249257
299,0.002491667,0.303810588,0.000000000,1.000000000,3.090909091,3.090909091,0.556836593,0.556836593,0.000000010000,0.000000000,3.400000000,4.000000000,4.000000000,3.598425197,3.799212598,0.030083480,2.358580092,0.000000000,0.000000000,0.000000000,0.047504591
300,0.002500000,0.304471880,0.000000000,1.000000000,3.090909091,3.090909091,0.605781145,0.605781145,0.000000010000,0.000000000,3.400000000,4.000000000,4.000000000,3.598425197,3.799212598,0.030186394,2.358613945,0.000000000,0.000000000,0.000000000,0.051677193
301,0.002508333,0.305131417,0.000000000,1.000000000,3.090909091,3.090909091,0.653780354,0.653780354,0.000000010000,0.000000000,3.400000000,4.000000000,4.000000000,3.598425197,3.799212598,0.030289305,2.358647798,1.123942418,0.000000000,0.000000000,0.055768663
302,0.002516667,0.305789205,1.405487046,1.000000000,3.090909091,3.090909091,0.700852478,0.700852478,0.000000010000,0.000000000,3.400000000,4.000000000,4.000000000,3.598425197,3.799212598,0.030392213,2.358681649,0.000000000,0.000000000,0.000000000,0.059780566
303,0.002525000,0.306445247,0.000000000,1.000000000,3.090909091,3.090909091,0.747015423,0.747015423,0.000000010000,0.000000000,3.400000000,4.000000000,4.000000000,3.598425197,3.799212598,0.030495118,2.358715499,0.000000000,0.000000000,0.000000000,0.063714440
304,0.002533333,0.307099548,0.000000000,1.000000000,3.090909091,3.090909091,0.792286751,0.792286751,0.000000010000,0.000000000,3.400000000,4.000000000,4.000000000,3.598425197,3.799212598,0.030598021,2.358749349,0.000000000,0.000000000,0.000000000,0.067571793
305,0.002541667,0.307752113,0.000000000,1.000000000,3.090909091,3.090909091,0.836683681,0.836683681,0.000000010000,0.000000000,3.400000000,4.000000000,4.000000000,3.598425197,3.799212598,0.030700921,2.358783198,1.537151426,0.000000000,0.000000000,0.071354101
306,0.002550000,0.308402947,1.130847632,1.000000000,3.090909091,3.090909091,0.880223104,0.880223104,0.000000010000,0.000000000,3.400000000,4.000000000,4.000000000,3.598425197,3.799212598,0.030803818,2.358817045,0.000000000,0.000000000,0.000000000,0.075062815
307,0.002558333,0.309052054,0.000000000,1.000000000,3.090909091,3.090909091,0.922921580,0.922921580,0.000000010000,0.000000000,3.400000000,4.000000000,4.000000000,3.598425197,3.799212598,0.030906712,2.358850892,0.000000000,0.000000000,0.000000000,0.078699356
308,0.002566667,0.309699439,0.000000000,1.000000000,3.090909091,3.090909091,0.964795354,0.964795354,0.000000010000,0.000000000,3.400000000,4.000000000,4.000000000,3.598425197,3.799212598,0.031009603,2.358884738,1.039386065,0.000000000,0.000000000,0.082265118
309,0.002575000,0.310345106,0.000000000,1.000000000,3.090909091,3.090909091,1.005860353,1.005860353,0.000000010000,0.000000000,3.400000000,4.000000000,4.000000000,3.598425197,3.799212598,0.031112492,2.358918583,0.000000000,0.000000000,0.000000000,0.085761468
310,0.002583333,0.310989060,0.000000000,1.000000000,3.090909091,3.090909091,1.046132199,1.046132199,0.000000010000,0.000000000,3.400000000,4.000000000,4.000000000,3.598425197,3.799212598,0.031215378,2.358952427,0.000000000,0.000000000,0.000000000,0.089189747
311,0.002591667,0.311631305,1.855052514,1.000000000,3.090909091,3.090909091,1.085626210,1.085626210,0.000000010000,0.000000000,3.400000000,4.000000000,4.000000000,3.598425197,3.799212598,0.031318260,2.358986270,0.000000000,0.000000000,0.000000000,0.092551270
312,0.002600000,0.312271846,0.000000000,1.000000000,3.090909091,3.090909091,1.124357412,1.124357412,0.000000010000,0.000000000,3.400000000,4.000000000,4.000000000,3.598425197,3.799212598,0.031421141,2.359020112,1.460194654,0.000000000,0.000000000,0.095847325
313,0.002608333,0.312910688,0.000000000,1.000000000,3.090909091,3.090909091,1.162340536,1.162340536,0.000000010000,0.000000000,3.400000000,4.000000000,4.000000000,3.598425197,3.799212598,0.031524018,2.359053953,0.000000000,0.000000000,0.000000000,0.099079179
314,0.002616667,0.313547835,0.000000000,1.000000000,3.090909091,3.090909091,1.199590033,1.199590033,0.000000010000,0.000000000,3.400000000,4.000000000,4.000000000,3.598425197,3.799212598,0.031626892,2.359087794,0.000000000,0.000000000,0.000000000,0.102248070
315,0.002625000,0.314183291,1.597554649,1.000000000,3.090909091,3.090909091,1.236120071,1.236120071,0.000000010000,0.000000000,3.400000000,4.000000000,4.000000000,3.598425197,3.799212598,0.031729764,2.359121633,0.000000000,0.000000000,0.000000000,0.105355216
316,0.002633333,0.314817061,0.000000000,1.000000000,3.090909091,3.090909091,1.271944546,1.271944546,0.000000010000,0.000000000,3.400000000,4.000000000,4.000000000,3.598425197,3.799212598,0.031832633,2.359155471,1.937527336,0.000000000,0.000000000,0.108401807
317,0.002641667,0.315449149,0.000000000,1.000000000,3.090909091,3.090909091,1.307077087,1.307077087,0.000000010000,0.000000000,3.400000000,4.000000000,4.000000000,3.598425197,3.799212598,0.031935499,2.359189309,0.000000000,0.000000000,0.000000000,0.111389015
318,0.002650000,0.316079561,0.000000000,1.000000000,3.090909091,3.090909091,1.341531057,1.341531057,0.000000010000,0.000000000,3.400000000,4.000000000,4.000000000,3.598425197,3.799212598,0.032038362,2.359223146,0.000000000,0.000000000,0.000000000,0.114317987
319,0.002658333,0.316708299,1.311516586,1.000000000,3.090909091,3.090909091,1.375319563,1.375319563,0.000000010000,0.000000000,3.400000000,4.000000000,4.000000000,3.598425197,3.799212598,0.032141223,2.359256981,1.376810517,0.000000000,0.000000000,0.117189846
320,0.002666667,0.317335370,0.000000000,1.000000000,3.090909091,3.090909091,1.408455458,1.408455458,0.000000010000,0.000000000,3.400000000,4.000000000,4.000000000,3.598425197,3.799212598,0.032244081,2.359290816,0.000000000,0.000000000,0.000000000,0.120005696
321,0.002675000,0.317960777,0.000000000,1.000000000,3.090909091,3.090909091,1.440951348,1.440951348,0.000000010000,0.000000000,3.400000000,4.000000000,4.000000000,3.598425197,3.799212598,0.032346935,2.359324650,0.000000000,0.000000000,0.000000000,0.122766620
322,0.002683333,0.318584524,0.000000000,1.000000000,3.090909091,3.090909091,1.472819593,1.472819593,0.000000010000,0.000000000,3.400000000,4.000000000,4.000000000,3.598425197,3.799212598,0.032449787,2.359358483,0.000000000,0.000000000,0.000000000,0.125473677
323,0.002691667,0.319206616,1.024182221,0.975817779,3.090909091,3.016164045,1.502628646,1.502628646,0.000000010000,0.000000000,3.400000000,4.000000000,4.000000000,3.598425197,3.799212598,0.032552637,2.359392315,1.820089817,0.000000000,0.000000000,0.128004685
324,0.002700000,0.319827058,0.000000000,0.000000000,3.090909091,0.000000000,1.473606001,1.473606001,0.000000010000,0.000000000,3.400000000,4.000000000,4.000000000,3.598425197,3.799212598,0.032655483,2.359426146,0.000000000,0.000000000,0.000000000,0.125513857
325,0.002708333,0.320445854,0.000000000,0.000000000,3.090909091,0.000000000,1.445143917,1.445143917,0.000000010000,0.000000000,3.400000000,4.000000000,4.000000000,3.598425197,3.799212598,0.032758327,2.359459976,0.000000000,0.000000000,0.000000000,0.123071140
326,0.002716667,0.321063007,0.000000000,0.000000000,3.090909091,0.000000000,1.417231566,1.417231566,0.000000010000,0.000000000,3.400000000,4.000000000,4.000000000,3.598425197,3.799212598,0.032861167,2.359493805,1.291429166,0.000000000,0.000000000,0.120675605
327,0.002725000,0.321678523,0.000000000,0.000000000,3.090909091,0.000000000,1.389858330,1.389858330,0.000000010000,0.000000000,3.400000000,4.000000000,4.000000000,3.598425197,3.799212598,0.032964005,2.359527633,0.000000000,0.000000000,0.000000000,0.118326341
328,0.002733333,0.322292406,1.736518259,0.000000000,3.090909091,0.000000000,1.363013796,1.363013796,0.000000010000,0.000000000,3.400000000,4.000000000,4.000000000,3.598425197,3.799212598,0.033066841,2.359561461,0.000000000,0.000000000,0.000000000,0.116022453
329,0.002741667,0.322904661,0.000000000,0.000000000,3.090909091,0.000000000,1.336687754,1.336687754,0.000000010000,0.000000000,3.400000000,4.000000000,4.000000000,3.598425197,3.799212598,0.033169673,2.359595287,0.000000000,0.000000000,0.000000000,0.113763066
330,0.002750000,0.323515290,0.000000000,0.000000000,3.090909091,0.000000000,1.310870188,1.310870188,0.000000010000,0.000000000,3.400000000,4.000000000,4.000000000,3.598425197,3.799212598,0.033272503,2.359629113,1.713339155,0.000000000,0.000000000,0.111547320
331,0.002758333,0.324124300,0.000000000,0.000000000,3.090909091,0.000000000,1.285551278,1.285551278,0.000000010000,0.000000000,3.400000000,4.000000000,4.000000000,3.598425197,3.799212598,0.033375329,2.359662937,0.000000000,0.000000000,0.000000000,0.109374372
332,0.002766667,0.324731694,1.447310242,0.000000000,3.090909091,0.000000000,1.260721392,1.260721392,0.000000010000,0.000000000,3.400000000,4.000000000,4.000000000,3.598425197,3.799212598,0.033478153,2.359696761,0.000000000,0.000000000,0.000000000,0.107243395
333,0.002775000,0.325337476,0.000000000,0.000000000,3.090909091,0.000000000,1.236371085,1.236371085,0.000000010000,0.000000000,3.400000000,4.000000000,4.000000000,3.598425197,3.799212598,0.033580975,2.359730584,1.222189504,0.000000000,0.000000000,0.105153579
334,0.002783333,0.325941650,0.000000000,0.000000000,3.090909091,0.000000000,1.212491093,1.212491093,0.000000010000,0.000000000,3.400000000,4.000000000,4.000000000,3.598425197,3.799212598,0.033683793,2.359764406,0.000000000,0.000000000,0.000000000,0.103104129
335,0.002791667,0.326544222,0.000000000,0.000000000,3.090909091,0.000000000,1.189072334,1.189072334,0.000000010000,0.000000000,3.400000000,4.000000000,4.000000000,3.598425197,3.799212598,0.033786608,2.359798226,0.000000000,0.000000000,0.000000000,0.101094265
336,0.002800000,0.327145195,1.142912513,0.000000000,3.090909091,0.000000000,1.166105899,1.166105899,0.000000010000,0.000000000,3.400000000,4.000000000,4.000000000,3.598425197,3.799212598,0.033889421,2.359832046,0.000000000,0.000000000,0.000000000,0.099123222
337,0.002808333,0.327744574,0.000000000,0.000000000,3.090909091,0.000000000,1.143583050,1.143583050,0.000000010000,0.000000000,3.400000000,4.000000000,4.000000000,3.598425197,3.799212598,0.033992231,2.359865865,1.635206492,0.000000000,0.000000000,0.097190251
338,0.002816667,0.328342362,0.000000000,0.000000000,3.090909091,0.000000000,1.121495221,1.121495221,0.000000010000,0.000000000,3.400000000,4.000000000,4.000000000,3.598425197,3.799212598,0.034095038,2.359899684,0.000000000,0.000000000,0.000000000,0.095294616
339,0.002825000,0.328938564,0.000000000,0.000000000,3.090909091,0.000000000,1.099834009,1.099834009,0.000000010000,0.000000000,3.400000000,4.000000000,4.000000000,3.598425197,3.799212598,0.034197842,2.359933501,0.000000000,0.000000000,0.000000000,0.093435597
340,0.002833333,0.329533184,0.000000000,0.000000000,3.090909091,0.000000000,1.078591175,1.078591175,0.000000010000,0.000000000,3.400000000,4.000000000,4.000000000,3.598425197,3.799212598,0.034300644,2.359967317,1.155014115,0.000000000,0.000000000,0.091612486
341,0.002841667,0.330126226,1.836441125,0.000000000,3.090909091,0.000000000,1.057758636,1.057758636,0.000000010000,0.000000000,3.400000000,4.000000000,4.000000000,3.598425197,3.799212598,0.034403443,2.360001132,0.000000000,0.000000000,0.000000000,0.089824589
342,0.002850000,0.330717695,0.000000000,0.000000000,3.090909091,0.000000000,1.037328470,1.037328470,0.000000010000,0.000000000,3.400000000,4.000000000,4.000000000,3.598425197,3.799212598,0.034506239,2.360034947,0.000000000,0.000000000,0.000000000,0.088071226
343,0.002858333,0.331307594,0.000000000,0.000000000,3.090909091,0.000000000,1.017292904,1.017292904,0.000000010000,0.000000000,3.400000000,4.000000000,4.000000000,3.598425197,3.799212598,0.034609032,2.360068760,0.000000000,0.000000000,0.000000000,0.086351731
344,0.002866667,0.331895929,0.000000000,0.000000000,3.090909091,0.000000000,0.997644316,0.997644316,0.000000010000,0.000000000,3.400000000,4.000000000,4.000000000,3.598425197,3.799212598,0.034711822,2.360102573,1.565681116,0.000000000,0.000000000,0.084665448
345,0.002875000,0.332482702,1.546370113,0.000000000,3.090909091,0.000000000,0.978375233,0.978375233,0.000000010000,0.000000000,3.400000000,4.000000000,4.000000000,3.598425197,3.799212598,0.034814609,2.360136385,0.000000000,0.000000000,0.000000000,0.083011738
346,0.002883333,0.333067918,0.000000000,0.000000000,3.090909091,0.000000000,0.959478324,0.959478324,0.000000010000,0.000000000,3.400000000,4.000000000,4.000000000,3.598425197,3.799212598,0.034917394,2.360170195,0.000000000,0.000000000,0.000000000,0.081389970
347,0.002891667,0.333651582,0.000000000,0.000000000,3.090909091,0.000000000,0.940946401,0.940946401,0.000000010000,0.000000000,3.400000000,4.000000000,4.000000000,3.598425197,3.799212598,0.035020176,2.360204005,1.070248466,0.000000000,0.000000000,0.079799527
348,0.002900000,0.334233697,0.000000000,0.000000000,3.090909091,0.000000000,0.922772414,0.922772414,0.000000010000,0.000000000,3.400000000,4.000000000,4.000000000,3.598425197,3.799212598,0.035122955,2.360237814,0.000000000,0.000000000,0.000000000,0.078239806
349,0.002908333,0.334814267,1.230464733,0.000000000,3.090909091,0.000000000,0.904949450,0.904949450,0.000000010000,0.000000000,3.400000000,4.000000000,4.000000000,3.598425197,3.799212598,0.035225731,2.360271622,0.000000000,0.000000000,0.000000000,0.076710211
350,0.002916667,0.335393298,0.000000000,0.000000000,3.090909091,0.000000000,0.887470729,0.887470729,0.000000010000,0.000000000,3.400000000,4.000000000,4.000000000,3.598425197,3.799212598,0.035328505,2.360305429,0.000000000,0.000000000,0.000000000,0.075210162
351,0.002925000,0.335970791,0.000000000,0.000000000,3.090909091,0.000000000,0.870329603,0.870329603,0.000000010000,0.000000000,3.400000000,4.000000000,4.000000000,3.598425197,3.799212598,0.035431275,2.360339235,1.485729635,0.000000000,0.000000000,0.073739087
352,0.002933333,0.336546753,0.000000000,0.000000000,3.090909091,0.000000000,0.853519550,0.853519550,0.000000010000,0.000000000,3.400000000,4.000000000,4.000000000,3.598425197,3.799212598,0.035534043,2.360373040,0.000000000,0.000000000,0.000000000,0.072296427
353,0.002941667,0.337121186,0.000000000,0.000000000,3.090909091,0.000000000,0.837034176,0.837034176,0.000000010000,0.000000000,3.400000000,4.000000000,4.000000000,3.598425197,3.799212598,0.035636808,2.360406845,0.000000000,0.000000000,0.000000000,0.070881634
354,0.002950000,0.337694095,1.911245408,0.000000000,3.090909091,0.000000000,0.820867210,0.820867210,0.000000010000,0.000000000,3.400000000,4.000000000,4.000000000,3.598425197,3.799212598,0.035739570,2.360440648,0.000000000,0.000000000,0.000000000,0.069494168
355,0.002958333,0.338265484,0.000000000,0.000000000,3.090909091,0.000000000,0.805012503,0.805012503,0.000000010000,0.000000000,3.400000000,4.000000000,4.000000000,3.598425197,3.799212598,0.035842330,2.360474451,1.974467526,0.000000000,0.000000000,0.068133503
356,0.002966667,0.338835357,0.000000000,0.000000000,3.090909091,0.000000000,0.789464023,0.789464023,0.000000010000,0.000000000,3.400000000,4.000000000,4.000000000,3.598425197,3.799212598,0.035945086,2.360508252,0.000000000,0.000000000,0.000000000,0.066799120
357,0.002975000,0.339403718,0.000000000,0.000000000,3.090909091,0.000000000,0.774215855,0.774215855,0.000000010000,0.000000000,3.400000000,4.000000000,4.000000000,3.598425197,3.799212598,0.036047840,2.360542053,0.000000000,0.000000000,0.000000000,0.065490511
358,0.002983333,0.339970571,1.599689970,0.599689970,3.090909091,1.853587179,0.795063461,0.795063461,0.000000010000,0.000000000,3.400000000,4.000000000,4.000000000,3.598425197,3.799212598,0.036150591,2.360575852,1.404338386,0.000000000,0.000000000,0.067262989
359,0.002991667,0.340535920,0.000000000,1.000000000,3.090909091,3.090909091,0.839406761,0.839406761,0.000000010000,0.000000000,3.400000000,4.000000000,4.000000000,3.598425197,3.799212598,0.036253339,2.360609651,0.000000000,0.000000000,0.000000000,0.071040749
360,0.003000000,0.341099769,0.000000000,1.000000000,3.090909091,3.090909091,0.882893588,0.882893588,0.000000010000,0.000000000,3.400000000,4.000000000,4.000000000,3.598425197,3.799212598,0.036356085,2.360643449,0.000000000,0.000000000,0.000000000,0.074745002
361,0.003008333,0.341662122,0.000000000,1.000000000,3.090909091,3.090909091,0.925540486,0.925540486,0.000000010000,0.000000000,3.400000000,4.000000000,4.000000000,3.598425197,3.799212598,0.036458827,2.360677246,0.000000000,0.000000000,0.000000000,0.078377170
362,0.003016667,0.342222983,1.273931678,1.000000000,3.090909091,3.090909091,0.967363676,0.967363676,0.000000010000,0.000000000,3.400000000,4.000000000,4.000000000,3.598425197,3.799212598,0.036561567,2.360711042,1.855363602,0.000000000,0.000000000,0.081938645
363,0.003025000,0.342782355,0.000000000,1.000000000,3.090909091,3.090909091,1.008379069,1.008379069,0.000000010000,0.000000000,3.400000000,4.000000000,4.000000000,3.598425197,3.799212598,0.036664304,2.360744837,0.000000000,0.000000000,0.000000000,0.085430791
364,0.003033333,0.343340244,0.000000000,1.000000000,3.090909091,3.090909091,1.048602267,1.048602267,0.000000010000,0.000000000,3.400000000,4.000000000,4.000000000,3.598425197,3.799212598,0.036767038,2.360778631,0.000000000,0.000000000,0.000000000,0.088854949
365,0.003041667,0.343896652,0.000000000,1.000000000,3.090909091,3.090909091,1.088048570,1.088048570,0.000000010000,0.000000000,3.400000000,4.000000000,4.000000000,3.598425197,3.799212598,0.036869769,2.360812424,1.314438753,0.000000000,0.000000000,0.092212431
366,0.003050000,0.344451584,0.000000000,1.000000000,3.090909091,3.090909091,1.126732985,1.126732985,0.000000010000,0.000000000,3.400000000,4.000000000,4.000000000,3.598425197,3.799212598,0.036972498,2.360846216,0.000000000,0.000000000,0.000000000,0.095504525
367,0.003058333,0.345005043,1.943847826,1.000000000,3.090909091,3.090909091,1.164670226,1.164670226,0.000000010000,0.000000000,3.400000000,4.000000000,4.000000000,3.598425197,3.799212598,0.037075224,2.360880008,0.000000000,0.000000000,0.000000000,0.098732495
368,0.003066667,0.345557034,0.000000000,1.000000000,3.090909091,3.090909091,1.201874725,1.201874725,0.000000010000,0.000000000,3.400000000,4.000000000,4.000000000,3.598425197,3.799212598,0.037177947,2.360913798,0.000000000,0.000000000,0.000000000,0.101897578
369,0.003075000,0.346107561,0.000000000,1.000000000,3.090909091,3.090909091,1.238360635,1.238360635,0.000000010000,0.000000000,3.400000000,4.000000000,4.000000000,3.598425197,3.799212598,0.037280667,2.360947588,1.739065103,0.000000000,0.000000000,0.105000990
370,0.003083333,0.346656626,0.000000000,1.000000000,3.090909091,3.090909091,1.274141835,1.274141835,0.000000010000,0.000000000,3.400000000,4.000000000,4.000000000,3.598425197,3.799212598,0.037383384,2.360981376,0.000000000,0.000000000,0.000000000,0.108043921
371,0.003091667,0.347204235,1.617412294,1.000000000,3.090909091,3.090909091,1.309231936,1.309231936,0.000000010000,0.000000000,3.400000000,4.000000000,4.000000000,3.598425197,3.799212598,0.037486099,2.361015164,0.000000000,0.000000000,0.000000000,0.111027541
372,0.003100000,0.347750391,0.000000000,1.000000000,3.090909091,3.090909091,1.343644286,1.343644286,0.000000010000,0.000000000,3.400000000,4.000000000,4.000000000,3.598425197,3.799212598,0.037588810,2.361048951,1.236733978,0.000000000,0.000000000,0.113952993
373,0.003108333,0.348295098,0.000000000,1.000000000,3.090909091,3.090909091,1.377391976,1.377391976,0.000000010000,0.000000000,3.400000000,4.000000000,4.000000000,3.598425197,3.799212598,0.037691519,2.361082737,0.000000000,0.000000000,0.000000000,0.116821403
374,0.003116667,0.348838359,0.000000000,1.000000000,3.090909091,3.090909091,1.410487844,1.410487844,0.000000010000,0.000000000,3.400000000,4.000000000,4.000000000,3.598425197,3.799212598,0.037794225,2.361116522,0.000000000,0.000000000,0.000000000,0.119633872
375,0.003125000,0.349380180,1.281405271,1.000000000,3.090909091,3.090909091,1.442944479,1.442944479,0.000000010000,0.000000000,3.400000000,4.000000000,4.000000000,3.598425197,3.799212598,0.037896929,2.361150305,0.000000000,0.000000000,0.000000000,0.122391481
376,0.003133333,0.349920562,0.000000000,1.000000000,3.090909091,3.090909091,1.474774227,1.474774227,0.000000010000,0.000000000,3.400000000,4.000000000,4.000000000,3.598425197,3.799212598,0.037999629,2.361184089,1.649294674,0.000000000,0.000000000,0.125095288
377,0.003141667,0.350459511,0.000000000,1.000000000,3.090909091,3.090909091,1.505989197,1.505989197,0.000000010000,0.000000000,3.400000000,4.000000000,4.000000000,3.598425197,3.799212598,0.038102327,2.361217871,0.000000000,0.000000000,0.000000000,0.127746334
378,0.003150000,0.350997029,0.000000000,1.000000000,3.090909091,3.090909091,1.536601263,1.536601263,0.000000010000,0.000000000,3.400000000,4.000000000,4.000000000,3.598425197,3.799212598,0.038205022,2.361251652,0.000000000,0.000000000,0.000000000,0.130345637
379,0.003158333,0.351533122,0.000000000,1.000000000,3.090909091,3.090909091,1.566622070,1.566622070,0.000000010000,0.000000000,3.400000000,4.000000000,4.000000000,3.598425197,3.799212598,0.038307714,2.361285432,1.171925634,0.000000000,0.000000000,0.132894196
380,0.003166667,0.352067792,1.939992614,1.000000000,3.090909091,3.090909091,1.596063037,1.596063037,0.000000010000,0.000000000,3.400000000,4.000000000,4.000000000,3.598425197,3.799212598,0.038410403,2.361319212,0.000000000,0.000000000,0.000000000,0.135392993
381,0.003175000,0.352601044,0.000000000,1.000000000,3.090909091,3.090909091,1.624935364,1.624935364,0.000000010000,0.000000000,3.400000000,4.000000000,4.000000000,3.598425197,3.799212598,0.038513090,2.361352990,0.000000000,0.000000000,0.000000000,0.137842988
382,0.003183333,0.353132880,0.000000000,1.000000000,3.090909091,3.090909091,1.653250035,1.653250035,0.000000010000,0.000000000,3.400000000,4.000000000,4.000000000,3.598425197,3.799212598,0.038615773,2.361386768,0.000000000,0.000000000,0.000000000,0.140245124
383,0.003191667,0.353663306,0.000000000,1.000000000,3.090909091,3.090909091,1.681017819,1.681017819,0.000000010000,0.000000000,3.400000000,4.000000000,4.000000000,3.598425197,3.799212598,0.038718454,2.361420544,1.580929635,0.000000000,0.000000000,0.142600325
384,0.003200000,0.354192324,1.603845045,1.000000000,3.090909091,3.090909091,1.708249280,1.708249280,0.000000010000,0.000000000,3.400000000,4.000000000,4.000000000,3.598425197,3.799212598,0.038821132,2.361454320,0.000000000,0.000000000,0.000000000,0.144909498
385,0.003208333,0.354719938,0.000000000,1.000000000,3.090909091,3.090909091,1.734954777,1.734954777,0.000000010000,0.000000000,3.400000000,4.000000000,4.000000000,3.598425197,3.799212598,0.038923808,2.361488095,0.000000000,0.000000000,0.000000000,0.147173532
386,0.003216667,0.355246153,0.000000000,1.000000000,3.090909091,3.090909091,1.761144468,1.761144468,0.000000010000,0.000000000,3.400000000,4.000000000,4.000000000,3.598425197,3.799212598,0.039026480,2.361521868,1.086687613,0.000000000,0.000000000,0.149393298
387,0.003225000,0.355770971,0.000000000,1.000000000,3.090909091,3.090909091,1.786828317,1.786828317,0.000000010000,0.000000000,3.400000000,4.000000000,4.000000000,3.598425197,3.799212598,0.039129150,2.361555641,0.000000000,0.000000000,0.000000000,0.151569653
388,0.003233333,0.356294397,1.256779510,1.000000000,3.090909091,3.090909091,1.812016092,1.812016092,0.000000010000,0.000000000,3.400000000,4.000000000,4.000000000,3.598425197,3.799212598,0.039231817,2.361589413,0.000000000,0.000000000,0.000000000,0.153703433
389,0.003241667,0.356816434,0.000000000,1.000000000,3.090909091,3.090909091,1.836717377,1.836717377,0.000000010000,0.000000000,3.400000000,4.000000000,4.000000000,3.598425197,3.799212598,0.039334481,2.361623184,0.000000000,0.000000000,0.000000000,0.155795463
390,0.003250000,0.357337086,0.000000000,1.000000000,3.090909091,3.090909091,1.860941566,1.860941566,0.000000010000,0.000000000,3.400000000,4.000000000,4.000000000,3.598425197,3.799212598,0.039437142,2.361656955,1.498975590,0.000000000,0.000000000,0.157846547
391,0.003258333,0.357856357,0.000000000,1.000000000,3.090909091,3.090909091,1.884697875,1.884697875,0.000000010000,0.000000000,3.400000000,4.000000000,4.000000000,3.598425197,3.799212598,0.039539800,2.361690724,0.000000000,0.000000000,0.000000000,0.159857478
392,0.003266667,0.358374249,0.000000000,1.000000000,3.090909091,3.090909091,1.907995341,1.907995341,0.000000010000,0.000000000,3.400000000,4.000000000,4.000000000,3.598425197,3.799212598,0.039642456,2.361724492,0.000000000,0.000000000,0.000000000,0.161829031
393,0.003275000,0.358890768,1.903494734,0.096505266,3.090909091,0.298289003,1.876904535,1.876904535,0.000000010000,0.000000000,3.400000000,4.000000000,4.000000000,3.598425197,3.799212598,0.039745109,2.361758259,0.000000000,0.000000000,0.000000000,0.159158074
394,0.003283333,0.359405916,0.000000000,0.000000000,3.090909091,0.000000000,1.840652908,1.840652908,0.000000010000,0.000000000,3.400000000,4.000000000,4.000000000,3.598425197,3.799212598,0.039847759,2.361792026,1.993285785,0.000000000,0.000000000,0.156046901
395,0.003291667,0.359919697,0.000000000,0.000000000,3.090909091,0.000000000,1.805101466,1.805101466,0.000000010000,0.000000000,3.400000000,4.000000000,4.000000000,3.598425197,3.799212598,0.039950406,2.361825791,0.000000000,0.000000000,0.000000000,0.152995822
396,0.003300000,0.360432115,0.000000000,0.000000000,3.090909091,0.000000000,1.770236685,1.770236685,0.000000010000,0.000000000,3.400000000,4.000000000,4.000000000,3.598425197,3.799212598,0.040053050,2.361859556,0.000000000,0.000000000,0.000000000,0.150003678
397,0.003308333,0.360943174,1.562608335,0.000000000,3.090909091,0.000000000,1.736045302,1.736045302,0.000000010000,0.000000000,3.400000000,4.000000000,4.000000000,3.598425197,3.799212598,0.040155692,2.361893320,1.418054432,0.000000000,0.000000000,0.147069329
398,0.003316667,0.361452876,0.000000000,0.000000000,3.090909091,0.000000000,1.702514312,1.702514312,0.000000010000,0.000000000,3.400000000,0.984864573,4.000000000,2.993023989,3.496511995,0.040250066,1.856095723,1.000000000,0.000000000,0.000000000,0.144191659
399,0.003325000,0.361961227,0.000000000,0.000000000,3.090909091,0.000000000,1.669630959,1.669630959,0.000000010000,0.000000000,3.400000000,0.000000000,4.000000000,2.795275591,3.397637795,0.040341737,1.690901887,0.000000000,0.000000000,0.000000000,0.141369574
400,0.003333333,0.362468228,0.000000000,0.000000000,3.090909091,0.000000000,1.637382734,1.637382734,0.000000010000,0.000000000,3.400000000,0.000000000,4.000000000,2.795275591,3.397637795,0.040433406,1.690932042,0.000000000,0.000000000,0.000000000,0.138602000
401,0.003341667,0.362973884,1.204333083,0.000000000,3.090909091,0.000000000,1.605757371,1.605757371,0.000000010000,0.000000000,3.400000000,0.000000000,4.000000000,2.795275591,3.397637795,0.040525073,1.690962195,1.807061261,0.000000000,0.000000000,0.135887884
402,0.003350000,0.363478198,0.000000000,0.000000000,3.090909091,0.000000000,1.574742837,1.574742837,0.000000010000,0.000000000,3.400000000,0.000000000,4.000000000,2.795275591,3.397637795,0.040616737,1.690992348,0.000000000,0.000000000,0.000000000,0.133226194
403,0.003358333,0.363981175,0.000000000,0.000000000,3.090909091,0.000000000,1.544327337,1.544327337,0.000000010000,0.000000000,3.400000000,0.000000000,4.000000000,2.795275591,3.397637795,0.040708398,1.691022499,1.005935802,0.000000000,0.000000000,0.130615917
404,0.003366667,0.364482817,0.000000000,0.000000000,3.090909091,0.000000000,1.514499299,1.514499299,0.000000010000,0.000000000,3.400000000,0.000000000,4.000000000,2.795275591,3.397637795,0.040800057,1.691052650,0.000000000,0.000000000,0.000000000,0.128056060
405,0.003375000,0.364983127,0.000000000,0.000000000,3.090909091,0.000000000,1.485247378,1.485247378,0.000000010000,0.000000000,3.400000000,0.000000000,4.000000000,2.795275591,3.397637795,0.040891714,1.691082801,0.000000000,0.000000000,0.000000000,0.125545649
406,0.003383333,0.365482111,1.840064494,0.000000000,3.090909091,0.000000000,1.456560445,1.456560445,0.000000010000,0.000000000,3.400000000,0.000000000,4.000000000,2.795275591,3.397637795,0.040983368,1.691112950,1.136972672,0.000000000,0.000000000,0.123083730
407,0.003391667,0.365979770,0.000000000,0.000000000,3.090909091,0.000000000,1.428427588,1.428427588,0.000000010000,0.000000000,3.400000000,0.000000000,4.000000000,2.795275591,3.397637795,0.041075019,1.691143098,0.000000000,0.000000000,0.000000000,0.120669365
408,0.003400000,0.366476109,0.000000000,0.000000000,3.090909091,0.000000000,1.400838106,1.400838106,0.000000010000,0.000000000,3.400000000,0.000000000,4.000000000,2.795275591,3.397637795,0.041166668,1.691173246,0.000000000,0.000000000,0.000000000,0.118301636
409,0.003408333,0.366971131,0.000000000,0.000000000,3.090909091,0.000000000,1.373781503,1.373781503,0.000000010000,0.000000000,3.400000000,0.000000000,4.000000000,2.795275591,3.397637795,0.041258315,1.691203393,1.240127847,0.000000000,0.000000000,0.115979642
410,0.003416667,0.367464840,1.495221335,0.000000000,3.090909091,0.000000000,1.347247487,1.347247487,0.000000010000,0.000000000,3.400000000,0.000000000,4.000000000,2.795275591,3.397637795,0.041349959,1.691233539,0.000000000,0.000000000,0.000000000,0.113702501
411,0.003425000,0.367957238,0.000000000,0.000000000,3.090909091,0.000000000,1.321225964,1.321225964,0.000000010000,0.000000000,3.400000000,0.000000000,4.000000000,2.795275591,3.397637795,0.041441600,1.691263684,0.000000000,0.000000000,0.000000000,0.111469345
412,0.003433333,0.368448330,0.000000000,0.000000000,3.090909091,0.000000000,1.295707036,1.295707036,0.000000010000,0.000000000,3.400000000,0.000000000,4.000000000,2.795275591,3.397637795,0.041533239,1.691293829,1.333267561,0.000000000,0.000000000,0.109279325
413,0.003441667,0.368938120,0.000000000,0.000000000,3.090909091,0.000000000,1.270680996,1.270680996,0.000000010000,0.000000000,3.400000000,0.000000000,4.000000000,2.795275591,3.397637795,0.041624875,1.691323972,0.000000000,0.000000000,0.000000000,0.107131609
414,0.003450000,0.369426609,1.126910140,0.000000000,3.090909091,0.000000000,1.246138323,1.246138323,0.000000010000,0.000000000,3.400000000,0.000000000,4.000000000,2.795275591,3.397637795,0.041716509,1.691354115,0.000000000,0.000000000,0.000000000,0.105025378
415,0.003458333,0.369913803,0.000000000,0.000000000,3.090909091,0.000000000,1.222069682,1.222069682,0.000000010000,0.000000000,3.400000000,0.000000000,4.000000000,2.795275591,3.397637795,0.041808141,1.691384257,1.428365383,0.000000000,0.000000000,0.102959832
416,0.003466667,0.370399704,0.000000000,0.000000000,3.090909091,0.000000000,1.198465916,1.198465916,0.000000010000,0.000000000,3.400000000,0.000000000,4.000000000,2.795275591,3.397637795,0.041899770,1.691414398,0.000000000,0.000000000,0.000000000,0.100934184
417,0.003475000,0.370884315,0.000000000,0.000000000,3.090909091,0.000000000,1.175318047,1.175318047,0.000000010000,0.000000000,3.400000000,0.000000000,4.000000000,2.795275591,3.397637795,0.041991396,1.691444538,0.000000000,0.000000000,0.000000000,0.098947665
418,0.003483333,0.371367641,0.000000000,0.000000000,3.090909091,0.000000000,1.152617270,1.152617270,0.000000010000,0.000000000,3.400000000,0.000000000,4.000000000,2.795275591,3.397637795,0.042083020,1.691474678,1.538487934,0.000000000,0.000000000,0.096999518
419,0.003491667,0.371849684,1.754755666,0.000000000,3.090909091,0.000000000,1.130354949,1.130354949,0.000000010000,0.000000000,3.400000000,0.000000000,4.000000000,2.795275591,3.397637795,0.042174642,1.691504816,0.000000000,0.000000000,0.000000000,0.095089003
420,0.003500000,0.372330449,0.000000000,0.000000000,3.090909091,0.000000000,1.108522615,1.108522615,0.000000010000,0.000000000,3.400000000,0.000000000,4.000000000,2.795275591,3.397637795,0.042266260,1.691534954,0.000000000,0.000000000,0.000000000,0.093215392
421,0.003508333,0.372809937,0.000000000,0.000000000,3.090909091,0.000000000,1.087111964,1.087111964,0.000000010000,0.000000000,3.400000000,0.000000000,4.000000000,2.795275591,3.397637795,0.042357877,1.691565091,1.686307049,0.000000000,0.000000000,0.091377973
422,0.003516667,0.373288154,0.000000000,0.000000000,3.090909091,0.000000000,1.066114850,1.066114850,0.000000010000,0.000000000,3.400000000,0.000000000,4.000000000,2.795275591,3.397637795,0.042449491,1.691595227,0.000000000,0.000000000,0.000000000,0.089576046
423,0.003525000,0.373765102,1.390806835,0.000000000,3.090909091,0.000000000,1.045523287,1.045523287,0.000000010000,0.000000000,3.400000000,0.000000000,4.000000000,2.795275591,3.397637795,0.042541102,1.691625363,0.000000000,0.000000000,0.000000000,0.087808926
424,0.003533333,0.374240784,0.000000000,0.000000000,3.090909091,0.000000000,1.025329441,1.025329441,0.000000010000,0.000000000,3.400000000,0.000000000,4.000000000,2.795275591,3.397637795,0.042632711,1.691655497,1.906022960,0.000000000,0.000000000,0.086075941
425,0.003541667,0.374715204,0.000000000,0.000000000,3.090909091,0.000000000,1.005525631,1.005525631,0.000000010000,0.000000000,3.400000000,0.000000000,4.000000000,2.795275591,3.397637795,0.042724318,1.691685631,0.000000000,0.000000000,0.000000000,0.084376432
426,0.003550000,0.375188365,0.000000000,0.000000000,3.090909091,0.000000000,0.986104323,0.986104323,0.000000010000,0.000000000,3.400000000,0.000000000,4.000000000,2.795275591,3.397637795,0.042815922,1.691715764,1.067251485,0.000000000,0.000000000,0.082709752
427,0.003558333,0.375660271,1.015982631,0.015982631,3.090909091,0.049400861,0.968012287,0.968012287,0.000000010000,0.000000000,3.400000000,0.000000000,4.000000000,2.795275591,3.397637795,0.042907523,1.691745896,0.000000000,0.000000000,0.000000000,0.081156708
428,0.003566667,0.376130925,0.000000000,1.000000000,3.090909091,3.090909091,1.009015153,1.009015153,0.000000010000,0.000000000,3.400000000,0.000000000,4.000000000,2.795275591,3.397637795,0.042999122,1.691776027,0.000000000,0.000000000,0.000000000,0.084647862
429,0.003575000,0.376600330,0.000000000,1.000000000,3.090909091,3.090909091,1.049226065,1.049226065,0.000000010000,0.000000000,3.400000000,0.000000000,4.000000000,2.795275591,3.397637795,0.043090718,1.691806157,1.182831206,0.000000000,0.000000000,0.088071048
430,0.003583333,0.377068489,0.000000000,1.000000000,3.090909091,3.090909091,1.088660320,1.088660320,0.000000010000,0.000000000,3.400000000,0.000000000,4.000000000,2.795275591,3.397637795,0.043182312,1.691836287,0.000000000,0.000000000,0.000000000,0.091427579
431,0.003591667,0.377535407,0.000000000,1.000000000,3.090909091,3.090909091,1.127332919,1.127332919,0.000000010000,0.000000000,3.400000000,0.000000000,4.000000000,2.795275591,3.397637795,0.043273904,1.691866416,0.000000000,0.000000000,0.000000000,0.094718741
432,0.003600000,0.378001085,1.642647102,1.000000000,3.090909091,3.090909091,1.165258572,1.165258572,0.000000010000,0.000000000,3.400000000,0.000000000,4.000000000,2.795275591,3.397637795,0.043365493,1.691896544,1.279570962,0.000000000,0.000000000,0.097945799
433,0.003608333,0.378465528,0.000000000,1.000000000,3.090909091,3.090909091,1.202451708,1.202451708,0.000000010000,0.000000000,3.400000000,0.000000000,4.000000000,2.795275591,3.397637795,0.043457079,1.691926671,0.000000000,0.000000000,0.000000000,0.101109989
434,0.003616667,0.378928739,0.000000000,1.000000000,3.090909091,3.090909091,1.238926474,1.238926474,0.000000010000,0.000000000,3.400000000,0.000000000,4.000000000,2.795275591,3.397637795,0.043548663,1.691956797,0.000000000,0.000000000,0.000000000,0.104212527
435,0.003625000,0.379390720,0.000000000,1.000000000,3.090909091,3.090909091,1.274696745,1.274696745,0.000000010000,0.000000000,3.400000000,0.000000000,4.000000000,2.795275591,3.397637795,0.043640244,1.691986922,1.371599775,0.000000000,0.000000000,0.107254603
436,0.003633333,0.379851476,1.261805452,1.000000000,3.090909091,3.090909091,1.309776128,1.309776128,0.000000010000,0.000000000,3.400000000,0.000000000,4.000000000,2.795275591,3.397637795,0.043731823,1.692017047,0.000000000,0.000000000,0.000000000,0.110237385
437,0.003641667,0.380311009,0.000000000,1.000000000,3.090909091,3.090909091,1.344177967,1.344177967,0.000000010000,0.000000000,3.400000000,0.000000000,4.000000000,2.795275591,3.397637795,0.043823400,1.692047171,0.000000000,0.000000000,0.000000000,0.113162019
438,0.003650000,0.380769323,0.000000000,1.000000000,3.090909091,3.090909091,1.377915350,1.377915350,0.000000010000,0.000000000,3.400000000,0.000000000,4.000000000,2.795275591,3.397637795,0.043914974,1.692077294,1.470454419,0.000000000,0.000000000,0.116029626
439,0.003658333,0.381226421,0.000000000,1.000000000,3.090909091,3.090909091,1.411001108,1.411001108,0.000000010000,0.000000000,3.400000000,0.000000000,4.000000000,2.795275591,3.397637795,0.044006545,1.692107416,0.000000000,0.000000000,0.000000000,0.118841310
440,0.003666667,0.381682307,0.000000000,1.000000000,3.090909091,3.090909091,1.443447830,1.443447830,0.000000010000,0.000000000,3.400000000,0.000000000,4.000000000,2.795275591,3.397637795,0.044098114,1.692137537,0.000000000,0.000000000,0.000000000,0.121598150
441,0.003675000,0.382136982,1.871349272,1.000000000,3.090909091,3.090909091,1.475267856,1.475267856,0.000000010000,0.000000000,3.400000000,0.000000000,4.000000000,2.795275591,3.397637795,0.044189680,1.692167658,1.591547270,0.000000000,0.000000000,0.124301205
442,0.003683333,0.382590451,0.000000000,1.000000000,3.090909091,3.090909091,1.506473292,1.506473292,0.000000010000,0.000000000,3.400000000,0.000000000,4.000000000,2.795275591,3.397637795,0.044281244,1.692197778,0.000000000,0.000000000,0.000000000,0.126951515
443,0.003691667,0.383042717,0.000000000,1.000000000,3.090909091,3.090909091,1.537076008,1.537076008,0.000000010000,0.000000000,3.400000000,0.000000000,4.000000000,2.795275591,3.397637795,0.044372806,1.692227897,0.000000000,0.000000000,0.000000000,0.129550098
444,0.003700000,0.383493783,0.000000000,1.000000000,3.090909091,3.090909091,1.567087645,1.567087645,0.000000010000,0.000000000,3.400000000,0.000000000,4.000000000,2.795275591,3.397637795,0.044464365,1.692258015,1.766317212,0.000000000,0.000000000,0.132097954
445,0.003708333,0.383943652,1.505289307,1.000000000,3.090909091,3.090909091,1.596519620,1.596519620,0.000000010000,0.000000000,3.400000000,0.000000000,4.000000000,2.795275591,3.397637795,0.044555921,1.692288132,0.000000000,0.000000000,0.000000000,0.134596061
446,0.003716667,0.384392328,0.000000000,1.000000000,3.090909091,3.090909091,1.625383128,1.625383128,0.000000010000,0.000000000,3.400000000,0.000000000,4.000000000,2.795275591,3.397637795,0.044647475,1.692318248,0.000000000,0.000000000,0.000000000,0.137045382
447,0.003725000,0.384839813,0.000000000,1.000000000,3.090909091,3.090909091,1.653689150,1.653689150,0.000000010000,0.000000000,3.400000000,0.000000000,4.000000000,2.795275591,3.397637795,0.044739026,1.692348364,1.971618970,0.000000000,0.000000000,0.139446858
448,0.003733333,0.385286111,0.000000000,1.000000000,3.090909091,3.090909091,1.681448453,1.681448453,0.000000010000,0.000000000,3.400000000,0.000000000,4.000000000,2.795275591,3.397637795,0.044830575,1.692378479,0.000000000,0.000000000,0.000000000,0.141801413
449,0.003741667,0.385731224,1.113034230,1.000000000,3.090909091,3.090909091,1.708671597,1.708671597,0.000000010000,0.000000000,3.400000000,0.000000000,4.000000000,2.795275591,3.397637795,0.044922122,1.692408593,1.111348132,0.000000000,0.000000000,0.144109955
450,0.003750000,0.386175157,0.000000000,1.000000000,3.090909091,3.090909091,1.735368937,1.735368937,0.000000010000,0.000000000,3.400000000,0.000000000,4.000000000,2.795275591,3.397637795,0.045013666,1.692438706,0.000000000,0.000000000,0.000000000,0.146373371
451,0.003758333,0.386617912,0.000000000,1.000000000,3.090909091,3.090909091,1.761550629,1.761550629,0.000000010000,0.000000000,3.400000000,0.000000000,4.000000000,2.795275591,3.397637795,0.045105207,1.692468818,0.000000000,0.000000000,0.000000000,0.148592533
452,0.003766667,0.387059492,0.000000000,1.000000000,3.090909091,3.090909091,1.787226633,1.787226633,0.000000010000,0.000000000,3.400000000,0.000000000,4.000000000,2.795275591,3.397637795,0.045196746,1.692498930,1.217690979,0.000000000,0.000000000,0.150768296
453,0.003775000,0.387499900,0.000000000,1.000000000,3.090909091,3.090909091,1.812406715,1.812406715,0.000000010000,0.000000000,3.400000000,0.000000000,4.000000000,2.795275591,3.397637795,0.045288282,1.692529040,0.000000000,0.000000000,0.000000000,0.152901499
454,0.003783333,0.387939140,1.716799139,1.000000000,3.090909091,3.090909091,1.837100454,1.837100454,0.000000010000,0.000000000,3.400000000,0.000000000,4.000000000,2.795275591,3.397637795,0.045379816,1.692559150,0.000000000,0.000000000,0.000000000,0.154992964
455,0.003791667,0.388377214,0.000000000,1.000000000,3.090909091,3.090909091,1.861317245,1.861317245,0.000000010000,0.000000000,3.400000000,0.000000000,4.000000000,2.795275591,3.397637795,0.045471348,1.692589259,1.310924557,0.000000000,0.000000000,0.157043496
456,0.003800000,0.388814126,0.000000000,1.000000000,3.090909091,3.090909091,1.885066298,1.885066298,0.000000010000,0.000000000,3.400000000,0.000000000,4.000000000,2.795275591,3.397637795,0.045562877,1.692619367,0.000000000,0.000000000,0.000000000,0.159053886
457,0.003808333,0.389249879,0.000000000,1.000000000,3.090909091,3.090909091,1.908356648,1.908356648,0.000000010000,0.000000000,3.400000000,0.000000000,4.000000000,2.795275591,3.397637795,0.045654403,1.692649475,0.000000000,0.000000000,0.000000000,0.161024910
458,0.003816667,0.389684476,1.325714775,1.000000000,3.090909091,3.090909091,1.931197154,1.931197154,0.000000010000,0.000000000,3.400000000,0.000000000,4.000000000,2.795275591,3.397637795,0.045745927,1.692679581,1.403374286,0.000000000,0.000000000,0.162957328
459,0.003825000,0.390117919,0.000000000,1.000000000,3.090909091,3.090909091,1.953596506,1.953596506,0.000000010000,0.000000000,3.400000000,0.000000000,4.000000000,2.795275591,3.397637795,0.045837448,1.692709687,0.000000000,0.000000000,0.000000000,0.164851886
460,0.003833333,0.390550213,0.000000000,1.000000000,3.090909091,3.090909091,1.975563224,1.975563224,0.000000010000,0.000000000,3.400000000,0.000000000,4.000000000,2.795275591,3.397637795,0.045928967,1.692739792,0.000000000,0.000000000,0.000000000,0.166709315
461,0.003841667,0.390981359,0.000000000,1.000000000,3.090909091,3.090909091,1.997105663,1.997105663,0.000000010000,0.000000000,3.400000000,0.000000000,4.000000000,2.795275591,3.397637795,0.046020484,1.692769896,1.506958597,0.000000000,0.000000000,0.168530333
462,0.003850000,0.391411361,0.000000000,1.000000000,3.090909091,3.090909091,2.018232020,2.018232020,0.000000010000,0.000000000,3.400000000,0.000000000,4.000000000,2.795275591,3.397637795,0.046111998,1.692799999,0.000000000,0.000000000,0.000000000,0.170315642
463,0.003858333,0.391840223,1.921856928,0.078143072,3.090909091,0.241533132,1.983915823,1.983915823,0.000000010000,0.000000000,3.400000000,0.000000000,4.000000000,2.795275591,3.397637795,0.046203509,1.692830102,0.000000000,0.000000000,0.000000000,0.167368474
464,0.003866667,0.392267947,0.000000000,0.000000000,3.090909091,0.000000000,1.945597317,1.945597317,0.000000010000,0.000000000,3.400000000,0.000000000,4.000000000,2.795275591,3.397637795,0.046295018,1.692860203,1.640227930,0.000000000,0.000000000,0.164080003
465,0.003875000,0.392694535,0.000000000,0.000000000,3.090909091,0.000000000,1.908018917,1.908018917,0.000000010000,0.000000000,3.400000000,0.000000000,4.000000000,2.795275591,3.397637795,0.046386525,1.692890304,0.000000000,0.000000000,0.000000000,0.160855053
466,0.003883333,0.393119992,0.000000000,0.000000000,3.090909091,0.000000000,1.871166329,1.871166329,0.000000010000,0.000000000,3.400000000,0.000000000,4.000000000,2.795275591,3.397637795,0.046478028,1.692920404,0.000000000,0.000000000,0.000000000,0.157692397
467,0.003891667,0.393544320,1.531679534,0.000000000,3.090909091,0.000000000,1.835025532,1.835025532,0.000000010000,0.000000000,3.400000000,0.000000000,4.000000000,2.795275591,3.397637795,0.046569530,1.692950503,1.846008668,0.000000000,0.000000000,0.154590832
468,0.003900000,0.393967523,0.000000000,0.000000000,3.090909091,0.000000000,1.799582781,1.799582781,0.000000010000,0.000000000,3.400000000,0.000000000,4.000000000,2.795275591,3.397637795,0.046661029,1.692980602,0.000000000,0.000000000,0.000000000,0.151549177
469,0.003908333,0.394389602,0.000000000,0.000000000,3.090909091,0.000000000,1.764824591,1.764824591,0.000000010000,0.000000000,3.400000000,0.000000000,4.000000000,2.795275591,3.397637795,0.046752525,1.693010699,1.028097663,0.000000000,0.000000000,0.148566277
470,0.003916667,0.394810561,0.000000000,0.000000000,3.090909091,0.000000000,1.730737741,1.730737741,0.000000010000,0.000000000,3.400000000,0.000000000,4.000000000,2.795275591,3.397637795,0.046844019,1.693040796,0.000000000,0.000000000,0.000000000,0.145640996
471,0.003925000,0.395230404,1.125569156,0.000000000,3.090909091,0.000000000,1.697309264,1.697309264,0.000000010000,0.000000000,3.400000000,0.000000000,4.000000000,2.795275591,3.397637795,0.046935511,1.693070892,0.000000000,0.000000000,0.000000000,0.142772220
472,0.003933333,0.395649132,0.000000000,0.000000000,3.090909091,0.000000000,1.664526444,1.664526444,0.000000010000,0.000000000,3.400000000,0.000000000,4.000000000,2.795275591,3.397637795,0.047027000,1.693100987,1.151864787,0.000000000,0.000000000,0.139958860
473,0.003941667,0.396066750,0.000000000,0.000000000,3.090909091,0.000000000,1.632376811,1.632376811,0.000000010000,0.000000000,3.400000000,0.000000000,4.000000000,2.795275591,3.397637795,0.047118486,1.693131081,0.000000000,0.000000000,0.000000000,0.137199843
474,0.003950000,0.396483259,0.000000000,0.000000000,3.090909091,0.000000000,1.600848134,1.600848134,0.000000010000,0.000000000,3.400000000,0.000000000,4.000000000,2.795275591,3.397637795,0.047209970,1.693161174,0.000000000,0.000000000,0.000000000,0.134494122
475,0.003958333,0.396898664,0.000000000,0.000000000,3.090909091,0.000000000,1.569928421,1.569928421,0.000000010000,0.000000000,3.400000000,0.000000000,4.000000000,2.795275591,3.397637795,0.047301451,1.693191267,1.251298865,0.000000000,0.000000000,0.131840666
476,0.003966667,0.397312966,1.714282602,0.000000000,3.090909091,0.000000000,1.539605909,1.539605909,0.000000010000,0.000000000,3.400000000,0.000000000,4.000000000,2.795275591,3.397637795,0.047392930,1.693221359,0.000000000,0.000000000,0.000000000,0.129238466
477,0.003975000,0.397726169,0.000000000,0.000000000,3.090909091,0.000000000,1.509869064,1.509869064,0.000000010000,0.000000000,3.400000000,0.000000000,4.000000000,2.795275591,3.397637795,0.047484407,1.693251450,0.000000000,0.000000000,0.000000000,0.126686531
478,0.003983333,0.398138275,0.000000000,0.000000000,3.090909091,0.000000000,1.480706574,1.480706574,0.000000010000,0.000000000,3.400000000,0.000000000,4.000000000,2.795275591,3.397637795,0.047575881,1.693281540,1.342448249,0.000000000,0.000000000,0.124183892
479,0.003991667,0.398549288,0.000000000,0.000000000,3.090909091,0.000000000,1.452107344,1.452107344,0.000000010000,0.000000000,3.400000000,0.000000000,4.000000000,2.795275591,3.397637795,0.047667352,1.693311629,0.000000000,0.000000000,0.000000000,0.121729596
480,0.004000000,0.398959211,1.309215236,0.000000000,3.090909091,0.000000000,1.424060497,1.424060497,0.000000010000,0.000000000,3.400000000,0.000000000,4.000000000,2.795275591,3.397637795,0.047758821,1.693341718,0.000000000,0.000000000,0.000000000,0.119322708
481,0.004008333,0.399368046,0.000000000,0.000000000,3.090909091,0.000000000,1.396555364,1.396555364,0.000000010000,0.000000000,3.400000000,2.296343469,4.000000000,3.256352429,3.628176214,0.047856582,2.078615708,0.000000000,0.000000000,0.000000000,0.116962315
482,0.004016667,0.399775796,0.000000000,0.000000000,3.090909091,0.000000000,1.369581480,1.369581480,0.000000010000,0.000000000,3.400000000,4.000000000,4.000000000,3.598425197,3.799212598,0.047959011,2.364460201,1.350797392,0.000000000,0.000000000,0.114647517
483,0.004025000,0.400182464,0.000000000,0.000000000,3.090909091,0.000000000,1.343128586,1.343128586,0.000000010000,0.000000000,3.400000000,4.000000000,4.000000000,3.598425197,3.799212598,0.048061437,2.364493894,0.000000000,0.000000000,0.000000000,0.112377433
484,0.004033333,0.400588053,0.000000000,0.000000000,3.090909091,0.000000000,1.317186618,1.317186618,0.000000010000,0.000000000,3.400000000,4.000000000,4.000000000,3.598425197,3.799212598,0.048163860,2.364527585,0.000000000,0.000000000,0.000000000,0.110151201
485,0.004041667,0.400992566,1.890102303,0.000000000,3.090909091,0.000000000,1.291745708,1.291745708,0.000000010000,0.000000000,3.400000000,4.000000000,4.000000000,3.598425197,3.799212598,0.048266280,2.364561276,0.000000000,0.000000000,0.000000000,0.107967973
486,0.004050000,0.401396006,0.000000000,0.000000000,3.090909091,0.000000000,1.266796179,1.266796179,0.000000010000,0.000000000,3.400000000,4.000000000,4.000000000,3.598425197,3.799212598,0.048368697,2.364594966,1.779307433,0.000000000,0.000000000,0.105826919
487,0.004058333,0.401798376,0.000000000,0.000000000,3.090909091,0.000000000,1.242328540,1.242328540,0.000000010000,0.000000000,3.400000000,4.000000000,4.000000000,3.598425197,3.799212598,0.048471112,2.364628655,0.000000000,0.000000000,0.000000000,0.103727224
488,0.004066667,0.402199677,0.000000000,0.000000000,3.090909091,0.000000000,1.218333483,1.218333483,0.000000010000,0.000000000,3.400000000,4.000000000,4.000000000,3.598425197,3.799212598,0.048573524,2.364662343,0.000000000,0.000000000,0.000000000,0.101668089
489,0.004075000,0.402599914,1.494174200,0.000000000,3.090909091,0.000000000,1.194801881,1.194801881,0.000000010000,0.000000000,3.400000000,4.000000000,4.000000000,3.598425197,3.799212598,0.048675933,2.364696030,1.258544600,0.000000000,0.000000000,0.099648731
490,0.004083333,0.402999090,0.000000000,0.000000000,3.090909091,0.000000000,1.171724781,1.171724781,0.000000010000,0.000000000,3.400000000,4.000000000,4.000000000,3.598425197,3.799212598,0.048778339,2.364729717,0.000000000,0.000000000,0.000000000,0.097668382
491,0.004091667,0.403397205,0.000000000,0.000000000,3.090909091,0.000000000,1.149093406,1.149093406,0.000000010000,0.000000000,3.400000000,4.000000000,4.000000000,3.598425197,3.799212598,0.048880742,2.364763402,0.000000000,0.000000000,0.000000000,0.095726287
492,0.004100000,0.403794265,0.000000000,0.000000000,3.090909091,0.000000000,1.126899147,1.126899147,0.000000010000,0.000000000,3.400000000,4.000000000,4.000000000,3.598425197,3.799212598,0.048983143,2.364797086,0.000000000,0.000000000,0.000000000,0.093821709
493,0.004108333,0.404190271,1.075337278,0.000000000,3.090909091,0.000000000,1.105133561,1.105133561,0.000000010000,0.000000000,3.400000000,4.000000000,4.000000000,3.598425197,3.799212598,0.049085541,2.364830770,1.668781583,0.000000000,0.000000000,0.091953922
494,0.004116667,0.404585227,0.000000000,0.000000000,3.090909091,0.000000000,1.083788367,1.083788367,0.000000010000,0.000000000,3.400000000,4.000000000,4.000000000,3.598425197,3.799212598,0.049187936,2.364864452,0.000000000,0.000000000,0.000000000,0.090122217
495,0.004125000,0.404979134,0.000000000,0.000000000,3.090909091,0.000000000,1.062855448,1.062855448,0.000000010000,0.000000000,3.400000000,4.000000000,4.000000000,3.598425197,3.799212598,0.049290328,2.364898134,0.000000000,0.000000000,0.000000000,0.088325895
496,0.004133333,0.405371996,0.000000000,0.000000000,3.090909091,0.000000000,1.042326838,1.042326838,0.000000010000,0.000000000,3.400000000,4.000000000,4.000000000,3.598425197,3.799212598,0.049392717,2.364931815,1.189974717,0.000000000,0.000000000,0.086564275
497,0.004141667,0.405763816,0.000000000,0.000000000,3.090909091,0.000000000,1.022194731,1.022194731,0.000000010000,0.000000000,3.400000000,4.000000000,4.000000000,3.598425197,3.799212598,0.049495104,2.364965495,0.000000000,0.000000000,0.000000000,0.084836684
498,0.004150000,0.406154597,1.654166750,0.654166750,3.090909091,2.021969955,1.041504972,1.041504972,0.000000010000,0.000000000,3.400000000,4.000000000,4.000000000,3.598425197,3.799212598,0.049597488,2.364999174,0.000000000,0.000000000,0.000000000,0.086475871
499,0.004158333,0.406544340,0.000000000,1.000000000,3.090909091,3.090909091,1.081088357,1.081088357,0.000000010000,0.000000000,3.400000000,4.000000000,4.000000000,3.598425197,3.799212598,0.049699869,2.365032852,0.000000000,0.000000000,0.000000000,0.089845292
500,0.004166667,0.406933049,0.000000000,1.000000000,3.090909091,3.090909091,1.119907205,1.119907205,0.000000010000,0.000000000,3.400000000,4.000000000,4.000000000,3.598425197,3.799212598,0.049802247,2.365066529,1.594762455,0.000000000,0.000000000,0.093149099
501,0.004175000,0.407320727,0.000000000,1.000000000,3.090909091,3.090909091,1.157976283,1.157976283,0.000000010000,0.000000000,3.400000000,4.000000000,4.000000000,3.598425197,3.799212598,0.049904622,2.365100205,0.000000000,0.000000000,0.000000000,0.096388558
502,0.004183333,0.407707377,1.232751356,1.000000000,3.090909091,3.090909091,1.195310073,1.195310073,0.000000010000,0.000000000,3.400000000,4.000000000,4.000000000,3.598425197,3.799212598,0.050006995,2.365133880,0.000000000,0.000000000,0.000000000,0.099564913
503,0.004191667,0.408093000,0.000000000,1.000000000,3.090909091,3.090909091,1.231922777,1.231922777,0.000000010000,0.000000000,3.400000000,4.000000000,4.000000000,3.598425197,3.799212598,0.050109365,2.365167554,1.099460269,0.000000000,0.000000000,0.102679381
504,0.004200000,0.408477601,0.000000000,1.000000000,3.090909091,3.090909091,1.267828321,1.267828321,0.000000010000,0.000000000,3.400000000,4.000000000,4.000000000,3.598425197,3.799212598,0.050211732,2.365201228,0.000000000,0.000000000,0.000000000,0.105733159
505,0.004208333,0.408861180,0.000000000,1.000000000,3.090909091,3.090909091,1.303040365,1.303040365,0.000000010000,0.000000000,3.400000000,4.000000000,4.000000000,3.598425197,3.799212598,0.050314096,2.365234900,0.000000000,0.000000000,0.000000000,0.108727419
506,0.004216667,0.409243743,0.000000000,1.000000000,3.090909091,3.090909091,1.337572303,1.337572303,0.000000010000,0.000000000,3.400000000,4.000000000,4.000000000,3.598425197,3.799212598,0.050416458,2.365268572,0.000000000,0.000000000,0.000000000,0.111663310
507,0.004225000,0.409625290,1.799074496,1.000000000,3.090909091,3.090909091,1.371437271,1.371437271,0.000000010000,0.000000000,3.400000000,4.000000000,4.000000000,3.598425197,3.799212598,0.050518816,2.365302242,1.506281809,0.000000000,0.000000000,0.114541960
508,0.004233333,0.410005824,0.000000000,1.000000000,3.090909091,3.090909091,1.404648151,1.404648151,0.000000010000,0.000000000,3.400000000,4.000000000,4.000000000,3.598425197,3.799212598,0.050621172,2.365335912,0.000000000,0.000000000,0.000000000,0.117364475
509,0.004241667,0.410385349,0.000000000,1.000000000,3.090909091,3.090909091,1.437217577,1.437217577,0.000000010000,0.000000000,3.400000000,4.000000000,4.000000000,3.598425197,3.799212598,0.050723525,2.365369581,0.000000000,0.000000000,0.000000000,0.120131938
510,0.004250000,0.410763867,0.000000000,1.000000000,3.090909091,3.090909091,1.469157938,1.469157938,0.000000010000,0.000000000,3.400000000,4.000000000,4.000000000,3.598425197,3.799212598,0.050825875,2.365403248,0.000000000,0.000000000,0.000000000,0.122845413
511,0.004258333,0.411141381,1.383230865,1.000000000,3.090909091,3.090909091,1.500481384,1.500481384,0.000000010000,0.000000000,3.400000000,4.000000000,4.000000000,3.598425197,3.799212598,0.050928223,2.365436915,1.999547544,0.000000000,0.000000000,0.125505943
512,0.004266667,0.411517893,0.000000000,1.000000000,3.090909091,3.090909091,1.531199831,1.531199831,0.000000010000,0.000000000,3.400000000,4.000000000,4.000000000,3.598425197,3.799212598,0.051030568,2.365470581,0.000000000,0.000000000,0.000000000,0.128114551
513,0.004275000,0.411893406,0.000000000,1.000000000,3.090909091,3.090909091,1.561324964,1.561324964,0.000000010000,0.000000000,3.400000000,4.000000000,4.000000000,3.598425197,3.799212598,0.051132909,2.365504247,0.000000000,0.000000000,0.000000000,0.130672239
514,0.004283333,0.412267923,0.000000000,1.000000000,3.090909091,3.090909091,1.590868243,1.590868243,0.000000010000,0.000000000,3.400000000,4.000000000,4.000000000,3.598425197,3.799212598,0.051235249,2.365537911,1.418946401,0.000000000,0.000000000,0.133179991
515,0.004291667,0.412641446,0.000000000,1.000000000,3.090909091,3.090909091,1.619840906,1.619840906,0.000000010000,0.000000000,3.400000000,4.000000000,4.000000000,3.598425197,3.799212598,0.051337585,2.365571574,0.000000000,0.000000000,0.000000000,0.135638772
516,0.004300000,0.413013978,1.948997649,1.000000000,3.090909091,3.090909091,1.648253973,1.648253973,0.000000010000,0.000000000,3.400000000,4.000000000,4.000000000,3.598425197,3.799212598,0.051439918,2.365605236,0.000000000,0.000000000,0.000000000,0.138049527
517,0.004308333,0.413385521,0.000000000,1.000000000,3.090909091,3.090909091,1.676118254,1.676118254,0.000000010000,0.000000000,3.400000000,4.000000000,4.000000000,3.598425197,3.799212598,0.051542249,2.365638898,0.000000000,0.000000000,0.000000000,0.140413184
518,0.004316667,0.413756079,0.000000000,1.000000000,3.090909091,3.090909091,1.703444349,1.703444349,0.000000010000,0.000000000,3.400000000,4.000000000,4.000000000,3.598425197,3.799212598,0.051644577,2.365672558,1.868705321,0.000000000,0.000000000,0.142730653
519,0.004325000,0.414125654,0.000000000,1.000000000,3.090909091,3.090909091,1.730242651,1.730242651,0.000000010000,0.000000000,3.400000000,4.000000000,4.000000000,3.598425197,3.799212598,0.051746902,2.365706218,0.000000000,0.000000000,0.000000000,0.145002826
520,0.004333333,0.414494248,1.525215773,1.000000000,3.090909091,3.090909091,1.756523355,1.756523355,0.000000010000,0.000000000,3.400000000,4.000000000,4.000000000,3.598425197,3.799212598,0.051849225,2.365739876,0.000000000,0.000000000,0.000000000,0.147230579
521,0.004341667,0.414861864,0.000000000,1.000000000,3.090909091,3.090909091,1.782296458,1.782296458,0.000000010000,0.000000000,3.400000000,4.000000000,4.000000000,3.598425197,3.799212598,0.051951544,2.365773534,1.318382914,0.000000000,0.000000000,0.149414768
522,0.004350000,0.415228504,0.000000000,1.000000000,3.090909091,3.090909091,1.807571765,1.807571765,0.000000010000,0.000000000,3.400000000,4.000000000,4.000000000,3.598425197,3.799212598,0.052053861,2.365807191,0.000000000,0.000000000,0.000000000,0.151556235
523,0.004358333,0.415594172,0.000000000,1.000000000,3.090909091,3.090909091,1.832358889,1.832358889,0.000000010000,0.000000000,3.400000000,4.000000000,4.000000000,3.598425197,3.799212598,0.052156175,2.365840847,0.000000000,0.000000000,0.000000000,0.153655806
524,0.004366667,0.415958869,1.089254134,1.000000000,3.090909091,3.090909091,1.856667261,1.856667261,0.000000010000,0.000000000,3.400000000,4.000000000,4.000000000,3.598425197,3.799212598,0.052258486,2.365874502,0.000000000,0.000000000,0.000000000,0.155714290
525,0.004375000,0.416322599,0.000000000,1.000000000,3.090909091,3.090909091,1.880506126,1.880506126,0.000000010000,0.000000000,3.400000000,4.000000000,4.000000000,3.598425197,3.799212598,0.052360794,2.365908156,1.737268450,0.000000000,0.000000000,0.157732480
526,0.004383333,0.416685364,0.000000000,1.000000000,3.090909091,3.090909091,1.903884554,1.903884554,0.000000010000,0.000000000,3.400000000,4.000000000,4.000000000,3.598425197,3.799212598,0.052463100,2.365941809,0.000000000,0.000000000,0.000000000,0.159711155
527,0.004391667,0.417047166,0.000000000,1.000000000,3.090909091,3.090909091,1.926811438,1.926811438,0.000000010000,0.000000000,3.400000000,4.000000000,4.000000000,3.598425197,3.799212598,0.052565403,2.365975461,0.000000000,0.000000000,0.000000000,0.161651079
528,0.004400000,0.417408009,0.000000000,1.000000000,3.090909091,3.090909091,1.949295498,1.949295498,0.000000010000,0.000000000,3.400000000,4.000000000,4.000000000,3.598425197,3.799212598,0.052667703,2.366009113,1.230273245,0.000000000,0.000000000,0.163552999
529,0.004408333,0.417767894,1.649556086,1.000000000,3.090909091,3.090909091,1.971345287,1.971345287,0.000000010000,0.000000000,3.400000000,4.000000000,4.000000000,3.598425197,3.799212598,0.052770000,2.366042763,0.000000000,0.000000000,0.000000000,0.165417649
530,0.004416667,0.418126824,0.000000000,1.000000000,3.090909091,3.090909091,1.992969195,1.992969195,0.000000010000,0.000000000,3.400000000,4.000000000,4.000000000,3.598425197,3.799212598,0.052872294,2.366076413,0.000000000,0.000000000,0.000000000,0.167245751
531,0.004425000,0.418484801,0.000000000,1.000000000,3.090909091,3.090909091,2.014175445,2.014175445,0.000000010000,0.000000000,3.400000000,4.000000000,4.000000000,3.598425197,3.799212598,0.052974586,2.366110061,0.000000000,0.000000000,0.000000000,0.169038008
532,0.004433333,0.418841829,0.000000000,1.000000000,3.090909091,3.090909091,2.034972106,2.034972106,0.000000010000,0.000000000,3.400000000,4.000000000,4.000000000,3.598425197,3.799212598,0.053076875,2.366143709,1.635929567,0.000000000,0.000000000,0.170795115
533,0.004441667,0.419197910,1.211211960,0.788788040,3.090909091,2.438072122,2.042757815,2.042757815,0.000000010000,0.000000000,3.400000000,4.000000000,4.000000000,3.598425197,3.799212598,0.053179161,2.366177355,0.000000000,0.000000000,0.000000000,0.171441488
534,0.004450000,0.419553045,0.000000000,0.000000000,3.090909091,0.000000000,2.003302800,2.003302800,0.000000010000,0.000000000,3.400000000,4.000000000,4.000000000,3.598425197,3.799212598,0.053281444,2.366211001,0.000000000,0.000000000,0.000000000,0.168055570
535,0.004458333,0.419907239,0.000000000,0.000000000,3.090909091,0.000000000,1.964609843,1.964609843,0.000000010000,0.000000000,3.400000000,4.000000000,4.000000000,3.598425197,3.799212598,0.053383724,2.366244646,1.149429686,0.000000000,0.000000000,0.164735057
536,0.004466667,0.420260493,0.000000000,0.000000000,3.090909091,0.000000000,1.926664225,1.926664225,0.000000010000,0.000000000,3.400000000,4.000000000,4.000000000,3.598425197,3.799212598,0.053486002,2.366278290,0.000000000,0.000000000,0.000000000,0.161478686
537,0.004475000,0.420612809,0.000000000,0.000000000,3.090909091,0.000000000,1.889451510,1.889451510,0.000000010000,0.000000000,3.400000000,4.000000000,4.000000000,3.598425197,3.799212598,0.053588277,2.366311933,0.000000000,0.000000000,0.000000000,0.158285218
538,0.004483333,0.420964191,1.760406750,0.000000000,3.090909091,0.000000000,1.852957543,1.852957543,0.000000010000,0.000000000,3.400000000,4.000000000,4.000000000,3.598425197,3.799212598,0.053690549,2.366345575,0.000000000,0.000000000,0.000000000,0.155153438
539,0.004491667,0.421314640,0.000000000,0.000000000,3.090909091,0.000000000,1.817168442,1.817168442,0.000000010000,0.000000000,3.400000000,4.000000000,4.000000000,3.598425197,3.799212598,0.053792818,2.366379216,1.552440239,0.000000000,0.000000000,0.152082154
540,0.004500000,0.421664159,0.000000000,0.000000000,3.090909091,0.000000000,1.782070592,1.782070592,0.000000010000,0.000000000,3.400000000,4.000000000,4.000000000,3.598425197,3.799212598,0.053895085,2.366412857,0.000000000,0.000000000,0.000000000,0.149070198
541,0.004508333,0.422012751,0.000000000,0.000000000,3.090909091,0.000000000,1.747650643,1.747650643,0.000000010000,0.000000000,3.400000000,4.000000000,4.000000000,3.598425197,3.799212598,0.053997348,2.366446496,0.000000000,0.000000000,0.000000000,0.146116424
542,0.004516667,0.422360419,1.324376220,0.000000000,3.090909091,0.000000000,1.713895500,1.713895500,0.000000010000,0.000000000,3.400000000,4.000000000,4.000000000,3.598425197,3.799212598,0.054099609,2.366480135,1.048929598,0.000000000,0.000000000,0.143219708
543,0.004525000,0.422707163,0.000000000,0.000000000,3.090909091,0.000000000,1.680792324,1.680792324,0.000000010000,0.000000000,3.400000000,4.000000000,4.000000000,3.598425197,3.799212598,0.054201867,2.366513772,0.000000000,0.000000000,0.000000000,0.140378948
544,0.004533333,0.423052988,0.000000000,0.000000000,3.090909091,0.000000000,1.648328522,1.648328522,0.000000010000,0.000000000,3.400000000,4.000000000,4.000000000,3.598425197,3.799212598,0.054304123,2.366547409,0.000000000,0.000000000,0.000000000,0.137593064
545,0.004541667,0.423397895,0.000000000,0.000000000,3.090909091,0.000000000,1.616491745,1.616491745,0.000000010000,0.000000000,3.400000000,4.000000000,4.000000000,3.598425197,3.799212598,0.054406375,2.366581044,0.000000000,0.000000000,0.000000000,0.134860996
546,0.004550000,0.423741887,0.000000000,0.000000000,3.090909091,0.000000000,1.585269882,1.585269882,0.000000010000,0.000000000,3.400000000,4.000000000,4.000000000,3.598425197,3.799212598,0.054508625,2.366614679,1.459463944,0.000000000,0.000000000,0.132181703
547,0.004558333,0.424084966,1.869455102,0.000000000,3.090909091,0.000000000,1.554651056,1.554651056,0.000000010000,0.000000000,3.400000000,4.000000000,4.000000000,3.598425197,3.799212598,0.054610872,2.366648313,0.000000000,0.000000000,0.000000000,0.129554168
548,0.004566667,0.424427135,0.000000000,0.000000000,3.090909091,0.000000000,1.524623620,1.524623620,0.000000010000,0.000000000,3.400000000,4.000000000,4.000000000,3.598425197,3.799212598,0.054713116,2.366681946,0.000000000,0.000000000,0.000000000,0.126977389
549,0.004575000,0.424768396,0.000000000,0.000000000,3.090909091,0.000000000,1.495176152,1.495176152,0.000000010000,0.000000000,3.400000000,4.000000000,4.000000000,3.598425197,3.799212598,0.054815357,2.366715578,0.000000000,0.000000000,0.000000000,0.124450387
550,0.004583333,0.425108752,0.000000000,0.000000000,3.090909091,0.000000000,1.466297449,1.466297449,0.000000010000,0.000000000,3.400000000,4.000000000,4.000000000,3.598425197,3.799212598,0.054917596,2.366749209,1.925579351,0.000000000,0.000000000,0.121972201
551,0.004591667,0.425448205,1.440472798,0.000000000,3.090909091,0.000000000,1.437976526,1.437976526,0.000000010000,0.000000000,3.400000000,4.000000000,4.000000000,3.598425197,3.799212598,0.055019832,2.366782839,0.000000000,0.000000000,0.000000000,0.119541886
552,0.004600000,0.425786757,0.000000000,0.000000000,3.090909091,0.000000000,1.410202610,1.410202610,0.000000010000,0.000000000,3.400000000,4.000000000,4.000000000,3.598425197,3.799212598,0.055122064,2.366816469,0.000000000,0.000000000,0.000000000,0.117158520
553,0.004608333,0.426124410,0.000000000,0.000000000,3.090909091,0.000000000,1.382965135,1.382965135,0.000000010000,0.000000000,3.400000000,4.000000000,4.000000000,3.598425197,3.799212598,0.055224295,2.366850097,1.359023234,0.000000000,0.000000000,0.114821195
554,0.004616667,0.426461168,0.000000000,0.000000000,3.090909091,0.000000000,1.356253741,1.356253741,0.000000010000,0.000000000,3.400000000,4.000000000,4.000000000,3.598425197,3.799212598,0.055326522,2.366883724,0.000000000,0.000000000,0.000000000,0.112529022
555,0.004625000,0.426797032,0.000000000,0.000000000,3.090909091,0.000000000,1.330058266,1.330058266,0.000000010000,0.000000000,3.400000000,4.000000000,4.000000000,3.598425197,3.799212598,0.055428747,2.366917351,0.000000000,0.000000000,0.000000000,0.110281128
556,0.004633333,0.427132005,1.988607654,0.000000000,3.090909091,0.000000000,1.304368746,1.304368746,0.000000010000,0.000000000,3.400000000,4.000000000,4.000000000,3.598425197,3.799212598,0.055530968,2.366950976,0.000000000,0.000000000,0.000000000,0.108076659
557,0.004641667,0.427466090,0.000000000,0.000000000,3.090909091,0.000000000,1.279175409,1.279175409,0.000000010000,0.000000000,3.400000000,4.000000000,4.000000000,3.598425197,3.799212598,0.055633187,2.366984601,1.786584290,0.000000000,0.000000000,0.105914776
558,0.004650000,0.427799287,0.000000000,0.000000000,3.090909091,0.000000000,1.254468670,1.254468670,0.000000010000,0.000000000,3.400000000,4.000000000,4.000000000,3.598425197,3.799212598,0.055735404,2.367018225,0.000000000,0.000000000,0.000000000,0.103794655
559,0.004658333,0.428131601,0.000000000,0.000000000,3.090909091,0.000000000,1.230239131,1.230239131,0.000000010000,0.000000000,3.400000000,4.000000000,4.000000000,3.598425197,3.799212598,0.055837617,2.367051848,0.000000000,0.000000000,0.000000000,0.101715492
560,0.004666667,0.428463033,1.539694103,0.000000000,3.090909091,0.000000000,1.206477576,1.206477576,0.000000010000,0.000000000,3.400000000,4.000000000,4.000000000,3.598425197,3.799212598,0.055939828,2.367085470,1.260703605,0.000000000,0.000000000,0.099676494
561,0.004675000,0.428793586,0.000000000,0.000000000,3.090909091,0.000000000,1.183174966,1.183174966,0.000000010000,0.000000000,3.400000000,4.000000000,4.000000000,3.598425197,3.799212598,0.056042036,2.367119091,0.000000000,0.000000000,0.000000000,0.097676885
562,0.004683333,0.429123262,0.000000000,0.000000000,3.090909091,0.000000000,1.160322435,1.160322435,0.000000010000,0.000000000,3.400000000,4.000000000,4.000000000,3.598425197,3.799212598,0.056144241,2.367152711,0.000000000,0.000000000,0.000000000,0.095715906
563,0.004691667,0.429452063,0.000000000,0.000000000,3.090909091,0.000000000,1.137911292,1.137911292,0.000000010000,0.000000000,3.400000000,4.000000000,4.000000000,3.598425197,3.799212598,0.056246443,2.367186330,0.000000000,0.000000000,0.000000000,0.093792809
564,0.004700000,0.429779991,1.083987608,0.000000000,3.090909091,0.000000000,1.115933011,1.115933011,0.000000010000,0.000000000,3.400000000,4.000000000,4.000000000,3.598425197,3.799212598,0.056348642,2.367219948,1.668120519,0.000000000,0.000000000,0.091906864
565,0.004708333,0.430107049,0.000000000,0.000000000,3.090909091,0.000000000,1.094379230,1.094379230,0.000000010000,0.000000000,3.400000000,4.000000000,4.000000000,3.598425197,3.799212598,0.056450839,2.367253565,0.000000000,0.000000000,0.000000000,0.090057352
566,0.004716667,0.430433240,0.000000000,0.000000000,3.090909091,0.000000000,1.073241753,1.073241753,0.000000010000,0.000000000,3.400000000,4.000000000,4.000000000,3.598425197,3.799212598,0.056553033,2.367287182,0.000000000,0.000000000,0.000000000,0.088243570
567,0.004725000,0.430758565,0.000000000,0.000000000,3.090909091,0.000000000,1.052512536,1.052512536,0.000000010000,0.000000000,3.400000000,4.000000000,4.000000000,3.598425197,3.799212598,0.056655224,2.367320797,1.187065668,0.000000000,0.000000000,0.086464828
568,0.004733333,0.431083027,0.000000000,0.000000000,3.090909091,0.000000000,1.032183696,1.032183696,0.000000010000,0.000000000,3.400000000,4.000000000,4.000000000,3.598425197,3.799212598,0.056757412,2.367354412,0.000000000,0.000000000,0.000000000,0.084720448
569,0.004741667,0.431406628,1.624417564,0.624417564,3.090909091,1.930017926,1.049524989,1.049524989,0.000000010000,0.000000000,3.400000000,4.000000000,4.000000000,3.598425197,3.799212598,0.056859598,2.367388026,0.000000000,0.000000000,0.000000000,0.086191581
570,0.004750000,0.431729371,0.000000000,1.000000000,3.090909091,3.090909091,1.088953471,1.088953471,0.000000010000,0.000000000,3.400000000,4.000000000,4.000000000,3.598425197,3.799212598,0.056961781,2.367421638,0.000000000,0.000000000,0.000000000,0.089547803
571,0.004758333,0.432051257,0.000000000,1.000000000,3.090909091,3.090909091,1.127620408,1.127620408,0.000000010000,0.000000000,3.400000000,4.000000000,4.000000000,3.598425197,3.799212598,0.057063961,2.367455250,1.588782421,0.000000000,0.000000000,0.092838668
572,0.004766667,0.432372289,0.000000000,1.000000000,3.090909091,3.090909091,1.165540509,1.165540509,0.000000010000,0.000000000,3.400000000,4.000000000,4.000000000,3.598425197,3.799212598,0.057166138,2.367488861,0.000000000,0.000000000,0.000000000,0.096065437
573,0.004775000,0.432692469,1.165726967,1.000000000,3.090909091,3.090909091,1.202728199,1.202728199,0.000000010000,0.000000000,3.400000000,4.000000000,4.000000000,3.598425197,3.799212598,0.057268312,2.367522471,0.000000000,0.000000000,0.000000000,0.099229348
574,0.004783333,0.433011800,0.000000000,1.000000000,3.090909091,3.090909091,1.239197624,1.239197624,0.000000010000,0.000000000,3.400000000,4.000000000,4.000000000,3.598425197,3.799212598,0.057370484,2.367556080,1.089895037,0.000000000,0.000000000,0.102331615
575,0.004791667,0.433330284,0.000000000,1.000000000,3.090909091,3.090909091,1.274962658,1.274962658,0.000000010000,0.000000000,3.400000000,4.000000000,4.000000000,3.598425197,3.799212598,0.057472653,2.367589688,0.000000000,0.000000000,0.000000000,0.105373429
576,0.004800000,0.433647922,0.000000000,1.000000000,3.090909091,3.090909091,1.310036905,1.310036905,0.000000010000,0.000000000,3.400000000,4.000000000,4.000000000,3.598425197,3.799212598,0.057574819,2.367623296,0.000000000,0.000000000,0.000000000,0.108355958
577,0.004808333,0.433964718,0.000000000,1.000000000,3.090909091,3.090909091,1.344433708,1.344433708,0.000000010000,0.000000000,3.400000000,4.000000000,4.000000000,3.598425197,3.799212598,0.057676982,2.367656902,0.000000000,0.000000000,0.000000000,0.111280347
578,0.004816667,0.434280673,1.696332859,1.000000000,3.090909091,3.090909091,1.378166151,1.378166151,0.000000010000,0.000000000,3.400000000,4.000000000,4.000000000,3.598425197,3.799212598,0.057779142,2.367690507,1.494631029,0.000000000,0.000000000,0.114147719
579,0.004825000,0.434595790,0.000000000,1.000000000,3.090909091,3.090909091,1.411247065,1.411247065,0.000000010000,0.000000000,3.400000000,4.000000000,4.000000000,3.598425197,3.799212598,0.057881300,2.367724112,0.000000000,0.000000000,0.000000000,0.116959174
580,0.004833333,0.434910070,0.000000000,1.000000000,3.090909091,3.090909091,1.443689036,1.443689036,0.000000010000,0.000000000,3.400000000,4.000000000,4.000000000,3.598425197,3.799212598,0.057983455,2.367757715,0.000000000,0.000000000,0.000000000,0.119715794
581,0.004841667,0.435223517,0.000000000,1.000000000,3.090909091,3.090909091,1.475504403,1.475504403,0.000000010000,0.000000000,3.400000000,4.000000000,4.000000000,3.598425197,3.799212598,0.058085607,2.367791318,0.000000000,0.000000000,0.000000000,0.122418638
582,0.004850000,0.435536132,1.236614331,1.000000000,3.090909091,3.090909091,1.506705270,1.506705270,0.000000010000,0.000000000,3.400000000,4.000000000,4.000000000,3.598425197,3.799212598,0.058187756,2.367824920,1.977635741,0.000000000,0.000000000,0.125068743
583,0.004858333,0.435847918,0.000000000,1.000000000,3.090909091,3.090909091,1.537303506,1.537303506,0.000000010000,0.000000000,3.400000000,4.000000000,4.000000000,3.598425197,3.799212598,0.058289902,2.367858521,0.000000000,0.000000000,0.000000000,0.127667129
584,0.004866667,0.436158877,0.000000000,1.000000000,3.090909091,3.090909091,1.567310749,1.567310749,0.000000010000,0.000000000,3.400000000,4.000000000,4.000000000,3.598425197,3.799212598,0.058392046,2.367892120,0.000000000,0.000000000,0.000000000,0.130214795
585,0.004875000,0.436469010,0.000000000,1.000000000,3.090909091,3.090909091,1.596738415,1.596738415,0.000000010000,0.000000000,3.400000000,4.000000000,4.000000000,3.598425197,3.799212598,0.058494187,2.367925719,1.398377556,0.000000000,0.000000000,0.132712720
586,0.004883333,0.436778320,0.000000000,1.000000000,3.090909091,3.090909091,1.625597697,1.625597697,0.000000010000,0.000000000,3.400000000,4.000000000,4.000000000,3.598425197,3.799212598,0.058596325,2.367959317,0.000000000,0.000000000,0.000000000,0.135161865
587,0.004891667,0.437086810,1.760705810,1.000000000,3.090909091,3.090909091,1.653899575,1.653899575,0.000000010000,0.000000000,3.400000000,4.000000000,4.000000000,3.598425197,3.799212598,0.058698460,2.367992915,0.000000000,0.000000000,0.000000000,0.137563173
588,0.004900000,0.437394482,0.000000000,1.000000000,3.090909091,3.090909091,1.681654814,1.681654814,0.000000010000,0.000000000,3.400000000,4.000000000,4.000000000,3.598425197,3.799212598,0.058800593,2.368026511,0.000000000,0.000000000,0.000000000,0.139917567
589,0.004908333,0.437701336,0.000000000,1.000000000,3.090909091,3.090909091,1.708873972,1.708873972,0.000000010000,0.000000000,3.400000000,4.000000000,4.000000000,3.598425197,3.799212598,0.058902723,2.368060106,1.837048839,0.000000000,0.000000000,0.142225954
590,0.004916667,0.438007377,0.000000000,1.000000000,3.090909091,3.090909091,1.735567403,1.735567403,0.000000010000,0.000000000,3.400000000,4.000000000,4.000000000,3.598425197,3.799212598,0.059004850,2.368093701,0.000000000,0.000000000,0.000000000,0.144489222
591,0.004925000,0.438312606,1.301379892,1.000000000,3.090909091,3.090909091,1.761745262,1.761745262,0.000000010000,0.000000000,3.400000000,4.000000000,4.000000000,3.598425197,3.799212598,0.059106974,2.368127294,0.000000000,0.000000000,0.000000000,0.146708243
592,0.004933333,0.438617025,0.000000000,1.000000000,3.090909091,3.090909091,1.787417506,1.787417506,0.000000010000,0.000000000,3.400000000,4.000000000,4.000000000,3.598425197,3.799212598,0.059209095,2.368160887,1.293496051,0.000000000,0.000000000,0.148883872
593,0.004941667,0.438920636,0.000000000,1.000000000,3.090909091,3.090909091,1.812593902,1.812593902,0.000000010000,0.000000000,3.400000000,4.000000000,4.000000000,3.598425197,3.799212598,0.059311214,2.368194478,0.000000000,0.000000000,0.000000000,0.151016945
594,0.004950000,0.439223442,0.000000000,1.000000000,3.090909091,3.090909091,1.837284026,1.837284026,0.000000010000,0.000000000,3.400000000,4.000000000,4.000000000,3.598425197,3.799212598,0.059413330,2.368228069,0.000000000,0.000000000,0.000000000,0.153108287
595,0.004958333,0.439525444,0.000000000,1.000000000,3.090909091,3.090909091,1.861497270,1.861497270,0.000000010000,0.000000000,3.400000000,4.000000000,4.000000000,3.598425197,3.799212598,0.059515443,2.368261659,0.000000000,0.000000000,0.000000000,0.155158702
596,0.004966667,0.439826645,1.821366079,1.000000000,3.090909091,3.090909091,1.885242846,1.885242846,0.000000010000,0.000000000,3.400000000,4.000000000,4.000000000,3.598425197,3.799212598,0.059617553,2.368295248,1.704397509,0.000000000,0.000000000,0.157168981
597,0.004975000,0.440127047,0.000000000,1.000000000,3.090909091,3.090909091,1.908529786,1.908529786,0.000000010000,0.000000000,3.400000000,4.000000000,4.000000000,3.598425197,3.799212598,0.059719660,2.368328836,0.000000000,0.000000000,0.000000000,0.159139900
598,0.004983333,0.440426651,0.000000000,1.000000000,3.090909091,3.090909091,1.931366949,1.931366949,0.000000010000,0.000000000,3.400000000,4.000000000,4.000000000,3.598425197,3.799212598,0.059821765,2.368362423,0.000000000,0.000000000,0.000000000,0.161072219
599,0.004991667,0.440725461,0.000000000,1.000000000,3.090909091,3.090909091,1.953763021,1.953763021,0.000000010000,0.000000000,3.400000000,4.000000000,4.000000000,3.598425197,3.799212598,0.059923867,2.368396009,1.207499083,0.000000000,0.000000000,0.162966683
600,0.005000000,0.441023478,1.363746229,1.000000000,3.090909091,3.090909091,1.975726523,1.975726523,0.000000010000,0.000000000,3.400000000,4.000000000,4.000000000,3.598425197,3.799212598,0.060025966,2.368429594,0.000000000,0.000000000,0.000000000,0.164824023
601,0.005008333,0.441320704,0.000000000,1.000000000,3.090909091,3.090909091,1.997265808,1.997265808,0.000000010000,0.000000000,3.400000000,4.000000000,4.000000000,3.598425197,3.799212598,0.060128062,2.368463178,0.000000000,0.000000000,0.000000000,0.166644957
602,0.005016667,0.441617142,0.000000000,1.000000000,3.090909091,3.090909091,2.018389072,2.018389072,0.000000010000,0.000000000,3.400000000,4.000000000,4.000000000,3.598425197,3.799212598,0.060230156,2.368496762,0.000000000,0.000000000,0.000000000,0.168430188
603,0.005025000,0.441912793,0.000000000,1.000000000,3.090909091,3.090909091,2.039104348,2.039104348,0.000000010000,0.000000000,3.400000000,2.793090000,4.000000000,3.356092874,3.678046437,0.060328938,2.166054223,1.000000000,0.000000000,0.000000000,0.170180405
604,0.005033333,0.442207659,0.000000000,1.000000000,3.090909091,3.090909091,2.059419517,2.059419517,0.000000010000,0.000000000,3.400000000,0.000000000,4.000000000,2.795275591,3.397637795,0.060420061,1.697506599,0.000000000,0.000000000,0.000000000,0.171896285
605,0.005041667,0.442501743,1.881726136,0.118273864,3.090909091,0.365573762,2.026703594,2.026703594,0.000000010000,0.000000000,3.400000000,0.000000000,4.000000000,2.795275591,3.397637795,0.060511182,1.697536573,0.000000000,0.000000000,0.000000000,0.169085525
606,0.005050000,0.442795047,0.000000000,0.000000000,3.090909091,0.000000000,1.987558660,1.987558660,0.000000010000,0.000000000,3.400000000,0.000000000,4.000000000,2.795275591,3.397637795,0.060602300,1.697566546,1.506621980,0.000000000,0.000000000,0.165726318
607,0.005058333,0.443087573,0.000000000,0.000000000,3.090909091,0.000000000,1.949169795,1.949169795,0.000000010000,0.000000000,3.400000000,0.000000000,4.000000000,2.795275591,3.397637795,0.060693416,1.697596518,0.000000000,0.000000000,0.000000000,0.162432000
608,0.005066667,0.443379323,0.000000000,0.000000000,3.090909091,0.000000000,1.911522394,1.911522394,0.000000010000,0.000000000,3.400000000,0.000000000,4.000000000,2.795275591,3.397637795,0.060784529,1.697626490,0.000000000,0.000000000,0.000000000,0.159201321
609,0.005075000,0.443670298,1.427347766,0.000000000,3.090909091,0.000000000,1.874602137,1.874602137,0.000000010000,0.000000000,3.400000000,0.000000000,4.000000000,2.795275591,3.397637795,0.060875640,1.697656461,1.635275050,0.000000000,0.000000000,0.156033050
610,0.005083333,0.443960501,0.000000000,0.000000000,3.090909091,0.000000000,1.838394980,1.838394980,0.000000010000,0.000000000,3.400000000,0.000000000,4.000000000,2.795275591,3.397637795,0.060966748,1.697686430,0.000000000,0.000000000,0.000000000,0.152925982
611,0.005091667,0.444249935,0.000000000,0.000000000,3.090909091,0.000000000,1.802887148,1.802887148,0.000000010000,0.000000000,3.400000000,0.000000000,4.000000000,2.795275591,3.397637795,0.061057854,1.697716399,0.000000000,0.000000000,0.000000000,0.149878935
612,0.005100000,0.444538600,0.000000000,0.000000000,3.090909091,0.000000000,1.768065136,1.768065136,0.000000010000,0.000000000,3.400000000,0.000000000,4.000000000,2.795275591,3.397637795,0.061148958,1.697746368,1.832678705,0.000000000,0.000000000,0.146890750
613,0.005108333,0.444826500,0.000000000,0.000000000,3.090909091,0.000000000,1.733915696,1.733915696,0.000000010000,0.000000000,3.400000000,0.000000000,4.000000000,2.795275591,3.397637795,0.061240058,1.697776335,0.000000000,0.000000000,0.000000000,0.143960289
614,0.005116667,0.445113636,1.945592605,0.000000000,3.090909091,0.000000000,1.700425838,1.700425838,0.000000010000,0.000000000,3.400000000,0.000000000,4.000000000,2.795275591,3.397637795,0.061331157,1.697806302,1.016490575,0.000000000,0.000000000,0.141086438
615,0.005125000,0.445400009,0.000000000,0.000000000,3.090909091,0.000000000,1.667582823,1.667582823,0.000000010000,0.000000000,3.400000000,0.000000000,4.000000000,2.795275591,3.397637795,0.061422253,1.697836267,0.000000000,0.000000000,0.000000000,0.138268104
616,0.005133333,0.445685623,0.000000000,0.000000000,3.090909091,0.000000000,1.635374158,1.635374158,0.000000010000,0.000000000,3.400000000,0.000000000,4.000000000,2.795275591,3.397637795,0.061513346,1.697866232,0.000000000,0.000000000,0.000000000,0.135504213
617,0.005141667,0.445970479,0.000000000,0.000000000,3.090909091,0.000000000,1.603787589,1.603787589,0.000000010000,0.000000000,3.400000000,0.000000000,4.000000000,2.795275591,3.397637795,0.061604437,1.697896196,1.139596725,0.000000000,0.000000000,0.132793716
618,0.005150000,0.446254580,1.477672623,0.000000000,3.090909091,0.000000000,1.572811101,1.572811101,0.000000010000,0.000000000,3.400000000,0.000000000,4.000000000,2.795275591,3.397637795,0.061695525,1.697926160,0.000000000,0.000000000,0.000000000,0.130135579
619,0.005158333,0.446537926,0.000000000,0.000000000,3.090909091,0.000000000,1.542432911,1.542432911,0.000000010000,0.000000000,3.400000000,0.000000000,4.000000000,2.795275591,3.397637795,0.061786611,1.697956122,0.000000000,0.000000000,0.000000000,0.127528793
620,0.005166667,0.446820521,0.000000000,0.000000000,3.090909091,0.000000000,1.512641464,1.512641464,0.000000010000,0.000000000,3.400000000,0.000000000,4.000000000,2.795275591,3.397637795,0.061877695,1.697986084,1.236993010,0.000000000,0.000000000,0.124972365
621,0.005175000,0.447102366,0.000000000,0.000000000,3.090909091,0.000000000,1.483425426,1.483425426,0.000000010000,0.000000000,3.400000000,0.000000000,4.000000000,2.795275591,3.397637795,0.061968776,1.698016045,0.000000000,0.000000000,0.000000000,0.122465322
622,0.005183333,0.447383463,0.000000000,0.000000000,3.090909091,0.000000000,1.454773683,1.454773683,0.000000010000,0.000000000,3.400000000,0.000000000,4.000000000,2.795275591,3.397637795,0.062059854,1.698046005,0.000000000,0.000000000,0.000000000,0.120006711
623,0.005191667,0.447663814,1.996951669,0.000000000,3.090909091,0.000000000,1.426675337,1.426675337,0.000000010000,0.000000000,3.400000000,0.000000000,4.000000000,2.795275591,3.397637795,0.062150930,1.698075964,1.324683865,0.000000000,0.000000000,0.117595597
624,0.005200000,0.447943422,0.000000000,0.000000000,3.090909091,0.000000000,1.399119698,1.399119698,0.000000010000,0.000000000,3.400000000,0.000000000,4.000000000,2.795275591,3.397637795,0.062242004,1.698105922,0.000000000,0.000000000,0.000000000,0.115231061
625,0.005208333,0.448222287,0.000000000,0.000000000,3.090909091,0.000000000,1.372096286,1.372096286,0.000000010000,0.000000000,3.400000000,0.000000000,4.000000000,2.795275591,3.397637795,0.062333075,1.698135880,0.000000000,0.000000000,0.000000000,0.112912204
626,0.005216667,0.448500413,0.000000000,0.000000000,3.090909091,0.000000000,1.345594819,1.345594819,0.000000010000,0.000000000,3.400000000,0.000000000,4.000000000,2.795275591,3.397637795,0.062424143,1.698165837,1.413314607,0.000000000,0.000000000,0.110638145
627,0.005225000,0.448777801,1.518252187,0.000000000,3.090909091,0.000000000,1.319605217,1.319605217,0.000000010000,0.000000000,3.400000000,0.000000000,4.000000000,2.795275591,3.397637795,0.062515209,1.698195792,0.000000000,0.000000000,0.000000000,0.108408017
628,0.005233333,0.449054452,0.000000000,0.000000000,3.090909091,0.000000000,1.294117593,1.294117593,0.000000010000,0.000000000,3.400000000,0.000000000,4.000000000,2.795275591,3.397637795,0.062606273,1.698225748,0.000000000,0.000000000,0.000000000,0.106220972
629,0.005241667,0.449330370,0.000000000,0.000000000,3.090909091,0.000000000,1.269122252,1.269122252,0.000000010000,0.000000000,3.400000000,0.000000000,4.000000000,2.795275591,3.397637795,0.062697334,1.698255702,1.514025417,0.000000000,0.000000000,0.104076178
630,0.005250000,0.449605556,0.000000000,0.000000000,3.090909091,0.000000000,1.244609686,1.244609686,0.000000010000,0.000000000,3.400000000,0.000000000,4.000000000,2.795275591,3.397637795,0.062788392,1.698285655,0.000000000,0.000000000,0.000000000,0.101972819
631,0.005258333,0.449880011,1.034304258,0.000000000,3.090909091,0.000000000,1.220570569,1.220570569,0.000000010000,0.000000000,3.400000000,0.000000000,4.000000000,2.795275591,3.397637795,0.062879448,1.698315608,0.000000000,0.000000000,0.000000000,0.099910095
632,0.005266667,0.450153738,0.000000000,0.000000000,3.090909091,0.000000000,1.196995758,1.196995758,0.000000010000,0.000000000,3.400000000,0.000000000,4.000000000,2.795275591,3.397637795,0.062970502,1.698345560,1.644940288,0.000000000,0.000000000,0.097887221
633,0.005275000,0.450426739,0.000000000,0.000000000,3.090909091,0.000000000,1.173876285,1.173876285,0.000000010000,0.000000000,3.400000000,0.000000000,4.000000000,2.795275591,3.397637795,0.063061553,1.698375511,0.000000000,0.000000000,0.000000000,0.095903427
634,0.005283333,0.450699016,0.000000000,0.000000000,3.090909091,0.000000000,1.151203355,1.151203355,0.000000010000,0.000000000,3.400000000,0.000000000,4.000000000,2.795275591,3.397637795,0.063152602,1.698405461,0.000000000,0.000000000,0.000000000,0.093957958
635,0.005291667,0.450970570,0.000000000,0.000000000,3.090909091,0.000000000,1.128968343,1.128968343,0.000000010000,0.000000000,3.400000000,0.000000000,4.000000000,2.795275591,3.397637795,0.063243648,1.698435411,1.848559915,0.000000000,0.000000000,0.092050075
636,0.005300000,0.451241404,1.550567787,0.000000000,3.090909091,0.000000000,1.107162791,1.107162791,0.000000010000,0.000000000,3.400000000,0.000000000,4.000000000,2.795275591,3.397637795,0.063334692,1.698465359,0.000000000,0.000000000,0.000000000,0.090179050
637,0.005308333,0.451511519,0.000000000,0.000000000,3.090909091,0.000000000,1.085778404,1.085778404,0.000000010000,0.000000000,3.400000000,0.000000000,4.000000000,2.795275591,3.397637795,0.063425733,1.698495307,1.025729054,0.000000000,0.000000000,0.088344173
638,0.005316667,0.451780917,0.000000000,0.000000000,3.090909091,0.000000000,1.064807047,1.064807047,0.000000010000,0.000000000,3.400000000,0.000000000,4.000000000,2.795275591,3.397637795,0.063516771,1.698525254,0.000000000,0.000000000,0.000000000,0.086544745
639,0.005325000,0.452049601,0.000000000,0.000000000,3.090909091,0.000000000,1.044240744,1.044240744,0.000000010000,0.000000000,3.400000000,0.000000000,4.000000000,2.795275591,3.397637795,0.063607808,1.698555200,0.000000000,0.000000000,0.000000000,0.084780081
640,0.005333333,0.452317571,1.062973952,0.062973952,3.090909091,0.194646762,1.027831191,1.027831191,0.000000010000,0.000000000,3.400000000,0.000000000,4.000000000,2.795275591,3.397637795,0.063698841,1.698585145,1.145926100,0.000000000,0.000000000,0.083370403
641,0.005341667,0.452584831,0.000000000,1.000000000,3.090909091,3.090909091,1.067678679,1.067678679,0.000000010000,0.000000000,3.400000000,0.000000000,4.000000000,2.795275591,3.397637795,0.063789873,1.698615090,0.000000000,0.000000000,0.000000000,0.086762683
642,0.005350000,0.452851382,0.000000000,1.000000000,3.090909091,3.090909091,1.106756530,1.106756530,0.000000010000,0.000000000,3.400000000,0.000000000,4.000000000,2.795275591,3.397637795,0.063880901,1.698645033,0.000000000,0.000000000,0.000000000,0.090088909
643,0.005358333,0.453117225,0.000000000,1.000000000,3.090909091,3.090909091,1.145079608,1.145079608,0.000000010000,0.000000000,3.400000000,0.000000000,4.000000000,2.795275591,3.397637795,0.063971928,1.698674976,1.241842333,0.000000000,0.000000000,0.093350359
644,0.005366667,0.453382363,0.000000000,1.000000000,3.090909091,3.090909091,1.182662492,1.182662492,0.000000010000,0.000000000,3.400000000,0.000000000,4.000000000,2.795275591,3.397637795,0.064062951,1.698704918,0.000000000,0.000000000,0.000000000,0.096548283
645,0.005375000,0.453646797,1.572636742,1.000000000,3.090909091,3.090909091,1.219519478,1.219519478,0.000000010000,0.000000000,3.400000000,0.000000000,4.000000000,2.795275591,3.397637795,0.064153973,1.698734859,0.000000000,0.000000000,0.000000000,0.099683908
646,0.005383333,0.453910530,0.000000000,1.000000000,3.090909091,3.090909091,1.255664587,1.255664587,0.000000010000,0.000000000,3.400000000,0.000000000,4.000000000,2.795275591,3.397637795,0.064244992,1.698764800,1.328766769,0.000000000,0.000000000,0.102758437
647,0.005391667,0.454173563,0.000000000,1.000000000,3.090909091,3.090909091,1.291111568,1.291111568,0.000000010000,0.000000000,3.400000000,0.000000000,4.000000000,2.795275591,3.397637795,0.064336008,1.698794739,0.000000000,0.000000000,0.000000000,0.105773051
648,0.005400000,0.454435898,0.000000000,1.000000000,3.090909091,3.090909091,1.325873906,1.325873906,0.000000010000,0.000000000,3.400000000,0.000000000,4.000000000,2.795275591,3.397637795,0.064427022,1.698824678,0.000000000,0.000000000,0.000000000,0.108728907
649,0.005408333,0.454697538,1.081746217,1.000000000,3.090909091,3.090909091,1.359964823,1.359964823,0.000000010000,0.000000000,3.400000000,0.000000000,4.000000000,2.795275591,3.397637795,0.064518033,1.698854616,1.417107511,0.000000000,0.000000000,0.111627140
650,0.005416667,0.454958483,0.000000000,1.000000000,3.090909091,3.090909091,1.393397289,1.393397289,0.000000010000,0.000000000,3.400000000,0.000000000,4.000000000,2.795275591,3.397637795,0.064609042,1.698884553,0.000000000,0.000000000,0.000000000,0.114468863
651,0.005425000,0.455218735,0.000000000,1.000000000,3.090909091,3.090909091,1.426184021,1.426184021,0.000000010000,0.000000000,3.400000000,0.000000000,4.000000000,2.795275591,3.397637795,0.064700048,1.698914490,0.000000000,0.000000000,0.000000000,0.117255167
652,0.005433333,0.455478297,0.000000000,1.000000000,3.090909091,3.090909091,1.458337490,1.458337490,0.000000010000,0.000000000,3.400000000,0.000000000,4.000000000,2.795275591,3.397637795,0.064791052,1.698944425,1.518005990,0.000000000,0.000000000,0.119987123
653,0.005441667,0.455737170,0.000000000,1.000000000,3.090909091,3.090909091,1.489869929,1.489869929,0.000000010000,0.000000000,3.400000000,0.000000000,4.000000000,2.795275591,3.397637795,0.064882054,1.698974360,0.000000000,0.000000000,0.000000000,0.122665781
654,0.005450000,0.455995357,1.586130293,1.000000000,3.090909091,3.090909091,1.520793332,1.520793332,0.000000010000,0.000000000,3.400000000,0.000000000,4.000000000,2.795275591,3.397637795,0.064973053,1.699004294,0.000000000,0.000000000,0.000000000,0.125292169
655,0.005458333,0.456252858,0.000000000,1.000000000,3.090909091,3.090909091,1.551119462,1.551119462,0.000000010000,0.000000000,3.400000000,0.000000000,4.000000000,2.795275591,3.397637795,0.065064049,1.699034227,1.649883443,0.000000000,0.000000000,0.127867299
656,0.005466667,0.456509677,0.000000000,1.000000000,3.090909091,3.090909091,1.580859856,1.580859856,0.000000010000,0.000000000,3.400000000,0.000000000,4.000000000,2.795275591,3.397637795,0.065155043,1.699064159,0.000000000,0.000000000,0.000000000,0.130392159
657,0.005475000,0.456765813,0.000000000,1.000000000,3.090909091,3.090909091,1.610025826,1.610025826,0.000000010000,0.000000000,3.400000000,0.000000000,4.000000000,2.795275591,3.397637795,0.065246034,1.699094090,0.000000000,0.000000000,0.000000000,0.132867721
658,0.005483333,0.457021271,1.092078671,1.000000000,3.090909091,3.090909091,1.638628468,1.638628468,0.000000010000,0.000000000,3.400000000,0.000000000,4.000000000,2.795275591,3.397637795,0.065337023,1.699124021,1.856441385,0.000000000,0.000000000,0.135294937
659,0.005491667,0.457276050,0.000000000,1.000000000,3.090909091,3.090909091,1.666678662,1.666678662,0.000000010000,0.000000000,3.400000000,0.000000000,4.000000000,2.795275591,3.397637795,0.065428010,1.699153951,0.000000000,0.000000000,0.000000000,0.137674740
660,0.005500000,0.457530153,0.000000000,1.000000000,3.090909091,3.090909091,1.694187078,1.694187078,0.000000010000,0.000000000,3.400000000,0.000000000,4.000000000,2.795275591,3.397637795,0.065518994,1.699183880,1.030120723,0.000000000,0.000000000,0.140008048
661,0.005508333,0.457783583,0.000000000,1.000000000,3.090909091,3.090909091,1.721164180,1.721164180,0.000000010000,0.000000000,3.400000000,0.000000000,4.000000000,2.795275591,3.397637795,0.065609975,1.699213808,0.000000000,0.000000000,0.000000000,0.142295757
662,0.005516667,0.458036339,0.000000000,1.000000000,3.090909091,3.090909091,1.747620231,1.747620231,0.000000010000,0.000000000,3.400000000,0.000000000,4.000000000,2.795275591,3.397637795,0.065700954,1.699243735,0.000000000,0.000000000,0.000000000,0.144538749
663,0.005525000,0.458288425,1.592146978,1.000000000,3.090909091,3.090909091,1.773565295,1.773565295,0.000000010000,0.000000000,3.400000000,0.000000000,4.000000000,2.795275591,3.397637795,0.065791931,1.699273662,1.148683593,0.000000000,0.000000000,0.146737887
664,0.005533333,0.458539843,0.000000000,1.000000000,3.090909091,3.090909091,1.799009240,1.799009240,0.000000010000,0.000000000,3.400000000,0.000000000,4.000000000,2.795275591,3.397637795,0.065882905,1.699303587,0.000000000,0.000000000,0.000000000,0.148894018
665,0.005541667,0.458790593,0.000000000,1.000000000,3.090909091,3.090909091,1.823961746,1.823961746,0.000000010000,0.000000000,3.400000000,0.000000000,4.000000000,2.795275591,3.397637795,0.065973877,1.699333512,0.000000000,0.000000000,0.000000000,0.151007973
666,0.005550000,0.459040678,0.000000000,1.000000000,3.090909091,3.090909091,1.848432305,1.848432305,0.000000010000,0.000000000,3.400000000,0.000000000,4.000000000,2.795275591,3.397637795,0.066064846,1.699363436,1.243658544,0.000000000,0.000000000,0.153080567
667,0.005558333,0.459290099,1.094966313,1.000000000,3.090909091,3.090909091,1.872430225,1.872430225,0.000000010000,0.000000000,3.400000000,0.000000000,4.000000000,2.795275591,3.397637795,0.066155812,1.699393359,0.000000000,0.000000000,0.000000000,0.155112599
668,0.005566667,0.459538859,0.000000000,1.000000000,3.090909091,3.090909091,1.895964636,1.895964636,0.000000010000,0.000000000,3.400000000,0.000000000,4.000000000,2.795275591,3.397637795,0.066246777,1.699423282,0.000000000,0.000000000,0.000000000,0.157104851
669,0.005575000,0.459786958,0.000000000,1.000000000,3.090909091,3.090909091,1.919044489,1.919044489,0.000000010000,0.000000000,3.400000000,0.000000000,4.000000000,2.795275591,3.397637795,0.066337738,1.699453203,1.329947840,0.000000000,0.000000000,0.159058094
670,0.005583333,0.460034399,0.000000000,1.000000000,3.090909091,3.090909091,1.941678564,1.941678564,0.000000010000,0.000000000,3.400000000,0.000000000,4.000000000,2.795275591,3.397637795,0.066428697,1.699483124,0.000000000,0.000000000,0.000000000,0.160973079
671,0.005591667,0.460281184,0.000000000,1.000000000,3.090909091,3.090909091,1.963875472,1.963875472,0.000000010000,0.000000000,3.400000000,0.000000000,4.000000000,2.795275591,3.397637795,0.066519654,1.699513044,0.000000000,0.000000000,0.000000000,0.162850546
672,0.005600000,0.460527314,1.591490251,1.000000000,3.090909091,3.090909091,1.985643656,1.985643656,0.000000010000,0.000000000,3.400000000,0.000000000,4.000000000,2.795275591,3.397637795,0.066610608,1.699542963,1.417790159,0.000000000,0.000000000,0.164691220
673,0.005608333,0.460772791,0.000000000,1.000000000,3.090909091,3.090909091,2.006991396,2.006991396,0.000000010000,0.000000000,3.400000000,0.000000000,4.000000000,2.795275591,3.397637795,0.066701560,1.699572882,0.000000000,0.000000000,0.000000000,0.166495811
674,0.005616667,0.461017616,0.000000000,1.000000000,3.090909091,3.090909091,2.027926814,2.027926814,0.000000010000,0.000000000,3.400000000,0.000000000,4.000000000,2.795275591,3.397637795,0.066792509,1.699602799,0.000000000,0.000000000,0.000000000,0.168265017
675,0.005625000,0.461261792,0.000000000,1.000000000,3.090909091,3.090909091,2.048457873,2.048457873,0.000000010000,0.000000000,3.400000000,0.000000000,4.000000000,2.795275591,3.397637795,0.066883456,1.699632716,1.518221152,0.000000000,0.000000000,0.169999521
676,0.005633333,0.461505320,1.091179644,0.908820356,3.090909091,2.809081102,2.063148993,2.063148993,0.000000010000,0.000000000,3.400000000,0.000000000,4.000000000,2.795275591,3.397637795,0.066974400,1.699662632,0.000000000,0.000000000,0.000000000,0.171235373
677,0.005641667,0.461748202,0.000000000,0.000000000,3.090909091,0.000000000,2.023300132,2.023300132,0.000000010000,0.000000000,3.400000000,0.000000000,4.000000000,2.795275591,3.397637795,0.067065342,1.699692547,0.000000000,0.000000000,0.000000000,0.167815846
678,0.005650000,0.461990439,0.000000000,0.000000000,3.090909091,0.000000000,1.984220934,1.984220934,0.000000010000,0.000000000,3.400000000,0.000000000,4.000000000,2.795275591,3.397637795,0.067156281,1.699722461,1.649538566,0.000000000,0.000000000,0.164462376
679,0.005658333,0.462232034,0.000000000,0.000000000,3.090909091,0.000000000,1.945896536,1.945896536,0.000000010000,0.000000000,3.400000000,0.000000000,4.000000000,2.795275591,3.397637795,0.067247218,1.699752374,0.000000000,0.000000000,0.000000000,0.161173688
680,0.005666667,0.462472988,0.000000000,0.000000000,3.090909091,0.000000000,1.908312357,1.908312357,0.000000010000,0.000000000,3.400000000,0.000000000,4.000000000,2.795275591,3.397637795,0.067338153,1.699782287,0.000000000,0.000000000,0.000000000,0.157948531
681,0.005675000,0.462713302,1.584842826,0.000000000,3.090909091,0.000000000,1.871454100,1.871454100,0.000000010000,0.000000000,3.400000000,0.000000000,4.000000000,2.795275591,3.397637795,0.067429085,1.699812199,1.855137491,0.000000000,0.000000000,0.154785678
682,0.005683333,0.462952979,0.000000000,0.000000000,3.090909091,0.000000000,1.835307746,1.835307746,0.000000010000,0.000000000,3.400000000,0.000000000,4.000000000,2.795275591,3.397637795,0.067520014,1.699842110,0.000000000,0.000000000,0.000000000,0.151683925
683,0.005691667,0.463192020,0.000000000,0.000000000,3.090909091,0.000000000,1.799859543,1.799859543,0.000000010000,0.000000000,3.400000000,0.000000000,4.000000000,2.795275591,3.397637795,0.067610941,1.699872020,1.028813367,0.000000000,0.000000000,0.148642092
684,0.005700000,0.463430427,0.000000000,0.000000000,3.090909091,0.000000000,1.765096008,1.765096008,0.000000010000,0.000000000,3.400000000,0.000000000,4.000000000,2.795275591,3.397637795,0.067701865,1.699901929,0.000000000,0.000000000,0.000000000,0.145659022
685,0.005708333,0.463668201,1.081417829,0.000000000,3.090909091,0.000000000,1.731003915,1.731003915,0.000000010000,0.000000000,3.400000000,0.000000000,4.000000000,2.795275591,3.397637795,0.067792787,1.699931838,0.000000000,0.000000000,0.000000000,0.142733579
686,0.005716667,0.463905344,0.000000000,0.000000000,3.090909091,0.000000000,1.697570297,1.697570297,0.000000010000,0.000000000,3.400000000,0.492652217,4.000000000,2.894193949,3.447096975,0.067885057,1.782611081,1.043910469,0.000000000,0.000000000,0.139864652
687,0.005725000,0.464141858,0.000000000,0.000000000,3.090909091,0.000000000,1.664782436,1.664782436,0.000000010000,0.000000000,3.400000000,4.000000000,4.000000000,3.598425197,3.799212598,0.067986939,2.371048335,0.000000000,0.000000000,0.000000000,0.137051147
688,0.005733333,0.464377744,0.000000000,0.000000000,3.090909091,0.000000000,1.632627858,1.632627858,0.000000010000,0.000000000,3.400000000,4.000000000,4.000000000,3.598425197,3.799212598,0.068088818,2.371081848,0.000000000,0.000000000,0.000000000,0.134291996
689,0.005741667,0.464613005,0.000000000,0.000000000,3.090909091,0.000000000,1.601094333,1.601094333,0.000000010000,0.000000000,3.400000000,4.000000000,4.000000000,3.598425197,3.799212598,0.068190694,2.371115360,1.219324706,0.000000000,0.000000000,0.131586147
690,0.005750000,0.464847641,1.572880179,0.000000000,3.090909091,0.000000000,1.570169865,1.570169865,0.000000010000,0.000000000,3.400000000,4.000000000,4.000000000,3.598425197,3.799212598,0.068292567,2.371148871,0.000000000,0.000000000,0.000000000,0.128932572
691,0.005758333,0.465081655,0.000000000,0.000000000,3.090909091,0.000000000,1.539842689,1.539842689,0.000000010000,0.000000000,3.400000000,4.000000000,4.000000000,3.598425197,3.799212598,0.068394438,2.371182381,0.000000000,0.000000000,0.000000000,0.126330260
692,0.005766667,0.465315048,0.000000000,0.000000000,3.090909091,0.000000000,1.510101271,1.510101271,0.000000010000,0.000000000,3.400000000,4.000000000,4.000000000,3.598425197,3.799212598,0.068496305,2.371215890,0.000000000,0.000000000,0.000000000,0.123778222
693,0.005775000,0.465547821,0.000000000,0.000000000,3.090909091,0.000000000,1.480934295,1.480934295,0.000000010000,0.000000000,3.400000000,4.000000000,4.000000000,3.598425197,3.799212598,0.068598170,2.371249398,1.617681503,0.000000000,0.000000000,0.121275486
694,0.005783333,0.465779977,1.066407127,0.000000000,3.090909091,0.000000000,1.452330668,1.452330668,0.000000010000,0.000000000,3.400000000,4.000000000,4.000000000,3.598425197,3.799212598,0.068700033,2.371282905,0.000000000,0.000000000,0.000000000,0.118821101
695,0.005791667,0.466011517,0.000000000,0.000000000,3.090909091,0.000000000,1.424279507,1.424279507,0.000000010000,0.000000000,3.400000000,4.000000000,4.000000000,3.598425197,3.799212598,0.068801892,2.371316412,0.000000000,0.000000000,0.000000000,0.116414133
696,0.005800000,0.466242443,0.000000000,0.000000000,3.090909091,0.000000000,1.396770143,1.396770143,0.000000010000,0.000000000,3.400000000,4.000000000,4.000000000,3.598425197,3.799212598,0.068903749,2.371349917,1.121142039,0.000000000,0.000000000,0.114053665
697,0.005808333,0.466472756,0.000000000,0.000000000,3.090909091,0.000000000,1.369792111,1.369792111,0.000000010000,0.000000000,3.400000000,4.000000000,4.000000000,3.598425197,3.799212598,0.069005603,2.371383422,0.000000000,0.000000000,0.000000000,0.111738799
698,0.005816667,0.466702457,0.000000000,0.000000000,3.090909091,0.000000000,1.343335149,1.343335149,0.000000010000,0.000000000,3.400000000,4.000000000,4.000000000,3.598425197,3.799212598,0.069107454,2.371416926,0.000000000,0.000000000,0.000000000,0.109468655
699,0.005825000,0.466931550,1.556338921,0.000000000,3.090909091,0.000000000,1.317389191,1.317389191,0.000000010000,0.000000000,3.400000000,4.000000000,4.000000000,3.598425197,3.799212598,0.069209302,2.371450428,0.000000000,0.000000000,0.000000000,0.107242370
700,0.005833333,0.467160034,0.000000000,0.000000000,3.090909091,0.000000000,1.291944369,1.291944369,0.000000010000,0.000000000,3.400000000,4.000000000,4.000000000,3.598425197,3.799212598,0.069311148,2.371483930,1.519000316,0.000000000,0.000000000,0.105059094
701,0.005841667,0.467387913,0.000000000,0.000000000,3.090909091,0.000000000,1.266991003,1.266991003,0.000000010000,0.000000000,3.400000000,4.000000000,4.000000000,3.598425197,3.799212598,0.069412990,2.371517431,0.000000000,0.000000000,0.000000000,0.102917999
702,0.005850000,0.467615186,0.000000000,0.000000000,3.090909091,0.000000000,1.242519601,1.242519601,0.000000010000,0.000000000,3.400000000,4.000000000,4.000000000,3.598425197,3.799212598,0.069514830,2.371550931,0.000000000,0.000000000,0.000000000,0.100818270
703,0.005858333,0.467841857,1.046954820,0.000000000,3.090909091,0.000000000,1.218520854,1.218520854,0.000000010000,0.000000000,3.400000000,4.000000000,4.000000000,3.598425197,3.799212598,0.069616668,2.371584430,1.007231375,0.000000000,0.000000000,0.098759107
704,0.005866667,0.468067926,0.000000000,0.000000000,3.090909091,0.000000000,1.194985632,1.194985632,0.000000010000,0.000000000,3.400000000,4.000000000,4.000000000,3.598425197,3.799212598,0.069718502,2.371617928,0.000000000,0.000000000,0.000000000,0.096739727
705,0.005875000,0.468293396,0.000000000,0.000000000,3.090909091,0.000000000,1.171904984,1.171904984,0.000000010000,0.000000000,3.400000000,4.000000000,4.000000000,3.598425197,3.799212598,0.069820334,2.371651426,0.000000000,0.000000000,0.000000000,0.094759361
706,0.005883333,0.468518267,0.000000000,0.000000000,3.090909091,0.000000000,1.149270128,1.149270128,0.000000010000,0.000000000,3.400000000,4.000000000,4.000000000,3.598425197,3.799212598,0.069922162,2.371684922,0.000000000,0.000000000,0.000000000,0.092817256
707,0.005891667,0.468742541,0.000000000,0.000000000,3.090909091,0.000000000,1.127072456,1.127072456,0.000000010000,0.000000000,3.400000000,4.000000000,4.000000000,3.598425197,3.799212598,0.070023988,2.371718417,1.418095058,0.000000000,0.000000000,0.090912673
708,0.005900000,0.468966221,1.536044636,0.000000000,3.090909091,0.000000000,1.105303522,1.105303522,0.000000010000,0.000000000,3.400000000,4.000000000,4.000000000,3.598425197,3.799212598,0.070125812,2.371751912,0.000000000,0.000000000,0.000000000,0.089044888
709,0.005908333,0.469189307,0.000000000,0.000000000,3.090909091,0.000000000,1.083955046,1.083955046,0.000000010000,0.000000000,3.400000000,4.000000000,4.000000000,3.598425197,3.799212598,0.070227632,2.371785405,0.000000000,0.000000000,0.000000000,0.087213189
710,0.005916667,0.469411801,0.000000000,0.000000000,3.090909091,0.000000000,1.063018907,1.063018907,0.000000010000,0.000000000,3.400000000,4.000000000,4.000000000,3.598425197,3.799212598,0.070329450,2.371818898,0.000000000,0.000000000,0.000000000,0.085416879
711,0.005925000,0.469633704,0.000000000,0.000000000,3.090909091,0.000000000,1.042487141,1.042487141,0.000000010000,0.000000000,3.400000000,4.000000000,4.000000000,3.598425197,3.799212598,0.070431265,2.371852390,1.858880261,0.000000000,0.000000000,0.083655276
712,0.005933333,0.469855019,1.023961697,0.023961697,3.090909091,0.074063428,1.023782441,1.023782441,0.000000010000,0.000000000,3.400000000,4.000000000,4.000000000,3.598425197,3.799212598,0.070533077,2.371885881,0.000000000,0.000000000,0.000000000,0.082049808
713,0.005941667,0.470075747,0.000000000,1.000000000,3.090909091,3.090909091,1.063708129,1.063708129,0.000000010000,0.000000000,3.400000000,4.000000000,4.000000000,3.598425197,3.799212598,0.070634887,2.371919371,0.000000000,0.000000000,0.000000000,0.085448896
714,0.005950000,0.470295889,0.000000000,1.000000000,3.090909091,3.090909091,1.102862669,1.102862669,0.000000010000,0.000000000,3.400000000,4.000000000,4.000000000,3.598425197,3.799212598,0.070736693,2.371952860,1.304516764,0.000000000,0.000000000,0.088781800
715,0.005958333,0.470515447,0.000000000,1.000000000,3.090909091,3.090909091,1.141260956,1.141260956,0.000000010000,0.000000000,3.400000000,4.000000000,4.000000000,3.598425197,3.799212598,0.070838497,2.371986348,0.000000000,0.000000000,0.000000000,0.092049801
716,0.005966667,0.470734423,0.000000000,1.000000000,3.090909091,3.090909091,1.178917595,1.178917595,0.000000010000,0.000000000,3.400000000,4.000000000,4.000000000,3.598425197,3.799212598,0.070940298,2.372019835,0.000000000,0.000000000,0.000000000,0.095254151
717,0.005975000,0.470952817,1.512901848,1.000000000,3.090909091,3.090909091,1.215846913,1.215846913,0.000000010000,0.000000000,3.400000000,4.000000000,4.000000000,3.598425197,3.799212598,0.071042096,2.372053321,0.000000000,0.000000000,0.000000000,0.098396079
718,0.005983333,0.471170632,0.000000000,1.000000000,3.090909091,3.090909091,1.252062956,1.252062956,0.000000010000,0.000000000,3.400000000,4.000000000,4.000000000,3.598425197,3.799212598,0.071143892,2.372086807,1.712425511,0.000000000,0.000000000,0.101476793
719,0.005991667,0.471387869,0.000000000,1.000000000,3.090909091,3.090909091,1.287579501,1.287579501,0.000000010000,0.000000000,3.400000000,4.000000000,4.000000000,3.598425197,3.799212598,0.071245684,2.372120291,0.000000000,0.000000000,0.000000000,0.104497473
720,0.006000000,0.471604530,0.000000000,1.000000000,3.090909091,3.090909091,1.322410059,1.322410059,0.000000010000,0.000000000,3.400000000,4.000000000,4.000000000,3.598425197,3.799212598,0.071347474,2.372153774,0.000000000,0.000000000,0.000000000,0.107459281
721,0.006008333,0.471820615,0.000000000,1.000000000,3.090909091,3.090909091,1.356567879,1.356567879,0.000000010000,0.000000000,3.400000000,4.000000000,4.000000000,3.598425197,3.799212598,0.071449262,2.372187257,1.208324566,0.000000000,0.000000000,0.110363351
722,0.006016667,0.472036128,1.997570917,1.000000000,3.090909091,3.090909091,1.390065955,1.390065955,0.000000010000,0.000000000,3.400000000,4.000000000,4.000000000,3.598425197,3.799212598,0.071551046,2.372220739,0.000000000,0.000000000,0.000000000,0.113210801
723,0.006025000,0.472251068,0.000000000,1.000000000,3.090909091,3.090909091,1.422917030,1.422917030,0.000000010000,0.000000000,3.400000000,4.000000000,4.000000000,3.598425197,3.799212598,0.071652828,2.372254220,0.000000000,0.000000000,0.000000000,0.116002724
724,0.006033333,0.472465439,0.000000000,1.000000000,3.090909091,3.090909091,1.455133600,1.455133600,0.000000010000,0.000000000,3.400000000,4.000000000,4.000000000,3.598425197,3.799212598,0.071754606,2.372287699,0.000000000,0.000000000,0.000000000,0.118740191
725,0.006041667,0.472679240,0.000000000,1.000000000,3.090909091,3.090909091,1.486727921,1.486727921,0.000000010000,0.000000000,3.400000000,4.000000000,4.000000000,3.598425197,3.799212598,0.071856382,2.372321178,1.604699294,0.000000000,0.000000000,0.121424256
726,0.006050000,0.472892474,1.484912115,1.000000000,3.090909091,3.090909091,1.517712010,1.517712010,0.000000010000,0.000000000,3.400000000,4.000000000,4.000000000,3.598425197,3.799212598,0.071958156,2.372354656,0.000000000,0.000000000,0.000000000,0.124055949
727,0.006058333,0.473105143,0.000000000,1.000000000,3.090909091,3.090909091,1.548097655,1.548097655,0.000000010000,0.000000000,3.400000000,4.000000000,4.000000000,3.598425197,3.799212598,0.072059926,2.372388134,0.000000000,0.000000000,0.000000000,0.126636282
728,0.006066667,0.473317247,0.000000000,1.000000000,3.090909091,3.090909091,1.577896414,1.577896414,0.000000010000,0.000000000,3.400000000,4.000000000,4.000000000,3.598425197,3.799212598,0.072161694,2.372421610,1.104093111,0.000000000,0.000000000,0.129166247
729,0.006075000,0.473528789,0.000000000,1.000000000,3.090909091,3.090909091,1.607119622,1.607119622,0.000000010000,0.000000000,3.400000000,4.000000000,4.000000000,3.598425197,3.799212598,0.072263459,2.372455085,0.000000000,0.000000000,0.000000000,0.131646817
730,0.006083333,0.473739769,0.000000000,1.000000000,3.090909091,3.090909091,1.635778396,1.635778396,0.000000010000,0.000000000,3.400000000,4.000000000,4.000000000,3.598425197,3.799212598,0.072365221,2.372488560,0.000000000,0.000000000,0.000000000,0.134078947
731,0.006091667,0.473950189,1.963190573,1.000000000,3.090909091,3.090909091,1.663883638,1.663883638,0.000000010000,0.000000000,3.400000000,4.000000000,4.000000000,3.598425197,3.799212598,0.072466980,2.372522033,0.000000000,0.000000000,0.000000000,0.136463571
732,0.006100000,0.474160051,0.000000000,1.000000000,3.090909091,3.090909091,1.691446038,1.691446038,0.000000010000,0.000000000,3.400000000,4.000000000,4.000000000,3.598425197,3.799212598,0.072568737,2.372555506,1.501779526,0.000000000,0.000000000,0.138801607
733,0.006108333,0.474369356,0.000000000,1.000000000,3.090909091,3.090909091,1.718476083,1.718476083,0.000000010000,0.000000000,3.400000000,4.000000000,4.000000000,3.598425197,3.799212598,0.072670491,2.372588977,0.000000000,0.000000000,0.000000000,0.141093956
734,0.006116667,0.474578106,0.000000000,1.000000000,3.090909091,3.090909091,1.744984053,1.744984053,0.000000010000,0.000000000,3.400000000,4.000000000,4.000000000,3.598425197,3.799212598,0.072772242,2.372622448,0.000000000,0.000000000,0.000000000,0.143341500
735,0.006125000,0.474786302,1.452827386,1.000000000,3.090909091,3.090909091,1.770980033,1.770980033,0.000000010000,0.000000000,3.400000000,4.000000000,4.000000000,3.598425197,3.799212598,0.072873990,2.372655918,0.000000000,0.000000000,0.000000000,0.145545103
736,0.006133333,0.474993946,0.000000000,1.000000000,3.090909091,3.090909091,1.796473912,1.796473912,0.000000010000,0.000000000,3.400000000,4.000000000,4.000000000,3.598425197,3.799212598,0.072975735,2.372689387,1.981760423,0.000000000,0.000000000,0.147705616
737,0.006141667,0.475201038,0.000000000,1.000000000,3.090909091,3.090909091,1.821475387,1.821475387,0.000000010000,0.000000000,3.400000000,4.000000000,4.000000000,3.598425197,3.799212598,0.073077478,2.372722855,0.000000000,0.000000000,0.000000000,0.149823870
738,0.006150000,0.475407582,0.000000000,1.000000000,3.090909091,3.090909091,1.845993969,1.845993969,0.000000010000,0.000000000,3.400000000,4.000000000,4.000000000,3.598425197,3.799212598,0.073179218,2.372756322,0.000000000,0.000000000,0.000000000,0.151900681
739,0.006158333,0.475613577,0.000000000,1.000000000,3.090909091,3.090909091,1.870038985,1.870038985,0.000000010000,0.000000000,3.400000000,4.000000000,4.000000000,3.598425197,3.799212598,0.073280955,2.372789788,1.396054667,0.000000000,0.000000000,0.153936851
740,0.006166667,0.475819025,1.924927031,1.000000000,3.090909091,3.090909091,1.893619581,1.893619581,0.000000010000,0.000000000,3.400000000,4.000000000,4.000000000,3.598425197,3.799212598,0.073382690,2.372823253,0.000000000,0.000000000,0.000000000,0.155933163
741,0.006175000,0.476023929,0.000000000,1.000000000,3.090909091,3.090909091,1.916744728,1.916744728,0.000000010000,0.000000000,3.400000000,4.000000000,4.000000000,3.598425197,3.799212598,0.073484421,2.372856717,0.000000000,0.000000000,0.000000000,0.157890388
742,0.006183333,0.476228289,0.000000000,1.000000000,3.090909091,3.090909091,1.939423222,1.939423222,0.000000010000,0.000000000,3.400000000,4.000000000,4.000000000,3.598425197,3.799212598,0.073586150,2.372890181,0.000000000,0.000000000,0.000000000,0.159809282
743,0.006191667,0.476432106,0.000000000,1.000000000,3.090909091,3.090909091,1.961663691,1.961663691,0.000000010000,0.000000000,3.400000000,4.000000000,4.000000000,3.598425197,3.799212598,0.073687876,2.372923643,1.827187166,0.000000000,0.000000000,0.161690583
744,0.006200000,0.476635383,1.418080125,1.000000000,3.090909091,3.090909091,1.983474594,1.983474594,0.000000010000,0.000000000,3.400000000,4.000000000,4.000000000,3.598425197,3.799212598,0.073789599,2.372957105,0.000000000,0.000000000,0.000000000,0.163535020
745,0.006208333,0.476838120,0.000000000,1.000000000,3.090909091,3.090909091,2.004864229,2.004864229,0.000000010000,0.000000000,3.400000000,4.000000000,4.000000000,3.598425197,3.799212598,0.073891320,2.372990566,0.000000000,0.000000000,0.000000000,0.165343302
746,0.006216667,0.477040320,0.000000000,1.000000000,3.090909091,3.090909091,2.025840732,2.025840732,0.000000010000,0.000000000,3.400000000,4.000000000,4.000000000,3.598425197,3.799212598,0.073993037,2.373024025,1.281354374,0.000000000,0.000000000,0.167116130
747,0.006225000,0.477241983,0.000000000,1.000000000,3.090909091,3.090909091,2.046412083,2.046412083,0.000000010000,0.000000000,3.400000000,4.000000000,4.000000000,3.598425197,3.799212598,0.074094752,2.373057484,0.000000000,0.000000000,0.000000000,0.168854187
748,0.006233333,0.477443111,0.000000000,1.000000000,3.090909091,3.090909091,2.066586106,2.066586106,0.000000010000,0.000000000,3.400000000,4.000000000,4.000000000,3.598425197,3.799212598,0.074196464,2.373090942,0.000000000,0.000000000,0.000000000,0.170558146
749,0.006241667,0.477643705,1.884535536,0.115464464,3.090909091,0.356890162,2.033564043,2.033564043,0.000000010000,0.000000000,3.400000000,4.000000000,4.000000000,3.598425197,3.799212598,0.074298174,2.373124399,0.000000000,0.000000000,0.000000000,0.167721383
750,0.006250000,0.477843767,0.000000000,0.000000000,3.090909091,0.000000000,1.994286603,1.994286603,0.000000010000,0.000000000,3.400000000,4.000000000,4.000000000,3.598425197,3.799212598,0.074399880,2.373157855,1.683914733,0.000000000,0.000000000,0.164350995
751,0.006258333,0.478043299,0.000000000,0.000000000,3.090909091,0.000000000,1.955767790,1.955767790,0.000000010000,0.000000000,3.400000000,4.000000000,4.000000000,3.598425197,3.799212598,0.074501584,2.373191311,0.000000000,0.000000000,0.000000000,0.161045717
752,0.006266667,0.478242300,0.000000000,0.000000000,3.090909091,0.000000000,1.917992952,1.917992952,0.000000010000,0.000000000,3.400000000,4.000000000,4.000000000,3.598425197,3.799212598,0.074603285,2.373224765,0.000000000,0.000000000,0.000000000,0.157804293
753,0.006275000,0.478440774,1.379671942,0.000000000,3.090909091,0.000000000,1.880947719,1.880947719,0.000000010000,0.000000000,3.400000000,4.000000000,4.000000000,3.598425197,3.799212598,0.074704983,2.373258218,1.190073597,0.000000000,0.000000000,0.154625488
754,0.006283333,0.478638721,0.000000000,0.000000000,3.090909091,0.000000000,1.844617999,1.844617999,0.000000010000,0.000000000,3.400000000,4.000000000,4.000000000,3.598425197,3.799212598,0.074806679,2.373291671,0.000000000,0.000000000,0.000000000,0.151508094
755,0.006291667,0.478836143,0.000000000,0.000000000,3.090909091,0.000000000,1.808989972,1.808989972,0.000000010000,0.000000000,3.400000000,4.000000000,4.000000000,3.598425197,3.799212598,0.074908372,2.373325122,0.000000000,0.000000000,0.000000000,0.148450923
756,0.006300000,0.479033042,0.000000000,0.000000000,3.090909091,0.000000000,1.774050087,1.774050087,0.000000010000,0.000000000,3.400000000,4.000000000,4.000000000,3.598425197,3.799212598,0.075010062,2.373358573,0.000000000,0.000000000,0.000000000,0.145452813
757,0.006308333,0.479229417,0.000000000,0.000000000,3.090909091,0.000000000,1.739785050,1.739785050,0.000000010000,0.000000000,3.400000000,4.000000000,4.000000000,3.598425197,3.799212598,0.075111749,2.373392023,1.584424991,0.000000000,0.000000000,0.142512624
758,0.006316667,0.479425272,1.841111887,0.000000000,3.090909091,0.000000000,1.706181828,1.706181828,0.000000010000,0.000000000,3.400000000,4.000000000,4.000000000,3.598425197,3.799212598,0.075213433,2.373425471,0.000000000,0.000000000,0.000000000,0.139629236
759,0.006325000,0.479620607,0.000000000,0.000000000,3.090909091,0.000000000,1.673227639,1.673227639,0.000000010000,0.000000000,3.400000000,4.000000000,4.000000000,3.598425197,3.799212598,0.075315115,2.373458919,0.000000000,0.000000000,0.000000000,0.136801552
760,0.006333333,0.479815424,0.000000000,0.000000000,3.090909091,0.000000000,1.640909945,1.640909945,0.000000010000,0.000000000,3.400000000,4.000000000,4.000000000,3.598425197,3.799212598,0.075416794,2.373492366,1.078743882,0.000000000,0.000000000,0.134028497
761,0.006341667,0.480009724,0.000000000,0.000000000,3.090909091,0.000000000,1.609216455,1.609216455,0.000000010000,0.000000000,3.400000000,4.000000000,4.000000000,3.598425197,3.799212598,0.075518470,2.373525812,0.000000000,0.000000000,0.000000000,0.131309015
762,0.006350000,0.480203508,1.328672033,0.000000000,3.090909091,0.000000000,1.578135111,1.578135111,0.000000010000,0.000000000,3.400000000,4.000000000,4.000000000,3.598425197,3.799212598,0.075620143,2.373559258,0.000000000,0.000000000,0.000000000,0.128642071
763,0.006358333,0.480396778,0.000000000,0.000000000,3.090909091,0.000000000,1.547654091,1.547654091,0.000000010000,0.000000000,3.400000000,4.000000000,4.000000000,3.598425197,3.799212598,0.075721813,2.373592702,0.000000000,0.000000000,0.000000000,0.126026652
764,0.006366667,0.480589536,0.000000000,0.000000000,3.090909091,0.000000000,1.517761798,1.517761798,0.000000010000,0.000000000,3.400000000,4.000000000,4.000000000,3.598425197,3.799212598,0.075823481,2.373626145,1.477416279,0.000000000,0.000000000,0.123461761
765,0.006375000,0.480781782,0.000000000,0.000000000,3.090909091,0.000000000,1.488446863,1.488446863,0.000000010000,0.000000000,3.400000000,4.000000000,4.000000000,3.598425197,3.799212598,0.075925146,2.373659587,0.000000000,0.000000000,0.000000000,0.120946422
766,0.006383333,0.480973518,0.000000000,0.000000000,3.090909091,0.000000000,1.459698133,1.459698133,0.000000010000,0.000000000,3.400000000,4.000000000,4.000000000,3.598425197,3.799212598,0.076026808,2.373693029,0.000000000,0.000000000,0.000000000,0.118479680
767,0.006391667,0.481164745,1.785746979,0.000000000,3.090909091,0.000000000,1.431504673,1.431504673,0.000000010000,0.000000000,3.400000000,4.000000000,4.000000000,3.598425197,3.799212598,0.076128468,2.373726470,0.000000000,0.000000000,0.000000000,0.116060594
768,0.006400000,0.481355464,0.000000000,0.000000000,3.090909091,0.000000000,1.403855758,1.403855758,0.000000010000,0.000000000,3.400000000,4.000000000,4.000000000,3.598425197,3.799212598,0.076230124,2.373759909,1.942470473,0.000000000,0.000000000,0.113688245
769,0.006408333,0.481545678,0.000000000,0.000000000,3.090909091,0.000000000,1.376740870,1.376740870,0.000000010000,0.000000000,3.400000000,4.000000000,4.000000000,3.598425197,3.799212598,0.076331778,2.373793348,0.000000000,0.000000000,0.000000000,0.111361729
770,0.006416667,0.481735387,0.000000000,0.000000000,3.090909091,0.000000000,1.350149695,1.350149695,0.000000010000,0.000000000,3.400000000,4.000000000,4.000000000,3.598425197,3.799212598,0.076433429,2.373826786,0.000000000,0.000000000,0.000000000,0.109080163
771,0.006425000,0.481924593,1.265588025,0.000000000,3.090909091,0.000000000,1.324072118,1.324072118,0.000000010000,0.000000000,3.400000000,4.000000000,4.000000000,3.598425197,3.799212598,0.076535077,2.373860223,1.363927236,0.000000000,0.000000000,0.106842676
772,0.006433333,0.482113296,0.000000000,0.000000000,3.090909091,0.000000000,1.298498218,1.298498218,0.000000010000,0.000000000,3.400000000,4.000000000,4.000000000,3.598425197,3.799212598,0.076636723,2.373893659,0.000000000,0.000000000,0.000000000,0.104648419
773,0.006441667,0.482301499,0.000000000,0.000000000,3.090909091,0.000000000,1.273418267,1.273418267,0.000000010000,0.000000000,3.400000000,4.000000000,4.000000000,3.598425197,3.799212598,0.076738366,2.373927094,0.000000000,0.000000000,0.000000000,0.102496555
774,0.006450000,0.482489203,0.000000000,0.000000000,3.090909091,0.000000000,1.248822725,1.248822725,0.000000010000,0.000000000,3.400000000,4.000000000,4.000000000,3.598425197,3.799212598,0.076840005,2.373960528,0.000000000,0.000000000,0.000000000,0.100386267
775,0.006458333,0.482676408,0.000000000,0.000000000,3.090909091,0.000000000,1.224702235,1.224702235,0.000000010000,0.000000000,3.400000000,4.000000000,4.000000000,3.598425197,3.799212598,0.076941643,2.373993961,1.783382227,0.000000000,0.000000000,0.098316751
776,0.006466667,0.482863117,1.719945948,0.000000000,3.090909091,0.000000000,1.201047623,1.201047623,0.000000010000,0.000000000,3.400000000,4.000000000,4.000000000,3.598425197,3.799212598,0.077043277,2.374027394,0.000000000,0.000000000,0.000000000,0.096287220
777,0.006475000,0.483049331,0.000000000,0.000000000,3.090909091,0.000000000,1.177849890,1.177849890,0.000000010000,0.000000000,3.400000000,4.000000000,4.000000000,3.598425197,3.799212598,0.077144909,2.374060825,0.000000000,0.000000000,0.000000000,0.094296901
778,0.006483333,0.483235050,0.000000000,0.000000000,3.090909091,0.000000000,1.155100211,1.155100211,0.000000010000,0.000000000,3.400000000,4.000000000,4.000000000,3.598425197,3.799212598,0.077246538,2.374094256,1.250968864,0.000000000,0.000000000,0.092345037
779,0.006491667,0.483420277,0.000000000,0.000000000,3.090909091,0.000000000,1.132789933,1.132789933,0.000000010000,0.000000000,3.400000000,4.000000000,4.000000000,3.598425197,3.799212598,0.077348164,2.374127685,0.000000000,0.000000000,0.000000000,0.090430886
780,0.006500000,0.483605012,1.192792115,0.000000000,3.090909091,0.000000000,1.110910568,1.110910568,0.000000010000,0.000000000,3.400000000,4.000000000,4.000000000,3.598425197,3.799212598,0.077449787,2.374161114,0.000000000,0.000000000,0.000000000,0.088553719
781,0.006508333,0.483789257,0.000000000,0.000000000,3.090909091,0.000000000,1.089453794,1.089453794,0.000000010000,0.000000000,3.400000000,4.000000000,4.000000000,3.598425197,3.799212598,0.077551407,2.374194542,0.000000000,0.000000000,0.000000000,0.086712821
782,0.006516667,0.483973013,0.000000000,0.000000000,3.090909091,0.000000000,1.068411449,1.068411449,0.000000010000,0.000000000,3.400000000,4.000000000,4.000000000,3.598425197,3.799212598,0.077653025,2.374227969,1.648218530,0.000000000,0.000000000,0.084907492
783,0.006525000,0.484156282,0.000000000,0.000000000,3.090909091,0.000000000,1.047775528,1.047775528,0.000000010000,0.000000000,3.400000000,4.000000000,4.000000000,3.598425197,3.799212598,0.077754640,2.374261395,0.000000000,0.000000000,0.000000000,0.083137045
784,0.006533333,0.484339064,0.000000000,0.000000000,3.090909091,0.000000000,1.027538182,1.027538182,0.000000010000,0.000000000,3.400000000,4.000000000,4.000000000,3.598425197,3.799212598,0.077856252,2.374294820,0.000000000,0.000000000,0.000000000,0.081400806
785,0.006541667,0.484521361,1.647057101,0.647057101,3.090909091,1.999994675,1.046320773,1.046320773,0.000000010000,0.000000000,3.400000000,4.000000000,4.000000000,3.598425197,3.799212598,0.077957862,2.374328244,1.156882571,0.000000000,0.000000000,0.082995291
786,0.006550000,0.484703175,0.000000000,1.000000000,3.090909091,3.090909091,1.085811142,1.085811142,0.000000010000,0.000000000,3.400000000,4.000000000,4.000000000,3.598425197,3.799212598,0.078059469,2.374361667,0.000000000,0.000000000,0.000000000,0.086357113
787,0.006558333,0.484884506,0.000000000,1.000000000,3.090909091,3.090909091,1.124538772,1.124538772,0.000000010000,0.000000000,3.400000000,4.000000000,4.000000000,3.598425197,3.799212598,0.078161072,2.374395090,0.000000000,0.000000000,0.000000000,0.089653475
788,0.006566667,0.485065356,0.000000000,1.000000000,3.090909091,3.090909091,1.162518393,1.162518393,0.000000010000,0.000000000,3.400000000,4.000000000,4.000000000,3.598425197,3.799212598,0.078262674,2.374428511,0.000000000,0.000000000,0.000000000,0.092885640
789,0.006575000,0.485245727,1.114484563,1.000000000,3.090909091,3.090909091,1.199764455,1.199764455,0.000000010000,0.000000000,3.400000000,4.000000000,4.000000000,3.598425197,3.799212598,0.078364272,2.374461932,1.549769013,0.000000000,0.000000000,0.096054849
790,0.006583333,0.485425618,0.000000000,1.000000000,3.090909091,3.090909091,1.236291123,1.236291123,0.000000010000,0.000000000,3.400000000,4.000000000,4.000000000,3.598425197,3.799212598,0.078465867,2.374495351,0.000000000,0.000000000,0.000000000,0.099162317
791,0.006591667,0.485605033,0.000000000,1.000000000,3.090909091,3.090909091,1.272112295,1.272112295,0.000000010000,0.000000000,3.400000000,4.000000000,4.000000000,3.598425197,3.799212598,0.078567460,2.374528770,0.000000000,0.000000000,0.000000000,0.102209238
792,0.006600000,0.485783971,0.000000000,1.000000000,3.090909091,3.090909091,1.307241596,1.307241596,0.000000010000,0.000000000,3.400000000,4.000000000,4.000000000,3.598425197,3.799212598,0.078669050,2.374562188,1.037924078,0.000000000,0.000000000,0.105196780
793,0.006608333,0.485962435,0.000000000,1.000000000,3.090909091,3.090909091,1.341692389,1.341692389,0.000000010000,0.000000000,3.400000000,4.000000000,4.000000000,3.598425197,3.799212598,0.078770637,2.374595604,0.000000000,0.000000000,0.000000000,0.108126090
794,0.006616667,0.486140425,1.571814065,1.000000000,3.090909091,3.090909091,1.375477779,1.375477779,0.000000010000,0.000000000,3.400000000,4.000000000,4.000000000,3.598425197,3.799212598,0.078872222,2.374629020,0.000000000,0.000000000,0.000000000,0.110998294
795,0.006625000,0.486317942,0.000000000,1.000000000,3.090909091,3.090909091,1.408610618,1.408610618,0.000000010000,0.000000000,3.400000000,4.000000000,4.000000000,3.598425197,3.799212598,0.078973804,2.374662435,0.000000000,0.000000000,0.000000000,0.113814494
796,0.006633333,0.486494989,0.000000000,1.000000000,3.090909091,3.090909091,1.441103511,1.441103511,0.000000010000,0.000000000,3.400000000,4.000000000,4.000000000,3.598425197,3.799212598,0.079075383,2.374695850,1.440404451,0.000000000,0.000000000,0.116575772
797,0.006641667,0.486671566,0.000000000,1.000000000,3.090909091,3.090909091,1.472968817,1.472968817,0.000000010000,0.000000000,3.400000000,4.000000000,4.000000000,3.598425197,3.799212598,0.079176959,2.374729263,0.000000000,0.000000000,0.000000000,0.119283189
798,0.006650000,0.486847675,1.035908725,1.000000000,3.090909091,3.090909091,1.504218657,1.504218657,0.000000010000,0.000000000,3.400000000,4.000000000,4.000000000,3.598425197,3.799212598,0.079278532,2.374762675,0.000000000,0.000000000,0.000000000,0.121937786
799,0.006658333,0.487023316,0.000000000,1.000000000,3.090909091,3.090909091,1.534864921,1.534864921,0.000000010000,0.000000000,3.400000000,4.000000000,4.000000000,3.598425197,3.799212598,0.079380103,2.374796086,0.000000000,0.000000000,0.000000000,0.124540582
800,0.006666667,0.487198491,0.000000000,1.000000000,3.090909091,3.090909091,1.564919264,1.564919264,0.000000010000,0.000000000,3.400000000,4.000000000,4.000000000,3.598425197,3.799212598,0.079481671,2.374829497,1.886254286,0.000000000,0.000000000,0.127092578
801,0.006675000,0.487373202,0.000000000,1.000000000,3.090909091,3.090909091,1.594393120,1.594393120,0.000000010000,0.000000000,3.400000000,4.000000000,4.000000000,3.598425197,3.799212598,0.079583236,2.374862906,0.000000000,0.000000000,0.000000000,0.129594755
802,0.006683333,0.487547449,0.000000000,1.000000000,3.090909091,3.090909091,1.623297701,1.623297701,0.000000010000,0.000000000,3.400000000,4.000000000,4.000000000,3.598425197,3.799212598,0.079684798,2.374896315,0.000000000,0.000000000,0.000000000,0.132048076
803,0.006691667,0.487721233,1.499244576,1.000000000,3.090909091,3.090909091,1.651644002,1.651644002,0.000000010000,0.000000000,3.400000000,4.000000000,4.000000000,3.598425197,3.799212598,0.079786357,2.374929723,1.320746565,0.000000000,0.000000000,0.134453484
804,0.006700000,0.487894557,0.000000000,1.000000000,3.090909091,3.090909091,1.679442807,1.679442807,0.000000010000,0.000000000,3.400000000,4.000000000,4.000000000,3.598425197,3.799212598,0.079887914,2.374963130,0.000000000,0.000000000,0.000000000,0.136811905
805,0.006708333,0.488067420,0.000000000,1.000000000,3.090909091,3.090909091,1.706704689,1.706704689,0.000000010000,0.000000000,3.400000000,4.000000000,4.000000000,3.598425197,3.799212598,0.079989468,2.374996536,0.000000000,0.000000000,0.000000000,0.139124246
806,0.006716667,0.488239825,0.000000000,1.000000000,3.090909091,3.090909091,1.733440019,1.733440019,0.000000010000,0.000000000,3.400000000,4.000000000,4.000000000,3.598425197,3.799212598,0.080091019,2.375029941,0.000000000,0.000000000,0.000000000,0.141391398
807,0.006725000,0.488411773,0.000000000,1.000000000,3.090909091,3.090909091,1.759658967,1.759658967,0.000000010000,0.000000000,3.400000000,4.000000000,4.000000000,3.598425197,3.799212598,0.080192568,2.375063345,1.727972490,0.000000000,0.000000000,0.143614233
808,0.006733333,0.488583264,1.956008027,1.000000000,3.090909091,3.090909091,1.785371507,1.785371507,0.000000010000,0.000000000,3.400000000,4.000000000,4.000000000,3.598425197,3.799212598,0.080294113,2.375096748,0.000000000,0.000000000,0.000000000,0.145793607
809,0.006741667,0.488754300,0.000000000,1.000000000,3.090909091,3.090909091,1.810587420,1.810587420,0.000000010000,0.000000000,3.400000000,0.594863408,4.000000000,2.914716669,3.457358334,0.080386322,1.803870612,1.166176480,0.000000000,0.000000000,0.147930360
810,0.006750000,0.488924883,0.000000000,1.000000000,3.090909091,3.090909091,1.835316299,1.835316299,0.000000010000,0.000000000,3.400000000,0.000000000,4.000000000,2.795275591,3.397637795,0.080476898,1.704104243,0.000000000,0.000000000,0.000000000,0.150025315
811,0.006758333,0.489095012,0.000000000,1.000000000,3.090909091,3.090909091,1.859567549,1.859567549,0.000000010000,0.000000000,3.400000000,0.000000000,4.000000000,2.795275591,3.397637795,0.080567471,1.704134036,0.000000000,0.000000000,0.000000000,0.152079280
812,0.006766667,0.489264691,1.426650796,1.000000000,3.090909091,3.090909091,1.883350397,1.883350397,0.000000010000,0.000000000,3.400000000,0.000000000,4.000000000,2.795275591,3.397637795,0.080658041,1.704163829,1.144560800,0.000000000,0.000000000,0.154093045
813,0.006775000,0.489433919,0.000000000,1.000000000,3.090909091,3.090909091,1.906673889,1.906673889,0.000000010000,0.000000000,3.400000000,0.000000000,4.000000000,2.795275591,3.397637795,0.080748610,1.704193622,0.000000000,0.000000000,0.000000000,0.156067388
814,0.006783333,0.489602698,0.000000000,1.000000000,3.090909091,3.090909091,1.929546897,1.929546897,0.000000010000,0.000000000,3.400000000,0.000000000,4.000000000,2.795275591,3.397637795,0.080839175,1.704223413,0.000000000,0.000000000,0.000000000,0.158003071
815,0.006791667,0.489771030,0.000000000,1.000000000,3.090909091,3.090909091,1.951978123,1.951978123,0.000000010000,0.000000000,3.400000000,0.000000000,4.000000000,2.795275591,3.397637795,0.080929739,1.704253203,1.236252318,0.000000000,0.000000000,0.159900839
816,0.006800000,0.489938914,0.000000000,1.000000000,3.090909091,3.090909091,1.973976099,1.973976099,0.000000010000,0.000000000,3.400000000,0.000000000,4.000000000,2.795275591,3.397637795,0.081020299,1.704282993,0.000000000,0.000000000,0.000000000,0.161761426
817,0.006808333,0.490106354,1.874334269,1.000000000,3.090909091,3.090909091,1.995549194,1.995549194,0.000000010000,0.000000000,3.400000000,0.000000000,4.000000000,2.795275591,3.397637795,0.081110858,1.704312782,0.000000000,0.000000000,0.000000000,0.163585549
818,0.006816667,0.490273349,0.000000000,1.000000000,3.090909091,3.090909091,2.016705613,2.016705613,0.000000010000,0.000000000,3.400000000,0.000000000,4.000000000,2.795275591,3.397637795,0.081201413,1.704342570,1.318825400,0.000000000,0.000000000,0.165373912
819,0.006825000,0.490439901,0.000000000,1.000000000,3.090909091,3.090909091,2.037453404,2.037453404,0.000000010000,0.000000000,3.400000000,0.000000000,4.000000000,2.795275591,3.397637795,0.081291967,1.704372357,0.000000000,0.000000000,0.000000000,0.167127207
820,0.006833333,0.490606011,0.000000000,1.000000000,3.090909091,3.090909091,2.057800461,2.057800461,0.000000010000,0.000000000,3.400000000,0.000000000,4.000000000,2.795275591,3.397637795,0.081382518,1.704402144,0.000000000,0.000000000,0.000000000,0.168846111
821,0.006841667,0.490771680,1.350394142,0.649605858,3.090909091,2.007872652,2.056836126,2.056836126,0.000000010000,0.000000000,3.400000000,0.000000000,4.000000000,2.795275591,3.397637795,0.081473066,1.704431930,1.401732099,0.000000000,0.000000000,0.168745804
822,0.006850000,0.490936910,0.000000000,0.000000000,3.090909091,0.000000000,2.017109195,2.017109195,0.000000010000,0.000000000,3.400000000,0.000000000,4.000000000,2.795275591,3.397637795,0.081563612,1.704461714,0.000000000,0.000000000,0.000000000,0.165336933
823,0.006858333,0.491101701,0.000000000,0.000000000,3.090909091,0.000000000,1.978149573,1.978149573,0.000000010000,0.000000000,3.400000000,0.000000000,4.000000000,2.795275591,3.397637795,0.081654155,1.704491498,0.000000000,0.000000000,0.000000000,0.161993918
824,0.006866667,0.491266055,0.000000000,0.000000000,3.090909091,0.000000000,1.939942440,1.939942440,0.000000010000,0.000000000,3.400000000,0.000000000,4.000000000,2.795275591,3.397637795,0.081744696,1.704521282,1.494596762,0.000000000,0.000000000,0.158715487
825,0.006875000,0.491429973,0.000000000,0.000000000,3.090909091,0.000000000,1.902473262,1.902473262,0.000000010000,0.000000000,3.400000000,0.000000000,4.000000000,2.795275591,3.397637795,0.081835235,1.704551064,0.000000000,0.000000000,0.000000000,0.155500393
826,0.006883333,0.491593456,1.792063526,0.000000000,3.090909091,0.000000000,1.865727786,1.865727786,0.000000010000,0.000000000,3.400000000,0.000000000,4.000000000,2.795275591,3.397637795,0.081925771,1.704580846,0.000000000,0.000000000,0.000000000,0.152347411
827,0.006891667,0.491756506,0.000000000,0.000000000,3.090909091,0.000000000,1.829692032,1.829692032,0.000000010000,0.000000000,3.400000000,0.000000000,4.000000000,2.795275591,3.397637795,0.082016304,1.704610626,1.612306761,0.000000000,0.000000000,0.149255342
828,0.006900000,0.491919122,0.000000000,0.000000000,3.090909091,0.000000000,1.794352295,1.794352295,0.000000010000,0.000000000,3.400000000,0.000000000,4.000000000,2.795275591,3.397637795,0.082106835,1.704640406,0.000000000,0.000000000,0.000000000,0.146223011
829,0.006908333,0.492081308,0.000000000,0.000000000,3.090909091,0.000000000,1.759695130,1.759695130,0.000000010000,0.000000000,3.400000000,0.000000000,4.000000000,2.795275591,3.397637795,0.082197364,1.704670186,0.000000000,0.000000000,0.000000000,0.143249262
830,0.006916667,0.492243063,1.257696283,0.000000000,3.090909091,0.000000000,1.725707353,1.725707353,0.000000010000,0.000000000,3.400000000,0.000000000,4.000000000,2.795275591,3.397637795,0.082287890,1.704699964,1.787409359,0.000000000,0.000000000,0.140332965
831,0.006925000,0.492404388,0.000000000,0.000000000,3.090909091,0.000000000,1.692376036,1.692376036,0.000000010000,0.000000000,3.400000000,0.000000000,4.000000000,2.795275591,3.397637795,0.082378414,1.704729741,0.000000000,0.000000000,0.000000000,0.137473009
832,0.006933333,0.492565286,0.000000000,0.000000000,3.090909091,0.000000000,1.659688500,1.659688500,0.000000010000,0.000000000,3.400000000,0.000000000,4.000000000,2.795275591,3.397637795,0.082468935,1.704759518,0.000000000,0.000000000,0.000000000,0.134668307
833,0.006941667,0.492725757,0.000000000,0.000000000,3.090909091,0.000000000,1.627632309,1.627632309,0.000000010000,0.000000000,3.400000000,0.000000000,4.000000000,2.795275591,3.397637795,0.082559454,1.704789294,1.976696061,0.000000000,0.000000000,0.131917792
834,0.006950000,0.492885802,0.000000000,0.000000000,3.090909091,0.000000000,1.596195271,1.596195271,0.000000010000,0.000000000,3.400000000,0.000000000,4.000000000,2.795275591,3.397637795,0.082649970,1.704819069,0.000000000,0.000000000,0.000000000,0.129220416
835,0.006958333,0.493045422,1.696915144,0.000000000,3.090909091,0.000000000,1.565365426,1.565365426,0.000000010000,0.000000000,3.400000000,0.000000000,4.000000000,2.795275591,3.397637795,0.082740484,1.704848843,1.105627790,0.000000000,0.000000000,0.126575154
836,0.006966667,0.493204619,0.000000000,0.000000000,3.090909091,0.000000000,1.535131046,1.535131046,0.000000010000,0.000000000,3.400000000,0.000000000,4.000000000,2.795275591,3.397637795,0.082830995,1.704878617,0.000000000,0.000000000,0.000000000,0.123980998
837,0.006975000,0.493363393,0.000000000,0.000000000,3.090909091,0.000000000,1.505480631,1.505480631,0.000000010000,0.000000000,3.400000000,0.000000000,4.000000000,2.795275591,3.397637795,0.082921504,1.704908389,0.000000000,0.000000000,0.000000000,0.121436962
838,0.006983333,0.493521747,0.000000000,0.000000000,3.090909091,0.000000000,1.476402901,1.476402901,0.000000010000,0.000000000,3.400000000,0.000000000,4.000000000,2.795275591,3.397637795,0.083012010,1.704938161,1.203276624,0.000000000,0.000000000,0.118942078
839,0.006991667,0.493679680,1.154339758,0.000000000,3.090909091,0.000000000,1.447886796,1.447886796,0.000000010000,0.000000000,3.400000000,0.000000000,4.000000000,2.795275591,3.397637795,0.083102514,1.704967932,0.000000000,0.000000000,0.000000000,0.116495397
840,0.007000000,0.493837194,0.000000000,0.000000000,3.090909091,0.000000000,1.419921467,1.419921467,0.000000010000,0.000000000,3.400000000,0.000000000,4.000000000,2.795275591,3.397637795,0.083193016,1.704997703,0.000000000,0.000000000,0.000000000,0.114095987
841,0.007008333,0.493994290,0.000000000,0.000000000,3.090909091,0.000000000,1.392496277,1.392496277,0.000000010000,0.000000000,3.400000000,0.000000000,4.000000000,2.795275591,3.397637795,0.083283515,1.705027472,1.287477987,0.000000000,0.000000000,0.111742935
842,0.007016667,0.494150969,0.000000000,0.000000000,3.090909091,0.000000000,1.365600793,1.365600793,0.000000010000,0.000000000,3.400000000,0.000000000,4.000000000,2.795275591,3.397637795,0.083374011,1.705057240,0.000000000,0.000000000,0.000000000,0.109435346
843,0.007025000,0.494307232,0.000000000,0.000000000,3.090909091,0.000000000,1.339224784,1.339224784,0.000000010000,0.000000000,3.400000000,0.000000000,4.000000000,2.795275591,3.397637795,0.083464505,1.705087008,0.000000000,0.000000000,0.000000000,0.107172342
844,0.007033333,0.494463081,1.596313534,0.000000000,3.090909091,0.000000000,1.313358216,1.313358216,0.000000010000,0.000000000,3.400000000,0.000000000,4.000000000,2.795275591,3.397637795,0.083554997,1.705116775,1.368611566,0.000000000,0.000000000,0.104953061
845,0.007041667,0.494618517,0.000000000,0.000000000,3.090909091,0.000000000,1.287991251,1.287991251,0.000000010000,0.000000000,3.400000000,0.000000000,4.000000000,2.795275591,3.397637795,0.083645486,1.705146541,0.000000000,0.000000000,0.000000000,0.102776660
846,0.007050000,0.494773540,0.000000000,0.000000000,3.090909091,0.000000000,1.263114237,1.263114237,0.000000010000,0.000000000,3.400000000,0.000000000,4.000000000,2.795275591,3.397637795,0.083735972,1.705176307,0.000000000,0.000000000,0.000000000,0.100642310
847,0.007058333,0.494928151,0.000000000,0.000000000,3.090909091,0.000000000,1.238717713,1.238717713,0.000000010000,0.000000000,3.400000000,0.000000000,4.000000000,2.795275591,3.397637795,0.083826456,1.705206071,1.455608379,0.000000000,0.000000000,0.098549199
848,0.007066667,0.495082353,1.049060375,0.000000000,3.090909091,0.000000000,1.214792398,1.214792398,0.000000010000,0.000000000,3.400000000,0.000000000,4.000000000,2.795275591,3.397637795,0.083916938,1.705235835,0.000000000,0.000000000,0.000000000,0.096496529
849,0.007075000,0.495236145,0.000000000,0.000000000,3.090909091,0.000000000,1.191329190,1.191329190,0.000000010000,0.000000000,3.400000000,0.000000000,4.000000000,2.795275591,3.397637795,0.084007417,1.705265598,0.000000000,0.000000000,0.000000000,0.094483521
850,0.007083333,0.495389529,0.000000000,0.000000000,3.090909091,0.000000000,1.168319164,1.168319164,0.000000010000,0.000000000,3.400000000,0.000000000,4.000000000,2.795275591,3.397637795,0.084097894,1.705295360,1.560291811,0.000000000,0.000000000,0.092509409
851,0.007091667,0.495542506,0.000000000,0.000000000,3.090909091,0.000000000,1.145753567,1.145753567,0.000000010000,0.000000000,3.400000000,0.000000000,4.000000000,2.795275591,3.397637795,0.084188368,1.705325121,0.000000000,0.000000000,0.000000000,0.090573440
852,0.007100000,0.495695078,0.000000000,0.000000000,3.090909091,0.000000000,1.123623816,1.123623816,0.000000010000,0.000000000,3.400000000,0.000000000,4.000000000,2.795275591,3.397637795,0.084278840,1.705354882,0.000000000,0.000000000,0.000000000,0.088674878
853,0.007108333,0.495847244,1.499128167,0.000000000,3.090909091,0.000000000,1.101921491,1.101921491,0.000000010000,0.000000000,3.400000000,0.000000000,4.000000000,2.795275591,3.397637795,0.084369309,1.705384641,1.705310669,0.000000000,0.000000000,0.086813001
854,0.007116667,0.495999007,0.000000000,0.000000000,3.090909091,0.000000000,1.080638337,1.080638337,0.000000010000,0.000000000,3.400000000,0.000000000,4.000000000,2.795275591,3.397637795,0.084459776,1.705414400,0.000000000,0.000000000,0.000000000,0.084987100
855,0.007125000,0.496150367,0.000000000,0.000000000,3.090909091,0.000000000,1.059766259,1.059766259,0.000000010000,0.000000000,3.400000000,0.000000000,4.000000000,2.795275591,3.397637795,0.084550241,1.705444158,0.000000000,0.000000000,0.000000000,0.083196480
856,0.007133333,0.496301326,0.000000000,0.000000000,3.090909091,0.000000000,1.039297316,1.039297316,0.000000010000,0.000000000,3.400000000,0.000000000,4.000000000,2.795275591,3.397637795,0.084640702,1.705473915,1.906868292,0.000000000,0.000000000,0.081440460
857,0.007141667,0.496451884,0.000000000,0.000000000,3.090909091,0.000000000,1.019223723,1.019223723,0.000000010000,0.000000000,3.400000000,0.000000000,4.000000000,2.795275591,3.397637795,0.084731162,1.705503672,0.000000000,0.000000000,0.000000000,0.079718371
858,0.007150000,0.496602042,1.943240956,0.943240956,3.090909091,2.915472046,1.055848967,1.055848967,0.000000010000,0.000000000,3.400000000,0.000000000,4.000000000,2.795275591,3.397637795,0.084821619,1.705533427,1.057693283,0.000000000,0.000000000,0.082835983
859,0.007158333,0.496751802,0.000000000,1.000000000,3.090909091,3.090909091,1.095155304,1.095155304,0.000000010000,0.000000000,3.400000000,0.000000000,4.000000000,2.795275591,3.397637795,0.084912073,1.705563182,0.000000000,0.000000000,0.000000000,0.086182107
860,0.007166667,0.496901165,0.000000000,1.000000000,3.090909091,3.090909091,1.133702455,1.133702455,0.000000010000,0.000000000,3.400000000,0.000000000,4.000000000,2.795275591,3.397637795,0.085002525,1.705592936,0.000000000,0.000000000,0.000000000,0.089463075
861,0.007175000,0.497050131,0.000000000,1.000000000,3.090909091,3.090909091,1.171505084,1.171505084,0.000000010000,0.000000000,3.400000000,0.000000000,4.000000000,2.795275591,3.397637795,0.085092975,1.705622689,1.164773475,0.000000000,0.000000000,0.092680146
862,0.007183333,0.497198703,1.404966382,1.000000000,3.090909091,3.090909091,1.208577571,1.208577571,0.000000010000,0.000000000,3.400000000,0.000000000,4.000000000,2.795275591,3.397637795,0.085183422,1.705652441,0.000000000,0.000000000,0.000000000,0.095834554
863,0.007191667,0.497346880,0.000000000,1.000000000,3.090909091,3.090909091,1.244934018,1.244934018,0.000000010000,0.000000000,3.400000000,0.000000000,4.000000000,2.795275591,3.397637795,0.085273867,1.705682193,0.000000000,0.000000000,0.000000000,0.098927509
864,0.007200000,0.497494663,0.000000000,1.000000000,3.090909091,3.090909091,1.280588256,1.280588256,0.000000010000,0.000000000,3.400000000,0.000000000,4.000000000,2.795275591,3.397637795,0.085364309,1.705711944,1.252525230,0.000000000,0.000000000,0.101960198
865,0.007208333,0.497642055,0.000000000,1.000000000,3.090909091,3.090909091,1.315553847,1.315553847,0.000000010000,0.000000000,3.400000000,0.000000000,4.000000000,2.795275591,3.397637795,0.085454748,1.705741694,0.000000000,0.000000000,0.000000000,0.104933786
866,0.007216667,0.497789056,0.000000000,1.000000000,3.090909091,3.090909091,1.349844092,1.349844092,0.000000010000,0.000000000,3.400000000,0.000000000,4.000000000,2.795275591,3.397637795,0.085545186,1.705771443,0.000000000,0.000000000,0.000000000,0.107849413
867,0.007225000,0.497935666,1.839173347,1.000000000,3.090909091,3.090909091,1.383472035,1.383472035,0.000000010000,0.000000000,3.400000000,0.000000000,4.000000000,2.795275591,3.397637795,0.085635620,1.705801191,1.333286323,0.000000000,0.000000000,0.110708200
868,0.007233333,0.498081888,0.000000000,1.000000000,3.090909091,3.090909091,1.416450469,1.416450469,0.000000010000,0.000000000,3.400000000,0.000000000,4.000000000,2.795275591,3.397637795,0.085726053,1.705830938,0.000000000,0.000000000,0.000000000,0.113511244
869,0.007241667,0.498227722,0.000000000,1.000000000,3.090909091,3.090909091,1.448791938,1.448791938,0.000000010000,0.000000000,3.400000000,0.000000000,4.000000000,2.795275591,3.397637795,0.085816482,1.705860685,0.000000000,0.000000000,0.000000000,0.116259622
870,0.007250000,0.498373168,0.000000000,1.000000000,3.090909091,3.090909091,1.480508745,1.480508745,0.000000010000,0.000000000,3.400000000,0.000000000,4.000000000,2.795275591,3.397637795,0.085906910,1.705890431,1.415953388,0.000000000,0.000000000,0.118954391
871,0.007258333,0.498518229,1.300226416,1.000000000,3.090909091,3.090909091,1.511612955,1.511612955,0.000000010000,0.000000000,3.400000000,0.000000000,4.000000000,2.795275591,3.397637795,0.085997335,1.705920176,0.000000000,0.000000000,0.000000000,0.121596584
872,0.007266667,0.498662905,0.000000000,1.000000000,3.090909091,3.090909091,1.542116401,1.542116401,0.000000010000,0.000000000,3.400000000,0.000000000,4.000000000,2.795275591,3.397637795,0.086087757,1.705949920,0.000000000,0.000000000,0.000000000,0.124187219
873,0.007275000,0.498807197,0.000000000,1.000000000,3.090909091,3.090909091,1.572030685,1.572030685,0.000000010000,0.000000000,3.400000000,0.000000000,4.000000000,2.795275591,3.397637795,0.086178177,1.705979663,1.510331752,0.000000000,0.000000000,0.126727290
874,0.007283333,0.498951106,0.000000000,1.000000000,3.090909091,3.090909091,1.601367187,1.601367187,0.000000010000,0.000000000,3.400000000,0.000000000,4.000000000,2.795275591,3.397637795,0.086268594,1.706009406,0.000000000,0.000000000,0.000000000,0.129217775
875,0.007291667,0.499094634,0.000000000,1.000000000,3.090909091,3.090909091,1.630137067,1.630137067,0.000000010000,0.000000000,3.400000000,0.000000000,4.000000000,2.795275591,3.397637795,0.086359009,1.706039148,0.000000000,0.000000000,0.000000000,0.131659631
876,0.007300000,0.499237780,1.729656632,1.000000000,3.090909091,3.090909091,1.658351269,1.658351269,0.000000010000,0.000000000,3.400000000,0.000000000,4.000000000,2.795275591,3.397637795,0.086449422,1.706068889,1.632541609,0.000000000,0.000000000,0.134053798
877,0.007308333,0.499380547,0.000000000,1.000000000,3.090909091,3.090909091,1.686020525,1.686020525,0.000000010000,0.000000000,3.400000000,0.000000000,4.000000000,2.795275591,3.397637795,0.086539832,1.706098629,0.000000000,0.000000000,0.000000000,0.136401196
878,0.007316667,0.499522935,0.000000000,1.000000000,3.090909091,3.090909091,1.713155361,1.713155361,0.000000010000,0.000000000,3.400000000,0.000000000,4.000000000,2.795275591,3.397637795,0.086630239,1.706128368,0.000000000,0.000000000,0.000000000,0.138702730
879,0.007325000,0.499664945,0.000000000,1.000000000,3.090909091,3.090909091,1.739766099,1.739766099,0.000000010000,0.000000000,3.400000000,0.000000000,4.000000000,2.795275591,3.397637795,0.086720645,1.706158107,1.819544364,0.000000000,0.000000000,0.140959284
880,0.007333333,0.499806578,1.180142701,1.000000000,3.090909091,3.090909091,1.765862861,1.765862861,0.000000010000,0.000000000,3.400000000,0.000000000,4.000000000,2.795275591,3.397637795,0.086811047,1.706187844,0.000000000,0.000000000,0.000000000,0.143171729
881,0.007341667,0.499947836,0.000000000,1.000000000,3.090909091,3.090909091,1.791455576,1.791455576,0.000000010000,0.000000000,3.400000000,0.000000000,4.000000000,2.795275591,3.397637795,0.086901447,1.706217581,1.002551972,0.000000000,0.000000000,0.145340915
882,0.007350000,0.500088718,0.000000000,1.000000000,3.090909091,3.090909091,1.816553978,1.816553978,0.000000010000,0.000000000,3.400000000,0.000000000,4.000000000,2.795275591,3.397637795,0.086991845,1.706247317,0.000000000,0.000000000,0.000000000,0.147467678
883,0.007358333,0.500229227,0.000000000,1.000000000,3.090909091,3.090909091,1.841167615,1.841167615,0.000000010000,0.000000000,3.400000000,0.000000000,4.000000000,2.795275591,3.397637795,0.087082240,1.706277053,0.000000000,0.000000000,0.000000000,0.149552839
884,0.007366667,0.500369363,0.000000000,1.000000000,3.090909091,3.090909091,1.865305850,1.865305850,0.000000010000,0.000000000,3.400000000,0.000000000,4.000000000,2.795275591,3.397637795,0.087172633,1.706306787,1.123042634,0.000000000,0.000000000,0.151597200
885,0.007375000,0.500509128,1.611518376,1.000000000,3.090909091,3.090909091,1.888977864,1.888977864,0.000000010000,0.000000000,3.400000000,0.000000000,4.000000000,2.795275591,3.397637795,0.087263023,1.706336521,0.000000000,0.000000000,0.000000000,0.153601549
886,0.007383333,0.500648521,0.000000000,1.000000000,3.090909091,3.090909091,1.912192664,1.912192664,0.000000010000,0.000000000,3.400000000,0.000000000,4.000000000,2.795275591,3.397637795,0.087353411,1.706366254,0.000000000,0.000000000,0.000000000,0.155566660
887,0.007391667,0.500787545,0.000000000,1.000000000,3.090909091,3.090909091,1.934959080,1.934959080,0.000000010000,0.000000000,3.400000000,0.000000000,4.000000000,2.795275591,3.397637795,0.087443796,1.706395986,1.216454133,0.000000000,0.000000000,0.157493289
888,0.007400000,0.500926200,0.000000000,1.000000000,3.090909091,3.090909091,1.957285772,1.957285772,0.000000010000,0.000000000,3.400000000,0.000000000,4.000000000,2.795275591,3.397637795,0.087534179,1.706425717,0.000000000,0.000000000,0.000000000,0.159382182
889,0.007408333,0.501064486,1.056103170,1.000000000,3.090909091,3.090909091,1.979181233,1.979181233,0.000000010000,0.000000000,3.400000000,0.000000000,4.000000000,2.795275591,3.397637795,0.087624560,1.706455447,0.000000000,0.000000000,0.000000000,0.161234066
890,0.007416667,0.501202406,0.000000000,1.000000000,3.090909091,3.090909091,2.000653792,2.000653792,0.000000010000,0.000000000,3.400000000,0.000000000,4.000000000,2.795275591,3.397637795,0.087714938,1.706485177,1.298440393,0.000000000,0.000000000,0.163049656
891,0.007425000,0.501339960,0.000000000,1.000000000,3.090909091,3.090909091,2.021711618,2.021711618,0.000000010000,0.000000000,3.400000000,0.000000000,4.000000000,2.795275591,3.397637795,0.087805313,1.706514906,0.000000000,0.000000000,0.000000000,0.164829654
892,0.007433333,0.501477149,0.000000000,1.000000000,3.090909091,3.090909091,2.042362721,2.042362721,0.000000010000,0.000000000,3.400000000,2.687150849,4.000000000,3.334821627,3.667410814,0.087903052,2.157351969,0.000000000,0.000000000,0.000000000,0.166574747
893,0.007441667,0.501613974,0.000000000,1.000000000,3.090909091,3.090909091,2.062614956,2.062614956,0.000000010000,0.000000000,3.400000000,4.000000000,4.000000000,3.598425197,3.799212598,0.088004387,2.377633022,0.000000000,0.000000000,0.000000000,0.168285609
894,0.007450000,0.501750436,1.496856215,0.503143785,3.090909091,1.555171700,2.052813901,2.052813901,0.000000010000,0.000000000,3.400000000,4.000000000,4.000000000,3.598425197,3.799212598,0.088105720,2.377666355,1.957765033,0.000000000,0.000000000,0.167431097
895,0.007458333,0.501886536,0.000000000,0.000000000,3.090909091,0.000000000,2.013164658,2.013164658,0.000000010000,0.000000000,3.400000000,4.000000000,4.000000000,3.598425197,3.799212598,0.088207049,2.377699687,0.000000000,0.000000000,0.000000000,0.164028990
896,0.007466667,0.502022275,0.000000000,0.000000000,3.090909091,0.000000000,1.974281223,1.974281223,0.000000010000,0.000000000,3.400000000,4.000000000,4.000000000,3.598425197,3.799212598,0.088308376,2.377733018,0.000000000,0.000000000,0.000000000,0.160692610
897,0.007475000,0.502157654,0.000000000,0.000000000,3.090909091,0.000000000,1.936148806,1.936148806,0.000000010000,0.000000000,3.400000000,4.000000000,4.000000000,3.598425197,3.799212598,0.088409700,2.377766349,1.371301923,0.000000000,0.000000000,0.157420687
898,0.007483333,0.502292673,0.000000000,0.000000000,3.090909091,0.000000000,1.898752900,1.898752900,0.000000010000,0.000000000,3.400000000,4.000000000,4.000000000,3.598425197,3.799212598,0.088511021,2.377799678,0.000000000,0.000000000,0.000000000,0.154211976
899,0.007491667,0.502427334,1.931565090,0.000000000,3.090909091,0.000000000,1.862079281,1.862079281,0.000000010000,0.000000000,3.400000000,4.000000000,4.000000000,3.598425197,3.799212598,0.088612340,2.377833007,0.000000000,0.000000000,0.000000000,0.151065257
900,0.007500000,0.502561638,0.000000000,0.000000000,3.090909091,0.000000000,1.826113997,1.826113997,0.000000010000,0.000000000,3.400000000,4.000000000,4.000000000,3.598425197,3.799212598,0.088713656,2.377866334,0.000000000,0.000000000,0.000000000,0.147979333
901,0.007508333,0.502695586,0.000000000,0.000000000,3.090909091,0.000000000,1.790843368,1.790843368,0.000000010000,0.000000000,3.400000000,4.000000000,4.000000000,3.598425197,3.799212598,0.088814969,2.377899661,1.787605505,0.000000000,0.000000000,0.144953028
902,0.007516667,0.502829178,0.000000000,0.000000000,3.090909091,0.000000000,1.756253976,1.756253976,0.000000010000,0.000000000,3.400000000,4.000000000,4.000000000,3.598425197,3.799212598,0.088916279,2.377932986,0.000000000,0.000000000,0.000000000,0.141985191
903,0.007525000,0.502962416,1.387301170,0.000000000,3.090909091,0.000000000,1.722332664,1.722332664,0.000000010000,0.000000000,3.400000000,4.000000000,4.000000000,3.598425197,3.799212598,0.089017586,2.377966311,0.000000000,0.000000000,0.000000000,0.139074694
904,0.007533333,0.503095300,0.000000000,0.000000000,3.090909091,0.000000000,1.689066527,1.689066527,0.000000010000,0.000000000,3.400000000,4.000000000,4.000000000,3.598425197,3.799212598,0.089118891,2.377999635,1.249467609,0.000000000,0.000000000,0.136220428
905,0.007541667,0.503227831,0.000000000,0.000000000,3.090909091,0.000000000,1.656442913,1.656442913,0.000000010000,0.000000000,3.400000000,4.000000000,4.000000000,3.598425197,3.799212598,0.089220193,2.378032958,0.000000000,0.000000000,0.000000000,0.133421308
906,0.007550000,0.503360011,0.000000000,0.000000000,3.090909091,0.000000000,1.624449410,1.624449410,0.000000010000,0.000000000,3.400000000,4.000000000,4.000000000,3.598425197,3.799212598,0.089321492,2.378066280,0.000000000,0.000000000,0.000000000,0.130676268
907,0.007558333,0.503491841,0.000000000,0.000000000,3.090909091,0.000000000,1.593073848,1.593073848,0.000000010000,0.000000000,3.400000000,4.000000000,4.000000000,3.598425197,3.799212598,0.089422788,2.378099601,0.000000000,0.000000000,0.000000000,0.127984264
908,0.007566667,0.503623320,1.811891104,0.000000000,3.090909091,0.000000000,1.562304291,1.562304291,0.000000010000,0.000000000,3.400000000,4.000000000,4.000000000,3.598425197,3.799212598,0.089524082,2.378132922,1.641535498,0.000000000,0.000000000,0.125344272
909,0.007575000,0.503754451,0.000000000,0.000000000,3.090909091,0.000000000,1.532129036,1.532129036,0.000000010000,0.000000000,3.400000000,4.000000000,4.000000000,3.598425197,3.799212598,0.089625373,2.378166241,0.000000000,0.000000000,0.000000000,0.122755287
910,0.007583333,0.503885233,0.000000000,0.000000000,3.090909091,0.000000000,1.502536604,1.502536604,0.000000010000,0.000000000,3.400000000,4.000000000,4.000000000,3.598425197,3.799212598,0.089726661,2.378199560,0.000000000,0.000000000,0.000000000,0.120216323
911,0.007591667,0.504015669,0.000000000,0.000000000,3.090909091,0.000000000,1.473515737,1.473515737,0.000000010000,0.000000000,3.400000000,4.000000000,4.000000000,3.598425197,3.799212598,0.089827946,2.378232877,1.144161157,0.000000000,0.000000000,0.117726415
912,0.007600000,0.504145759,1.262290866,0.000000000,3.090909091,0.000000000,1.445055396,1.445055396,0.000000010000,0.000000000,3.400000000,4.000000000,4.000000000,3.598425197,3.799212598,0.089929229,2.378266194,0.000000000,0.000000000,0.000000000,0.115284615
913,0.007608333,0.504275503,0.000000000,0.000000000,3.090909091,0.000000000,1.417144754,1.417144754,0.000000010000,0.000000000,3.400000000,4.000000000,4.000000000,3.598425197,3.799212598,0.090030509,2.378299509,0.000000000,0.000000000,0.000000000,0.112889994
914,0.007616667,0.504404903,0.000000000,0.000000000,3.090909091,0.000000000,1.389773195,1.389773195,0.000000010000,0.000000000,3.400000000,4.000000000,4.000000000,3.598425197,3.799212598,0.090131786,2.378332824,0.000000000,0.000000000,0.000000000,0.110541640
915,0.007625000,0.504533960,0.000000000,0.000000000,3.090909091,0.000000000,1.362930306,1.362930306,0.000000010000,0.000000000,3.400000000,4.000000000,4.000000000,3.598425197,3.799212598,0.090233060,2.378366138,1.532549643,0.000000000,0.000000000,0.108238661
916,0.007633333,0.504662674,0.000000000,0.000000000,3.090909091,0.000000000,1.336605876,1.336605876,0.000000010000,0.000000000,3.400000000,4.000000000,4.000000000,3.598425197,3.799212598,0.090334331,2.378399451,0.000000000,0.000000000,0.000000000,0.105980179
917,0.007641667,0.504791047,1.683853171,0.000000000,3.090909091,0.000000000,1.310789892,1.310789892,0.000000010000,0.000000000,3.400000000,4.000000000,4.000000000,3.598425197,3.799212598,0.090435600,2.378432763,0.000000000,0.000000000,0.000000000,0.103765335
918,0.007650000,0.504919080,0.000000000,0.000000000,3.090909091,0.000000000,1.285472532,1.285472532,0.000000010000,0.000000000,3.400000000,4.000000000,4.000000000,3.598425197,3.799212598,0.090536866,2.378466074,1.015100047,0.000000000,0.000000000,0.101593287
919,0.007658333,0.505046772,0.000000000,0.000000000,3.090909091,0.000000000,1.260644167,1.260644167,0.000000010000,0.000000000,3.400000000,4.000000000,4.000000000,3.598425197,3.799212598,0.090638129,2.378499385,0.000000000,0.000000000,0.000000000,0.099463208
920,0.007666667,0.505174126,0.000000000,0.000000000,3.090909091,0.000000000,1.236295352,1.236295352,0.000000010000,0.000000000,3.400000000,4.000000000,4.000000000,3.598425197,3.799212598,0.090739390,2.378532694,0.000000000,0.000000000,0.000000000,0.097374286
921,0.007675000,0.505301142,1.124396396,0.000000000,3.090909091,0.000000000,1.212416823,1.212416823,0.000000010000,0.000000000,3.400000000,4.000000000,4.000000000,3.598425197,3.799212598,0.090840647,2.378566002,0.000000000,0.000000000,0.000000000,0.095325728
922,0.007683333,0.505427821,0.000000000,0.000000000,3.090909091,0.000000000,1.188999498,1.188999498,0.000000010000,0.000000000,3.400000000,4.000000000,4.000000000,3.598425197,3.799212598,0.090941902,2.378599310,1.416563048,0.000000000,0.000000000,0.093316754
923,0.007691667,0.505554163,0.000000000,0.000000000,3.090909091,0.000000000,1.166034470,1.166034470,0.000000010000,0.000000000,3.400000000,4.000000000,4.000000000,3.598425197,3.799212598,0.091043154,2.378632617,0.000000000,0.000000000,0.000000000,0.091346598
924,0.007700000,0.505680171,0.000000000,0.000000000,3.090909091,0.000000000,1.143513001,1.143513001,0.000000010000,0.000000000,3.400000000,4.000000000,4.000000000,3.598425197,3.799212598,0.091144404,2.378665922,0.000000000,0.000000000,0.000000000,0.089414512
925,0.007708333,0.505805844,0.000000000,0.000000000,3.090909091,0.000000000,1.121426525,1.121426525,0.000000010000,0.000000000,3.400000000,4.000000000,4.000000000,3.598425197,3.799212598,0.091245650,2.378699227,0.000000000,0.000000000,0.000000000,0.087519760
926,0.007716667,0.505931184,1.552042709,0.000000000,3.090909091,0.000000000,1.099766640,1.099766640,0.000000010000,0.000000000,3.400000000,4.000000000,4.000000000,3.598425197,3.799212598,0.091346894,2.378732531,1.847145498,0.000000000,0.000000000,0.085661620
927,0.007725000,0.506056191,0.000000000,0.000000000,3.090909091,0.000000000,1.078525106,1.078525106,0.000000010000,0.000000000,3.400000000,4.000000000,4.000000000,3.598425197,3.799212598,0.091448135,2.378765834,0.000000000,0.000000000,0.000000000,0.083839387
928,0.007733333,0.506180866,0.000000000,0.000000000,3.090909091,0.000000000,1.057693844,1.057693844,0.000000010000,0.000000000,3.400000000,4.000000000,4.000000000,3.598425197,3.799212598,0.091549374,2.378799136,0.000000000,0.000000000,0.000000000,0.082052365
929,0.007741667,0.506305211,0.000000000,0.000000000,3.090909091,0.000000000,1.037264929,1.037264929,0.000000010000,0.000000000,3.400000000,4.000000000,4.000000000,3.598425197,3.799212598,0.091650609,2.378832437,1.288656228,0.000000000,0.000000000,0.080299876
930,0.007750000,0.506429226,0.000000000,0.000000000,3.090909091,0.000000000,1.017230590,1.017230590,0.000000010000,0.000000000,3.400000000,4.000000000,4.000000000,3.598425197,3.799212598,0.091751842,2.378865738,0.000000000,0.000000000,0.000000000,0.078581252
931,0.007758333,0.506552912,1.987096472,0.987096472,3.090909091,3.051025458,1.056512489,1.056512489,0.000000010000,0.000000000,3.400000000,4.000000000,4.000000000,3.598425197,3.799212598,0.091853072,2.378899037,0.000000000,0.000000000,0.000000000,0.081925735
932,0.007766667,0.506676269,0.000000000,1.000000000,3.090909091,3.090909091,1.095806010,1.095806010,0.000000010000,0.000000000,3.400000000,4.000000000,4.000000000,3.598425197,3.799212598,0.091954299,2.378932335,0.000000000,0.000000000,0.000000000,0.085270854
933,0.007775000,0.506799299,0.000000000,1.000000000,3.090909091,3.090909091,1.134340593,1.134340593,0.000000010000,0.000000000,3.400000000,4.000000000,4.000000000,3.598425197,3.799212598,0.092055524,2.378965633,1.684762392,0.000000000,0.000000000,0.088550839
934,0.007783333,0.506922003,0.000000000,1.000000000,3.090909091,3.090909091,1.172130896,1.172130896,0.000000010000,0.000000000,3.400000000,4.000000000,4.000000000,3.598425197,3.799212598,0.092156746,2.378998929,0.000000000,0.000000000,0.000000000,0.091766948
935,0.007791667,0.507044381,1.428324535,1.000000000,3.090909091,3.090909091,1.209191296,1.209191296,0.000000010000,0.000000000,3.400000000,4.000000000,4.000000000,3.598425197,3.799212598,0.092257965,2.379032225,0.000000000,0.000000000,0.000000000,0.094920413
936,0.007800000,0.507166435,0.000000000,1.000000000,3.090909091,3.090909091,1.245535889,1.245535889,0.000000010000,0.000000000,3.400000000,4.000000000,4.000000000,3.598425197,3.799212598,0.092359181,2.379065520,1.184415432,0.000000000,0.000000000,0.098012446
937,0.007808333,0.507288165,0.000000000,1.000000000,3.090909091,3.090909091,1.281178502,1.281178502,0.000000010000,0.000000000,3.400000000,4.000000000,4.000000000,3.598425197,3.799212598,0.092460394,2.379098814,0.000000000,0.000000000,0.000000000,0.101044233
938,0.007816667,0.507409571,0.000000000,1.000000000,3.090909091,3.090909091,1.316132693,1.316132693,0.000000010000,0.000000000,3.400000000,4.000000000,4.000000000,3.598425197,3.799212598,0.092561605,2.379132107,0.000000000,0.000000000,0.000000000,0.104016938
939,0.007825000,0.507530656,0.000000000,1.000000000,3.090909091,3.090909091,1.350411758,1.350411758,0.000000010000,0.000000000,3.400000000,4.000000000,4.000000000,3.598425197,3.799212598,0.092662813,2.379165399,0.000000000,0.000000000,0.000000000,0.106931701
940,0.007833333,0.507651419,1.848966211,1.000000000,3.090909091,3.090909091,1.384028737,1.384028737,0.000000010000,0.000000000,3.400000000,4.000000000,4.000000000,3.598425197,3.799212598,0.092764018,2.379198690,1.571382017,0.000000000,0.000000000,0.109789642
941,0.007841667,0.507771862,0.000000000,1.000000000,3.090909091,3.090909091,1.416996418,1.416996418,0.000000010000,0.000000000,3.400000000,4.000000000,4.000000000,3.598425197,3.799212598,0.092865220,2.379231980,0.000000000,0.000000000,0.000000000,0.112591859
942,0.007850000,0.507891985,0.000000000,1.000000000,3.090909091,3.090909091,1.449327342,1.449327342,0.000000010000,0.000000000,3.400000000,4.000000000,4.000000000,3.598425197,3.799212598,0.092966420,2.379265270,0.000000000,0.000000000,0.000000000,0.115339428
943,0.007858333,0.508011790,0.000000000,1.000000000,3.090909091,3.090909091,1.481033808,1.481033808,0.000000010000,0.000000000,3.400000000,4.000000000,4.000000000,3.598425197,3.799212598,0.093067617,2.379298558,1.057716487,0.000000000,0.000000000,0.118033403
944,0.007866667,0.508131277,1.297289023,1.000000000,3.090909091,3.090909091,1.512127877,1.512127877,0.000000010000,0.000000000,3.400000000,4.000000000,4.000000000,3.598425197,3.799212598,0.093168811,2.379331846,0.000000000,0.000000000,0.000000000,0.120674822
945,0.007875000,0.508250446,0.000000000,1.000000000,3.090909091,3.090909091,1.542621377,1.542621377,0.000000010000,0.000000000,3.400000000,4.000000000,4.000000000,3.598425197,3.799212598,0.093270002,2.379365132,0.000000000,0.000000000,0.000000000,0.123264698
946,0.007883333,0.508369300,0.000000000,1.000000000,3.090909091,3.090909091,1.572525908,1.572525908,0.000000010000,0.000000000,3.400000000,4.000000000,4.000000000,3.598425197,3.799212598,0.093371191,2.379398418,0.000000000,0.000000000,0.000000000,0.125804028
947,0.007891667,0.508487838,0.000000000,1.000000000,3.090909091,3.090909091,1.601852845,1.601852845,0.000000010000,0.000000000,3.400000000,4.000000000,4.000000000,3.598425197,3.799212598,0.093472377,2.379431703,1.451879604,0.000000000,0.000000000,0.128293787
948,0.007900000,0.508606062,0.000000000,1.000000000,3.090909091,3.090909091,1.630613345,1.630613345,0.000000010000,0.000000000,3.400000000,4.000000000,4.000000000,3.598425197,3.799212598,0.093573560,2.379464987,0.000000000,0.000000000,0.000000000,0.130734933
949,0.007908333,0.508723972,1.712463359,1.000000000,3.090909091,3.090909091,1.658818347,1.658818347,0.000000010000,0.000000000,3.400000000,4.000000000,4.000000000,3.598425197,3.799212598,0.093674740,2.379498270,0.000000000,0.000000000,0.000000000,0.133128406
950,0.007916667,0.508841569,0.000000000,1.000000000,3.090909091,3.090909091,1.686478582,1.686478582,0.000000010000,0.000000000,3.400000000,4.000000000,4.000000000,3.598425197,3.799212598,0.093775917,2.379531552,0.000000000,0.000000000,0.000000000,0.135475125
951,0.007925000,0.508958854,0.000000000,1.000000000,3.090909091,3.090909091,1.713604571,1.713604571,0.000000010000,0.000000000,3.400000000,4.000000000,4.000000000,3.598425197,3.799212598,0.093877092,2.379564833,1.896143401,0.000000000,0.000000000,0.137775994
952,0.007933333,0.509075828,0.000000000,1.000000000,3.090909091,3.090909091,1.740206632,1.740206632,0.000000010000,0.000000000,3.400000000,4.000000000,4.000000000,3.598425197,3.799212598,0.093978264,2.379598113,0.000000000,0.000000000,0.000000000,0.140031900
953,0.007941667,0.509192491,1.148816692,1.000000000,3.090909091,3.090909091,1.766294886,1.766294886,0.000000010000,0.000000000,3.400000000,4.000000000,4.000000000,3.598425197,3.799212598,0.094079433,2.379631393,0.000000000,0.000000000,0.000000000,0.142243709
954,0.007950000,0.509308845,0.000000000,1.000000000,3.090909091,3.090909091,1.791879257,1.791879257,0.000000010000,0.000000000,3.400000000,4.000000000,4.000000000,3.598425197,3.799212598,0.094180600,2.379664671,1.322609551,0.000000000,0.000000000,0.144412274
955,0.007958333,0.509424890,0.000000000,1.000000000,3.090909091,3.090909091,1.816969475,1.816969475,0.000000010000,0.000000000,3.400000000,4.000000000,4.000000000,3.598425197,3.799212598,0.094281764,2.379697949,0.000000000,0.000000000,0.000000000,0.146538430
956,0.007966667,0.509540628,0.000000000,1.000000000,3.090909091,3.090909091,1.841575087,1.841575087,0.000000010000,0.000000000,3.400000000,4.000000000,4.000000000,3.598425197,3.799212598,0.094382925,2.379731225,0.000000000,0.000000000,0.000000000,0.148622997
957,0.007975000,0.509656058,0.000000000,1.000000000,3.090909091,3.090909091,1.865705452,1.865705452,0.000000010000,0.000000000,3.400000000,4.000000000,4.000000000,3.598425197,3.799212598,0.094484083,2.379764501,0.000000000,0.000000000,0.000000000,0.150666778
958,0.007983333,0.509771182,1.568828870,1.000000000,3.090909091,3.090909091,1.889369748,1.889369748,0.000000010000,0.000000000,3.400000000,4.000000000,4.000000000,3.598425197,3.799212598,0.094585238,2.379797776,1.723935508,0.000000000,0.000000000,0.152670560
959,0.007991667,0.509886001,0.000000000,1.000000000,3.090909091,3.090909091,1.912576979,1.912576979,0.000000010000,0.000000000,3.400000000,4.000000000,4.000000000,3.598425197,3.799212598,0.094686391,2.379831050,0.000000000,0.000000000,0.000000000,0.154635116
960,0.008000000,0.510000514,0.000000000,1.000000000,3.090909091,3.090909091,1.935335972,1.935335972,0.000000010000,0.000000000,3.400000000,4.000000000,4.000000000,3.598425197,3.799212598,0.094787541,2.379864323,0.000000000,0.000000000,0.000000000,0.156561204
961,0.008008333,0.510114725,0.000000000,1.000000000,3.090909091,3.090909091,1.957655384,1.957655384,0.000000010000,0.000000000,3.400000000,4.000000000,4.000000000,3.598425197,3.799212598,0.094888688,2.379897595,1.207104457,0.000000000,0.000000000,0.158449567
962,0.008016667,0.510228632,1.000532423,1.000000000,3.090909091,3.090909091,1.979543706,1.979543706,0.000000010000,0.000000000,3.400000000,4.000000000,4.000000000,3.598425197,3.799212598,0.094989832,2.379930866,0.000000000,0.000000000,0.000000000,0.160300933
963,0.008025000,0.510342236,0.000000000,1.000000000,3.090909091,3.090909091,2.001009264,2.001009264,0.000000010000,0.000000000,3.400000000,4.000000000,4.000000000,3.598425197,3.799212598,0.095090974,2.379964136,0.000000000,0.000000000,0.000000000,0.162116018
964,0.008033333,0.510455540,0.000000000,1.000000000,3.090909091,3.090909091,2.022060224,2.022060224,0.000000010000,0.000000000,3.400000000,4.000000000,4.000000000,3.598425197,3.799212598,0.095192113,2.379997405,0.000000000,0.000000000,0.000000000,0.163895521
965,0.008041667,0.510568542,0.000000000,1.000000000,3.090909091,3.090909091,2.042704594,2.042704594,0.000000010000,0.000000000,3.400000000,4.000000000,4.000000000,3.598425197,3.799212598,0.095293249,2.380030674,1.593683678,0.000000000,0.000000000,0.165640131
966,0.008050000,0.510681245,0.000000000,1.000000000,3.090909091,3.090909091,2.062950226,2.062950226,0.000000010000,0.000000000,3.400000000,4.000000000,4.000000000,3.598425197,3.799212598,0.095394382,2.380063941,0.000000000,0.000000000,0.000000000,0.167350522
967,0.008058333,0.510793649,1.435657211,0.564342789,3.090909091,1.744332256,2.056796253,2.056796253,0.000000010000,0.000000000,3.400000000,4.000000000,4.000000000,3.598425197,3.799212598,0.095495513,2.380097208,0.000000000,0.000000000,0.000000000,0.166807397
968,0.008066667,0.510905755,0.000000000,0.000000000,3.090909091,0.000000000,2.017070092,2.017070092,0.000000010000,0.000000000,3.400000000,4.000000000,4.000000000,3.598425197,3.799212598,0.095596640,2.380130474,1.082995669,0.000000000,0.000000000,0.163398784
969,0.008075000,0.511017563,0.000000000,0.000000000,3.090909091,0.000000000,1.978111226,1.978111226,0.000000010000,0.000000000,3.400000000,4.000000000,4.000000000,3.598425197,3.799212598,0.095697766,2.380163739,0.000000000,0.000000000,0.000000000,0.160056025
970,0.008083333,0.511129075,0.000000000,0.000000000,3.090909091,0.000000000,1.939904833,1.939904833,0.000000010000,0.000000000,3.400000000,4.000000000,4.000000000,3.598425197,3.799212598,0.095798888,2.380197003,0.000000000,0.000000000,0.000000000,0.156777848
971,0.008091667,0.511240290,0.000000000,0.000000000,3.090909091,0.000000000,1.902436382,1.902436382,0.000000010000,0.000000000,3.400000000,4.000000000,4.000000000,3.598425197,3.799212598,0.095900007,2.380230266,0.000000000,0.000000000,0.000000000,0.153563007
972,0.008100000,0.511351211,1.851080254,0.000000000,3.090909091,0.000000000,1.865691617,1.865691617,0.000000010000,0.000000000,3.400000000,4.000000000,4.000000000,3.598425197,3.799212598,0.096001124,2.380263528,1.473259904,0.000000000,0.000000000,0.150410277
973,0.008108333,0.511461837,0.000000000,0.000000000,3.090909091,0.000000000,1.829656563,1.829656563,0.000000010000,0.000000000,3.400000000,4.000000000,4.000000000,3.598425197,3.799212598,0.096102238,2.380296789,0.000000000,0.000000000,0.000000000,0.147318459
974,0.008116667,0.511572170,0.000000000,0.000000000,3.090909091,0.000000000,1.794317510,1.794317510,0.000000010000,0.000000000,3.400000000,4.000000000,4.000000000,3.598425197,3.799212598,0.096203349,2.380330049,0.000000000,0.000000000,0.000000000,0.144286377
975,0.008125000,0.511682210,0.000000000,0.000000000,3.090909091,0.000000000,1.759661017,1.759661017,0.000000010000,0.000000000,3.400000000,4.000000000,4.000000000,3.598425197,3.799212598,0.096304458,2.380363308,0.000000000,0.000000000,0.000000000,0.141312877
976,0.008133333,0.511791958,1.294398945,0.000000000,3.090909091,0.000000000,1.725673899,1.725673899,0.000000010000,0.000000000,3.400000000,4.000000000,4.000000000,3.598425197,3.799212598,0.096405564,2.380396567,1.926614627,0.000000000,0.000000000,0.138396826
977,0.008141667,0.511901415,0.000000000,0.000000000,3.090909091,0.000000000,1.692343228,1.692343228,0.000000010000,0.000000000,3.400000000,4.000000000,4.000000000,3.598425197,3.799212598,0.096506666,2.380429825,0.000000000,0.000000000,0.000000000,0.135537117
978,0.008150000,0.512010581,0.000000000,0.000000000,3.090909091,0.000000000,1.659656326,1.659656326,0.000000010000,0.000000000,3.400000000,4.000000000,4.000000000,3.598425197,3.799212598,0.096607767,2.380463081,0.000000000,0.000000000,0.000000000,0.132732660
979,0.008158333,0.512119458,0.000000000,0.000000000,3.090909091,0.000000000,1.627600757,1.627600757,0.000000010000,0.000000000,3.400000000,4.000000000,4.000000000,3.598425197,3.799212598,0.096708864,2.380496337,1.344277395,0.000000000,0.000000000,0.129982389
980,0.008166667,0.512228046,0.000000000,0.000000000,3.090909091,0.000000000,1.596164328,1.596164328,0.000000010000,0.000000000,3.400000000,4.000000000,4.000000000,3.598425197,3.799212598,0.096809959,2.380529592,0.000000000,0.000000000,0.000000000,0.127285256
981,0.008175000,0.512336345,1.704175507,0.000000000,3.090909091,0.000000000,1.565335080,1.565335080,0.000000010000,0.000000000,3.400000000,4.000000000,4.000000000,3.598425197,3.799212598,0.096911051,2.380562846,0.000000000,0.000000000,0.000000000,0.124640236
982,0.008183333,0.512444358,0.000000000,0.000000000,3.090909091,0.000000000,1.535101287,1.535101287,0.000000010000,0.000000000,3.400000000,4.000000000,4.000000000,3.598425197,3.799212598,0.097012140,2.380596099,0.000000000,0.000000000,0.000000000,0.122046321
983,0.008191667,0.512552084,0.000000000,0.000000000,3.090909091,0.000000000,1.505451446,1.505451446,0.000000010000,0.000000000,3.400000000,4.000000000,4.000000000,3.598425197,3.799212598,0.097113226,2.380629351,1.749493743,0.000000000,0.000000000,0.119502525
984,0.008200000,0.512659524,0.000000000,0.000000000,3.090909091,0.000000000,1.476374280,1.476374280,0.000000010000,0.000000000,3.400000000,4.000000000,4.000000000,3.598425197,3.799212598,0.097214310,2.380662602,0.000000000,0.000000000,0.000000000,0.117007880
985,0.008208333,0.512766679,1.135121892,0.000000000,3.090909091,0.000000000,1.447858728,1.447858728,0.000000010000,0.000000000,3.400000000,4.000000000,4.000000000,3.598425197,3.799212598,0.097315391,2.380695852,0.000000000,0.000000000,0.000000000,0.114561437
986,0.008216667,0.512873549,0.000000000,0.000000000,3.090909091,0.000000000,1.419893941,1.419893941,0.000000010000,0.000000000,3.400000000,4.000000000,4.000000000,3.598425197,3.799212598,0.097416469,2.380729102,1.222077130,0.000000000,0.000000000,0.112162263
987,0.008225000,0.512980136,0.000000000,0.000000000,3.090909091,0.000000000,1.392469282,1.392469282,0.000000010000,0.000000000,3.400000000,4.000000000,4.000000000,3.598425197,3.799212598,0.097517544,2.380762350,0.000000000,0.000000000,0.000000000,0.109809448
988,0.008233333,0.513086441,0.000000000,0.000000000,3.090909091,0.000000000,1.365574320,1.365574320,0.000000010000,0.000000000,3.400000000,4.000000000,4.000000000,3.598425197,3.799212598,0.097618617,2.380795598,0.000000000,0.000000000,0.000000000,0.107502094
989,0.008241667,0.513192463,0.000000000,0.000000000,3.090909091,0.000000000,1.339198822,1.339198822,0.000000010000,0.000000000,3.400000000,4.000000000,4.000000000,3.598425197,3.799212598,0.097719687,2.380828844,0.000000000,0.000000000,0.000000000,0.105239324
990,0.008250000,0.513298204,1.551129404,0.000000000,3.090909091,0.000000000,1.313332756,1.313332756,0.000000010000,0.000000000,3.400000000,4.000000000,4.000000000,3.598425197,3.799212598,0.097820754,2.380862090,1.608398234,0.000000000,0.000000000,0.103020277
991,0.008258333,0.513403664,0.000000000,0.000000000,3.090909091,0.000000000,1.287966282,1.287966282,0.000000010000,0.000000000,3.400000000,4.000000000,4.000000000,3.598425197,3.799212598,0.097921818,2.380895335,0.000000000,0.000000000,0.000000000,0.100844109
992,0.008266667,0.513508844,0.000000000,0.000000000,3.090909091,0.000000000,1.263089751,1.263089751,0.000000010000,0.000000000,3.400000000,4.000000000,4.000000000,3.598425197,3.799212598,0.098022880,2.380928579,0.000000000,0.000000000,0.000000000,0.098709990
993,0.008275000,0.513613746,0.000000000,0.000000000,3.090909091,0.000000000,1.238693700,1.238693700,0.000000010000,0.000000000,3.400000000,4.000000000,4.000000000,3.598425197,3.799212598,0.098123938,2.380961822,1.099873902,0.000000000,0.000000000,0.096617110
994,0.008283333,0.513718369,0.000000000,0.000000000,3.090909091,0.000000000,1.214768849,1.214768849,0.000000010000,0.000000000,3.400000000,4.000000000,4.000000000,3.598425197,3.799212598,0.098224994,2.380995064,0.000000000,0.000000000,0.000000000,0.094564671
995,0.008291667,0.513822714,1.974535447,0.000000000,3.090909091,0.000000000,1.191306095,1.191306095,0.000000010000,0.000000000,3.400000000,4.000000000,4.000000000,3.598425197,3.799212598,0.098326048,2.381028305,0.000000000,0.000000000,0.000000000,0.092551892
996,0.008300000,0.513926783,0.000000000,0.000000000,3.090909091,0.000000000,1.168296516,1.168296516,0.000000010000,0.000000000,3.400000000,4.000000000,4.000000000,3.598425197,3.799212598,0.098427098,2.381061545,0.000000000,0.000000000,0.000000000,0.090578008
997,0.008308333,0.514030576,0.000000000,0.000000000,3.090909091,0.000000000,1.145731356,1.145731356,0.000000010000,0.000000000,3.400000000,4.000000000,4.000000000,3.598425197,3.799212598,0.098528146,2.381094785,1.487561265,0.000000000,0.000000000,0.088642267
998,0.008316667,0.514134093,0.000000000,0.000000000,3.090909091,0.000000000,1.123602034,1.123602034,0.000000010000,0.000000000,3.400000000,4.000000000,4.000000000,3.598425197,3.799212598,0.098629191,2.381128023,0.000000000,0.000000000,0.000000000,0.086743933
999,0.008325000,0.514237335,1.407709988,0.000000000,3.090909091,0.000000000,1.101900130,1.101900130,0.000000010000,0.000000000,3.400000000,4.000000000,4.000000000,3.598425197,3.799212598,0.098730233,2.381161261,0.000000000,0.000000000,0.000000000,0.084882282
1000,0.008333333,0.514340304,0.000000000,0.000000000,3.090909091,0.000000000,1.080617389,1.080617389,0.000000010000,0.000000000,3.400000000,4.000000000,4.000000000,3.598425197,3.799212598,0.098831273,2.381194498,0.000000000,0.000000000,0.000000000,0.083056606
1001,0.008341667,0.514442999,0.000000000,0.000000000,3.090909091,0.000000000,1.059745715,1.059745715,0.000000010000,0.000000000,3.400000000,4.000000000,4.000000000,3.598425197,3.799212598,0.098932309,2.381227733,1.947160112,0.000000000,0.000000000,0.081266211
1002,0.008350000,0.514545422,0.000000000,0.000000000,3.090909091,0.000000000,1.039277169,1.039277169,0.000000010000,0.000000000,3.400000000,4.000000000,4.000000000,3.598425197,3.799212598,0.099033343,2.381260968,0.000000000,0.000000000,0.000000000,0.079510416
1003,0.008358333,0.514647573,0.000000000,0.000000000,3.090909091,0.000000000,1.019203965,1.019203965,0.000000010000,0.000000000,3.400000000,4.000000000,4.000000000,3.598425197,3.799212598,0.099134375,2.381294202,0.000000000,0.000000000,0.000000000,0.077788551
1004,0.008366667,0.514749453,1.816223311,0.816223311,3.090909091,2.522872052,1.048246686,1.048246686,0.000000010000,0.000000000,3.400000000,4.000000000,4.000000000,3.598425197,3.799212598,0.099235403,2.381327435,1.358988131,0.000000000,0.000000000,0.080259148
1005,0.008375000,0.514851063,0.000000000,1.000000000,3.090909091,3.090909091,1.087699857,1.087699857,0.000000010000,0.000000000,3.400000000,4.000000000,4.000000000,3.598425197,3.799212598,0.099336429,2.381360667,0.000000000,0.000000000,0.000000000,0.083618064
1006,0.008383333,0.514952403,0.000000000,1.000000000,3.090909091,3.090909091,1.126391007,1.126391007,0.000000010000,0.000000000,3.400000000,4.000000000,4.000000000,3.598425197,3.799212598,0.099437452,2.381393899,0.000000000,0.000000000,0.000000000,0.086911581
1007,0.008391667,0.515053474,0.000000000,1.000000000,3.090909091,3.090909091,1.164334853,1.164334853,0.000000010000,0.000000000,3.400000000,4.000000000,4.000000000,3.598425197,3.799212598,0.099538472,2.381427129,0.000000000,0.000000000,0.000000000,0.090140962
1008,0.008400000,0.515154277,1.251366863,1.000000000,3.090909091,3.090909091,1.201545830,1.201545830,0.000000010000,0.000000000,3.400000000,4.000000000,4.000000000,3.598425197,3.799212598,0.099639489,2.381460358,1.766928685,0.000000000,0.000000000,0.093307446
1009,0.008408333,0.515254813,0.000000000,1.000000000,3.090909091,3.090909091,1.238038093,1.238038093,0.000000010000,0.000000000,3.400000000,4.000000000,4.000000000,3.598425197,3.799212598,0.099740504,2.381493587,0.000000000,0.000000000,0.000000000,0.096412247
1010,0.008416667,0.515355082,0.000000000,1.000000000,3.090909091,3.090909091,1.273825522,1.273825522,0.000000010000,0.000000000,3.400000000,4.000000000,4.000000000,3.598425197,3.799212598,0.099841516,2.381526814,0.000000000,0.000000000,0.000000000,0.099456558
1011,0.008425000,0.515455085,0.000000000,1.000000000,3.090909091,3.090909091,1.308921733,1.308921733,0.000000010000,0.000000000,3.400000000,4.000000000,4.000000000,3.598425197,3.799212598,0.099942525,2.381560041,1.232228796,0.000000000,0.000000000,0.102441546
1012,0.008433333,0.515554822,0.000000000,1.000000000,3.090909091,3.090909091,1.343340074,1.343340074,0.000000010000,0.000000000,3.400000000,4.000000000,4.000000000,3.598425197,3.799212598,0.100043531,2.381593267,0.000000000,0.000000000,0.000000000,0.105368357
1013,0.008441667,0.515654295,1.657053640,1.000000000,3.090909091,3.090909091,1.377093640,1.377093640,0.000000010000,0.000000000,3.400000000,4.000000000,4.000000000,3.598425197,3.799212598,0.100144535,2.381626492,0.000000000,0.000000000,0.000000000,0.108238115
1014,0.008450000,0.515753504,0.000000000,1.000000000,3.090909091,3.090909091,1.410195270,1.410195270,0.000000010000,0.000000000,3.400000000,2.402941673,4.000000000,3.277756005,3.638878003,0.100241158,2.113730727,1.111344948,0.000000000,0.000000000,0.111051923
1015,0.008458333,0.515852450,0.000000000,1.000000000,3.090909091,3.090909091,1.442657556,1.442657556,0.000000010000,0.000000000,3.400000000,0.000000000,4.000000000,2.795275591,3.397637795,0.100331191,1.710635260,1.000000000,0.000000000,0.000000000,0.113810860
1016,0.008466667,0.515951133,0.000000000,1.000000000,3.090909091,3.090909091,1.474492846,1.474492846,0.000000010000,0.000000000,3.400000000,0.000000000,4.000000000,2.795275591,3.397637795,0.100421222,1.710664876,0.000000000,0.000000000,0.000000000,0.116515987
1017,0.008475000,0.516049554,1.081699371,1.000000000,3.090909091,3.090909091,1.505713251,1.505713251,0.000000010000,0.000000000,3.400000000,0.000000000,4.000000000,2.795275591,3.397637795,0.100511251,1.710694490,0.000000000,0.000000000,0.000000000,0.119168342
1018,0.008483333,0.516147714,0.000000000,1.000000000,3.090909091,3.090909091,1.536330646,1.536330646,0.000000010000,0.000000000,3.400000000,0.000000000,4.000000000,2.795275591,3.397637795,0.100601277,1.710724104,1.767208377,0.000000000,0.000000000,0.121768947
1019,0.008491667,0.516245614,0.000000000,1.000000000,3.090909091,3.090909091,1.566356680,1.566356680,0.000000010000,0.000000000,3.400000000,0.000000000,4.000000000,2.795275591,3.397637795,0.100691301,1.710753717,0.000000000,0.000000000,0.000000000,0.124318799
1020,0.008500000,0.516343254,0.000000000,1.000000000,3.090909091,3.090909091,1.595802773,1.595802773,0.000000010000,0.000000000,3.400000000,0.000000000,4.000000000,2.795275591,3.397637795,0.100781322,1.710783330,0.000000000,0.000000000,0.000000000,0.126818879
1021,0.008508333,0.516440635,0.000000000,1.000000000,3.090909091,3.090909091,1.624680127,1.624680127,0.000000010000,0.000000000,3.400000000,0.000000000,4.000000000,2.795275591,3.397637795,0.100871341,1.710812941,1.952728917,0.000000000,0.000000000,0.129270149
1022,0.008516667,0.516537757,1.498284340,1.000000000,3.090909091,3.090909091,1.652999727,1.652999727,0.000000010000,0.000000000,3.400000000,0.000000000,4.000000000,2.795275591,3.397637795,0.100961357,1.710842552,0.000000000,0.000000000,0.000000000,0.131673551
1023,0.008525000,0.516634622,0.000000000,1.000000000,3.090909091,3.090909091,1.680772346,1.680772346,0.000000010000,0.000000000,3.400000000,0.000000000,4.000000000,2.795275591,3.397637795,0.101051371,1.710872161,1.084473953,0.000000000,0.000000000,0.134030010
1024,0.008533333,0.516731230,0.000000000,1.000000000,3.090909091,3.090909091,1.708008549,1.708008549,0.000000010000,0.000000000,3.400000000,0.000000000,4.000000000,2.795275591,3.397637795,0.101141382,1.710901770,0.000000000,0.000000000,0.000000000,0.136340433
1025,0.008541667,0.516827582,0.000000000,1.000000000,3.090909091,3.090909091,1.734718695,1.734718695,0.000000010000,0.000000000,3.400000000,0.000000000,4.000000000,2.795275591,3.397637795,0.101231391,1.710931379,0.000000000,0.000000000,0.000000000,0.138605709
1026,0.008550000,0.516923678,0.000000000,1.000000000,3.090909091,3.090909091,1.760912946,1.760912946,0.000000010000,0.000000000,3.400000000,0.000000000,4.000000000,2.795275591,3.397637795,0.101321397,1.710960986,1.181585671,0.000000000,0.000000000,0.140826710
1027,0.008558333,0.517019518,1.910294463,1.000000000,3.090909091,3.090909091,1.786601267,1.786601267,0.000000010000,0.000000000,3.400000000,0.000000000,4.000000000,2.795275591,3.397637795,0.101411401,1.710990593,0.000000000,0.000000000,0.000000000,0.143004291
1028,0.008566667,0.517115105,0.000000000,1.000000000,3.090909091,3.090909091,1.811793428,1.811793428,0.000000010000,0.000000000,3.400000000,0.000000000,4.000000000,2.795275591,3.397637795,0.101501403,1.711020198,0.000000000,0.000000000,0.000000000,0.145139291
1029,0.008575000,0.517210438,0.000000000,1.000000000,3.090909091,3.090909091,1.836499012,1.836499012,0.000000010000,0.000000000,3.400000000,0.000000000,4.000000000,2.795275591,3.397637795,0.101591402,1.711049803,1.263052822,0.000000000,0.000000000,0.147232532
1030,0.008583333,0.517305518,0.000000000,1.000000000,3.090909091,3.090909091,1.860727419,1.860727419,0.000000010000,0.000000000,3.400000000,0.000000000,4.000000000,2.795275591,3.397637795,0.101681399,1.711079407,0.000000000,0.000000000,0.000000000,0.149284822
1031,0.008591667,0.517400346,1.349969714,1.000000000,3.090909091,3.090909091,1.884487865,1.884487865,0.000000010000,0.000000000,3.400000000,0.000000000,4.000000000,2.795275591,3.397637795,0.101771393,1.711109011,0.000000000,0.000000000,0.000000000,0.151296950
1032,0.008600000,0.517494922,0.000000000,1.000000000,3.090909091,3.090909091,1.907789387,1.907789387,0.000000010000,0.000000000,3.400000000,0.000000000,4.000000000,2.795275591,3.397637795,0.101861384,1.711138613,1.339151846,0.000000000,0.000000000,0.153269693
1033,0.008608333,0.517589247,0.000000000,1.000000000,3.090909091,3.090909091,1.930640850,1.930640850,0.000000010000,0.000000000,3.400000000,0.000000000,4.000000000,2.795275591,3.397637795,0.101951374,1.711168215,0.000000000,0.000000000,0.000000000,0.155203812
1034,0.008616667,0.517683322,0.000000000,1.000000000,3.090909091,3.090909091,1.953050946,1.953050946,0.000000010000,0.000000000,3.400000000,0.000000000,4.000000000,2.795275591,3.397637795,0.102041360,1.711197816,0.000000000,0.000000000,0.000000000,0.157100052
1035,0.008625000,0.517777147,0.000000000,1.000000000,3.090909091,3.090909091,1.975028201,1.975028201,0.000000010000,0.000000000,3.400000000,0.000000000,4.000000000,2.795275591,3.397637795,0.102131345,1.711227416,1.417721822,0.000000000,0.000000000,0.158959145
1036,0.008633333,0.517870724,1.751696182,1.000000000,3.090909091,3.090909091,1.996580975,1.996580975,0.000000010000,0.000000000,3.400000000,0.000000000,4.000000000,2.795275591,3.397637795,0.102221326,1.711257015,0.000000000,0.000000000,0.000000000,0.160781809
1037,0.008641667,0.517964052,0.000000000,1.000000000,3.090909091,3.090909091,2.017717465,2.017717465,0.000000010000,0.000000000,3.400000000,0.000000000,4.000000000,2.795275591,3.397637795,0.102311306,1.711286614,0.000000000,0.000000000,0.000000000,0.162568748
1038,0.008650000,0.518057132,0.000000000,1.000000000,3.090909091,3.090909091,2.038445714,2.038445714,0.000000010000,0.000000000,3.400000000,0.000000000,4.000000000,2.795275591,3.397637795,0.102401283,1.711316211,1.507708176,0.000000000,0.000000000,0.164320651
1039,0.008658333,0.518149966,0.000000000,1.000000000,3.090909091,3.090909091,2.058773604,2.058773604,0.000000010000,0.000000000,3.400000000,0.000000000,4.000000000,2.795275591,3.397637795,0.102491257,1.711345808,0.000000000,0.000000000,0.000000000,0.166038195
1040,0.008666667,0.518242553,1.177543124,0.822456876,3.090909091,2.542139435,2.068109613,2.068109613,0.000000010000,0.000000000,3.400000000,0.000000000,4.000000000,2.795275591,3.397637795,0.102581229,1.711375404,0.000000000,0.000000000,0.000000000,0.166817347
1041,0.008675000,0.518334895,0.000000000,0.000000000,3.090909091,0.000000000,2.028164940,2.028164940,0.000000010000,0.000000000,3.400000000,0.000000000,4.000000000,2.795275591,3.397637795,0.102671199,1.711405000,1.623909319,0.000000000,0.000000000,0.163390075
1042,0.008683333,0.518426991,0.000000000,0.000000000,3.090909091,0.000000000,1.988991781,1.988991781,0.000000010000,0.000000000,3.400000000,0.000000000,4.000000000,2.795275591,3.397637795,0.102761166,1.711434594,0.000000000,0.000000000,0.000000000,0.160029018
1043,0.008691667,0.518518843,0.000000000,0.000000000,3.090909091,0.000000000,1.950575235,1.950575235,0.000000010000,0.000000000,3.400000000,0.000000000,4.000000000,2.795275591,3.397637795,0.102851131,1.711464188,0.000000000,0.000000000,0.000000000,0.156732900
1044,0.008700000,0.518610452,0.000000000,0.000000000,3.090909091,0.000000000,1.912900689,1.912900689,0.000000010000,0.000000000,3.400000000,0.000000000,4.000000000,2.795275591,3.397637795,0.102941093,1.711493781,1.799717900,0.000000000,0.000000000,0.153500464
1045,0.008708333,0.518701817,1.582411416,0.000000000,3.090909091,0.000000000,1.875953811,1.875953811,0.000000010000,0.000000000,3.400000000,0.000000000,4.000000000,2.795275591,3.397637795,0.103031053,1.711523373,0.000000000,0.000000000,0.000000000,0.150330483
1046,0.008716667,0.518792940,0.000000000,0.000000000,3.090909091,0.000000000,1.839720546,1.839720546,0.000000010000,0.000000000,3.400000000,0.000000000,4.000000000,2.795275591,3.397637795,0.103121010,1.711552964,0.000000000,0.000000000,0.000000000,0.147221748
1047,0.008725000,0.518883821,0.000000000,0.000000000,3.090909091,0.000000000,1.804187112,1.804187112,0.000000010000,0.000000000,3.400000000,0.000000000,4.000000000,2.795275591,3.397637795,0.103210965,1.711582554,1.980262404,0.000000000,0.000000000,0.144173077
1048,0.008733333,0.518974461,0.000000000,0.000000000,3.090909091,0.000000000,1.769339992,1.769339992,0.000000010000,0.000000000,3.400000000,0.000000000,4.000000000,2.795275591,3.397637795,0.103300917,1.711612144,0.000000000,0.000000000,0.000000000,0.141183311
1049,0.008741667,0.519064861,1.001893338,0.000000000,3.090909091,0.000000000,1.735165929,1.735165929,0.000000010000,0.000000000,3.400000000,0.000000000,4.000000000,2.795275591,3.397637795,0.103390867,1.711641733,1.103056018,0.000000000,0.000000000,0.138251310
1050,0.008750000,0.519155021,0.000000000,0.000000000,3.090909091,0.000000000,1.701651923,1.701651923,0.000000010000,0.000000000,3.400000000,0.000000000,4.000000000,2.795275591,3.397637795,0.103480815,1.711671321,0.000000000,0.000000000,0.000000000,0.135375961
1051,0.008758333,0.519244941,0.000000000,0.000000000,3.090909091,0.000000000,1.668785227,1.668785227,0.000000010000,0.000000000,3.400000000,0.000000000,4.000000000,2.795275591,3.397637795,0.103570760,1.711700908,0.000000000,0.000000000,0.000000000,0.132556167
1052,0.008766667,0.519334623,0.000000000,0.000000000,3.090909091,0.000000000,1.636553337,1.636553337,0.000000010000,0.000000000,3.400000000,0.000000000,4.000000000,2.795275591,3.397637795,0.103660702,1.711730494,1.195878563,0.000000000,0.000000000,0.129790857
1053,0.008775000,0.519424067,0.000000000,0.000000000,3.090909091,0.000000000,1.604943993,1.604943993,0.000000010000,0.000000000,3.400000000,0.000000000,4.000000000,2.795275591,3.397637795,0.103750642,1.711760080,0.000000000,0.000000000,0.000000000,0.127078978
1054,0.008783333,0.519513274,1.424467483,0.000000000,3.090909091,0.000000000,1.573945170,1.573945170,0.000000010000,0.000000000,3.400000000,0.000000000,4.000000000,2.795275591,3.397637795,0.103840580,1.711789664,0.000000000,0.000000000,0.000000000,0.124419499
1055,0.008791667,0.519602243,0.000000000,0.000000000,3.090909091,0.000000000,1.543545076,1.543545076,0.000000010000,0.000000000,3.400000000,0.000000000,4.000000000,2.795275591,3.397637795,0.103930515,1.711819248,1.275246518,0.000000000,0.000000000,0.121811406
1056,0.008800000,0.519690977,0.000000000,0.000000000,3.090909091,0.000000000,1.513732147,1.513732147,0.000000010000,0.000000000,3.400000000,0.000000000,4.000000000,2.795275591,3.397637795,0.104020448,1.711848831,0.000000000,0.000000000,0.000000000,0.119253707
1057,0.008808333,0.519779476,0.000000000,0.000000000,3.090909091,0.000000000,1.484495043,1.484495043,0.000000010000,0.000000000,3.400000000,0.000000000,4.000000000,2.795275591,3.397637795,0.104110378,1.711878414,0.000000000,0.000000000,0.000000000,0.116745430
1058,0.008816667,0.519867739,0.000000000,0.000000000,3.090909091,0.000000000,1.455822641,1.455822641,0.000000010000,0.000000000,3.400000000,0.000000000,4.000000000,2.795275591,3.397637795,0.104200306,1.711907995,1.350594077,0.000000000,0.000000000,0.114285619
1059,0.008825000,0.519955769,1.825921717,0.000000000,3.090909091,0.000000000,1.427704035,1.427704035,0.000000010000,0.000000000,3.400000000,0.000000000,4.000000000,2.795275591,3.397637795,0.104290231,1.711937576,0.000000000,0.000000000,0.000000000,0.111873339
1060,0.008833333,0.520043565,0.000000000,0.000000000,3.090909091,0.000000000,1.400128528,1.400128528,0.000000010000,0.000000000,3.400000000,0.000000000,4.000000000,2.795275591,3.397637795,0.104380154,1.711967156,0.000000000,0.000000000,0.000000000,0.109507671
1061,0.008841667,0.520131128,0.000000000,0.000000000,3.090909091,0.000000000,1.373085630,1.373085630,0.000000010000,0.000000000,3.400000000,0.000000000,4.000000000,2.795275591,3.397637795,0.104470075,1.711996735,1.429579194,0.000000000,0.000000000,0.107187715
1062,0.008850000,0.520218458,0.000000000,0.000000000,3.090909091,0.000000000,1.346565054,1.346565054,0.000000010000,0.000000000,3.400000000,0.000000000,4.000000000,2.795275591,3.397637795,0.104559993,1.712026313,0.000000000,0.000000000,0.000000000,0.104912588
1063,0.008858333,0.520305557,1.254642460,0.000000000,3.090909091,0.000000000,1.320556712,1.320556712,0.000000010000,0.000000000,3.400000000,0.000000000,4.000000000,2.795275591,3.397637795,0.104649908,1.712055891,0.000000000,0.000000000,0.000000000,0.102681425
1064,0.008866667,0.520392425,0.000000000,0.000000000,3.090909091,0.000000000,1.295050711,1.295050711,0.000000010000,0.000000000,3.400000000,0.000000000,4.000000000,2.795275591,3.397637795,0.104739821,1.712085467,1.521485018,0.000000000,0.000000000,0.100493375
1065,0.008875000,0.520479062,0.000000000,0.000000000,3.090909091,0.000000000,1.270037347,1.270037347,0.000000010000,0.000000000,3.400000000,0.000000000,4.000000000,2.795275591,3.397637795,0.104829732,1.712115043,0.000000000,0.000000000,0.000000000,0.098347608
1066,0.008883333,0.520565470,0.000000000,0.000000000,3.090909091,0.000000000,1.245507106,1.245507106,0.000000010000,0.000000000,3.400000000,0.000000000,4.000000000,2.795275591,3.397637795,0.104919640,1.712144618,0.000000000,0.000000000,0.000000000,0.096243305
1067,0.008891667,0.520651648,0.000000000,0.000000000,3.090909091,0.000000000,1.221450657,1.221450657,0.000000010000,0.000000000,3.400000000,0.000000000,4.000000000,2.795275591,3.397637795,0.105009546,1.712174193,1.642398841,0.000000000,0.000000000,0.094179666
1068,0.008900000,0.520737597,1.652683519,0.000000000,3.090909091,0.000000000,1.197858847,1.197858847,0.000000010000,0.000000000,3.400000000,0.000000000,4.000000000,2.795275591,3.397637795,0.105099449,1.712203766,0.000000000,0.000000000,0.000000000,0.092155905
1069,0.008908333,0.520823319,0.000000000,0.000000000,3.090909091,0.000000000,1.174722704,1.174722704,0.000000010000,0.000000000,3.400000000,0.000000000,4.000000000,2.795275591,3.397637795,0.105189350,1.712233339,0.000000000,0.000000000,0.000000000,0.090171253
1070,0.008916667,0.520908813,0.000000000,0.000000000,3.090909091,0.000000000,1.152033425,1.152033425,0.000000010000,0.000000000,3.400000000,0.000000000,4.000000000,2.795275591,3.397637795,0.105279248,1.712262911,1.830119200,0.000000000,0.000000000,0.088224954
1071,0.008925000,0.520994080,0.000000000,0.000000000,3.090909091,0.000000000,1.129782381,1.129782381,0.000000010000,0.000000000,3.400000000,0.000000000,4.000000000,2.795275591,3.397637795,0.105369144,1.712292482,0.000000000,0.000000000,0.000000000,0.086316267
1072,0.008933333,0.521079121,1.070221972,0.000000000,3.090909091,0.000000000,1.107961106,1.107961106,0.000000010000,0.000000000,3.400000000,0.000000000,4.000000000,2.795275591,3.397637795,0.105459038,1.712322052,1.004539662,0.000000000,0.000000000,0.084444465
1073,0.008941667,0.521163936,0.000000000,0.000000000,3.090909091,0.000000000,1.086561300,1.086561300,0.000000010000,0.000000000,3.400000000,0.000000000,4.000000000,2.795275591,3.397637795,0.105548929,1.712351621,0.000000000,0.000000000,0.000000000,0.082608837
1074,0.008950000,0.521248526,0.000000000,0.000000000,3.090909091,0.000000000,1.065574822,1.065574822,0.000000010000,0.000000000,3.400000000,0.000000000,4.000000000,2.795275591,3.397637795,0.105638817,1.712381190,0.000000000,0.000000000,0.000000000,0.080808683
1075,0.008958333,0.521332892,0.000000000,0.000000000,3.090909091,0.000000000,1.044993689,1.044993689,0.000000010000,0.000000000,3.400000000,0.000000000,4.000000000,2.795275591,3.397637795,0.105728703,1.712410758,1.119873478,0.000000000,0.000000000,0.079043319
1076,0.008966667,0.521417034,0.000000000,0.000000000,3.090909091,0.000000000,1.024810072,1.024810072,0.000000010000,0.000000000,3.400000000,0.000000000,4.000000000,2.795275591,3.397637795,0.105818587,1.712440325,0.000000000,0.000000000,0.000000000,0.077312072
1077,0.008975000,0.521500953,1.480993539,0.480993539,3.090909091,1.486707304,1.033731425,1.033731425,0.000000010000,0.000000000,3.400000000,0.000000000,4.000000000,2.795275591,3.397637795,0.105908468,1.712469891,0.000000000,0.000000000,0.000000000,0.078065258
1078,0.008983333,0.521584649,0.000000000,1.000000000,3.090909091,3.090909091,1.073464952,1.073464952,0.000000010000,0.000000000,3.400000000,0.000000000,4.000000000,2.795275591,3.397637795,0.105998347,1.712499456,1.209028595,0.000000000,0.000000000,0.081448329
1079,0.008991667,0.521668123,0.000000000,1.000000000,3.090909091,3.090909091,1.112431043,1.112431043,0.000000010000,0.000000000,3.400000000,0.000000000,4.000000000,2.795275591,3.397637795,0.106088223,1.712529021,0.000000000,0.000000000,0.000000000,0.084765537
1080,0.009000000,0.521751375,0.000000000,1.000000000,3.090909091,3.090909091,1.150644521,1.150644521,0.000000010000,0.000000000,3.400000000,0.000000000,4.000000000,2.795275591,3.397637795,0.106178097,1.712558584,0.000000000,0.000000000,0.000000000,0.088018153
1081,0.009008333,0.521834407,0.000000000,1.000000000,3.090909091,3.090909091,1.188119921,1.188119921,0.000000010000,0.000000000,3.400000000,0.000000000,4.000000000,2.795275591,3.397637795,0.106267968,1.712588147,1.286608339,0.000000000,0.000000000,0.091207425
1082,0.009016667,0.521917218,1.883682410,1.000000000,3.090909091,3.090909091,1.224871499,1.224871499,0.000000010000,0.000000000,3.400000000,0.000000000,4.000000000,2.795275591,3.397637795,0.106357837,1.712617710,0.000000000,0.000000000,0.000000000,0.094334576
1083,0.009025000,0.521999810,0.000000000,1.000000000,3.090909091,3.090909091,1.260913236,1.260913236,0.000000010000,0.000000000,3.400000000,0.000000000,4.000000000,2.795275591,3.397637795,0.106447703,1.712647271,0.000000000,0.000000000,0.000000000,0.097400807
1084,0.009033333,0.522082182,0.000000000,1.000000000,3.090909091,3.090909091,1.296258841,1.296258841,0.000000010000,0.000000000,3.400000000,0.000000000,4.000000000,2.795275591,3.397637795,0.106537567,1.712676831,1.361377255,0.000000000,0.000000000,0.100407293
1085,0.009041667,0.522164336,0.000000000,1.000000000,3.090909091,3.090909091,1.330921762,1.330921762,0.000000010000,0.000000000,3.400000000,0.000000000,4.000000000,2.795275591,3.397637795,0.106627429,1.712706391,0.000000000,0.000000000,0.000000000,0.103355189
1086,0.009050000,0.522246272,1.315690086,1.000000000,3.090909091,3.090909091,1.364915182,1.364915182,0.000000010000,0.000000000,3.400000000,0.000000000,4.000000000,2.795275591,3.397637795,0.106717288,1.712735950,0.000000000,0.000000000,0.000000000,0.106245627
1087,0.009058333,0.522327990,0.000000000,1.000000000,3.090909091,3.090909091,1.398252034,1.398252034,0.000000010000,0.000000000,3.400000000,0.000000000,4.000000000,2.795275591,3.397637795,0.106807145,1.712765508,1.440887159,0.000000000,0.000000000,0.109079716
1088,0.009066667,0.522409492,0.000000000,1.000000000,3.090909091,3.090909091,1.430944998,1.430944998,0.000000010000,0.000000000,3.400000000,0.000000000,4.000000000,2.795275591,3.397637795,0.106896999,1.712795065,0.000000000,0.000000000,0.000000000,0.111858545
1089,0.009075000,0.522490778,0.000000000,1.000000000,3.090909091,3.090909091,1.463006511,1.463006511,0.000000010000,0.000000000,3.400000000,0.000000000,4.000000000,2.795275591,3.397637795,0.106986851,1.712824622,0.000000000,0.000000000,0.000000000,0.114583181
1090,0.009083333,0.522571847,0.000000000,1.000000000,3.090909091,3.090909091,1.494448770,1.494448770,0.000000010000,0.000000000,3.400000000,0.000000000,4.000000000,2.795275591,3.397637795,0.107076700,1.712854178,1.534813834,0.000000000,0.000000000,0.117254672
1091,0.009091667,0.522652702,1.709896836,1.000000000,3.090909091,3.090909091,1.525283734,1.525283734,0.000000010000,0.000000000,3.400000000,0.000000000,4.000000000,2.795275591,3.397637795,0.107166547,1.712883732,0.000000000,0.000000000,0.000000000,0.119874042
1092,0.009100000,0.522733342,0.000000000,1.000000000,3.090909091,3.090909091,1.555523134,1.555523134,0.000000010000,0.000000000,3.400000000,0.000000000,4.000000000,2.795275591,3.397637795,0.107256391,1.712913287,0.000000000,0.000000000,0.000000000,0.122442300
1093,0.009108333,0.522813768,0.000000000,1.000000000,3.090909091,3.090909091,1.585178473,1.585178473,0.000000010000,0.000000000,3.400000000,0.000000000,4.000000000,2.795275591,3.397637795,0.107346233,1.712942840,1.660642891,0.000000000,0.000000000,0.124960433
1094,0.009116667,0.522893981,0.000000000,1.000000000,3.090909091,3.090909091,1.614261031,1.614261031,0.000000010000,0.000000000,3.400000000,0.000000000,4.000000000,2.795275591,3.397637795,0.107436073,1.712972392,0.000000000,0.000000000,0.000000000,0.127429408
1095,0.009125000,0.522973981,1.126822941,1.000000000,3.090909091,3.090909091,1.642781872,1.642781872,0.000000010000,0.000000000,3.400000000,0.000000000,4.000000000,2.795275591,3.397637795,0.107525910,1.713001944,0.000000000,0.000000000,0.000000000,0.129850175
1096,0.009133333,0.523053769,0.000000000,1.000000000,3.090909091,3.090909091,1.670751844,1.670751844,0.000000010000,0.000000000,3.400000000,0.000000000,4.000000000,2.795275591,3.397637795,0.107615744,1.713031495,1.861064142,0.000000000,0.000000000,0.132223666
1097,0.009141667,0.523133345,0.000000000,1.000000000,3.090909091,3.090909091,1.698181588,1.698181588,0.000000010000,0.000000000,3.400000000,0.880675170,4.000000000,2.972104070,3.486052035,0.107707990,1.860806686,0.000000000,0.000000000,0.000000000,0.134550794
1098,0.009150000,0.523212709,0.000000000,1.000000000,3.090909091,3.090909091,1.725081538,1.725081538,0.000000010000,0.000000000,3.400000000,4.000000000,4.000000000,3.598425197,3.799212598,0.107808785,2.384147627,0.000000000,0.000000000,0.000000000,0.136832453
1099,0.009158333,0.523291864,0.000000000,1.000000000,3.090909091,3.090909091,1.751461927,1.751461927,0.000000010000,0.000000000,3.400000000,4.000000000,4.000000000,3.598425197,3.799212598,0.107909576,2.384180782,1.151906273,0.000000000,0.000000000,0.139069523
1100,0.009166667,0.523370808,1.528970294,1.000000000,3.090909091,3.090909091,1.777332790,1.777332790,0.000000010000,0.000000000,3.400000000,4.000000000,4.000000000,3.598425197,3.799212598,0.108010365,2.384213936,0.000000000,0.000000000,0.000000000,0.141262864
1101,0.009175000,0.523449543,0.000000000,1.000000000,3.090909091,3.090909091,1.802703968,1.802703968,0.000000010000,0.000000000,3.400000000,4.000000000,4.000000000,3.598425197,3.799212598,0.108111151,2.384247089,0.000000000,0.000000000,0.000000000,0.143413322
1102,0.009183333,0.523528069,0.000000000,1.000000000,3.090909091,3.090909091,1.827585112,1.827585112,0.000000010000,0.000000000,3.400000000,4.000000000,4.000000000,3.598425197,3.799212598,0.108211935,2.384280242,0.000000000,0.000000000,0.000000000,0.145521725
1103,0.009191667,0.523606386,0.000000000,1.000000000,3.090909091,3.090909091,1.851985687,1.851985687,0.000000010000,0.000000000,3.400000000,4.000000000,4.000000000,3.598425197,3.799212598,0.108312715,2.384313393,1.532728417,0.000000000,0.000000000,0.147588884
1104,0.009200000,0.523684496,0.000000000,1.000000000,3.090909091,3.090909091,1.875914975,1.875914975,0.000000010000,0.000000000,3.400000000,4.000000000,4.000000000,3.598425197,3.799212598,0.108413493,2.384346544,0.000000000,0.000000000,0.000000000,0.149615597
1105,0.009208333,0.523762398,1.933855201,1.000000000,3.090909091,3.090909091,1.899382079,1.899382079,0.000000010000,0.000000000,3.400000000,4.000000000,4.000000000,3.598425197,3.799212598,0.108514268,2.384379693,0.000000000,0.000000000,0.000000000,0.151602645
1106,0.009216667,0.523840094,0.000000000,1.000000000,3.090909091,3.090909091,1.922395926,1.922395926,0.000000010000,0.000000000,3.400000000,4.000000000,4.000000000,3.598425197,3.799212598,0.108615040,2.384412842,1.009451759,0.000000000,0.000000000,0.153550793
1107,0.009225000,0.523917584,0.000000000,1.000000000,3.090909091,3.090909091,1.944965270,1.944965270,0.000000010000,0.000000000,3.400000000,4.000000000,4.000000000,3.598425197,3.799212598,0.108715810,2.384445990,0.000000000,0.000000000,0.000000000,0.155460794
1108,0.009233333,0.523994868,0.000000000,1.000000000,3.090909091,3.090909091,1.967098696,1.967098696,0.000000010000,0.000000000,3.400000000,4.000000000,4.000000000,3.598425197,3.799212598,0.108816577,2.384479137,0.000000000,0.000000000,0.000000000,0.157333385
1109,0.009241667,0.524071947,1.360195997,1.000000000,3.090909091,3.090909091,1.988804624,1.988804624,0.000000010000,0.000000000,3.400000000,4.000000000,4.000000000,3.598425197,3.799212598,0.108917341,2.384512283,0.000000000,0.000000000,0.000000000,0.159169287
1110,0.009250000,0.524148821,0.000000000,1.000000000,3.090909091,3.090909091,2.010091312,2.010091312,0.000000010000,0.000000000,3.400000000,4.000000000,4.000000000,3.598425197,3.799212598,0.109018102,2.384545428,1.404920935,0.000000000,0.000000000,0.160969210
1111,0.009258333,0.524225492,0.000000000,1.000000000,3.090909091,3.090909091,2.030966856,2.030966856,0.000000010000,0.000000000,3.400000000,4.000000000,4.000000000,3.598425197,3.799212598,0.109118861,2.384578573,0.000000000,0.000000000,0.000000000,0.162733848
1112,0.009266667,0.524301959,0.000000000,1.000000000,3.090909091,3.090909091,2.051439198,2.051439198,0.000000010000,0.000000000,3.400000000,4.000000000,4.000000000,3.598425197,3.799212598,0.109219617,2.384611716,0.000000000,0.000000000,0.000000000,0.164463883
1113,0.009275000,0.524378223,0.000000000,1.000000000,3.090909091,3.090909091,2.071516125,2.071516125,0.000000010000,0.000000000,3.400000000,4.000000000,4.000000000,3.598425197,3.799212598,0.109320370,2.384644858,0.000000000,0.000000000,0.000000000,0.166159984
1114,0.009283333,0.524454285,1.752169490,0.247830510,3.090909091,0.766021575,2.046301043,2.046301043,0.000000010000,0.000000000,3.400000000,4.000000000,4.000000000,3.598425197,3.799212598,0.109421120,2.384678000,1.822915604,0.000000000,0.000000000,0.163990015
1115,0.009291667,0.524530145,0.000000000,0.000000000,3.090909091,0.000000000,2.006777592,2.006777592,0.000000010000,0.000000000,3.400000000,4.000000000,4.000000000,3.598425197,3.799212598,0.109521868,2.384711141,0.000000000,0.000000000,0.000000000,0.160598989
1116,0.009300000,0.524605803,0.000000000,0.000000000,3.090909091,0.000000000,1.968017521,1.968017521,0.000000010000,0.000000000,3.400000000,4.000000000,4.000000000,3.598425197,3.799212598,0.109622612,2.384744280,0.000000000,0.000000000,0.000000000,0.157273481
1117,0.009308333,0.524681261,0.000000000,0.000000000,3.090909091,0.000000000,1.930006085,1.930006085,0.000000010000,0.000000000,3.400000000,4.000000000,4.000000000,3.598425197,3.799212598,0.109723355,2.384777419,1.265490463,0.000000000,0.000000000,0.154012225
1118,0.009316667,0.524756519,1.168892149,0.000000000,3.090909091,0.000000000,1.892728823,1.892728823,0.000000010000,0.000000000,3.400000000,4.000000000,4.000000000,3.598425197,3.799212598,0.109824094,2.384810557,0.000000000,0.000000000,0.000000000,0.150813982
1119,0.009325000,0.524831577,0.000000000,0.000000000,3.090909091,0.000000000,1.856171556,1.856171556,0.000000010000,0.000000000,3.400000000,4.000000000,4.000000000,3.598425197,3.799212598,0.109924830,2.384843694,0.000000000,0.000000000,0.000000000,0.147677534
1120,0.009333333,0.524906436,0.000000000,0.000000000,3.090909091,0.000000000,1.820320378,1.820320378,0.000000010000,0.000000000,3.400000000,4.000000000,4.000000000,3.598425197,3.799212598,0.110025564,2.384876830,0.000000000,0.000000000,0.000000000,0.144601686
1121,0.009341667,0.524981096,0.000000000,0.000000000,3.090909091,0.000000000,1.785161650,1.785161650,0.000000010000,0.000000000,3.400000000,4.000000000,4.000000000,3.598425197,3.799212598,0.110126295,2.384909966,1.650601437,0.000000000,0.000000000,0.141585270
1122,0.009350000,0.525055559,0.000000000,0.000000000,3.090909091,0.000000000,1.750681998,1.750681998,0.000000010000,0.000000000,3.400000000,4.000000000,4.000000000,3.598425197,3.799212598,0.110227024,2.384943100,0.000000000,0.000000000,0.000000000,0.138627136
1123,0.009358333,0.525129823,1.564989111,0.000000000,3.090909091,0.000000000,1.716868306,1.716868306,0.000000010000,0.000000000,3.400000000,4.000000000,4.000000000,3.598425197,3.799212598,0.110327749,2.384976233,0.000000000,0.000000000,0.000000000,0.135726159
1124,0.009366667,0.525203891,0.000000000,0.000000000,3.090909091,0.000000000,1.683707712,1.683707712,0.000000010000,0.000000000,3.400000000,4.000000000,4.000000000,3.598425197,3.799212598,0.110428472,2.385009366,1.148806090,0.000000000,0.000000000,0.132881236
1125,0.009375000,0.525277762,0.000000000,0.000000000,3.090909091,0.000000000,1.651187600,1.651187600,0.000000010000,0.000000000,3.400000000,4.000000000,4.000000000,3.598425197,3.799212598,0.110529192,2.385042497,0.000000000,0.000000000,0.000000000,0.130091283
1126,0.009383333,0.525351437,0.000000000,0.000000000,3.090909091,0.000000000,1.619295601,1.619295601,0.000000010000,0.000000000,3.400000000,4.000000000,4.000000000,3.598425197,3.799212598,0.110629909,2.385075628,0.000000000,0.000000000,0.000000000,0.127355239
1127,0.009391667,0.525424917,0.000000000,0.000000000,3.090909091,0.000000000,1.588019583,1.588019583,0.000000010000,0.000000000,3.400000000,4.000000000,4.000000000,3.598425197,3.799212598,0.110730624,2.385108758,0.000000000,0.000000000,0.000000000,0.124672063
1128,0.009400000,0.525498201,1.971861806,0.000000000,3.090909091,0.000000000,1.557347648,1.557347648,0.000000010000,0.000000000,3.400000000,4.000000000,4.000000000,3.598425197,3.799212598,0.110831336,2.385141887,1.528697199,0.000000000,0.000000000,0.122040733
1129,0.009408333,0.525571291,0.000000000,0.000000000,3.090909091,0.000000000,1.527268128,1.527268128,0.000000010000,0.000000000,3.400000000,4.000000000,4.000000000,3.598425197,3.799212598,0.110932045,2.385175015,0.000000000,0.000000000,0.000000000,0.119460248
1130,0.009416667,0.525644188,0.000000000,0.000000000,3.090909091,0.000000000,1.497769582,1.497769582,0.000000010000,0.000000000,3.400000000,4.000000000,4.000000000,3.598425197,3.799212598,0.111032751,2.385208142,0.000000000,0.000000000,0.000000000,0.116929626
1131,0.009425000,0.525716890,0.000000000,0.000000000,3.090909091,0.000000000,1.468840788,1.468840788,0.000000010000,0.000000000,3.400000000,4.000000000,4.000000000,3.598425197,3.799212598,0.111133455,2.385241268,1.004281470,0.000000000,0.000000000,0.114447904
1132,0.009433333,0.525789400,1.389495815,0.000000000,3.090909091,0.000000000,1.440470742,1.440470742,0.000000010000,0.000000000,3.400000000,4.000000000,4.000000000,3.598425197,3.799212598,0.111234156,2.385274393,0.000000000,0.000000000,0.000000000,0.112014138
1133,0.009441667,0.525861718,0.000000000,0.000000000,3.090909091,0.000000000,1.412648651,1.412648651,0.000000010000,0.000000000,3.400000000,4.000000000,4.000000000,3.598425197,3.799212598,0.111334854,2.385307518,0.000000000,0.000000000,0.000000000,0.109627400
1134,0.009450000,0.525933844,0.000000000,0.000000000,3.090909091,0.000000000,1.385363932,1.385363932,0.000000010000,0.000000000,3.400000000,4.000000000,4.000000000,3.598425197,3.799212598,0.111435549,2.385340641,0.000000000,0.000000000,0.000000000,0.107286784
1135,0.009458333,0.526005778,0.000000000,0.000000000,3.090909091,0.000000000,1.358606206,1.358606206,0.000000010000,0.000000000,3.400000000,4.000000000,4.000000000,3.598425197,3.799212598,0.111536242,2.385373764,1.399705418,0.000000000,0.000000000,0.104991398
1136,0.009466667,0.526077521,0.000000000,0.000000000,3.090909091,0.000000000,1.332365295,1.332365295,0.000000010000,0.000000000,3.400000000,4.000000000,4.000000000,3.598425197,3.799212598,0.111636931,2.385406885,0.000000000,0.000000000,0.000000000,0.102740368
1137,0.009475000,0.526149074,1.779779161,0.000000000,3.090909091,0.000000000,1.306631215,1.306631215,0.000000010000,0.000000000,3.400000000,4.000000000,4.000000000,3.598425197,3.799212598,0.111737618,2.385440006,0.000000000,0.000000000,0.000000000,0.100532837
1138,0.009483333,0.526220438,0.000000000,0.000000000,3.090909091,0.000000000,1.281394179,1.281394179,0.000000010000,0.000000000,3.400000000,4.000000000,4.000000000,3.598425197,3.799212598,0.111838303,2.385473126,0.000000000,0.000000000,0.000000000,0.098367967
1139,0.009491667,0.526291612,0.000000000,0.000000000,3.090909091,0.000000000,1.256644585,1.256644585,0.000000010000,0.000000000,3.400000000,4.000000000,4.000000000,3.598425197,3.799212598,0.111938984,2.385506245,1.814718616,0.000000000,0.000000000,0.096244932
1140,0.009500000,0.526362597,0.000000000,0.000000000,3.090909091,0.000000000,1.232373020,1.232373020,0.000000010000,0.000000000,3.400000000,4.000000000,4.000000000,3.598425197,3.799212598,0.112039663,2.385539363,0.000000000,0.000000000,0.000000000,0.094162924
1141,0.009508333,0.526433393,1.196013667,0.000000000,3.090909091,0.000000000,1.208570250,1.208570250,0.000000010000,0.000000000,3.400000000,4.000000000,4.000000000,3.598425197,3.799212598,0.112140339,2.385572480,0.000000000,0.000000000,0.000000000,0.092121151
1142,0.009516667,0.526504002,0.000000000,0.000000000,3.090909091,0.000000000,1.185227220,1.185227220,0.000000010000,0.000000000,3.400000000,4.000000000,4.000000000,3.598425197,3.799212598,0.112241013,2.385605596,1.259068053,0.000000000,0.000000000,0.090118837
1143,0.009525000,0.526574424,0.000000000,0.000000000,3.090909091,0.000000000,1.162335051,1.162335051,0.000000010000,0.000000000,3.400000000,4.000000000,4.000000000,3.598425197,3.799212598,0.112341683,2.385638712,0.000000000,0.000000000,0.000000000,0.088155218
1144,0.009533333,0.526644658,0.000000000,0.000000000,3.090909091,0.000000000,1.139885035,1.139885035,0.000000010000,0.000000000,3.400000000,4.000000000,4.000000000,3.598425197,3.799212598,0.112442351,2.385671826,0.000000000,0.000000000,0.000000000,0.086229548
1145,0.009541667,0.526714707,0.000000000,0.000000000,3.090909091,0.000000000,1.117868632,1.117868632,0.000000010000,0.000000000,3.400000000,4.000000000,4.000000000,3.598425197,3.799212598,0.112543016,2.385704939,0.000000000,0.000000000,0.000000000,0.084341094
1146,0.009550000,0.526784569,1.587861675,0.000000000,3.090909091,0.000000000,1.096277466,1.096277466,0.000000010000,0.000000000,3.400000000,4.000000000,4.000000000,3.598425197,3.799212598,0.112643678,2.385738052,1.642359182,0.000000000,0.000000000,0.082489136
1147,0.009558333,0.526854246,0.000000000,0.000000000,3.090909091,0.000000000,1.075103324,1.075103324,0.000000010000,0.000000000,3.400000000,4.000000000,4.000000000,3.598425197,3.799212598,0.112744338,2.385771164,0.000000000,0.000000000,0.000000000,0.080672969
1148,0.009566667,0.526923738,0.000000000,0.000000000,3.090909091,0.000000000,1.054338153,1.054338153,0.000000010000,0.000000000,3.400000000,4.000000000,4.000000000,3.598425197,3.799212598,0.112844995,2.385804275,0.000000000,0.000000000,0.000000000,0.078891904
1149,0.009575000,0.526993046,0.000000000,0.000000000,3.090909091,0.000000000,1.033974051,1.033974051,0.000000010000,0.000000000,3.400000000,4.000000000,4.000000000,3.598425197,3.799212598,0.112945649,2.385837385,1.137294706,0.000000000,0.000000000,0.077145261
1150,0.009583333,0.527062170,0.000000000,0.000000000,3.090909091,0.000000000,1.014003274,1.014003274,0.000000010000,0.000000000,3.400000000,4.000000000,4.000000000,3.598425197,3.799212598,0.113046300,2.385870493,0.000000000,0.000000000,0.000000000,0.075432375
1151,0.009591667,0.527131111,1.995558586,0.995558586,3.090909091,3.077181084,1.053852692,1.053852692,0.000000010000,0.000000000,3.400000000,4.000000000,4.000000000,3.598425197,3.799212598,0.113146949,2.385903602,0.000000000,0.000000000,0.000000000,0.078825611
1152,0.009600000,0.527199868,0.000000000,1.000000000,3.090909091,3.090909091,1.093197586,1.093197586,0.000000010000,0.000000000,3.400000000,4.000000000,4.000000000,3.598425197,3.799212598,0.113247595,2.385936709,0.000000000,0.000000000,0.000000000,0.082175423
1153,0.009608333,0.527268443,0.000000000,1.000000000,3.090909091,3.090909091,1.131782549,1.131782549,0.000000010000,0.000000000,3.400000000,4.000000000,4.000000000,3.598425197,3.799212598,0.113348238,2.385969815,1.516608425,0.000000000,0.000000000,0.085460015
1154,0.009616667,0.527336837,0.000000000,1.000000000,3.090909091,3.090909091,1.169622260,1.169622260,0.000000010000,0.000000000,3.400000000,4.000000000,4.000000000,3.598425197,3.799212598,0.113448878,2.386002920,0.000000000,0.000000000,0.000000000,0.088680648
1155,0.009625000,0.527405048,1.407287704,1.000000000,3.090909091,3.090909091,1.206731113,1.206731113,0.000000010000,0.000000000,3.400000000,4.000000000,4.000000000,3.598425197,3.799212598,0.113549516,2.386036025,0.000000000,0.000000000,0.000000000,0.091838555
1156,0.009633333,0.527473079,0.000000000,1.000000000,3.090909091,3.090909091,1.243123224,1.243123224,0.000000010000,0.000000000,3.400000000,4.000000000,4.000000000,3.598425197,3.799212598,0.113650151,2.386069128,0.000000000,0.000000000,0.000000000,0.094934950
1157,0.009641667,0.527540929,0.000000000,1.000000000,3.090909091,3.090909091,1.278812437,1.278812437,0.000000010000,0.000000000,3.400000000,4.000000000,4.000000000,3.598425197,3.799212598,0.113750783,2.386102231,1.985619860,0.000000000,0.000000000,0.097971019
1158,0.009650000,0.527608600,0.000000000,1.000000000,3.090909091,3.090909091,1.313812327,1.313812327,0.000000010000,0.000000000,3.400000000,4.000000000,4.000000000,3.598425197,3.799212598,0.113851412,2.386135333,0.000000000,0.000000000,0.000000000,0.100947929
1159,0.009658333,0.527676090,0.000000000,1.000000000,3.090909091,3.090909091,1.348136209,1.348136209,0.000000010000,0.000000000,3.400000000,4.000000000,4.000000000,3.598425197,3.799212598,0.113952039,2.386168434,0.000000000,0.000000000,0.000000000,0.103866822
1160,0.009666667,0.527743402,1.795897216,1.000000000,3.090909091,3.090909091,1.381797139,1.381797139,0.000000010000,0.000000000,3.400000000,4.000000000,4.000000000,3.598425197,3.799212598,0.114052662,2.386201534,1.383594132,0.000000000,0.000000000,0.106728818
1161,0.009675000,0.527810535,0.000000000,1.000000000,3.090909091,3.090909091,1.414807923,1.414807923,0.000000010000,0.000000000,3.400000000,4.000000000,4.000000000,3.598425197,3.799212598,0.114153284,2.386234633,0.000000000,0.000000000,0.000000000,0.109535018
1162,0.009683333,0.527877490,0.000000000,1.000000000,3.090909091,3.090909091,1.447181117,1.447181117,0.000000010000,0.000000000,3.400000000,4.000000000,4.000000000,3.598425197,3.799212598,0.114253902,2.386267731,0.000000000,0.000000000,0.000000000,0.112286497
1163,0.009691667,0.527944267,0.000000000,1.000000000,3.090909091,3.090909091,1.478929036,1.478929036,0.000000010000,0.000000000,3.400000000,4.000000000,4.000000000,3.598425197,3.799212598,0.114354518,2.386300828,0.000000000,0.000000000,0.000000000,0.114984314
1164,0.009700000,0.528010867,1.211136792,1.000000000,3.090909091,3.090909091,1.510063758,1.510063758,0.000000010000,0.000000000,3.400000000,4.000000000,4.000000000,3.598425197,3.799212598,0.114455130,2.386333924,1.792138699,0.000000000,0.000000000,0.117629504
1165,0.009708333,0.528077290,0.000000000,1.000000000,3.090909091,3.090909091,1.540597126,1.540597126,0.000000010000,0.000000000,3.400000000,4.000000000,4.000000000,3.598425197,3.799212598,0.114555741,2.386367020,0.000000000,0.000000000,0.000000000,0.120223085
1166,0.009716667,0.528143538,0.000000000,1.000000000,3.090909091,3.090909091,1.570540754,1.570540754,0.000000010000,0.000000000,3.400000000,4.000000000,4.000000000,3.598425197,3.799212598,0.114656348,2.386400114,0.000000000,0.000000000,0.000000000,0.122766053
1167,0.009725000,0.528209609,0.000000000,1.000000000,3.090909091,3.090909091,1.599906033,1.599906033,0.000000010000,0.000000000,3.400000000,4.000000000,4.000000000,3.598425197,3.799212598,0.114756953,2.386433208,1.243221855,0.000000000,0.000000000,0.125259386
1168,0.009733333,0.528275505,0.000000000,1.000000000,3.090909091,3.090909091,1.628704135,1.628704135,0.000000010000,0.000000000,3.400000000,4.000000000,4.000000000,3.598425197,3.799212598,0.114857554,2.386466301,0.000000000,0.000000000,0.000000000,0.127704042
1169,0.009741667,0.528341226,1.599825614,1.000000000,3.090909091,3.090909091,1.656946013,1.656946013,0.000000010000,0.000000000,3.400000000,4.000000000,4.000000000,3.598425197,3.799212598,0.114958154,2.386499393,0.000000000,0.000000000,0.000000000,0.130100963
1170,0.009750000,0.528406773,0.000000000,1.000000000,3.090909091,3.090909091,1.684642411,1.684642411,0.000000010000,0.000000000,3.400000000,4.000000000,4.000000000,3.598425197,3.799212598,0.115058750,2.386532484,0.000000000,0.000000000,0.000000000,0.132451069
1171,0.009758333,0.528472146,0.000000000,1.000000000,3.090909091,3.090909091,1.711803865,1.711803865,0.000000010000,0.000000000,3.400000000,4.000000000,4.000000000,3.598425197,3.799212598,0.115159344,2.386565574,1.623861160,0.000000000,0.000000000,0.134755265
1172,0.009766667,0.528537345,0.000000000,1.000000000,3.090909091,3.090909091,1.738440706,1.738440706,0.000000010000,0.000000000,3.400000000,4.000000000,4.000000000,3.598425197,3.799212598,0.115259935,2.386598663,0.000000000,0.000000000,0.000000000,0.137014437
1173,0.009775000,0.528602372,1.006192460,1.000000000,3.090909091,3.090909091,1.764563068,1.764563068,0.000000010000,0.000000000,3.400000000,4.000000000,4.000000000,3.598425197,3.799212598,0.115360523,2.386631751,0.000000000,0.000000000,0.000000000,0.139229457
1174,0.009783333,0.528667226,0.000000000,1.000000000,3.090909091,3.090909091,1.790180888,1.790180888,0.000000010000,0.000000000,3.400000000,4.000000000,4.000000000,3.598425197,3.799212598,0.115461108,2.386664838,1.113059718,0.000000000,0.000000000,0.141401176
1175,0.009791667,0.528731907,0.000000000,1.000000000,3.090909091,3.090909091,1.815303910,1.815303910,0.000000010000,0.000000000,3.400000000,4.000000000,4.000000000,3.598425197,3.799212598,0.115561691,2.386697925,0.000000000,0.000000000,0.000000000,0.143530430
1176,0.009800000,0.528796418,0.000000000,1.000000000,3.090909091,3.090909091,1.839941691,1.839941691,0.000000010000,0.000000000,3.400000000,4.000000000,4.000000000,3.598425197,3.799212598,0.115662271,2.386731010,0.000000000,0.000000000,0.000000000,0.145618040
1177,0.009808333,0.528860757,0.000000000,1.000000000,3.090909091,3.090909091,1.864103604,1.864103604,0.000000010000,0.000000000,3.400000000,4.000000000,4.000000000,3.598425197,3.799212598,0.115762848,2.386764095,0.000000000,0.000000000,0.000000000,0.147664811
1178,0.009816667,0.528924925,1.414828429,1.000000000,3.090909091,3.090909091,1.887798840,1.887798840,0.000000010000,0.000000000,3.400000000,4.000000000,4.000000000,3.598425197,3.799212598,0.115863422,2.386797178,1.492794458,0.000000000,0.000000000,0.149671531
1179,0.009825000,0.528988923,0.000000000,1.000000000,3.090909091,3.090909091,1.911036412,1.911036412,0.000000010000,0.000000000,3.400000000,4.000000000,4.000000000,3.598425197,3.799212598,0.115963994,2.386830261,0.000000000,0.000000000,0.000000000,0.151638974
1180,0.009833333,0.529052751,0.000000000,1.000000000,3.090909091,3.090909091,1.933825160,1.933825160,0.000000010000,0.000000000,3.400000000,4.000000000,4.000000000,3.598425197,3.799212598,0.116064563,2.386863343,0.000000000,0.000000000,0.000000000,0.153567898
1181,0.009841667,0.529116410,0.000000000,1.000000000,3.090909091,3.090909091,1.956173753,1.956173753,0.000000010000,0.000000000,3.400000000,4.000000000,4.000000000,3.598425197,3.799212598,0.116165129,2.386896424,0.000000000,0.000000000,0.000000000,0.155459048
1182,0.009850000,0.529179900,0.000000000,1.000000000,3.090909091,3.090909091,1.978090692,1.978090692,0.000000010000,0.000000000,3.400000000,4.000000000,4.000000000,3.598425197,3.799212598,0.116265692,2.386929504,1.946931019,0.000000000,0.000000000,0.157313153
1183,0.009858333,0.529243222,1.801516454,1.000000000,3.090909091,3.090909091,1.999584315,1.999584315,0.000000010000,0.000000000,3.400000000,4.000000000,4.000000000,3.598425197,3.799212598,0.116366253,2.386962583,0.000000000,0.000000000,0.000000000,0.159130929
1184,0.009866667,0.529306376,0.000000000,1.000000000,3.090909091,3.090909091,2.020662798,2.020662798,0.000000010000,0.000000000,3.400000000,4.000000000,4.000000000,3.598425197,3.799212598,0.116466811,2.386995662,0.000000000,0.000000000,0.000000000,0.160913077
1185,0.009875000,0.529369361,0.000000000,1.000000000,3.090909091,3.090909091,2.041334158,2.041334158,0.000000010000,0.000000000,3.400000000,4.000000000,4.000000000,3.598425197,3.799212598,0.116567366,2.387028739,1.352277995,0.000000000,0.000000000,0.162660286
1186,0.009883333,0.529432180,0.000000000,1.000000000,3.090909091,3.090909091,2.061606259,2.061606259,0.000000010000,0.000000000,3.400000000,4.000000000,4.000000000,3.598425197,3.799212598,0.116667919,2.387061815,0.000000000,0.000000000,0.000000000,0.164373231
1187,0.009891667,0.529494833,1.215114435,0.784885565,3.090909091,2.426009927,2.068644564,2.068644564,0.000000010000,0.000000000,3.400000000,4.000000000,4.000000000,3.598425197,3.799212598,0.116768468,2.387094891,0.000000000,0.000000000,0.000000000,0.164956425
1188,0.009900000,0.529557319,0.000000000,0.000000000,3.090909091,0.000000000,2.028689558,2.028689558,0.000000010000,0.000000000,3.400000000,4.000000000,4.000000000,3.598425197,3.799212598,0.116869015,2.387127966,0.000000000,0.000000000,0.000000000,0.161528453
1189,0.009908333,0.529619639,0.000000000,0.000000000,3.090909091,0.000000000,1.989506266,1.989506266,0.000000010000,0.000000000,3.400000000,4.000000000,4.000000000,3.598425197,3.799212598,0.116969560,2.387161039,1.750723979,0.000000000,0.000000000,0.158166715
1190,0.009916667,0.529681793,0.000000000,0.000000000,3.090909091,0.000000000,1.951079784,1.951079784,0.000000010000,0.000000000,3.400000000,4.000000000,4.000000000,3.598425197,3.799212598,0.117070101,2.387194112,0.000000000,0.000000000,0.000000000,0.154869932
1191,0.009925000,0.529743783,0.000000000,0.000000000,3.090909091,0.000000000,1.913395492,1.913395492,0.000000010000,0.000000000,3.400000000,4.000000000,4.000000000,3.598425197,3.799212598,0.117170640,2.387227184,0.000000000,0.000000000,0.000000000,0.151636848
1192,0.009933333,0.529805609,1.601438995,0.000000000,3.090909091,0.000000000,1.876439057,1.876439057,0.000000010000,0.000000000,3.400000000,4.000000000,4.000000000,3.598425197,3.799212598,0.117271176,2.387260255,1.215796467,0.000000000,0.000000000,0.148466234
1193,0.009941667,0.529867270,0.000000000,0.000000000,3.090909091,0.000000000,1.840196421,1.840196421,0.000000010000,0.000000000,3.400000000,4.000000000,4.000000000,3.598425197,3.799212598,0.117371709,2.387293325,0.000000000,0.000000000,0.000000000,0.145356883
1194,0.009950000,0.529928768,0.000000000,0.000000000,3.090909091,0.000000000,1.804653795,1.804653795,0.000000010000,0.000000000,3.400000000,4.000000000,4.000000000,3.598425197,3.799212598,0.117472239,2.387326395,0.000000000,0.000000000,0.000000000,0.142307612
1195,0.009958333,0.529990103,0.000000000,0.000000000,3.090909091,0.000000000,1.769797661,1.769797661,0.000000010000,0.000000000,3.400000000,4.000000000,4.000000000,3.598425197,3.799212598,0.117572767,2.387359463,0.000000000,0.000000000,0.000000000,0.139317259
1196,0.009966667,0.530051274,1.005816581,0.000000000,3.090909091,0.000000000,1.735614758,1.735614758,0.000000010000,0.000000000,3.400000000,4.000000000,4.000000000,3.598425197,3.799212598,0.117673292,2.387392530,1.593471175,0.000000000,0.000000000,0.136384688
1197,0.009975000,0.530112284,0.000000000,0.000000000,3.090909091,0.000000000,1.702092084,1.702092084,0.000000010000,0.000000000,3.400000000,4.000000000,4.000000000,3.598425197,3.799212598,0.117773814,2.387425597,0.000000000,0.000000000,0.000000000,0.133508783
1198,0.009983333,0.530173132,0.000000000,0.000000000,3.090909091,0.000000000,1.669216886,1.669216886,0.000000010000,0.000000000,3.400000000,4.000000000,4.000000000,3.598425197,3.799212598,0.117874334,2.387458662,0.000000000,0.000000000,0.000000000,0.130688448
1199,0.009991667,0.530233818,0.000000000,0.000000000,3.090909091,0.000000000,1.636976659,1.636976659,0.000000010000,0.000000000,3.400000000,4.000000000,4.000000000,3.598425197,3.799212598,0.117974851,2.387491727,1.075276229,0.000000000,0.000000000,0.127922610
