pc,count,frequency
0x0000,1,0.000000023196
0x0001,1,0.000000023196
0x0002,1,0.000000023196
0x0003,1,0.000000023196
0x0004,1,0.000000023196
0x0005,1,0.000000023196
0x0006,1,0.000000023196
0x0007,1,0.000000023196
0x0008,1,0.000000023196
0x000b,1,0.000000023196
0x000d,1,0.000000023196
0x000f,1,0.000000023196
0x0012,1,0.000000023196
0x0015,1,0.000000023196
0x0017,1,0.000000023196
0x001a,24463,0.000567432378
0x001d,24462,0.000567409183
0x0020,24462,0.000567409183
0x0021,24462,0.000567409183
0x0024,7559,0.000175335051
0x0027,7559,0.000175335051
0x002a,7559,0.000175335051
0x002d,16903,0.000392074132
0x002f,16903,0.000392074132
0x0031,16903,0.000392074132
0x0032,16903,0.000392074132
0x0034,16903,0.000392074132
0x0035,16903,0.000392074132
0x0038,16903,0.000392074132
0x0039,16903,0.000392074132
0x003c,16903,0.000392074132
0x003d,16903,0.000392074132
0x0040,7,0.000000162369
0x0043,7,0.000000162369
0x0046,16896,0.000391911763
0x0049,16896,0.000391911763
0x0050,1,0.000000023196
0x0052,1,0.000000023196
0x0054,1,0.000000023196
0x0056,1,0.000000023196
0x0058,1,0.000000023196
0x005a,1,0.000000023196
0x005c,1,0.000000023196
0x005f,1,0.000000023196
0x0061,1,0.000000023196
0x0063,1,0.000000023196
0x0066,1,0.000000023196
0x0068,1,0.000000023196
0x006a,1,0.000000023196
0x006b,2,0.000000046391
0x006e,2,0.000000046391
0x0070,6130,0.000142188631
0x0072,6130,0.000142188631
0x0073,6130,0.000142188631
0x0074,6130,0.000142188631
0x0077,2,0.000000046391
0x0078,1123,0.000026048586
0x007b,1123,0.000026048586
0x0080,2589967,0.060075670795
0x0082,2589966,0.060075647599
0x0083,2589966,0.060075647599
0x0085,2589966,0.060075647599
0x0088,48950,0.001135421450
0x0089,48950,0.001135421450
0x008b,48950,0.001135421450
0x008e,24498,0.000568244222
0x0090,24498,0.000568244222
0x0091,24498,0.000568244222
0x0094,24498,0.000568244222
0x0095,24498,0.000568244222
0x0096,24498,0.000568244222
0x0097,24498,0.000568244222
0x0098,24498,0.000568244222
0x009a,24498,0.000568244222
0x009d,24498,0.000568244222
0x009f,24498,0.000568244222
0x00a0,24498,0.000568244222
0x00a2,24498,0.000568244222
0x00a3,24498,0.000568244222
0x00a6,24498,0.000568244222
0x00a8,24498,0.000568244222
0x00ab,24498,0.000568244222
0x00ac,1,0.000000023196
0x00ae,1,0.000000023196
0x00af,1,0.000000023196
0x00b0,1,0.000000023196
0x00b2,1,0.000000023196
0x00b5,1,0.000000023196
0x00bb,48993,0.001136418858
0x00be,48993,0.001136418858
0x00bf,48993,0.001136418858
0x00c0,48993,0.001136418858
0x00c1,48993,0.001136418858
0x00c2,48993,0.001136418858
0x00c3,48993,0.001136418858
0x00c4,2208,0.000051215742
0x00c5,2208,0.000051215742
0x00c7,2208,0.000051215742
0x00c9,2208,0.000051215742
0x00ca,2208,0.000051215742
0x00cd,2208,0.000051215742
0x00ce,2208,0.000051215742
0x00cf,2208,0.000051215742
0x00d0,2208,0.000051215742
0x00d1,2208,0.000051215742
0x00d2,2208,0.000051215742
0x00d3,2208,0.000051215742
0x00d4,2208,0.000051215742
0x00d6,2208,0.000051215742
0x00d8,2208,0.000051215742
0x00d9,2208,0.000051215742
0x00dc,2208,0.000051215742
0x00dd,2208,0.000051215742
0x00de,2208,0.000051215742
0x00e1,806,0.000018695601
0x00e3,16896,0.000391911763
0x00e6,16896,0.000391911763
0x00e9,16896,0.000391911763
0x00ec,16896,0.000391911763
0x00ef,16896,0.000391911763
0x00f2,16891,0.000391795786
0x00f5,16891,0.000391795786
0x00f8,16891,0.000391795786
0x00fb,16891,0.000391795786
0x00fe,15731,0.000364888965
0x0101,15731,0.000364888965
0x0104,15731,0.000364888965
0x0107,15727,0.000364796183
0x0109,15727,0.000364796183
0x010c,15727,0.000364796183
0x010f,15723,0.000364703400
0x0111,15723,0.000364703400
0x0114,15723,0.000364703400
0x0117,15719,0.000364610618
0x0119,15719,0.000364610618
0x011c,15719,0.000364610618
0x011f,15719,0.000364610618
0x0122,14596,0.000338562032
0x0125,14596,0.000338562032
0x0128,14596,0.000338562032
0x012b,14596,0.000338562032
0x012e,14068,0.000326314790
0x0131,14068,0.000326314790
0x0134,14068,0.000326314790
0x0137,14068,0.000326314790
0x013a,886,0.000020551244
0x0140,18,0.000000417520
0x0143,18,0.000000417520
0x0146,18,0.000000417520
0x0149,18,0.000000417520
0x014c,18,0.000000417520
0x014e,18,0.000000417520
0x014f,18,0.000000417520
0x0151,18,0.000000417520
0x0152,18,0.000000417520
0x0153,18,0.000000417520
0x0154,18,0.000000417520
0x0156,18,0.000000417520
0x0158,18,0.000000417520
0x015b,18,0.000000417520
0x015d,18,0.000000417520
0x015f,18,0.000000417520
0x0161,18,0.000000417520
0x0164,18,0.000000417520
0x0166,18,0.000000417520
0x0167,18,0.000000417520
0x0168,18,0.000000417520
0x016a,18,0.000000417520
0x016b,18,0.000000417520
0x016d,18,0.000000417520
0x016f,18,0.000000417520
0x0172,18,0.000000417520
0x0173,13176,0.000305624372
0x0174,13176,0.000305624372
0x0176,13176,0.000305624372
0x0178,13176,0.000305624372
0x017a,13176,0.000305624372
0x017b,9966,0.000231166704
0x017d,9966,0.000231166704
0x017e,9864,0.000228800760
0x0180,9864,0.000228800760
0x0182,9864,0.000228800760
0x0183,3441,0.000079815837
0x0185,3441,0.000079815837
0x0186,3339,0.000077449892
0x0188,3339,0.000077449892
0x018a,3339,0.000077449892
0x018b,105,0.000002435531
0x018d,105,0.000002435531
0x018e,105,0.000002435531
0x018f,105,0.000002435531
0x0191,105,0.000002435531
0x0192,6,0.000000139173
0x0194,6,0.000000139173
0x0196,2283,0.000052955407
0x0197,2283,0.000052955407
0x0199,2283,0.000052955407
0x019b,2283,0.000052955407
0x019c,1858,0.000043097304
0x019d,1858,0.000043097304
0x019e,1858,0.000043097304
0x01a0,1858,0.000043097304
0x01a1,1858,0.000043097304
0x01a2,1858,0.000043097304
0x01a3,1858,0.000043097304
0x01a5,1858,0.000043097304
0x01a6,1858,0.000043097304
0x01a7,1858,0.000043097304
0x01a8,1858,0.000043097304
0x01ab,1858,0.000043097304
0x01ae,1858,0.000043097304
0x01af,1858,0.000043097304
0x01b0,1858,0.000043097304
0x01b1,1858,0.000043097304
0x01b2,1858,0.000043097304
0x01b3,1858,0.000043097304
0x01b4,1858,0.000043097304
0x01b5,1858,0.000043097304
0x01b6,1858,0.000043097304
0x01b7,1858,0.000043097304
0x01b8,1858,0.000043097304
0x01b9,1858,0.000043097304
0x01ba,1858,0.000043097304
0x01bb,1858,0.000043097304
0x01bd,1858,0.000043097304
0x01be,1858,0.000043097304
0x01c1,23141,0.000536767881
0x01c4,23141,0.000536767881
0x01c5,23141,0.000536767881
0x01c8,1858,0.000043097304
0x01c9,1858,0.000043097304
0x01ca,1858,0.000043097304
0x01d0,4781,0.000110897854
0x01d1,4781,0.000110897854
0x01d2,4781,0.000110897854
0x01d3,4781,0.000110897854
0x01d4,4781,0.000110897854
0x01d6,4781,0.000110897854
0x01d7,4781,0.000110897854
0x01d9,4781,0.000110897854
0x01dc,4781,0.000110897854
0x01dd,4781,0.000110897854
0x01e0,2708,0.000062813509
0x01e1,9,0.000000208760
0x01e4,1032,0.000023937792
0x01e7,1032,0.000023937792
0x01e9,1032,0.000023937792
0x01ed,124306,0.002883344202
0x01ee,124306,0.002883344202
0x01ef,124306,0.002883344202
0x01f0,124306,0.002883344202
0x01f3,124306,0.002883344202
0x01f4,124306,0.002883344202
0x01f7,4781,0.000110897854
0x0200,41394,0.000960155985
0x0201,41394,0.000960155985
0x0202,146,0.000003386548
0x0203,146,0.000003386548
0x0204,146,0.000003386548
0x0205,146,0.000003386548
0x0206,1858,0.000043097304
0x0207,1858,0.000043097304
0x0208,1858,0.000043097304
0x0209,1858,0.000043097304
0x020a,1858,0.000043097304
0x020b,1858,0.000043097304
0x020c,1858,0.000043097304
0x020d,1858,0.000043097304
0x020e,1858,0.000043097304
0x0210,10594,0.000245733500
0x0211,10594,0.000245733500
0x0213,10594,0.000245733500
0x0214,10594,0.000245733500
0x0215,2327,0.000053976010
0x0216,2327,0.000053976010
0x0217,265174,0.006150852859
0x0218,265174,0.006150852859
0x021a,265174,0.006150852859
0x021b,265174,0.006150852859
0x021c,39003,0.000904695461
0x021d,39003,0.000904695461
0x0220,53,0.000001229363
0x0221,53,0.000001229363
0x0222,53,0.000001229363
0x0223,53,0.000001229363
0x0224,53,0.000001229363
0x0225,53,0.000001229363
0x0226,53,0.000001229363
0x0227,53,0.000001229363
0x0228,53,0.000001229363
0x0229,53,0.000001229363
0x022a,53,0.000001229363
0x022b,53,0.000001229363
0x022c,53,0.000001229363
0x022e,53,0.000001229363
0x022f,53,0.000001229363
0x0230,53,0.000001229363
0x0231,53,0.000001229363
0x0232,53,0.000001229363
0x0258,81837,0.001898253017
0x0259,81837,0.001898253017
0x025a,81837,0.001898253017
0x025b,328,0.000007608136
0x025c,328,0.000007608136
0x025d,328,0.000007608136
0x025e,328,0.000007608136
0x025f,328,0.000007608136
0x0260,61274,0.001421283226
0x0263,61274,0.001421283226
0x0264,59036,0.001369371618
0x0267,59036,0.001369371618
0x0270,84773,0.001966355108
0x0271,84773,0.001966355108
0x0272,84773,0.001966355108
0x0273,84773,0.001966355108
0x0274,84773,0.001966355108
0x0275,84773,0.001966355108
0x0276,84773,0.001966355108
0x0277,59036,0.001369371618
0x0278,59036,0.001369371618
0x0279,59036,0.001369371618
0x027a,59036,0.001369371618
0x027b,59036,0.001369371618
0x027c,59036,0.001369371618
0x027d,59036,0.001369371618
0x0288,7,0.000000162369
0x028b,7,0.000000162369
0x028e,7,0.000000162369
0x0290,7,0.000000162369
0x0293,7,0.000000162369
0x0295,7,0.000000162369
0x0298,7,0.000000162369
0x029a,7,0.000000162369
0x02a7,7,0.000000162369
0x02aa,7,0.000000162369
0x02ab,7,0.000000162369
0x02ac,7,0.000000162369
0x02ad,1,0.000000023196
0x02b0,1,0.000000023196
0x02b3,1,0.000000023196
0x02b6,1,0.000000023196
0x02b9,1,0.000000023196
0x02bc,1,0.000000023196
0x02be,1,0.000000023196
0x02c0,1,0.000000023196
0x02c3,1,0.000000023196
0x02c5,1,0.000000023196
0x02c7,1,0.000000023196
0x02cb,1,0.000000023196
0x02cd,1,0.000000023196
0x02cf,1,0.000000023196
0x02d4,1,0.000000023196
0x02d7,1,0.000000023196
0x02d8,1,0.000000023196
0x02db,1,0.000000023196
0x02dd,1,0.000000023196
0x02e3,1,0.000000023196
0x02e5,1,0.000000023196
0x02e6,1,0.000000023196
0x02e7,1,0.000000023196
0x02e8,1,0.000000023196
0x02ea,1,0.000000023196
0x02ed,1,0.000000023196
0x02f0,1,0.000000023196
0x02f3,1,0.000000023196
0x02f6,1,0.000000023196
0x02f9,1,0.000000023196
0x02fc,1,0.000000023196
0x02fe,1,0.000000023196
0x0300,1,0.000000023196
0x0303,1,0.000000023196
0x0306,1,0.000000023196
0x0308,1,0.000000023196
0x030b,1,0.000000023196
0x030d,1,0.000000023196
0x0310,1,0.000000023196
0x0314,55,0.000001275754
0x0315,55,0.000001275754
0x0316,55,0.000001275754
0x0317,55,0.000001275754
0x0318,55,0.000001275754
0x0319,55,0.000001275754
0x031a,55,0.000001275754
0x031b,55,0.000001275754
0x031c,55,0.000001275754
0x031d,55,0.000001275754
0x031e,55,0.000001275754
0x0320,2,0.000000046391
0x0321,2,0.000000046391
0x0322,2,0.000000046391
0x0323,2,0.000000046391
0x0324,2,0.000000046391
0x0325,2,0.000000046391
0x0326,2,0.000000046391
0x0327,2,0.000000046391
0x0328,2,0.000000046391
0x0329,2,0.000000046391
0x032a,2,0.000000046391
0x032e,1,0.000000023196
0x0331,8,0.000000185564
0x0333,8,0.000000185564
0x0334,8,0.000000185564
0x0335,8,0.000000185564
0x0337,8,0.000000185564
0x033a,1,0.000000023196
0x033c,1,0.000000023196
0x033f,1,0.000000023196
0x0341,1,0.000000023196
0x0344,1,0.000000023196
0x0346,1,0.000000023196
0x0349,1,0.000000023196
0x034b,1,0.000000023196
0x034e,1,0.000000023196
0x0350,1,0.000000023196
0x0353,1,0.000000023196
0x0355,1,0.000000023196
0x0357,1,0.000000023196
0x0358,1,0.000000023196
0x035b,1,0.000000023196
0x035c,1,0.000000023196
0x035e,1,0.000000023196
0x035f,1,0.000000023196
0x0361,1,0.000000023196
0x0367,4,0.000000092782
0x0369,4,0.000000092782
0x036a,4,0.000000092782
0x036c,4,0.000000092782
0x036f,4,0.000000092782
0x0370,4,0.000000092782
0x0371,4,0.000000092782
0x0373,4,0.000000092782
0x0376,4,0.000000092782
0x0377,16903,0.000392074132
0x037a,16903,0.000392074132
0x037b,16903,0.000392074132
0x037c,16903,0.000392074132
0x037d,16903,0.000392074132
0x0380,40,0.000000927821
0x0383,40,0.000000927821
0x0386,40,0.000000927821
0x0389,14560,0.000337726993
0x038a,14560,0.000337726993
0x038b,14560,0.000337726993
0x038c,14560,0.000337726993
0x038d,14560,0.000337726993
0x038e,14560,0.000337726993
0x038f,14560,0.000337726993
0x0390,14560,0.000337726993
0x0393,1040,0.000024123357
0x0394,1040,0.000024123357
0x0395,1040,0.000024123357
0x0396,1040,0.000024123357
0x0397,1040,0.000024123357
0x0398,1040,0.000024123357
0x0399,1040,0.000024123357
0x039a,1040,0.000024123357
0x039d,40,0.000000927821
0x03a0,159,0.000003688090
0x03a3,159,0.000003688090
0x03a6,66144,0.001534245482
0x03a7,66144,0.001534245482
0x03a8,66144,0.001534245482
0x03a9,66144,0.001534245482
0x03aa,66144,0.001534245482
0x03ab,66144,0.001534245482
0x03ac,66144,0.001534245482
0x03af,159,0.000003688090
0x03b0,13182,0.000305763545
0x03b3,13182,0.000305763545
0x03b6,13182,0.000305763545
0x03b9,10320,0.000239377924
0x03bc,10320,0.000239377924
0x03bf,10317,0.000239308337
0x03c2,10317,0.000239308337
0x03c5,10317,0.000239308337
0x03c8,7440,0.000172574782
0x03cb,7440,0.000172574782
0x03ce,13176,0.000305624372
0x03d1,13176,0.000305624372
0x03d4,13176,0.000305624372
0x03d5,13176,0.000305624372
0x03d7,13176,0.000305624372
0x03d8,13176,0.000305624372
0x03d9,13176,0.000305624372
0x03e2,3,0.000000069587
0x03e5,3,0.000000069587
0x03e8,3,0.000000069587
0x03eb,3,0.000000069587
0x03ee,3,0.000000069587
0x03f1,6,0.000000139173
0x03f4,6,0.000000139173
0x03f5,6,0.000000139173
0x03f7,6,0.000000139173
0x03f8,6,0.000000139173
0x03fa,6,0.000000139173
0x03fb,6,0.000000139173
0x03fc,6,0.000000139173
0x03fd,6,0.000000139173
0x0400,20735,0.000480959423
0x0403,20735,0.000480959423
0x0406,20735,0.000480959423
0x0407,20735,0.000480959423
0x0408,20735,0.000480959423
0x0409,20735,0.000480959423
0x040a,20735,0.000480959423
0x040b,20735,0.000480959423
0x040c,20735,0.000480959423
0x040d,20735,0.000480959423
0x041e,44,0.000001020604
0x0421,44,0.000001020604
0x0423,44,0.000001020604
0x0424,44,0.000001020604
0x0427,44,0.000001020604
0x0429,44,0.000001020604
0x042a,44,0.000001020604
0x042d,44,0.000001020604
0x0430,6,0.000000139173
0x0433,6,0.000000139173
0x0435,6,0.000000139173
0x0436,6,0.000000139173
0x0438,6,0.000000139173
0x043a,6,0.000000139173
0x043b,6,0.000000139173
0x043d,6,0.000000139173
0x043f,6,0.000000139173
0x0440,2,0.000000046391
0x0441,2,0.000000046391
0x0442,2,0.000000046391
0x0443,2,0.000000046391
0x0445,2,0.000000046391
0x04ac,1290,0.000029922240
0x04af,1290,0.000029922240
0x04b0,1290,0.000029922240
0x04b1,1290,0.000029922240
0x04b2,1290,0.000029922240
0x04b4,1290,0.000029922240
0x04b5,1290,0.000029922240
0x04b6,1278,0.000029643894
0x04b8,1278,0.000029643894
0x04ba,1278,0.000029643894
0x04bd,1272,0.000029504721
0x04bf,1272,0.000029504721
0x04c1,1272,0.000029504721
0x04c2,1272,0.000029504721
0x04c4,1272,0.000029504721
0x04c6,1272,0.000029504721
0x04c9,645,0.000014961120
0x04cc,645,0.000014961120
0x04cd,645,0.000014961120
0x04d0,645,0.000014961120
0x04d1,645,0.000014961120
0x04d2,645,0.000014961120
0x04d4,645,0.000014961120
0x04d7,645,0.000014961120
0x04df,645,0.000014961120
0x04e1,645,0.000014961120
0x04e4,645,0.000014961120
0x04e6,627,0.000014543601
0x04e9,627,0.000014543601
0x04ea,627,0.000014543601
0x04eb,627,0.000014543601
0x04ee,627,0.000014543601
0x04f4,627,0.000014543601
0x04f6,627,0.000014543601
0x04f9,627,0.000014543601
0x04fb,3762,0.000087261604
0x04fd,3762,0.000087261604
0x04fe,3762,0.000087261604
0x0501,3762,0.000087261604
0x0502,3762,0.000087261604
0x0505,627,0.000014543601
0x0506,38,0.000000881430
0x0509,38,0.000000881430
0x050b,38,0.000000881430
0x050e,38,0.000000881430
0x0511,38,0.000000881430
0x0514,38,0.000000881430
0x0515,38,0.000000881430
0x0518,38,0.000000881430
0x051b,38,0.000000881430
0x051d,38,0.000000881430
0x0520,38,0.000000881430
0x0523,38,0.000000881430
0x0526,38,0.000000881430
0x0529,38,0.000000881430
0x052c,38,0.000000881430
0x052f,38,0.000000881430
0x0532,38,0.000000881430
0x0535,38,0.000000881430
0x0537,38,0.000000881430
0x053a,38,0.000000881430
0x053d,38,0.000000881430
0x0540,38,0.000000881430
0x0543,38,0.000000881430
0x0547,38,0.000000881430
0x054a,38,0.000000881430
0x054d,38,0.000000881430
0x054f,38,0.000000881430
0x0552,38,0.000000881430
0x0555,38,0.000000881430
0x0557,38,0.000000881430
0x055a,38,0.000000881430
0x0580,42,0.000000974212
0x0583,42,0.000000974212
0x0586,42,0.000000974212
0x0588,42,0.000000974212
0x0589,42,0.000000974212
0x058a,42,0.000000974212
0x058b,42,0.000000974212
0x058d,42,0.000000974212
0x0590,42,0.000000974212
0x0592,42,0.000000974212
0x0595,42,0.000000974212
0x05d8,219,0.000005079822
0x05d9,10348,0.000240027399
0x05da,10348,0.000240027399
0x05db,10348,0.000240027399
0x05dc,10348,0.000240027399
0x05df,219,0.000005079822
0x05e0,6374,0.000147848342
0x05e1,6374,0.000147848342
0x05e2,6374,0.000147848342
0x05e3,6374,0.000147848342
0x05e4,6374,0.000147848342
0x05e5,6374,0.000147848342
0x05e8,1516,0.000035164431
0x05ec,38,0.000000881430
0x05ef,38,0.000000881430
0x05f2,38,0.000000881430
0x05f4,38,0.000000881430
0x05f5,38,0.000000881430
0x05f6,38,0.000000881430
0x05f7,38,0.000000881430
0x05f8,38,0.000000881430
0x05f9,38,0.000000881430
0x05fa,227,0.000005265386
0x05fd,227,0.000005265386
0x0600,227,0.000005265386
0x0601,227,0.000005265386
0x0602,227,0.000005265386
0x0603,3445,0.000079908619
0x0604,3445,0.000079908619
0x0605,3445,0.000079908619
0x0606,3445,0.000079908619
0x0607,3445,0.000079908619
0x0608,3445,0.000079908619
0x0609,3445,0.000079908619
0x060a,3445,0.000079908619
0x060d,216,0.000005010236
0x0610,38,0.000000881430
0x0613,38,0.000000881430
0x0616,38,0.000000881430
0x0617,38,0.000000881430
0x0619,38,0.000000881430
0x061a,38,0.000000881430
0x061b,38,0.000000881430
0x061c,38,0.000000881430
0x061d,38,0.000000881430
0x061e,38,0.000000881430
0x061f,38,0.000000881430
0x0621,38,0.000000881430
0x0624,38,0.000000881430
0x0627,38,0.000000881430
0x0628,38,0.000000881430
0x0629,38,0.000000881430
0x062a,421,0.000009765320
0x062b,421,0.000009765320
0x062c,421,0.000009765320
0x062d,421,0.000009765320
0x062e,421,0.000009765320
0x062f,421,0.000009765320
0x0630,421,0.000009765320
0x0631,421,0.000009765320
0x0632,421,0.000009765320
0x0633,421,0.000009765320
0x0634,421,0.000009765320
0x0635,421,0.000009765320
0x0638,27,0.000000626279
0x0650,38,0.000000881430
0x0653,38,0.000000881430
0x0656,38,0.000000881430
0x0658,38,0.000000881430
0x0659,38,0.000000881430
0x065a,38,0.000000881430
0x065b,38,0.000000881430
0x065c,38,0.000000881430
0x065d,38,0.000000881430
0x065e,38,0.000000881430
0x0661,38,0.000000881430
0x0664,38,0.000000881430
0x0665,38,0.000000881430
0x0666,38,0.000000881430
0x0667,421,0.000009765320
0x0668,421,0.000009765320
0x0669,421,0.000009765320
0x066a,421,0.000009765320
0x066b,421,0.000009765320
0x066c,421,0.000009765320
0x066f,27,0.000000626279
0x067a,5282,0.000122518817
0x067d,5282,0.000122518817
0x067e,5282,0.000122518817
0x067f,5282,0.000122518817
0x0682,5282,0.000122518817
0x0684,5282,0.000122518817
0x0685,666,0.000015448226
0x0688,666,0.000015448226
0x068b,666,0.000015448226
0x068c,666,0.000015448226
0x068d,666,0.000015448226
0x068e,666,0.000015448226
0x068f,666,0.000015448226
0x0691,666,0.000015448226
0x0692,666,0.000015448226
0x0693,666,0.000015448226
0x0695,666,0.000015448226
0x0696,666,0.000015448226
0x0697,666,0.000015448226
0x0698,666,0.000015448226
0x0699,17340,0.000402210581
0x069a,17340,0.000402210581
0x069b,17340,0.000402210581
0x069c,17340,0.000402210581
0x069d,17340,0.000402210581
0x069e,17340,0.000402210581
0x069f,17340,0.000402210581
0x06a2,2664,0.000061792906
0x06a3,2664,0.000061792906
0x06a4,2664,0.000061792906
0x06a5,2664,0.000061792906
0x06a8,666,0.000015448226
0x06a9,666,0.000015448226
0x06ac,666,0.000015448226
0x06b0,4799,0.000111315374
0x06b3,4799,0.000111315374
0x06b6,4799,0.000111315374
0x06b7,4799,0.000111315374
0x06b8,4799,0.000111315374
0x06b9,31,0.000000719062
0x06ba,31,0.000000719062
0x06bb,31,0.000000719062
0x06bc,31,0.000000719062
0x06bd,31,0.000000719062
0x06be,31,0.000000719062
0x06bf,31,0.000000719062
0x06c0,31,0.000000719062
0x06c1,31,0.000000719062
0x06c2,31,0.000000719062
0x06c3,31,0.000000719062
0x06c4,31,0.000000719062
0x06c5,31,0.000000719062
0x06c8,31,0.000000719062
0x06ca,31,0.000000719062
0x06cb,31,0.000000719062
0x06cc,31,0.000000719062
0x06cd,31,0.000000719062
0x06cf,31,0.000000719062
0x06d0,31,0.000000719062
0x06d1,31,0.000000719062
0x06d2,31,0.000000719062
0x06d3,31,0.000000719062
0x06d4,31,0.000000719062
0x06d5,31,0.000000719062
0x06d7,31,0.000000719062
0x06d8,31,0.000000719062
0x06da,31,0.000000719062
0x06db,31,0.000000719062
0x06de,31,0.000000719062
0x06df,31,0.000000719062
0x06e1,31,0.000000719062
0x06e2,31,0.000000719062
0x06e3,31,0.000000719062
0x06e4,31,0.000000719062
0x06e7,31,0.000000719062
0x06e8,645,0.000014961120
0x06eb,645,0.000014961120
0x06ed,645,0.000014961120
0x06f0,4799,0.000111315374
0x06f3,4799,0.000111315374
0x06f6,4799,0.000111315374
0x0700,15056,0.000349231978
0x0703,15056,0.000349231978
0x0706,45168,0.001047695935
0x0709,45168,0.001047695935
0x070a,45168,0.001047695935
0x070c,45168,0.001047695935
0x070d,45168,0.001047695935
0x070f,45168,0.001047695935
0x0710,45168,0.001047695935
0x0711,45168,0.001047695935
0x0713,45168,0.001047695935
0x0716,15056,0.000349231978
0x0718,145778,0.003381398735
0x071b,145778,0.003381398735
0x0720,145778,0.003381398735
0x0721,145778,0.003381398735
0x0722,145778,0.003381398735
0x0724,145778,0.003381398735
0x0725,59572,0.001381804425
0x0726,59572,0.001381804425
0x0728,59572,0.001381804425
0x0729,59572,0.001381804425
0x072a,59572,0.001381804425
0x072b,59572,0.001381804425
0x072c,59572,0.001381804425
0x072e,59572,0.001381804425
0x0730,59572,0.001381804425
0x0731,59572,0.001381804425
0x0733,59572,0.001381804425
0x0734,59572,0.001381804425
0x0740,145778,0.003381398735
0x0741,145778,0.003381398735
0x0742,145778,0.003381398735
0x0744,145778,0.003381398735
0x0745,62745,0.001455403858
0x0746,62745,0.001455403858
0x0748,62745,0.001455403858
0x0749,62745,0.001455403858
0x074a,62745,0.001455403858
0x074b,62745,0.001455403858
0x074c,62745,0.001455403858
0x074d,62745,0.001455403858
0x074f,62745,0.001455403858
0x0750,62745,0.001455403858
0x0751,62745,0.001455403858
0x0752,62745,0.001455403858
0x0754,62745,0.001455403858
0x0755,62745,0.001455403858
0x0757,62745,0.001455403858
0x0758,62745,0.001455403858
0x0763,11343,0.000263106956
0x0764,11343,0.000263106956
0x0765,11343,0.000263106956
0x0766,11343,0.000263106956
0x0767,11343,0.000263106956
0x0768,11343,0.000263106956
0x0769,11343,0.000263106956
0x076a,11343,0.000263106956
0x076b,11343,0.000263106956
0x076d,14402,0.000334062098
0x076e,14402,0.000334062098
0x076f,14402,0.000334062098
0x0770,14402,0.000334062098
0x0771,14402,0.000334062098
0x0772,14402,0.000334062098
0x0773,14402,0.000334062098
0x0774,14402,0.000334062098
0x0775,14402,0.000334062098
0x0776,14402,0.000334062098
0x0779,26477,0.000614148186
0x077a,26477,0.000614148186
0x077b,26477,0.000614148186
0x077c,26477,0.000614148186
0x077d,26477,0.000614148186
0x077e,26477,0.000614148186
0x077f,26477,0.000614148186
0x0780,26477,0.000614148186
0x0783,26477,0.000614148186
0x0784,26477,0.000614148186
0x0785,26477,0.000614148186
0x0786,26477,0.000614148186
0x0788,26559,0.000616050220
0x0789,26559,0.000616050220
0x078a,26559,0.000616050220
0x078b,26559,0.000616050220
0x078c,26559,0.000616050220
0x078d,26559,0.000616050220
0x078e,26559,0.000616050220
0x078f,26559,0.000616050220
0x0790,26559,0.000616050220
0x0792,26559,0.000616050220
0x0793,26559,0.000616050220
0x0794,26559,0.000616050220
0x0795,26559,0.000616050220
0x0798,26559,0.000616050220
0x0799,26559,0.000616050220
0x079a,26559,0.000616050220
0x079b,26559,0.000616050220
0x079e,2644,0.000061328995
0x079f,2644,0.000061328995
0x07a0,2644,0.000061328995
0x07a1,2644,0.000061328995
0x07a2,2644,0.000061328995
0x07a3,2644,0.000061328995
0x07a4,2644,0.000061328995
0x07a5,2644,0.000061328995
0x07a6,2644,0.000061328995
0x07a7,2644,0.000061328995
0x07a8,2644,0.000061328995
0x07aa,2647,0.000061398582
0x07ab,2647,0.000061398582
0x07ac,2647,0.000061398582
0x07ad,2647,0.000061398582
0x07ae,2647,0.000061398582
0x07af,2647,0.000061398582
0x07b0,2647,0.000061398582
0x07b1,2647,0.000061398582
0x07b2,2647,0.000061398582
0x07b4,2647,0.000061398582
0x07b5,2647,0.000061398582
0x07b6,2647,0.000061398582
0x07b7,2647,0.000061398582
0x07b8,2647,0.000061398582
0x07b9,2647,0.000061398582
0x07ba,2647,0.000061398582
0x07bb,2647,0.000061398582
0x07be,19108,0.000443220287
0x07bf,19108,0.000443220287
0x07c0,19108,0.000443220287
0x07c1,19108,0.000443220287
0x07c2,19108,0.000443220287
0x07c3,19108,0.000443220287
0x07c4,19108,0.000443220287
0x07c5,19108,0.000443220287
0x07c6,19108,0.000443220287
0x07c7,19108,0.000443220287
0x07ca,19108,0.000443220287
0x07cb,19108,0.000443220287
0x07cc,19108,0.000443220287
0x07cd,19108,0.000443220287
0x07ce,19108,0.000443220287
0x07cf,19108,0.000443220287
0x07d2,19137,0.000443892958
0x07d3,19137,0.000443892958
0x07d4,19137,0.000443892958
0x07d5,19137,0.000443892958
0x07d6,19137,0.000443892958
0x07d7,19137,0.000443892958
0x07d8,19137,0.000443892958
0x07d9,19137,0.000443892958
0x07da,19137,0.000443892958
0x07dc,19168,0.000444612019
0x07dd,19168,0.000444612019
0x07de,19168,0.000444612019
0x07df,19168,0.000444612019
0x07e0,19168,0.000444612019
0x07e1,19168,0.000444612019
0x07e2,19168,0.000444612019
0x07e3,19168,0.000444612019
0x07e4,19168,0.000444612019
0x07e7,19168,0.000444612019
0x07e8,19168,0.000444612019
0x07e9,19168,0.000444612019
0x07ea,19168,0.000444612019
0x07eb,19168,0.000444612019
0x07ec,19168,0.000444612019
0x07ed,19168,0.000444612019
0x07ee,19168,0.000444612019
0x07f0,6,0.000000139173
0x07f3,6,0.000000139173
0x07f6,6,0.000000139173
0x07f9,6,0.000000139173
0x0800,17215,0.000399311139
0x0803,17215,0.000399311139
0x0806,17215,0.000399311139
0x0807,17215,0.000399311139
0x0809,17215,0.000399311139
0x080a,17215,0.000399311139
0x080b,17215,0.000399311139
0x080c,17215,0.000399311139
0x080d,17215,0.000399311139
0x080e,17215,0.000399311139
0x080f,17215,0.000399311139
0x0834,1372,0.000031824274
0x0837,1372,0.000031824274
0x083a,1372,0.000031824274
0x083b,1372,0.000031824274
0x083c,1372,0.000031824274
0x083e,1372,0.000031824274
0x083f,189,0.000004383956
0x0842,189,0.000004383956
0x0845,189,0.000004383956
0x0848,473,0.000010971488
0x084b,473,0.000010971488
0x084c,473,0.000010971488
0x084d,473,0.000010971488
0x084e,13,0.000000301542
0x0850,13,0.000000301542
0x0851,13,0.000000301542
0x0853,13,0.000000301542
0x0855,13,0.000000301542
0x085a,189,0.000004383956
0x085d,189,0.000004383956
0x085f,189,0.000004383956
0x0860,153,0.000003548917
0x0862,153,0.000003548917
0x0864,153,0.000003548917
0x0865,117,0.000002713878
0x0867,117,0.000002713878
0x0869,117,0.000002713878
0x086a,81,0.000001878838
0x086c,81,0.000001878838
0x086e,81,0.000001878838
0x086f,45,0.000001043799
0x0871,45,0.000001043799
0x0876,15056,0.000349231978
0x0879,15056,0.000349231978
0x087c,15056,0.000349231978
0x087f,15056,0.000349231978
0x0882,15056,0.000349231978
0x0885,15056,0.000349231978
0x0886,15056,0.000349231978
0x0889,15056,0.000349231978
0x088b,82798,0.001920543926
0x088c,82798,0.001920543926
0x088d,82798,0.001920543926
0x088e,82798,0.001920543926
0x088f,82798,0.001920543926
0x0890,82798,0.001920543926
0x0891,82798,0.001920543926
0x0892,82798,0.001920543926
0x0893,82798,0.001920543926
0x0894,82798,0.001920543926
0x0897,22582,0.000523801577
0x08a0,15056,0.000349231978
0x08a3,15056,0.000349231978
0x08a6,15056,0.000349231978
0x08a9,15056,0.000349231978
0x08ac,15056,0.000349231978
0x08ae,15056,0.000349231978
0x08b0,15056,0.000349231978
0x08b1,1280,0.000029690285
0x08b4,1280,0.000029690285
0x08b7,1280,0.000029690285
0x08c4,15056,0.000349231978
0x08c7,15056,0.000349231978
0x08c8,15056,0.000349231978
0x08ca,15056,0.000349231978
0x08cd,14746,0.000342041363
0x08cf,14746,0.000342041363
0x08d0,14746,0.000342041363
0x08d1,14746,0.000342041363
0x08d4,13960,0.000323809672
0x08d6,13960,0.000323809672
0x08d9,13960,0.000323809672
0x08dc,5,0.000000115978
0x08de,5,0.000000115978
0x08e0,5,0.000000115978
0x08e2,5,0.000000115978
0x08e3,5,0.000000115978
0x08e5,5,0.000000115978
0x08e6,5,0.000000115978
0x08e8,5,0.000000115978
0x08ea,791,0.000018347668
0x08eb,14746,0.000342041363
0x08ed,14746,0.000342041363
0x08f0,14746,0.000342041363
0x08f3,14746,0.000342041363
0x0900,14746,0.000342041363
0x0903,14746,0.000342041363
0x0904,14746,0.000342041363
0x0906,14746,0.000342041363
0x0907,10566,0.000245084025
0x0909,10566,0.000245084025
0x090c,5406,0.000125395063
0x090d,5406,0.000125395063
0x090f,5406,0.000125395063
0x0910,5210,0.000120848739
0x0911,5210,0.000120848739
0x0913,5210,0.000120848739
0x0916,5210,0.000120848739
0x0917,5160,0.000119688962
0x0918,5160,0.000119688962
0x091a,5160,0.000119688962
0x091b,5160,0.000119688962
0x091c,5160,0.000119688962
0x091e,5160,0.000119688962
0x0921,5160,0.000119688962
0x0926,15121,0.000350739688
0x0927,15121,0.000350739688
0x0929,15121,0.000350739688
0x092a,15121,0.000350739688
0x092b,15121,0.000350739688
0x092c,15121,0.000350739688
0x092d,15121,0.000350739688
0x092e,15121,0.000350739688
0x0930,16336,0.000378922264
0x0931,16336,0.000378922264
0x0933,16336,0.000378922264
0x0936,10535,0.000244364964
0x0937,10535,0.000244364964
0x0939,10535,0.000244364964
0x093c,10535,0.000244364964
0x093d,375,0.000008698326
0x093e,375,0.000008698326
0x0940,375,0.000008698326
0x0941,375,0.000008698326
0x0942,375,0.000008698326
0x0944,375,0.000008698326
0x0945,375,0.000008698326
0x0946,375,0.000008698326
0x0947,375,0.000008698326
0x094a,375,0.000008698326
0x094c,375,0.000008698326
0x094d,375,0.000008698326
0x094e,375,0.000008698326
0x0951,375,0.000008698326
0x0953,375,0.000008698326
0x0954,375,0.000008698326
0x0955,375,0.000008698326
0x0956,375,0.000008698326
0x0959,375,0.000008698326
0x095c,375,0.000008698326
0x095e,375,0.000008698326
0x0961,375,0.000008698326
0x0964,5801,0.000134557300
0x0965,5801,0.000134557300
0x0966,5801,0.000134557300
0x0967,5801,0.000134557300
0x0968,5801,0.000134557300
0x096a,5801,0.000134557300
0x096b,5801,0.000134557300
0x096d,5801,0.000134557300
0x096e,307,0.000007121029
0x096f,307,0.000007121029
0x0970,307,0.000007121029
0x0971,307,0.000007121029
0x0972,307,0.000007121029
0x0974,307,0.000007121029
0x0975,307,0.000007121029
0x097a,15056,0.000349231978
0x097d,15056,0.000349231978
0x097e,15056,0.000349231978
0x0980,15056,0.000349231978
0x0981,15056,0.000349231978
0x0984,15056,0.000349231978
0x0985,15056,0.000349231978
0x0986,15056,0.000349231978
0x0987,15056,0.000349231978
0x0988,15056,0.000349231978
0x098b,15056,0.000349231978
0x098c,15056,0.000349231978
0x098d,15056,0.000349231978
0x098e,15056,0.000349231978
0x0991,15056,0.000349231978
0x09a0,15094,0.000350113409
0x09a3,15094,0.000350113409
0x09a6,45282,0.001050340226
0x09a9,45282,0.001050340226
0x09aa,45282,0.001050340226
0x09ab,45282,0.001050340226
0x09ac,45282,0.001050340226
0x09ad,45282,0.001050340226
0x09ae,45282,0.001050340226
0x09af,45282,0.001050340226
0x09b0,45282,0.001050340226
0x09b2,45282,0.001050340226
0x09b5,15094,0.000350113409
0x09ba,116879,0.002711070962
0x09bd,116879,0.002711070962
0x09be,116879,0.002711070962
0x09c0,116879,0.002711070962
0x09c1,116879,0.002711070962
0x09c2,116879,0.002711070962
0x09c3,116879,0.002711070962
0x09c4,116879,0.002711070962
0x09c5,116879,0.002711070962
0x09c6,116879,0.002711070962
0x09c7,116879,0.002711070962
0x09c8,116879,0.002711070962
0x09c9,116879,0.002711070962
0x09ca,116879,0.002711070962
0x09cc,116879,0.002711070962
0x09cd,116879,0.002711070962
0x09ce,116879,0.002711070962
0x09cf,116879,0.002711070962
0x09d0,116879,0.002711070962
0x09d1,116879,0.002711070962
0x0a50,3149,0.000073042740
0x0a53,3149,0.000073042740
0x0a56,62980,0.001460854809
0x0a57,62980,0.001460854809
0x0a5a,62980,0.001460854809
0x0a5b,62980,0.001460854809
0x0a5c,62980,0.001460854809
0x0a5e,62980,0.001460854809
0x0a5f,62980,0.001460854809
0x0a61,62980,0.001460854809
0x0a62,62980,0.001460854809
0x0a63,62980,0.001460854809
0x0a64,62980,0.001460854809
0x0a67,3149,0.000073042740
0x0a6c,2993,0.000069424237
0x0a6f,2993,0.000069424237
0x0a72,59860,0.001388484739
0x0a73,59860,0.001388484739
0x0a74,59860,0.001388484739
0x0a75,59860,0.001388484739
0x0a77,59860,0.001388484739
0x0a7a,33967,0.000787882745
0x0a7b,33967,0.000787882745
0x0a7c,33967,0.000787882745
0x0a7d,33967,0.000787882745
0x0a7e,33967,0.000787882745
0x0a7f,33967,0.000787882745
0x0a80,33967,0.000787882745
0x0a81,33967,0.000787882745
0x0a82,33967,0.000787882745
0x0a83,33967,0.000787882745
0x0a84,33967,0.000787882745
0x0a85,33967,0.000787882745
0x0a86,33967,0.000787882745
0x0a87,33967,0.000787882745
0x0a8a,59860,0.001388484739
0x0a8b,59860,0.001388484739
0x0a8c,59860,0.001388484739
0x0a8d,59860,0.001388484739
0x0a8f,59860,0.001388484739
0x0a90,59860,0.001388484739
0x0a91,59860,0.001388484739
0x0a93,59860,0.001388484739
0x0a94,59860,0.001388484739
0x0a96,59860,0.001388484739
0x0a99,2993,0.000069424237
0x0aa0,310,0.000007190616
0x0aa2,310,0.000007190616
0x0aa3,310,0.000007190616
0x0aa4,310,0.000007190616
0x0aa5,310,0.000007190616
0x0aa8,310,0.000007190616
0x0aa9,310,0.000007190616
0x0aac,310,0.000007190616
0x0aae,310,0.000007190616
0x0aaf,310,0.000007190616
0x0ab0,310,0.000007190616
0x0ab3,310,0.000007190616
0x0ab5,310,0.000007190616
0x0ab8,305,0.000007074638
0x0abb,305,0.000007074638
0x0abd,305,0.000007074638
0x0abe,305,0.000007074638
0x0abf,305,0.000007074638
0x0ac0,305,0.000007074638
0x0ac1,305,0.000007074638
0x0ad6,6670,0.000154714220
0x0ad7,6670,0.000154714220
0x0ad8,26680,0.000618856880
0x0ad9,26680,0.000618856880
0x0ada,26680,0.000618856880
0x0adb,26680,0.000618856880
0x0adc,26680,0.000618856880
0x0add,26680,0.000618856880
0x0ae0,6670,0.000154714220
0x0ae1,6670,0.000154714220
0x0ae2,6670,0.000154714220
0x0ae5,6670,0.000154714220
0x0ae6,6670,0.000154714220
0x0ae9,2833,0.000065712951
0x0aea,1152,0.000026721257
0x0aed,1152,0.000026721257
0x0aee,1152,0.000026721257
0x0af0,1152,0.000026721257
0x0af1,1152,0.000026721257
0x0af4,1152,0.000026721257
0x0af6,1152,0.000026721257
0x0af7,1152,0.000026721257
0x0af8,1152,0.000026721257
0x0af9,1152,0.000026721257
0x0afc,1152,0.000026721257
0x0afd,1152,0.000026721257
0x0afe,1152,0.000026721257
0x0b00,1152,0.000026721257
0x0b01,1152,0.000026721257
0x0b02,1152,0.000026721257
0x0b05,1140,0.000026442910
0x0b07,1140,0.000026442910
0x0b0a,768,0.000017814171
0x0b0d,756,0.000017535825
0x0b15,12,0.000000278346
0x0b16,12,0.000000278346
0x0b18,12,0.000000278346
0x0b19,12,0.000000278346
0x0b1a,12,0.000000278346
0x0b1c,12,0.000000278346
0x0b1d,12,0.000000278346
0x0b1e,12,0.000000278346
0x0b1f,12,0.000000278346
0x0b20,3,0.000000069587
0x0b21,3,0.000000069587
0x0b22,3,0.000000069587
0x0b25,3,0.000000069587
0x0b26,3,0.000000069587
0x0b27,3,0.000000069587
0x0b28,3,0.000000069587
0x0b29,2,0.000000046391
0x0b2b,2,0.000000046391
0x0b2d,2,0.000000046391
0x0b48,5,0.000000115978
0x0b4b,5,0.000000115978
0x0b4e,5,0.000000115978
0x0b50,5,0.000000115978
0x0b51,5,0.000000115978
0x0b53,5,0.000000115978
0x0b54,5,0.000000115978
0x0b55,5,0.000000115978
0x0b57,5,0.000000115978
0x0b59,5,0.000000115978
0x0b5a,5,0.000000115978
0x0b60,1034,0.000023984183
0x0b63,1034,0.000023984183
0x0b64,1034,0.000023984183
0x0b65,1034,0.000023984183
0x0b67,1034,0.000023984183
0x0b6a,1027,0.000023821815
0x0b6d,1027,0.000023821815
0x0b6f,1027,0.000023821815
0x0b71,1027,0.000023821815
0x0b74,4,0.000000092782
0x0b77,4,0.000000092782
0x0b79,4,0.000000092782
0x0b7b,4,0.000000092782
0x0b7c,4,0.000000092782
0x0b7d,4,0.000000092782
0x0b7e,4,0.000000092782
0x0b7f,4,0.000000092782
0x0b80,4,0.000000092782
0x0b82,4,0.000000092782
0x0b83,4,0.000000092782
0x0b84,4,0.000000092782
0x0b85,4,0.000000092782
0x0b87,4,0.000000092782
0x0b88,4,0.000000092782
0x0b89,4,0.000000092782
0x0b8a,4,0.000000092782
0x0b8b,4,0.000000092782
0x0b95,1023,0.000023729033
0x0b98,1023,0.000023729033
0x0b9b,1023,0.000023729033
0x0ba0,372,0.000008628739
0x0ba3,372,0.000008628739
0x0ba4,372,0.000008628739
0x0ba6,372,0.000008628739
0x0ba8,372,0.000008628739
0x0ba9,248,0.000005752493
0x0bab,248,0.000005752493
0x0bac,124,0.000002876246
0x0bad,124,0.000002876246
0x0bae,124,0.000002876246
0x0baf,124,0.000002876246
0x0bb2,124,0.000002876246
0x0bba,756,0.000017535825
0x0bbb,756,0.000017535825
0x0bbc,756,0.000017535825
0x0bbf,384,0.000008907086
0x0bc0,384,0.000008907086
0x0bc1,384,0.000008907086
0x0bc4,192,0.000004453543
0x0bca,4,0.000000092782
0x0bcd,4,0.000000092782
0x0bd0,4,0.000000092782
0x0bd2,4,0.000000092782
0x0bd3,4,0.000000092782
0x0bd4,4,0.000000092782
0x0bd6,4,0.000000092782
0x0bd9,4,0.000000092782
0x0bdc,4,0.000000092782
0x0bdf,4,0.000000092782
0x0be2,4,0.000000092782
0x0be5,4,0.000000092782
0x0be8,4,0.000000092782
0x0beb,4,0.000000092782
0x0bee,4,0.000000092782
0x0bf1,4,0.000000092782
0x0c00,11,0.000000255151
0x0c01,11,0.000000255151
0x0c02,11,0.000000255151
0x0c04,11,0.000000255151
0x0c05,11,0.000000255151
0x0c07,11,0.000000255151
0x0c08,11,0.000000255151
0x0c09,11,0.000000255151
0x0c0a,11,0.000000255151
0x0c0b,11,0.000000255151
0x0c0c,11,0.000000255151
0x0c0f,11,0.000000255151
0x0c10,11,0.000000255151
0x0c11,11,0.000000255151
0x0c13,11,0.000000255151
0x0c16,9,0.000000208760
0x0c18,9,0.000000208760
0x0c1b,3,0.000000069587
0x0c1e,3,0.000000069587
0x0c20,3,0.000000069587
0x0c23,3,0.000000069587
0x0c40,7526,0.000174569598
0x0c43,7526,0.000174569598
0x0c45,7526,0.000174569598
0x0c48,7526,0.000174569598
0x0c4b,7526,0.000174569598
0x0c4e,7526,0.000174569598
0x0c51,7526,0.000174569598
0x0c56,7526,0.000174569598
0x0c59,37630,0.000872847991
0x0c5a,37630,0.000872847991
0x0c5d,37630,0.000872847991
0x0c5e,37630,0.000872847991
0x0c5f,37630,0.000872847991
0x0c61,37630,0.000872847991
0x0c62,37630,0.000872847991
0x0c64,37630,0.000872847991
0x0c67,7526,0.000174569598
0x0c6b,7526,0.000174569598
0x0c6e,7526,0.000174569598
0x0c71,37630,0.000872847991
0x0c74,37630,0.000872847991
0x0c75,37630,0.000872847991
0x0c76,37630,0.000872847991
0x0c77,37630,0.000872847991
0x0c78,37630,0.000872847991
0x0c79,37630,0.000872847991
0x0c7a,37630,0.000872847991
0x0c7b,37630,0.000872847991
0x0c7d,37630,0.000872847991
0x0c80,7526,0.000174569598
0x0c84,37630,0.000872847991
0x0c85,37630,0.000872847991
0x0c87,37630,0.000872847991
0x0c88,5741,0.000133165568
0x0c89,5741,0.000133165568
0x0c8a,5741,0.000133165568
0x0c8b,5741,0.000133165568
0x0c8c,5741,0.000133165568
0x0c8e,5741,0.000133165568
0x0c8f,5741,0.000133165568
0x0c90,5741,0.000133165568
0x0c91,5741,0.000133165568
0x0c92,5741,0.000133165568
0x0c94,5741,0.000133165568
0x0c95,5741,0.000133165568
0x0c97,5741,0.000133165568
0x0c9a,5586,0.000129570260
0x0c9b,5586,0.000129570260
0x0c9e,5586,0.000129570260
0x0c9f,5586,0.000129570260
0x0ca0,5586,0.000129570260
0x0ca2,5586,0.000129570260
0x0ca3,5586,0.000129570260
0x0ca4,5586,0.000129570260
0x0ca5,5586,0.000129570260
0x0ca6,5586,0.000129570260
0x0ca7,5586,0.000129570260
0x0ca8,5586,0.000129570260
0x0ca9,5586,0.000129570260
0x0caa,5586,0.000129570260
0x0cac,5586,0.000129570260
0x0caf,5577,0.000129361500
0x0cb4,5586,0.000129570260
0x0cb6,5586,0.000129570260
0x0cb7,1251,0.000029017615
0x0cb9,1251,0.000029017615
0x0cba,631,0.000014636383
0x0cbd,631,0.000014636383
0x0cbe,631,0.000014636383
0x0cbf,219,0.000005079822
0x0cc2,219,0.000005079822
0x0cc3,219,0.000005079822
0x0cc4,12,0.000000278346
0x0cc6,12,0.000000278346
0x0cc9,12,0.000000278346
0x0ccb,12,0.000000278346
0x0cce,12,0.000000278346
0x0cd0,12,0.000000278346
0x0cd3,12,0.000000278346
0x0cd8,7526,0.000174569598
0x0cdb,7526,0.000174569598
0x0cde,37630,0.000872847991
0x0cdf,37630,0.000872847991
0x0ce2,37630,0.000872847991
0x0ce3,37630,0.000872847991
0x0ce4,37630,0.000872847991
0x0ce6,37630,0.000872847991
0x0ce7,37630,0.000872847991
0x0ce9,37630,0.000872847991
0x0cea,37630,0.000872847991
0x0ceb,37630,0.000872847991
0x0cec,37630,0.000872847991
0x0cef,7526,0.000174569598
0x0cf4,5,0.000000115978
0x0cf5,5,0.000000115978
0x0cf6,5,0.000000115978
0x0d1c,2956,0.000068566002
0x0d1f,2956,0.000068566002
0x0d22,47296,0.001097056034
0x0d25,47296,0.001097056034
0x0d26,47296,0.001097056034
0x0d27,47296,0.001097056034
0x0d28,47296,0.001097056034
0x0d2a,47296,0.001097056034
0x0d2b,47296,0.001097056034
0x0d2e,2956,0.000068566002
0x0d30,47296,0.001097056034
0x0d31,47296,0.001097056034
0x0d32,47296,0.001097056034
0x0d33,47296,0.001097056034
0x0d34,47296,0.001097056034
0x0d35,47296,0.001097056034
0x0d37,47296,0.001097056034
0x0d38,33541,0.000778001447
0x0d39,33541,0.000778001447
0x0d3a,33541,0.000778001447
0x0d3b,33541,0.000778001447
0x0d3c,33541,0.000778001447
0x0d3e,33541,0.000778001447
0x0d3f,33541,0.000778001447
0x0d41,33541,0.000778001447
0x0d42,33541,0.000778001447
0x0d43,33541,0.000778001447
0x0d46,30813,0.000714724027
0x0d47,30813,0.000714724027
0x0d48,30813,0.000714724027
0x0d4b,4405,0.000102176333
0x0d4c,4405,0.000102176333
0x0d4d,4405,0.000102176333
0x0d4e,4405,0.000102176333
0x0d4f,7133,0.000165453753
0x0d50,7133,0.000165453753
0x0d51,7133,0.000165453753
0x0d52,7133,0.000165453753
0x0d53,7133,0.000165453753
0x0d54,7133,0.000165453753
0x0d55,7133,0.000165453753
0x0d57,7133,0.000165453753
0x0d58,7133,0.000165453753
0x0d59,2933,0.000068032505
0x0d5a,2933,0.000068032505
0x0d5e,26408,0.000612547694
0x0d5f,26408,0.000612547694
0x0d60,26408,0.000612547694
0x0d61,26408,0.000612547694
0x0d62,26408,0.000612547694
0x0d64,26408,0.000612547694
0x0d65,26408,0.000612547694
0x0d66,4009,0.000092990901
0x0d67,4009,0.000092990901
0x0d70,2955,0.000068542807
0x0d73,2955,0.000068542807
0x0d76,47280,0.001096684906
0x0d79,47280,0.001096684906
0x0d7a,47280,0.001096684906
0x0d7c,47280,0.001096684906
0x0d7d,47280,0.001096684906
0x0d7f,47280,0.001096684906
0x0d80,47280,0.001096684906
0x0d83,2955,0.000068542807
0x0d86,47280,0.001096684906
0x0d87,47280,0.001096684906
0x0d88,47280,0.001096684906
0x0d89,47280,0.001096684906
0x0d8a,47280,0.001096684906
0x0d8b,47280,0.001096684906
0x0d8d,47280,0.001096684906
0x0d8e,33525,0.000777630319
0x0d8f,33525,0.000777630319
0x0d90,33525,0.000777630319
0x0d91,33525,0.000777630319
0x0d94,33525,0.000777630319
0x0d95,33525,0.000777630319
0x0d96,33525,0.000777630319
0x0d97,33525,0.000777630319
0x0d99,33525,0.000777630319
0x0d9a,33525,0.000777630319
0x0d9c,33525,0.000777630319
0x0d9d,33525,0.000777630319
0x0d9f,33525,0.000777630319
0x0da0,33525,0.000777630319
0x0da1,33525,0.000777630319
0x0da2,33525,0.000777630319
0x0da3,33525,0.000777630319
0x0da4,33525,0.000777630319
0x0da5,33525,0.000777630319
0x0da6,33525,0.000777630319
0x0da7,33525,0.000777630319
0x0da8,33525,0.000777630319
0x0dab,31004,0.000719154374
0x0dac,31004,0.000719154374
0x0daf,4525,0.000104959797
0x0db0,4525,0.000104959797
0x0db1,4525,0.000104959797
0x0db3,4525,0.000104959797
0x0db4,4525,0.000104959797
0x0db5,4525,0.000104959797
0x0dbb,2521,0.000058475944
0x0dbc,2521,0.000058475944
0x0dbd,2521,0.000058475944
0x0dbf,2521,0.000058475944
0x0dc0,2521,0.000058475944
0x0dc1,2521,0.000058475944
0x0dc2,2521,0.000058475944
0x0dc3,2521,0.000058475944
0x0dc5,2521,0.000058475944
0x0dc6,2521,0.000058475944
0x0dcc,26479,0.000614194577
0x0dcd,26479,0.000614194577
0x0dce,26479,0.000614194577
0x0dcf,26479,0.000614194577
0x0dd1,26479,0.000614194577
0x0dd2,33525,0.000777630319
0x0dd3,33525,0.000777630319
0x0dd5,33525,0.000777630319
0x0dd6,33525,0.000777630319
0x0dd7,33525,0.000777630319
0x0dd8,33525,0.000777630319
0x0dd9,33525,0.000777630319
0x0dda,33525,0.000777630319
0x0dde,162,0.000003757677
0x0ddf,162,0.000003757677
0x0de0,162,0.000003757677
0x0de3,162,0.000003757677
0x0de4,162,0.000003757677
0x0de5,162,0.000003757677
0x0de6,162,0.000003757677
0x0de9,162,0.000003757677
0x0dea,162,0.000003757677
0x0deb,162,0.000003757677
0x0dec,162,0.000003757677
0x0ded,162,0.000003757677
0x0df0,10828,0.000251161255
0x0df3,10828,0.000251161255
0x0df6,10828,0.000251161255
0x0df9,10828,0.000251161255
0x0dfc,10828,0.000251161255
0x0dff,10828,0.000251161255
0x0e10,21656,0.000502322511
0x0e11,21656,0.000502322511
0x0e13,21656,0.000502322511
0x0e14,3999,0.000092758945
0x0e15,3999,0.000092758945
0x0e16,3999,0.000092758945
0x0e17,3999,0.000092758945
0x0e18,3999,0.000092758945
0x0e1a,3999,0.000092758945
0x0e1b,3999,0.000092758945
0x0e1d,3999,0.000092758945
0x0e1e,78,0.000001809252
0x0e20,78,0.000001809252
0x0e23,55,0.000001275754
0x0e25,55,0.000001275754
0x0e26,55,0.000001275754
0x0e27,55,0.000001275754
0x0e29,55,0.000001275754
0x0e2a,55,0.000001275754
0x0e2c,55,0.000001275754
0x0e2d,55,0.000001275754
0x0e2e,55,0.000001275754
0x0e2f,55,0.000001275754
0x0e31,55,0.000001275754
0x0e32,55,0.000001275754
0x0e33,48,0.000001113386
0x0e34,48,0.000001113386
0x0e35,48,0.000001113386
0x0e36,42,0.000000974212
0x0e39,23,0.000000533497
0x0e3a,23,0.000000533497
0x0e3b,23,0.000000533497
0x0e3c,23,0.000000533497
0x0e3d,23,0.000000533497
0x0e3e,23,0.000000533497
0x0e3f,23,0.000000533497
0x0e41,23,0.000000533497
0x0e42,23,0.000000533497
0x0e45,270,0.000006262795
0x0e46,270,0.000006262795
0x0e47,270,0.000006262795
0x0e48,270,0.000006262795
0x0e4a,270,0.000006262795
0x0e4d,259,0.000006007644
0x0e4e,259,0.000006007644
0x0e4f,259,0.000006007644
0x0e51,259,0.000006007644
0x0e52,259,0.000006007644
0x0e55,12,0.000000278346
0x0e58,161,0.000003734481
0x0e59,161,0.000003734481
0x0e5a,161,0.000003734481
0x0e5b,69,0.000001600492
0x0e5c,69,0.000001600492
0x0e5e,69,0.000001600492
0x0e5f,69,0.000001600492
0x0e60,26,0.000000603084
0x0e61,26,0.000000603084
0x0e62,26,0.000000603084
0x0e63,26,0.000000603084
0x0e65,26,0.000000603084
0x0e66,26,0.000000603084
0x0e67,11,0.000000255151
0x0e69,11,0.000000255151
0x0e6a,11,0.000000255151
0x0e6b,11,0.000000255151
0x0e70,42,0.000000974212
0x0e71,42,0.000000974212
0x0e72,42,0.000000974212
0x0e74,42,0.000000974212
0x0e75,42,0.000000974212
0x0e76,42,0.000000974212
0x0e77,42,0.000000974212
0x0e78,42,0.000000974212
0x0e7a,42,0.000000974212
0x0e7b,42,0.000000974212
0x0e7e,300,0.000006958661
0x0e7f,300,0.000006958661
0x0e80,300,0.000006958661
0x0e81,300,0.000006958661
0x0e83,300,0.000006958661
0x0e86,258,0.000005984448
0x0e87,258,0.000005984448
0x0e88,258,0.000005984448
0x0e8a,258,0.000005984448
0x0e8b,258,0.000005984448
0x0e90,198,0.000004592716
0x0e91,198,0.000004592716
0x0e93,198,0.000004592716
0x0e94,198,0.000004592716
0x0e95,96,0.000002226771
0x0e97,96,0.000002226771
0x0e98,96,0.000002226771
0x0e99,56,0.000001298950
0x0e9a,56,0.000001298950
0x0e9b,56,0.000001298950
0x0e9c,56,0.000001298950
0x0e9e,56,0.000001298950
0x0e9f,56,0.000001298950
0x0ea0,42,0.000000974212
0x0ea3,42,0.000000974212
0x0ea4,53,0.000001229363
0x0ea5,53,0.000001229363
0x0ea6,53,0.000001229363
0x0ea7,53,0.000001229363
0x0ea8,53,0.000001229363
0x0ea9,53,0.000001229363
0x0eaa,53,0.000001229363
0x0eac,53,0.000001229363
0x0ead,57,0.000001322146
0x0eae,57,0.000001322146
0x0eb0,57,0.000001322146
0x0eb1,57,0.000001322146
0x0eb2,57,0.000001322146
0x0eb4,57,0.000001322146
0x0eb5,57,0.000001322146
0x0eb6,57,0.000001322146
0x0eb7,57,0.000001322146
0x0eb8,57,0.000001322146
0x0ebb,57,0.000001322146
0x0ebc,57,0.000001322146
0x0ebe,57,0.000001322146
0x0ec1,54,0.000001252559
0x0ec3,57,0.000001322146
0x0ec4,57,0.000001322146
0x0ec5,57,0.000001322146
0x0ed5,57,0.000001322146
0x0ed6,57,0.000001322146
0x0ed7,57,0.000001322146
0x0ed8,57,0.000001322146
0x0ed9,57,0.000001322146
0x0eda,57,0.000001322146
0x0edb,57,0.000001322146
0x0edc,57,0.000001322146
0x0ede,57,0.000001322146
0x0ee0,57,0.000001322146
0x0ee2,57,0.000001322146
0x0ee3,57,0.000001322146
0x0ee4,57,0.000001322146
0x0ee5,57,0.000001322146
0x0f00,2960,0.000068658784
0x0f03,2960,0.000068658784
0x0f04,2960,0.000068658784
0x0f06,2960,0.000068658784
0x0f09,2960,0.000068658784
0x0f0b,2960,0.000068658784
0x0f0c,2960,0.000068658784
0x0f0d,2960,0.000068658784
0x0f0e,2960,0.000068658784
0x0f11,2960,0.000068658784
0x0f14,2960,0.000068658784
0x0f15,5,0.000000115978
0x0f16,5,0.000000115978
0x0f17,5,0.000000115978
0x0f1a,5,0.000000115978
0x0f1b,5,0.000000115978
0x0f1d,5,0.000000115978
0x0f1e,5,0.000000115978
0x0f1f,5,0.000000115978
0x0f20,5,0.000000115978
0x0f23,37,0.000000858235
0x0f24,37,0.000000858235
0x0f25,37,0.000000858235
0x0f26,37,0.000000858235
0x0f28,37,0.000000858235
0x0f2b,33,0.000000765453
0x0f2c,33,0.000000765453
0x0f2d,33,0.000000765453
0x0f2f,33,0.000000765453
0x0f30,33,0.000000765453
0x0f33,1,0.000000023196
0x0f38,28,0.000000649475
0x0f39,28,0.000000649475
0x0f3a,28,0.000000649475
0x0f3b,28,0.000000649475
0x0f3d,28,0.000000649475
0x0f3e,6,0.000000139173
0x0f40,6,0.000000139173
0x0f41,6,0.000000139173
0x0f42,6,0.000000139173
0x0f43,6,0.000000139173
0x0f44,4,0.000000092782
0x0f45,4,0.000000092782
0x0f46,4,0.000000092782
0x0f49,4,0.000000092782
0x0f4c,4,0.000000092782
0x0f4d,4,0.000000092782
0x0f4e,4,0.000000092782
0x0f56,5917,0.000137247982
0x0f57,5917,0.000137247982
0x0f58,11829,0.000274379986
0x0f59,11829,0.000274379986
0x0f5b,11829,0.000274379986
0x0f5e,5,0.000000115978
0x0f60,5,0.000000115978
0x0f63,11824,0.000274264009
0x0f64,11824,0.000274264009
0x0f65,11824,0.000274264009
0x0f68,5912,0.000137132004
0x0f69,5912,0.000137132004
0x0f6a,5912,0.000137132004
0x0f6d,5912,0.000137132004
0x0f6e,5912,0.000137132004
0x0f71,2955,0.000068542807
0x0fc0,7899,0.000183221533
0x0fc3,7899,0.000183221533
0x0fc6,7899,0.000183221533
0x0fc9,7899,0.000183221533
0x0fcc,7899,0.000183221533
0x0fcf,7899,0.000183221533
0x0fd2,7899,0.000183221533
0x0fd5,7899,0.000183221533
0x0fd8,15798,0.000366443066
0x0fd9,15798,0.000366443066
0x0fda,15798,0.000366443066
0x0fdb,849,0.000019693009
0x0fdc,849,0.000019693009
0x0fdd,849,0.000019693009
0x0fde,849,0.000019693009
0x0fdf,849,0.000019693009
0x0fe0,849,0.000019693009
0x0fe1,849,0.000019693009
0x0fe2,849,0.000019693009
0x0fe3,849,0.000019693009
0x0fe6,849,0.000019693009
0x0fe7,849,0.000019693009
0x0fe9,849,0.000019693009
0x0fea,849,0.000019693009
0x0fec,849,0.000019693009
0x0fed,849,0.000019693009
0x0fef,849,0.000019693009
0x0ff0,849,0.000019693009
0x0ff1,849,0.000019693009
0x0ff4,849,0.000019693009
0x14e0,1858,0.000043097304
0x14e1,1858,0.000043097304
0x14e4,1858,0.000043097304
0x14e6,1858,0.000043097304
0x17e0,16910,0.000392236501
0x17e3,16910,0.000392236501
0x17e5,16910,0.000392236501
0x17e8,16910,0.000392236501
0x1df0,1023,0.000023729033
0x1df3,1023,0.000023729033
0x1df5,1023,0.000023729033
0x1ee0,528,0.000012247243
0x1ee3,528,0.000012247243
0x1ee6,13728,0.000318428308
0x1ee7,13728,0.000318428308
0x1ee8,13728,0.000318428308
0x1ee9,13728,0.000318428308
0x1eec,13728,0.000318428308
0x1eed,13728,0.000318428308
0x1ef0,528,0.000012247243
0x1ef1,528,0.000012247243
0x1ef2,528,0.000012247243
0x1ef4,528,0.000012247243
0x1ef7,528,0.000012247243
0x1ef8,528,0.000012247243
0x1ef9,528,0.000012247243
0x1efa,528,0.000012247243
0x2000,10828,0.000251161255
0x2003,10828,0.000251161255
0x2006,10828,0.000251161255
0x2009,10828,0.000251161255
0x200c,10828,0.000251161255
0x200d,10828,0.000251161255
0x200f,10828,0.000251161255
0x2010,10828,0.000251161255
0x2011,10828,0.000251161255
0x2014,10828,0.000251161255
0x2015,10828,0.000251161255
0x2018,10636,0.000246707713
0x201a,10636,0.000246707713
0x201d,1194,0.000027695469
0x201e,1194,0.000027695469
0x201f,1194,0.000027695469
0x2020,1194,0.000027695469
0x2023,298,0.000006912269
0x2025,1194,0.000027695469
0x2026,1194,0.000027695469
0x2027,1194,0.000027695469
0x202a,1190,0.000027602687
0x2040,4799,0.000111315374
0x2043,4799,0.000111315374
0x2046,4799,0.000111315374
0x2047,4799,0.000111315374
0x2048,4799,0.000111315374
0x2049,41,0.000000951017
0x204a,41,0.000000951017
0x204b,41,0.000000951017
0x204c,41,0.000000951017
0x204d,41,0.000000951017
0x204e,41,0.000000951017
0x204f,41,0.000000951017
0x2050,41,0.000000951017
0x2051,41,0.000000951017
0x2052,41,0.000000951017
0x2055,41,0.000000951017
0x2057,41,0.000000951017
0x2058,41,0.000000951017
0x2059,41,0.000000951017
0x205a,41,0.000000951017
0x205c,41,0.000000951017
0x205d,41,0.000000951017
0x205e,41,0.000000951017
0x2060,41,0.000000951017
0x2061,41,0.000000951017
0x2062,41,0.000000951017
0x2063,41,0.000000951017
0x2064,41,0.000000951017
0x2065,41,0.000000951017
0x2066,41,0.000000951017
0x2068,41,0.000000951017
0x2069,41,0.000000951017
0x206a,41,0.000000951017
0x206b,41,0.000000951017
0x206c,41,0.000000951017
0x206d,41,0.000000951017
0x2070,192,0.000004453543
0x2071,192,0.000004453543
0x2073,192,0.000004453543
0x2075,192,0.000004453543
0x2076,192,0.000004453543
0x2077,192,0.000004453543
0x2079,192,0.000004453543
0x207a,192,0.000004453543
0x207b,192,0.000004453543
0x207e,192,0.000004453543
0x2081,192,0.000004453543
0x2085,192,0.000004453543
0x2087,192,0.000004453543
0x2088,192,0.000004453543
0x2089,192,0.000004453543
0x208a,192,0.000004453543
0x208c,192,0.000004453543
0x208d,192,0.000004453543
0x208f,192,0.000004453543
0x2090,192,0.000004453543
0x2091,208,0.000004824671
0x2093,208,0.000004824671
0x2094,208,0.000004824671
0x2096,208,0.000004824671
0x2097,208,0.000004824671
0x209a,16,0.000000371129
0x209b,16,0.000000371129
0x209c,16,0.000000371129
0x209d,16,0.000000371129
0x209f,16,0.000000371129
0x20a0,16,0.000000371129
0x20a1,16,0.000000371129
0x20a3,16,0.000000371129
0x20a4,16,0.000000371129
0x20a5,16,0.000000371129
0x20a7,16,0.000000371129
0x20a8,16,0.000000371129
0x20b0,192,0.000004453543
0x20b1,6112,0.000141771111
0x20b2,6112,0.000141771111
0x20b3,6112,0.000141771111
0x20b5,48896,0.001134168891
0x20b7,48896,0.001134168891
0x20b8,48896,0.001134168891
0x20bb,1866,0.000043282869
0x20bc,1866,0.000043282869
0x20bd,1866,0.000043282869
0x20be,1866,0.000043282869
0x20bf,48896,0.001134168891
0x20c0,48896,0.001134168891
0x20c1,48896,0.001134168891
0x20c2,48896,0.001134168891
0x20c5,6112,0.000141771111
0x20c6,6112,0.000141771111
0x20c7,6112,0.000141771111
0x20c8,6112,0.000141771111
0x20c9,6112,0.000141771111
0x20cc,3056,0.000070885556
0x20cd,3056,0.000070885556
0x20cf,3056,0.000070885556
0x20d2,2864,0.000066432013
0x20d3,2864,0.000066432013
0x20d4,2864,0.000066432013
0x20d6,2864,0.000066432013
0x20d7,2864,0.000066432013
0x20d8,2864,0.000066432013
0x20da,2864,0.000066432013
0x20db,2864,0.000066432013
0x20dc,2864,0.000066432013
0x20de,2864,0.000066432013
0x20e1,192,0.000004453543
0x20e2,192,0.000004453543
0x20e8,192,0.000004453543
0x20e9,192,0.000004453543
0x20ea,192,0.000004453543
0x20ec,192,0.000004453543
0x20ed,192,0.000004453543
0x20f0,192,0.000004453543
0x20f1,192,0.000004453543
0x20f2,192,0.000004453543
0x20f3,192,0.000004453543
0x20f4,192,0.000004453543
0x20f6,192,0.000004453543
0x20f7,192,0.000004453543
0x20f8,192,0.000004453543
0x20fa,192,0.000004453543
0x20fb,192,0.000004453543
0x20fc,192,0.000004453543
0x20fd,192,0.000004453543
0x20fe,192,0.000004453543
0x20ff,192,0.000004453543
0x2101,192,0.000004453543
0x2103,192,0.000004453543
0x2104,192,0.000004453543
0x2106,192,0.000004453543
0x2107,192,0.000004453543
0x2108,192,0.000004453543
0x2109,192,0.000004453543
0x210a,192,0.000004453543
0x210d,192,0.000004453543
0x211c,192,0.000004453543
0x211f,192,0.000004453543
0x2120,192,0.000004453543
0x2122,192,0.000004453543
0x2123,144,0.000003340157
0x2125,144,0.000003340157
0x2130,9446,0.000219105026
0x2131,9446,0.000219105026
0x2132,9446,0.000219105026
0x2135,7081,0.000164247585
0x2137,7081,0.000164247585
0x213a,4720,0.000109482926
0x213c,4720,0.000109482926
0x213f,2360,0.000054741463
0x2146,1190,0.000027602687
0x2147,1190,0.000027602687
0x2148,1190,0.000027602687
0x214b,595,0.000013801343
0x2150,2365,0.000054857441
0x2153,2365,0.000054857441
0x2156,2365,0.000054857441
0x2160,2361,0.000054764659
0x2163,2361,0.000054764659
0x2166,2361,0.000054764659
0x2169,2361,0.000054764659
0x2170,2360,0.000054741463
0x2173,2360,0.000054741463
0x2180,2360,0.000054741463
0x2183,2360,0.000054741463
0x2186,2360,0.000054741463
0x2189,2360,0.000054741463
0x2190,595,0.000013801343
0x2193,595,0.000013801343
0x2196,595,0.000013801343
0x2199,595,0.000013801343
0x219c,595,0.000013801343
0x21a5,595,0.000013801343
0x21a8,595,0.000013801343
0x21ab,595,0.000013801343
0x21ae,595,0.000013801343
0x21b1,595,0.000013801343
0x21ba,192,0.000004453543
0x21bb,192,0.000004453543
0x21bc,192,0.000004453543
0x21bf,96,0.000002226771
0x21c2,96,0.000002226771
0x21c5,96,0.000002226771
0x21c8,96,0.000002226771
0x21cb,96,0.000002226771
0x21cd,96,0.000002226771
0x21cf,96,0.000002226771
0x21dc,528,0.000012247243
0x21dd,528,0.000012247243
0x21de,528,0.000012247243
0x21df,528,0.000012247243
0x21e2,528,0.000012247243
0x21e4,528,0.000012247243
0x21e5,528,0.000012247243
0x21e6,528,0.000012247243
0x21e8,528,0.000012247243
0x21e9,528,0.000012247243
0x21eb,528,0.000012247243
0x21ec,528,0.000012247243
0x21ed,528,0.000012247243
0x21ef,528,0.000012247243
0x21f0,528,0.000012247243
0x21f1,528,0.000012247243
0x21f2,528,0.000012247243
0x21f4,528,0.000012247243
0x21f5,528,0.000012247243
0x21f7,528,0.000012247243
0x21f8,528,0.000012247243
0x21f9,528,0.000012247243
0x21fc,528,0.000012247243
0x2204,384,0.000008907086
0x2207,384,0.000008907086
0x2208,384,0.000008907086
0x2209,384,0.000008907086
0x220b,384,0.000008907086
0x220c,4,0.000000092782
0x220e,4,0.000000092782
0x2210,4,0.000000092782
0x2212,4,0.000000092782
0x2214,4,0.000000092782
0x2216,4,0.000000092782
0x2217,4,0.000000092782
0x2218,4,0.000000092782
0x221a,4,0.000000092782
0x221b,4,0.000000092782
0x221d,4,0.000000092782
0x221e,4,0.000000092782
0x2220,4,0.000000092782
0x2221,4,0.000000092782
0x2222,4,0.000000092782
0x2223,4,0.000000092782
0x2224,4,0.000000092782
0x2227,2,0.000000046391
0x2228,2,0.000000046391
0x222a,4,0.000000092782
0x222b,4,0.000000092782
0x2230,495,0.000011481790
0x2233,495,0.000011481790
0x2234,495,0.000011481790
0x2235,495,0.000011481790
0x2236,495,0.000011481790
0x2237,495,0.000011481790
0x2239,495,0.000011481790
0x223b,495,0.000011481790
0x223e,477,0.000011064270
0x2240,477,0.000011064270
0x2243,243,0.000005636515
0x2245,243,0.000005636515
0x2247,243,0.000005636515
0x2249,243,0.000005636515
0x224c,9,0.000000208760
0x224f,9,0.000000208760
0x2250,9,0.000000208760
0x2252,9,0.000000208760
0x2254,9,0.000000208760
0x2260,468,0.000010855510
0x2261,468,0.000010855510
0x2262,468,0.000010855510
0x2263,468,0.000010855510
0x2264,468,0.000010855510
0x2265,468,0.000010855510
0x2267,468,0.000010855510
0x2268,468,0.000010855510
0x2269,468,0.000010855510
0x226b,468,0.000010855510
0x226d,468,0.000010855510
0x226e,468,0.000010855510
0x226f,468,0.000010855510
0x2271,468,0.000010855510
0x2272,468,0.000010855510
0x2273,468,0.000010855510
0x2274,468,0.000010855510
0x2275,468,0.000010855510
0x2276,468,0.000010855510
0x2277,468,0.000010855510
0x2278,468,0.000010855510
0x2279,468,0.000010855510
0x227a,6552,0.000151977147
0x227b,58968,0.001367794321
0x227c,58968,0.001367794321
0x227d,58968,0.001367794321
0x227e,58968,0.001367794321
0x227f,58968,0.001367794321
0x2280,58968,0.001367794321
0x2283,6552,0.000151977147
0x2284,6552,0.000151977147
0x2285,6552,0.000151977147
0x2286,6552,0.000151977147
0x2288,6552,0.000151977147
0x2289,6552,0.000151977147
0x228a,6552,0.000151977147
0x228c,6552,0.000151977147
0x228d,6552,0.000151977147
0x228e,6552,0.000151977147
0x2291,468,0.000010855510
0x2292,18,0.000000417520
0x2295,18,0.000000417520
0x2296,18,0.000000417520
0x2298,18,0.000000417520
0x229b,8,0.000000185564
0x229e,8,0.000000185564
0x22a1,8,0.000000185564
0x22a3,3328,0.000077194741
0x22a4,3328,0.000077194741
0x22a5,3328,0.000077194741
0x22a6,3328,0.000077194741
0x22a7,3328,0.000077194741
0x22a8,3328,0.000077194741
0x22a9,3328,0.000077194741
0x22aa,3328,0.000077194741
0x22ab,3328,0.000077194741
0x22ac,3328,0.000077194741
0x22ad,3328,0.000077194741
0x22b0,8,0.000000185564
0x22b4,288,0.000006680314
0x22b7,288,0.000006680314
0x22ba,288,0.000006680314
0x22bb,288,0.000006680314
0x22bc,288,0.000006680314
0x22be,288,0.000006680314
0x22c1,4,0.000000092782
0x22c3,4,0.000000092782
0x22c5,4,0.000000092782
0x22ca,196,0.000004546325
0x22cd,196,0.000004546325
0x22ce,196,0.000004546325
0x22d0,196,0.000004546325
0x22d3,4,0.000000092782
0x22d5,4,0.000000092782
0x22d7,4,0.000000092782
0x22d9,4,0.000000092782
0x22db,4,0.000000092782
0x22dd,4,0.000000092782
0x22e0,8,0.000000185564
0x22e2,18,0.000000417520
0x22e5,18,0.000000417520
0x22e8,18,0.000000417520
0x22f0,10,0.000000231955
0x22f3,10,0.000000231955
0x22f4,10,0.000000231955
0x22fa,777,0.000018022931
0x22fd,777,0.000018022931
0x22ff,777,0.000018022931
0x2302,777,0.000018022931
0x2303,13986,0.000324412756
0x2304,13986,0.000324412756
0x2306,13986,0.000324412756
0x2307,13986,0.000324412756
0x2308,13986,0.000324412756
0x2309,13986,0.000324412756
0x230a,13986,0.000324412756
0x230b,13986,0.000324412756
0x230d,13986,0.000324412756
0x230e,13986,0.000324412756
0x230f,13986,0.000324412756
0x2310,13986,0.000324412756
0x2312,13986,0.000324412756
0x2313,13986,0.000324412756
0x2314,13986,0.000324412756
0x2316,13986,0.000324412756
0x2317,13986,0.000324412756
0x231a,1554,0.000036045862
0x231b,13986,0.000324412756
0x231c,13986,0.000324412756
0x231f,777,0.000018022931
0x2322,2331,0.000054068793
0x2325,2331,0.000054068793
0x2326,2331,0.000054068793
0x2327,2331,0.000054068793
0x2329,2331,0.000054068793
0x232a,2331,0.000054068793
0x232b,2331,0.000054068793
0x232c,2331,0.000054068793
0x232e,2331,0.000054068793
0x232f,2331,0.000054068793
0x2331,2331,0.000054068793
0x2334,2331,0.000054068793
0x2337,2331,0.000054068793
0x2351,6217,0.000144206643
0x2352,6217,0.000144206643
0x2354,6217,0.000144206643
0x2355,1303,0.000030223782
0x2356,1303,0.000030223782
0x2357,1303,0.000030223782
0x2358,1303,0.000030223782
0x235a,1303,0.000030223782
0x235b,1303,0.000030223782
0x235e,1303,0.000030223782
0x235f,1303,0.000030223782
0x2360,1303,0.000030223782
0x2361,1303,0.000030223782
0x2362,1303,0.000030223782
0x2364,1303,0.000030223782
0x2365,1303,0.000030223782
0x2366,1303,0.000030223782
0x2368,1303,0.000030223782
0x2369,1303,0.000030223782
0x236a,1303,0.000030223782
0x236b,1303,0.000030223782
0x236c,1303,0.000030223782
0x236e,1303,0.000030223782
0x2370,1303,0.000030223782
0x2373,1163,0.000026976407
0x2375,1163,0.000026976407
0x2377,1163,0.000026976407
0x237a,1163,0.000026976407
0x237b,140,0.000003247375
0x237c,140,0.000003247375
0x237e,140,0.000003247375
0x237f,140,0.000003247375
0x2381,140,0.000003247375
0x2384,140,0.000003247375
0x2385,140,0.000003247375
0x2386,140,0.000003247375
0x2387,140,0.000003247375
0x2389,140,0.000003247375
0x238a,40,0.000000927821
0x238c,40,0.000000927821
0x238d,40,0.000000927821
0x238e,40,0.000000927821
0x2390,40,0.000000927821
0x2391,34,0.000000788648
0x2393,34,0.000000788648
0x23d6,6487,0.000150469437
0x23d9,6487,0.000150469437
0x23da,6487,0.000150469437
0x23dc,6487,0.000150469437
0x23de,6487,0.000150469437
0x23e1,4419,0.000102501070
0x23e3,4419,0.000102501070
0x23e6,3139,0.000072810785
0x23e8,3139,0.000072810785
0x23eb,1883,0.000043677193
0x23ed,1883,0.000043677193
0x23f0,807,0.000018718797
0x23f2,807,0.000018718797
0x23f3,482,0.000011180248
0x23f5,482,0.000011180248
0x23f8,361,0.000008373588
0x23fb,361,0.000008373588
0x2476,59,0.000001368537
0x2477,59,0.000001368537
0x2478,59,0.000001368537
0x247b,59,0.000001368537
0x247d,59,0.000001368537
0x247e,59,0.000001368537
0x2481,59,0.000001368537
0x2483,59,0.000001368537
0x2484,59,0.000001368537
0x2485,59,0.000001368537
0x2487,59,0.000001368537
0x2488,59,0.000001368537
0x2489,59,0.000001368537
0x248a,59,0.000001368537
0x248c,59,0.000001368537
0x248d,59,0.000001368537
0x248f,59,0.000001368537
0x2490,59,0.000001368537
0x2493,59,0.000001368537
0x2495,59,0.000001368537
0x2496,59,0.000001368537
0x2497,59,0.000001368537
0x2498,53,0.000001229363
0x2499,53,0.000001229363
0x249a,53,0.000001229363
0x249b,38,0.000000881430
0x249c,38,0.000000881430
0x249d,38,0.000000881430
0x249e,22,0.000000510302
0x249f,22,0.000000510302
0x24a0,10828,0.000251161255
0x24a3,10828,0.000251161255
0x24a5,10828,0.000251161255
0x24a7,10828,0.000251161255
0x24a8,6217,0.000144206643
0x24ab,6217,0.000144206643
0x24ae,6217,0.000144206643
0x24b1,6217,0.000144206643
0x24b4,6217,0.000144206643
0x24b6,6217,0.000144206643
0x24b8,6217,0.000144206643
0x24b9,1554,0.000036045862
0x24c4,5412,0.000125534237
0x24c7,5412,0.000125534237
0x24c9,5412,0.000125534237
0x24cb,5412,0.000125534237
0x24ce,3108,0.000072091723
0x24d1,3108,0.000072091723
0x24d4,3108,0.000072091723
0x24d5,3108,0.000072091723
0x24d6,3108,0.000072091723
0x24d8,3108,0.000072091723
0x24db,2331,0.000054068793
0x24e0,3108,0.000072091723
0x24e3,3108,0.000072091723
0x24e5,3108,0.000072091723
0x24e6,195,0.000004523129
0x24e9,195,0.000004523129
0x24eb,195,0.000004523129
0x24ec,195,0.000004523129
0x24f2,1554,0.000036045862
0x24f5,1554,0.000036045862
0x24f7,1554,0.000036045862
0x24f8,1554,0.000036045862
0x24f9,1554,0.000036045862
0x24fc,1554,0.000036045862
0x24fe,1554,0.000036045862
0x24ff,1554,0.000036045862
0x2500,449,0.000010414795
0x2503,449,0.000010414795
0x2504,449,0.000010414795
0x2505,402,0.000009324605
0x2508,402,0.000009324605
0x2509,402,0.000009324605
0x250a,99,0.000002296358
0x250b,99,0.000002296358
0x250d,99,0.000002296358
0x250e,99,0.000002296358
0x2511,99,0.000002296358
0x2512,99,0.000002296358
0x2513,99,0.000002296358
0x2515,99,0.000002296358
0x2517,99,0.000002296358
0x2518,99,0.000002296358
0x2519,99,0.000002296358
0x251a,99,0.000002296358
0x2560,2955,0.000068542807
0x2563,2955,0.000068542807
0x2564,2955,0.000068542807
0x2566,2955,0.000068542807
0x2567,2955,0.000068542807
0x2568,2955,0.000068542807
0x2569,2955,0.000068542807
0x256a,2955,0.000068542807
0x256b,2955,0.000068542807
0x256d,2955,0.000068542807
0x256e,2955,0.000068542807
0x2570,2955,0.000068542807
0x2572,2955,0.000068542807
0x2575,2955,0.000068542807
0x2576,2955,0.000068542807
0x2577,2955,0.000068542807
0x2578,2955,0.000068542807
0x2579,2955,0.000068542807
0x257b,2955,0.000068542807
0x257c,2955,0.000068542807
0x257f,2955,0.000068542807
0x2581,2955,0.000068542807
0x2582,2955,0.000068542807
0x2585,2955,0.000068542807
0x2587,2955,0.000068542807
0x2588,23459,0.000544144061
0x2589,23459,0.000544144061
0x258c,23392,0.000542589960
0x258d,23392,0.000542589960
0x258e,23392,0.000542589960
0x2590,23392,0.000542589960
0x2591,23392,0.000542589960
0x2592,23392,0.000542589960
0x2595,2888,0.000066988706
0x2596,23459,0.000544144061
0x2597,23459,0.000544144061
0x2599,23459,0.000544144061
0x259a,16642,0.000386020097
0x259b,16642,0.000386020097
0x259c,16642,0.000386020097
0x259e,16642,0.000386020097
0x259f,16642,0.000386020097
0x25a1,16642,0.000386020097
0x25a2,15527,0.000360157076
0x25a3,15527,0.000360157076
0x25a4,15527,0.000360157076
0x25a5,15527,0.000360157076
0x25a6,10334,0.000239702661
0x25a7,10334,0.000239702661
0x25a8,2543,0.000058986246
0x25a9,2543,0.000058986246
0x25aa,2543,0.000058986246
0x25ab,2543,0.000058986246
0x25ac,2502,0.000058035229
0x25ae,2502,0.000058035229
0x25af,67,0.000001554101
0x25b0,67,0.000001554101
0x25b1,67,0.000001554101
0x25b2,67,0.000001554101
0x25b3,67,0.000001554101
0x25b4,67,0.000001554101
0x25b5,67,0.000001554101
0x25b6,67,0.000001554101
0x25b7,371,0.000008605544
0x25ba,371,0.000008605544
0x25bc,371,0.000008605544
0x25be,371,0.000008605544
0x25ca,371,0.000008605544
0x25cd,893,0.000020713613
0x25ce,893,0.000020713613
0x25d0,893,0.000020713613
0x25d3,704,0.000016329657
0x25d4,704,0.000016329657
0x25d6,704,0.000016329657
0x25d7,704,0.000016329657
0x25d8,704,0.000016329657
0x25db,182,0.000004221587
0x25dc,182,0.000004221587
0x25dd,182,0.000004221587
0x25e0,189,0.000004383956
0x25e1,189,0.000004383956
0x25e3,189,0.000004383956
0x25e4,189,0.000004383956
0x25e5,189,0.000004383956
0x25e7,189,0.000004383956
0x25e8,189,0.000004383956
0x25ea,189,0.000004383956
0x25eb,189,0.000004383956
0x25ec,189,0.000004383956
0x25ed,189,0.000004383956
0x25ef,189,0.000004383956
0x25f0,189,0.000004383956
0x25f1,189,0.000004383956
0x25f3,189,0.000004383956
0x25f4,189,0.000004383956
0x25f6,189,0.000004383956
0x25f7,189,0.000004383956
0x25f8,189,0.000004383956
0x25f9,189,0.000004383956
0x25fa,189,0.000004383956
0x25fb,189,0.000004383956
0x25fc,189,0.000004383956
0x25fd,189,0.000004383956
0x2600,4228,0.000098070723
0x2601,4228,0.000098070723
0x2602,4228,0.000098070723
0x2603,4228,0.000098070723
0x2604,4228,0.000098070723
0x2605,4228,0.000098070723
0x2608,4228,0.000098070723
0x2609,4228,0.000098070723
0x260a,4228,0.000098070723
0x260b,4228,0.000098070723
0x260c,4228,0.000098070723
0x260e,4228,0.000098070723
0x2611,4228,0.000098070723
0x2612,4228,0.000098070723
0x2613,4228,0.000098070723
0x2616,4228,0.000098070723
0x2617,4228,0.000098070723
0x261a,2323,0.000053883228
0x261d,2323,0.000053883228
0x261e,2323,0.000053883228
0x2620,2323,0.000053883228
0x2621,2323,0.000053883228
0x2624,2323,0.000053883228
0x2625,2323,0.000053883228
0x2626,2323,0.000053883228
0x2628,2323,0.000053883228
0x2629,2323,0.000053883228
0x262b,2323,0.000053883228
0x262c,2323,0.000053883228
0x262e,2323,0.000053883228
0x262f,2323,0.000053883228
0x2630,2323,0.000053883228
0x2631,2323,0.000053883228
0x2633,2323,0.000053883228
0x2634,2323,0.000053883228
0x2635,2323,0.000053883228
0x2638,2323,0.000053883228
0x2639,4228,0.000098070723
0x263c,4228,0.000098070723
0x263f,4228,0.000098070723
0x2642,4228,0.000098070723
0x2643,4228,0.000098070723
0x2646,2114,0.000049035361
0x2649,2114,0.000049035361
0x2650,1905,0.000044187495
0x2651,1905,0.000044187495
0x2654,1905,0.000044187495
0x2655,1905,0.000044187495
0x2656,1905,0.000044187495
0x2658,1905,0.000044187495
0x2659,1905,0.000044187495
0x265b,1905,0.000044187495
0x265c,1905,0.000044187495
0x265e,1905,0.000044187495
0x2661,1905,0.000044187495
0x2662,1905,0.000044187495
0x2668,2114,0.000049035361
0x266b,2114,0.000049035361
0x266c,2114,0.000049035361
0x266d,2114,0.000049035361
0x2670,2114,0.000049035361
0x2672,2114,0.000049035361
0x2676,2114,0.000049035361
0x2678,2114,0.000049035361
0x267c,2114,0.000049035361
0x267f,2114,0.000049035361
0x2681,2114,0.000049035361
0x2684,2114,0.000049035361
0x2685,2114,0.000049035361
0x2688,2114,0.000049035361
0x268a,2114,0.000049035361
0x268b,2114,0.000049035361
0x268d,2114,0.000049035361
0x268e,2114,0.000049035361
0x268f,2114,0.000049035361
0x2692,2108,0.000048896188
0x2693,2114,0.000049035361
0x2694,2114,0.000049035361
0x2697,2114,0.000049035361
0x2699,2114,0.000049035361
0x269c,678,0.000015726573
0x269d,2114,0.000049035361
0x269f,2114,0.000049035361
0x26a2,306,0.000007097834
0x26a3,2114,0.000049035361
0x26a4,2114,0.000049035361
0x26a7,2114,0.000049035361
0x26aa,2114,0.000049035361
0x26ad,2114,0.000049035361
0x26ae,2114,0.000049035361
0x26af,2114,0.000049035361
0x26b0,2114,0.000049035361
0x26b1,361,0.000008373588
0x26b2,361,0.000008373588
0x26b4,361,0.000008373588
0x26b5,361,0.000008373588
0x26b7,361,0.000008373588
0x26b8,361,0.000008373588
0x26ba,361,0.000008373588
0x26bb,59,0.000001368537
0x26bc,59,0.000001368537
0x26bd,59,0.000001368537
0x26be,59,0.000001368537
0x26bf,59,0.000001368537
0x26c2,59,0.000001368537
0x26c4,59,0.000001368537
0x26c6,59,0.000001368537
0x26c7,59,0.000001368537
0x26c8,59,0.000001368537
0x26ca,59,0.000001368537
0x26cb,59,0.000001368537
0x26cc,59,0.000001368537
0x26d0,2114,0.000049035361
0x26d3,2114,0.000049035361
0x26d6,2114,0.000049035361
0x26d9,16912,0.000392282892
0x26da,16912,0.000392282892
0x26db,16912,0.000392282892
0x26de,10270,0.000238218147
0x26df,10270,0.000238218147
0x26e0,10270,0.000238218147
0x26e3,1922,0.000044581819
0x26e4,10270,0.000238218147
0x26e5,16912,0.000392282892
0x26e6,16912,0.000392282892
0x26e7,16912,0.000392282892
0x26e8,16912,0.000392282892
0x26e9,16912,0.000392282892
0x26eb,16912,0.000392282892
0x26ee,2114,0.000049035361
0x26f1,2114,0.000049035361
0x26f2,2114,0.000049035361
0x26f3,2114,0.000049035361
0x26f5,2114,0.000049035361
0x26f8,2114,0.000049035361
0x26f9,2114,0.000049035361
0x26fa,2114,0.000049035361
0x26fd,2114,0.000049035361
0x2700,7559,0.000175335051
0x2703,7559,0.000175335051
0x2704,7559,0.000175335051
0x2705,7559,0.000175335051
0x2706,7558,0.000175311855
0x2707,7558,0.000175311855
0x2708,7558,0.000175311855
0x270a,7558,0.000175311855
0x270b,7558,0.000175311855
0x270c,7558,0.000175311855
0x270e,7558,0.000175311855
0x270f,7558,0.000175311855
0x2711,7558,0.000175311855
0x2714,7558,0.000175311855
0x2717,30232,0.000701247421
0x271a,30232,0.000701247421
0x271b,30232,0.000701247421
0x271c,30232,0.000701247421
0x271d,30232,0.000701247421
0x271e,30232,0.000701247421
0x2720,30232,0.000701247421
0x2723,7558,0.000175311855
0x2725,7558,0.000175311855
0x2728,7558,0.000175311855
0x272a,7558,0.000175311855
0x2739,7558,0.000175311855
0x273c,7558,0.000175311855
0x273d,7558,0.000175311855
0x2740,7558,0.000175311855
0x2743,7558,0.000175311855
0x2748,30232,0.000701247421
0x2749,30232,0.000701247421
0x274a,30232,0.000701247421
0x274c,30232,0.000701247421
0x274d,107,0.000002481922
0x274e,107,0.000002481922
0x274f,107,0.000002481922
0x2750,53,0.000001229363
0x2751,53,0.000001229363
0x2752,53,0.000001229363
0x2753,53,0.000001229363
0x2754,53,0.000001229363
0x2755,53,0.000001229363
0x2757,53,0.000001229363
0x2758,53,0.000001229363
0x2759,53,0.000001229363
0x275b,53,0.000001229363
0x275c,53,0.000001229363
0x275f,53,0.000001229363
0x2760,53,0.000001229363
0x2761,53,0.000001229363
0x2764,53,0.000001229363
0x2768,53,0.000001229363
0x2769,53,0.000001229363
0x276c,53,0.000001229363
0x276e,53,0.000001229363
0x2771,53,0.000001229363
0x2772,53,0.000001229363
0x2778,53,0.000001229363
0x277b,53,0.000001229363
0x277c,53,0.000001229363
0x277f,53,0.000001229363
0x2780,53,0.000001229363
0x2781,53,0.000001229363
0x2782,53,0.000001229363
0x2783,53,0.000001229363
0x2784,53,0.000001229363
0x2785,53,0.000001229363
0x2786,53,0.000001229363
0x2789,53,0.000001229363
0x27a8,7558,0.000175311855
0x27ab,7558,0.000175311855
0x27ac,7558,0.000175311855
0x27af,7558,0.000175311855
0x27b0,7558,0.000175311855
0x27b1,7558,0.000175311855
0x27b4,7558,0.000175311855
0x27b6,7558,0.000175311855
0x27b7,7558,0.000175311855
0x27b8,7558,0.000175311855
0x27ba,7558,0.000175311855
0x27bd,7174,0.000166404770
0x27c0,7174,0.000166404770
0x27c1,7174,0.000166404770
0x27c2,7174,0.000166404770
0x27c5,7126,0.000165291384
0x27c7,7126,0.000165291384
0x27c8,7126,0.000165291384
0x27c9,7126,0.000165291384
0x27ca,4016,0.000093153269
0x27cc,4016,0.000093153269
0x27cf,3854,0.000089395593
0x27d0,3854,0.000089395593
0x27d2,3854,0.000089395593
0x27d3,3854,0.000089395593
0x27d5,3854,0.000089395593
0x27d6,3854,0.000089395593
0x27d8,162,0.000003757677
0x27da,162,0.000003757677
0x27dc,162,0.000003757677
0x27dd,162,0.000003757677
0x27df,162,0.000003757677
0x27e0,162,0.000003757677
0x27e2,48,0.000001113386
0x27e4,48,0.000001113386
0x27e9,48,0.000001113386
0x27ea,48,0.000001113386
0x27ec,48,0.000001113386
0x27ee,48,0.000001113386
0x3000,2960,0.000068658784
0x3003,2960,0.000068658784
0x3004,2960,0.000068658784
0x3005,2960,0.000068658784
0x3007,2960,0.000068658784
0x300a,2960,0.000068658784
0x300b,2960,0.000068658784
0x300c,2960,0.000068658784
0x300d,2960,0.000068658784
0x300e,2960,0.000068658784
0x300f,2960,0.000068658784
0x3010,2960,0.000068658784
0x3011,2960,0.000068658784
0x3012,367,0.000008512761
0x3028,374,0.000008675130
0x302b,374,0.000008675130
0x302c,374,0.000008675130
0x302e,374,0.000008675130
0x302f,374,0.000008675130
0x3031,374,0.000008675130
0x3032,374,0.000008675130
0x3034,374,0.000008675130
0x3035,310,0.000007190616
0x3037,310,0.000007190616
0x3038,310,0.000007190616
0x3039,310,0.000007190616
0x303c,296,0.000006865878
0x303d,296,0.000006865878
0x303e,4,0.000000092782
0x303f,4,0.000000092782
0x3040,4,0.000000092782
0x3042,4,0.000000092782
0x3044,4,0.000000092782
0x3046,4,0.000000092782
0x3048,4,0.000000092782
0x3049,4,0.000000092782
0x304b,4,0.000000092782
0x304d,4,0.000000092782
0x304f,4,0.000000092782
0x3050,4,0.000000092782
0x3052,4,0.000000092782
0x3055,4,0.000000092782
0x3056,4,0.000000092782
0x3057,3,0.000000069587
0x3059,3,0.000000069587
0x305c,14,0.000000324737
0x305f,14,0.000000324737
0x3062,14,0.000000324737
0x3063,14,0.000000324737
0x3064,14,0.000000324737
0x3065,14,0.000000324737
0x3066,14,0.000000324737
0x3067,14,0.000000324737
0x3068,14,0.000000324737
0x306a,14,0.000000324737
0x306c,14,0.000000324737
0x306d,14,0.000000324737
0x3074,69,0.000001600492
0x3077,69,0.000001600492
0x3078,69,0.000001600492
0x3079,69,0.000001600492
0x307a,69,0.000001600492
0x307c,69,0.000001600492
0x307d,69,0.000001600492
0x307f,69,0.000001600492
0x3080,69,0.000001600492
0x3081,69,0.000001600492
0x3082,69,0.000001600492
0x3084,69,0.000001600492
0x3089,69,0.000001600492
0x308a,69,0.000001600492
0x308b,69,0.000001600492
0x308c,69,0.000001600492
0x308d,69,0.000001600492
0x308f,69,0.000001600492
0x3090,69,0.000001600492
0x3092,69,0.000001600492
0x3093,69,0.000001600492
0x3094,69,0.000001600492
0x3095,69,0.000001600492
0x3098,69,0.000001600492
0x309a,69,0.000001600492
0x309d,5,0.000000115978
0x309f,69,0.000001600492
0x30a0,69,0.000001600492
0x30a1,69,0.000001600492
0x30a4,69,0.000001600492
0x30a6,69,0.000001600492
0x30a7,69,0.000001600492
0x30a8,69,0.000001600492
0x30aa,5669,0.000131495489
0x30ad,5669,0.000131495489
0x30ae,5669,0.000131495489
0x30af,5669,0.000131495489
0x30b0,5669,0.000131495489
0x30b1,5669,0.000131495489
0x30b3,5669,0.000131495489
0x30b5,5669,0.000131495489
0x30b6,5669,0.000131495489
0x30b8,5669,0.000131495489
0x30ba,371,0.000008605544
0x30bd,371,0.000008605544
0x30c0,371,0.000008605544
0x30c3,371,0.000008605544
0x30c6,371,0.000008605544
0x30c8,371,0.000008605544
0x30c9,371,0.000008605544
0x30ca,371,0.000008605544
0x30cb,241,0.000005590124
0x30cd,241,0.000005590124
0x30ce,241,0.000005590124
0x30cf,241,0.000005590124
0x30d2,186,0.000004314370
0x30d3,186,0.000004314370
0x30d4,47,0.000001090190
0x30d6,47,0.000001090190
0x30d8,47,0.000001090190
0x30da,1113,0.000025816631
0x30db,1113,0.000025816631
0x30dc,1113,0.000025816631
0x30dd,1113,0.000025816631
0x30de,527,0.000012224047
0x30df,527,0.000012224047
0x30e4,55,0.000001275754
0x30e7,55,0.000001275754
0x30ea,55,0.000001275754
0x30eb,55,0.000001275754
0x30ed,55,0.000001275754
0x30f2,55,0.000001275754
0x30f3,55,0.000001275754
0x30f5,55,0.000001275754
0x30f6,55,0.000001275754
0x30f7,55,0.000001275754
0x30f8,55,0.000001275754
0x30fa,55,0.000001275754
0x30fc,55,0.000001275754
0x30ff,55,0.000001275754
0x3102,55,0.000001275754
0x3105,55,0.000001275754
0x3106,55,0.000001275754
0x3107,55,0.000001275754
0x3108,55,0.000001275754
0x310a,55,0.000001275754
0x310c,55,0.000001275754
0x310e,55,0.000001275754
0x310f,55,0.000001275754
0x3112,165,0.000003827263
0x3113,165,0.000003827263
0x3114,165,0.000003827263
0x3115,165,0.000003827263
0x3116,101,0.000002342749
0x3117,101,0.000002342749
0x3118,101,0.000002342749
0x311a,101,0.000002342749
0x311b,101,0.000002342749
0x311c,101,0.000002342749
0x311d,101,0.000002342749
0x311e,55,0.000001275754
0x311f,55,0.000001275754
0x3121,55,0.000001275754
0x3124,370,0.000008582348
0x3127,370,0.000008582348
0x3128,370,0.000008582348
0x312a,370,0.000008582348
0x312b,47,0.000001090190
0x312d,47,0.000001090190
0x312f,47,0.000001090190
0x3130,47,0.000001090190
0x3131,47,0.000001090190
0x3132,47,0.000001090190
0x3134,47,0.000001090190
0x3136,47,0.000001090190
0x3138,47,0.000001090190
0x313d,47,0.000001090190
0x313f,47,0.000001090190
0x3140,47,0.000001090190
0x3141,47,0.000001090190
0x3144,47,0.000001090190
0x3145,47,0.000001090190
0x3146,47,0.000001090190
0x3149,32,0.000000742257
0x314b,47,0.000001090190
0x314d,47,0.000001090190
0x314e,47,0.000001090190
0x315a,370,0.000008582348
0x315d,370,0.000008582348
0x315e,370,0.000008582348
0x3160,370,0.000008582348
0x3161,109,0.000002528313
0x3164,109,0.000002528313
0x3165,109,0.000002528313
0x3166,109,0.000002528313
0x3167,109,0.000002528313
0x3169,109,0.000002528313
0x316a,109,0.000002528313
0x316c,109,0.000002528313
0x316d,109,0.000002528313
0x316e,109,0.000002528313
0x316f,109,0.000002528313
0x3171,109,0.000002528313
0x3172,109,0.000002528313
0x3174,109,0.000002528313
0x3176,109,0.000002528313
0x3177,109,0.000002528313
0x3178,109,0.000002528313
0x3179,1118,0.000025932608
0x317c,1071,0.000024842418
0x317d,1071,0.000024842418
0x317e,1071,0.000024842418
0x317f,1071,0.000024842418
0x3180,1071,0.000024842418
0x3181,1071,0.000024842418
0x3182,1071,0.000024842418
0x3183,1071,0.000024842418
0x3186,66,0.000001530905
0x3188,66,0.000001530905
0x318a,1071,0.000024842418
0x318b,1071,0.000024842418
0x318e,62,0.000001438123
0x3192,1118,0.000025932608
0x3193,1118,0.000025932608
0x3195,1118,0.000025932608
0x3196,783,0.000018162104
0x3199,783,0.000018162104
0x319a,783,0.000018162104
0x319b,47,0.000001090190
0x319e,47,0.000001090190
0x319f,47,0.000001090190
0x31a0,47,0.000001090190
0x31a1,47,0.000001090190
0x31a2,47,0.000001090190
0x31a3,47,0.000001090190
0x31a4,47,0.000001090190
0x31a7,47,0.000001090190
0x31a9,47,0.000001090190
0x31ac,47,0.000001090190
0x31ad,47,0.000001090190
0x31b4,367,0.000008512761
0x31b7,367,0.000008512761
0x31b9,367,0.000008512761
0x31ba,45,0.000001043799
0x31bd,45,0.000001043799
0x31bf,45,0.000001043799
0x31c0,45,0.000001043799
0x31c2,45,0.000001043799
0x31c3,45,0.000001043799
0x31c5,45,0.000001043799
0x31c6,45,0.000001043799
0x31c7,45,0.000001043799
0x31c8,45,0.000001043799
0x31cb,45,0.000001043799
0x31cd,45,0.000001043799
0x31ce,45,0.000001043799
0x31d1,20,0.000000463911
0x31d2,20,0.000000463911
0x31d3,20,0.000000463911
0x31d4,20,0.000000463911
0x31d6,45,0.000001043799
0x31d7,45,0.000001043799
0x31d8,45,0.000001043799
0x31d9,45,0.000001043799
0x31da,45,0.000001043799
0x31dc,45,0.000001043799
0x31de,45,0.000001043799
0x31df,45,0.000001043799
0x31e1,45,0.000001043799
0x31e2,45,0.000001043799
0x31e3,45,0.000001043799
0x31e4,45,0.000001043799
0x31e5,45,0.000001043799
0x31e6,45,0.000001043799
0x31e7,45,0.000001043799
0x31e8,45,0.000001043799
0x31e9,45,0.000001043799
0x31ec,45,0.000001043799
0x31ed,45,0.000001043799
0x31f0,45,0.000001043799
0x31f1,45,0.000001043799
0x31f2,45,0.000001043799
0x31f4,45,0.000001043799
0x31f5,45,0.000001043799
0x31f7,45,0.000001043799
0x31f8,45,0.000001043799
0x31fb,45,0.000001043799
0x31fd,45,0.000001043799
0x31fe,45,0.000001043799
0x31ff,45,0.000001043799
0x3201,45,0.000001043799
0x3202,45,0.000001043799
0x3203,45,0.000001043799
0x3204,45,0.000001043799
0x3207,45,0.000001043799
0x3209,45,0.000001043799
0x320a,45,0.000001043799
0x320b,45,0.000001043799
0x320c,45,0.000001043799
0x320d,45,0.000001043799
0x3210,45,0.000001043799
0x3213,45,0.000001043799
0x3215,45,0.000001043799
0x3216,33,0.000000765453
0x3217,33,0.000000765453
0x3219,33,0.000000765453
0x321b,33,0.000000765453
0x321c,2,0.000000046391
0x321e,2,0.000000046391
0x3220,2,0.000000046391
0x322c,367,0.000008512761
0x322f,367,0.000008512761
0x3231,367,0.000008512761
0x3232,68,0.000001577296
0x3235,68,0.000001577296
0x3238,68,0.000001577296
0x323b,68,0.000001577296
0x323c,68,0.000001577296
0x323f,68,0.000001577296
0x3240,801,0.000018579624
0x3241,801,0.000018579624
0x3243,801,0.000018579624
0x3246,373,0.000008651935
0x3247,373,0.000008651935
0x3248,373,0.000008651935
0x3249,309,0.000007167420
0x324a,309,0.000007167420
0x324b,309,0.000007167420
0x324c,309,0.000007167420
0x324d,309,0.000007167420
0x324e,737,0.000017095109
0x324f,737,0.000017095109
0x3250,737,0.000017095109
0x3251,737,0.000017095109
0x3253,737,0.000017095109
0x3254,737,0.000017095109
0x3256,737,0.000017095109
0x3259,4,0.000000092782
0x325b,4,0.000000092782
0x325e,4,0.000000092782
0x3264,374,0.000008675130
0x3267,374,0.000008675130
0x3268,374,0.000008675130
0x326b,374,0.000008675130
0x326c,374,0.000008675130
0x326e,374,0.000008675130
0x326f,374,0.000008675130
0x3271,374,0.000008675130
0x3272,374,0.000008675130
0x3274,374,0.000008675130
0x3275,49,0.000001136581
0x3277,49,0.000001136581
0x3279,49,0.000001136581
0x327a,49,0.000001136581
0x327b,49,0.000001136581
0x327c,49,0.000001136581
0x327e,49,0.000001136581
0x3281,49,0.000001136581
0x3282,49,0.000001136581
0x3285,49,0.000001136581
0x3286,49,0.000001136581
0x3287,49,0.000001136581
0x3289,49,0.000001136581
0x328a,49,0.000001136581
0x328b,49,0.000001136581
0x328d,49,0.000001136581
0x328e,49,0.000001136581
0x328f,138,0.000003200984
0x3290,138,0.000003200984
0x3291,138,0.000003200984
0x3292,138,0.000003200984
0x3295,130,0.000003015420
0x3296,130,0.000003015420
0x3297,130,0.000003015420
0x329a,116,0.000002690682
0x329b,116,0.000002690682
0x329e,116,0.000002690682
0x329f,116,0.000002690682
0x32a0,116,0.000002690682
0x32a3,116,0.000002690682
0x32a4,138,0.000003200984
0x32a5,138,0.000003200984
0x32a6,138,0.000003200984
0x32a9,4,0.000000092782
0x32ab,138,0.000003200984
0x32ac,138,0.000003200984
0x32af,49,0.000001136581
0x32b0,38,0.000000881430
0x32b3,38,0.000000881430
0x32b5,38,0.000000881430
0x32b8,38,0.000000881430
0x32ba,38,0.000000881430
0x32bc,38,0.000000881430
0x32bf,38,0.000000881430
0x32c2,38,0.000000881430
0x32c3,38,0.000000881430
0x32c4,11,0.000000255151
0x32c5,11,0.000000255151
0x32c6,11,0.000000255151
0x32c7,11,0.000000255151
0x32c8,11,0.000000255151
0x32cb,11,0.000000255151
0x32cd,11,0.000000255151
0x32d0,11,0.000000255151
0x32d2,11,0.000000255151
0x32d4,11,0.000000255151
0x32d6,11,0.000000255151
0x32d7,11,0.000000255151
0x32d9,11,0.000000255151
0x32da,11,0.000000255151
0x32dc,11,0.000000255151
0x32dd,11,0.000000255151
0x32de,11,0.000000255151
0x32e1,11,0.000000255151
0x32e2,11,0.000000255151
0x32e3,11,0.000000255151
0x32e6,2,0.000000046391
0x32e7,2,0.000000046391
0x32e9,2,0.000000046391
0x32ea,2,0.000000046391
0x3400,4228,0.000098070723
0x3403,4228,0.000098070723
0x3406,4228,0.000098070723
0x3409,4228,0.000098070723
0x340c,4228,0.000098070723
0x340f,4228,0.000098070723
0x3412,4228,0.000098070723
0x3413,4228,0.000098070723
0x3416,3845,0.000089186833
0x3418,3845,0.000089186833
0x341b,975,0.000022615647
0x341e,975,0.000022615647
0x3421,975,0.000022615647
0x3424,975,0.000022615647
0x3427,975,0.000022615647
0x342a,975,0.000022615647
0x342d,975,0.000022615647
0x342e,975,0.000022615647
0x3431,488,0.000011319421
0x3434,488,0.000011319421
0x3438,2870,0.000066571186
0x343b,2870,0.000066571186
0x343c,2870,0.000066571186
0x343f,1434,0.000033262398
0x3442,1434,0.000033262398
0x3445,1434,0.000033262398
0x3448,1434,0.000033262398
0x344b,1434,0.000033262398
0x3452,1436,0.000033308789
0x3455,1436,0.000033308789
0x3458,1436,0.000033308789
0x345b,1436,0.000033308789
0x3462,383,0.000008883890
0x3465,383,0.000008883890
0x3466,383,0.000008883890
0x3467,192,0.000004453543
0x346a,192,0.000004453543
0x346d,192,0.000004453543
0x3474,2409,0.000055878044
0x3477,9636,0.000223512177
0x3478,9636,0.000223512177
0x347b,9636,0.000223512177
0x347c,9636,0.000223512177
0x347d,9636,0.000223512177
0x347f,9636,0.000223512177
0x3480,9636,0.000223512177
0x3482,9636,0.000223512177
0x3485,2409,0.000055878044
0x3486,2411,0.000055924435
0x3489,9644,0.000223697742
0x348a,9644,0.000223697742
0x348d,9644,0.000223697742
0x348e,9644,0.000223697742
0x348f,9644,0.000223697742
0x3491,9644,0.000223697742
0x3492,9644,0.000223697742
0x3494,9644,0.000223697742
0x3497,2411,0.000055924435
0x3498,2409,0.000055878044
0x349b,9636,0.000223512177
0x349c,9636,0.000223512177
0x349f,9636,0.000223512177
0x34a0,9636,0.000223512177
0x34a1,9636,0.000223512177
0x34a3,9636,0.000223512177
0x34a4,9636,0.000223512177
0x34a6,9636,0.000223512177
0x34a9,2409,0.000055878044
0x34aa,2411,0.000055924435
0x34ad,9644,0.000223697742
0x34ae,9644,0.000223697742
0x34b1,9644,0.000223697742
0x34b2,9644,0.000223697742
0x34b3,9644,0.000223697742
0x34b5,9644,0.000223697742
0x34b6,9644,0.000223697742
0x34b8,9644,0.000223697742
0x34bb,2411,0.000055924435
0x34c0,19808,0.000459457162
0x34c1,19808,0.000459457162
0x34c2,19808,0.000459457162
0x34c3,11927,0.000276653149
0x34c4,11927,0.000276653149
0x34c6,11927,0.000276653149
0x34c7,11927,0.000276653149
0x34c9,11927,0.000276653149
0x34ca,11927,0.000276653149
0x34cb,11927,0.000276653149
0x34cc,11927,0.000276653149
0x34cd,11927,0.000276653149
0x34ce,11927,0.000276653149
0x34cf,11927,0.000276653149
0x34d0,11927,0.000276653149
0x34d1,11927,0.000276653149
0x34d2,11927,0.000276653149
0x34d3,11927,0.000276653149
0x34d4,11927,0.000276653149
0x34d5,11927,0.000276653149
0x34d7,11927,0.000276653149
0x34d8,11927,0.000276653149
0x34da,11927,0.000276653149
0x34db,11927,0.000276653149
0x34dc,11927,0.000276653149
0x34dd,11927,0.000276653149
0x34de,11956,0.000277325819
0x34df,11956,0.000277325819
0x34e1,11956,0.000277325819
0x34e4,2200,0.000051030178
0x34e5,2200,0.000051030178
0x34e7,2200,0.000051030178
0x34ea,972,0.000022546060
0x34ec,972,0.000022546060
0x34ed,972,0.000022546060
0x34ee,972,0.000022546060
0x34f0,972,0.000022546060
0x34f1,972,0.000022546060
0x34f3,972,0.000022546060
0x34f6,588,0.000013638975
0x34f8,588,0.000013638975
0x34f9,588,0.000013638975
0x34fa,588,0.000013638975
0x34fc,588,0.000013638975
0x34fd,588,0.000013638975
0x34ff,588,0.000013638975
0x3509,972,0.000022546060
0x350a,972,0.000022546060
0x350b,972,0.000022546060
0x350c,11956,0.000277325819
0x350e,11956,0.000277325819
0x350f,11956,0.000277325819
0x3512,11956,0.000277325819
0x3513,11956,0.000277325819
0x3515,11956,0.000277325819
0x3516,11956,0.000277325819
0x3518,11956,0.000277325819
0x3519,11956,0.000277325819
0x3520,959,0.000022244518
0x3521,959,0.000022244518
0x3522,959,0.000022244518
0x3523,959,0.000022244518
0x3524,959,0.000022244518
0x3525,959,0.000022244518
0x3526,959,0.000022244518
0x3527,959,0.000022244518
0x3528,3805,0.000088259012
0x3529,3805,0.000088259012
0x352a,3805,0.000088259012
0x352b,3805,0.000088259012
0x352c,3805,0.000088259012
0x352d,3805,0.000088259012
0x352e,3805,0.000088259012
0x352f,3805,0.000088259012
0x3530,4740,0.000109946837
0x3531,4740,0.000109946837
0x3532,4740,0.000109946837
0x3533,4740,0.000109946837
0x3534,4740,0.000109946837
0x3535,4740,0.000109946837
0x3536,4740,0.000109946837
0x3537,4740,0.000109946837
0x3538,5507,0.000127737813
0x3539,5507,0.000127737813
0x353a,5507,0.000127737813
0x353b,5507,0.000127737813
0x353c,5507,0.000127737813
0x353d,5507,0.000127737813
0x353e,5507,0.000127737813
0x353f,5507,0.000127737813
0x3540,11924,0.000276583562
0x3541,11924,0.000276583562
0x3542,11924,0.000276583562
0x3543,11924,0.000276583562
0x3544,11924,0.000276583562
0x3545,11924,0.000276583562
0x3546,11924,0.000276583562
0x3547,11924,0.000276583562
0x3548,12894,0.000299083231
0x3549,12894,0.000299083231
0x354a,12894,0.000299083231
0x354b,12894,0.000299083231
0x354c,12894,0.000299083231
0x354d,12894,0.000299083231
0x354e,12894,0.000299083231
0x354f,12894,0.000299083231
0x3550,13002,0.000301588349
0x3551,13002,0.000301588349
0x3552,13002,0.000301588349
0x3553,13002,0.000301588349
0x3554,13002,0.000301588349
0x3555,13002,0.000301588349
0x3556,13002,0.000301588349
0x3557,13002,0.000301588349
0x3558,13002,0.000301588349
0x355a,13002,0.000301588349
0x355b,13002,0.000301588349
0x355d,13002,0.000301588349
0x3560,3845,0.000089186833
0x3563,3845,0.000089186833
0x3564,3845,0.000089186833
0x3565,3845,0.000089186833
0x3566,3845,0.000089186833
0x3567,3845,0.000089186833
0x3568,3845,0.000089186833
0x3569,3845,0.000089186833
0x356a,3845,0.000089186833
0x356d,3845,0.000089186833
0x3570,3845,0.000089186833
0x3572,3845,0.000089186833
0x3577,3845,0.000089186833
0x3579,3845,0.000089186833
0x357a,3845,0.000089186833
0x357b,3845,0.000089186833
0x357e,3845,0.000089186833
0x357f,3845,0.000089186833
0x3581,3845,0.000089186833
0x3584,2711,0.000062883096
0x3586,3845,0.000089186833
0x3587,3845,0.000089186833
0x3588,3845,0.000089186833
0x3589,3845,0.000089186833
0x358c,3845,0.000089186833
0x358d,3845,0.000089186833
0x358e,3845,0.000089186833
0x3590,3845,0.000089186833
0x3591,3845,0.000089186833
0x3593,3845,0.000089186833
0x3594,3845,0.000089186833
0x3596,3845,0.000089186833
0x3597,3845,0.000089186833
0x359a,3845,0.000089186833
0x359b,3845,0.000089186833
0x359c,3845,0.000089186833
0x359d,3845,0.000089186833
0x359f,3845,0.000089186833
0x35a2,3845,0.000089186833
0x35b0,19280,0.000447209919
0x35b1,19280,0.000447209919
0x35b2,19280,0.000447209919
0x35b3,11399,0.000264405906
0x35b4,11399,0.000264405906
0x35b5,11399,0.000264405906
0x35b6,11399,0.000264405906
0x35b7,11399,0.000264405906
0x35b8,11399,0.000264405906
0x35b9,11399,0.000264405906
0x35ba,11399,0.000264405906
0x35bd,10292,0.000238728449
0x35be,11399,0.000264405906
0x35bf,11399,0.000264405906
0x35c0,11399,0.000264405906
0x35c1,11399,0.000264405906
0x35c2,11399,0.000264405906
0x35c3,11399,0.000264405906
0x35c4,11399,0.000264405906
0x35c5,11399,0.000264405906
0x35c7,11399,0.000264405906
0x35c8,11399,0.000264405906
0x35c9,11399,0.000264405906
0x35ca,11399,0.000264405906
0x35cb,11399,0.000264405906
0x35cc,11399,0.000264405906
0x35cd,11399,0.000264405906
0x35ce,11399,0.000264405906
0x35cf,11399,0.000264405906
0x35d0,11399,0.000264405906
0x35d1,11399,0.000264405906
0x35d2,11399,0.000264405906
0x35d3,11399,0.000264405906
0x35d4,11399,0.000264405906
0x35d5,11399,0.000264405906
0x35d6,11399,0.000264405906
0x35d7,11399,0.000264405906
0x35d8,11399,0.000264405906
0x35d9,11399,0.000264405906
0x35da,11399,0.000264405906
0x35db,11399,0.000264405906
0x35e0,8866,0.000205651615
0x35e1,8866,0.000205651615
0x35e2,8866,0.000205651615
0x35e3,8866,0.000205651615
0x35e5,8866,0.000205651615
0x35e8,4501,0.000104403104
0x35e9,4501,0.000104403104
0x35ea,4501,0.000104403104
0x35eb,4501,0.000104403104
0x35ec,4501,0.000104403104
0x35ed,4501,0.000104403104
0x35ee,4501,0.000104403104
0x35ef,4501,0.000104403104
0x35f0,4501,0.000104403104
0x35f1,4501,0.000104403104
0x35f3,4501,0.000104403104
0x35f6,1303,0.000030223782
0x35f8,1303,0.000030223782
0x35f9,1303,0.000030223782
0x35fa,1303,0.000030223782
0x35fb,1303,0.000030223782
0x35fd,1303,0.000030223782
0x35fe,1303,0.000030223782
0x3601,167,0.000003873654
0x3602,167,0.000003873654
0x3603,167,0.000003873654
0x3604,1303,0.000030223782
0x3605,1303,0.000030223782
0x3606,1303,0.000030223782
0x3607,1303,0.000030223782
0x3608,1303,0.000030223782
0x3609,1303,0.000030223782
0x360a,1303,0.000030223782
0x360b,1303,0.000030223782
0x360c,1303,0.000030223782
0x360e,1303,0.000030223782
0x360f,1303,0.000030223782
0x3612,1200,0.000027834642
0x3613,1200,0.000027834642
0x3614,1200,0.000027834642
0x3615,1200,0.000027834642
0x3616,1200,0.000027834642
0x3618,1200,0.000027834642
0x3619,1200,0.000027834642
0x361a,1200,0.000027834642
0x361b,1200,0.000027834642
0x361c,809,0.000018765188
0x361f,809,0.000018765188
0x3620,809,0.000018765188
0x3621,809,0.000018765188
0x3622,297,0.000006889074
0x3623,297,0.000006889074
0x3624,297,0.000006889074
0x3628,4365,0.000101248511
0x362a,4365,0.000101248511
0x362d,4261,0.000098836176
0x362e,4261,0.000098836176
0x362f,4261,0.000098836176
0x3630,4261,0.000098836176
0x3631,4261,0.000098836176
0x3632,4261,0.000098836176
0x3633,4261,0.000098836176
0x3634,4261,0.000098836176
0x3635,4261,0.000098836176
0x3636,4261,0.000098836176
0x3637,4261,0.000098836176
0x363a,1321,0.000030641302
0x363c,1321,0.000030641302
0x363d,1321,0.000030641302
0x363e,1321,0.000030641302
0x363f,1321,0.000030641302
0x3641,1321,0.000030641302
0x3642,1321,0.000030641302
0x3645,172,0.000003989632
0x3646,172,0.000003989632
0x3647,172,0.000003989632
0x3648,1321,0.000030641302
0x3649,1321,0.000030641302
0x364a,1321,0.000030641302
0x364b,1321,0.000030641302
0x364c,1321,0.000030641302
0x364d,1321,0.000030641302
0x364e,1321,0.000030641302
0x364f,1321,0.000030641302
0x3650,1321,0.000030641302
0x3651,1321,0.000030641302
0x3652,1321,0.000030641302
0x3654,1321,0.000030641302
0x3655,1321,0.000030641302
0x3656,1321,0.000030641302
0x3657,1321,0.000030641302
0x365a,980,0.000022731625
0x365d,980,0.000022731625
0x365e,980,0.000022731625
0x3661,284,0.000006587532
0x3662,284,0.000006587532
0x3663,1321,0.000030641302
0x3665,1321,0.000030641302
0x3666,1321,0.000030641302
0x366a,3198,0.000074179322
0x366b,3198,0.000074179322
0x366c,3198,0.000074179322
0x366d,112,0.000002597900
0x366e,112,0.000002597900
0x366f,112,0.000002597900
0x3670,112,0.000002597900
0x3671,112,0.000002597900
0x3672,103,0.000002389140
0x3673,103,0.000002389140
0x3674,103,0.000002389140
0x3675,103,0.000002389140
0x3676,103,0.000002389140
0x3679,103,0.000002389140
0x367b,103,0.000002389140
0x367c,103,0.000002389140
0x367f,103,0.000002389140
0x3680,103,0.000002389140
0x3683,103,0.000002389140
0x3684,103,0.000002389140
0x3686,103,0.000002389140
0x3689,103,0.000002389140
0x368a,103,0.000002389140
0x368b,103,0.000002389140
0x368d,103,0.000002389140
0x368e,80,0.000001855643
0x3690,80,0.000001855643
0x3691,65,0.000001507710
0x3692,65,0.000001507710
0x3695,2940,0.000068194874
0x3696,2940,0.000068194874
0x3697,2940,0.000068194874
0x3698,2940,0.000068194874
0x3699,2940,0.000068194874
0x369a,2940,0.000068194874
0x369b,2940,0.000068194874
0x369c,2940,0.000068194874
0x369d,80,0.000001855643
0x369e,80,0.000001855643
0x36a0,80,0.000001855643
0x36a1,80,0.000001855643
0x36a4,80,0.000001855643
0x36a6,80,0.000001855643
0x36a7,80,0.000001855643
0x36aa,75,0.000001739665
0x36ab,80,0.000001855643
0x36ae,80,0.000001855643
0x36b0,80,0.000001855643
0x36b3,80,0.000001855643
0x36b4,80,0.000001855643
0x36b6,80,0.000001855643
0x36b7,77,0.000001786056
0x36b9,77,0.000001786056
0x36ba,75,0.000001739665
0x36bb,75,0.000001739665
0x36c0,2533,0.000058754291
0x36c1,2533,0.000058754291
0x36c2,2533,0.000058754291
0x36c3,1266,0.000029365548
0x36c4,1266,0.000029365548
0x36c5,1266,0.000029365548
0x36c6,1266,0.000029365548
0x36c8,1266,0.000029365548
0x36c9,1266,0.000029365548
0x36cc,211,0.000004894258
0x36cd,211,0.000004894258
0x36ce,211,0.000004894258
0x36cf,211,0.000004894258
0x36d2,3431,0.000079583881
0x36d3,3431,0.000079583881
0x36d4,3431,0.000079583881
0x36d5,3431,0.000079583881
0x36d6,3431,0.000079583881
0x36d7,3431,0.000079583881
0x36d8,128,0.000002969029
0x36d9,128,0.000002969029
0x36da,128,0.000002969029
0x36db,128,0.000002969029
0x36dc,128,0.000002969029
0x36dd,128,0.000002969029
0x36de,128,0.000002969029
0x36e1,128,0.000002969029
0x36e3,128,0.000002969029
0x36e6,128,0.000002969029
0x36ea,4305,0.000099856779
0x36eb,4305,0.000099856779
0x36ec,4305,0.000099856779
0x36ed,4305,0.000099856779
0x36ee,4305,0.000099856779
0x36ef,4305,0.000099856779
0x36f0,933,0.000021641434
0x36f1,933,0.000021641434
0x36f2,933,0.000021641434
0x36f3,933,0.000021641434
0x36f5,933,0.000021641434
0x36f6,65,0.000001507710
0x36f7,65,0.000001507710
0x36f8,65,0.000001507710
0x36f9,65,0.000001507710
0x36fa,65,0.000001507710
0x36fb,65,0.000001507710
0x36fc,65,0.000001507710
0x36fd,65,0.000001507710
0x36fe,65,0.000001507710
0x3701,65,0.000001507710
0x3703,65,0.000001507710
0x3706,65,0.000001507710
0x370a,3452,0.000080070988
0x370b,3452,0.000080070988
0x370c,3452,0.000080070988
0x370d,3452,0.000080070988
0x370e,3452,0.000080070988
0x370f,3452,0.000080070988
0x3710,298,0.000006912269
0x3711,298,0.000006912269
0x3712,298,0.000006912269
0x3713,298,0.000006912269
0x3715,298,0.000006912269
0x3716,96,0.000002226771
0x3717,96,0.000002226771
0x3718,96,0.000002226771
0x3719,96,0.000002226771
0x371a,96,0.000002226771
0x371b,96,0.000002226771
0x371c,96,0.000002226771
0x371d,96,0.000002226771
0x371e,96,0.000002226771
0x3721,96,0.000002226771
0x3723,96,0.000002226771
0x3726,96,0.000002226771
0x3729,96,0.000002226771
0x372a,96,0.000002226771
0x372c,96,0.000002226771
0x372d,46,0.000001066995
0x372e,46,0.000001066995
0x3730,46,0.000001066995
0x3731,46,0.000001066995
0x3732,46,0.000001066995
0x3733,46,0.000001066995
0x3734,46,0.000001066995
0x3735,46,0.000001066995
0x3736,46,0.000001066995
0x3739,46,0.000001066995
0x373b,46,0.000001066995
0x373e,46,0.000001066995
0x3744,104,0.000002412336
0x3746,104,0.000002412336
0x3747,104,0.000002412336
0x3748,104,0.000002412336
0x3749,104,0.000002412336
0x374a,104,0.000002412336
0x374c,104,0.000002412336
0x374d,104,0.000002412336
0x374e,104,0.000002412336
0x3750,104,0.000002412336
0x3751,104,0.000002412336
0x3752,15,0.000000347933
0x3753,15,0.000000347933
0x3754,15,0.000000347933
0x3758,15798,0.000366443066
0x3759,15798,0.000366443066
0x375a,15798,0.000366443066
0x375b,240,0.000005566928
0x375c,240,0.000005566928
0x375f,225,0.000005218995
0x3760,225,0.000005218995
0x3761,225,0.000005218995
0x3764,120,0.000002783464
0x3766,120,0.000002783464
0x3767,120,0.000002783464
0x3769,120,0.000002783464
0x376a,120,0.000002783464
0x376b,120,0.000002783464
0x376c,120,0.000002783464
0x376d,120,0.000002783464
0x376e,120,0.000002783464
0x376f,120,0.000002783464
0x3770,120,0.000002783464
0x3771,120,0.000002783464
0x3772,120,0.000002783464
0x3773,120,0.000002783464
0x3774,120,0.000002783464
0x3777,120,0.000002783464
0x377a,120,0.000002783464
0x377b,120,0.000002783464
0x377c,120,0.000002783464
0x377d,120,0.000002783464
0x377e,120,0.000002783464
0x3780,120,0.000002783464
0x3781,120,0.000002783464
0x3782,120,0.000002783464
0x3783,120,0.000002783464
0x3786,120,0.000002783464
0x3787,120,0.000002783464
0x3788,104,0.000002412336
0x3789,104,0.000002412336
0x378c,104,0.000002412336
0x378e,104,0.000002412336
0x378f,104,0.000002412336
0x3791,104,0.000002412336
0x3792,104,0.000002412336
0x3796,120,0.000002783464
0x3798,120,0.000002783464
0x3799,120,0.000002783464
0x379b,120,0.000002783464
0x379e,45,0.000001043799
0x379f,120,0.000002783464
0x37a0,120,0.000002783464
0x37a1,120,0.000002783464
0x37a4,120,0.000002783464
0x37a5,120,0.000002783464
0x37a6,81,0.000001878838
0x37a7,81,0.000001878838
0x37aa,81,0.000001878838
0x37b0,105,0.000002435531
0x37b1,105,0.000002435531
0x37b2,105,0.000002435531
0x37b3,105,0.000002435531
0x37b4,105,0.000002435531
0x37b5,105,0.000002435531
0x37b6,105,0.000002435531
0x37b7,105,0.000002435531
0x37b8,105,0.000002435531
0x37b9,105,0.000002435531
0x37ba,105,0.000002435531
0x37bb,105,0.000002435531
0x37be,105,0.000002435531
0x37c0,105,0.000002435531
0x37c1,105,0.000002435531
0x37c4,105,0.000002435531
0x37c6,105,0.000002435531
0x37cc,15,0.000000347933
0x37cd,15,0.000000347933
0x37ce,15,0.000000347933
0x37cf,15,0.000000347933
0x37d0,15,0.000000347933
0x37d2,15,0.000000347933
0x37d4,15,0.000000347933
0x37d5,15,0.000000347933
0x37d7,15,0.000000347933
0x37da,15,0.000000347933
0x37dd,390,0.000009046259
0x37de,390,0.000009046259
0x37df,390,0.000009046259
0x37e0,390,0.000009046259
0x37e1,390,0.000009046259
0x37e2,390,0.000009046259
0x37e5,15,0.000000347933
0x3800,9026,0.000209362901
0x3803,9026,0.000209362901
0x3805,9026,0.000209362901
0x3806,4609,0.000106908222
0x3809,4609,0.000106908222
0x380b,4609,0.000106908222
0x380c,4609,0.000106908222
0x380f,4609,0.000106908222
0x3810,4609,0.000106908222
0x3813,4609,0.000106908222
0x3815,4609,0.000106908222
0x3816,4609,0.000106908222
0x3819,4609,0.000106908222
0x381a,4609,0.000106908222
0x381b,4609,0.000106908222
0x381d,4609,0.000106908222
0x381e,4609,0.000106908222
0x381f,4609,0.000106908222
0x3820,4609,0.000106908222
0x3822,4609,0.000106908222
0x3823,66,0.000001530905
0x3824,66,0.000001530905
0x3827,66,0.000001530905
0x3829,66,0.000001530905
0x382b,66,0.000001530905
0x382c,66,0.000001530905
0x382e,66,0.000001530905
0x382f,66,0.000001530905
0x3830,66,0.000001530905
0x3832,66,0.000001530905
0x3833,66,0.000001530905
0x3834,66,0.000001530905
0x3835,66,0.000001530905
0x3837,66,0.000001530905
0x3838,66,0.000001530905
0x3839,66,0.000001530905
0x383b,66,0.000001530905
0x383c,66,0.000001530905
0x383e,66,0.000001530905
0x3841,41,0.000000951017
0x3844,47,0.000001090190
0x3846,47,0.000001090190
0x3847,47,0.000001090190
0x3849,47,0.000001090190
0x384a,47,0.000001090190
0x384b,47,0.000001090190
0x384c,25,0.000000579888
0x384f,25,0.000000579888
0x3850,25,0.000000579888
0x3851,25,0.000000579888
0x3853,25,0.000000579888
0x3854,25,0.000000579888
0x3855,25,0.000000579888
0x3856,25,0.000000579888
0x3857,25,0.000000579888
0x3858,25,0.000000579888
0x3859,25,0.000000579888
0x385c,25,0.000000579888
0x385d,25,0.000000579888
0x385f,25,0.000000579888
0x3862,12,0.000000278346
0x3863,12,0.000000278346
0x3865,12,0.000000278346
0x3868,12,0.000000278346
0x386b,12,0.000000278346
0x386e,12,0.000000278346
0x386f,12,0.000000278346
0x3871,12,0.000000278346
0x3874,6,0.000000139173
0x3875,6,0.000000139173
0x3876,6,0.000000139173
0x3878,6,0.000000139173
0x387a,6,0.000000139173
0x387b,6,0.000000139173
0x387c,6,0.000000139173
0x387e,6,0.000000139173
0x3881,6,0.000000139173
0x3882,6,0.000000139173
0x3883,6,0.000000139173
0x3884,6,0.000000139173
0x3885,6,0.000000139173
0x3887,6,0.000000139173
0x388a,5,0.000000115978
0x388b,5,0.000000115978
0x388c,5,0.000000115978
0x388d,5,0.000000115978
0x3894,13,0.000000301542
0x3897,13,0.000000301542
0x3899,13,0.000000301542
0x389c,13,0.000000301542
0x38a1,29,0.000000672671
0x38a2,29,0.000000672671
0x38a4,29,0.000000672671
0x38a5,29,0.000000672671
0x38a6,29,0.000000672671
0x38a7,29,0.000000672671
0x38a8,29,0.000000672671
0x38a9,29,0.000000672671
0x38ac,29,0.000000672671
0x38ae,29,0.000000672671
0x38af,29,0.000000672671
0x38b1,29,0.000000672671
0x38b4,29,0.000000672671
0x38b5,29,0.000000672671
0x38bc,36,0.000000835039
0x38be,36,0.000000835039
0x38bf,36,0.000000835039
0x38c1,36,0.000000835039
0x38c2,36,0.000000835039
0x38c3,36,0.000000835039
0x38c4,4,0.000000092782
0x38c7,4,0.000000092782
0x38c8,4,0.000000092782
0x38ca,4,0.000000092782
0x38cd,4,0.000000092782
0x38cf,4,0.000000092782
0x38d2,2,0.000000046391
0x38d3,2,0.000000046391
0x38d4,2,0.000000046391
0x38d5,2,0.000000046391
0x38d7,2,0.000000046391
0x38d8,2,0.000000046391
0x38db,2,0.000000046391
0x38dc,2,0.000000046391
0x38dd,2,0.000000046391
0x38de,2,0.000000046391
0x38df,2,0.000000046391
0x38e1,2,0.000000046391
0x38e2,2,0.000000046391
0x38e4,2,0.000000046391
0x38e5,2,0.000000046391
0x38e7,2,0.000000046391
0x38e8,2,0.000000046391
0x38e9,4,0.000000092782
0x38eb,4,0.000000092782
0x38ee,4,0.000000092782
0x38f1,4,0.000000092782
0x38f8,17,0.000000394324
0x38fb,29,0.000000672671
0x38fc,29,0.000000672671
0x38fd,29,0.000000672671
0x3900,1,0.000000023196
0x3901,1,0.000000023196
0x3902,1,0.000000023196
0x3903,1,0.000000023196
0x3904,1,0.000000023196
0x3905,1,0.000000023196
0x3906,29,0.000000672671
0x3907,29,0.000000672671
0x3908,29,0.000000672671
0x3909,29,0.000000672671
0x390a,29,0.000000672671
0x390d,29,0.000000672671
0x390e,29,0.000000672671
0x390f,29,0.000000672671
0x3912,29,0.000000672671
0x3913,29,0.000000672671
0x3916,29,0.000000672671
0x3918,29,0.000000672671
0x391b,29,0.000000672671
0x391c,41,0.000000951017
0x391d,41,0.000000951017
0x391f,41,0.000000951017
0x3922,5,0.000000115978
0x3923,7174,0.000166404770
0x3930,1922,0.000044581819
0x3933,1922,0.000044581819
0x3935,1922,0.000044581819
0x3937,1922,0.000044581819
0x3938,1922,0.000044581819
0x393a,1922,0.000044581819
0x393b,1922,0.000044581819
0x393c,1922,0.000044581819
0x393d,1922,0.000044581819
0x393f,1922,0.000044581819
0x3942,961,0.000022290909
0x3945,961,0.000022290909
0x3946,961,0.000022290909
0x3947,961,0.000022290909
0x394a,961,0.000022290909
0x394b,961,0.000022290909
0x394c,6078,0.000140982463
0x394d,6078,0.000140982463
0x3950,5873,0.000136227378
0x3951,5873,0.000136227378
0x3952,5873,0.000136227378
0x3954,5873,0.000136227378
0x3955,5873,0.000136227378
0x3956,5873,0.000136227378
0x3959,756,0.000017535825
0x395c,6078,0.000140982463
0x395d,6078,0.000140982463
0x395f,6078,0.000140982463
0x3960,1521,0.000035280409
0x3961,1521,0.000035280409
0x3963,1521,0.000035280409
0x3964,1521,0.000035280409
0x3965,1521,0.000035280409
0x3966,1521,0.000035280409
0x3967,1153,0.000026744452
0x3968,1153,0.000026744452
0x3969,205,0.000004755085
0x396b,205,0.000004755085
0x396c,205,0.000004755085
0x396d,205,0.000004755085
0x396e,205,0.000004755085
0x396f,205,0.000004755085
0x3972,205,0.000004755085
0x3973,205,0.000004755085
0x3975,205,0.000004755085
0x3976,205,0.000004755085
0x3977,205,0.000004755085
0x3978,205,0.000004755085
0x397a,205,0.000004755085
0x397b,205,0.000004755085
0x3980,4228,0.000098070723
0x3983,4228,0.000098070723
0x3985,4228,0.000098070723
0x3986,297,0.000006889074
0x3988,297,0.000006889074
0x3989,285,0.000006610728
0x398c,285,0.000006610728
0x398f,285,0.000006610728
0x3991,285,0.000006610728
0x3994,285,0.000006610728
0x3996,285,0.000006610728
0x3998,285,0.000006610728
0x399b,285,0.000006610728
0x399d,285,0.000006610728
0x39a0,285,0.000006610728
0x39a2,285,0.000006610728
0x39a5,285,0.000006610728
0x39a7,285,0.000006610728
0x39a9,285,0.000006610728
0x39ac,285,0.000006610728
0x39af,285,0.000006610728
0x39b0,285,0.000006610728
0x39b3,144,0.000003340157
0x39b4,144,0.000003340157
0x39b6,144,0.000003340157
0x39b7,144,0.000003340157
0x39b9,144,0.000003340157
0x39ba,144,0.000003340157
0x39bb,144,0.000003340157
0x39bc,144,0.000003340157
0x39be,144,0.000003340157
0x39bf,285,0.000006610728
0x39c0,285,0.000006610728
0x39c3,570,0.000013221455
0x39c6,570,0.000013221455
0x39c9,570,0.000013221455
0x39ca,570,0.000013221455
0x39cc,570,0.000013221455
0x39cf,570,0.000013221455
0x39d2,570,0.000013221455
0x39d3,570,0.000013221455
0x39d4,570,0.000013221455
0x39d6,570,0.000013221455
0x39d8,570,0.000013221455
0x39db,285,0.000006610728
0x39de,285,0.000006610728
0x39e1,285,0.000006610728
0x39e3,285,0.000006610728
0x39e6,285,0.000006610728
0x39e8,285,0.000006610728
0x39ea,285,0.000006610728
0x3a00,1922,0.000044581819
0x3a03,1922,0.000044581819
0x3a05,1922,0.000044581819
0x3a06,1922,0.000044581819
0x3a07,1922,0.000044581819
0x3a08,1922,0.000044581819
0x3a0b,1922,0.000044581819
0x3a0c,1922,0.000044581819
0x3a0d,1922,0.000044581819
0x3a0e,961,0.000022290909
0x3a0f,961,0.000022290909
0x3a10,7558,0.000175311855
0x3a13,7558,0.000175311855
0x3a14,7558,0.000175311855
0x3a15,7558,0.000175311855
0x3a18,384,0.000008907086
0x3a1a,384,0.000008907086
0x3a1c,384,0.000008907086
0x3a1d,7174,0.000166404770
0x3a20,7174,0.000166404770
0x3a21,7174,0.000166404770
0x3a22,7174,0.000166404770
0x3a25,384,0.000008907086
0x3a27,384,0.000008907086
0x3a2a,12,0.000000278346
0x3a2c,384,0.000008907086
0x3a2d,384,0.000008907086
0x3a2e,384,0.000008907086
0x3a2f,384,0.000008907086
0x3a30,384,0.000008907086
0x3a31,384,0.000008907086
0x3a32,384,0.000008907086
0x3a34,384,0.000008907086
0x3a36,384,0.000008907086
0x3a37,384,0.000008907086
0x3a39,384,0.000008907086
0x3a3b,384,0.000008907086
0x3a3d,384,0.000008907086
0x3a3f,384,0.000008907086
0x3a40,6790,0.000157497684
0x3a42,6790,0.000157497684
0x3a43,6790,0.000157497684
0x3a44,6790,0.000157497684
0x3a47,640,0.000014845143
0x3a49,640,0.000014845143
0x3a4c,40,0.000000927821
0x3a4e,640,0.000014845143
0x3a4f,640,0.000014845143
0x3a50,640,0.000014845143
0x3a51,640,0.000014845143
0x3a52,640,0.000014845143
0x3a53,640,0.000014845143
0x3a54,640,0.000014845143
0x3a56,640,0.000014845143
0x3a58,640,0.000014845143
0x3a5a,640,0.000014845143
0x3a5b,640,0.000014845143
0x3a5d,640,0.000014845143
0x3a5f,640,0.000014845143
0x3a62,6150,0.000142652542
0x3a64,6150,0.000142652542
0x3a65,6150,0.000142652542
0x3a66,6150,0.000142652542
0x3a67,89,0.000002064403
0x3a69,89,0.000002064403
0x3a6c,9,0.000000208760
0x3a6e,9,0.000000208760
0x3a71,9,0.000000208760
0x3a73,9,0.000000208760
0x3a76,5,0.000000115978
0x3a78,89,0.000002064403
0x3a79,89,0.000002064403
0x3a7b,89,0.000002064403
0x3a7c,89,0.000002064403
0x3a7e,89,0.000002064403
0x3a80,89,0.000002064403
0x3a81,89,0.000002064403
0x3a82,7174,0.000166404770
0x3a85,7174,0.000166404770
0x3a86,7174,0.000166404770
0x3a88,7174,0.000166404770
0x3a89,1780,0.000041288053
0x3a8b,1780,0.000041288053
0x3a8c,1780,0.000041288053
0x3a8e,1780,0.000041288053
0x3a8f,1780,0.000041288053
0x3a90,7174,0.000166404770
0x3a93,7174,0.000166404770
0x3a94,7174,0.000166404770
0x3a95,7174,0.000166404770
0x3a98,3709,0.000086032240
0x3a9b,3709,0.000086032240
0x3a9e,3709,0.000086032240
0x3aa1,59344,0.001376515843
0x3aa2,59344,0.001376515843
0x3aa3,59344,0.001376515843
0x3aa4,59344,0.001376515843
0x3aa7,25653,0.000595035065
0x3aa8,25653,0.000595035065
0x3aaa,25653,0.000595035065
0x3aad,7201,0.000167031049
0x3aae,59344,0.001376515843
0x3aaf,59344,0.001376515843
0x3ab0,59344,0.001376515843
0x3ab1,59344,0.001376515843
0x3ab2,59344,0.001376515843
0x3ab5,3709,0.000086032240
0x3ab6,3709,0.000086032240
0x3ab7,3709,0.000086032240
0x3ab8,2740,0.000063555767
0x3aba,2740,0.000063555767
0x3abd,143,0.000003316962
0x3abf,2740,0.000063555767
0x3ac1,2740,0.000063555767
0x3ac2,2740,0.000063555767
0x3ac5,2740,0.000063555767
0x3ac6,2740,0.000063555767
0x3ac8,2740,0.000063555767
0x3ac9,2740,0.000063555767
0x3aca,2740,0.000063555767
0x3ad0,2332,0.000054091988
0x3ad3,2332,0.000054091988
0x3ad4,2332,0.000054091988
0x3ad6,2332,0.000054091988
0x3ad7,2332,0.000054091988
0x3ad8,2332,0.000054091988
0x3ada,2332,0.000054091988
0x3adb,2332,0.000054091988
0x3adc,2332,0.000054091988
0x3add,2332,0.000054091988
0x3adf,2332,0.000054091988
0x3ae0,2332,0.000054091988
0x3ae1,2332,0.000054091988
0x3ae3,2332,0.000054091988
0x3ae4,2332,0.000054091988
0x3ae5,2332,0.000054091988
0x3ae6,2332,0.000054091988
0x3ae9,2266,0.000052561083
0x3aec,2266,0.000052561083
0x3aee,2266,0.000052561083
0x3aef,2266,0.000052561083
0x3af1,2266,0.000052561083
0x3af2,2266,0.000052561083
0x3af3,2266,0.000052561083
0x3af4,63,0.000001461319
0x3af6,63,0.000001461319
0x3af8,66,0.000001530905
0x3afa,66,0.000001530905
0x3afb,66,0.000001530905
0x3afc,66,0.000001530905
0x3afd,66,0.000001530905
0x3aff,66,0.000001530905
0x3b00,66,0.000001530905
0x3b02,482,0.000011180248
0x3b05,482,0.000011180248
0x3b06,482,0.000011180248
0x3b08,482,0.000011180248
0x3b09,482,0.000011180248
0x3b0a,482,0.000011180248
0x3b0b,482,0.000011180248
0x3b0c,482,0.000011180248
0x3b0e,482,0.000011180248
0x3b10,482,0.000011180248
0x3b12,482,0.000011180248
0x3b13,160,0.000003711286
0x3b14,160,0.000003711286
0x3b16,160,0.000003711286
0x3b18,160,0.000003711286
0x3b19,160,0.000003711286
0x3b1b,7174,0.000166404770
0x3b1e,7174,0.000166404770
0x3b1f,7174,0.000166404770
0x3b20,7174,0.000166404770
0x3b21,128,0.000002969029
0x3b23,128,0.000002969029
0x3b26,2,0.000000046391
0x3b28,128,0.000002969029
0x3b29,128,0.000002969029
0x3b2a,128,0.000002969029
0x3b2c,128,0.000002969029
0x3b2d,128,0.000002969029
0x3b2e,128,0.000002969029
0x3b30,128,0.000002969029
0x3b31,128,0.000002969029
0x3b33,7174,0.000166404770
0x3b36,7174,0.000166404770
0x3b37,7174,0.000166404770
0x3b38,7174,0.000166404770
0x3b43,7174,0.000166404770
0x3b46,7174,0.000166404770
0x3b47,7174,0.000166404770
0x3b49,7174,0.000166404770
0x3b4c,7174,0.000166404770
0x3b4f,7174,0.000166404770
0x3b52,7174,0.000166404770
0x3b55,7174,0.000166404770
0x3b58,7174,0.000166404770
0x3b5b,7174,0.000166404770
