pc,count,frequency
0x0000,1,0.000000037544
0x0001,1,0.000000037544
0x0002,1,0.000000037544
0x0003,1,0.000000037544
0x0004,1,0.000000037544
0x0005,1,0.000000037544
0x0006,1,0.000000037544
0x0007,1,0.000000037544
0x0008,1,0.000000037544
0x000b,1,0.000000037544
0x000d,1,0.000000037544
0x000f,1,0.000000037544
0x0012,1,0.000000037544
0x0015,1,0.000000037544
0x0017,1,0.000000037544
0x001a,15304,0.000574579189
0x001d,15303,0.000574541644
0x0020,15303,0.000574541644
0x0021,15303,0.000574541644
0x0024,2128,0.000079894440
0x0027,2128,0.000079894440
0x002a,2128,0.000079894440
0x002d,13175,0.000494647204
0x002f,13175,0.000494647204
0x0031,13175,0.000494647204
0x0032,13175,0.000494647204
0x0034,13175,0.000494647204
0x0035,13175,0.000494647204
0x0038,13175,0.000494647204
0x0039,13175,0.000494647204
0x003c,13175,0.000494647204
0x003d,13175,0.000494647204
0x0040,7,0.000000262811
0x0043,7,0.000000262811
0x0046,13168,0.000494384393
0x0049,13168,0.000494384393
0x0050,1,0.000000037544
0x0052,1,0.000000037544
0x0054,1,0.000000037544
0x0056,1,0.000000037544
0x0058,1,0.000000037544
0x005a,1,0.000000037544
0x005c,1,0.000000037544
0x005f,1,0.000000037544
0x0061,1,0.000000037544
0x0063,1,0.000000037544
0x0066,1,0.000000037544
0x0068,1,0.000000037544
0x006a,1,0.000000037544
0x006b,2,0.000000075089
0x006e,2,0.000000075089
0x0070,6130,0.000230147048
0x0072,6130,0.000230147048
0x0073,6130,0.000230147048
0x0074,6130,0.000230147048
0x0077,2,0.000000075089
0x0078,864,0.000032438344
0x007b,864,0.000032438344
0x0080,2011468,0.075519318554
0x0082,2011468,0.075519318554
0x0083,2011468,0.075519318554
0x0085,2011468,0.075519318554
0x0088,30621,0.001149646454
0x0089,30621,0.001149646454
0x008b,30621,0.001149646454
0x008e,15335,0.000575743064
0x0090,15335,0.000575743064
0x0091,15335,0.000575743064
0x0094,15335,0.000575743064
0x0095,15335,0.000575743064
0x0096,15335,0.000575743064
0x0097,15335,0.000575743064
0x0098,15335,0.000575743064
0x009a,15335,0.000575743064
0x009d,15335,0.000575743064
0x009f,15335,0.000575743064
0x00a0,15335,0.000575743064
0x00a2,15335,0.000575743064
0x00a3,15335,0.000575743064
0x00a6,15335,0.000575743064
0x00a8,15335,0.000575743064
0x00ab,15335,0.000575743064
0x00ac,1,0.000000037544
0x00ae,1,0.000000037544
0x00af,1,0.000000037544
0x00b0,1,0.000000037544
0x00b2,1,0.000000037544
0x00b5,1,0.000000037544
0x00bb,27923,0.001048351717
0x00be,27923,0.001048351717
0x00bf,27923,0.001048351717
0x00c0,27923,0.001048351717
0x00c1,27923,0.001048351717
0x00c2,27923,0.001048351717
0x00c3,27923,0.001048351717
0x00c4,1811,0.000067992872
0x00c5,1811,0.000067992872
0x00c7,1811,0.000067992872
0x00c9,1811,0.000067992872
0x00ca,1811,0.000067992872
0x00cd,1811,0.000067992872
0x00ce,1811,0.000067992872
0x00cf,1811,0.000067992872
0x00d0,1811,0.000067992872
0x00d1,1811,0.000067992872
0x00d2,1811,0.000067992872
0x00d3,1811,0.000067992872
0x00d4,1811,0.000067992872
0x00d6,1811,0.000067992872
0x00d8,1811,0.000067992872
0x00d9,1811,0.000067992872
0x00dc,1811,0.000067992872
0x00dd,1811,0.000067992872
0x00de,1811,0.000067992872
0x00e1,613,0.000023014705
0x00e3,13168,0.000494384393
0x00e6,13168,0.000494384393
0x00e9,13168,0.000494384393
0x00ec,13168,0.000494384393
0x00ef,13168,0.000494384393
0x00f2,13164,0.000494234216
0x00f5,13164,0.000494234216
0x00f8,13164,0.000494234216
0x00fb,13164,0.000494234216
0x00fe,12290,0.000461420428
0x0101,12290,0.000461420428
0x0104,12290,0.000461420428
0x0107,12287,0.000461307795
0x0109,12287,0.000461307795
0x010c,12287,0.000461307795
0x010f,12284,0.000461195162
0x0111,12284,0.000461195162
0x0114,12284,0.000461195162
0x0117,12281,0.000461082528
0x0119,12281,0.000461082528
0x011c,12281,0.000461082528
0x011f,12281,0.000461082528
0x0122,11417,0.000428644184
0x0125,11417,0.000428644184
0x0128,11417,0.000428644184
0x012b,11417,0.000428644184
0x012e,10889,0.000408820752
0x0131,10889,0.000408820752
0x0134,10889,0.000408820752
0x0137,10889,0.000408820752
0x013a,729,0.000027369853
0x0140,16,0.000000600710
0x0143,16,0.000000600710
0x0146,16,0.000000600710
0x0149,16,0.000000600710
0x014c,16,0.000000600710
0x014e,16,0.000000600710
0x014f,16,0.000000600710
0x0151,16,0.000000600710
0x0152,16,0.000000600710
0x0153,16,0.000000600710
0x0154,16,0.000000600710
0x0156,16,0.000000600710
0x0158,16,0.000000600710
0x015b,16,0.000000600710
0x015d,16,0.000000600710
0x015f,16,0.000000600710
0x0161,16,0.000000600710
0x0164,16,0.000000600710
0x0166,16,0.000000600710
0x0167,16,0.000000600710
0x0168,16,0.000000600710
0x016a,16,0.000000600710
0x016b,16,0.000000600710
0x016d,16,0.000000600710
0x016f,16,0.000000600710
0x0172,16,0.000000600710
0x0173,10155,0.000381263177
0x0174,10155,0.000381263177
0x0176,10155,0.000381263177
0x0178,10155,0.000381263177
0x017a,10155,0.000381263177
0x017b,7674,0.000288115571
0x017d,7674,0.000288115571
0x017e,7595,0.000285149565
0x0180,7595,0.000285149565
0x0182,7595,0.000285149565
0x0183,2650,0.000099492606
0x0185,2650,0.000099492606
0x0186,2572,0.000096564145
0x0188,2572,0.000096564145
0x018a,2572,0.000096564145
0x018b,81,0.000003041095
0x018d,81,0.000003041095
0x018e,81,0.000003041095
0x018f,81,0.000003041095
0x0191,81,0.000003041095
0x0192,4,0.000000150178
0x0194,4,0.000000150178
0x0196,1738,0.000065252132
0x0197,1738,0.000065252132
0x0199,1738,0.000065252132
0x019b,1738,0.000065252132
0x019c,1416,0.000053162842
0x019d,1416,0.000053162842
0x019e,1416,0.000053162842
0x01a0,1416,0.000053162842
0x01a1,1416,0.000053162842
0x01a2,1416,0.000053162842
0x01a3,1416,0.000053162842
0x01a5,1416,0.000053162842
0x01a6,1416,0.000053162842
0x01a7,1416,0.000053162842
0x01a8,1416,0.000053162842
0x01ab,1416,0.000053162842
0x01ae,1416,0.000053162842
0x01af,1416,0.000053162842
0x01b0,1416,0.000053162842
0x01b1,1416,0.000053162842
0x01b2,1416,0.000053162842
0x01b3,1416,0.000053162842
0x01b4,1416,0.000053162842
0x01b5,1416,0.000053162842
0x01b6,1416,0.000053162842
0x01b7,1416,0.000053162842
0x01b8,1416,0.000053162842
0x01b9,1416,0.000053162842
0x01ba,1416,0.000053162842
0x01bb,1416,0.000053162842
0x01bd,1416,0.000053162842
0x01be,1416,0.000053162842
0x01c1,17616,0.000661381795
0x01c4,17616,0.000661381795
0x01c5,17616,0.000661381795
0x01c8,1416,0.000053162842
0x01c9,1416,0.000053162842
0x01ca,1416,0.000053162842
0x01d0,3720,0.000139665093
0x01d1,3720,0.000139665093
0x01d2,3720,0.000139665093
0x01d3,3720,0.000139665093
0x01d4,3720,0.000139665093
0x01d6,3720,0.000139665093
0x01d7,3720,0.000139665093
0x01d9,3720,0.000139665093
0x01dc,3720,0.000139665093
0x01dd,3720,0.000139665093
0x01e0,2147,0.000080607783
0x01e1,7,0.000000262811
0x01e4,782,0.000029359705
0x01e7,782,0.000029359705
0x01e9,782,0.000029359705
0x01ed,96720,0.003631292415
0x01ee,96720,0.003631292415
0x01ef,96720,0.003631292415
0x01f0,96720,0.003631292415
0x01f3,96720,0.003631292415
0x01f4,96720,0.003631292415
0x01f7,3720,0.000139665093
0x0200,28503,0.001070127458
0x0201,28503,0.001070127458
0x0202,100,0.000003754438
0x0203,100,0.000003754438
0x0204,100,0.000003754438
0x0205,100,0.000003754438
0x0206,1416,0.000053162842
0x0207,1416,0.000053162842
0x0208,1416,0.000053162842
0x0209,1416,0.000053162842
0x020a,1416,0.000053162842
0x020b,1416,0.000053162842
0x020c,1416,0.000053162842
0x020d,1416,0.000053162842
0x020e,1416,0.000053162842
0x0210,8654,0.000324909063
0x0211,8654,0.000324909063
0x0213,8654,0.000324909063
0x0214,8654,0.000324909063
0x0215,1832,0.000068781304
0x0216,1832,0.000068781304
0x0217,190622,0.007156784767
0x0218,190622,0.007156784767
0x021a,190622,0.007156784767
0x021b,190622,0.007156784767
0x021c,27723,0.001040842841
0x021d,27723,0.001040842841
0x0220,14,0.000000525621
0x0221,14,0.000000525621
0x0222,14,0.000000525621
0x0223,14,0.000000525621
0x0224,14,0.000000525621
0x0225,14,0.000000525621
0x0226,14,0.000000525621
0x0227,14,0.000000525621
0x0228,14,0.000000525621
0x0229,14,0.000000525621
0x022a,14,0.000000525621
0x022b,14,0.000000525621
0x022c,14,0.000000525621
0x022e,14,0.000000525621
0x022f,14,0.000000525621
0x0230,14,0.000000525621
0x0231,14,0.000000525621
0x0232,14,0.000000525621
0x0258,62287,0.002338526785
0x0259,62287,0.002338526785
0x025a,62287,0.002338526785
0x025b,250,0.000009386095
0x025c,250,0.000009386095
0x025d,250,0.000009386095
0x025e,250,0.000009386095
0x025f,250,0.000009386095
0x0260,47751,0.001792781680
0x0263,47751,0.001792781680
0x0264,45984,0.001726440761
0x0267,45984,0.001726440761
0x0270,65206,0.002448118829
0x0271,65206,0.002448118829
0x0272,65206,0.002448118829
0x0273,65206,0.002448118829
0x0274,65206,0.002448118829
0x0275,65206,0.002448118829
0x0276,65206,0.002448118829
0x0277,45984,0.001726440761
0x0278,45984,0.001726440761
0x0279,45984,0.001726440761
0x027a,45984,0.001726440761
0x027b,45984,0.001726440761
0x027c,45984,0.001726440761
0x027d,45984,0.001726440761
0x0288,7,0.000000262811
0x028b,7,0.000000262811
0x028e,7,0.000000262811
0x0290,7,0.000000262811
0x0293,7,0.000000262811
0x0295,7,0.000000262811
0x0298,7,0.000000262811
0x029a,7,0.000000262811
0x02a7,7,0.000000262811
0x02aa,7,0.000000262811
0x02ab,7,0.000000262811
0x02ac,7,0.000000262811
0x02ad,1,0.000000037544
0x02b0,1,0.000000037544
0x02b3,1,0.000000037544
0x02b6,1,0.000000037544
0x02b9,1,0.000000037544
0x02bc,1,0.000000037544
0x02be,1,0.000000037544
0x02c0,1,0.000000037544
0x02c3,1,0.000000037544
0x02c5,1,0.000000037544
0x02c7,1,0.000000037544
0x02cb,1,0.000000037544
0x02cd,1,0.000000037544
0x02cf,1,0.000000037544
0x02d4,1,0.000000037544
0x02d7,1,0.000000037544
0x02d8,1,0.000000037544
0x02db,1,0.000000037544
0x02dd,1,0.000000037544
0x02e3,1,0.000000037544
0x02e5,1,0.000000037544
0x02e6,1,0.000000037544
0x02e7,1,0.000000037544
0x02e8,1,0.000000037544
0x02ea,1,0.000000037544
0x02ed,1,0.000000037544
0x02f0,1,0.000000037544
0x02f3,1,0.000000037544
0x02f6,1,0.000000037544
0x02f9,1,0.000000037544
0x02fc,1,0.000000037544
0x02fe,1,0.000000037544
0x0300,1,0.000000037544
0x0303,1,0.000000037544
0x0306,1,0.000000037544
0x0308,1,0.000000037544
0x030b,1,0.000000037544
0x030d,1,0.000000037544
0x0310,1,0.000000037544
0x0314,16,0.000000600710
0x0315,16,0.000000600710
0x0316,16,0.000000600710
0x0317,16,0.000000600710
0x0318,16,0.000000600710
0x0319,16,0.000000600710
0x031a,16,0.000000600710
0x031b,16,0.000000600710
0x031c,16,0.000000600710
0x031d,16,0.000000600710
0x031e,16,0.000000600710
0x0320,2,0.000000075089
0x0321,2,0.000000075089
0x0322,2,0.000000075089
0x0323,2,0.000000075089
0x0324,2,0.000000075089
0x0325,2,0.000000075089
0x0326,2,0.000000075089
0x0327,2,0.000000075089
0x0328,2,0.000000075089
0x0329,2,0.000000075089
0x032a,2,0.000000075089
0x032e,1,0.000000037544
0x0331,8,0.000000300355
0x0333,8,0.000000300355
0x0334,8,0.000000300355
0x0335,8,0.000000300355
0x0337,8,0.000000300355
0x033a,1,0.000000037544
0x033c,1,0.000000037544
0x033f,1,0.000000037544
0x0341,1,0.000000037544
0x0344,1,0.000000037544
0x0346,1,0.000000037544
0x0349,1,0.000000037544
0x034b,1,0.000000037544
0x034e,1,0.000000037544
0x0350,1,0.000000037544
0x0353,1,0.000000037544
0x0355,1,0.000000037544
0x0357,1,0.000000037544
0x0358,1,0.000000037544
0x035b,1,0.000000037544
0x035c,1,0.000000037544
0x035e,1,0.000000037544
0x035f,1,0.000000037544
0x0361,1,0.000000037544
0x0367,4,0.000000150178
0x0369,4,0.000000150178
0x036a,4,0.000000150178
0x036c,4,0.000000150178
0x036f,4,0.000000150178
0x0370,4,0.000000150178
0x0371,4,0.000000150178
0x0373,4,0.000000150178
0x0376,4,0.000000150178
0x0377,13175,0.000494647204
0x037a,13175,0.000494647204
0x037b,13175,0.000494647204
0x037c,13175,0.000494647204
0x037d,13175,0.000494647204
0x0380,32,0.000001201420
0x0383,32,0.000001201420
0x0386,32,0.000001201420
0x0389,11648,0.000437316936
0x038a,11648,0.000437316936
0x038b,11648,0.000437316936
0x038c,11648,0.000437316936
0x038d,11648,0.000437316936
0x038e,11648,0.000437316936
0x038f,11648,0.000437316936
0x0390,11648,0.000437316936
0x0393,832,0.000031236924
0x0394,832,0.000031236924
0x0395,832,0.000031236924
0x0396,832,0.000031236924
0x0397,832,0.000031236924
0x0398,832,0.000031236924
0x0399,832,0.000031236924
0x039a,832,0.000031236924
0x039d,32,0.000001201420
0x03a0,89,0.000003341450
0x03a3,89,0.000003341450
0x03a6,37024,0.001390043118
0x03a7,37024,0.001390043118
0x03a8,37024,0.001390043118
0x03a9,37024,0.001390043118
0x03aa,37024,0.001390043118
0x03ab,37024,0.001390043118
0x03ac,37024,0.001390043118
0x03af,89,0.000003341450
0x03b0,10160,0.000381450899
0x03b3,10160,0.000381450899
0x03b6,10160,0.000381450899
0x03b9,7298,0.000273998884
0x03bc,7298,0.000273998884
0x03bf,7295,0.000273886251
0x03c2,7295,0.000273886251
0x03c5,7295,0.000273886251
0x03c8,4960,0.000186220124
0x03cb,4960,0.000186220124
0x03ce,10155,0.000381263177
0x03d1,10155,0.000381263177
0x03d4,10155,0.000381263177
0x03d5,10155,0.000381263177
0x03d7,10155,0.000381263177
0x03d8,10155,0.000381263177
0x03d9,10155,0.000381263177
0x03e2,2,0.000000075089
0x03e5,2,0.000000075089
0x03e8,2,0.000000075089
0x03eb,3,0.000000112633
0x03ee,3,0.000000112633
0x03f1,5,0.000000187722
0x03f4,5,0.000000187722
0x03f5,5,0.000000187722
0x03f7,5,0.000000187722
0x03f8,5,0.000000187722
0x03fa,5,0.000000187722
0x03fb,5,0.000000187722
0x03fc,5,0.000000187722
0x03fd,5,0.000000187722
0x0400,12283,0.000461157617
0x0403,12283,0.000461157617
0x0406,12283,0.000461157617
0x0407,12283,0.000461157617
0x0408,12283,0.000461157617
0x0409,12283,0.000461157617
0x040a,12283,0.000461157617
0x040b,12283,0.000461157617
0x040c,12283,0.000461157617
0x040d,12283,0.000461157617
0x041e,30,0.000001126331
0x0421,30,0.000001126331
0x0423,30,0.000001126331
0x0424,30,0.000001126331
0x0427,30,0.000001126331
0x0429,30,0.000001126331
0x042a,30,0.000001126331
0x042d,30,0.000001126331
0x0430,6,0.000000225266
0x0433,6,0.000000225266
0x0435,6,0.000000225266
0x0436,6,0.000000225266
0x0438,6,0.000000225266
0x043a,6,0.000000225266
0x043b,6,0.000000225266
0x043d,6,0.000000225266
0x043f,6,0.000000225266
0x0440,2,0.000000075089
0x0441,2,0.000000075089
0x0442,2,0.000000075089
0x0443,2,0.000000075089
0x0445,2,0.000000075089
0x04ac,1167,0.000043814291
0x04af,1167,0.000043814291
0x04b0,1167,0.000043814291
0x04b1,1167,0.000043814291
0x04b2,1167,0.000043814291
0x04b4,1167,0.000043814291
0x04b5,1167,0.000043814291
0x04b6,1156,0.000043401303
0x04b8,1156,0.000043401303
0x04ba,1156,0.000043401303
0x04bd,1150,0.000043176037
0x04bf,1150,0.000043176037
0x04c1,1150,0.000043176037
0x04c2,1150,0.000043176037
0x04c4,1150,0.000043176037
0x04c6,1150,0.000043176037
0x04c9,582,0.000021850829
0x04cc,582,0.000021850829
0x04cd,582,0.000021850829
0x04d0,582,0.000021850829
0x04d1,582,0.000021850829
0x04d2,582,0.000021850829
0x04d4,582,0.000021850829
0x04d7,582,0.000021850829
0x04df,582,0.000021850829
0x04e1,582,0.000021850829
0x04e4,582,0.000021850829
0x04e6,568,0.000021325208
0x04e9,568,0.000021325208
0x04ea,568,0.000021325208
0x04eb,568,0.000021325208
0x04ee,568,0.000021325208
0x04f4,568,0.000021325208
0x04f6,568,0.000021325208
0x04f9,568,0.000021325208
0x04fb,3408,0.000127951246
0x04fd,3408,0.000127951246
0x04fe,3408,0.000127951246
0x0501,3408,0.000127951246
0x0502,3408,0.000127951246
0x0505,568,0.000021325208
0x0506,24,0.000000901065
0x0509,24,0.000000901065
0x050b,24,0.000000901065
0x050e,24,0.000000901065
0x0511,24,0.000000901065
0x0514,24,0.000000901065
0x0515,24,0.000000901065
0x0518,24,0.000000901065
0x051b,24,0.000000901065
0x051d,24,0.000000901065
0x0520,24,0.000000901065
0x0523,24,0.000000901065
0x0526,24,0.000000901065
0x0529,24,0.000000901065
0x052c,24,0.000000901065
0x052f,24,0.000000901065
0x0532,24,0.000000901065
0x0535,24,0.000000901065
0x0537,24,0.000000901065
0x053a,24,0.000000901065
0x053d,24,0.000000901065
0x0540,24,0.000000901065
0x0543,24,0.000000901065
0x0547,24,0.000000901065
0x054a,24,0.000000901065
0x054d,24,0.000000901065
0x054f,24,0.000000901065
0x0552,24,0.000000901065
0x0555,24,0.000000901065
0x0557,24,0.000000901065
0x055a,24,0.000000901065
0x0580,27,0.000001013698
0x0583,27,0.000001013698
0x0586,27,0.000001013698
0x0588,27,0.000001013698
0x0589,27,0.000001013698
0x058a,27,0.000001013698
0x058b,27,0.000001013698
0x058d,27,0.000001013698
0x0590,27,0.000001013698
0x0592,27,0.000001013698
0x0595,27,0.000001013698
0x05d8,142,0.000005331302
0x05d9,6512,0.000244489001
0x05da,6512,0.000244489001
0x05db,6512,0.000244489001
0x05dc,6512,0.000244489001
0x05df,142,0.000005331302
0x05e0,1476,0.000055415505
0x05e1,1476,0.000055415505
0x05e2,1476,0.000055415505
0x05e3,1476,0.000055415505
0x05e4,1476,0.000055415505
0x05e5,1476,0.000055415505
0x05e8,57,0.000002140030
0x05ec,24,0.000000901065
0x05ef,24,0.000000901065
0x05f2,24,0.000000901065
0x05f4,24,0.000000901065
0x05f5,24,0.000000901065
0x05f6,24,0.000000901065
0x05f7,24,0.000000901065
0x05f8,24,0.000000901065
0x05f9,24,0.000000901065
0x05fa,150,0.000005631657
0x05fd,150,0.000005631657
0x0600,150,0.000005631657
0x0601,150,0.000005631657
0x0602,150,0.000005631657
0x0603,2289,0.000085939085
0x0604,2289,0.000085939085
0x0605,2289,0.000085939085
0x0606,2289,0.000085939085
0x0607,2289,0.000085939085
0x0608,2289,0.000085939085
0x0609,2289,0.000085939085
0x060a,2289,0.000085939085
0x060d,144,0.000005406391
0x0610,24,0.000000901065
0x0613,24,0.000000901065
0x0616,24,0.000000901065
0x0617,24,0.000000901065
0x0619,24,0.000000901065
0x061a,24,0.000000901065
0x061b,24,0.000000901065
0x061c,24,0.000000901065
0x061d,24,0.000000901065
0x061e,24,0.000000901065
0x061f,24,0.000000901065
0x0621,24,0.000000901065
0x0624,24,0.000000901065
0x0627,24,0.000000901065
0x0628,24,0.000000901065
0x0629,24,0.000000901065
0x062a,273,0.000010249616
0x062b,273,0.000010249616
0x062c,273,0.000010249616
0x062d,273,0.000010249616
0x062e,273,0.000010249616
0x062f,273,0.000010249616
0x0630,273,0.000010249616
0x0631,273,0.000010249616
0x0632,273,0.000010249616
0x0633,273,0.000010249616
0x0634,273,0.000010249616
0x0635,273,0.000010249616
0x0638,18,0.000000675799
0x0650,24,0.000000901065
0x0653,24,0.000000901065
0x0656,24,0.000000901065
0x0658,24,0.000000901065
0x0659,24,0.000000901065
0x065a,24,0.000000901065
0x065b,24,0.000000901065
0x065c,24,0.000000901065
0x065d,24,0.000000901065
0x065e,24,0.000000901065
0x0661,24,0.000000901065
0x0664,24,0.000000901065
0x0665,24,0.000000901065
0x0666,24,0.000000901065
0x0667,273,0.000010249616
0x0668,273,0.000010249616
0x0669,273,0.000010249616
0x066a,273,0.000010249616
0x066b,273,0.000010249616
0x066c,273,0.000010249616
0x066f,18,0.000000675799
0x067a,3408,0.000127951246
0x067d,3408,0.000127951246
0x067e,3408,0.000127951246
0x067f,3408,0.000127951246
0x0682,3408,0.000127951246
0x0684,3408,0.000127951246
0x0685,432,0.000016219172
0x0688,432,0.000016219172
0x068b,432,0.000016219172
0x068c,432,0.000016219172
0x068d,432,0.000016219172
0x068e,432,0.000016219172
0x068f,432,0.000016219172
0x0691,432,0.000016219172
0x0692,432,0.000016219172
0x0693,432,0.000016219172
0x0695,432,0.000016219172
0x0696,432,0.000016219172
0x0697,432,0.000016219172
0x0698,432,0.000016219172
0x0699,11247,0.000422261640
0x069a,11247,0.000422261640
0x069b,11247,0.000422261640
0x069c,11247,0.000422261640
0x069d,11247,0.000422261640
0x069e,11247,0.000422261640
0x069f,11247,0.000422261640
0x06a2,1728,0.000064876688
0x06a3,1728,0.000064876688
0x06a4,1728,0.000064876688
0x06a5,1728,0.000064876688
0x06a8,432,0.000016219172
0x06a9,432,0.000016219172
0x06ac,432,0.000016219172
0x06b0,3142,0.000117964441
0x06b3,3142,0.000117964441
0x06b6,3142,0.000117964441
0x06b7,3142,0.000117964441
0x06b8,3142,0.000117964441
0x06b9,18,0.000000675799
0x06ba,18,0.000000675799
0x06bb,18,0.000000675799
0x06bc,18,0.000000675799
0x06bd,18,0.000000675799
0x06be,18,0.000000675799
0x06bf,18,0.000000675799
0x06c0,18,0.000000675799
0x06c1,18,0.000000675799
0x06c2,18,0.000000675799
0x06c3,18,0.000000675799
0x06c4,18,0.000000675799
0x06c5,18,0.000000675799
0x06c8,18,0.000000675799
0x06ca,18,0.000000675799
0x06cb,18,0.000000675799
0x06cc,18,0.000000675799
0x06cd,18,0.000000675799
0x06cf,18,0.000000675799
0x06d0,18,0.000000675799
0x06d1,18,0.000000675799
0x06d2,18,0.000000675799
0x06d3,18,0.000000675799
0x06d4,18,0.000000675799
0x06d5,18,0.000000675799
0x06d7,18,0.000000675799
0x06d8,18,0.000000675799
0x06da,18,0.000000675799
0x06db,18,0.000000675799
0x06de,18,0.000000675799
0x06df,18,0.000000675799
0x06e1,18,0.000000675799
0x06e2,18,0.000000675799
0x06e3,18,0.000000675799
0x06e4,18,0.000000675799
0x06e7,18,0.000000675799
0x06e8,582,0.000021850829
0x06eb,582,0.000021850829
0x06ed,582,0.000021850829
0x06f0,3142,0.000117964441
0x06f3,3142,0.000117964441
0x06f6,3142,0.000117964441
0x0700,7806,0.000293071429
0x0703,7806,0.000293071429
0x0706,23418,0.000879214286
0x0709,23418,0.000879214286
0x070a,23418,0.000879214286
0x070c,23418,0.000879214286
0x070d,23418,0.000879214286
0x070f,23418,0.000879214286
0x0710,23418,0.000879214286
0x0711,23418,0.000879214286
0x0713,23418,0.000879214286
0x0716,7806,0.000293071429
0x0718,77123,0.002895535204
0x071b,77123,0.002895535204
0x0720,77123,0.002895535204
0x0721,77123,0.002895535204
0x0722,77123,0.002895535204
0x0724,77123,0.002895535204
0x0725,34246,0.001285744831
0x0726,34246,0.001285744831
0x0728,34246,0.001285744831
0x0729,34246,0.001285744831
0x072a,34246,0.001285744831
0x072b,34246,0.001285744831
0x072c,34246,0.001285744831
0x072e,34246,0.001285744831
0x0730,34246,0.001285744831
0x0731,34246,0.001285744831
0x0733,34246,0.001285744831
0x0734,34246,0.001285744831
0x0740,77123,0.002895535204
0x0741,77123,0.002895535204
0x0742,77123,0.002895535204
0x0744,77123,0.002895535204
0x0745,36373,0.001365601727
0x0746,36373,0.001365601727
0x0748,36373,0.001365601727
0x0749,36373,0.001365601727
0x074a,36373,0.001365601727
0x074b,36373,0.001365601727
0x074c,36373,0.001365601727
0x074d,36373,0.001365601727
0x074f,36373,0.001365601727
0x0750,36373,0.001365601727
0x0751,36373,0.001365601727
0x0752,36373,0.001365601727
0x0754,36373,0.001365601727
0x0755,36373,0.001365601727
0x0757,36373,0.001365601727
0x0758,36373,0.001365601727
0x0763,5108,0.000191776692
0x0764,5108,0.000191776692
0x0765,5108,0.000191776692
0x0766,5108,0.000191776692
0x0767,5108,0.000191776692
0x0768,5108,0.000191776692
0x0769,5108,0.000191776692
0x076a,5108,0.000191776692
0x076b,5108,0.000191776692
0x076d,7144,0.000268217049
0x076e,7144,0.000268217049
0x076f,7144,0.000268217049
0x0770,7144,0.000268217049
0x0771,7144,0.000268217049
0x0772,7144,0.000268217049
0x0773,7144,0.000268217049
0x0774,7144,0.000268217049
0x0775,7144,0.000268217049
0x0776,7144,0.000268217049
0x0779,17548,0.000658828777
0x077a,17548,0.000658828777
0x077b,17548,0.000658828777
0x077c,17548,0.000658828777
0x077d,17548,0.000658828777
0x077e,17548,0.000658828777
0x077f,17548,0.000658828777
0x0780,17548,0.000658828777
0x0783,17548,0.000658828777
0x0784,17548,0.000658828777
0x0785,17548,0.000658828777
0x0786,17548,0.000658828777
0x0788,17614,0.000661306706
0x0789,17614,0.000661306706
0x078a,17614,0.000661306706
0x078b,17614,0.000661306706
0x078c,17614,0.000661306706
0x078d,17614,0.000661306706
0x078e,17614,0.000661306706
0x078f,17614,0.000661306706
0x0790,17614,0.000661306706
0x0792,17614,0.000661306706
0x0793,17614,0.000661306706
0x0794,17614,0.000661306706
0x0795,17614,0.000661306706
0x0798,17614,0.000661306706
0x0799,17614,0.000661306706
0x079a,17614,0.000661306706
0x079b,17614,0.000661306706
0x079e,1531,0.000057480445
0x079f,1531,0.000057480445
0x07a0,1531,0.000057480445
0x07a1,1531,0.000057480445
0x07a2,1531,0.000057480445
0x07a3,1531,0.000057480445
0x07a4,1531,0.000057480445
0x07a5,1531,0.000057480445
0x07a6,1531,0.000057480445
0x07a7,1531,0.000057480445
0x07a8,1531,0.000057480445
0x07aa,1535,0.000057630623
0x07ab,1535,0.000057630623
0x07ac,1535,0.000057630623
0x07ad,1535,0.000057630623
0x07ae,1535,0.000057630623
0x07af,1535,0.000057630623
0x07b0,1535,0.000057630623
0x07b1,1535,0.000057630623
0x07b2,1535,0.000057630623
0x07b4,1535,0.000057630623
0x07b5,1535,0.000057630623
0x07b6,1535,0.000057630623
0x07b7,1535,0.000057630623
0x07b8,1535,0.000057630623
0x07b9,1535,0.000057630623
0x07ba,1535,0.000057630623
0x07bb,1535,0.000057630623
0x07be,10059,0.000377658916
0x07bf,10059,0.000377658916
0x07c0,10059,0.000377658916
0x07c1,10059,0.000377658916
0x07c2,10059,0.000377658916
0x07c3,10059,0.000377658916
0x07c4,10059,0.000377658916
0x07c5,10059,0.000377658916
0x07c6,10059,0.000377658916
0x07c7,10059,0.000377658916
0x07ca,10059,0.000377658916
0x07cb,10059,0.000377658916
0x07cc,10059,0.000377658916
0x07cd,10059,0.000377658916
0x07ce,10059,0.000377658916
0x07cf,10059,0.000377658916
0x07d2,10080,0.000378447348
0x07d3,10080,0.000378447348
0x07d4,10080,0.000378447348
0x07d5,10080,0.000378447348
0x07d6,10080,0.000378447348
0x07d7,10080,0.000378447348
0x07d8,10080,0.000378447348
0x07d9,10080,0.000378447348
0x07da,10080,0.000378447348
0x07dc,10098,0.000379123147
0x07dd,10098,0.000379123147
0x07de,10098,0.000379123147
0x07df,10098,0.000379123147
0x07e0,10098,0.000379123147
0x07e1,10098,0.000379123147
0x07e2,10098,0.000379123147
0x07e3,10098,0.000379123147
0x07e4,10098,0.000379123147
0x07e7,10098,0.000379123147
0x07e8,10098,0.000379123147
0x07e9,10098,0.000379123147
0x07ea,10098,0.000379123147
0x07eb,10098,0.000379123147
0x07ec,10098,0.000379123147
0x07ed,10098,0.000379123147
0x07ee,10098,0.000379123147
0x07f0,6,0.000000225266
0x07f3,6,0.000000225266
0x07f6,6,0.000000225266
0x07f9,6,0.000000225266
0x0800,9343,0.000350777141
0x0803,9343,0.000350777141
0x0806,9343,0.000350777141
0x0807,9343,0.000350777141
0x0809,9343,0.000350777141
0x080a,9343,0.000350777141
0x080b,9343,0.000350777141
0x080c,9343,0.000350777141
0x080d,9343,0.000350777141
0x080e,9343,0.000350777141
0x080f,9343,0.000350777141
0x0834,1116,0.000041899528
0x0837,1116,0.000041899528
0x083a,1116,0.000041899528
0x083b,1116,0.000041899528
0x083c,1116,0.000041899528
0x083e,1116,0.000041899528
0x083f,126,0.000004730592
0x0842,126,0.000004730592
0x0845,126,0.000004730592
0x0848,268,0.000010061894
0x084b,268,0.000010061894
0x084c,268,0.000010061894
0x084d,268,0.000010061894
0x084e,8,0.000000300355
0x0850,8,0.000000300355
0x0851,8,0.000000300355
0x0853,8,0.000000300355
0x0855,8,0.000000300355
0x085a,126,0.000004730592
0x085d,126,0.000004730592
0x085f,126,0.000004730592
0x0860,102,0.000003829527
0x0862,102,0.000003829527
0x0864,102,0.000003829527
0x0865,78,0.000002928462
0x0867,78,0.000002928462
0x0869,78,0.000002928462
0x086a,54,0.000002027397
0x086c,54,0.000002027397
0x086e,54,0.000002027397
0x086f,30,0.000001126331
0x0871,30,0.000001126331
0x0876,7806,0.000293071429
0x0879,7806,0.000293071429
0x087c,7806,0.000293071429
0x087f,7806,0.000293071429
0x0882,7806,0.000293071429
0x0885,7806,0.000293071429
0x0886,7806,0.000293071429
0x0889,7806,0.000293071429
0x088b,42923,0.001611517414
0x088c,42923,0.001611517414
0x088d,42923,0.001611517414
0x088e,42923,0.001611517414
0x088f,42923,0.001611517414
0x0890,42923,0.001611517414
0x0891,42923,0.001611517414
0x0892,42923,0.001611517414
0x0893,42923,0.001611517414
0x0894,42923,0.001611517414
0x0897,11707,0.000439532054
0x08a0,7806,0.000293071429
0x08a3,7806,0.000293071429
0x08a6,7806,0.000293071429
0x08a9,7806,0.000293071429
0x08ac,7806,0.000293071429
0x08ae,7806,0.000293071429
0x08b0,7806,0.000293071429
0x08c4,7806,0.000293071429
0x08c7,7806,0.000293071429
0x08c8,7806,0.000293071429
0x08ca,7806,0.000293071429
0x08cd,7682,0.000288415926
0x08cf,7682,0.000288415926
0x08d0,7682,0.000288415926
0x08d1,7682,0.000288415926
0x08d4,7298,0.000273998884
0x08d6,7298,0.000273998884
0x08d9,7298,0.000273998884
0x08dc,2,0.000000075089
0x08de,2,0.000000075089
0x08e0,2,0.000000075089
0x08e2,2,0.000000075089
0x08e3,2,0.000000075089
0x08e5,2,0.000000075089
0x08e6,2,0.000000075089
0x08e8,2,0.000000075089
0x08ea,386,0.000014492131
0x08eb,7682,0.000288415926
0x08ed,7682,0.000288415926
0x08f0,7682,0.000288415926
0x08f3,7682,0.000288415926
0x0900,7682,0.000288415926
0x0903,7682,0.000288415926
0x0904,7682,0.000288415926
0x0906,7682,0.000288415926
0x0907,6794,0.000255076516
0x0909,6794,0.000255076516
0x090c,3383,0.000127012637
0x090d,3383,0.000127012637
0x090f,3383,0.000127012637
0x0910,3383,0.000127012637
0x0911,3383,0.000127012637
0x0913,3383,0.000127012637
0x0916,3383,0.000127012637
0x0917,3411,0.000128063880
0x0918,3411,0.000128063880
0x091a,3411,0.000128063880
0x091b,3411,0.000128063880
0x091c,3411,0.000128063880
0x091e,3411,0.000128063880
0x0921,3411,0.000128063880
0x0926,7868,0.000295399180
0x0927,7868,0.000295399180
0x0929,7868,0.000295399180
0x092a,7868,0.000295399180
0x092b,7868,0.000295399180
0x092c,7868,0.000295399180
0x092d,7868,0.000295399180
0x092e,7868,0.000295399180
0x0930,7806,0.000293071429
0x0931,7806,0.000293071429
0x0933,7806,0.000293071429
0x0936,5290,0.000198609769
0x0937,5290,0.000198609769
0x0939,5290,0.000198609769
0x093c,5290,0.000198609769
0x093d,186,0.000006983255
0x093e,186,0.000006983255
0x0940,186,0.000006983255
0x0941,186,0.000006983255
0x0942,186,0.000006983255
0x0944,186,0.000006983255
0x0945,186,0.000006983255
0x0946,186,0.000006983255
0x0947,186,0.000006983255
0x094a,186,0.000006983255
0x094c,186,0.000006983255
0x094d,186,0.000006983255
0x094e,186,0.000006983255
0x0951,186,0.000006983255
0x0953,186,0.000006983255
0x0954,186,0.000006983255
0x0955,186,0.000006983255
0x0956,186,0.000006983255
0x0959,186,0.000006983255
0x095c,186,0.000006983255
0x095e,186,0.000006983255
0x0961,186,0.000006983255
0x0964,2516,0.000094461660
0x0965,2516,0.000094461660
0x0966,2516,0.000094461660
0x0967,2516,0.000094461660
0x0968,2516,0.000094461660
0x096a,2516,0.000094461660
0x096b,2516,0.000094461660
0x096d,2516,0.000094461660
0x096e,127,0.000004768136
0x096f,127,0.000004768136
0x0970,127,0.000004768136
0x0971,127,0.000004768136
0x0972,127,0.000004768136
0x0974,127,0.000004768136
0x0975,127,0.000004768136
0x097a,7806,0.000293071429
0x097d,7806,0.000293071429
0x097e,7806,0.000293071429
0x0980,7806,0.000293071429
0x0981,7806,0.000293071429
0x0984,7806,0.000293071429
0x0985,7806,0.000293071429
0x0986,7806,0.000293071429
0x0987,7806,0.000293071429
0x0988,7806,0.000293071429
0x098b,7806,0.000293071429
0x098c,7806,0.000293071429
0x098d,7806,0.000293071429
0x098e,7806,0.000293071429
0x0991,7806,0.000293071429
0x09a0,7830,0.000293972494
0x09a3,7830,0.000293972494
0x09a6,23490,0.000881917482
0x09a9,23490,0.000881917482
0x09aa,23490,0.000881917482
0x09ab,23490,0.000881917482
0x09ac,23490,0.000881917482
0x09ad,23490,0.000881917482
0x09ae,23490,0.000881917482
0x09af,23490,0.000881917482
0x09b0,23490,0.000881917482
0x09b2,23490,0.000881917482
0x09b5,7830,0.000293972494
0x09ba,64765,0.002431561758
0x09bd,64765,0.002431561758
0x09be,64765,0.002431561758
0x09c0,64765,0.002431561758
0x09c1,64765,0.002431561758
0x09c2,64765,0.002431561758
0x09c3,64765,0.002431561758
0x09c4,64765,0.002431561758
0x09c5,64765,0.002431561758
0x09c6,64765,0.002431561758
0x09c7,64765,0.002431561758
0x09c8,64765,0.002431561758
0x09c9,64765,0.002431561758
0x09ca,64765,0.002431561758
0x09cc,64765,0.002431561758
0x09cd,64765,0.002431561758
0x09ce,64765,0.002431561758
0x09cf,64765,0.002431561758
0x09d0,64765,0.002431561758
0x09d1,64765,0.002431561758
0x0a50,1710,0.000064200889
0x0a53,1710,0.000064200889
0x0a56,34200,0.001284017789
0x0a57,34200,0.001284017789
0x0a5a,34200,0.001284017789
0x0a5b,34200,0.001284017789
0x0a5c,34200,0.001284017789
0x0a5e,34200,0.001284017789
0x0a5f,34200,0.001284017789
0x0a61,34200,0.001284017789
0x0a62,34200,0.001284017789
0x0a63,34200,0.001284017789
0x0a64,34200,0.001284017789
0x0a67,1710,0.000064200889
0x0a6c,1602,0.000060146096
0x0a6f,1602,0.000060146096
0x0a72,32040,0.001202921929
0x0a73,32040,0.001202921929
0x0a74,32040,0.001202921929
0x0a75,32040,0.001202921929
0x0a77,32040,0.001202921929
0x0a7a,21770,0.000817341148
0x0a7b,21770,0.000817341148
0x0a7c,21770,0.000817341148
0x0a7d,21770,0.000817341148
0x0a7e,21770,0.000817341148
0x0a7f,21770,0.000817341148
0x0a80,21770,0.000817341148
0x0a81,21770,0.000817341148
0x0a82,21770,0.000817341148
0x0a83,21770,0.000817341148
0x0a84,21770,0.000817341148
0x0a85,21770,0.000817341148
0x0a86,21770,0.000817341148
0x0a87,21770,0.000817341148
0x0a8a,32040,0.001202921929
0x0a8b,32040,0.001202921929
0x0a8c,32040,0.001202921929
0x0a8d,32040,0.001202921929
0x0a8f,32040,0.001202921929
0x0a90,32040,0.001202921929
0x0a91,32040,0.001202921929
0x0a93,32040,0.001202921929
0x0a94,32040,0.001202921929
0x0a96,32040,0.001202921929
0x0a99,1602,0.000060146096
0x0aa0,124,0.000004655503
0x0aa2,124,0.000004655503
0x0aa3,124,0.000004655503
0x0aa4,124,0.000004655503
0x0aa5,124,0.000004655503
0x0aa8,124,0.000004655503
0x0aa9,124,0.000004655503
0x0aac,124,0.000004655503
0x0aae,124,0.000004655503
0x0aaf,124,0.000004655503
0x0ab0,124,0.000004655503
0x0ab3,124,0.000004655503
0x0ab5,124,0.000004655503
0x0ab8,122,0.000004580414
0x0abb,122,0.000004580414
0x0abd,122,0.000004580414
0x0abe,122,0.000004580414
0x0abf,122,0.000004580414
0x0ac0,122,0.000004580414
0x0ac1,122,0.000004580414
0x0ad6,4064,0.000152580360
0x0ad7,4064,0.000152580360
0x0ad8,16256,0.000610321438
0x0ad9,16256,0.000610321438
0x0ada,16256,0.000610321438
0x0adb,16256,0.000610321438
0x0adc,16256,0.000610321438
0x0add,16256,0.000610321438
0x0ae0,4064,0.000152580360
0x0ae1,4064,0.000152580360
0x0ae2,4064,0.000152580360
0x0ae5,4064,0.000152580360
0x0ae6,4064,0.000152580360
0x0ae9,1748,0.000065627576
0x0aea,960,0.000036042605
0x0aed,960,0.000036042605
0x0aee,960,0.000036042605
0x0af0,960,0.000036042605
0x0af1,960,0.000036042605
0x0af4,960,0.000036042605
0x0af6,960,0.000036042605
0x0af7,960,0.000036042605
0x0af8,960,0.000036042605
0x0af9,960,0.000036042605
0x0afc,960,0.000036042605
0x0afd,960,0.000036042605
0x0afe,960,0.000036042605
0x0b00,960,0.000036042605
0x0b01,960,0.000036042605
0x0b02,960,0.000036042605
0x0b05,950,0.000035667161
0x0b07,950,0.000035667161
0x0b0a,640,0.000024028403
0x0b0d,630,0.000023652959
0x0b15,10,0.000000375444
0x0b16,10,0.000000375444
0x0b18,10,0.000000375444
0x0b19,10,0.000000375444
0x0b1a,10,0.000000375444
0x0b1c,10,0.000000375444
0x0b1d,10,0.000000375444
0x0b1e,10,0.000000375444
0x0b1f,10,0.000000375444
0x0b20,3,0.000000112633
0x0b21,3,0.000000112633
0x0b22,3,0.000000112633
0x0b25,3,0.000000112633
0x0b26,3,0.000000112633
0x0b27,3,0.000000112633
0x0b28,3,0.000000112633
0x0b29,2,0.000000075089
0x0b2b,2,0.000000075089
0x0b2d,2,0.000000075089
0x0b48,2,0.000000075089
0x0b4b,2,0.000000075089
0x0b4e,2,0.000000075089
0x0b50,2,0.000000075089
0x0b51,2,0.000000075089
0x0b53,2,0.000000075089
0x0b54,2,0.000000075089
0x0b55,2,0.000000075089
0x0b57,2,0.000000075089
0x0b59,2,0.000000075089
0x0b5a,2,0.000000075089
0x0b60,783,0.000029397249
0x0b63,783,0.000029397249
0x0b64,783,0.000029397249
0x0b65,783,0.000029397249
0x0b67,783,0.000029397249
0x0b6a,778,0.000029209527
0x0b6d,778,0.000029209527
0x0b6f,778,0.000029209527
0x0b71,778,0.000029209527
0x0b74,3,0.000000112633
0x0b77,3,0.000000112633
0x0b79,3,0.000000112633
0x0b7b,3,0.000000112633
0x0b7c,3,0.000000112633
0x0b7d,3,0.000000112633
0x0b7e,3,0.000000112633
0x0b7f,3,0.000000112633
0x0b80,3,0.000000112633
0x0b82,3,0.000000112633
0x0b83,3,0.000000112633
0x0b84,3,0.000000112633
0x0b85,3,0.000000112633
0x0b87,3,0.000000112633
0x0b88,3,0.000000112633
0x0b89,3,0.000000112633
0x0b8a,3,0.000000112633
0x0b8b,3,0.000000112633
0x0b95,775,0.000029096894
0x0b98,775,0.000029096894
0x0b9b,775,0.000029096894
0x0ba0,310,0.000011638758
0x0ba3,310,0.000011638758
0x0ba4,310,0.000011638758
0x0ba6,310,0.000011638758
0x0ba8,310,0.000011638758
0x0ba9,124,0.000004655503
0x0bab,124,0.000004655503
0x0bac,62,0.000002327752
0x0bad,62,0.000002327752
0x0bae,62,0.000002327752
0x0baf,62,0.000002327752
0x0bb2,62,0.000002327752
0x0bba,630,0.000023652959
0x0bbb,630,0.000023652959
0x0bbc,630,0.000023652959
0x0bbf,320,0.000012014202
0x0bc0,320,0.000012014202
0x0bc1,320,0.000012014202
0x0bc4,160,0.000006007101
0x0bca,3,0.000000112633
0x0bcd,3,0.000000112633
0x0bd0,3,0.000000112633
0x0bd2,3,0.000000112633
0x0bd3,3,0.000000112633
0x0bd4,3,0.000000112633
0x0bd6,3,0.000000112633
0x0bd9,3,0.000000112633
0x0bdc,3,0.000000112633
0x0bdf,3,0.000000112633
0x0be2,3,0.000000112633
0x0be5,3,0.000000112633
0x0be8,3,0.000000112633
0x0beb,3,0.000000112633
0x0bee,3,0.000000112633
0x0bf1,3,0.000000112633
0x0c00,9,0.000000337899
0x0c01,9,0.000000337899
0x0c02,9,0.000000337899
0x0c04,9,0.000000337899
0x0c05,9,0.000000337899
0x0c07,9,0.000000337899
0x0c08,9,0.000000337899
0x0c09,9,0.000000337899
0x0c0a,9,0.000000337899
0x0c0b,9,0.000000337899
0x0c0c,9,0.000000337899
0x0c0f,9,0.000000337899
0x0c10,9,0.000000337899
0x0c11,9,0.000000337899
0x0c13,9,0.000000337899
0x0c16,9,0.000000337899
0x0c18,9,0.000000337899
0x0c40,3901,0.000146460626
0x0c43,3901,0.000146460626
0x0c45,3901,0.000146460626
0x0c48,3901,0.000146460626
0x0c4b,3901,0.000146460626
0x0c4e,3901,0.000146460626
0x0c51,3901,0.000146460626
0x0c56,3901,0.000146460626
0x0c59,19505,0.000732303128
0x0c5a,19505,0.000732303128
0x0c5d,19505,0.000732303128
0x0c5e,19505,0.000732303128
0x0c5f,19505,0.000732303128
0x0c61,19505,0.000732303128
0x0c62,19505,0.000732303128
0x0c64,19505,0.000732303128
0x0c67,3901,0.000146460626
0x0c6b,3901,0.000146460626
0x0c6e,3901,0.000146460626
0x0c71,19505,0.000732303128
0x0c74,19505,0.000732303128
0x0c75,19505,0.000732303128
0x0c76,19505,0.000732303128
0x0c77,19505,0.000732303128
0x0c78,19505,0.000732303128
0x0c79,19505,0.000732303128
0x0c7a,19505,0.000732303128
0x0c7b,19505,0.000732303128
0x0c7d,19505,0.000732303128
0x0c80,3901,0.000146460626
0x0c84,19505,0.000732303128
0x0c85,19505,0.000732303128
0x0c87,19505,0.000732303128
0x0c88,2690,0.000100994382
0x0c89,2690,0.000100994382
0x0c8a,2690,0.000100994382
0x0c8b,2690,0.000100994382
0x0c8c,2690,0.000100994382
0x0c8e,2690,0.000100994382
0x0c8f,2690,0.000100994382
0x0c90,2690,0.000100994382
0x0c91,2690,0.000100994382
0x0c92,2690,0.000100994382
0x0c94,2690,0.000100994382
0x0c95,2690,0.000100994382
0x0c97,2690,0.000100994382
0x0c9a,2618,0.000098291186
0x0c9b,2618,0.000098291186
0x0c9e,2618,0.000098291186
0x0c9f,2618,0.000098291186
0x0ca0,2618,0.000098291186
0x0ca2,2618,0.000098291186
0x0ca3,2618,0.000098291186
0x0ca4,2618,0.000098291186
0x0ca5,2618,0.000098291186
0x0ca6,2618,0.000098291186
0x0ca7,2618,0.000098291186
0x0ca8,2618,0.000098291186
0x0ca9,2618,0.000098291186
0x0caa,2618,0.000098291186
0x0cac,2618,0.000098291186
0x0caf,2612,0.000098065920
0x0cb4,2618,0.000098291186
0x0cb6,2618,0.000098291186
0x0cb7,584,0.000021925918
0x0cb9,584,0.000021925918
0x0cba,296,0.000011113136
0x0cbd,296,0.000011113136
0x0cbe,296,0.000011113136
0x0cbf,80,0.000003003550
0x0cc2,80,0.000003003550
0x0cc3,80,0.000003003550
0x0cc4,10,0.000000375444
0x0cc6,10,0.000000375444
0x0cc9,10,0.000000375444
0x0ccb,10,0.000000375444
0x0cce,10,0.000000375444
0x0cd0,10,0.000000375444
0x0cd3,10,0.000000375444
0x0cd8,3901,0.000146460626
0x0cdb,3901,0.000146460626
0x0cde,19505,0.000732303128
0x0cdf,19505,0.000732303128
0x0ce2,19505,0.000732303128
0x0ce3,19505,0.000732303128
0x0ce4,19505,0.000732303128
0x0ce6,19505,0.000732303128
0x0ce7,19505,0.000732303128
0x0ce9,19505,0.000732303128
0x0cea,19505,0.000732303128
0x0ceb,19505,0.000732303128
0x0cec,19505,0.000732303128
0x0cef,3901,0.000146460626
0x0cf4,4,0.000000150178
0x0cf5,4,0.000000150178
0x0cf6,4,0.000000150178
0x0d1c,1579,0.000059282576
0x0d1f,1579,0.000059282576
0x0d22,25264,0.000948521211
0x0d25,25264,0.000948521211
0x0d26,25264,0.000948521211
0x0d27,25264,0.000948521211
0x0d28,25264,0.000948521211
0x0d2a,25264,0.000948521211
0x0d2b,25264,0.000948521211
0x0d2e,1579,0.000059282576
0x0d30,25264,0.000948521211
0x0d31,25264,0.000948521211
0x0d32,25264,0.000948521211
0x0d33,25264,0.000948521211
0x0d34,25264,0.000948521211
0x0d35,25264,0.000948521211
0x0d37,25264,0.000948521211
0x0d38,21497,0.000807091533
0x0d39,21497,0.000807091533
0x0d3a,21497,0.000807091533
0x0d3b,21497,0.000807091533
0x0d3c,21497,0.000807091533
0x0d3e,21497,0.000807091533
0x0d3f,21497,0.000807091533
0x0d41,21497,0.000807091533
0x0d42,21497,0.000807091533
0x0d43,21497,0.000807091533
0x0d46,19911,0.000747546146
0x0d47,19911,0.000747546146
0x0d48,19911,0.000747546146
0x0d4b,2407,0.000090369322
0x0d4c,2407,0.000090369322
0x0d4d,2407,0.000090369322
0x0d4e,2407,0.000090369322
0x0d4f,3993,0.000149914709
0x0d50,3993,0.000149914709
0x0d51,3993,0.000149914709
0x0d52,3993,0.000149914709
0x0d53,3993,0.000149914709
0x0d54,3993,0.000149914709
0x0d55,3993,0.000149914709
0x0d57,3993,0.000149914709
0x0d58,3993,0.000149914709
0x0d59,1652,0.000062023315
0x0d5a,1652,0.000062023315
0x0d5e,17504,0.000657176824
0x0d5f,17504,0.000657176824
0x0d60,17504,0.000657176824
0x0d61,17504,0.000657176824
0x0d62,17504,0.000657176824
0x0d64,17504,0.000657176824
0x0d65,17504,0.000657176824
0x0d66,2597,0.000097502754
0x0d67,2597,0.000097502754
0x0d70,1578,0.000059245031
0x0d73,1578,0.000059245031
0x0d76,25248,0.000947920501
0x0d79,25248,0.000947920501
0x0d7a,25248,0.000947920501
0x0d7c,25248,0.000947920501
0x0d7d,25248,0.000947920501
0x0d7f,25248,0.000947920501
0x0d80,25248,0.000947920501
0x0d83,1578,0.000059245031
0x0d86,25248,0.000947920501
0x0d87,25248,0.000947920501
0x0d88,25248,0.000947920501
0x0d89,25248,0.000947920501
0x0d8a,25248,0.000947920501
0x0d8b,25248,0.000947920501
0x0d8d,25248,0.000947920501
0x0d8e,21479,0.000806415734
0x0d8f,21479,0.000806415734
0x0d90,21479,0.000806415734
0x0d91,21479,0.000806415734
0x0d94,21479,0.000806415734
0x0d95,21479,0.000806415734
0x0d96,21479,0.000806415734
0x0d97,21479,0.000806415734
0x0d99,21479,0.000806415734
0x0d9a,21479,0.000806415734
0x0d9c,21479,0.000806415734
0x0d9d,21479,0.000806415734
0x0d9f,21479,0.000806415734
0x0da0,21479,0.000806415734
0x0da1,21479,0.000806415734
0x0da2,21479,0.000806415734
0x0da3,21479,0.000806415734
0x0da4,21479,0.000806415734
0x0da5,21479,0.000806415734
0x0da6,21479,0.000806415734
0x0da7,21479,0.000806415734
0x0da8,21479,0.000806415734
0x0dab,20123,0.000755505555
0x0dac,20123,0.000755505555
0x0daf,2581,0.000096902044
0x0db0,2581,0.000096902044
0x0db1,2581,0.000096902044
0x0db3,2581,0.000096902044
0x0db4,2581,0.000096902044
0x0db5,2581,0.000096902044
0x0dbb,1356,0.000050910179
0x0dbc,1356,0.000050910179
0x0dbd,1356,0.000050910179
0x0dbf,1356,0.000050910179
0x0dc0,1356,0.000050910179
0x0dc1,1356,0.000050910179
0x0dc2,1356,0.000050910179
0x0dc3,1356,0.000050910179
0x0dc5,1356,0.000050910179
0x0dc6,1356,0.000050910179
0x0dcc,17542,0.000658603511
0x0dcd,17542,0.000658603511
0x0dce,17542,0.000658603511
0x0dcf,17542,0.000658603511
0x0dd1,17542,0.000658603511
0x0dd2,21479,0.000806415734
0x0dd3,21479,0.000806415734
0x0dd5,21479,0.000806415734
0x0dd6,21479,0.000806415734
0x0dd7,21479,0.000806415734
0x0dd8,21479,0.000806415734
0x0dd9,21479,0.000806415734
0x0dda,21479,0.000806415734
0x0dde,95,0.000003566716
0x0ddf,95,0.000003566716
0x0de0,95,0.000003566716
0x0de3,95,0.000003566716
0x0de4,95,0.000003566716
0x0de5,95,0.000003566716
0x0de6,95,0.000003566716
0x0de9,95,0.000003566716
0x0dea,95,0.000003566716
0x0deb,95,0.000003566716
0x0dec,95,0.000003566716
0x0ded,95,0.000003566716
0x0df0,6233,0.000234014119
0x0df3,6233,0.000234014119
0x0df6,6233,0.000234014119
0x0df9,6233,0.000234014119
0x0dfc,6233,0.000234014119
0x0dff,6233,0.000234014119
0x0e10,12466,0.000468028239
0x0e11,12466,0.000468028239
0x0e13,12466,0.000468028239
0x0e14,1899,0.000071296777
0x0e15,1899,0.000071296777
0x0e16,1899,0.000071296777
0x0e17,1899,0.000071296777
0x0e18,1899,0.000071296777
0x0e1a,1899,0.000071296777
0x0e1b,1899,0.000071296777
0x0e1d,1899,0.000071296777
0x0e1e,44,0.000001651953
0x0e20,44,0.000001651953
0x0e23,33,0.000001238965
0x0e25,33,0.000001238965
0x0e26,33,0.000001238965
0x0e27,33,0.000001238965
0x0e29,33,0.000001238965
0x0e2a,33,0.000001238965
0x0e2c,33,0.000001238965
0x0e2d,33,0.000001238965
0x0e2e,33,0.000001238965
0x0e2f,33,0.000001238965
0x0e31,33,0.000001238965
0x0e32,33,0.000001238965
0x0e33,28,0.000001051243
0x0e34,28,0.000001051243
0x0e35,28,0.000001051243
0x0e36,24,0.000000901065
0x0e39,11,0.000000412988
0x0e3a,11,0.000000412988
0x0e3b,11,0.000000412988
0x0e3c,11,0.000000412988
0x0e3d,11,0.000000412988
0x0e3e,11,0.000000412988
0x0e3f,11,0.000000412988
0x0e41,11,0.000000412988
0x0e42,11,0.000000412988
0x0e45,87,0.000003266361
0x0e46,87,0.000003266361
0x0e47,87,0.000003266361
0x0e48,87,0.000003266361
0x0e4a,87,0.000003266361
0x0e4d,78,0.000002928462
0x0e4e,78,0.000002928462
0x0e4f,78,0.000002928462
0x0e51,78,0.000002928462
0x0e52,78,0.000002928462
0x0e55,2,0.000000075089
0x0e58,78,0.000002928462
0x0e59,78,0.000002928462
0x0e5a,78,0.000002928462
0x0e5b,29,0.000001088787
0x0e5c,29,0.000001088787
0x0e5e,29,0.000001088787
0x0e5f,29,0.000001088787
0x0e60,15,0.000000563166
0x0e61,15,0.000000563166
0x0e62,15,0.000000563166
0x0e63,15,0.000000563166
0x0e65,15,0.000000563166
0x0e66,15,0.000000563166
0x0e67,9,0.000000337899
0x0e69,9,0.000000337899
0x0e6a,9,0.000000337899
0x0e6b,9,0.000000337899
0x0e70,24,0.000000901065
0x0e71,24,0.000000901065
0x0e72,24,0.000000901065
0x0e74,24,0.000000901065
0x0e75,24,0.000000901065
0x0e76,24,0.000000901065
0x0e77,24,0.000000901065
0x0e78,24,0.000000901065
0x0e7a,24,0.000000901065
0x0e7b,24,0.000000901065
0x0e7e,149,0.000005594113
0x0e7f,149,0.000005594113
0x0e80,149,0.000005594113
0x0e81,149,0.000005594113
0x0e83,149,0.000005594113
0x0e86,125,0.000004693047
0x0e87,125,0.000004693047
0x0e88,125,0.000004693047
0x0e8a,125,0.000004693047
0x0e8b,125,0.000004693047
0x0e90,120,0.000004505326
0x0e91,120,0.000004505326
0x0e93,120,0.000004505326
0x0e94,120,0.000004505326
0x0e95,57,0.000002140030
0x0e97,57,0.000002140030
0x0e98,57,0.000002140030
0x0e99,27,0.000001013698
0x0e9a,27,0.000001013698
0x0e9b,27,0.000001013698
0x0e9c,27,0.000001013698
0x0e9e,27,0.000001013698
0x0e9f,27,0.000001013698
0x0ea0,24,0.000000901065
0x0ea3,24,0.000000901065
0x0ea4,33,0.000001238965
0x0ea5,33,0.000001238965
0x0ea6,33,0.000001238965
0x0ea7,33,0.000001238965
0x0ea8,33,0.000001238965
0x0ea9,33,0.000001238965
0x0eaa,33,0.000001238965
0x0eac,33,0.000001238965
0x0ead,37,0.000001389142
0x0eae,37,0.000001389142
0x0eb0,37,0.000001389142
0x0eb1,37,0.000001389142
0x0eb2,37,0.000001389142
0x0eb4,37,0.000001389142
0x0eb5,37,0.000001389142
0x0eb6,37,0.000001389142
0x0eb7,37,0.000001389142
0x0eb8,37,0.000001389142
0x0ebb,37,0.000001389142
0x0ebc,37,0.000001389142
0x0ebe,37,0.000001389142
0x0ec1,37,0.000001389142
0x0ec3,37,0.000001389142
0x0ec4,37,0.000001389142
0x0ec5,37,0.000001389142
0x0ed5,37,0.000001389142
0x0ed6,37,0.000001389142
0x0ed7,37,0.000001389142
0x0ed8,37,0.000001389142
0x0ed9,37,0.000001389142
0x0eda,37,0.000001389142
0x0edb,37,0.000001389142
0x0edc,37,0.000001389142
0x0ede,37,0.000001389142
0x0ee0,37,0.000001389142
0x0ee2,37,0.000001389142
0x0ee3,37,0.000001389142
0x0ee4,37,0.000001389142
0x0ee5,37,0.000001389142
0x0f00,1584,0.000059470298
0x0f03,1584,0.000059470298
0x0f04,1584,0.000059470298
0x0f06,1584,0.000059470298
0x0f09,1584,0.000059470298
0x0f0b,1584,0.000059470298
0x0f0c,1584,0.000059470298
0x0f0d,1584,0.000059470298
0x0f0e,1584,0.000059470298
0x0f11,1584,0.000059470298
0x0f14,1584,0.000059470298
0x0f15,4,0.000000150178
0x0f16,4,0.000000150178
0x0f17,4,0.000000150178
0x0f1a,4,0.000000150178
0x0f1b,4,0.000000150178
0x0f1d,4,0.000000150178
0x0f1e,4,0.000000150178
0x0f1f,4,0.000000150178
0x0f20,4,0.000000150178
0x0f23,19,0.000000713343
0x0f24,19,0.000000713343
0x0f25,19,0.000000713343
0x0f26,19,0.000000713343
0x0f28,19,0.000000713343
0x0f2b,15,0.000000563166
0x0f2c,15,0.000000563166
0x0f2d,15,0.000000563166
0x0f2f,15,0.000000563166
0x0f30,15,0.000000563166
0x0f38,10,0.000000375444
0x0f39,10,0.000000375444
0x0f3a,10,0.000000375444
0x0f3b,10,0.000000375444
0x0f3d,10,0.000000375444
0x0f3e,4,0.000000150178
0x0f40,4,0.000000150178
0x0f41,4,0.000000150178
0x0f42,4,0.000000150178
0x0f43,4,0.000000150178
0x0f44,4,0.000000150178
0x0f45,4,0.000000150178
0x0f46,4,0.000000150178
0x0f49,4,0.000000150178
0x0f4c,4,0.000000150178
0x0f4d,4,0.000000150178
0x0f4e,4,0.000000150178
0x0f56,3165,0.000118827962
0x0f57,3165,0.000118827962
0x0f58,6326,0.000237505747
0x0f59,6326,0.000237505747
0x0f5b,6326,0.000237505747
0x0f5e,4,0.000000150178
0x0f60,4,0.000000150178
0x0f63,6322,0.000237355569
0x0f64,6322,0.000237355569
0x0f65,6322,0.000237355569
0x0f68,3161,0.000118677785
0x0f69,3161,0.000118677785
0x0f6a,3161,0.000118677785
0x0f6d,3161,0.000118677785
0x0f6e,3161,0.000118677785
0x0f71,1580,0.000059320120
0x0fc0,4211,0.000158099383
0x0fc3,4211,0.000158099383
0x0fc6,4211,0.000158099383
0x0fc9,4211,0.000158099383
0x0fcc,4211,0.000158099383
0x0fcf,4211,0.000158099383
0x0fd2,4211,0.000158099383
0x0fd5,4211,0.000158099383
0x0fd8,8422,0.000316198767
0x0fd9,8422,0.000316198767
0x0fda,8422,0.000316198767
0x0fdb,526,0.000019748344
0x0fdc,526,0.000019748344
0x0fdd,526,0.000019748344
0x0fde,526,0.000019748344
0x0fdf,526,0.000019748344
0x0fe0,526,0.000019748344
0x0fe1,526,0.000019748344
0x0fe2,526,0.000019748344
0x0fe3,526,0.000019748344
0x0fe6,526,0.000019748344
0x0fe7,526,0.000019748344
0x0fe9,526,0.000019748344
0x0fea,526,0.000019748344
0x0fec,526,0.000019748344
0x0fed,526,0.000019748344
0x0fef,526,0.000019748344
0x0ff0,526,0.000019748344
0x0ff1,526,0.000019748344
0x0ff4,526,0.000019748344
0x14e0,1416,0.000053162842
0x14e1,1416,0.000053162842
0x14e4,1416,0.000053162842
0x14e6,1416,0.000053162842
0x17e0,13182,0.000494910015
0x17e3,13182,0.000494910015
0x17e5,13182,0.000494910015
0x17e8,13182,0.000494910015
0x1df0,775,0.000029096894
0x1df3,775,0.000029096894
0x1df5,775,0.000029096894
0x1ee0,528,0.000019823433
0x1ee3,528,0.000019823433
0x1ee6,13728,0.000515409246
0x1ee7,13728,0.000515409246
0x1ee8,13728,0.000515409246
0x1ee9,13728,0.000515409246
0x1eec,13728,0.000515409246
0x1eed,13728,0.000515409246
0x1ef0,528,0.000019823433
0x1ef1,528,0.000019823433
0x1ef2,528,0.000019823433
0x1ef4,528,0.000019823433
0x1ef7,528,0.000019823433
0x1ef8,528,0.000019823433
0x1ef9,528,0.000019823433
0x1efa,528,0.000019823433
0x2000,6233,0.000234014119
0x2003,6233,0.000234014119
0x2006,6233,0.000234014119
0x2009,6233,0.000234014119
0x200c,6233,0.000234014119
0x200d,6233,0.000234014119
0x200f,6233,0.000234014119
0x2010,6233,0.000234014119
0x2011,6233,0.000234014119
0x2014,6233,0.000234014119
0x2015,6233,0.000234014119
0x2018,6233,0.000234014119
0x201a,6233,0.000234014119
0x201d,89,0.000003341450
0x201e,89,0.000003341450
0x201f,89,0.000003341450
0x2020,89,0.000003341450
0x2023,22,0.000000825976
0x2025,89,0.000003341450
0x2026,89,0.000003341450
0x2027,89,0.000003341450
0x202a,87,0.000003266361
0x2040,3142,0.000117964441
0x2043,3142,0.000117964441
0x2046,3142,0.000117964441
0x2047,3142,0.000117964441
0x2048,3142,0.000117964441
0x2049,22,0.000000825976
0x204a,22,0.000000825976
0x204b,22,0.000000825976
0x204c,22,0.000000825976
0x204d,22,0.000000825976
0x204e,22,0.000000825976
0x204f,22,0.000000825976
0x2050,22,0.000000825976
0x2051,22,0.000000825976
0x2052,22,0.000000825976
0x2055,22,0.000000825976
0x2057,22,0.000000825976
0x2058,22,0.000000825976
0x2059,22,0.000000825976
0x205a,22,0.000000825976
0x205c,22,0.000000825976
0x205d,22,0.000000825976
0x205e,22,0.000000825976
0x2060,22,0.000000825976
0x2061,22,0.000000825976
0x2062,22,0.000000825976
0x2063,22,0.000000825976
0x2064,22,0.000000825976
0x2065,22,0.000000825976
0x2066,22,0.000000825976
0x2068,22,0.000000825976
0x2069,22,0.000000825976
0x206a,22,0.000000825976
0x206b,22,0.000000825976
0x206c,22,0.000000825976
0x206d,22,0.000000825976
0x2070,160,0.000006007101
0x2071,160,0.000006007101
0x2073,160,0.000006007101
0x2075,160,0.000006007101
0x2076,160,0.000006007101
0x2077,160,0.000006007101
0x2079,160,0.000006007101
0x207a,160,0.000006007101
0x207b,160,0.000006007101
0x207e,160,0.000006007101
0x2081,160,0.000006007101
0x2085,160,0.000006007101
0x2087,160,0.000006007101
0x2088,160,0.000006007101
0x2089,160,0.000006007101
0x208a,160,0.000006007101
0x208c,160,0.000006007101
0x208d,160,0.000006007101
0x208f,160,0.000006007101
0x2090,160,0.000006007101
0x2091,160,0.000006007101
0x2093,160,0.000006007101
0x2094,160,0.000006007101
0x2096,160,0.000006007101
0x2097,160,0.000006007101
0x20b0,160,0.000006007101
0x20b1,5120,0.000192227225
0x20b2,5120,0.000192227225
0x20b3,5120,0.000192227225
0x20b5,40960,0.001537817797
0x20b7,40960,0.001537817797
0x20b8,40960,0.001537817797
0x20bb,1560,0.000058569232
0x20bc,1560,0.000058569232
0x20bd,1560,0.000058569232
0x20be,1560,0.000058569232
0x20bf,40960,0.001537817797
0x20c0,40960,0.001537817797
0x20c1,40960,0.001537817797
0x20c2,40960,0.001537817797
0x20c5,5120,0.000192227225
0x20c6,5120,0.000192227225
0x20c7,5120,0.000192227225
0x20c8,5120,0.000192227225
0x20c9,5120,0.000192227225
0x20cc,2560,0.000096113612
0x20cd,2560,0.000096113612
0x20cf,2560,0.000096113612
0x20d2,2400,0.000090106512
0x20d3,2400,0.000090106512
0x20d4,2400,0.000090106512
0x20d6,2400,0.000090106512
0x20d7,2400,0.000090106512
0x20d8,2400,0.000090106512
0x20da,2400,0.000090106512
0x20db,2400,0.000090106512
0x20dc,2400,0.000090106512
0x20de,2400,0.000090106512
0x20e1,160,0.000006007101
0x20e2,160,0.000006007101
0x20e8,160,0.000006007101
0x20e9,160,0.000006007101
0x20ea,160,0.000006007101
0x20ec,160,0.000006007101
0x20ed,160,0.000006007101
0x20f0,160,0.000006007101
0x20f1,160,0.000006007101
0x20f2,160,0.000006007101
0x20f3,160,0.000006007101
0x20f4,160,0.000006007101
0x20f6,160,0.000006007101
0x20f7,160,0.000006007101
0x20f8,160,0.000006007101
0x20fa,160,0.000006007101
0x20fb,160,0.000006007101
0x20fc,160,0.000006007101
0x20fd,160,0.000006007101
0x20fe,160,0.000006007101
0x20ff,160,0.000006007101
0x2101,160,0.000006007101
0x2103,160,0.000006007101
0x2104,160,0.000006007101
0x2106,160,0.000006007101
0x2107,160,0.000006007101
0x2108,160,0.000006007101
0x2109,160,0.000006007101
0x210a,160,0.000006007101
0x210d,160,0.000006007101
0x211c,160,0.000006007101
0x211f,160,0.000006007101
0x2120,160,0.000006007101
0x2122,160,0.000006007101
0x2123,112,0.000004204971
0x2125,112,0.000004204971
0x2130,6146,0.000230747758
0x2131,6146,0.000230747758
0x2132,6146,0.000230747758
0x2135,4606,0.000172929413
0x2137,4606,0.000172929413
0x213a,3070,0.000115261246
0x213c,3070,0.000115261246
0x213f,1535,0.000057630623
0x2146,87,0.000003266361
0x2147,87,0.000003266361
0x2148,87,0.000003266361
0x214b,43,0.000001614408
0x2150,1540,0.000057818345
0x2153,1540,0.000057818345
0x2156,1540,0.000057818345
0x2160,1536,0.000057668167
0x2163,1536,0.000057668167
0x2166,1536,0.000057668167
0x2169,1536,0.000057668167
0x2170,1535,0.000057630623
0x2173,1535,0.000057630623
0x2180,1535,0.000057630623
0x2183,1535,0.000057630623
0x2186,1535,0.000057630623
0x2189,1535,0.000057630623
0x2190,44,0.000001651953
0x2193,44,0.000001651953
0x2196,44,0.000001651953
0x2199,44,0.000001651953
0x219c,44,0.000001651953
0x21a5,43,0.000001614408
0x21a8,43,0.000001614408
0x21ab,43,0.000001614408
0x21ae,43,0.000001614408
0x21b1,43,0.000001614408
0x21dc,528,0.000019823433
0x21dd,528,0.000019823433
0x21de,528,0.000019823433
0x21df,528,0.000019823433
0x21e2,528,0.000019823433
0x21e4,528,0.000019823433
0x21e5,528,0.000019823433
0x21e6,528,0.000019823433
0x21e8,528,0.000019823433
0x21e9,528,0.000019823433
0x21eb,528,0.000019823433
0x21ec,528,0.000019823433
0x21ed,528,0.000019823433
0x21ef,528,0.000019823433
0x21f0,528,0.000019823433
0x21f1,528,0.000019823433
0x21f2,528,0.000019823433
0x21f4,528,0.000019823433
0x21f5,528,0.000019823433
0x21f7,528,0.000019823433
0x21f8,528,0.000019823433
0x21f9,528,0.000019823433
0x21fc,528,0.000019823433
0x2230,275,0.000010324704
0x2233,275,0.000010324704
0x2234,275,0.000010324704
0x2235,275,0.000010324704
0x2236,275,0.000010324704
0x2237,275,0.000010324704
0x2239,275,0.000010324704
0x223b,275,0.000010324704
0x223e,265,0.000009949261
0x2240,265,0.000009949261
0x2243,135,0.000005068491
0x2245,135,0.000005068491
0x2247,135,0.000005068491
0x2249,135,0.000005068491
0x224c,5,0.000000187722
0x224f,5,0.000000187722
0x2250,5,0.000000187722
0x2252,5,0.000000187722
0x2254,5,0.000000187722
0x2260,260,0.000009761539
0x2261,260,0.000009761539
0x2262,260,0.000009761539
0x2263,260,0.000009761539
0x2264,260,0.000009761539
0x2265,260,0.000009761539
0x2267,260,0.000009761539
0x2268,260,0.000009761539
0x2269,260,0.000009761539
0x226b,260,0.000009761539
0x226d,260,0.000009761539
0x226e,260,0.000009761539
0x226f,260,0.000009761539
0x2271,260,0.000009761539
0x2272,260,0.000009761539
0x2273,260,0.000009761539
0x2274,260,0.000009761539
0x2275,260,0.000009761539
0x2276,260,0.000009761539
0x2277,260,0.000009761539
0x2278,260,0.000009761539
0x2279,260,0.000009761539
0x227a,3640,0.000136661542
0x227b,32760,0.001229953882
0x227c,32760,0.001229953882
0x227d,32760,0.001229953882
0x227e,32760,0.001229953882
0x227f,32760,0.001229953882
0x2280,32760,0.001229953882
0x2283,3640,0.000136661542
0x2284,3640,0.000136661542
0x2285,3640,0.000136661542
0x2286,3640,0.000136661542
0x2288,3640,0.000136661542
0x2289,3640,0.000136661542
0x228a,3640,0.000136661542
0x228c,3640,0.000136661542
0x228d,3640,0.000136661542
0x228e,3640,0.000136661542
0x2291,260,0.000009761539
0x2292,10,0.000000375444
0x2295,10,0.000000375444
0x2296,10,0.000000375444
0x2298,10,0.000000375444
0x229b,4,0.000000150178
0x229e,4,0.000000150178
0x22a1,4,0.000000150178
0x22a3,1664,0.000062473848
0x22a4,1664,0.000062473848
0x22a5,1664,0.000062473848
0x22a6,1664,0.000062473848
0x22a7,1664,0.000062473848
0x22a8,1664,0.000062473848
0x22a9,1664,0.000062473848
0x22aa,1664,0.000062473848
0x22ab,1664,0.000062473848
0x22ac,1664,0.000062473848
0x22ad,1664,0.000062473848
0x22b0,4,0.000000150178
0x22b4,144,0.000005406391
0x22b7,144,0.000005406391
0x22ba,144,0.000005406391
0x22bb,144,0.000005406391
0x22bc,144,0.000005406391
0x22be,144,0.000005406391
0x22c1,2,0.000000075089
0x22c3,2,0.000000075089
0x22c5,2,0.000000075089
0x22ca,98,0.000003679349
0x22cd,98,0.000003679349
0x22ce,98,0.000003679349
0x22d0,98,0.000003679349
0x22d3,2,0.000000075089
0x22d5,2,0.000000075089
0x22d7,2,0.000000075089
0x22d9,2,0.000000075089
0x22db,2,0.000000075089
0x22dd,2,0.000000075089
0x22e0,4,0.000000150178
0x22e2,10,0.000000375444
0x22e5,10,0.000000375444
0x22e8,10,0.000000375444
0x22f0,6,0.000000225266
0x22f3,6,0.000000225266
0x22f4,6,0.000000225266
0x22fa,488,0.000018321657
0x22fd,488,0.000018321657
0x22ff,488,0.000018321657
0x2302,488,0.000018321657
0x2303,8784,0.000329789832
0x2304,8784,0.000329789832
0x2306,8784,0.000329789832
0x2307,8784,0.000329789832
0x2308,8784,0.000329789832
0x2309,8784,0.000329789832
0x230a,8784,0.000329789832
0x230b,8784,0.000329789832
0x230d,8784,0.000329789832
0x230e,8784,0.000329789832
0x230f,8784,0.000329789832
0x2310,8784,0.000329789832
0x2312,8784,0.000329789832
0x2313,8784,0.000329789832
0x2314,8784,0.000329789832
0x2316,8784,0.000329789832
0x2317,8784,0.000329789832
0x231a,976,0.000036643315
0x231b,8784,0.000329789832
0x231c,8784,0.000329789832
0x231f,488,0.000018321657
0x2322,1464,0.000054964972
0x2325,1464,0.000054964972
0x2326,1464,0.000054964972
0x2327,1464,0.000054964972
0x2329,1464,0.000054964972
0x232a,1464,0.000054964972
0x232b,1464,0.000054964972
0x232c,1464,0.000054964972
0x232e,1464,0.000054964972
0x232f,1464,0.000054964972
0x2331,1464,0.000054964972
0x2334,1464,0.000054964972
0x2337,1464,0.000054964972
0x2351,3904,0.000146573259
0x2352,3904,0.000146573259
0x2354,3904,0.000146573259
0x2355,826,0.000031011658
0x2356,826,0.000031011658
0x2357,826,0.000031011658
0x2358,826,0.000031011658
0x235a,826,0.000031011658
0x235b,826,0.000031011658
0x235e,826,0.000031011658
0x235f,826,0.000031011658
0x2360,826,0.000031011658
0x2361,826,0.000031011658
0x2362,826,0.000031011658
0x2364,826,0.000031011658
0x2365,826,0.000031011658
0x2366,826,0.000031011658
0x2368,826,0.000031011658
0x2369,826,0.000031011658
0x236a,826,0.000031011658
0x236b,826,0.000031011658
0x236c,826,0.000031011658
0x236e,826,0.000031011658
0x2370,826,0.000031011658
0x2373,736,0.000027632664
0x2375,736,0.000027632664
0x2377,736,0.000027632664
0x237a,736,0.000027632664
0x237b,90,0.000003378994
0x237c,90,0.000003378994
0x237e,90,0.000003378994
0x237f,90,0.000003378994
0x2381,90,0.000003378994
0x2384,90,0.000003378994
0x2385,90,0.000003378994
0x2386,90,0.000003378994
0x2387,90,0.000003378994
0x2389,90,0.000003378994
0x238a,26,0.000000976154
0x238c,26,0.000000976154
0x238d,26,0.000000976154
0x238e,26,0.000000976154
0x2390,26,0.000000976154
0x2391,22,0.000000825976
0x2393,22,0.000000825976
0x23d6,1066,0.000040022309
0x23d9,1066,0.000040022309
0x23da,1066,0.000040022309
0x23dc,1066,0.000040022309
0x23de,1066,0.000040022309
0x2476,27,0.000001013698
0x2477,27,0.000001013698
0x2478,27,0.000001013698
0x247b,27,0.000001013698
0x247d,27,0.000001013698
0x247e,27,0.000001013698
0x2481,27,0.000001013698
0x2483,27,0.000001013698
0x2484,27,0.000001013698
0x2485,27,0.000001013698
0x2487,27,0.000001013698
0x2488,27,0.000001013698
0x2489,27,0.000001013698
0x248a,27,0.000001013698
0x248c,27,0.000001013698
0x248d,27,0.000001013698
0x248f,27,0.000001013698
0x2490,27,0.000001013698
0x2493,27,0.000001013698
0x2495,27,0.000001013698
0x2496,27,0.000001013698
0x2497,27,0.000001013698
0x2498,27,0.000001013698
0x2499,27,0.000001013698
0x249a,27,0.000001013698
0x249b,19,0.000000713343
0x249c,19,0.000000713343
0x249d,19,0.000000713343
0x249e,13,0.000000488077
0x249f,13,0.000000488077
0x24a0,6233,0.000234014119
0x24a3,6233,0.000234014119
0x24a5,6233,0.000234014119
0x24a7,6233,0.000234014119
0x24a8,3904,0.000146573259
0x24ab,3904,0.000146573259
0x24ae,3904,0.000146573259
0x24b1,3904,0.000146573259
0x24b4,3904,0.000146573259
0x24b6,3904,0.000146573259
0x24b8,3904,0.000146573259
0x24b9,976,0.000036643315
0x24c4,3114,0.000116913199
0x24c7,3114,0.000116913199
0x24c9,3114,0.000116913199
0x24cb,3114,0.000116913199
0x24ce,1952,0.000073286629
0x24d1,1952,0.000073286629
0x24d4,1952,0.000073286629
0x24d5,1952,0.000073286629
0x24d6,1952,0.000073286629
0x24d8,1952,0.000073286629
0x24db,1464,0.000054964972
0x24e0,1952,0.000073286629
0x24e3,1952,0.000073286629
0x24e5,1952,0.000073286629
0x24e6,122,0.000004580414
0x24e9,122,0.000004580414
0x24eb,122,0.000004580414
0x24ec,122,0.000004580414
0x24f2,976,0.000036643315
0x24f5,976,0.000036643315
0x24f7,976,0.000036643315
0x24f8,976,0.000036643315
0x24f9,976,0.000036643315
0x24fc,976,0.000036643315
0x24fe,976,0.000036643315
0x24ff,976,0.000036643315
0x2500,288,0.000010812781
0x2503,288,0.000010812781
0x2504,288,0.000010812781
0x2505,268,0.000010061894
0x2508,268,0.000010061894
0x2509,268,0.000010061894
0x250a,66,0.000002477929
0x250b,66,0.000002477929
0x250d,66,0.000002477929
0x250e,66,0.000002477929
0x2511,66,0.000002477929
0x2512,66,0.000002477929
0x2513,66,0.000002477929
0x2515,66,0.000002477929
0x2517,66,0.000002477929
0x2518,66,0.000002477929
0x2519,66,0.000002477929
0x251a,66,0.000002477929
0x2560,1579,0.000059282576
0x2563,1579,0.000059282576
0x2564,1579,0.000059282576
0x2566,1579,0.000059282576
0x2567,1579,0.000059282576
0x2568,1579,0.000059282576
0x2569,1579,0.000059282576
0x256a,1579,0.000059282576
0x256b,1579,0.000059282576
0x256d,1579,0.000059282576
0x256e,1579,0.000059282576
0x2570,1579,0.000059282576
0x2572,1579,0.000059282576
0x2575,1579,0.000059282576
0x2576,1579,0.000059282576
0x2577,1579,0.000059282576
0x2578,1579,0.000059282576
0x2579,1579,0.000059282576
0x257b,1579,0.000059282576
0x257c,1579,0.000059282576
0x257f,1579,0.000059282576
0x2581,1579,0.000059282576
0x2582,1579,0.000059282576
0x2585,1579,0.000059282576
0x2587,1579,0.000059282576
0x2588,12563,0.000471670043
0x2589,12563,0.000471670043
0x258c,12529,0.000470393535
0x258d,12529,0.000470393535
0x258e,12529,0.000470393535
0x2590,12529,0.000470393535
0x2591,12529,0.000470393535
0x2592,12529,0.000470393535
0x2595,1545,0.000058006067
0x2596,12563,0.000471670043
0x2597,12563,0.000471670043
0x2599,12563,0.000471670043
0x259a,10679,0.000400936432
0x259b,10679,0.000400936432
0x259c,10679,0.000400936432
0x259e,10679,0.000400936432
0x259f,10679,0.000400936432
0x25a1,10679,0.000400936432
0x25a2,10105,0.000379385958
0x25a3,10105,0.000379385958
0x25a4,10105,0.000379385958
0x25a5,10105,0.000379385958
0x25a6,6963,0.000261421517
0x25a7,6963,0.000261421517
0x25a8,1593,0.000059808197
0x25a9,1593,0.000059808197
0x25aa,1593,0.000059808197
0x25ab,1593,0.000059808197
0x25ac,1569,0.000058907132
0x25ae,1569,0.000058907132
0x25af,34,0.000001276509
0x25b0,34,0.000001276509
0x25b1,34,0.000001276509
0x25b2,34,0.000001276509
0x25b3,34,0.000001276509
0x25b4,34,0.000001276509
0x25b5,34,0.000001276509
0x25b6,34,0.000001276509
0x25b7,150,0.000005631657
0x25ba,150,0.000005631657
0x25bc,150,0.000005631657
0x25be,150,0.000005631657
0x25ca,150,0.000005631657
0x25cd,340,0.000012765089
0x25ce,340,0.000012765089
0x25d0,340,0.000012765089
0x25d3,248,0.000009311006
0x25d4,248,0.000009311006
0x25d6,248,0.000009311006
0x25d7,248,0.000009311006
0x25d8,248,0.000009311006
0x25db,58,0.000002177574
0x25dc,58,0.000002177574
0x25dd,58,0.000002177574
0x25e0,92,0.000003454083
0x25e1,92,0.000003454083
0x25e3,92,0.000003454083
0x25e4,92,0.000003454083
0x25e5,92,0.000003454083
0x25e7,92,0.000003454083
0x25e8,92,0.000003454083
0x25ea,92,0.000003454083
0x25eb,92,0.000003454083
0x25ec,92,0.000003454083
0x25ed,92,0.000003454083
0x25ef,92,0.000003454083
0x25f0,92,0.000003454083
0x25f1,92,0.000003454083
0x25f3,92,0.000003454083
0x25f4,92,0.000003454083
0x25f6,92,0.000003454083
0x25f7,92,0.000003454083
0x25f8,92,0.000003454083
0x25f9,92,0.000003454083
0x25fa,92,0.000003454083
0x25fb,92,0.000003454083
0x25fc,92,0.000003454083
0x25fd,92,0.000003454083
0x2600,1573,0.000059057309
0x2601,1573,0.000059057309
0x2602,1573,0.000059057309
0x2603,1573,0.000059057309
0x2604,1573,0.000059057309
0x2605,1573,0.000059057309
0x2608,1573,0.000059057309
0x2609,1573,0.000059057309
0x260a,1573,0.000059057309
0x260b,1573,0.000059057309
0x260c,1573,0.000059057309
0x260e,1573,0.000059057309
0x2611,1573,0.000059057309
0x2612,1573,0.000059057309
0x2613,1573,0.000059057309
0x2616,1573,0.000059057309
0x2617,1573,0.000059057309
0x261a,935,0.000035103995
0x261d,935,0.000035103995
0x261e,935,0.000035103995
0x2620,935,0.000035103995
0x2621,935,0.000035103995
0x2624,935,0.000035103995
0x2625,935,0.000035103995
0x2626,935,0.000035103995
0x2628,935,0.000035103995
0x2629,935,0.000035103995
0x262b,935,0.000035103995
0x262c,935,0.000035103995
0x262e,935,0.000035103995
0x262f,935,0.000035103995
0x2630,935,0.000035103995
0x2631,935,0.000035103995
0x2633,935,0.000035103995
0x2634,935,0.000035103995
0x2635,935,0.000035103995
0x2638,935,0.000035103995
0x2639,1573,0.000059057309
0x263c,1573,0.000059057309
0x263f,1573,0.000059057309
0x2642,1573,0.000059057309
0x2643,1573,0.000059057309
0x2646,787,0.000029547427
0x2649,787,0.000029547427
0x2650,638,0.000023953314
0x2651,638,0.000023953314
0x2654,638,0.000023953314
0x2655,638,0.000023953314
0x2656,638,0.000023953314
0x2658,638,0.000023953314
0x2659,638,0.000023953314
0x265b,638,0.000023953314
0x265c,638,0.000023953314
0x265e,638,0.000023953314
0x2661,638,0.000023953314
0x2662,638,0.000023953314
0x2668,787,0.000029547427
0x266b,787,0.000029547427
0x266c,787,0.000029547427
0x266d,787,0.000029547427
0x2670,787,0.000029547427
0x2672,787,0.000029547427
0x2676,787,0.000029547427
0x2678,787,0.000029547427
0x267c,787,0.000029547427
0x267f,787,0.000029547427
0x2681,787,0.000029547427
0x2684,787,0.000029547427
0x2685,787,0.000029547427
0x2688,787,0.000029547427
0x268a,787,0.000029547427
0x268b,787,0.000029547427
0x268d,787,0.000029547427
0x268e,787,0.000029547427
0x268f,787,0.000029547427
0x2692,784,0.000029434794
0x2693,787,0.000029547427
0x2694,787,0.000029547427
0x2697,787,0.000029547427
0x2699,787,0.000029547427
0x269d,787,0.000029547427
0x269f,787,0.000029547427
0x26a3,787,0.000029547427
0x26a4,787,0.000029547427
0x26a7,787,0.000029547427
0x26aa,787,0.000029547427
0x26ad,787,0.000029547427
0x26ae,787,0.000029547427
0x26af,787,0.000029547427
0x26b0,787,0.000029547427
0x26b1,168,0.000006307456
0x26b2,168,0.000006307456
0x26b4,168,0.000006307456
0x26b5,168,0.000006307456
0x26b7,168,0.000006307456
0x26b8,168,0.000006307456
0x26ba,168,0.000006307456
0x26bb,27,0.000001013698
0x26bc,27,0.000001013698
0x26bd,27,0.000001013698
0x26be,27,0.000001013698
0x26bf,27,0.000001013698
0x26c2,27,0.000001013698
0x26c4,27,0.000001013698
0x26c6,27,0.000001013698
0x26c7,27,0.000001013698
0x26c8,27,0.000001013698
0x26ca,27,0.000001013698
0x26cb,27,0.000001013698
0x26cc,27,0.000001013698
0x26d0,786,0.000029509883
0x26d3,786,0.000029509883
0x26d6,786,0.000029509883
0x26d9,6288,0.000236079060
0x26da,6288,0.000236079060
0x26db,6288,0.000236079060
0x26de,5128,0.000192527580
0x26df,5128,0.000192527580
0x26e0,5128,0.000192527580
0x26e3,786,0.000029509883
0x26e4,5128,0.000192527580
0x26e5,6288,0.000236079060
0x26e6,6288,0.000236079060
0x26e7,6288,0.000236079060
0x26e8,6288,0.000236079060
0x26e9,6288,0.000236079060
0x26eb,6288,0.000236079060
0x26ee,786,0.000029509883
0x26f1,786,0.000029509883
0x26f2,786,0.000029509883
0x26f3,786,0.000029509883
0x26f5,786,0.000029509883
0x26f8,786,0.000029509883
0x26f9,786,0.000029509883
0x26fa,786,0.000029509883
0x26fd,786,0.000029509883
0x2700,2128,0.000079894440
0x2703,2128,0.000079894440
0x2704,2128,0.000079894440
0x2705,2128,0.000079894440
0x2706,2127,0.000079856896
0x2707,2127,0.000079856896
0x2708,2127,0.000079856896
0x270a,2127,0.000079856896
0x270b,2127,0.000079856896
0x270c,2127,0.000079856896
0x270e,2127,0.000079856896
0x270f,2127,0.000079856896
0x2711,2127,0.000079856896
0x2714,2127,0.000079856896
0x2717,8508,0.000319427583
0x271a,8508,0.000319427583
0x271b,8508,0.000319427583
0x271c,8508,0.000319427583
0x271d,8508,0.000319427583
0x271e,8508,0.000319427583
0x2720,8508,0.000319427583
0x2723,2127,0.000079856896
0x2725,2127,0.000079856896
0x2728,2127,0.000079856896
0x272a,2127,0.000079856896
0x2739,2127,0.000079856896
0x273c,2127,0.000079856896
0x273d,2127,0.000079856896
0x2740,2127,0.000079856896
0x2743,2127,0.000079856896
0x2748,8508,0.000319427583
0x2749,8508,0.000319427583
0x274a,8508,0.000319427583
0x274c,8508,0.000319427583
0x274d,28,0.000001051243
0x274e,28,0.000001051243
0x274f,28,0.000001051243
0x2750,14,0.000000525621
0x2751,14,0.000000525621
0x2752,14,0.000000525621
0x2753,14,0.000000525621
0x2754,14,0.000000525621
0x2755,14,0.000000525621
0x2757,14,0.000000525621
0x2758,14,0.000000525621
0x2759,14,0.000000525621
0x275b,14,0.000000525621
0x275c,14,0.000000525621
0x275f,14,0.000000525621
0x2760,14,0.000000525621
0x2761,14,0.000000525621
0x2764,14,0.000000525621
0x2768,14,0.000000525621
0x2769,14,0.000000525621
0x276c,14,0.000000525621
0x276e,14,0.000000525621
0x2771,14,0.000000525621
0x2772,14,0.000000525621
0x2778,14,0.000000525621
0x277b,14,0.000000525621
0x277c,14,0.000000525621
0x277f,14,0.000000525621
0x2780,14,0.000000525621
0x2781,14,0.000000525621
0x2782,14,0.000000525621
0x2783,14,0.000000525621
0x2784,14,0.000000525621
0x2785,14,0.000000525621
0x2786,14,0.000000525621
0x2789,14,0.000000525621
0x27a8,2127,0.000079856896
0x27ab,2127,0.000079856896
0x27ac,2127,0.000079856896
0x27af,2127,0.000079856896
0x27b0,2127,0.000079856896
0x27b1,2127,0.000079856896
0x27b4,2127,0.000079856896
0x27b6,2127,0.000079856896
0x27b7,2127,0.000079856896
0x27b8,2127,0.000079856896
0x27ba,2127,0.000079856896
0x27bd,1743,0.000065439854
0x27c0,1743,0.000065439854
0x27c1,1743,0.000065439854
0x27c2,1743,0.000065439854
0x27c5,1695,0.000063637724
0x27c7,1695,0.000063637724
0x27c8,1695,0.000063637724
0x27c9,1695,0.000063637724
0x27ca,675,0.000025342456
0x27cc,675,0.000025342456
0x27cf,648,0.000024328758
0x27d0,648,0.000024328758
0x27d2,648,0.000024328758
0x27d3,648,0.000024328758
0x27d5,648,0.000024328758
0x27d6,648,0.000024328758
0x27d8,27,0.000001013698
0x27da,27,0.000001013698
0x27dc,27,0.000001013698
0x27dd,27,0.000001013698
0x27df,27,0.000001013698
0x27e0,27,0.000001013698
0x27e2,48,0.000001802130
0x27e4,48,0.000001802130
0x27e9,48,0.000001802130
0x27ea,48,0.000001802130
0x27ec,48,0.000001802130
0x27ee,48,0.000001802130
0x3000,1584,0.000059470298
0x3003,1584,0.000059470298
0x3004,1584,0.000059470298
0x3005,1584,0.000059470298
0x3007,1584,0.000059470298
0x300a,1584,0.000059470298
0x300b,1584,0.000059470298
0x300c,1584,0.000059470298
0x300d,1584,0.000059470298
0x300e,1584,0.000059470298
0x300f,1584,0.000059470298
0x3010,1584,0.000059470298
0x3011,1584,0.000059470298
0x3012,196,0.000007358698
0x3028,202,0.000007583965
0x302b,202,0.000007583965
0x302c,202,0.000007583965
0x302e,202,0.000007583965
0x302f,202,0.000007583965
0x3031,202,0.000007583965
0x3032,202,0.000007583965
0x3034,202,0.000007583965
0x3035,180,0.000006757988
0x3037,180,0.000006757988
0x3038,180,0.000006757988
0x3039,180,0.000006757988
0x303c,170,0.000006382545
0x303d,170,0.000006382545
0x303e,2,0.000000075089
0x303f,2,0.000000075089
0x3040,2,0.000000075089
0x3042,2,0.000000075089
0x3044,2,0.000000075089
0x3046,2,0.000000075089
0x3048,2,0.000000075089
0x3049,2,0.000000075089
0x304b,2,0.000000075089
0x304d,2,0.000000075089
0x304f,2,0.000000075089
0x3050,2,0.000000075089
0x3052,2,0.000000075089
0x3055,2,0.000000075089
0x3056,2,0.000000075089
0x3057,2,0.000000075089
0x3059,2,0.000000075089
0x305c,10,0.000000375444
0x305f,10,0.000000375444
0x3062,10,0.000000375444
0x3063,10,0.000000375444
0x3064,10,0.000000375444
0x3065,10,0.000000375444
0x3066,10,0.000000375444
0x3067,10,0.000000375444
0x3068,10,0.000000375444
0x306a,10,0.000000375444
0x306c,10,0.000000375444
0x306d,10,0.000000375444
0x3074,45,0.000001689497
0x3077,45,0.000001689497
0x3078,45,0.000001689497
0x3079,45,0.000001689497
0x307a,45,0.000001689497
0x307c,45,0.000001689497
0x307d,45,0.000001689497
0x307f,45,0.000001689497
0x3080,45,0.000001689497
0x3081,45,0.000001689497
0x3082,45,0.000001689497
0x3084,45,0.000001689497
0x3089,45,0.000001689497
0x308a,45,0.000001689497
0x308b,45,0.000001689497
0x308c,45,0.000001689497
0x308d,45,0.000001689497
0x308f,45,0.000001689497
0x3090,45,0.000001689497
0x3092,45,0.000001689497
0x3093,45,0.000001689497
0x3094,45,0.000001689497
0x3095,45,0.000001689497
0x3098,45,0.000001689497
0x309a,45,0.000001689497
0x309d,2,0.000000075089
0x309f,45,0.000001689497
0x30a0,45,0.000001689497
0x30a1,45,0.000001689497
0x30a4,45,0.000001689497
0x30a6,45,0.000001689497
0x30a7,45,0.000001689497
0x30a8,45,0.000001689497
0x30aa,2707,0.000101632636
0x30ad,2707,0.000101632636
0x30ae,2707,0.000101632636
0x30af,2707,0.000101632636
0x30b0,2707,0.000101632636
0x30b1,2707,0.000101632636
0x30b3,2707,0.000101632636
0x30b5,2707,0.000101632636
0x30b6,2707,0.000101632636
0x30b8,2707,0.000101632636
0x30ba,198,0.000007433787
0x30bd,198,0.000007433787
0x30c0,198,0.000007433787
0x30c3,198,0.000007433787
0x30c6,198,0.000007433787
0x30c8,198,0.000007433787
0x30c9,198,0.000007433787
0x30ca,198,0.000007433787
0x30cb,144,0.000005406391
0x30cd,144,0.000005406391
0x30ce,144,0.000005406391
0x30cf,144,0.000005406391
0x30d2,109,0.000004092337
0x30d3,109,0.000004092337
0x30d4,28,0.000001051243
0x30d6,28,0.000001051243
0x30d8,28,0.000001051243
0x30da,594,0.000022301362
0x30db,594,0.000022301362
0x30dc,594,0.000022301362
0x30dd,594,0.000022301362
0x30de,294,0.000011038048
0x30df,294,0.000011038048
0x30e4,35,0.000001314053
0x30e7,35,0.000001314053
0x30ea,35,0.000001314053
0x30eb,35,0.000001314053
0x30ed,35,0.000001314053
0x30f2,35,0.000001314053
0x30f3,35,0.000001314053
0x30f5,35,0.000001314053
0x30f6,35,0.000001314053
0x30f7,35,0.000001314053
0x30f8,35,0.000001314053
0x30fa,35,0.000001314053
0x30fc,35,0.000001314053
0x30ff,35,0.000001314053
0x3102,35,0.000001314053
0x3105,35,0.000001314053
0x3106,35,0.000001314053
0x3107,35,0.000001314053
0x3108,35,0.000001314053
0x310a,35,0.000001314053
0x310c,35,0.000001314053
0x310e,35,0.000001314053
0x310f,35,0.000001314053
0x3112,105,0.000003942160
0x3113,105,0.000003942160
0x3114,105,0.000003942160
0x3115,105,0.000003942160
0x3116,67,0.000002515473
0x3117,67,0.000002515473
0x3118,67,0.000002515473
0x311a,67,0.000002515473
0x311b,67,0.000002515473
0x311c,67,0.000002515473
0x311d,67,0.000002515473
0x311e,35,0.000001314053
0x311f,35,0.000001314053
0x3121,35,0.000001314053
0x3124,197,0.000007396243
0x3127,197,0.000007396243
0x3128,197,0.000007396243
0x312a,197,0.000007396243
0x312b,28,0.000001051243
0x312d,28,0.000001051243
0x312f,28,0.000001051243
0x3130,28,0.000001051243
0x3131,28,0.000001051243
0x3132,28,0.000001051243
0x3134,28,0.000001051243
0x3136,28,0.000001051243
0x3138,28,0.000001051243
0x313d,28,0.000001051243
0x313f,28,0.000001051243
0x3140,28,0.000001051243
0x3141,28,0.000001051243
0x3144,28,0.000001051243
0x3145,28,0.000001051243
0x3146,28,0.000001051243
0x3149,20,0.000000750888
0x314b,28,0.000001051243
0x314d,28,0.000001051243
0x314e,28,0.000001051243
0x315a,197,0.000007396243
0x315d,197,0.000007396243
0x315e,197,0.000007396243
0x3160,197,0.000007396243
0x3161,58,0.000002177574
0x3164,58,0.000002177574
0x3165,58,0.000002177574
0x3166,58,0.000002177574
0x3167,58,0.000002177574
0x3169,58,0.000002177574
0x316a,58,0.000002177574
0x316c,58,0.000002177574
0x316d,58,0.000002177574
0x316e,58,0.000002177574
0x316f,58,0.000002177574
0x3171,58,0.000002177574
0x3172,58,0.000002177574
0x3174,58,0.000002177574
0x3176,58,0.000002177574
0x3177,58,0.000002177574
0x3178,58,0.000002177574
0x3179,532,0.000019973610
0x317c,504,0.000018922367
0x317d,504,0.000018922367
0x317e,504,0.000018922367
0x317f,504,0.000018922367
0x3180,504,0.000018922367
0x3181,504,0.000018922367
0x3182,504,0.000018922367
0x3183,504,0.000018922367
0x3186,31,0.000001163876
0x3188,31,0.000001163876
0x318a,504,0.000018922367
0x318b,504,0.000018922367
0x318e,30,0.000001126331
0x3192,532,0.000019973610
0x3193,532,0.000019973610
0x3195,532,0.000019973610
0x3196,494,0.000018546924
0x3199,494,0.000018546924
0x319a,494,0.000018546924
0x319b,28,0.000001051243
0x319e,28,0.000001051243
0x319f,28,0.000001051243
0x31a0,28,0.000001051243
0x31a1,28,0.000001051243
0x31a2,28,0.000001051243
0x31a3,28,0.000001051243
0x31a4,28,0.000001051243
0x31a7,28,0.000001051243
0x31a9,28,0.000001051243
0x31ac,28,0.000001051243
0x31ad,28,0.000001051243
0x31b4,196,0.000007358698
0x31b7,196,0.000007358698
0x31b9,196,0.000007358698
0x31ba,27,0.000001013698
0x31bd,27,0.000001013698
0x31bf,27,0.000001013698
0x31c0,27,0.000001013698
0x31c2,27,0.000001013698
0x31c3,27,0.000001013698
0x31c5,27,0.000001013698
0x31c6,27,0.000001013698
0x31c7,27,0.000001013698
0x31c8,27,0.000001013698
0x31cb,27,0.000001013698
0x31cd,27,0.000001013698
0x31ce,27,0.000001013698
0x31d1,14,0.000000525621
0x31d2,14,0.000000525621
0x31d3,14,0.000000525621
0x31d4,14,0.000000525621
0x31d6,27,0.000001013698
0x31d7,27,0.000001013698
0x31d8,27,0.000001013698
0x31d9,27,0.000001013698
0x31da,27,0.000001013698
0x31dc,27,0.000001013698
0x31de,27,0.000001013698
0x31df,27,0.000001013698
0x31e1,27,0.000001013698
0x31e2,27,0.000001013698
0x31e3,27,0.000001013698
0x31e4,27,0.000001013698
0x31e5,27,0.000001013698
0x31e6,27,0.000001013698
0x31e7,27,0.000001013698
0x31e8,27,0.000001013698
0x31e9,27,0.000001013698
0x31ec,27,0.000001013698
0x31ed,27,0.000001013698
0x31f0,27,0.000001013698
0x31f1,27,0.000001013698
0x31f2,27,0.000001013698
0x31f4,27,0.000001013698
0x31f5,27,0.000001013698
0x31f7,27,0.000001013698
0x31f8,27,0.000001013698
0x31fb,27,0.000001013698
0x31fd,27,0.000001013698
0x31fe,27,0.000001013698
0x31ff,27,0.000001013698
0x3201,27,0.000001013698
0x3202,27,0.000001013698
0x3203,27,0.000001013698
0x3204,27,0.000001013698
0x3207,27,0.000001013698
0x3209,27,0.000001013698
0x320a,27,0.000001013698
0x320b,27,0.000001013698
0x320c,27,0.000001013698
0x320d,27,0.000001013698
0x3210,27,0.000001013698
0x3213,27,0.000001013698
0x3215,27,0.000001013698
0x3216,19,0.000000713343
0x3217,19,0.000000713343
0x3219,19,0.000000713343
0x321b,19,0.000000713343
0x322c,196,0.000007358698
0x322f,196,0.000007358698
0x3231,196,0.000007358698
0x3232,24,0.000000901065
0x3235,24,0.000000901065
0x3238,24,0.000000901065
0x323b,24,0.000000901065
0x323c,24,0.000000901065
0x323f,24,0.000000901065
0x3240,220,0.000008259764
0x3241,220,0.000008259764
0x3243,220,0.000008259764
0x3246,210,0.000007884320
0x3247,210,0.000007884320
0x3248,210,0.000007884320
0x3249,188,0.000007058343
0x324a,188,0.000007058343
0x324b,188,0.000007058343
0x324c,188,0.000007058343
0x324d,188,0.000007058343
0x324e,198,0.000007433787
0x324f,198,0.000007433787
0x3250,198,0.000007433787
0x3251,198,0.000007433787
0x3253,198,0.000007433787
0x3254,198,0.000007433787
0x3256,198,0.000007433787
0x3259,2,0.000000075089
0x325b,2,0.000000075089
0x325e,2,0.000000075089
0x3264,202,0.000007583965
0x3267,202,0.000007583965
0x3268,202,0.000007583965
0x326b,202,0.000007583965
0x326c,202,0.000007583965
0x326e,202,0.000007583965
0x326f,202,0.000007583965
0x3271,202,0.000007583965
0x3272,202,0.000007583965
0x3274,202,0.000007583965
0x3275,29,0.000001088787
0x3277,29,0.000001088787
0x3279,29,0.000001088787
0x327a,29,0.000001088787
0x327b,29,0.000001088787
0x327c,29,0.000001088787
0x327e,29,0.000001088787
0x3281,29,0.000001088787
0x3282,29,0.000001088787
0x3285,29,0.000001088787
0x3286,29,0.000001088787
0x3287,29,0.000001088787
0x3289,29,0.000001088787
0x328a,29,0.000001088787
0x328b,29,0.000001088787
0x328d,29,0.000001088787
0x328e,29,0.000001088787
0x328f,80,0.000003003550
0x3290,80,0.000003003550
0x3291,80,0.000003003550
0x3292,80,0.000003003550
0x3295,74,0.000002778284
0x3296,74,0.000002778284
0x3297,74,0.000002778284
0x329a,73,0.000002740740
0x329b,73,0.000002740740
0x329e,73,0.000002740740
0x329f,73,0.000002740740
0x32a0,73,0.000002740740
0x32a3,73,0.000002740740
0x32a4,80,0.000003003550
0x32a5,80,0.000003003550
0x32a6,80,0.000003003550
0x32a9,2,0.000000075089
0x32ab,80,0.000003003550
0x32ac,80,0.000003003550
0x32af,29,0.000001088787
0x32b0,24,0.000000901065
0x32b3,24,0.000000901065
0x32b5,24,0.000000901065
0x32b8,24,0.000000901065
0x32ba,24,0.000000901065
0x32bc,24,0.000000901065
0x32bf,24,0.000000901065
0x32c2,24,0.000000901065
0x32c3,24,0.000000901065
0x32c4,6,0.000000225266
0x32c5,6,0.000000225266
0x32c6,6,0.000000225266
0x32c7,6,0.000000225266
0x32c8,6,0.000000225266
0x32cb,6,0.000000225266
0x32cd,6,0.000000225266
0x32d0,6,0.000000225266
0x32d2,6,0.000000225266
0x32d4,6,0.000000225266
0x32d6,6,0.000000225266
0x32d7,6,0.000000225266
0x32d9,6,0.000000225266
0x32da,6,0.000000225266
0x32dc,6,0.000000225266
0x32dd,6,0.000000225266
0x32de,6,0.000000225266
0x32e1,6,0.000000225266
0x32e2,6,0.000000225266
0x32e3,6,0.000000225266
0x3400,1573,0.000059057309
0x3403,1573,0.000059057309
0x3406,1573,0.000059057309
0x3409,1573,0.000059057309
0x340c,1573,0.000059057309
0x340f,1573,0.000059057309
0x3412,1573,0.000059057309
0x3413,1573,0.000059057309
0x3416,1573,0.000059057309
0x3418,1573,0.000059057309
0x3438,1573,0.000059057309
0x343b,1573,0.000059057309
0x343c,1573,0.000059057309
0x343f,786,0.000029509883
0x3442,786,0.000029509883
0x3445,786,0.000029509883
0x3448,786,0.000029509883
0x344b,786,0.000029509883
0x3452,787,0.000029547427
0x3455,787,0.000029547427
0x3458,787,0.000029547427
0x345b,787,0.000029547427
0x3474,786,0.000029509883
0x3477,3144,0.000118039530
0x3478,3144,0.000118039530
0x347b,3144,0.000118039530
0x347c,3144,0.000118039530
0x347d,3144,0.000118039530
0x347f,3144,0.000118039530
0x3480,3144,0.000118039530
0x3482,3144,0.000118039530
0x3485,786,0.000029509883
0x3486,787,0.000029547427
0x3489,3148,0.000118189708
0x348a,3148,0.000118189708
0x348d,3148,0.000118189708
0x348e,3148,0.000118189708
0x348f,3148,0.000118189708
0x3491,3148,0.000118189708
0x3492,3148,0.000118189708
0x3494,3148,0.000118189708
0x3497,787,0.000029547427
0x3498,786,0.000029509883
0x349b,3144,0.000118039530
0x349c,3144,0.000118039530
0x349f,3144,0.000118039530
0x34a0,3144,0.000118039530
0x34a1,3144,0.000118039530
0x34a3,3144,0.000118039530
0x34a4,3144,0.000118039530
0x34a6,3144,0.000118039530
0x34a9,786,0.000029509883
0x34aa,787,0.000029547427
0x34ad,3148,0.000118189708
0x34ae,3148,0.000118189708
0x34b1,3148,0.000118189708
0x34b2,3148,0.000118189708
0x34b3,3148,0.000118189708
0x34b5,3148,0.000118189708
0x34b6,3148,0.000118189708
0x34b8,3148,0.000118189708
0x34bb,787,0.000029547427
0x34c0,6820,0.000256052670
0x34c1,6820,0.000256052670
0x34c2,6820,0.000256052670
0x34c3,5662,0.000212576278
0x34c4,5662,0.000212576278
0x34c6,5662,0.000212576278
0x34c7,5662,0.000212576278
0x34c9,5662,0.000212576278
0x34ca,5662,0.000212576278
0x34cb,5662,0.000212576278
0x34cc,5662,0.000212576278
0x34cd,5662,0.000212576278
0x34ce,5662,0.000212576278
0x34cf,5662,0.000212576278
0x34d0,5662,0.000212576278
0x34d1,5662,0.000212576278
0x34d2,5662,0.000212576278
0x34d3,5662,0.000212576278
0x34d4,5662,0.000212576278
0x34d5,5662,0.000212576278
0x34d7,5662,0.000212576278
0x34d8,5662,0.000212576278
0x34da,5662,0.000212576278
0x34db,5662,0.000212576278
0x34dc,5662,0.000212576278
0x34dd,5662,0.000212576278
0x34de,5670,0.000212876633
0x34df,5670,0.000212876633
0x34e1,5670,0.000212876633
0x34e4,682,0.000025605267
0x34e5,682,0.000025605267
0x34e7,682,0.000025605267
0x34ea,257,0.000009648906
0x34ec,257,0.000009648906
0x34ed,257,0.000009648906
0x34ee,257,0.000009648906
0x34f0,257,0.000009648906
0x34f1,257,0.000009648906
0x34f3,257,0.000009648906
0x34f6,112,0.000004204971
0x34f8,112,0.000004204971
0x34f9,112,0.000004204971
0x34fa,112,0.000004204971
0x34fc,112,0.000004204971
0x34fd,112,0.000004204971
0x34ff,112,0.000004204971
0x3509,257,0.000009648906
0x350a,257,0.000009648906
0x350b,257,0.000009648906
0x350c,5670,0.000212876633
0x350e,5670,0.000212876633
0x350f,5670,0.000212876633
0x3512,5670,0.000212876633
0x3513,5670,0.000212876633
0x3515,5670,0.000212876633
0x3516,5670,0.000212876633
0x3518,5670,0.000212876633
0x3519,5670,0.000212876633
0x3520,34,0.000001276509
0x3521,34,0.000001276509
0x3522,34,0.000001276509
0x3523,34,0.000001276509
0x3524,34,0.000001276509
0x3525,34,0.000001276509
0x3526,34,0.000001276509
0x3527,34,0.000001276509
0x3528,1449,0.000054401806
0x3529,1449,0.000054401806
0x352a,1449,0.000054401806
0x352b,1449,0.000054401806
0x352c,1449,0.000054401806
0x352d,1449,0.000054401806
0x352e,1449,0.000054401806
0x352f,1449,0.000054401806
0x3530,1733,0.000065064410
0x3531,1733,0.000065064410
0x3532,1733,0.000065064410
0x3533,1733,0.000065064410
0x3534,1733,0.000065064410
0x3535,1733,0.000065064410
0x3536,1733,0.000065064410
0x3537,1733,0.000065064410
0x3538,2056,0.000077191245
0x3539,2056,0.000077191245
0x353a,2056,0.000077191245
0x353b,2056,0.000077191245
0x353c,2056,0.000077191245
0x353d,2056,0.000077191245
0x353e,2056,0.000077191245
0x353f,2056,0.000077191245
0x3540,5637,0.000211637669
0x3541,5637,0.000211637669
0x3542,5637,0.000211637669
0x3543,5637,0.000211637669
0x3544,5637,0.000211637669
0x3545,5637,0.000211637669
0x3546,5637,0.000211637669
0x3547,5637,0.000211637669
0x3548,6189,0.000232362167
0x3549,6189,0.000232362167
0x354a,6189,0.000232362167
0x354b,6189,0.000232362167
0x354c,6189,0.000232362167
0x354d,6189,0.000232362167
0x354e,6189,0.000232362167
0x354f,6189,0.000232362167
0x3550,6237,0.000234164297
0x3551,6237,0.000234164297
0x3552,6237,0.000234164297
0x3553,6237,0.000234164297
0x3554,6237,0.000234164297
0x3555,6237,0.000234164297
0x3556,6237,0.000234164297
0x3557,6237,0.000234164297
0x3558,6237,0.000234164297
0x355a,6237,0.000234164297
0x355b,6237,0.000234164297
0x355d,6237,0.000234164297
0x3560,1573,0.000059057309
0x3563,1573,0.000059057309
0x3564,1573,0.000059057309
0x3565,1573,0.000059057309
0x3566,1573,0.000059057309
0x3567,1573,0.000059057309
0x3568,1573,0.000059057309
0x3569,1573,0.000059057309
0x356a,1573,0.000059057309
0x356d,1573,0.000059057309
0x3570,1573,0.000059057309
0x3572,1573,0.000059057309
0x3577,1573,0.000059057309
0x3579,1573,0.000059057309
0x357a,1573,0.000059057309
0x357b,1573,0.000059057309
0x357e,1573,0.000059057309
0x357f,1573,0.000059057309
0x3581,1573,0.000059057309
0x3584,1573,0.000059057309
0x3586,1573,0.000059057309
0x3587,1573,0.000059057309
0x3588,1573,0.000059057309
0x3589,1573,0.000059057309
0x358c,1573,0.000059057309
0x358d,1573,0.000059057309
0x358e,1573,0.000059057309
0x3590,1573,0.000059057309
0x3591,1573,0.000059057309
0x3593,1573,0.000059057309
0x3594,1573,0.000059057309
0x3596,1573,0.000059057309
0x3597,1573,0.000059057309
0x359a,1573,0.000059057309
0x359b,1573,0.000059057309
0x359c,1573,0.000059057309
0x359d,1573,0.000059057309
0x359f,1573,0.000059057309
0x35a2,1573,0.000059057309
0x35b0,6292,0.000236229238
0x35b1,6292,0.000236229238
0x35b2,6292,0.000236229238
0x35b3,5134,0.000192752846
0x35b4,5134,0.000192752846
0x35b5,5134,0.000192752846
0x35b6,5134,0.000192752846
0x35b7,5134,0.000192752846
0x35b8,5134,0.000192752846
0x35b9,5134,0.000192752846
0x35ba,5134,0.000192752846
0x35bd,4563,0.000171315005
0x35be,5134,0.000192752846
0x35bf,5134,0.000192752846
0x35c0,5134,0.000192752846
0x35c1,5134,0.000192752846
0x35c2,5134,0.000192752846
0x35c3,5134,0.000192752846
0x35c4,5134,0.000192752846
0x35c5,5134,0.000192752846
0x35c7,5134,0.000192752846
0x35c8,5134,0.000192752846
0x35c9,5134,0.000192752846
0x35ca,5134,0.000192752846
0x35cb,5134,0.000192752846
0x35cc,5134,0.000192752846
0x35cd,5134,0.000192752846
0x35ce,5134,0.000192752846
0x35cf,5134,0.000192752846
0x35d0,5134,0.000192752846
0x35d1,5134,0.000192752846
0x35d2,5134,0.000192752846
0x35d3,5134,0.000192752846
0x35d4,5134,0.000192752846
0x35d5,5134,0.000192752846
0x35d6,5134,0.000192752846
0x35d7,5134,0.000192752846
0x35d8,5134,0.000192752846
0x35d9,5134,0.000192752846
0x35da,5134,0.000192752846
0x35db,5134,0.000192752846
0x35e0,3930,0.000147549413
0x35e1,3930,0.000147549413
0x35e2,3930,0.000147549413
0x35e3,3930,0.000147549413
0x35e5,3930,0.000147549413
0x35e8,2095,0.000078655476
0x35e9,2095,0.000078655476
0x35ea,2095,0.000078655476
0x35eb,2095,0.000078655476
0x35ec,2095,0.000078655476
0x35ed,2095,0.000078655476
0x35ee,2095,0.000078655476
0x35ef,2095,0.000078655476
0x35f0,2095,0.000078655476
0x35f1,2095,0.000078655476
0x35f3,2095,0.000078655476
0x35f6,606,0.000022751894
0x35f8,606,0.000022751894
0x35f9,606,0.000022751894
0x35fa,606,0.000022751894
0x35fb,606,0.000022751894
0x35fd,606,0.000022751894
0x35fe,606,0.000022751894
0x3601,80,0.000003003550
0x3602,80,0.000003003550
0x3603,80,0.000003003550
0x3604,606,0.000022751894
0x3605,606,0.000022751894
0x3606,606,0.000022751894
0x3607,606,0.000022751894
0x3608,606,0.000022751894
0x3609,606,0.000022751894
0x360a,606,0.000022751894
0x360b,606,0.000022751894
0x360c,606,0.000022751894
0x360e,606,0.000022751894
0x360f,606,0.000022751894
0x3612,559,0.000020987308
0x3613,559,0.000020987308
0x3614,559,0.000020987308
0x3615,559,0.000020987308
0x3616,559,0.000020987308
0x3618,559,0.000020987308
0x3619,559,0.000020987308
0x361a,559,0.000020987308
0x361b,559,0.000020987308
0x361c,379,0.000014229320
0x361f,379,0.000014229320
0x3620,379,0.000014229320
0x3621,379,0.000014229320
0x3622,138,0.000005181124
0x3623,138,0.000005181124
0x3624,138,0.000005181124
0x3628,1835,0.000068893937
0x362a,1835,0.000068893937
0x362d,1792,0.000067279529
0x362e,1792,0.000067279529
0x362f,1792,0.000067279529
0x3630,1792,0.000067279529
0x3631,1792,0.000067279529
0x3632,1792,0.000067279529
0x3633,1792,0.000067279529
0x3634,1792,0.000067279529
0x3635,1792,0.000067279529
0x3636,1792,0.000067279529
0x3637,1792,0.000067279529
0x363a,567,0.000021287663
0x363c,567,0.000021287663
0x363d,567,0.000021287663
0x363e,567,0.000021287663
0x363f,567,0.000021287663
0x3641,567,0.000021287663
0x3642,567,0.000021287663
0x3645,76,0.000002853373
0x3646,76,0.000002853373
0x3647,76,0.000002853373
0x3648,567,0.000021287663
0x3649,567,0.000021287663
0x364a,567,0.000021287663
0x364b,567,0.000021287663
0x364c,567,0.000021287663
0x364d,567,0.000021287663
0x364e,567,0.000021287663
0x364f,567,0.000021287663
0x3650,567,0.000021287663
0x3651,567,0.000021287663
0x3652,567,0.000021287663
0x3654,567,0.000021287663
0x3655,567,0.000021287663
0x3656,567,0.000021287663
0x3657,567,0.000021287663
0x365a,439,0.000016481983
0x365d,439,0.000016481983
0x365e,439,0.000016481983
0x3661,115,0.000004317604
0x3662,115,0.000004317604
0x3663,567,0.000021287663
0x3665,567,0.000021287663
0x3666,567,0.000021287663
0x366a,1489,0.000055903582
0x366b,1489,0.000055903582
0x366c,1489,0.000055903582
0x366d,52,0.000001952308
0x366e,52,0.000001952308
0x366f,52,0.000001952308
0x3670,52,0.000001952308
0x3671,52,0.000001952308
0x3672,47,0.000001764586
0x3673,47,0.000001764586
0x3674,47,0.000001764586
0x3675,47,0.000001764586
0x3676,47,0.000001764586
0x3679,47,0.000001764586
0x367b,47,0.000001764586
0x367c,47,0.000001764586
0x367f,47,0.000001764586
0x3680,47,0.000001764586
0x3683,47,0.000001764586
0x3684,47,0.000001764586
0x3686,47,0.000001764586
0x3689,47,0.000001764586
0x368a,47,0.000001764586
0x368b,47,0.000001764586
0x368d,47,0.000001764586
0x368e,44,0.000001651953
0x3690,44,0.000001651953
0x3691,36,0.000001351598
0x3692,36,0.000001351598
0x3695,1225,0.000045991865
0x3696,1225,0.000045991865
0x3697,1225,0.000045991865
0x3698,1225,0.000045991865
0x3699,1225,0.000045991865
0x369a,1225,0.000045991865
0x369b,1225,0.000045991865
0x369c,1225,0.000045991865
0x369d,31,0.000001163876
0x369e,31,0.000001163876
0x36a0,31,0.000001163876
0x36a1,31,0.000001163876
0x36a4,31,0.000001163876
0x36a6,31,0.000001163876
0x36a7,31,0.000001163876
0x36aa,29,0.000001088787
0x36ab,31,0.000001163876
0x36ae,31,0.000001163876
0x36b0,31,0.000001163876
0x36b3,31,0.000001163876
0x36b4,31,0.000001163876
0x36b6,31,0.000001163876
0x36b7,31,0.000001163876
0x36b9,31,0.000001163876
0x36ba,31,0.000001163876
0x36bb,31,0.000001163876
0x36c0,1204,0.000045203433
0x36c1,1204,0.000045203433
0x36c2,1204,0.000045203433
0x36c3,602,0.000022601717
0x36c4,602,0.000022601717
0x36c5,602,0.000022601717
0x36c6,602,0.000022601717
0x36c8,602,0.000022601717
0x36c9,602,0.000022601717
0x36d2,1920,0.000072085209
0x36d3,1920,0.000072085209
0x36d4,1920,0.000072085209
0x36d5,1920,0.000072085209
0x36d6,1920,0.000072085209
0x36d7,1920,0.000072085209
0x36d8,72,0.000002703195
0x36d9,72,0.000002703195
0x36da,72,0.000002703195
0x36db,72,0.000002703195
0x36dc,72,0.000002703195
0x36dd,72,0.000002703195
0x36de,72,0.000002703195
0x36e1,72,0.000002703195
0x36e3,72,0.000002703195
0x36e6,72,0.000002703195
0x36ea,1758,0.000066003020
0x36eb,1758,0.000066003020
0x36ec,1758,0.000066003020
0x36ed,1758,0.000066003020
0x36ee,1758,0.000066003020
0x36ef,1758,0.000066003020
0x36f0,522,0.000019598166
0x36f1,522,0.000019598166
0x36f2,522,0.000019598166
0x36f3,522,0.000019598166
0x36f5,522,0.000019598166
0x36f6,28,0.000001051243
0x36f7,28,0.000001051243
0x36f8,28,0.000001051243
0x36f9,28,0.000001051243
0x36fa,28,0.000001051243
0x36fb,28,0.000001051243
0x36fc,28,0.000001051243
0x36fd,28,0.000001051243
0x36fe,28,0.000001051243
0x3701,28,0.000001051243
0x3703,28,0.000001051243
0x3706,28,0.000001051243
0x370a,1456,0.000054664617
0x370b,1456,0.000054664617
0x370c,1456,0.000054664617
0x370d,1456,0.000054664617
0x370e,1456,0.000054664617
0x370f,1456,0.000054664617
0x3710,124,0.000004655503
0x3711,124,0.000004655503
0x3712,124,0.000004655503
0x3713,124,0.000004655503
0x3715,124,0.000004655503
0x3716,44,0.000001651953
0x3717,44,0.000001651953
0x3718,44,0.000001651953
0x3719,44,0.000001651953
0x371a,44,0.000001651953
0x371b,44,0.000001651953
0x371c,44,0.000001651953
0x371d,44,0.000001651953
0x371e,44,0.000001651953
0x3721,44,0.000001651953
0x3723,44,0.000001651953
0x3726,44,0.000001651953
0x3729,44,0.000001651953
0x372a,44,0.000001651953
0x372c,44,0.000001651953
0x372d,22,0.000000825976
0x372e,22,0.000000825976
0x3730,22,0.000000825976
0x3731,22,0.000000825976
0x3732,22,0.000000825976
0x3733,22,0.000000825976
0x3734,22,0.000000825976
0x3735,22,0.000000825976
0x3736,22,0.000000825976
0x3739,22,0.000000825976
0x373b,22,0.000000825976
0x373e,22,0.000000825976
0x3744,43,0.000001614408
0x3746,43,0.000001614408
0x3747,43,0.000001614408
0x3748,43,0.000001614408
0x3749,43,0.000001614408
0x374a,43,0.000001614408
0x374c,43,0.000001614408
0x374d,43,0.000001614408
0x374e,43,0.000001614408
0x3750,43,0.000001614408
0x3751,43,0.000001614408
0x3752,6,0.000000225266
0x3753,6,0.000000225266
0x3754,6,0.000000225266
0x3758,8422,0.000316198767
0x3759,8422,0.000316198767
0x375a,8422,0.000316198767
0x375b,32,0.000001201420
0x375c,32,0.000001201420
0x375f,30,0.000001126331
0x3760,30,0.000001126331
0x3761,30,0.000001126331
0x3764,16,0.000000600710
0x3766,16,0.000000600710
0x3767,16,0.000000600710
0x3769,16,0.000000600710
0x376a,16,0.000000600710
0x376b,16,0.000000600710
0x376c,16,0.000000600710
0x376d,16,0.000000600710
0x376e,16,0.000000600710
0x376f,16,0.000000600710
0x3770,16,0.000000600710
0x3771,16,0.000000600710
0x3772,16,0.000000600710
0x3773,16,0.000000600710
0x3774,16,0.000000600710
0x3777,16,0.000000600710
0x377a,16,0.000000600710
0x377b,16,0.000000600710
0x377c,16,0.000000600710
0x377d,16,0.000000600710
0x377e,16,0.000000600710
0x3780,16,0.000000600710
0x3781,16,0.000000600710
0x3782,16,0.000000600710
0x3783,16,0.000000600710
0x3786,16,0.000000600710
0x3787,16,0.000000600710
0x3788,16,0.000000600710
0x3789,16,0.000000600710
0x378c,16,0.000000600710
0x378e,16,0.000000600710
0x378f,16,0.000000600710
0x3791,16,0.000000600710
0x3792,16,0.000000600710
0x3796,16,0.000000600710
0x3798,16,0.000000600710
0x3799,16,0.000000600710
0x379b,16,0.000000600710
0x379e,6,0.000000225266
0x379f,16,0.000000600710
0x37a0,16,0.000000600710
0x37a1,16,0.000000600710
0x37a4,16,0.000000600710
0x37a5,16,0.000000600710
0x37a6,16,0.000000600710
0x37a7,16,0.000000600710
0x37aa,16,0.000000600710
0x37b0,14,0.000000525621
0x37b1,14,0.000000525621
0x37b2,14,0.000000525621
0x37b3,14,0.000000525621
0x37b4,14,0.000000525621
0x37b5,14,0.000000525621
0x37b6,14,0.000000525621
0x37b7,14,0.000000525621
0x37b8,14,0.000000525621
0x37b9,14,0.000000525621
0x37ba,14,0.000000525621
0x37bb,14,0.000000525621
0x37be,14,0.000000525621
0x37c0,14,0.000000525621
0x37c1,14,0.000000525621
0x37c4,14,0.000000525621
0x37c6,14,0.000000525621
0x37cc,2,0.000000075089
0x37cd,2,0.000000075089
0x37ce,2,0.000000075089
0x37cf,2,0.000000075089
0x37d0,2,0.000000075089
0x37d2,2,0.000000075089
0x37d4,2,0.000000075089
0x37d5,2,0.000000075089
0x37d7,2,0.000000075089
0x37da,2,0.000000075089
0x37dd,52,0.000001952308
0x37de,52,0.000001952308
0x37df,52,0.000001952308
0x37e0,52,0.000001952308
0x37e1,52,0.000001952308
0x37e2,52,0.000001952308
0x37e5,2,0.000000075089
0x3800,3146,0.000118114619
0x3803,3146,0.000118114619
0x3805,3146,0.000118114619
0x3806,1500,0.000056316570
0x3809,1500,0.000056316570
0x380b,1500,0.000056316570
0x380c,1500,0.000056316570
0x380f,1500,0.000056316570
0x3810,1500,0.000056316570
0x3813,1500,0.000056316570
0x3815,1500,0.000056316570
0x3816,1500,0.000056316570
0x3819,1500,0.000056316570
0x381a,1500,0.000056316570
0x381b,1500,0.000056316570
0x381d,1500,0.000056316570
0x381e,1500,0.000056316570
0x381f,1500,0.000056316570
0x3820,1500,0.000056316570
0x3822,1500,0.000056316570
0x3823,21,0.000000788432
0x3824,21,0.000000788432
0x3827,21,0.000000788432
0x3829,21,0.000000788432
0x382b,21,0.000000788432
0x382c,21,0.000000788432
0x382e,21,0.000000788432
0x382f,21,0.000000788432
0x3830,21,0.000000788432
0x3832,21,0.000000788432
0x3833,21,0.000000788432
0x3834,21,0.000000788432
0x3835,21,0.000000788432
0x3837,21,0.000000788432
0x3838,21,0.000000788432
0x3839,21,0.000000788432
0x383b,21,0.000000788432
0x383c,21,0.000000788432
0x383e,21,0.000000788432
0x3841,13,0.000000488077
0x3844,21,0.000000788432
0x3846,21,0.000000788432
0x3847,21,0.000000788432
0x3849,21,0.000000788432
0x384a,21,0.000000788432
0x384b,21,0.000000788432
0x384c,8,0.000000300355
0x384f,8,0.000000300355
0x3850,8,0.000000300355
0x3851,8,0.000000300355
0x3853,8,0.000000300355
0x3854,8,0.000000300355
0x3855,8,0.000000300355
0x3856,8,0.000000300355
0x3857,8,0.000000300355
0x3858,8,0.000000300355
0x3859,8,0.000000300355
0x385c,8,0.000000300355
0x385d,8,0.000000300355
0x385f,8,0.000000300355
0x3862,2,0.000000075089
0x3863,2,0.000000075089
0x3865,2,0.000000075089
0x3868,2,0.000000075089
0x386b,2,0.000000075089
0x386e,2,0.000000075089
0x386f,2,0.000000075089
0x3871,2,0.000000075089
0x3894,6,0.000000225266
0x3897,6,0.000000225266
0x3899,6,0.000000225266
0x389c,6,0.000000225266
0x38a1,8,0.000000300355
0x38a2,8,0.000000300355
0x38a4,8,0.000000300355
0x38a5,8,0.000000300355
0x38a6,8,0.000000300355
0x38a7,8,0.000000300355
0x38a8,8,0.000000300355
0x38a9,8,0.000000300355
0x38ac,8,0.000000300355
0x38ae,8,0.000000300355
0x38af,8,0.000000300355
0x38b1,8,0.000000300355
0x38b4,8,0.000000300355
0x38b5,8,0.000000300355
0x38bc,10,0.000000375444
0x38be,10,0.000000375444
0x38bf,10,0.000000375444
0x38c1,10,0.000000375444
0x38c2,10,0.000000375444
0x38c3,10,0.000000375444
0x38f8,6,0.000000225266
0x38fb,8,0.000000300355
0x38fc,8,0.000000300355
0x38fd,8,0.000000300355
0x3906,8,0.000000300355
0x3907,8,0.000000300355
0x3908,8,0.000000300355
0x3909,8,0.000000300355
0x390a,8,0.000000300355
0x390d,8,0.000000300355
0x390e,8,0.000000300355
0x390f,8,0.000000300355
0x3912,8,0.000000300355
0x3913,8,0.000000300355
0x3916,8,0.000000300355
0x3918,8,0.000000300355
0x391b,8,0.000000300355
0x391c,13,0.000000488077
0x391d,13,0.000000488077
0x391f,13,0.000000488077
0x3922,3,0.000000112633
0x3923,1743,0.000065439854
0x3930,786,0.000029509883
0x3933,786,0.000029509883
0x3935,786,0.000029509883
0x3937,786,0.000029509883
0x3938,786,0.000029509883
0x393a,786,0.000029509883
0x393b,786,0.000029509883
0x393c,786,0.000029509883
0x393d,786,0.000029509883
0x393f,786,0.000029509883
0x3942,393,0.000014754941
0x3945,393,0.000014754941
0x3946,393,0.000014754941
0x3947,393,0.000014754941
0x394a,393,0.000014754941
0x394b,393,0.000014754941
0x394c,2418,0.000090782310
0x394d,2418,0.000090782310
0x3950,2368,0.000088905091
0x3951,2368,0.000088905091
0x3952,2368,0.000088905091
0x3954,2368,0.000088905091
0x3955,2368,0.000088905091
0x3956,2368,0.000088905091
0x3959,343,0.000012877722
0x395c,2418,0.000090782310
0x395d,2418,0.000090782310
0x395f,2418,0.000090782310
0x3960,598,0.000022451539
0x3961,598,0.000022451539
0x3963,598,0.000022451539
0x3964,598,0.000022451539
0x3965,598,0.000022451539
0x3966,598,0.000022451539
0x3967,512,0.000019222722
0x3968,512,0.000019222722
0x3969,50,0.000001877219
0x396b,50,0.000001877219
0x396c,50,0.000001877219
0x396d,50,0.000001877219
0x396e,50,0.000001877219
0x396f,50,0.000001877219
0x3972,50,0.000001877219
0x3973,50,0.000001877219
0x3975,50,0.000001877219
0x3976,50,0.000001877219
0x3977,50,0.000001877219
0x3978,50,0.000001877219
0x397a,50,0.000001877219
0x397b,50,0.000001877219
0x3980,1573,0.000059057309
0x3983,1573,0.000059057309
0x3985,1573,0.000059057309
0x3986,6,0.000000225266
0x3988,6,0.000000225266
0x3a00,786,0.000029509883
0x3a03,786,0.000029509883
0x3a05,786,0.000029509883
0x3a06,786,0.000029509883
0x3a07,786,0.000029509883
0x3a08,786,0.000029509883
0x3a0b,786,0.000029509883
0x3a0c,786,0.000029509883
0x3a0d,786,0.000029509883
0x3a0e,393,0.000014754941
0x3a0f,393,0.000014754941
0x3a10,2127,0.000079856896
0x3a13,2127,0.000079856896
0x3a14,2127,0.000079856896
0x3a15,2127,0.000079856896
0x3a18,384,0.000014417042
0x3a1a,384,0.000014417042
0x3a1c,384,0.000014417042
0x3a1d,1743,0.000065439854
0x3a20,1743,0.000065439854
0x3a21,1743,0.000065439854
0x3a22,1743,0.000065439854
0x3a40,1743,0.000065439854
0x3a42,1743,0.000065439854
0x3a43,1743,0.000065439854
0x3a44,1743,0.000065439854
0x3a47,224,0.000008409941
0x3a49,224,0.000008409941
0x3a4c,14,0.000000525621
0x3a4e,224,0.000008409941
0x3a4f,224,0.000008409941
0x3a50,224,0.000008409941
0x3a51,224,0.000008409941
0x3a52,224,0.000008409941
0x3a53,224,0.000008409941
0x3a54,224,0.000008409941
0x3a56,224,0.000008409941
0x3a58,224,0.000008409941
0x3a5a,224,0.000008409941
0x3a5b,224,0.000008409941
0x3a5d,224,0.000008409941
0x3a5f,224,0.000008409941
0x3a62,1519,0.000057029913
0x3a64,1519,0.000057029913
0x3a65,1519,0.000057029913
0x3a66,1519,0.000057029913
0x3a82,1743,0.000065439854
0x3a85,1743,0.000065439854
0x3a86,1743,0.000065439854
0x3a88,1743,0.000065439854
0x3a90,1743,0.000065439854
0x3a93,1743,0.000065439854
0x3a94,1743,0.000065439854
0x3a95,1743,0.000065439854
0x3a98,1066,0.000040022309
0x3a9b,1066,0.000040022309
0x3a9e,1066,0.000040022309
0x3aa1,17056,0.000640356942
0x3aa2,17056,0.000640356942
0x3aa3,17056,0.000640356942
0x3aa4,17056,0.000640356942
0x3aa7,9794,0.000367709656
0x3aa8,9794,0.000367709656
0x3aaa,9794,0.000367709656
0x3aad,1381,0.000051848789
0x3aae,17056,0.000640356942
0x3aaf,17056,0.000640356942
0x3ab0,17056,0.000640356942
0x3ab1,17056,0.000640356942
0x3ab2,17056,0.000640356942
0x3ab5,1066,0.000040022309
0x3ab6,1066,0.000040022309
0x3ab7,1066,0.000040022309
0x3ab8,590,0.000022151184
0x3aba,590,0.000022151184
0x3abd,6,0.000000225266
0x3abf,590,0.000022151184
0x3ac1,590,0.000022151184
0x3ac2,590,0.000022151184
0x3ac5,590,0.000022151184
0x3ac6,590,0.000022151184
0x3ac8,590,0.000022151184
0x3ac9,590,0.000022151184
0x3aca,590,0.000022151184
0x3b1b,1743,0.000065439854
0x3b1e,1743,0.000065439854
0x3b1f,1743,0.000065439854
0x3b20,1743,0.000065439854
0x3b33,1743,0.000065439854
0x3b36,1743,0.000065439854
0x3b37,1743,0.000065439854
0x3b38,1743,0.000065439854
0x3b43,1743,0.000065439854
0x3b46,1743,0.000065439854
0x3b47,1743,0.000065439854
0x3b49,1743,0.000065439854
0x3b4c,1743,0.000065439854
0x3b4f,1743,0.000065439854
0x3b52,1743,0.000065439854
0x3b55,1743,0.000065439854
0x3b58,1743,0.000065439854
0x3b5b,1743,0.000065439854
