pc,count,frequency
0x0000,1,0.000000054478
0x0001,1,0.000000054478
0x0002,1,0.000000054478
0x0003,1,0.000000054478
0x0004,1,0.000000054478
0x0005,1,0.000000054478
0x0006,1,0.000000054478
0x0007,1,0.000000054478
0x0008,1,0.000000054478
0x000b,1,0.000000054478
0x000d,1,0.000000054478
0x000f,1,0.000000054478
0x0012,1,0.000000054478
0x0015,1,0.000000054478
0x0017,1,0.000000054478
0x001a,10597,0.000577301845
0x001d,10597,0.000577301845
0x0020,10597,0.000577301845
0x0021,10597,0.000577301845
0x0024,1736,0.000094573559
0x0027,1736,0.000094573559
0x002a,1736,0.000094573559
0x002d,8861,0.000482728286
0x002f,8861,0.000482728286
0x0031,8861,0.000482728286
0x0032,8861,0.000482728286
0x0034,8861,0.000482728286
0x0035,8861,0.000482728286
0x0038,8861,0.000482728286
0x0039,8861,0.000482728286
0x003c,8861,0.000482728286
0x003d,8861,0.000482728286
0x0040,7,0.000000381345
0x0043,7,0.000000381345
0x0046,8854,0.000482346941
0x0049,8853,0.000482292463
0x0050,1,0.000000054478
0x0052,1,0.000000054478
0x0054,1,0.000000054478
0x0056,1,0.000000054478
0x0058,1,0.000000054478
0x005a,1,0.000000054478
0x005c,1,0.000000054478
0x005f,1,0.000000054478
0x0061,1,0.000000054478
0x0063,1,0.000000054478
0x0066,1,0.000000054478
0x0068,1,0.000000054478
0x006a,1,0.000000054478
0x006b,2,0.000000108956
0x006e,2,0.000000108956
0x0070,6130,0.000333949260
0x0072,6130,0.000333949260
0x0073,6130,0.000333949260
0x0074,6130,0.000333949260
0x0077,2,0.000000108956
0x0078,576,0.000031379245
0x007b,576,0.000031379245
0x0080,1487113,0.081014728524
0x0082,1487113,0.081014728524
0x0083,1487113,0.081014728524
0x0085,1487113,0.081014728524
0x0088,21218,0.001155911158
0x0089,21218,0.001155911158
0x008b,21218,0.001155911158
0x008e,10625,0.000578827225
0x0090,10625,0.000578827225
0x0091,10625,0.000578827225
0x0094,10625,0.000578827225
0x0095,10625,0.000578827225
0x0096,10625,0.000578827225
0x0097,10625,0.000578827225
0x0098,10625,0.000578827225
0x009a,10625,0.000578827225
0x009d,10625,0.000578827225
0x009f,10625,0.000578827225
0x00a0,10625,0.000578827225
0x00a2,10625,0.000578827225
0x00a3,10625,0.000578827225
0x00a6,10625,0.000578827225
0x00a8,10625,0.000578827225
0x00ab,10625,0.000578827225
0x00ac,1,0.000000054478
0x00ae,1,0.000000054478
0x00af,1,0.000000054478
0x00b0,1,0.000000054478
0x00b2,1,0.000000054478
0x00b5,1,0.000000054478
0x00bb,18224,0.000992804456
0x00be,18224,0.000992804456
0x00bf,18224,0.000992804456
0x00c0,18224,0.000992804456
0x00c1,18224,0.000992804456
0x00c2,18224,0.000992804456
0x00c3,18224,0.000992804456
0x00c4,1538,0.000083786943
0x00c5,1538,0.000083786943
0x00c7,1538,0.000083786943
0x00c9,1538,0.000083786943
0x00ca,1538,0.000083786943
0x00cd,1538,0.000083786943
0x00ce,1538,0.000083786943
0x00cf,1538,0.000083786943
0x00d0,1538,0.000083786943
0x00d1,1538,0.000083786943
0x00d2,1538,0.000083786943
0x00d3,1538,0.000083786943
0x00d4,1538,0.000083786943
0x00d6,1538,0.000083786943
0x00d8,1538,0.000083786943
0x00d9,1538,0.000083786943
0x00dc,1538,0.000083786943
0x00dd,1538,0.000083786943
0x00de,1538,0.000083786943
0x00e1,522,0.000028437441
0x00e3,8854,0.000482346941
0x00e6,8854,0.000482346941
0x00e9,8854,0.000482346941
0x00ec,8854,0.000482346941
0x00ef,8854,0.000482346941
0x00f2,8851,0.000482183507
0x00f5,8851,0.000482183507
0x00f8,8851,0.000482183507
0x00fb,8851,0.000482183507
0x00fe,8263,0.000450150528
0x0101,8263,0.000450150528
0x0104,8263,0.000450150528
0x0107,8261,0.000450041572
0x0109,8261,0.000450041572
0x010c,8261,0.000450041572
0x010f,8259,0.000449932616
0x0111,8259,0.000449932616
0x0114,8259,0.000449932616
0x0117,8257,0.000449823661
0x0119,8257,0.000449823661
0x011c,8257,0.000449823661
0x011f,8257,0.000449823661
0x0122,7681,0.000418444415
0x0125,7681,0.000418444415
0x0128,7681,0.000418444415
0x012b,7681,0.000418444415
0x012e,7329,0.000399268210
0x0131,7329,0.000399268210
0x0134,7329,0.000399268210
0x0137,7329,0.000399268210
0x013a,486,0.000026476238
0x0140,14,0.000000762690
0x0143,14,0.000000762690
0x0146,14,0.000000762690
0x0149,14,0.000000762690
0x014c,14,0.000000762690
0x014e,14,0.000000762690
0x014f,14,0.000000762690
0x0151,14,0.000000762690
0x0152,14,0.000000762690
0x0153,14,0.000000762690
0x0154,14,0.000000762690
0x0156,14,0.000000762690
0x0158,14,0.000000762690
0x015b,14,0.000000762690
0x015d,14,0.000000762690
0x015f,14,0.000000762690
0x0161,14,0.000000762690
0x0164,14,0.000000762690
0x0166,14,0.000000762690
0x0167,14,0.000000762690
0x0168,14,0.000000762690
0x016a,14,0.000000762690
0x016b,14,0.000000762690
0x016d,14,0.000000762690
0x016f,14,0.000000762690
0x0172,14,0.000000762690
0x0173,6839,0.000372574060
0x0174,6839,0.000372574060
0x0176,6838,0.000372519582
0x0178,6838,0.000372519582
0x017a,6838,0.000372519582
0x017b,5179,0.000282140819
0x017d,5179,0.000282140819
0x017e,5126,0.000279253492
0x0180,5126,0.000279253492
0x0182,5126,0.000279253492
0x0183,1789,0.000097460885
0x0185,1789,0.000097460885
0x0186,1736,0.000094573559
0x0188,1736,0.000094573559
0x018a,1736,0.000094573559
0x018b,54,0.000002941804
0x018d,54,0.000002941804
0x018e,54,0.000002941804
0x018f,54,0.000002941804
0x0191,54,0.000002941804
0x0192,4,0.000000217911
0x0194,4,0.000000217911
0x0196,1164,0.000063412225
0x0197,1164,0.000063412225
0x0199,1164,0.000063412225
0x019b,1164,0.000063412225
0x019c,948,0.000051645008
0x019d,948,0.000051645008
0x019e,948,0.000051645008
0x01a0,948,0.000051645008
0x01a1,948,0.000051645008
0x01a2,948,0.000051645008
0x01a3,948,0.000051645008
0x01a5,948,0.000051645008
0x01a6,948,0.000051645008
0x01a7,948,0.000051645008
0x01a8,948,0.000051645008
0x01ab,948,0.000051645008
0x01ae,948,0.000051645008
0x01af,948,0.000051645008
0x01b0,948,0.000051645008
0x01b1,948,0.000051645008
0x01b2,948,0.000051645008
0x01b3,948,0.000051645008
0x01b4,948,0.000051645008
0x01b5,948,0.000051645008
0x01b6,948,0.000051645008
0x01b7,948,0.000051645008
0x01b8,948,0.000051645008
0x01b9,948,0.000051645008
0x01ba,948,0.000051645008
0x01bb,948,0.000051645008
0x01bd,948,0.000051645008
0x01be,948,0.000051645008
0x01c1,11766,0.000640986459
0x01c4,11766,0.000640986459
0x01c5,11766,0.000640986459
0x01c8,948,0.000051645008
0x01c9,948,0.000051645008
0x01ca,948,0.000051645008
0x01d0,2917,0.000158911907
0x01d1,2917,0.000158911907
0x01d2,2917,0.000158911907
0x01d3,2917,0.000158911907
0x01d4,2917,0.000158911907
0x01d6,2917,0.000158911907
0x01d7,2917,0.000158911907
0x01d9,2917,0.000158911907
0x01dc,2917,0.000158911907
0x01dd,2917,0.000158911907
0x01e0,1702,0.000092721312
0x01e1,5,0.000000272389
0x01e4,603,0.000032850147
0x01e7,603,0.000032850147
0x01e9,603,0.000032850147
0x01ed,75842,0.004131709588
0x01ee,75842,0.004131709588
0x01ef,75842,0.004131709588
0x01f0,75842,0.004131709588
0x01f3,75842,0.004131709588
0x01f4,75842,0.004131709588
0x01f7,2917,0.000158911907
0x0200,19479,0.001061174166
0x0201,19479,0.001061174166
0x0202,66,0.000003595539
0x0203,66,0.000003595539
0x0204,66,0.000003595539
0x0205,66,0.000003595539
0x0206,948,0.000051645008
0x0207,948,0.000051645008
0x0208,948,0.000051645008
0x0209,948,0.000051645008
0x020a,948,0.000051645008
0x020b,948,0.000051645008
0x020c,948,0.000051645008
0x020d,948,0.000051645008
0x020e,948,0.000051645008
0x0210,7247,0.000394801026
0x0211,7247,0.000394801026
0x0213,7247,0.000394801026
0x0214,7247,0.000394801026
0x0215,1691,0.000092122055
0x0216,1691,0.000092122055
0x0217,134952,0.007351895682
0x0218,134952,0.007351895682
0x021a,134952,0.007351895682
0x021b,134952,0.007351895682
0x021c,19524,0.001063625669
0x021d,19524,0.001063625669
0x0220,12,0.000000653734
0x0221,12,0.000000653734
0x0222,12,0.000000653734
0x0223,12,0.000000653734
0x0224,12,0.000000653734
0x0225,12,0.000000653734
0x0226,12,0.000000653734
0x0227,12,0.000000653734
0x0228,12,0.000000653734
0x0229,12,0.000000653734
0x022a,12,0.000000653734
0x022b,12,0.000000653734
0x022c,12,0.000000653734
0x022e,12,0.000000653734
0x022f,12,0.000000653734
0x0230,12,0.000000653734
0x0231,12,0.000000653734
0x0232,12,0.000000653734
0x0258,41587,0.002265570616
0x0259,41587,0.002265570616
0x025a,41587,0.002265570616
0x025b,167,0.000009097802
0x025c,167,0.000009097802
0x025d,167,0.000009097802
0x025e,167,0.000009097802
0x025f,167,0.000009097802
0x0260,32118,0.001749719793
0x0263,32118,0.001749719793
0x0264,30940,0.001685544878
0x0267,30940,0.001685544878
0x0270,43894,0.002391251031
0x0271,43894,0.002391251031
0x0272,43894,0.002391251031
0x0273,43894,0.002391251031
0x0274,43894,0.002391251031
0x0275,43894,0.002391251031
0x0276,43894,0.002391251031
0x0277,30940,0.001685544878
0x0278,30940,0.001685544878
0x0279,30940,0.001685544878
0x027a,30940,0.001685544878
0x027b,30940,0.001685544878
0x027c,30940,0.001685544878
0x027d,30940,0.001685544878
0x0288,7,0.000000381345
0x028b,7,0.000000381345
0x028e,7,0.000000381345
0x0290,7,0.000000381345
0x0293,7,0.000000381345
0x0295,7,0.000000381345
0x0298,7,0.000000381345
0x029a,7,0.000000381345
0x02a7,7,0.000000381345
0x02aa,7,0.000000381345
0x02ab,7,0.000000381345
0x02ac,7,0.000000381345
0x02ad,1,0.000000054478
0x02b0,1,0.000000054478
0x02b3,1,0.000000054478
0x02b6,1,0.000000054478
0x02b9,1,0.000000054478
0x02bc,1,0.000000054478
0x02be,1,0.000000054478
0x02c0,1,0.000000054478
0x02c3,1,0.000000054478
0x02c5,1,0.000000054478
0x02c7,1,0.000000054478
0x02cb,1,0.000000054478
0x02cd,1,0.000000054478
0x02cf,1,0.000000054478
0x02d4,1,0.000000054478
0x02d7,1,0.000000054478
0x02d8,1,0.000000054478
0x02db,1,0.000000054478
0x02dd,1,0.000000054478
0x02e3,1,0.000000054478
0x02e5,1,0.000000054478
0x02e6,1,0.000000054478
0x02e7,1,0.000000054478
0x02e8,1,0.000000054478
0x02ea,1,0.000000054478
0x02ed,1,0.000000054478
0x02f0,1,0.000000054478
0x02f3,1,0.000000054478
0x02f6,1,0.000000054478
0x02f9,1,0.000000054478
0x02fc,1,0.000000054478
0x02fe,1,0.000000054478
0x0300,1,0.000000054478
0x0303,1,0.000000054478
0x0306,1,0.000000054478
0x0308,1,0.000000054478
0x030b,1,0.000000054478
0x030d,1,0.000000054478
0x0310,1,0.000000054478
0x0314,14,0.000000762690
0x0315,14,0.000000762690
0x0316,14,0.000000762690
0x0317,14,0.000000762690
0x0318,14,0.000000762690
0x0319,14,0.000000762690
0x031a,14,0.000000762690
0x031b,14,0.000000762690
0x031c,14,0.000000762690
0x031d,14,0.000000762690
0x031e,14,0.000000762690
0x0320,2,0.000000108956
0x0321,2,0.000000108956
0x0322,2,0.000000108956
0x0323,2,0.000000108956
0x0324,2,0.000000108956
0x0325,2,0.000000108956
0x0326,2,0.000000108956
0x0327,2,0.000000108956
0x0328,2,0.000000108956
0x0329,2,0.000000108956
0x032a,2,0.000000108956
0x032e,1,0.000000054478
0x0331,8,0.000000435823
0x0333,8,0.000000435823
0x0334,8,0.000000435823
0x0335,8,0.000000435823
0x0337,8,0.000000435823
0x033a,1,0.000000054478
0x033c,1,0.000000054478
0x033f,1,0.000000054478
0x0341,1,0.000000054478
0x0344,1,0.000000054478
0x0346,1,0.000000054478
0x0349,1,0.000000054478
0x034b,1,0.000000054478
0x034e,1,0.000000054478
0x0350,1,0.000000054478
0x0353,1,0.000000054478
0x0355,1,0.000000054478
0x0357,1,0.000000054478
0x0358,1,0.000000054478
0x035b,1,0.000000054478
0x035c,1,0.000000054478
0x035e,1,0.000000054478
0x035f,1,0.000000054478
0x0361,1,0.000000054478
0x0367,4,0.000000217911
0x0369,4,0.000000217911
0x036a,4,0.000000217911
0x036c,4,0.000000217911
0x036f,4,0.000000217911
0x0370,4,0.000000217911
0x0371,4,0.000000217911
0x0373,4,0.000000217911
0x0376,4,0.000000217911
0x0377,8861,0.000482728286
0x037a,8861,0.000482728286
0x037b,8861,0.000482728286
0x037c,8861,0.000482728286
0x037d,8861,0.000482728286
0x0380,27,0.000001470902
0x0383,27,0.000001470902
0x0386,27,0.000001470902
0x0389,9828,0.000535408373
0x038a,9828,0.000535408373
0x038b,9828,0.000535408373
0x038c,9828,0.000535408373
0x038d,9828,0.000535408373
0x038e,9828,0.000535408373
0x038f,9828,0.000535408373
0x0390,9828,0.000535408373
0x0393,702,0.000038243455
0x0394,702,0.000038243455
0x0395,702,0.000038243455
0x0396,702,0.000038243455
0x0397,702,0.000038243455
0x0398,702,0.000038243455
0x0399,702,0.000038243455
0x039a,702,0.000038243455
0x039d,27,0.000001470902
0x03a0,84,0.000004576140
0x03a3,84,0.000004576140
0x03a6,34944,0.001903674215
0x03a7,34944,0.001903674215
0x03a8,34944,0.001903674215
0x03a9,34944,0.001903674215
0x03aa,34944,0.001903674215
0x03ab,34944,0.001903674215
0x03ac,34944,0.001903674215
0x03af,84,0.000004576140
0x03b0,6843,0.000372791972
0x03b3,6843,0.000372791972
0x03b6,6843,0.000372791972
0x03b9,4935,0.000268848222
0x03bc,4935,0.000268848222
0x03bf,4933,0.000268739266
0x03c2,4933,0.000268739266
0x03c5,4933,0.000268739266
0x03c8,3015,0.000164250737
0x03cb,3015,0.000164250737
0x03ce,6839,0.000372574060
0x03d1,6838,0.000372519582
0x03d4,6838,0.000372519582
0x03d5,6838,0.000372519582
0x03d7,6838,0.000372519582
0x03d8,6838,0.000372519582
0x03d9,6838,0.000372519582
0x03e2,2,0.000000108956
0x03e5,2,0.000000108956
0x03e8,2,0.000000108956
0x03eb,2,0.000000108956
0x03ee,2,0.000000108956
0x03f1,4,0.000000217911
0x03f4,4,0.000000217911
0x03f5,4,0.000000217911
0x03f7,4,0.000000217911
0x03f8,4,0.000000217911
0x03fa,4,0.000000217911
0x03fb,4,0.000000217911
0x03fc,4,0.000000217911
0x03fd,4,0.000000217911
0x0400,8574,0.000467093141
0x0403,8574,0.000467093141
0x0406,8574,0.000467093141
0x0407,8574,0.000467093141
0x0408,8574,0.000467093141
0x0409,8574,0.000467093141
0x040a,8574,0.000467093141
0x040b,8574,0.000467093141
0x040c,8574,0.000467093141
0x040d,8574,0.000467093141
0x041e,25,0.000001361946
0x0421,25,0.000001361946
0x0423,25,0.000001361946
0x0424,25,0.000001361946
0x0427,25,0.000001361946
0x0429,25,0.000001361946
0x042a,25,0.000001361946
0x042d,25,0.000001361946
0x0430,5,0.000000272389
0x0433,5,0.000000272389
0x0435,5,0.000000272389
0x0436,5,0.000000272389
0x0438,5,0.000000272389
0x043a,5,0.000000272389
0x043b,5,0.000000272389
0x043d,5,0.000000272389
0x043f,5,0.000000272389
0x0440,2,0.000000108956
0x0441,2,0.000000108956
0x0442,2,0.000000108956
0x0443,2,0.000000108956
0x0445,2,0.000000108956
0x04ac,988,0.000053824122
0x04af,988,0.000053824122
0x04b0,988,0.000053824122
0x04b1,988,0.000053824122
0x04b2,988,0.000053824122
0x04b4,988,0.000053824122
0x04b5,988,0.000053824122
0x04b6,979,0.000053333821
0x04b8,979,0.000053333821
0x04ba,979,0.000053333821
0x04bd,974,0.000053061432
0x04bf,974,0.000053061432
0x04c1,974,0.000053061432
0x04c2,974,0.000053061432
0x04c4,974,0.000053061432
0x04c6,974,0.000053061432
0x04c9,493,0.000026857583
0x04cc,493,0.000026857583
0x04cd,493,0.000026857583
0x04d0,493,0.000026857583
0x04d1,493,0.000026857583
0x04d2,493,0.000026857583
0x04d4,493,0.000026857583
0x04d7,493,0.000026857583
0x04df,493,0.000026857583
0x04e1,493,0.000026857583
0x04e4,493,0.000026857583
0x04e6,481,0.000026203849
0x04e9,481,0.000026203849
0x04ea,481,0.000026203849
0x04eb,481,0.000026203849
0x04ee,481,0.000026203849
0x04f4,481,0.000026203849
0x04f6,481,0.000026203849
0x04f9,481,0.000026203849
0x04fb,2886,0.000157223094
0x04fd,2886,0.000157223094
0x04fe,2886,0.000157223094
0x0501,2886,0.000157223094
0x0502,2886,0.000157223094
0x0505,481,0.000026203849
0x0506,20,0.000001089557
0x0509,20,0.000001089557
0x050b,20,0.000001089557
0x050e,20,0.000001089557
0x0511,20,0.000001089557
0x0514,20,0.000001089557
0x0515,20,0.000001089557
0x0518,20,0.000001089557
0x051b,20,0.000001089557
0x051d,20,0.000001089557
0x0520,20,0.000001089557
0x0523,20,0.000001089557
0x0526,20,0.000001089557
0x0529,20,0.000001089557
0x052c,20,0.000001089557
0x052f,20,0.000001089557
0x0532,20,0.000001089557
0x0535,20,0.000001089557
0x0537,20,0.000001089557
0x053a,20,0.000001089557
0x053d,20,0.000001089557
0x0540,20,0.000001089557
0x0543,20,0.000001089557
0x0547,20,0.000001089557
0x054a,20,0.000001089557
0x054d,20,0.000001089557
0x054f,20,0.000001089557
0x0552,20,0.000001089557
0x0555,20,0.000001089557
0x0557,20,0.000001089557
0x055a,20,0.000001089557
0x0580,22,0.000001198513
0x0583,22,0.000001198513
0x0586,22,0.000001198513
0x0588,22,0.000001198513
0x0589,22,0.000001198513
0x058a,22,0.000001198513
0x058b,22,0.000001198513
0x058d,22,0.000001198513
0x0590,22,0.000001198513
0x0592,22,0.000001198513
0x0595,22,0.000001198513
0x05d8,118,0.000006428387
0x05d9,5368,0.000292437133
0x05da,5368,0.000292437133
0x05db,5368,0.000292437133
0x05dc,5368,0.000292437133
0x05df,118,0.000006428387
0x05e0,1160,0.000063194313
0x05e1,1160,0.000063194313
0x05e2,1160,0.000063194313
0x05e3,1160,0.000063194313
0x05e4,1160,0.000063194313
0x05e5,1160,0.000063194313
0x05e8,46,0.000002505981
0x05ec,20,0.000001089557
0x05ef,20,0.000001089557
0x05f2,20,0.000001089557
0x05f4,20,0.000001089557
0x05f5,20,0.000001089557
0x05f6,20,0.000001089557
0x05f7,20,0.000001089557
0x05f8,20,0.000001089557
0x05f9,20,0.000001089557
0x05fa,125,0.000006809732
0x05fd,125,0.000006809732
0x0600,125,0.000006809732
0x0601,125,0.000006809732
0x0602,125,0.000006809732
0x0603,1919,0.000104543007
0x0604,1919,0.000104543007
0x0605,1919,0.000104543007
0x0606,1919,0.000104543007
0x0607,1919,0.000104543007
0x0608,1919,0.000104543007
0x0609,1919,0.000104543007
0x060a,1919,0.000104543007
0x060d,121,0.000006591821
0x0610,20,0.000001089557
0x0613,20,0.000001089557
0x0616,20,0.000001089557
0x0617,20,0.000001089557
0x0619,20,0.000001089557
0x061a,20,0.000001089557
0x061b,20,0.000001089557
0x061c,20,0.000001089557
0x061d,20,0.000001089557
0x061e,20,0.000001089557
0x061f,20,0.000001089557
0x0621,20,0.000001089557
0x0624,20,0.000001089557
0x0627,20,0.000001089557
0x0628,20,0.000001089557
0x0629,20,0.000001089557
0x062a,239,0.000013020208
0x062b,239,0.000013020208
0x062c,239,0.000013020208
0x062d,239,0.000013020208
0x062e,239,0.000013020208
0x062f,239,0.000013020208
0x0630,239,0.000013020208
0x0631,239,0.000013020208
0x0632,239,0.000013020208
0x0633,239,0.000013020208
0x0634,239,0.000013020208
0x0635,239,0.000013020208
0x0638,16,0.000000871646
0x0650,20,0.000001089557
0x0653,20,0.000001089557
0x0656,20,0.000001089557
0x0658,20,0.000001089557
0x0659,20,0.000001089557
0x065a,20,0.000001089557
0x065b,20,0.000001089557
0x065c,20,0.000001089557
0x065d,20,0.000001089557
0x065e,20,0.000001089557
0x0661,20,0.000001089557
0x0664,20,0.000001089557
0x0665,20,0.000001089557
0x0666,20,0.000001089557
0x0667,239,0.000013020208
0x0668,239,0.000013020208
0x0669,239,0.000013020208
0x066a,239,0.000013020208
0x066b,239,0.000013020208
0x066c,239,0.000013020208
0x066f,16,0.000000871646
0x067a,2406,0.000131073723
0x067d,2406,0.000131073723
0x067e,2406,0.000131073723
0x067f,2406,0.000131073723
0x0682,2406,0.000131073723
0x0684,2406,0.000131073723
0x0685,304,0.000016561268
0x0688,304,0.000016561268
0x068b,304,0.000016561268
0x068c,304,0.000016561268
0x068d,304,0.000016561268
0x068e,304,0.000016561268
0x068f,304,0.000016561268
0x0691,304,0.000016561268
0x0692,304,0.000016561268
0x0693,304,0.000016561268
0x0695,304,0.000016561268
0x0696,304,0.000016561268
0x0697,304,0.000016561268
0x0698,304,0.000016561268
0x0699,7915,0.000431192234
0x069a,7915,0.000431192234
0x069b,7915,0.000431192234
0x069c,7915,0.000431192234
0x069d,7915,0.000431192234
0x069e,7915,0.000431192234
0x069f,7915,0.000431192234
0x06a2,1216,0.000066245073
0x06a3,1216,0.000066245073
0x06a4,1216,0.000066245073
0x06a5,1216,0.000066245073
0x06a8,304,0.000016561268
0x06a9,304,0.000016561268
0x06ac,304,0.000016561268
0x06b0,2193,0.000119469939
0x06b3,2193,0.000119469939
0x06b6,2193,0.000119469939
0x06b7,2193,0.000119469939
0x06b8,2193,0.000119469939
0x06b9,11,0.000000599256
0x06ba,11,0.000000599256
0x06bb,11,0.000000599256
0x06bc,11,0.000000599256
0x06bd,11,0.000000599256
0x06be,11,0.000000599256
0x06bf,11,0.000000599256
0x06c0,11,0.000000599256
0x06c1,11,0.000000599256
0x06c2,11,0.000000599256
0x06c3,11,0.000000599256
0x06c4,11,0.000000599256
0x06c5,11,0.000000599256
0x06c8,11,0.000000599256
0x06ca,11,0.000000599256
0x06cb,11,0.000000599256
0x06cc,11,0.000000599256
0x06cd,11,0.000000599256
0x06cf,11,0.000000599256
0x06d0,11,0.000000599256
0x06d1,11,0.000000599256
0x06d2,11,0.000000599256
0x06d3,11,0.000000599256
0x06d4,11,0.000000599256
0x06d5,11,0.000000599256
0x06d7,11,0.000000599256
0x06d8,11,0.000000599256
0x06da,11,0.000000599256
0x06db,11,0.000000599256
0x06de,11,0.000000599256
0x06df,11,0.000000599256
0x06e1,11,0.000000599256
0x06e2,11,0.000000599256
0x06e3,11,0.000000599256
0x06e4,11,0.000000599256
0x06e7,11,0.000000599256
0x06e8,493,0.000026857583
0x06eb,493,0.000026857583
0x06ed,493,0.000026857583
0x06f0,2193,0.000119469939
0x06f3,2193,0.000119469939
0x06f6,2193,0.000119469939
0x0700,4962,0.000270319124
0x0703,4962,0.000270319124
0x0706,14886,0.000810957371
0x0709,14886,0.000810957371
0x070a,14886,0.000810957371
0x070c,14886,0.000810957371
0x070d,14886,0.000810957371
0x070f,14886,0.000810957371
0x0710,14886,0.000810957371
0x0711,14886,0.000810957371
0x0713,14886,0.000810957371
0x0716,4962,0.000270319124
0x0718,48506,0.002642502904
0x071b,48506,0.002642502904
0x0720,48506,0.002642502904
0x0721,48506,0.002642502904
0x0722,48506,0.002642502904
0x0724,48506,0.002642502904
0x0725,21217,0.001155856680
0x0726,21217,0.001155856680
0x0728,21217,0.001155856680
0x0729,21217,0.001155856680
0x072a,21217,0.001155856680
0x072b,21217,0.001155856680
0x072c,21217,0.001155856680
0x072e,21217,0.001155856680
0x0730,21217,0.001155856680
0x0731,21217,0.001155856680
0x0733,21217,0.001155856680
0x0734,21217,0.001155856680
0x0740,48506,0.002642502904
0x0741,48506,0.002642502904
0x0742,48506,0.002642502904
0x0744,48506,0.002642502904
0x0745,23000,0.001252990698
0x0746,23000,0.001252990698
0x0748,23000,0.001252990698
0x0749,23000,0.001252990698
0x074a,23000,0.001252990698
0x074b,23000,0.001252990698
0x074c,23000,0.001252990698
0x074d,23000,0.001252990698
0x074f,23000,0.001252990698
0x0750,23000,0.001252990698
0x0751,23000,0.001252990698
0x0752,23000,0.001252990698
0x0754,23000,0.001252990698
0x0755,23000,0.001252990698
0x0757,23000,0.001252990698
0x0758,23000,0.001252990698
0x0763,3666,0.000199715822
0x0764,3666,0.000199715822
0x0765,3666,0.000199715822
0x0766,3666,0.000199715822
0x0767,3666,0.000199715822
0x0768,3666,0.000199715822
0x0769,3666,0.000199715822
0x076a,3666,0.000199715822
0x076b,3666,0.000199715822
0x076d,5369,0.000292491611
0x076e,5369,0.000292491611
0x076f,5369,0.000292491611
0x0770,5369,0.000292491611
0x0771,5369,0.000292491611
0x0772,5369,0.000292491611
0x0773,5369,0.000292491611
0x0774,5369,0.000292491611
0x0775,5369,0.000292491611
0x0776,5369,0.000292491611
0x0779,10733,0.000584710833
0x077a,10733,0.000584710833
0x077b,10733,0.000584710833
0x077c,10733,0.000584710833
0x077d,10733,0.000584710833
0x077e,10733,0.000584710833
0x077f,10733,0.000584710833
0x0780,10733,0.000584710833
0x0783,10733,0.000584710833
0x0784,10733,0.000584710833
0x0785,10733,0.000584710833
0x0786,10733,0.000584710833
0x0788,10796,0.000588142938
0x0789,10796,0.000588142938
0x078a,10796,0.000588142938
0x078b,10796,0.000588142938
0x078c,10796,0.000588142938
0x078d,10796,0.000588142938
0x078e,10796,0.000588142938
0x078f,10796,0.000588142938
0x0790,10796,0.000588142938
0x0792,10796,0.000588142938
0x0793,10796,0.000588142938
0x0794,10796,0.000588142938
0x0795,10796,0.000588142938
0x0798,10796,0.000588142938
0x0799,10796,0.000588142938
0x079a,10796,0.000588142938
0x079b,10796,0.000588142938
0x079e,782,0.000042601684
0x079f,782,0.000042601684
0x07a0,782,0.000042601684
0x07a1,782,0.000042601684
0x07a2,782,0.000042601684
0x07a3,782,0.000042601684
0x07a4,782,0.000042601684
0x07a5,782,0.000042601684
0x07a6,782,0.000042601684
0x07a7,782,0.000042601684
0x07a8,782,0.000042601684
0x07aa,785,0.000042765117
0x07ab,785,0.000042765117
0x07ac,785,0.000042765117
0x07ad,785,0.000042765117
0x07ae,785,0.000042765117
0x07af,785,0.000042765117
0x07b0,785,0.000042765117
0x07b1,785,0.000042765117
0x07b2,785,0.000042765117
0x07b4,785,0.000042765117
0x07b5,785,0.000042765117
0x07b6,785,0.000042765117
0x07b7,785,0.000042765117
0x07b8,785,0.000042765117
0x07b9,785,0.000042765117
0x07ba,785,0.000042765117
0x07bb,785,0.000042765117
0x07be,6036,0.000328828341
0x07bf,6036,0.000328828341
0x07c0,6036,0.000328828341
0x07c1,6036,0.000328828341
0x07c2,6036,0.000328828341
0x07c3,6036,0.000328828341
0x07c4,6036,0.000328828341
0x07c5,6036,0.000328828341
0x07c6,6036,0.000328828341
0x07c7,6036,0.000328828341
0x07ca,6036,0.000328828341
0x07cb,6036,0.000328828341
0x07cc,6036,0.000328828341
0x07cd,6036,0.000328828341
0x07ce,6036,0.000328828341
0x07cf,6036,0.000328828341
0x07d2,6050,0.000329591031
0x07d3,6050,0.000329591031
0x07d4,6050,0.000329591031
0x07d5,6050,0.000329591031
0x07d6,6050,0.000329591031
0x07d7,6050,0.000329591031
0x07d8,6050,0.000329591031
0x07d9,6050,0.000329591031
0x07da,6050,0.000329591031
0x07dc,6061,0.000330190288
0x07dd,6061,0.000330190288
0x07de,6061,0.000330190288
0x07df,6061,0.000330190288
0x07e0,6061,0.000330190288
0x07e1,6061,0.000330190288
0x07e2,6061,0.000330190288
0x07e3,6061,0.000330190288
0x07e4,6061,0.000330190288
0x07e7,6061,0.000330190288
0x07e8,6061,0.000330190288
0x07e9,6061,0.000330190288
0x07ea,6061,0.000330190288
0x07eb,6061,0.000330190288
0x07ec,6061,0.000330190288
0x07ed,6061,0.000330190288
0x07ee,6061,0.000330190288
0x07f0,5,0.000000272389
0x07f3,5,0.000000272389
0x07f6,5,0.000000272389
0x07f9,5,0.000000272389
0x0800,6189,0.000337163454
0x0803,6189,0.000337163454
0x0806,6189,0.000337163454
0x0807,6189,0.000337163454
0x0809,6189,0.000337163454
0x080a,6189,0.000337163454
0x080b,6189,0.000337163454
0x080c,6189,0.000337163454
0x080d,6189,0.000337163454
0x080e,6189,0.000337163454
0x080f,6189,0.000337163454
0x0834,861,0.000046905434
0x0837,861,0.000046905434
0x083a,861,0.000046905434
0x083b,861,0.000046905434
0x083c,861,0.000046905434
0x083e,861,0.000046905434
0x083f,105,0.000005720175
0x0842,105,0.000005720175
0x0845,105,0.000005720175
0x0848,247,0.000013456031
0x084b,247,0.000013456031
0x084c,247,0.000013456031
0x084d,247,0.000013456031
0x084e,7,0.000000381345
0x0850,7,0.000000381345
0x0851,7,0.000000381345
0x0853,7,0.000000381345
0x0855,7,0.000000381345
0x085a,105,0.000005720175
0x085d,105,0.000005720175
0x085f,105,0.000005720175
0x0860,85,0.000004630618
0x0862,85,0.000004630618
0x0864,85,0.000004630618
0x0865,65,0.000003541061
0x0867,65,0.000003541061
0x0869,65,0.000003541061
0x086a,45,0.000002451504
0x086c,45,0.000002451504
0x086e,45,0.000002451504
0x086f,25,0.000001361946
0x0871,25,0.000001361946
0x0876,4962,0.000270319124
0x0879,4962,0.000270319124
0x087c,4962,0.000270319124
0x087f,4962,0.000270319124
0x0882,4962,0.000270319124
0x0885,4962,0.000270319124
0x0886,4962,0.000270319124
0x0889,4962,0.000270319124
0x088b,27286,0.001486482791
0x088c,27286,0.001486482791
0x088d,27286,0.001486482791
0x088e,27286,0.001486482791
0x088f,27286,0.001486482791
0x0890,27286,0.001486482791
0x0891,27286,0.001486482791
0x0892,27286,0.001486482791
0x0893,27286,0.001486482791
0x0894,27286,0.001486482791
0x0897,7442,0.000405424208
0x08a0,4962,0.000270319124
0x08a3,4962,0.000270319124
0x08a6,4962,0.000270319124
0x08a9,4962,0.000270319124
0x08ac,4962,0.000270319124
0x08ae,4962,0.000270319124
0x08b0,4962,0.000270319124
0x08c4,4962,0.000270319124
0x08c7,4962,0.000270319124
0x08c8,4962,0.000270319124
0x08ca,4962,0.000270319124
0x08cd,4838,0.000263563869
0x08cf,4838,0.000263563869
0x08d0,4838,0.000263563869
0x08d1,4838,0.000263563869
0x08d4,4454,0.000242644373
0x08d6,4454,0.000242644373
0x08d9,4454,0.000242644373
0x08dc,2,0.000000108956
0x08de,2,0.000000108956
0x08e0,2,0.000000108956
0x08e2,2,0.000000108956
0x08e3,2,0.000000108956
0x08e5,2,0.000000108956
0x08e6,2,0.000000108956
0x08e8,2,0.000000108956
0x08ea,386,0.000021028453
0x08eb,4838,0.000263563869
0x08ed,4838,0.000263563869
0x08f0,4838,0.000263563869
0x08f3,4838,0.000263563869
0x0900,4838,0.000263563869
0x0903,4838,0.000263563869
0x0904,4838,0.000263563869
0x0906,4838,0.000263563869
0x0907,4330,0.000235889118
0x0909,4330,0.000235889118
0x090c,2169,0.000118162471
0x090d,2169,0.000118162471
0x090f,2169,0.000118162471
0x0910,2169,0.000118162471
0x0911,2169,0.000118162471
0x0913,2169,0.000118162471
0x0916,2169,0.000118162471
0x0917,2161,0.000117726648
0x0918,2161,0.000117726648
0x091a,2161,0.000117726648
0x091b,2161,0.000117726648
0x091c,2161,0.000117726648
0x091e,2161,0.000117726648
0x0921,2161,0.000117726648
0x0926,4962,0.000270319124
0x0927,4962,0.000270319124
0x0929,4962,0.000270319124
0x092a,4962,0.000270319124
0x092b,4962,0.000270319124
0x092c,4962,0.000270319124
0x092d,4962,0.000270319124
0x092e,4962,0.000270319124
0x0930,4962,0.000270319124
0x0931,4962,0.000270319124
0x0933,4962,0.000270319124
0x0936,3145,0.000171332859
0x0937,3145,0.000171332859
0x0939,3145,0.000171332859
0x093c,3145,0.000171332859
0x093d,124,0.000006755254
0x093e,124,0.000006755254
0x0940,124,0.000006755254
0x0941,124,0.000006755254
0x0942,124,0.000006755254
0x0944,124,0.000006755254
0x0945,124,0.000006755254
0x0946,124,0.000006755254
0x0947,124,0.000006755254
0x094a,124,0.000006755254
0x094c,124,0.000006755254
0x094d,124,0.000006755254
0x094e,124,0.000006755254
0x0951,124,0.000006755254
0x0953,124,0.000006755254
0x0954,124,0.000006755254
0x0955,124,0.000006755254
0x0956,124,0.000006755254
0x0959,124,0.000006755254
0x095c,124,0.000006755254
0x095e,124,0.000006755254
0x0961,124,0.000006755254
0x0964,1817,0.000098986265
0x0965,1817,0.000098986265
0x0966,1817,0.000098986265
0x0967,1817,0.000098986265
0x0968,1817,0.000098986265
0x096a,1817,0.000098986265
0x096b,1817,0.000098986265
0x096d,1817,0.000098986265
0x096e,88,0.000004794051
0x096f,88,0.000004794051
0x0970,88,0.000004794051
0x0971,88,0.000004794051
0x0972,88,0.000004794051
0x0974,88,0.000004794051
0x0975,88,0.000004794051
0x097a,4962,0.000270319124
0x097d,4962,0.000270319124
0x097e,4962,0.000270319124
0x0980,4962,0.000270319124
0x0981,4962,0.000270319124
0x0984,4962,0.000270319124
0x0985,4962,0.000270319124
0x0986,4962,0.000270319124
0x0987,4962,0.000270319124
0x0988,4962,0.000270319124
0x098b,4962,0.000270319124
0x098c,4962,0.000270319124
0x098d,4962,0.000270319124
0x098e,4962,0.000270319124
0x0991,4962,0.000270319124
0x09a0,4982,0.000271408681
0x09a3,4982,0.000271408681
0x09a6,14946,0.000814226042
0x09a9,14946,0.000814226042
0x09aa,14946,0.000814226042
0x09ab,14946,0.000814226042
0x09ac,14946,0.000814226042
0x09ad,14946,0.000814226042
0x09ae,14946,0.000814226042
0x09af,14946,0.000814226042
0x09b0,14946,0.000814226042
0x09b2,14946,0.000814226042
0x09b5,4982,0.000271408681
0x09ba,40322,0.002196656127
0x09bd,40322,0.002196656127
0x09be,40322,0.002196656127
0x09c0,40322,0.002196656127
0x09c1,40322,0.002196656127
0x09c2,40322,0.002196656127
0x09c3,40322,0.002196656127
0x09c4,40322,0.002196656127
0x09c5,40322,0.002196656127
0x09c6,40322,0.002196656127
0x09c7,40322,0.002196656127
0x09c8,40322,0.002196656127
0x09c9,40322,0.002196656127
0x09ca,40322,0.002196656127
0x09cc,40322,0.002196656127
0x09cd,40322,0.002196656127
0x09ce,40322,0.002196656127
0x09cf,40322,0.002196656127
0x09d0,40322,0.002196656127
0x09d1,40322,0.002196656127
0x0a50,1061,0.000057801006
0x0a53,1061,0.000057801006
0x0a56,21220,0.001156020114
0x0a57,21220,0.001156020114
0x0a5a,21220,0.001156020114
0x0a5b,21220,0.001156020114
0x0a5c,21220,0.001156020114
0x0a5e,21220,0.001156020114
0x0a5f,21220,0.001156020114
0x0a61,21220,0.001156020114
0x0a62,21220,0.001156020114
0x0a63,21220,0.001156020114
0x0a64,21220,0.001156020114
0x0a67,1061,0.000057801006
0x0a6c,970,0.000052843521
0x0a6f,970,0.000052843521
0x0a72,19400,0.001056870415
0x0a73,19400,0.001056870415
0x0a74,19400,0.001056870415
0x0a75,19400,0.001056870415
0x0a77,19400,0.001056870415
0x0a7a,12976,0.000706904665
0x0a7b,12976,0.000706904665
0x0a7c,12976,0.000706904665
0x0a7d,12976,0.000706904665
0x0a7e,12976,0.000706904665
0x0a7f,12976,0.000706904665
0x0a80,12976,0.000706904665
0x0a81,12976,0.000706904665
0x0a82,12976,0.000706904665
0x0a83,12976,0.000706904665
0x0a84,12976,0.000706904665
0x0a85,12976,0.000706904665
0x0a86,12976,0.000706904665
0x0a87,12976,0.000706904665
0x0a8a,19400,0.001056870415
0x0a8b,19400,0.001056870415
0x0a8c,19400,0.001056870415
0x0a8d,19400,0.001056870415
0x0a8f,19400,0.001056870415
0x0a90,19400,0.001056870415
0x0a91,19400,0.001056870415
0x0a93,19400,0.001056870415
0x0a94,19400,0.001056870415
0x0a96,19400,0.001056870415
0x0a99,970,0.000052843521
0x0aa0,124,0.000006755254
0x0aa2,124,0.000006755254
0x0aa3,124,0.000006755254
0x0aa4,124,0.000006755254
0x0aa5,124,0.000006755254
0x0aa8,124,0.000006755254
0x0aa9,124,0.000006755254
0x0aac,124,0.000006755254
0x0aae,124,0.000006755254
0x0aaf,124,0.000006755254
0x0ab0,124,0.000006755254
0x0ab3,124,0.000006755254
0x0ab5,124,0.000006755254
0x0ab8,122,0.000006646298
0x0abb,122,0.000006646298
0x0abd,122,0.000006646298
0x0abe,122,0.000006646298
0x0abf,122,0.000006646298
0x0ac0,122,0.000006646298
0x0ac1,122,0.000006646298
0x0ad6,2646,0.000144148408
0x0ad7,2646,0.000144148408
0x0ad8,10584,0.000576593633
0x0ad9,10584,0.000576593633
0x0ada,10584,0.000576593633
0x0adb,10584,0.000576593633
0x0adc,10584,0.000576593633
0x0add,10584,0.000576593633
0x0ae0,2646,0.000144148408
0x0ae1,2646,0.000144148408
0x0ae2,2646,0.000144148408
0x0ae5,2646,0.000144148408
0x0ae6,2646,0.000144148408
0x0ae9,1071,0.000058345784
0x0aea,768,0.000041838994
0x0aed,768,0.000041838994
0x0aee,768,0.000041838994
0x0af0,768,0.000041838994
0x0af1,768,0.000041838994
0x0af4,768,0.000041838994
0x0af6,768,0.000041838994
0x0af7,768,0.000041838994
0x0af8,768,0.000041838994
0x0af9,768,0.000041838994
0x0afc,768,0.000041838994
0x0afd,768,0.000041838994
0x0afe,768,0.000041838994
0x0b00,768,0.000041838994
0x0b01,768,0.000041838994
0x0b02,768,0.000041838994
0x0b05,760,0.000041403171
0x0b07,760,0.000041403171
0x0b0a,512,0.000027892662
0x0b0d,504,0.000027456840
0x0b15,8,0.000000435823
0x0b16,8,0.000000435823
0x0b18,8,0.000000435823
0x0b19,8,0.000000435823
0x0b1a,8,0.000000435823
0x0b1c,8,0.000000435823
0x0b1d,8,0.000000435823
0x0b1e,8,0.000000435823
0x0b1f,8,0.000000435823
0x0b20,3,0.000000163434
0x0b21,3,0.000000163434
0x0b22,3,0.000000163434
0x0b25,3,0.000000163434
0x0b26,3,0.000000163434
0x0b27,3,0.000000163434
0x0b28,3,0.000000163434
0x0b29,2,0.000000108956
0x0b2b,2,0.000000108956
0x0b2d,2,0.000000108956
0x0b48,2,0.000000108956
0x0b4b,2,0.000000108956
0x0b4e,2,0.000000108956
0x0b50,2,0.000000108956
0x0b51,2,0.000000108956
0x0b53,2,0.000000108956
0x0b54,2,0.000000108956
0x0b55,2,0.000000108956
0x0b57,2,0.000000108956
0x0b59,2,0.000000108956
0x0b5a,2,0.000000108956
0x0b60,604,0.000032904625
0x0b63,604,0.000032904625
0x0b64,604,0.000032904625
0x0b65,604,0.000032904625
0x0b67,604,0.000032904625
0x0b6a,600,0.000032686714
0x0b6d,600,0.000032686714
0x0b6f,600,0.000032686714
0x0b71,600,0.000032686714
0x0b74,2,0.000000108956
0x0b77,2,0.000000108956
0x0b79,2,0.000000108956
0x0b7b,2,0.000000108956
0x0b7c,2,0.000000108956
0x0b7d,2,0.000000108956
0x0b7e,2,0.000000108956
0x0b7f,2,0.000000108956
0x0b80,2,0.000000108956
0x0b82,2,0.000000108956
0x0b83,2,0.000000108956
0x0b84,2,0.000000108956
0x0b85,2,0.000000108956
0x0b87,2,0.000000108956
0x0b88,2,0.000000108956
0x0b89,2,0.000000108956
0x0b8a,2,0.000000108956
0x0b8b,2,0.000000108956
0x0b95,598,0.000032577758
0x0b98,598,0.000032577758
0x0b9b,598,0.000032577758
0x0ba0,248,0.000013510508
0x0ba3,248,0.000013510508
0x0ba4,248,0.000013510508
0x0ba6,248,0.000013510508
0x0ba8,248,0.000013510508
0x0ba9,93,0.000005066441
0x0bab,93,0.000005066441
0x0bac,62,0.000003377627
0x0bad,62,0.000003377627
0x0bae,62,0.000003377627
0x0baf,62,0.000003377627
0x0bb2,62,0.000003377627
0x0bba,504,0.000027456840
0x0bbb,504,0.000027456840
0x0bbc,504,0.000027456840
0x0bbf,256,0.000013946331
0x0bc0,256,0.000013946331
0x0bc1,256,0.000013946331
0x0bc4,128,0.000006973166
0x0bca,2,0.000000108956
0x0bcd,2,0.000000108956
0x0bd0,2,0.000000108956
0x0bd2,2,0.000000108956
0x0bd3,2,0.000000108956
0x0bd4,2,0.000000108956
0x0bd6,2,0.000000108956
0x0bd9,2,0.000000108956
0x0bdc,2,0.000000108956
0x0bdf,2,0.000000108956
0x0be2,2,0.000000108956
0x0be5,2,0.000000108956
0x0be8,2,0.000000108956
0x0beb,2,0.000000108956
0x0bee,2,0.000000108956
0x0bf1,2,0.000000108956
0x0c00,3,0.000000163434
0x0c01,3,0.000000163434
0x0c02,3,0.000000163434
0x0c04,3,0.000000163434
0x0c05,3,0.000000163434
0x0c07,3,0.000000163434
0x0c08,3,0.000000163434
0x0c09,3,0.000000163434
0x0c0a,3,0.000000163434
0x0c0b,3,0.000000163434
0x0c0c,3,0.000000163434
0x0c0f,3,0.000000163434
0x0c10,3,0.000000163434
0x0c11,3,0.000000163434
0x0c13,3,0.000000163434
0x0c16,3,0.000000163434
0x0c18,3,0.000000163434
0x0c40,2480,0.000135105084
0x0c43,2480,0.000135105084
0x0c45,2480,0.000135105084
0x0c48,2480,0.000135105084
0x0c4b,2480,0.000135105084
0x0c4e,2480,0.000135105084
0x0c51,2480,0.000135105084
0x0c56,2480,0.000135105084
0x0c59,12400,0.000675525420
0x0c5a,12400,0.000675525420
0x0c5d,12400,0.000675525420
0x0c5e,12400,0.000675525420
0x0c5f,12400,0.000675525420
0x0c61,12400,0.000675525420
0x0c62,12400,0.000675525420
0x0c64,12400,0.000675525420
0x0c67,2480,0.000135105084
0x0c6b,2480,0.000135105084
0x0c6e,2480,0.000135105084
0x0c71,12400,0.000675525420
0x0c74,12400,0.000675525420
0x0c75,12400,0.000675525420
0x0c76,12400,0.000675525420
0x0c77,12400,0.000675525420
0x0c78,12400,0.000675525420
0x0c79,12400,0.000675525420
0x0c7a,12400,0.000675525420
0x0c7b,12400,0.000675525420
0x0c7d,12400,0.000675525420
0x0c80,2480,0.000135105084
0x0c84,12400,0.000675525420
0x0c85,12400,0.000675525420
0x0c87,12400,0.000675525420
0x0c88,1923,0.000104760918
0x0c89,1923,0.000104760918
0x0c8a,1923,0.000104760918
0x0c8b,1923,0.000104760918
0x0c8c,1923,0.000104760918
0x0c8e,1923,0.000104760918
0x0c8f,1923,0.000104760918
0x0c90,1923,0.000104760918
0x0c91,1923,0.000104760918
0x0c92,1923,0.000104760918
0x0c94,1923,0.000104760918
0x0c95,1923,0.000104760918
0x0c97,1923,0.000104760918
0x0c9a,1878,0.000102309414
0x0c9b,1878,0.000102309414
0x0c9e,1878,0.000102309414
0x0c9f,1878,0.000102309414
0x0ca0,1878,0.000102309414
0x0ca2,1878,0.000102309414
0x0ca3,1878,0.000102309414
0x0ca4,1878,0.000102309414
0x0ca5,1878,0.000102309414
0x0ca6,1878,0.000102309414
0x0ca7,1878,0.000102309414
0x0ca8,1878,0.000102309414
0x0ca9,1878,0.000102309414
0x0caa,1878,0.000102309414
0x0cac,1878,0.000102309414
0x0caf,1872,0.000101982547
0x0cb4,1878,0.000102309414
0x0cb6,1878,0.000102309414
0x0cb7,378,0.000020592630
0x0cb9,378,0.000020592630
0x0cba,197,0.000010732138
0x0cbd,197,0.000010732138
0x0cbe,197,0.000010732138
0x0cbf,69,0.000003758972
0x0cc2,69,0.000003758972
0x0cc3,69,0.000003758972
0x0cc4,9,0.000000490301
0x0cc6,9,0.000000490301
0x0cc9,9,0.000000490301
0x0ccb,9,0.000000490301
0x0cce,9,0.000000490301
0x0cd0,9,0.000000490301
0x0cd3,9,0.000000490301
0x0cd8,2480,0.000135105084
0x0cdb,2480,0.000135105084
0x0cde,12400,0.000675525420
0x0cdf,12400,0.000675525420
0x0ce2,12400,0.000675525420
0x0ce3,12400,0.000675525420
0x0ce4,12400,0.000675525420
0x0ce6,12400,0.000675525420
0x0ce7,12400,0.000675525420
0x0ce9,12400,0.000675525420
0x0cea,12400,0.000675525420
0x0ceb,12400,0.000675525420
0x0cec,12400,0.000675525420
0x0cef,2480,0.000135105084
0x0cf4,3,0.000000163434
0x0cf5,3,0.000000163434
0x0cf6,3,0.000000163434
0x0d1c,952,0.000051862919
0x0d1f,952,0.000051862919
0x0d22,15232,0.000829806709
0x0d25,15232,0.000829806709
0x0d26,15232,0.000829806709
0x0d27,15232,0.000829806709
0x0d28,15232,0.000829806709
0x0d2a,15232,0.000829806709
0x0d2b,15232,0.000829806709
0x0d2e,952,0.000051862919
0x0d30,15232,0.000829806709
0x0d31,15232,0.000829806709
0x0d32,15232,0.000829806709
0x0d33,15232,0.000829806709
0x0d34,15232,0.000829806709
0x0d35,15232,0.000829806709
0x0d37,15232,0.000829806709
0x0d38,12760,0.000695137448
0x0d39,12760,0.000695137448
0x0d3a,12760,0.000695137448
0x0d3b,12760,0.000695137448
0x0d3c,12760,0.000695137448
0x0d3e,12760,0.000695137448
0x0d3f,12760,0.000695137448
0x0d41,12760,0.000695137448
0x0d42,12760,0.000695137448
0x0d43,12760,0.000695137448
0x0d46,11949,0.000650955907
0x0d47,11949,0.000650955907
0x0d48,11949,0.000650955907
0x0d4b,1217,0.000066299551
0x0d4c,1217,0.000066299551
0x0d4d,1217,0.000066299551
0x0d4e,1217,0.000066299551
0x0d4f,2028,0.000110481093
0x0d50,2028,0.000110481093
0x0d51,2028,0.000110481093
0x0d52,2028,0.000110481093
0x0d53,2028,0.000110481093
0x0d54,2028,0.000110481093
0x0d55,2028,0.000110481093
0x0d57,2028,0.000110481093
0x0d58,2028,0.000110481093
0x0d59,842,0.000045870355
0x0d5a,842,0.000045870355
0x0d5e,10732,0.000584656355
0x0d5f,10732,0.000584656355
0x0d60,10732,0.000584656355
0x0d61,10732,0.000584656355
0x0d62,10732,0.000584656355
0x0d64,10732,0.000584656355
0x0d65,10732,0.000584656355
0x0d66,1537,0.000083732465
0x0d67,1537,0.000083732465
0x0d70,950,0.000051753964
0x0d73,950,0.000051753964
0x0d76,15200,0.000828063418
0x0d79,15200,0.000828063418
0x0d7a,15200,0.000828063418
0x0d7c,15200,0.000828063418
0x0d7d,15200,0.000828063418
0x0d7f,15200,0.000828063418
0x0d80,15200,0.000828063418
0x0d83,950,0.000051753964
0x0d86,15200,0.000828063418
0x0d87,15200,0.000828063418
0x0d88,15200,0.000828063418
0x0d89,15200,0.000828063418
0x0d8a,15200,0.000828063418
0x0d8b,15200,0.000828063418
0x0d8d,15200,0.000828063418
0x0d8e,12725,0.000693230723
0x0d8f,12725,0.000693230723
0x0d90,12725,0.000693230723
0x0d91,12725,0.000693230723
0x0d94,12725,0.000693230723
0x0d95,12725,0.000693230723
0x0d96,12725,0.000693230723
0x0d97,12725,0.000693230723
0x0d99,12725,0.000693230723
0x0d9a,12725,0.000693230723
0x0d9c,12725,0.000693230723
0x0d9d,12725,0.000693230723
0x0d9f,12725,0.000693230723
0x0da0,12725,0.000693230723
0x0da1,12725,0.000693230723
0x0da2,12725,0.000693230723
0x0da3,12725,0.000693230723
0x0da4,12725,0.000693230723
0x0da5,12725,0.000693230723
0x0da6,12725,0.000693230723
0x0da7,12725,0.000693230723
0x0da8,12725,0.000693230723
0x0dab,12047,0.000656294737
0x0dac,12047,0.000656294737
0x0daf,1320,0.000071910771
0x0db0,1320,0.000071910771
0x0db1,1320,0.000071910771
0x0db3,1320,0.000071910771
0x0db4,1320,0.000071910771
0x0db5,1320,0.000071910771
0x0dbb,678,0.000036935987
0x0dbc,678,0.000036935987
0x0dbd,678,0.000036935987
0x0dbf,678,0.000036935987
0x0dc0,678,0.000036935987
0x0dc1,678,0.000036935987
0x0dc2,678,0.000036935987
0x0dc3,678,0.000036935987
0x0dc5,678,0.000036935987
0x0dc6,678,0.000036935987
0x0dcc,10727,0.000584383966
0x0dcd,10727,0.000584383966
0x0dce,10727,0.000584383966
0x0dcf,10727,0.000584383966
0x0dd1,10727,0.000584383966
0x0dd2,12725,0.000693230723
0x0dd3,12725,0.000693230723
0x0dd5,12725,0.000693230723
0x0dd6,12725,0.000693230723
0x0dd7,12725,0.000693230723
0x0dd8,12725,0.000693230723
0x0dd9,12725,0.000693230723
0x0dda,12725,0.000693230723
0x0dde,46,0.000002505981
0x0ddf,46,0.000002505981
0x0de0,46,0.000002505981
0x0de3,46,0.000002505981
0x0de4,46,0.000002505981
0x0de5,46,0.000002505981
0x0de6,46,0.000002505981
0x0de9,46,0.000002505981
0x0dea,46,0.000002505981
0x0deb,46,0.000002505981
0x0dec,46,0.000002505981
0x0ded,46,0.000002505981
0x0df0,3698,0.000201459113
0x0df3,3698,0.000201459113
0x0df6,3698,0.000201459113
0x0df9,3698,0.000201459113
0x0dfc,3698,0.000201459113
0x0dff,3698,0.000201459113
0x0e10,7396,0.000402918226
0x0e11,7396,0.000402918226
0x0e13,7396,0.000402918226
0x0e14,1298,0.000070712258
0x0e15,1298,0.000070712258
0x0e16,1298,0.000070712258
0x0e17,1298,0.000070712258
0x0e18,1298,0.000070712258
0x0e1a,1298,0.000070712258
0x0e1b,1296,0.000070603302
0x0e1d,1296,0.000070603302
0x0e1e,30,0.000001634336
0x0e20,30,0.000001634336
0x0e23,26,0.000001416424
0x0e25,26,0.000001416424
0x0e26,26,0.000001416424
0x0e27,26,0.000001416424
0x0e29,26,0.000001416424
0x0e2a,26,0.000001416424
0x0e2c,26,0.000001416424
0x0e2d,26,0.000001416424
0x0e2e,26,0.000001416424
0x0e2f,26,0.000001416424
0x0e31,26,0.000001416424
0x0e32,26,0.000001416424
0x0e33,26,0.000001416424
0x0e34,26,0.000001416424
0x0e35,26,0.000001416424
0x0e36,21,0.000001144035
0x0e39,4,0.000000217911
0x0e3a,4,0.000000217911
0x0e3b,4,0.000000217911
0x0e3c,4,0.000000217911
0x0e3d,4,0.000000217911
0x0e3e,4,0.000000217911
0x0e3f,4,0.000000217911
0x0e41,4,0.000000217911
0x0e42,4,0.000000217911
0x0e45,36,0.000001961203
0x0e46,36,0.000001961203
0x0e47,36,0.000001961203
0x0e48,36,0.000001961203
0x0e4a,36,0.000001961203
0x0e4d,33,0.000001797769
0x0e4e,33,0.000001797769
0x0e4f,33,0.000001797769
0x0e51,33,0.000001797769
0x0e52,33,0.000001797769
0x0e55,1,0.000000054478
0x0e58,32,0.000001743291
0x0e59,32,0.000001743291
0x0e5a,32,0.000001743291
0x0e5b,12,0.000000653734
0x0e5c,12,0.000000653734
0x0e5e,12,0.000000653734
0x0e5f,12,0.000000653734
0x0e60,6,0.000000326867
0x0e61,6,0.000000326867
0x0e62,6,0.000000326867
0x0e63,6,0.000000326867
0x0e65,6,0.000000326867
0x0e66,6,0.000000326867
0x0e67,3,0.000000163434
0x0e69,3,0.000000163434
0x0e6a,3,0.000000163434
0x0e6b,3,0.000000163434
0x0e70,21,0.000001144035
0x0e71,21,0.000001144035
0x0e72,21,0.000001144035
0x0e74,21,0.000001144035
0x0e75,21,0.000001144035
0x0e76,21,0.000001144035
0x0e77,21,0.000001144035
0x0e78,21,0.000001144035
0x0e7a,21,0.000001144035
0x0e7b,21,0.000001144035
0x0e7e,137,0.000007463466
0x0e7f,137,0.000007463466
0x0e80,137,0.000007463466
0x0e81,137,0.000007463466
0x0e83,137,0.000007463466
0x0e86,116,0.000006319431
0x0e87,116,0.000006319431
0x0e88,116,0.000006319431
0x0e8a,116,0.000006319431
0x0e8b,116,0.000006319431
0x0e90,109,0.000005938086
0x0e91,109,0.000005938086
0x0e93,109,0.000005938086
0x0e94,109,0.000005938086
0x0e95,62,0.000003377627
0x0e97,62,0.000003377627
0x0e98,62,0.000003377627
0x0e99,25,0.000001361946
0x0e9a,25,0.000001361946
0x0e9b,25,0.000001361946
0x0e9c,25,0.000001361946
0x0e9e,25,0.000001361946
0x0e9f,25,0.000001361946
0x0ea0,21,0.000001144035
0x0ea3,21,0.000001144035
0x0ea4,24,0.000001307469
0x0ea5,24,0.000001307469
0x0ea6,24,0.000001307469
0x0ea7,24,0.000001307469
0x0ea8,24,0.000001307469
0x0ea9,24,0.000001307469
0x0eaa,24,0.000001307469
0x0eac,24,0.000001307469
0x0ead,27,0.000001470902
0x0eae,27,0.000001470902
0x0eb0,27,0.000001470902
0x0eb1,27,0.000001470902
0x0eb2,27,0.000001470902
0x0eb4,27,0.000001470902
0x0eb5,27,0.000001470902
0x0eb6,27,0.000001470902
0x0eb7,27,0.000001470902
0x0eb8,27,0.000001470902
0x0ebb,27,0.000001470902
0x0ebc,27,0.000001470902
0x0ebe,27,0.000001470902
0x0ec1,27,0.000001470902
0x0ec3,27,0.000001470902
0x0ec4,27,0.000001470902
0x0ec5,27,0.000001470902
0x0ec8,3,0.000000163434
0x0ec9,3,0.000000163434
0x0eca,3,0.000000163434
0x0ecb,3,0.000000163434
0x0ecc,3,0.000000163434
0x0ecd,3,0.000000163434
0x0ece,3,0.000000163434
0x0ed5,27,0.000001470902
0x0ed6,27,0.000001470902
0x0ed7,27,0.000001470902
0x0ed8,27,0.000001470902
0x0ed9,27,0.000001470902
0x0eda,27,0.000001470902
0x0edb,27,0.000001470902
0x0edc,27,0.000001470902
0x0ede,27,0.000001470902
0x0ee0,27,0.000001470902
0x0ee2,27,0.000001470902
0x0ee3,27,0.000001470902
0x0ee4,27,0.000001470902
0x0ee5,27,0.000001470902
0x0f00,956,0.000052080831
0x0f03,956,0.000052080831
0x0f04,956,0.000052080831
0x0f06,956,0.000052080831
0x0f09,956,0.000052080831
0x0f0b,956,0.000052080831
0x0f0c,956,0.000052080831
0x0f0d,956,0.000052080831
0x0f0e,956,0.000052080831
0x0f11,956,0.000052080831
0x0f14,956,0.000052080831
0x0f15,3,0.000000163434
0x0f16,3,0.000000163434
0x0f17,3,0.000000163434
0x0f1a,3,0.000000163434
0x0f1b,3,0.000000163434
0x0f1d,3,0.000000163434
0x0f1e,3,0.000000163434
0x0f1f,3,0.000000163434
0x0f20,3,0.000000163434
0x0f23,15,0.000000817168
0x0f24,15,0.000000817168
0x0f25,15,0.000000817168
0x0f26,15,0.000000817168
0x0f28,15,0.000000817168
0x0f2b,12,0.000000653734
0x0f2c,12,0.000000653734
0x0f2d,12,0.000000653734
0x0f2f,12,0.000000653734
0x0f30,12,0.000000653734
0x0f38,6,0.000000326867
0x0f39,6,0.000000326867
0x0f3a,6,0.000000326867
0x0f3b,6,0.000000326867
0x0f3d,6,0.000000326867
0x0f3e,3,0.000000163434
0x0f40,3,0.000000163434
0x0f41,3,0.000000163434
0x0f42,3,0.000000163434
0x0f43,3,0.000000163434
0x0f44,3,0.000000163434
0x0f45,3,0.000000163434
0x0f46,3,0.000000163434
0x0f49,3,0.000000163434
0x0f4c,3,0.000000163434
0x0f4d,3,0.000000163434
0x0f4e,3,0.000000163434
0x0f56,1909,0.000103998228
0x0f57,1909,0.000103998228
0x0f58,3815,0.000207833022
0x0f59,3815,0.000207833022
0x0f5b,3815,0.000207833022
0x0f5e,3,0.000000163434
0x0f60,3,0.000000163434
0x0f63,3812,0.000207669589
0x0f64,3812,0.000207669589
0x0f65,3812,0.000207669589
0x0f68,1906,0.000103834794
0x0f69,1906,0.000103834794
0x0f6a,1906,0.000103834794
0x0f6d,1906,0.000103834794
0x0f6e,1906,0.000103834794
0x0f71,953,0.000051917397
0x0fc0,2727,0.000148561115
0x0fc3,2727,0.000148561115
0x0fc6,2727,0.000148561115
0x0fc9,2727,0.000148561115
0x0fcc,2727,0.000148561115
0x0fcf,2727,0.000148561115
0x0fd2,2727,0.000148561115
0x0fd5,2727,0.000148561115
0x0fd8,5454,0.000297122229
0x0fd9,5454,0.000297122229
0x0fda,5454,0.000297122229
0x0fdb,379,0.000020647108
0x0fdc,379,0.000020647108
0x0fdd,379,0.000020647108
0x0fde,379,0.000020647108
0x0fdf,379,0.000020647108
0x0fe0,379,0.000020647108
0x0fe1,379,0.000020647108
0x0fe2,379,0.000020647108
0x0fe3,379,0.000020647108
0x0fe6,379,0.000020647108
0x0fe7,379,0.000020647108
0x0fe9,379,0.000020647108
0x0fea,379,0.000020647108
0x0fec,379,0.000020647108
0x0fed,379,0.000020647108
0x0fef,379,0.000020647108
0x0ff0,379,0.000020647108
0x0ff1,379,0.000020647108
0x0ff4,379,0.000020647108
0x14e0,948,0.000051645008
0x14e1,948,0.000051645008
0x14e4,948,0.000051645008
0x14e6,948,0.000051645008
0x17e0,8868,0.000483109631
0x17e3,8868,0.000483109631
0x17e5,8868,0.000483109631
0x17e8,8868,0.000483109631
0x1df0,598,0.000032577758
0x1df3,598,0.000032577758
0x1df5,598,0.000032577758
0x1ee0,352,0.000019176205
0x1ee3,352,0.000019176205
0x1ee6,9152,0.000498581342
0x1ee7,9152,0.000498581342
0x1ee8,9152,0.000498581342
0x1ee9,9152,0.000498581342
0x1eec,9152,0.000498581342
0x1eed,9152,0.000498581342
0x1ef0,352,0.000019176205
0x1ef1,352,0.000019176205
0x1ef2,352,0.000019176205
0x1ef4,352,0.000019176205
0x1ef7,352,0.000019176205
0x1ef8,352,0.000019176205
0x1ef9,352,0.000019176205
0x1efa,352,0.000019176205
0x2000,3698,0.000201459113
0x2003,3698,0.000201459113
0x2006,3698,0.000201459113
0x2009,3698,0.000201459113
0x200c,3698,0.000201459113
0x200d,3698,0.000201459113
0x200f,3698,0.000201459113
0x2010,3698,0.000201459113
0x2011,3698,0.000201459113
0x2014,3698,0.000201459113
0x2015,3698,0.000201459113
0x2018,3698,0.000201459113
0x201a,3698,0.000201459113
0x201d,111,0.000006047042
0x201e,111,0.000006047042
0x201f,111,0.000006047042
0x2020,111,0.000006047042
0x2023,28,0.000001525380
0x2025,111,0.000006047042
0x2026,111,0.000006047042
0x2027,111,0.000006047042
0x202a,111,0.000006047042
0x2040,2193,0.000119469939
0x2043,2193,0.000119469939
0x2046,2193,0.000119469939
0x2047,2193,0.000119469939
0x2048,2193,0.000119469939
0x2049,14,0.000000762690
0x204a,14,0.000000762690
0x204b,14,0.000000762690
0x204c,14,0.000000762690
0x204d,14,0.000000762690
0x204e,14,0.000000762690
0x204f,14,0.000000762690
0x2050,14,0.000000762690
0x2051,14,0.000000762690
0x2052,14,0.000000762690
0x2055,14,0.000000762690
0x2057,14,0.000000762690
0x2058,14,0.000000762690
0x2059,14,0.000000762690
0x205a,14,0.000000762690
0x205c,14,0.000000762690
0x205d,14,0.000000762690
0x205e,14,0.000000762690
0x2060,14,0.000000762690
0x2061,14,0.000000762690
0x2062,14,0.000000762690
0x2063,14,0.000000762690
0x2064,14,0.000000762690
0x2065,14,0.000000762690
0x2066,14,0.000000762690
0x2068,14,0.000000762690
0x2069,14,0.000000762690
0x206a,14,0.000000762690
0x206b,14,0.000000762690
0x206c,14,0.000000762690
0x206d,14,0.000000762690
0x2070,128,0.000006973166
0x2071,128,0.000006973166
0x2073,128,0.000006973166
0x2075,128,0.000006973166
0x2076,128,0.000006973166
0x2077,128,0.000006973166
0x2079,128,0.000006973166
0x207a,128,0.000006973166
0x207b,128,0.000006973166
0x207e,128,0.000006973166
0x2081,128,0.000006973166
0x2085,128,0.000006973166
0x2087,128,0.000006973166
0x2088,128,0.000006973166
0x2089,128,0.000006973166
0x208a,128,0.000006973166
0x208c,128,0.000006973166
0x208d,128,0.000006973166
0x208f,128,0.000006973166
0x2090,128,0.000006973166
0x2091,128,0.000006973166
0x2093,128,0.000006973166
0x2094,128,0.000006973166
0x2096,128,0.000006973166
0x2097,128,0.000006973166
0x20b0,128,0.000006973166
0x20b1,4064,0.000221398009
0x20b2,4064,0.000221398009
0x20b3,4064,0.000221398009
0x20b5,32512,0.001771184069
0x20b7,32512,0.001771184069
0x20b8,32512,0.001771184069
0x20bb,1242,0.000067661498
0x20bc,1242,0.000067661498
0x20bd,1242,0.000067661498
0x20be,1242,0.000067661498
0x20bf,32512,0.001771184069
0x20c0,32512,0.001771184069
0x20c1,32512,0.001771184069
0x20c2,32512,0.001771184069
0x20c5,4064,0.000221398009
0x20c6,4064,0.000221398009
0x20c7,4064,0.000221398009
0x20c8,4064,0.000221398009
0x20c9,4064,0.000221398009
0x20cc,2032,0.000110699004
0x20cd,2032,0.000110699004
0x20cf,2032,0.000110699004
0x20d2,1920,0.000104597484
0x20d3,1920,0.000104597484
0x20d4,1920,0.000104597484
0x20d6,1920,0.000104597484
0x20d7,1920,0.000104597484
0x20d8,1920,0.000104597484
0x20da,1920,0.000104597484
0x20db,1920,0.000104597484
0x20dc,1920,0.000104597484
0x20de,1920,0.000104597484
0x20e1,128,0.000006973166
0x20e2,128,0.000006973166
0x20e8,128,0.000006973166
0x20e9,128,0.000006973166
0x20ea,128,0.000006973166
0x20ec,128,0.000006973166
0x20ed,128,0.000006973166
0x20f0,128,0.000006973166
0x20f1,128,0.000006973166
0x20f2,128,0.000006973166
0x20f3,128,0.000006973166
0x20f4,128,0.000006973166
0x20f6,128,0.000006973166
0x20f7,128,0.000006973166
0x20f8,128,0.000006973166
0x20fa,128,0.000006973166
0x20fb,128,0.000006973166
0x20fc,128,0.000006973166
0x20fd,128,0.000006973166
0x20fe,128,0.000006973166
0x20ff,128,0.000006973166
0x2101,128,0.000006973166
0x2103,128,0.000006973166
0x2104,128,0.000006973166
0x2106,128,0.000006973166
0x2107,128,0.000006973166
0x2108,128,0.000006973166
0x2109,128,0.000006973166
0x210a,128,0.000006973166
0x210d,128,0.000006973166
0x211c,128,0.000006973166
0x211f,128,0.000006973166
0x2120,128,0.000006973166
0x2122,128,0.000006973166
0x2123,96,0.000005229874
0x2125,96,0.000005229874
0x2130,3587,0.000195412071
0x2131,3587,0.000195412071
0x2132,3587,0.000195412071
0x2135,2687,0.000146382000
0x2137,2687,0.000146382000
0x213a,1790,0.000097515363
0x213c,1790,0.000097515363
0x213f,895,0.000048757682
0x2146,111,0.000006047042
0x2147,111,0.000006047042
0x2148,111,0.000006047042
0x214b,55,0.000002996282
0x2150,900,0.000049030071
0x2153,900,0.000049030071
0x2156,900,0.000049030071
0x2160,897,0.000048866637
0x2163,897,0.000048866637
0x2166,897,0.000048866637
0x2169,897,0.000048866637
0x2170,895,0.000048757682
0x2173,895,0.000048757682
0x2180,895,0.000048757682
0x2183,895,0.000048757682
0x2186,895,0.000048757682
0x2189,895,0.000048757682
0x2190,56,0.000003050760
0x2193,56,0.000003050760
0x2196,56,0.000003050760
0x2199,56,0.000003050760
0x219c,56,0.000003050760
0x21a5,55,0.000002996282
0x21a8,55,0.000002996282
0x21ab,55,0.000002996282
0x21ae,55,0.000002996282
0x21b1,55,0.000002996282
0x21dc,352,0.000019176205
0x21dd,352,0.000019176205
0x21de,352,0.000019176205
0x21df,352,0.000019176205
0x21e2,352,0.000019176205
0x21e4,352,0.000019176205
0x21e5,352,0.000019176205
0x21e6,352,0.000019176205
0x21e8,352,0.000019176205
0x21e9,352,0.000019176205
0x21eb,352,0.000019176205
0x21ec,352,0.000019176205
0x21ed,352,0.000019176205
0x21ef,352,0.000019176205
0x21f0,352,0.000019176205
0x21f1,352,0.000019176205
0x21f2,352,0.000019176205
0x21f4,352,0.000019176205
0x21f5,352,0.000019176205
0x21f7,352,0.000019176205
0x21f8,352,0.000019176205
0x21f9,352,0.000019176205
0x21fc,352,0.000019176205
0x2230,220,0.000011985128
0x2233,220,0.000011985128
0x2234,220,0.000011985128
0x2235,220,0.000011985128
0x2236,220,0.000011985128
0x2237,220,0.000011985128
0x2239,220,0.000011985128
0x223b,220,0.000011985128
0x223e,212,0.000011549306
0x2240,212,0.000011549306
0x2243,108,0.000005883608
0x2245,108,0.000005883608
0x2247,108,0.000005883608
0x2249,108,0.000005883608
0x224c,4,0.000000217911
0x224f,4,0.000000217911
0x2250,4,0.000000217911
0x2252,4,0.000000217911
0x2254,4,0.000000217911
0x2260,208,0.000011331394
0x2261,208,0.000011331394
0x2262,208,0.000011331394
0x2263,208,0.000011331394
0x2264,208,0.000011331394
0x2265,208,0.000011331394
0x2267,208,0.000011331394
0x2268,208,0.000011331394
0x2269,208,0.000011331394
0x226b,208,0.000011331394
0x226d,208,0.000011331394
0x226e,208,0.000011331394
0x226f,208,0.000011331394
0x2271,208,0.000011331394
0x2272,208,0.000011331394
0x2273,208,0.000011331394
0x2274,208,0.000011331394
0x2275,208,0.000011331394
0x2276,208,0.000011331394
0x2277,208,0.000011331394
0x2278,208,0.000011331394
0x2279,208,0.000011331394
0x227a,2912,0.000158639518
0x227b,26208,0.001427755662
0x227c,26208,0.001427755662
0x227d,26208,0.001427755662
0x227e,26208,0.001427755662
0x227f,26208,0.001427755662
0x2280,26208,0.001427755662
0x2283,2912,0.000158639518
0x2284,2912,0.000158639518
0x2285,2912,0.000158639518
0x2286,2912,0.000158639518
0x2288,2912,0.000158639518
0x2289,2912,0.000158639518
0x228a,2912,0.000158639518
0x228c,2912,0.000158639518
0x228d,2912,0.000158639518
0x228e,2912,0.000158639518
0x2291,208,0.000011331394
0x2292,8,0.000000435823
0x2295,8,0.000000435823
0x2296,8,0.000000435823
0x2298,8,0.000000435823
0x229b,4,0.000000217911
0x229e,4,0.000000217911
0x22a1,4,0.000000217911
0x22a3,1664,0.000090651153
0x22a4,1664,0.000090651153
0x22a5,1664,0.000090651153
0x22a6,1664,0.000090651153
0x22a7,1664,0.000090651153
0x22a8,1664,0.000090651153
0x22a9,1664,0.000090651153
0x22aa,1664,0.000090651153
0x22ab,1664,0.000090651153
0x22ac,1664,0.000090651153
0x22ad,1664,0.000090651153
0x22b0,4,0.000000217911
0x22b4,144,0.000007844811
0x22b7,144,0.000007844811
0x22ba,144,0.000007844811
0x22bb,144,0.000007844811
0x22bc,144,0.000007844811
0x22be,144,0.000007844811
0x22c1,2,0.000000108956
0x22c3,2,0.000000108956
0x22c5,2,0.000000108956
0x22ca,98,0.000005338830
0x22cd,98,0.000005338830
0x22ce,98,0.000005338830
0x22d0,98,0.000005338830
0x22d3,2,0.000000108956
0x22d5,2,0.000000108956
0x22d7,2,0.000000108956
0x22d9,2,0.000000108956
0x22db,2,0.000000108956
0x22dd,2,0.000000108956
0x22e0,4,0.000000217911
0x22e2,8,0.000000435823
0x22e5,8,0.000000435823
0x22e8,8,0.000000435823
0x22f0,4,0.000000217911
0x22f3,4,0.000000217911
0x22f4,4,0.000000217911
0x22fa,272,0.000014817977
0x22fd,272,0.000014817977
0x22ff,272,0.000014817977
0x2302,272,0.000014817977
0x2303,4896,0.000266723585
0x2304,4896,0.000266723585
0x2306,4896,0.000266723585
0x2307,4896,0.000266723585
0x2308,4896,0.000266723585
0x2309,4896,0.000266723585
0x230a,4896,0.000266723585
0x230b,4896,0.000266723585
0x230d,4896,0.000266723585
0x230e,4896,0.000266723585
0x230f,4896,0.000266723585
0x2310,4896,0.000266723585
0x2312,4896,0.000266723585
0x2313,4896,0.000266723585
0x2314,4896,0.000266723585
0x2316,4896,0.000266723585
0x2317,4896,0.000266723585
0x231a,544,0.000029635954
0x231b,4896,0.000266723585
0x231c,4896,0.000266723585
0x231f,272,0.000014817977
0x2322,819,0.000044617364
0x2325,819,0.000044617364
0x2326,819,0.000044617364
0x2327,819,0.000044617364
0x2329,819,0.000044617364
0x232a,819,0.000044617364
0x232b,819,0.000044617364
0x232c,819,0.000044617364
0x232e,819,0.000044617364
0x232f,819,0.000044617364
0x2331,819,0.000044617364
0x2334,819,0.000044617364
0x2337,819,0.000044617364
0x2351,2182,0.000118870683
0x2352,2182,0.000118870683
0x2354,2182,0.000118870683
0x2355,471,0.000025659070
0x2356,471,0.000025659070
0x2357,471,0.000025659070
0x2358,471,0.000025659070
0x235a,471,0.000025659070
0x235b,471,0.000025659070
0x235e,471,0.000025659070
0x235f,471,0.000025659070
0x2360,471,0.000025659070
0x2361,471,0.000025659070
0x2362,471,0.000025659070
0x2364,471,0.000025659070
0x2365,471,0.000025659070
0x2366,471,0.000025659070
0x2368,471,0.000025659070
0x2369,471,0.000025659070
0x236a,471,0.000025659070
0x236b,471,0.000025659070
0x236c,471,0.000025659070
0x236e,471,0.000025659070
0x2370,471,0.000025659070
0x2373,421,0.000022935178
0x2375,421,0.000022935178
0x2377,421,0.000022935178
0x237a,421,0.000022935178
0x237b,50,0.000002723893
0x237c,50,0.000002723893
0x237e,50,0.000002723893
0x237f,50,0.000002723893
0x2381,50,0.000002723893
0x2384,50,0.000002723893
0x2385,50,0.000002723893
0x2386,50,0.000002723893
0x2387,50,0.000002723893
0x2389,50,0.000002723893
0x238a,14,0.000000762690
0x238c,14,0.000000762690
0x238d,14,0.000000762690
0x238e,14,0.000000762690
0x2390,14,0.000000762690
0x2391,12,0.000000653734
0x2393,12,0.000000653734
0x23d6,674,0.000036718075
0x23d9,674,0.000036718075
0x23da,674,0.000036718075
0x23dc,674,0.000036718075
0x23de,674,0.000036718075
0x2476,20,0.000001089557
0x2477,20,0.000001089557
0x2478,20,0.000001089557
0x247b,20,0.000001089557
0x247d,20,0.000001089557
0x247e,20,0.000001089557
0x2481,20,0.000001089557
0x2483,20,0.000001089557
0x2484,20,0.000001089557
0x2485,20,0.000001089557
0x2487,20,0.000001089557
0x2488,20,0.000001089557
0x2489,20,0.000001089557
0x248a,20,0.000001089557
0x248c,20,0.000001089557
0x248d,20,0.000001089557
0x248f,20,0.000001089557
0x2490,20,0.000001089557
0x2493,20,0.000001089557
0x2495,20,0.000001089557
0x2496,20,0.000001089557
0x2497,20,0.000001089557
0x2498,20,0.000001089557
0x2499,20,0.000001089557
0x249a,20,0.000001089557
0x249b,14,0.000000762690
0x249c,14,0.000000762690
0x249d,14,0.000000762690
0x249e,10,0.000000544779
0x249f,10,0.000000544779
0x24a0,3698,0.000201459113
0x24a3,3698,0.000201459113
0x24a5,3698,0.000201459113
0x24a7,3698,0.000201459113
0x24a8,2182,0.000118870683
0x24ab,2182,0.000118870683
0x24ae,2182,0.000118870683
0x24b1,2182,0.000118870683
0x24b4,2182,0.000118870683
0x24b6,2182,0.000118870683
0x24b8,2182,0.000118870683
0x24b9,545,0.000029690432
0x24c4,1847,0.000100620601
0x24c7,1847,0.000100620601
0x24c9,1847,0.000100620601
0x24cb,1847,0.000100620601
0x24ce,1091,0.000059435341
0x24d1,1091,0.000059435341
0x24d4,1091,0.000059435341
0x24d5,1091,0.000059435341
0x24d6,1091,0.000059435341
0x24d8,1091,0.000059435341
0x24db,819,0.000044617364
0x24e0,1091,0.000059435341
0x24e3,1091,0.000059435341
0x24e5,1091,0.000059435341
0x24e6,69,0.000003758972
0x24e9,69,0.000003758972
0x24eb,69,0.000003758972
0x24ec,69,0.000003758972
0x24f2,545,0.000029690432
0x24f5,545,0.000029690432
0x24f7,545,0.000029690432
0x24f8,545,0.000029690432
0x24f9,545,0.000029690432
0x24fc,545,0.000029690432
0x24fe,545,0.000029690432
0x24ff,545,0.000029690432
0x2500,161,0.000008770935
0x2503,161,0.000008770935
0x2504,161,0.000008770935
0x2505,150,0.000008171678
0x2508,150,0.000008171678
0x2509,150,0.000008171678
0x250a,37,0.000002015681
0x250b,37,0.000002015681
0x250d,37,0.000002015681
0x250e,37,0.000002015681
0x2511,37,0.000002015681
0x2512,37,0.000002015681
0x2513,37,0.000002015681
0x2515,37,0.000002015681
0x2517,37,0.000002015681
0x2518,37,0.000002015681
0x2519,37,0.000002015681
0x251a,37,0.000002015681
0x2560,951,0.000051808441
0x2563,951,0.000051808441
0x2564,951,0.000051808441
0x2566,951,0.000051808441
0x2567,951,0.000051808441
0x2568,951,0.000051808441
0x2569,951,0.000051808441
0x256a,951,0.000051808441
0x256b,951,0.000051808441
0x256d,951,0.000051808441
0x256e,951,0.000051808441
0x2570,951,0.000051808441
0x2572,951,0.000051808441
0x2575,951,0.000051808441
0x2576,951,0.000051808441
0x2577,951,0.000051808441
0x2578,951,0.000051808441
0x2579,951,0.000051808441
0x257b,951,0.000051808441
0x257c,951,0.000051808441
0x257f,951,0.000051808441
0x2581,951,0.000051808441
0x2582,951,0.000051808441
0x2585,951,0.000051808441
0x2587,951,0.000051808441
0x2588,7544,0.000410980949
0x2589,7544,0.000410980949
0x258c,7519,0.000409619003
0x258d,7519,0.000409619003
0x258e,7519,0.000409619003
0x2590,7519,0.000409619003
0x2591,7519,0.000409619003
0x2592,7519,0.000409619003
0x2595,926,0.000050446495
0x2596,7544,0.000410980949
0x2597,7544,0.000410980949
0x2599,7544,0.000410980949
0x259a,6326,0.000344626920
0x259b,6326,0.000344626920
0x259c,6326,0.000344626920
0x259e,6326,0.000344626920
0x259f,6326,0.000344626920
0x25a1,6326,0.000344626920
0x25a2,6039,0.000328991775
0x25a3,6039,0.000328991775
0x25a4,6039,0.000328991775
0x25a5,6039,0.000328991775
0x25a6,4145,0.000225810715
0x25a7,4145,0.000225810715
0x25a8,979,0.000053333821
0x25a9,979,0.000053333821
0x25aa,979,0.000053333821
0x25ab,979,0.000053333821
0x25ac,964,0.000052516654
0x25ae,964,0.000052516654
0x25af,25,0.000001361946
0x25b0,25,0.000001361946
0x25b1,25,0.000001361946
0x25b2,25,0.000001361946
0x25b3,25,0.000001361946
0x25b4,25,0.000001361946
0x25b5,25,0.000001361946
0x25b6,25,0.000001361946
0x25b7,112,0.000006101520
0x25ba,112,0.000006101520
0x25bc,112,0.000006101520
0x25be,112,0.000006101520
0x25ca,112,0.000006101520
0x25cd,257,0.000014000809
0x25ce,257,0.000014000809
0x25d0,257,0.000014000809
0x25d3,190,0.000010350793
0x25d4,190,0.000010350793
0x25d6,190,0.000010350793
0x25d7,190,0.000010350793
0x25d8,190,0.000010350793
0x25db,45,0.000002451504
0x25dc,45,0.000002451504
0x25dd,45,0.000002451504
0x25e0,67,0.000003650016
0x25e1,67,0.000003650016
0x25e3,67,0.000003650016
0x25e4,67,0.000003650016
0x25e5,67,0.000003650016
0x25e7,67,0.000003650016
0x25e8,67,0.000003650016
0x25ea,67,0.000003650016
0x25eb,67,0.000003650016
0x25ec,67,0.000003650016
0x25ed,67,0.000003650016
0x25ef,67,0.000003650016
0x25f0,67,0.000003650016
0x25f1,67,0.000003650016
0x25f3,67,0.000003650016
0x25f4,67,0.000003650016
0x25f6,67,0.000003650016
0x25f7,67,0.000003650016
0x25f8,67,0.000003650016
0x25f9,67,0.000003650016
0x25fa,67,0.000003650016
0x25fb,67,0.000003650016
0x25fc,67,0.000003650016
0x25fd,67,0.000003650016
0x2600,1264,0.000068860011
0x2601,1264,0.000068860011
0x2602,1264,0.000068860011
0x2603,1264,0.000068860011
0x2604,1264,0.000068860011
0x2605,1264,0.000068860011
0x2608,1264,0.000068860011
0x2609,1264,0.000068860011
0x260a,1264,0.000068860011
0x260b,1264,0.000068860011
0x260c,1264,0.000068860011
0x260e,1264,0.000068860011
0x2611,1264,0.000068860011
0x2612,1264,0.000068860011
0x2613,1264,0.000068860011
0x2616,1264,0.000068860011
0x2617,1264,0.000068860011
0x261a,722,0.000039333012
0x261d,722,0.000039333012
0x261e,722,0.000039333012
0x2620,722,0.000039333012
0x2621,722,0.000039333012
0x2624,722,0.000039333012
0x2625,722,0.000039333012
0x2626,722,0.000039333012
0x2628,722,0.000039333012
0x2629,722,0.000039333012
0x262b,722,0.000039333012
0x262c,722,0.000039333012
0x262e,722,0.000039333012
0x262f,722,0.000039333012
0x2630,722,0.000039333012
0x2631,722,0.000039333012
0x2633,722,0.000039333012
0x2634,722,0.000039333012
0x2635,722,0.000039333012
0x2638,722,0.000039333012
0x2639,1264,0.000068860011
0x263c,1264,0.000068860011
0x263f,1264,0.000068860011
0x2642,1264,0.000068860011
0x2643,1264,0.000068860011
0x2646,632,0.000034430005
0x2649,632,0.000034430005
0x2650,542,0.000029526998
0x2651,542,0.000029526998
0x2654,542,0.000029526998
0x2655,542,0.000029526998
0x2656,542,0.000029526998
0x2658,542,0.000029526998
0x2659,542,0.000029526998
0x265b,542,0.000029526998
0x265c,542,0.000029526998
0x265e,542,0.000029526998
0x2661,542,0.000029526998
0x2662,542,0.000029526998
0x2668,632,0.000034430005
0x266b,632,0.000034430005
0x266c,632,0.000034430005
0x266d,632,0.000034430005
0x2670,632,0.000034430005
0x2672,632,0.000034430005
0x2676,632,0.000034430005
0x2678,632,0.000034430005
0x267c,632,0.000034430005
0x267f,632,0.000034430005
0x2681,632,0.000034430005
0x2684,632,0.000034430005
0x2685,632,0.000034430005
0x2688,632,0.000034430005
0x268a,632,0.000034430005
0x268b,632,0.000034430005
0x268d,632,0.000034430005
0x268e,632,0.000034430005
0x268f,632,0.000034430005
0x2692,630,0.000034321050
0x2693,632,0.000034430005
0x2694,632,0.000034430005
0x2697,632,0.000034430005
0x2699,632,0.000034430005
0x269d,632,0.000034430005
0x269f,632,0.000034430005
0x26a3,632,0.000034430005
0x26a4,632,0.000034430005
0x26a7,632,0.000034430005
0x26aa,632,0.000034430005
0x26ad,632,0.000034430005
0x26ae,632,0.000034430005
0x26af,632,0.000034430005
0x26b0,632,0.000034430005
0x26b1,126,0.000006864210
0x26b2,126,0.000006864210
0x26b4,126,0.000006864210
0x26b5,126,0.000006864210
0x26b7,126,0.000006864210
0x26b8,126,0.000006864210
0x26ba,126,0.000006864210
0x26bb,20,0.000001089557
0x26bc,20,0.000001089557
0x26bd,20,0.000001089557
0x26be,20,0.000001089557
0x26bf,20,0.000001089557
0x26c2,20,0.000001089557
0x26c4,20,0.000001089557
0x26c6,20,0.000001089557
0x26c7,20,0.000001089557
0x26c8,20,0.000001089557
0x26ca,20,0.000001089557
0x26cb,20,0.000001089557
0x26cc,20,0.000001089557
0x26d0,632,0.000034430005
0x26d3,632,0.000034430005
0x26d6,632,0.000034430005
0x26d9,5056,0.000275440042
0x26da,5056,0.000275440042
0x26db,5056,0.000275440042
0x26de,3994,0.000217584559
0x26df,3994,0.000217584559
0x26e0,3994,0.000217584559
0x26e3,632,0.000034430005
0x26e4,3994,0.000217584559
0x26e5,5056,0.000275440042
0x26e6,5056,0.000275440042
0x26e7,5056,0.000275440042
0x26e8,5056,0.000275440042
0x26e9,5056,0.000275440042
0x26eb,5056,0.000275440042
0x26ee,632,0.000034430005
0x26f1,632,0.000034430005
0x26f2,632,0.000034430005
0x26f3,632,0.000034430005
0x26f5,632,0.000034430005
0x26f8,632,0.000034430005
0x26f9,632,0.000034430005
0x26fa,632,0.000034430005
0x26fd,632,0.000034430005
0x2700,1736,0.000094573559
0x2703,1736,0.000094573559
0x2704,1736,0.000094573559
0x2705,1736,0.000094573559
0x2706,1735,0.000094519081
0x2707,1735,0.000094519081
0x2708,1735,0.000094519081
0x270a,1735,0.000094519081
0x270b,1735,0.000094519081
0x270c,1735,0.000094519081
0x270e,1735,0.000094519081
0x270f,1735,0.000094519081
0x2711,1735,0.000094519081
0x2714,1735,0.000094519081
0x2717,6940,0.000378076324
0x271a,6940,0.000378076324
0x271b,6940,0.000378076324
0x271c,6940,0.000378076324
0x271d,6940,0.000378076324
0x271e,6940,0.000378076324
0x2720,6940,0.000378076324
0x2723,1735,0.000094519081
0x2725,1735,0.000094519081
0x2728,1735,0.000094519081
0x272a,1735,0.000094519081
0x2739,1735,0.000094519081
0x273c,1735,0.000094519081
0x273d,1735,0.000094519081
0x2740,1735,0.000094519081
0x2743,1735,0.000094519081
0x2748,6940,0.000378076324
0x2749,6940,0.000378076324
0x274a,6940,0.000378076324
0x274c,6940,0.000378076324
0x274d,24,0.000001307469
0x274e,24,0.000001307469
0x274f,24,0.000001307469
0x2750,12,0.000000653734
0x2751,12,0.000000653734
0x2752,12,0.000000653734
0x2753,12,0.000000653734
0x2754,12,0.000000653734
0x2755,12,0.000000653734
0x2757,12,0.000000653734
0x2758,12,0.000000653734
0x2759,12,0.000000653734
0x275b,12,0.000000653734
0x275c,12,0.000000653734
0x275f,12,0.000000653734
0x2760,12,0.000000653734
0x2761,12,0.000000653734
0x2764,12,0.000000653734
0x2768,12,0.000000653734
0x2769,12,0.000000653734
0x276c,12,0.000000653734
0x276e,12,0.000000653734
0x2771,12,0.000000653734
0x2772,12,0.000000653734
0x2778,12,0.000000653734
0x277b,12,0.000000653734
0x277c,12,0.000000653734
0x277f,12,0.000000653734
0x2780,12,0.000000653734
0x2781,12,0.000000653734
0x2782,12,0.000000653734
0x2783,12,0.000000653734
0x2784,12,0.000000653734
0x2785,12,0.000000653734
0x2786,12,0.000000653734
0x2789,12,0.000000653734
0x27a8,1735,0.000094519081
0x27ab,1735,0.000094519081
0x27ac,1735,0.000094519081
0x27af,1735,0.000094519081
0x27b0,1735,0.000094519081
0x27b1,1735,0.000094519081
0x27b4,1735,0.000094519081
0x27b6,1735,0.000094519081
0x27b7,1735,0.000094519081
0x27b8,1735,0.000094519081
0x27ba,1735,0.000094519081
0x27bd,1351,0.000073599584
0x27c0,1351,0.000073599584
0x27c1,1351,0.000073599584
0x27c2,1351,0.000073599584
0x27c5,1303,0.000070984647
0x27c7,1303,0.000070984647
0x27c8,1303,0.000070984647
0x27c9,1303,0.000070984647
0x27ca,546,0.000029744910
0x27cc,546,0.000029744910
0x27cf,523,0.000028491919
0x27d0,523,0.000028491919
0x27d2,523,0.000028491919
0x27d3,523,0.000028491919
0x27d5,523,0.000028491919
0x27d6,523,0.000028491919
0x27d8,23,0.000001252991
0x27da,23,0.000001252991
0x27dc,23,0.000001252991
0x27dd,23,0.000001252991
0x27df,23,0.000001252991
0x27e0,23,0.000001252991
0x27e2,48,0.000002614937
0x27e4,48,0.000002614937
0x27e9,48,0.000002614937
0x27ea,48,0.000002614937
0x27ec,48,0.000002614937
0x27ee,48,0.000002614937
0x3000,956,0.000052080831
0x3003,956,0.000052080831
0x3004,956,0.000052080831
0x3005,956,0.000052080831
0x3007,956,0.000052080831
0x300a,956,0.000052080831
0x300b,956,0.000052080831
0x300c,956,0.000052080831
0x300d,956,0.000052080831
0x300e,956,0.000052080831
0x300f,956,0.000052080831
0x3010,956,0.000052080831
0x3011,956,0.000052080831
0x3012,118,0.000006428387
0x3028,122,0.000006646298
0x302b,122,0.000006646298
0x302c,122,0.000006646298
0x302e,122,0.000006646298
0x302f,122,0.000006646298
0x3031,122,0.000006646298
0x3032,122,0.000006646298
0x3034,122,0.000006646298
0x3035,111,0.000006047042
0x3037,111,0.000006047042
0x3038,111,0.000006047042
0x3039,111,0.000006047042
0x303c,103,0.000005611219
0x303d,103,0.000005611219
0x303e,1,0.000000054478
0x303f,1,0.000000054478
0x3040,1,0.000000054478
0x3042,1,0.000000054478
0x3044,1,0.000000054478
0x3046,1,0.000000054478
0x3048,1,0.000000054478
0x3049,1,0.000000054478
0x304b,1,0.000000054478
0x304d,1,0.000000054478
0x304f,1,0.000000054478
0x3050,1,0.000000054478
0x3052,1,0.000000054478
0x3055,1,0.000000054478
0x3056,1,0.000000054478
0x3057,1,0.000000054478
0x3059,1,0.000000054478
0x305c,8,0.000000435823
0x305f,8,0.000000435823
0x3062,8,0.000000435823
0x3063,8,0.000000435823
0x3064,8,0.000000435823
0x3065,8,0.000000435823
0x3066,8,0.000000435823
0x3067,8,0.000000435823
0x3068,8,0.000000435823
0x306a,8,0.000000435823
0x306c,8,0.000000435823
0x306d,8,0.000000435823
0x3074,32,0.000001743291
0x3077,32,0.000001743291
0x3078,32,0.000001743291
0x3079,32,0.000001743291
0x307a,32,0.000001743291
0x307c,32,0.000001743291
0x307d,32,0.000001743291
0x307f,32,0.000001743291
0x3080,32,0.000001743291
0x3081,32,0.000001743291
0x3082,32,0.000001743291
0x3084,32,0.000001743291
0x3089,32,0.000001743291
0x308a,32,0.000001743291
0x308b,32,0.000001743291
0x308c,32,0.000001743291
0x308d,32,0.000001743291
0x308f,32,0.000001743291
0x3090,32,0.000001743291
0x3092,32,0.000001743291
0x3093,32,0.000001743291
0x3094,32,0.000001743291
0x3095,32,0.000001743291
0x3098,32,0.000001743291
0x309a,32,0.000001743291
0x309d,3,0.000000163434
0x309f,32,0.000001743291
0x30a0,32,0.000001743291
0x30a1,32,0.000001743291
0x30a4,32,0.000001743291
0x30a6,32,0.000001743291
0x30a7,32,0.000001743291
0x30a8,32,0.000001743291
0x30aa,1910,0.000104052706
0x30ad,1910,0.000104052706
0x30ae,1910,0.000104052706
0x30af,1910,0.000104052706
0x30b0,1910,0.000104052706
0x30b1,1910,0.000104052706
0x30b3,1910,0.000104052706
0x30b5,1910,0.000104052706
0x30b6,1910,0.000104052706
0x30b8,1910,0.000104052706
0x30ba,119,0.000006482865
0x30bd,119,0.000006482865
0x30c0,119,0.000006482865
0x30c3,119,0.000006482865
0x30c6,119,0.000006482865
0x30c8,119,0.000006482865
0x30c9,119,0.000006482865
0x30ca,119,0.000006482865
0x30cb,92,0.000005011963
0x30cd,92,0.000005011963
0x30ce,92,0.000005011963
0x30cf,92,0.000005011963
0x30d2,68,0.000003704494
0x30d3,68,0.000003704494
0x30d4,18,0.000000980601
0x30d6,18,0.000000980601
0x30d8,18,0.000000980601
0x30da,357,0.000019448595
0x30db,357,0.000019448595
0x30dc,357,0.000019448595
0x30dd,357,0.000019448595
0x30de,173,0.000009424669
0x30df,173,0.000009424669
0x30e4,24,0.000001307469
0x30e7,24,0.000001307469
0x30ea,24,0.000001307469
0x30eb,24,0.000001307469
0x30ed,24,0.000001307469
0x30f2,24,0.000001307469
0x30f3,24,0.000001307469
0x30f5,24,0.000001307469
0x30f6,24,0.000001307469
0x30f7,24,0.000001307469
0x30f8,24,0.000001307469
0x30fa,24,0.000001307469
0x30fc,24,0.000001307469
0x30ff,24,0.000001307469
0x3102,24,0.000001307469
0x3105,24,0.000001307469
0x3106,24,0.000001307469
0x3107,24,0.000001307469
0x3108,24,0.000001307469
0x310a,24,0.000001307469
0x310c,24,0.000001307469
0x310e,24,0.000001307469
0x310f,24,0.000001307469
0x3112,72,0.000003922406
0x3113,72,0.000003922406
0x3114,72,0.000003922406
0x3115,72,0.000003922406
0x3116,49,0.000002669415
0x3117,49,0.000002669415
0x3118,49,0.000002669415
0x311a,49,0.000002669415
0x311b,49,0.000002669415
0x311c,49,0.000002669415
0x311d,49,0.000002669415
0x311e,24,0.000001307469
0x311f,24,0.000001307469
0x3121,24,0.000001307469
0x3124,119,0.000006482865
0x3127,119,0.000006482865
0x3128,119,0.000006482865
0x312a,119,0.000006482865
0x312b,18,0.000000980601
0x312d,18,0.000000980601
0x312f,18,0.000000980601
0x3130,18,0.000000980601
0x3131,18,0.000000980601
0x3132,18,0.000000980601
0x3134,18,0.000000980601
0x3136,18,0.000000980601
0x3138,18,0.000000980601
0x313d,18,0.000000980601
0x313f,18,0.000000980601
0x3140,18,0.000000980601
0x3141,18,0.000000980601
0x3144,18,0.000000980601
0x3145,18,0.000000980601
0x3146,18,0.000000980601
0x3149,14,0.000000762690
0x314b,18,0.000000980601
0x314d,18,0.000000980601
0x314e,18,0.000000980601
0x315a,119,0.000006482865
0x315d,119,0.000006482865
0x315e,119,0.000006482865
0x3160,119,0.000006482865
0x3161,33,0.000001797769
0x3164,33,0.000001797769
0x3165,33,0.000001797769
0x3166,33,0.000001797769
0x3167,33,0.000001797769
0x3169,33,0.000001797769
0x316a,33,0.000001797769
0x316c,33,0.000001797769
0x316d,33,0.000001797769
0x316e,33,0.000001797769
0x316f,33,0.000001797769
0x3171,33,0.000001797769
0x3172,33,0.000001797769
0x3174,33,0.000001797769
0x3176,33,0.000001797769
0x3177,33,0.000001797769
0x3178,33,0.000001797769
0x3179,268,0.000014600066
0x317c,250,0.000013619464
0x317d,250,0.000013619464
0x317e,250,0.000013619464
0x317f,250,0.000013619464
0x3180,250,0.000013619464
0x3181,250,0.000013619464
0x3182,250,0.000013619464
0x3183,250,0.000013619464
0x3186,15,0.000000817168
0x3188,15,0.000000817168
0x318a,250,0.000013619464
0x318b,250,0.000013619464
0x318e,15,0.000000817168
0x3192,268,0.000014600066
0x3193,268,0.000014600066
0x3195,268,0.000014600066
0x3196,251,0.000013673942
0x3199,251,0.000013673942
0x319a,251,0.000013673942
0x319b,18,0.000000980601
0x319e,18,0.000000980601
0x319f,18,0.000000980601
0x31a0,18,0.000000980601
0x31a1,18,0.000000980601
0x31a2,18,0.000000980601
0x31a3,18,0.000000980601
0x31a4,18,0.000000980601
0x31a7,18,0.000000980601
0x31a9,18,0.000000980601
0x31ac,18,0.000000980601
0x31ad,18,0.000000980601
0x31b4,119,0.000006482865
0x31b7,119,0.000006482865
0x31b9,119,0.000006482865
0x31ba,18,0.000000980601
0x31bd,18,0.000000980601
0x31bf,18,0.000000980601
0x31c0,18,0.000000980601
0x31c2,18,0.000000980601
0x31c3,18,0.000000980601
0x31c5,18,0.000000980601
0x31c6,18,0.000000980601
0x31c7,18,0.000000980601
0x31c8,18,0.000000980601
0x31cb,18,0.000000980601
0x31cd,18,0.000000980601
0x31ce,18,0.000000980601
0x31d1,9,0.000000490301
0x31d2,9,0.000000490301
0x31d3,9,0.000000490301
0x31d4,9,0.000000490301
0x31d6,18,0.000000980601
0x31d7,18,0.000000980601
0x31d8,18,0.000000980601
0x31d9,18,0.000000980601
0x31da,18,0.000000980601
0x31dc,18,0.000000980601
0x31de,18,0.000000980601
0x31df,18,0.000000980601
0x31e1,18,0.000000980601
0x31e2,18,0.000000980601
0x31e3,18,0.000000980601
0x31e4,18,0.000000980601
0x31e5,18,0.000000980601
0x31e6,18,0.000000980601
0x31e7,18,0.000000980601
0x31e8,18,0.000000980601
0x31e9,18,0.000000980601
0x31ec,18,0.000000980601
0x31ed,18,0.000000980601
0x31f0,18,0.000000980601
0x31f1,18,0.000000980601
0x31f2,18,0.000000980601
0x31f4,18,0.000000980601
0x31f5,18,0.000000980601
0x31f7,18,0.000000980601
0x31f8,18,0.000000980601
0x31fb,18,0.000000980601
0x31fd,18,0.000000980601
0x31fe,18,0.000000980601
0x31ff,18,0.000000980601
0x3201,18,0.000000980601
0x3202,18,0.000000980601
0x3203,18,0.000000980601
0x3204,18,0.000000980601
0x3207,18,0.000000980601
0x3209,18,0.000000980601
0x320a,18,0.000000980601
0x320b,18,0.000000980601
0x320c,18,0.000000980601
0x320d,18,0.000000980601
0x3210,18,0.000000980601
0x3213,18,0.000000980601
0x3215,18,0.000000980601
0x3216,14,0.000000762690
0x3217,14,0.000000762690
0x3219,14,0.000000762690
0x321b,14,0.000000762690
0x322c,118,0.000006428387
0x322f,118,0.000006428387
0x3231,118,0.000006428387
0x3232,12,0.000000653734
0x3235,12,0.000000653734
0x3238,12,0.000000653734
0x323b,12,0.000000653734
0x323c,12,0.000000653734
0x323f,12,0.000000653734
0x3240,110,0.000005992564
0x3241,110,0.000005992564
0x3243,110,0.000005992564
0x3246,105,0.000005720175
0x3247,105,0.000005720175
0x3248,105,0.000005720175
0x3249,94,0.000005120919
0x324a,94,0.000005120919
0x324b,94,0.000005120919
0x324c,94,0.000005120919
0x324d,94,0.000005120919
0x324e,99,0.000005393308
0x324f,99,0.000005393308
0x3250,99,0.000005393308
0x3251,99,0.000005393308
0x3253,99,0.000005393308
0x3254,99,0.000005393308
0x3256,99,0.000005393308
0x3259,1,0.000000054478
0x325b,1,0.000000054478
0x325e,1,0.000000054478
0x3264,122,0.000006646298
0x3267,122,0.000006646298
0x3268,122,0.000006646298
0x326b,122,0.000006646298
0x326c,122,0.000006646298
0x326e,122,0.000006646298
0x326f,122,0.000006646298
0x3271,122,0.000006646298
0x3272,122,0.000006646298
0x3274,122,0.000006646298
0x3275,19,0.000001035079
0x3277,19,0.000001035079
0x3279,19,0.000001035079
0x327a,19,0.000001035079
0x327b,19,0.000001035079
0x327c,19,0.000001035079
0x327e,19,0.000001035079
0x3281,19,0.000001035079
0x3282,19,0.000001035079
0x3285,19,0.000001035079
0x3286,19,0.000001035079
0x3287,19,0.000001035079
0x3289,19,0.000001035079
0x328a,19,0.000001035079
0x328b,19,0.000001035079
0x328d,19,0.000001035079
0x328e,19,0.000001035079
0x328f,42,0.000002288070
0x3290,42,0.000002288070
0x3291,42,0.000002288070
0x3292,42,0.000002288070
0x3295,39,0.000002124636
0x3296,39,0.000002124636
0x3297,39,0.000002124636
0x329a,38,0.000002070159
0x329b,38,0.000002070159
0x329e,38,0.000002070159
0x329f,38,0.000002070159
0x32a0,38,0.000002070159
0x32a3,38,0.000002070159
0x32a4,42,0.000002288070
0x32a5,42,0.000002288070
0x32a6,42,0.000002288070
0x32a9,1,0.000000054478
0x32ab,42,0.000002288070
0x32ac,42,0.000002288070
0x32af,19,0.000001035079
0x32b0,20,0.000001089557
0x32b3,20,0.000001089557
0x32b5,20,0.000001089557
0x32b8,20,0.000001089557
0x32ba,20,0.000001089557
0x32bc,20,0.000001089557
0x32bf,20,0.000001089557
0x32c2,20,0.000001089557
0x32c3,20,0.000001089557
0x32c4,4,0.000000217911
0x32c5,4,0.000000217911
0x32c6,4,0.000000217911
0x32c7,4,0.000000217911
0x32c8,4,0.000000217911
0x32cb,4,0.000000217911
0x32cd,4,0.000000217911
0x32d0,4,0.000000217911
0x32d2,4,0.000000217911
0x32d4,4,0.000000217911
0x32d6,4,0.000000217911
0x32d7,4,0.000000217911
0x32d9,4,0.000000217911
0x32da,4,0.000000217911
0x32dc,4,0.000000217911
0x32dd,4,0.000000217911
0x32de,4,0.000000217911
0x32e1,4,0.000000217911
0x32e2,4,0.000000217911
0x32e3,4,0.000000217911
0x3400,1264,0.000068860011
0x3403,1264,0.000068860011
0x3406,1264,0.000068860011
0x3409,1264,0.000068860011
0x340c,1264,0.000068860011
0x340f,1264,0.000068860011
0x3412,1264,0.000068860011
0x3413,1264,0.000068860011
0x3416,1264,0.000068860011
0x3418,1264,0.000068860011
0x3438,1264,0.000068860011
0x343b,1264,0.000068860011
0x343c,1264,0.000068860011
0x343f,632,0.000034430005
0x3442,632,0.000034430005
0x3445,632,0.000034430005
0x3448,632,0.000034430005
0x344b,632,0.000034430005
0x3452,632,0.000034430005
0x3455,632,0.000034430005
0x3458,632,0.000034430005
0x345b,632,0.000034430005
0x3474,632,0.000034430005
0x3477,2528,0.000137720021
0x3478,2528,0.000137720021
0x347b,2528,0.000137720021
0x347c,2528,0.000137720021
0x347d,2528,0.000137720021
0x347f,2528,0.000137720021
0x3480,2528,0.000137720021
0x3482,2528,0.000137720021
0x3485,632,0.000034430005
0x3486,632,0.000034430005
0x3489,2528,0.000137720021
0x348a,2528,0.000137720021
0x348d,2528,0.000137720021
0x348e,2528,0.000137720021
0x348f,2528,0.000137720021
0x3491,2528,0.000137720021
0x3492,2528,0.000137720021
0x3494,2528,0.000137720021
0x3497,632,0.000034430005
0x3498,632,0.000034430005
0x349b,2528,0.000137720021
0x349c,2528,0.000137720021
0x349f,2528,0.000137720021
0x34a0,2528,0.000137720021
0x34a1,2528,0.000137720021
0x34a3,2528,0.000137720021
0x34a4,2528,0.000137720021
0x34a6,2528,0.000137720021
0x34a9,632,0.000034430005
0x34aa,632,0.000034430005
0x34ad,2528,0.000137720021
0x34ae,2528,0.000137720021
0x34b1,2528,0.000137720021
0x34b2,2528,0.000137720021
0x34b3,2528,0.000137720021
0x34b5,2528,0.000137720021
0x34b6,2528,0.000137720021
0x34b8,2528,0.000137720021
0x34bb,632,0.000034430005
0x34c0,5408,0.000294616248
0x34c1,5408,0.000294616248
0x34c2,5408,0.000294616248
0x34c3,4348,0.000236869720
0x34c4,4348,0.000236869720
0x34c6,4348,0.000236869720
0x34c7,4348,0.000236869720
0x34c9,4348,0.000236869720
0x34ca,4348,0.000236869720
0x34cb,4348,0.000236869720
0x34cc,4348,0.000236869720
0x34cd,4348,0.000236869720
0x34ce,4348,0.000236869720
0x34cf,4348,0.000236869720
0x34d0,4348,0.000236869720
0x34d1,4348,0.000236869720
0x34d2,4348,0.000236869720
0x34d3,4348,0.000236869720
0x34d4,4348,0.000236869720
0x34d5,4348,0.000236869720
0x34d7,4348,0.000236869720
0x34d8,4348,0.000236869720
0x34da,4348,0.000236869720
0x34db,4348,0.000236869720
0x34dc,4348,0.000236869720
0x34dd,4348,0.000236869720
0x34de,4354,0.000237196587
0x34df,4354,0.000237196587
0x34e1,4354,0.000237196587
0x34e4,504,0.000027456840
0x34e5,504,0.000027456840
0x34e7,504,0.000027456840
0x34ea,202,0.000011004527
0x34ec,202,0.000011004527
0x34ed,202,0.000011004527
0x34ee,202,0.000011004527
0x34f0,202,0.000011004527
0x34f1,202,0.000011004527
0x34f3,202,0.000011004527
0x34f6,96,0.000005229874
0x34f8,96,0.000005229874
0x34f9,96,0.000005229874
0x34fa,96,0.000005229874
0x34fc,96,0.000005229874
0x34fd,96,0.000005229874
0x34ff,96,0.000005229874
0x3509,202,0.000011004527
0x350a,202,0.000011004527
0x350b,202,0.000011004527
0x350c,4354,0.000237196587
0x350e,4354,0.000237196587
0x350f,4354,0.000237196587
0x3512,4354,0.000237196587
0x3513,4354,0.000237196587
0x3515,4354,0.000237196587
0x3516,4354,0.000237196587
0x3518,4354,0.000237196587
0x3519,4354,0.000237196587
0x3520,32,0.000001743291
0x3521,32,0.000001743291
0x3522,32,0.000001743291
0x3523,32,0.000001743291
0x3524,32,0.000001743291
0x3525,32,0.000001743291
0x3526,32,0.000001743291
0x3527,32,0.000001743291
0x3528,1366,0.000074416752
0x3529,1366,0.000074416752
0x352a,1366,0.000074416752
0x352b,1366,0.000074416752
0x352c,1366,0.000074416752
0x352d,1366,0.000074416752
0x352e,1366,0.000074416752
0x352f,1366,0.000074416752
0x3530,1634,0.000089016817
0x3531,1634,0.000089016817
0x3532,1634,0.000089016817
0x3533,1634,0.000089016817
0x3534,1634,0.000089016817
0x3535,1634,0.000089016817
0x3536,1634,0.000089016817
0x3537,1634,0.000089016817
0x3538,1924,0.000104815396
0x3539,1924,0.000104815396
0x353a,1924,0.000104815396
0x353b,1924,0.000104815396
0x353c,1924,0.000104815396
0x353d,1924,0.000104815396
0x353e,1924,0.000104815396
0x353f,1924,0.000104815396
0x3540,4371,0.000238122710
0x3541,4371,0.000238122710
0x3542,4371,0.000238122710
0x3543,4371,0.000238122710
0x3544,4371,0.000238122710
0x3545,4371,0.000238122710
0x3546,4371,0.000238122710
0x3547,4371,0.000238122710
0x3548,4739,0.000258170562
0x3549,4739,0.000258170562
0x354a,4739,0.000258170562
0x354b,4739,0.000258170562
0x354c,4739,0.000258170562
0x354d,4739,0.000258170562
0x354e,4739,0.000258170562
0x354f,4739,0.000258170562
0x3550,4771,0.000259913853
0x3551,4771,0.000259913853
0x3552,4771,0.000259913853
0x3553,4771,0.000259913853
0x3554,4771,0.000259913853
0x3555,4771,0.000259913853
0x3556,4771,0.000259913853
0x3557,4771,0.000259913853
0x3558,4771,0.000259913853
0x355a,4771,0.000259913853
0x355b,4771,0.000259913853
0x355d,4771,0.000259913853
0x3560,1264,0.000068860011
0x3563,1264,0.000068860011
0x3564,1264,0.000068860011
0x3565,1264,0.000068860011
0x3566,1264,0.000068860011
0x3567,1264,0.000068860011
0x3568,1264,0.000068860011
0x3569,1264,0.000068860011
0x356a,1264,0.000068860011
0x356d,1264,0.000068860011
0x3570,1264,0.000068860011
0x3572,1264,0.000068860011
0x3577,1264,0.000068860011
0x3579,1264,0.000068860011
0x357a,1264,0.000068860011
0x357b,1264,0.000068860011
0x357e,1264,0.000068860011
0x357f,1264,0.000068860011
0x3581,1264,0.000068860011
0x3584,1264,0.000068860011
0x3586,1264,0.000068860011
0x3587,1264,0.000068860011
0x3588,1264,0.000068860011
0x3589,1264,0.000068860011
0x358c,1264,0.000068860011
0x358d,1264,0.000068860011
0x358e,1264,0.000068860011
0x3590,1264,0.000068860011
0x3591,1264,0.000068860011
0x3593,1264,0.000068860011
0x3594,1264,0.000068860011
0x3596,1264,0.000068860011
0x3597,1264,0.000068860011
0x359a,1264,0.000068860011
0x359b,1264,0.000068860011
0x359c,1264,0.000068860011
0x359d,1264,0.000068860011
0x359f,1264,0.000068860011
0x35a2,1264,0.000068860011
0x35b0,5056,0.000275440042
0x35b1,5056,0.000275440042
0x35b2,5056,0.000275440042
0x35b3,3996,0.000217693514
0x35b4,3996,0.000217693514
0x35b5,3996,0.000217693514
0x35b6,3996,0.000217693514
0x35b7,3996,0.000217693514
0x35b8,3996,0.000217693514
0x35b9,3996,0.000217693514
0x35ba,3996,0.000217693514
0x35bd,3568,0.000194376992
0x35be,3996,0.000217693514
0x35bf,3996,0.000217693514
0x35c0,3996,0.000217693514
0x35c1,3996,0.000217693514
0x35c2,3996,0.000217693514
0x35c3,3996,0.000217693514
0x35c4,3996,0.000217693514
0x35c5,3996,0.000217693514
0x35c7,3996,0.000217693514
0x35c8,3996,0.000217693514
0x35c9,3996,0.000217693514
0x35ca,3996,0.000217693514
0x35cb,3996,0.000217693514
0x35cc,3996,0.000217693514
0x35cd,3996,0.000217693514
0x35ce,3996,0.000217693514
0x35cf,3996,0.000217693514
0x35d0,3996,0.000217693514
0x35d1,3996,0.000217693514
0x35d2,3996,0.000217693514
0x35d3,3996,0.000217693514
0x35d4,3996,0.000217693514
0x35d5,3996,0.000217693514
0x35d6,3996,0.000217693514
0x35d7,3996,0.000217693514
0x35d8,3996,0.000217693514
0x35d9,3996,0.000217693514
0x35da,3996,0.000217693514
0x35db,3996,0.000217693514
0x35e0,2936,0.000159946987
0x35e1,2936,0.000159946987
0x35e2,2936,0.000159946987
0x35e3,2936,0.000159946987
0x35e5,2936,0.000159946987
0x35e8,1548,0.000084331722
0x35e9,1548,0.000084331722
0x35ea,1548,0.000084331722
0x35eb,1548,0.000084331722
0x35ec,1548,0.000084331722
0x35ed,1548,0.000084331722
0x35ee,1548,0.000084331722
0x35ef,1548,0.000084331722
0x35f0,1548,0.000084331722
0x35f1,1548,0.000084331722
0x35f3,1548,0.000084331722
0x35f6,448,0.000024406080
0x35f8,448,0.000024406080
0x35f9,448,0.000024406080
0x35fa,448,0.000024406080
0x35fb,448,0.000024406080
0x35fd,448,0.000024406080
0x35fe,448,0.000024406080
0x3601,58,0.000003159716
0x3602,58,0.000003159716
0x3603,58,0.000003159716
0x3604,448,0.000024406080
0x3605,448,0.000024406080
0x3606,448,0.000024406080
0x3607,448,0.000024406080
0x3608,448,0.000024406080
0x3609,448,0.000024406080
0x360a,448,0.000024406080
0x360b,448,0.000024406080
0x360c,448,0.000024406080
0x360e,448,0.000024406080
0x360f,448,0.000024406080
0x3612,412,0.000022444877
0x3613,412,0.000022444877
0x3614,412,0.000022444877
0x3615,412,0.000022444877
0x3616,412,0.000022444877
0x3618,412,0.000022444877
0x3619,412,0.000022444877
0x361a,412,0.000022444877
0x361b,412,0.000022444877
0x361c,278,0.000015144844
0x361f,278,0.000015144844
0x3620,278,0.000015144844
0x3621,278,0.000015144844
0x3622,100,0.000005447786
0x3623,100,0.000005447786
0x3624,100,0.000005447786
0x3628,1388,0.000075615265
0x362a,1388,0.000075615265
0x362d,1354,0.000073763018
0x362e,1354,0.000073763018
0x362f,1354,0.000073763018
0x3630,1354,0.000073763018
0x3631,1354,0.000073763018
0x3632,1354,0.000073763018
0x3633,1354,0.000073763018
0x3634,1354,0.000073763018
0x3635,1354,0.000073763018
0x3636,1354,0.000073763018
0x3637,1354,0.000073763018
0x363a,420,0.000022880700
0x363c,420,0.000022880700
0x363d,420,0.000022880700
0x363e,420,0.000022880700
0x363f,420,0.000022880700
0x3641,420,0.000022880700
0x3642,420,0.000022880700
0x3645,56,0.000003050760
0x3646,56,0.000003050760
0x3647,56,0.000003050760
0x3648,420,0.000022880700
0x3649,420,0.000022880700
0x364a,420,0.000022880700
0x364b,420,0.000022880700
0x364c,420,0.000022880700
0x364d,420,0.000022880700
0x364e,420,0.000022880700
0x364f,420,0.000022880700
0x3650,420,0.000022880700
0x3651,420,0.000022880700
0x3652,420,0.000022880700
0x3654,420,0.000022880700
0x3655,420,0.000022880700
0x3656,420,0.000022880700
0x3657,420,0.000022880700
0x365a,320,0.000017432914
0x365d,320,0.000017432914
0x365e,320,0.000017432914
0x3661,88,0.000004794051
0x3662,88,0.000004794051
0x3663,420,0.000022880700
0x3665,420,0.000022880700
0x3666,420,0.000022880700
0x366a,1100,0.000059925642
0x366b,1100,0.000059925642
0x366c,1100,0.000059925642
0x366d,38,0.000002070159
0x366e,38,0.000002070159
0x366f,38,0.000002070159
0x3670,38,0.000002070159
0x3671,38,0.000002070159
0x3672,36,0.000001961203
0x3673,36,0.000001961203
0x3674,36,0.000001961203
0x3675,36,0.000001961203
0x3676,36,0.000001961203
0x3679,36,0.000001961203
0x367b,36,0.000001961203
0x367c,36,0.000001961203
0x367f,36,0.000001961203
0x3680,36,0.000001961203
0x3683,36,0.000001961203
0x3684,36,0.000001961203
0x3686,36,0.000001961203
0x3689,36,0.000001961203
0x368a,36,0.000001961203
0x368b,36,0.000001961203
0x368d,36,0.000001961203
0x368e,34,0.000001852247
0x3690,34,0.000001852247
0x3691,26,0.000001416424
0x3692,26,0.000001416424
0x3695,934,0.000050882318
0x3696,934,0.000050882318
0x3697,934,0.000050882318
0x3698,934,0.000050882318
0x3699,934,0.000050882318
0x369a,934,0.000050882318
0x369b,934,0.000050882318
0x369c,934,0.000050882318
0x369d,24,0.000001307469
0x369e,24,0.000001307469
0x36a0,24,0.000001307469
0x36a1,24,0.000001307469
0x36a4,24,0.000001307469
0x36a6,24,0.000001307469
0x36a7,24,0.000001307469
0x36aa,22,0.000001198513
0x36ab,24,0.000001307469
0x36ae,24,0.000001307469
0x36b0,24,0.000001307469
0x36b3,24,0.000001307469
0x36b4,24,0.000001307469
0x36b6,24,0.000001307469
0x36b7,24,0.000001307469
0x36b9,24,0.000001307469
0x36ba,24,0.000001307469
0x36bb,24,0.000001307469
0x36c0,1060,0.000057746528
0x36c1,1060,0.000057746528
0x36c2,1060,0.000057746528
0x36c3,530,0.000028873264
0x36c4,530,0.000028873264
0x36c5,530,0.000028873264
0x36c6,530,0.000028873264
0x36c8,530,0.000028873264
0x36c9,530,0.000028873264
0x36d2,1280,0.000069731656
0x36d3,1280,0.000069731656
0x36d4,1280,0.000069731656
0x36d5,1280,0.000069731656
0x36d6,1280,0.000069731656
0x36d7,1280,0.000069731656
0x36d8,48,0.000002614937
0x36d9,48,0.000002614937
0x36da,48,0.000002614937
0x36db,48,0.000002614937
0x36dc,48,0.000002614937
0x36dd,48,0.000002614937
0x36de,48,0.000002614937
0x36e1,48,0.000002614937
0x36e3,48,0.000002614937
0x36e6,48,0.000002614937
0x36ea,1260,0.000068642099
0x36eb,1260,0.000068642099
0x36ec,1260,0.000068642099
0x36ed,1260,0.000068642099
0x36ee,1260,0.000068642099
0x36ef,1260,0.000068642099
0x36f0,372,0.000020265763
0x36f1,372,0.000020265763
0x36f2,372,0.000020265763
0x36f3,372,0.000020265763
0x36f5,372,0.000020265763
0x36f6,24,0.000001307469
0x36f7,24,0.000001307469
0x36f8,24,0.000001307469
0x36f9,24,0.000001307469
0x36fa,24,0.000001307469
0x36fb,24,0.000001307469
0x36fc,24,0.000001307469
0x36fd,24,0.000001307469
0x36fe,24,0.000001307469
0x3701,24,0.000001307469
0x3703,24,0.000001307469
0x3706,24,0.000001307469
0x370a,1456,0.000079319759
0x370b,1456,0.000079319759
0x370c,1456,0.000079319759
0x370d,1456,0.000079319759
0x370e,1456,0.000079319759
0x370f,1456,0.000079319759
0x3710,124,0.000006755254
0x3711,124,0.000006755254
0x3712,124,0.000006755254
0x3713,124,0.000006755254
0x3715,124,0.000006755254
0x3716,44,0.000002397026
0x3717,44,0.000002397026
0x3718,44,0.000002397026
0x3719,44,0.000002397026
0x371a,44,0.000002397026
0x371b,44,0.000002397026
0x371c,44,0.000002397026
0x371d,44,0.000002397026
0x371e,44,0.000002397026
0x3721,44,0.000002397026
0x3723,44,0.000002397026
0x3726,44,0.000002397026
0x3729,44,0.000002397026
0x372a,44,0.000002397026
0x372c,44,0.000002397026
0x372d,22,0.000001198513
0x372e,22,0.000001198513
0x3730,22,0.000001198513
0x3731,22,0.000001198513
0x3732,22,0.000001198513
0x3733,22,0.000001198513
0x3734,22,0.000001198513
0x3735,22,0.000001198513
0x3736,22,0.000001198513
0x3739,22,0.000001198513
0x373b,22,0.000001198513
0x373e,22,0.000001198513
0x3744,34,0.000001852247
0x3746,34,0.000001852247
0x3747,34,0.000001852247
0x3748,34,0.000001852247
0x3749,34,0.000001852247
0x374a,34,0.000001852247
0x374c,34,0.000001852247
0x374d,34,0.000001852247
0x374e,34,0.000001852247
0x3750,34,0.000001852247
0x3751,34,0.000001852247
0x3752,4,0.000000217911
0x3753,4,0.000000217911
0x3754,4,0.000000217911
0x3758,5454,0.000297122229
0x3759,5454,0.000297122229
0x375a,5454,0.000297122229
0x375b,32,0.000001743291
0x375c,32,0.000001743291
0x375f,30,0.000001634336
0x3760,30,0.000001634336
0x3761,30,0.000001634336
0x3764,16,0.000000871646
0x3766,16,0.000000871646
0x3767,16,0.000000871646
0x3769,16,0.000000871646
0x376a,16,0.000000871646
0x376b,16,0.000000871646
0x376c,16,0.000000871646
0x376d,16,0.000000871646
0x376e,16,0.000000871646
0x376f,16,0.000000871646
0x3770,16,0.000000871646
0x3771,16,0.000000871646
0x3772,16,0.000000871646
0x3773,16,0.000000871646
0x3774,16,0.000000871646
0x3777,16,0.000000871646
0x377a,16,0.000000871646
0x377b,16,0.000000871646
0x377c,16,0.000000871646
0x377d,16,0.000000871646
0x377e,16,0.000000871646
0x3780,16,0.000000871646
0x3781,16,0.000000871646
0x3782,16,0.000000871646
0x3783,16,0.000000871646
0x3786,16,0.000000871646
0x3787,16,0.000000871646
0x3788,16,0.000000871646
0x3789,16,0.000000871646
0x378c,16,0.000000871646
0x378e,16,0.000000871646
0x378f,16,0.000000871646
0x3791,16,0.000000871646
0x3792,16,0.000000871646
0x3796,16,0.000000871646
0x3798,16,0.000000871646
0x3799,16,0.000000871646
0x379b,16,0.000000871646
0x379e,6,0.000000326867
0x379f,16,0.000000871646
0x37a0,16,0.000000871646
0x37a1,16,0.000000871646
0x37a4,16,0.000000871646
0x37a5,16,0.000000871646
0x37a6,16,0.000000871646
0x37a7,16,0.000000871646
0x37aa,16,0.000000871646
0x37b0,14,0.000000762690
0x37b1,14,0.000000762690
0x37b2,14,0.000000762690
0x37b3,14,0.000000762690
0x37b4,14,0.000000762690
0x37b5,14,0.000000762690
0x37b6,14,0.000000762690
0x37b7,14,0.000000762690
0x37b8,14,0.000000762690
0x37b9,14,0.000000762690
0x37ba,14,0.000000762690
0x37bb,14,0.000000762690
0x37be,14,0.000000762690
0x37c0,14,0.000000762690
0x37c1,14,0.000000762690
0x37c4,14,0.000000762690
0x37c6,14,0.000000762690
0x37cc,2,0.000000108956
0x37cd,2,0.000000108956
0x37ce,2,0.000000108956
0x37cf,2,0.000000108956
0x37d0,2,0.000000108956
0x37d2,2,0.000000108956
0x37d4,2,0.000000108956
0x37d5,2,0.000000108956
0x37d7,2,0.000000108956
0x37da,2,0.000000108956
0x37dd,52,0.000002832849
0x37de,52,0.000002832849
0x37df,52,0.000002832849
0x37e0,52,0.000002832849
0x37e1,52,0.000002832849
0x37e2,52,0.000002832849
0x37e5,2,0.000000108956
0x3800,2528,0.000137720021
0x3803,2528,0.000137720021
0x3805,2528,0.000137720021
0x3806,1206,0.000065700295
0x3809,1206,0.000065700295
0x380b,1206,0.000065700295
0x380c,1206,0.000065700295
0x380f,1206,0.000065700295
0x3810,1206,0.000065700295
0x3813,1206,0.000065700295
0x3815,1206,0.000065700295
0x3816,1206,0.000065700295
0x3819,1206,0.000065700295
0x381a,1206,0.000065700295
0x381b,1206,0.000065700295
0x381d,1206,0.000065700295
0x381e,1206,0.000065700295
0x381f,1206,0.000065700295
0x3820,1206,0.000065700295
0x3822,1206,0.000065700295
0x3823,18,0.000000980601
0x3824,18,0.000000980601
0x3827,18,0.000000980601
0x3829,18,0.000000980601
0x382b,18,0.000000980601
0x382c,18,0.000000980601
0x382e,18,0.000000980601
0x382f,18,0.000000980601
0x3830,18,0.000000980601
0x3832,18,0.000000980601
0x3833,18,0.000000980601
0x3834,18,0.000000980601
0x3835,18,0.000000980601
0x3837,18,0.000000980601
0x3838,18,0.000000980601
0x3839,18,0.000000980601
0x383b,18,0.000000980601
0x383c,18,0.000000980601
0x383e,18,0.000000980601
0x3841,12,0.000000653734
0x3844,18,0.000000980601
0x3846,18,0.000000980601
0x3847,18,0.000000980601
0x3849,18,0.000000980601
0x384a,18,0.000000980601
0x384b,18,0.000000980601
0x384c,6,0.000000326867
0x384f,6,0.000000326867
0x3850,6,0.000000326867
0x3851,6,0.000000326867
0x3853,6,0.000000326867
0x3854,6,0.000000326867
0x3855,6,0.000000326867
0x3856,6,0.000000326867
0x3857,6,0.000000326867
0x3858,6,0.000000326867
0x3859,6,0.000000326867
0x385c,6,0.000000326867
0x385d,6,0.000000326867
0x385f,6,0.000000326867
0x3862,2,0.000000108956
0x3863,2,0.000000108956
0x3865,2,0.000000108956
0x3868,2,0.000000108956
0x386b,2,0.000000108956
0x386e,2,0.000000108956
0x386f,2,0.000000108956
0x3871,2,0.000000108956
0x3894,4,0.000000217911
0x3897,4,0.000000217911
0x3899,4,0.000000217911
0x389c,4,0.000000217911
0x38a1,6,0.000000326867
0x38a2,6,0.000000326867
0x38a4,6,0.000000326867
0x38a5,6,0.000000326867
0x38a6,6,0.000000326867
0x38a7,6,0.000000326867
0x38a8,6,0.000000326867
0x38a9,6,0.000000326867
0x38ac,6,0.000000326867
0x38ae,6,0.000000326867
0x38af,6,0.000000326867
0x38b1,6,0.000000326867
0x38b4,6,0.000000326867
0x38b5,6,0.000000326867
0x38bc,10,0.000000544779
0x38be,10,0.000000544779
0x38bf,10,0.000000544779
0x38c1,10,0.000000544779
0x38c2,10,0.000000544779
0x38c3,10,0.000000544779
0x38f8,4,0.000000217911
0x38fb,6,0.000000326867
0x38fc,6,0.000000326867
0x38fd,6,0.000000326867
0x3906,6,0.000000326867
0x3907,6,0.000000326867
0x3908,6,0.000000326867
0x3909,6,0.000000326867
0x390a,6,0.000000326867
0x390d,6,0.000000326867
0x390e,6,0.000000326867
0x390f,6,0.000000326867
0x3912,6,0.000000326867
0x3913,6,0.000000326867
0x3916,6,0.000000326867
0x3918,6,0.000000326867
0x391b,6,0.000000326867
0x391c,12,0.000000653734
0x391d,12,0.000000653734
0x391f,12,0.000000653734
0x3922,2,0.000000108956
0x3923,1351,0.000073599584
0x3930,632,0.000034430005
0x3933,632,0.000034430005
0x3935,632,0.000034430005
0x3937,632,0.000034430005
0x3938,632,0.000034430005
0x393a,632,0.000034430005
0x393b,632,0.000034430005
0x393c,632,0.000034430005
0x393d,632,0.000034430005
0x393f,632,0.000034430005
0x3942,316,0.000017215003
0x3945,316,0.000017215003
0x3946,316,0.000017215003
0x3947,316,0.000017215003
0x394a,316,0.000017215003
0x394b,316,0.000017215003
0x394c,1944,0.000105904953
0x394d,1944,0.000105904953
0x3950,1894,0.000103181060
0x3951,1894,0.000103181060
0x3952,1894,0.000103181060
0x3954,1894,0.000103181060
0x3955,1894,0.000103181060
0x3956,1894,0.000103181060
0x3959,266,0.000014491110
0x395c,1944,0.000105904953
0x395d,1944,0.000105904953
0x395f,1944,0.000105904953
0x3960,590,0.000032141935
0x3961,590,0.000032141935
0x3963,590,0.000032141935
0x3964,590,0.000032141935
0x3965,590,0.000032141935
0x3966,590,0.000032141935
0x3967,504,0.000027456840
0x3968,504,0.000027456840
0x3969,50,0.000002723893
0x396b,50,0.000002723893
0x396c,50,0.000002723893
0x396d,50,0.000002723893
0x396e,50,0.000002723893
0x396f,50,0.000002723893
0x3972,50,0.000002723893
0x3973,50,0.000002723893
0x3975,50,0.000002723893
0x3976,50,0.000002723893
0x3977,50,0.000002723893
0x3978,50,0.000002723893
0x397a,50,0.000002723893
0x397b,50,0.000002723893
0x3980,1264,0.000068860011
0x3983,1264,0.000068860011
0x3985,1264,0.000068860011
0x3986,4,0.000000217911
0x3988,4,0.000000217911
0x3a00,632,0.000034430005
0x3a03,632,0.000034430005
0x3a05,632,0.000034430005
0x3a06,632,0.000034430005
0x3a07,632,0.000034430005
0x3a08,632,0.000034430005
0x3a0b,632,0.000034430005
0x3a0c,632,0.000034430005
0x3a0d,632,0.000034430005
0x3a0e,316,0.000017215003
0x3a0f,316,0.000017215003
0x3a10,1735,0.000094519081
0x3a13,1735,0.000094519081
0x3a14,1735,0.000094519081
0x3a15,1735,0.000094519081
0x3a18,384,0.000020919497
0x3a1a,384,0.000020919497
0x3a1c,384,0.000020919497
0x3a1d,1351,0.000073599584
0x3a20,1351,0.000073599584
0x3a21,1351,0.000073599584
0x3a22,1351,0.000073599584
0x3a40,1351,0.000073599584
0x3a42,1351,0.000073599584
0x3a43,1351,0.000073599584
0x3a44,1351,0.000073599584
0x3a47,186,0.000010132881
0x3a49,186,0.000010132881
0x3a4c,12,0.000000653734
0x3a4e,186,0.000010132881
0x3a4f,186,0.000010132881
0x3a50,186,0.000010132881
0x3a51,186,0.000010132881
0x3a52,186,0.000010132881
0x3a53,186,0.000010132881
0x3a54,186,0.000010132881
0x3a56,186,0.000010132881
0x3a58,186,0.000010132881
0x3a5a,186,0.000010132881
0x3a5b,186,0.000010132881
0x3a5d,186,0.000010132881
0x3a5f,186,0.000010132881
0x3a62,1165,0.000063466703
0x3a64,1165,0.000063466703
0x3a65,1165,0.000063466703
0x3a66,1165,0.000063466703
0x3a82,1351,0.000073599584
0x3a85,1351,0.000073599584
0x3a86,1351,0.000073599584
0x3a88,1351,0.000073599584
0x3a90,1351,0.000073599584
0x3a93,1351,0.000073599584
0x3a94,1351,0.000073599584
0x3a95,1351,0.000073599584
0x3a98,674,0.000036718075
0x3a9b,674,0.000036718075
0x3a9e,674,0.000036718075
0x3aa1,10784,0.000587489204
0x3aa2,10784,0.000587489204
0x3aa3,10784,0.000587489204
0x3aa4,10784,0.000587489204
0x3aa7,6270,0.000341576160
0x3aa8,6270,0.000341576160
0x3aaa,6270,0.000341576160
0x3aad,554,0.000030180732
0x3aae,10784,0.000587489204
0x3aaf,10784,0.000587489204
0x3ab0,10784,0.000587489204
0x3ab1,10784,0.000587489204
0x3ab2,10784,0.000587489204
0x3ab5,674,0.000036718075
0x3ab6,674,0.000036718075
0x3ab7,674,0.000036718075
0x3ab8,425,0.000023153089
0x3aba,425,0.000023153089
0x3abd,6,0.000000326867
0x3abf,425,0.000023153089
0x3ac1,425,0.000023153089
0x3ac2,425,0.000023153089
0x3ac5,425,0.000023153089
0x3ac6,425,0.000023153089
0x3ac8,425,0.000023153089
0x3ac9,425,0.000023153089
0x3aca,425,0.000023153089
0x3b1b,1351,0.000073599584
0x3b1e,1351,0.000073599584
0x3b1f,1351,0.000073599584
0x3b20,1351,0.000073599584
0x3b33,1351,0.000073599584
0x3b36,1351,0.000073599584
0x3b37,1351,0.000073599584
0x3b38,1351,0.000073599584
0x3b43,1351,0.000073599584
0x3b46,1351,0.000073599584
0x3b47,1351,0.000073599584
0x3b49,1351,0.000073599584
0x3b4c,1351,0.000073599584
0x3b4f,1351,0.000073599584
0x3b52,1351,0.000073599584
0x3b55,1351,0.000073599584
0x3b58,1351,0.000073599584
0x3b5b,1351,0.000073599584
