pc,count,frequency
0x0000,1,0.000000021426
0x0001,1,0.000000021426
0x0002,1,0.000000021426
0x0003,1,0.000000021426
0x0004,1,0.000000021426
0x0005,1,0.000000021426
0x0006,1,0.000000021426
0x0007,1,0.000000021426
0x0008,1,0.000000021426
0x000b,1,0.000000021426
0x000d,1,0.000000021426
0x000f,1,0.000000021426
0x0012,1,0.000000021426
0x0015,1,0.000000021426
0x0017,1,0.000000021426
0x001a,26351,0.000564584312
0x001d,26350,0.000564562887
0x0020,26350,0.000564562887
0x0021,26350,0.000564562887
0x0024,9068,0.000194286765
0x0027,9068,0.000194286765
0x002a,9068,0.000194286765
0x002d,17282,0.000370276122
0x002f,17282,0.000370276122
0x0031,17282,0.000370276122
0x0032,17282,0.000370276122
0x0034,17282,0.000370276122
0x0035,17282,0.000370276122
0x0038,17282,0.000370276122
0x0039,17282,0.000370276122
0x003c,17282,0.000370276122
0x003d,17282,0.000370276122
0x0040,7,0.000000149979
0x0043,7,0.000000149979
0x0046,17275,0.000370126143
0x0049,17275,0.000370126143
0x0050,1,0.000000021426
0x0052,1,0.000000021426
0x0054,1,0.000000021426
0x0056,1,0.000000021426
0x0058,1,0.000000021426
0x005a,1,0.000000021426
0x005c,1,0.000000021426
0x005f,1,0.000000021426
0x0061,1,0.000000021426
0x0063,1,0.000000021426
0x0066,1,0.000000021426
0x0068,1,0.000000021426
0x006a,1,0.000000021426
0x006b,2,0.000000042851
0x006e,2,0.000000042851
0x0070,6130,0.000131338539
0x0072,6130,0.000131338539
0x0073,6130,0.000131338539
0x0074,6130,0.000131338539
0x0077,2,0.000000042851
0x0078,1152,0.000024682218
0x007b,1152,0.000024682218
0x0080,2761820,0.059173475220
0x0082,2761819,0.059173453795
0x0083,2761819,0.059173453795
0x0085,2761819,0.059173453795
0x0088,52743,0.001130047072
0x0089,52743,0.001130047072
0x008b,52743,0.001130047072
0x008e,26386,0.000565334206
0x0090,26386,0.000565334206
0x0091,26386,0.000565334206
0x0094,26386,0.000565334206
0x0095,26386,0.000565334206
0x0096,26386,0.000565334206
0x0097,26386,0.000565334206
0x0098,26386,0.000565334206
0x009a,26386,0.000565334206
0x009d,26386,0.000565334206
0x009f,26386,0.000565334206
0x00a0,26386,0.000565334206
0x00a2,26386,0.000565334206
0x00a3,26386,0.000565334206
0x00a6,26386,0.000565334206
0x00a8,26386,0.000565334206
0x00ab,26386,0.000565334206
0x00ac,1,0.000000021426
0x00ae,1,0.000000021426
0x00af,1,0.000000021426
0x00b0,1,0.000000021426
0x00b2,1,0.000000021426
0x00b5,1,0.000000021426
0x00bb,52779,0.001130818391
0x00be,52779,0.001130818391
0x00bf,52779,0.001130818391
0x00c0,52779,0.001130818391
0x00c1,52779,0.001130818391
0x00c2,52779,0.001130818391
0x00c3,52779,0.001130818391
0x00c4,2533,0.000054270884
0x00c5,2533,0.000054270884
0x00c7,2533,0.000054270884
0x00c9,2533,0.000054270884
0x00ca,2533,0.000054270884
0x00cd,2533,0.000054270884
0x00ce,2533,0.000054270884
0x00cf,2533,0.000054270884
0x00d0,2533,0.000054270884
0x00d1,2533,0.000054270884
0x00d2,2533,0.000054270884
0x00d3,2533,0.000054270884
0x00d4,2533,0.000054270884
0x00d6,2533,0.000054270884
0x00d8,2533,0.000054270884
0x00d9,2533,0.000054270884
0x00dc,2533,0.000054270884
0x00dd,2533,0.000054270884
0x00de,2533,0.000054270884
0x00e1,919,0.000019690068
0x00e3,17275,0.000370126143
0x00e6,17275,0.000370126143
0x00e9,17275,0.000370126143
0x00ec,17275,0.000370126143
0x00ef,17275,0.000370126143
0x00f2,17270,0.000370019015
0x00f5,17270,0.000370019015
0x00f8,17270,0.000370019015
0x00fb,17270,0.000370019015
0x00fe,16110,0.000345165393
0x0101,16110,0.000345165393
0x0104,16110,0.000345165393
0x0107,16106,0.000345079691
0x0109,16106,0.000345079691
0x010c,16106,0.000345079691
0x010f,16102,0.000344993989
0x0111,16102,0.000344993989
0x0114,16102,0.000344993989
0x0117,16098,0.000344908287
0x0119,16098,0.000344908287
0x011c,16098,0.000344908287
0x011f,16098,0.000344908287
0x0122,14946,0.000320226069
0x0125,14946,0.000320226069
0x0128,14946,0.000320226069
0x012b,14946,0.000320226069
0x012e,14242,0.000305142491
0x0131,14242,0.000305142491
0x0134,14242,0.000305142491
0x0137,14242,0.000305142491
0x013a,972,0.000020825621
0x0140,18,0.000000385660
0x0143,18,0.000000385660
0x0146,18,0.000000385660
0x0149,18,0.000000385660
0x014c,18,0.000000385660
0x014e,18,0.000000385660
0x014f,18,0.000000385660
0x0151,18,0.000000385660
0x0152,18,0.000000385660
0x0153,18,0.000000385660
0x0154,18,0.000000385660
0x0156,18,0.000000385660
0x0158,18,0.000000385660
0x015b,18,0.000000385660
0x015d,18,0.000000385660
0x015f,18,0.000000385660
0x0161,18,0.000000385660
0x0164,18,0.000000385660
0x0166,18,0.000000385660
0x0167,18,0.000000385660
0x0168,18,0.000000385660
0x016a,18,0.000000385660
0x016b,18,0.000000385660
0x016d,18,0.000000385660
0x016f,18,0.000000385660
0x0172,18,0.000000385660
0x0173,13264,0.000284188316
0x0174,13264,0.000284188316
0x0176,13264,0.000284188316
0x0178,13264,0.000284188316
0x017a,13264,0.000284188316
0x017b,10023,0.000214748152
0x017d,10023,0.000214748152
0x017e,9920,0.000212541322
0x0180,9920,0.000212541322
0x0182,9920,0.000212541322
0x0183,3467,0.000074282335
0x0185,3467,0.000074282335
0x0186,3365,0.000072096930
0x0188,3365,0.000072096930
0x018a,3365,0.000072096930
0x018b,106,0.000002271107
0x018d,106,0.000002271107
0x018e,106,0.000002271107
0x018f,106,0.000002271107
0x0191,106,0.000002271107
0x0192,6,0.000000128553
0x0194,6,0.000000128553
0x0196,2312,0.000049535840
0x0197,2312,0.000049535840
0x0199,2312,0.000049535840
0x019b,2312,0.000049535840
0x019c,1884,0.000040365711
0x019d,1884,0.000040365711
0x019e,1884,0.000040365711
0x01a0,1884,0.000040365711
0x01a1,1884,0.000040365711
0x01a2,1884,0.000040365711
0x01a3,1884,0.000040365711
0x01a5,1884,0.000040365711
0x01a6,1884,0.000040365711
0x01a7,1884,0.000040365711
0x01a8,1884,0.000040365711
0x01ab,1884,0.000040365711
0x01ae,1884,0.000040365711
0x01af,1884,0.000040365711
0x01b0,1884,0.000040365711
0x01b1,1884,0.000040365711
0x01b2,1884,0.000040365711
0x01b3,1884,0.000040365711
0x01b4,1884,0.000040365711
0x01b5,1884,0.000040365711
0x01b6,1884,0.000040365711
0x01b7,1884,0.000040365711
0x01b8,1884,0.000040365711
0x01b9,1884,0.000040365711
0x01ba,1884,0.000040365711
0x01bb,1884,0.000040365711
0x01bd,1884,0.000040365711
0x01be,1884,0.000040365711
0x01c1,23466,0.000502771640
0x01c4,23466,0.000502771640
0x01c5,23466,0.000502771640
0x01c8,1884,0.000040365711
0x01c9,1884,0.000040365711
0x01ca,1884,0.000040365711
0x01d0,4884,0.000104642320
0x01d1,4884,0.000104642320
0x01d2,4884,0.000104642320
0x01d3,4884,0.000104642320
0x01d4,4884,0.000104642320
0x01d6,4884,0.000104642320
0x01d7,4884,0.000104642320
0x01d9,4884,0.000104642320
0x01dc,4884,0.000104642320
0x01dd,4884,0.000104642320
0x01e0,2811,0.000060227183
0x01e1,9,0.000000192830
0x01e4,1032,0.000022111154
0x01e7,1032,0.000022111154
0x01e9,1032,0.000022111154
0x01ed,126984,0.002720700327
0x01ee,126984,0.002720700327
0x01ef,126984,0.002720700327
0x01f0,126984,0.002720700327
0x01f3,126984,0.002720700327
0x01f4,126984,0.002720700327
0x01f7,4884,0.000104642320
0x0200,43661,0.000935460349
0x0201,43661,0.000935460349
0x0202,153,0.000003278107
0x0203,153,0.000003278107
0x0204,153,0.000003278107
0x0205,153,0.000003278107
0x0206,1884,0.000040365711
0x0207,1884,0.000040365711
0x0208,1884,0.000040365711
0x0209,1884,0.000040365711
0x020a,1884,0.000040365711
0x020b,1884,0.000040365711
0x020c,1884,0.000040365711
0x020d,1884,0.000040365711
0x020e,1884,0.000040365711
0x0210,12149,0.000260298843
0x0211,12149,0.000260298843
0x0213,12149,0.000260298843
0x0214,12149,0.000260298843
0x0215,2555,0.000054742246
0x0216,2555,0.000054742246
0x0217,284534,0.006096293603
0x0218,284534,0.006096293603
0x021a,284534,0.006096293603
0x021b,284534,0.006096293603
0x021c,41786,0.000895287468
0x021d,41786,0.000895287468
0x0220,56,0.000001199830
0x0221,56,0.000001199830
0x0222,56,0.000001199830
0x0223,56,0.000001199830
0x0224,56,0.000001199830
0x0225,56,0.000001199830
0x0226,56,0.000001199830
0x0227,56,0.000001199830
0x0228,56,0.000001199830
0x0229,56,0.000001199830
0x022a,56,0.000001199830
0x022b,56,0.000001199830
0x022c,56,0.000001199830
0x022e,56,0.000001199830
0x022f,56,0.000001199830
0x0230,56,0.000001199830
0x0231,56,0.000001199830
0x0232,56,0.000001199830
0x0258,83353,0.001785882744
0x0259,83353,0.001785882744
0x025a,83353,0.001785882744
0x025b,334,0.000007156129
0x025c,334,0.000007156129
0x025d,334,0.000007156129
0x025e,334,0.000007156129
0x025f,334,0.000007156129
0x0260,62556,0.001340295861
0x0263,62556,0.001340295861
0x0264,60200,0.001289817297
0x0267,60200,0.001289817297
0x0270,86143,0.001845659991
0x0271,86143,0.001845659991
0x0272,86143,0.001845659991
0x0273,86143,0.001845659991
0x0274,86143,0.001845659991
0x0275,86143,0.001845659991
0x0276,86143,0.001845659991
0x0277,60200,0.001289817297
0x0278,60200,0.001289817297
0x0279,60200,0.001289817297
0x027a,60200,0.001289817297
0x027b,60200,0.001289817297
0x027c,60200,0.001289817297
0x027d,60200,0.001289817297
0x0288,7,0.000000149979
0x028b,7,0.000000149979
0x028e,7,0.000000149979
0x0290,7,0.000000149979
0x0293,7,0.000000149979
0x0295,7,0.000000149979
0x0298,7,0.000000149979
0x029a,7,0.000000149979
0x02a7,7,0.000000149979
0x02aa,7,0.000000149979
0x02ab,7,0.000000149979
0x02ac,7,0.000000149979
0x02ad,1,0.000000021426
0x02b0,1,0.000000021426
0x02b3,1,0.000000021426
0x02b6,1,0.000000021426
0x02b9,1,0.000000021426
0x02bc,1,0.000000021426
0x02be,1,0.000000021426
0x02c0,1,0.000000021426
0x02c3,1,0.000000021426
0x02c5,1,0.000000021426
0x02c7,1,0.000000021426
0x02cb,1,0.000000021426
0x02cd,1,0.000000021426
0x02cf,1,0.000000021426
0x02d4,1,0.000000021426
0x02d7,1,0.000000021426
0x02d8,1,0.000000021426
0x02db,1,0.000000021426
0x02dd,1,0.000000021426
0x02e3,1,0.000000021426
0x02e5,1,0.000000021426
0x02e6,1,0.000000021426
0x02e7,1,0.000000021426
0x02e8,1,0.000000021426
0x02ea,1,0.000000021426
0x02ed,1,0.000000021426
0x02f0,1,0.000000021426
0x02f3,1,0.000000021426
0x02f6,1,0.000000021426
0x02f9,1,0.000000021426
0x02fc,1,0.000000021426
0x02fe,1,0.000000021426
0x0300,1,0.000000021426
0x0303,1,0.000000021426
0x0306,1,0.000000021426
0x0308,1,0.000000021426
0x030b,1,0.000000021426
0x030d,1,0.000000021426
0x0310,1,0.000000021426
0x0314,58,0.000001242681
0x0315,58,0.000001242681
0x0316,58,0.000001242681
0x0317,58,0.000001242681
0x0318,58,0.000001242681
0x0319,58,0.000001242681
0x031a,58,0.000001242681
0x031b,58,0.000001242681
0x031c,58,0.000001242681
0x031d,58,0.000001242681
0x031e,58,0.000001242681
0x0320,2,0.000000042851
0x0321,2,0.000000042851
0x0322,2,0.000000042851
0x0323,2,0.000000042851
0x0324,2,0.000000042851
0x0325,2,0.000000042851
0x0326,2,0.000000042851
0x0327,2,0.000000042851
0x0328,2,0.000000042851
0x0329,2,0.000000042851
0x032a,2,0.000000042851
0x032e,1,0.000000021426
0x0331,8,0.000000171404
0x0333,8,0.000000171404
0x0334,8,0.000000171404
0x0335,8,0.000000171404
0x0337,8,0.000000171404
0x033a,1,0.000000021426
0x033c,1,0.000000021426
0x033f,1,0.000000021426
0x0341,1,0.000000021426
0x0344,1,0.000000021426
0x0346,1,0.000000021426
0x0349,1,0.000000021426
0x034b,1,0.000000021426
0x034e,1,0.000000021426
0x0350,1,0.000000021426
0x0353,1,0.000000021426
0x0355,1,0.000000021426
0x0357,1,0.000000021426
0x0358,1,0.000000021426
0x035b,1,0.000000021426
0x035c,1,0.000000021426
0x035e,1,0.000000021426
0x035f,1,0.000000021426
0x0361,1,0.000000021426
0x0367,6,0.000000128553
0x0369,6,0.000000128553
0x036a,6,0.000000128553
0x036c,6,0.000000128553
0x036f,6,0.000000128553
0x0370,6,0.000000128553
0x0371,6,0.000000128553
0x0373,6,0.000000128553
0x0376,6,0.000000128553
0x0377,17282,0.000370276122
0x037a,17282,0.000370276122
0x037b,17282,0.000370276122
0x037c,17282,0.000370276122
0x037d,17282,0.000370276122
0x0380,43,0.000000921298
0x0383,43,0.000000921298
0x0386,43,0.000000921298
0x0389,15652,0.000335352497
0x038a,15652,0.000335352497
0x038b,15652,0.000335352497
0x038c,15652,0.000335352497
0x038d,15652,0.000335352497
0x038e,15652,0.000335352497
0x038f,15652,0.000335352497
0x0390,15652,0.000335352497
0x0393,1118,0.000023953750
0x0394,1118,0.000023953750
0x0395,1118,0.000023953750
0x0396,1118,0.000023953750
0x0397,1118,0.000023953750
0x0398,1118,0.000023953750
0x0399,1118,0.000023953750
0x039a,1118,0.000023953750
0x039d,43,0.000000921298
0x03a0,159,0.000003406660
0x03a3,159,0.000003406660
0x03a6,66144,0.001417170686
0x03a7,66144,0.001417170686
0x03a8,66144,0.001417170686
0x03a9,66144,0.001417170686
0x03aa,66144,0.001417170686
0x03ab,66144,0.001417170686
0x03ac,66144,0.001417170686
0x03af,159,0.000003406660
0x03b0,13270,0.000284316869
0x03b3,13270,0.000284316869
0x03b6,13270,0.000284316869
0x03b9,10320,0.000221111537
0x03bc,10320,0.000221111537
0x03bf,10317,0.000221047260
0x03c2,10317,0.000221047260
0x03c5,10317,0.000221047260
0x03c8,7440,0.000159405992
0x03cb,7440,0.000159405992
0x03ce,13264,0.000284188316
0x03d1,13264,0.000284188316
0x03d4,13264,0.000284188316
0x03d5,13264,0.000284188316
0x03d7,13264,0.000284188316
0x03d8,13264,0.000284188316
0x03d9,13264,0.000284188316
0x03e2,3,0.000000064277
0x03e5,3,0.000000064277
0x03e8,3,0.000000064277
0x03eb,3,0.000000064277
0x03ee,3,0.000000064277
0x03f1,6,0.000000128553
0x03f4,6,0.000000128553
0x03f5,6,0.000000128553
0x03f7,6,0.000000128553
0x03f8,6,0.000000128553
0x03fa,6,0.000000128553
0x03fb,6,0.000000128553
0x03fc,6,0.000000128553
0x03fd,6,0.000000128553
0x0400,22332,0.000478475081
0x0403,22332,0.000478475081
0x0406,22332,0.000478475081
0x0407,22332,0.000478475081
0x0408,22332,0.000478475081
0x0409,22332,0.000478475081
0x040a,22332,0.000478475081
0x040b,22332,0.000478475081
0x040c,22332,0.000478475081
0x040d,22332,0.000478475081
0x041e,47,0.000001007000
0x0421,47,0.000001007000
0x0423,47,0.000001007000
0x0424,47,0.000001007000
0x0427,47,0.000001007000
0x0429,47,0.000001007000
0x042a,47,0.000001007000
0x042d,47,0.000001007000
0x0430,8,0.000000171404
0x0433,8,0.000000171404
0x0435,8,0.000000171404
0x0436,8,0.000000171404
0x0438,8,0.000000171404
0x043a,8,0.000000171404
0x043b,8,0.000000171404
0x043d,8,0.000000171404
0x043f,8,0.000000171404
0x0440,3,0.000000064277
0x0441,3,0.000000064277
0x0442,3,0.000000064277
0x0443,3,0.000000064277
0x0445,3,0.000000064277
0x04ac,1505,0.000032245432
0x04af,1505,0.000032245432
0x04b0,1505,0.000032245432
0x04b1,1505,0.000032245432
0x04b2,1505,0.000032245432
0x04b4,1505,0.000032245432
0x04b5,1505,0.000032245432
0x04b6,1492,0.000031966900
0x04b8,1492,0.000031966900
0x04ba,1492,0.000031966900
0x04bd,1484,0.000031795496
0x04bf,1484,0.000031795496
0x04c1,1484,0.000031795496
0x04c2,1484,0.000031795496
0x04c4,1484,0.000031795496
0x04c6,1484,0.000031795496
0x04c9,748,0.000016026301
0x04cc,748,0.000016026301
0x04cd,748,0.000016026301
0x04d0,748,0.000016026301
0x04d1,748,0.000016026301
0x04d2,748,0.000016026301
0x04d4,748,0.000016026301
0x04d7,748,0.000016026301
0x04df,748,0.000016026301
0x04e1,748,0.000016026301
0x04e4,748,0.000016026301
0x04e6,736,0.000015769195
0x04e9,736,0.000015769195
0x04ea,736,0.000015769195
0x04eb,736,0.000015769195
0x04ee,736,0.000015769195
0x04f4,736,0.000015769195
0x04f6,736,0.000015769195
0x04f9,736,0.000015769195
0x04fb,4416,0.000094615169
0x04fd,4416,0.000094615169
0x04fe,4416,0.000094615169
0x0501,4416,0.000094615169
0x0502,4416,0.000094615169
0x0505,736,0.000015769195
0x0506,39,0.000000835596
0x0509,39,0.000000835596
0x050b,39,0.000000835596
0x050e,39,0.000000835596
0x0511,39,0.000000835596
0x0514,39,0.000000835596
0x0515,39,0.000000835596
0x0518,39,0.000000835596
0x051b,39,0.000000835596
0x051d,39,0.000000835596
0x0520,39,0.000000835596
0x0523,39,0.000000835596
0x0526,39,0.000000835596
0x0529,39,0.000000835596
0x052c,39,0.000000835596
0x052f,39,0.000000835596
0x0532,39,0.000000835596
0x0535,39,0.000000835596
0x0537,39,0.000000835596
0x053a,39,0.000000835596
0x053d,39,0.000000835596
0x0540,39,0.000000835596
0x0543,39,0.000000835596
0x0547,39,0.000000835596
0x054a,39,0.000000835596
0x054d,39,0.000000835596
0x054f,39,0.000000835596
0x0552,39,0.000000835596
0x0555,39,0.000000835596
0x0557,39,0.000000835596
0x055a,39,0.000000835596
0x0580,43,0.000000921298
0x0583,43,0.000000921298
0x0586,43,0.000000921298
0x0588,43,0.000000921298
0x0589,43,0.000000921298
0x058a,43,0.000000921298
0x058b,43,0.000000921298
0x058d,43,0.000000921298
0x0590,43,0.000000921298
0x0592,43,0.000000921298
0x0595,43,0.000000921298
0x05d8,224,0.000004799320
0x05d9,10598,0.000227067836
0x05da,10598,0.000227067836
0x05db,10598,0.000227067836
0x05dc,10598,0.000227067836
0x05df,224,0.000004799320
0x05e0,6418,0.000137509093
0x05e1,6418,0.000137509093
0x05e2,6418,0.000137509093
0x05e3,6418,0.000137509093
0x05e4,6418,0.000137509093
0x05e5,6418,0.000137509093
0x05e8,1518,0.000032523964
0x05ec,39,0.000000835596
0x05ef,39,0.000000835596
0x05f2,39,0.000000835596
0x05f4,39,0.000000835596
0x05f5,39,0.000000835596
0x05f6,39,0.000000835596
0x05f7,39,0.000000835596
0x05f8,39,0.000000835596
0x05f9,39,0.000000835596
0x05fa,228,0.000004885022
0x05fd,228,0.000004885022
0x0600,228,0.000004885022
0x0601,228,0.000004885022
0x0602,228,0.000004885022
0x0603,3457,0.000074068080
0x0604,3457,0.000074068080
0x0605,3457,0.000074068080
0x0606,3457,0.000074068080
0x0607,3457,0.000074068080
0x0608,3457,0.000074068080
0x0609,3457,0.000074068080
0x060a,3457,0.000074068080
0x060d,217,0.000004649341
0x0610,39,0.000000835596
0x0613,39,0.000000835596
0x0616,39,0.000000835596
0x0617,39,0.000000835596
0x0619,39,0.000000835596
0x061a,39,0.000000835596
0x061b,39,0.000000835596
0x061c,39,0.000000835596
0x061d,39,0.000000835596
0x061e,39,0.000000835596
0x061f,39,0.000000835596
0x0621,39,0.000000835596
0x0624,39,0.000000835596
0x0627,39,0.000000835596
0x0628,39,0.000000835596
0x0629,39,0.000000835596
0x062a,433,0.000009277257
0x062b,433,0.000009277257
0x062c,433,0.000009277257
0x062d,433,0.000009277257
0x062e,433,0.000009277257
0x062f,433,0.000009277257
0x0630,433,0.000009277257
0x0631,433,0.000009277257
0x0632,433,0.000009277257
0x0633,433,0.000009277257
0x0634,433,0.000009277257
0x0635,433,0.000009277257
0x0638,28,0.000000599915
0x0650,39,0.000000835596
0x0653,39,0.000000835596
0x0656,39,0.000000835596
0x0658,39,0.000000835596
0x0659,39,0.000000835596
0x065a,39,0.000000835596
0x065b,39,0.000000835596
0x065c,39,0.000000835596
0x065d,39,0.000000835596
0x065e,39,0.000000835596
0x0661,39,0.000000835596
0x0664,39,0.000000835596
0x0665,39,0.000000835596
0x0666,39,0.000000835596
0x0667,433,0.000009277257
0x0668,433,0.000009277257
0x0669,433,0.000009277257
0x066a,433,0.000009277257
0x066b,433,0.000009277257
0x066c,433,0.000009277257
0x066f,28,0.000000599915
0x067a,5351,0.000114648046
0x067d,5351,0.000114648046
0x067e,5351,0.000114648046
0x067f,5351,0.000114648046
0x0682,5351,0.000114648046
0x0684,5351,0.000114648046
0x0685,675,0.000014462237
0x0688,675,0.000014462237
0x068b,675,0.000014462237
0x068c,675,0.000014462237
0x068d,675,0.000014462237
0x068e,675,0.000014462237
0x068f,675,0.000014462237
0x0691,675,0.000014462237
0x0692,675,0.000014462237
0x0693,675,0.000014462237
0x0695,675,0.000014462237
0x0696,675,0.000014462237
0x0697,675,0.000014462237
0x0698,675,0.000014462237
0x0699,17574,0.000376532378
0x069a,17574,0.000376532378
0x069b,17574,0.000376532378
0x069c,17574,0.000376532378
0x069d,17574,0.000376532378
0x069e,17574,0.000376532378
0x069f,17574,0.000376532378
0x06a2,2700,0.000057848949
0x06a3,2700,0.000057848949
0x06a4,2700,0.000057848949
0x06a5,2700,0.000057848949
0x06a8,675,0.000014462237
0x06a9,675,0.000014462237
0x06ac,675,0.000014462237
0x06b0,4828,0.000103442490
0x06b3,4828,0.000103442490
0x06b6,4828,0.000103442490
0x06b7,4828,0.000103442490
0x06b8,4828,0.000103442490
0x06b9,31,0.000000664192
0x06ba,31,0.000000664192
0x06bb,31,0.000000664192
0x06bc,31,0.000000664192
0x06bd,31,0.000000664192
0x06be,31,0.000000664192
0x06bf,31,0.000000664192
0x06c0,31,0.000000664192
0x06c1,31,0.000000664192
0x06c2,31,0.000000664192
0x06c3,31,0.000000664192
0x06c4,31,0.000000664192
0x06c5,31,0.000000664192
0x06c8,31,0.000000664192
0x06ca,31,0.000000664192
0x06cb,31,0.000000664192
0x06cc,31,0.000000664192
0x06cd,31,0.000000664192
0x06cf,31,0.000000664192
0x06d0,31,0.000000664192
0x06d1,31,0.000000664192
0x06d2,31,0.000000664192
0x06d3,31,0.000000664192
0x06d4,31,0.000000664192
0x06d5,31,0.000000664192
0x06d7,31,0.000000664192
0x06d8,31,0.000000664192
0x06da,31,0.000000664192
0x06db,31,0.000000664192
0x06de,31,0.000000664192
0x06df,31,0.000000664192
0x06e1,31,0.000000664192
0x06e2,31,0.000000664192
0x06e3,31,0.000000664192
0x06e4,31,0.000000664192
0x06e7,31,0.000000664192
0x06e8,748,0.000016026301
0x06eb,748,0.000016026301
0x06ed,748,0.000016026301
0x06f0,4828,0.000103442490
0x06f3,4828,0.000103442490
0x06f6,4828,0.000103442490
0x0700,16339,0.000350071841
0x0703,16339,0.000350071841
0x0706,49017,0.001050215523
0x0709,49017,0.001050215523
0x070a,49017,0.001050215523
0x070c,49017,0.001050215523
0x070d,49017,0.001050215523
0x070f,49017,0.001050215523
0x0710,49017,0.001050215523
0x0711,49017,0.001050215523
0x0713,49017,0.001050215523
0x0716,16339,0.000350071841
0x0718,159257,0.003412166667
0x071b,159257,0.003412166667
0x0720,159257,0.003412166667
0x0721,159257,0.003412166667
0x0722,159257,0.003412166667
0x0724,159257,0.003412166667
0x0725,65339,0.001399923129
0x0726,65339,0.001399923129
0x0728,65339,0.001399923129
0x0729,65339,0.001399923129
0x072a,65339,0.001399923129
0x072b,65339,0.001399923129
0x072c,65339,0.001399923129
0x072e,65339,0.001399923129
0x0730,65339,0.001399923129
0x0731,65339,0.001399923129
0x0733,65339,0.001399923129
0x0734,65339,0.001399923129
0x0740,159257,0.003412166667
0x0741,159257,0.003412166667
0x0742,159257,0.003412166667
0x0744,159257,0.003412166667
0x0745,68521,0.001468099187
0x0746,68521,0.001468099187
0x0748,68521,0.001468099187
0x0749,68521,0.001468099187
0x074a,68521,0.001468099187
0x074b,68521,0.001468099187
0x074c,68521,0.001468099187
0x074d,68521,0.001468099187
0x074f,68521,0.001468099187
0x0750,68521,0.001468099187
0x0751,68521,0.001468099187
0x0752,68521,0.001468099187
0x0754,68521,0.001468099187
0x0755,68521,0.001468099187
0x0757,68521,0.001468099187
0x0758,68521,0.001468099187
0x0763,11853,0.000253956884
0x0764,11853,0.000253956884
0x0765,11853,0.000253956884
0x0766,11853,0.000253956884
0x0767,11853,0.000253956884
0x0768,11853,0.000253956884
0x0769,11853,0.000253956884
0x076a,11853,0.000253956884
0x076b,11853,0.000253956884
0x076d,14912,0.000319497600
0x076e,14912,0.000319497600
0x076f,14912,0.000319497600
0x0770,14912,0.000319497600
0x0771,14912,0.000319497600
0x0772,14912,0.000319497600
0x0773,14912,0.000319497600
0x0774,14912,0.000319497600
0x0775,14912,0.000319497600
0x0776,14912,0.000319497600
0x0779,29072,0.000622883197
0x077a,29072,0.000622883197
0x077b,29072,0.000622883197
0x077c,29072,0.000622883197
0x077d,29072,0.000622883197
0x077e,29072,0.000622883197
0x077f,29072,0.000622883197
0x0780,29072,0.000622883197
0x0783,29072,0.000622883197
0x0784,29072,0.000622883197
0x0785,29072,0.000622883197
0x0786,29072,0.000622883197
0x0788,29168,0.000624940049
0x0789,29168,0.000624940049
0x078a,29168,0.000624940049
0x078b,29168,0.000624940049
0x078c,29168,0.000624940049
0x078d,29168,0.000624940049
0x078e,29168,0.000624940049
0x078f,29168,0.000624940049
0x0790,29168,0.000624940049
0x0792,29168,0.000624940049
0x0793,29168,0.000624940049
0x0794,29168,0.000624940049
0x0795,29168,0.000624940049
0x0798,29168,0.000624940049
0x0799,29168,0.000624940049
0x079a,29168,0.000624940049
0x079b,29168,0.000624940049
0x079e,3149,0.000067469014
0x079f,3149,0.000067469014
0x07a0,3149,0.000067469014
0x07a1,3149,0.000067469014
0x07a2,3149,0.000067469014
0x07a3,3149,0.000067469014
0x07a4,3149,0.000067469014
0x07a5,3149,0.000067469014
0x07a6,3149,0.000067469014
0x07a7,3149,0.000067469014
0x07a8,3149,0.000067469014
0x07aa,3152,0.000067533291
0x07ab,3152,0.000067533291
0x07ac,3152,0.000067533291
0x07ad,3152,0.000067533291
0x07ae,3152,0.000067533291
0x07af,3152,0.000067533291
0x07b0,3152,0.000067533291
0x07b1,3152,0.000067533291
0x07b2,3152,0.000067533291
0x07b4,3152,0.000067533291
0x07b5,3152,0.000067533291
0x07b6,3152,0.000067533291
0x07b7,3152,0.000067533291
0x07b8,3152,0.000067533291
0x07b9,3152,0.000067533291
0x07ba,3152,0.000067533291
0x07bb,3152,0.000067533291
0x07be,21265,0.000455614034
0x07bf,21265,0.000455614034
0x07c0,21265,0.000455614034
0x07c1,21265,0.000455614034
0x07c2,21265,0.000455614034
0x07c3,21265,0.000455614034
0x07c4,21265,0.000455614034
0x07c5,21265,0.000455614034
0x07c6,21265,0.000455614034
0x07c7,21265,0.000455614034
0x07ca,21265,0.000455614034
0x07cb,21265,0.000455614034
0x07cc,21265,0.000455614034
0x07cd,21265,0.000455614034
0x07ce,21265,0.000455614034
0x07cf,21265,0.000455614034
0x07d2,21289,0.000456128247
0x07d3,21289,0.000456128247
0x07d4,21289,0.000456128247
0x07d5,21289,0.000456128247
0x07d6,21289,0.000456128247
0x07d7,21289,0.000456128247
0x07d8,21289,0.000456128247
0x07d9,21289,0.000456128247
0x07da,21289,0.000456128247
0x07dc,21320,0.000456792438
0x07dd,21320,0.000456792438
0x07de,21320,0.000456792438
0x07df,21320,0.000456792438
0x07e0,21320,0.000456792438
0x07e1,21320,0.000456792438
0x07e2,21320,0.000456792438
0x07e3,21320,0.000456792438
0x07e4,21320,0.000456792438
0x07e7,21320,0.000456792438
0x07e8,21320,0.000456792438
0x07e9,21320,0.000456792438
0x07ea,21320,0.000456792438
0x07eb,21320,0.000456792438
0x07ec,21320,0.000456792438
0x07ed,21320,0.000456792438
0x07ee,21320,0.000456792438
0x07f0,8,0.000000171404
0x07f3,8,0.000000171404
0x07f6,8,0.000000171404
0x07f9,8,0.000000171404
0x0800,18498,0.000396329574
0x0803,18498,0.000396329574
0x0806,18498,0.000396329574
0x0807,18498,0.000396329574
0x0809,18498,0.000396329574
0x080a,18498,0.000396329574
0x080b,18498,0.000396329574
0x080c,18498,0.000396329574
0x080d,18498,0.000396329574
0x080e,18498,0.000396329574
0x080f,18498,0.000396329574
0x0834,1372,0.000029395836
0x0837,1372,0.000029395836
0x083a,1372,0.000029395836
0x083b,1372,0.000029395836
0x083c,1372,0.000029395836
0x083e,1372,0.000029395836
0x083f,189,0.000004049426
0x0842,189,0.000004049426
0x0845,189,0.000004049426
0x0848,473,0.000010134279
0x084b,473,0.000010134279
0x084c,473,0.000010134279
0x084d,473,0.000010134279
0x084e,13,0.000000278532
0x0850,13,0.000000278532
0x0851,13,0.000000278532
0x0853,13,0.000000278532
0x0855,13,0.000000278532
0x085a,189,0.000004049426
0x085d,189,0.000004049426
0x085f,189,0.000004049426
0x0860,153,0.000003278107
0x0862,153,0.000003278107
0x0864,153,0.000003278107
0x0865,117,0.000002506788
0x0867,117,0.000002506788
0x0869,117,0.000002506788
0x086a,81,0.000001735468
0x086c,81,0.000001735468
0x086e,81,0.000001735468
0x086f,45,0.000000964149
0x0871,45,0.000000964149
0x0876,16339,0.000350071841
0x0879,16339,0.000350071841
0x087c,16339,0.000350071841
0x087f,16339,0.000350071841
0x0882,16339,0.000350071841
0x0885,16339,0.000350071841
0x0886,16339,0.000350071841
0x0889,16339,0.000350071841
0x088b,89857,0.001925234433
0x088c,89857,0.001925234433
0x088d,89857,0.001925234433
0x088e,89857,0.001925234433
0x088f,89857,0.001925234433
0x0890,89857,0.001925234433
0x0891,89857,0.001925234433
0x0892,89857,0.001925234433
0x0893,89857,0.001925234433
0x0894,89857,0.001925234433
0x0897,24507,0.000525075623
0x08a0,16339,0.000350071841
0x08a3,16339,0.000350071841
0x08a6,16339,0.000350071841
0x08a9,16339,0.000350071841
0x08ac,16339,0.000350071841
0x08ae,16339,0.000350071841
0x08b0,16339,0.000350071841
0x08b1,1280,0.000027424687
0x08b4,1280,0.000027424687
0x08b7,1280,0.000027424687
0x08c4,16339,0.000350071841
0x08c7,16339,0.000350071841
0x08c8,16339,0.000350071841
0x08ca,16339,0.000350071841
0x08cd,15905,0.000340773158
0x08cf,15905,0.000340773158
0x08d0,15905,0.000340773158
0x08d1,15905,0.000340773158
0x08d4,14735,0.000315705280
0x08d6,14735,0.000315705280
0x08d9,14735,0.000315705280
0x08dc,7,0.000000149979
0x08de,7,0.000000149979
0x08e0,7,0.000000149979
0x08e2,7,0.000000149979
0x08e3,7,0.000000149979
0x08e5,7,0.000000149979
0x08e6,7,0.000000149979
0x08e8,7,0.000000149979
0x08ea,1177,0.000025217856
0x08eb,15905,0.000340773158
0x08ed,15905,0.000340773158
0x08f0,15905,0.000340773158
0x08f3,15905,0.000340773158
0x0900,15905,0.000340773158
0x0903,15905,0.000340773158
0x0904,15905,0.000340773158
0x0906,15905,0.000340773158
0x0907,10949,0.000234588199
0x0909,10949,0.000234588199
0x090c,5619,0.000120390090
0x090d,5619,0.000120390090
0x090f,5619,0.000120390090
0x0910,5423,0.000116190684
0x0911,5423,0.000116190684
0x0913,5423,0.000116190684
0x0916,5423,0.000116190684
0x0917,5330,0.000114198110
0x0918,5330,0.000114198110
0x091a,5330,0.000114198110
0x091b,5291,0.000113362514
0x091c,5291,0.000113362514
0x091e,5291,0.000113362514
0x0921,5291,0.000113362514
0x0926,16296,0.000349150543
0x0927,16296,0.000349150543
0x0929,16296,0.000349150543
0x092a,16296,0.000349150543
0x092b,16296,0.000349150543
0x092c,16296,0.000349150543
0x092d,16296,0.000349150543
0x092e,16296,0.000349150543
0x0930,17619,0.000377496528
0x0931,17619,0.000377496528
0x0933,17619,0.000377496528
0x0936,11658,0.000249778905
0x0937,11658,0.000249778905
0x0939,11658,0.000249778905
0x093c,11658,0.000249778905
0x093d,391,0.000008377385
0x093e,391,0.000008377385
0x0940,391,0.000008377385
0x0941,391,0.000008377385
0x0942,391,0.000008377385
0x0944,391,0.000008377385
0x0945,391,0.000008377385
0x0946,391,0.000008377385
0x0947,391,0.000008377385
0x094a,391,0.000008377385
0x094c,391,0.000008377385
0x094d,391,0.000008377385
0x094e,391,0.000008377385
0x0951,391,0.000008377385
0x0953,391,0.000008377385
0x0954,391,0.000008377385
0x0955,391,0.000008377385
0x0956,391,0.000008377385
0x0959,391,0.000008377385
0x095c,391,0.000008377385
0x095e,391,0.000008377385
0x0961,391,0.000008377385
0x0964,5961,0.000127717623
0x0965,5961,0.000127717623
0x0966,5961,0.000127717623
0x0967,5961,0.000127717623
0x0968,5961,0.000127717623
0x096a,5961,0.000127717623
0x096b,5961,0.000127717623
0x096d,5961,0.000127717623
0x096e,325,0.000006963299
0x096f,325,0.000006963299
0x0970,325,0.000006963299
0x0971,325,0.000006963299
0x0972,325,0.000006963299
0x0974,325,0.000006963299
0x0975,325,0.000006963299
0x097a,16339,0.000350071841
0x097d,16339,0.000350071841
0x097e,16339,0.000350071841
0x0980,16339,0.000350071841
0x0981,16339,0.000350071841
0x0984,16339,0.000350071841
0x0985,16339,0.000350071841
0x0986,16339,0.000350071841
0x0987,16339,0.000350071841
0x0988,16339,0.000350071841
0x098b,16339,0.000350071841
0x098c,16339,0.000350071841
0x098d,16339,0.000350071841
0x098e,16339,0.000350071841
0x0991,16339,0.000350071841
0x09a0,16378,0.000350907437
0x09a3,16378,0.000350907437
0x09a6,49134,0.001052722310
0x09a9,49134,0.001052722310
0x09aa,49134,0.001052722310
0x09ab,49134,0.001052722310
0x09ac,49134,0.001052722310
0x09ad,49134,0.001052722310
0x09ae,49134,0.001052722310
0x09af,49134,0.001052722310
0x09b0,49134,0.001052722310
0x09b2,49134,0.001052722310
0x09b5,16378,0.000350907437
0x09ba,128052,0.002743582800
0x09bd,128052,0.002743582800
0x09be,128052,0.002743582800
0x09c0,128052,0.002743582800
0x09c1,128052,0.002743582800
0x09c2,128052,0.002743582800
0x09c3,128052,0.002743582800
0x09c4,128052,0.002743582800
0x09c5,128052,0.002743582800
0x09c6,128052,0.002743582800
0x09c7,128052,0.002743582800
0x09c8,128052,0.002743582800
0x09c9,128052,0.002743582800
0x09ca,128052,0.002743582800
0x09cc,128052,0.002743582800
0x09cd,128052,0.002743582800
0x09ce,128052,0.002743582800
0x09cf,128052,0.002743582800
0x09d0,128052,0.002743582800
0x09d1,128052,0.002743582800
0x0a50,3470,0.000074346612
0x0a53,3470,0.000074346612
0x0a56,69400,0.001486932233
0x0a57,69400,0.001486932233
0x0a5a,69400,0.001486932233
0x0a5b,69400,0.001486932233
0x0a5c,69400,0.001486932233
0x0a5e,69400,0.001486932233
0x0a5f,69400,0.001486932233
0x0a61,69400,0.001486932233
0x0a62,69400,0.001486932233
0x0a63,69400,0.001486932233
0x0a64,69400,0.001486932233
0x0a67,3470,0.000074346612
0x0a6c,3314,0.000071004228
0x0a6f,3314,0.000071004228
0x0a72,66280,0.001420084559
0x0a73,66280,0.001420084559
0x0a74,66280,0.001420084559
0x0a75,66280,0.001420084559
0x0a77,66280,0.001420084559
0x0a7a,38078,0.000815841579
0x0a7b,38078,0.000815841579
0x0a7c,38078,0.000815841579
0x0a7d,38078,0.000815841579
0x0a7e,38078,0.000815841579
0x0a7f,38078,0.000815841579
0x0a80,38078,0.000815841579
0x0a81,38078,0.000815841579
0x0a82,38078,0.000815841579
0x0a83,38078,0.000815841579
0x0a84,38078,0.000815841579
0x0a85,38078,0.000815841579
0x0a86,38078,0.000815841579
0x0a87,38078,0.000815841579
0x0a8a,66280,0.001420084559
0x0a8b,66280,0.001420084559
0x0a8c,66280,0.001420084559
0x0a8d,66280,0.001420084559
0x0a8f,66280,0.001420084559
0x0a90,66280,0.001420084559
0x0a91,66280,0.001420084559
0x0a93,66280,0.001420084559
0x0a94,66280,0.001420084559
0x0a96,66280,0.001420084559
0x0a99,3314,0.000071004228
0x0aa0,434,0.000009298683
0x0aa2,434,0.000009298683
0x0aa3,434,0.000009298683
0x0aa4,434,0.000009298683
0x0aa5,434,0.000009298683
0x0aa8,434,0.000009298683
0x0aa9,434,0.000009298683
0x0aac,434,0.000009298683
0x0aae,434,0.000009298683
0x0aaf,434,0.000009298683
0x0ab0,434,0.000009298683
0x0ab3,434,0.000009298683
0x0ab5,434,0.000009298683
0x0ab8,427,0.000009148704
0x0abb,427,0.000009148704
0x0abd,427,0.000009148704
0x0abe,427,0.000009148704
0x0abf,427,0.000009148704
0x0ac0,427,0.000009148704
0x0ac1,427,0.000009148704
0x0ad6,8194,0.000175560846
0x0ad7,8194,0.000175560846
0x0ad8,32776,0.000702243384
0x0ad9,32776,0.000702243384
0x0ada,32776,0.000702243384
0x0adb,32776,0.000702243384
0x0adc,32776,0.000702243384
0x0add,32776,0.000702243384
0x0ae0,8194,0.000175560846
0x0ae1,8194,0.000175560846
0x0ae2,8194,0.000175560846
0x0ae5,8194,0.000175560846
0x0ae6,8194,0.000175560846
0x0ae9,3455,0.000074025229
0x0aea,1248,0.000026739070
0x0aed,1248,0.000026739070
0x0aee,1248,0.000026739070
0x0af0,1248,0.000026739070
0x0af1,1248,0.000026739070
0x0af4,1248,0.000026739070
0x0af6,1248,0.000026739070
0x0af7,1248,0.000026739070
0x0af8,1248,0.000026739070
0x0af9,1248,0.000026739070
0x0afc,1248,0.000026739070
0x0afd,1248,0.000026739070
0x0afe,1248,0.000026739070
0x0b00,1248,0.000026739070
0x0b01,1248,0.000026739070
0x0b02,1248,0.000026739070
0x0b05,1235,0.000026460538
0x0b07,1235,0.000026460538
0x0b0a,832,0.000017826046
0x0b0d,819,0.000017547514
0x0b15,13,0.000000278532
0x0b16,13,0.000000278532
0x0b18,13,0.000000278532
0x0b19,13,0.000000278532
0x0b1a,13,0.000000278532
0x0b1c,13,0.000000278532
0x0b1d,13,0.000000278532
0x0b1e,13,0.000000278532
0x0b1f,13,0.000000278532
0x0b20,4,0.000000085702
0x0b21,4,0.000000085702
0x0b22,4,0.000000085702
0x0b25,4,0.000000085702
0x0b26,4,0.000000085702
0x0b27,4,0.000000085702
0x0b28,4,0.000000085702
0x0b29,3,0.000000064277
0x0b2b,3,0.000000064277
0x0b2d,3,0.000000064277
0x0b48,7,0.000000149979
0x0b4b,7,0.000000149979
0x0b4e,7,0.000000149979
0x0b50,7,0.000000149979
0x0b51,7,0.000000149979
0x0b53,7,0.000000149979
0x0b54,7,0.000000149979
0x0b55,7,0.000000149979
0x0b57,7,0.000000149979
0x0b59,7,0.000000149979
0x0b5a,7,0.000000149979
0x0b60,1034,0.000022154005
0x0b63,1034,0.000022154005
0x0b64,1034,0.000022154005
0x0b65,1034,0.000022154005
0x0b67,1034,0.000022154005
0x0b6a,1027,0.000022004026
0x0b6d,1027,0.000022004026
0x0b6f,1027,0.000022004026
0x0b71,1027,0.000022004026
0x0b74,4,0.000000085702
0x0b77,4,0.000000085702
0x0b79,4,0.000000085702
0x0b7b,4,0.000000085702
0x0b7c,4,0.000000085702
0x0b7d,4,0.000000085702
0x0b7e,4,0.000000085702
0x0b7f,4,0.000000085702
0x0b80,4,0.000000085702
0x0b82,4,0.000000085702
0x0b83,4,0.000000085702
0x0b84,4,0.000000085702
0x0b85,4,0.000000085702
0x0b87,4,0.000000085702
0x0b88,4,0.000000085702
0x0b89,4,0.000000085702
0x0b8a,4,0.000000085702
0x0b8b,4,0.000000085702
0x0b95,1023,0.000021918324
0x0b98,1023,0.000021918324
0x0b9b,1023,0.000021918324
0x0ba0,403,0.000008634491
0x0ba3,403,0.000008634491
0x0ba4,403,0.000008634491
0x0ba6,403,0.000008634491
0x0ba8,403,0.000008634491
0x0ba9,279,0.000005977725
0x0bab,279,0.000005977725
0x0bac,124,0.000002656767
0x0bad,124,0.000002656767
0x0bae,124,0.000002656767
0x0baf,124,0.000002656767
0x0bb2,124,0.000002656767
0x0bba,819,0.000017547514
0x0bbb,819,0.000017547514
0x0bbc,819,0.000017547514
0x0bbf,416,0.000008913023
0x0bc0,416,0.000008913023
0x0bc1,416,0.000008913023
0x0bc4,208,0.000004456512
0x0bca,4,0.000000085702
0x0bcd,4,0.000000085702
0x0bd0,4,0.000000085702
0x0bd2,4,0.000000085702
0x0bd3,4,0.000000085702
0x0bd4,4,0.000000085702
0x0bd6,4,0.000000085702
0x0bd9,4,0.000000085702
0x0bdc,4,0.000000085702
0x0bdf,4,0.000000085702
0x0be2,4,0.000000085702
0x0be5,4,0.000000085702
0x0be8,4,0.000000085702
0x0beb,4,0.000000085702
0x0bee,4,0.000000085702
0x0bf1,4,0.000000085702
0x0c00,14,0.000000299958
0x0c01,14,0.000000299958
0x0c02,14,0.000000299958
0x0c04,14,0.000000299958
0x0c05,14,0.000000299958
0x0c07,14,0.000000299958
0x0c08,14,0.000000299958
0x0c09,14,0.000000299958
0x0c0a,14,0.000000299958
0x0c0b,14,0.000000299958
0x0c0c,14,0.000000299958
0x0c0f,14,0.000000299958
0x0c10,14,0.000000299958
0x0c11,14,0.000000299958
0x0c13,14,0.000000299958
0x0c16,10,0.000000214255
0x0c18,10,0.000000214255
0x0c1b,4,0.000000085702
0x0c1e,4,0.000000085702
0x0c20,4,0.000000085702
0x0c23,4,0.000000085702
0x0c40,8168,0.000175003782
0x0c43,8168,0.000175003782
0x0c45,8168,0.000175003782
0x0c48,8168,0.000175003782
0x0c4b,8168,0.000175003782
0x0c4e,8168,0.000175003782
0x0c51,8168,0.000175003782
0x0c56,8168,0.000175003782
0x0c59,40840,0.000875018911
0x0c5a,40840,0.000875018911
0x0c5d,40840,0.000875018911
0x0c5e,40840,0.000875018911
0x0c5f,40840,0.000875018911
0x0c61,40840,0.000875018911
0x0c62,40840,0.000875018911
0x0c64,40840,0.000875018911
0x0c67,8168,0.000175003782
0x0c6b,8168,0.000175003782
0x0c6e,8168,0.000175003782
0x0c71,40840,0.000875018911
0x0c74,40840,0.000875018911
0x0c75,40840,0.000875018911
0x0c76,40840,0.000875018911
0x0c77,40840,0.000875018911
0x0c78,40840,0.000875018911
0x0c79,40840,0.000875018911
0x0c7a,40840,0.000875018911
0x0c7b,40840,0.000875018911
0x0c7d,40840,0.000875018911
0x0c80,8168,0.000175003782
0x0c84,40840,0.000875018911
0x0c85,40840,0.000875018911
0x0c87,40840,0.000875018911
0x0c88,6105,0.000130802900
0x0c89,6105,0.000130802900
0x0c8a,6105,0.000130802900
0x0c8b,6105,0.000130802900
0x0c8c,6105,0.000130802900
0x0c8e,6105,0.000130802900
0x0c8f,6105,0.000130802900
0x0c90,6105,0.000130802900
0x0c91,6105,0.000130802900
0x0c92,6105,0.000130802900
0x0c94,6105,0.000130802900
0x0c95,6105,0.000130802900
0x0c97,6105,0.000130802900
0x0c9a,5940,0.000127267687
0x0c9b,5940,0.000127267687
0x0c9e,5940,0.000127267687
0x0c9f,5940,0.000127267687
0x0ca0,5940,0.000127267687
0x0ca2,5940,0.000127267687
0x0ca3,5940,0.000127267687
0x0ca4,5940,0.000127267687
0x0ca5,5940,0.000127267687
0x0ca6,5940,0.000127267687
0x0ca7,5940,0.000127267687
0x0ca8,5940,0.000127267687
0x0ca9,5940,0.000127267687
0x0caa,5940,0.000127267687
0x0cac,5940,0.000127267687
0x0caf,5927,0.000126989155
0x0cb4,5940,0.000127267687
0x0cb6,5940,0.000127267687
0x0cb7,1333,0.000028560240
0x0cb9,1333,0.000028560240
0x0cba,673,0.000014419386
0x0cbd,673,0.000014419386
0x0cbe,673,0.000014419386
0x0cbf,237,0.000005077852
0x0cc2,237,0.000005077852
0x0cc3,237,0.000005077852
0x0cc4,13,0.000000278532
0x0cc6,13,0.000000278532
0x0cc9,13,0.000000278532
0x0ccb,13,0.000000278532
0x0cce,13,0.000000278532
0x0cd0,13,0.000000278532
0x0cd3,13,0.000000278532
0x0cd8,8168,0.000175003782
0x0cdb,8168,0.000175003782
0x0cde,40840,0.000875018911
0x0cdf,40840,0.000875018911
0x0ce2,40840,0.000875018911
0x0ce3,40840,0.000875018911
0x0ce4,40840,0.000875018911
0x0ce6,40840,0.000875018911
0x0ce7,40840,0.000875018911
0x0ce9,40840,0.000875018911
0x0cea,40840,0.000875018911
0x0ceb,40840,0.000875018911
0x0cec,40840,0.000875018911
0x0cef,8168,0.000175003782
0x0cf4,4,0.000000085702
0x0cf5,4,0.000000085702
0x0cf6,4,0.000000085702
0x0d1c,3278,0.000070232909
0x0d1f,3278,0.000070232909
0x0d22,52448,0.001123726538
0x0d25,52448,0.001123726538
0x0d26,52448,0.001123726538
0x0d27,52448,0.001123726538
0x0d28,52448,0.001123726538
0x0d2a,52448,0.001123726538
0x0d2b,52448,0.001123726538
0x0d2e,3278,0.000070232909
0x0d30,52448,0.001123726538
0x0d31,52448,0.001123726538
0x0d32,52448,0.001123726538
0x0d33,52448,0.001123726538
0x0d34,52448,0.001123726538
0x0d35,52448,0.001123726538
0x0d37,52448,0.001123726538
0x0d38,37663,0.000806949981
0x0d39,37663,0.000806949981
0x0d3a,37663,0.000806949981
0x0d3b,37663,0.000806949981
0x0d3c,37663,0.000806949981
0x0d3e,37663,0.000806949981
0x0d3f,37663,0.000806949981
0x0d41,37663,0.000806949981
0x0d42,37663,0.000806949981
0x0d43,37663,0.000806949981
0x0d46,34416,0.000737381264
0x0d47,34416,0.000737381264
0x0d48,34416,0.000737381264
0x0d4b,5409,0.000115890727
0x0d4c,5409,0.000115890727
0x0d4d,5409,0.000115890727
0x0d4e,5409,0.000115890727
0x0d4f,8656,0.000185459444
0x0d50,8656,0.000185459444
0x0d51,8656,0.000185459444
0x0d52,8656,0.000185459444
0x0d53,8656,0.000185459444
0x0d54,8656,0.000185459444
0x0d55,8656,0.000185459444
0x0d57,8656,0.000185459444
0x0d58,8656,0.000185459444
0x0d59,3554,0.000076146357
0x0d5a,3554,0.000076146357
0x0d5e,29007,0.000621490537
0x0d5f,29007,0.000621490537
0x0d60,29007,0.000621490537
0x0d61,29007,0.000621490537
0x0d62,29007,0.000621490537
0x0d64,29007,0.000621490537
0x0d65,29007,0.000621490537
0x0d66,4488,0.000096157808
0x0d67,4488,0.000096157808
0x0d70,3275,0.000070168632
0x0d73,3275,0.000070168632
0x0d76,52400,0.001122698113
0x0d79,52400,0.001122698113
0x0d7a,52400,0.001122698113
0x0d7c,52400,0.001122698113
0x0d7d,52400,0.001122698113
0x0d7f,52400,0.001122698113
0x0d80,52400,0.001122698113
0x0d83,3275,0.000070168632
0x0d86,52400,0.001122698113
0x0d87,52400,0.001122698113
0x0d88,52400,0.001122698113
0x0d89,52400,0.001122698113
0x0d8a,52400,0.001122698113
0x0d8b,52400,0.001122698113
0x0d8d,52400,0.001122698113
0x0d8e,37620,0.000806028683
0x0d8f,37620,0.000806028683
0x0d90,37620,0.000806028683
0x0d91,37620,0.000806028683
0x0d94,37620,0.000806028683
0x0d95,37620,0.000806028683
0x0d96,37620,0.000806028683
0x0d97,37620,0.000806028683
0x0d99,37620,0.000806028683
0x0d9a,37620,0.000806028683
0x0d9c,37620,0.000806028683
0x0d9d,37620,0.000806028683
0x0d9f,37620,0.000806028683
0x0da0,37620,0.000806028683
0x0da1,37620,0.000806028683
0x0da2,37620,0.000806028683
0x0da3,37620,0.000806028683
0x0da4,37620,0.000806028683
0x0da5,37620,0.000806028683
0x0da6,37620,0.000806028683
0x0da7,37620,0.000806028683
0x0da8,37620,0.000806028683
0x0dab,34541,0.000740059456
0x0dac,34541,0.000740059456
0x0daf,5465,0.000117090557
0x0db0,5465,0.000117090557
0x0db1,5465,0.000117090557
0x0db3,5465,0.000117090557
0x0db4,5465,0.000117090557
0x0db5,5465,0.000117090557
0x0dbb,3079,0.000065969227
0x0dbc,3079,0.000065969227
0x0dbd,3079,0.000065969227
0x0dbf,3079,0.000065969227
0x0dc0,3079,0.000065969227
0x0dc1,3079,0.000065969227
0x0dc2,3079,0.000065969227
0x0dc3,3079,0.000065969227
0x0dc5,3079,0.000065969227
0x0dc6,3079,0.000065969227
0x0dcc,29076,0.000622968899
0x0dcd,29076,0.000622968899
0x0dce,29076,0.000622968899
0x0dcf,29076,0.000622968899
0x0dd1,29076,0.000622968899
0x0dd2,37620,0.000806028683
0x0dd3,37620,0.000806028683
0x0dd5,37620,0.000806028683
0x0dd6,37620,0.000806028683
0x0dd7,37620,0.000806028683
0x0dd8,37620,0.000806028683
0x0dd9,37620,0.000806028683
0x0dda,37620,0.000806028683
0x0dde,187,0.000004006575
0x0ddf,187,0.000004006575
0x0de0,187,0.000004006575
0x0de3,187,0.000004006575
0x0de4,187,0.000004006575
0x0de5,187,0.000004006575
0x0de6,187,0.000004006575
0x0de9,187,0.000004006575
0x0dea,187,0.000004006575
0x0deb,187,0.000004006575
0x0dec,187,0.000004006575
0x0ded,187,0.000004006575
0x0df0,12111,0.000259484673
0x0df3,12111,0.000259484673
0x0df6,12111,0.000259484673
0x0df9,12111,0.000259484673
0x0dfc,12111,0.000259484673
0x0dff,12111,0.000259484673
0x0e10,24222,0.000518969345
0x0e11,24222,0.000518969345
0x0e13,24222,0.000518969345
0x0e14,4171,0.000089365913
0x0e15,4171,0.000089365913
0x0e16,4171,0.000089365913
0x0e17,4171,0.000089365913
0x0e18,4171,0.000089365913
0x0e1a,4171,0.000089365913
0x0e1b,4169,0.000089323062
0x0e1d,4169,0.000089323062
0x0e1e,82,0.000001756894
0x0e20,82,0.000001756894
0x0e23,55,0.000001178405
0x0e25,55,0.000001178405
0x0e26,55,0.000001178405
0x0e27,55,0.000001178405
0x0e29,55,0.000001178405
0x0e2a,55,0.000001178405
0x0e2c,55,0.000001178405
0x0e2d,55,0.000001178405
0x0e2e,55,0.000001178405
0x0e2f,55,0.000001178405
0x0e31,55,0.000001178405
0x0e32,55,0.000001178405
0x0e33,48,0.000001028426
0x0e34,48,0.000001028426
0x0e35,48,0.000001028426
0x0e36,42,0.000000899873
0x0e39,27,0.000000578489
0x0e3a,27,0.000000578489
0x0e3b,27,0.000000578489
0x0e3c,27,0.000000578489
0x0e3d,27,0.000000578489
0x0e3e,27,0.000000578489
0x0e3f,27,0.000000578489
0x0e41,27,0.000000578489
0x0e42,27,0.000000578489
0x0e45,314,0.000006727618
0x0e46,314,0.000006727618
0x0e47,314,0.000006727618
0x0e48,314,0.000006727618
0x0e4a,314,0.000006727618
0x0e4d,300,0.000006427661
0x0e4e,300,0.000006427661
0x0e4f,300,0.000006427661
0x0e51,300,0.000006427661
0x0e52,300,0.000006427661
0x0e55,13,0.000000278532
0x0e58,201,0.000004306533
0x0e59,201,0.000004306533
0x0e5a,201,0.000004306533
0x0e5b,108,0.000002313958
0x0e5c,108,0.000002313958
0x0e5e,108,0.000002313958
0x0e5f,108,0.000002313958
0x0e60,30,0.000000642766
0x0e61,30,0.000000642766
0x0e62,30,0.000000642766
0x0e63,30,0.000000642766
0x0e65,30,0.000000642766
0x0e66,30,0.000000642766
0x0e67,15,0.000000321383
0x0e69,15,0.000000321383
0x0e6a,15,0.000000321383
0x0e6b,14,0.000000299958
0x0e70,42,0.000000899873
0x0e71,42,0.000000899873
0x0e72,42,0.000000899873
0x0e74,42,0.000000899873
0x0e75,42,0.000000899873
0x0e76,42,0.000000899873
0x0e77,42,0.000000899873
0x0e78,42,0.000000899873
0x0e7a,42,0.000000899873
0x0e7b,42,0.000000899873
0x0e7e,300,0.000006427661
0x0e7f,300,0.000006427661
0x0e80,300,0.000006427661
0x0e81,300,0.000006427661
0x0e83,300,0.000006427661
0x0e86,258,0.000005527788
0x0e87,258,0.000005527788
0x0e88,258,0.000005527788
0x0e8a,258,0.000005527788
0x0e8b,258,0.000005527788
0x0e90,198,0.000004242256
0x0e91,198,0.000004242256
0x0e93,198,0.000004242256
0x0e94,198,0.000004242256
0x0e95,96,0.000002056852
0x0e97,96,0.000002056852
0x0e98,96,0.000002056852
0x0e99,56,0.000001199830
0x0e9a,56,0.000001199830
0x0e9b,56,0.000001199830
0x0e9c,56,0.000001199830
0x0e9e,56,0.000001199830
0x0e9f,56,0.000001199830
0x0ea0,42,0.000000899873
0x0ea3,42,0.000000899873
0x0ea4,56,0.000001199830
0x0ea5,56,0.000001199830
0x0ea6,56,0.000001199830
0x0ea7,56,0.000001199830
0x0ea8,56,0.000001199830
0x0ea9,56,0.000001199830
0x0eaa,56,0.000001199830
0x0eac,56,0.000001199830
0x0ead,60,0.000001285532
0x0eae,60,0.000001285532
0x0eb0,60,0.000001285532
0x0eb1,60,0.000001285532
0x0eb2,60,0.000001285532
0x0eb4,60,0.000001285532
0x0eb5,60,0.000001285532
0x0eb6,60,0.000001285532
0x0eb7,60,0.000001285532
0x0eb8,60,0.000001285532
0x0ebb,60,0.000001285532
0x0ebc,60,0.000001285532
0x0ebe,60,0.000001285532
0x0ec1,56,0.000001199830
0x0ec3,60,0.000001285532
0x0ec4,60,0.000001285532
0x0ec5,60,0.000001285532
0x0ed5,60,0.000001285532
0x0ed6,60,0.000001285532
0x0ed7,60,0.000001285532
0x0ed8,60,0.000001285532
0x0ed9,60,0.000001285532
0x0eda,60,0.000001285532
0x0edb,60,0.000001285532
0x0edc,60,0.000001285532
0x0ede,60,0.000001285532
0x0ee0,60,0.000001285532
0x0ee2,60,0.000001285532
0x0ee3,60,0.000001285532
0x0ee4,60,0.000001285532
0x0ee5,60,0.000001285532
0x0f00,3281,0.000070297185
0x0f03,3281,0.000070297185
0x0f04,3281,0.000070297185
0x0f06,3281,0.000070297185
0x0f09,3249,0.000069611568
0x0f0b,3249,0.000069611568
0x0f0c,3249,0.000069611568
0x0f0d,3249,0.000069611568
0x0f0e,3249,0.000069611568
0x0f11,3249,0.000069611568
0x0f14,3249,0.000069611568
0x0f15,3,0.000000064277
0x0f16,3,0.000000064277
0x0f17,3,0.000000064277
0x0f1a,3,0.000000064277
0x0f1b,3,0.000000064277
0x0f1d,3,0.000000064277
0x0f1e,3,0.000000064277
0x0f1f,3,0.000000064277
0x0f20,3,0.000000064277
0x0f23,15,0.000000321383
0x0f24,15,0.000000321383
0x0f25,15,0.000000321383
0x0f26,15,0.000000321383
0x0f28,15,0.000000321383
0x0f2b,12,0.000000257106
0x0f2c,12,0.000000257106
0x0f2d,12,0.000000257106
0x0f2f,12,0.000000257106
0x0f30,12,0.000000257106
0x0f38,6,0.000000128553
0x0f39,6,0.000000128553
0x0f3a,6,0.000000128553
0x0f3b,6,0.000000128553
0x0f3d,6,0.000000128553
0x0f3e,3,0.000000064277
0x0f40,3,0.000000064277
0x0f41,3,0.000000064277
0x0f42,3,0.000000064277
0x0f43,3,0.000000064277
0x0f44,3,0.000000064277
0x0f45,3,0.000000064277
0x0f46,3,0.000000064277
0x0f49,3,0.000000064277
0x0f4c,3,0.000000064277
0x0f4d,3,0.000000064277
0x0f4e,3,0.000000064277
0x0f56,6621,0.000141858477
0x0f57,6621,0.000141858477
0x0f58,13488,0.000288987636
0x0f59,13488,0.000288987636
0x0f5b,13488,0.000288987636
0x0f5e,183,0.000003920873
0x0f60,183,0.000003920873
0x0f63,13484,0.000288901934
0x0f64,13484,0.000288901934
0x0f65,13484,0.000288901934
0x0f68,6617,0.000141772775
0x0f69,6617,0.000141772775
0x0f6a,6617,0.000141772775
0x0f6d,6617,0.000141772775
0x0f6e,6617,0.000141772775
0x0f71,3277,0.000070211483
0x0f74,32,0.000000685617
0x0f76,32,0.000000685617
0x0f77,32,0.000000685617
0x0f78,32,0.000000685617
0x0f79,32,0.000000685617
0x0f7c,32,0.000000685617
0x0f7d,32,0.000000685617
0x0f80,32,0.000000685617
0x0f83,32,0.000000685617
0x0f84,1,0.000000021426
0x0f85,1,0.000000021426
0x0f86,1,0.000000021426
0x0f89,1,0.000000021426
0x0f8b,1,0.000000021426
0x0f8c,1,0.000000021426
0x0f8e,1,0.000000021426
0x0f8f,1,0.000000021426
0x0f92,4,0.000000085702
0x0f93,4,0.000000085702
0x0f94,4,0.000000085702
0x0f95,4,0.000000085702
0x0f97,4,0.000000085702
0x0f9a,3,0.000000064277
0x0f9b,3,0.000000064277
0x0f9c,3,0.000000064277
0x0f9e,3,0.000000064277
0x0f9f,3,0.000000064277
0x0fa6,4,0.000000085702
0x0fa7,4,0.000000085702
0x0fa8,4,0.000000085702
0x0fa9,4,0.000000085702
0x0fab,4,0.000000085702
0x0fac,1,0.000000021426
0x0fae,1,0.000000021426
0x0faf,1,0.000000021426
0x0fb0,1,0.000000021426
0x0fb1,1,0.000000021426
0x0fb2,1,0.000000021426
0x0fb3,1,0.000000021426
0x0fb4,1,0.000000021426
0x0fb7,1,0.000000021426
0x0fb8,1,0.000000021426
0x0fb9,1,0.000000021426
0x0fc0,8572,0.000183659699
0x0fc3,8572,0.000183659699
0x0fc6,8572,0.000183659699
0x0fc9,8572,0.000183659699
0x0fcc,8572,0.000183659699
0x0fcf,8572,0.000183659699
0x0fd2,8572,0.000183659699
0x0fd5,8572,0.000183659699
0x0fd8,17144,0.000367319398
0x0fd9,17144,0.000367319398
0x0fda,17144,0.000367319398
0x0fdb,873,0.000018704493
0x0fdc,873,0.000018704493
0x0fdd,873,0.000018704493
0x0fde,873,0.000018704493
0x0fdf,873,0.000018704493
0x0fe0,873,0.000018704493
0x0fe1,873,0.000018704493
0x0fe2,873,0.000018704493
0x0fe3,873,0.000018704493
0x0fe6,873,0.000018704493
0x0fe7,873,0.000018704493
0x0fe9,873,0.000018704493
0x0fea,873,0.000018704493
0x0fec,873,0.000018704493
0x0fed,873,0.000018704493
0x0fef,873,0.000018704493
0x0ff0,873,0.000018704493
0x0ff1,873,0.000018704493
0x0ff4,873,0.000018704493
0x14e0,1884,0.000040365711
0x14e1,1884,0.000040365711
0x14e4,1884,0.000040365711
0x14e6,1884,0.000040365711
0x17e0,17289,0.000370426101
0x17e3,17289,0.000370426101
0x17e5,17289,0.000370426101
0x17e8,17289,0.000370426101
0x1df0,1023,0.000021918324
0x1df3,1023,0.000021918324
0x1df5,1023,0.000021918324
0x1ee0,704,0.000015083578
0x1ee3,704,0.000015083578
0x1ee6,18304,0.000392173020
0x1ee7,18304,0.000392173020
0x1ee8,18304,0.000392173020
0x1ee9,18304,0.000392173020
0x1eec,18304,0.000392173020
0x1eed,18304,0.000392173020
0x1ef0,704,0.000015083578
0x1ef1,704,0.000015083578
0x1ef2,704,0.000015083578
0x1ef4,704,0.000015083578
0x1ef7,704,0.000015083578
0x1ef8,704,0.000015083578
0x1ef9,704,0.000015083578
0x1efa,704,0.000015083578
0x2000,12111,0.000259484673
0x2003,12111,0.000259484673
0x2006,12111,0.000259484673
0x2009,12111,0.000259484673
0x200c,12111,0.000259484673
0x200d,12111,0.000259484673
0x200f,12111,0.000259484673
0x2010,12111,0.000259484673
0x2011,12111,0.000259484673
0x2014,12111,0.000259484673
0x2015,12111,0.000259484673
0x2018,11919,0.000255370970
0x201a,11919,0.000255370970
0x201d,1194,0.000025582091
0x201e,1194,0.000025582091
0x201f,1194,0.000025582091
0x2020,1194,0.000025582091
0x2023,298,0.000006384810
0x2025,1194,0.000025582091
0x2026,1194,0.000025582091
0x2027,1194,0.000025582091
0x202a,1190,0.000025496388
0x2040,4828,0.000103442490
0x2043,4828,0.000103442490
0x2046,4828,0.000103442490
0x2047,4828,0.000103442490
0x2048,4828,0.000103442490
0x2049,41,0.000000878447
0x204a,41,0.000000878447
0x204b,41,0.000000878447
0x204c,41,0.000000878447
0x204d,41,0.000000878447
0x204e,41,0.000000878447
0x204f,41,0.000000878447
0x2050,41,0.000000878447
0x2051,41,0.000000878447
0x2052,41,0.000000878447
0x2055,41,0.000000878447
0x2057,41,0.000000878447
0x2058,41,0.000000878447
0x2059,41,0.000000878447
0x205a,41,0.000000878447
0x205c,41,0.000000878447
0x205d,41,0.000000878447
0x205e,41,0.000000878447
0x2060,41,0.000000878447
0x2061,41,0.000000878447
0x2062,41,0.000000878447
0x2063,41,0.000000878447
0x2064,41,0.000000878447
0x2065,41,0.000000878447
0x2066,41,0.000000878447
0x2068,41,0.000000878447
0x2069,41,0.000000878447
0x206a,41,0.000000878447
0x206b,41,0.000000878447
0x206c,41,0.000000878447
0x206d,41,0.000000878447
0x2070,208,0.000004456512
0x2071,208,0.000004456512
0x2073,208,0.000004456512
0x2075,208,0.000004456512
0x2076,208,0.000004456512
0x2077,208,0.000004456512
0x2079,208,0.000004456512
0x207a,208,0.000004456512
0x207b,208,0.000004456512
0x207e,208,0.000004456512
0x2081,208,0.000004456512
0x2085,208,0.000004456512
0x2087,208,0.000004456512
0x2088,208,0.000004456512
0x2089,208,0.000004456512
0x208a,208,0.000004456512
0x208c,208,0.000004456512
0x208d,208,0.000004456512
0x208f,208,0.000004456512
0x2090,208,0.000004456512
0x2091,224,0.000004799320
0x2093,224,0.000004799320
0x2094,224,0.000004799320
0x2096,224,0.000004799320
0x2097,224,0.000004799320
0x209a,16,0.000000342809
0x209b,16,0.000000342809
0x209c,16,0.000000342809
0x209d,16,0.000000342809
0x209f,16,0.000000342809
0x20a0,16,0.000000342809
0x20a1,16,0.000000342809
0x20a3,16,0.000000342809
0x20a4,16,0.000000342809
0x20a5,16,0.000000342809
0x20a7,16,0.000000342809
0x20a8,16,0.000000342809
0x20b0,208,0.000004456512
0x20b1,6624,0.000141922754
0x20b2,6624,0.000141922754
0x20b3,6624,0.000141922754
0x20b5,52992,0.001135382030
0x20b7,52992,0.001135382030
0x20b8,52992,0.001135382030
0x20bb,2022,0.000043322435
0x20bc,2022,0.000043322435
0x20bd,2022,0.000043322435
0x20be,2022,0.000043322435
0x20bf,52992,0.001135382030
0x20c0,52992,0.001135382030
0x20c1,52992,0.001135382030
0x20c2,52992,0.001135382030
0x20c5,6624,0.000141922754
0x20c6,6624,0.000141922754
0x20c7,6624,0.000141922754
0x20c8,6624,0.000141922754
0x20c9,6624,0.000141922754
0x20cc,3312,0.000070961377
0x20cd,3312,0.000070961377
0x20cf,3312,0.000070961377
0x20d2,3104,0.000066504865
0x20d3,3104,0.000066504865
0x20d4,3104,0.000066504865
0x20d6,3104,0.000066504865
0x20d7,3104,0.000066504865
0x20d8,3104,0.000066504865
0x20da,3104,0.000066504865
0x20db,3104,0.000066504865
0x20dc,3104,0.000066504865
0x20de,3104,0.000066504865
0x20e1,208,0.000004456512
0x20e2,208,0.000004456512
0x20e8,208,0.000004456512
0x20e9,208,0.000004456512
0x20ea,208,0.000004456512
0x20ec,208,0.000004456512
0x20ed,208,0.000004456512
0x20f0,208,0.000004456512
0x20f1,208,0.000004456512
0x20f2,208,0.000004456512
0x20f3,208,0.000004456512
0x20f4,208,0.000004456512
0x20f6,208,0.000004456512
0x20f7,208,0.000004456512
0x20f8,208,0.000004456512
0x20fa,208,0.000004456512
0x20fb,208,0.000004456512
0x20fc,208,0.000004456512
0x20fd,208,0.000004456512
0x20fe,208,0.000004456512
0x20ff,208,0.000004456512
0x2101,208,0.000004456512
0x2103,208,0.000004456512
0x2104,208,0.000004456512
0x2106,208,0.000004456512
0x2107,208,0.000004456512
0x2108,208,0.000004456512
0x2109,208,0.000004456512
0x210a,208,0.000004456512
0x210d,208,0.000004456512
0x211c,208,0.000004456512
0x211f,208,0.000004456512
0x2120,208,0.000004456512
0x2122,208,0.000004456512
0x2123,160,0.000003428086
0x2125,160,0.000003428086
0x2130,10729,0.000229874581
0x2131,10729,0.000229874581
0x2132,10729,0.000229874581
0x2135,8043,0.000172325590
0x2137,8043,0.000172325590
0x213a,5360,0.000114840876
0x213c,5360,0.000114840876
0x213f,2680,0.000057420438
0x2146,1190,0.000025496388
0x2147,1190,0.000025496388
0x2148,1190,0.000025496388
0x214b,595,0.000012748194
0x2150,2686,0.000057548991
0x2153,2686,0.000057548991
0x2156,2686,0.000057548991
0x2160,2683,0.000057484714
0x2163,2683,0.000057484714
0x2166,2683,0.000057484714
0x2169,2683,0.000057484714
0x2170,2680,0.000057420438
0x2173,2680,0.000057420438
0x2180,2680,0.000057420438
0x2183,2680,0.000057420438
0x2186,2680,0.000057420438
0x2189,2680,0.000057420438
0x2190,595,0.000012748194
0x2193,595,0.000012748194
0x2196,595,0.000012748194
0x2199,595,0.000012748194
0x219c,595,0.000012748194
0x21a5,595,0.000012748194
0x21a8,595,0.000012748194
0x21ab,595,0.000012748194
0x21ae,595,0.000012748194
0x21b1,595,0.000012748194
0x21ba,192,0.000004113703
0x21bb,192,0.000004113703
0x21bc,192,0.000004113703
0x21bf,96,0.000002056852
0x21c2,96,0.000002056852
0x21c5,96,0.000002056852
0x21c8,96,0.000002056852
0x21cb,96,0.000002056852
0x21cd,96,0.000002056852
0x21cf,96,0.000002056852
0x21dc,704,0.000015083578
0x21dd,704,0.000015083578
0x21de,704,0.000015083578
0x21df,704,0.000015083578
0x21e2,704,0.000015083578
0x21e4,704,0.000015083578
0x21e5,704,0.000015083578
0x21e6,704,0.000015083578
0x21e8,704,0.000015083578
0x21e9,704,0.000015083578
0x21eb,704,0.000015083578
0x21ec,704,0.000015083578
0x21ed,704,0.000015083578
0x21ef,704,0.000015083578
0x21f0,704,0.000015083578
0x21f1,704,0.000015083578
0x21f2,704,0.000015083578
0x21f4,704,0.000015083578
0x21f5,704,0.000015083578
0x21f7,704,0.000015083578
0x21f8,704,0.000015083578
0x21f9,704,0.000015083578
0x21fc,704,0.000015083578
0x2204,384,0.000008227406
0x2207,384,0.000008227406
0x2208,384,0.000008227406
0x2209,384,0.000008227406
0x220b,384,0.000008227406
0x220c,4,0.000000085702
0x220e,4,0.000000085702
0x2210,4,0.000000085702
0x2212,4,0.000000085702
0x2214,4,0.000000085702
0x2216,4,0.000000085702
0x2217,4,0.000000085702
0x2218,4,0.000000085702
0x221a,4,0.000000085702
0x221b,4,0.000000085702
0x221d,4,0.000000085702
0x221e,4,0.000000085702
0x2220,4,0.000000085702
0x2221,4,0.000000085702
0x2222,4,0.000000085702
0x2223,4,0.000000085702
0x2224,4,0.000000085702
0x2227,2,0.000000042851
0x2228,2,0.000000042851
0x222a,4,0.000000085702
0x222b,4,0.000000085702
0x2230,495,0.000010605641
0x2233,495,0.000010605641
0x2234,495,0.000010605641
0x2235,495,0.000010605641
0x2236,495,0.000010605641
0x2237,495,0.000010605641
0x2239,495,0.000010605641
0x223b,495,0.000010605641
0x223e,477,0.000010219981
0x2240,477,0.000010219981
0x2243,243,0.000005206405
0x2245,243,0.000005206405
0x2247,243,0.000005206405
0x2249,243,0.000005206405
0x224c,9,0.000000192830
0x224f,9,0.000000192830
0x2250,9,0.000000192830
0x2252,9,0.000000192830
0x2254,9,0.000000192830
0x2260,468,0.000010027151
0x2261,468,0.000010027151
0x2262,468,0.000010027151
0x2263,468,0.000010027151
0x2264,468,0.000010027151
0x2265,468,0.000010027151
0x2267,468,0.000010027151
0x2268,468,0.000010027151
0x2269,468,0.000010027151
0x226b,468,0.000010027151
0x226d,468,0.000010027151
0x226e,468,0.000010027151
0x226f,468,0.000010027151
0x2271,468,0.000010027151
0x2272,468,0.000010027151
0x2273,468,0.000010027151
0x2274,468,0.000010027151
0x2275,468,0.000010027151
0x2276,468,0.000010027151
0x2277,468,0.000010027151
0x2278,468,0.000010027151
0x2279,468,0.000010027151
0x227a,6552,0.000140380115
0x227b,58968,0.001263421036
0x227c,58968,0.001263421036
0x227d,58968,0.001263421036
0x227e,58968,0.001263421036
0x227f,58968,0.001263421036
0x2280,58968,0.001263421036
0x2283,6552,0.000140380115
0x2284,6552,0.000140380115
0x2285,6552,0.000140380115
0x2286,6552,0.000140380115
0x2288,6552,0.000140380115
0x2289,6552,0.000140380115
0x228a,6552,0.000140380115
0x228c,6552,0.000140380115
0x228d,6552,0.000140380115
0x228e,6552,0.000140380115
0x2291,468,0.000010027151
0x2292,18,0.000000385660
0x2295,18,0.000000385660
0x2296,18,0.000000385660
0x2298,18,0.000000385660
0x229b,8,0.000000171404
0x229e,8,0.000000171404
0x22a1,8,0.000000171404
0x22a3,3328,0.000071304185
0x22a4,3328,0.000071304185
0x22a5,3328,0.000071304185
0x22a6,3328,0.000071304185
0x22a7,3328,0.000071304185
0x22a8,3328,0.000071304185
0x22a9,3328,0.000071304185
0x22aa,3328,0.000071304185
0x22ab,3328,0.000071304185
0x22ac,3328,0.000071304185
0x22ad,3328,0.000071304185
0x22b0,8,0.000000171404
0x22b4,288,0.000006170555
0x22b7,288,0.000006170555
0x22ba,288,0.000006170555
0x22bb,288,0.000006170555
0x22bc,288,0.000006170555
0x22be,288,0.000006170555
0x22c1,4,0.000000085702
0x22c3,4,0.000000085702
0x22c5,4,0.000000085702
0x22ca,196,0.000004199405
0x22cd,196,0.000004199405
0x22ce,196,0.000004199405
0x22d0,196,0.000004199405
0x22d3,4,0.000000085702
0x22d5,4,0.000000085702
0x22d7,4,0.000000085702
0x22d9,4,0.000000085702
0x22db,4,0.000000085702
0x22dd,4,0.000000085702
0x22e0,8,0.000000171404
0x22e2,18,0.000000385660
0x22e5,18,0.000000385660
0x22e8,18,0.000000385660
0x22f0,10,0.000000214255
0x22f3,10,0.000000214255
0x22f4,10,0.000000214255
0x22fa,937,0.000020075728
0x22fd,937,0.000020075728
0x22ff,937,0.000020075728
0x2302,937,0.000020075728
0x2303,16866,0.000361363099
0x2304,16866,0.000361363099
0x2306,16866,0.000361363099
0x2307,16866,0.000361363099
0x2308,16866,0.000361363099
0x2309,16866,0.000361363099
0x230a,16866,0.000361363099
0x230b,16866,0.000361363099
0x230d,16866,0.000361363099
0x230e,16866,0.000361363099
0x230f,16866,0.000361363099
0x2310,16866,0.000361363099
0x2312,16866,0.000361363099
0x2313,16866,0.000361363099
0x2314,16866,0.000361363099
0x2316,16866,0.000361363099
0x2317,16866,0.000361363099
0x231a,1874,0.000040151455
0x231b,16866,0.000361363099
0x231c,16866,0.000361363099
0x231f,937,0.000020075728
0x2322,2813,0.000060270034
0x2325,2813,0.000060270034
0x2326,2813,0.000060270034
0x2327,2813,0.000060270034
0x2329,2813,0.000060270034
0x232a,2813,0.000060270034
0x232b,2813,0.000060270034
0x232c,2813,0.000060270034
0x232e,2813,0.000060270034
0x232f,2813,0.000060270034
0x2331,2813,0.000060270034
0x2334,2813,0.000060270034
0x2337,2813,0.000060270034
0x2351,7500,0.000160691524
0x2352,7500,0.000160691524
0x2354,7500,0.000160691524
0x2355,1472,0.000031538390
0x2356,1472,0.000031538390
0x2357,1472,0.000031538390
0x2358,1472,0.000031538390
0x235a,1472,0.000031538390
0x235b,1472,0.000031538390
0x235e,1472,0.000031538390
0x235f,1472,0.000031538390
0x2360,1472,0.000031538390
0x2361,1472,0.000031538390
0x2362,1472,0.000031538390
0x2364,1472,0.000031538390
0x2365,1472,0.000031538390
0x2366,1472,0.000031538390
0x2368,1472,0.000031538390
0x2369,1472,0.000031538390
0x236a,1472,0.000031538390
0x236b,1472,0.000031538390
0x236c,1472,0.000031538390
0x236e,1472,0.000031538390
0x2370,1472,0.000031538390
0x2373,1322,0.000028324559
0x2375,1322,0.000028324559
0x2377,1322,0.000028324559
0x237a,1322,0.000028324559
0x237b,150,0.000003213830
0x237c,150,0.000003213830
0x237e,150,0.000003213830
0x237f,150,0.000003213830
0x2381,150,0.000003213830
0x2384,150,0.000003213830
0x2385,150,0.000003213830
0x2386,150,0.000003213830
0x2387,150,0.000003213830
0x2389,150,0.000003213830
0x238a,42,0.000000899873
0x238c,42,0.000000899873
0x238d,42,0.000000899873
0x238e,42,0.000000899873
0x2390,42,0.000000899873
0x2391,36,0.000000771319
0x2393,36,0.000000771319
0x23d6,7770,0.000166476419
0x23d9,7770,0.000166476419
0x23da,7770,0.000166476419
0x23dc,7770,0.000166476419
0x23de,7770,0.000166476419
0x23e1,5702,0.000122168409
0x23e3,5702,0.000122168409
0x23e6,4422,0.000094743722
0x23e8,4422,0.000094743722
0x23eb,3166,0.000067833249
0x23ed,3166,0.000067833249
0x23f0,2090,0.000044779371
0x23f2,2090,0.000044779371
0x23f3,1765,0.000037816072
0x23f5,1765,0.000037816072
0x23f8,1644,0.000035223582
0x23fb,1644,0.000035223582
0x2476,59,0.000001264107
0x2477,59,0.000001264107
0x2478,59,0.000001264107
0x247b,59,0.000001264107
0x247d,59,0.000001264107
0x247e,59,0.000001264107
0x2481,59,0.000001264107
0x2483,59,0.000001264107
0x2484,59,0.000001264107
0x2485,59,0.000001264107
0x2487,59,0.000001264107
0x2488,59,0.000001264107
0x2489,59,0.000001264107
0x248a,59,0.000001264107
0x248c,59,0.000001264107
0x248d,59,0.000001264107
0x248f,59,0.000001264107
0x2490,59,0.000001264107
0x2493,59,0.000001264107
0x2495,59,0.000001264107
0x2496,59,0.000001264107
0x2497,59,0.000001264107
0x2498,53,0.000001135553
0x2499,53,0.000001135553
0x249a,53,0.000001135553
0x249b,38,0.000000814170
0x249c,38,0.000000814170
0x249d,38,0.000000814170
0x249e,22,0.000000471362
0x249f,22,0.000000471362
0x24a0,12111,0.000259484673
0x24a3,12111,0.000259484673
0x24a5,12111,0.000259484673
0x24a7,12111,0.000259484673
0x24a8,7500,0.000160691524
0x24ab,7500,0.000160691524
0x24ae,7500,0.000160691524
0x24b1,7500,0.000160691524
0x24b4,7500,0.000160691524
0x24b6,7500,0.000160691524
0x24b8,7500,0.000160691524
0x24b9,1874,0.000040151455
0x24c4,6054,0.000129710198
0x24c7,6054,0.000129710198
0x24c9,6054,0.000129710198
0x24cb,6054,0.000129710198
0x24ce,3750,0.000080345762
0x24d1,3750,0.000080345762
0x24d4,3750,0.000080345762
0x24d5,3750,0.000080345762
0x24d6,3750,0.000080345762
0x24d8,3750,0.000080345762
0x24db,2813,0.000060270034
0x24e0,3750,0.000080345762
0x24e3,3750,0.000080345762
0x24e5,3750,0.000080345762
0x24e6,235,0.000005035001
0x24e9,235,0.000005035001
0x24eb,235,0.000005035001
0x24ec,235,0.000005035001
0x24f2,1874,0.000040151455
0x24f5,1874,0.000040151455
0x24f7,1874,0.000040151455
0x24f8,1874,0.000040151455
0x24f9,1874,0.000040151455
0x24fc,1874,0.000040151455
0x24fe,1874,0.000040151455
0x24ff,1874,0.000040151455
0x2500,541,0.000011591215
0x2503,541,0.000011591215
0x2504,541,0.000011591215
0x2505,426,0.000009127279
0x2508,426,0.000009127279
0x2509,426,0.000009127279
0x250a,105,0.000002249681
0x250b,105,0.000002249681
0x250d,105,0.000002249681
0x250e,105,0.000002249681
0x2511,105,0.000002249681
0x2512,105,0.000002249681
0x2513,105,0.000002249681
0x2515,105,0.000002249681
0x2517,105,0.000002249681
0x2518,105,0.000002249681
0x2519,105,0.000002249681
0x251a,105,0.000002249681
0x2560,3275,0.000070168632
0x2563,3275,0.000070168632
0x2564,3275,0.000070168632
0x2566,3275,0.000070168632
0x2567,3275,0.000070168632
0x2568,3275,0.000070168632
0x2569,3275,0.000070168632
0x256a,3275,0.000070168632
0x256b,3275,0.000070168632
0x256d,3275,0.000070168632
0x256e,3275,0.000070168632
0x2570,3275,0.000070168632
0x2572,3275,0.000070168632
0x2575,3275,0.000070168632
0x2576,3275,0.000070168632
0x2577,3275,0.000070168632
0x2578,3275,0.000070168632
0x2579,3275,0.000070168632
0x257b,3275,0.000070168632
0x257c,3275,0.000070168632
0x257f,3275,0.000070168632
0x2581,3275,0.000070168632
0x2582,3275,0.000070168632
0x2585,3275,0.000070168632
0x2587,3275,0.000070168632
0x2588,26002,0.000557106800
0x2589,26002,0.000557106800
0x258c,25926,0.000555478459
0x258d,25926,0.000555478459
0x258e,25926,0.000555478459
0x2590,25926,0.000555478459
0x2591,25926,0.000555478459
0x2592,25926,0.000555478459
0x2595,3199,0.000068540291
0x2596,26002,0.000557106800
0x2597,26002,0.000557106800
0x2599,26002,0.000557106800
0x259a,18672,0.000400057618
0x259b,18672,0.000400057618
0x259c,18672,0.000400057618
0x259e,18672,0.000400057618
0x259f,18672,0.000400057618
0x25a1,18672,0.000400057618
0x25a2,17288,0.000370404675
0x25a3,17288,0.000370404675
0x25a4,17288,0.000370404675
0x25a5,17288,0.000370404675
0x25a6,10930,0.000234181114
0x25a7,10930,0.000234181114
0x25a8,2743,0.000058770247
0x25a9,2743,0.000058770247
0x25aa,2743,0.000058770247
0x25ab,2743,0.000058770247
0x25ac,2689,0.000057613268
0x25ae,2689,0.000057613268
0x25af,76,0.000001628341
0x25b0,76,0.000001628341
0x25b1,76,0.000001628341
0x25b2,76,0.000001628341
0x25b3,76,0.000001628341
0x25b4,76,0.000001628341
0x25b5,76,0.000001628341
0x25b6,76,0.000001628341
0x25b7,386,0.000008270257
0x25ba,386,0.000008270257
0x25bc,386,0.000008270257
0x25be,386,0.000008270257
0x25ca,386,0.000008270257
0x25cd,918,0.000019668643
0x25ce,918,0.000019668643
0x25d0,918,0.000019668643
0x25d3,714,0.000015297833
0x25d4,714,0.000015297833
0x25d6,714,0.000015297833
0x25d7,714,0.000015297833
0x25d8,714,0.000015297833
0x25db,182,0.000003899448
0x25dc,182,0.000003899448
0x25dd,182,0.000003899448
0x25e0,204,0.000004370809
0x25e1,204,0.000004370809
0x25e3,204,0.000004370809
0x25e4,204,0.000004370809
0x25e5,204,0.000004370809
0x25e7,204,0.000004370809
0x25e8,204,0.000004370809
0x25ea,204,0.000004370809
0x25eb,204,0.000004370809
0x25ec,204,0.000004370809
0x25ed,204,0.000004370809
0x25ef,204,0.000004370809
0x25f0,204,0.000004370809
0x25f1,204,0.000004370809
0x25f3,204,0.000004370809
0x25f4,204,0.000004370809
0x25f6,204,0.000004370809
0x25f7,204,0.000004370809
0x25f8,204,0.000004370809
0x25f9,204,0.000004370809
0x25fa,204,0.000004370809
0x25fb,204,0.000004370809
0x25fc,204,0.000004370809
0x25fd,204,0.000004370809
0x2600,4228,0.000090587168
0x2601,4228,0.000090587168
0x2602,4228,0.000090587168
0x2603,4228,0.000090587168
0x2604,4228,0.000090587168
0x2605,4228,0.000090587168
0x2608,4228,0.000090587168
0x2609,4228,0.000090587168
0x260a,4228,0.000090587168
0x260b,4228,0.000090587168
0x260c,4228,0.000090587168
0x260e,4228,0.000090587168
0x2611,4228,0.000090587168
0x2612,4228,0.000090587168
0x2613,4228,0.000090587168
0x2616,4228,0.000090587168
0x2617,4228,0.000090587168
0x261a,2323,0.000049771521
0x261d,2323,0.000049771521
0x261e,2323,0.000049771521
0x2620,2323,0.000049771521
0x2621,2323,0.000049771521
0x2624,2323,0.000049771521
0x2625,2323,0.000049771521
0x2626,2323,0.000049771521
0x2628,2323,0.000049771521
0x2629,2323,0.000049771521
0x262b,2323,0.000049771521
0x262c,2323,0.000049771521
0x262e,2323,0.000049771521
0x262f,2323,0.000049771521
0x2630,2323,0.000049771521
0x2631,2323,0.000049771521
0x2633,2323,0.000049771521
0x2634,2323,0.000049771521
0x2635,2323,0.000049771521
0x2638,2323,0.000049771521
0x2639,4228,0.000090587168
0x263c,4228,0.000090587168
0x263f,4228,0.000090587168
0x2642,4228,0.000090587168
0x2643,4228,0.000090587168
0x2646,2114,0.000045293584
0x2649,2114,0.000045293584
0x2650,1905,0.000040815647
0x2651,1905,0.000040815647
0x2654,1905,0.000040815647
0x2655,1905,0.000040815647
0x2656,1905,0.000040815647
0x2658,1905,0.000040815647
0x2659,1905,0.000040815647
0x265b,1905,0.000040815647
0x265c,1905,0.000040815647
0x265e,1905,0.000040815647
0x2661,1905,0.000040815647
0x2662,1905,0.000040815647
0x2668,2114,0.000045293584
0x266b,2114,0.000045293584
0x266c,2114,0.000045293584
0x266d,2114,0.000045293584
0x2670,2114,0.000045293584
0x2672,2114,0.000045293584
0x2676,2114,0.000045293584
0x2678,2114,0.000045293584
0x267c,2114,0.000045293584
0x267f,2114,0.000045293584
0x2681,2114,0.000045293584
0x2684,2114,0.000045293584
0x2685,2114,0.000045293584
0x2688,2114,0.000045293584
0x268a,2114,0.000045293584
0x268b,2114,0.000045293584
0x268d,2114,0.000045293584
0x268e,2114,0.000045293584
0x268f,2114,0.000045293584
0x2692,2108,0.000045165031
0x2693,2114,0.000045293584
0x2694,2114,0.000045293584
0x2697,2114,0.000045293584
0x2699,2114,0.000045293584
0x269c,678,0.000014526514
0x269d,2114,0.000045293584
0x269f,2114,0.000045293584
0x26a2,306,0.000006556214
0x26a3,2114,0.000045293584
0x26a4,2114,0.000045293584
0x26a7,2114,0.000045293584
0x26aa,2114,0.000045293584
0x26ad,2114,0.000045293584
0x26ae,2114,0.000045293584
0x26af,2114,0.000045293584
0x26b0,2114,0.000045293584
0x26b1,361,0.000007734619
0x26b2,361,0.000007734619
0x26b4,361,0.000007734619
0x26b5,361,0.000007734619
0x26b7,361,0.000007734619
0x26b8,361,0.000007734619
0x26ba,361,0.000007734619
0x26bb,59,0.000001264107
0x26bc,59,0.000001264107
0x26bd,59,0.000001264107
0x26be,59,0.000001264107
0x26bf,59,0.000001264107
0x26c2,59,0.000001264107
0x26c4,59,0.000001264107
0x26c6,59,0.000001264107
0x26c7,59,0.000001264107
0x26c8,59,0.000001264107
0x26ca,59,0.000001264107
0x26cb,59,0.000001264107
0x26cc,59,0.000001264107
0x26d0,2114,0.000045293584
0x26d3,2114,0.000045293584
0x26d6,2114,0.000045293584
0x26d9,16912,0.000362348673
0x26da,16912,0.000362348673
0x26db,16912,0.000362348673
0x26de,10270,0.000220040260
0x26df,10270,0.000220040260
0x26e0,10270,0.000220040260
0x26e3,1922,0.000041179881
0x26e4,10270,0.000220040260
0x26e5,16912,0.000362348673
0x26e6,16912,0.000362348673
0x26e7,16912,0.000362348673
0x26e8,16912,0.000362348673
0x26e9,16912,0.000362348673
0x26eb,16912,0.000362348673
0x26ee,2114,0.000045293584
0x26f1,2114,0.000045293584
0x26f2,2114,0.000045293584
0x26f3,2114,0.000045293584
0x26f5,2114,0.000045293584
0x26f8,2114,0.000045293584
0x26f9,2114,0.000045293584
0x26fa,2114,0.000045293584
0x26fd,2114,0.000045293584
0x2700,9068,0.000194286765
0x2703,9068,0.000194286765
0x2704,9068,0.000194286765
0x2705,9068,0.000194286765
0x2706,9067,0.000194265339
0x2707,9067,0.000194265339
0x2708,9067,0.000194265339
0x270a,9067,0.000194265339
0x270b,9067,0.000194265339
0x270c,9067,0.000194265339
0x270e,9067,0.000194265339
0x270f,9067,0.000194265339
0x2711,9067,0.000194265339
0x2714,9067,0.000194265339
0x2717,36268,0.000777061358
0x271a,36268,0.000777061358
0x271b,36268,0.000777061358
0x271c,36268,0.000777061358
0x271d,36268,0.000777061358
0x271e,36268,0.000777061358
0x2720,36268,0.000777061358
0x2723,9067,0.000194265339
0x2725,9067,0.000194265339
0x2728,9067,0.000194265339
0x272a,9067,0.000194265339
0x2739,9067,0.000194265339
0x273c,9067,0.000194265339
0x273d,9067,0.000194265339
0x2740,9067,0.000194265339
0x2743,9067,0.000194265339
0x2748,36268,0.000777061358
0x2749,36268,0.000777061358
0x274a,36268,0.000777061358
0x274c,36268,0.000777061358
0x274d,113,0.000002421086
0x274e,113,0.000002421086
0x274f,113,0.000002421086
0x2750,56,0.000001199830
0x2751,56,0.000001199830
0x2752,56,0.000001199830
0x2753,56,0.000001199830
0x2754,56,0.000001199830
0x2755,56,0.000001199830
0x2757,56,0.000001199830
0x2758,56,0.000001199830
0x2759,56,0.000001199830
0x275b,56,0.000001199830
0x275c,56,0.000001199830
0x275f,56,0.000001199830
0x2760,56,0.000001199830
0x2761,56,0.000001199830
0x2764,56,0.000001199830
0x2768,56,0.000001199830
0x2769,56,0.000001199830
0x276c,56,0.000001199830
0x276e,56,0.000001199830
0x2771,56,0.000001199830
0x2772,56,0.000001199830
0x2778,56,0.000001199830
0x277b,56,0.000001199830
0x277c,56,0.000001199830
0x277f,56,0.000001199830
0x2780,56,0.000001199830
0x2781,56,0.000001199830
0x2782,56,0.000001199830
0x2783,56,0.000001199830
0x2784,56,0.000001199830
0x2785,56,0.000001199830
0x2786,56,0.000001199830
0x2789,56,0.000001199830
0x278a,1,0.000000021426
0x278d,1,0.000000021426
0x278f,1,0.000000021426
0x2790,1,0.000000021426
0x2791,1,0.000000021426
0x2794,1,0.000000021426
0x2796,1,0.000000021426
0x2799,1,0.000000021426
0x279b,1,0.000000021426
0x279c,1,0.000000021426
0x279e,1,0.000000021426
0x279f,1,0.000000021426
0x27a0,1,0.000000021426
0x27a1,1,0.000000021426
0x27a2,1,0.000000021426
0x27a3,1,0.000000021426
0x27a4,1,0.000000021426
0x27a8,9067,0.000194265339
0x27ab,9067,0.000194265339
0x27ac,9067,0.000194265339
0x27af,9067,0.000194265339
0x27b0,9067,0.000194265339
0x27b1,9067,0.000194265339
0x27b4,9067,0.000194265339
0x27b6,9067,0.000194265339
0x27b7,9067,0.000194265339
0x27b8,9067,0.000194265339
0x27ba,9067,0.000194265339
0x27bd,8683,0.000186037933
0x27c0,8683,0.000186037933
0x27c1,8683,0.000186037933
0x27c2,8683,0.000186037933
0x27c5,8619,0.000184666699
0x27c7,8619,0.000184666699
0x27c8,8619,0.000184666699
0x27c9,8619,0.000184666699
0x27ca,4413,0.000094550893
0x27cc,4413,0.000094550893
0x27cf,4235,0.000090737147
0x27d0,4235,0.000090737147
0x27d2,4235,0.000090737147
0x27d3,4235,0.000090737147
0x27d5,4235,0.000090737147
0x27d6,4235,0.000090737147
0x27d8,178,0.000003813745
0x27da,178,0.000003813745
0x27dc,178,0.000003813745
0x27dd,178,0.000003813745
0x27df,178,0.000003813745
0x27e0,178,0.000003813745
0x27e2,64,0.000001371234
0x27e4,64,0.000001371234
0x27e9,64,0.000001371234
0x27ea,64,0.000001371234
0x27ec,64,0.000001371234
0x27ee,64,0.000001371234
0x3000,3281,0.000070297185
0x3003,3281,0.000070297185
0x3004,3281,0.000070297185
0x3005,3281,0.000070297185
0x3007,3281,0.000070297185
0x300a,3281,0.000070297185
0x300b,3281,0.000070297185
0x300c,3281,0.000070297185
0x300d,3281,0.000070297185
0x300e,3281,0.000070297185
0x300f,3281,0.000070297185
0x3010,3281,0.000070297185
0x3011,3281,0.000070297185
0x3012,407,0.000008720193
0x3028,415,0.000008891598
0x302b,415,0.000008891598
0x302c,415,0.000008891598
0x302e,415,0.000008891598
0x302f,415,0.000008891598
0x3031,415,0.000008891598
0x3032,415,0.000008891598
0x3034,415,0.000008891598
0x3035,339,0.000007263257
0x3037,339,0.000007263257
0x3038,339,0.000007263257
0x3039,339,0.000007263257
0x303c,323,0.000006920448
0x303d,323,0.000006920448
0x303e,5,0.000000107128
0x303f,5,0.000000107128
0x3040,5,0.000000107128
0x3042,5,0.000000107128
0x3044,5,0.000000107128
0x3046,5,0.000000107128
0x3048,5,0.000000107128
0x3049,5,0.000000107128
0x304b,5,0.000000107128
0x304d,5,0.000000107128
0x304f,5,0.000000107128
0x3050,5,0.000000107128
0x3052,5,0.000000107128
0x3055,5,0.000000107128
0x3056,5,0.000000107128
0x3057,4,0.000000085702
0x3059,4,0.000000085702
0x305c,16,0.000000342809
0x305f,16,0.000000342809
0x3062,16,0.000000342809
0x3063,16,0.000000342809
0x3064,16,0.000000342809
0x3065,16,0.000000342809
0x3066,16,0.000000342809
0x3067,16,0.000000342809
0x3068,16,0.000000342809
0x306a,16,0.000000342809
0x306c,16,0.000000342809
0x306d,16,0.000000342809
0x3074,75,0.000001606915
0x3077,75,0.000001606915
0x3078,75,0.000001606915
0x3079,75,0.000001606915
0x307a,75,0.000001606915
0x307c,75,0.000001606915
0x307d,75,0.000001606915
0x307f,75,0.000001606915
0x3080,75,0.000001606915
0x3081,75,0.000001606915
0x3082,75,0.000001606915
0x3084,75,0.000001606915
0x3089,75,0.000001606915
0x308a,75,0.000001606915
0x308b,75,0.000001606915
0x308c,75,0.000001606915
0x308d,75,0.000001606915
0x308f,75,0.000001606915
0x3090,75,0.000001606915
0x3092,75,0.000001606915
0x3093,75,0.000001606915
0x3094,75,0.000001606915
0x3095,75,0.000001606915
0x3098,75,0.000001606915
0x309a,75,0.000001606915
0x309d,5,0.000000107128
0x309f,75,0.000001606915
0x30a0,75,0.000001606915
0x30a1,75,0.000001606915
0x30a4,75,0.000001606915
0x30a6,75,0.000001606915
0x30a7,75,0.000001606915
0x30a8,75,0.000001606915
0x30aa,6014,0.000128853177
0x30ad,6014,0.000128853177
0x30ae,6014,0.000128853177
0x30af,6014,0.000128853177
0x30b0,6014,0.000128853177
0x30b1,6014,0.000128853177
0x30b3,6014,0.000128853177
0x30b5,6014,0.000128853177
0x30b6,6014,0.000128853177
0x30b8,6014,0.000128853177
0x30ba,410,0.000008784470
0x30bd,410,0.000008784470
0x30c0,410,0.000008784470
0x30c3,410,0.000008784470
0x30c6,410,0.000008784470
0x30c8,410,0.000008784470
0x30c9,410,0.000008784470
0x30ca,410,0.000008784470
0x30cb,259,0.000005549214
0x30cd,259,0.000005549214
0x30ce,259,0.000005549214
0x30cf,259,0.000005549214
0x30d2,200,0.000004285107
0x30d3,200,0.000004285107
0x30d4,51,0.000001092702
0x30d6,51,0.000001092702
0x30d8,51,0.000001092702
0x30da,1230,0.000026353410
0x30db,1230,0.000026353410
0x30dc,1230,0.000026353410
0x30dd,1230,0.000026353410
0x30de,576,0.000012341109
0x30df,576,0.000012341109
0x30e4,59,0.000001264107
0x30e7,59,0.000001264107
0x30ea,59,0.000001264107
0x30eb,59,0.000001264107
0x30ed,59,0.000001264107
0x30f2,59,0.000001264107
0x30f3,59,0.000001264107
0x30f5,59,0.000001264107
0x30f6,59,0.000001264107
0x30f7,59,0.000001264107
0x30f8,59,0.000001264107
0x30fa,59,0.000001264107
0x30fc,59,0.000001264107
0x30ff,59,0.000001264107
0x3102,59,0.000001264107
0x3105,59,0.000001264107
0x3106,59,0.000001264107
0x3107,59,0.000001264107
0x3108,59,0.000001264107
0x310a,59,0.000001264107
0x310c,59,0.000001264107
0x310e,59,0.000001264107
0x310f,59,0.000001264107
0x3112,177,0.000003792320
0x3113,177,0.000003792320
0x3114,177,0.000003792320
0x3115,177,0.000003792320
0x3116,108,0.000002313958
0x3117,108,0.000002313958
0x3118,108,0.000002313958
0x311a,108,0.000002313958
0x311b,108,0.000002313958
0x311c,108,0.000002313958
0x311d,108,0.000002313958
0x311e,59,0.000001264107
0x311f,59,0.000001264107
0x3121,59,0.000001264107
0x3124,410,0.000008784470
0x3127,410,0.000008784470
0x3128,410,0.000008784470
0x312a,410,0.000008784470
0x312b,51,0.000001092702
0x312d,51,0.000001092702
0x312f,51,0.000001092702
0x3130,51,0.000001092702
0x3131,51,0.000001092702
0x3132,51,0.000001092702
0x3134,51,0.000001092702
0x3136,51,0.000001092702
0x3138,51,0.000001092702
0x313d,51,0.000001092702
0x313f,51,0.000001092702
0x3140,51,0.000001092702
0x3141,51,0.000001092702
0x3144,51,0.000001092702
0x3145,51,0.000001092702
0x3146,51,0.000001092702
0x3149,34,0.000000728468
0x314b,51,0.000001092702
0x314d,51,0.000001092702
0x314e,51,0.000001092702
0x315a,410,0.000008784470
0x315d,410,0.000008784470
0x315e,410,0.000008784470
0x3160,410,0.000008784470
0x3161,121,0.000002592490
0x3164,121,0.000002592490
0x3165,121,0.000002592490
0x3166,121,0.000002592490
0x3167,121,0.000002592490
0x3169,121,0.000002592490
0x316a,121,0.000002592490
0x316c,121,0.000002592490
0x316d,121,0.000002592490
0x316e,121,0.000002592490
0x316f,121,0.000002592490
0x3171,121,0.000002592490
0x3172,121,0.000002592490
0x3174,121,0.000002592490
0x3176,121,0.000002592490
0x3177,121,0.000002592490
0x3178,121,0.000002592490
0x3179,1269,0.000027189006
0x317c,1219,0.000026117729
0x317d,1219,0.000026117729
0x317e,1219,0.000026117729
0x317f,1219,0.000026117729
0x3180,1219,0.000026117729
0x3181,1219,0.000026117729
0x3182,1219,0.000026117729
0x3183,1219,0.000026117729
0x3186,75,0.000001606915
0x3188,75,0.000001606915
0x318a,1219,0.000026117729
0x318b,1219,0.000026117729
0x318e,71,0.000001521213
0x3192,1269,0.000027189006
0x3193,1269,0.000027189006
0x3195,1269,0.000027189006
0x3196,897,0.000019218706
0x3199,897,0.000019218706
0x319a,897,0.000019218706
0x319b,50,0.000001071277
0x319e,50,0.000001071277
0x319f,50,0.000001071277
0x31a0,50,0.000001071277
0x31a1,50,0.000001071277
0x31a2,50,0.000001071277
0x31a3,50,0.000001071277
0x31a4,50,0.000001071277
0x31a7,50,0.000001071277
0x31a9,50,0.000001071277
0x31ac,50,0.000001071277
0x31ad,50,0.000001071277
0x31b4,407,0.000008720193
0x31b7,407,0.000008720193
0x31b9,407,0.000008720193
0x31ba,48,0.000001028426
0x31bd,48,0.000001028426
0x31bf,48,0.000001028426
0x31c0,48,0.000001028426
0x31c2,48,0.000001028426
0x31c3,48,0.000001028426
0x31c5,48,0.000001028426
0x31c6,48,0.000001028426
0x31c7,48,0.000001028426
0x31c8,48,0.000001028426
0x31cb,48,0.000001028426
0x31cd,48,0.000001028426
0x31ce,48,0.000001028426
0x31d1,20,0.000000428511
0x31d2,20,0.000000428511
0x31d3,20,0.000000428511
0x31d4,20,0.000000428511
0x31d6,48,0.000001028426
0x31d7,48,0.000001028426
0x31d8,48,0.000001028426
0x31d9,48,0.000001028426
0x31da,48,0.000001028426
0x31dc,48,0.000001028426
0x31de,48,0.000001028426
0x31df,48,0.000001028426
0x31e1,48,0.000001028426
0x31e2,48,0.000001028426
0x31e3,48,0.000001028426
0x31e4,48,0.000001028426
0x31e5,48,0.000001028426
0x31e6,48,0.000001028426
0x31e7,48,0.000001028426
0x31e8,48,0.000001028426
0x31e9,48,0.000001028426
0x31ec,48,0.000001028426
0x31ed,48,0.000001028426
0x31f0,48,0.000001028426
0x31f1,48,0.000001028426
0x31f2,48,0.000001028426
0x31f4,48,0.000001028426
0x31f5,48,0.000001028426
0x31f7,48,0.000001028426
0x31f8,48,0.000001028426
0x31fb,48,0.000001028426
0x31fd,48,0.000001028426
0x31fe,48,0.000001028426
0x31ff,48,0.000001028426
0x3201,48,0.000001028426
0x3202,48,0.000001028426
0x3203,48,0.000001028426
0x3204,48,0.000001028426
0x3207,48,0.000001028426
0x3209,48,0.000001028426
0x320a,48,0.000001028426
0x320b,48,0.000001028426
0x320c,48,0.000001028426
0x320d,48,0.000001028426
0x3210,48,0.000001028426
0x3213,48,0.000001028426
0x3215,48,0.000001028426
0x3216,34,0.000000728468
0x3217,34,0.000000728468
0x3219,34,0.000000728468
0x321b,34,0.000000728468
0x321c,2,0.000000042851
0x321e,2,0.000000042851
0x3220,2,0.000000042851
0x322c,407,0.000008720193
0x322f,407,0.000008720193
0x3231,407,0.000008720193
0x3232,81,0.000001735468
0x3235,81,0.000001735468
0x3238,81,0.000001735468
0x323b,81,0.000001735468
0x323c,81,0.000001735468
0x323f,81,0.000001735468
0x3240,913,0.000019561515
0x3241,913,0.000019561515
0x3243,913,0.000019561515
0x3246,457,0.000009791470
0x3247,457,0.000009791470
0x3248,457,0.000009791470
0x3249,381,0.000008163129
0x324a,381,0.000008163129
0x324b,381,0.000008163129
0x324c,381,0.000008163129
0x324d,381,0.000008163129
0x324e,837,0.000017933174
0x324f,837,0.000017933174
0x3250,837,0.000017933174
0x3251,837,0.000017933174
0x3253,837,0.000017933174
0x3254,837,0.000017933174
0x3256,837,0.000017933174
0x3259,5,0.000000107128
0x325b,5,0.000000107128
0x325e,5,0.000000107128
0x3264,415,0.000008891598
0x3267,415,0.000008891598
0x3268,415,0.000008891598
0x326b,415,0.000008891598
0x326c,415,0.000008891598
0x326e,415,0.000008891598
0x326f,415,0.000008891598
0x3271,415,0.000008891598
0x3272,415,0.000008891598
0x3274,415,0.000008891598
0x3275,53,0.000001135553
0x3277,53,0.000001135553
0x3279,53,0.000001135553
0x327a,53,0.000001135553
0x327b,53,0.000001135553
0x327c,53,0.000001135553
0x327e,53,0.000001135553
0x3281,53,0.000001135553
0x3282,53,0.000001135553
0x3285,53,0.000001135553
0x3286,53,0.000001135553
0x3287,53,0.000001135553
0x3289,53,0.000001135553
0x328a,53,0.000001135553
0x328b,53,0.000001135553
0x328d,53,0.000001135553
0x328e,53,0.000001135553
0x328f,164,0.000003513788
0x3290,164,0.000003513788
0x3291,164,0.000003513788
0x3292,164,0.000003513788
0x3295,149,0.000003192405
0x3296,149,0.000003192405
0x3297,149,0.000003192405
0x329a,135,0.000002892447
0x329b,135,0.000002892447
0x329e,135,0.000002892447
0x329f,135,0.000002892447
0x32a0,135,0.000002892447
0x32a3,135,0.000002892447
0x32a4,164,0.000003513788
0x32a5,164,0.000003513788
0x32a6,164,0.000003513788
0x32a9,6,0.000000128553
0x32ab,164,0.000003513788
0x32ac,164,0.000003513788
0x32af,53,0.000001135553
0x32b0,39,0.000000835596
0x32b3,39,0.000000835596
0x32b5,39,0.000000835596
0x32b8,39,0.000000835596
0x32ba,39,0.000000835596
0x32bc,39,0.000000835596
0x32bf,39,0.000000835596
0x32c2,39,0.000000835596
0x32c3,39,0.000000835596
0x32c4,11,0.000000235681
0x32c5,11,0.000000235681
0x32c6,11,0.000000235681
0x32c7,11,0.000000235681
0x32c8,11,0.000000235681
0x32cb,11,0.000000235681
0x32cd,11,0.000000235681
0x32d0,11,0.000000235681
0x32d2,11,0.000000235681
0x32d4,11,0.000000235681
0x32d6,11,0.000000235681
0x32d7,11,0.000000235681
0x32d9,11,0.000000235681
0x32da,11,0.000000235681
0x32dc,11,0.000000235681
0x32dd,11,0.000000235681
0x32de,11,0.000000235681
0x32e1,11,0.000000235681
0x32e2,11,0.000000235681
0x32e3,11,0.000000235681
0x32e6,2,0.000000042851
0x32e7,2,0.000000042851
0x32e9,2,0.000000042851
0x32ea,2,0.000000042851
0x3400,4228,0.000090587168
0x3403,4228,0.000090587168
0x3406,4228,0.000090587168
0x3409,4228,0.000090587168
0x340c,4228,0.000090587168
0x340f,4228,0.000090587168
0x3412,4228,0.000090587168
0x3413,4228,0.000090587168
0x3416,3845,0.000082381188
0x3418,3845,0.000082381188
0x341b,975,0.000020889898
0x341e,975,0.000020889898
0x3421,975,0.000020889898
0x3424,975,0.000020889898
0x3427,975,0.000020889898
0x342a,975,0.000020889898
0x342d,975,0.000020889898
0x342e,975,0.000020889898
0x3431,488,0.000010455662
0x3434,488,0.000010455662
0x3438,2870,0.000061491290
0x343b,2870,0.000061491290
0x343c,2870,0.000061491290
0x343f,1434,0.000030724219
0x3442,1434,0.000030724219
0x3445,1434,0.000030724219
0x3448,1434,0.000030724219
0x344b,1434,0.000030724219
0x3452,1436,0.000030767070
0x3455,1436,0.000030767070
0x3458,1436,0.000030767070
0x345b,1436,0.000030767070
0x3462,383,0.000008205980
0x3465,383,0.000008205980
0x3466,383,0.000008205980
0x3467,192,0.000004113703
0x346a,192,0.000004113703
0x346d,192,0.000004113703
0x3474,2409,0.000051614117
0x3477,9636,0.000206456470
0x3478,9636,0.000206456470
0x347b,9636,0.000206456470
0x347c,9636,0.000206456470
0x347d,9636,0.000206456470
0x347f,9636,0.000206456470
0x3480,9636,0.000206456470
0x3482,9636,0.000206456470
0x3485,2409,0.000051614117
0x3486,2411,0.000051656969
0x3489,9644,0.000206627874
0x348a,9644,0.000206627874
0x348d,9644,0.000206627874
0x348e,9644,0.000206627874
0x348f,9644,0.000206627874
0x3491,9644,0.000206627874
0x3492,9644,0.000206627874
0x3494,9644,0.000206627874
0x3497,2411,0.000051656969
0x3498,2409,0.000051614117
0x349b,9636,0.000206456470
0x349c,9636,0.000206456470
0x349f,9636,0.000206456470
0x34a0,9636,0.000206456470
0x34a1,9636,0.000206456470
0x34a3,9636,0.000206456470
0x34a4,9636,0.000206456470
0x34a6,9636,0.000206456470
0x34a9,2409,0.000051614117
0x34aa,2411,0.000051656969
0x34ad,9644,0.000206627874
0x34ae,9644,0.000206627874
0x34b1,9644,0.000206627874
0x34b2,9644,0.000206627874
0x34b3,9644,0.000206627874
0x34b5,9644,0.000206627874
0x34b6,9644,0.000206627874
0x34b8,9644,0.000206627874
0x34bb,2411,0.000051656969
0x34c0,19984,0.000428167921
0x34c1,19984,0.000428167921
0x34c2,19984,0.000428167921
0x34c3,12103,0.000259313268
0x34c4,12103,0.000259313268
0x34c6,12103,0.000259313268
0x34c7,12103,0.000259313268
0x34c9,12103,0.000259313268
0x34ca,12103,0.000259313268
0x34cb,12103,0.000259313268
0x34cc,12103,0.000259313268
0x34cd,12103,0.000259313268
0x34ce,12103,0.000259313268
0x34cf,12103,0.000259313268
0x34d0,12103,0.000259313268
0x34d1,12103,0.000259313268
0x34d2,12103,0.000259313268
0x34d3,12103,0.000259313268
0x34d4,12103,0.000259313268
0x34d5,12103,0.000259313268
0x34d7,12103,0.000259313268
0x34d8,12103,0.000259313268
0x34da,12103,0.000259313268
0x34db,12103,0.000259313268
0x34dc,12103,0.000259313268
0x34dd,12103,0.000259313268
0x34de,12132,0.000259934609
0x34df,12132,0.000259934609
0x34e1,12132,0.000259934609
0x34e4,2200,0.000047136180
0x34e5,2200,0.000047136180
0x34e7,2200,0.000047136180
0x34ea,972,0.000020825621
0x34ec,972,0.000020825621
0x34ed,972,0.000020825621
0x34ee,972,0.000020825621
0x34f0,972,0.000020825621
0x34f1,972,0.000020825621
0x34f3,972,0.000020825621
0x34f6,588,0.000012598215
0x34f8,588,0.000012598215
0x34f9,588,0.000012598215
0x34fa,588,0.000012598215
0x34fc,588,0.000012598215
0x34fd,588,0.000012598215
0x34ff,588,0.000012598215
0x3509,972,0.000020825621
0x350a,972,0.000020825621
0x350b,972,0.000020825621
0x350c,12132,0.000259934609
0x350e,12132,0.000259934609
0x350f,12132,0.000259934609
0x3512,12132,0.000259934609
0x3513,12132,0.000259934609
0x3515,12132,0.000259934609
0x3516,12132,0.000259934609
0x3518,12132,0.000259934609
0x3519,12132,0.000259934609
0x3520,959,0.000020547090
0x3521,959,0.000020547090
0x3522,959,0.000020547090
0x3523,959,0.000020547090
0x3524,959,0.000020547090
0x3525,959,0.000020547090
0x3526,959,0.000020547090
0x3527,959,0.000020547090
0x3528,3885,0.000083238209
0x3529,3885,0.000083238209
0x352a,3885,0.000083238209
0x352b,3885,0.000083238209
0x352c,3885,0.000083238209
0x352d,3885,0.000083238209
0x352e,3885,0.000083238209
0x352f,3885,0.000083238209
0x3530,4836,0.000103613895
0x3531,4836,0.000103613895
0x3532,4836,0.000103613895
0x3533,4836,0.000103613895
0x3534,4836,0.000103613895
0x3535,4836,0.000103613895
0x3536,4836,0.000103613895
0x3537,4836,0.000103613895
0x3538,5619,0.000120390090
0x3539,5619,0.000120390090
0x353a,5619,0.000120390090
0x353b,5619,0.000120390090
0x353c,5619,0.000120390090
0x353d,5619,0.000120390090
0x353e,5619,0.000120390090
0x353f,5619,0.000120390090
0x3540,12116,0.000259591800
0x3541,12116,0.000259591800
0x3542,12116,0.000259591800
0x3543,12116,0.000259591800
0x3544,12116,0.000259591800
0x3545,12116,0.000259591800
0x3546,12116,0.000259591800
0x3547,12116,0.000259591800
0x3548,13102,0.000280717379
0x3549,13102,0.000280717379
0x354a,13102,0.000280717379
0x354b,13102,0.000280717379
0x354c,13102,0.000280717379
0x354d,13102,0.000280717379
0x354e,13102,0.000280717379
0x354f,13102,0.000280717379
0x3550,13210,0.000283031337
0x3551,13210,0.000283031337
0x3552,13210,0.000283031337
0x3553,13210,0.000283031337
0x3554,13210,0.000283031337
0x3555,13210,0.000283031337
0x3556,13210,0.000283031337
0x3557,13210,0.000283031337
0x3558,13210,0.000283031337
0x355a,13210,0.000283031337
0x355b,13210,0.000283031337
0x355d,13210,0.000283031337
0x3560,3845,0.000082381188
0x3563,3845,0.000082381188
0x3564,3845,0.000082381188
0x3565,3845,0.000082381188
0x3566,3845,0.000082381188
0x3567,3845,0.000082381188
0x3568,3845,0.000082381188
0x3569,3845,0.000082381188
0x356a,3845,0.000082381188
0x356d,3845,0.000082381188
0x3570,3845,0.000082381188
0x3572,3845,0.000082381188
0x3577,3845,0.000082381188
0x3579,3845,0.000082381188
0x357a,3845,0.000082381188
0x357b,3845,0.000082381188
0x357e,3845,0.000082381188
0x357f,3845,0.000082381188
0x3581,3845,0.000082381188
0x3584,2711,0.000058084629
0x3586,3845,0.000082381188
0x3587,3845,0.000082381188
0x3588,3845,0.000082381188
0x3589,3845,0.000082381188
0x358c,3845,0.000082381188
0x358d,3845,0.000082381188
0x358e,3845,0.000082381188
0x3590,3845,0.000082381188
0x3591,3845,0.000082381188
0x3593,3845,0.000082381188
0x3594,3845,0.000082381188
0x3596,3845,0.000082381188
0x3597,3845,0.000082381188
0x359a,3845,0.000082381188
0x359b,3845,0.000082381188
0x359c,3845,0.000082381188
0x359d,3845,0.000082381188
0x359f,3845,0.000082381188
0x35a2,3845,0.000082381188
0x35b0,19280,0.000413084344
0x35b1,19280,0.000413084344
0x35b2,19280,0.000413084344
0x35b3,11399,0.000244229691
0x35b4,11399,0.000244229691
0x35b5,11399,0.000244229691
0x35b6,11399,0.000244229691
0x35b7,11399,0.000244229691
0x35b8,11399,0.000244229691
0x35b9,11399,0.000244229691
0x35ba,11399,0.000244229691
0x35bd,10292,0.000220511622
0x35be,11399,0.000244229691
0x35bf,11399,0.000244229691
0x35c0,11399,0.000244229691
0x35c1,11399,0.000244229691
0x35c2,11399,0.000244229691
0x35c3,11399,0.000244229691
0x35c4,11399,0.000244229691
0x35c5,11399,0.000244229691
0x35c7,11399,0.000244229691
0x35c8,11399,0.000244229691
0x35c9,11399,0.000244229691
0x35ca,11399,0.000244229691
0x35cb,11399,0.000244229691
0x35cc,11399,0.000244229691
0x35cd,11399,0.000244229691
0x35ce,11399,0.000244229691
0x35cf,11399,0.000244229691
0x35d0,11399,0.000244229691
0x35d1,11399,0.000244229691
0x35d2,11399,0.000244229691
0x35d3,11399,0.000244229691
0x35d4,11399,0.000244229691
0x35d5,11399,0.000244229691
0x35d6,11399,0.000244229691
0x35d7,11399,0.000244229691
0x35d8,11399,0.000244229691
0x35d9,11399,0.000244229691
0x35da,11399,0.000244229691
0x35db,11399,0.000244229691
0x35e0,8866,0.000189958807
0x35e1,8866,0.000189958807
0x35e2,8866,0.000189958807
0x35e3,8866,0.000189958807
0x35e5,8866,0.000189958807
0x35e8,4501,0.000096436340
0x35e9,4501,0.000096436340
0x35ea,4501,0.000096436340
0x35eb,4501,0.000096436340
0x35ec,4501,0.000096436340
0x35ed,4501,0.000096436340
0x35ee,4501,0.000096436340
0x35ef,4501,0.000096436340
0x35f0,4501,0.000096436340
0x35f1,4501,0.000096436340
0x35f3,4501,0.000096436340
0x35f6,1303,0.000027917474
0x35f8,1303,0.000027917474
0x35f9,1303,0.000027917474
0x35fa,1303,0.000027917474
0x35fb,1303,0.000027917474
0x35fd,1303,0.000027917474
0x35fe,1303,0.000027917474
0x3601,167,0.000003578065
0x3602,167,0.000003578065
0x3603,167,0.000003578065
0x3604,1303,0.000027917474
0x3605,1303,0.000027917474
0x3606,1303,0.000027917474
0x3607,1303,0.000027917474
0x3608,1303,0.000027917474
0x3609,1303,0.000027917474
0x360a,1303,0.000027917474
0x360b,1303,0.000027917474
0x360c,1303,0.000027917474
0x360e,1303,0.000027917474
0x360f,1303,0.000027917474
0x3612,1200,0.000025710644
0x3613,1200,0.000025710644
0x3614,1200,0.000025710644
0x3615,1200,0.000025710644
0x3616,1200,0.000025710644
0x3618,1200,0.000025710644
0x3619,1200,0.000025710644
0x361a,1200,0.000025710644
0x361b,1200,0.000025710644
0x361c,809,0.000017333259
0x361f,809,0.000017333259
0x3620,809,0.000017333259
0x3621,809,0.000017333259
0x3622,297,0.000006363384
0x3623,297,0.000006363384
0x3624,297,0.000006363384
0x3628,4365,0.000093522467
0x362a,4365,0.000093522467
0x362d,4261,0.000091294211
0x362e,4261,0.000091294211
0x362f,4261,0.000091294211
0x3630,4261,0.000091294211
0x3631,4261,0.000091294211
0x3632,4261,0.000091294211
0x3633,4261,0.000091294211
0x3634,4261,0.000091294211
0x3635,4261,0.000091294211
0x3636,4261,0.000091294211
0x3637,4261,0.000091294211
0x363a,1321,0.000028303134
0x363c,1321,0.000028303134
0x363d,1321,0.000028303134
0x363e,1321,0.000028303134
0x363f,1321,0.000028303134
0x3641,1321,0.000028303134
0x3642,1321,0.000028303134
0x3645,172,0.000003685192
0x3646,172,0.000003685192
0x3647,172,0.000003685192
0x3648,1321,0.000028303134
0x3649,1321,0.000028303134
0x364a,1321,0.000028303134
0x364b,1321,0.000028303134
0x364c,1321,0.000028303134
0x364d,1321,0.000028303134
0x364e,1321,0.000028303134
0x364f,1321,0.000028303134
0x3650,1321,0.000028303134
0x3651,1321,0.000028303134
0x3652,1321,0.000028303134
0x3654,1321,0.000028303134
0x3655,1321,0.000028303134
0x3656,1321,0.000028303134
0x3657,1321,0.000028303134
0x365a,980,0.000020997026
0x365d,980,0.000020997026
0x365e,980,0.000020997026
0x3661,284,0.000006084852
0x3662,284,0.000006084852
0x3663,1321,0.000028303134
0x3665,1321,0.000028303134
0x3666,1321,0.000028303134
0x366a,3198,0.000068518866
0x366b,3198,0.000068518866
0x366c,3198,0.000068518866
0x366d,112,0.000002399660
0x366e,112,0.000002399660
0x366f,112,0.000002399660
0x3670,112,0.000002399660
0x3671,112,0.000002399660
0x3672,103,0.000002206830
0x3673,103,0.000002206830
0x3674,103,0.000002206830
0x3675,103,0.000002206830
0x3676,103,0.000002206830
0x3679,103,0.000002206830
0x367b,103,0.000002206830
0x367c,103,0.000002206830
0x367f,103,0.000002206830
0x3680,103,0.000002206830
0x3683,103,0.000002206830
0x3684,103,0.000002206830
0x3686,103,0.000002206830
0x3689,103,0.000002206830
0x368a,103,0.000002206830
0x368b,103,0.000002206830
0x368d,103,0.000002206830
0x368e,80,0.000001714043
0x3690,80,0.000001714043
0x3691,65,0.000001392660
0x3692,65,0.000001392660
0x3695,2940,0.000062991077
0x3696,2940,0.000062991077
0x3697,2940,0.000062991077
0x3698,2940,0.000062991077
0x3699,2940,0.000062991077
0x369a,2940,0.000062991077
0x369b,2940,0.000062991077
0x369c,2940,0.000062991077
0x369d,80,0.000001714043
0x369e,80,0.000001714043
0x36a0,80,0.000001714043
0x36a1,80,0.000001714043
0x36a4,80,0.000001714043
0x36a6,80,0.000001714043
0x36a7,80,0.000001714043
0x36aa,75,0.000001606915
0x36ab,80,0.000001714043
0x36ae,80,0.000001714043
0x36b0,80,0.000001714043
0x36b3,80,0.000001714043
0x36b4,80,0.000001714043
0x36b6,80,0.000001714043
0x36b7,77,0.000001649766
0x36b9,77,0.000001649766
0x36ba,75,0.000001606915
0x36bb,75,0.000001606915
0x36c0,2533,0.000054270884
0x36c1,2533,0.000054270884
0x36c2,2533,0.000054270884
0x36c3,1266,0.000027124729
0x36c4,1266,0.000027124729
0x36c5,1266,0.000027124729
0x36c6,1266,0.000027124729
0x36c8,1266,0.000027124729
0x36c9,1266,0.000027124729
0x36cc,211,0.000004520788
0x36cd,211,0.000004520788
0x36ce,211,0.000004520788
0x36cf,211,0.000004520788
0x36d2,3431,0.000073511016
0x36d3,3431,0.000073511016
0x36d4,3431,0.000073511016
0x36d5,3431,0.000073511016
0x36d6,3431,0.000073511016
0x36d7,3431,0.000073511016
0x36d8,128,0.000002742469
0x36d9,128,0.000002742469
0x36da,128,0.000002742469
0x36db,128,0.000002742469
0x36dc,128,0.000002742469
0x36dd,128,0.000002742469
0x36de,128,0.000002742469
0x36e1,128,0.000002742469
0x36e3,128,0.000002742469
0x36e6,128,0.000002742469
0x36ea,4305,0.000092236935
0x36eb,4305,0.000092236935
0x36ec,4305,0.000092236935
0x36ed,4305,0.000092236935
0x36ee,4305,0.000092236935
0x36ef,4305,0.000092236935
0x36f0,933,0.000019990026
0x36f1,933,0.000019990026
0x36f2,933,0.000019990026
0x36f3,933,0.000019990026
0x36f5,933,0.000019990026
0x36f6,65,0.000001392660
0x36f7,65,0.000001392660
0x36f8,65,0.000001392660
0x36f9,65,0.000001392660
0x36fa,65,0.000001392660
0x36fb,65,0.000001392660
0x36fc,65,0.000001392660
0x36fd,65,0.000001392660
0x36fe,65,0.000001392660
0x3701,65,0.000001392660
0x3703,65,0.000001392660
0x3706,65,0.000001392660
0x370a,3452,0.000073960952
0x370b,3452,0.000073960952
0x370c,3452,0.000073960952
0x370d,3452,0.000073960952
0x370e,3452,0.000073960952
0x370f,3452,0.000073960952
0x3710,298,0.000006384810
0x3711,298,0.000006384810
0x3712,298,0.000006384810
0x3713,298,0.000006384810
0x3715,298,0.000006384810
0x3716,96,0.000002056852
0x3717,96,0.000002056852
0x3718,96,0.000002056852
0x3719,96,0.000002056852
0x371a,96,0.000002056852
0x371b,96,0.000002056852
0x371c,96,0.000002056852
0x371d,96,0.000002056852
0x371e,96,0.000002056852
0x3721,96,0.000002056852
0x3723,96,0.000002056852
0x3726,96,0.000002056852
0x3729,96,0.000002056852
0x372a,96,0.000002056852
0x372c,96,0.000002056852
0x372d,46,0.000000985575
0x372e,46,0.000000985575
0x3730,46,0.000000985575
0x3731,46,0.000000985575
0x3732,46,0.000000985575
0x3733,46,0.000000985575
0x3734,46,0.000000985575
0x3735,46,0.000000985575
0x3736,46,0.000000985575
0x3739,46,0.000000985575
0x373b,46,0.000000985575
0x373e,46,0.000000985575
0x3744,104,0.000002228256
0x3746,104,0.000002228256
0x3747,104,0.000002228256
0x3748,104,0.000002228256
0x3749,104,0.000002228256
0x374a,104,0.000002228256
0x374c,104,0.000002228256
0x374d,104,0.000002228256
0x374e,104,0.000002228256
0x3750,104,0.000002228256
0x3751,104,0.000002228256
0x3752,15,0.000000321383
0x3753,15,0.000000321383
0x3754,15,0.000000321383
0x3758,17144,0.000367319398
0x3759,17144,0.000367319398
0x375a,17144,0.000367319398
0x375b,256,0.000005484937
0x375c,256,0.000005484937
0x375f,240,0.000005142129
0x3760,240,0.000005142129
0x3761,240,0.000005142129
0x3764,128,0.000002742469
0x3766,128,0.000002742469
0x3767,128,0.000002742469
0x3769,128,0.000002742469
0x376a,128,0.000002742469
0x376b,128,0.000002742469
0x376c,128,0.000002742469
0x376d,128,0.000002742469
0x376e,128,0.000002742469
0x376f,128,0.000002742469
0x3770,128,0.000002742469
0x3771,128,0.000002742469
0x3772,128,0.000002742469
0x3773,128,0.000002742469
0x3774,128,0.000002742469
0x3777,128,0.000002742469
0x377a,128,0.000002742469
0x377b,128,0.000002742469
0x377c,128,0.000002742469
0x377d,128,0.000002742469
0x377e,128,0.000002742469
0x3780,128,0.000002742469
0x3781,128,0.000002742469
0x3782,128,0.000002742469
0x3783,128,0.000002742469
0x3786,128,0.000002742469
0x3787,128,0.000002742469
0x3788,104,0.000002228256
0x3789,104,0.000002228256
0x378c,104,0.000002228256
0x378e,104,0.000002228256
0x378f,104,0.000002228256
0x3791,104,0.000002228256
0x3792,104,0.000002228256
0x3796,128,0.000002742469
0x3798,128,0.000002742469
0x3799,128,0.000002742469
0x379b,128,0.000002742469
0x379e,48,0.000001028426
0x379f,128,0.000002742469
0x37a0,128,0.000002742469
0x37a1,128,0.000002742469
0x37a4,128,0.000002742469
0x37a5,128,0.000002742469
0x37a6,89,0.000001906873
0x37a7,89,0.000001906873
0x37aa,89,0.000001906873
0x37b0,112,0.000002399660
0x37b1,112,0.000002399660
0x37b2,112,0.000002399660
0x37b3,112,0.000002399660
0x37b4,112,0.000002399660
0x37b5,112,0.000002399660
0x37b6,112,0.000002399660
0x37b7,112,0.000002399660
0x37b8,112,0.000002399660
0x37b9,112,0.000002399660
0x37ba,112,0.000002399660
0x37bb,112,0.000002399660
0x37be,112,0.000002399660
0x37c0,112,0.000002399660
0x37c1,112,0.000002399660
0x37c4,112,0.000002399660
0x37c6,112,0.000002399660
0x37cc,16,0.000000342809
0x37cd,16,0.000000342809
0x37ce,16,0.000000342809
0x37cf,16,0.000000342809
0x37d0,16,0.000000342809
0x37d2,16,0.000000342809
0x37d4,16,0.000000342809
0x37d5,16,0.000000342809
0x37d7,16,0.000000342809
0x37da,16,0.000000342809
0x37dd,416,0.000008913023
0x37de,416,0.000008913023
0x37df,416,0.000008913023
0x37e0,416,0.000008913023
0x37e1,416,0.000008913023
0x37e2,416,0.000008913023
0x37e5,16,0.000000342809
0x3800,9026,0.000193386892
0x3803,9026,0.000193386892
0x3805,9026,0.000193386892
0x3806,4609,0.000098750298
0x3809,4609,0.000098750298
0x380b,4609,0.000098750298
0x380c,4609,0.000098750298
0x380f,4609,0.000098750298
0x3810,4609,0.000098750298
0x3813,4609,0.000098750298
0x3815,4609,0.000098750298
0x3816,4609,0.000098750298
0x3819,4609,0.000098750298
0x381a,4609,0.000098750298
0x381b,4609,0.000098750298
0x381d,4609,0.000098750298
0x381e,4609,0.000098750298
0x381f,4609,0.000098750298
0x3820,4609,0.000098750298
0x3822,4609,0.000098750298
0x3823,66,0.000001414085
0x3824,66,0.000001414085
0x3827,66,0.000001414085
0x3829,66,0.000001414085
0x382b,66,0.000001414085
0x382c,66,0.000001414085
0x382e,66,0.000001414085
0x382f,66,0.000001414085
0x3830,66,0.000001414085
0x3832,66,0.000001414085
0x3833,66,0.000001414085
0x3834,66,0.000001414085
0x3835,66,0.000001414085
0x3837,66,0.000001414085
0x3838,66,0.000001414085
0x3839,66,0.000001414085
0x383b,66,0.000001414085
0x383c,66,0.000001414085
0x383e,66,0.000001414085
0x3841,41,0.000000878447
0x3844,47,0.000001007000
0x3846,47,0.000001007000
0x3847,47,0.000001007000
0x3849,47,0.000001007000
0x384a,47,0.000001007000
0x384b,47,0.000001007000
0x384c,25,0.000000535638
0x384f,25,0.000000535638
0x3850,25,0.000000535638
0x3851,25,0.000000535638
0x3853,25,0.000000535638
0x3854,25,0.000000535638
0x3855,25,0.000000535638
0x3856,25,0.000000535638
0x3857,25,0.000000535638
0x3858,25,0.000000535638
0x3859,25,0.000000535638
0x385c,25,0.000000535638
0x385d,25,0.000000535638
0x385f,25,0.000000535638
0x3862,12,0.000000257106
0x3863,12,0.000000257106
0x3865,12,0.000000257106
0x3868,12,0.000000257106
0x386b,12,0.000000257106
0x386e,12,0.000000257106
0x386f,12,0.000000257106
0x3871,12,0.000000257106
0x3874,6,0.000000128553
0x3875,6,0.000000128553
0x3876,6,0.000000128553
0x3878,6,0.000000128553
0x387a,6,0.000000128553
0x387b,6,0.000000128553
0x387c,6,0.000000128553
0x387e,6,0.000000128553
0x3881,6,0.000000128553
0x3882,6,0.000000128553
0x3883,6,0.000000128553
0x3884,6,0.000000128553
0x3885,6,0.000000128553
0x3887,6,0.000000128553
0x388a,5,0.000000107128
0x388b,5,0.000000107128
0x388c,5,0.000000107128
0x388d,5,0.000000107128
0x3894,13,0.000000278532
0x3897,13,0.000000278532
0x3899,13,0.000000278532
0x389c,13,0.000000278532
0x38a1,29,0.000000621341
0x38a2,29,0.000000621341
0x38a4,29,0.000000621341
0x38a5,29,0.000000621341
0x38a6,29,0.000000621341
0x38a7,29,0.000000621341
0x38a8,29,0.000000621341
0x38a9,29,0.000000621341
0x38ac,29,0.000000621341
0x38ae,29,0.000000621341
0x38af,29,0.000000621341
0x38b1,29,0.000000621341
0x38b4,29,0.000000621341
0x38b5,29,0.000000621341
0x38bc,36,0.000000771319
0x38be,36,0.000000771319
0x38bf,36,0.000000771319
0x38c1,36,0.000000771319
0x38c2,36,0.000000771319
0x38c3,36,0.000000771319
0x38c4,4,0.000000085702
0x38c7,4,0.000000085702
0x38c8,4,0.000000085702
0x38ca,4,0.000000085702
0x38cd,4,0.000000085702
0x38cf,4,0.000000085702
0x38d2,2,0.000000042851
0x38d3,2,0.000000042851
0x38d4,2,0.000000042851
0x38d5,2,0.000000042851
0x38d7,2,0.000000042851
0x38d8,2,0.000000042851
0x38db,2,0.000000042851
0x38dc,2,0.000000042851
0x38dd,2,0.000000042851
0x38de,2,0.000000042851
0x38df,2,0.000000042851
0x38e1,2,0.000000042851
0x38e2,2,0.000000042851
0x38e4,2,0.000000042851
0x38e5,2,0.000000042851
0x38e7,2,0.000000042851
0x38e8,2,0.000000042851
0x38e9,4,0.000000085702
0x38eb,4,0.000000085702
0x38ee,4,0.000000085702
0x38f1,4,0.000000085702
0x38f8,17,0.000000364234
0x38fb,29,0.000000621341
0x38fc,29,0.000000621341
0x38fd,29,0.000000621341
0x3900,1,0.000000021426
0x3901,1,0.000000021426
0x3902,1,0.000000021426
0x3903,1,0.000000021426
0x3904,1,0.000000021426
0x3905,1,0.000000021426
0x3906,29,0.000000621341
0x3907,29,0.000000621341
0x3908,29,0.000000621341
0x3909,29,0.000000621341
0x390a,29,0.000000621341
0x390d,29,0.000000621341
0x390e,29,0.000000621341
0x390f,29,0.000000621341
0x3912,29,0.000000621341
0x3913,29,0.000000621341
0x3916,29,0.000000621341
0x3918,29,0.000000621341
0x391b,29,0.000000621341
0x391c,41,0.000000878447
0x391d,41,0.000000878447
0x391f,41,0.000000878447
0x3922,5,0.000000107128
0x3923,8683,0.000186037933
0x3930,1922,0.000041179881
0x3933,1922,0.000041179881
0x3935,1922,0.000041179881
0x3937,1922,0.000041179881
0x3938,1922,0.000041179881
0x393a,1922,0.000041179881
0x393b,1922,0.000041179881
0x393c,1922,0.000041179881
0x393d,1922,0.000041179881
0x393f,1922,0.000041179881
0x3942,961,0.000020589941
0x3945,961,0.000020589941
0x3946,961,0.000020589941
0x3947,961,0.000020589941
0x394a,961,0.000020589941
0x394b,961,0.000020589941
0x394c,6078,0.000130224411
0x394d,6078,0.000130224411
0x3950,5873,0.000125832176
0x3951,5873,0.000125832176
0x3952,5873,0.000125832176
0x3954,5873,0.000125832176
0x3955,5873,0.000125832176
0x3956,5873,0.000125832176
0x3959,756,0.000016197706
0x395c,6078,0.000130224411
0x395d,6078,0.000130224411
0x395f,6078,0.000130224411
0x3960,1521,0.000032588241
0x3961,1521,0.000032588241
0x3963,1521,0.000032588241
0x3964,1521,0.000032588241
0x3965,1521,0.000032588241
0x3966,1521,0.000032588241
0x3967,1153,0.000024703644
0x3968,1153,0.000024703644
0x3969,205,0.000004392235
0x396b,205,0.000004392235
0x396c,205,0.000004392235
0x396d,205,0.000004392235
0x396e,205,0.000004392235
0x396f,205,0.000004392235
0x3972,205,0.000004392235
0x3973,205,0.000004392235
0x3975,205,0.000004392235
0x3976,205,0.000004392235
0x3977,205,0.000004392235
0x3978,205,0.000004392235
0x397a,205,0.000004392235
0x397b,205,0.000004392235
0x3980,4228,0.000090587168
0x3983,4228,0.000090587168
0x3985,4228,0.000090587168
0x3986,297,0.000006363384
0x3988,297,0.000006363384
0x3989,285,0.000006106278
0x398c,285,0.000006106278
0x398f,285,0.000006106278
0x3991,285,0.000006106278
0x3994,285,0.000006106278
0x3996,285,0.000006106278
0x3998,285,0.000006106278
0x399b,285,0.000006106278
0x399d,285,0.000006106278
0x39a0,285,0.000006106278
0x39a2,285,0.000006106278
0x39a5,285,0.000006106278
0x39a7,285,0.000006106278
0x39a9,285,0.000006106278
0x39ac,285,0.000006106278
0x39af,285,0.000006106278
0x39b0,285,0.000006106278
0x39b3,144,0.000003085277
0x39b4,144,0.000003085277
0x39b6,144,0.000003085277
0x39b7,144,0.000003085277
0x39b9,144,0.000003085277
0x39ba,144,0.000003085277
0x39bb,144,0.000003085277
0x39bc,144,0.000003085277
0x39be,144,0.000003085277
0x39bf,285,0.000006106278
0x39c0,285,0.000006106278
0x39c3,570,0.000012212556
0x39c6,570,0.000012212556
0x39c9,570,0.000012212556
0x39ca,570,0.000012212556
0x39cc,570,0.000012212556
0x39cf,570,0.000012212556
0x39d2,570,0.000012212556
0x39d3,570,0.000012212556
0x39d4,570,0.000012212556
0x39d6,570,0.000012212556
0x39d8,570,0.000012212556
0x39db,285,0.000006106278
0x39de,285,0.000006106278
0x39e1,285,0.000006106278
0x39e3,285,0.000006106278
0x39e6,285,0.000006106278
0x39e8,285,0.000006106278
0x39ea,285,0.000006106278
0x3a00,1922,0.000041179881
0x3a03,1922,0.000041179881
0x3a05,1922,0.000041179881
0x3a06,1922,0.000041179881
0x3a07,1922,0.000041179881
0x3a08,1922,0.000041179881
0x3a0b,1922,0.000041179881
0x3a0c,1922,0.000041179881
0x3a0d,1922,0.000041179881
0x3a0e,961,0.000020589941
0x3a0f,961,0.000020589941
0x3a10,9067,0.000194265339
0x3a13,9067,0.000194265339
0x3a14,9067,0.000194265339
0x3a15,9067,0.000194265339
0x3a18,384,0.000008227406
0x3a1a,384,0.000008227406
0x3a1c,384,0.000008227406
0x3a1d,8683,0.000186037933
0x3a20,8683,0.000186037933
0x3a21,8683,0.000186037933
0x3a22,8683,0.000186037933
0x3a25,416,0.000008913023
0x3a27,416,0.000008913023
0x3a2a,13,0.000000278532
0x3a2c,416,0.000008913023
0x3a2d,416,0.000008913023
0x3a2e,416,0.000008913023
0x3a2f,416,0.000008913023
0x3a30,416,0.000008913023
0x3a31,416,0.000008913023
0x3a32,416,0.000008913023
0x3a34,416,0.000008913023
0x3a36,416,0.000008913023
0x3a37,416,0.000008913023
0x3a39,416,0.000008913023
0x3a3b,416,0.000008913023
0x3a3d,416,0.000008913023
0x3a3f,416,0.000008913023
0x3a40,8267,0.000177124910
0x3a42,8267,0.000177124910
0x3a43,8267,0.000177124910
0x3a44,8267,0.000177124910
0x3a47,688,0.000014740769
0x3a49,688,0.000014740769
0x3a4c,43,0.000000921298
0x3a4e,688,0.000014740769
0x3a4f,688,0.000014740769
0x3a50,688,0.000014740769
0x3a51,688,0.000014740769
0x3a52,688,0.000014740769
0x3a53,688,0.000014740769
0x3a54,688,0.000014740769
0x3a56,688,0.000014740769
0x3a58,688,0.000014740769
0x3a5a,688,0.000014740769
0x3a5b,688,0.000014740769
0x3a5d,688,0.000014740769
0x3a5f,688,0.000014740769
0x3a62,7579,0.000162384141
0x3a64,7579,0.000162384141
0x3a65,7579,0.000162384141
0x3a66,7579,0.000162384141
0x3a67,139,0.000002978150
0x3a69,139,0.000002978150
0x3a6c,19,0.000000407085
0x3a6e,19,0.000000407085
0x3a71,19,0.000000407085
0x3a73,19,0.000000407085
0x3a76,15,0.000000321383
0x3a78,139,0.000002978150
0x3a79,139,0.000002978150
0x3a7b,139,0.000002978150
0x3a7c,139,0.000002978150
0x3a7e,139,0.000002978150
0x3a80,139,0.000002978150
0x3a81,139,0.000002978150
0x3a82,8683,0.000186037933
0x3a85,8683,0.000186037933
0x3a86,8683,0.000186037933
0x3a88,8683,0.000186037933
0x3a89,2717,0.000058213183
0x3a8b,2717,0.000058213183
0x3a8c,2717,0.000058213183
0x3a8e,2717,0.000058213183
0x3a8f,2717,0.000058213183
0x3a90,8683,0.000186037933
0x3a93,8683,0.000186037933
0x3a94,8683,0.000186037933
0x3a95,8683,0.000186037933
0x3a98,4992,0.000106956278
0x3a9b,4992,0.000106956278
0x3a9e,4992,0.000106956278
0x3aa1,79872,0.001711300451
0x3aa2,79872,0.001711300451
0x3aa3,79872,0.001711300451
0x3aa4,79872,0.001711300451
0x3aa7,42075,0.000901479448
0x3aa8,42075,0.000901479448
0x3aaa,42075,0.000901479448
0x3aad,14887,0.000318961962
0x3aae,79872,0.001711300451
0x3aaf,79872,0.001711300451
0x3ab0,79872,0.001711300451
0x3ab1,79872,0.001711300451
0x3ab2,79872,0.001711300451
0x3ab5,4992,0.000106956278
0x3ab6,4992,0.000106956278
0x3ab7,4992,0.000106956278
0x3ab8,3856,0.000082616869
0x3aba,3856,0.000082616869
0x3abd,523,0.000011205556
0x3abf,3856,0.000082616869
0x3ac1,3856,0.000082616869
0x3ac2,3856,0.000082616869
0x3ac5,3856,0.000082616869
0x3ac6,3856,0.000082616869
0x3ac8,3856,0.000082616869
0x3ac9,3856,0.000082616869
0x3aca,3856,0.000082616869
0x3ad0,2332,0.000049964351
0x3ad3,2332,0.000049964351
0x3ad4,2332,0.000049964351
0x3ad6,2332,0.000049964351
0x3ad7,2332,0.000049964351
0x3ad8,2332,0.000049964351
0x3ada,2332,0.000049964351
0x3adb,2332,0.000049964351
0x3adc,2332,0.000049964351
0x3add,2332,0.000049964351
0x3adf,2332,0.000049964351
0x3ae0,2332,0.000049964351
0x3ae1,2332,0.000049964351
0x3ae3,2332,0.000049964351
0x3ae4,2332,0.000049964351
0x3ae5,2332,0.000049964351
0x3ae6,2332,0.000049964351
0x3ae9,2266,0.000048550266
0x3aec,2266,0.000048550266
0x3aee,2266,0.000048550266
0x3aef,2266,0.000048550266
0x3af1,2266,0.000048550266
0x3af2,2266,0.000048550266
0x3af3,2266,0.000048550266
0x3af4,63,0.000001349809
0x3af6,63,0.000001349809
0x3af8,66,0.000001414085
0x3afa,66,0.000001414085
0x3afb,66,0.000001414085
0x3afc,66,0.000001414085
0x3afd,66,0.000001414085
0x3aff,66,0.000001414085
0x3b00,66,0.000001414085
0x3b02,1765,0.000037816072
0x3b05,1765,0.000037816072
0x3b06,1765,0.000037816072
0x3b08,1765,0.000037816072
0x3b09,671,0.000014376535
0x3b0a,671,0.000014376535
0x3b0b,671,0.000014376535
0x3b0c,671,0.000014376535
0x3b0e,671,0.000014376535
0x3b10,671,0.000014376535
0x3b12,671,0.000014376535
0x3b13,224,0.000004799320
0x3b14,224,0.000004799320
0x3b16,224,0.000004799320
0x3b18,224,0.000004799320
0x3b19,224,0.000004799320
0x3b1b,8683,0.000186037933
0x3b1e,8683,0.000186037933
0x3b1f,8683,0.000186037933
0x3b20,8683,0.000186037933
0x3b21,256,0.000005484937
0x3b23,256,0.000005484937
0x3b26,4,0.000000085702
0x3b28,256,0.000005484937
0x3b29,256,0.000005484937
0x3b2a,256,0.000005484937
0x3b2c,256,0.000005484937
0x3b2d,256,0.000005484937
0x3b2e,256,0.000005484937
0x3b30,256,0.000005484937
0x3b31,256,0.000005484937
0x3b33,8683,0.000186037933
0x3b36,8683,0.000186037933
0x3b37,8683,0.000186037933
0x3b38,8683,0.000186037933
0x3b39,255,0.000005463512
0x3b3a,255,0.000005463512
0x3b3c,255,0.000005463512
0x3b3e,255,0.000005463512
0x3b40,255,0.000005463512
0x3b41,255,0.000005463512
0x3b43,8683,0.000186037933
0x3b46,8683,0.000186037933
0x3b47,8683,0.000186037933
0x3b49,8683,0.000186037933
0x3b4c,8683,0.000186037933
0x3b4f,8683,0.000186037933
0x3b52,8683,0.000186037933
0x3b55,8683,0.000186037933
0x3b58,8683,0.000186037933
0x3b5b,8683,0.000186037933
