pc,count,frequency
0x0000,1,0.000000017837
0x0001,1,0.000000017837
0x0002,1,0.000000017837
0x0003,1,0.000000017837
0x0004,1,0.000000017837
0x0005,1,0.000000017837
0x0006,1,0.000000017837
0x0007,1,0.000000017837
0x0008,1,0.000000017837
0x000b,1,0.000000017837
0x000d,1,0.000000017837
0x000f,1,0.000000017837
0x0012,1,0.000000017837
0x0015,1,0.000000017837
0x0017,1,0.000000017837
0x001a,31615,0.000563911468
0x001d,31615,0.000563911468
0x0020,31615,0.000563911468
0x0021,31615,0.000563911468
0x0024,11942,0.000213007457
0x0027,11942,0.000213007457
0x002a,11942,0.000213007457
0x002d,19673,0.000350904011
0x002f,19673,0.000350904011
0x0031,19673,0.000350904011
0x0032,19673,0.000350904011
0x0034,19673,0.000350904011
0x0035,19673,0.000350904011
0x0038,19673,0.000350904011
0x0039,19673,0.000350904011
0x003c,19673,0.000350904011
0x003d,19673,0.000350904011
0x0040,7,0.000000124858
0x0043,7,0.000000124858
0x0046,19666,0.000350779153
0x0049,19665,0.000350761316
0x0050,1,0.000000017837
0x0052,1,0.000000017837
0x0054,1,0.000000017837
0x0056,1,0.000000017837
0x0058,1,0.000000017837
0x005a,1,0.000000017837
0x005c,1,0.000000017837
0x005f,1,0.000000017837
0x0061,1,0.000000017837
0x0063,1,0.000000017837
0x0066,1,0.000000017837
0x0068,1,0.000000017837
0x006a,1,0.000000017837
0x006b,2,0.000000035674
0x006e,2,0.000000035674
0x0070,6130,0.000109339785
0x0072,6130,0.000109339785
0x0073,6130,0.000109339785
0x0074,6130,0.000109339785
0x0077,2,0.000000035674
0x0078,1152,0.000020548031
0x007b,1152,0.000020548031
0x0080,3005125,0.053601912037
0x0082,3005125,0.053601912037
0x0083,3005125,0.053601912037
0x0085,3005125,0.053601912037
0x0088,63303,0.001129125024
0x0089,63303,0.001129125024
0x008b,63303,0.001129125024
0x008e,31651,0.000564553594
0x0090,31651,0.000564553594
0x0091,31651,0.000564553594
0x0094,31651,0.000564553594
0x0095,31651,0.000564553594
0x0096,31651,0.000564553594
0x0097,31651,0.000564553594
0x0098,31651,0.000564553594
0x009a,31651,0.000564553594
0x009d,31651,0.000564553594
0x009f,31651,0.000564553594
0x00a0,31651,0.000564553594
0x00a2,31651,0.000564553594
0x00a3,31651,0.000564553594
0x00a6,31651,0.000564553594
0x00a8,31651,0.000564553594
0x00ab,31651,0.000564553594
0x00ac,1,0.000000017837
0x00ae,1,0.000000017837
0x00af,1,0.000000017837
0x00b0,1,0.000000017837
0x00b2,1,0.000000017837
0x00b5,1,0.000000017837
0x00bb,64089,0.001143144775
0x00be,64089,0.001143144775
0x00bf,64089,0.001143144775
0x00c0,64089,0.001143144775
0x00c1,64089,0.001143144775
0x00c2,64089,0.001143144775
0x00c3,64089,0.001143144775
0x00c4,2890,0.000051548447
0x00c5,2890,0.000051548447
0x00c7,2890,0.000051548447
0x00c9,2890,0.000051548447
0x00ca,2890,0.000051548447
0x00cd,2890,0.000051548447
0x00ce,2890,0.000051548447
0x00cf,2890,0.000051548447
0x00d0,2890,0.000051548447
0x00d1,2890,0.000051548447
0x00d2,2890,0.000051548447
0x00d3,2890,0.000051548447
0x00d4,2890,0.000051548447
0x00d6,2890,0.000051548447
0x00d8,2890,0.000051548447
0x00d9,2890,0.000051548447
0x00dc,2890,0.000051548447
0x00dd,2890,0.000051548447
0x00de,2890,0.000051548447
0x00e1,1038,0.000018514632
0x00e3,19666,0.000350779153
0x00e6,19666,0.000350779153
0x00e9,19666,0.000350779153
0x00ec,19666,0.000350779153
0x00ef,19666,0.000350779153
0x00f2,19661,0.000350689969
0x00f5,19661,0.000350689969
0x00f8,19661,0.000350689969
0x00fb,19661,0.000350689969
0x00fe,18501,0.000329999243
0x0101,18501,0.000329999243
0x0104,18501,0.000329999243
0x0107,18497,0.000329927895
0x0109,18497,0.000329927895
0x010c,18497,0.000329927895
0x010f,18493,0.000329856548
0x0111,18493,0.000329856548
0x0114,18493,0.000329856548
0x0117,18489,0.000329785201
0x0119,18489,0.000329785201
0x011c,18489,0.000329785201
0x011f,18489,0.000329785201
0x0122,17337,0.000309237169
0x0125,17337,0.000309237169
0x0128,17337,0.000309237169
0x012b,17337,0.000309237169
0x012e,16633,0.000296680039
0x0131,16633,0.000296680039
0x0134,16633,0.000296680039
0x0137,16633,0.000296680039
0x013a,972,0.000017337401
0x0140,18,0.000000321063
0x0143,18,0.000000321063
0x0146,18,0.000000321063
0x0149,18,0.000000321063
0x014c,18,0.000000321063
0x014e,18,0.000000321063
0x014f,18,0.000000321063
0x0151,18,0.000000321063
0x0152,18,0.000000321063
0x0153,18,0.000000321063
0x0154,18,0.000000321063
0x0156,18,0.000000321063
0x0158,18,0.000000321063
0x015b,18,0.000000321063
0x015d,18,0.000000321063
0x015f,18,0.000000321063
0x0161,18,0.000000321063
0x0164,18,0.000000321063
0x0166,18,0.000000321063
0x0167,18,0.000000321063
0x0168,18,0.000000321063
0x016a,18,0.000000321063
0x016b,18,0.000000321063
0x016d,18,0.000000321063
0x016f,18,0.000000321063
0x0172,18,0.000000321063
0x0173,15653,0.000279199943
0x0174,15653,0.000279199943
0x0176,15653,0.000279199943
0x0178,15653,0.000279199943
0x017a,15653,0.000279199943
0x017b,11833,0.000211063242
0x017d,11833,0.000211063242
0x017e,11712,0.000208904985
0x0180,11712,0.000208904985
0x0182,11712,0.000208904985
0x0183,4093,0.000073006156
0x0185,4093,0.000073006156
0x0186,3972,0.000070847900
0x0188,3972,0.000070847900
0x018a,3972,0.000070847900
0x018b,125,0.000002229604
0x018d,125,0.000002229604
0x018e,125,0.000002229604
0x018f,125,0.000002229604
0x0191,125,0.000002229604
0x0192,8,0.000000142695
0x0194,8,0.000000142695
0x0196,2312,0.000041238757
0x0197,2312,0.000041238757
0x0199,2312,0.000041238757
0x019b,2312,0.000041238757
0x019c,1884,0.000033604593
0x019d,1884,0.000033604593
0x019e,1884,0.000033604593
0x01a0,1884,0.000033604593
0x01a1,1884,0.000033604593
0x01a2,1884,0.000033604593
0x01a3,1884,0.000033604593
0x01a5,1884,0.000033604593
0x01a6,1884,0.000033604593
0x01a7,1884,0.000033604593
0x01a8,1884,0.000033604593
0x01ab,1884,0.000033604593
0x01ae,1884,0.000033604593
0x01af,1884,0.000033604593
0x01b0,1884,0.000033604593
0x01b1,1884,0.000033604593
0x01b2,1884,0.000033604593
0x01b3,1884,0.000033604593
0x01b4,1884,0.000033604593
0x01b5,1884,0.000033604593
0x01b6,1884,0.000033604593
0x01b7,1884,0.000033604593
0x01b8,1884,0.000033604593
0x01b9,1884,0.000033604593
0x01ba,1884,0.000033604593
0x01bb,1884,0.000033604593
0x01bd,1884,0.000033604593
0x01be,1884,0.000033604593
0x01c1,23466,0.000418559117
0x01c4,23466,0.000418559117
0x01c5,23466,0.000418559117
0x01c8,1884,0.000033604593
0x01c9,1884,0.000033604593
0x01ca,1884,0.000033604593
0x01d0,5688,0.000101455905
0x01d1,5688,0.000101455905
0x01d2,5688,0.000101455905
0x01d3,5688,0.000101455905
0x01d4,5688,0.000101455905
0x01d6,5688,0.000101455905
0x01d7,5688,0.000101455905
0x01d9,5688,0.000101455905
0x01dc,5688,0.000101455905
0x01dd,5688,0.000101455905
0x01e0,3269,0.000058308606
0x01e1,9,0.000000160531
0x01e4,1205,0.000021493383
0x01e7,1205,0.000021493383
0x01e9,1205,0.000021493383
0x01ed,147888,0.002637853523
0x01ee,147888,0.002637853523
0x01ef,147888,0.002637853523
0x01f0,147888,0.002637853523
0x01f3,147888,0.002637853523
0x01f4,147888,0.002637853523
0x01f7,5688,0.000101455905
0x0200,51317,0.000915332747
0x0201,51317,0.000915332747
0x0202,181,0.000003228467
0x0203,181,0.000003228467
0x0204,181,0.000003228467
0x0205,181,0.000003228467
0x0206,1884,0.000033604593
0x0207,1884,0.000033604593
0x0208,1884,0.000033604593
0x0209,1884,0.000033604593
0x020a,1884,0.000033604593
0x020b,1884,0.000033604593
0x020c,1884,0.000033604593
0x020d,1884,0.000033604593
0x020e,1884,0.000033604593
0x0210,13862,0.000247254176
0x0211,13862,0.000247254176
0x0213,13862,0.000247254176
0x0214,13862,0.000247254176
0x0215,2986,0.000053260783
0x0216,2986,0.000053260783
0x0217,333353,0.005945961710
0x0218,333353,0.005945961710
0x021a,333353,0.005945961710
0x021b,333353,0.005945961710
0x021c,49176,0.000877144088
0x021d,49176,0.000877144088
0x0220,63,0.000001123720
0x0221,63,0.000001123720
0x0222,63,0.000001123720
0x0223,63,0.000001123720
0x0224,63,0.000001123720
0x0225,63,0.000001123720
0x0226,63,0.000001123720
0x0227,63,0.000001123720
0x0228,63,0.000001123720
0x0229,63,0.000001123720
0x022a,63,0.000001123720
0x022b,63,0.000001123720
0x022c,63,0.000001123720
0x022e,63,0.000001123720
0x022f,63,0.000001123720
0x0230,63,0.000001123720
0x0231,63,0.000001123720
0x0232,63,0.000001123720
0x0258,95007,0.001694623970
0x0259,95007,0.001694623970
0x025a,95007,0.001694623970
0x025b,379,0.000006760160
0x025c,379,0.000006760160
0x025d,379,0.000006760160
0x025e,379,0.000006760160
0x025f,379,0.000006760160
0x0260,72120,0.001286392378
0x0263,72120,0.001286392378
0x0264,69764,0.001244368800
0x0267,69764,0.001244368800
0x0270,99622,0.001776940953
0x0271,99622,0.001776940953
0x0272,99622,0.001776940953
0x0273,99622,0.001776940953
0x0274,99622,0.001776940953
0x0275,99622,0.001776940953
0x0276,99622,0.001776940953
0x0277,69764,0.001244368800
0x0278,69764,0.001244368800
0x0279,69764,0.001244368800
0x027a,69764,0.001244368800
0x027b,69764,0.001244368800
0x027c,69764,0.001244368800
0x027d,69764,0.001244368800
0x0288,7,0.000000124858
0x028b,7,0.000000124858
0x028e,7,0.000000124858
0x0290,7,0.000000124858
0x0293,7,0.000000124858
0x0295,7,0.000000124858
0x0298,7,0.000000124858
0x029a,7,0.000000124858
0x02a7,7,0.000000124858
0x02aa,7,0.000000124858
0x02ab,7,0.000000124858
0x02ac,7,0.000000124858
0x02ad,1,0.000000017837
0x02b0,1,0.000000017837
0x02b3,1,0.000000017837
0x02b6,1,0.000000017837
0x02b9,1,0.000000017837
0x02bc,1,0.000000017837
0x02be,1,0.000000017837
0x02c0,1,0.000000017837
0x02c3,1,0.000000017837
0x02c5,1,0.000000017837
0x02c7,1,0.000000017837
0x02cb,1,0.000000017837
0x02cd,1,0.000000017837
0x02cf,1,0.000000017837
0x02d4,1,0.000000017837
0x02d7,1,0.000000017837
0x02d8,1,0.000000017837
0x02db,1,0.000000017837
0x02dd,1,0.000000017837
0x02e3,1,0.000000017837
0x02e5,1,0.000000017837
0x02e6,1,0.000000017837
0x02e7,1,0.000000017837
0x02e8,1,0.000000017837
0x02ea,1,0.000000017837
0x02ed,1,0.000000017837
0x02f0,1,0.000000017837
0x02f3,1,0.000000017837
0x02f6,1,0.000000017837
0x02f9,1,0.000000017837
0x02fc,1,0.000000017837
0x02fe,1,0.000000017837
0x0300,1,0.000000017837
0x0303,1,0.000000017837
0x0306,1,0.000000017837
0x0308,1,0.000000017837
0x030b,1,0.000000017837
0x030d,1,0.000000017837
0x0310,1,0.000000017837
0x0314,65,0.000001159394
0x0315,65,0.000001159394
0x0316,65,0.000001159394
0x0317,65,0.000001159394
0x0318,65,0.000001159394
0x0319,65,0.000001159394
0x031a,65,0.000001159394
0x031b,65,0.000001159394
0x031c,65,0.000001159394
0x031d,65,0.000001159394
0x031e,65,0.000001159394
0x0320,2,0.000000035674
0x0321,2,0.000000035674
0x0322,2,0.000000035674
0x0323,2,0.000000035674
0x0324,2,0.000000035674
0x0325,2,0.000000035674
0x0326,2,0.000000035674
0x0327,2,0.000000035674
0x0328,2,0.000000035674
0x0329,2,0.000000035674
0x032a,2,0.000000035674
0x032e,1,0.000000017837
0x0331,8,0.000000142695
0x0333,8,0.000000142695
0x0334,8,0.000000142695
0x0335,8,0.000000142695
0x0337,8,0.000000142695
0x033a,1,0.000000017837
0x033c,1,0.000000017837
0x033f,1,0.000000017837
0x0341,1,0.000000017837
0x0344,1,0.000000017837
0x0346,1,0.000000017837
0x0349,1,0.000000017837
0x034b,1,0.000000017837
0x034e,1,0.000000017837
0x0350,1,0.000000017837
0x0353,1,0.000000017837
0x0355,1,0.000000017837
0x0357,1,0.000000017837
0x0358,1,0.000000017837
0x035b,1,0.000000017837
0x035c,1,0.000000017837
0x035e,1,0.000000017837
0x035f,1,0.000000017837
0x0361,1,0.000000017837
0x0367,6,0.000000107021
0x0369,6,0.000000107021
0x036a,6,0.000000107021
0x036c,6,0.000000107021
0x036f,6,0.000000107021
0x0370,6,0.000000107021
0x0371,6,0.000000107021
0x0373,6,0.000000107021
0x0376,6,0.000000107021
0x0377,19673,0.000350904011
0x037a,19673,0.000350904011
0x037b,19673,0.000350904011
0x037c,19673,0.000350904011
0x037d,19673,0.000350904011
0x0380,45,0.000000802657
0x0383,45,0.000000802657
0x0386,45,0.000000802657
0x0389,16380,0.000292167321
0x038a,16380,0.000292167321
0x038b,16380,0.000292167321
0x038c,16380,0.000292167321
0x038d,16380,0.000292167321
0x038e,16380,0.000292167321
0x038f,16380,0.000292167321
0x0390,16380,0.000292167321
0x0393,1170,0.000020869094
0x0394,1170,0.000020869094
0x0395,1170,0.000020869094
0x0396,1170,0.000020869094
0x0397,1170,0.000020869094
0x0398,1170,0.000020869094
0x0399,1170,0.000020869094
0x039a,1170,0.000020869094
0x039d,45,0.000000802657
0x03a0,193,0.000003442509
0x03a3,193,0.000003442509
0x03a6,80288,0.001432083628
0x03a7,80288,0.001432083628
0x03a8,80288,0.001432083628
0x03a9,80288,0.001432083628
0x03aa,80288,0.001432083628
0x03ab,80288,0.001432083628
0x03ac,80288,0.001432083628
0x03af,193,0.000003442509
0x03b0,15661,0.000279342638
0x03b3,15661,0.000279342638
0x03b6,15661,0.000279342638
0x03b9,11845,0.000211277284
0x03bc,11845,0.000211277284
0x03bf,11841,0.000211205937
0x03c2,11841,0.000211205937
0x03c5,11841,0.000211205937
0x03c8,8005,0.000142783846
0x03cb,8005,0.000142783846
0x03ce,15653,0.000279199943
0x03d1,15653,0.000279199943
0x03d4,15653,0.000279199943
0x03d5,15653,0.000279199943
0x03d7,15653,0.000279199943
0x03d8,15653,0.000279199943
0x03d9,15653,0.000279199943
0x03e2,4,0.000000071347
0x03e5,4,0.000000071347
0x03e8,4,0.000000071347
0x03eb,4,0.000000071347
0x03ee,4,0.000000071347
0x03f1,8,0.000000142695
0x03f4,8,0.000000142695
0x03f5,8,0.000000142695
0x03f7,8,0.000000142695
0x03f8,8,0.000000142695
0x03fa,8,0.000000142695
0x03fb,8,0.000000142695
0x03fc,8,0.000000142695
0x03fd,8,0.000000142695
0x0400,27595,0.000492207400
0x0403,27595,0.000492207400
0x0406,27595,0.000492207400
0x0407,27595,0.000492207400
0x0408,27595,0.000492207400
0x0409,27595,0.000492207400
0x040a,27595,0.000492207400
0x040b,27595,0.000492207400
0x040c,27595,0.000492207400
0x040d,27595,0.000492207400
0x041e,55,0.000000981026
0x0421,55,0.000000981026
0x0423,55,0.000000981026
0x0424,55,0.000000981026
0x0427,55,0.000000981026
0x0429,55,0.000000981026
0x042a,55,0.000000981026
0x042d,55,0.000000981026
0x0430,8,0.000000142695
0x0433,8,0.000000142695
0x0435,8,0.000000142695
0x0436,8,0.000000142695
0x0438,8,0.000000142695
0x043a,8,0.000000142695
0x043b,8,0.000000142695
0x043d,8,0.000000142695
0x043f,8,0.000000142695
0x0440,3,0.000000053510
0x0441,3,0.000000053510
0x0442,3,0.000000053510
0x0443,3,0.000000053510
0x0445,3,0.000000053510
0x04ac,1720,0.000030679352
0x04af,1720,0.000030679352
0x04b0,1720,0.000030679352
0x04b1,1720,0.000030679352
0x04b2,1720,0.000030679352
0x04b4,1720,0.000030679352
0x04b5,1720,0.000030679352
0x04b6,1704,0.000030393963
0x04b8,1704,0.000030393963
0x04ba,1704,0.000030393963
0x04bd,1696,0.000030251268
0x04bf,1696,0.000030251268
0x04c1,1696,0.000030251268
0x04c2,1696,0.000030251268
0x04c4,1696,0.000030251268
0x04c6,1696,0.000030251268
0x04c9,860,0.000015339676
0x04cc,860,0.000015339676
0x04cd,860,0.000015339676
0x04d0,860,0.000015339676
0x04d1,860,0.000015339676
0x04d2,860,0.000015339676
0x04d4,860,0.000015339676
0x04d7,860,0.000015339676
0x04df,860,0.000015339676
0x04e1,860,0.000015339676
0x04e4,860,0.000015339676
0x04e6,836,0.000014911592
0x04e9,836,0.000014911592
0x04ea,836,0.000014911592
0x04eb,836,0.000014911592
0x04ee,836,0.000014911592
0x04f4,836,0.000014911592
0x04f6,836,0.000014911592
0x04f9,836,0.000014911592
0x04fb,5016,0.000089469553
0x04fd,5016,0.000089469553
0x04fe,5016,0.000089469553
0x0501,5016,0.000089469553
0x0502,5016,0.000089469553
0x0505,836,0.000014911592
0x0506,47,0.000000838331
0x0509,47,0.000000838331
0x050b,47,0.000000838331
0x050e,47,0.000000838331
0x0511,47,0.000000838331
0x0514,47,0.000000838331
0x0515,47,0.000000838331
0x0518,47,0.000000838331
0x051b,47,0.000000838331
0x051d,47,0.000000838331
0x0520,47,0.000000838331
0x0523,47,0.000000838331
0x0526,47,0.000000838331
0x0529,47,0.000000838331
0x052c,47,0.000000838331
0x052f,47,0.000000838331
0x0532,47,0.000000838331
0x0535,47,0.000000838331
0x0537,47,0.000000838331
0x053a,47,0.000000838331
0x053d,47,0.000000838331
0x0540,47,0.000000838331
0x0543,47,0.000000838331
0x0547,47,0.000000838331
0x054a,47,0.000000838331
0x054d,47,0.000000838331
0x054f,47,0.000000838331
0x0552,47,0.000000838331
0x0555,47,0.000000838331
0x0557,47,0.000000838331
0x055a,47,0.000000838331
0x0580,51,0.000000909678
0x0583,51,0.000000909678
0x0586,51,0.000000909678
0x0588,51,0.000000909678
0x0589,51,0.000000909678
0x058a,51,0.000000909678
0x058b,51,0.000000909678
0x058d,51,0.000000909678
0x0590,51,0.000000909678
0x0592,51,0.000000909678
0x0595,51,0.000000909678
0x05d8,266,0.000004744598
0x05d9,12726,0.000226991534
0x05da,12726,0.000226991534
0x05db,12726,0.000226991534
0x05dc,12726,0.000226991534
0x05df,266,0.000004744598
0x05e0,6898,0.000123038472
0x05e1,6898,0.000123038472
0x05e2,6898,0.000123038472
0x05e3,6898,0.000123038472
0x05e4,6898,0.000123038472
0x05e5,6898,0.000123038472
0x05e8,1536,0.000027397375
0x05ec,47,0.000000838331
0x05ef,47,0.000000838331
0x05f2,47,0.000000838331
0x05f4,47,0.000000838331
0x05f5,47,0.000000838331
0x05f6,47,0.000000838331
0x05f7,47,0.000000838331
0x05f8,47,0.000000838331
0x05f9,47,0.000000838331
0x05fa,278,0.000004958640
0x05fd,278,0.000004958640
0x0600,278,0.000004958640
0x0601,278,0.000004958640
0x0602,278,0.000004958640
0x0603,4218,0.000075235761
0x0604,4218,0.000075235761
0x0605,4218,0.000075235761
0x0606,4218,0.000075235761
0x0607,4218,0.000075235761
0x0608,4218,0.000075235761
0x0609,4218,0.000075235761
0x060a,4218,0.000075235761
0x060d,265,0.000004726761
0x0610,47,0.000000838331
0x0613,47,0.000000838331
0x0616,47,0.000000838331
0x0617,47,0.000000838331
0x0619,47,0.000000838331
0x061a,47,0.000000838331
0x061b,47,0.000000838331
0x061c,47,0.000000838331
0x061d,47,0.000000838331
0x061e,47,0.000000838331
0x061f,47,0.000000838331
0x0621,47,0.000000838331
0x0624,47,0.000000838331
0x0627,47,0.000000838331
0x0628,47,0.000000838331
0x0629,47,0.000000838331
0x062a,522,0.000009310827
0x062b,522,0.000009310827
0x062c,522,0.000009310827
0x062d,522,0.000009310827
0x062e,522,0.000009310827
0x062f,522,0.000009310827
0x0630,522,0.000009310827
0x0631,522,0.000009310827
0x0632,522,0.000009310827
0x0633,522,0.000009310827
0x0634,522,0.000009310827
0x0635,522,0.000009310827
0x0638,34,0.000000606452
0x0650,47,0.000000838331
0x0653,47,0.000000838331
0x0656,47,0.000000838331
0x0658,47,0.000000838331
0x0659,47,0.000000838331
0x065a,47,0.000000838331
0x065b,47,0.000000838331
0x065c,47,0.000000838331
0x065d,47,0.000000838331
0x065e,47,0.000000838331
0x0661,47,0.000000838331
0x0664,47,0.000000838331
0x0665,47,0.000000838331
0x0666,47,0.000000838331
0x0667,522,0.000009310827
0x0668,522,0.000009310827
0x0669,522,0.000009310827
0x066a,522,0.000009310827
0x066b,522,0.000009310827
0x066c,522,0.000009310827
0x066f,34,0.000000606452
0x067a,5982,0.000106699934
0x067d,5982,0.000106699934
0x067e,5982,0.000106699934
0x067f,5982,0.000106699934
0x0682,5982,0.000106699934
0x0684,5982,0.000106699934
0x0685,754,0.000013448972
0x0688,754,0.000013448972
0x068b,754,0.000013448972
0x068c,754,0.000013448972
0x068d,754,0.000013448972
0x068e,754,0.000013448972
0x068f,754,0.000013448972
0x0691,754,0.000013448972
0x0692,754,0.000013448972
0x0693,754,0.000013448972
0x0695,754,0.000013448972
0x0696,754,0.000013448972
0x0697,754,0.000013448972
0x0698,754,0.000013448972
0x0699,19630,0.000350137027
0x069a,19630,0.000350137027
0x069b,19630,0.000350137027
0x069c,19630,0.000350137027
0x069d,19630,0.000350137027
0x069e,19630,0.000350137027
0x069f,19630,0.000350137027
0x06a2,3016,0.000053795888
0x06a3,3016,0.000053795888
0x06a4,3016,0.000053795888
0x06a5,3016,0.000053795888
0x06a8,754,0.000013448972
0x06a9,754,0.000013448972
0x06ac,754,0.000013448972
0x06b0,5341,0.000095266524
0x06b3,5341,0.000095266524
0x06b6,5341,0.000095266524
0x06b7,5341,0.000095266524
0x06b8,5341,0.000095266524
0x06b9,34,0.000000606452
0x06ba,34,0.000000606452
0x06bb,34,0.000000606452
0x06bc,34,0.000000606452
0x06bd,34,0.000000606452
0x06be,34,0.000000606452
0x06bf,34,0.000000606452
0x06c0,34,0.000000606452
0x06c1,34,0.000000606452
0x06c2,34,0.000000606452
0x06c3,34,0.000000606452
0x06c4,34,0.000000606452
0x06c5,34,0.000000606452
0x06c8,34,0.000000606452
0x06ca,34,0.000000606452
0x06cb,34,0.000000606452
0x06cc,34,0.000000606452
0x06cd,34,0.000000606452
0x06cf,34,0.000000606452
0x06d0,34,0.000000606452
0x06d1,34,0.000000606452
0x06d2,34,0.000000606452
0x06d3,34,0.000000606452
0x06d4,34,0.000000606452
0x06d5,34,0.000000606452
0x06d7,34,0.000000606452
0x06d8,34,0.000000606452
0x06da,34,0.000000606452
0x06db,34,0.000000606452
0x06de,34,0.000000606452
0x06df,34,0.000000606452
0x06e1,34,0.000000606452
0x06e2,34,0.000000606452
0x06e3,34,0.000000606452
0x06e4,34,0.000000606452
0x06e7,34,0.000000606452
0x06e8,860,0.000015339676
0x06eb,860,0.000015339676
0x06ed,860,0.000015339676
0x06f0,5341,0.000095266524
0x06f3,5341,0.000095266524
0x06f6,5341,0.000095266524
0x0700,20527,0.000366136666
0x0703,20527,0.000366136666
0x0706,61581,0.001098409998
0x0709,61581,0.001098409998
0x070a,61581,0.001098409998
0x070c,61581,0.001098409998
0x070d,61581,0.001098409998
0x070f,61581,0.001098409998
0x0710,61581,0.001098409998
0x0711,61581,0.001098409998
0x0713,61581,0.001098409998
0x0716,20527,0.000366136666
0x0718,200926,0.003583883458
0x071b,200926,0.003583883458
0x0720,200926,0.003583883458
0x0721,200926,0.003583883458
0x0722,200926,0.003583883458
0x0724,200926,0.003583883458
0x0725,80885,0.001442732218
0x0726,80885,0.001442732218
0x0728,80885,0.001442732218
0x0729,80885,0.001442732218
0x072a,80885,0.001442732218
0x072b,80885,0.001442732218
0x072c,80885,0.001442732218
0x072e,80885,0.001442732218
0x0730,80885,0.001442732218
0x0731,80885,0.001442732218
0x0733,80885,0.001442732218
0x0734,80885,0.001442732218
0x0740,200926,0.003583883458
0x0741,200926,0.003583883458
0x0742,200926,0.003583883458
0x0744,200926,0.003583883458
0x0745,84761,0.001511867781
0x0746,84761,0.001511867781
0x0748,84761,0.001511867781
0x0749,84761,0.001511867781
0x074a,84761,0.001511867781
0x074b,84761,0.001511867781
0x074c,84761,0.001511867781
0x074d,84761,0.001511867781
0x074f,84761,0.001511867781
0x0750,84761,0.001511867781
0x0751,84761,0.001511867781
0x0752,84761,0.001511867781
0x0754,84761,0.001511867781
0x0755,84761,0.001511867781
0x0757,84761,0.001511867781
0x0758,84761,0.001511867781
0x0763,15226,0.000271583616
0x0764,15226,0.000271583616
0x0765,15226,0.000271583616
0x0766,15226,0.000271583616
0x0767,15226,0.000271583616
0x0768,15226,0.000271583616
0x0769,15226,0.000271583616
0x076a,15226,0.000271583616
0x076b,15226,0.000271583616
0x076d,18964,0.000338257696
0x076e,18964,0.000338257696
0x076f,18964,0.000338257696
0x0770,18964,0.000338257696
0x0771,18964,0.000338257696
0x0772,18964,0.000338257696
0x0773,18964,0.000338257696
0x0774,18964,0.000338257696
0x0775,18964,0.000338257696
0x0776,18964,0.000338257696
0x0779,36536,0.000651686522
0x077a,36536,0.000651686522
0x077b,36536,0.000651686522
0x077c,36536,0.000651686522
0x077d,36536,0.000651686522
0x077e,36536,0.000651686522
0x077f,36536,0.000651686522
0x0780,36536,0.000651686522
0x0783,36536,0.000651686522
0x0784,36536,0.000651686522
0x0785,36536,0.000651686522
0x0786,36536,0.000651686522
0x0788,36635,0.000653452368
0x0789,36635,0.000653452368
0x078a,36635,0.000653452368
0x078b,36635,0.000653452368
0x078c,36635,0.000653452368
0x078d,36635,0.000653452368
0x078e,36635,0.000653452368
0x078f,36635,0.000653452368
0x0790,36635,0.000653452368
0x0792,36635,0.000653452368
0x0793,36635,0.000653452368
0x0794,36635,0.000653452368
0x0795,36635,0.000653452368
0x0798,36635,0.000653452368
0x0799,36635,0.000653452368
0x079a,36635,0.000653452368
0x079b,36635,0.000653452368
0x079e,3468,0.000061858136
0x079f,3468,0.000061858136
0x07a0,3468,0.000061858136
0x07a1,3468,0.000061858136
0x07a2,3468,0.000061858136
0x07a3,3468,0.000061858136
0x07a4,3468,0.000061858136
0x07a5,3468,0.000061858136
0x07a6,3468,0.000061858136
0x07a7,3468,0.000061858136
0x07a8,3468,0.000061858136
0x07aa,3473,0.000061947320
0x07ab,3473,0.000061947320
0x07ac,3473,0.000061947320
0x07ad,3473,0.000061947320
0x07ae,3473,0.000061947320
0x07af,3473,0.000061947320
0x07b0,3473,0.000061947320
0x07b1,3473,0.000061947320
0x07b2,3473,0.000061947320
0x07b4,3473,0.000061947320
0x07b5,3473,0.000061947320
0x07b6,3473,0.000061947320
0x07b7,3473,0.000061947320
0x07b8,3473,0.000061947320
0x07b9,3473,0.000061947320
0x07ba,3473,0.000061947320
0x07bb,3473,0.000061947320
0x07be,25655,0.000457603944
0x07bf,25655,0.000457603944
0x07c0,25655,0.000457603944
0x07c1,25655,0.000457603944
0x07c2,25655,0.000457603944
0x07c3,25655,0.000457603944
0x07c4,25655,0.000457603944
0x07c5,25655,0.000457603944
0x07c6,25655,0.000457603944
0x07c7,25655,0.000457603944
0x07ca,25655,0.000457603944
0x07cb,25655,0.000457603944
0x07cc,25655,0.000457603944
0x07cd,25655,0.000457603944
0x07ce,25655,0.000457603944
0x07cf,25655,0.000457603944
0x07d2,25689,0.000458210397
0x07d3,25689,0.000458210397
0x07d4,25689,0.000458210397
0x07d5,25689,0.000458210397
0x07d6,25689,0.000458210397
0x07d7,25689,0.000458210397
0x07d8,25689,0.000458210397
0x07d9,25689,0.000458210397
0x07da,25689,0.000458210397
0x07dc,25723,0.000458816849
0x07dd,25723,0.000458816849
0x07de,25723,0.000458816849
0x07df,25723,0.000458816849
0x07e0,25723,0.000458816849
0x07e1,25723,0.000458816849
0x07e2,25723,0.000458816849
0x07e3,25723,0.000458816849
0x07e4,25723,0.000458816849
0x07e7,25723,0.000458816849
0x07e8,25723,0.000458816849
0x07e9,25723,0.000458816849
0x07ea,25723,0.000458816849
0x07eb,25723,0.000458816849
0x07ec,25723,0.000458816849
0x07ed,25723,0.000458816849
0x07ee,25723,0.000458816849
0x07f0,8,0.000000142695
0x07f3,8,0.000000142695
0x07f6,8,0.000000142695
0x07f9,8,0.000000142695
0x0800,23172,0.000413315089
0x0803,23172,0.000413315089
0x0806,23172,0.000413315089
0x0807,23172,0.000413315089
0x0809,23172,0.000413315089
0x080a,23172,0.000413315089
0x080b,23172,0.000413315089
0x080c,23172,0.000413315089
0x080d,23172,0.000413315089
0x080e,23172,0.000413315089
0x080f,23172,0.000413315089
0x0834,1675,0.000029876695
0x0837,1675,0.000029876695
0x083a,1675,0.000029876695
0x083b,1675,0.000029876695
0x083c,1675,0.000029876695
0x083e,1675,0.000029876695
0x083f,231,0.000004120308
0x0842,231,0.000004120308
0x0845,231,0.000004120308
0x0848,586,0.000010452384
0x084b,586,0.000010452384
0x084c,586,0.000010452384
0x084d,586,0.000010452384
0x084e,16,0.000000285389
0x0850,16,0.000000285389
0x0851,16,0.000000285389
0x0853,16,0.000000285389
0x0855,16,0.000000285389
0x085a,231,0.000004120308
0x085d,231,0.000004120308
0x085f,231,0.000004120308
0x0860,187,0.000003335488
0x0862,187,0.000003335488
0x0864,187,0.000003335488
0x0865,143,0.000002550667
0x0867,143,0.000002550667
0x0869,143,0.000002550667
0x086a,99,0.000001765846
0x086c,99,0.000001765846
0x086e,99,0.000001765846
0x086f,55,0.000000981026
0x0871,55,0.000000981026
0x0876,20527,0.000366136666
0x0879,20527,0.000366136666
0x087c,20527,0.000366136666
0x087f,20527,0.000366136666
0x0882,20527,0.000366136666
0x0885,20527,0.000366136666
0x0886,20527,0.000366136666
0x0889,20527,0.000366136666
0x088b,112886,0.002013528703
0x088c,112886,0.002013528703
0x088d,112886,0.002013528703
0x088e,112886,0.002013528703
0x088f,112886,0.002013528703
0x0890,112886,0.002013528703
0x0891,112886,0.002013528703
0x0892,112886,0.002013528703
0x0893,112886,0.002013528703
0x0894,112886,0.002013528703
0x0897,30788,0.000549160407
0x08a0,20527,0.000366136666
0x08a3,20527,0.000366136666
0x08a6,20527,0.000366136666
0x08a9,20527,0.000366136666
0x08ac,20527,0.000366136666
0x08ae,20527,0.000366136666
0x08b0,20527,0.000366136666
0x08b1,1280,0.000022831146
0x08b4,1280,0.000022831146
0x08b7,1280,0.000022831146
0x08c4,20527,0.000366136666
0x08c7,20527,0.000366136666
0x08c8,20527,0.000366136666
0x08ca,20527,0.000366136666
0x08cd,20093,0.000358395481
0x08cf,20093,0.000358395481
0x08d0,20093,0.000358395481
0x08d1,20093,0.000358395481
0x08d4,18923,0.000337526386
0x08d6,18923,0.000337526386
0x08d9,18923,0.000337526386
0x08dc,7,0.000000124858
0x08de,7,0.000000124858
0x08e0,7,0.000000124858
0x08e2,7,0.000000124858
0x08e3,7,0.000000124858
0x08e5,7,0.000000124858
0x08e6,7,0.000000124858
0x08e8,7,0.000000124858
0x08ea,1177,0.000020993952
0x08eb,20093,0.000358395481
0x08ed,20093,0.000358395481
0x08f0,20093,0.000358395481
0x08f3,20093,0.000358395481
0x0900,20093,0.000358395481
0x0903,20093,0.000358395481
0x0904,20093,0.000358395481
0x0906,20093,0.000358395481
0x0907,15607,0.000278379449
0x0909,15607,0.000278379449
0x090c,8198,0.000146226355
0x090d,8198,0.000146226355
0x090f,8198,0.000146226355
0x0910,7505,0.000133865430
0x0911,7505,0.000133865430
0x0913,7505,0.000133865430
0x0916,7505,0.000133865430
0x0917,7409,0.000132153094
0x0918,7409,0.000132153094
0x091a,7409,0.000132153094
0x091b,7409,0.000132153094
0x091c,7409,0.000132153094
0x091e,7409,0.000132153094
0x0921,7409,0.000132153094
0x0926,20760,0.000370292648
0x0927,20760,0.000370292648
0x0929,20760,0.000370292648
0x092a,20760,0.000370292648
0x092b,20760,0.000370292648
0x092c,20760,0.000370292648
0x092d,20760,0.000370292648
0x092e,20760,0.000370292648
0x0930,21807,0.000388967812
0x0931,21807,0.000388967812
0x0933,21807,0.000388967812
0x0936,13515,0.000241064795
0x0937,13515,0.000241064795
0x0939,13515,0.000241064795
0x093c,13515,0.000241064795
0x093d,667,0.000011897167
0x093e,667,0.000011897167
0x0940,667,0.000011897167
0x0941,667,0.000011897167
0x0942,667,0.000011897167
0x0944,667,0.000011897167
0x0945,667,0.000011897167
0x0946,667,0.000011897167
0x0947,667,0.000011897167
0x094a,667,0.000011897167
0x094c,667,0.000011897167
0x094d,667,0.000011897167
0x094e,667,0.000011897167
0x0951,667,0.000011897167
0x0953,667,0.000011897167
0x0954,667,0.000011897167
0x0955,667,0.000011897167
0x0956,667,0.000011897167
0x0959,667,0.000011897167
0x095c,667,0.000011897167
0x095e,667,0.000011897167
0x0961,667,0.000011897167
0x0964,8292,0.000147903017
0x0965,8292,0.000147903017
0x0966,8292,0.000147903017
0x0967,8292,0.000147903017
0x0968,8292,0.000147903017
0x096a,8292,0.000147903017
0x096b,8292,0.000147903017
0x096d,8292,0.000147903017
0x096e,412,0.000007348775
0x096f,412,0.000007348775
0x0970,412,0.000007348775
0x0971,412,0.000007348775
0x0972,412,0.000007348775
0x0974,412,0.000007348775
0x0975,412,0.000007348775
0x097a,20527,0.000366136666
0x097d,20527,0.000366136666
0x097e,20527,0.000366136666
0x0980,20527,0.000366136666
0x0981,20527,0.000366136666
0x0984,20527,0.000366136666
0x0985,20527,0.000366136666
0x0986,20527,0.000366136666
0x0987,20527,0.000366136666
0x0988,20527,0.000366136666
0x098b,20527,0.000366136666
0x098c,20527,0.000366136666
0x098d,20527,0.000366136666
0x098e,20527,0.000366136666
0x0991,20527,0.000366136666
0x09a0,20574,0.000366974997
0x09a3,20574,0.000366974997
0x09a6,61722,0.001100924991
0x09a9,61722,0.001100924991
0x09aa,61722,0.001100924991
0x09ab,61722,0.001100924991
0x09ac,61722,0.001100924991
0x09ad,61722,0.001100924991
0x09ae,61722,0.001100924991
0x09af,61722,0.001100924991
0x09b0,61722,0.001100924991
0x09b2,61722,0.001100924991
0x09b5,20574,0.000366974997
0x09ba,159187,0.002839391896
0x09bd,159187,0.002839391896
0x09be,159187,0.002839391896
0x09c0,159187,0.002839391896
0x09c1,159187,0.002839391896
0x09c2,159187,0.002839391896
0x09c3,159187,0.002839391896
0x09c4,159187,0.002839391896
0x09c5,159187,0.002839391896
0x09c6,159187,0.002839391896
0x09c7,159187,0.002839391896
0x09c8,159187,0.002839391896
0x09c9,159187,0.002839391896
0x09ca,159187,0.002839391896
0x09cc,159187,0.002839391896
0x09cd,159187,0.002839391896
0x09ce,159187,0.002839391896
0x09cf,159187,0.002839391896
0x09d0,159187,0.002839391896
0x09d1,159187,0.002839391896
0x0a50,4402,0.000078517738
0x0a53,4402,0.000078517738
0x0a56,88040,0.001570354756
0x0a57,88040,0.001570354756
0x0a5a,88040,0.001570354756
0x0a5b,88040,0.001570354756
0x0a5c,88040,0.001570354756
0x0a5e,88040,0.001570354756
0x0a5f,88040,0.001570354756
0x0a61,88040,0.001570354756
0x0a62,88040,0.001570354756
0x0a63,88040,0.001570354756
0x0a64,88040,0.001570354756
0x0a67,4402,0.000078517738
0x0a6c,4211,0.000075110903
0x0a6f,4211,0.000075110903
0x0a72,84220,0.001502218055
0x0a73,84220,0.001502218055
0x0a74,84220,0.001502218055
0x0a75,84220,0.001502218055
0x0a77,84220,0.001502218055
0x0a7a,46160,0.000823348200
0x0a7b,46160,0.000823348200
0x0a7c,46160,0.000823348200
0x0a7d,46160,0.000823348200
0x0a7e,46160,0.000823348200
0x0a7f,46160,0.000823348200
0x0a80,46160,0.000823348200
0x0a81,46160,0.000823348200
0x0a82,46160,0.000823348200
0x0a83,46160,0.000823348200
0x0a84,46160,0.000823348200
0x0a85,46160,0.000823348200
0x0a86,46160,0.000823348200
0x0a87,46160,0.000823348200
0x0a8a,84220,0.001502218055
0x0a8b,84220,0.001502218055
0x0a8c,84220,0.001502218055
0x0a8d,84220,0.001502218055
0x0a8f,84220,0.001502218055
0x0a90,84220,0.001502218055
0x0a91,84220,0.001502218055
0x0a93,84220,0.001502218055
0x0a94,84220,0.001502218055
0x0a96,84220,0.001502218055
0x0a99,4211,0.000075110903
0x0aa0,434,0.000007741185
0x0aa2,434,0.000007741185
0x0aa3,434,0.000007741185
0x0aa4,434,0.000007741185
0x0aa5,434,0.000007741185
0x0aa8,434,0.000007741185
0x0aa9,434,0.000007741185
0x0aac,434,0.000007741185
0x0aae,434,0.000007741185
0x0aaf,434,0.000007741185
0x0ab0,434,0.000007741185
0x0ab3,434,0.000007741185
0x0ab5,434,0.000007741185
0x0ab8,427,0.000007616328
0x0abb,427,0.000007616328
0x0abd,427,0.000007616328
0x0abe,427,0.000007616328
0x0abf,427,0.000007616328
0x0ac0,427,0.000007616328
0x0ac1,427,0.000007616328
0x0ad6,10672,0.000190354679
0x0ad7,10672,0.000190354679
0x0ad8,42688,0.000761418717
0x0ad9,42688,0.000761418717
0x0ada,42688,0.000761418717
0x0adb,42688,0.000761418717
0x0adc,42688,0.000761418717
0x0add,42688,0.000761418717
0x0ae0,10672,0.000190354679
0x0ae1,10672,0.000190354679
0x0ae2,10672,0.000190354679
0x0ae5,10672,0.000190354679
0x0ae6,10672,0.000190354679
0x0ae9,4662,0.000083155314
0x0aea,1440,0.000025685039
0x0aed,1440,0.000025685039
0x0aee,1440,0.000025685039
0x0af0,1440,0.000025685039
0x0af1,1440,0.000025685039
0x0af4,1440,0.000025685039
0x0af6,1440,0.000025685039
0x0af7,1440,0.000025685039
0x0af8,1440,0.000025685039
0x0af9,1440,0.000025685039
0x0afc,1440,0.000025685039
0x0afd,1440,0.000025685039
0x0afe,1440,0.000025685039
0x0b00,1440,0.000025685039
0x0b01,1440,0.000025685039
0x0b02,1440,0.000025685039
0x0b05,1425,0.000025417487
0x0b07,1425,0.000025417487
0x0b0a,960,0.000017123359
0x0b0d,945,0.000016855807
0x0b15,15,0.000000267552
0x0b16,15,0.000000267552
0x0b18,15,0.000000267552
0x0b19,15,0.000000267552
0x0b1a,15,0.000000267552
0x0b1c,15,0.000000267552
0x0b1d,15,0.000000267552
0x0b1e,15,0.000000267552
0x0b1f,15,0.000000267552
0x0b20,4,0.000000071347
0x0b21,4,0.000000071347
0x0b22,4,0.000000071347
0x0b25,4,0.000000071347
0x0b26,4,0.000000071347
0x0b27,4,0.000000071347
0x0b28,4,0.000000071347
0x0b29,3,0.000000053510
0x0b2b,3,0.000000053510
0x0b2d,3,0.000000053510
0x0b48,7,0.000000124858
0x0b4b,7,0.000000124858
0x0b4e,7,0.000000124858
0x0b50,7,0.000000124858
0x0b51,7,0.000000124858
0x0b53,7,0.000000124858
0x0b54,7,0.000000124858
0x0b55,7,0.000000124858
0x0b57,7,0.000000124858
0x0b59,7,0.000000124858
0x0b5a,7,0.000000124858
0x0b60,1208,0.000021546894
0x0b63,1208,0.000021546894
0x0b64,1208,0.000021546894
0x0b65,1208,0.000021546894
0x0b67,1208,0.000021546894
0x0b6a,1200,0.000021404199
0x0b6d,1200,0.000021404199
0x0b6f,1200,0.000021404199
0x0b71,1200,0.000021404199
0x0b74,4,0.000000071347
0x0b77,4,0.000000071347
0x0b79,4,0.000000071347
0x0b7b,4,0.000000071347
0x0b7c,4,0.000000071347
0x0b7d,4,0.000000071347
0x0b7e,4,0.000000071347
0x0b7f,4,0.000000071347
0x0b80,4,0.000000071347
0x0b82,4,0.000000071347
0x0b83,4,0.000000071347
0x0b84,4,0.000000071347
0x0b85,4,0.000000071347
0x0b87,4,0.000000071347
0x0b88,4,0.000000071347
0x0b89,4,0.000000071347
0x0b8a,4,0.000000071347
0x0b8b,4,0.000000071347
0x0b95,1196,0.000021332852
0x0b98,1196,0.000021332852
0x0b9b,1196,0.000021332852
0x0ba0,465,0.000008294127
0x0ba3,465,0.000008294127
0x0ba4,465,0.000008294127
0x0ba6,465,0.000008294127
0x0ba8,465,0.000008294127
0x0ba9,310,0.000005529418
0x0bab,310,0.000005529418
0x0bac,155,0.000002764709
0x0bad,155,0.000002764709
0x0bae,155,0.000002764709
0x0baf,155,0.000002764709
0x0bb2,155,0.000002764709
0x0bba,945,0.000016855807
0x0bbb,945,0.000016855807
0x0bbc,945,0.000016855807
0x0bbf,480,0.000008561680
0x0bc0,480,0.000008561680
0x0bc1,480,0.000008561680
0x0bc4,240,0.000004280840
0x0bca,4,0.000000071347
0x0bcd,4,0.000000071347
0x0bd0,4,0.000000071347
0x0bd2,4,0.000000071347
0x0bd3,4,0.000000071347
0x0bd4,4,0.000000071347
0x0bd6,4,0.000000071347
0x0bd9,4,0.000000071347
0x0bdc,4,0.000000071347
0x0bdf,4,0.000000071347
0x0be2,4,0.000000071347
0x0be5,4,0.000000071347
0x0be8,4,0.000000071347
0x0beb,4,0.000000071347
0x0bee,4,0.000000071347
0x0bf1,4,0.000000071347
0x0c00,17,0.000000303226
0x0c01,17,0.000000303226
0x0c02,17,0.000000303226
0x0c04,17,0.000000303226
0x0c05,17,0.000000303226
0x0c07,17,0.000000303226
0x0c08,17,0.000000303226
0x0c09,17,0.000000303226
0x0c0a,17,0.000000303226
0x0c0b,17,0.000000303226
0x0c0c,17,0.000000303226
0x0c0f,17,0.000000303226
0x0c10,17,0.000000303226
0x0c11,17,0.000000303226
0x0c13,17,0.000000303226
0x0c16,13,0.000000231879
0x0c18,13,0.000000231879
0x0c1b,3,0.000000053510
0x0c1e,3,0.000000053510
0x0c20,3,0.000000053510
0x0c23,3,0.000000053510
0x0c40,10261,0.000183023741
0x0c43,10261,0.000183023741
0x0c45,10261,0.000183023741
0x0c48,10261,0.000183023741
0x0c4b,10261,0.000183023741
0x0c4e,10261,0.000183023741
0x0c51,10261,0.000183023741
0x0c56,10261,0.000183023741
0x0c59,51305,0.000915118705
0x0c5a,51305,0.000915118705
0x0c5d,51305,0.000915118705
0x0c5e,51305,0.000915118705
0x0c5f,51305,0.000915118705
0x0c61,51305,0.000915118705
0x0c62,51305,0.000915118705
0x0c64,51305,0.000915118705
0x0c67,10261,0.000183023741
0x0c6b,10261,0.000183023741
0x0c6e,10261,0.000183023741
0x0c71,51305,0.000915118705
0x0c74,51305,0.000915118705
0x0c75,51305,0.000915118705
0x0c76,51305,0.000915118705
0x0c77,51305,0.000915118705
0x0c78,51305,0.000915118705
0x0c79,51305,0.000915118705
0x0c7a,51305,0.000915118705
0x0c7b,51305,0.000915118705
0x0c7d,51305,0.000915118705
0x0c80,10261,0.000183023741
0x0c84,51305,0.000915118705
0x0c85,51305,0.000915118705
0x0c87,51305,0.000915118705
0x0c88,7190,0.000128246828
0x0c89,7190,0.000128246828
0x0c8a,7190,0.000128246828
0x0c8b,7190,0.000128246828
0x0c8c,7190,0.000128246828
0x0c8e,7190,0.000128246828
0x0c8f,7190,0.000128246828
0x0c90,7190,0.000128246828
0x0c91,7190,0.000128246828
0x0c92,7190,0.000128246828
0x0c94,7190,0.000128246828
0x0c95,7190,0.000128246828
0x0c97,7190,0.000128246828
0x0c9a,6990,0.000124679461
0x0c9b,6990,0.000124679461
0x0c9e,6990,0.000124679461
0x0c9f,6990,0.000124679461
0x0ca0,6990,0.000124679461
0x0ca2,6990,0.000124679461
0x0ca3,6990,0.000124679461
0x0ca4,6990,0.000124679461
0x0ca5,6990,0.000124679461
0x0ca6,6990,0.000124679461
0x0ca7,6990,0.000124679461
0x0ca8,6990,0.000124679461
0x0ca9,6990,0.000124679461
0x0caa,6990,0.000124679461
0x0cac,6990,0.000124679461
0x0caf,6976,0.000124429745
0x0cb4,6990,0.000124679461
0x0cb6,6990,0.000124679461
0x0cb7,1620,0.000028895669
0x0cb9,1620,0.000028895669
0x0cba,818,0.000014590529
0x0cbd,818,0.000014590529
0x0cbe,818,0.000014590529
0x0cbf,294,0.000005244029
0x0cc2,294,0.000005244029
0x0cc3,294,0.000005244029
0x0cc4,15,0.000000267552
0x0cc6,15,0.000000267552
0x0cc9,15,0.000000267552
0x0ccb,15,0.000000267552
0x0cce,15,0.000000267552
0x0cd0,15,0.000000267552
0x0cd3,15,0.000000267552
0x0cd8,10261,0.000183023741
0x0cdb,10261,0.000183023741
0x0cde,51305,0.000915118705
0x0cdf,51305,0.000915118705
0x0ce2,51305,0.000915118705
0x0ce3,51305,0.000915118705
0x0ce4,51305,0.000915118705
0x0ce6,51305,0.000915118705
0x0ce7,51305,0.000915118705
0x0ce9,51305,0.000915118705
0x0cea,51305,0.000915118705
0x0ceb,51305,0.000915118705
0x0cec,51305,0.000915118705
0x0cef,10261,0.000183023741
0x0cf4,12,0.000000214042
0x0cf5,12,0.000000214042
0x0cf6,12,0.000000214042
0x0d1c,4166,0.000074308245
0x0d1f,4166,0.000074308245
0x0d22,66656,0.001188931924
0x0d25,66656,0.001188931924
0x0d26,66656,0.001188931924
0x0d27,66656,0.001188931924
0x0d28,66656,0.001188931924
0x0d2a,66656,0.001188931924
0x0d2b,66656,0.001188931924
0x0d2e,4166,0.000074308245
0x0d30,66656,0.001188931924
0x0d31,66656,0.001188931924
0x0d32,66656,0.001188931924
0x0d33,66656,0.001188931924
0x0d34,66656,0.001188931924
0x0d35,66656,0.001188931924
0x0d37,66656,0.001188931924
0x0d38,45634,0.000813966026
0x0d39,45634,0.000813966026
0x0d3a,45634,0.000813966026
0x0d3b,45634,0.000813966026
0x0d3c,45634,0.000813966026
0x0d3e,45634,0.000813966026
0x0d3f,45634,0.000813966026
0x0d41,45634,0.000813966026
0x0d42,45634,0.000813966026
0x0d43,45634,0.000813966026
0x0d46,42050,0.000750038817
0x0d47,42050,0.000750038817
0x0d48,42050,0.000750038817
0x0d4b,5612,0.000100100305
0x0d4c,5612,0.000100100305
0x0d4d,5612,0.000100100305
0x0d4e,5612,0.000100100305
0x0d4f,9196,0.000164027514
0x0d50,9196,0.000164027514
0x0d51,9196,0.000164027514
0x0d52,9196,0.000164027514
0x0d53,9196,0.000164027514
0x0d54,9196,0.000164027514
0x0d55,9196,0.000164027514
0x0d57,9196,0.000164027514
0x0d58,9196,0.000164027514
0x0d59,3771,0.000067262696
0x0d5a,3771,0.000067262696
0x0d5e,36438,0.000649938512
0x0d5f,36438,0.000649938512
0x0d60,36438,0.000649938512
0x0d61,36438,0.000649938512
0x0d62,36438,0.000649938512
0x0d64,36438,0.000649938512
0x0d65,36438,0.000649938512
0x0d66,5499,0.000098084743
0x0d67,5499,0.000098084743
0x0d70,4164,0.000074272572
0x0d73,4164,0.000074272572
0x0d76,66624,0.001188361146
0x0d79,66624,0.001188361146
0x0d7a,66624,0.001188361146
0x0d7c,66624,0.001188361146
0x0d7d,66624,0.001188361146
0x0d7f,66624,0.001188361146
0x0d80,66624,0.001188361146
0x0d83,4164,0.000074272572
0x0d86,66624,0.001188361146
0x0d87,66624,0.001188361146
0x0d88,66624,0.001188361146
0x0d89,66624,0.001188361146
0x0d8a,66624,0.001188361146
0x0d8b,66624,0.001188361146
0x0d8d,66624,0.001188361146
0x0d8e,45608,0.000813502268
0x0d8f,45608,0.000813502268
0x0d90,45608,0.000813502268
0x0d91,45608,0.000813502268
0x0d94,45608,0.000813502268
0x0d95,45608,0.000813502268
0x0d96,45608,0.000813502268
0x0d97,45608,0.000813502268
0x0d99,45608,0.000813502268
0x0d9a,45608,0.000813502268
0x0d9c,45608,0.000813502268
0x0d9d,45608,0.000813502268
0x0d9f,45608,0.000813502268
0x0da0,45608,0.000813502268
0x0da1,45608,0.000813502268
0x0da2,45608,0.000813502268
0x0da3,45608,0.000813502268
0x0da4,45608,0.000813502268
0x0da5,45608,0.000813502268
0x0da6,45608,0.000813502268
0x0da7,45608,0.000813502268
0x0da8,45608,0.000813502268
0x0dab,42332,0.000755068804
0x0dac,42332,0.000755068804
0x0daf,5802,0.000103489304
0x0db0,5802,0.000103489304
0x0db1,5802,0.000103489304
0x0db3,5802,0.000103489304
0x0db4,5802,0.000103489304
0x0db5,5802,0.000103489304
0x0dbb,3276,0.000058433464
0x0dbc,3276,0.000058433464
0x0dbd,3276,0.000058433464
0x0dbf,3276,0.000058433464
0x0dc0,3276,0.000058433464
0x0dc1,3276,0.000058433464
0x0dc2,3276,0.000058433464
0x0dc3,3276,0.000058433464
0x0dc5,3276,0.000058433464
0x0dc6,3276,0.000058433464
0x0dcc,36530,0.000651579501
0x0dcd,36530,0.000651579501
0x0dce,36530,0.000651579501
0x0dcf,36530,0.000651579501
0x0dd1,36530,0.000651579501
0x0dd2,45608,0.000813502268
0x0dd3,45608,0.000813502268
0x0dd5,45608,0.000813502268
0x0dd6,45608,0.000813502268
0x0dd7,45608,0.000813502268
0x0dd8,45608,0.000813502268
0x0dd9,45608,0.000813502268
0x0dda,45608,0.000813502268
0x0dde,230,0.000004102472
0x0ddf,230,0.000004102472
0x0de0,230,0.000004102472
0x0de3,230,0.000004102472
0x0de4,230,0.000004102472
0x0de5,230,0.000004102472
0x0de6,230,0.000004102472
0x0de9,230,0.000004102472
0x0dea,230,0.000004102472
0x0deb,230,0.000004102472
0x0dec,230,0.000004102472
0x0ded,230,0.000004102472
0x0df0,15667,0.000279449659
0x0df3,15667,0.000279449659
0x0df6,15667,0.000279449659
0x0df9,15667,0.000279449659
0x0dfc,15667,0.000279449659
0x0dff,15667,0.000279449659
0x0e10,31334,0.000558899318
0x0e11,31334,0.000558899318
0x0e13,31334,0.000558899318
0x0e14,6424,0.000114583814
0x0e15,6424,0.000114583814
0x0e16,6424,0.000114583814
0x0e17,6424,0.000114583814
0x0e18,6424,0.000114583814
0x0e1a,6424,0.000114583814
0x0e1b,6417,0.000114458956
0x0e1d,6417,0.000114458956
0x0e1e,101,0.000001801520
0x0e20,101,0.000001801520
0x0e23,71,0.000001266415
0x0e25,71,0.000001266415
0x0e26,71,0.000001266415
0x0e27,71,0.000001266415
0x0e29,71,0.000001266415
0x0e2a,71,0.000001266415
0x0e2c,71,0.000001266415
0x0e2d,71,0.000001266415
0x0e2e,71,0.000001266415
0x0e2f,71,0.000001266415
0x0e31,71,0.000001266415
0x0e32,71,0.000001266415
0x0e33,61,0.000001088047
0x0e34,61,0.000001088047
0x0e35,61,0.000001088047
0x0e36,52,0.000000927515
0x0e39,30,0.000000535105
0x0e3a,30,0.000000535105
0x0e3b,30,0.000000535105
0x0e3c,30,0.000000535105
0x0e3d,30,0.000000535105
0x0e3e,30,0.000000535105
0x0e3f,30,0.000000535105
0x0e41,30,0.000000535105
0x0e42,30,0.000000535105
0x0e45,349,0.000006225055
0x0e46,349,0.000006225055
0x0e47,349,0.000006225055
0x0e48,349,0.000006225055
0x0e4a,349,0.000006225055
0x0e4d,332,0.000005921828
0x0e4e,332,0.000005921828
0x0e4f,332,0.000005921828
0x0e51,332,0.000005921828
0x0e52,332,0.000005921828
0x0e55,13,0.000000231879
0x0e58,212,0.000003781409
0x0e59,212,0.000003781409
0x0e5a,212,0.000003781409
0x0e5b,90,0.000001605315
0x0e5c,90,0.000001605315
0x0e5e,90,0.000001605315
0x0e5f,90,0.000001605315
0x0e60,36,0.000000642126
0x0e61,36,0.000000642126
0x0e62,36,0.000000642126
0x0e63,36,0.000000642126
0x0e65,36,0.000000642126
0x0e66,36,0.000000642126
0x0e67,17,0.000000303226
0x0e69,17,0.000000303226
0x0e6a,17,0.000000303226
0x0e6b,17,0.000000303226
0x0e70,52,0.000000927515
0x0e71,52,0.000000927515
0x0e72,52,0.000000927515
0x0e74,52,0.000000927515
0x0e75,52,0.000000927515
0x0e76,52,0.000000927515
0x0e77,52,0.000000927515
0x0e78,52,0.000000927515
0x0e7a,52,0.000000927515
0x0e7b,52,0.000000927515
0x0e7e,358,0.000006385586
0x0e7f,358,0.000006385586
0x0e80,358,0.000006385586
0x0e81,358,0.000006385586
0x0e83,358,0.000006385586
0x0e86,306,0.000005458071
0x0e87,306,0.000005458071
0x0e88,306,0.000005458071
0x0e8a,306,0.000005458071
0x0e8b,306,0.000005458071
0x0e90,247,0.000004405698
0x0e91,247,0.000004405698
0x0e93,247,0.000004405698
0x0e94,247,0.000004405698
0x0e95,125,0.000002229604
0x0e97,125,0.000002229604
0x0e98,125,0.000002229604
0x0e99,67,0.000001195068
0x0e9a,67,0.000001195068
0x0e9b,67,0.000001195068
0x0e9c,67,0.000001195068
0x0e9e,67,0.000001195068
0x0e9f,67,0.000001195068
0x0ea0,52,0.000000927515
0x0ea3,52,0.000000927515
0x0ea4,69,0.000001230741
0x0ea5,69,0.000001230741
0x0ea6,69,0.000001230741
0x0ea7,69,0.000001230741
0x0ea8,69,0.000001230741
0x0ea9,69,0.000001230741
0x0eaa,69,0.000001230741
0x0eac,69,0.000001230741
0x0ead,74,0.000001319926
0x0eae,74,0.000001319926
0x0eb0,74,0.000001319926
0x0eb1,74,0.000001319926
0x0eb2,74,0.000001319926
0x0eb4,74,0.000001319926
0x0eb5,74,0.000001319926
0x0eb6,74,0.000001319926
0x0eb7,74,0.000001319926
0x0eb8,74,0.000001319926
0x0ebb,74,0.000001319926
0x0ebc,74,0.000001319926
0x0ebe,74,0.000001319926
0x0ec1,71,0.000001266415
0x0ec3,74,0.000001319926
0x0ec4,74,0.000001319926
0x0ec5,74,0.000001319926
0x0ed5,74,0.000001319926
0x0ed6,74,0.000001319926
0x0ed7,74,0.000001319926
0x0ed8,74,0.000001319926
0x0ed9,74,0.000001319926
0x0eda,74,0.000001319926
0x0edb,74,0.000001319926
0x0edc,74,0.000001319926
0x0ede,74,0.000001319926
0x0ee0,74,0.000001319926
0x0ee2,74,0.000001319926
0x0ee3,74,0.000001319926
0x0ee4,74,0.000001319926
0x0ee5,74,0.000001319926
0x0f00,4171,0.000074397429
0x0f03,4171,0.000074397429
0x0f04,4171,0.000074397429
0x0f06,4171,0.000074397429
0x0f09,4156,0.000074129877
0x0f0b,4156,0.000074129877
0x0f0c,4156,0.000074129877
0x0f0d,4156,0.000074129877
0x0f0e,4156,0.000074129877
0x0f11,4156,0.000074129877
0x0f14,4155,0.000074112040
0x0f15,11,0.000000196205
0x0f16,11,0.000000196205
0x0f17,11,0.000000196205
0x0f1a,11,0.000000196205
0x0f1b,11,0.000000196205
0x0f1d,11,0.000000196205
0x0f1e,11,0.000000196205
0x0f1f,11,0.000000196205
0x0f20,11,0.000000196205
0x0f23,132,0.000002354462
0x0f24,132,0.000002354462
0x0f25,132,0.000002354462
0x0f26,132,0.000002354462
0x0f28,132,0.000002354462
0x0f2b,128,0.000002283115
0x0f2c,128,0.000002283115
0x0f2d,128,0.000002283115
0x0f2f,128,0.000002283115
0x0f30,128,0.000002283115
0x0f33,7,0.000000124858
0x0f38,57,0.000001016699
0x0f39,57,0.000001016699
0x0f3a,57,0.000001016699
0x0f3b,57,0.000001016699
0x0f3d,57,0.000001016699
0x0f3e,11,0.000000196205
0x0f40,11,0.000000196205
0x0f41,11,0.000000196205
0x0f42,11,0.000000196205
0x0f43,11,0.000000196205
0x0f44,11,0.000000196205
0x0f45,11,0.000000196205
0x0f46,4,0.000000071347
0x0f49,4,0.000000071347
0x0f4c,4,0.000000071347
0x0f4d,4,0.000000071347
0x0f4e,4,0.000000071347
0x0f56,8360,0.000149115922
0x0f57,8360,0.000149115922
0x0f58,16826,0.000300122548
0x0f59,16826,0.000300122548
0x0f5b,16826,0.000300122548
0x0f5e,108,0.000001926378
0x0f60,108,0.000001926378
0x0f63,16814,0.000299908506
0x0f64,16814,0.000299908506
0x0f65,16813,0.000299890669
0x0f68,8347,0.000148884043
0x0f69,8347,0.000148884043
0x0f6a,8347,0.000148884043
0x0f6d,8347,0.000148884043
0x0f6e,8347,0.000148884043
0x0f71,4158,0.000074165551
0x0f74,15,0.000000267552
0x0f76,15,0.000000267552
0x0f77,15,0.000000267552
0x0f78,15,0.000000267552
0x0f79,15,0.000000267552
0x0f7c,15,0.000000267552
0x0f7d,15,0.000000267552
0x0f80,15,0.000000267552
0x0f83,15,0.000000267552
0x0f84,1,0.000000017837
0x0f85,1,0.000000017837
0x0f86,1,0.000000017837
0x0f89,1,0.000000017837
0x0f8b,1,0.000000017837
0x0f8c,1,0.000000017837
0x0f8e,1,0.000000017837
0x0f8f,1,0.000000017837
0x0f92,5,0.000000089184
0x0f93,5,0.000000089184
0x0f94,5,0.000000089184
0x0f95,5,0.000000089184
0x0f97,5,0.000000089184
0x0f9a,4,0.000000071347
0x0f9b,4,0.000000071347
0x0f9c,4,0.000000071347
0x0f9e,4,0.000000071347
0x0f9f,4,0.000000071347
0x0fa6,2,0.000000035674
0x0fa7,2,0.000000035674
0x0fa8,2,0.000000035674
0x0fa9,2,0.000000035674
0x0fab,2,0.000000035674
0x0fac,2,0.000000035674
0x0fae,2,0.000000035674
0x0faf,2,0.000000035674
0x0fb0,2,0.000000035674
0x0fb1,2,0.000000035674
0x0fb2,1,0.000000017837
0x0fb3,1,0.000000017837
0x0fb4,1,0.000000017837
0x0fb7,1,0.000000017837
0x0fb8,1,0.000000017837
0x0fb9,1,0.000000017837
0x0fc0,10727,0.000191335705
0x0fc3,10727,0.000191335705
0x0fc6,10727,0.000191335705
0x0fc9,10727,0.000191335705
0x0fcc,10727,0.000191335705
0x0fcf,10727,0.000191335705
0x0fd2,10727,0.000191335705
0x0fd5,10727,0.000191335705
0x0fd8,21454,0.000382671410
0x0fd9,21454,0.000382671410
0x0fda,21454,0.000382671410
0x0fdb,1080,0.000019263779
0x0fdc,1080,0.000019263779
0x0fdd,1080,0.000019263779
0x0fde,1080,0.000019263779
0x0fdf,1080,0.000019263779
0x0fe0,1080,0.000019263779
0x0fe1,1080,0.000019263779
0x0fe2,1080,0.000019263779
0x0fe3,1080,0.000019263779
0x0fe6,1080,0.000019263779
0x0fe7,1080,0.000019263779
0x0fe9,1080,0.000019263779
0x0fea,1080,0.000019263779
0x0fec,1080,0.000019263779
0x0fed,1080,0.000019263779
0x0fef,1080,0.000019263779
0x0ff0,1080,0.000019263779
0x0ff1,1080,0.000019263779
0x0ff4,1080,0.000019263779
0x14e0,1884,0.000033604593
0x14e1,1884,0.000033604593
0x14e4,1884,0.000033604593
0x14e6,1884,0.000033604593
0x17e0,19680,0.000351028869
0x17e3,19680,0.000351028869
0x17e5,19680,0.000351028869
0x17e8,19680,0.000351028869
0x1df0,1196,0.000021332852
0x1df3,1196,0.000021332852
0x1df5,1196,0.000021332852
0x1ee0,704,0.000012557130
0x1ee3,704,0.000012557130
0x1ee6,18304,0.000326485387
0x1ee7,18304,0.000326485387
0x1ee8,18304,0.000326485387
0x1ee9,18304,0.000326485387
0x1eec,18304,0.000326485387
0x1eed,18304,0.000326485387
0x1ef0,704,0.000012557130
0x1ef1,704,0.000012557130
0x1ef2,704,0.000012557130
0x1ef4,704,0.000012557130
0x1ef7,704,0.000012557130
0x1ef8,704,0.000012557130
0x1ef9,704,0.000012557130
0x1efa,704,0.000012557130
0x2000,15667,0.000279449659
0x2003,15667,0.000279449659
0x2006,15667,0.000279449659
0x2009,15667,0.000279449659
0x200c,15667,0.000279449659
0x200d,15667,0.000279449659
0x200f,15667,0.000279449659
0x2010,15667,0.000279449659
0x2011,15667,0.000279449659
0x2014,15667,0.000279449659
0x2015,15667,0.000279449659
0x2018,15475,0.000276024987
0x201a,15475,0.000276024987
0x201d,1194,0.000021297178
0x201e,1194,0.000021297178
0x201f,1194,0.000021297178
0x2020,1194,0.000021297178
0x2023,298,0.000005315376
0x2025,1194,0.000021297178
0x2026,1194,0.000021297178
0x2027,1194,0.000021297178
0x202a,1190,0.000021225831
0x2030,37,0.000000659963
0x2032,37,0.000000659963
0x2034,37,0.000000659963
0x2037,37,0.000000659963
0x2040,5341,0.000095266524
0x2043,5341,0.000095266524
0x2046,5341,0.000095266524
0x2047,5341,0.000095266524
0x2048,5341,0.000095266524
0x2049,44,0.000000784821
0x204a,44,0.000000784821
0x204b,44,0.000000784821
0x204c,44,0.000000784821
0x204d,44,0.000000784821
0x204e,44,0.000000784821
0x204f,44,0.000000784821
0x2050,44,0.000000784821
0x2051,44,0.000000784821
0x2052,44,0.000000784821
0x2055,44,0.000000784821
0x2057,44,0.000000784821
0x2058,44,0.000000784821
0x2059,44,0.000000784821
0x205a,44,0.000000784821
0x205c,44,0.000000784821
0x205d,44,0.000000784821
0x205e,44,0.000000784821
0x2060,44,0.000000784821
0x2061,44,0.000000784821
0x2062,44,0.000000784821
0x2063,44,0.000000784821
0x2064,44,0.000000784821
0x2065,44,0.000000784821
0x2066,44,0.000000784821
0x2068,44,0.000000784821
0x2069,44,0.000000784821
0x206a,44,0.000000784821
0x206b,44,0.000000784821
0x206c,44,0.000000784821
0x206d,44,0.000000784821
0x2070,240,0.000004280840
0x2071,240,0.000004280840
0x2073,240,0.000004280840
0x2075,240,0.000004280840
0x2076,240,0.000004280840
0x2077,240,0.000004280840
0x2079,240,0.000004280840
0x207a,240,0.000004280840
0x207b,240,0.000004280840
0x207e,240,0.000004280840
0x2081,240,0.000004280840
0x2085,240,0.000004280840
0x2087,240,0.000004280840
0x2088,240,0.000004280840
0x2089,240,0.000004280840
0x208a,240,0.000004280840
0x208c,240,0.000004280840
0x208d,240,0.000004280840
0x208f,240,0.000004280840
0x2090,240,0.000004280840
0x2091,256,0.000004566229
0x2093,256,0.000004566229
0x2094,256,0.000004566229
0x2096,256,0.000004566229
0x2097,256,0.000004566229
0x209a,16,0.000000285389
0x209b,16,0.000000285389
0x209c,16,0.000000285389
0x209d,16,0.000000285389
0x209f,16,0.000000285389
0x20a0,16,0.000000285389
0x20a1,16,0.000000285389
0x20a3,16,0.000000285389
0x20a4,16,0.000000285389
0x20a5,16,0.000000285389
0x20a7,16,0.000000285389
0x20a8,16,0.000000285389
0x20b0,240,0.000004280840
0x20b1,7648,0.000136416097
0x20b2,7648,0.000136416097
0x20b3,7648,0.000136416097
0x20b5,61184,0.001091328775
0x20b7,61184,0.001091328775
0x20b8,61184,0.001091328775
0x20bb,2334,0.000041631168
0x20bc,2334,0.000041631168
0x20bd,2334,0.000041631168
0x20be,2334,0.000041631168
0x20bf,61184,0.001091328775
0x20c0,61184,0.001091328775
0x20c1,61184,0.001091328775
0x20c2,61184,0.001091328775
0x20c5,7648,0.000136416097
0x20c6,7648,0.000136416097
0x20c7,7648,0.000136416097
0x20c8,7648,0.000136416097
0x20c9,7648,0.000136416097
0x20cc,3824,0.000068208048
0x20cd,3824,0.000068208048
0x20cf,3824,0.000068208048
0x20d2,3584,0.000063927209
0x20d3,3584,0.000063927209
0x20d4,3584,0.000063927209
0x20d6,3584,0.000063927209
0x20d7,3584,0.000063927209
0x20d8,3584,0.000063927209
0x20da,3584,0.000063927209
0x20db,3584,0.000063927209
0x20dc,3584,0.000063927209
0x20de,3584,0.000063927209
0x20e1,240,0.000004280840
0x20e2,240,0.000004280840
0x20e8,240,0.000004280840
0x20e9,240,0.000004280840
0x20ea,240,0.000004280840
0x20ec,240,0.000004280840
0x20ed,240,0.000004280840
0x20f0,240,0.000004280840
0x20f1,240,0.000004280840
0x20f2,240,0.000004280840
0x20f3,240,0.000004280840
0x20f4,240,0.000004280840
0x20f6,240,0.000004280840
0x20f7,240,0.000004280840
0x20f8,240,0.000004280840
0x20fa,240,0.000004280840
0x20fb,240,0.000004280840
0x20fc,240,0.000004280840
0x20fd,240,0.000004280840
0x20fe,240,0.000004280840
0x20ff,240,0.000004280840
0x2101,240,0.000004280840
0x2103,240,0.000004280840
0x2104,240,0.000004280840
0x2106,240,0.000004280840
0x2107,240,0.000004280840
0x2108,240,0.000004280840
0x2109,240,0.000004280840
0x210a,240,0.000004280840
0x210d,240,0.000004280840
0x211c,240,0.000004280840
0x211f,240,0.000004280840
0x2120,240,0.000004280840
0x2122,240,0.000004280840
0x2123,176,0.000003139283
0x2125,176,0.000003139283
0x2130,14285,0.000254799156
0x2131,14285,0.000254799156
0x2132,14285,0.000254799156
0x2135,10709,0.000191014642
0x2137,10709,0.000191014642
0x213a,7138,0.000127319312
0x213c,7138,0.000127319312
0x213f,3569,0.000063659656
0x2146,1190,0.000021225831
0x2147,1190,0.000021225831
0x2148,1190,0.000021225831
0x214b,595,0.000010612915
0x2150,3576,0.000063784514
0x2153,3576,0.000063784514
0x2156,3576,0.000063784514
0x2160,3571,0.000063695330
0x2163,3571,0.000063695330
0x2166,3571,0.000063695330
0x2169,3571,0.000063695330
0x2170,3569,0.000063659656
0x2173,3569,0.000063659656
0x2180,3569,0.000063659656
0x2183,3569,0.000063659656
0x2186,3569,0.000063659656
0x2189,3569,0.000063659656
0x2190,595,0.000010612915
0x2193,595,0.000010612915
0x2196,595,0.000010612915
0x2199,595,0.000010612915
0x219c,595,0.000010612915
0x21a5,595,0.000010612915
0x21a8,595,0.000010612915
0x21ab,595,0.000010612915
0x21ae,595,0.000010612915
0x21b1,595,0.000010612915
0x21ba,192,0.000003424672
0x21bb,192,0.000003424672
0x21bc,192,0.000003424672
0x21bf,96,0.000001712336
0x21c2,96,0.000001712336
0x21c5,96,0.000001712336
0x21c8,96,0.000001712336
0x21cb,96,0.000001712336
0x21cd,96,0.000001712336
0x21cf,96,0.000001712336
0x21dc,704,0.000012557130
0x21dd,704,0.000012557130
0x21de,704,0.000012557130
0x21df,704,0.000012557130
0x21e2,704,0.000012557130
0x21e4,704,0.000012557130
0x21e5,704,0.000012557130
0x21e6,704,0.000012557130
0x21e8,704,0.000012557130
0x21e9,704,0.000012557130
0x21eb,704,0.000012557130
0x21ec,704,0.000012557130
0x21ed,704,0.000012557130
0x21ef,704,0.000012557130
0x21f0,704,0.000012557130
0x21f1,704,0.000012557130
0x21f2,704,0.000012557130
0x21f4,704,0.000012557130
0x21f5,704,0.000012557130
0x21f7,704,0.000012557130
0x21f8,704,0.000012557130
0x21f9,704,0.000012557130
0x21fc,704,0.000012557130
0x2204,384,0.000006849344
0x2207,384,0.000006849344
0x2208,384,0.000006849344
0x2209,384,0.000006849344
0x220b,384,0.000006849344
0x220c,4,0.000000071347
0x220e,4,0.000000071347
0x2210,4,0.000000071347
0x2212,4,0.000000071347
0x2214,4,0.000000071347
0x2216,4,0.000000071347
0x2217,4,0.000000071347
0x2218,4,0.000000071347
0x221a,4,0.000000071347
0x221b,4,0.000000071347
0x221d,4,0.000000071347
0x221e,4,0.000000071347
0x2220,4,0.000000071347
0x2221,4,0.000000071347
0x2222,4,0.000000071347
0x2223,4,0.000000071347
0x2224,4,0.000000071347
0x2227,2,0.000000035674
0x2228,2,0.000000035674
0x222a,4,0.000000071347
0x222b,4,0.000000071347
0x2230,605,0.000010791284
0x2233,605,0.000010791284
0x2234,605,0.000010791284
0x2235,605,0.000010791284
0x2236,605,0.000010791284
0x2237,605,0.000010791284
0x2239,605,0.000010791284
0x223b,605,0.000010791284
0x223e,583,0.000010398873
0x2240,583,0.000010398873
0x2243,297,0.000005297539
0x2245,297,0.000005297539
0x2247,297,0.000005297539
0x2249,297,0.000005297539
0x224c,11,0.000000196205
0x224f,11,0.000000196205
0x2250,11,0.000000196205
0x2252,11,0.000000196205
0x2254,11,0.000000196205
0x2260,572,0.000010202668
0x2261,572,0.000010202668
0x2262,572,0.000010202668
0x2263,572,0.000010202668
0x2264,572,0.000010202668
0x2265,572,0.000010202668
0x2267,572,0.000010202668
0x2268,572,0.000010202668
0x2269,572,0.000010202668
0x226b,572,0.000010202668
0x226d,572,0.000010202668
0x226e,572,0.000010202668
0x226f,572,0.000010202668
0x2271,572,0.000010202668
0x2272,572,0.000010202668
0x2273,572,0.000010202668
0x2274,572,0.000010202668
0x2275,572,0.000010202668
0x2276,572,0.000010202668
0x2277,572,0.000010202668
0x2278,572,0.000010202668
0x2279,572,0.000010202668
0x227a,8008,0.000142837357
0x227b,72072,0.001285536210
0x227c,72072,0.001285536210
0x227d,72072,0.001285536210
0x227e,72072,0.001285536210
0x227f,72072,0.001285536210
0x2280,72072,0.001285536210
0x2283,8008,0.000142837357
0x2284,8008,0.000142837357
0x2285,8008,0.000142837357
0x2286,8008,0.000142837357
0x2288,8008,0.000142837357
0x2289,8008,0.000142837357
0x228a,8008,0.000142837357
0x228c,8008,0.000142837357
0x228d,8008,0.000142837357
0x228e,8008,0.000142837357
0x2291,572,0.000010202668
0x2292,22,0.000000392410
0x2295,22,0.000000392410
0x2296,22,0.000000392410
0x2298,22,0.000000392410
0x229b,10,0.000000178368
0x229e,10,0.000000178368
0x22a1,10,0.000000178368
0x22a3,4160,0.000074201224
0x22a4,4160,0.000074201224
0x22a5,4160,0.000074201224
0x22a6,4160,0.000074201224
0x22a7,4160,0.000074201224
0x22a8,4160,0.000074201224
0x22a9,4160,0.000074201224
0x22aa,4160,0.000074201224
0x22ab,4160,0.000074201224
0x22ac,4160,0.000074201224
0x22ad,4160,0.000074201224
0x22b0,10,0.000000178368
0x22b4,360,0.000006421260
0x22b7,360,0.000006421260
0x22ba,360,0.000006421260
0x22bb,360,0.000006421260
0x22bc,360,0.000006421260
0x22be,360,0.000006421260
0x22c1,5,0.000000089184
0x22c3,5,0.000000089184
0x22c5,5,0.000000089184
0x22ca,245,0.000004370024
0x22cd,245,0.000004370024
0x22ce,245,0.000004370024
0x22d0,245,0.000004370024
0x22d3,5,0.000000089184
0x22d5,5,0.000000089184
0x22d7,5,0.000000089184
0x22d9,5,0.000000089184
0x22db,5,0.000000089184
0x22dd,5,0.000000089184
0x22e0,10,0.000000178368
0x22e2,22,0.000000392410
0x22e5,22,0.000000392410
0x22e8,22,0.000000392410
0x22f0,12,0.000000214042
0x22f3,12,0.000000214042
0x22f4,12,0.000000214042
0x22fa,1329,0.000023705151
0x22fd,1329,0.000023705151
0x22ff,1329,0.000023705151
0x2302,1329,0.000023705151
0x2303,23922,0.000426692713
0x2304,23922,0.000426692713
0x2306,23922,0.000426692713
0x2307,23922,0.000426692713
0x2308,23922,0.000426692713
0x2309,23922,0.000426692713
0x230a,23922,0.000426692713
0x230b,23922,0.000426692713
0x230d,23922,0.000426692713
0x230e,23922,0.000426692713
0x230f,23922,0.000426692713
0x2310,23922,0.000426692713
0x2312,23922,0.000426692713
0x2313,23922,0.000426692713
0x2314,23922,0.000426692713
0x2316,23922,0.000426692713
0x2317,23922,0.000426692713
0x231a,2658,0.000047410301
0x231b,23922,0.000426692713
0x231c,23922,0.000426692713
0x231f,1329,0.000023705151
0x2322,3988,0.000071133289
0x2325,3988,0.000071133289
0x2326,3988,0.000071133289
0x2327,3988,0.000071133289
0x2329,3988,0.000071133289
0x232a,3988,0.000071133289
0x232b,3988,0.000071133289
0x232c,3988,0.000071133289
0x232e,3988,0.000071133289
0x232f,3988,0.000071133289
0x2331,3988,0.000071133289
0x2334,3988,0.000071133289
0x2337,3988,0.000071133289
0x2351,10635,0.000189694716
0x2352,10635,0.000189694716
0x2354,10635,0.000189694716
0x2355,3527,0.000062910509
0x2356,3527,0.000062910509
0x2357,3527,0.000062910509
0x2358,3527,0.000062910509
0x235a,3527,0.000062910509
0x235b,3527,0.000062910509
0x235e,3527,0.000062910509
0x235f,3527,0.000062910509
0x2360,3527,0.000062910509
0x2361,3527,0.000062910509
0x2362,3527,0.000062910509
0x2364,3527,0.000062910509
0x2365,3527,0.000062910509
0x2366,3527,0.000062910509
0x2368,3527,0.000062910509
0x2369,3527,0.000062910509
0x236a,3527,0.000062910509
0x236b,3527,0.000062910509
0x236c,3527,0.000062910509
0x236e,3527,0.000062910509
0x2370,3527,0.000062910509
0x2373,3235,0.000057702154
0x2375,3235,0.000057702154
0x2377,3235,0.000057702154
0x237a,3170,0.000056542760
0x237b,292,0.000005208355
0x237c,292,0.000005208355
0x237e,292,0.000005208355
0x237f,292,0.000005208355
0x2381,292,0.000005208355
0x2384,292,0.000005208355
0x2385,292,0.000005208355
0x2386,292,0.000005208355
0x2387,292,0.000005208355
0x2389,292,0.000005208355
0x238a,79,0.000001409110
0x238c,79,0.000001409110
0x238d,79,0.000001409110
0x238e,79,0.000001409110
0x2390,79,0.000001409110
0x2391,66,0.000001177231
0x2393,66,0.000001177231
0x2398,65,0.000001159394
0x2399,65,0.000001159394
0x239b,65,0.000001159394
0x239c,65,0.000001159394
0x239d,65,0.000001159394
0x239e,65,0.000001159394
0x239f,65,0.000001159394
0x23a1,65,0.000001159394
0x23a2,65,0.000001159394
0x23a5,28,0.000000499431
0x23a7,28,0.000000499431
0x23a9,28,0.000000499431
0x23ac,65,0.000001159394
0x23af,51,0.000000909678
0x23b0,51,0.000000909678
0x23b2,51,0.000000909678
0x23b3,51,0.000000909678
0x23b4,51,0.000000909678
0x23b5,51,0.000000909678
0x23b6,51,0.000000909678
0x23b8,51,0.000000909678
0x23bb,51,0.000000909678
0x23c0,14,0.000000249716
0x23c1,14,0.000000249716
0x23c2,14,0.000000249716
0x23c4,14,0.000000249716
0x23c6,14,0.000000249716
0x23d6,10644,0.000189855248
0x23d9,10644,0.000189855248
0x23da,10644,0.000189855248
0x23dc,10644,0.000189855248
0x23de,10644,0.000189855248
0x23e1,8576,0.000152968678
0x23e3,8576,0.000152968678
0x23e6,7296,0.000130137532
0x23e8,7296,0.000130137532
0x23eb,6040,0.000107734470
0x23ed,6040,0.000107734470
0x23f0,4964,0.000088542038
0x23f2,4964,0.000088542038
0x23f3,4639,0.000082745067
0x23f5,4639,0.000082745067
0x23f8,4518,0.000080586810
0x23fb,4518,0.000080586810
0x2476,69,0.000001230741
0x2477,69,0.000001230741
0x2478,69,0.000001230741
0x247b,69,0.000001230741
0x247d,69,0.000001230741
0x247e,69,0.000001230741
0x2481,69,0.000001230741
0x2483,69,0.000001230741
0x2484,69,0.000001230741
0x2485,69,0.000001230741
0x2487,69,0.000001230741
0x2488,69,0.000001230741
0x2489,69,0.000001230741
0x248a,69,0.000001230741
0x248c,69,0.000001230741
0x248d,69,0.000001230741
0x248f,69,0.000001230741
0x2490,69,0.000001230741
0x2493,69,0.000001230741
0x2495,69,0.000001230741
0x2496,69,0.000001230741
0x2497,69,0.000001230741
0x2498,63,0.000001123720
0x2499,63,0.000001123720
0x249a,63,0.000001123720
0x249b,45,0.000000802657
0x249c,45,0.000000802657
0x249d,45,0.000000802657
0x249e,27,0.000000481594
0x249f,27,0.000000481594
0x24a0,15667,0.000279449659
0x24a3,15667,0.000279449659
0x24a5,15667,0.000279449659
0x24a7,15667,0.000279449659
0x24a8,10635,0.000189694716
0x24ab,10635,0.000189694716
0x24ae,10635,0.000189694716
0x24b1,10635,0.000189694716
0x24b4,10635,0.000189694716
0x24b6,10635,0.000189694716
0x24b8,10635,0.000189694716
0x24b9,2658,0.000047410301
0x24c4,7831,0.000139680237
0x24c7,7831,0.000139680237
0x24c9,7831,0.000139680237
0x24cb,7831,0.000139680237
0x24ce,5317,0.000094838440
0x24d1,5317,0.000094838440
0x24d4,5317,0.000094838440
0x24d5,5317,0.000094838440
0x24d6,5317,0.000094838440
0x24d8,5317,0.000094838440
0x24db,3988,0.000071133289
0x24e0,5317,0.000094838440
0x24e3,5317,0.000094838440
0x24e5,5317,0.000094838440
0x24e6,333,0.000005939665
0x24e9,333,0.000005939665
0x24eb,333,0.000005939665
0x24ec,281,0.000005012150
0x24f2,2658,0.000047410301
0x24f5,2658,0.000047410301
0x24f7,2658,0.000047410301
0x24f8,2658,0.000047410301
0x24f9,2658,0.000047410301
0x24fc,2658,0.000047410301
0x24fe,2658,0.000047410301
0x24ff,2658,0.000047410301
0x2500,737,0.000013145746
0x2503,737,0.000013145746
0x2504,737,0.000013145746
0x2505,653,0.000011647452
0x2508,653,0.000011647452
0x2509,653,0.000011647452
0x250a,136,0.000002425809
0x250b,136,0.000002425809
0x250d,136,0.000002425809
0x250e,136,0.000002425809
0x2511,136,0.000002425809
0x2512,136,0.000002425809
0x2513,136,0.000002425809
0x2515,136,0.000002425809
0x2517,136,0.000002425809
0x2518,136,0.000002425809
0x2519,136,0.000002425809
0x251a,136,0.000002425809
0x2560,4164,0.000074272572
0x2563,4164,0.000074272572
0x2564,4164,0.000074272572
0x2566,4164,0.000074272572
0x2567,4164,0.000074272572
0x2568,4164,0.000074272572
0x2569,4164,0.000074272572
0x256a,4164,0.000074272572
0x256b,4164,0.000074272572
0x256d,4164,0.000074272572
0x256e,4164,0.000074272572
0x2570,4164,0.000074272572
0x2572,4164,0.000074272572
0x2575,4164,0.000074272572
0x2576,4164,0.000074272572
0x2577,4164,0.000074272572
0x2578,4164,0.000074272572
0x2579,4164,0.000074272572
0x257b,4164,0.000074272572
0x257c,4164,0.000074272572
0x257f,4164,0.000074272572
0x2581,4164,0.000074272572
0x2582,4164,0.000074272572
0x2585,4164,0.000074272572
0x2587,4164,0.000074272572
0x2588,33044,0.000589400302
0x2589,33044,0.000589400302
0x258c,32955,0.000587812823
0x258d,32955,0.000587812823
0x258e,32955,0.000587812823
0x2590,32955,0.000587812823
0x2591,32955,0.000587812823
0x2592,32955,0.000587812823
0x2595,4075,0.000072685093
0x2596,33044,0.000589400302
0x2597,33044,0.000589400302
0x2599,33044,0.000589400302
0x259a,22654,0.000404075609
0x259b,22654,0.000404075609
0x259c,22654,0.000404075609
0x259e,22654,0.000404075609
0x259f,22654,0.000404075609
0x25a1,22654,0.000404075609
0x25a2,21243,0.000378907838
0x25a3,21243,0.000378907838
0x25a4,21243,0.000378907838
0x25a5,21243,0.000378907838
0x25a6,14164,0.000252640899
0x25a7,14164,0.000252640899
0x25a8,3159,0.000056346555
0x25a9,3159,0.000056346555
0x25aa,3159,0.000056346555
0x25ab,3159,0.000056346555
0x25ac,3097,0.000055240671
0x25ae,3097,0.000055240671
0x25af,89,0.000001587478
0x25b0,89,0.000001587478
0x25b1,89,0.000001587478
0x25b2,89,0.000001587478
0x25b3,89,0.000001587478
0x25b4,89,0.000001587478
0x25b5,89,0.000001587478
0x25b6,89,0.000001587478
0x25b7,455,0.000008115759
0x25ba,455,0.000008115759
0x25bc,455,0.000008115759
0x25be,455,0.000008115759
0x25ca,455,0.000008115759
0x25cd,1073,0.000019138922
0x25ce,1073,0.000019138922
0x25d0,1073,0.000019138922
0x25d3,828,0.000014768898
0x25d4,828,0.000014768898
0x25d6,828,0.000014768898
0x25d7,828,0.000014768898
0x25d8,828,0.000014768898
0x25db,210,0.000003745735
0x25dc,210,0.000003745735
0x25dd,210,0.000003745735
0x25e0,245,0.000004370024
0x25e1,245,0.000004370024
0x25e3,245,0.000004370024
0x25e4,245,0.000004370024
0x25e5,245,0.000004370024
0x25e7,245,0.000004370024
0x25e8,245,0.000004370024
0x25ea,245,0.000004370024
0x25eb,245,0.000004370024
0x25ec,245,0.000004370024
0x25ed,245,0.000004370024
0x25ef,245,0.000004370024
0x25f0,245,0.000004370024
0x25f1,245,0.000004370024
0x25f3,245,0.000004370024
0x25f4,245,0.000004370024
0x25f6,245,0.000004370024
0x25f7,245,0.000004370024
0x25f8,245,0.000004370024
0x25f9,245,0.000004370024
0x25fa,245,0.000004370024
0x25fb,245,0.000004370024
0x25fc,245,0.000004370024
0x25fd,245,0.000004370024
0x2600,4860,0.000086687007
0x2601,4860,0.000086687007
0x2602,4860,0.000086687007
0x2603,4860,0.000086687007
0x2604,4860,0.000086687007
0x2605,4860,0.000086687007
0x2608,4860,0.000086687007
0x2609,4860,0.000086687007
0x260a,4860,0.000086687007
0x260b,4860,0.000086687007
0x260c,4860,0.000086687007
0x260e,4860,0.000086687007
0x2611,4860,0.000086687007
0x2612,4860,0.000086687007
0x2613,4860,0.000086687007
0x2616,4860,0.000086687007
0x2617,4860,0.000086687007
0x261a,2684,0.000047874059
0x261d,2684,0.000047874059
0x261e,2684,0.000047874059
0x2620,2684,0.000047874059
0x2621,2684,0.000047874059
0x2624,2684,0.000047874059
0x2625,2684,0.000047874059
0x2626,2684,0.000047874059
0x2628,2684,0.000047874059
0x2629,2684,0.000047874059
0x262b,2684,0.000047874059
0x262c,2684,0.000047874059
0x262e,2684,0.000047874059
0x262f,2684,0.000047874059
0x2630,2684,0.000047874059
0x2631,2684,0.000047874059
0x2633,2684,0.000047874059
0x2634,2684,0.000047874059
0x2635,2684,0.000047874059
0x2638,2684,0.000047874059
0x2639,4860,0.000086687007
0x263c,4860,0.000086687007
0x263f,4860,0.000086687007
0x2642,4860,0.000086687007
0x2643,4860,0.000086687007
0x2646,2430,0.000043343504
0x2649,2430,0.000043343504
0x2650,2176,0.000038812948
0x2651,2176,0.000038812948
0x2654,2176,0.000038812948
0x2655,2176,0.000038812948
0x2656,2176,0.000038812948
0x2658,2176,0.000038812948
0x2659,2176,0.000038812948
0x265b,2176,0.000038812948
0x265c,2176,0.000038812948
0x265e,2176,0.000038812948
0x2661,2176,0.000038812948
0x2662,2176,0.000038812948
0x2668,2430,0.000043343504
0x266b,2430,0.000043343504
0x266c,2430,0.000043343504
0x266d,2430,0.000043343504
0x2670,2430,0.000043343504
0x2672,2430,0.000043343504
0x2676,2430,0.000043343504
0x2678,2430,0.000043343504
0x267c,2430,0.000043343504
0x267f,2430,0.000043343504
0x2681,2430,0.000043343504
0x2684,2430,0.000043343504
0x2685,2430,0.000043343504
0x2688,2430,0.000043343504
0x268a,2430,0.000043343504
0x268b,2430,0.000043343504
0x268d,2430,0.000043343504
0x268e,2430,0.000043343504
0x268f,2430,0.000043343504
0x2692,2423,0.000043218646
0x2693,2430,0.000043343504
0x2694,2430,0.000043343504
0x2697,2430,0.000043343504
0x2699,2430,0.000043343504
0x269c,678,0.000012093373
0x269d,2430,0.000043343504
0x269f,2430,0.000043343504
0x26a2,306,0.000005458071
0x26a3,2430,0.000043343504
0x26a4,2430,0.000043343504
0x26a7,2430,0.000043343504
0x26aa,2430,0.000043343504
0x26ad,2430,0.000043343504
0x26ae,2430,0.000043343504
0x26af,2430,0.000043343504
0x26b0,2430,0.000043343504
0x26b1,424,0.000007562817
0x26b2,424,0.000007562817
0x26b4,424,0.000007562817
0x26b5,424,0.000007562817
0x26b7,424,0.000007562817
0x26b8,424,0.000007562817
0x26ba,424,0.000007562817
0x26bb,69,0.000001230741
0x26bc,69,0.000001230741
0x26bd,69,0.000001230741
0x26be,69,0.000001230741
0x26bf,69,0.000001230741
0x26c2,69,0.000001230741
0x26c4,69,0.000001230741
0x26c6,69,0.000001230741
0x26c7,69,0.000001230741
0x26c8,69,0.000001230741
0x26ca,69,0.000001230741
0x26cb,69,0.000001230741
0x26cc,69,0.000001230741
0x26d0,2430,0.000043343504
0x26d3,2430,0.000043343504
0x26d6,2430,0.000043343504
0x26d9,19440,0.000346748029
0x26da,19440,0.000346748029
0x26db,19440,0.000346748029
0x26de,12267,0.000218804427
0x26df,12267,0.000218804427
0x26e0,12267,0.000218804427
0x26e3,2238,0.000039918832
0x26e4,12267,0.000218804427
0x26e5,19440,0.000346748029
0x26e6,19440,0.000346748029
0x26e7,19440,0.000346748029
0x26e8,19440,0.000346748029
0x26e9,19440,0.000346748029
0x26eb,19440,0.000346748029
0x26ee,2430,0.000043343504
0x26f1,2430,0.000043343504
0x26f2,2430,0.000043343504
0x26f3,2430,0.000043343504
0x26f5,2430,0.000043343504
0x26f8,2430,0.000043343504
0x26f9,2430,0.000043343504
0x26fa,2430,0.000043343504
0x26fd,2430,0.000043343504
0x2700,11942,0.000213007457
0x2703,11942,0.000213007457
0x2704,11942,0.000213007457
0x2705,11942,0.000213007457
0x2706,11941,0.000212989620
0x2707,11941,0.000212989620
0x2708,11941,0.000212989620
0x270a,11941,0.000212989620
0x270b,11941,0.000212989620
0x270c,11941,0.000212989620
0x270e,11941,0.000212989620
0x270f,11941,0.000212989620
0x2711,11941,0.000212989620
0x2714,11941,0.000212989620
0x2717,47764,0.000851958480
0x271a,47764,0.000851958480
0x271b,47764,0.000851958480
0x271c,47764,0.000851958480
0x271d,47764,0.000851958480
0x271e,47764,0.000851958480
0x2720,47764,0.000851958480
0x2723,11941,0.000212989620
0x2725,11941,0.000212989620
0x2728,11941,0.000212989620
0x272a,11941,0.000212989620
0x2739,11941,0.000212989620
0x273c,11941,0.000212989620
0x273d,11941,0.000212989620
0x2740,11941,0.000212989620
0x2743,11941,0.000212989620
0x2748,47764,0.000851958480
0x2749,47764,0.000851958480
0x274a,47764,0.000851958480
0x274c,47764,0.000851958480
0x274d,127,0.000002265278
0x274e,127,0.000002265278
0x274f,127,0.000002265278
0x2750,63,0.000001123720
0x2751,63,0.000001123720
0x2752,63,0.000001123720
0x2753,63,0.000001123720
0x2754,63,0.000001123720
0x2755,63,0.000001123720
0x2757,63,0.000001123720
0x2758,63,0.000001123720
0x2759,63,0.000001123720
0x275b,63,0.000001123720
0x275c,63,0.000001123720
0x275f,63,0.000001123720
0x2760,63,0.000001123720
0x2761,63,0.000001123720
0x2764,63,0.000001123720
0x2768,63,0.000001123720
0x2769,63,0.000001123720
0x276c,63,0.000001123720
0x276e,63,0.000001123720
0x2771,63,0.000001123720
0x2772,63,0.000001123720
0x2778,63,0.000001123720
0x277b,63,0.000001123720
0x277c,63,0.000001123720
0x277f,63,0.000001123720
0x2780,63,0.000001123720
0x2781,63,0.000001123720
0x2782,63,0.000001123720
0x2783,63,0.000001123720
0x2784,63,0.000001123720
0x2785,63,0.000001123720
0x2786,63,0.000001123720
0x2789,63,0.000001123720
0x278a,1,0.000000017837
0x278d,1,0.000000017837
0x278f,1,0.000000017837
0x2790,1,0.000000017837
0x2791,1,0.000000017837
0x2794,1,0.000000017837
0x2796,1,0.000000017837
0x2799,1,0.000000017837
0x279b,1,0.000000017837
0x279c,1,0.000000017837
0x279e,1,0.000000017837
0x279f,1,0.000000017837
0x27a0,1,0.000000017837
0x27a1,1,0.000000017837
0x27a2,1,0.000000017837
0x27a3,1,0.000000017837
0x27a4,1,0.000000017837
0x27a8,11941,0.000212989620
0x27ab,11941,0.000212989620
0x27ac,11941,0.000212989620
0x27af,11941,0.000212989620
0x27b0,11941,0.000212989620
0x27b1,11941,0.000212989620
0x27b4,11941,0.000212989620
0x27b6,11941,0.000212989620
0x27b7,11941,0.000212989620
0x27b8,11941,0.000212989620
0x27ba,11941,0.000212989620
0x27bd,11557,0.000206140276
0x27c0,11557,0.000206140276
0x27c1,11557,0.000206140276
0x27c2,11557,0.000206140276
0x27c5,11493,0.000204998719
0x27c7,11493,0.000204998719
0x27c8,11493,0.000204998719
0x27c9,11493,0.000204998719
0x27ca,8186,0.000146012313
0x27cc,8186,0.000146012313
0x27cf,7763,0.000138467333
0x27d0,7763,0.000138467333
0x27d2,7763,0.000138467333
0x27d3,7763,0.000138467333
0x27d5,7763,0.000138467333
0x27d6,7763,0.000138467333
0x27d8,423,0.000007544980
0x27da,423,0.000007544980
0x27dc,423,0.000007544980
0x27dd,423,0.000007544980
0x27df,423,0.000007544980
0x27e0,423,0.000007544980
0x27e2,64,0.000001141557
0x27e4,64,0.000001141557
0x27e9,64,0.000001141557
0x27ea,64,0.000001141557
0x27ec,64,0.000001141557
0x27ee,64,0.000001141557
0x3000,4171,0.000074397429
0x3003,4171,0.000074397429
0x3004,4171,0.000074397429
0x3005,4171,0.000074397429
0x3007,4171,0.000074397429
0x300a,4171,0.000074397429
0x300b,4171,0.000074397429
0x300c,4171,0.000074397429
0x300d,4171,0.000074397429
0x300e,4171,0.000074397429
0x300f,4171,0.000074397429
0x3010,4171,0.000074397429
0x3011,4171,0.000074397429
0x3012,517,0.000009221643
0x3028,527,0.000009400011
0x302b,527,0.000009400011
0x302c,527,0.000009400011
0x302e,527,0.000009400011
0x302f,527,0.000009400011
0x3031,527,0.000009400011
0x3032,527,0.000009400011
0x3034,527,0.000009400011
0x3035,419,0.000007473633
0x3037,419,0.000007473633
0x3038,419,0.000007473633
0x3039,419,0.000007473633
0x303c,400,0.000007134733
0x303d,400,0.000007134733
0x303e,6,0.000000107021
0x303f,6,0.000000107021
0x3040,6,0.000000107021
0x3042,6,0.000000107021
0x3044,6,0.000000107021
0x3046,6,0.000000107021
0x3048,6,0.000000107021
0x3049,6,0.000000107021
0x304b,6,0.000000107021
0x304d,6,0.000000107021
0x304f,6,0.000000107021
0x3050,6,0.000000107021
0x3052,6,0.000000107021
0x3055,6,0.000000107021
0x3056,6,0.000000107021
0x3057,5,0.000000089184
0x3059,5,0.000000089184
0x305c,19,0.000000338900
0x305f,19,0.000000338900
0x3062,19,0.000000338900
0x3063,19,0.000000338900
0x3064,19,0.000000338900
0x3065,19,0.000000338900
0x3066,19,0.000000338900
0x3067,19,0.000000338900
0x3068,19,0.000000338900
0x306a,19,0.000000338900
0x306c,19,0.000000338900
0x306d,19,0.000000338900
0x3074,94,0.000001676662
0x3077,94,0.000001676662
0x3078,94,0.000001676662
0x3079,94,0.000001676662
0x307a,94,0.000001676662
0x307c,94,0.000001676662
0x307d,94,0.000001676662
0x307f,94,0.000001676662
0x3080,94,0.000001676662
0x3081,94,0.000001676662
0x3082,94,0.000001676662
0x3084,94,0.000001676662
0x3089,94,0.000001676662
0x308a,94,0.000001676662
0x308b,94,0.000001676662
0x308c,94,0.000001676662
0x308d,94,0.000001676662
0x308f,94,0.000001676662
0x3090,94,0.000001676662
0x3092,94,0.000001676662
0x3093,94,0.000001676662
0x3094,94,0.000001676662
0x3095,94,0.000001676662
0x3098,94,0.000001676662
0x309a,94,0.000001676662
0x309d,5,0.000000089184
0x309f,94,0.000001676662
0x30a0,94,0.000001676662
0x30a1,94,0.000001676662
0x30a4,94,0.000001676662
0x30a6,94,0.000001676662
0x30a7,94,0.000001676662
0x30a8,94,0.000001676662
0x30aa,7512,0.000133990288
0x30ad,7512,0.000133990288
0x30ae,7512,0.000133990288
0x30af,7512,0.000133990288
0x30b0,7512,0.000133990288
0x30b1,7512,0.000133990288
0x30b3,7512,0.000133990288
0x30b5,7512,0.000133990288
0x30b6,7512,0.000133990288
0x30b8,7512,0.000133990288
0x30ba,522,0.000009310827
0x30bd,522,0.000009310827
0x30c0,522,0.000009310827
0x30c3,522,0.000009310827
0x30c6,522,0.000009310827
0x30c8,522,0.000009310827
0x30c9,522,0.000009310827
0x30ca,522,0.000009310827
0x30cb,317,0.000005654276
0x30cd,317,0.000005654276
0x30ce,317,0.000005654276
0x30cf,317,0.000005654276
0x30d2,242,0.000004316514
0x30d3,242,0.000004316514
0x30d4,65,0.000001159394
0x30d6,65,0.000001159394
0x30d8,65,0.000001159394
0x30da,1566,0.000027932480
0x30db,1566,0.000027932480
0x30dc,1566,0.000027932480
0x30dd,1566,0.000027932480
0x30de,701,0.000012503620
0x30df,701,0.000012503620
0x30e4,75,0.000001337762
0x30e7,75,0.000001337762
0x30ea,75,0.000001337762
0x30eb,75,0.000001337762
0x30ed,75,0.000001337762
0x30f2,75,0.000001337762
0x30f3,75,0.000001337762
0x30f5,75,0.000001337762
0x30f6,75,0.000001337762
0x30f7,75,0.000001337762
0x30f8,75,0.000001337762
0x30fa,75,0.000001337762
0x30fc,75,0.000001337762
0x30ff,75,0.000001337762
0x3102,75,0.000001337762
0x3105,75,0.000001337762
0x3106,75,0.000001337762
0x3107,75,0.000001337762
0x3108,75,0.000001337762
0x310a,75,0.000001337762
0x310c,75,0.000001337762
0x310e,75,0.000001337762
0x310f,75,0.000001337762
0x3112,225,0.000004013287
0x3113,225,0.000004013287
0x3114,225,0.000004013287
0x3115,225,0.000004013287
0x3116,136,0.000002425809
0x3117,136,0.000002425809
0x3118,136,0.000002425809
0x311a,136,0.000002425809
0x311b,136,0.000002425809
0x311c,136,0.000002425809
0x311d,136,0.000002425809
0x311e,74,0.000001319926
0x311f,74,0.000001319926
0x3121,74,0.000001319926
0x3124,522,0.000009310827
0x3127,522,0.000009310827
0x3128,522,0.000009310827
0x312a,522,0.000009310827
0x312b,65,0.000001159394
0x312d,65,0.000001159394
0x312f,65,0.000001159394
0x3130,65,0.000001159394
0x3131,65,0.000001159394
0x3132,65,0.000001159394
0x3134,65,0.000001159394
0x3136,65,0.000001159394
0x3138,65,0.000001159394
0x313d,65,0.000001159394
0x313f,65,0.000001159394
0x3140,65,0.000001159394
0x3141,65,0.000001159394
0x3144,65,0.000001159394
0x3145,65,0.000001159394
0x3146,65,0.000001159394
0x3149,46,0.000000820494
0x314b,65,0.000001159394
0x314d,65,0.000001159394
0x314e,65,0.000001159394
0x315a,522,0.000009310827
0x315d,522,0.000009310827
0x315e,522,0.000009310827
0x3160,522,0.000009310827
0x3161,156,0.000002782546
0x3164,156,0.000002782546
0x3165,156,0.000002782546
0x3166,156,0.000002782546
0x3167,156,0.000002782546
0x3169,156,0.000002782546
0x316a,156,0.000002782546
0x316c,156,0.000002782546
0x316d,156,0.000002782546
0x316e,156,0.000002782546
0x316f,156,0.000002782546
0x3171,156,0.000002782546
0x3172,156,0.000002782546
0x3174,156,0.000002782546
0x3176,156,0.000002782546
0x3177,156,0.000002782546
0x3178,156,0.000002782546
0x3179,1637,0.000029198895
0x317c,1573,0.000028057338
0x317d,1573,0.000028057338
0x317e,1573,0.000028057338
0x317f,1573,0.000028057338
0x3180,1573,0.000028057338
0x3181,1573,0.000028057338
0x3182,1573,0.000028057338
0x3183,1573,0.000028057338
0x3186,99,0.000001765846
0x3188,99,0.000001765846
0x318a,1573,0.000028057338
0x318b,1573,0.000028057338
0x318e,92,0.000001640989
0x3192,1637,0.000029198895
0x3193,1637,0.000029198895
0x3195,1637,0.000029198895
0x3196,1056,0.000018835695
0x3199,1056,0.000018835695
0x319a,1056,0.000018835695
0x319b,64,0.000001141557
0x319e,64,0.000001141557
0x319f,64,0.000001141557
0x31a0,64,0.000001141557
0x31a1,64,0.000001141557
0x31a2,64,0.000001141557
0x31a3,64,0.000001141557
0x31a4,64,0.000001141557
0x31a7,64,0.000001141557
0x31a9,64,0.000001141557
0x31ac,64,0.000001141557
0x31ad,64,0.000001141557
0x31b4,517,0.000009221643
0x31b7,517,0.000009221643
0x31b9,517,0.000009221643
0x31ba,62,0.000001105884
0x31bd,62,0.000001105884
0x31bf,62,0.000001105884
0x31c0,62,0.000001105884
0x31c2,62,0.000001105884
0x31c3,62,0.000001105884
0x31c5,62,0.000001105884
0x31c6,62,0.000001105884
0x31c7,62,0.000001105884
0x31c8,62,0.000001105884
0x31cb,62,0.000001105884
0x31cd,62,0.000001105884
0x31ce,62,0.000001105884
0x31d1,31,0.000000552942
0x31d2,31,0.000000552942
0x31d3,31,0.000000552942
0x31d4,31,0.000000552942
0x31d6,62,0.000001105884
0x31d7,62,0.000001105884
0x31d8,62,0.000001105884
0x31d9,62,0.000001105884
0x31da,62,0.000001105884
0x31dc,62,0.000001105884
0x31de,62,0.000001105884
0x31df,62,0.000001105884
0x31e1,62,0.000001105884
0x31e2,62,0.000001105884
0x31e3,62,0.000001105884
0x31e4,62,0.000001105884
0x31e5,62,0.000001105884
0x31e6,62,0.000001105884
0x31e7,62,0.000001105884
0x31e8,62,0.000001105884
0x31e9,62,0.000001105884
0x31ec,62,0.000001105884
0x31ed,62,0.000001105884
0x31f0,62,0.000001105884
0x31f1,62,0.000001105884
0x31f2,62,0.000001105884
0x31f4,62,0.000001105884
0x31f5,62,0.000001105884
0x31f7,62,0.000001105884
0x31f8,62,0.000001105884
0x31fb,62,0.000001105884
0x31fd,62,0.000001105884
0x31fe,62,0.000001105884
0x31ff,62,0.000001105884
0x3201,62,0.000001105884
0x3202,62,0.000001105884
0x3203,62,0.000001105884
0x3204,62,0.000001105884
0x3207,62,0.000001105884
0x3209,62,0.000001105884
0x320a,62,0.000001105884
0x320b,62,0.000001105884
0x320c,62,0.000001105884
0x320d,62,0.000001105884
0x3210,62,0.000001105884
0x3213,62,0.000001105884
0x3215,62,0.000001105884
0x3216,47,0.000000838331
0x3217,47,0.000000838331
0x3219,47,0.000000838331
0x321b,47,0.000000838331
0x321c,3,0.000000053510
0x321e,3,0.000000053510
0x3220,3,0.000000053510
0x3221,1,0.000000017837
0x3223,1,0.000000017837
0x3225,1,0.000000017837
0x322c,517,0.000009221643
0x322f,517,0.000009221643
0x3231,517,0.000009221643
0x3232,114,0.000002033399
0x3235,114,0.000002033399
0x3238,114,0.000002033399
0x323b,114,0.000002033399
0x323c,114,0.000002033399
0x323f,114,0.000002033399
0x3240,1233,0.000021992815
0x3241,1233,0.000021992815
0x3243,1233,0.000021992815
0x3246,652,0.000011629615
0x3247,652,0.000011629615
0x3248,652,0.000011629615
0x3249,544,0.000009703237
0x324a,544,0.000009703237
0x324b,544,0.000009703237
0x324c,544,0.000009703237
0x324d,544,0.000009703237
0x324e,1125,0.000020066437
0x324f,1125,0.000020066437
0x3250,1125,0.000020066437
0x3251,1125,0.000020066437
0x3253,1125,0.000020066437
0x3254,1125,0.000020066437
0x3256,1125,0.000020066437
0x3259,6,0.000000107021
0x325b,6,0.000000107021
0x325e,6,0.000000107021
0x3264,527,0.000009400011
0x3267,527,0.000009400011
0x3268,527,0.000009400011
0x326b,527,0.000009400011
0x326c,527,0.000009400011
0x326e,527,0.000009400011
0x326f,527,0.000009400011
0x3271,527,0.000009400011
0x3272,527,0.000009400011
0x3274,527,0.000009400011
0x3275,68,0.000001212905
0x3277,68,0.000001212905
0x3279,68,0.000001212905
0x327a,68,0.000001212905
0x327b,68,0.000001212905
0x327c,68,0.000001212905
0x327e,68,0.000001212905
0x3281,68,0.000001212905
0x3282,68,0.000001212905
0x3285,68,0.000001212905
0x3286,68,0.000001212905
0x3287,68,0.000001212905
0x3289,68,0.000001212905
0x328a,68,0.000001212905
0x328b,68,0.000001212905
0x328d,68,0.000001212905
0x328e,68,0.000001212905
0x328f,194,0.000003460346
0x3290,194,0.000003460346
0x3291,194,0.000003460346
0x3292,194,0.000003460346
0x3295,173,0.000003085772
0x3296,173,0.000003085772
0x3297,173,0.000003085772
0x329a,153,0.000002729035
0x329b,153,0.000002729035
0x329e,153,0.000002729035
0x329f,153,0.000002729035
0x32a0,153,0.000002729035
0x32a3,153,0.000002729035
0x32a4,194,0.000003460346
0x32a5,194,0.000003460346
0x32a6,194,0.000003460346
0x32a9,7,0.000000124858
0x32ab,194,0.000003460346
0x32ac,194,0.000003460346
0x32af,68,0.000001212905
0x32b0,47,0.000000838331
0x32b3,47,0.000000838331
0x32b5,47,0.000000838331
0x32b8,47,0.000000838331
0x32ba,47,0.000000838331
0x32bc,47,0.000000838331
0x32bf,47,0.000000838331
0x32c2,47,0.000000838331
0x32c3,47,0.000000838331
0x32c4,13,0.000000231879
0x32c5,13,0.000000231879
0x32c6,13,0.000000231879
0x32c7,13,0.000000231879
0x32c8,13,0.000000231879
0x32cb,13,0.000000231879
0x32cd,13,0.000000231879
0x32d0,13,0.000000231879
0x32d2,13,0.000000231879
0x32d4,13,0.000000231879
0x32d6,13,0.000000231879
0x32d7,13,0.000000231879
0x32d9,13,0.000000231879
0x32da,13,0.000000231879
0x32dc,13,0.000000231879
0x32dd,13,0.000000231879
0x32de,13,0.000000231879
0x32e1,13,0.000000231879
0x32e2,13,0.000000231879
0x32e3,13,0.000000231879
0x32e6,2,0.000000035674
0x32e7,2,0.000000035674
0x32e9,2,0.000000035674
0x32ea,2,0.000000035674
0x3400,4860,0.000086687007
0x3403,4860,0.000086687007
0x3406,4860,0.000086687007
0x3409,4860,0.000086687007
0x340c,4860,0.000086687007
0x340f,4860,0.000086687007
0x3412,4860,0.000086687007
0x3413,4860,0.000086687007
0x3416,4477,0.000079855500
0x3418,4477,0.000079855500
0x341b,975,0.000017390912
0x341e,975,0.000017390912
0x3421,975,0.000017390912
0x3424,975,0.000017390912
0x3427,975,0.000017390912
0x342a,975,0.000017390912
0x342d,975,0.000017390912
0x342e,975,0.000017390912
0x3431,488,0.000008704374
0x3434,488,0.000008704374
0x3438,3502,0.000062464588
0x343b,3502,0.000062464588
0x343c,3502,0.000062464588
0x343f,1750,0.000031214457
0x3442,1750,0.000031214457
0x3445,1750,0.000031214457
0x3448,1750,0.000031214457
0x344b,1750,0.000031214457
0x3452,1752,0.000031250131
0x3455,1752,0.000031250131
0x3458,1752,0.000031250131
0x345b,1752,0.000031250131
0x3462,383,0.000006831507
0x3465,383,0.000006831507
0x3466,383,0.000006831507
0x3467,192,0.000003424672
0x346a,192,0.000003424672
0x346d,192,0.000003424672
0x3474,2725,0.000048605369
0x3477,10900,0.000194421477
0x3478,10900,0.000194421477
0x347b,10900,0.000194421477
0x347c,10900,0.000194421477
0x347d,10900,0.000194421477
0x347f,10900,0.000194421477
0x3480,10900,0.000194421477
0x3482,10900,0.000194421477
0x3485,2725,0.000048605369
0x3486,2727,0.000048641043
0x3489,10908,0.000194564172
0x348a,10908,0.000194564172
0x348d,10908,0.000194564172
0x348e,10908,0.000194564172
0x348f,10908,0.000194564172
0x3491,10908,0.000194564172
0x3492,10908,0.000194564172
0x3494,10908,0.000194564172
0x3497,2727,0.000048641043
0x3498,2725,0.000048605369
0x349b,10900,0.000194421477
0x349c,10900,0.000194421477
0x349f,10900,0.000194421477
0x34a0,10900,0.000194421477
0x34a1,10900,0.000194421477
0x34a3,10900,0.000194421477
0x34a4,10900,0.000194421477
0x34a6,10900,0.000194421477
0x34a9,2725,0.000048605369
0x34aa,2727,0.000048641043
0x34ad,10908,0.000194564172
0x34ae,10908,0.000194564172
0x34b1,10908,0.000194564172
0x34b2,10908,0.000194564172
0x34b3,10908,0.000194564172
0x34b5,10908,0.000194564172
0x34b6,10908,0.000194564172
0x34b8,10908,0.000194564172
0x34bb,2727,0.000048641043
0x34c0,22512,0.000401542779
0x34c1,22512,0.000401542779
0x34c2,22512,0.000401542779
0x34c3,14101,0.000251517179
0x34c4,14101,0.000251517179
0x34c6,14101,0.000251517179
0x34c7,14101,0.000251517179
0x34c9,14101,0.000251517179
0x34ca,14101,0.000251517179
0x34cb,14101,0.000251517179
0x34cc,14101,0.000251517179
0x34cd,14101,0.000251517179
0x34ce,14101,0.000251517179
0x34cf,14101,0.000251517179
0x34d0,14101,0.000251517179
0x34d1,14101,0.000251517179
0x34d2,14101,0.000251517179
0x34d3,14101,0.000251517179
0x34d4,14101,0.000251517179
0x34d5,14101,0.000251517179
0x34d7,14101,0.000251517179
0x34d8,14101,0.000251517179
0x34da,14101,0.000251517179
0x34db,14101,0.000251517179
0x34dc,14101,0.000251517179
0x34dd,14101,0.000251517179
0x34de,14133,0.000252087957
0x34df,14133,0.000252087957
0x34e1,14133,0.000252087957
0x34e4,2452,0.000043735914
0x34e5,2452,0.000043735914
0x34e7,2452,0.000043735914
0x34ea,1073,0.000019138922
0x34ec,1073,0.000019138922
0x34ed,1073,0.000019138922
0x34ee,1073,0.000019138922
0x34f0,1073,0.000019138922
0x34f1,1073,0.000019138922
0x34f3,1073,0.000019138922
0x34f6,636,0.000011344226
0x34f8,636,0.000011344226
0x34f9,636,0.000011344226
0x34fa,636,0.000011344226
0x34fc,636,0.000011344226
0x34fd,636,0.000011344226
0x34ff,636,0.000011344226
0x3509,1073,0.000019138922
0x350a,1073,0.000019138922
0x350b,1073,0.000019138922
0x350c,14133,0.000252087957
0x350e,14133,0.000252087957
0x350f,14133,0.000252087957
0x3512,14133,0.000252087957
0x3513,14133,0.000252087957
0x3515,14133,0.000252087957
0x3516,14133,0.000252087957
0x3518,14133,0.000252087957
0x3519,14133,0.000252087957
0x3520,975,0.000017390912
0x3521,975,0.000017390912
0x3522,975,0.000017390912
0x3523,975,0.000017390912
0x3524,975,0.000017390912
0x3525,975,0.000017390912
0x3526,975,0.000017390912
0x3527,975,0.000017390912
0x3528,4487,0.000080033869
0x3529,4487,0.000080033869
0x352a,4487,0.000080033869
0x352b,4487,0.000080033869
0x352c,4487,0.000080033869
0x352d,4487,0.000080033869
0x352e,4487,0.000080033869
0x352f,4487,0.000080033869
0x3530,5556,0.000099101443
0x3531,5556,0.000099101443
0x3532,5556,0.000099101443
0x3533,5556,0.000099101443
0x3534,5556,0.000099101443
0x3535,5556,0.000099101443
0x3536,5556,0.000099101443
0x3537,5556,0.000099101443
0x3538,6467,0.000115350797
0x3539,6467,0.000115350797
0x353a,6467,0.000115350797
0x353b,6467,0.000115350797
0x353c,6467,0.000115350797
0x353d,6467,0.000115350797
0x353e,6467,0.000115350797
0x353f,6467,0.000115350797
0x3540,14149,0.000252373347
0x3541,14149,0.000252373347
0x3542,14149,0.000252373347
0x3543,14149,0.000252373347
0x3544,14149,0.000252373347
0x3545,14149,0.000252373347
0x3546,14149,0.000252373347
0x3547,14149,0.000252373347
0x3548,15302,0.000272939215
0x3549,15302,0.000272939215
0x354a,15302,0.000272939215
0x354b,15302,0.000272939215
0x354c,15302,0.000272939215
0x354d,15302,0.000272939215
0x354e,15302,0.000272939215
0x354f,15302,0.000272939215
0x3550,15426,0.000275150982
0x3551,15426,0.000275150982
0x3552,15426,0.000275150982
0x3553,15426,0.000275150982
0x3554,15426,0.000275150982
0x3555,15426,0.000275150982
0x3556,15426,0.000275150982
0x3557,15426,0.000275150982
0x3558,15426,0.000275150982
0x355a,15426,0.000275150982
0x355b,15426,0.000275150982
0x355d,15426,0.000275150982
0x3560,4477,0.000079855500
0x3563,4477,0.000079855500
0x3564,4477,0.000079855500
0x3565,4477,0.000079855500
0x3566,4477,0.000079855500
0x3567,4477,0.000079855500
0x3568,4477,0.000079855500
0x3569,4477,0.000079855500
0x356a,4477,0.000079855500
0x356d,4477,0.000079855500
0x3570,4477,0.000079855500
0x3572,4477,0.000079855500
0x3577,4477,0.000079855500
0x3579,4477,0.000079855500
0x357a,4477,0.000079855500
0x357b,4477,0.000079855500
0x357e,4477,0.000079855500
0x357f,4477,0.000079855500
0x3581,4477,0.000079855500
0x3584,3343,0.000059628532
0x3586,4477,0.000079855500
0x3587,4477,0.000079855500
0x3588,4477,0.000079855500
0x3589,4477,0.000079855500
0x358c,4477,0.000079855500
0x358d,4477,0.000079855500
0x358e,4477,0.000079855500
0x3590,4477,0.000079855500
0x3591,4477,0.000079855500
0x3593,4477,0.000079855500
0x3594,4477,0.000079855500
0x3596,4477,0.000079855500
0x3597,4477,0.000079855500
0x359a,4477,0.000079855500
0x359b,4477,0.000079855500
0x359c,4477,0.000079855500
0x359d,4477,0.000079855500
0x359f,4477,0.000079855500
0x35a2,4477,0.000079855500
0x35b0,21808,0.000388985649
0x35b1,21808,0.000388985649
0x35b2,21808,0.000388985649
0x35b3,13397,0.000238960048
0x35b4,13397,0.000238960048
0x35b5,13397,0.000238960048
0x35b6,13397,0.000238960048
0x35b7,13397,0.000238960048
0x35b8,13397,0.000238960048
0x35b9,13397,0.000238960048
0x35ba,13397,0.000238960048
0x35bd,12076,0.000215397592
0x35be,13397,0.000238960048
0x35bf,13397,0.000238960048
0x35c0,13397,0.000238960048
0x35c1,13397,0.000238960048
0x35c2,13397,0.000238960048
0x35c3,13397,0.000238960048
0x35c4,13397,0.000238960048
0x35c5,13397,0.000238960048
0x35c7,13397,0.000238960048
0x35c8,13397,0.000238960048
0x35c9,13397,0.000238960048
0x35ca,13397,0.000238960048
0x35cb,13397,0.000238960048
0x35cc,13397,0.000238960048
0x35cd,13397,0.000238960048
0x35ce,13397,0.000238960048
0x35cf,13397,0.000238960048
0x35d0,13397,0.000238960048
0x35d1,13397,0.000238960048
0x35d2,13397,0.000238960048
0x35d3,13397,0.000238960048
0x35d4,13397,0.000238960048
0x35d5,13397,0.000238960048
0x35d6,13397,0.000238960048
0x35d7,13397,0.000238960048
0x35d8,13397,0.000238960048
0x35d9,13397,0.000238960048
0x35da,13397,0.000238960048
0x35db,13397,0.000238960048
0x35e0,10334,0.000184325830
0x35e1,10334,0.000184325830
0x35e2,10334,0.000184325830
0x35e3,10334,0.000184325830
0x35e5,10334,0.000184325830
0x35e8,5275,0.000094089293
0x35e9,5275,0.000094089293
0x35ea,5275,0.000094089293
0x35eb,5275,0.000094089293
0x35ec,5275,0.000094089293
0x35ed,5275,0.000094089293
0x35ee,5275,0.000094089293
0x35ef,5275,0.000094089293
0x35f0,5275,0.000094089293
0x35f1,5275,0.000094089293
0x35f3,5275,0.000094089293
0x35f6,1527,0.000027236844
0x35f8,1527,0.000027236844
0x35f9,1527,0.000027236844
0x35fa,1527,0.000027236844
0x35fb,1527,0.000027236844
0x35fd,1527,0.000027236844
0x35fe,1527,0.000027236844
0x3601,196,0.000003496019
0x3602,196,0.000003496019
0x3603,196,0.000003496019
0x3604,1527,0.000027236844
0x3605,1527,0.000027236844
0x3606,1527,0.000027236844
0x3607,1527,0.000027236844
0x3608,1527,0.000027236844
0x3609,1527,0.000027236844
0x360a,1527,0.000027236844
0x360b,1527,0.000027236844
0x360c,1527,0.000027236844
0x360e,1527,0.000027236844
0x360f,1527,0.000027236844
0x3612,1406,0.000025078587
0x3613,1406,0.000025078587
0x3614,1406,0.000025078587
0x3615,1406,0.000025078587
0x3616,1406,0.000025078587
0x3618,1406,0.000025078587
0x3619,1406,0.000025078587
0x361a,1406,0.000025078587
0x361b,1406,0.000025078587
0x361c,948,0.000016909317
0x361f,948,0.000016909317
0x3620,948,0.000016909317
0x3621,948,0.000016909317
0x3622,347,0.000006189381
0x3623,347,0.000006189381
0x3624,347,0.000006189381
0x3628,5059,0.000090236537
0x362a,5059,0.000090236537
0x362d,4938,0.000088078280
0x362e,4938,0.000088078280
0x362f,4938,0.000088078280
0x3630,4938,0.000088078280
0x3631,4938,0.000088078280
0x3632,4938,0.000088078280
0x3633,4938,0.000088078280
0x3634,4938,0.000088078280
0x3635,4938,0.000088078280
0x3636,4938,0.000088078280
0x3637,4938,0.000088078280
0x363a,1531,0.000027308191
0x363c,1531,0.000027308191
0x363d,1531,0.000027308191
0x363e,1531,0.000027308191
0x363f,1531,0.000027308191
0x3641,1531,0.000027308191
0x3642,1531,0.000027308191
0x3645,200,0.000003567367
0x3646,200,0.000003567367
0x3647,200,0.000003567367
0x3648,1531,0.000027308191
0x3649,1531,0.000027308191
0x364a,1531,0.000027308191
0x364b,1531,0.000027308191
0x364c,1531,0.000027308191
0x364d,1531,0.000027308191
0x364e,1531,0.000027308191
0x364f,1531,0.000027308191
0x3650,1531,0.000027308191
0x3651,1531,0.000027308191
0x3652,1531,0.000027308191
0x3654,1531,0.000027308191
0x3655,1531,0.000027308191
0x3656,1531,0.000027308191
0x3657,1531,0.000027308191
0x365a,1140,0.000020333989
0x365d,1140,0.000020333989
0x365e,1140,0.000020333989
0x3661,328,0.000005850481
0x3662,328,0.000005850481
0x3663,1531,0.000027308191
0x3665,1531,0.000027308191
0x3666,1531,0.000027308191
0x366a,3748,0.000066852449
0x366b,3748,0.000066852449
0x366c,3748,0.000066852449
0x366d,131,0.000002336625
0x366e,131,0.000002336625
0x366f,131,0.000002336625
0x3670,131,0.000002336625
0x3671,131,0.000002336625
0x3672,121,0.000002158257
0x3673,121,0.000002158257
0x3674,121,0.000002158257
0x3675,121,0.000002158257
0x3676,121,0.000002158257
0x3679,121,0.000002158257
0x367b,121,0.000002158257
0x367c,121,0.000002158257
0x367f,121,0.000002158257
0x3680,121,0.000002158257
0x3683,121,0.000002158257
0x3684,121,0.000002158257
0x3686,121,0.000002158257
0x3689,121,0.000002158257
0x368a,121,0.000002158257
0x368b,121,0.000002158257
0x368d,121,0.000002158257
0x368e,97,0.000001730173
0x3690,97,0.000001730173
0x3691,78,0.000001391273
0x3692,78,0.000001391273
0x3695,3407,0.000060770089
0x3696,3407,0.000060770089
0x3697,3407,0.000060770089
0x3698,3407,0.000060770089
0x3699,3407,0.000060770089
0x369a,3407,0.000060770089
0x369b,3407,0.000060770089
0x369c,3407,0.000060770089
0x369d,92,0.000001640989
0x369e,92,0.000001640989
0x36a0,92,0.000001640989
0x36a1,92,0.000001640989
0x36a4,92,0.000001640989
0x36a6,92,0.000001640989
0x36a7,92,0.000001640989
0x36aa,86,0.000001533968
0x36ab,92,0.000001640989
0x36ae,92,0.000001640989
0x36b0,92,0.000001640989
0x36b3,92,0.000001640989
0x36b4,92,0.000001640989
0x36b6,92,0.000001640989
0x36b7,89,0.000001587478
0x36b9,89,0.000001587478
0x36ba,87,0.000001551804
0x36bb,87,0.000001551804
0x36c0,3063,0.000054634219
0x36c1,3063,0.000054634219
0x36c2,3063,0.000054634219
0x36c3,1531,0.000027308191
0x36c4,1531,0.000027308191
0x36c5,1531,0.000027308191
0x36c6,1531,0.000027308191
0x36c8,1531,0.000027308191
0x36c9,1531,0.000027308191
0x36cc,211,0.000003763572
0x36cd,211,0.000003763572
0x36ce,211,0.000003763572
0x36cf,211,0.000003763572
0x36d2,4071,0.000072613746
0x36d3,4071,0.000072613746
0x36d4,4071,0.000072613746
0x36d5,4071,0.000072613746
0x36d6,4071,0.000072613746
0x36d7,4071,0.000072613746
0x36d8,152,0.000002711199
0x36d9,152,0.000002711199
0x36da,152,0.000002711199
0x36db,152,0.000002711199
0x36dc,152,0.000002711199
0x36dd,152,0.000002711199
0x36de,152,0.000002711199
0x36e1,152,0.000002711199
0x36e3,152,0.000002711199
0x36e6,152,0.000002711199
0x36ea,4935,0.000088024770
0x36eb,4935,0.000088024770
0x36ec,4935,0.000088024770
0x36ed,4935,0.000088024770
0x36ee,4935,0.000088024770
0x36ef,4935,0.000088024770
0x36f0,1119,0.000019959416
0x36f1,1119,0.000019959416
0x36f2,1119,0.000019959416
0x36f3,1119,0.000019959416
0x36f5,1119,0.000019959416
0x36f6,77,0.000001373436
0x36f7,77,0.000001373436
0x36f8,77,0.000001373436
0x36f9,77,0.000001373436
0x36fa,77,0.000001373436
0x36fb,77,0.000001373436
0x36fc,77,0.000001373436
0x36fd,77,0.000001373436
0x36fe,77,0.000001373436
0x3701,77,0.000001373436
0x3703,77,0.000001373436
0x3706,77,0.000001373436
0x370a,4180,0.000074557961
0x370b,4180,0.000074557961
0x370c,4180,0.000074557961
0x370d,4180,0.000074557961
0x370e,4180,0.000074557961
0x370f,4180,0.000074557961
0x3710,360,0.000006421260
0x3711,360,0.000006421260
0x3712,360,0.000006421260
0x3713,360,0.000006421260
0x3715,360,0.000006421260
0x3716,118,0.000002104746
0x3717,118,0.000002104746
0x3718,118,0.000002104746
0x3719,118,0.000002104746
0x371a,118,0.000002104746
0x371b,118,0.000002104746
0x371c,118,0.000002104746
0x371d,118,0.000002104746
0x371e,118,0.000002104746
0x3721,118,0.000002104746
0x3723,118,0.000002104746
0x3726,118,0.000002104746
0x3729,118,0.000002104746
0x372a,118,0.000002104746
0x372c,118,0.000002104746
0x372d,57,0.000001016699
0x372e,57,0.000001016699
0x3730,57,0.000001016699
0x3731,57,0.000001016699
0x3732,57,0.000001016699
0x3733,57,0.000001016699
0x3734,57,0.000001016699
0x3735,57,0.000001016699
0x3736,57,0.000001016699
0x3739,57,0.000001016699
0x373b,57,0.000001016699
0x373e,57,0.000001016699
0x3744,121,0.000002158257
0x3746,121,0.000002158257
0x3747,121,0.000002158257
0x3748,121,0.000002158257
0x3749,121,0.000002158257
0x374a,121,0.000002158257
0x374c,121,0.000002158257
0x374d,121,0.000002158257
0x374e,121,0.000002158257
0x3750,121,0.000002158257
0x3751,121,0.000002158257
0x3752,17,0.000000303226
0x3753,17,0.000000303226
0x3754,17,0.000000303226
0x3758,21454,0.000382671410
0x3759,21454,0.000382671410
0x375a,21454,0.000382671410
0x375b,256,0.000004566229
0x375c,256,0.000004566229
0x375f,240,0.000004280840
0x3760,240,0.000004280840
0x3761,240,0.000004280840
0x3764,128,0.000002283115
0x3766,128,0.000002283115
0x3767,128,0.000002283115
0x3769,128,0.000002283115
0x376a,128,0.000002283115
0x376b,128,0.000002283115
0x376c,128,0.000002283115
0x376d,128,0.000002283115
0x376e,128,0.000002283115
0x376f,128,0.000002283115
0x3770,128,0.000002283115
0x3771,128,0.000002283115
0x3772,128,0.000002283115
0x3773,128,0.000002283115
0x3774,128,0.000002283115
0x3777,128,0.000002283115
0x377a,128,0.000002283115
0x377b,128,0.000002283115
0x377c,128,0.000002283115
0x377d,128,0.000002283115
0x377e,128,0.000002283115
0x3780,128,0.000002283115
0x3781,128,0.000002283115
0x3782,128,0.000002283115
0x3783,128,0.000002283115
0x3786,128,0.000002283115
0x3787,128,0.000002283115
0x3788,112,0.000001997725
0x3789,112,0.000001997725
0x378c,112,0.000001997725
0x378e,112,0.000001997725
0x378f,112,0.000001997725
0x3791,112,0.000001997725
0x3792,112,0.000001997725
0x3796,128,0.000002283115
0x3798,128,0.000002283115
0x3799,128,0.000002283115
0x379b,128,0.000002283115
0x379e,48,0.000000856168
0x379f,128,0.000002283115
0x37a0,128,0.000002283115
0x37a1,128,0.000002283115
0x37a4,128,0.000002283115
0x37a5,128,0.000002283115
0x37a6,89,0.000001587478
0x37a7,89,0.000001587478
0x37aa,89,0.000001587478
0x37b0,112,0.000001997725
0x37b1,112,0.000001997725
0x37b2,112,0.000001997725
0x37b3,112,0.000001997725
0x37b4,112,0.000001997725
0x37b5,112,0.000001997725
0x37b6,112,0.000001997725
0x37b7,112,0.000001997725
0x37b8,112,0.000001997725
0x37b9,112,0.000001997725
0x37ba,112,0.000001997725
0x37bb,112,0.000001997725
0x37be,112,0.000001997725
0x37c0,112,0.000001997725
0x37c1,112,0.000001997725
0x37c4,112,0.000001997725
0x37c6,112,0.000001997725
0x37cc,16,0.000000285389
0x37cd,16,0.000000285389
0x37ce,16,0.000000285389
0x37cf,16,0.000000285389
0x37d0,16,0.000000285389
0x37d2,16,0.000000285389
0x37d4,16,0.000000285389
0x37d5,16,0.000000285389
0x37d7,16,0.000000285389
0x37da,16,0.000000285389
0x37dd,416,0.000007420122
0x37de,416,0.000007420122
0x37df,416,0.000007420122
0x37e0,416,0.000007420122
0x37e1,416,0.000007420122
0x37e2,416,0.000007420122
0x37e5,16,0.000000285389
0x3800,10290,0.000183541009
0x3803,10290,0.000183541009
0x3805,10290,0.000183541009
0x3806,5212,0.000092965572
0x3809,5212,0.000092965572
0x380b,5212,0.000092965572
0x380c,5212,0.000092965572
0x380f,5212,0.000092965572
0x3810,5212,0.000092965572
0x3813,5212,0.000092965572
0x3815,5212,0.000092965572
0x3816,5212,0.000092965572
0x3819,5212,0.000092965572
0x381a,5212,0.000092965572
0x381b,5212,0.000092965572
0x381d,5212,0.000092965572
0x381e,5212,0.000092965572
0x381f,5212,0.000092965572
0x3820,5212,0.000092965572
0x3822,5212,0.000092965572
0x3823,75,0.000001337762
0x3824,75,0.000001337762
0x3827,75,0.000001337762
0x3829,75,0.000001337762
0x382b,75,0.000001337762
0x382c,75,0.000001337762
0x382e,75,0.000001337762
0x382f,75,0.000001337762
0x3830,75,0.000001337762
0x3832,75,0.000001337762
0x3833,75,0.000001337762
0x3834,75,0.000001337762
0x3835,75,0.000001337762
0x3837,75,0.000001337762
0x3838,75,0.000001337762
0x3839,75,0.000001337762
0x383b,75,0.000001337762
0x383c,75,0.000001337762
0x383e,75,0.000001337762
0x3841,47,0.000000838331
0x3844,56,0.000000998863
0x3846,56,0.000000998863
0x3847,56,0.000000998863
0x3849,56,0.000000998863
0x384a,56,0.000000998863
0x384b,56,0.000000998863
0x384c,28,0.000000499431
0x384f,28,0.000000499431
0x3850,28,0.000000499431
0x3851,28,0.000000499431
0x3853,28,0.000000499431
0x3854,28,0.000000499431
0x3855,28,0.000000499431
0x3856,28,0.000000499431
0x3857,28,0.000000499431
0x3858,28,0.000000499431
0x3859,28,0.000000499431
0x385c,28,0.000000499431
0x385d,28,0.000000499431
0x385f,28,0.000000499431
0x3862,13,0.000000231879
0x3863,13,0.000000231879
0x3865,13,0.000000231879
0x3868,13,0.000000231879
0x386b,13,0.000000231879
0x386e,13,0.000000231879
0x386f,13,0.000000231879
0x3871,13,0.000000231879
0x3874,6,0.000000107021
0x3875,6,0.000000107021
0x3876,6,0.000000107021
0x3878,6,0.000000107021
0x387a,6,0.000000107021
0x387b,6,0.000000107021
0x387c,6,0.000000107021
0x387e,6,0.000000107021
0x3881,6,0.000000107021
0x3882,6,0.000000107021
0x3883,6,0.000000107021
0x3884,6,0.000000107021
0x3885,6,0.000000107021
0x3887,6,0.000000107021
0x388a,5,0.000000089184
0x388b,5,0.000000089184
0x388c,5,0.000000089184
0x388d,5,0.000000089184
0x3894,15,0.000000267552
0x3897,15,0.000000267552
0x3899,15,0.000000267552
0x389c,15,0.000000267552
0x38a1,32,0.000000570779
0x38a2,32,0.000000570779
0x38a4,32,0.000000570779
0x38a5,32,0.000000570779
0x38a6,32,0.000000570779
0x38a7,32,0.000000570779
0x38a8,32,0.000000570779
0x38a9,32,0.000000570779
0x38ac,32,0.000000570779
0x38ae,32,0.000000570779
0x38af,32,0.000000570779
0x38b1,32,0.000000570779
0x38b4,32,0.000000570779
0x38b5,32,0.000000570779
0x38bc,41,0.000000731310
0x38be,41,0.000000731310
0x38bf,41,0.000000731310
0x38c1,41,0.000000731310
0x38c2,41,0.000000731310
0x38c3,41,0.000000731310
0x38c4,4,0.000000071347
0x38c7,4,0.000000071347
0x38c8,4,0.000000071347
0x38ca,4,0.000000071347
0x38cd,4,0.000000071347
0x38cf,4,0.000000071347
0x38d2,2,0.000000035674
0x38d3,2,0.000000035674
0x38d4,2,0.000000035674
0x38d5,2,0.000000035674
0x38d7,2,0.000000035674
0x38d8,2,0.000000035674
0x38db,2,0.000000035674
0x38dc,2,0.000000035674
0x38dd,2,0.000000035674
0x38de,2,0.000000035674
0x38df,2,0.000000035674
0x38e1,2,0.000000035674
0x38e2,2,0.000000035674
0x38e4,2,0.000000035674
0x38e5,2,0.000000035674
0x38e7,2,0.000000035674
0x38e8,2,0.000000035674
0x38e9,4,0.000000071347
0x38eb,4,0.000000071347
0x38ee,4,0.000000071347
0x38f1,4,0.000000071347
0x38f8,19,0.000000338900
0x38fb,32,0.000000570779
0x38fc,32,0.000000570779
0x38fd,32,0.000000570779
0x3900,1,0.000000017837
0x3901,1,0.000000017837
0x3902,1,0.000000017837
0x3903,1,0.000000017837
0x3904,1,0.000000017837
0x3905,1,0.000000017837
0x3906,32,0.000000570779
0x3907,32,0.000000570779
0x3908,32,0.000000570779
0x3909,32,0.000000570779
0x390a,32,0.000000570779
0x390d,32,0.000000570779
0x390e,32,0.000000570779
0x390f,32,0.000000570779
0x3912,32,0.000000570779
0x3913,32,0.000000570779
0x3916,32,0.000000570779
0x3918,32,0.000000570779
0x391b,32,0.000000570779
0x391c,47,0.000000838331
0x391d,47,0.000000838331
0x391f,47,0.000000838331
0x3922,6,0.000000107021
0x3923,11557,0.000206140276
0x3930,2238,0.000039918832
0x3933,2238,0.000039918832
0x3935,2238,0.000039918832
0x3937,2238,0.000039918832
0x3938,2238,0.000039918832
0x393a,2238,0.000039918832
0x393b,2238,0.000039918832
0x393c,2238,0.000039918832
0x393d,2238,0.000039918832
0x393f,2238,0.000039918832
0x3942,1119,0.000019959416
0x3945,1119,0.000019959416
0x3946,1119,0.000019959416
0x3947,1119,0.000019959416
0x394a,1119,0.000019959416
0x394b,1119,0.000019959416
0x394c,7050,0.000125749671
0x394d,7050,0.000125749671
0x3950,6820,0.000121647199
0x3951,6820,0.000121647199
0x3952,6820,0.000121647199
0x3954,6820,0.000121647199
0x3955,6820,0.000121647199
0x3956,6820,0.000121647199
0x3959,889,0.000015856944
0x395c,7050,0.000125749671
0x395d,7050,0.000125749671
0x395f,7050,0.000125749671
0x3960,1816,0.000032391688
0x3961,1816,0.000032391688
0x3963,1816,0.000032391688
0x3964,1816,0.000032391688
0x3965,1816,0.000032391688
0x3966,1816,0.000032391688
0x3967,1405,0.000025060750
0x3968,1405,0.000025060750
0x3969,230,0.000004102472
0x396b,230,0.000004102472
0x396c,230,0.000004102472
0x396d,230,0.000004102472
0x396e,230,0.000004102472
0x396f,230,0.000004102472
0x3972,230,0.000004102472
0x3973,230,0.000004102472
0x3975,230,0.000004102472
0x3976,230,0.000004102472
0x3977,230,0.000004102472
0x3978,230,0.000004102472
0x397a,230,0.000004102472
0x397b,230,0.000004102472
0x3980,4860,0.000086687007
0x3983,4860,0.000086687007
0x3985,4860,0.000086687007
0x3986,299,0.000005333213
0x3988,299,0.000005333213
0x3989,285,0.000005083497
0x398c,285,0.000005083497
0x398f,285,0.000005083497
0x3991,285,0.000005083497
0x3994,285,0.000005083497
0x3996,285,0.000005083497
0x3998,285,0.000005083497
0x399b,285,0.000005083497
0x399d,285,0.000005083497
0x39a0,285,0.000005083497
0x39a2,285,0.000005083497
0x39a5,285,0.000005083497
0x39a7,285,0.000005083497
0x39a9,285,0.000005083497
0x39ac,285,0.000005083497
0x39af,285,0.000005083497
0x39b0,285,0.000005083497
0x39b3,144,0.000002568504
0x39b4,144,0.000002568504
0x39b6,144,0.000002568504
0x39b7,144,0.000002568504
0x39b9,144,0.000002568504
0x39ba,144,0.000002568504
0x39bb,144,0.000002568504
0x39bc,144,0.000002568504
0x39be,144,0.000002568504
0x39bf,285,0.000005083497
0x39c0,285,0.000005083497
0x39c3,570,0.000010166995
0x39c6,570,0.000010166995
0x39c9,570,0.000010166995
0x39ca,570,0.000010166995
0x39cc,570,0.000010166995
0x39cf,570,0.000010166995
0x39d2,570,0.000010166995
0x39d3,570,0.000010166995
0x39d4,570,0.000010166995
0x39d6,570,0.000010166995
0x39d8,570,0.000010166995
0x39db,285,0.000005083497
0x39de,285,0.000005083497
0x39e1,285,0.000005083497
0x39e3,285,0.000005083497
0x39e6,285,0.000005083497
0x39e8,285,0.000005083497
0x39ea,285,0.000005083497
0x3a00,2238,0.000039918832
0x3a03,2238,0.000039918832
0x3a05,2238,0.000039918832
0x3a06,2238,0.000039918832
0x3a07,2238,0.000039918832
0x3a08,2238,0.000039918832
0x3a0b,2238,0.000039918832
0x3a0c,2238,0.000039918832
0x3a0d,2238,0.000039918832
0x3a0e,1119,0.000019959416
0x3a0f,1119,0.000019959416
0x3a10,11941,0.000212989620
0x3a13,11941,0.000212989620
0x3a14,11941,0.000212989620
0x3a15,11941,0.000212989620
0x3a18,384,0.000006849344
0x3a1a,384,0.000006849344
0x3a1c,384,0.000006849344
0x3a1d,11557,0.000206140276
0x3a20,11557,0.000206140276
0x3a21,11557,0.000206140276
0x3a22,11557,0.000206140276
0x3a25,384,0.000006849344
0x3a27,384,0.000006849344
0x3a2a,12,0.000000214042
0x3a2c,384,0.000006849344
0x3a2d,384,0.000006849344
0x3a2e,384,0.000006849344
0x3a2f,384,0.000006849344
0x3a30,384,0.000006849344
0x3a31,384,0.000006849344
0x3a32,384,0.000006849344
0x3a34,384,0.000006849344
0x3a36,384,0.000006849344
0x3a37,384,0.000006849344
0x3a39,384,0.000006849344
0x3a3b,384,0.000006849344
0x3a3d,384,0.000006849344
0x3a3f,384,0.000006849344
0x3a40,11173,0.000199290932
0x3a42,11173,0.000199290932
0x3a43,11173,0.000199290932
0x3a44,11173,0.000199290932
0x3a47,800,0.000014269466
0x3a49,800,0.000014269466
0x3a4c,50,0.000000891842
0x3a4e,800,0.000014269466
0x3a4f,800,0.000014269466
0x3a50,800,0.000014269466
0x3a51,800,0.000014269466
0x3a52,800,0.000014269466
0x3a53,800,0.000014269466
0x3a54,800,0.000014269466
0x3a56,800,0.000014269466
0x3a58,800,0.000014269466
0x3a5a,800,0.000014269466
0x3a5b,800,0.000014269466
0x3a5d,800,0.000014269466
0x3a5f,800,0.000014269466
0x3a62,10373,0.000185021466
0x3a64,10373,0.000185021466
0x3a65,10373,0.000185021466
0x3a66,10373,0.000185021466
0x3a67,1064,0.000018978390
0x3a69,1064,0.000018978390
0x3a6c,204,0.000003638714
0x3a6e,204,0.000003638714
0x3a71,204,0.000003638714
0x3a73,204,0.000003638714
0x3a76,200,0.000003567367
0x3a78,1064,0.000018978390
0x3a79,1064,0.000018978390
0x3a7b,1064,0.000018978390
0x3a7c,1064,0.000018978390
0x3a7e,1064,0.000018978390
0x3a80,1064,0.000018978390
0x3a81,1064,0.000018978390
0x3a82,11557,0.000206140276
0x3a85,11557,0.000206140276
0x3a86,11557,0.000206140276
0x3a88,11557,0.000206140276
0x3a89,5227,0.000093233125
0x3a8b,5227,0.000093233125
0x3a8c,5227,0.000093233125
0x3a8e,5227,0.000093233125
0x3a8f,5227,0.000093233125
0x3a90,11557,0.000206140276
0x3a93,11557,0.000206140276
0x3a94,11557,0.000206140276
0x3a95,11557,0.000206140276
0x3a98,7866,0.000140304526
0x3a9b,7866,0.000140304526
0x3a9e,7866,0.000140304526
0x3aa1,125856,0.002244872423
0x3aa2,125856,0.002244872423
0x3aa3,125856,0.002244872423
0x3aa4,125856,0.002244872423
0x3aa7,64561,0.001151563760
0x3aa8,64561,0.001151563760
0x3aaa,64561,0.001151563760
0x3aad,17201,0.000306811360
0x3aae,125856,0.002244872423
0x3aaf,125856,0.002244872423
0x3ab0,125856,0.002244872423
0x3ab1,125856,0.002244872423
0x3ab2,125856,0.002244872423
0x3ab5,7866,0.000140304526
0x3ab6,7866,0.000140304526
0x3ab7,7866,0.000140304526
0x3ab8,5793,0.000103328772
0x3aba,5793,0.000103328772
0x3abd,261,0.000004655413
0x3abf,5793,0.000103328772
0x3ac1,5793,0.000103328772
0x3ac2,5793,0.000103328772
0x3ac5,5793,0.000103328772
0x3ac6,5793,0.000103328772
0x3ac8,5793,0.000103328772
0x3ac9,5793,0.000103328772
0x3aca,5793,0.000103328772
0x3ad0,2332,0.000041595494
0x3ad3,2332,0.000041595494
0x3ad4,2332,0.000041595494
0x3ad6,2332,0.000041595494
0x3ad7,2332,0.000041595494
0x3ad8,2332,0.000041595494
0x3ada,2332,0.000041595494
0x3adb,2332,0.000041595494
0x3adc,2332,0.000041595494
0x3add,2332,0.000041595494
0x3adf,2332,0.000041595494
0x3ae0,2332,0.000041595494
0x3ae1,2332,0.000041595494
0x3ae3,2332,0.000041595494
0x3ae4,2332,0.000041595494
0x3ae5,2332,0.000041595494
0x3ae6,2332,0.000041595494
0x3ae9,2266,0.000040418263
0x3aec,2266,0.000040418263
0x3aee,2266,0.000040418263
0x3aef,2266,0.000040418263
0x3af1,2266,0.000040418263
0x3af2,2266,0.000040418263
0x3af3,2266,0.000040418263
0x3af4,63,0.000001123720
0x3af6,63,0.000001123720
0x3af8,66,0.000001177231
0x3afa,66,0.000001177231
0x3afb,66,0.000001177231
0x3afc,66,0.000001177231
0x3afd,66,0.000001177231
0x3aff,66,0.000001177231
0x3b00,66,0.000001177231
0x3b02,4639,0.000082745067
0x3b05,4639,0.000082745067
0x3b06,4639,0.000082745067
0x3b08,4639,0.000082745067
0x3b09,1035,0.000018461122
0x3b0a,1035,0.000018461122
0x3b0b,1035,0.000018461122
0x3b0c,1035,0.000018461122
0x3b0e,1035,0.000018461122
0x3b10,1035,0.000018461122
0x3b12,1035,0.000018461122
0x3b13,306,0.000005458071
0x3b14,306,0.000005458071
0x3b16,306,0.000005458071
0x3b18,306,0.000005458071
0x3b19,306,0.000005458071
0x3b1b,11557,0.000206140276
0x3b1e,11557,0.000206140276
0x3b1f,11557,0.000206140276
0x3b20,11557,0.000206140276
0x3b21,192,0.000003424672
0x3b23,192,0.000003424672
0x3b26,3,0.000000053510
0x3b28,192,0.000003424672
0x3b29,192,0.000003424672
0x3b2a,192,0.000003424672
0x3b2c,192,0.000003424672
0x3b2d,192,0.000003424672
0x3b2e,192,0.000003424672
0x3b30,192,0.000003424672
0x3b31,192,0.000003424672
0x3b33,11557,0.000206140276
0x3b36,11557,0.000206140276
0x3b37,11557,0.000206140276
0x3b38,11557,0.000206140276
0x3b39,255,0.000004548392
0x3b3a,255,0.000004548392
0x3b3c,255,0.000004548392
0x3b3e,255,0.000004548392
0x3b40,255,0.000004548392
0x3b41,255,0.000004548392
0x3b43,11557,0.000206140276
0x3b46,11557,0.000206140276
0x3b47,11557,0.000206140276
0x3b49,11557,0.000206140276
0x3b4c,11557,0.000206140276
0x3b4f,11557,0.000206140276
0x3b52,11557,0.000206140276
0x3b55,11557,0.000206140276
0x3b58,11557,0.000206140276
0x3b5b,11557,0.000206140276
