pc,count,frequency
0x0000,1,0.000000028575
0x0001,1,0.000000028575
0x0002,1,0.000000028575
0x0003,1,0.000000028575
0x0004,1,0.000000028575
0x0005,1,0.000000028575
0x0006,1,0.000000028575
0x0007,1,0.000000028575
0x0008,1,0.000000028575
0x000b,1,0.000000028575
0x000d,1,0.000000028575
0x000f,1,0.000000028575
0x0012,1,0.000000028575
0x0015,1,0.000000028575
0x0017,1,0.000000028575
0x001a,19918,0.000569154875
0x001d,19917,0.000569126300
0x0020,19917,0.000569126300
0x0021,19917,0.000569126300
0x0024,3037,0.000086781974
0x0027,3037,0.000086781974
0x002a,3037,0.000086781974
0x002d,16880,0.000482344326
0x002f,16880,0.000482344326
0x0031,16880,0.000482344326
0x0032,16880,0.000482344326
0x0034,16880,0.000482344326
0x0035,16880,0.000482344326
0x0038,16880,0.000482344326
0x0039,16880,0.000482344326
0x003c,16880,0.000482344326
0x003d,16880,0.000482344326
0x0040,7,0.000000200024
0x0043,7,0.000000200024
0x0046,16873,0.000482144302
0x0049,16873,0.000482144302
0x0050,1,0.000000028575
0x0052,1,0.000000028575
0x0054,1,0.000000028575
0x0056,1,0.000000028575
0x0058,1,0.000000028575
0x005a,1,0.000000028575
0x005c,1,0.000000028575
0x005f,1,0.000000028575
0x0061,1,0.000000028575
0x0063,1,0.000000028575
0x0066,1,0.000000028575
0x0068,1,0.000000028575
0x006a,1,0.000000028575
0x006b,2,0.000000057150
0x006e,2,0.000000057150
0x0070,6130,0.000175164142
0x0072,6130,0.000175164142
0x0073,6130,0.000175164142
0x0074,6130,0.000175164142
0x0077,2,0.000000057150
0x0078,1100,0.000031432391
0x007b,1100,0.000031432391
0x0080,2432568,0.069510389362
0x0082,2432568,0.069510389362
0x0083,2432568,0.069510389362
0x0085,2432567,0.069510360788
0x0088,39836,0.001138309749
0x0089,39836,0.001138309749
0x008b,39836,0.001138309749
0x008e,19953,0.000570154996
0x0090,19953,0.000570154996
0x0091,19953,0.000570154996
0x0094,19953,0.000570154996
0x0095,19953,0.000570154996
0x0096,19953,0.000570154996
0x0097,19953,0.000570154996
0x0098,19953,0.000570154996
0x009a,19953,0.000570154996
0x009d,19953,0.000570154996
0x009f,19953,0.000570154996
0x00a0,19953,0.000570154996
0x00a2,19953,0.000570154996
0x00a3,19953,0.000570154996
0x00a6,19953,0.000570154996
0x00a8,19953,0.000570154996
0x00ab,19953,0.000570154996
0x00ac,1,0.000000028575
0x00ae,1,0.000000028575
0x00af,1,0.000000028575
0x00b0,1,0.000000028575
0x00b2,1,0.000000028575
0x00b5,1,0.000000028575
0x00bb,37477,0.001070901558
0x00be,37477,0.001070901558
0x00bf,37477,0.001070901558
0x00c0,37477,0.001070901558
0x00c1,37477,0.001070901558
0x00c2,37477,0.001070901558
0x00c3,37477,0.001070901558
0x00c4,2040,0.000058292798
0x00c5,2040,0.000058292798
0x00c7,2040,0.000058292798
0x00c9,2040,0.000058292798
0x00ca,2040,0.000058292798
0x00cd,2040,0.000058292798
0x00ce,2040,0.000058292798
0x00cf,2040,0.000058292798
0x00d0,2040,0.000058292798
0x00d1,2040,0.000058292798
0x00d2,2040,0.000058292798
0x00d3,2040,0.000058292798
0x00d4,2040,0.000058292798
0x00d6,2040,0.000058292798
0x00d8,2040,0.000058292798
0x00d9,2040,0.000058292798
0x00dc,2040,0.000058292798
0x00dd,2040,0.000058292798
0x00de,2040,0.000058292798
0x00e1,694,0.000019830981
0x00e3,16873,0.000482144302
0x00e6,16873,0.000482144302
0x00e9,16873,0.000482144302
0x00ec,16873,0.000482144302
0x00ef,16873,0.000482144302
0x00f2,16868,0.000482001427
0x00f5,16868,0.000482001427
0x00f8,16868,0.000482001427
0x00fb,16868,0.000482001427
0x00fe,15708,0.000448854542
0x0101,15708,0.000448854542
0x0104,15708,0.000448854542
0x0107,15704,0.000448740243
0x0109,15704,0.000448740243
0x010c,15704,0.000448740243
0x010f,15700,0.000448625943
0x0111,15700,0.000448625943
0x0114,15700,0.000448625943
0x0117,15696,0.000448511643
0x0119,15696,0.000448511643
0x011c,15696,0.000448511643
0x011f,15696,0.000448511643
0x0122,14596,0.000417079253
0x0125,14596,0.000417079253
0x0128,14596,0.000417079253
0x012b,14596,0.000417079253
0x012e,14068,0.000401991705
0x0131,14068,0.000401991705
0x0134,14068,0.000401991705
0x0137,14068,0.000401991705
0x013a,886,0.000025317362
0x0140,18,0.000000514348
0x0143,18,0.000000514348
0x0146,18,0.000000514348
0x0149,18,0.000000514348
0x014c,18,0.000000514348
0x014e,18,0.000000514348
0x014f,18,0.000000514348
0x0151,18,0.000000514348
0x0152,18,0.000000514348
0x0153,18,0.000000514348
0x0154,18,0.000000514348
0x0156,18,0.000000514348
0x0158,18,0.000000514348
0x015b,18,0.000000514348
0x015d,18,0.000000514348
0x015f,18,0.000000514348
0x0161,18,0.000000514348
0x0164,18,0.000000514348
0x0166,18,0.000000514348
0x0167,18,0.000000514348
0x0168,18,0.000000514348
0x016a,18,0.000000514348
0x016b,18,0.000000514348
0x016d,18,0.000000514348
0x016f,18,0.000000514348
0x0172,18,0.000000514348
0x0173,13176,0.000376502893
0x0174,13176,0.000376502893
0x0176,13176,0.000376502893
0x0178,13176,0.000376502893
0x017a,13176,0.000376502893
0x017b,9966,0.000284777462
0x017d,9966,0.000284777462
0x017e,9864,0.000281862822
0x0180,9864,0.000281862822
0x0182,9864,0.000281862822
0x0183,3441,0.000098326234
0x0185,3441,0.000098326234
0x0186,3339,0.000095411594
0x0188,3339,0.000095411594
0x018a,3339,0.000095411594
0x018b,105,0.000003000365
0x018d,105,0.000003000365
0x018e,105,0.000003000365
0x018f,105,0.000003000365
0x0191,105,0.000003000365
0x0192,6,0.000000171449
0x0194,6,0.000000171449
0x0196,2260,0.000064579276
0x0197,2260,0.000064579276
0x0199,2260,0.000064579276
0x019b,2260,0.000064579276
0x019c,1838,0.000052520668
0x019d,1838,0.000052520668
0x019e,1838,0.000052520668
0x01a0,1838,0.000052520668
0x01a1,1838,0.000052520668
0x01a2,1838,0.000052520668
0x01a3,1838,0.000052520668
0x01a5,1838,0.000052520668
0x01a6,1838,0.000052520668
0x01a7,1838,0.000052520668
0x01a8,1838,0.000052520668
0x01ab,1838,0.000052520668
0x01ae,1838,0.000052520668
0x01af,1838,0.000052520668
0x01b0,1838,0.000052520668
0x01b1,1838,0.000052520668
0x01b2,1838,0.000052520668
0x01b3,1838,0.000052520668
0x01b4,1838,0.000052520668
0x01b5,1838,0.000052520668
0x01b6,1838,0.000052520668
0x01b7,1838,0.000052520668
0x01b8,1838,0.000052520668
0x01b9,1838,0.000052520668
0x01ba,1838,0.000052520668
0x01bb,1838,0.000052520668
0x01bd,1838,0.000052520668
0x01be,1838,0.000052520668
0x01c1,22831,0.000652393561
0x01c4,22831,0.000652393561
0x01c5,22831,0.000652393561
0x01c8,1838,0.000052520668
0x01c9,1838,0.000052520668
0x01ca,1838,0.000052520668
0x01d0,4781,0.000136616601
0x01d1,4781,0.000136616601
0x01d2,4781,0.000136616601
0x01d3,4781,0.000136616601
0x01d4,4781,0.000136616601
0x01d6,4781,0.000136616601
0x01d7,4781,0.000136616601
0x01d9,4781,0.000136616601
0x01dc,4781,0.000136616601
0x01dd,4781,0.000136616601
0x01e0,2708,0.000077380831
0x01e1,9,0.000000257174
0x01e4,1032,0.000029489298
0x01e7,1032,0.000029489298
0x01e9,1032,0.000029489298
0x01ed,124306,0.003552031623
0x01ee,124306,0.003552031623
0x01ef,124306,0.003552031623
0x01f0,124306,0.003552031623
0x01f3,124306,0.003552031623
0x01f4,124306,0.003552031623
0x01f7,4781,0.000136616601
0x0200,36826,0.001052299298
0x0201,36826,0.001052299298
0x0202,130,0.000003714737
0x0203,130,0.000003714737
0x0204,130,0.000003714737
0x0205,130,0.000003714737
0x0206,1838,0.000052520668
0x0207,1838,0.000052520668
0x0208,1838,0.000052520668
0x0209,1838,0.000052520668
0x020a,1838,0.000052520668
0x020b,1838,0.000052520668
0x020c,1838,0.000052520668
0x020d,1838,0.000052520668
0x020e,1838,0.000052520668
0x0210,9872,0.000282091421
0x0211,9872,0.000282091421
0x0213,9872,0.000282091421
0x0214,9872,0.000282091421
0x0215,2346,0.000067036717
0x0216,2346,0.000067036717
0x0217,247714,0.007078402984
0x0218,247714,0.007078402984
0x021a,247714,0.007078402984
0x021b,247714,0.007078402984
0x021c,35740,0.001021266956
0x021d,35740,0.001021266956
0x0220,25,0.000000714373
0x0221,25,0.000000714373
0x0222,25,0.000000714373
0x0223,25,0.000000714373
0x0224,25,0.000000714373
0x0225,25,0.000000714373
0x0226,25,0.000000714373
0x0227,25,0.000000714373
0x0228,25,0.000000714373
0x0229,25,0.000000714373
0x022a,25,0.000000714373
0x022b,25,0.000000714373
0x022c,25,0.000000714373
0x022e,25,0.000000714373
0x022f,25,0.000000714373
0x0230,25,0.000000714373
0x0231,25,0.000000714373
0x0232,25,0.000000714373
0x0258,81745,0.002335855268
0x0259,81745,0.002335855268
0x025a,81745,0.002335855268
0x025b,326,0.000009315418
0x025c,326,0.000009315418
0x025d,326,0.000009315418
0x025e,326,0.000009315418
0x025f,326,0.000009315418
0x0260,61228,0.001749584028
0x0263,61228,0.001749584028
0x0264,58990,0.001685633400
0x0267,58990,0.001685633400
0x0270,84727,0.002421065623
0x0271,84727,0.002421065623
0x0272,84727,0.002421065623
0x0273,84727,0.002421065623
0x0274,84727,0.002421065623
0x0275,84727,0.002421065623
0x0276,84727,0.002421065623
0x0277,58990,0.001685633400
0x0278,58990,0.001685633400
0x0279,58990,0.001685633400
0x027a,58990,0.001685633400
0x027b,58990,0.001685633400
0x027c,58990,0.001685633400
0x027d,58990,0.001685633400
0x0288,7,0.000000200024
0x028b,7,0.000000200024
0x028e,7,0.000000200024
0x0290,7,0.000000200024
0x0293,7,0.000000200024
0x0295,7,0.000000200024
0x0298,7,0.000000200024
0x029a,7,0.000000200024
0x02a7,7,0.000000200024
0x02aa,7,0.000000200024
0x02ab,7,0.000000200024
0x02ac,7,0.000000200024
0x02ad,1,0.000000028575
0x02b0,1,0.000000028575
0x02b3,1,0.000000028575
0x02b6,1,0.000000028575
0x02b9,1,0.000000028575
0x02bc,1,0.000000028575
0x02be,1,0.000000028575
0x02c0,1,0.000000028575
0x02c3,1,0.000000028575
0x02c5,1,0.000000028575
0x02c7,1,0.000000028575
0x02cb,1,0.000000028575
0x02cd,1,0.000000028575
0x02cf,1,0.000000028575
0x02d4,1,0.000000028575
0x02d7,1,0.000000028575
0x02d8,1,0.000000028575
0x02db,1,0.000000028575
0x02dd,1,0.000000028575
0x02e3,1,0.000000028575
0x02e5,1,0.000000028575
0x02e6,1,0.000000028575
0x02e7,1,0.000000028575
0x02e8,1,0.000000028575
0x02ea,1,0.000000028575
0x02ed,1,0.000000028575
0x02f0,1,0.000000028575
0x02f3,1,0.000000028575
0x02f6,1,0.000000028575
0x02f9,1,0.000000028575
0x02fc,1,0.000000028575
0x02fe,1,0.000000028575
0x0300,1,0.000000028575
0x0303,1,0.000000028575
0x0306,1,0.000000028575
0x0308,1,0.000000028575
0x030b,1,0.000000028575
0x030d,1,0.000000028575
0x0310,1,0.000000028575
0x0314,27,0.000000771522
0x0315,27,0.000000771522
0x0316,27,0.000000771522
0x0317,27,0.000000771522
0x0318,27,0.000000771522
0x0319,27,0.000000771522
0x031a,27,0.000000771522
0x031b,27,0.000000771522
0x031c,27,0.000000771522
0x031d,27,0.000000771522
0x031e,27,0.000000771522
0x0320,2,0.000000057150
0x0321,2,0.000000057150
0x0322,2,0.000000057150
0x0323,2,0.000000057150
0x0324,2,0.000000057150
0x0325,2,0.000000057150
0x0326,2,0.000000057150
0x0327,2,0.000000057150
0x0328,2,0.000000057150
0x0329,2,0.000000057150
0x032a,2,0.000000057150
0x032e,1,0.000000028575
0x0331,8,0.000000228599
0x0333,8,0.000000228599
0x0334,8,0.000000228599
0x0335,8,0.000000228599
0x0337,8,0.000000228599
0x033a,1,0.000000028575
0x033c,1,0.000000028575
0x033f,1,0.000000028575
0x0341,1,0.000000028575
0x0344,1,0.000000028575
0x0346,1,0.000000028575
0x0349,1,0.000000028575
0x034b,1,0.000000028575
0x034e,1,0.000000028575
0x0350,1,0.000000028575
0x0353,1,0.000000028575
0x0355,1,0.000000028575
0x0357,1,0.000000028575
0x0358,1,0.000000028575
0x035b,1,0.000000028575
0x035c,1,0.000000028575
0x035e,1,0.000000028575
0x035f,1,0.000000028575
0x0361,1,0.000000028575
0x0367,4,0.000000114300
0x0369,4,0.000000114300
0x036a,4,0.000000114300
0x036c,4,0.000000114300
0x036f,4,0.000000114300
0x0370,4,0.000000114300
0x0371,4,0.000000114300
0x0373,4,0.000000114300
0x0376,4,0.000000114300
0x0377,16880,0.000482344326
0x037a,16880,0.000482344326
0x037b,16880,0.000482344326
0x037c,16880,0.000482344326
0x037d,16880,0.000482344326
0x0380,37,0.000001057271
0x0383,37,0.000001057271
0x0386,37,0.000001057271
0x0389,13468,0.000384846764
0x038a,13468,0.000384846764
0x038b,13468,0.000384846764
0x038c,13468,0.000384846764
0x038d,13468,0.000384846764
0x038e,13468,0.000384846764
0x038f,13468,0.000384846764
0x0390,13468,0.000384846764
0x0393,962,0.000027489055
0x0394,962,0.000027489055
0x0395,962,0.000027489055
0x0396,962,0.000027489055
0x0397,962,0.000027489055
0x0398,962,0.000027489055
0x0399,962,0.000027489055
0x039a,962,0.000027489055
0x039d,37,0.000001057271
0x03a0,124,0.000003543288
0x03a3,124,0.000003543288
0x03a6,51584,0.001474007684
0x03a7,51584,0.001474007684
0x03a8,51584,0.001474007684
0x03a9,51584,0.001474007684
0x03aa,51584,0.001474007684
0x03ab,51584,0.001474007684
0x03ac,51584,0.001474007684
0x03af,124,0.000003543288
0x03b0,13182,0.000376674343
0x03b3,13182,0.000376674343
0x03b6,13182,0.000376674343
0x03b9,10320,0.000294892977
0x03bc,10320,0.000294892977
0x03bf,10317,0.000294807252
0x03c2,10317,0.000294807252
0x03c5,10317,0.000294807252
0x03c8,7440,0.000212597262
0x03cb,7440,0.000212597262
0x03ce,13176,0.000376502893
0x03d1,13176,0.000376502893
0x03d4,13176,0.000376502893
0x03d5,13176,0.000376502893
0x03d7,13176,0.000376502893
0x03d8,13176,0.000376502893
0x03d9,13176,0.000376502893
0x03e2,3,0.000000085725
0x03e5,3,0.000000085725
0x03e8,3,0.000000085725
0x03eb,3,0.000000085725
0x03ee,3,0.000000085725
0x03f1,6,0.000000171449
0x03f4,6,0.000000171449
0x03f5,6,0.000000171449
0x03f7,6,0.000000171449
0x03f8,6,0.000000171449
0x03fa,6,0.000000171449
0x03fb,6,0.000000171449
0x03fc,6,0.000000171449
0x03fd,6,0.000000171449
0x0400,16213,0.000463284867
0x0403,16213,0.000463284867
0x0406,16213,0.000463284867
0x0407,16213,0.000463284867
0x0408,16213,0.000463284867
0x0409,16213,0.000463284867
0x040a,16213,0.000463284867
0x040b,16213,0.000463284867
0x040c,16213,0.000463284867
0x040d,16213,0.000463284867
0x041e,36,0.000001028696
0x0421,36,0.000001028696
0x0423,36,0.000001028696
0x0424,36,0.000001028696
0x0427,36,0.000001028696
0x0429,36,0.000001028696
0x042a,36,0.000001028696
0x042d,36,0.000001028696
0x0430,6,0.000000171449
0x0433,6,0.000000171449
0x0435,6,0.000000171449
0x0436,6,0.000000171449
0x0438,6,0.000000171449
0x043a,6,0.000000171449
0x043b,6,0.000000171449
0x043d,6,0.000000171449
0x043f,6,0.000000171449
0x0440,2,0.000000057150
0x0441,2,0.000000057150
0x0442,2,0.000000057150
0x0443,2,0.000000057150
0x0445,2,0.000000057150
0x04ac,1290,0.000036861622
0x04af,1290,0.000036861622
0x04b0,1290,0.000036861622
0x04b1,1290,0.000036861622
0x04b2,1290,0.000036861622
0x04b4,1290,0.000036861622
0x04b5,1290,0.000036861622
0x04b6,1278,0.000036518723
0x04b8,1278,0.000036518723
0x04ba,1278,0.000036518723
0x04bd,1272,0.000036347274
0x04bf,1272,0.000036347274
0x04c1,1272,0.000036347274
0x04c2,1272,0.000036347274
0x04c4,1272,0.000036347274
0x04c6,1272,0.000036347274
0x04c9,645,0.000018430811
0x04cc,645,0.000018430811
0x04cd,645,0.000018430811
0x04d0,645,0.000018430811
0x04d1,645,0.000018430811
0x04d2,645,0.000018430811
0x04d4,645,0.000018430811
0x04d7,645,0.000018430811
0x04df,645,0.000018430811
0x04e1,645,0.000018430811
0x04e4,645,0.000018430811
0x04e6,627,0.000017916463
0x04e9,627,0.000017916463
0x04ea,627,0.000017916463
0x04eb,627,0.000017916463
0x04ee,627,0.000017916463
0x04f4,627,0.000017916463
0x04f6,627,0.000017916463
0x04f9,627,0.000017916463
0x04fb,3762,0.000107498777
0x04fd,3762,0.000107498777
0x04fe,3762,0.000107498777
0x0501,3762,0.000107498777
0x0502,3762,0.000107498777
0x0505,627,0.000017916463
0x0506,30,0.000000857247
0x0509,30,0.000000857247
0x050b,30,0.000000857247
0x050e,30,0.000000857247
0x0511,30,0.000000857247
0x0514,30,0.000000857247
0x0515,30,0.000000857247
0x0518,30,0.000000857247
0x051b,30,0.000000857247
0x051d,30,0.000000857247
0x0520,30,0.000000857247
0x0523,30,0.000000857247
0x0526,30,0.000000857247
0x0529,30,0.000000857247
0x052c,30,0.000000857247
0x052f,30,0.000000857247
0x0532,30,0.000000857247
0x0535,30,0.000000857247
0x0537,30,0.000000857247
0x053a,30,0.000000857247
0x053d,30,0.000000857247
0x0540,30,0.000000857247
0x0543,30,0.000000857247
0x0547,30,0.000000857247
0x054a,30,0.000000857247
0x054d,30,0.000000857247
0x054f,30,0.000000857247
0x0552,30,0.000000857247
0x0555,30,0.000000857247
0x0557,30,0.000000857247
0x055a,30,0.000000857247
0x0580,34,0.000000971547
0x0583,34,0.000000971547
0x0586,34,0.000000971547
0x0588,34,0.000000971547
0x0589,34,0.000000971547
0x058a,34,0.000000971547
0x058b,34,0.000000971547
0x058d,34,0.000000971547
0x0590,34,0.000000971547
0x0592,34,0.000000971547
0x0595,34,0.000000971547
0x05d8,174,0.000004972033
0x05d9,8028,0.000229399304
0x05da,8028,0.000229399304
0x05db,8028,0.000229399304
0x05dc,8028,0.000229399304
0x05df,174,0.000004972033
0x05e0,1752,0.000050063226
0x05e1,1752,0.000050063226
0x05e2,1752,0.000050063226
0x05e3,1752,0.000050063226
0x05e4,1752,0.000050063226
0x05e5,1752,0.000050063226
0x05e8,70,0.000002000243
0x05ec,30,0.000000857247
0x05ef,30,0.000000857247
0x05f2,30,0.000000857247
0x05f4,30,0.000000857247
0x05f5,30,0.000000857247
0x05f6,30,0.000000857247
0x05f7,30,0.000000857247
0x05f8,30,0.000000857247
0x05f9,30,0.000000857247
0x05fa,198,0.000005657830
0x05fd,198,0.000005657830
0x0600,198,0.000005657830
0x0601,198,0.000005657830
0x0602,198,0.000005657830
0x0603,3051,0.000087182022
0x0604,3051,0.000087182022
0x0605,3051,0.000087182022
0x0606,3051,0.000087182022
0x0607,3051,0.000087182022
0x0608,3051,0.000087182022
0x0609,3051,0.000087182022
0x060a,3051,0.000087182022
0x060d,192,0.000005486381
0x0610,30,0.000000857247
0x0613,30,0.000000857247
0x0616,30,0.000000857247
0x0617,30,0.000000857247
0x0619,30,0.000000857247
0x061a,30,0.000000857247
0x061b,30,0.000000857247
0x061c,30,0.000000857247
0x061d,30,0.000000857247
0x061e,30,0.000000857247
0x061f,30,0.000000857247
0x0621,30,0.000000857247
0x0624,30,0.000000857247
0x0627,30,0.000000857247
0x0628,30,0.000000857247
0x0629,30,0.000000857247
0x062a,363,0.000010372689
0x062b,363,0.000010372689
0x062c,363,0.000010372689
0x062d,363,0.000010372689
0x062e,363,0.000010372689
0x062f,363,0.000010372689
0x0630,363,0.000010372689
0x0631,363,0.000010372689
0x0632,363,0.000010372689
0x0633,363,0.000010372689
0x0634,363,0.000010372689
0x0635,363,0.000010372689
0x0638,24,0.000000685798
0x0650,30,0.000000857247
0x0653,30,0.000000857247
0x0656,30,0.000000857247
0x0658,30,0.000000857247
0x0659,30,0.000000857247
0x065a,30,0.000000857247
0x065b,30,0.000000857247
0x065c,30,0.000000857247
0x065d,30,0.000000857247
0x065e,30,0.000000857247
0x0661,30,0.000000857247
0x0664,30,0.000000857247
0x0665,30,0.000000857247
0x0666,30,0.000000857247
0x0667,363,0.000010372689
0x0668,363,0.000010372689
0x0669,363,0.000010372689
0x066a,363,0.000010372689
0x066b,363,0.000010372689
0x066c,363,0.000010372689
0x066f,24,0.000000685798
0x067a,4358,0.000124529418
0x067d,4358,0.000124529418
0x067e,4358,0.000124529418
0x067f,4358,0.000124529418
0x0682,4358,0.000124529418
0x0684,4358,0.000124529418
0x0685,550,0.000015716195
0x0688,550,0.000015716195
0x068b,550,0.000015716195
0x068c,550,0.000015716195
0x068d,550,0.000015716195
0x068e,550,0.000015716195
0x068f,550,0.000015716195
0x0691,550,0.000015716195
0x0692,550,0.000015716195
0x0693,550,0.000015716195
0x0695,550,0.000015716195
0x0696,550,0.000015716195
0x0697,550,0.000015716195
0x0698,550,0.000015716195
0x0699,14319,0.000409164005
0x069a,14319,0.000409164005
0x069b,14319,0.000409164005
0x069c,14319,0.000409164005
0x069d,14319,0.000409164005
0x069e,14319,0.000409164005
0x069f,14319,0.000409164005
0x06a2,2200,0.000062864782
0x06a3,2200,0.000062864782
0x06a4,2200,0.000062864782
0x06a5,2200,0.000062864782
0x06a8,550,0.000015716195
0x06a9,550,0.000015716195
0x06ac,550,0.000015716195
0x06b0,3959,0.000113128032
0x06b3,3959,0.000113128032
0x06b6,3959,0.000113128032
0x06b7,3959,0.000113128032
0x06b8,3959,0.000113128032
0x06b9,22,0.000000628648
0x06ba,22,0.000000628648
0x06bb,22,0.000000628648
0x06bc,22,0.000000628648
0x06bd,22,0.000000628648
0x06be,22,0.000000628648
0x06bf,22,0.000000628648
0x06c0,22,0.000000628648
0x06c1,22,0.000000628648
0x06c2,22,0.000000628648
0x06c3,22,0.000000628648
0x06c4,22,0.000000628648
0x06c5,22,0.000000628648
0x06c8,22,0.000000628648
0x06ca,22,0.000000628648
0x06cb,22,0.000000628648
0x06cc,22,0.000000628648
0x06cd,22,0.000000628648
0x06cf,22,0.000000628648
0x06d0,22,0.000000628648
0x06d1,22,0.000000628648
0x06d2,22,0.000000628648
0x06d3,22,0.000000628648
0x06d4,22,0.000000628648
0x06d5,22,0.000000628648
0x06d7,22,0.000000628648
0x06d8,22,0.000000628648
0x06da,22,0.000000628648
0x06db,22,0.000000628648
0x06de,22,0.000000628648
0x06df,22,0.000000628648
0x06e1,22,0.000000628648
0x06e2,22,0.000000628648
0x06e3,22,0.000000628648
0x06e4,22,0.000000628648
0x06e7,22,0.000000628648
0x06e8,645,0.000018430811
0x06eb,645,0.000018430811
0x06ed,645,0.000018430811
0x06f0,3959,0.000113128032
0x06f3,3959,0.000113128032
0x06f6,3959,0.000113128032
0x0700,10828,0.000309409026
0x0703,10828,0.000309409026
0x0706,32484,0.000928227079
0x0709,32484,0.000928227079
0x070a,32484,0.000928227079
0x070c,32484,0.000928227079
0x070d,32484,0.000928227079
0x070f,32484,0.000928227079
0x0710,32484,0.000928227079
0x0711,32484,0.000928227079
0x0713,32484,0.000928227079
0x0716,10828,0.000309409026
0x0718,110109,0.003146353756
0x071b,110109,0.003146353756
0x0720,110109,0.003146353756
0x0721,110109,0.003146353756
0x0722,110109,0.003146353756
0x0724,110109,0.003146353756
0x0725,48093,0.001374252706
0x0726,48093,0.001374252706
0x0728,48093,0.001374252706
0x0729,48093,0.001374252706
0x072a,48093,0.001374252706
0x072b,48093,0.001374252706
0x072c,48093,0.001374252706
0x072e,48093,0.001374252706
0x0730,48093,0.001374252706
0x0731,48093,0.001374252706
0x0733,48093,0.001374252706
0x0734,48093,0.001374252706
0x0740,110109,0.003146353756
0x0741,110109,0.003146353756
0x0742,110109,0.003146353756
0x0744,110109,0.003146353756
0x0745,50922,0.001455091100
0x0746,50922,0.001455091100
0x0748,50922,0.001455091100
0x0749,50922,0.001455091100
0x074a,50922,0.001455091100
0x074b,50922,0.001455091100
0x074c,50922,0.001455091100
0x074d,50922,0.001455091100
0x074f,50922,0.001455091100
0x0750,50922,0.001455091100
0x0751,50922,0.001455091100
0x0752,50922,0.001455091100
0x0754,50922,0.001455091100
0x0755,50922,0.001455091100
0x0757,50922,0.001455091100
0x0758,50922,0.001455091100
0x0763,7803,0.000222969951
0x0764,7803,0.000222969951
0x0765,7803,0.000222969951
0x0766,7803,0.000222969951
0x0767,7803,0.000222969951
0x0768,7803,0.000222969951
0x0769,7803,0.000222969951
0x076a,7803,0.000222969951
0x076b,7803,0.000222969951
0x076d,10523,0.000300693681
0x076e,10523,0.000300693681
0x076f,10523,0.000300693681
0x0770,10523,0.000300693681
0x0771,10523,0.000300693681
0x0772,10523,0.000300693681
0x0773,10523,0.000300693681
0x0774,10523,0.000300693681
0x0775,10523,0.000300693681
0x0776,10523,0.000300693681
0x0779,23890,0.000682654381
0x077a,23890,0.000682654381
0x077b,23890,0.000682654381
0x077c,23890,0.000682654381
0x077d,23890,0.000682654381
0x077e,23890,0.000682654381
0x077f,23890,0.000682654381
0x0780,23890,0.000682654381
0x0783,23890,0.000682654381
0x0784,23890,0.000682654381
0x0785,23890,0.000682654381
0x0786,23890,0.000682654381
0x0788,23971,0.000684968948
0x0789,23971,0.000684968948
0x078a,23971,0.000684968948
0x078b,23971,0.000684968948
0x078c,23971,0.000684968948
0x078d,23971,0.000684968948
0x078e,23971,0.000684968948
0x078f,23971,0.000684968948
0x0790,23971,0.000684968948
0x0792,23971,0.000684968948
0x0793,23971,0.000684968948
0x0794,23971,0.000684968948
0x0795,23971,0.000684968948
0x0798,23971,0.000684968948
0x0799,23971,0.000684968948
0x079a,23971,0.000684968948
0x079b,23971,0.000684968948
0x079e,2247,0.000064207802
0x079f,2247,0.000064207802
0x07a0,2247,0.000064207802
0x07a1,2247,0.000064207802
0x07a2,2247,0.000064207802
0x07a3,2247,0.000064207802
0x07a4,2247,0.000064207802
0x07a5,2247,0.000064207802
0x07a6,2247,0.000064207802
0x07a7,2247,0.000064207802
0x07a8,2247,0.000064207802
0x07aa,2251,0.000064322102
0x07ab,2251,0.000064322102
0x07ac,2251,0.000064322102
0x07ad,2251,0.000064322102
0x07ae,2251,0.000064322102
0x07af,2251,0.000064322102
0x07b0,2251,0.000064322102
0x07b1,2251,0.000064322102
0x07b2,2251,0.000064322102
0x07b4,2251,0.000064322102
0x07b5,2251,0.000064322102
0x07b6,2251,0.000064322102
0x07b7,2251,0.000064322102
0x07b8,2251,0.000064322102
0x07b9,2251,0.000064322102
0x07ba,2251,0.000064322102
0x07bb,2251,0.000064322102
0x07be,14153,0.000404420571
0x07bf,14153,0.000404420571
0x07c0,14153,0.000404420571
0x07c1,14153,0.000404420571
0x07c2,14153,0.000404420571
0x07c3,14153,0.000404420571
0x07c4,14153,0.000404420571
0x07c5,14153,0.000404420571
0x07c6,14153,0.000404420571
0x07c7,14153,0.000404420571
0x07ca,14153,0.000404420571
0x07cb,14153,0.000404420571
0x07cc,14153,0.000404420571
0x07cd,14153,0.000404420571
0x07ce,14153,0.000404420571
0x07cf,14153,0.000404420571
0x07d2,14177,0.000405106369
0x07d3,14177,0.000405106369
0x07d4,14177,0.000405106369
0x07d5,14177,0.000405106369
0x07d6,14177,0.000405106369
0x07d7,14177,0.000405106369
0x07d8,14177,0.000405106369
0x07d9,14177,0.000405106369
0x07da,14177,0.000405106369
0x07dc,14199,0.000405735017
0x07dd,14199,0.000405735017
0x07de,14199,0.000405735017
0x07df,14199,0.000405735017
0x07e0,14199,0.000405735017
0x07e1,14199,0.000405735017
0x07e2,14199,0.000405735017
0x07e3,14199,0.000405735017
0x07e4,14199,0.000405735017
0x07e7,14199,0.000405735017
0x07e8,14199,0.000405735017
0x07e9,14199,0.000405735017
0x07ea,14199,0.000405735017
0x07eb,14199,0.000405735017
0x07ec,14199,0.000405735017
0x07ed,14199,0.000405735017
0x07ee,14199,0.000405735017
0x07f0,6,0.000000171449
0x07f3,6,0.000000171449
0x07f6,6,0.000000171449
0x07f9,6,0.000000171449
0x0800,12701,0.000362929815
0x0803,12701,0.000362929815
0x0806,12701,0.000362929815
0x0807,12701,0.000362929815
0x0809,12701,0.000362929815
0x080a,12701,0.000362929815
0x080b,12701,0.000362929815
0x080c,12701,0.000362929815
0x080d,12701,0.000362929815
0x080e,12701,0.000362929815
0x080f,12701,0.000362929815
0x0834,1324,0.000037833169
0x0837,1324,0.000037833169
0x083a,1324,0.000037833169
0x083b,1324,0.000037833169
0x083c,1324,0.000037833169
0x083e,1324,0.000037833169
0x083f,168,0.000004800583
0x0842,168,0.000004800583
0x0845,168,0.000004800583
0x0848,381,0.000010887037
0x084b,381,0.000010887037
0x084c,381,0.000010887037
0x084d,381,0.000010887037
0x084e,11,0.000000314324
0x0850,11,0.000000314324
0x0851,11,0.000000314324
0x0853,11,0.000000314324
0x0855,11,0.000000314324
0x085a,168,0.000004800583
0x085d,168,0.000004800583
0x085f,168,0.000004800583
0x0860,136,0.000003886187
0x0862,136,0.000003886187
0x0864,136,0.000003886187
0x0865,104,0.000002971790
0x0867,104,0.000002971790
0x0869,104,0.000002971790
0x086a,72,0.000002057393
0x086c,72,0.000002057393
0x086e,72,0.000002057393
0x086f,40,0.000001142996
0x0871,40,0.000001142996
0x0876,10828,0.000309409026
0x0879,10828,0.000309409026
0x087c,10828,0.000309409026
0x087f,10828,0.000309409026
0x0882,10828,0.000309409026
0x0885,10828,0.000309409026
0x0886,10828,0.000309409026
0x0889,10828,0.000309409026
0x088b,59549,0.001701606770
0x088c,59549,0.001701606770
0x088d,59549,0.001701606770
0x088e,59549,0.001701606770
0x088f,59549,0.001701606770
0x0890,59549,0.001701606770
0x0891,59549,0.001701606770
0x0892,59549,0.001701606770
0x0893,59549,0.001701606770
0x0894,59549,0.001701606770
0x0897,16241,0.000464084964
0x08a0,10828,0.000309409026
0x08a3,10828,0.000309409026
0x08a6,10828,0.000309409026
0x08a9,10828,0.000309409026
0x08ac,10828,0.000309409026
0x08ae,10828,0.000309409026
0x08b0,10828,0.000309409026
0x08b1,390,0.000011144211
0x08b4,390,0.000011144211
0x08b7,390,0.000011144211
0x08c4,10828,0.000309409026
0x08c7,10828,0.000309409026
0x08c8,10828,0.000309409026
0x08ca,10828,0.000309409026
0x08cd,10642,0.000304094095
0x08cf,10642,0.000304094095
0x08d0,10642,0.000304094095
0x08d1,10642,0.000304094095
0x08d4,10066,0.000287634952
0x08d6,10066,0.000287634952
0x08d9,10066,0.000287634952
0x08dc,3,0.000000085725
0x08de,3,0.000000085725
0x08e0,3,0.000000085725
0x08e2,3,0.000000085725
0x08e3,3,0.000000085725
0x08e5,3,0.000000085725
0x08e6,3,0.000000085725
0x08e8,3,0.000000085725
0x08ea,579,0.000016544868
0x08eb,10642,0.000304094095
0x08ed,10642,0.000304094095
0x08f0,10642,0.000304094095
0x08f3,10642,0.000304094095
0x0900,10642,0.000304094095
0x0903,10642,0.000304094095
0x0904,10642,0.000304094095
0x0906,10642,0.000304094095
0x0907,9369,0.000267718246
0x0909,9369,0.000267718246
0x090c,4623,0.000132101767
0x090d,4623,0.000132101767
0x090f,4623,0.000132101767
0x0910,4617,0.000131930317
0x0911,4617,0.000131930317
0x0913,4617,0.000131930317
0x0916,4617,0.000131930317
0x0917,4746,0.000135616479
0x0918,4746,0.000135616479
0x091a,4746,0.000135616479
0x091b,4746,0.000135616479
0x091c,4746,0.000135616479
0x091e,4746,0.000135616479
0x0921,4746,0.000135616479
0x0926,10917,0.000311952192
0x0927,10917,0.000311952192
0x0929,10917,0.000311952192
0x092a,10917,0.000311952192
0x092b,10917,0.000311952192
0x092c,10917,0.000311952192
0x092d,10917,0.000311952192
0x092e,10917,0.000311952192
0x0930,11218,0.000320553238
0x0931,11218,0.000320553238
0x0933,11218,0.000320553238
0x0936,7458,0.000213111610
0x0937,7458,0.000213111610
0x0939,7458,0.000213111610
0x093c,7458,0.000213111610
0x093d,275,0.000007858098
0x093e,275,0.000007858098
0x0940,275,0.000007858098
0x0941,275,0.000007858098
0x0942,275,0.000007858098
0x0944,275,0.000007858098
0x0945,275,0.000007858098
0x0946,275,0.000007858098
0x0947,275,0.000007858098
0x094a,275,0.000007858098
0x094c,275,0.000007858098
0x094d,275,0.000007858098
0x094e,275,0.000007858098
0x0951,275,0.000007858098
0x0953,275,0.000007858098
0x0954,275,0.000007858098
0x0955,275,0.000007858098
0x0956,275,0.000007858098
0x0959,275,0.000007858098
0x095c,275,0.000007858098
0x095e,275,0.000007858098
0x0961,275,0.000007858098
0x0964,3760,0.000107441627
0x0965,3760,0.000107441627
0x0966,3760,0.000107441627
0x0967,3760,0.000107441627
0x0968,3760,0.000107441627
0x096a,3760,0.000107441627
0x096b,3760,0.000107441627
0x096d,3760,0.000107441627
0x096e,203,0.000005800705
0x096f,203,0.000005800705
0x0970,203,0.000005800705
0x0971,203,0.000005800705
0x0972,203,0.000005800705
0x0974,203,0.000005800705
0x0975,203,0.000005800705
0x097a,10828,0.000309409026
0x097d,10828,0.000309409026
0x097e,10828,0.000309409026
0x0980,10828,0.000309409026
0x0981,10828,0.000309409026
0x0984,10828,0.000309409026
0x0985,10828,0.000309409026
0x0986,10828,0.000309409026
0x0987,10828,0.000309409026
0x0988,10828,0.000309409026
0x098b,10828,0.000309409026
0x098c,10828,0.000309409026
0x098d,10828,0.000309409026
0x098e,10828,0.000309409026
0x0991,10828,0.000309409026
0x09a0,10858,0.000310266273
0x09a3,10858,0.000310266273
0x09a6,32574,0.000930798820
0x09a9,32574,0.000930798820
0x09aa,32574,0.000930798820
0x09ab,32574,0.000930798820
0x09ac,32574,0.000930798820
0x09ad,32574,0.000930798820
0x09ae,32574,0.000930798820
0x09af,32574,0.000930798820
0x09b0,32574,0.000930798820
0x09b2,32574,0.000930798820
0x09b5,10858,0.000310266273
0x09ba,89708,0.002563397204
0x09bd,89708,0.002563397204
0x09be,89708,0.002563397204
0x09c0,89708,0.002563397204
0x09c1,89708,0.002563397204
0x09c2,89708,0.002563397204
0x09c3,89708,0.002563397204
0x09c4,89708,0.002563397204
0x09c5,89708,0.002563397204
0x09c6,89708,0.002563397204
0x09c7,89708,0.002563397204
0x09c8,89708,0.002563397204
0x09c9,89708,0.002563397204
0x09ca,89708,0.002563397204
0x09cc,89708,0.002563397204
0x09cd,89708,0.002563397204
0x09ce,89708,0.002563397204
0x09cf,89708,0.002563397204
0x09d0,89708,0.002563397204
0x09d1,89708,0.002563397204
0x0a50,2528,0.000072237349
0x0a53,2528,0.000072237349
0x0a56,50560,0.001444746986
0x0a57,50560,0.001444746986
0x0a5a,50560,0.001444746986
0x0a5b,50560,0.001444746986
0x0a5c,50560,0.001444746986
0x0a5e,50560,0.001444746986
0x0a5f,50560,0.001444746986
0x0a61,50560,0.001444746986
0x0a62,50560,0.001444746986
0x0a63,50560,0.001444746986
0x0a64,50560,0.001444746986
0x0a67,2528,0.000072237349
0x0a6c,2383,0.000068093989
0x0a6f,2383,0.000068093989
0x0a72,47660,0.001361879774
0x0a73,47660,0.001361879774
0x0a74,47660,0.001361879774
0x0a75,47660,0.001361879774
0x0a77,47660,0.001361879774
0x0a7a,30069,0.000859218693
0x0a7b,30069,0.000859218693
0x0a7c,30069,0.000859218693
0x0a7d,30069,0.000859218693
0x0a7e,30069,0.000859218693
0x0a7f,30069,0.000859218693
0x0a80,30069,0.000859218693
0x0a81,30069,0.000859218693
0x0a82,30069,0.000859218693
0x0a83,30069,0.000859218693
0x0a84,30069,0.000859218693
0x0a85,30069,0.000859218693
0x0a86,30069,0.000859218693
0x0a87,30069,0.000859218693
0x0a8a,47660,0.001361879774
0x0a8b,47660,0.001361879774
0x0a8c,47660,0.001361879774
0x0a8d,47660,0.001361879774
0x0a8f,47660,0.001361879774
0x0a90,47660,0.001361879774
0x0a91,47660,0.001361879774
0x0a93,47660,0.001361879774
0x0a94,47660,0.001361879774
0x0a96,47660,0.001361879774
0x0a99,2383,0.000068093989
0x0aa0,186,0.000005314932
0x0aa2,186,0.000005314932
0x0aa3,186,0.000005314932
0x0aa4,186,0.000005314932
0x0aa5,186,0.000005314932
0x0aa8,186,0.000005314932
0x0aa9,186,0.000005314932
0x0aac,186,0.000005314932
0x0aae,186,0.000005314932
0x0aaf,186,0.000005314932
0x0ab0,186,0.000005314932
0x0ab3,186,0.000005314932
0x0ab5,186,0.000005314932
0x0ab8,183,0.000005229207
0x0abb,183,0.000005229207
0x0abd,183,0.000005229207
0x0abe,183,0.000005229207
0x0abf,183,0.000005229207
0x0ac0,183,0.000005229207
0x0ac1,183,0.000005229207
0x0ad6,5904,0.000168706215
0x0ad7,5904,0.000168706215
0x0ad8,23616,0.000674824858
0x0ad9,23616,0.000674824858
0x0ada,23616,0.000674824858
0x0adb,23616,0.000674824858
0x0adc,23616,0.000674824858
0x0add,23616,0.000674824858
0x0ae0,5904,0.000168706215
0x0ae1,5904,0.000168706215
0x0ae2,5904,0.000168706215
0x0ae5,5904,0.000168706215
0x0ae6,5904,0.000168706215
0x0ae9,2574,0.000073551795
0x0aea,1152,0.000032918286
0x0aed,1152,0.000032918286
0x0aee,1152,0.000032918286
0x0af0,1152,0.000032918286
0x0af1,1152,0.000032918286
0x0af4,1152,0.000032918286
0x0af6,1152,0.000032918286
0x0af7,1152,0.000032918286
0x0af8,1152,0.000032918286
0x0af9,1152,0.000032918286
0x0afc,1152,0.000032918286
0x0afd,1152,0.000032918286
0x0afe,1152,0.000032918286
0x0b00,1152,0.000032918286
0x0b01,1152,0.000032918286
0x0b02,1152,0.000032918286
0x0b05,1140,0.000032575387
0x0b07,1140,0.000032575387
0x0b0a,768,0.000021945524
0x0b0d,756,0.000021602625
0x0b15,12,0.000000342899
0x0b16,12,0.000000342899
0x0b18,12,0.000000342899
0x0b19,12,0.000000342899
0x0b1a,12,0.000000342899
0x0b1c,12,0.000000342899
0x0b1d,12,0.000000342899
0x0b1e,12,0.000000342899
0x0b1f,12,0.000000342899
0x0b20,3,0.000000085725
0x0b21,3,0.000000085725
0x0b22,3,0.000000085725
0x0b25,3,0.000000085725
0x0b26,3,0.000000085725
0x0b27,3,0.000000085725
0x0b28,3,0.000000085725
0x0b29,2,0.000000057150
0x0b2b,2,0.000000057150
0x0b2d,2,0.000000057150
0x0b48,3,0.000000085725
0x0b4b,3,0.000000085725
0x0b4e,3,0.000000085725
0x0b50,3,0.000000085725
0x0b51,3,0.000000085725
0x0b53,3,0.000000085725
0x0b54,3,0.000000085725
0x0b55,3,0.000000085725
0x0b57,3,0.000000085725
0x0b59,3,0.000000085725
0x0b5a,3,0.000000085725
0x0b60,1034,0.000029546447
0x0b63,1034,0.000029546447
0x0b64,1034,0.000029546447
0x0b65,1034,0.000029546447
0x0b67,1034,0.000029546447
0x0b6a,1027,0.000029346423
0x0b6d,1027,0.000029346423
0x0b6f,1027,0.000029346423
0x0b71,1027,0.000029346423
0x0b74,4,0.000000114300
0x0b77,4,0.000000114300
0x0b79,4,0.000000114300
0x0b7b,4,0.000000114300
0x0b7c,4,0.000000114300
0x0b7d,4,0.000000114300
0x0b7e,4,0.000000114300
0x0b7f,4,0.000000114300
0x0b80,4,0.000000114300
0x0b82,4,0.000000114300
0x0b83,4,0.000000114300
0x0b84,4,0.000000114300
0x0b85,4,0.000000114300
0x0b87,4,0.000000114300
0x0b88,4,0.000000114300
0x0b89,4,0.000000114300
0x0b8a,4,0.000000114300
0x0b8b,4,0.000000114300
0x0b95,1023,0.000029232124
0x0b98,1023,0.000029232124
0x0b9b,1023,0.000029232124
0x0ba0,372,0.000010629863
0x0ba3,372,0.000010629863
0x0ba4,372,0.000010629863
0x0ba6,372,0.000010629863
0x0ba8,372,0.000010629863
0x0ba9,186,0.000005314932
0x0bab,186,0.000005314932
0x0bac,93,0.000002657466
0x0bad,93,0.000002657466
0x0bae,93,0.000002657466
0x0baf,93,0.000002657466
0x0bb2,93,0.000002657466
0x0bba,756,0.000021602625
0x0bbb,756,0.000021602625
0x0bbc,756,0.000021602625
0x0bbf,384,0.000010972762
0x0bc0,384,0.000010972762
0x0bc1,384,0.000010972762
0x0bc4,192,0.000005486381
0x0bca,4,0.000000114300
0x0bcd,4,0.000000114300
0x0bd0,4,0.000000114300
0x0bd2,4,0.000000114300
0x0bd3,4,0.000000114300
0x0bd4,4,0.000000114300
0x0bd6,4,0.000000114300
0x0bd9,4,0.000000114300
0x0bdc,4,0.000000114300
0x0bdf,4,0.000000114300
0x0be2,4,0.000000114300
0x0be5,4,0.000000114300
0x0be8,4,0.000000114300
0x0beb,4,0.000000114300
0x0bee,4,0.000000114300
0x0bf1,4,0.000000114300
0x0c00,6,0.000000171449
0x0c01,6,0.000000171449
0x0c02,6,0.000000171449
0x0c04,6,0.000000171449
0x0c05,6,0.000000171449
0x0c07,6,0.000000171449
0x0c08,6,0.000000171449
0x0c09,6,0.000000171449
0x0c0a,6,0.000000171449
0x0c0b,6,0.000000171449
0x0c0c,6,0.000000171449
0x0c0f,6,0.000000171449
0x0c10,6,0.000000171449
0x0c11,6,0.000000171449
0x0c13,6,0.000000171449
0x0c16,5,0.000000142875
0x0c18,5,0.000000142875
0x0c40,5413,0.000154675938
0x0c43,5413,0.000154675938
0x0c45,5413,0.000154675938
0x0c48,5413,0.000154675938
0x0c4b,5413,0.000154675938
0x0c4e,5413,0.000154675938
0x0c51,5413,0.000154675938
0x0c56,5413,0.000154675938
0x0c59,27065,0.000773379691
0x0c5a,27065,0.000773379691
0x0c5d,27065,0.000773379691
0x0c5e,27065,0.000773379691
0x0c5f,27065,0.000773379691
0x0c61,27065,0.000773379691
0x0c62,27065,0.000773379691
0x0c64,27065,0.000773379691
0x0c67,5413,0.000154675938
0x0c6b,5413,0.000154675938
0x0c6e,5413,0.000154675938
0x0c71,27065,0.000773379691
0x0c74,27065,0.000773379691
0x0c75,27065,0.000773379691
0x0c76,27065,0.000773379691
0x0c77,27065,0.000773379691
0x0c78,27065,0.000773379691
0x0c79,27065,0.000773379691
0x0c7a,27065,0.000773379691
0x0c7b,27065,0.000773379691
0x0c7d,27065,0.000773379691
0x0c80,5413,0.000154675938
0x0c84,27065,0.000773379691
0x0c85,27065,0.000773379691
0x0c87,27065,0.000773379691
0x0c88,4200,0.000120014583
0x0c89,4200,0.000120014583
0x0c8a,4200,0.000120014583
0x0c8b,4200,0.000120014583
0x0c8c,4200,0.000120014583
0x0c8e,4200,0.000120014583
0x0c8f,4200,0.000120014583
0x0c90,4200,0.000120014583
0x0c91,4200,0.000120014583
0x0c92,4200,0.000120014583
0x0c94,4200,0.000120014583
0x0c95,4200,0.000120014583
0x0c97,4200,0.000120014583
0x0c9a,4084,0.000116699895
0x0c9b,4084,0.000116699895
0x0c9e,4084,0.000116699895
0x0c9f,4084,0.000116699895
0x0ca0,4084,0.000116699895
0x0ca2,4084,0.000116699895
0x0ca3,4084,0.000116699895
0x0ca4,4084,0.000116699895
0x0ca5,4084,0.000116699895
0x0ca6,4084,0.000116699895
0x0ca7,4084,0.000116699895
0x0ca8,4084,0.000116699895
0x0ca9,4084,0.000116699895
0x0caa,4084,0.000116699895
0x0cac,4084,0.000116699895
0x0caf,4075,0.000116442721
0x0cb4,4084,0.000116699895
0x0cb6,4084,0.000116699895
0x0cb7,938,0.000026803257
0x0cb9,938,0.000026803257
0x0cba,474,0.000013544503
0x0cbd,474,0.000013544503
0x0cbe,474,0.000013544503
0x0cbf,134,0.000003829037
0x0cc2,134,0.000003829037
0x0cc3,134,0.000003829037
0x0cc4,12,0.000000342899
0x0cc6,12,0.000000342899
0x0cc9,12,0.000000342899
0x0ccb,12,0.000000342899
0x0cce,12,0.000000342899
0x0cd0,12,0.000000342899
0x0cd3,12,0.000000342899
0x0cd8,5413,0.000154675938
0x0cdb,5413,0.000154675938
0x0cde,27065,0.000773379691
0x0cdf,27065,0.000773379691
0x0ce2,27065,0.000773379691
0x0ce3,27065,0.000773379691
0x0ce4,27065,0.000773379691
0x0ce6,27065,0.000773379691
0x0ce7,27065,0.000773379691
0x0ce9,27065,0.000773379691
0x0cea,27065,0.000773379691
0x0ceb,27065,0.000773379691
0x0cec,27065,0.000773379691
0x0cef,5413,0.000154675938
0x0cf4,5,0.000000142875
0x0cf5,5,0.000000142875
0x0cf6,5,0.000000142875
0x0d1c,2354,0.000067265317
0x0d1f,2354,0.000067265317
0x0d22,37664,0.001076245065
0x0d25,37664,0.001076245065
0x0d26,37664,0.001076245065
0x0d27,37664,0.001076245065
0x0d28,37664,0.001076245065
0x0d2a,37664,0.001076245065
0x0d2b,37664,0.001076245065
0x0d2e,2354,0.000067265317
0x0d30,37664,0.001076245065
0x0d31,37664,0.001076245065
0x0d32,37664,0.001076245065
0x0d33,37664,0.001076245065
0x0d34,37664,0.001076245065
0x0d35,37664,0.001076245065
0x0d37,37664,0.001076245065
0x0d38,29702,0.000848731704
0x0d39,29702,0.000848731704
0x0d3a,29702,0.000848731704
0x0d3b,29702,0.000848731704
0x0d3c,29702,0.000848731704
0x0d3e,29702,0.000848731704
0x0d3f,29702,0.000848731704
0x0d41,29702,0.000848731704
0x0d42,29702,0.000848731704
0x0d43,29702,0.000848731704
0x0d46,27375,0.000782237910
0x0d47,27375,0.000782237910
0x0d48,27375,0.000782237910
0x0d4b,3540,0.000101155149
0x0d4c,3540,0.000101155149
0x0d4d,3540,0.000101155149
0x0d4e,3540,0.000101155149
0x0d4f,5867,0.000167648943
0x0d50,5867,0.000167648943
0x0d51,5867,0.000167648943
0x0d52,5867,0.000167648943
0x0d53,5867,0.000167648943
0x0d54,5867,0.000167648943
0x0d55,5867,0.000167648943
0x0d57,5867,0.000167648943
0x0d58,5867,0.000167648943
0x0d59,2436,0.000069608458
0x0d5a,2436,0.000069608458
0x0d5e,23835,0.000681082761
0x0d5f,23835,0.000681082761
0x0d60,23835,0.000681082761
0x0d61,23835,0.000681082761
0x0d62,23835,0.000681082761
0x0d64,23835,0.000681082761
0x0d65,23835,0.000681082761
0x0d66,3578,0.000102240995
0x0d67,3578,0.000102240995
0x0d70,2353,0.000067236742
0x0d73,2353,0.000067236742
0x0d76,37648,0.001075787866
0x0d79,37648,0.001075787866
0x0d7a,37648,0.001075787866
0x0d7c,37648,0.001075787866
0x0d7d,37648,0.001075787866
0x0d7f,37648,0.001075787866
0x0d80,37648,0.001075787866
0x0d83,2353,0.000067236742
0x0d86,37648,0.001075787866
0x0d87,37648,0.001075787866
0x0d88,37648,0.001075787866
0x0d89,37648,0.001075787866
0x0d8a,37648,0.001075787866
0x0d8b,37648,0.001075787866
0x0d8d,37648,0.001075787866
0x0d8e,29680,0.000848103057
0x0d8f,29680,0.000848103057
0x0d90,29680,0.000848103057
0x0d91,29680,0.000848103057
0x0d94,29680,0.000848103057
0x0d95,29680,0.000848103057
0x0d96,29680,0.000848103057
0x0d97,29680,0.000848103057
0x0d99,29680,0.000848103057
0x0d9a,29680,0.000848103057
0x0d9c,29680,0.000848103057
0x0d9d,29680,0.000848103057
0x0d9f,29680,0.000848103057
0x0da0,29680,0.000848103057
0x0da1,29680,0.000848103057
0x0da2,29680,0.000848103057
0x0da3,29680,0.000848103057
0x0da4,29680,0.000848103057
0x0da5,29680,0.000848103057
0x0da6,29680,0.000848103057
0x0da7,29680,0.000848103057
0x0da8,29680,0.000848103057
0x0dab,27715,0.000791953377
0x0dac,27715,0.000791953377
0x0daf,3825,0.000109298996
0x0db0,3825,0.000109298996
0x0db1,3825,0.000109298996
0x0db3,3825,0.000109298996
0x0db4,3825,0.000109298996
0x0db5,3825,0.000109298996
0x0dbb,1965,0.000056149680
0x0dbc,1965,0.000056149680
0x0dbd,1965,0.000056149680
0x0dbf,1965,0.000056149680
0x0dc0,1965,0.000056149680
0x0dc1,1965,0.000056149680
0x0dc2,1965,0.000056149680
0x0dc3,1965,0.000056149680
0x0dc5,1965,0.000056149680
0x0dc6,1965,0.000056149680
0x0dcc,23890,0.000682654381
0x0dcd,23890,0.000682654381
0x0dce,23890,0.000682654381
0x0dcf,23890,0.000682654381
0x0dd1,23890,0.000682654381
0x0dd2,29680,0.000848103057
0x0dd3,29680,0.000848103057
0x0dd5,29680,0.000848103057
0x0dd6,29680,0.000848103057
0x0dd7,29680,0.000848103057
0x0dd8,29680,0.000848103057
0x0dd9,29680,0.000848103057
0x0dda,29680,0.000848103057
0x0dde,141,0.000004029061
0x0ddf,141,0.000004029061
0x0de0,141,0.000004029061
0x0de3,141,0.000004029061
0x0de4,141,0.000004029061
0x0de5,141,0.000004029061
0x0de6,141,0.000004029061
0x0de9,141,0.000004029061
0x0dea,141,0.000004029061
0x0deb,141,0.000004029061
0x0dec,141,0.000004029061
0x0ded,141,0.000004029061
0x0df0,8932,0.000255231014
0x0df3,8932,0.000255231014
0x0df6,8932,0.000255231014
0x0df9,8932,0.000255231014
0x0dfc,8932,0.000255231014
0x0dff,8932,0.000255231014
0x0e10,17864,0.000510462028
0x0e11,17864,0.000510462028
0x0e13,17864,0.000510462028
0x0e14,3048,0.000087096298
0x0e15,3048,0.000087096298
0x0e16,3048,0.000087096298
0x0e17,3048,0.000087096298
0x0e18,3048,0.000087096298
0x0e1a,3048,0.000087096298
0x0e1b,3043,0.000086953423
0x0e1d,3043,0.000086953423
0x0e1e,58,0.000001657344
0x0e20,58,0.000001657344
0x0e23,49,0.000001400170
0x0e25,49,0.000001400170
0x0e26,49,0.000001400170
0x0e27,49,0.000001400170
0x0e29,49,0.000001400170
0x0e2a,49,0.000001400170
0x0e2c,49,0.000001400170
0x0e2d,49,0.000001400170
0x0e2e,49,0.000001400170
0x0e2f,49,0.000001400170
0x0e31,49,0.000001400170
0x0e32,49,0.000001400170
0x0e33,45,0.000001285871
0x0e34,45,0.000001285871
0x0e35,45,0.000001285871
0x0e36,38,0.000001085846
0x0e39,9,0.000000257174
0x0e3a,9,0.000000257174
0x0e3b,9,0.000000257174
0x0e3c,9,0.000000257174
0x0e3d,9,0.000000257174
0x0e3e,9,0.000000257174
0x0e3f,9,0.000000257174
0x0e41,9,0.000000257174
0x0e42,9,0.000000257174
0x0e45,84,0.000002400292
0x0e46,84,0.000002400292
0x0e47,84,0.000002400292
0x0e48,84,0.000002400292
0x0e4a,84,0.000002400292
0x0e4d,78,0.000002228842
0x0e4e,78,0.000002228842
0x0e4f,78,0.000002228842
0x0e51,78,0.000002228842
0x0e52,78,0.000002228842
0x0e55,3,0.000000085725
0x0e58,82,0.000002343142
0x0e59,82,0.000002343142
0x0e5a,82,0.000002343142
0x0e5b,33,0.000000942972
0x0e5c,33,0.000000942972
0x0e5e,33,0.000000942972
0x0e5f,33,0.000000942972
0x0e60,15,0.000000428624
0x0e61,15,0.000000428624
0x0e62,15,0.000000428624
0x0e63,15,0.000000428624
0x0e65,15,0.000000428624
0x0e66,15,0.000000428624
0x0e67,6,0.000000171449
0x0e69,6,0.000000171449
0x0e6a,6,0.000000171449
0x0e6b,6,0.000000171449
0x0e70,38,0.000001085846
0x0e71,38,0.000001085846
0x0e72,38,0.000001085846
0x0e74,38,0.000001085846
0x0e75,38,0.000001085846
0x0e76,38,0.000001085846
0x0e77,38,0.000001085846
0x0e78,38,0.000001085846
0x0e7a,38,0.000001085846
0x0e7b,38,0.000001085846
0x0e7e,257,0.000007343750
0x0e7f,257,0.000007343750
0x0e80,257,0.000007343750
0x0e81,257,0.000007343750
0x0e83,257,0.000007343750
0x0e86,219,0.000006257903
0x0e87,219,0.000006257903
0x0e88,219,0.000006257903
0x0e8a,219,0.000006257903
0x0e8b,219,0.000006257903
0x0e90,196,0.000005600681
0x0e91,196,0.000005600681
0x0e93,196,0.000005600681
0x0e94,196,0.000005600681
0x0e95,85,0.000002428867
0x0e97,85,0.000002428867
0x0e98,85,0.000002428867
0x0e99,52,0.000001485895
0x0e9a,52,0.000001485895
0x0e9b,52,0.000001485895
0x0e9c,52,0.000001485895
0x0e9e,52,0.000001485895
0x0e9f,52,0.000001485895
0x0ea0,38,0.000001085846
0x0ea3,38,0.000001085846
0x0ea4,44,0.000001257296
0x0ea5,44,0.000001257296
0x0ea6,44,0.000001257296
0x0ea7,44,0.000001257296
0x0ea8,44,0.000001257296
0x0ea9,44,0.000001257296
0x0eaa,44,0.000001257296
0x0eac,44,0.000001257296
0x0ead,49,0.000001400170
0x0eae,49,0.000001400170
0x0eb0,49,0.000001400170
0x0eb1,49,0.000001400170
0x0eb2,49,0.000001400170
0x0eb4,49,0.000001400170
0x0eb5,49,0.000001400170
0x0eb6,49,0.000001400170
0x0eb7,49,0.000001400170
0x0eb8,49,0.000001400170
0x0ebb,49,0.000001400170
0x0ebc,49,0.000001400170
0x0ebe,49,0.000001400170
0x0ec1,49,0.000001400170
0x0ec3,49,0.000001400170
0x0ec4,49,0.000001400170
0x0ec5,49,0.000001400170
0x0ec8,5,0.000000142875
0x0ec9,5,0.000000142875
0x0eca,5,0.000000142875
0x0ecb,5,0.000000142875
0x0ecc,5,0.000000142875
0x0ecd,5,0.000000142875
0x0ece,5,0.000000142875
0x0ed5,49,0.000001400170
0x0ed6,49,0.000001400170
0x0ed7,49,0.000001400170
0x0ed8,49,0.000001400170
0x0ed9,49,0.000001400170
0x0eda,49,0.000001400170
0x0edb,49,0.000001400170
0x0edc,49,0.000001400170
0x0ede,49,0.000001400170
0x0ee0,49,0.000001400170
0x0ee2,49,0.000001400170
0x0ee3,49,0.000001400170
0x0ee4,49,0.000001400170
0x0ee5,49,0.000001400170
0x0f00,2360,0.000067436766
0x0f03,2360,0.000067436766
0x0f04,2360,0.000067436766
0x0f06,2360,0.000067436766
0x0f09,2360,0.000067436766
0x0f0b,2360,0.000067436766
0x0f0c,2360,0.000067436766
0x0f0d,2360,0.000067436766
0x0f0e,2360,0.000067436766
0x0f11,2360,0.000067436766
0x0f14,2360,0.000067436766
0x0f15,5,0.000000142875
0x0f16,5,0.000000142875
0x0f17,5,0.000000142875
0x0f1a,5,0.000000142875
0x0f1b,5,0.000000142875
0x0f1d,5,0.000000142875
0x0f1e,5,0.000000142875
0x0f1f,5,0.000000142875
0x0f20,5,0.000000142875
0x0f23,26,0.000000742947
0x0f24,26,0.000000742947
0x0f25,26,0.000000742947
0x0f26,26,0.000000742947
0x0f28,26,0.000000742947
0x0f2b,21,0.000000600073
0x0f2c,21,0.000000600073
0x0f2d,21,0.000000600073
0x0f2f,21,0.000000600073
0x0f30,21,0.000000600073
0x0f38,10,0.000000285749
0x0f39,10,0.000000285749
0x0f3a,10,0.000000285749
0x0f3b,10,0.000000285749
0x0f3d,10,0.000000285749
0x0f3e,5,0.000000142875
0x0f40,5,0.000000142875
0x0f41,5,0.000000142875
0x0f42,5,0.000000142875
0x0f43,5,0.000000142875
0x0f44,5,0.000000142875
0x0f45,5,0.000000142875
0x0f46,5,0.000000142875
0x0f49,5,0.000000142875
0x0f4c,5,0.000000142875
0x0f4d,5,0.000000142875
0x0f4e,5,0.000000142875
0x0f56,4716,0.000134759232
0x0f57,4716,0.000134759232
0x0f58,9427,0.000269375590
0x0f59,9427,0.000269375590
0x0f5b,9427,0.000269375590
0x0f5e,5,0.000000142875
0x0f60,5,0.000000142875
0x0f63,9422,0.000269232716
0x0f64,9422,0.000269232716
0x0f65,9422,0.000269232716
0x0f68,4711,0.000134616358
0x0f69,4711,0.000134616358
0x0f6a,4711,0.000134616358
0x0f6d,4711,0.000134616358
0x0f6e,4711,0.000134616358
0x0f71,2355,0.000067293891
0x0fc0,5783,0.000165248652
0x0fc3,5783,0.000165248652
0x0fc6,5783,0.000165248652
0x0fc9,5783,0.000165248652
0x0fcc,5783,0.000165248652
0x0fcf,5783,0.000165248652
0x0fd2,5783,0.000165248652
0x0fd5,5783,0.000165248652
0x0fd8,11566,0.000330497303
0x0fd9,11566,0.000330497303
0x0fda,11566,0.000330497303
0x0fdb,671,0.000019173758
0x0fdc,671,0.000019173758
0x0fdd,671,0.000019173758
0x0fde,671,0.000019173758
0x0fdf,671,0.000019173758
0x0fe0,671,0.000019173758
0x0fe1,671,0.000019173758
0x0fe2,671,0.000019173758
0x0fe3,671,0.000019173758
0x0fe6,671,0.000019173758
0x0fe7,671,0.000019173758
0x0fe9,671,0.000019173758
0x0fea,671,0.000019173758
0x0fec,671,0.000019173758
0x0fed,671,0.000019173758
0x0fef,671,0.000019173758
0x0ff0,671,0.000019173758
0x0ff1,671,0.000019173758
0x0ff4,671,0.000019173758
0x14e0,1838,0.000052520668
0x14e1,1838,0.000052520668
0x14e4,1838,0.000052520668
0x14e6,1838,0.000052520668
0x17e0,16887,0.000482544350
0x17e3,16887,0.000482544350
0x17e5,16887,0.000482544350
0x17e8,16887,0.000482544350
0x1df0,1023,0.000029232124
0x1df3,1023,0.000029232124
0x1df5,1023,0.000029232124
0x1ee0,528,0.000015087548
0x1ee3,528,0.000015087548
0x1ee6,13728,0.000392276239
0x1ee7,13728,0.000392276239
0x1ee8,13728,0.000392276239
0x1ee9,13728,0.000392276239
0x1eec,13728,0.000392276239
0x1eed,13728,0.000392276239
0x1ef0,528,0.000015087548
0x1ef1,528,0.000015087548
0x1ef2,528,0.000015087548
0x1ef4,528,0.000015087548
0x1ef7,528,0.000015087548
0x1ef8,528,0.000015087548
0x1ef9,528,0.000015087548
0x1efa,528,0.000015087548
0x2000,8932,0.000255231014
0x2003,8932,0.000255231014
0x2006,8932,0.000255231014
0x2009,8932,0.000255231014
0x200c,8932,0.000255231014
0x200d,8932,0.000255231014
0x200f,8932,0.000255231014
0x2010,8932,0.000255231014
0x2011,8932,0.000255231014
0x2014,8932,0.000255231014
0x2015,8932,0.000255231014
0x2018,8836,0.000252487824
0x201a,8836,0.000252487824
0x201d,588,0.000016802042
0x201e,588,0.000016802042
0x201f,588,0.000016802042
0x2020,588,0.000016802042
0x2023,147,0.000004200510
0x2025,588,0.000016802042
0x2026,588,0.000016802042
0x2027,588,0.000016802042
0x202a,586,0.000016744892
0x2040,3959,0.000113128032
0x2043,3959,0.000113128032
0x2046,3959,0.000113128032
0x2047,3959,0.000113128032
0x2048,3959,0.000113128032
0x2049,26,0.000000742947
0x204a,26,0.000000742947
0x204b,26,0.000000742947
0x204c,26,0.000000742947
0x204d,26,0.000000742947
0x204e,26,0.000000742947
0x204f,26,0.000000742947
0x2050,26,0.000000742947
0x2051,26,0.000000742947
0x2052,26,0.000000742947
0x2055,26,0.000000742947
0x2057,26,0.000000742947
0x2058,26,0.000000742947
0x2059,26,0.000000742947
0x205a,26,0.000000742947
0x205c,26,0.000000742947
0x205d,26,0.000000742947
0x205e,26,0.000000742947
0x2060,26,0.000000742947
0x2061,26,0.000000742947
0x2062,26,0.000000742947
0x2063,26,0.000000742947
0x2064,26,0.000000742947
0x2065,26,0.000000742947
0x2066,26,0.000000742947
0x2068,26,0.000000742947
0x2069,26,0.000000742947
0x206a,26,0.000000742947
0x206b,26,0.000000742947
0x206c,26,0.000000742947
0x206d,26,0.000000742947
0x2070,192,0.000005486381
0x2071,192,0.000005486381
0x2073,192,0.000005486381
0x2075,192,0.000005486381
0x2076,192,0.000005486381
0x2077,192,0.000005486381
0x2079,192,0.000005486381
0x207a,192,0.000005486381
0x207b,192,0.000005486381
0x207e,192,0.000005486381
0x2081,192,0.000005486381
0x2085,192,0.000005486381
0x2087,192,0.000005486381
0x2088,192,0.000005486381
0x2089,192,0.000005486381
0x208a,192,0.000005486381
0x208c,192,0.000005486381
0x208d,192,0.000005486381
0x208f,192,0.000005486381
0x2090,192,0.000005486381
0x2091,192,0.000005486381
0x2093,192,0.000005486381
0x2094,192,0.000005486381
0x2096,192,0.000005486381
0x2097,192,0.000005486381
0x20b0,192,0.000005486381
0x20b1,6048,0.000172821000
0x20b2,6048,0.000172821000
0x20b3,6048,0.000172821000
0x20b5,48384,0.001382568002
0x20b7,48384,0.001382568002
0x20b8,48384,0.001382568002
0x20bb,1852,0.000052920716
0x20bc,1852,0.000052920716
0x20bd,1852,0.000052920716
0x20be,1852,0.000052920716
0x20bf,48384,0.001382568002
0x20c0,48384,0.001382568002
0x20c1,48384,0.001382568002
0x20c2,48384,0.001382568002
0x20c5,6048,0.000172821000
0x20c6,6048,0.000172821000
0x20c7,6048,0.000172821000
0x20c8,6048,0.000172821000
0x20c9,6048,0.000172821000
0x20cc,3024,0.000086410500
0x20cd,3024,0.000086410500
0x20cf,3024,0.000086410500
0x20d2,2848,0.000081381318
0x20d3,2848,0.000081381318
0x20d4,2848,0.000081381318
0x20d6,2848,0.000081381318
0x20d7,2848,0.000081381318
0x20d8,2848,0.000081381318
0x20da,2848,0.000081381318
0x20db,2848,0.000081381318
0x20dc,2848,0.000081381318
0x20de,2848,0.000081381318
0x20e1,192,0.000005486381
0x20e2,192,0.000005486381
0x20e8,192,0.000005486381
0x20e9,192,0.000005486381
0x20ea,192,0.000005486381
0x20ec,192,0.000005486381
0x20ed,192,0.000005486381
0x20f0,192,0.000005486381
0x20f1,192,0.000005486381
0x20f2,192,0.000005486381
0x20f3,192,0.000005486381
0x20f4,192,0.000005486381
0x20f6,192,0.000005486381
0x20f7,192,0.000005486381
0x20f8,192,0.000005486381
0x20fa,192,0.000005486381
0x20fb,192,0.000005486381
0x20fc,192,0.000005486381
0x20fd,192,0.000005486381
0x20fe,192,0.000005486381
0x20ff,192,0.000005486381
0x2101,192,0.000005486381
0x2103,192,0.000005486381
0x2104,192,0.000005486381
0x2106,192,0.000005486381
0x2107,192,0.000005486381
0x2108,192,0.000005486381
0x2109,192,0.000005486381
0x210a,192,0.000005486381
0x210d,192,0.000005486381
0x211c,192,0.000005486381
0x211f,192,0.000005486381
0x2120,192,0.000005486381
0x2122,192,0.000005486381
0x2123,144,0.000004114786
0x2125,144,0.000004114786
0x2130,8250,0.000235742932
0x2131,8250,0.000235742932
0x2132,8250,0.000235742932
0x2135,6184,0.000176707187
0x2137,6184,0.000176707187
0x213a,4122,0.000117785741
0x213c,4122,0.000117785741
0x213f,2061,0.000058892871
0x2146,586,0.000016744892
0x2147,586,0.000016744892
0x2148,586,0.000016744892
0x214b,292,0.000008343871
0x2150,2066,0.000059035745
0x2153,2066,0.000059035745
0x2156,2066,0.000059035745
0x2160,2062,0.000058921446
0x2163,2062,0.000058921446
0x2166,2062,0.000058921446
0x2169,2062,0.000058921446
0x2170,2061,0.000058892871
0x2173,2061,0.000058892871
0x2180,2061,0.000058892871
0x2183,2061,0.000058892871
0x2186,2061,0.000058892871
0x2189,2061,0.000058892871
0x2190,294,0.000008401021
0x2193,294,0.000008401021
0x2196,294,0.000008401021
0x2199,294,0.000008401021
0x219c,294,0.000008401021
0x21a5,292,0.000008343871
0x21a8,292,0.000008343871
0x21ab,292,0.000008343871
0x21ae,292,0.000008343871
0x21b1,292,0.000008343871
0x21ba,96,0.000002743190
0x21bb,96,0.000002743190
0x21bc,96,0.000002743190
0x21bf,48,0.000001371595
0x21c2,48,0.000001371595
0x21c5,48,0.000001371595
0x21c8,48,0.000001371595
0x21cb,48,0.000001371595
0x21cd,48,0.000001371595
0x21cf,48,0.000001371595
0x21dc,528,0.000015087548
0x21dd,528,0.000015087548
0x21de,528,0.000015087548
0x21df,528,0.000015087548
0x21e2,528,0.000015087548
0x21e4,528,0.000015087548
0x21e5,528,0.000015087548
0x21e6,528,0.000015087548
0x21e8,528,0.000015087548
0x21e9,528,0.000015087548
0x21eb,528,0.000015087548
0x21ec,528,0.000015087548
0x21ed,528,0.000015087548
0x21ef,528,0.000015087548
0x21f0,528,0.000015087548
0x21f1,528,0.000015087548
0x21f2,528,0.000015087548
0x21f4,528,0.000015087548
0x21f5,528,0.000015087548
0x21f7,528,0.000015087548
0x21f8,528,0.000015087548
0x21f9,528,0.000015087548
0x21fc,528,0.000015087548
0x2204,96,0.000002743190
0x2207,96,0.000002743190
0x2208,96,0.000002743190
0x2209,96,0.000002743190
0x220b,96,0.000002743190
0x220c,1,0.000000028575
0x220e,1,0.000000028575
0x2210,1,0.000000028575
0x2212,1,0.000000028575
0x2214,1,0.000000028575
0x2216,1,0.000000028575
0x2217,1,0.000000028575
0x2218,1,0.000000028575
0x221a,1,0.000000028575
0x221b,1,0.000000028575
0x221d,1,0.000000028575
0x221e,1,0.000000028575
0x2220,1,0.000000028575
0x2221,1,0.000000028575
0x2222,1,0.000000028575
0x2223,1,0.000000028575
0x2224,1,0.000000028575
0x222a,1,0.000000028575
0x222b,1,0.000000028575
0x2230,330,0.000009429717
0x2233,330,0.000009429717
0x2234,330,0.000009429717
0x2235,330,0.000009429717
0x2236,330,0.000009429717
0x2237,330,0.000009429717
0x2239,330,0.000009429717
0x223b,330,0.000009429717
0x223e,318,0.000009086818
0x2240,318,0.000009086818
0x2243,162,0.000004629134
0x2245,162,0.000004629134
0x2247,162,0.000004629134
0x2249,162,0.000004629134
0x224c,6,0.000000171449
0x224f,6,0.000000171449
0x2250,6,0.000000171449
0x2252,6,0.000000171449
0x2254,6,0.000000171449
0x2260,312,0.000008915369
0x2261,312,0.000008915369
0x2262,312,0.000008915369
0x2263,312,0.000008915369
0x2264,312,0.000008915369
0x2265,312,0.000008915369
0x2267,312,0.000008915369
0x2268,312,0.000008915369
0x2269,312,0.000008915369
0x226b,312,0.000008915369
0x226d,312,0.000008915369
0x226e,312,0.000008915369
0x226f,312,0.000008915369
0x2271,312,0.000008915369
0x2272,312,0.000008915369
0x2273,312,0.000008915369
0x2274,312,0.000008915369
0x2275,312,0.000008915369
0x2276,312,0.000008915369
0x2277,312,0.000008915369
0x2278,312,0.000008915369
0x2279,312,0.000008915369
0x227a,4368,0.000124815167
0x227b,39312,0.001123336501
0x227c,39312,0.001123336501
0x227d,39312,0.001123336501
0x227e,39312,0.001123336501
0x227f,39312,0.001123336501
0x2280,39312,0.001123336501
0x2283,4368,0.000124815167
0x2284,4368,0.000124815167
0x2285,4368,0.000124815167
0x2286,4368,0.000124815167
0x2288,4368,0.000124815167
0x2289,4368,0.000124815167
0x228a,4368,0.000124815167
0x228c,4368,0.000124815167
0x228d,4368,0.000124815167
0x228e,4368,0.000124815167
0x2291,312,0.000008915369
0x2292,12,0.000000342899
0x2295,12,0.000000342899
0x2296,12,0.000000342899
0x2298,12,0.000000342899
0x229b,6,0.000000171449
0x229e,6,0.000000171449
0x22a1,6,0.000000171449
0x22a3,2496,0.000071322952
0x22a4,2496,0.000071322952
0x22a5,2496,0.000071322952
0x22a6,2496,0.000071322952
0x22a7,2496,0.000071322952
0x22a8,2496,0.000071322952
0x22a9,2496,0.000071322952
0x22aa,2496,0.000071322952
0x22ab,2496,0.000071322952
0x22ac,2496,0.000071322952
0x22ad,2496,0.000071322952
0x22b0,6,0.000000171449
0x22b4,216,0.000006172179
0x22b7,216,0.000006172179
0x22ba,216,0.000006172179
0x22bb,216,0.000006172179
0x22bc,216,0.000006172179
0x22be,216,0.000006172179
0x22c1,3,0.000000085725
0x22c3,3,0.000000085725
0x22c5,3,0.000000085725
0x22ca,147,0.000004200510
0x22cd,147,0.000004200510
0x22ce,147,0.000004200510
0x22d0,147,0.000004200510
0x22d3,3,0.000000085725
0x22d5,3,0.000000085725
0x22d7,3,0.000000085725
0x22d9,3,0.000000085725
0x22db,3,0.000000085725
0x22dd,3,0.000000085725
0x22e0,6,0.000000171449
0x22e2,12,0.000000342899
0x22e5,12,0.000000342899
0x22e8,12,0.000000342899
0x22f0,6,0.000000171449
0x22f3,6,0.000000171449
0x22f4,6,0.000000171449
0x22fa,732,0.000020916827
0x22fd,732,0.000020916827
0x22ff,732,0.000020916827
0x2302,732,0.000020916827
0x2303,13176,0.000376502893
0x2304,13176,0.000376502893
0x2306,13176,0.000376502893
0x2307,13176,0.000376502893
0x2308,13176,0.000376502893
0x2309,13176,0.000376502893
0x230a,13176,0.000376502893
0x230b,13176,0.000376502893
0x230d,13176,0.000376502893
0x230e,13176,0.000376502893
0x230f,13176,0.000376502893
0x2310,13176,0.000376502893
0x2312,13176,0.000376502893
0x2313,13176,0.000376502893
0x2314,13176,0.000376502893
0x2316,13176,0.000376502893
0x2317,13176,0.000376502893
0x231a,1464,0.000041833655
0x231b,13176,0.000376502893
0x231c,13176,0.000376502893
0x231f,732,0.000020916827
0x2322,2196,0.000062750482
0x2325,2196,0.000062750482
0x2326,2196,0.000062750482
0x2327,2196,0.000062750482
0x2329,2196,0.000062750482
0x232a,2196,0.000062750482
0x232b,2196,0.000062750482
0x232c,2196,0.000062750482
0x232e,2196,0.000062750482
0x232f,2196,0.000062750482
0x2331,2196,0.000062750482
0x2334,2196,0.000062750482
0x2337,2196,0.000062750482
0x2351,5856,0.000167334619
0x2352,5856,0.000167334619
0x2354,5856,0.000167334619
0x2355,1239,0.000035404302
0x2356,1239,0.000035404302
0x2357,1239,0.000035404302
0x2358,1239,0.000035404302
0x235a,1239,0.000035404302
0x235b,1239,0.000035404302
0x235e,1239,0.000035404302
0x235f,1239,0.000035404302
0x2360,1239,0.000035404302
0x2361,1239,0.000035404302
0x2362,1239,0.000035404302
0x2364,1239,0.000035404302
0x2365,1239,0.000035404302
0x2366,1239,0.000035404302
0x2368,1239,0.000035404302
0x2369,1239,0.000035404302
0x236a,1239,0.000035404302
0x236b,1239,0.000035404302
0x236c,1239,0.000035404302
0x236e,1239,0.000035404302
0x2370,1239,0.000035404302
0x2373,1104,0.000031546691
0x2375,1104,0.000031546691
0x2377,1104,0.000031546691
0x237a,1104,0.000031546691
0x237b,135,0.000003857612
0x237c,135,0.000003857612
0x237e,135,0.000003857612
0x237f,135,0.000003857612
0x2381,135,0.000003857612
0x2384,135,0.000003857612
0x2385,135,0.000003857612
0x2386,135,0.000003857612
0x2387,135,0.000003857612
0x2389,135,0.000003857612
0x238a,39,0.000001114421
0x238c,39,0.000001114421
0x238d,39,0.000001114421
0x238e,39,0.000001114421
0x2390,39,0.000001114421
0x2391,33,0.000000942972
0x2393,33,0.000000942972
0x23d6,1973,0.000056378279
0x23d9,1973,0.000056378279
0x23da,1973,0.000056378279
0x23dc,1973,0.000056378279
0x23de,1973,0.000056378279
0x23e1,550,0.000015716195
0x23e3,550,0.000015716195
0x23e6,160,0.000004571984
0x23e8,160,0.000004571984
0x23eb,160,0.000004571984
0x23ed,160,0.000004571984
0x23f0,160,0.000004571984
0x23f2,160,0.000004571984
0x2476,30,0.000000857247
0x2477,30,0.000000857247
0x2478,30,0.000000857247
0x247b,30,0.000000857247
0x247d,30,0.000000857247
0x247e,30,0.000000857247
0x2481,30,0.000000857247
0x2483,30,0.000000857247
0x2484,30,0.000000857247
0x2485,30,0.000000857247
0x2487,30,0.000000857247
0x2488,30,0.000000857247
0x2489,30,0.000000857247
0x248a,30,0.000000857247
0x248c,30,0.000000857247
0x248d,30,0.000000857247
0x248f,30,0.000000857247
0x2490,30,0.000000857247
0x2493,30,0.000000857247
0x2495,30,0.000000857247
0x2496,30,0.000000857247
0x2497,30,0.000000857247
0x2498,30,0.000000857247
0x2499,30,0.000000857247
0x249a,30,0.000000857247
0x249b,21,0.000000600073
0x249c,21,0.000000600073
0x249d,21,0.000000600073
0x249e,15,0.000000428624
0x249f,15,0.000000428624
0x24a0,8932,0.000255231014
0x24a3,8932,0.000255231014
0x24a5,8932,0.000255231014
0x24a7,8932,0.000255231014
0x24a8,5856,0.000167334619
0x24ab,5856,0.000167334619
0x24ae,5856,0.000167334619
0x24b1,5856,0.000167334619
0x24b4,5856,0.000167334619
0x24b6,5856,0.000167334619
0x24b8,5856,0.000167334619
0x24b9,1464,0.000041833655
0x24c4,4463,0.000127529782
0x24c7,4463,0.000127529782
0x24c9,4463,0.000127529782
0x24cb,4463,0.000127529782
0x24ce,2928,0.000083667310
0x24d1,2928,0.000083667310
0x24d4,2928,0.000083667310
0x24d5,2928,0.000083667310
0x24d6,2928,0.000083667310
0x24d8,2928,0.000083667310
0x24db,2196,0.000062750482
0x24e0,2928,0.000083667310
0x24e3,2928,0.000083667310
0x24e5,2928,0.000083667310
0x24e6,183,0.000005229207
0x24e9,183,0.000005229207
0x24eb,183,0.000005229207
0x24ec,183,0.000005229207
0x24f2,1464,0.000041833655
0x24f5,1464,0.000041833655
0x24f7,1464,0.000041833655
0x24f8,1464,0.000041833655
0x24f9,1464,0.000041833655
0x24fc,1464,0.000041833655
0x24fe,1464,0.000041833655
0x24ff,1464,0.000041833655
0x2500,432,0.000012344357
0x2503,432,0.000012344357
0x2504,432,0.000012344357
0x2505,402,0.000011487110
0x2508,402,0.000011487110
0x2509,402,0.000011487110
0x250a,99,0.000002828915
0x250b,99,0.000002828915
0x250d,99,0.000002828915
0x250e,99,0.000002828915
0x2511,99,0.000002828915
0x2512,99,0.000002828915
0x2513,99,0.000002828915
0x2515,99,0.000002828915
0x2517,99,0.000002828915
0x2518,99,0.000002828915
0x2519,99,0.000002828915
0x251a,99,0.000002828915
0x2560,2355,0.000067293891
0x2563,2355,0.000067293891
0x2564,2355,0.000067293891
0x2566,2355,0.000067293891
0x2567,2355,0.000067293891
0x2568,2355,0.000067293891
0x2569,2355,0.000067293891
0x256a,2355,0.000067293891
0x256b,2355,0.000067293891
0x256d,2355,0.000067293891
0x256e,2355,0.000067293891
0x2570,2355,0.000067293891
0x2572,2355,0.000067293891
0x2575,2355,0.000067293891
0x2576,2355,0.000067293891
0x2577,2355,0.000067293891
0x2578,2355,0.000067293891
0x2579,2355,0.000067293891
0x257b,2355,0.000067293891
0x257c,2355,0.000067293891
0x257f,2355,0.000067293891
0x2581,2355,0.000067293891
0x2582,2355,0.000067293891
0x2585,2355,0.000067293891
0x2587,2355,0.000067293891
0x2588,18658,0.000533150500
0x2589,18658,0.000533150500
0x258c,18596,0.000531378856
0x258d,18596,0.000531378856
0x258e,18596,0.000531378856
0x2590,18596,0.000531378856
0x2591,18596,0.000531378856
0x2592,18596,0.000531378856
0x2595,2293,0.000065522248
0x2596,18658,0.000533150500
0x2597,18658,0.000533150500
0x2599,18658,0.000533150500
0x259a,14722,0.000420679690
0x259b,14722,0.000420679690
0x259c,14722,0.000420679690
0x259e,14722,0.000420679690
0x259f,14722,0.000420679690
0x25a1,14722,0.000420679690
0x25a2,13860,0.000396048126
0x25a3,13860,0.000396048126
0x25a4,13860,0.000396048126
0x25a5,13860,0.000396048126
0x25a6,9405,0.000268746942
0x25a7,9405,0.000268746942
0x25a8,2278,0.000065093624
0x25a9,2278,0.000065093624
0x25aa,2278,0.000065093624
0x25ab,2278,0.000065093624
0x25ac,2245,0.000064150652
0x25ae,2245,0.000064150652
0x25af,62,0.000001771644
0x25b0,62,0.000001771644
0x25b1,62,0.000001771644
0x25b2,62,0.000001771644
0x25b3,62,0.000001771644
0x25b4,62,0.000001771644
0x25b5,62,0.000001771644
0x25b6,62,0.000001771644
0x25b7,236,0.000006743677
0x25ba,236,0.000006743677
0x25bc,236,0.000006743677
0x25be,236,0.000006743677
0x25ca,236,0.000006743677
0x25cd,533,0.000015230422
0x25ce,533,0.000015230422
0x25d0,533,0.000015230422
0x25d3,385,0.000011001337
0x25d4,385,0.000011001337
0x25d6,385,0.000011001337
0x25d7,385,0.000011001337
0x25d8,385,0.000011001337
0x25db,88,0.000002514591
0x25dc,88,0.000002514591
0x25dd,88,0.000002514591
0x25e0,148,0.000004229085
0x25e1,148,0.000004229085
0x25e3,148,0.000004229085
0x25e4,148,0.000004229085
0x25e5,148,0.000004229085
0x25e7,148,0.000004229085
0x25e8,148,0.000004229085
0x25ea,148,0.000004229085
0x25eb,148,0.000004229085
0x25ec,148,0.000004229085
0x25ed,148,0.000004229085
0x25ef,148,0.000004229085
0x25f0,148,0.000004229085
0x25f1,148,0.000004229085
0x25f3,148,0.000004229085
0x25f4,148,0.000004229085
0x25f6,148,0.000004229085
0x25f7,148,0.000004229085
0x25f8,148,0.000004229085
0x25f9,148,0.000004229085
0x25fa,148,0.000004229085
0x25fb,148,0.000004229085
0x25fc,148,0.000004229085
0x25fd,148,0.000004229085
0x2600,1896,0.000054178012
0x2601,1896,0.000054178012
0x2602,1896,0.000054178012
0x2603,1896,0.000054178012
0x2604,1896,0.000054178012
0x2605,1896,0.000054178012
0x2608,1896,0.000054178012
0x2609,1896,0.000054178012
0x260a,1896,0.000054178012
0x260b,1896,0.000054178012
0x260c,1896,0.000054178012
0x260e,1896,0.000054178012
0x2611,1896,0.000054178012
0x2612,1896,0.000054178012
0x2613,1896,0.000054178012
0x2616,1896,0.000054178012
0x2617,1896,0.000054178012
0x261a,1083,0.000030946618
0x261d,1083,0.000030946618
0x261e,1083,0.000030946618
0x2620,1083,0.000030946618
0x2621,1083,0.000030946618
0x2624,1083,0.000030946618
0x2625,1083,0.000030946618
0x2626,1083,0.000030946618
0x2628,1083,0.000030946618
0x2629,1083,0.000030946618
0x262b,1083,0.000030946618
0x262c,1083,0.000030946618
0x262e,1083,0.000030946618
0x262f,1083,0.000030946618
0x2630,1083,0.000030946618
0x2631,1083,0.000030946618
0x2633,1083,0.000030946618
0x2634,1083,0.000030946618
0x2635,1083,0.000030946618
0x2638,1083,0.000030946618
0x2639,1896,0.000054178012
0x263c,1896,0.000054178012
0x263f,1896,0.000054178012
0x2642,1896,0.000054178012
0x2643,1896,0.000054178012
0x2646,948,0.000027089006
0x2649,948,0.000027089006
0x2650,813,0.000023231394
0x2651,813,0.000023231394
0x2654,813,0.000023231394
0x2655,813,0.000023231394
0x2656,813,0.000023231394
0x2658,813,0.000023231394
0x2659,813,0.000023231394
0x265b,813,0.000023231394
0x265c,813,0.000023231394
0x265e,813,0.000023231394
0x2661,813,0.000023231394
0x2662,813,0.000023231394
0x2668,948,0.000027089006
0x266b,948,0.000027089006
0x266c,948,0.000027089006
0x266d,948,0.000027089006
0x2670,948,0.000027089006
0x2672,948,0.000027089006
0x2676,948,0.000027089006
0x2678,948,0.000027089006
0x267c,948,0.000027089006
0x267f,948,0.000027089006
0x2681,948,0.000027089006
0x2684,948,0.000027089006
0x2685,948,0.000027089006
0x2688,948,0.000027089006
0x268a,948,0.000027089006
0x268b,948,0.000027089006
0x268d,948,0.000027089006
0x268e,948,0.000027089006
0x268f,948,0.000027089006
0x2692,945,0.000027003281
0x2693,948,0.000027089006
0x2694,948,0.000027089006
0x2697,948,0.000027089006
0x2699,948,0.000027089006
0x269d,948,0.000027089006
0x269f,948,0.000027089006
0x26a3,948,0.000027089006
0x26a4,948,0.000027089006
0x26a7,948,0.000027089006
0x26aa,948,0.000027089006
0x26ad,948,0.000027089006
0x26ae,948,0.000027089006
0x26af,948,0.000027089006
0x26b0,948,0.000027089006
0x26b1,189,0.000005400656
0x26b2,189,0.000005400656
0x26b4,189,0.000005400656
0x26b5,189,0.000005400656
0x26b7,189,0.000005400656
0x26b8,189,0.000005400656
0x26ba,189,0.000005400656
0x26bb,30,0.000000857247
0x26bc,30,0.000000857247
0x26bd,30,0.000000857247
0x26be,30,0.000000857247
0x26bf,30,0.000000857247
0x26c2,30,0.000000857247
0x26c4,30,0.000000857247
0x26c6,30,0.000000857247
0x26c7,30,0.000000857247
0x26c8,30,0.000000857247
0x26ca,30,0.000000857247
0x26cb,30,0.000000857247
0x26cc,30,0.000000857247
0x26d0,948,0.000027089006
0x26d3,948,0.000027089006
0x26d6,948,0.000027089006
0x26d9,7584,0.000216712048
0x26da,7584,0.000216712048
0x26db,7584,0.000216712048
0x26de,5991,0.000171192231
0x26df,5991,0.000171192231
0x26e0,5991,0.000171192231
0x26e3,948,0.000027089006
0x26e4,5991,0.000171192231
0x26e5,7584,0.000216712048
0x26e6,7584,0.000216712048
0x26e7,7584,0.000216712048
0x26e8,7584,0.000216712048
0x26e9,7584,0.000216712048
0x26eb,7584,0.000216712048
0x26ee,948,0.000027089006
0x26f1,948,0.000027089006
0x26f2,948,0.000027089006
0x26f3,948,0.000027089006
0x26f5,948,0.000027089006
0x26f8,948,0.000027089006
0x26f9,948,0.000027089006
0x26fa,948,0.000027089006
0x26fd,948,0.000027089006
0x2700,3037,0.000086781974
0x2703,3037,0.000086781974
0x2704,3037,0.000086781974
0x2705,3037,0.000086781974
0x2706,3036,0.000086753399
0x2707,3036,0.000086753399
0x2708,3036,0.000086753399
0x270a,3036,0.000086753399
0x270b,3036,0.000086753399
0x270c,3036,0.000086753399
0x270e,3036,0.000086753399
0x270f,3036,0.000086753399
0x2711,3036,0.000086753399
0x2714,3036,0.000086753399
0x2717,12144,0.000347013596
0x271a,12144,0.000347013596
0x271b,12144,0.000347013596
0x271c,12144,0.000347013596
0x271d,12144,0.000347013596
0x271e,12144,0.000347013596
0x2720,12144,0.000347013596
0x2723,3036,0.000086753399
0x2725,3036,0.000086753399
0x2728,3036,0.000086753399
0x272a,3036,0.000086753399
0x2739,3036,0.000086753399
0x273c,3036,0.000086753399
0x273d,3036,0.000086753399
0x2740,3036,0.000086753399
0x2743,3036,0.000086753399
0x2748,12144,0.000347013596
0x2749,12144,0.000347013596
0x274a,12144,0.000347013596
0x274c,12144,0.000347013596
0x274d,50,0.000001428745
0x274e,50,0.000001428745
0x274f,50,0.000001428745
0x2750,25,0.000000714373
0x2751,25,0.000000714373
0x2752,25,0.000000714373
0x2753,25,0.000000714373
0x2754,25,0.000000714373
0x2755,25,0.000000714373
0x2757,25,0.000000714373
0x2758,25,0.000000714373
0x2759,25,0.000000714373
0x275b,25,0.000000714373
0x275c,25,0.000000714373
0x275f,25,0.000000714373
0x2760,25,0.000000714373
0x2761,25,0.000000714373
0x2764,25,0.000000714373
0x2768,25,0.000000714373
0x2769,25,0.000000714373
0x276c,25,0.000000714373
0x276e,25,0.000000714373
0x2771,25,0.000000714373
0x2772,25,0.000000714373
0x2778,25,0.000000714373
0x277b,25,0.000000714373
0x277c,25,0.000000714373
0x277f,25,0.000000714373
0x2780,25,0.000000714373
0x2781,25,0.000000714373
0x2782,25,0.000000714373
0x2783,25,0.000000714373
0x2784,25,0.000000714373
0x2785,25,0.000000714373
0x2786,25,0.000000714373
0x2789,25,0.000000714373
0x27a8,3036,0.000086753399
0x27ab,3036,0.000086753399
0x27ac,3036,0.000086753399
0x27af,3036,0.000086753399
0x27b0,3036,0.000086753399
0x27b1,3036,0.000086753399
0x27b4,3036,0.000086753399
0x27b6,3036,0.000086753399
0x27b7,3036,0.000086753399
0x27b8,3036,0.000086753399
0x27ba,3036,0.000086753399
0x27bd,2652,0.000075780637
0x27c0,2652,0.000075780637
0x27c1,2652,0.000075780637
0x27c2,2652,0.000075780637
0x27c5,2604,0.000074409042
0x27c7,2604,0.000074409042
0x27c8,2604,0.000074409042
0x27c9,2604,0.000074409042
0x27ca,1472,0.000042062254
0x27cc,1472,0.000042062254
0x27cf,1410,0.000040290610
0x27d0,1410,0.000040290610
0x27d2,1410,0.000040290610
0x27d3,1410,0.000040290610
0x27d5,1410,0.000040290610
0x27d6,1410,0.000040290610
0x27d8,62,0.000001771644
0x27da,62,0.000001771644
0x27dc,62,0.000001771644
0x27dd,62,0.000001771644
0x27df,62,0.000001771644
0x27e0,62,0.000001771644
0x27e2,48,0.000001371595
0x27e4,48,0.000001371595
0x27e9,48,0.000001371595
0x27ea,48,0.000001371595
0x27ec,48,0.000001371595
0x27ee,48,0.000001371595
0x3000,2360,0.000067436766
0x3003,2360,0.000067436766
0x3004,2360,0.000067436766
0x3005,2360,0.000067436766
0x3007,2360,0.000067436766
0x300a,2360,0.000067436766
0x300b,2360,0.000067436766
0x300c,2360,0.000067436766
0x300d,2360,0.000067436766
0x300e,2360,0.000067436766
0x300f,2360,0.000067436766
0x3010,2360,0.000067436766
0x3011,2360,0.000067436766
0x3012,293,0.000008372446
0x3028,299,0.000008543895
0x302b,299,0.000008543895
0x302c,299,0.000008543895
0x302e,299,0.000008543895
0x302f,299,0.000008543895
0x3031,299,0.000008543895
0x3032,299,0.000008543895
0x3034,299,0.000008543895
0x3035,266,0.000007600924
0x3037,266,0.000007600924
0x3038,266,0.000007600924
0x3039,266,0.000007600924
0x303c,253,0.000007229450
0x303d,253,0.000007229450
0x303e,3,0.000000085725
0x303f,3,0.000000085725
0x3040,3,0.000000085725
0x3042,3,0.000000085725
0x3044,3,0.000000085725
0x3046,3,0.000000085725
0x3048,3,0.000000085725
0x3049,3,0.000000085725
0x304b,3,0.000000085725
0x304d,3,0.000000085725
0x304f,3,0.000000085725
0x3050,3,0.000000085725
0x3052,3,0.000000085725
0x3055,3,0.000000085725
0x3056,3,0.000000085725
0x3057,3,0.000000085725
0x3059,3,0.000000085725
0x305c,13,0.000000371474
0x305f,13,0.000000371474
0x3062,13,0.000000371474
0x3063,13,0.000000371474
0x3064,13,0.000000371474
0x3065,13,0.000000371474
0x3066,13,0.000000371474
0x3067,13,0.000000371474
0x3068,13,0.000000371474
0x306a,13,0.000000371474
0x306c,13,0.000000371474
0x306d,13,0.000000371474
0x3074,60,0.000001714494
0x3077,60,0.000001714494
0x3078,60,0.000001714494
0x3079,60,0.000001714494
0x307a,60,0.000001714494
0x307c,60,0.000001714494
0x307d,60,0.000001714494
0x307f,60,0.000001714494
0x3080,60,0.000001714494
0x3081,60,0.000001714494
0x3082,60,0.000001714494
0x3084,60,0.000001714494
0x3089,60,0.000001714494
0x308a,60,0.000001714494
0x308b,60,0.000001714494
0x308c,60,0.000001714494
0x308d,60,0.000001714494
0x308f,60,0.000001714494
0x3090,60,0.000001714494
0x3092,60,0.000001714494
0x3093,60,0.000001714494
0x3094,60,0.000001714494
0x3095,60,0.000001714494
0x3098,60,0.000001714494
0x309a,60,0.000001714494
0x309d,5,0.000000142875
0x309f,60,0.000001714494
0x30a0,60,0.000001714494
0x30a1,60,0.000001714494
0x30a4,60,0.000001714494
0x30a6,60,0.000001714494
0x30a7,60,0.000001714494
0x30a8,60,0.000001714494
0x30aa,3595,0.000102726768
0x30ad,3595,0.000102726768
0x30ae,3595,0.000102726768
0x30af,3595,0.000102726768
0x30b0,3595,0.000102726768
0x30b1,3595,0.000102726768
0x30b3,3595,0.000102726768
0x30b5,3595,0.000102726768
0x30b6,3595,0.000102726768
0x30b8,3595,0.000102726768
0x30ba,295,0.000008429596
0x30bd,295,0.000008429596
0x30c0,295,0.000008429596
0x30c3,295,0.000008429596
0x30c6,295,0.000008429596
0x30c8,295,0.000008429596
0x30c9,295,0.000008429596
0x30ca,295,0.000008429596
0x30cb,196,0.000005600681
0x30cd,196,0.000005600681
0x30ce,196,0.000005600681
0x30cf,196,0.000005600681
0x30d2,149,0.000004257660
0x30d3,149,0.000004257660
0x30d4,38,0.000001085846
0x30d6,38,0.000001085846
0x30d8,38,0.000001085846
0x30da,885,0.000025288787
0x30db,885,0.000025288787
0x30dc,885,0.000025288787
0x30dd,885,0.000025288787
0x30de,425,0.000012144333
0x30df,425,0.000012144333
0x30e4,47,0.000001343020
0x30e7,47,0.000001343020
0x30ea,47,0.000001343020
0x30eb,47,0.000001343020
0x30ed,47,0.000001343020
0x30f2,47,0.000001343020
0x30f3,47,0.000001343020
0x30f5,47,0.000001343020
0x30f6,47,0.000001343020
0x30f7,47,0.000001343020
0x30f8,47,0.000001343020
0x30fa,47,0.000001343020
0x30fc,47,0.000001343020
0x30ff,47,0.000001343020
0x3102,47,0.000001343020
0x3105,47,0.000001343020
0x3106,47,0.000001343020
0x3107,47,0.000001343020
0x3108,47,0.000001343020
0x310a,47,0.000001343020
0x310c,47,0.000001343020
0x310e,47,0.000001343020
0x310f,47,0.000001343020
0x3112,141,0.000004029061
0x3113,141,0.000004029061
0x3114,141,0.000004029061
0x3115,141,0.000004029061
0x3116,91,0.000002600316
0x3117,91,0.000002600316
0x3118,91,0.000002600316
0x311a,91,0.000002600316
0x311b,91,0.000002600316
0x311c,91,0.000002600316
0x311d,91,0.000002600316
0x311e,47,0.000001343020
0x311f,47,0.000001343020
0x3121,47,0.000001343020
0x3124,295,0.000008429596
0x3127,295,0.000008429596
0x3128,295,0.000008429596
0x312a,295,0.000008429596
0x312b,38,0.000001085846
0x312d,38,0.000001085846
0x312f,38,0.000001085846
0x3130,38,0.000001085846
0x3131,38,0.000001085846
0x3132,38,0.000001085846
0x3134,38,0.000001085846
0x3136,38,0.000001085846
0x3138,38,0.000001085846
0x313d,38,0.000001085846
0x313f,38,0.000001085846
0x3140,38,0.000001085846
0x3141,38,0.000001085846
0x3144,38,0.000001085846
0x3145,38,0.000001085846
0x3146,38,0.000001085846
0x3149,29,0.000000828672
0x314b,38,0.000001085846
0x314d,38,0.000001085846
0x314e,38,0.000001085846
0x315a,293,0.000008372446
0x315d,293,0.000008372446
0x315e,293,0.000008372446
0x3160,293,0.000008372446
0x3161,100,0.000002857490
0x3164,100,0.000002857490
0x3165,100,0.000002857490
0x3166,100,0.000002857490
0x3167,100,0.000002857490
0x3169,100,0.000002857490
0x316a,100,0.000002857490
0x316c,100,0.000002857490
0x316d,100,0.000002857490
0x316e,100,0.000002857490
0x316f,100,0.000002857490
0x3171,100,0.000002857490
0x3172,100,0.000002857490
0x3174,100,0.000002857490
0x3176,100,0.000002857490
0x3177,100,0.000002857490
0x3178,100,0.000002857490
0x3179,1104,0.000031546691
0x317c,1067,0.000030489419
0x317d,1067,0.000030489419
0x317e,1067,0.000030489419
0x317f,1067,0.000030489419
0x3180,1067,0.000030489419
0x3181,1067,0.000030489419
0x3182,1067,0.000030489419
0x3183,1067,0.000030489419
0x3186,68,0.000001943093
0x3188,68,0.000001943093
0x318a,1067,0.000030489419
0x318b,1067,0.000030489419
0x318e,63,0.000001800219
0x3192,1104,0.000031546691
0x3193,1104,0.000031546691
0x3195,1104,0.000031546691
0x3196,756,0.000021602625
0x3199,756,0.000021602625
0x319a,756,0.000021602625
0x319b,37,0.000001057271
0x319e,37,0.000001057271
0x319f,37,0.000001057271
0x31a0,37,0.000001057271
0x31a1,37,0.000001057271
0x31a2,37,0.000001057271
0x31a3,37,0.000001057271
0x31a4,37,0.000001057271
0x31a7,37,0.000001057271
0x31a9,37,0.000001057271
0x31ac,37,0.000001057271
0x31ad,37,0.000001057271
0x31b4,293,0.000008372446
0x31b7,293,0.000008372446
0x31b9,293,0.000008372446
0x31ba,37,0.000001057271
0x31bd,37,0.000001057271
0x31bf,37,0.000001057271
0x31c0,37,0.000001057271
0x31c2,37,0.000001057271
0x31c3,37,0.000001057271
0x31c5,37,0.000001057271
0x31c6,37,0.000001057271
0x31c7,37,0.000001057271
0x31c8,37,0.000001057271
0x31cb,37,0.000001057271
0x31cd,37,0.000001057271
0x31ce,37,0.000001057271
0x31d1,18,0.000000514348
0x31d2,18,0.000000514348
0x31d3,18,0.000000514348
0x31d4,18,0.000000514348
0x31d6,37,0.000001057271
0x31d7,37,0.000001057271
0x31d8,37,0.000001057271
0x31d9,37,0.000001057271
0x31da,37,0.000001057271
0x31dc,37,0.000001057271
0x31de,37,0.000001057271
0x31df,37,0.000001057271
0x31e1,37,0.000001057271
0x31e2,37,0.000001057271
0x31e3,37,0.000001057271
0x31e4,37,0.000001057271
0x31e5,37,0.000001057271
0x31e6,37,0.000001057271
0x31e7,37,0.000001057271
0x31e8,37,0.000001057271
0x31e9,37,0.000001057271
0x31ec,37,0.000001057271
0x31ed,37,0.000001057271
0x31f0,37,0.000001057271
0x31f1,37,0.000001057271
0x31f2,37,0.000001057271
0x31f4,37,0.000001057271
0x31f5,37,0.000001057271
0x31f7,37,0.000001057271
0x31f8,37,0.000001057271
0x31fb,37,0.000001057271
0x31fd,37,0.000001057271
0x31fe,37,0.000001057271
0x31ff,37,0.000001057271
0x3201,37,0.000001057271
0x3202,37,0.000001057271
0x3203,37,0.000001057271
0x3204,37,0.000001057271
0x3207,37,0.000001057271
0x3209,37,0.000001057271
0x320a,37,0.000001057271
0x320b,37,0.000001057271
0x320c,37,0.000001057271
0x320d,37,0.000001057271
0x3210,37,0.000001057271
0x3213,37,0.000001057271
0x3215,37,0.000001057271
0x3216,30,0.000000857247
0x3217,30,0.000000857247
0x3219,30,0.000000857247
0x321b,30,0.000000857247
0x321c,2,0.000000057150
0x321e,2,0.000000057150
0x3220,2,0.000000057150
0x322c,293,0.000008372446
0x322f,293,0.000008372446
0x3231,293,0.000008372446
0x3232,36,0.000001028696
0x3235,36,0.000001028696
0x3238,36,0.000001028696
0x323b,36,0.000001028696
0x323c,36,0.000001028696
0x323f,36,0.000001028696
0x3240,330,0.000009429717
0x3241,330,0.000009429717
0x3243,330,0.000009429717
0x3246,315,0.000009001094
0x3247,315,0.000009001094
0x3248,315,0.000009001094
0x3249,282,0.000008058122
0x324a,282,0.000008058122
0x324b,282,0.000008058122
0x324c,282,0.000008058122
0x324d,282,0.000008058122
0x324e,297,0.000008486746
0x324f,297,0.000008486746
0x3250,297,0.000008486746
0x3251,297,0.000008486746
0x3253,297,0.000008486746
0x3254,297,0.000008486746
0x3256,297,0.000008486746
0x3259,3,0.000000085725
0x325b,3,0.000000085725
0x325e,3,0.000000085725
0x3264,299,0.000008543895
0x3267,299,0.000008543895
0x3268,299,0.000008543895
0x326b,299,0.000008543895
0x326c,299,0.000008543895
0x326e,299,0.000008543895
0x326f,299,0.000008543895
0x3271,299,0.000008543895
0x3272,299,0.000008543895
0x3274,299,0.000008543895
0x3275,40,0.000001142996
0x3277,40,0.000001142996
0x3279,40,0.000001142996
0x327a,40,0.000001142996
0x327b,40,0.000001142996
0x327c,40,0.000001142996
0x327e,40,0.000001142996
0x3281,40,0.000001142996
0x3282,40,0.000001142996
0x3285,40,0.000001142996
0x3286,40,0.000001142996
0x3287,40,0.000001142996
0x3289,40,0.000001142996
0x328a,40,0.000001142996
0x328b,40,0.000001142996
0x328d,40,0.000001142996
0x328e,40,0.000001142996
0x328f,106,0.000003028939
0x3290,106,0.000003028939
0x3291,106,0.000003028939
0x3292,106,0.000003028939
0x3295,100,0.000002857490
0x3296,100,0.000002857490
0x3297,100,0.000002857490
0x329a,98,0.000002800340
0x329b,98,0.000002800340
0x329e,98,0.000002800340
0x329f,98,0.000002800340
0x32a0,98,0.000002800340
0x32a3,98,0.000002800340
0x32a4,106,0.000003028939
0x32a5,106,0.000003028939
0x32a6,106,0.000003028939
0x32a9,3,0.000000085725
0x32ab,106,0.000003028939
0x32ac,106,0.000003028939
0x32af,40,0.000001142996
0x32b0,30,0.000000857247
0x32b3,30,0.000000857247
0x32b5,30,0.000000857247
0x32b8,30,0.000000857247
0x32ba,30,0.000000857247
0x32bc,30,0.000000857247
0x32bf,30,0.000000857247
0x32c2,30,0.000000857247
0x32c3,30,0.000000857247
0x32c4,6,0.000000171449
0x32c5,6,0.000000171449
0x32c6,6,0.000000171449
0x32c7,6,0.000000171449
0x32c8,6,0.000000171449
0x32cb,6,0.000000171449
0x32cd,6,0.000000171449
0x32d0,6,0.000000171449
0x32d2,6,0.000000171449
0x32d4,6,0.000000171449
0x32d6,6,0.000000171449
0x32d7,6,0.000000171449
0x32d9,6,0.000000171449
0x32da,6,0.000000171449
0x32dc,6,0.000000171449
0x32dd,6,0.000000171449
0x32de,6,0.000000171449
0x32e1,6,0.000000171449
0x32e2,6,0.000000171449
0x32e3,6,0.000000171449
0x3400,1896,0.000054178012
0x3403,1896,0.000054178012
0x3406,1896,0.000054178012
0x3409,1896,0.000054178012
0x340c,1896,0.000054178012
0x340f,1896,0.000054178012
0x3412,1896,0.000054178012
0x3413,1896,0.000054178012
0x3416,1896,0.000054178012
0x3418,1896,0.000054178012
0x3438,1896,0.000054178012
0x343b,1896,0.000054178012
0x343c,1896,0.000054178012
0x343f,948,0.000027089006
0x3442,948,0.000027089006
0x3445,948,0.000027089006
0x3448,948,0.000027089006
0x344b,948,0.000027089006
0x3452,948,0.000027089006
0x3455,948,0.000027089006
0x3458,948,0.000027089006
0x345b,948,0.000027089006
0x3474,948,0.000027089006
0x3477,3792,0.000108356024
0x3478,3792,0.000108356024
0x347b,3792,0.000108356024
0x347c,3792,0.000108356024
0x347d,3792,0.000108356024
0x347f,3792,0.000108356024
0x3480,3792,0.000108356024
0x3482,3792,0.000108356024
0x3485,948,0.000027089006
0x3486,948,0.000027089006
0x3489,3792,0.000108356024
0x348a,3792,0.000108356024
0x348d,3792,0.000108356024
0x348e,3792,0.000108356024
0x348f,3792,0.000108356024
0x3491,3792,0.000108356024
0x3492,3792,0.000108356024
0x3494,3792,0.000108356024
0x3497,948,0.000027089006
0x3498,948,0.000027089006
0x349b,3792,0.000108356024
0x349c,3792,0.000108356024
0x349f,3792,0.000108356024
0x34a0,3792,0.000108356024
0x34a1,3792,0.000108356024
0x34a3,3792,0.000108356024
0x34a4,3792,0.000108356024
0x34a6,3792,0.000108356024
0x34a9,948,0.000027089006
0x34aa,948,0.000027089006
0x34ad,3792,0.000108356024
0x34ae,3792,0.000108356024
0x34b1,3792,0.000108356024
0x34b2,3792,0.000108356024
0x34b3,3792,0.000108356024
0x34b5,3792,0.000108356024
0x34b6,3792,0.000108356024
0x34b8,3792,0.000108356024
0x34bb,948,0.000027089006
0x34c0,8112,0.000231799596
0x34c1,8112,0.000231799596
0x34c2,8112,0.000231799596
0x34c3,6522,0.000186365503
0x34c4,6522,0.000186365503
0x34c6,6522,0.000186365503
0x34c7,6522,0.000186365503
0x34c9,6522,0.000186365503
0x34ca,6522,0.000186365503
0x34cb,6522,0.000186365503
0x34cc,6522,0.000186365503
0x34cd,6522,0.000186365503
0x34ce,6522,0.000186365503
0x34cf,6522,0.000186365503
0x34d0,6522,0.000186365503
0x34d1,6522,0.000186365503
0x34d2,6522,0.000186365503
0x34d3,6522,0.000186365503
0x34d4,6522,0.000186365503
0x34d5,6522,0.000186365503
0x34d7,6522,0.000186365503
0x34d8,6522,0.000186365503
0x34da,6522,0.000186365503
0x34db,6522,0.000186365503
0x34dc,6522,0.000186365503
0x34dd,6522,0.000186365503
0x34de,6531,0.000186622677
0x34df,6531,0.000186622677
0x34e1,6531,0.000186622677
0x34e4,756,0.000021602625
0x34e5,756,0.000021602625
0x34e7,756,0.000021602625
0x34ea,303,0.000008658195
0x34ec,303,0.000008658195
0x34ed,303,0.000008658195
0x34ee,303,0.000008658195
0x34f0,303,0.000008658195
0x34f1,303,0.000008658195
0x34f3,303,0.000008658195
0x34f6,144,0.000004114786
0x34f8,144,0.000004114786
0x34f9,144,0.000004114786
0x34fa,144,0.000004114786
0x34fc,144,0.000004114786
0x34fd,144,0.000004114786
0x34ff,144,0.000004114786
0x3509,303,0.000008658195
0x350a,303,0.000008658195
0x350b,303,0.000008658195
0x350c,6531,0.000186622677
0x350e,6531,0.000186622677
0x350f,6531,0.000186622677
0x3512,6531,0.000186622677
0x3513,6531,0.000186622677
0x3515,6531,0.000186622677
0x3516,6531,0.000186622677
0x3518,6531,0.000186622677
0x3519,6531,0.000186622677
0x3520,48,0.000001371595
0x3521,48,0.000001371595
0x3522,48,0.000001371595
0x3523,48,0.000001371595
0x3524,48,0.000001371595
0x3525,48,0.000001371595
0x3526,48,0.000001371595
0x3527,48,0.000001371595
0x3528,2050,0.000058578547
0x3529,2050,0.000058578547
0x352a,2050,0.000058578547
0x352b,2050,0.000058578547
0x352c,2050,0.000058578547
0x352d,2050,0.000058578547
0x352e,2050,0.000058578547
0x352f,2050,0.000058578547
0x3530,2452,0.000070065657
0x3531,2452,0.000070065657
0x3532,2452,0.000070065657
0x3533,2452,0.000070065657
0x3534,2452,0.000070065657
0x3535,2452,0.000070065657
0x3536,2452,0.000070065657
0x3537,2452,0.000070065657
0x3538,2888,0.000082524314
0x3539,2888,0.000082524314
0x353a,2888,0.000082524314
0x353b,2888,0.000082524314
0x353c,2888,0.000082524314
0x353d,2888,0.000082524314
0x353e,2888,0.000082524314
0x353f,2888,0.000082524314
0x3540,6661,0.000190337414
0x3541,6661,0.000190337414
0x3542,6661,0.000190337414
0x3543,6661,0.000190337414
0x3544,6661,0.000190337414
0x3545,6661,0.000190337414
0x3546,6661,0.000190337414
0x3547,6661,0.000190337414
0x3548,7214,0.000206139335
0x3549,7214,0.000206139335
0x354a,7214,0.000206139335
0x354b,7214,0.000206139335
0x354c,7214,0.000206139335
0x354d,7214,0.000206139335
0x354e,7214,0.000206139335
0x354f,7214,0.000206139335
0x3550,7262,0.000207510930
0x3551,7262,0.000207510930
0x3552,7262,0.000207510930
0x3553,7262,0.000207510930
0x3554,7262,0.000207510930
0x3555,7262,0.000207510930
0x3556,7262,0.000207510930
0x3557,7262,0.000207510930
0x3558,7262,0.000207510930
0x355a,7262,0.000207510930
0x355b,7262,0.000207510930
0x355d,7262,0.000207510930
0x3560,1896,0.000054178012
0x3563,1896,0.000054178012
0x3564,1896,0.000054178012
0x3565,1896,0.000054178012
0x3566,1896,0.000054178012
0x3567,1896,0.000054178012
0x3568,1896,0.000054178012
0x3569,1896,0.000054178012
0x356a,1896,0.000054178012
0x356d,1896,0.000054178012
0x3570,1896,0.000054178012
0x3572,1896,0.000054178012
0x3577,1896,0.000054178012
0x3579,1896,0.000054178012
0x357a,1896,0.000054178012
0x357b,1896,0.000054178012
0x357e,1896,0.000054178012
0x357f,1896,0.000054178012
0x3581,1896,0.000054178012
0x3584,1896,0.000054178012
0x3586,1896,0.000054178012
0x3587,1896,0.000054178012
0x3588,1896,0.000054178012
0x3589,1896,0.000054178012
0x358c,1896,0.000054178012
0x358d,1896,0.000054178012
0x358e,1896,0.000054178012
0x3590,1896,0.000054178012
0x3591,1896,0.000054178012
0x3593,1896,0.000054178012
0x3594,1896,0.000054178012
0x3596,1896,0.000054178012
0x3597,1896,0.000054178012
0x359a,1896,0.000054178012
0x359b,1896,0.000054178012
0x359c,1896,0.000054178012
0x359d,1896,0.000054178012
0x359f,1896,0.000054178012
0x35a2,1896,0.000054178012
0x35b0,7584,0.000216712048
0x35b1,7584,0.000216712048
0x35b2,7584,0.000216712048
0x35b3,5994,0.000171277956
0x35b4,5994,0.000171277956
0x35b5,5994,0.000171277956
0x35b6,5994,0.000171277956
0x35b7,5994,0.000171277956
0x35b8,5994,0.000171277956
0x35b9,5994,0.000171277956
0x35ba,5994,0.000171277956
0x35bd,5352,0.000152932869
0x35be,5994,0.000171277956
0x35bf,5994,0.000171277956
0x35c0,5994,0.000171277956
0x35c1,5994,0.000171277956
0x35c2,5994,0.000171277956
0x35c3,5994,0.000171277956
0x35c4,5994,0.000171277956
0x35c5,5994,0.000171277956
0x35c7,5994,0.000171277956
0x35c8,5994,0.000171277956
0x35c9,5994,0.000171277956
0x35ca,5994,0.000171277956
0x35cb,5994,0.000171277956
0x35cc,5994,0.000171277956
0x35cd,5994,0.000171277956
0x35ce,5994,0.000171277956
0x35cf,5994,0.000171277956
0x35d0,5994,0.000171277956
0x35d1,5994,0.000171277956
0x35d2,5994,0.000171277956
0x35d3,5994,0.000171277956
0x35d4,5994,0.000171277956
0x35d5,5994,0.000171277956
0x35d6,5994,0.000171277956
0x35d7,5994,0.000171277956
0x35d8,5994,0.000171277956
0x35d9,5994,0.000171277956
0x35da,5994,0.000171277956
0x35db,5994,0.000171277956
0x35e0,4404,0.000125843863
0x35e1,4404,0.000125843863
0x35e2,4404,0.000125843863
0x35e3,4404,0.000125843863
0x35e5,4404,0.000125843863
0x35e8,2322,0.000066350920
0x35e9,2322,0.000066350920
0x35ea,2322,0.000066350920
0x35eb,2322,0.000066350920
0x35ec,2322,0.000066350920
0x35ed,2322,0.000066350920
0x35ee,2322,0.000066350920
0x35ef,2322,0.000066350920
0x35f0,2322,0.000066350920
0x35f1,2322,0.000066350920
0x35f3,2322,0.000066350920
0x35f6,672,0.000019202333
0x35f8,672,0.000019202333
0x35f9,672,0.000019202333
0x35fa,672,0.000019202333
0x35fb,672,0.000019202333
0x35fd,672,0.000019202333
0x35fe,672,0.000019202333
0x3601,87,0.000002486016
0x3602,87,0.000002486016
0x3603,87,0.000002486016
0x3604,672,0.000019202333
0x3605,672,0.000019202333
0x3606,672,0.000019202333
0x3607,672,0.000019202333
0x3608,672,0.000019202333
0x3609,672,0.000019202333
0x360a,672,0.000019202333
0x360b,672,0.000019202333
0x360c,672,0.000019202333
0x360e,672,0.000019202333
0x360f,672,0.000019202333
0x3612,618,0.000017659289
0x3613,618,0.000017659289
0x3614,618,0.000017659289
0x3615,618,0.000017659289
0x3616,618,0.000017659289
0x3618,618,0.000017659289
0x3619,618,0.000017659289
0x361a,618,0.000017659289
0x361b,618,0.000017659289
0x361c,417,0.000011915734
0x361f,417,0.000011915734
0x3620,417,0.000011915734
0x3621,417,0.000011915734
0x3622,150,0.000004286235
0x3623,150,0.000004286235
0x3624,150,0.000004286235
0x3628,2082,0.000059492944
0x362a,2082,0.000059492944
0x362d,2031,0.000058035624
0x362e,2031,0.000058035624
0x362f,2031,0.000058035624
0x3630,2031,0.000058035624
0x3631,2031,0.000058035624
0x3632,2031,0.000058035624
0x3633,2031,0.000058035624
0x3634,2031,0.000058035624
0x3635,2031,0.000058035624
0x3636,2031,0.000058035624
0x3637,2031,0.000058035624
0x363a,630,0.000018002188
0x363c,630,0.000018002188
0x363d,630,0.000018002188
0x363e,630,0.000018002188
0x363f,630,0.000018002188
0x3641,630,0.000018002188
0x3642,630,0.000018002188
0x3645,84,0.000002400292
0x3646,84,0.000002400292
0x3647,84,0.000002400292
0x3648,630,0.000018002188
0x3649,630,0.000018002188
0x364a,630,0.000018002188
0x364b,630,0.000018002188
0x364c,630,0.000018002188
0x364d,630,0.000018002188
0x364e,630,0.000018002188
0x364f,630,0.000018002188
0x3650,630,0.000018002188
0x3651,630,0.000018002188
0x3652,630,0.000018002188
0x3654,630,0.000018002188
0x3655,630,0.000018002188
0x3656,630,0.000018002188
0x3657,630,0.000018002188
0x365a,480,0.000013715952
0x365d,480,0.000013715952
0x365e,480,0.000013715952
0x3661,132,0.000003771887
0x3662,132,0.000003771887
0x3663,630,0.000018002188
0x3665,630,0.000018002188
0x3666,630,0.000018002188
0x366a,1650,0.000047148586
0x366b,1650,0.000047148586
0x366c,1650,0.000047148586
0x366d,57,0.000001628769
0x366e,57,0.000001628769
0x366f,57,0.000001628769
0x3670,57,0.000001628769
0x3671,57,0.000001628769
0x3672,54,0.000001543045
0x3673,54,0.000001543045
0x3674,54,0.000001543045
0x3675,54,0.000001543045
0x3676,54,0.000001543045
0x3679,54,0.000001543045
0x367b,54,0.000001543045
0x367c,54,0.000001543045
0x367f,54,0.000001543045
0x3680,54,0.000001543045
0x3683,54,0.000001543045
0x3684,54,0.000001543045
0x3686,54,0.000001543045
0x3689,54,0.000001543045
0x368a,54,0.000001543045
0x368b,54,0.000001543045
0x368d,54,0.000001543045
0x368e,51,0.000001457320
0x3690,51,0.000001457320
0x3691,39,0.000001114421
0x3692,39,0.000001114421
0x3695,1401,0.000040033436
0x3696,1401,0.000040033436
0x3697,1401,0.000040033436
0x3698,1401,0.000040033436
0x3699,1401,0.000040033436
0x369a,1401,0.000040033436
0x369b,1401,0.000040033436
0x369c,1401,0.000040033436
0x369d,36,0.000001028696
0x369e,36,0.000001028696
0x36a0,36,0.000001028696
0x36a1,36,0.000001028696
0x36a4,36,0.000001028696
0x36a6,36,0.000001028696
0x36a7,36,0.000001028696
0x36aa,33,0.000000942972
0x36ab,36,0.000001028696
0x36ae,36,0.000001028696
0x36b0,36,0.000001028696
0x36b3,36,0.000001028696
0x36b4,36,0.000001028696
0x36b6,36,0.000001028696
0x36b7,36,0.000001028696
0x36b9,36,0.000001028696
0x36ba,36,0.000001028696
0x36bb,36,0.000001028696
0x36c0,1590,0.000045434092
0x36c1,1590,0.000045434092
0x36c2,1590,0.000045434092
0x36c3,795,0.000022717046
0x36c4,795,0.000022717046
0x36c5,795,0.000022717046
0x36c6,795,0.000022717046
0x36c8,795,0.000022717046
0x36c9,795,0.000022717046
0x36d2,1920,0.000054863810
0x36d3,1920,0.000054863810
0x36d4,1920,0.000054863810
0x36d5,1920,0.000054863810
0x36d6,1920,0.000054863810
0x36d7,1920,0.000054863810
0x36d8,72,0.000002057393
0x36d9,72,0.000002057393
0x36da,72,0.000002057393
0x36db,72,0.000002057393
0x36dc,72,0.000002057393
0x36dd,72,0.000002057393
0x36de,72,0.000002057393
0x36e1,72,0.000002057393
0x36e3,72,0.000002057393
0x36e6,72,0.000002057393
0x36ea,1890,0.000054006563
0x36eb,1890,0.000054006563
0x36ec,1890,0.000054006563
0x36ed,1890,0.000054006563
0x36ee,1890,0.000054006563
0x36ef,1890,0.000054006563
0x36f0,558,0.000015944795
0x36f1,558,0.000015944795
0x36f2,558,0.000015944795
0x36f3,558,0.000015944795
0x36f5,558,0.000015944795
0x36f6,36,0.000001028696
0x36f7,36,0.000001028696
0x36f8,36,0.000001028696
0x36f9,36,0.000001028696
0x36fa,36,0.000001028696
0x36fb,36,0.000001028696
0x36fc,36,0.000001028696
0x36fd,36,0.000001028696
0x36fe,36,0.000001028696
0x3701,36,0.000001028696
0x3703,36,0.000001028696
0x3706,36,0.000001028696
0x370a,2184,0.000062407583
0x370b,2184,0.000062407583
0x370c,2184,0.000062407583
0x370d,2184,0.000062407583
0x370e,2184,0.000062407583
0x370f,2184,0.000062407583
0x3710,186,0.000005314932
0x3711,186,0.000005314932
0x3712,186,0.000005314932
0x3713,186,0.000005314932
0x3715,186,0.000005314932
0x3716,66,0.000001885943
0x3717,66,0.000001885943
0x3718,66,0.000001885943
0x3719,66,0.000001885943
0x371a,66,0.000001885943
0x371b,66,0.000001885943
0x371c,66,0.000001885943
0x371d,66,0.000001885943
0x371e,66,0.000001885943
0x3721,66,0.000001885943
0x3723,66,0.000001885943
0x3726,66,0.000001885943
0x3729,66,0.000001885943
0x372a,66,0.000001885943
0x372c,66,0.000001885943
0x372d,33,0.000000942972
0x372e,33,0.000000942972
0x3730,33,0.000000942972
0x3731,33,0.000000942972
0x3732,33,0.000000942972
0x3733,33,0.000000942972
0x3734,33,0.000000942972
0x3735,33,0.000000942972
0x3736,33,0.000000942972
0x3739,33,0.000000942972
0x373b,33,0.000000942972
0x373e,33,0.000000942972
0x3744,51,0.000001457320
0x3746,51,0.000001457320
0x3747,51,0.000001457320
0x3748,51,0.000001457320
0x3749,51,0.000001457320
0x374a,51,0.000001457320
0x374c,51,0.000001457320
0x374d,51,0.000001457320
0x374e,51,0.000001457320
0x3750,51,0.000001457320
0x3751,51,0.000001457320
0x3752,6,0.000000171449
0x3753,6,0.000000171449
0x3754,6,0.000000171449
0x3758,11566,0.000330497303
0x3759,11566,0.000330497303
0x375a,11566,0.000330497303
0x375b,48,0.000001371595
0x375c,48,0.000001371595
0x375f,45,0.000001285871
0x3760,45,0.000001285871
0x3761,45,0.000001285871
0x3764,24,0.000000685798
0x3766,24,0.000000685798
0x3767,24,0.000000685798
0x3769,24,0.000000685798
0x376a,24,0.000000685798
0x376b,24,0.000000685798
0x376c,24,0.000000685798
0x376d,24,0.000000685798
0x376e,24,0.000000685798
0x376f,24,0.000000685798
0x3770,24,0.000000685798
0x3771,24,0.000000685798
0x3772,24,0.000000685798
0x3773,24,0.000000685798
0x3774,24,0.000000685798
0x3777,24,0.000000685798
0x377a,24,0.000000685798
0x377b,24,0.000000685798
0x377c,24,0.000000685798
0x377d,24,0.000000685798
0x377e,24,0.000000685798
0x3780,24,0.000000685798
0x3781,24,0.000000685798
0x3782,24,0.000000685798
0x3783,24,0.000000685798
0x3786,24,0.000000685798
0x3787,24,0.000000685798
0x3788,24,0.000000685798
0x3789,24,0.000000685798
0x378c,24,0.000000685798
0x378e,24,0.000000685798
0x378f,24,0.000000685798
0x3791,24,0.000000685798
0x3792,24,0.000000685798
0x3796,24,0.000000685798
0x3798,24,0.000000685798
0x3799,24,0.000000685798
0x379b,24,0.000000685798
0x379e,9,0.000000257174
0x379f,24,0.000000685798
0x37a0,24,0.000000685798
0x37a1,24,0.000000685798
0x37a4,24,0.000000685798
0x37a5,24,0.000000685798
0x37a6,24,0.000000685798
0x37a7,24,0.000000685798
0x37aa,24,0.000000685798
0x37b0,21,0.000000600073
0x37b1,21,0.000000600073
0x37b2,21,0.000000600073
0x37b3,21,0.000000600073
0x37b4,21,0.000000600073
0x37b5,21,0.000000600073
0x37b6,21,0.000000600073
0x37b7,21,0.000000600073
0x37b8,21,0.000000600073
0x37b9,21,0.000000600073
0x37ba,21,0.000000600073
0x37bb,21,0.000000600073
0x37be,21,0.000000600073
0x37c0,21,0.000000600073
0x37c1,21,0.000000600073
0x37c4,21,0.000000600073
0x37c6,21,0.000000600073
0x37cc,3,0.000000085725
0x37cd,3,0.000000085725
0x37ce,3,0.000000085725
0x37cf,3,0.000000085725
0x37d0,3,0.000000085725
0x37d2,3,0.000000085725
0x37d4,3,0.000000085725
0x37d5,3,0.000000085725
0x37d7,3,0.000000085725
0x37da,3,0.000000085725
0x37dd,78,0.000002228842
0x37de,78,0.000002228842
0x37df,78,0.000002228842
0x37e0,78,0.000002228842
0x37e1,78,0.000002228842
0x37e2,78,0.000002228842
0x37e5,3,0.000000085725
0x3800,3792,0.000108356024
0x3803,3792,0.000108356024
0x3805,3792,0.000108356024
0x3806,1809,0.000051691996
0x3809,1809,0.000051691996
0x380b,1809,0.000051691996
0x380c,1809,0.000051691996
0x380f,1809,0.000051691996
0x3810,1809,0.000051691996
0x3813,1809,0.000051691996
0x3815,1809,0.000051691996
0x3816,1809,0.000051691996
0x3819,1809,0.000051691996
0x381a,1809,0.000051691996
0x381b,1809,0.000051691996
0x381d,1809,0.000051691996
0x381e,1809,0.000051691996
0x381f,1809,0.000051691996
0x3820,1809,0.000051691996
0x3822,1809,0.000051691996
0x3823,27,0.000000771522
0x3824,27,0.000000771522
0x3827,27,0.000000771522
0x3829,27,0.000000771522
0x382b,27,0.000000771522
0x382c,27,0.000000771522
0x382e,27,0.000000771522
0x382f,27,0.000000771522
0x3830,27,0.000000771522
0x3832,27,0.000000771522
0x3833,27,0.000000771522
0x3834,27,0.000000771522
0x3835,27,0.000000771522
0x3837,27,0.000000771522
0x3838,27,0.000000771522
0x3839,27,0.000000771522
0x383b,27,0.000000771522
0x383c,27,0.000000771522
0x383e,27,0.000000771522
0x3841,18,0.000000514348
0x3844,27,0.000000771522
0x3846,27,0.000000771522
0x3847,27,0.000000771522
0x3849,27,0.000000771522
0x384a,27,0.000000771522
0x384b,27,0.000000771522
0x384c,9,0.000000257174
0x384f,9,0.000000257174
0x3850,9,0.000000257174
0x3851,9,0.000000257174
0x3853,9,0.000000257174
0x3854,9,0.000000257174
0x3855,9,0.000000257174
0x3856,9,0.000000257174
0x3857,9,0.000000257174
0x3858,9,0.000000257174
0x3859,9,0.000000257174
0x385c,9,0.000000257174
0x385d,9,0.000000257174
0x385f,9,0.000000257174
0x3862,3,0.000000085725
0x3863,3,0.000000085725
0x3865,3,0.000000085725
0x3868,3,0.000000085725
0x386b,3,0.000000085725
0x386e,3,0.000000085725
0x386f,3,0.000000085725
0x3871,3,0.000000085725
0x3894,6,0.000000171449
0x3897,6,0.000000171449
0x3899,6,0.000000171449
0x389c,6,0.000000171449
0x38a1,9,0.000000257174
0x38a2,9,0.000000257174
0x38a4,9,0.000000257174
0x38a5,9,0.000000257174
0x38a6,9,0.000000257174
0x38a7,9,0.000000257174
0x38a8,9,0.000000257174
0x38a9,9,0.000000257174
0x38ac,9,0.000000257174
0x38ae,9,0.000000257174
0x38af,9,0.000000257174
0x38b1,9,0.000000257174
0x38b4,9,0.000000257174
0x38b5,9,0.000000257174
0x38bc,15,0.000000428624
0x38be,15,0.000000428624
0x38bf,15,0.000000428624
0x38c1,15,0.000000428624
0x38c2,15,0.000000428624
0x38c3,15,0.000000428624
0x38f8,6,0.000000171449
0x38fb,9,0.000000257174
0x38fc,9,0.000000257174
0x38fd,9,0.000000257174
0x3906,9,0.000000257174
0x3907,9,0.000000257174
0x3908,9,0.000000257174
0x3909,9,0.000000257174
0x390a,9,0.000000257174
0x390d,9,0.000000257174
0x390e,9,0.000000257174
0x390f,9,0.000000257174
0x3912,9,0.000000257174
0x3913,9,0.000000257174
0x3916,9,0.000000257174
0x3918,9,0.000000257174
0x391b,9,0.000000257174
0x391c,18,0.000000514348
0x391d,18,0.000000514348
0x391f,18,0.000000514348
0x3922,3,0.000000085725
0x3923,2652,0.000075780637
0x3930,948,0.000027089006
0x3933,948,0.000027089006
0x3935,948,0.000027089006
0x3937,948,0.000027089006
0x3938,948,0.000027089006
0x393a,948,0.000027089006
0x393b,948,0.000027089006
0x393c,948,0.000027089006
0x393d,948,0.000027089006
0x393f,948,0.000027089006
0x3942,474,0.000013544503
0x3945,474,0.000013544503
0x3946,474,0.000013544503
0x3947,474,0.000013544503
0x394a,474,0.000013544503
0x394b,474,0.000013544503
0x394c,2916,0.000083324411
0x394d,2916,0.000083324411
0x3950,2841,0.000081181293
0x3951,2841,0.000081181293
0x3952,2841,0.000081181293
0x3954,2841,0.000081181293
0x3955,2841,0.000081181293
0x3956,2841,0.000081181293
0x3959,399,0.000011401385
0x395c,2916,0.000083324411
0x395d,2916,0.000083324411
0x395f,2916,0.000083324411
0x3960,885,0.000025288787
0x3961,885,0.000025288787
0x3963,885,0.000025288787
0x3964,885,0.000025288787
0x3965,885,0.000025288787
0x3966,885,0.000025288787
0x3967,756,0.000021602625
0x3968,756,0.000021602625
0x3969,75,0.000002143118
0x396b,75,0.000002143118
0x396c,75,0.000002143118
0x396d,75,0.000002143118
0x396e,75,0.000002143118
0x396f,75,0.000002143118
0x3972,75,0.000002143118
0x3973,75,0.000002143118
0x3975,75,0.000002143118
0x3976,75,0.000002143118
0x3977,75,0.000002143118
0x3978,75,0.000002143118
0x397a,75,0.000002143118
0x397b,75,0.000002143118
0x3980,1896,0.000054178012
0x3983,1896,0.000054178012
0x3985,1896,0.000054178012
0x3986,6,0.000000171449
0x3988,6,0.000000171449
0x3a00,948,0.000027089006
0x3a03,948,0.000027089006
0x3a05,948,0.000027089006
0x3a06,948,0.000027089006
0x3a07,948,0.000027089006
0x3a08,948,0.000027089006
0x3a0b,948,0.000027089006
0x3a0c,948,0.000027089006
0x3a0d,948,0.000027089006
0x3a0e,474,0.000013544503
0x3a0f,474,0.000013544503
0x3a10,3036,0.000086753399
0x3a13,3036,0.000086753399
0x3a14,3036,0.000086753399
0x3a15,3036,0.000086753399
0x3a18,384,0.000010972762
0x3a1a,384,0.000010972762
0x3a1c,384,0.000010972762
0x3a1d,2652,0.000075780637
0x3a20,2652,0.000075780637
0x3a21,2652,0.000075780637
0x3a22,2652,0.000075780637
0x3a40,2652,0.000075780637
0x3a42,2652,0.000075780637
0x3a43,2652,0.000075780637
0x3a44,2652,0.000075780637
0x3a47,382,0.000010915612
0x3a49,382,0.000010915612
0x3a4c,25,0.000000714373
0x3a4e,382,0.000010915612
0x3a4f,382,0.000010915612
0x3a50,382,0.000010915612
0x3a51,382,0.000010915612
0x3a52,382,0.000010915612
0x3a53,382,0.000010915612
0x3a54,382,0.000010915612
0x3a56,382,0.000010915612
0x3a58,382,0.000010915612
0x3a5a,382,0.000010915612
0x3a5b,382,0.000010915612
0x3a5d,382,0.000010915612
0x3a5f,382,0.000010915612
0x3a62,2270,0.000064865025
0x3a64,2270,0.000064865025
0x3a65,2270,0.000064865025
0x3a66,2270,0.000064865025
0x3a82,2652,0.000075780637
0x3a85,2652,0.000075780637
0x3a86,2652,0.000075780637
0x3a88,2652,0.000075780637
0x3a90,2652,0.000075780637
0x3a93,2652,0.000075780637
0x3a94,2652,0.000075780637
0x3a95,2652,0.000075780637
0x3a98,1813,0.000051806295
0x3a9b,1813,0.000051806295
0x3a9e,1813,0.000051806295
0x3aa1,29008,0.000828900723
0x3aa2,29008,0.000828900723
0x3aa3,29008,0.000828900723
0x3aa4,29008,0.000828900723
0x3aa7,11951,0.000341498640
0x3aa8,11951,0.000341498640
0x3aaa,11951,0.000341498640
0x3aad,1652,0.000047205736
0x3aae,29008,0.000828900723
0x3aaf,29008,0.000828900723
0x3ab0,29008,0.000828900723
0x3ab1,29008,0.000828900723
0x3ab2,29008,0.000828900723
0x3ab5,1813,0.000051806295
0x3ab6,1813,0.000051806295
0x3ab7,1813,0.000051806295
0x3ab8,1211,0.000034604205
0x3aba,1211,0.000034604205
0x3abd,9,0.000000257174
0x3abf,1211,0.000034604205
0x3ac1,1211,0.000034604205
0x3ac2,1211,0.000034604205
0x3ac5,1211,0.000034604205
0x3ac6,1211,0.000034604205
0x3ac8,1211,0.000034604205
0x3ac9,1211,0.000034604205
0x3aca,1211,0.000034604205
0x3b1b,2652,0.000075780637
0x3b1e,2652,0.000075780637
0x3b1f,2652,0.000075780637
0x3b20,2652,0.000075780637
0x3b33,2652,0.000075780637
0x3b36,2652,0.000075780637
0x3b37,2652,0.000075780637
0x3b38,2652,0.000075780637
0x3b43,2652,0.000075780637
0x3b46,2652,0.000075780637
0x3b47,2652,0.000075780637
0x3b49,2652,0.000075780637
0x3b4c,2652,0.000075780637
0x3b4f,2652,0.000075780637
0x3b52,2652,0.000075780637
0x3b55,2652,0.000075780637
0x3b58,2652,0.000075780637
0x3b5b,2652,0.000075780637
