pc,count,frequency
0x0000,1,0.000000021677
0x0001,1,0.000000021677
0x0002,1,0.000000021677
0x0003,1,0.000000021677
0x0004,1,0.000000021677
0x0005,1,0.000000021677
0x0006,1,0.000000021677
0x0007,1,0.000000021677
0x0008,1,0.000000021677
0x000b,1,0.000000021677
0x000d,1,0.000000021677
0x000f,1,0.000000021677
0x0012,1,0.000000021677
0x0015,1,0.000000021677
0x0017,1,0.000000021677
0x001a,25852,0.000560388603
0x001d,25851,0.000560366926
0x0020,25851,0.000560366926
0x0021,25851,0.000560366926
0x0024,9180,0.000198993013
0x0027,9180,0.000198993013
0x002a,9180,0.000198993013
0x002d,16671,0.000361373913
0x002f,16671,0.000361373913
0x0031,16671,0.000361373913
0x0032,16671,0.000361373913
0x0034,16671,0.000361373913
0x0035,16671,0.000361373913
0x0038,16671,0.000361373913
0x0039,16671,0.000361373913
0x003c,16671,0.000361373913
0x003d,16671,0.000361373913
0x0040,7,0.000000151738
0x0043,7,0.000000151738
0x0046,16664,0.000361222175
0x0049,16664,0.000361222175
0x0050,1,0.000000021677
0x0052,1,0.000000021677
0x0054,1,0.000000021677
0x0056,1,0.000000021677
0x0058,1,0.000000021677
0x005a,1,0.000000021677
0x005c,1,0.000000021677
0x005f,1,0.000000021677
0x0061,1,0.000000021677
0x0063,1,0.000000021677
0x0066,1,0.000000021677
0x0068,1,0.000000021677
0x006a,1,0.000000021677
0x006b,2,0.000000043354
0x006e,2,0.000000043354
0x0070,6130,0.000132878777
0x0072,6130,0.000132878777
0x0073,6130,0.000132878777
0x0074,6130,0.000132878777
0x0077,2,0.000000043354
0x0078,891,0.000019314028
0x007b,891,0.000019314028
0x0080,2517599,0.054573486982
0x0082,2517598,0.054573465305
0x0083,2517598,0.054573465305
0x0085,2517598,0.054573465305
0x0088,51744,0.001121644277
0x0089,51744,0.001121644277
0x008b,51744,0.001121644277
0x008e,25887,0.000561147291
0x0090,25887,0.000561147291
0x0091,25887,0.000561147291
0x0094,25887,0.000561147291
0x0095,25887,0.000561147291
0x0096,25887,0.000561147291
0x0097,25887,0.000561147291
0x0098,25887,0.000561147291
0x009a,25887,0.000561147291
0x009d,25887,0.000561147291
0x009f,25887,0.000561147291
0x00a0,25887,0.000561147291
0x00a2,25887,0.000561147291
0x00a3,25887,0.000561147291
0x00a6,25887,0.000561147291
0x00a8,25887,0.000561147291
0x00ab,25887,0.000561147291
0x00ac,1,0.000000021677
0x00ae,1,0.000000021677
0x00af,1,0.000000021677
0x00b0,1,0.000000021677
0x00b2,1,0.000000021677
0x00b5,1,0.000000021677
0x00bb,52854,0.001145705524
0x00be,52854,0.001145705524
0x00bf,52854,0.001145705524
0x00c0,52854,0.001145705524
0x00c1,52854,0.001145705524
0x00c2,52854,0.001145705524
0x00c3,52854,0.001145705524
0x00c4,2211,0.000047927402
0x00c5,2211,0.000047927402
0x00c7,2211,0.000047927402
0x00c9,2211,0.000047927402
0x00ca,2211,0.000047927402
0x00cd,2211,0.000047927402
0x00ce,2211,0.000047927402
0x00cf,2211,0.000047927402
0x00d0,2211,0.000047927402
0x00d1,2211,0.000047927402
0x00d2,2211,0.000047927402
0x00d3,2211,0.000047927402
0x00d4,2211,0.000047927402
0x00d6,2211,0.000047927402
0x00d8,2211,0.000047927402
0x00d9,2211,0.000047927402
0x00dc,2211,0.000047927402
0x00dd,2211,0.000047927402
0x00de,2211,0.000047927402
0x00e1,807,0.000017493177
0x00e3,16664,0.000361222175
0x00e6,16664,0.000361222175
0x00e9,16664,0.000361222175
0x00ec,16664,0.000361222175
0x00ef,16664,0.000361222175
0x00f2,16659,0.000361113791
0x00f5,16659,0.000361113791
0x00f8,16659,0.000361113791
0x00fb,16659,0.000361113791
0x00fe,15499,0.000335968705
0x0101,15499,0.000335968705
0x0104,15499,0.000335968705
0x0107,15495,0.000335881997
0x0109,15495,0.000335881997
0x010c,15495,0.000335881997
0x010f,15491,0.000335795290
0x0111,15491,0.000335795290
0x0114,15491,0.000335795290
0x0117,15487,0.000335708583
0x0119,15487,0.000335708583
0x011c,15487,0.000335708583
0x011f,15487,0.000335708583
0x0122,14596,0.000316394555
0x0125,14596,0.000316394555
0x0128,14596,0.000316394555
0x012b,14596,0.000316394555
0x012e,14068,0.000304949206
0x0131,14068,0.000304949206
0x0134,14068,0.000304949206
0x0137,14068,0.000304949206
0x013a,886,0.000019205644
0x0140,18,0.000000390182
0x0143,18,0.000000390182
0x0146,18,0.000000390182
0x0149,18,0.000000390182
0x014c,18,0.000000390182
0x014e,18,0.000000390182
0x014f,18,0.000000390182
0x0151,18,0.000000390182
0x0152,18,0.000000390182
0x0153,18,0.000000390182
0x0154,18,0.000000390182
0x0156,18,0.000000390182
0x0158,18,0.000000390182
0x015b,18,0.000000390182
0x015d,18,0.000000390182
0x015f,18,0.000000390182
0x0161,18,0.000000390182
0x0164,18,0.000000390182
0x0166,18,0.000000390182
0x0167,18,0.000000390182
0x0168,18,0.000000390182
0x016a,18,0.000000390182
0x016b,18,0.000000390182
0x016d,18,0.000000390182
0x016f,18,0.000000390182
0x0172,18,0.000000390182
0x0173,13176,0.000285613501
0x0174,13176,0.000285613501
0x0176,13176,0.000285613501
0x0178,13176,0.000285613501
0x017a,13176,0.000285613501
0x017b,9966,0.000216030977
0x017d,9966,0.000216030977
0x017e,9864,0.000213819943
0x0180,9864,0.000213819943
0x0182,9864,0.000213819943
0x0183,3441,0.000074589865
0x0185,3441,0.000074589865
0x0186,3339,0.000072378831
0x0188,3339,0.000072378831
0x018a,3339,0.000072378831
0x018b,105,0.000002276064
0x018d,105,0.000002276064
0x018e,105,0.000002276064
0x018f,105,0.000002276064
0x0191,105,0.000002276064
0x0192,6,0.000000130061
0x0194,6,0.000000130061
0x0196,2051,0.000044459114
0x0197,2051,0.000044459114
0x0199,2051,0.000044459114
0x019b,2051,0.000044459114
0x019c,1671,0.000036221931
0x019d,1671,0.000036221931
0x019e,1671,0.000036221931
0x01a0,1671,0.000036221931
0x01a1,1671,0.000036221931
0x01a2,1671,0.000036221931
0x01a3,1671,0.000036221931
0x01a5,1671,0.000036221931
0x01a6,1671,0.000036221931
0x01a7,1671,0.000036221931
0x01a8,1671,0.000036221931
0x01ab,1671,0.000036221931
0x01ae,1671,0.000036221931
0x01af,1671,0.000036221931
0x01b0,1671,0.000036221931
0x01b1,1671,0.000036221931
0x01b2,1671,0.000036221931
0x01b3,1671,0.000036221931
0x01b4,1671,0.000036221931
0x01b5,1671,0.000036221931
0x01b6,1671,0.000036221931
0x01b7,1671,0.000036221931
0x01b8,1671,0.000036221931
0x01b9,1671,0.000036221931
0x01ba,1671,0.000036221931
0x01bb,1671,0.000036221931
0x01bd,1671,0.000036221931
0x01be,1671,0.000036221931
0x01c1,20751,0.000449815252
0x01c4,20751,0.000449815252
0x01c5,20751,0.000449815252
0x01c8,1671,0.000036221931
0x01c9,1671,0.000036221931
0x01ca,1671,0.000036221931
0x01d0,4781,0.000103636775
0x01d1,4781,0.000103636775
0x01d2,4781,0.000103636775
0x01d3,4781,0.000103636775
0x01d4,4781,0.000103636775
0x01d6,4781,0.000103636775
0x01d7,4781,0.000103636775
0x01d9,4781,0.000103636775
0x01dc,4781,0.000103636775
0x01dd,4781,0.000103636775
0x01e0,2708,0.000058700771
0x01e1,9,0.000000195091
0x01e4,1032,0.000022370456
0x01e7,1032,0.000022370456
0x01e9,1032,0.000022370456
0x01ed,124306,0.002694556152
0x01ee,124306,0.002694556152
0x01ef,124306,0.002694556152
0x01f0,124306,0.002694556152
0x01f3,124306,0.002694556152
0x01f4,124306,0.002694556152
0x01f7,4781,0.000103636775
0x0200,42551,0.000922369466
0x0201,42551,0.000922369466
0x0202,150,0.000003251520
0x0203,150,0.000003251520
0x0204,150,0.000003251520
0x0205,150,0.000003251520
0x0206,1671,0.000036221931
0x0207,1671,0.000036221931
0x0208,1671,0.000036221931
0x0209,1671,0.000036221931
0x020a,1671,0.000036221931
0x020b,1671,0.000036221931
0x020c,1671,0.000036221931
0x020d,1671,0.000036221931
0x020e,1671,0.000036221931
0x0210,10735,0.000232700435
0x0211,10735,0.000232700435
0x0213,10735,0.000232700435
0x0214,10735,0.000232700435
0x0215,2340,0.000050723709
0x0216,2340,0.000050723709
0x0217,279677,0.006062502058
0x0218,279677,0.006062502058
0x021a,279677,0.006062502058
0x021b,279677,0.006062502058
0x021c,40727,0.000882830985
0x021d,40727,0.000882830985
0x0220,54,0.000001170547
0x0221,54,0.000001170547
0x0222,54,0.000001170547
0x0223,54,0.000001170547
0x0224,54,0.000001170547
0x0225,54,0.000001170547
0x0226,54,0.000001170547
0x0227,54,0.000001170547
0x0228,54,0.000001170547
0x0229,54,0.000001170547
0x022a,54,0.000001170547
0x022b,54,0.000001170547
0x022c,54,0.000001170547
0x022e,54,0.000001170547
0x022f,54,0.000001170547
0x0230,54,0.000001170547
0x0231,54,0.000001170547
0x0232,54,0.000001170547
0x0258,80909,0.001753848114
0x0259,80909,0.001753848114
0x025a,80909,0.001753848114
0x025b,324,0.000007023283
0x025c,324,0.000007023283
0x025d,324,0.000007023283
0x025e,324,0.000007023283
0x025f,324,0.000007023283
0x0260,60810,0.001318166135
0x0263,60810,0.001318166135
0x0264,58572,0.001269653459
0x0267,58572,0.001269653459
0x0270,84309,0.001827549230
0x0271,84309,0.001827549230
0x0272,84309,0.001827549230
0x0273,84309,0.001827549230
0x0274,84309,0.001827549230
0x0275,84309,0.001827549230
0x0276,84309,0.001827549230
0x0277,58572,0.001269653459
0x0278,58572,0.001269653459
0x0279,58572,0.001269653459
0x027a,58572,0.001269653459
0x027b,58572,0.001269653459
0x027c,58572,0.001269653459
0x027d,58572,0.001269653459
0x0288,7,0.000000151738
0x028b,7,0.000000151738
0x028e,7,0.000000151738
0x0290,7,0.000000151738
0x0293,7,0.000000151738
0x0295,7,0.000000151738
0x0298,7,0.000000151738
0x029a,7,0.000000151738
0x02a7,7,0.000000151738
0x02aa,7,0.000000151738
0x02ab,7,0.000000151738
0x02ac,7,0.000000151738
0x02ad,1,0.000000021677
0x02b0,1,0.000000021677
0x02b3,1,0.000000021677
0x02b6,1,0.000000021677
0x02b9,1,0.000000021677
0x02bc,1,0.000000021677
0x02be,1,0.000000021677
0x02c0,1,0.000000021677
0x02c3,1,0.000000021677
0x02c5,1,0.000000021677
0x02c7,1,0.000000021677
0x02cb,1,0.000000021677
0x02cd,1,0.000000021677
0x02cf,1,0.000000021677
0x02d4,1,0.000000021677
0x02d7,1,0.000000021677
0x02d8,1,0.000000021677
0x02db,1,0.000000021677
0x02dd,1,0.000000021677
0x02e3,1,0.000000021677
0x02e5,1,0.000000021677
0x02e6,1,0.000000021677
0x02e7,1,0.000000021677
0x02e8,1,0.000000021677
0x02ea,1,0.000000021677
0x02ed,1,0.000000021677
0x02f0,1,0.000000021677
0x02f3,1,0.000000021677
0x02f6,1,0.000000021677
0x02f9,1,0.000000021677
0x02fc,1,0.000000021677
0x02fe,1,0.000000021677
0x0300,1,0.000000021677
0x0303,1,0.000000021677
0x0306,1,0.000000021677
0x0308,1,0.000000021677
0x030b,1,0.000000021677
0x030d,1,0.000000021677
0x0310,1,0.000000021677
0x0314,56,0.000001213901
0x0315,56,0.000001213901
0x0316,56,0.000001213901
0x0317,56,0.000001213901
0x0318,56,0.000001213901
0x0319,56,0.000001213901
0x031a,56,0.000001213901
0x031b,56,0.000001213901
0x031c,56,0.000001213901
0x031d,56,0.000001213901
0x031e,56,0.000001213901
0x0320,2,0.000000043354
0x0321,2,0.000000043354
0x0322,2,0.000000043354
0x0323,2,0.000000043354
0x0324,2,0.000000043354
0x0325,2,0.000000043354
0x0326,2,0.000000043354
0x0327,2,0.000000043354
0x0328,2,0.000000043354
0x0329,2,0.000000043354
0x032a,2,0.000000043354
0x032e,1,0.000000021677
0x0331,8,0.000000173414
0x0333,8,0.000000173414
0x0334,8,0.000000173414
0x0335,8,0.000000173414
0x0337,8,0.000000173414
0x033a,1,0.000000021677
0x033c,1,0.000000021677
0x033f,1,0.000000021677
0x0341,1,0.000000021677
0x0344,1,0.000000021677
0x0346,1,0.000000021677
0x0349,1,0.000000021677
0x034b,1,0.000000021677
0x034e,1,0.000000021677
0x0350,1,0.000000021677
0x0353,1,0.000000021677
0x0355,1,0.000000021677
0x0357,1,0.000000021677
0x0358,1,0.000000021677
0x035b,1,0.000000021677
0x035c,1,0.000000021677
0x035e,1,0.000000021677
0x035f,1,0.000000021677
0x0361,1,0.000000021677
0x0367,4,0.000000086707
0x0369,4,0.000000086707
0x036a,4,0.000000086707
0x036c,4,0.000000086707
0x036f,4,0.000000086707
0x0370,4,0.000000086707
0x0371,4,0.000000086707
0x0373,4,0.000000086707
0x0376,4,0.000000086707
0x0377,16671,0.000361373913
0x037a,16671,0.000361373913
0x037b,16671,0.000361373913
0x037c,16671,0.000361373913
0x037d,16671,0.000361373913
0x0380,40,0.000000867072
0x0383,40,0.000000867072
0x0386,40,0.000000867072
0x0389,14560,0.000315614191
0x038a,14560,0.000315614191
0x038b,14560,0.000315614191
0x038c,14560,0.000315614191
0x038d,14560,0.000315614191
0x038e,14560,0.000315614191
0x038f,14560,0.000315614191
0x0390,14560,0.000315614191
0x0393,1040,0.000022543871
0x0394,1040,0.000022543871
0x0395,1040,0.000022543871
0x0396,1040,0.000022543871
0x0397,1040,0.000022543871
0x0398,1040,0.000022543871
0x0399,1040,0.000022543871
0x039a,1040,0.000022543871
0x039d,40,0.000000867072
0x03a0,159,0.000003446611
0x03a3,159,0.000003446611
0x03a6,66144,0.001433790180
0x03a7,66144,0.001433790180
0x03a8,66144,0.001433790180
0x03a9,66144,0.001433790180
0x03aa,66144,0.001433790180
0x03ab,66144,0.001433790180
0x03ac,66144,0.001433790180
0x03af,159,0.000003446611
0x03b0,13182,0.000285743562
0x03b3,13182,0.000285743562
0x03b6,13182,0.000285743562
0x03b9,10320,0.000223704564
0x03bc,10320,0.000223704564
0x03bf,10317,0.000223639533
0x03c2,10317,0.000223639533
0x03c5,10317,0.000223639533
0x03c8,7440,0.000161275383
0x03cb,7440,0.000161275383
0x03ce,13176,0.000285613501
0x03d1,13176,0.000285613501
0x03d4,13176,0.000285613501
0x03d5,13176,0.000285613501
0x03d7,13176,0.000285613501
0x03d8,13176,0.000285613501
0x03d9,13176,0.000285613501
0x03e2,3,0.000000065030
0x03e5,3,0.000000065030
0x03e8,3,0.000000065030
0x03eb,3,0.000000065030
0x03ee,3,0.000000065030
0x03f1,6,0.000000130061
0x03f4,6,0.000000130061
0x03f5,6,0.000000130061
0x03f7,6,0.000000130061
0x03f8,6,0.000000130061
0x03fa,6,0.000000130061
0x03fb,6,0.000000130061
0x03fc,6,0.000000130061
0x03fd,6,0.000000130061
0x0400,22356,0.000484606514
0x0403,22356,0.000484606514
0x0406,22356,0.000484606514
0x0407,22356,0.000484606514
0x0408,22356,0.000484606514
0x0409,22356,0.000484606514
0x040a,22356,0.000484606514
0x040b,22356,0.000484606514
0x040c,22356,0.000484606514
0x040d,22356,0.000484606514
0x041e,44,0.000000953779
0x0421,44,0.000000953779
0x0423,44,0.000000953779
0x0424,44,0.000000953779
0x0427,44,0.000000953779
0x0429,44,0.000000953779
0x042a,44,0.000000953779
0x042d,44,0.000000953779
0x0430,6,0.000000130061
0x0433,6,0.000000130061
0x0435,6,0.000000130061
0x0436,6,0.000000130061
0x0438,6,0.000000130061
0x043a,6,0.000000130061
0x043b,6,0.000000130061
0x043d,6,0.000000130061
0x043f,6,0.000000130061
0x0440,2,0.000000043354
0x0441,2,0.000000043354
0x0442,2,0.000000043354
0x0443,2,0.000000043354
0x0445,2,0.000000043354
0x04ac,1290,0.000027963070
0x04af,1290,0.000027963070
0x04b0,1290,0.000027963070
0x04b1,1290,0.000027963070
0x04b2,1290,0.000027963070
0x04b4,1290,0.000027963070
0x04b5,1290,0.000027963070
0x04b6,1278,0.000027702949
0x04b8,1278,0.000027702949
0x04ba,1278,0.000027702949
0x04bd,1272,0.000027572888
0x04bf,1272,0.000027572888
0x04c1,1272,0.000027572888
0x04c2,1272,0.000027572888
0x04c4,1272,0.000027572888
0x04c6,1272,0.000027572888
0x04c9,645,0.000013981535
0x04cc,645,0.000013981535
0x04cd,645,0.000013981535
0x04d0,645,0.000013981535
0x04d1,645,0.000013981535
0x04d2,645,0.000013981535
0x04d4,645,0.000013981535
0x04d7,645,0.000013981535
0x04df,645,0.000013981535
0x04e1,645,0.000013981535
0x04e4,645,0.000013981535
0x04e6,627,0.000013591353
0x04e9,627,0.000013591353
0x04ea,627,0.000013591353
0x04eb,627,0.000013591353
0x04ee,627,0.000013591353
0x04f4,627,0.000013591353
0x04f6,627,0.000013591353
0x04f9,627,0.000013591353
0x04fb,3762,0.000081548117
0x04fd,3762,0.000081548117
0x04fe,3762,0.000081548117
0x0501,3762,0.000081548117
0x0502,3762,0.000081548117
0x0505,627,0.000013591353
0x0506,38,0.000000823718
0x0509,38,0.000000823718
0x050b,38,0.000000823718
0x050e,38,0.000000823718
0x0511,38,0.000000823718
0x0514,38,0.000000823718
0x0515,38,0.000000823718
0x0518,38,0.000000823718
0x051b,38,0.000000823718
0x051d,38,0.000000823718
0x0520,38,0.000000823718
0x0523,38,0.000000823718
0x0526,38,0.000000823718
0x0529,38,0.000000823718
0x052c,38,0.000000823718
0x052f,38,0.000000823718
0x0532,38,0.000000823718
0x0535,38,0.000000823718
0x0537,38,0.000000823718
0x053a,38,0.000000823718
0x053d,38,0.000000823718
0x0540,38,0.000000823718
0x0543,38,0.000000823718
0x0547,38,0.000000823718
0x054a,38,0.000000823718
0x054d,38,0.000000823718
0x054f,38,0.000000823718
0x0552,38,0.000000823718
0x0555,38,0.000000823718
0x0557,38,0.000000823718
0x055a,38,0.000000823718
0x0580,42,0.000000910426
0x0583,42,0.000000910426
0x0586,42,0.000000910426
0x0588,42,0.000000910426
0x0589,42,0.000000910426
0x058a,42,0.000000910426
0x058b,42,0.000000910426
0x058d,42,0.000000910426
0x0590,42,0.000000910426
0x0592,42,0.000000910426
0x0595,42,0.000000910426
0x05d8,219,0.000004747219
0x05d9,10348,0.000224311514
0x05da,10348,0.000224311514
0x05db,10348,0.000224311514
0x05dc,10348,0.000224311514
0x05df,219,0.000004747219
0x05e0,6374,0.000138167916
0x05e1,6374,0.000138167916
0x05e2,6374,0.000138167916
0x05e3,6374,0.000138167916
0x05e4,6374,0.000138167916
0x05e5,6374,0.000138167916
0x05e8,1516,0.000032862027
0x05ec,38,0.000000823718
0x05ef,38,0.000000823718
0x05f2,38,0.000000823718
0x05f4,38,0.000000823718
0x05f5,38,0.000000823718
0x05f6,38,0.000000823718
0x05f7,38,0.000000823718
0x05f8,38,0.000000823718
0x05f9,38,0.000000823718
0x05fa,227,0.000004920633
0x05fd,227,0.000004920633
0x0600,227,0.000004920633
0x0601,227,0.000004920633
0x0602,227,0.000004920633
0x0603,3445,0.000074676572
0x0604,3445,0.000074676572
0x0605,3445,0.000074676572
0x0606,3445,0.000074676572
0x0607,3445,0.000074676572
0x0608,3445,0.000074676572
0x0609,3445,0.000074676572
0x060a,3445,0.000074676572
0x060d,216,0.000004682189
0x0610,38,0.000000823718
0x0613,38,0.000000823718
0x0616,38,0.000000823718
0x0617,38,0.000000823718
0x0619,38,0.000000823718
0x061a,38,0.000000823718
0x061b,38,0.000000823718
0x061c,38,0.000000823718
0x061d,38,0.000000823718
0x061e,38,0.000000823718
0x061f,38,0.000000823718
0x0621,38,0.000000823718
0x0624,38,0.000000823718
0x0627,38,0.000000823718
0x0628,38,0.000000823718
0x0629,38,0.000000823718
0x062a,421,0.000009125932
0x062b,421,0.000009125932
0x062c,421,0.000009125932
0x062d,421,0.000009125932
0x062e,421,0.000009125932
0x062f,421,0.000009125932
0x0630,421,0.000009125932
0x0631,421,0.000009125932
0x0632,421,0.000009125932
0x0633,421,0.000009125932
0x0634,421,0.000009125932
0x0635,421,0.000009125932
0x0638,27,0.000000585274
0x0650,38,0.000000823718
0x0653,38,0.000000823718
0x0656,38,0.000000823718
0x0658,38,0.000000823718
0x0659,38,0.000000823718
0x065a,38,0.000000823718
0x065b,38,0.000000823718
0x065c,38,0.000000823718
0x065d,38,0.000000823718
0x065e,38,0.000000823718
0x0661,38,0.000000823718
0x0664,38,0.000000823718
0x0665,38,0.000000823718
0x0666,38,0.000000823718
0x0667,421,0.000009125932
0x0668,421,0.000009125932
0x0669,421,0.000009125932
0x066a,421,0.000009125932
0x066b,421,0.000009125932
0x066c,421,0.000009125932
0x066f,27,0.000000585274
0x067a,5100,0.000110551674
0x067d,5100,0.000110551674
0x067e,5100,0.000110551674
0x067f,5100,0.000110551674
0x0682,5100,0.000110551674
0x0684,5100,0.000110551674
0x0685,643,0.000013938182
0x0688,643,0.000013938182
0x068b,643,0.000013938182
0x068c,643,0.000013938182
0x068d,643,0.000013938182
0x068e,643,0.000013938182
0x068f,643,0.000013938182
0x0691,643,0.000013938182
0x0692,643,0.000013938182
0x0693,643,0.000013938182
0x0695,643,0.000013938182
0x0696,643,0.000013938182
0x0697,643,0.000013938182
0x0698,643,0.000013938182
0x0699,16741,0.000362891289
0x069a,16741,0.000362891289
0x069b,16741,0.000362891289
0x069c,16741,0.000362891289
0x069d,16741,0.000362891289
0x069e,16741,0.000362891289
0x069f,16741,0.000362891289
0x06a2,2572,0.000055752727
0x06a3,2572,0.000055752727
0x06a4,2572,0.000055752727
0x06a5,2572,0.000055752727
0x06a8,643,0.000013938182
0x06a9,643,0.000013938182
0x06ac,643,0.000013938182
0x06b0,4567,0.000098997940
0x06b3,4567,0.000098997940
0x06b6,4567,0.000098997940
0x06b7,4567,0.000098997940
0x06b8,4567,0.000098997940
0x06b9,29,0.000000628627
0x06ba,29,0.000000628627
0x06bb,29,0.000000628627
0x06bc,29,0.000000628627
0x06bd,29,0.000000628627
0x06be,29,0.000000628627
0x06bf,29,0.000000628627
0x06c0,29,0.000000628627
0x06c1,29,0.000000628627
0x06c2,29,0.000000628627
0x06c3,29,0.000000628627
0x06c4,29,0.000000628627
0x06c5,29,0.000000628627
0x06c8,29,0.000000628627
0x06ca,29,0.000000628627
0x06cb,29,0.000000628627
0x06cc,29,0.000000628627
0x06cd,29,0.000000628627
0x06cf,29,0.000000628627
0x06d0,29,0.000000628627
0x06d1,29,0.000000628627
0x06d2,29,0.000000628627
0x06d3,29,0.000000628627
0x06d4,29,0.000000628627
0x06d5,29,0.000000628627
0x06d7,29,0.000000628627
0x06d8,29,0.000000628627
0x06da,29,0.000000628627
0x06db,29,0.000000628627
0x06de,29,0.000000628627
0x06df,29,0.000000628627
0x06e1,29,0.000000628627
0x06e2,29,0.000000628627
0x06e3,29,0.000000628627
0x06e4,29,0.000000628627
0x06e7,29,0.000000628627
0x06e8,645,0.000013981535
0x06eb,645,0.000013981535
0x06ed,645,0.000013981535
0x06f0,4567,0.000098997940
0x06f3,4567,0.000098997940
0x06f6,4567,0.000098997940
0x0700,16677,0.000361503974
0x0703,16677,0.000361503974
0x0706,50031,0.001084511921
0x0709,50031,0.001084511921
0x070a,50031,0.001084511921
0x070c,50031,0.001084511921
0x070d,50031,0.001084511921
0x070f,50031,0.001084511921
0x0710,50031,0.001084511921
0x0711,50031,0.001084511921
0x0713,50031,0.001084511921
0x0716,16677,0.000361503974
0x0718,162796,0.003528896137
0x071b,162796,0.003528896137
0x0720,162796,0.003528896137
0x0721,162796,0.003528896137
0x0722,162796,0.003528896137
0x0724,162796,0.003528896137
0x0725,67508,0.001463357333
0x0726,67508,0.001463357333
0x0728,67508,0.001463357333
0x0729,67508,0.001463357333
0x072a,67508,0.001463357333
0x072b,67508,0.001463357333
0x072c,67508,0.001463357333
0x072e,67508,0.001463357333
0x0730,67508,0.001463357333
0x0731,67508,0.001463357333
0x0733,67508,0.001463357333
0x0734,67508,0.001463357333
0x0740,162796,0.003528896137
0x0741,162796,0.003528896137
0x0742,162796,0.003528896137
0x0744,162796,0.003528896137
0x0745,70676,0.001532029432
0x0746,70676,0.001532029432
0x0748,70676,0.001532029432
0x0749,70676,0.001532029432
0x074a,70676,0.001532029432
0x074b,70676,0.001532029432
0x074c,70676,0.001532029432
0x074d,70676,0.001532029432
0x074f,70676,0.001532029432
0x0750,70676,0.001532029432
0x0751,70676,0.001532029432
0x0752,70676,0.001532029432
0x0754,70676,0.001532029432
0x0755,70676,0.001532029432
0x0757,70676,0.001532029432
0x0758,70676,0.001532029432
0x0763,11764,0.000255005861
0x0764,11764,0.000255005861
0x0765,11764,0.000255005861
0x0766,11764,0.000255005861
0x0767,11764,0.000255005861
0x0768,11764,0.000255005861
0x0769,11764,0.000255005861
0x076a,11764,0.000255005861
0x076b,11764,0.000255005861
0x076d,14820,0.000321250158
0x076e,14820,0.000321250158
0x076f,14820,0.000321250158
0x0770,14820,0.000321250158
0x0771,14820,0.000321250158
0x0772,14820,0.000321250158
0x0773,14820,0.000321250158
0x0774,14820,0.000321250158
0x0775,14820,0.000321250158
0x0776,14820,0.000321250158
0x0779,31470,0.000682168858
0x077a,31470,0.000682168858
0x077b,31470,0.000682168858
0x077c,31470,0.000682168858
0x077d,31470,0.000682168858
0x077e,31470,0.000682168858
0x077f,31470,0.000682168858
0x0780,31470,0.000682168858
0x0783,31470,0.000682168858
0x0784,31470,0.000682168858
0x0785,31470,0.000682168858
0x0786,31470,0.000682168858
0x0788,31554,0.000683989709
0x0789,31554,0.000683989709
0x078a,31554,0.000683989709
0x078b,31554,0.000683989709
0x078c,31554,0.000683989709
0x078d,31554,0.000683989709
0x078e,31554,0.000683989709
0x078f,31554,0.000683989709
0x0790,31554,0.000683989709
0x0792,31554,0.000683989709
0x0793,31554,0.000683989709
0x0794,31554,0.000683989709
0x0795,31554,0.000683989709
0x0798,31554,0.000683989709
0x0799,31554,0.000683989709
0x079a,31554,0.000683989709
0x079b,31554,0.000683989709
0x079e,3018,0.000065420579
0x079f,3018,0.000065420579
0x07a0,3018,0.000065420579
0x07a1,3018,0.000065420579
0x07a2,3018,0.000065420579
0x07a3,3018,0.000065420579
0x07a4,3018,0.000065420579
0x07a5,3018,0.000065420579
0x07a6,3018,0.000065420579
0x07a7,3018,0.000065420579
0x07a8,3018,0.000065420579
0x07aa,3022,0.000065507286
0x07ab,3022,0.000065507286
0x07ac,3022,0.000065507286
0x07ad,3022,0.000065507286
0x07ae,3022,0.000065507286
0x07af,3022,0.000065507286
0x07b0,3022,0.000065507286
0x07b1,3022,0.000065507286
0x07b2,3022,0.000065507286
0x07b4,3022,0.000065507286
0x07b5,3022,0.000065507286
0x07b6,3022,0.000065507286
0x07b7,3022,0.000065507286
0x07b8,3022,0.000065507286
0x07b9,3022,0.000065507286
0x07ba,3022,0.000065507286
0x07bb,3022,0.000065507286
0x07be,21256,0.000460762035
0x07bf,21256,0.000460762035
0x07c0,21256,0.000460762035
0x07c1,21256,0.000460762035
0x07c2,21256,0.000460762035
0x07c3,21256,0.000460762035
0x07c4,21256,0.000460762035
0x07c5,21256,0.000460762035
0x07c6,21256,0.000460762035
0x07c7,21256,0.000460762035
0x07ca,21256,0.000460762035
0x07cb,21256,0.000460762035
0x07cc,21256,0.000460762035
0x07cd,21256,0.000460762035
0x07ce,21256,0.000460762035
0x07cf,21256,0.000460762035
0x07d2,21280,0.000461282278
0x07d3,21280,0.000461282278
0x07d4,21280,0.000461282278
0x07d5,21280,0.000461282278
0x07d6,21280,0.000461282278
0x07d7,21280,0.000461282278
0x07d8,21280,0.000461282278
0x07d9,21280,0.000461282278
0x07da,21280,0.000461282278
0x07dc,21309,0.000461910906
0x07dd,21309,0.000461910906
0x07de,21309,0.000461910906
0x07df,21309,0.000461910906
0x07e0,21309,0.000461910906
0x07e1,21309,0.000461910906
0x07e2,21309,0.000461910906
0x07e3,21309,0.000461910906
0x07e4,21309,0.000461910906
0x07e7,21309,0.000461910906
0x07e8,21309,0.000461910906
0x07e9,21309,0.000461910906
0x07ea,21309,0.000461910906
0x07eb,21309,0.000461910906
0x07ec,21309,0.000461910906
0x07ed,21309,0.000461910906
0x07ee,21309,0.000461910906
0x07f0,6,0.000000130061
0x07f3,6,0.000000130061
0x07f6,6,0.000000130061
0x07f9,6,0.000000130061
0x0800,18836,0.000408304182
0x0803,18836,0.000408304182
0x0806,18836,0.000408304182
0x0807,18836,0.000408304182
0x0809,18836,0.000408304182
0x080a,18836,0.000408304182
0x080b,18836,0.000408304182
0x080c,18836,0.000408304182
0x080d,18836,0.000408304182
0x080e,18836,0.000408304182
0x080f,18836,0.000408304182
0x0834,1372,0.000029740568
0x0837,1372,0.000029740568
0x083a,1372,0.000029740568
0x083b,1372,0.000029740568
0x083c,1372,0.000029740568
0x083e,1372,0.000029740568
0x083f,189,0.000004096915
0x0842,189,0.000004096915
0x0845,189,0.000004096915
0x0848,473,0.000010253126
0x084b,473,0.000010253126
0x084c,473,0.000010253126
0x084d,473,0.000010253126
0x084e,13,0.000000281798
0x0850,13,0.000000281798
0x0851,13,0.000000281798
0x0853,13,0.000000281798
0x0855,13,0.000000281798
0x085a,189,0.000004096915
0x085d,189,0.000004096915
0x085f,189,0.000004096915
0x0860,153,0.000003316550
0x0862,153,0.000003316550
0x0864,153,0.000003316550
0x0865,117,0.000002536185
0x0867,117,0.000002536185
0x0869,117,0.000002536185
0x086a,81,0.000001755821
0x086c,81,0.000001755821
0x086e,81,0.000001755821
0x086f,45,0.000000975456
0x0871,45,0.000000975456
0x0876,16677,0.000361503974
0x0879,16677,0.000361503974
0x087c,16677,0.000361503974
0x087f,16677,0.000361503974
0x0882,16677,0.000361503974
0x0885,16677,0.000361503974
0x0886,16677,0.000361503974
0x0889,16677,0.000361503974
0x088b,91716,0.001988109279
0x088c,91716,0.001988109279
0x088d,91716,0.001988109279
0x088e,91716,0.001988109279
0x088f,91716,0.001988109279
0x0890,91716,0.001988109279
0x0891,91716,0.001988109279
0x0892,91716,0.001988109279
0x0893,91716,0.001988109279
0x0894,91716,0.001988109279
0x0897,25014,0.000542223445
0x08a0,16677,0.000361503974
0x08a3,16677,0.000361503974
0x08a6,16677,0.000361503974
0x08a9,16677,0.000361503974
0x08ac,16677,0.000361503974
0x08ae,16677,0.000361503974
0x08b0,16677,0.000361503974
0x08b1,1280,0.000027746302
0x08b4,1280,0.000027746302
0x08b7,1280,0.000027746302
0x08c4,16677,0.000361503974
0x08c7,16677,0.000361503974
0x08c8,16677,0.000361503974
0x08ca,16677,0.000361503974
0x08cd,16243,0.000352096243
0x08cf,16243,0.000352096243
0x08d0,16243,0.000352096243
0x08d1,16243,0.000352096243
0x08d4,15073,0.000326734388
0x08d6,15073,0.000326734388
0x08d9,15073,0.000326734388
0x08dc,7,0.000000151738
0x08de,7,0.000000151738
0x08e0,7,0.000000151738
0x08e2,7,0.000000151738
0x08e3,7,0.000000151738
0x08e5,7,0.000000151738
0x08e6,7,0.000000151738
0x08e8,7,0.000000151738
0x08ea,1177,0.000025513592
0x08eb,16243,0.000352096243
0x08ed,16243,0.000352096243
0x08f0,16243,0.000352096243
0x08f3,16243,0.000352096243
0x0900,16243,0.000352096243
0x0903,16243,0.000352096243
0x0904,16243,0.000352096243
0x0906,16243,0.000352096243
0x0907,11100,0.000240612467
0x0909,11100,0.000240612467
0x090c,5697,0.000123492723
0x090d,5697,0.000123492723
0x090f,5697,0.000123492723
0x0910,5439,0.000117900109
0x0911,5439,0.000117900109
0x0913,5439,0.000117900109
0x0916,5439,0.000117900109
0x0917,5403,0.000117119744
0x0918,5403,0.000117119744
0x091a,5403,0.000117119744
0x091b,5403,0.000117119744
0x091c,5403,0.000117119744
0x091e,5403,0.000117119744
0x0921,5403,0.000117119744
0x0926,16638,0.000360658578
0x0927,16638,0.000360658578
0x0929,16638,0.000360658578
0x092a,16638,0.000360658578
0x092b,16638,0.000360658578
0x092c,16638,0.000360658578
0x092d,16638,0.000360658578
0x092e,16638,0.000360658578
0x0930,17957,0.000389250276
0x0931,17957,0.000389250276
0x0933,17957,0.000389250276
0x0936,11894,0.000257823845
0x0937,11894,0.000257823845
0x0939,11894,0.000257823845
0x093c,11894,0.000257823845
0x093d,395,0.000008562336
0x093e,395,0.000008562336
0x0940,395,0.000008562336
0x0941,395,0.000008562336
0x0942,395,0.000008562336
0x0944,395,0.000008562336
0x0945,395,0.000008562336
0x0946,395,0.000008562336
0x0947,395,0.000008562336
0x094a,395,0.000008562336
0x094c,395,0.000008562336
0x094d,395,0.000008562336
0x094e,395,0.000008562336
0x0951,395,0.000008562336
0x0953,395,0.000008562336
0x0954,395,0.000008562336
0x0955,395,0.000008562336
0x0956,395,0.000008562336
0x0959,395,0.000008562336
0x095c,395,0.000008562336
0x095e,395,0.000008562336
0x0961,395,0.000008562336
0x0964,6063,0.000131426431
0x0965,6063,0.000131426431
0x0966,6063,0.000131426431
0x0967,6063,0.000131426431
0x0968,6063,0.000131426431
0x096a,6063,0.000131426431
0x096b,6063,0.000131426431
0x096d,6063,0.000131426431
0x096e,325,0.000007044960
0x096f,325,0.000007044960
0x0970,325,0.000007044960
0x0971,325,0.000007044960
0x0972,325,0.000007044960
0x0974,325,0.000007044960
0x0975,325,0.000007044960
0x097a,16677,0.000361503974
0x097d,16677,0.000361503974
0x097e,16677,0.000361503974
0x0980,16677,0.000361503974
0x0981,16677,0.000361503974
0x0984,16677,0.000361503974
0x0985,16677,0.000361503974
0x0986,16677,0.000361503974
0x0987,16677,0.000361503974
0x0988,16677,0.000361503974
0x098b,16677,0.000361503974
0x098c,16677,0.000361503974
0x098d,16677,0.000361503974
0x098e,16677,0.000361503974
0x0991,16677,0.000361503974
0x09a0,16715,0.000362327692
0x09a3,16715,0.000362327692
0x09a6,50145,0.001086983076
0x09a9,50145,0.001086983076
0x09aa,50145,0.001086983076
0x09ab,50145,0.001086983076
0x09ac,50145,0.001086983076
0x09ad,50145,0.001086983076
0x09ae,50145,0.001086983076
0x09af,50145,0.001086983076
0x09b0,50145,0.001086983076
0x09b2,50145,0.001086983076
0x09b5,16715,0.000362327692
0x09ba,131815,0.002857327234
0x09bd,131815,0.002857327234
0x09be,131815,0.002857327234
0x09c0,131815,0.002857327234
0x09c1,131815,0.002857327234
0x09c2,131815,0.002857327234
0x09c3,131815,0.002857327234
0x09c4,131815,0.002857327234
0x09c5,131815,0.002857327234
0x09c6,131815,0.002857327234
0x09c7,131815,0.002857327234
0x09c8,131815,0.002857327234
0x09c9,131815,0.002857327234
0x09ca,131815,0.002857327234
0x09cc,131815,0.002857327234
0x09cd,131815,0.002857327234
0x09ce,131815,0.002857327234
0x09cf,131815,0.002857327234
0x09d0,131815,0.002857327234
0x09d1,131815,0.002857327234
0x0a50,3554,0.000077039343
0x0a53,3554,0.000077039343
0x0a56,71080,0.001540786859
0x0a57,71080,0.001540786859
0x0a5a,71080,0.001540786859
0x0a5b,71080,0.001540786859
0x0a5c,71080,0.001540786859
0x0a5e,71080,0.001540786859
0x0a5f,71080,0.001540786859
0x0a61,71080,0.001540786859
0x0a62,71080,0.001540786859
0x0a63,71080,0.001540786859
0x0a64,71080,0.001540786859
0x0a67,3554,0.000077039343
0x0a6c,3398,0.000073657762
0x0a6f,3398,0.000073657762
0x0a72,67960,0.001473155246
0x0a73,67960,0.001473155246
0x0a74,67960,0.001473155246
0x0a75,67960,0.001473155246
0x0a77,67960,0.001473155246
0x0a7a,39985,0.000866746800
0x0a7b,39985,0.000866746800
0x0a7c,39985,0.000866746800
0x0a7d,39985,0.000866746800
0x0a7e,39985,0.000866746800
0x0a7f,39985,0.000866746800
0x0a80,39985,0.000866746800
0x0a81,39985,0.000866746800
0x0a82,39985,0.000866746800
0x0a83,39985,0.000866746800
0x0a84,39985,0.000866746800
0x0a85,39985,0.000866746800
0x0a86,39985,0.000866746800
0x0a87,39985,0.000866746800
0x0a8a,67960,0.001473155246
0x0a8b,67960,0.001473155246
0x0a8c,67960,0.001473155246
0x0a8d,67960,0.001473155246
0x0a8f,67960,0.001473155246
0x0a90,67960,0.001473155246
0x0a91,67960,0.001473155246
0x0a93,67960,0.001473155246
0x0a94,67960,0.001473155246
0x0a96,67960,0.001473155246
0x0a99,3398,0.000073657762
0x0aa0,434,0.000009407731
0x0aa2,434,0.000009407731
0x0aa3,434,0.000009407731
0x0aa4,434,0.000009407731
0x0aa5,434,0.000009407731
0x0aa8,434,0.000009407731
0x0aa9,434,0.000009407731
0x0aac,434,0.000009407731
0x0aae,434,0.000009407731
0x0aaf,434,0.000009407731
0x0ab0,434,0.000009407731
0x0ab3,434,0.000009407731
0x0ab5,434,0.000009407731
0x0ab8,427,0.000009255993
0x0abb,427,0.000009255993
0x0abd,427,0.000009255993
0x0abe,427,0.000009255993
0x0abf,427,0.000009255993
0x0ac0,427,0.000009255993
0x0ac1,427,0.000009255993
0x0ad6,8384,0.000181738281
0x0ad7,8384,0.000181738281
0x0ad8,33536,0.000726953125
0x0ad9,33536,0.000726953125
0x0ada,33536,0.000726953125
0x0adb,33536,0.000726953125
0x0adc,33536,0.000726953125
0x0add,33536,0.000726953125
0x0ae0,8384,0.000181738281
0x0ae1,8384,0.000181738281
0x0ae2,8384,0.000181738281
0x0ae5,8384,0.000181738281
0x0ae6,8384,0.000181738281
0x0ae9,3566,0.000077299465
0x0aea,1152,0.000024971672
0x0aed,1152,0.000024971672
0x0aee,1152,0.000024971672
0x0af0,1152,0.000024971672
0x0af1,1152,0.000024971672
0x0af4,1152,0.000024971672
0x0af6,1152,0.000024971672
0x0af7,1152,0.000024971672
0x0af8,1152,0.000024971672
0x0af9,1152,0.000024971672
0x0afc,1152,0.000024971672
0x0afd,1152,0.000024971672
0x0afe,1152,0.000024971672
0x0b00,1152,0.000024971672
0x0b01,1152,0.000024971672
0x0b02,1152,0.000024971672
0x0b05,1140,0.000024711551
0x0b07,1140,0.000024711551
0x0b0a,768,0.000016647781
0x0b0d,756,0.000016387660
0x0b15,12,0.000000260122
0x0b16,12,0.000000260122
0x0b18,12,0.000000260122
0x0b19,12,0.000000260122
0x0b1a,12,0.000000260122
0x0b1c,12,0.000000260122
0x0b1d,12,0.000000260122
0x0b1e,12,0.000000260122
0x0b1f,12,0.000000260122
0x0b20,3,0.000000065030
0x0b21,3,0.000000065030
0x0b22,3,0.000000065030
0x0b25,3,0.000000065030
0x0b26,3,0.000000065030
0x0b27,3,0.000000065030
0x0b28,3,0.000000065030
0x0b29,2,0.000000043354
0x0b2b,2,0.000000043354
0x0b2d,2,0.000000043354
0x0b48,7,0.000000151738
0x0b4b,7,0.000000151738
0x0b4e,7,0.000000151738
0x0b50,7,0.000000151738
0x0b51,7,0.000000151738
0x0b53,7,0.000000151738
0x0b54,7,0.000000151738
0x0b55,7,0.000000151738
0x0b57,7,0.000000151738
0x0b59,7,0.000000151738
0x0b5a,7,0.000000151738
0x0b60,1034,0.000022413810
0x0b63,1034,0.000022413810
0x0b64,1034,0.000022413810
0x0b65,1034,0.000022413810
0x0b67,1034,0.000022413810
0x0b6a,1027,0.000022262072
0x0b6d,1027,0.000022262072
0x0b6f,1027,0.000022262072
0x0b71,1027,0.000022262072
0x0b74,4,0.000000086707
0x0b77,4,0.000000086707
0x0b79,4,0.000000086707
0x0b7b,4,0.000000086707
0x0b7c,4,0.000000086707
0x0b7d,4,0.000000086707
0x0b7e,4,0.000000086707
0x0b7f,4,0.000000086707
0x0b80,4,0.000000086707
0x0b82,4,0.000000086707
0x0b83,4,0.000000086707
0x0b84,4,0.000000086707
0x0b85,4,0.000000086707
0x0b87,4,0.000000086707
0x0b88,4,0.000000086707
0x0b89,4,0.000000086707
0x0b8a,4,0.000000086707
0x0b8b,4,0.000000086707
0x0b95,1023,0.000022175365
0x0b98,1023,0.000022175365
0x0b9b,1023,0.000022175365
0x0ba0,372,0.000008063769
0x0ba3,372,0.000008063769
0x0ba4,372,0.000008063769
0x0ba6,372,0.000008063769
0x0ba8,372,0.000008063769
0x0ba9,248,0.000005375846
0x0bab,248,0.000005375846
0x0bac,124,0.000002687923
0x0bad,124,0.000002687923
0x0bae,124,0.000002687923
0x0baf,124,0.000002687923
0x0bb2,124,0.000002687923
0x0bba,756,0.000016387660
0x0bbb,756,0.000016387660
0x0bbc,756,0.000016387660
0x0bbf,384,0.000008323891
0x0bc0,384,0.000008323891
0x0bc1,384,0.000008323891
0x0bc4,192,0.000004161945
0x0bca,4,0.000000086707
0x0bcd,4,0.000000086707
0x0bd0,4,0.000000086707
0x0bd2,4,0.000000086707
0x0bd3,4,0.000000086707
0x0bd4,4,0.000000086707
0x0bd6,4,0.000000086707
0x0bd9,4,0.000000086707
0x0bdc,4,0.000000086707
0x0bdf,4,0.000000086707
0x0be2,4,0.000000086707
0x0be5,4,0.000000086707
0x0be8,4,0.000000086707
0x0beb,4,0.000000086707
0x0bee,4,0.000000086707
0x0bf1,4,0.000000086707
0x0c00,11,0.000000238445
0x0c01,11,0.000000238445
0x0c02,11,0.000000238445
0x0c04,11,0.000000238445
0x0c05,11,0.000000238445
0x0c07,11,0.000000238445
0x0c08,11,0.000000238445
0x0c09,11,0.000000238445
0x0c0a,11,0.000000238445
0x0c0b,11,0.000000238445
0x0c0c,11,0.000000238445
0x0c0f,11,0.000000238445
0x0c10,11,0.000000238445
0x0c11,11,0.000000238445
0x0c13,11,0.000000238445
0x0c16,9,0.000000195091
0x0c18,9,0.000000195091
0x0c1b,3,0.000000065030
0x0c1e,3,0.000000065030
0x0c20,3,0.000000065030
0x0c23,3,0.000000065030
0x0c40,8337,0.000180719472
0x0c43,8337,0.000180719472
0x0c45,8337,0.000180719472
0x0c48,8337,0.000180719472
0x0c4b,8337,0.000180719472
0x0c4e,8337,0.000180719472
0x0c51,8337,0.000180719472
0x0c56,8337,0.000180719472
0x0c59,41685,0.000903597358
0x0c5a,41685,0.000903597358
0x0c5d,41685,0.000903597358
0x0c5e,41685,0.000903597358
0x0c5f,41685,0.000903597358
0x0c61,41685,0.000903597358
0x0c62,41685,0.000903597358
0x0c64,41685,0.000903597358
0x0c67,8337,0.000180719472
0x0c6b,8337,0.000180719472
0x0c6e,8337,0.000180719472
0x0c71,41685,0.000903597358
0x0c74,41685,0.000903597358
0x0c75,41685,0.000903597358
0x0c76,41685,0.000903597358
0x0c77,41685,0.000903597358
0x0c78,41685,0.000903597358
0x0c79,41685,0.000903597358
0x0c7a,41685,0.000903597358
0x0c7b,41685,0.000903597358
0x0c7d,41685,0.000903597358
0x0c80,8337,0.000180719472
0x0c84,41685,0.000903597358
0x0c85,41685,0.000903597358
0x0c87,41685,0.000903597358
0x0c88,5907,0.000128044851
0x0c89,5907,0.000128044851
0x0c8a,5907,0.000128044851
0x0c8b,5907,0.000128044851
0x0c8c,5907,0.000128044851
0x0c8e,5907,0.000128044851
0x0c8f,5907,0.000128044851
0x0c90,5907,0.000128044851
0x0c91,5907,0.000128044851
0x0c92,5907,0.000128044851
0x0c94,5907,0.000128044851
0x0c95,5907,0.000128044851
0x0c97,5907,0.000128044851
0x0c9a,5743,0.000124489856
0x0c9b,5743,0.000124489856
0x0c9e,5743,0.000124489856
0x0c9f,5743,0.000124489856
0x0ca0,5743,0.000124489856
0x0ca2,5743,0.000124489856
0x0ca3,5743,0.000124489856
0x0ca4,5743,0.000124489856
0x0ca5,5743,0.000124489856
0x0ca6,5743,0.000124489856
0x0ca7,5743,0.000124489856
0x0ca8,5743,0.000124489856
0x0ca9,5743,0.000124489856
0x0caa,5743,0.000124489856
0x0cac,5743,0.000124489856
0x0caf,5733,0.000124273088
0x0cb4,5743,0.000124489856
0x0cb6,5743,0.000124489856
0x0cb7,1325,0.000028721758
0x0cb9,1325,0.000028721758
0x0cba,669,0.000014501778
0x0cbd,669,0.000014501778
0x0cbe,669,0.000014501778
0x0cbf,252,0.000005462553
0x0cc2,252,0.000005462553
0x0cc3,252,0.000005462553
0x0cc4,12,0.000000260122
0x0cc6,12,0.000000260122
0x0cc9,12,0.000000260122
0x0ccb,12,0.000000260122
0x0cce,12,0.000000260122
0x0cd0,12,0.000000260122
0x0cd3,12,0.000000260122
0x0cd8,8337,0.000180719472
0x0cdb,8337,0.000180719472
0x0cde,41685,0.000903597358
0x0cdf,41685,0.000903597358
0x0ce2,41685,0.000903597358
0x0ce3,41685,0.000903597358
0x0ce4,41685,0.000903597358
0x0ce6,41685,0.000903597358
0x0ce7,41685,0.000903597358
0x0ce9,41685,0.000903597358
0x0cea,41685,0.000903597358
0x0ceb,41685,0.000903597358
0x0cec,41685,0.000903597358
0x0cef,8337,0.000180719472
0x0cf4,3,0.000000065030
0x0cf5,3,0.000000065030
0x0cf6,3,0.000000065030
0x0d1c,3362,0.000072877398
0x0d1f,3362,0.000072877398
0x0d22,53792,0.001166038361
0x0d25,53792,0.001166038361
0x0d26,53792,0.001166038361
0x0d27,53792,0.001166038361
0x0d28,53792,0.001166038361
0x0d2a,53792,0.001166038361
0x0d2b,53792,0.001166038361
0x0d2e,3362,0.000072877398
0x0d30,53792,0.001166038361
0x0d31,53792,0.001166038361
0x0d32,53792,0.001166038361
0x0d33,53792,0.001166038361
0x0d34,53792,0.001166038361
0x0d35,53792,0.001166038361
0x0d37,53792,0.001166038361
0x0d38,39572,0.000857794282
0x0d39,39572,0.000857794282
0x0d3a,39572,0.000857794282
0x0d3b,39572,0.000857794282
0x0d3c,39572,0.000857794282
0x0d3e,39572,0.000857794282
0x0d3f,39572,0.000857794282
0x0d41,39572,0.000857794282
0x0d42,39572,0.000857794282
0x0d43,39572,0.000857794282
0x0d46,36448,0.000790075963
0x0d47,36448,0.000790075963
0x0d48,36448,0.000790075963
0x0d4b,5053,0.000109532864
0x0d4c,5053,0.000109532864
0x0d4d,5053,0.000109532864
0x0d4e,5053,0.000109532864
0x0d4f,8177,0.000177251184
0x0d50,8177,0.000177251184
0x0d51,8177,0.000177251184
0x0d52,8177,0.000177251184
0x0d53,8177,0.000177251184
0x0d54,8177,0.000177251184
0x0d55,8177,0.000177251184
0x0d57,8177,0.000177251184
0x0d58,8177,0.000177251184
0x0d59,3286,0.000071229961
0x0d5a,3286,0.000071229961
0x0d5e,31395,0.000680543098
0x0d5f,31395,0.000680543098
0x0d60,31395,0.000680543098
0x0d61,31395,0.000680543098
0x0d62,31395,0.000680543098
0x0d64,31395,0.000680543098
0x0d65,31395,0.000680543098
0x0d66,4710,0.000102097722
0x0d67,4710,0.000102097722
0x0d70,3360,0.000072834044
0x0d73,3360,0.000072834044
0x0d76,53760,0.001165344703
0x0d79,53760,0.001165344703
0x0d7a,53760,0.001165344703
0x0d7c,53760,0.001165344703
0x0d7d,53760,0.001165344703
0x0d7f,53760,0.001165344703
0x0d80,53760,0.001165344703
0x0d83,3360,0.000072834044
0x0d86,53760,0.001165344703
0x0d87,53760,0.001165344703
0x0d88,53760,0.001165344703
0x0d89,53760,0.001165344703
0x0d8a,53760,0.001165344703
0x0d8b,53760,0.001165344703
0x0d8d,53760,0.001165344703
0x0d8e,39542,0.000857143978
0x0d8f,39542,0.000857143978
0x0d90,39542,0.000857143978
0x0d91,39542,0.000857143978
0x0d94,39542,0.000857143978
0x0d95,39542,0.000857143978
0x0d96,39542,0.000857143978
0x0d97,39542,0.000857143978
0x0d99,39542,0.000857143978
0x0d9a,39542,0.000857143978
0x0d9c,39542,0.000857143978
0x0d9d,39542,0.000857143978
0x0d9f,39542,0.000857143978
0x0da0,39542,0.000857143978
0x0da1,39542,0.000857143978
0x0da2,39542,0.000857143978
0x0da3,39542,0.000857143978
0x0da4,39542,0.000857143978
0x0da5,39542,0.000857143978
0x0da6,39542,0.000857143978
0x0da7,39542,0.000857143978
0x0da8,39542,0.000857143978
0x0dab,36345,0.000787843252
0x0dac,36345,0.000787843252
0x0daf,4870,0.000105566010
0x0db0,4870,0.000105566010
0x0db1,4870,0.000105566010
0x0db3,4870,0.000105566010
0x0db4,4870,0.000105566010
0x0db5,4870,0.000105566010
0x0dbb,3197,0.000069300726
0x0dbc,3197,0.000069300726
0x0dbd,3197,0.000069300726
0x0dbf,3197,0.000069300726
0x0dc0,3197,0.000069300726
0x0dc1,3197,0.000069300726
0x0dc2,3197,0.000069300726
0x0dc3,3197,0.000069300726
0x0dc5,3197,0.000069300726
0x0dc6,3197,0.000069300726
0x0dcc,31475,0.000682277242
0x0dcd,31475,0.000682277242
0x0dce,31475,0.000682277242
0x0dcf,31475,0.000682277242
0x0dd1,31475,0.000682277242
0x0dd2,39542,0.000857143978
0x0dd3,39542,0.000857143978
0x0dd5,39542,0.000857143978
0x0dd6,39542,0.000857143978
0x0dd7,39542,0.000857143978
0x0dd8,39542,0.000857143978
0x0dd9,39542,0.000857143978
0x0dda,39542,0.000857143978
0x0dde,206,0.000004465421
0x0ddf,206,0.000004465421
0x0de0,206,0.000004465421
0x0de3,206,0.000004465421
0x0de4,206,0.000004465421
0x0de5,206,0.000004465421
0x0de6,206,0.000004465421
0x0de9,206,0.000004465421
0x0dea,206,0.000004465421
0x0deb,206,0.000004465421
0x0dec,206,0.000004465421
0x0ded,206,0.000004465421
0x0df0,12449,0.000269854468
0x0df3,12449,0.000269854468
0x0df6,12449,0.000269854468
0x0df9,12449,0.000269854468
0x0dfc,12449,0.000269854468
0x0dff,12449,0.000269854468
0x0e10,24898,0.000539708937
0x0e11,24898,0.000539708937
0x0e13,24898,0.000539708937
0x0e14,4273,0.000092624961
0x0e15,4273,0.000092624961
0x0e16,4273,0.000092624961
0x0e17,4273,0.000092624961
0x0e18,4273,0.000092624961
0x0e1a,4273,0.000092624961
0x0e1b,4272,0.000092603284
0x0e1d,4272,0.000092603284
0x0e1e,80,0.000001734144
0x0e20,80,0.000001734144
0x0e23,57,0.000001235578
0x0e25,57,0.000001235578
0x0e26,57,0.000001235578
0x0e27,57,0.000001235578
0x0e29,57,0.000001235578
0x0e2a,57,0.000001235578
0x0e2c,57,0.000001235578
0x0e2d,57,0.000001235578
0x0e2e,57,0.000001235578
0x0e2f,57,0.000001235578
0x0e31,57,0.000001235578
0x0e32,57,0.000001235578
0x0e33,50,0.000001083840
0x0e34,50,0.000001083840
0x0e35,50,0.000001083840
0x0e36,44,0.000000953779
0x0e39,23,0.000000498566
0x0e3a,23,0.000000498566
0x0e3b,23,0.000000498566
0x0e3c,23,0.000000498566
0x0e3d,23,0.000000498566
0x0e3e,23,0.000000498566
0x0e3f,23,0.000000498566
0x0e41,23,0.000000498566
0x0e42,23,0.000000498566
0x0e45,270,0.000005852736
0x0e46,270,0.000005852736
0x0e47,270,0.000005852736
0x0e48,270,0.000005852736
0x0e4a,270,0.000005852736
0x0e4d,259,0.000005614291
0x0e4e,259,0.000005614291
0x0e4f,259,0.000005614291
0x0e51,259,0.000005614291
0x0e52,259,0.000005614291
0x0e55,12,0.000000260122
0x0e58,161,0.000003489965
0x0e59,161,0.000003489965
0x0e5a,161,0.000003489965
0x0e5b,69,0.000001495699
0x0e5c,69,0.000001495699
0x0e5e,69,0.000001495699
0x0e5f,69,0.000001495699
0x0e60,26,0.000000563597
0x0e61,26,0.000000563597
0x0e62,26,0.000000563597
0x0e63,26,0.000000563597
0x0e65,26,0.000000563597
0x0e66,26,0.000000563597
0x0e67,11,0.000000238445
0x0e69,11,0.000000238445
0x0e6a,11,0.000000238445
0x0e6b,11,0.000000238445
0x0e70,44,0.000000953779
0x0e71,44,0.000000953779
0x0e72,44,0.000000953779
0x0e74,44,0.000000953779
0x0e75,44,0.000000953779
0x0e76,44,0.000000953779
0x0e77,44,0.000000953779
0x0e78,44,0.000000953779
0x0e7a,44,0.000000953779
0x0e7b,44,0.000000953779
0x0e7e,315,0.000006828192
0x0e7f,315,0.000006828192
0x0e80,315,0.000006828192
0x0e81,315,0.000006828192
0x0e83,315,0.000006828192
0x0e86,271,0.000005874412
0x0e87,271,0.000005874412
0x0e88,271,0.000005874412
0x0e8a,271,0.000005874412
0x0e8b,271,0.000005874412
0x0e90,213,0.000004617158
0x0e91,213,0.000004617158
0x0e93,213,0.000004617158
0x0e94,213,0.000004617158
0x0e95,103,0.000002232710
0x0e97,103,0.000002232710
0x0e98,103,0.000002232710
0x0e99,58,0.000001257254
0x0e9a,58,0.000001257254
0x0e9b,58,0.000001257254
0x0e9c,58,0.000001257254
0x0e9e,58,0.000001257254
0x0e9f,58,0.000001257254
0x0ea0,44,0.000000953779
0x0ea3,44,0.000000953779
0x0ea4,55,0.000001192224
0x0ea5,55,0.000001192224
0x0ea6,55,0.000001192224
0x0ea7,55,0.000001192224
0x0ea8,55,0.000001192224
0x0ea9,55,0.000001192224
0x0eaa,55,0.000001192224
0x0eac,55,0.000001192224
0x0ead,58,0.000001257254
0x0eae,58,0.000001257254
0x0eb0,58,0.000001257254
0x0eb1,58,0.000001257254
0x0eb2,58,0.000001257254
0x0eb4,58,0.000001257254
0x0eb5,58,0.000001257254
0x0eb6,58,0.000001257254
0x0eb7,58,0.000001257254
0x0eb8,58,0.000001257254
0x0ebb,58,0.000001257254
0x0ebc,58,0.000001257254
0x0ebe,58,0.000001257254
0x0ec1,55,0.000001192224
0x0ec3,58,0.000001257254
0x0ec4,58,0.000001257254
0x0ec5,58,0.000001257254
0x0ed5,58,0.000001257254
0x0ed6,58,0.000001257254
0x0ed7,58,0.000001257254
0x0ed8,58,0.000001257254
0x0ed9,58,0.000001257254
0x0eda,58,0.000001257254
0x0edb,58,0.000001257254
0x0edc,58,0.000001257254
0x0ede,58,0.000001257254
0x0ee0,58,0.000001257254
0x0ee2,58,0.000001257254
0x0ee3,58,0.000001257254
0x0ee4,58,0.000001257254
0x0ee5,58,0.000001257254
0x0f00,3365,0.000072942428
0x0f03,3365,0.000072942428
0x0f04,3365,0.000072942428
0x0f06,3365,0.000072942428
0x0f09,3335,0.000072292124
0x0f0b,3335,0.000072292124
0x0f0c,3335,0.000072292124
0x0f0d,3335,0.000072292124
0x0f0e,3335,0.000072292124
0x0f11,3335,0.000072292124
0x0f14,3335,0.000072292124
0x0f15,3,0.000000065030
0x0f16,3,0.000000065030
0x0f17,3,0.000000065030
0x0f1a,3,0.000000065030
0x0f1b,3,0.000000065030
0x0f1d,3,0.000000065030
0x0f1e,3,0.000000065030
0x0f1f,3,0.000000065030
0x0f20,3,0.000000065030
0x0f23,15,0.000000325152
0x0f24,15,0.000000325152
0x0f25,15,0.000000325152
0x0f26,15,0.000000325152
0x0f28,15,0.000000325152
0x0f2b,12,0.000000260122
0x0f2c,12,0.000000260122
0x0f2d,12,0.000000260122
0x0f2f,12,0.000000260122
0x0f30,12,0.000000260122
0x0f38,6,0.000000130061
0x0f39,6,0.000000130061
0x0f3a,6,0.000000130061
0x0f3b,6,0.000000130061
0x0f3d,6,0.000000130061
0x0f3e,3,0.000000065030
0x0f40,3,0.000000065030
0x0f41,3,0.000000065030
0x0f42,3,0.000000065030
0x0f43,3,0.000000065030
0x0f44,3,0.000000065030
0x0f45,3,0.000000065030
0x0f46,3,0.000000065030
0x0f49,3,0.000000065030
0x0f4c,3,0.000000065030
0x0f4d,3,0.000000065030
0x0f4e,3,0.000000065030
0x0f56,6787,0.000147120433
0x0f57,6787,0.000147120433
0x0f58,13811,0.000299378268
0x0f59,13811,0.000299378268
0x0f5b,13811,0.000299378268
0x0f5e,175,0.000003793440
0x0f60,175,0.000003793440
0x0f63,13808,0.000299313238
0x0f64,13808,0.000299313238
0x0f65,13808,0.000299313238
0x0f68,6784,0.000147055403
0x0f69,6784,0.000147055403
0x0f6a,6784,0.000147055403
0x0f6d,6784,0.000147055403
0x0f6e,6784,0.000147055403
0x0f71,3362,0.000072877398
0x0f74,30,0.000000650304
0x0f76,30,0.000000650304
0x0f77,30,0.000000650304
0x0f78,30,0.000000650304
0x0f79,30,0.000000650304
0x0f7c,30,0.000000650304
0x0f7d,30,0.000000650304
0x0f80,30,0.000000650304
0x0f83,30,0.000000650304
0x0fc0,8710,0.000188804918
0x0fc3,8710,0.000188804918
0x0fc6,8710,0.000188804918
0x0fc9,8710,0.000188804918
0x0fcc,8710,0.000188804918
0x0fcf,8710,0.000188804918
0x0fd2,8710,0.000188804918
0x0fd5,8710,0.000188804918
0x0fd8,17420,0.000377609835
0x0fd9,17420,0.000377609835
0x0fda,17420,0.000377609835
0x0fdb,860,0.000018642047
0x0fdc,860,0.000018642047
0x0fdd,860,0.000018642047
0x0fde,860,0.000018642047
0x0fdf,860,0.000018642047
0x0fe0,860,0.000018642047
0x0fe1,860,0.000018642047
0x0fe2,860,0.000018642047
0x0fe3,860,0.000018642047
0x0fe6,860,0.000018642047
0x0fe7,860,0.000018642047
0x0fe9,860,0.000018642047
0x0fea,860,0.000018642047
0x0fec,860,0.000018642047
0x0fed,860,0.000018642047
0x0fef,860,0.000018642047
0x0ff0,860,0.000018642047
0x0ff1,860,0.000018642047
0x0ff4,860,0.000018642047
0x14e0,1671,0.000036221931
0x14e1,1671,0.000036221931
0x14e4,1671,0.000036221931
0x14e6,1671,0.000036221931
0x17e0,16678,0.000361525650
0x17e3,16678,0.000361525650
0x17e5,16678,0.000361525650
0x17e8,16678,0.000361525650
0x1df0,1023,0.000022175365
0x1df3,1023,0.000022175365
0x1df5,1023,0.000022175365
0x1ee0,528,0.000011445350
0x1ee3,528,0.000011445350
0x1ee6,13728,0.000297579094
0x1ee7,13728,0.000297579094
0x1ee8,13728,0.000297579094
0x1ee9,13728,0.000297579094
0x1eec,13728,0.000297579094
0x1eed,13728,0.000297579094
0x1ef0,528,0.000011445350
0x1ef1,528,0.000011445350
0x1ef2,528,0.000011445350
0x1ef4,528,0.000011445350
0x1ef7,528,0.000011445350
0x1ef8,528,0.000011445350
0x1ef9,528,0.000011445350
0x1efa,528,0.000011445350
0x2000,12449,0.000269854468
0x2003,12449,0.000269854468
0x2006,12449,0.000269854468
0x2009,12449,0.000269854468
0x200c,12449,0.000269854468
0x200d,12449,0.000269854468
0x200f,12449,0.000269854468
0x2010,12449,0.000269854468
0x2011,12449,0.000269854468
0x2014,12449,0.000269854468
0x2015,12449,0.000269854468
0x2018,12257,0.000265692523
0x201a,12257,0.000265692523
0x201d,1194,0.000025882098
0x201e,1194,0.000025882098
0x201f,1194,0.000025882098
0x2020,1194,0.000025882098
0x2023,298,0.000006459686
0x2025,1194,0.000025882098
0x2026,1194,0.000025882098
0x2027,1194,0.000025882098
0x202a,1190,0.000025795391
0x2040,4567,0.000098997940
0x2043,4567,0.000098997940
0x2046,4567,0.000098997940
0x2047,4567,0.000098997940
0x2048,4567,0.000098997940
0x2049,39,0.000000845395
0x204a,39,0.000000845395
0x204b,39,0.000000845395
0x204c,39,0.000000845395
0x204d,39,0.000000845395
0x204e,39,0.000000845395
0x204f,39,0.000000845395
0x2050,39,0.000000845395
0x2051,39,0.000000845395
0x2052,39,0.000000845395
0x2055,39,0.000000845395
0x2057,39,0.000000845395
0x2058,39,0.000000845395
0x2059,39,0.000000845395
0x205a,39,0.000000845395
0x205c,39,0.000000845395
0x205d,39,0.000000845395
0x205e,39,0.000000845395
0x2060,39,0.000000845395
0x2061,39,0.000000845395
0x2062,39,0.000000845395
0x2063,39,0.000000845395
0x2064,39,0.000000845395
0x2065,39,0.000000845395
0x2066,39,0.000000845395
0x2068,39,0.000000845395
0x2069,39,0.000000845395
0x206a,39,0.000000845395
0x206b,39,0.000000845395
0x206c,39,0.000000845395
0x206d,39,0.000000845395
0x2070,192,0.000004161945
0x2071,192,0.000004161945
0x2073,192,0.000004161945
0x2075,192,0.000004161945
0x2076,192,0.000004161945
0x2077,192,0.000004161945
0x2079,192,0.000004161945
0x207a,192,0.000004161945
0x207b,192,0.000004161945
0x207e,192,0.000004161945
0x2081,192,0.000004161945
0x2085,192,0.000004161945
0x2087,192,0.000004161945
0x2088,192,0.000004161945
0x2089,192,0.000004161945
0x208a,192,0.000004161945
0x208c,192,0.000004161945
0x208d,192,0.000004161945
0x208f,192,0.000004161945
0x2090,192,0.000004161945
0x2091,208,0.000004508774
0x2093,208,0.000004508774
0x2094,208,0.000004508774
0x2096,208,0.000004508774
0x2097,208,0.000004508774
0x209a,16,0.000000346829
0x209b,16,0.000000346829
0x209c,16,0.000000346829
0x209d,16,0.000000346829
0x209f,16,0.000000346829
0x20a0,16,0.000000346829
0x20a1,16,0.000000346829
0x20a3,16,0.000000346829
0x20a4,16,0.000000346829
0x20a5,16,0.000000346829
0x20a7,16,0.000000346829
0x20a8,16,0.000000346829
0x20b0,192,0.000004161945
0x20b1,6112,0.000132488594
0x20b2,6112,0.000132488594
0x20b3,6112,0.000132488594
0x20b5,48896,0.001059908754
0x20b7,48896,0.001059908754
0x20b8,48896,0.001059908754
0x20bb,1866,0.000040448907
0x20bc,1866,0.000040448907
0x20bd,1866,0.000040448907
0x20be,1866,0.000040448907
0x20bf,48896,0.001059908754
0x20c0,48896,0.001059908754
0x20c1,48896,0.001059908754
0x20c2,48896,0.001059908754
0x20c5,6112,0.000132488594
0x20c6,6112,0.000132488594
0x20c7,6112,0.000132488594
0x20c8,6112,0.000132488594
0x20c9,6112,0.000132488594
0x20cc,3056,0.000066244297
0x20cd,3056,0.000066244297
0x20cf,3056,0.000066244297
0x20d2,2864,0.000062082352
0x20d3,2864,0.000062082352
0x20d4,2864,0.000062082352
0x20d6,2864,0.000062082352
0x20d7,2864,0.000062082352
0x20d8,2864,0.000062082352
0x20da,2864,0.000062082352
0x20db,2864,0.000062082352
0x20dc,2864,0.000062082352
0x20de,2864,0.000062082352
0x20e1,192,0.000004161945
0x20e2,192,0.000004161945
0x20e8,192,0.000004161945
0x20e9,192,0.000004161945
0x20ea,192,0.000004161945
0x20ec,192,0.000004161945
0x20ed,192,0.000004161945
0x20f0,192,0.000004161945
0x20f1,192,0.000004161945
0x20f2,192,0.000004161945
0x20f3,192,0.000004161945
0x20f4,192,0.000004161945
0x20f6,192,0.000004161945
0x20f7,192,0.000004161945
0x20f8,192,0.000004161945
0x20fa,192,0.000004161945
0x20fb,192,0.000004161945
0x20fc,192,0.000004161945
0x20fd,192,0.000004161945
0x20fe,192,0.000004161945
0x20ff,192,0.000004161945
0x2101,192,0.000004161945
0x2103,192,0.000004161945
0x2104,192,0.000004161945
0x2106,192,0.000004161945
0x2107,192,0.000004161945
0x2108,192,0.000004161945
0x2109,192,0.000004161945
0x210a,192,0.000004161945
0x210d,192,0.000004161945
0x211c,192,0.000004161945
0x211f,192,0.000004161945
0x2120,192,0.000004161945
0x2122,192,0.000004161945
0x2123,144,0.000003121459
0x2125,144,0.000003121459
0x2130,11067,0.000239897132
0x2131,11067,0.000239897132
0x2132,11067,0.000239897132
0x2135,8297,0.000179852400
0x2137,8297,0.000179852400
0x213a,5530,0.000119872697
0x213c,5530,0.000119872697
0x213f,2765,0.000059936349
0x2146,1190,0.000025795391
0x2147,1190,0.000025795391
0x2148,1190,0.000025795391
0x214b,595,0.000012897695
0x2150,2770,0.000060044733
0x2153,2770,0.000060044733
0x2156,2770,0.000060044733
0x2160,2767,0.000059979702
0x2163,2767,0.000059979702
0x2166,2767,0.000059979702
0x2169,2767,0.000059979702
0x2170,2765,0.000059936349
0x2173,2765,0.000059936349
0x2180,2765,0.000059936349
0x2183,2765,0.000059936349
0x2186,2765,0.000059936349
0x2189,2765,0.000059936349
0x2190,595,0.000012897695
0x2193,595,0.000012897695
0x2196,595,0.000012897695
0x2199,595,0.000012897695
0x219c,595,0.000012897695
0x21a5,595,0.000012897695
0x21a8,595,0.000012897695
0x21ab,595,0.000012897695
0x21ae,595,0.000012897695
0x21b1,595,0.000012897695
0x21ba,192,0.000004161945
0x21bb,192,0.000004161945
0x21bc,192,0.000004161945
0x21bf,96,0.000002080973
0x21c2,96,0.000002080973
0x21c5,96,0.000002080973
0x21c8,96,0.000002080973
0x21cb,96,0.000002080973
0x21cd,96,0.000002080973
0x21cf,96,0.000002080973
0x21dc,528,0.000011445350
0x21dd,528,0.000011445350
0x21de,528,0.000011445350
0x21df,528,0.000011445350
0x21e2,528,0.000011445350
0x21e4,528,0.000011445350
0x21e5,528,0.000011445350
0x21e6,528,0.000011445350
0x21e8,528,0.000011445350
0x21e9,528,0.000011445350
0x21eb,528,0.000011445350
0x21ec,528,0.000011445350
0x21ed,528,0.000011445350
0x21ef,528,0.000011445350
0x21f0,528,0.000011445350
0x21f1,528,0.000011445350
0x21f2,528,0.000011445350
0x21f4,528,0.000011445350
0x21f5,528,0.000011445350
0x21f7,528,0.000011445350
0x21f8,528,0.000011445350
0x21f9,528,0.000011445350
0x21fc,528,0.000011445350
0x2204,384,0.000008323891
0x2207,384,0.000008323891
0x2208,384,0.000008323891
0x2209,384,0.000008323891
0x220b,384,0.000008323891
0x220c,4,0.000000086707
0x220e,4,0.000000086707
0x2210,4,0.000000086707
0x2212,4,0.000000086707
0x2214,4,0.000000086707
0x2216,4,0.000000086707
0x2217,4,0.000000086707
0x2218,4,0.000000086707
0x221a,4,0.000000086707
0x221b,4,0.000000086707
0x221d,4,0.000000086707
0x221e,4,0.000000086707
0x2220,4,0.000000086707
0x2221,4,0.000000086707
0x2222,4,0.000000086707
0x2223,4,0.000000086707
0x2224,4,0.000000086707
0x2227,2,0.000000043354
0x2228,2,0.000000043354
0x222a,4,0.000000086707
0x222b,4,0.000000086707
0x2230,495,0.000010730015
0x2233,495,0.000010730015
0x2234,495,0.000010730015
0x2235,495,0.000010730015
0x2236,495,0.000010730015
0x2237,495,0.000010730015
0x2239,495,0.000010730015
0x223b,495,0.000010730015
0x223e,477,0.000010339833
0x2240,477,0.000010339833
0x2243,243,0.000005267462
0x2245,243,0.000005267462
0x2247,243,0.000005267462
0x2249,243,0.000005267462
0x224c,9,0.000000195091
0x224f,9,0.000000195091
0x2250,9,0.000000195091
0x2252,9,0.000000195091
0x2254,9,0.000000195091
0x2260,468,0.000010144742
0x2261,468,0.000010144742
0x2262,468,0.000010144742
0x2263,468,0.000010144742
0x2264,468,0.000010144742
0x2265,468,0.000010144742
0x2267,468,0.000010144742
0x2268,468,0.000010144742
0x2269,468,0.000010144742
0x226b,468,0.000010144742
0x226d,468,0.000010144742
0x226e,468,0.000010144742
0x226f,468,0.000010144742
0x2271,468,0.000010144742
0x2272,468,0.000010144742
0x2273,468,0.000010144742
0x2274,468,0.000010144742
0x2275,468,0.000010144742
0x2276,468,0.000010144742
0x2277,468,0.000010144742
0x2278,468,0.000010144742
0x2279,468,0.000010144742
0x227a,6552,0.000142026386
0x227b,58968,0.001278237472
0x227c,58968,0.001278237472
0x227d,58968,0.001278237472
0x227e,58968,0.001278237472
0x227f,58968,0.001278237472
0x2280,58968,0.001278237472
0x2283,6552,0.000142026386
0x2284,6552,0.000142026386
0x2285,6552,0.000142026386
0x2286,6552,0.000142026386
0x2288,6552,0.000142026386
0x2289,6552,0.000142026386
0x228a,6552,0.000142026386
0x228c,6552,0.000142026386
0x228d,6552,0.000142026386
0x228e,6552,0.000142026386
0x2291,468,0.000010144742
0x2292,18,0.000000390182
0x2295,18,0.000000390182
0x2296,18,0.000000390182
0x2298,18,0.000000390182
0x229b,8,0.000000173414
0x229e,8,0.000000173414
0x22a1,8,0.000000173414
0x22a3,3328,0.000072140386
0x22a4,3328,0.000072140386
0x22a5,3328,0.000072140386
0x22a6,3328,0.000072140386
0x22a7,3328,0.000072140386
0x22a8,3328,0.000072140386
0x22a9,3328,0.000072140386
0x22aa,3328,0.000072140386
0x22ab,3328,0.000072140386
0x22ac,3328,0.000072140386
0x22ad,3328,0.000072140386
0x22b0,8,0.000000173414
0x22b4,288,0.000006242918
0x22b7,288,0.000006242918
0x22ba,288,0.000006242918
0x22bb,288,0.000006242918
0x22bc,288,0.000006242918
0x22be,288,0.000006242918
0x22c1,4,0.000000086707
0x22c3,4,0.000000086707
0x22c5,4,0.000000086707
0x22ca,196,0.000004248653
0x22cd,196,0.000004248653
0x22ce,196,0.000004248653
0x22d0,196,0.000004248653
0x22d3,4,0.000000086707
0x22d5,4,0.000000086707
0x22d7,4,0.000000086707
0x22d9,4,0.000000086707
0x22db,4,0.000000086707
0x22dd,4,0.000000086707
0x22e0,8,0.000000173414
0x22e2,18,0.000000390182
0x22e5,18,0.000000390182
0x22e8,18,0.000000390182
0x22f0,10,0.000000216768
0x22f3,10,0.000000216768
0x22f4,10,0.000000216768
0x22fa,979,0.000021221586
0x22fd,979,0.000021221586
0x22ff,979,0.000021221586
0x2302,979,0.000021221586
0x2303,17622,0.000381988548
0x2304,17622,0.000381988548
0x2306,17622,0.000381988548
0x2307,17622,0.000381988548
0x2308,17622,0.000381988548
0x2309,17622,0.000381988548
0x230a,17622,0.000381988548
0x230b,17622,0.000381988548
0x230d,17622,0.000381988548
0x230e,17622,0.000381988548
0x230f,17622,0.000381988548
0x2310,17622,0.000381988548
0x2312,17622,0.000381988548
0x2313,17622,0.000381988548
0x2314,17622,0.000381988548
0x2316,17622,0.000381988548
0x2317,17622,0.000381988548
0x231a,1958,0.000042443172
0x231b,17622,0.000381988548
0x231c,17622,0.000381988548
0x231f,979,0.000021221586
0x2322,2940,0.000063729788
0x2325,2940,0.000063729788
0x2326,2940,0.000063729788
0x2327,2940,0.000063729788
0x2329,2940,0.000063729788
0x232a,2940,0.000063729788
0x232b,2940,0.000063729788
0x232c,2940,0.000063729788
0x232e,2940,0.000063729788
0x232f,2940,0.000063729788
0x2331,2940,0.000063729788
0x2334,2940,0.000063729788
0x2337,2940,0.000063729788
0x2351,7838,0.000169902749
0x2352,7838,0.000169902749
0x2354,7838,0.000169902749
0x2355,1575,0.000034140958
0x2356,1575,0.000034140958
0x2357,1575,0.000034140958
0x2358,1575,0.000034140958
0x235a,1575,0.000034140958
0x235b,1575,0.000034140958
0x235e,1575,0.000034140958
0x235f,1575,0.000034140958
0x2360,1575,0.000034140958
0x2361,1575,0.000034140958
0x2362,1575,0.000034140958
0x2364,1575,0.000034140958
0x2365,1575,0.000034140958
0x2366,1575,0.000034140958
0x2368,1575,0.000034140958
0x2369,1575,0.000034140958
0x236a,1575,0.000034140958
0x236b,1575,0.000034140958
0x236c,1575,0.000034140958
0x236e,1575,0.000034140958
0x2370,1575,0.000034140958
0x2373,1424,0.000030867761
0x2375,1424,0.000030867761
0x2377,1424,0.000030867761
0x237a,1424,0.000030867761
0x237b,151,0.000003273197
0x237c,151,0.000003273197
0x237e,151,0.000003273197
0x237f,151,0.000003273197
0x2381,151,0.000003273197
0x2384,151,0.000003273197
0x2385,151,0.000003273197
0x2386,151,0.000003273197
0x2387,151,0.000003273197
0x2389,151,0.000003273197
0x238a,45,0.000000975456
0x238c,45,0.000000975456
0x238d,45,0.000000975456
0x238e,45,0.000000975456
0x2390,45,0.000000975456
0x2391,38,0.000000823718
0x2393,38,0.000000823718
0x23d6,8108,0.000175755485
0x23d9,8108,0.000175755485
0x23da,8108,0.000175755485
0x23dc,8108,0.000175755485
0x23de,8108,0.000175755485
0x23e1,6040,0.000130927865
0x23e3,6040,0.000130927865
0x23e6,4760,0.000103181562
0x23e8,4760,0.000103181562
0x23eb,3504,0.000075955503
0x23ed,3504,0.000075955503
0x23f0,2428,0.000052631267
0x23f2,2428,0.000052631267
0x23f3,2103,0.000045586308
0x23f5,2103,0.000045586308
0x23f8,1982,0.000042963415
0x23fb,1982,0.000042963415
0x2476,59,0.000001278931
0x2477,59,0.000001278931
0x2478,59,0.000001278931
0x247b,59,0.000001278931
0x247d,59,0.000001278931
0x247e,59,0.000001278931
0x2481,59,0.000001278931
0x2483,59,0.000001278931
0x2484,59,0.000001278931
0x2485,59,0.000001278931
0x2487,59,0.000001278931
0x2488,59,0.000001278931
0x2489,59,0.000001278931
0x248a,59,0.000001278931
0x248c,59,0.000001278931
0x248d,59,0.000001278931
0x248f,59,0.000001278931
0x2490,59,0.000001278931
0x2493,59,0.000001278931
0x2495,59,0.000001278931
0x2496,59,0.000001278931
0x2497,59,0.000001278931
0x2498,53,0.000001148870
0x2499,53,0.000001148870
0x249a,53,0.000001148870
0x249b,38,0.000000823718
0x249c,38,0.000000823718
0x249d,38,0.000000823718
0x249e,22,0.000000476890
0x249f,22,0.000000476890
0x24a0,12449,0.000269854468
0x24a3,12449,0.000269854468
0x24a5,12449,0.000269854468
0x24a7,12449,0.000269854468
0x24a8,7838,0.000169902749
0x24ab,7838,0.000169902749
0x24ae,7838,0.000169902749
0x24b1,7838,0.000169902749
0x24b4,7838,0.000169902749
0x24b6,7838,0.000169902749
0x24b8,7838,0.000169902749
0x24b9,1959,0.000042464849
0x24c4,6223,0.000134894719
0x24c7,6223,0.000134894719
0x24c9,6223,0.000134894719
0x24cb,6223,0.000134894719
0x24ce,3919,0.000084951374
0x24d1,3919,0.000084951374
0x24d4,3919,0.000084951374
0x24d5,3919,0.000084951374
0x24d6,3919,0.000084951374
0x24d8,3919,0.000084951374
0x24db,2940,0.000063729788
0x24e0,3919,0.000084951374
0x24e3,3919,0.000084951374
0x24e5,3919,0.000084951374
0x24e6,245,0.000005310816
0x24e9,245,0.000005310816
0x24eb,245,0.000005310816
0x24ec,245,0.000005310816
0x24f2,1959,0.000042464849
0x24f5,1959,0.000042464849
0x24f7,1959,0.000042464849
0x24f8,1959,0.000042464849
0x24f9,1959,0.000042464849
0x24fc,1959,0.000042464849
0x24fe,1959,0.000042464849
0x24ff,1959,0.000042464849
0x2500,597,0.000012941049
0x2503,597,0.000012941049
0x2504,597,0.000012941049
0x2505,447,0.000009689529
0x2508,447,0.000009689529
0x2509,447,0.000009689529
0x250a,102,0.000002211033
0x250b,102,0.000002211033
0x250d,102,0.000002211033
0x250e,102,0.000002211033
0x2511,102,0.000002211033
0x2512,102,0.000002211033
0x2513,102,0.000002211033
0x2515,102,0.000002211033
0x2517,102,0.000002211033
0x2518,102,0.000002211033
0x2519,102,0.000002211033
0x251a,102,0.000002211033
0x2560,3360,0.000072834044
0x2563,3360,0.000072834044
0x2564,3360,0.000072834044
0x2566,3360,0.000072834044
0x2567,3360,0.000072834044
0x2568,3360,0.000072834044
0x2569,3360,0.000072834044
0x256a,3360,0.000072834044
0x256b,3360,0.000072834044
0x256d,3360,0.000072834044
0x256e,3360,0.000072834044
0x2570,3360,0.000072834044
0x2572,3360,0.000072834044
0x2575,3360,0.000072834044
0x2576,3360,0.000072834044
0x2577,3360,0.000072834044
0x2578,3360,0.000072834044
0x2579,3360,0.000072834044
0x257b,3360,0.000072834044
0x257c,3360,0.000072834044
0x257f,3360,0.000072834044
0x2581,3360,0.000072834044
0x2582,3360,0.000072834044
0x2585,3360,0.000072834044
0x2587,3360,0.000072834044
0x2588,26672,0.000578163578
0x2589,26672,0.000578163578
0x258c,26599,0.000576581171
0x258d,26599,0.000576581171
0x258e,26599,0.000576581171
0x2590,26599,0.000576581171
0x2591,26599,0.000576581171
0x2592,26599,0.000576581171
0x2595,3287,0.000071251638
0x2596,26672,0.000578163578
0x2597,26672,0.000578163578
0x2599,26672,0.000578163578
0x259a,19625,0.000425407176
0x259b,19625,0.000425407176
0x259c,19625,0.000425407176
0x259e,19625,0.000425407176
0x259f,19625,0.000425407176
0x25a1,19625,0.000425407176
0x25a2,18224,0.000395037981
0x25a3,18224,0.000395037981
0x25a4,18224,0.000395037981
0x25a5,18224,0.000395037981
0x25a6,11056,0.000239658688
0x25a7,11056,0.000239658688
0x25a8,2729,0.000059155984
0x25a9,2729,0.000059155984
0x25aa,2729,0.000059155984
0x25ab,2729,0.000059155984
0x25ac,2679,0.000058072144
0x25ae,2679,0.000058072144
0x25af,73,0.000001582406
0x25b0,73,0.000001582406
0x25b1,73,0.000001582406
0x25b2,73,0.000001582406
0x25b3,73,0.000001582406
0x25b4,73,0.000001582406
0x25b5,73,0.000001582406
0x25b6,73,0.000001582406
0x25b7,380,0.000008237184
0x25ba,380,0.000008237184
0x25bc,380,0.000008237184
0x25be,380,0.000008237184
0x25ca,380,0.000008237184
0x25cd,910,0.000019725887
0x25ce,910,0.000019725887
0x25d0,910,0.000019725887
0x25d3,713,0.000015455558
0x25d4,713,0.000015455558
0x25d6,713,0.000015455558
0x25d7,713,0.000015455558
0x25d8,713,0.000015455558
0x25db,183,0.000003966854
0x25dc,183,0.000003966854
0x25dd,183,0.000003966854
0x25e0,197,0.000004270329
0x25e1,197,0.000004270329
0x25e3,197,0.000004270329
0x25e4,197,0.000004270329
0x25e5,197,0.000004270329
0x25e7,197,0.000004270329
0x25e8,197,0.000004270329
0x25ea,197,0.000004270329
0x25eb,197,0.000004270329
0x25ec,197,0.000004270329
0x25ed,197,0.000004270329
0x25ef,197,0.000004270329
0x25f0,197,0.000004270329
0x25f1,197,0.000004270329
0x25f3,197,0.000004270329
0x25f4,197,0.000004270329
0x25f6,197,0.000004270329
0x25f7,197,0.000004270329
0x25f8,197,0.000004270329
0x25f9,197,0.000004270329
0x25fa,197,0.000004270329
0x25fb,197,0.000004270329
0x25fc,197,0.000004270329
0x25fd,197,0.000004270329
0x2600,4228,0.000091649505
0x2601,4228,0.000091649505
0x2602,4228,0.000091649505
0x2603,4228,0.000091649505
0x2604,4228,0.000091649505
0x2605,4228,0.000091649505
0x2608,4228,0.000091649505
0x2609,4228,0.000091649505
0x260a,4228,0.000091649505
0x260b,4228,0.000091649505
0x260c,4228,0.000091649505
0x260e,4228,0.000091649505
0x2611,4228,0.000091649505
0x2612,4228,0.000091649505
0x2613,4228,0.000091649505
0x2616,4228,0.000091649505
0x2617,4228,0.000091649505
0x261a,2323,0.000050355204
0x261d,2323,0.000050355204
0x261e,2323,0.000050355204
0x2620,2323,0.000050355204
0x2621,2323,0.000050355204
0x2624,2323,0.000050355204
0x2625,2323,0.000050355204
0x2626,2323,0.000050355204
0x2628,2323,0.000050355204
0x2629,2323,0.000050355204
0x262b,2323,0.000050355204
0x262c,2323,0.000050355204
0x262e,2323,0.000050355204
0x262f,2323,0.000050355204
0x2630,2323,0.000050355204
0x2631,2323,0.000050355204
0x2633,2323,0.000050355204
0x2634,2323,0.000050355204
0x2635,2323,0.000050355204
0x2638,2323,0.000050355204
0x2639,4228,0.000091649505
0x263c,4228,0.000091649505
0x263f,4228,0.000091649505
0x2642,4228,0.000091649505
0x2643,4228,0.000091649505
0x2646,2114,0.000045824753
0x2649,2114,0.000045824753
0x2650,1905,0.000041294302
0x2651,1905,0.000041294302
0x2654,1905,0.000041294302
0x2655,1905,0.000041294302
0x2656,1905,0.000041294302
0x2658,1905,0.000041294302
0x2659,1905,0.000041294302
0x265b,1905,0.000041294302
0x265c,1905,0.000041294302
0x265e,1905,0.000041294302
0x2661,1905,0.000041294302
0x2662,1905,0.000041294302
0x2668,2114,0.000045824753
0x266b,2114,0.000045824753
0x266c,2114,0.000045824753
0x266d,2114,0.000045824753
0x2670,2114,0.000045824753
0x2672,2114,0.000045824753
0x2676,2114,0.000045824753
0x2678,2114,0.000045824753
0x267c,2114,0.000045824753
0x267f,2114,0.000045824753
0x2681,2114,0.000045824753
0x2684,2114,0.000045824753
0x2685,2114,0.000045824753
0x2688,2114,0.000045824753
0x268a,2114,0.000045824753
0x268b,2114,0.000045824753
0x268d,2114,0.000045824753
0x268e,2114,0.000045824753
0x268f,2114,0.000045824753
0x2692,2108,0.000045694692
0x2693,2114,0.000045824753
0x2694,2114,0.000045824753
0x2697,2114,0.000045824753
0x2699,2114,0.000045824753
0x269c,678,0.000014696870
0x269d,2114,0.000045824753
0x269f,2114,0.000045824753
0x26a2,306,0.000006633100
0x26a3,2114,0.000045824753
0x26a4,2114,0.000045824753
0x26a7,2114,0.000045824753
0x26aa,2114,0.000045824753
0x26ad,2114,0.000045824753
0x26ae,2114,0.000045824753
0x26af,2114,0.000045824753
0x26b0,2114,0.000045824753
0x26b1,361,0.000007825324
0x26b2,361,0.000007825324
0x26b4,361,0.000007825324
0x26b5,361,0.000007825324
0x26b7,361,0.000007825324
0x26b8,361,0.000007825324
0x26ba,361,0.000007825324
0x26bb,59,0.000001278931
0x26bc,59,0.000001278931
0x26bd,59,0.000001278931
0x26be,59,0.000001278931
0x26bf,59,0.000001278931
0x26c2,59,0.000001278931
0x26c4,59,0.000001278931
0x26c6,59,0.000001278931
0x26c7,59,0.000001278931
0x26c8,59,0.000001278931
0x26ca,59,0.000001278931
0x26cb,59,0.000001278931
0x26cc,59,0.000001278931
0x26d0,2114,0.000045824753
0x26d3,2114,0.000045824753
0x26d6,2114,0.000045824753
0x26d9,16912,0.000366598021
0x26da,16912,0.000366598021
0x26db,16912,0.000366598021
0x26de,10270,0.000222620724
0x26df,10270,0.000222620724
0x26e0,10270,0.000222620724
0x26e3,1922,0.000041662807
0x26e4,10270,0.000222620724
0x26e5,16912,0.000366598021
0x26e6,16912,0.000366598021
0x26e7,16912,0.000366598021
0x26e8,16912,0.000366598021
0x26e9,16912,0.000366598021
0x26eb,16912,0.000366598021
0x26ee,2114,0.000045824753
0x26f1,2114,0.000045824753
0x26f2,2114,0.000045824753
0x26f3,2114,0.000045824753
0x26f5,2114,0.000045824753
0x26f8,2114,0.000045824753
0x26f9,2114,0.000045824753
0x26fa,2114,0.000045824753
0x26fd,2114,0.000045824753
0x2700,9180,0.000198993013
0x2703,9180,0.000198993013
0x2704,9180,0.000198993013
0x2705,9180,0.000198993013
0x2706,9179,0.000198971336
0x2707,9179,0.000198971336
0x2708,9179,0.000198971336
0x270a,9179,0.000198971336
0x270b,9179,0.000198971336
0x270c,9179,0.000198971336
0x270e,9179,0.000198971336
0x270f,9179,0.000198971336
0x2711,9179,0.000198971336
0x2714,9179,0.000198971336
0x2717,36716,0.000795885345
0x271a,36716,0.000795885345
0x271b,36716,0.000795885345
0x271c,36716,0.000795885345
0x271d,36716,0.000795885345
0x271e,36716,0.000795885345
0x2720,36716,0.000795885345
0x2723,9179,0.000198971336
0x2725,9179,0.000198971336
0x2728,9179,0.000198971336
0x272a,9179,0.000198971336
0x2739,9179,0.000198971336
0x273c,9179,0.000198971336
0x273d,9179,0.000198971336
0x2740,9179,0.000198971336
0x2743,9179,0.000198971336
0x2748,36716,0.000795885345
0x2749,36716,0.000795885345
0x274a,36716,0.000795885345
0x274c,36716,0.000795885345
0x274d,109,0.000002362771
0x274e,109,0.000002362771
0x274f,109,0.000002362771
0x2750,54,0.000001170547
0x2751,54,0.000001170547
0x2752,54,0.000001170547
0x2753,54,0.000001170547
0x2754,54,0.000001170547
0x2755,54,0.000001170547
0x2757,54,0.000001170547
0x2758,54,0.000001170547
0x2759,54,0.000001170547
0x275b,54,0.000001170547
0x275c,54,0.000001170547
0x275f,54,0.000001170547
0x2760,54,0.000001170547
0x2761,54,0.000001170547
0x2764,54,0.000001170547
0x2768,54,0.000001170547
0x2769,54,0.000001170547
0x276c,54,0.000001170547
0x276e,54,0.000001170547
0x2771,54,0.000001170547
0x2772,54,0.000001170547
0x2778,54,0.000001170547
0x277b,54,0.000001170547
0x277c,54,0.000001170547
0x277f,54,0.000001170547
0x2780,54,0.000001170547
0x2781,54,0.000001170547
0x2782,54,0.000001170547
0x2783,54,0.000001170547
0x2784,54,0.000001170547
0x2785,54,0.000001170547
0x2786,54,0.000001170547
0x2789,54,0.000001170547
0x27a8,9179,0.000198971336
0x27ab,9179,0.000198971336
0x27ac,9179,0.000198971336
0x27af,9179,0.000198971336
0x27b0,9179,0.000198971336
0x27b1,9179,0.000198971336
0x27b4,9179,0.000198971336
0x27b6,9179,0.000198971336
0x27b7,9179,0.000198971336
0x27b8,9179,0.000198971336
0x27ba,9179,0.000198971336
0x27bd,8795,0.000190647445
0x27c0,8795,0.000190647445
0x27c1,8795,0.000190647445
0x27c2,8795,0.000190647445
0x27c5,8747,0.000189606959
0x27c7,8747,0.000189606959
0x27c8,8747,0.000189606959
0x27c9,8747,0.000189606959
0x27ca,4520,0.000097979131
0x27cc,4520,0.000097979131
0x27cf,4338,0.000094033953
0x27d0,4338,0.000094033953
0x27d2,4338,0.000094033953
0x27d3,4338,0.000094033953
0x27d5,4338,0.000094033953
0x27d6,4338,0.000094033953
0x27d8,182,0.000003945177
0x27da,182,0.000003945177
0x27dc,182,0.000003945177
0x27dd,182,0.000003945177
0x27df,182,0.000003945177
0x27e0,182,0.000003945177
0x27e2,48,0.000001040486
0x27e4,48,0.000001040486
0x27e9,48,0.000001040486
0x27ea,48,0.000001040486
0x27ec,48,0.000001040486
0x27ee,48,0.000001040486
0x3000,3365,0.000072942428
0x3003,3365,0.000072942428
0x3004,3365,0.000072942428
0x3005,3365,0.000072942428
0x3007,3365,0.000072942428
0x300a,3365,0.000072942428
0x300b,3365,0.000072942428
0x300c,3365,0.000072942428
0x300d,3365,0.000072942428
0x300e,3365,0.000072942428
0x300f,3365,0.000072942428
0x3010,3365,0.000072942428
0x3011,3365,0.000072942428
0x3012,418,0.000009060902
0x3028,424,0.000009190963
0x302b,424,0.000009190963
0x302c,424,0.000009190963
0x302e,424,0.000009190963
0x302f,424,0.000009190963
0x3031,424,0.000009190963
0x3032,424,0.000009190963
0x3034,424,0.000009190963
0x3035,349,0.000007565203
0x3037,349,0.000007565203
0x3038,349,0.000007565203
0x3039,349,0.000007565203
0x303c,334,0.000007240051
0x303d,334,0.000007240051
0x303e,5,0.000000108384
0x303f,5,0.000000108384
0x3040,5,0.000000108384
0x3042,5,0.000000108384
0x3044,5,0.000000108384
0x3046,5,0.000000108384
0x3048,5,0.000000108384
0x3049,5,0.000000108384
0x304b,5,0.000000108384
0x304d,5,0.000000108384
0x304f,5,0.000000108384
0x3050,5,0.000000108384
0x3052,5,0.000000108384
0x3055,5,0.000000108384
0x3056,5,0.000000108384
0x3057,3,0.000000065030
0x3059,3,0.000000065030
0x305c,15,0.000000325152
0x305f,15,0.000000325152
0x3062,15,0.000000325152
0x3063,15,0.000000325152
0x3064,15,0.000000325152
0x3065,15,0.000000325152
0x3066,15,0.000000325152
0x3067,15,0.000000325152
0x3068,15,0.000000325152
0x306a,15,0.000000325152
0x306c,15,0.000000325152
0x306d,15,0.000000325152
0x3074,75,0.000001625760
0x3077,75,0.000001625760
0x3078,75,0.000001625760
0x3079,75,0.000001625760
0x307a,75,0.000001625760
0x307c,75,0.000001625760
0x307d,75,0.000001625760
0x307f,75,0.000001625760
0x3080,75,0.000001625760
0x3081,75,0.000001625760
0x3082,75,0.000001625760
0x3084,75,0.000001625760
0x3089,75,0.000001625760
0x308a,75,0.000001625760
0x308b,75,0.000001625760
0x308c,75,0.000001625760
0x308d,75,0.000001625760
0x308f,75,0.000001625760
0x3090,75,0.000001625760
0x3092,75,0.000001625760
0x3093,75,0.000001625760
0x3094,75,0.000001625760
0x3095,75,0.000001625760
0x3098,75,0.000001625760
0x309a,75,0.000001625760
0x309d,5,0.000000108384
0x309f,75,0.000001625760
0x30a0,75,0.000001625760
0x30a1,75,0.000001625760
0x30a4,75,0.000001625760
0x30a6,75,0.000001625760
0x30a7,75,0.000001625760
0x30a8,75,0.000001625760
0x30aa,6114,0.000132531948
0x30ad,6114,0.000132531948
0x30ae,6114,0.000132531948
0x30af,6114,0.000132531948
0x30b0,6114,0.000132531948
0x30b1,6114,0.000132531948
0x30b3,6114,0.000132531948
0x30b5,6114,0.000132531948
0x30b6,6114,0.000132531948
0x30b8,6114,0.000132531948
0x30ba,421,0.000009125932
0x30bd,421,0.000009125932
0x30c0,421,0.000009125932
0x30c3,421,0.000009125932
0x30c6,421,0.000009125932
0x30c8,421,0.000009125932
0x30c9,421,0.000009125932
0x30ca,421,0.000009125932
0x30cb,263,0.000005700998
0x30cd,263,0.000005700998
0x30ce,263,0.000005700998
0x30cf,263,0.000005700998
0x30d2,203,0.000004400390
0x30d3,203,0.000004400390
0x30d4,53,0.000001148870
0x30d6,53,0.000001148870
0x30d8,53,0.000001148870
0x30da,1263,0.000027377797
0x30db,1263,0.000027377797
0x30dc,1263,0.000027377797
0x30dd,1263,0.000027377797
0x30de,582,0.000012615897
0x30df,582,0.000012615897
0x30e4,60,0.000001300608
0x30e7,60,0.000001300608
0x30ea,60,0.000001300608
0x30eb,60,0.000001300608
0x30ed,60,0.000001300608
0x30f2,60,0.000001300608
0x30f3,60,0.000001300608
0x30f5,60,0.000001300608
0x30f6,60,0.000001300608
0x30f7,60,0.000001300608
0x30f8,60,0.000001300608
0x30fa,60,0.000001300608
0x30fc,60,0.000001300608
0x30ff,60,0.000001300608
0x3102,60,0.000001300608
0x3105,60,0.000001300608
0x3106,60,0.000001300608
0x3107,60,0.000001300608
0x3108,60,0.000001300608
0x310a,60,0.000001300608
0x310c,60,0.000001300608
0x310e,60,0.000001300608
0x310f,60,0.000001300608
0x3112,180,0.000003901824
0x3113,180,0.000003901824
0x3114,180,0.000003901824
0x3115,180,0.000003901824
0x3116,110,0.000002384448
0x3117,110,0.000002384448
0x3118,110,0.000002384448
0x311a,110,0.000002384448
0x311b,110,0.000002384448
0x311c,110,0.000002384448
0x311d,110,0.000002384448
0x311e,60,0.000001300608
0x311f,60,0.000001300608
0x3121,60,0.000001300608
0x3124,421,0.000009125932
0x3127,421,0.000009125932
0x3128,421,0.000009125932
0x312a,421,0.000009125932
0x312b,53,0.000001148870
0x312d,53,0.000001148870
0x312f,53,0.000001148870
0x3130,53,0.000001148870
0x3131,53,0.000001148870
0x3132,53,0.000001148870
0x3134,53,0.000001148870
0x3136,53,0.000001148870
0x3138,53,0.000001148870
0x313d,53,0.000001148870
0x313f,53,0.000001148870
0x3140,53,0.000001148870
0x3141,53,0.000001148870
0x3144,53,0.000001148870
0x3145,53,0.000001148870
0x3146,53,0.000001148870
0x3149,37,0.000000802042
0x314b,53,0.000001148870
0x314d,53,0.000001148870
0x314e,53,0.000001148870
0x315a,421,0.000009125932
0x315d,421,0.000009125932
0x315e,421,0.000009125932
0x3160,421,0.000009125932
0x3161,131,0.000002839661
0x3164,131,0.000002839661
0x3165,131,0.000002839661
0x3166,131,0.000002839661
0x3167,131,0.000002839661
0x3169,131,0.000002839661
0x316a,131,0.000002839661
0x316c,131,0.000002839661
0x316d,131,0.000002839661
0x316e,131,0.000002839661
0x316f,131,0.000002839661
0x3171,131,0.000002839661
0x3172,131,0.000002839661
0x3174,131,0.000002839661
0x3176,131,0.000002839661
0x3177,131,0.000002839661
0x3178,131,0.000002839661
0x3179,1381,0.000029935659
0x317c,1328,0.000028786789
0x317d,1328,0.000028786789
0x317e,1328,0.000028786789
0x317f,1328,0.000028786789
0x3180,1328,0.000028786789
0x3181,1328,0.000028786789
0x3182,1328,0.000028786789
0x3183,1328,0.000028786789
0x3186,82,0.000001777498
0x3188,82,0.000001777498
0x318a,1328,0.000028786789
0x318b,1328,0.000028786789
0x318e,78,0.000001690790
0x3192,1381,0.000029935659
0x3193,1381,0.000029935659
0x3195,1381,0.000029935659
0x3196,1019,0.000022088658
0x3199,1019,0.000022088658
0x319a,1019,0.000022088658
0x319b,53,0.000001148870
0x319e,53,0.000001148870
0x319f,53,0.000001148870
0x31a0,53,0.000001148870
0x31a1,53,0.000001148870
0x31a2,53,0.000001148870
0x31a3,53,0.000001148870
0x31a4,53,0.000001148870
0x31a7,53,0.000001148870
0x31a9,53,0.000001148870
0x31ac,53,0.000001148870
0x31ad,53,0.000001148870
0x31b4,418,0.000009060902
0x31b7,418,0.000009060902
0x31b9,418,0.000009060902
0x31ba,51,0.000001105517
0x31bd,51,0.000001105517
0x31bf,51,0.000001105517
0x31c0,51,0.000001105517
0x31c2,51,0.000001105517
0x31c3,51,0.000001105517
0x31c5,51,0.000001105517
0x31c6,51,0.000001105517
0x31c7,51,0.000001105517
0x31c8,51,0.000001105517
0x31cb,51,0.000001105517
0x31cd,51,0.000001105517
0x31ce,51,0.000001105517
0x31d1,21,0.000000455213
0x31d2,21,0.000000455213
0x31d3,21,0.000000455213
0x31d4,21,0.000000455213
0x31d6,51,0.000001105517
0x31d7,51,0.000001105517
0x31d8,51,0.000001105517
0x31d9,51,0.000001105517
0x31da,51,0.000001105517
0x31dc,51,0.000001105517
0x31de,51,0.000001105517
0x31df,51,0.000001105517
0x31e1,51,0.000001105517
0x31e2,51,0.000001105517
0x31e3,51,0.000001105517
0x31e4,51,0.000001105517
0x31e5,51,0.000001105517
0x31e6,51,0.000001105517
0x31e7,51,0.000001105517
0x31e8,51,0.000001105517
0x31e9,51,0.000001105517
0x31ec,51,0.000001105517
0x31ed,51,0.000001105517
0x31f0,51,0.000001105517
0x31f1,51,0.000001105517
0x31f2,51,0.000001105517
0x31f4,51,0.000001105517
0x31f5,51,0.000001105517
0x31f7,51,0.000001105517
0x31f8,51,0.000001105517
0x31fb,51,0.000001105517
0x31fd,51,0.000001105517
0x31fe,51,0.000001105517
0x31ff,51,0.000001105517
0x3201,51,0.000001105517
0x3202,51,0.000001105517
0x3203,51,0.000001105517
0x3204,51,0.000001105517
0x3207,51,0.000001105517
0x3209,51,0.000001105517
0x320a,51,0.000001105517
0x320b,51,0.000001105517
0x320c,51,0.000001105517
0x320d,51,0.000001105517
0x3210,51,0.000001105517
0x3213,51,0.000001105517
0x3215,51,0.000001105517
0x3216,40,0.000000867072
0x3217,40,0.000000867072
0x3219,40,0.000000867072
0x321b,40,0.000000867072
0x321c,3,0.000000065030
0x321e,3,0.000000065030
0x3220,3,0.000000065030
0x322c,418,0.000009060902
0x322f,418,0.000009060902
0x3231,418,0.000009060902
0x3232,80,0.000001734144
0x3235,80,0.000001734144
0x3238,80,0.000001734144
0x323b,80,0.000001734144
0x323c,80,0.000001734144
0x323f,80,0.000001734144
0x3240,851,0.000018446956
0x3241,851,0.000018446956
0x3243,851,0.000018446956
0x3246,422,0.000009147609
0x3247,422,0.000009147609
0x3248,422,0.000009147609
0x3249,347,0.000007521849
0x324a,347,0.000007521849
0x324b,347,0.000007521849
0x324c,347,0.000007521849
0x324d,347,0.000007521849
0x324e,776,0.000016821196
0x324f,776,0.000016821196
0x3250,776,0.000016821196
0x3251,776,0.000016821196
0x3253,776,0.000016821196
0x3254,776,0.000016821196
0x3256,776,0.000016821196
0x3259,5,0.000000108384
0x325b,5,0.000000108384
0x325e,5,0.000000108384
0x3264,424,0.000009190963
0x3267,424,0.000009190963
0x3268,424,0.000009190963
0x326b,424,0.000009190963
0x326c,424,0.000009190963
0x326e,424,0.000009190963
0x326f,424,0.000009190963
0x3271,424,0.000009190963
0x3272,424,0.000009190963
0x3274,424,0.000009190963
0x3275,55,0.000001192224
0x3277,55,0.000001192224
0x3279,55,0.000001192224
0x327a,55,0.000001192224
0x327b,55,0.000001192224
0x327c,55,0.000001192224
0x327e,55,0.000001192224
0x3281,55,0.000001192224
0x3282,55,0.000001192224
0x3285,55,0.000001192224
0x3286,55,0.000001192224
0x3287,55,0.000001192224
0x3289,55,0.000001192224
0x328a,55,0.000001192224
0x328b,55,0.000001192224
0x328d,55,0.000001192224
0x328e,55,0.000001192224
0x328f,157,0.000003403257
0x3290,157,0.000003403257
0x3291,157,0.000003403257
0x3292,157,0.000003403257
0x3295,149,0.000003229843
0x3296,149,0.000003229843
0x3297,149,0.000003229843
0x329a,133,0.000002883014
0x329b,133,0.000002883014
0x329e,133,0.000002883014
0x329f,133,0.000002883014
0x32a0,133,0.000002883014
0x32a3,133,0.000002883014
0x32a4,157,0.000003403257
0x32a5,157,0.000003403257
0x32a6,157,0.000003403257
0x32a9,5,0.000000108384
0x32ab,157,0.000003403257
0x32ac,157,0.000003403257
0x32af,55,0.000001192224
0x32b0,38,0.000000823718
0x32b3,38,0.000000823718
0x32b5,38,0.000000823718
0x32b8,38,0.000000823718
0x32ba,38,0.000000823718
0x32bc,38,0.000000823718
0x32bf,38,0.000000823718
0x32c2,38,0.000000823718
0x32c3,38,0.000000823718
0x32c4,11,0.000000238445
0x32c5,11,0.000000238445
0x32c6,11,0.000000238445
0x32c7,11,0.000000238445
0x32c8,11,0.000000238445
0x32cb,11,0.000000238445
0x32cd,11,0.000000238445
0x32d0,11,0.000000238445
0x32d2,11,0.000000238445
0x32d4,11,0.000000238445
0x32d6,11,0.000000238445
0x32d7,11,0.000000238445
0x32d9,11,0.000000238445
0x32da,11,0.000000238445
0x32dc,11,0.000000238445
0x32dd,11,0.000000238445
0x32de,11,0.000000238445
0x32e1,11,0.000000238445
0x32e2,11,0.000000238445
0x32e3,11,0.000000238445
0x32e6,2,0.000000043354
0x32e7,2,0.000000043354
0x32e9,2,0.000000043354
0x32ea,2,0.000000043354
0x3400,4228,0.000091649505
0x3403,4228,0.000091649505
0x3406,4228,0.000091649505
0x3409,4228,0.000091649505
0x340c,4228,0.000091649505
0x340f,4228,0.000091649505
0x3412,4228,0.000091649505
0x3413,4228,0.000091649505
0x3416,3845,0.000083347291
0x3418,3845,0.000083347291
0x341b,975,0.000021134879
0x341e,975,0.000021134879
0x3421,975,0.000021134879
0x3424,975,0.000021134879
0x3427,975,0.000021134879
0x342a,975,0.000021134879
0x342d,975,0.000021134879
0x342e,975,0.000021134879
0x3431,488,0.000010578278
0x3434,488,0.000010578278
0x3438,2870,0.000062212413
0x343b,2870,0.000062212413
0x343c,2870,0.000062212413
0x343f,1434,0.000031084529
0x3442,1434,0.000031084529
0x3445,1434,0.000031084529
0x3448,1434,0.000031084529
0x344b,1434,0.000031084529
0x3452,1436,0.000031127883
0x3455,1436,0.000031127883
0x3458,1436,0.000031127883
0x345b,1436,0.000031127883
0x3462,383,0.000008302214
0x3465,383,0.000008302214
0x3466,383,0.000008302214
0x3467,192,0.000004161945
0x346a,192,0.000004161945
0x346d,192,0.000004161945
0x3474,2409,0.000052219408
0x3477,9636,0.000208877633
0x3478,9636,0.000208877633
0x347b,9636,0.000208877633
0x347c,9636,0.000208877633
0x347d,9636,0.000208877633
0x347f,9636,0.000208877633
0x3480,9636,0.000208877633
0x3482,9636,0.000208877633
0x3485,2409,0.000052219408
0x3486,2411,0.000052262762
0x3489,9644,0.000209051048
0x348a,9644,0.000209051048
0x348d,9644,0.000209051048
0x348e,9644,0.000209051048
0x348f,9644,0.000209051048
0x3491,9644,0.000209051048
0x3492,9644,0.000209051048
0x3494,9644,0.000209051048
0x3497,2411,0.000052262762
0x3498,2409,0.000052219408
0x349b,9636,0.000208877633
0x349c,9636,0.000208877633
0x349f,9636,0.000208877633
0x34a0,9636,0.000208877633
0x34a1,9636,0.000208877633
0x34a3,9636,0.000208877633
0x34a4,9636,0.000208877633
0x34a6,9636,0.000208877633
0x34a9,2409,0.000052219408
0x34aa,2411,0.000052262762
0x34ad,9644,0.000209051048
0x34ae,9644,0.000209051048
0x34b1,9644,0.000209051048
0x34b2,9644,0.000209051048
0x34b3,9644,0.000209051048
0x34b5,9644,0.000209051048
0x34b6,9644,0.000209051048
0x34b8,9644,0.000209051048
0x34bb,2411,0.000052262762
0x34c0,19808,0.000429374031
0x34c1,19808,0.000429374031
0x34c2,19808,0.000429374031
0x34c3,11927,0.000258539179
0x34c4,11927,0.000258539179
0x34c6,11927,0.000258539179
0x34c7,11927,0.000258539179
0x34c9,11927,0.000258539179
0x34ca,11927,0.000258539179
0x34cb,11927,0.000258539179
0x34cc,11927,0.000258539179
0x34cd,11927,0.000258539179
0x34ce,11927,0.000258539179
0x34cf,11927,0.000258539179
0x34d0,11927,0.000258539179
0x34d1,11927,0.000258539179
0x34d2,11927,0.000258539179
0x34d3,11927,0.000258539179
0x34d4,11927,0.000258539179
0x34d5,11927,0.000258539179
0x34d7,11927,0.000258539179
0x34d8,11927,0.000258539179
0x34da,11927,0.000258539179
0x34db,11927,0.000258539179
0x34dc,11927,0.000258539179
0x34dd,11927,0.000258539179
0x34de,11956,0.000259167806
0x34df,11956,0.000259167806
0x34e1,11956,0.000259167806
0x34e4,2200,0.000047688957
0x34e5,2200,0.000047688957
0x34e7,2200,0.000047688957
0x34ea,972,0.000021069848
0x34ec,972,0.000021069848
0x34ed,972,0.000021069848
0x34ee,972,0.000021069848
0x34f0,972,0.000021069848
0x34f1,972,0.000021069848
0x34f3,972,0.000021069848
0x34f6,588,0.000012745958
0x34f8,588,0.000012745958
0x34f9,588,0.000012745958
0x34fa,588,0.000012745958
0x34fc,588,0.000012745958
0x34fd,588,0.000012745958
0x34ff,588,0.000012745958
0x3509,972,0.000021069848
0x350a,972,0.000021069848
0x350b,972,0.000021069848
0x350c,11956,0.000259167806
0x350e,11956,0.000259167806
0x350f,11956,0.000259167806
0x3512,11956,0.000259167806
0x3513,11956,0.000259167806
0x3515,11956,0.000259167806
0x3516,11956,0.000259167806
0x3518,11956,0.000259167806
0x3519,11956,0.000259167806
0x3520,959,0.000020788050
0x3521,959,0.000020788050
0x3522,959,0.000020788050
0x3523,959,0.000020788050
0x3524,959,0.000020788050
0x3525,959,0.000020788050
0x3526,959,0.000020788050
0x3527,959,0.000020788050
0x3528,3805,0.000082480219
0x3529,3805,0.000082480219
0x352a,3805,0.000082480219
0x352b,3805,0.000082480219
0x352c,3805,0.000082480219
0x352d,3805,0.000082480219
0x352e,3805,0.000082480219
0x352f,3805,0.000082480219
0x3530,4740,0.000102748026
0x3531,4740,0.000102748026
0x3532,4740,0.000102748026
0x3533,4740,0.000102748026
0x3534,4740,0.000102748026
0x3535,4740,0.000102748026
0x3536,4740,0.000102748026
0x3537,4740,0.000102748026
0x3538,5507,0.000119374131
0x3539,5507,0.000119374131
0x353a,5507,0.000119374131
0x353b,5507,0.000119374131
0x353c,5507,0.000119374131
0x353d,5507,0.000119374131
0x353e,5507,0.000119374131
0x353f,5507,0.000119374131
0x3540,11935,0.000258712594
0x3541,11935,0.000258712594
0x3542,11935,0.000258712594
0x3543,11935,0.000258712594
0x3544,11935,0.000258712594
0x3545,11935,0.000258712594
0x3546,11935,0.000258712594
0x3547,11935,0.000258712594
0x3548,12905,0.000279739089
0x3549,12905,0.000279739089
0x354a,12905,0.000279739089
0x354b,12905,0.000279739089
0x354c,12905,0.000279739089
0x354d,12905,0.000279739089
0x354e,12905,0.000279739089
0x354f,12905,0.000279739089
0x3550,13013,0.000282080183
0x3551,13013,0.000282080183
0x3552,13013,0.000282080183
0x3553,13013,0.000282080183
0x3554,13013,0.000282080183
0x3555,13013,0.000282080183
0x3556,13013,0.000282080183
0x3557,13013,0.000282080183
0x3558,13013,0.000282080183
0x355a,13013,0.000282080183
0x355b,13013,0.000282080183
0x355d,13013,0.000282080183
0x3560,3845,0.000083347291
0x3563,3845,0.000083347291
0x3564,3845,0.000083347291
0x3565,3845,0.000083347291
0x3566,3845,0.000083347291
0x3567,3845,0.000083347291
0x3568,3845,0.000083347291
0x3569,3845,0.000083347291
0x356a,3845,0.000083347291
0x356d,3845,0.000083347291
0x3570,3845,0.000083347291
0x3572,3845,0.000083347291
0x3577,3845,0.000083347291
0x3579,3845,0.000083347291
0x357a,3845,0.000083347291
0x357b,3845,0.000083347291
0x357e,3845,0.000083347291
0x357f,3845,0.000083347291
0x3581,3845,0.000083347291
0x3584,2711,0.000058765802
0x3586,3845,0.000083347291
0x3587,3845,0.000083347291
0x3588,3845,0.000083347291
0x3589,3845,0.000083347291
0x358c,3845,0.000083347291
0x358d,3845,0.000083347291
0x358e,3845,0.000083347291
0x3590,3845,0.000083347291
0x3591,3845,0.000083347291
0x3593,3845,0.000083347291
0x3594,3845,0.000083347291
0x3596,3845,0.000083347291
0x3597,3845,0.000083347291
0x359a,3845,0.000083347291
0x359b,3845,0.000083347291
0x359c,3845,0.000083347291
0x359d,3845,0.000083347291
0x359f,3845,0.000083347291
0x35a2,3845,0.000083347291
0x35b0,19280,0.000417928681
0x35b1,19280,0.000417928681
0x35b2,19280,0.000417928681
0x35b3,11399,0.000247093830
0x35b4,11399,0.000247093830
0x35b5,11399,0.000247093830
0x35b6,11399,0.000247093830
0x35b7,11399,0.000247093830
0x35b8,11399,0.000247093830
0x35b9,11399,0.000247093830
0x35ba,11399,0.000247093830
0x35bd,10292,0.000223097613
0x35be,11399,0.000247093830
0x35bf,11399,0.000247093830
0x35c0,11399,0.000247093830
0x35c1,11399,0.000247093830
0x35c2,11399,0.000247093830
0x35c3,11399,0.000247093830
0x35c4,11399,0.000247093830
0x35c5,11399,0.000247093830
0x35c7,11399,0.000247093830
0x35c8,11399,0.000247093830
0x35c9,11399,0.000247093830
0x35ca,11399,0.000247093830
0x35cb,11399,0.000247093830
0x35cc,11399,0.000247093830
0x35cd,11399,0.000247093830
0x35ce,11399,0.000247093830
0x35cf,11399,0.000247093830
0x35d0,11399,0.000247093830
0x35d1,11399,0.000247093830
0x35d2,11399,0.000247093830
0x35d3,11399,0.000247093830
0x35d4,11399,0.000247093830
0x35d5,11399,0.000247093830
0x35d6,11399,0.000247093830
0x35d7,11399,0.000247093830
0x35d8,11399,0.000247093830
0x35d9,11399,0.000247093830
0x35da,11399,0.000247093830
0x35db,11399,0.000247093830
0x35e0,8866,0.000192186498
0x35e1,8866,0.000192186498
0x35e2,8866,0.000192186498
0x35e3,8866,0.000192186498
0x35e5,8866,0.000192186498
0x35e8,4501,0.000097567271
0x35e9,4501,0.000097567271
0x35ea,4501,0.000097567271
0x35eb,4501,0.000097567271
0x35ec,4501,0.000097567271
0x35ed,4501,0.000097567271
0x35ee,4501,0.000097567271
0x35ef,4501,0.000097567271
0x35f0,4501,0.000097567271
0x35f1,4501,0.000097567271
0x35f3,4501,0.000097567271
0x35f6,1303,0.000028244869
0x35f8,1303,0.000028244869
0x35f9,1303,0.000028244869
0x35fa,1303,0.000028244869
0x35fb,1303,0.000028244869
0x35fd,1303,0.000028244869
0x35fe,1303,0.000028244869
0x3601,167,0.000003620025
0x3602,167,0.000003620025
0x3603,167,0.000003620025
0x3604,1303,0.000028244869
0x3605,1303,0.000028244869
0x3606,1303,0.000028244869
0x3607,1303,0.000028244869
0x3608,1303,0.000028244869
0x3609,1303,0.000028244869
0x360a,1303,0.000028244869
0x360b,1303,0.000028244869
0x360c,1303,0.000028244869
0x360e,1303,0.000028244869
0x360f,1303,0.000028244869
0x3612,1200,0.000026012159
0x3613,1200,0.000026012159
0x3614,1200,0.000026012159
0x3615,1200,0.000026012159
0x3616,1200,0.000026012159
0x3618,1200,0.000026012159
0x3619,1200,0.000026012159
0x361a,1200,0.000026012159
0x361b,1200,0.000026012159
0x361c,809,0.000017536530
0x361f,809,0.000017536530
0x3620,809,0.000017536530
0x3621,809,0.000017536530
0x3622,297,0.000006438009
0x3623,297,0.000006438009
0x3624,297,0.000006438009
0x3628,4365,0.000094619227
0x362a,4365,0.000094619227
0x362d,4261,0.000092364840
0x362e,4261,0.000092364840
0x362f,4261,0.000092364840
0x3630,4261,0.000092364840
0x3631,4261,0.000092364840
0x3632,4261,0.000092364840
0x3633,4261,0.000092364840
0x3634,4261,0.000092364840
0x3635,4261,0.000092364840
0x3636,4261,0.000092364840
0x3637,4261,0.000092364840
0x363a,1321,0.000028635051
0x363c,1321,0.000028635051
0x363d,1321,0.000028635051
0x363e,1321,0.000028635051
0x363f,1321,0.000028635051
0x3641,1321,0.000028635051
0x3642,1321,0.000028635051
0x3645,172,0.000003728409
0x3646,172,0.000003728409
0x3647,172,0.000003728409
0x3648,1321,0.000028635051
0x3649,1321,0.000028635051
0x364a,1321,0.000028635051
0x364b,1321,0.000028635051
0x364c,1321,0.000028635051
0x364d,1321,0.000028635051
0x364e,1321,0.000028635051
0x364f,1321,0.000028635051
0x3650,1321,0.000028635051
0x3651,1321,0.000028635051
0x3652,1321,0.000028635051
0x3654,1321,0.000028635051
0x3655,1321,0.000028635051
0x3656,1321,0.000028635051
0x3657,1321,0.000028635051
0x365a,980,0.000021243263
0x365d,980,0.000021243263
0x365e,980,0.000021243263
0x3661,284,0.000006156211
0x3662,284,0.000006156211
0x3663,1321,0.000028635051
0x3665,1321,0.000028635051
0x3666,1321,0.000028635051
0x366a,3198,0.000069322403
0x366b,3198,0.000069322403
0x366c,3198,0.000069322403
0x366d,112,0.000002427801
0x366e,112,0.000002427801
0x366f,112,0.000002427801
0x3670,112,0.000002427801
0x3671,112,0.000002427801
0x3672,103,0.000002232710
0x3673,103,0.000002232710
0x3674,103,0.000002232710
0x3675,103,0.000002232710
0x3676,103,0.000002232710
0x3679,103,0.000002232710
0x367b,103,0.000002232710
0x367c,103,0.000002232710
0x367f,103,0.000002232710
0x3680,103,0.000002232710
0x3683,103,0.000002232710
0x3684,103,0.000002232710
0x3686,103,0.000002232710
0x3689,103,0.000002232710
0x368a,103,0.000002232710
0x368b,103,0.000002232710
0x368d,103,0.000002232710
0x368e,80,0.000001734144
0x3690,80,0.000001734144
0x3691,65,0.000001408992
0x3692,65,0.000001408992
0x3695,2940,0.000063729788
0x3696,2940,0.000063729788
0x3697,2940,0.000063729788
0x3698,2940,0.000063729788
0x3699,2940,0.000063729788
0x369a,2940,0.000063729788
0x369b,2940,0.000063729788
0x369c,2940,0.000063729788
0x369d,80,0.000001734144
0x369e,80,0.000001734144
0x36a0,80,0.000001734144
0x36a1,80,0.000001734144
0x36a4,80,0.000001734144
0x36a6,80,0.000001734144
0x36a7,80,0.000001734144
0x36aa,75,0.000001625760
0x36ab,80,0.000001734144
0x36ae,80,0.000001734144
0x36b0,80,0.000001734144
0x36b3,80,0.000001734144
0x36b4,80,0.000001734144
0x36b6,80,0.000001734144
0x36b7,77,0.000001669114
0x36b9,77,0.000001669114
0x36ba,75,0.000001625760
0x36bb,75,0.000001625760
0x36c0,2533,0.000054907331
0x36c1,2533,0.000054907331
0x36c2,2533,0.000054907331
0x36c3,1266,0.000027442827
0x36c4,1266,0.000027442827
0x36c5,1266,0.000027442827
0x36c6,1266,0.000027442827
0x36c8,1266,0.000027442827
0x36c9,1266,0.000027442827
0x36cc,211,0.000004573805
0x36cd,211,0.000004573805
0x36ce,211,0.000004573805
0x36cf,211,0.000004573805
0x36d2,3431,0.000074373097
0x36d3,3431,0.000074373097
0x36d4,3431,0.000074373097
0x36d5,3431,0.000074373097
0x36d6,3431,0.000074373097
0x36d7,3431,0.000074373097
0x36d8,128,0.000002774630
0x36d9,128,0.000002774630
0x36da,128,0.000002774630
0x36db,128,0.000002774630
0x36dc,128,0.000002774630
0x36dd,128,0.000002774630
0x36de,128,0.000002774630
0x36e1,128,0.000002774630
0x36e3,128,0.000002774630
0x36e6,128,0.000002774630
0x36ea,4305,0.000093318619
0x36eb,4305,0.000093318619
0x36ec,4305,0.000093318619
0x36ed,4305,0.000093318619
0x36ee,4305,0.000093318619
0x36ef,4305,0.000093318619
0x36f0,933,0.000020224453
0x36f1,933,0.000020224453
0x36f2,933,0.000020224453
0x36f3,933,0.000020224453
0x36f5,933,0.000020224453
0x36f6,65,0.000001408992
0x36f7,65,0.000001408992
0x36f8,65,0.000001408992
0x36f9,65,0.000001408992
0x36fa,65,0.000001408992
0x36fb,65,0.000001408992
0x36fc,65,0.000001408992
0x36fd,65,0.000001408992
0x36fe,65,0.000001408992
0x3701,65,0.000001408992
0x3703,65,0.000001408992
0x3706,65,0.000001408992
0x370a,3452,0.000074828309
0x370b,3452,0.000074828309
0x370c,3452,0.000074828309
0x370d,3452,0.000074828309
0x370e,3452,0.000074828309
0x370f,3452,0.000074828309
0x3710,298,0.000006459686
0x3711,298,0.000006459686
0x3712,298,0.000006459686
0x3713,298,0.000006459686
0x3715,298,0.000006459686
0x3716,96,0.000002080973
0x3717,96,0.000002080973
0x3718,96,0.000002080973
0x3719,96,0.000002080973
0x371a,96,0.000002080973
0x371b,96,0.000002080973
0x371c,96,0.000002080973
0x371d,96,0.000002080973
0x371e,96,0.000002080973
0x3721,96,0.000002080973
0x3723,96,0.000002080973
0x3726,96,0.000002080973
0x3729,96,0.000002080973
0x372a,96,0.000002080973
0x372c,96,0.000002080973
0x372d,46,0.000000997133
0x372e,46,0.000000997133
0x3730,46,0.000000997133
0x3731,46,0.000000997133
0x3732,46,0.000000997133
0x3733,46,0.000000997133
0x3734,46,0.000000997133
0x3735,46,0.000000997133
0x3736,46,0.000000997133
0x3739,46,0.000000997133
0x373b,46,0.000000997133
0x373e,46,0.000000997133
0x3744,104,0.000002254387
0x3746,104,0.000002254387
0x3747,104,0.000002254387
0x3748,104,0.000002254387
0x3749,104,0.000002254387
0x374a,104,0.000002254387
0x374c,104,0.000002254387
0x374d,104,0.000002254387
0x374e,104,0.000002254387
0x3750,104,0.000002254387
0x3751,104,0.000002254387
0x3752,15,0.000000325152
0x3753,15,0.000000325152
0x3754,15,0.000000325152
0x3758,17420,0.000377609835
0x3759,17420,0.000377609835
0x375a,17420,0.000377609835
0x375b,240,0.000005202432
0x375c,240,0.000005202432
0x375f,225,0.000004877280
0x3760,225,0.000004877280
0x3761,225,0.000004877280
0x3764,120,0.000002601216
0x3766,120,0.000002601216
0x3767,120,0.000002601216
0x3769,120,0.000002601216
0x376a,120,0.000002601216
0x376b,120,0.000002601216
0x376c,120,0.000002601216
0x376d,120,0.000002601216
0x376e,120,0.000002601216
0x376f,120,0.000002601216
0x3770,120,0.000002601216
0x3771,120,0.000002601216
0x3772,120,0.000002601216
0x3773,120,0.000002601216
0x3774,120,0.000002601216
0x3777,120,0.000002601216
0x377a,120,0.000002601216
0x377b,120,0.000002601216
0x377c,120,0.000002601216
0x377d,120,0.000002601216
0x377e,120,0.000002601216
0x3780,120,0.000002601216
0x3781,120,0.000002601216
0x3782,120,0.000002601216
0x3783,120,0.000002601216
0x3786,120,0.000002601216
0x3787,120,0.000002601216
0x3788,104,0.000002254387
0x3789,104,0.000002254387
0x378c,104,0.000002254387
0x378e,104,0.000002254387
0x378f,104,0.000002254387
0x3791,104,0.000002254387
0x3792,104,0.000002254387
0x3796,120,0.000002601216
0x3798,120,0.000002601216
0x3799,120,0.000002601216
0x379b,120,0.000002601216
0x379e,45,0.000000975456
0x379f,120,0.000002601216
0x37a0,120,0.000002601216
0x37a1,120,0.000002601216
0x37a4,120,0.000002601216
0x37a5,120,0.000002601216
0x37a6,81,0.000001755821
0x37a7,81,0.000001755821
0x37aa,81,0.000001755821
0x37b0,105,0.000002276064
0x37b1,105,0.000002276064
0x37b2,105,0.000002276064
0x37b3,105,0.000002276064
0x37b4,105,0.000002276064
0x37b5,105,0.000002276064
0x37b6,105,0.000002276064
0x37b7,105,0.000002276064
0x37b8,105,0.000002276064
0x37b9,105,0.000002276064
0x37ba,105,0.000002276064
0x37bb,105,0.000002276064
0x37be,105,0.000002276064
0x37c0,105,0.000002276064
0x37c1,105,0.000002276064
0x37c4,105,0.000002276064
0x37c6,105,0.000002276064
0x37cc,15,0.000000325152
0x37cd,15,0.000000325152
0x37ce,15,0.000000325152
0x37cf,15,0.000000325152
0x37d0,15,0.000000325152
0x37d2,15,0.000000325152
0x37d4,15,0.000000325152
0x37d5,15,0.000000325152
0x37d7,15,0.000000325152
0x37da,15,0.000000325152
0x37dd,390,0.000008453952
0x37de,390,0.000008453952
0x37df,390,0.000008453952
0x37e0,390,0.000008453952
0x37e1,390,0.000008453952
0x37e2,390,0.000008453952
0x37e5,15,0.000000325152
0x3800,9026,0.000195654786
0x3803,9026,0.000195654786
0x3805,9026,0.000195654786
0x3806,4609,0.000099908366
0x3809,4609,0.000099908366
0x380b,4609,0.000099908366
0x380c,4609,0.000099908366
0x380f,4609,0.000099908366
0x3810,4609,0.000099908366
0x3813,4609,0.000099908366
0x3815,4609,0.000099908366
0x3816,4609,0.000099908366
0x3819,4609,0.000099908366
0x381a,4609,0.000099908366
0x381b,4609,0.000099908366
0x381d,4609,0.000099908366
0x381e,4609,0.000099908366
0x381f,4609,0.000099908366
0x3820,4609,0.000099908366
0x3822,4609,0.000099908366
0x3823,66,0.000001430669
0x3824,66,0.000001430669
0x3827,66,0.000001430669
0x3829,66,0.000001430669
0x382b,66,0.000001430669
0x382c,66,0.000001430669
0x382e,66,0.000001430669
0x382f,66,0.000001430669
0x3830,66,0.000001430669
0x3832,66,0.000001430669
0x3833,66,0.000001430669
0x3834,66,0.000001430669
0x3835,66,0.000001430669
0x3837,66,0.000001430669
0x3838,66,0.000001430669
0x3839,66,0.000001430669
0x383b,66,0.000001430669
0x383c,66,0.000001430669
0x383e,66,0.000001430669
0x3841,41,0.000000888749
0x3844,47,0.000001018810
0x3846,47,0.000001018810
0x3847,47,0.000001018810
0x3849,47,0.000001018810
0x384a,47,0.000001018810
0x384b,47,0.000001018810
0x384c,25,0.000000541920
0x384f,25,0.000000541920
0x3850,25,0.000000541920
0x3851,25,0.000000541920
0x3853,25,0.000000541920
0x3854,25,0.000000541920
0x3855,25,0.000000541920
0x3856,25,0.000000541920
0x3857,25,0.000000541920
0x3858,25,0.000000541920
0x3859,25,0.000000541920
0x385c,25,0.000000541920
0x385d,25,0.000000541920
0x385f,25,0.000000541920
0x3862,12,0.000000260122
0x3863,12,0.000000260122
0x3865,12,0.000000260122
0x3868,12,0.000000260122
0x386b,12,0.000000260122
0x386e,12,0.000000260122
0x386f,12,0.000000260122
0x3871,12,0.000000260122
0x3874,6,0.000000130061
0x3875,6,0.000000130061
0x3876,6,0.000000130061
0x3878,6,0.000000130061
0x387a,6,0.000000130061
0x387b,6,0.000000130061
0x387c,6,0.000000130061
0x387e,6,0.000000130061
0x3881,6,0.000000130061
0x3882,6,0.000000130061
0x3883,6,0.000000130061
0x3884,6,0.000000130061
0x3885,6,0.000000130061
0x3887,6,0.000000130061
0x388a,5,0.000000108384
0x388b,5,0.000000108384
0x388c,5,0.000000108384
0x388d,5,0.000000108384
0x3894,13,0.000000281798
0x3897,13,0.000000281798
0x3899,13,0.000000281798
0x389c,13,0.000000281798
0x38a1,29,0.000000628627
0x38a2,29,0.000000628627
0x38a4,29,0.000000628627
0x38a5,29,0.000000628627
0x38a6,29,0.000000628627
0x38a7,29,0.000000628627
0x38a8,29,0.000000628627
0x38a9,29,0.000000628627
0x38ac,29,0.000000628627
0x38ae,29,0.000000628627
0x38af,29,0.000000628627
0x38b1,29,0.000000628627
0x38b4,29,0.000000628627
0x38b5,29,0.000000628627
0x38bc,36,0.000000780365
0x38be,36,0.000000780365
0x38bf,36,0.000000780365
0x38c1,36,0.000000780365
0x38c2,36,0.000000780365
0x38c3,36,0.000000780365
0x38c4,4,0.000000086707
0x38c7,4,0.000000086707
0x38c8,4,0.000000086707
0x38ca,4,0.000000086707
0x38cd,4,0.000000086707
0x38cf,4,0.000000086707
0x38d2,2,0.000000043354
0x38d3,2,0.000000043354
0x38d4,2,0.000000043354
0x38d5,2,0.000000043354
0x38d7,2,0.000000043354
0x38d8,2,0.000000043354
0x38db,2,0.000000043354
0x38dc,2,0.000000043354
0x38dd,2,0.000000043354
0x38de,2,0.000000043354
0x38df,2,0.000000043354
0x38e1,2,0.000000043354
0x38e2,2,0.000000043354
0x38e4,2,0.000000043354
0x38e5,2,0.000000043354
0x38e7,2,0.000000043354
0x38e8,2,0.000000043354
0x38e9,4,0.000000086707
0x38eb,4,0.000000086707
0x38ee,4,0.000000086707
0x38f1,4,0.000000086707
0x38f8,17,0.000000368506
0x38fb,29,0.000000628627
0x38fc,29,0.000000628627
0x38fd,29,0.000000628627
0x3900,1,0.000000021677
0x3901,1,0.000000021677
0x3902,1,0.000000021677
0x3903,1,0.000000021677
0x3904,1,0.000000021677
0x3905,1,0.000000021677
0x3906,29,0.000000628627
0x3907,29,0.000000628627
0x3908,29,0.000000628627
0x3909,29,0.000000628627
0x390a,29,0.000000628627
0x390d,29,0.000000628627
0x390e,29,0.000000628627
0x390f,29,0.000000628627
0x3912,29,0.000000628627
0x3913,29,0.000000628627
0x3916,29,0.000000628627
0x3918,29,0.000000628627
0x391b,29,0.000000628627
0x391c,41,0.000000888749
0x391d,41,0.000000888749
0x391f,41,0.000000888749
0x3922,5,0.000000108384
0x3923,8795,0.000190647445
0x3930,1922,0.000041662807
0x3933,1922,0.000041662807
0x3935,1922,0.000041662807
0x3937,1922,0.000041662807
0x3938,1922,0.000041662807
0x393a,1922,0.000041662807
0x393b,1922,0.000041662807
0x393c,1922,0.000041662807
0x393d,1922,0.000041662807
0x393f,1922,0.000041662807
0x3942,961,0.000020831404
0x3945,961,0.000020831404
0x3946,961,0.000020831404
0x3947,961,0.000020831404
0x394a,961,0.000020831404
0x394b,961,0.000020831404
0x394c,6078,0.000131751583
0x394d,6078,0.000131751583
0x3950,5873,0.000127307839
0x3951,5873,0.000127307839
0x3952,5873,0.000127307839
0x3954,5873,0.000127307839
0x3955,5873,0.000127307839
0x3956,5873,0.000127307839
0x3959,756,0.000016387660
0x395c,6078,0.000131751583
0x395d,6078,0.000131751583
0x395f,6078,0.000131751583
0x3960,1521,0.000032970411
0x3961,1521,0.000032970411
0x3963,1521,0.000032970411
0x3964,1521,0.000032970411
0x3965,1521,0.000032970411
0x3966,1521,0.000032970411
0x3967,1153,0.000024993349
0x3968,1153,0.000024993349
0x3969,205,0.000004443744
0x396b,205,0.000004443744
0x396c,205,0.000004443744
0x396d,205,0.000004443744
0x396e,205,0.000004443744
0x396f,205,0.000004443744
0x3972,205,0.000004443744
0x3973,205,0.000004443744
0x3975,205,0.000004443744
0x3976,205,0.000004443744
0x3977,205,0.000004443744
0x3978,205,0.000004443744
0x397a,205,0.000004443744
0x397b,205,0.000004443744
0x3980,4228,0.000091649505
0x3983,4228,0.000091649505
0x3985,4228,0.000091649505
0x3986,297,0.000006438009
0x3988,297,0.000006438009
0x3989,285,0.000006177888
0x398c,285,0.000006177888
0x398f,285,0.000006177888
0x3991,285,0.000006177888
0x3994,285,0.000006177888
0x3996,285,0.000006177888
0x3998,285,0.000006177888
0x399b,285,0.000006177888
0x399d,285,0.000006177888
0x39a0,285,0.000006177888
0x39a2,285,0.000006177888
0x39a5,285,0.000006177888
0x39a7,285,0.000006177888
0x39a9,285,0.000006177888
0x39ac,285,0.000006177888
0x39af,285,0.000006177888
0x39b0,285,0.000006177888
0x39b3,144,0.000003121459
0x39b4,144,0.000003121459
0x39b6,144,0.000003121459
0x39b7,144,0.000003121459
0x39b9,144,0.000003121459
0x39ba,144,0.000003121459
0x39bb,144,0.000003121459
0x39bc,144,0.000003121459
0x39be,144,0.000003121459
0x39bf,285,0.000006177888
0x39c0,285,0.000006177888
0x39c3,570,0.000012355775
0x39c6,570,0.000012355775
0x39c9,570,0.000012355775
0x39ca,570,0.000012355775
0x39cc,570,0.000012355775
0x39cf,570,0.000012355775
0x39d2,570,0.000012355775
0x39d3,570,0.000012355775
0x39d4,570,0.000012355775
0x39d6,570,0.000012355775
0x39d8,570,0.000012355775
0x39db,285,0.000006177888
0x39de,285,0.000006177888
0x39e1,285,0.000006177888
0x39e3,285,0.000006177888
0x39e6,285,0.000006177888
0x39e8,285,0.000006177888
0x39ea,285,0.000006177888
0x3a00,1922,0.000041662807
0x3a03,1922,0.000041662807
0x3a05,1922,0.000041662807
0x3a06,1922,0.000041662807
0x3a07,1922,0.000041662807
0x3a08,1922,0.000041662807
0x3a0b,1922,0.000041662807
0x3a0c,1922,0.000041662807
0x3a0d,1922,0.000041662807
0x3a0e,961,0.000020831404
0x3a0f,961,0.000020831404
0x3a10,9179,0.000198971336
0x3a13,9179,0.000198971336
0x3a14,9179,0.000198971336
0x3a15,9179,0.000198971336
0x3a18,384,0.000008323891
0x3a1a,384,0.000008323891
0x3a1c,384,0.000008323891
0x3a1d,8795,0.000190647445
0x3a20,8795,0.000190647445
0x3a21,8795,0.000190647445
0x3a22,8795,0.000190647445
0x3a25,384,0.000008323891
0x3a27,384,0.000008323891
0x3a2a,12,0.000000260122
0x3a2c,384,0.000008323891
0x3a2d,384,0.000008323891
0x3a2e,384,0.000008323891
0x3a2f,384,0.000008323891
0x3a30,384,0.000008323891
0x3a31,384,0.000008323891
0x3a32,384,0.000008323891
0x3a34,384,0.000008323891
0x3a36,384,0.000008323891
0x3a37,384,0.000008323891
0x3a39,384,0.000008323891
0x3a3b,384,0.000008323891
0x3a3d,384,0.000008323891
0x3a3f,384,0.000008323891
0x3a40,8411,0.000182323555
0x3a42,8411,0.000182323555
0x3a43,8411,0.000182323555
0x3a44,8411,0.000182323555
0x3a47,656,0.000014219980
0x3a49,656,0.000014219980
0x3a4c,41,0.000000888749
0x3a4e,656,0.000014219980
0x3a4f,656,0.000014219980
0x3a50,656,0.000014219980
0x3a51,656,0.000014219980
0x3a52,656,0.000014219980
0x3a53,656,0.000014219980
0x3a54,656,0.000014219980
0x3a56,656,0.000014219980
0x3a58,656,0.000014219980
0x3a5a,656,0.000014219980
0x3a5b,656,0.000014219980
0x3a5d,656,0.000014219980
0x3a5f,656,0.000014219980
0x3a62,7755,0.000168103575
0x3a64,7755,0.000168103575
0x3a65,7755,0.000168103575
0x3a66,7755,0.000168103575
0x3a67,144,0.000003121459
0x3a69,144,0.000003121459
0x3a6c,20,0.000000433536
0x3a6e,20,0.000000433536
0x3a71,20,0.000000433536
0x3a73,20,0.000000433536
0x3a76,16,0.000000346829
0x3a78,144,0.000003121459
0x3a79,144,0.000003121459
0x3a7b,144,0.000003121459
0x3a7c,144,0.000003121459
0x3a7e,144,0.000003121459
0x3a80,144,0.000003121459
0x3a81,144,0.000003121459
0x3a82,8795,0.000190647445
0x3a85,8795,0.000190647445
0x3a86,8795,0.000190647445
0x3a88,8795,0.000190647445
0x3a89,3218,0.000069755939
0x3a8b,3218,0.000069755939
0x3a8c,3218,0.000069755939
0x3a8e,3218,0.000069755939
0x3a8f,3218,0.000069755939
0x3a90,8795,0.000190647445
0x3a93,8795,0.000190647445
0x3a94,8795,0.000190647445
0x3a95,8795,0.000190647445
0x3a98,5330,0.000115537338
0x3a9b,5330,0.000115537338
0x3a9e,5330,0.000115537338
0x3aa1,85280,0.001848597402
0x3aa2,85280,0.001848597402
0x3aa3,85280,0.001848597402
0x3aa4,85280,0.001848597402
0x3aa7,49736,0.001078117265
0x3aa8,49736,0.001078117265
0x3aaa,49736,0.001078117265
0x3aad,12107,0.000262441003
0x3aae,85280,0.001848597402
0x3aaf,85280,0.001848597402
0x3ab0,85280,0.001848597402
0x3ab1,85280,0.001848597402
0x3ab2,85280,0.001848597402
0x3ab5,5330,0.000115537338
0x3ab6,5330,0.000115537338
0x3ab7,5330,0.000115537338
0x3ab8,3905,0.000084647899
0x3aba,3905,0.000084647899
0x3abd,133,0.000002883014
0x3abf,3905,0.000084647899
0x3ac1,3905,0.000084647899
0x3ac2,3905,0.000084647899
0x3ac5,3905,0.000084647899
0x3ac6,3905,0.000084647899
0x3ac8,3905,0.000084647899
0x3ac9,3905,0.000084647899
0x3aca,3905,0.000084647899
0x3ad0,2332,0.000050550295
0x3ad3,2332,0.000050550295
0x3ad4,2332,0.000050550295
0x3ad6,2332,0.000050550295
0x3ad7,2332,0.000050550295
0x3ad8,2332,0.000050550295
0x3ada,2332,0.000050550295
0x3adb,2332,0.000050550295
0x3adc,2332,0.000050550295
0x3add,2332,0.000050550295
0x3adf,2332,0.000050550295
0x3ae0,2332,0.000050550295
0x3ae1,2332,0.000050550295
0x3ae3,2332,0.000050550295
0x3ae4,2332,0.000050550295
0x3ae5,2332,0.000050550295
0x3ae6,2332,0.000050550295
0x3ae9,2266,0.000049119626
0x3aec,2266,0.000049119626
0x3aee,2266,0.000049119626
0x3aef,2266,0.000049119626
0x3af1,2266,0.000049119626
0x3af2,2266,0.000049119626
0x3af3,2266,0.000049119626
0x3af4,63,0.000001365638
0x3af6,63,0.000001365638
0x3af8,66,0.000001430669
0x3afa,66,0.000001430669
0x3afb,66,0.000001430669
0x3afc,66,0.000001430669
0x3afd,66,0.000001430669
0x3aff,66,0.000001430669
0x3b00,66,0.000001430669
0x3b02,2103,0.000045586308
0x3b05,2103,0.000045586308
0x3b06,2103,0.000045586308
0x3b08,2103,0.000045586308
0x3b09,633,0.000013721414
0x3b0a,633,0.000013721414
0x3b0b,633,0.000013721414
0x3b0c,633,0.000013721414
0x3b0e,633,0.000013721414
0x3b10,633,0.000013721414
0x3b12,633,0.000013721414
0x3b13,192,0.000004161945
0x3b14,192,0.000004161945
0x3b16,192,0.000004161945
0x3b18,192,0.000004161945
0x3b19,192,0.000004161945
0x3b1b,8795,0.000190647445
0x3b1e,8795,0.000190647445
0x3b1f,8795,0.000190647445
0x3b20,8795,0.000190647445
0x3b21,256,0.000005549260
0x3b23,256,0.000005549260
0x3b26,4,0.000000086707
0x3b28,256,0.000005549260
0x3b29,256,0.000005549260
0x3b2a,256,0.000005549260
0x3b2c,256,0.000005549260
0x3b2d,256,0.000005549260
0x3b2e,256,0.000005549260
0x3b30,256,0.000005549260
0x3b31,256,0.000005549260
0x3b33,8795,0.000190647445
0x3b36,8795,0.000190647445
0x3b37,8795,0.000190647445
0x3b38,8795,0.000190647445
0x3b43,8795,0.000190647445
0x3b46,8795,0.000190647445
0x3b47,8795,0.000190647445
0x3b49,8795,0.000190647445
0x3b4c,8795,0.000190647445
0x3b4f,8795,0.000190647445
0x3b52,8795,0.000190647445
0x3b55,8795,0.000190647445
0x3b58,8795,0.000190647445
0x3b5b,8795,0.000190647445
