pc,count,frequency
0x0000,1,0.000000037432
0x0001,1,0.000000037432
0x0002,1,0.000000037432
0x0003,1,0.000000037432
0x0004,1,0.000000037432
0x0005,1,0.000000037432
0x0006,1,0.000000037432
0x0007,1,0.000000037432
0x0008,1,0.000000037432
0x000b,1,0.000000037432
0x000d,1,0.000000037432
0x000f,1,0.000000037432
0x0012,1,0.000000037432
0x0015,1,0.000000037432
0x0017,1,0.000000037432
0x001a,15325,0.000573651951
0x001d,15324,0.000573614518
0x0020,15324,0.000573614518
0x0021,15324,0.000573614518
0x0024,1997,0.000074752558
0x0027,1997,0.000074752558
0x002a,1997,0.000074752558
0x002d,13327,0.000498861961
0x002f,13327,0.000498861961
0x0031,13327,0.000498861961
0x0032,13327,0.000498861961
0x0034,13327,0.000498861961
0x0035,13327,0.000498861961
0x0038,13327,0.000498861961
0x0039,13327,0.000498861961
0x003c,13327,0.000498861961
0x003d,13327,0.000498861961
0x0040,7,0.000000262027
0x0043,7,0.000000262027
0x0046,13320,0.000498599934
0x0049,13320,0.000498599934
0x0050,1,0.000000037432
0x0052,1,0.000000037432
0x0054,1,0.000000037432
0x0056,1,0.000000037432
0x0058,1,0.000000037432
0x005a,1,0.000000037432
0x005c,1,0.000000037432
0x005f,1,0.000000037432
0x0061,1,0.000000037432
0x0063,1,0.000000037432
0x0066,1,0.000000037432
0x0068,1,0.000000037432
0x006a,1,0.000000037432
0x006b,2,0.000000074865
0x006e,2,0.000000074865
0x0070,6130,0.000229460780
0x0072,6130,0.000229460780
0x0073,6130,0.000229460780
0x0074,6130,0.000229460780
0x0077,2,0.000000074865
0x0078,864,0.000032341617
0x007b,864,0.000032341617
0x0080,2008748,0.075192313775
0x0082,2008748,0.075192313775
0x0083,2008748,0.075192313775
0x0085,2008747,0.075192276343
0x0088,30667,0.001147940253
0x0089,30667,0.001147940253
0x008b,30667,0.001147940253
0x008e,15356,0.000574812356
0x0090,15356,0.000574812356
0x0091,15356,0.000574812356
0x0094,15356,0.000574812356
0x0095,15356,0.000574812356
0x0096,15356,0.000574812356
0x0097,15356,0.000574812356
0x0098,15356,0.000574812356
0x009a,15356,0.000574812356
0x009d,15356,0.000574812356
0x009f,15356,0.000574812356
0x00a0,15356,0.000574812356
0x00a2,15356,0.000574812356
0x00a3,15356,0.000574812356
0x00a6,15356,0.000574812356
0x00a8,15356,0.000574812356
0x00ab,15356,0.000574812356
0x00ac,1,0.000000037432
0x00ae,1,0.000000037432
0x00af,1,0.000000037432
0x00b0,1,0.000000037432
0x00b2,1,0.000000037432
0x00b5,1,0.000000037432
0x00bb,27900,0.001044364726
0x00be,27900,0.001044364726
0x00bf,27900,0.001044364726
0x00c0,27900,0.001044364726
0x00c1,27900,0.001044364726
0x00c2,27900,0.001044364726
0x00c3,27900,0.001044364726
0x00c4,1812,0.000067827559
0x00c5,1812,0.000067827559
0x00c7,1812,0.000067827559
0x00c9,1812,0.000067827559
0x00ca,1812,0.000067827559
0x00cd,1812,0.000067827559
0x00ce,1812,0.000067827559
0x00cf,1812,0.000067827559
0x00d0,1812,0.000067827559
0x00d1,1812,0.000067827559
0x00d2,1812,0.000067827559
0x00d3,1812,0.000067827559
0x00d4,1812,0.000067827559
0x00d6,1812,0.000067827559
0x00d8,1812,0.000067827559
0x00d9,1812,0.000067827559
0x00dc,1812,0.000067827559
0x00dd,1812,0.000067827559
0x00de,1812,0.000067827559
0x00e1,618,0.000023133240
0x00e3,13320,0.000498599934
0x00e6,13320,0.000498599934
0x00e9,13320,0.000498599934
0x00ec,13320,0.000498599934
0x00ef,13320,0.000498599934
0x00f2,13316,0.000498450204
0x00f5,13316,0.000498450204
0x00f8,13316,0.000498450204
0x00fb,13316,0.000498450204
0x00fe,12442,0.000465734262
0x0101,12442,0.000465734262
0x0104,12442,0.000465734262
0x0107,12439,0.000465621965
0x0109,12439,0.000465621965
0x010c,12439,0.000465621965
0x010f,12436,0.000465509668
0x0111,12436,0.000465509668
0x0114,12436,0.000465509668
0x0117,12433,0.000465397370
0x0119,12433,0.000465397370
0x011c,12433,0.000465397370
0x011f,12433,0.000465397370
0x0122,11569,0.000433055753
0x0125,11569,0.000433055753
0x0128,11569,0.000433055753
0x012b,11569,0.000433055753
0x012e,11041,0.000413291431
0x0131,11041,0.000413291431
0x0134,11041,0.000413291431
0x0137,11041,0.000413291431
0x013a,729,0.000027288240
0x0140,16,0.000000598919
0x0143,16,0.000000598919
0x0146,16,0.000000598919
0x0149,16,0.000000598919
0x014c,16,0.000000598919
0x014e,16,0.000000598919
0x014f,16,0.000000598919
0x0151,16,0.000000598919
0x0152,16,0.000000598919
0x0153,16,0.000000598919
0x0154,16,0.000000598919
0x0156,16,0.000000598919
0x0158,16,0.000000598919
0x015b,16,0.000000598919
0x015d,16,0.000000598919
0x015f,16,0.000000598919
0x0161,16,0.000000598919
0x0164,16,0.000000598919
0x0166,16,0.000000598919
0x0167,16,0.000000598919
0x0168,16,0.000000598919
0x016a,16,0.000000598919
0x016b,16,0.000000598919
0x016d,16,0.000000598919
0x016f,16,0.000000598919
0x0172,16,0.000000598919
0x0173,10307,0.000385816030
0x0174,10307,0.000385816030
0x0176,10307,0.000385816030
0x0178,10307,0.000385816030
0x017a,10307,0.000385816030
0x017b,7795,0.000291785772
0x017d,7795,0.000291785772
0x017e,7715,0.000288791178
0x0180,7715,0.000288791178
0x0182,7715,0.000288791178
0x0183,2683,0.000100431203
0x0185,2683,0.000100431203
0x0186,2604,0.000097474041
0x0188,2604,0.000097474041
0x018a,2604,0.000097474041
0x018b,82,0.000003069459
0x018d,82,0.000003069459
0x018e,82,0.000003069459
0x018f,82,0.000003069459
0x0191,82,0.000003069459
0x0192,5,0.000000187162
0x0194,5,0.000000187162
0x0196,1738,0.000065057559
0x0197,1738,0.000065057559
0x0199,1738,0.000065057559
0x019b,1738,0.000065057559
0x019c,1416,0.000053004317
0x019d,1416,0.000053004317
0x019e,1416,0.000053004317
0x01a0,1416,0.000053004317
0x01a1,1416,0.000053004317
0x01a2,1416,0.000053004317
0x01a3,1416,0.000053004317
0x01a5,1416,0.000053004317
0x01a6,1416,0.000053004317
0x01a7,1416,0.000053004317
0x01a8,1416,0.000053004317
0x01ab,1416,0.000053004317
0x01ae,1416,0.000053004317
0x01af,1416,0.000053004317
0x01b0,1416,0.000053004317
0x01b1,1416,0.000053004317
0x01b2,1416,0.000053004317
0x01b3,1416,0.000053004317
0x01b4,1416,0.000053004317
0x01b5,1416,0.000053004317
0x01b6,1416,0.000053004317
0x01b7,1416,0.000053004317
0x01b8,1416,0.000053004317
0x01b9,1416,0.000053004317
0x01ba,1416,0.000053004317
0x01bb,1416,0.000053004317
0x01bd,1416,0.000053004317
0x01be,1416,0.000053004317
0x01c1,17616,0.000659409642
0x01c4,17616,0.000659409642
0x01c5,17616,0.000659409642
0x01c8,1416,0.000053004317
0x01c9,1416,0.000053004317
0x01ca,1416,0.000053004317
0x01d0,3720,0.000139248630
0x01d1,3720,0.000139248630
0x01d2,3720,0.000139248630
0x01d3,3720,0.000139248630
0x01d4,3720,0.000139248630
0x01d6,3720,0.000139248630
0x01d7,3720,0.000139248630
0x01d9,3720,0.000139248630
0x01dc,3720,0.000139248630
0x01dd,3720,0.000139248630
0x01e0,2147,0.000080367422
0x01e1,7,0.000000262027
0x01e4,782,0.000029272158
0x01e7,782,0.000029272158
0x01e9,782,0.000029272158
0x01ed,96720,0.003620464383
0x01ee,96720,0.003620464383
0x01ef,96720,0.003620464383
0x01f0,96720,0.003620464383
0x01f3,96720,0.003620464383
0x01f4,96720,0.003620464383
0x01f7,3720,0.000139248630
0x0200,28676,0.001073412290
0x0201,28676,0.001073412290
0x0202,100,0.000003743243
0x0203,100,0.000003743243
0x0204,100,0.000003743243
0x0205,100,0.000003743243
0x0206,1416,0.000053004317
0x0207,1416,0.000053004317
0x0208,1416,0.000053004317
0x0209,1416,0.000053004317
0x020a,1416,0.000053004317
0x020b,1416,0.000053004317
0x020c,1416,0.000053004317
0x020d,1416,0.000053004317
0x020e,1416,0.000053004317
0x0210,8701,0.000325699551
0x0211,8701,0.000325699551
0x0213,8701,0.000325699551
0x0214,8701,0.000325699551
0x0215,1875,0.000070185801
0x0216,1875,0.000070185801
0x0217,191423,0.007165427560
0x0218,191423,0.007165427560
0x021a,191423,0.007165427560
0x021b,191423,0.007165427560
0x021c,27561,0.001031675133
0x021d,27561,0.001031675133
0x0220,12,0.000000449189
0x0221,12,0.000000449189
0x0222,12,0.000000449189
0x0223,12,0.000000449189
0x0224,12,0.000000449189
0x0225,12,0.000000449189
0x0226,12,0.000000449189
0x0227,12,0.000000449189
0x0228,12,0.000000449189
0x0229,12,0.000000449189
0x022a,12,0.000000449189
0x022b,12,0.000000449189
0x022c,12,0.000000449189
0x022e,12,0.000000449189
0x022f,12,0.000000449189
0x0230,12,0.000000449189
0x0231,12,0.000000449189
0x0232,12,0.000000449189
0x0258,63047,0.002360002253
0x0259,63047,0.002360002253
0x025a,63047,0.002360002253
0x025b,253,0.000009470404
0x025c,253,0.000009470404
0x025d,253,0.000009470404
0x025e,253,0.000009470404
0x025f,253,0.000009470404
0x0260,48359,0.001810194759
0x0263,48359,0.001810194759
0x0264,46592,0.001744051660
0x0267,46592,0.001744051660
0x0270,66118,0.002474957238
0x0271,66118,0.002474957238
0x0272,66118,0.002474957238
0x0273,66118,0.002474957238
0x0274,66118,0.002474957238
0x0275,66118,0.002474957238
0x0276,66118,0.002474957238
0x0277,46592,0.001744051660
0x0278,46592,0.001744051660
0x0279,46592,0.001744051660
0x027a,46592,0.001744051660
0x027b,46592,0.001744051660
0x027c,46592,0.001744051660
0x027d,46592,0.001744051660
0x0288,7,0.000000262027
0x028b,7,0.000000262027
0x028e,7,0.000000262027
0x0290,7,0.000000262027
0x0293,7,0.000000262027
0x0295,7,0.000000262027
0x0298,7,0.000000262027
0x029a,7,0.000000262027
0x02a7,7,0.000000262027
0x02aa,7,0.000000262027
0x02ab,7,0.000000262027
0x02ac,7,0.000000262027
0x02ad,1,0.000000037432
0x02b0,1,0.000000037432
0x02b3,1,0.000000037432
0x02b6,1,0.000000037432
0x02b9,1,0.000000037432
0x02bc,1,0.000000037432
0x02be,1,0.000000037432
0x02c0,1,0.000000037432
0x02c3,1,0.000000037432
0x02c5,1,0.000000037432
0x02c7,1,0.000000037432
0x02cb,1,0.000000037432
0x02cd,1,0.000000037432
0x02cf,1,0.000000037432
0x02d4,1,0.000000037432
0x02d7,1,0.000000037432
0x02d8,1,0.000000037432
0x02db,1,0.000000037432
0x02dd,1,0.000000037432
0x02e3,1,0.000000037432
0x02e5,1,0.000000037432
0x02e6,1,0.000000037432
0x02e7,1,0.000000037432
0x02e8,1,0.000000037432
0x02ea,1,0.000000037432
0x02ed,1,0.000000037432
0x02f0,1,0.000000037432
0x02f3,1,0.000000037432
0x02f6,1,0.000000037432
0x02f9,1,0.000000037432
0x02fc,1,0.000000037432
0x02fe,1,0.000000037432
0x0300,1,0.000000037432
0x0303,1,0.000000037432
0x0306,1,0.000000037432
0x0308,1,0.000000037432
0x030b,1,0.000000037432
0x030d,1,0.000000037432
0x0310,1,0.000000037432
0x0314,14,0.000000524054
0x0315,14,0.000000524054
0x0316,14,0.000000524054
0x0317,14,0.000000524054
0x0318,14,0.000000524054
0x0319,14,0.000000524054
0x031a,14,0.000000524054
0x031b,14,0.000000524054
0x031c,14,0.000000524054
0x031d,14,0.000000524054
0x031e,14,0.000000524054
0x0320,2,0.000000074865
0x0321,2,0.000000074865
0x0322,2,0.000000074865
0x0323,2,0.000000074865
0x0324,2,0.000000074865
0x0325,2,0.000000074865
0x0326,2,0.000000074865
0x0327,2,0.000000074865
0x0328,2,0.000000074865
0x0329,2,0.000000074865
0x032a,2,0.000000074865
0x032e,1,0.000000037432
0x0331,8,0.000000299459
0x0333,8,0.000000299459
0x0334,8,0.000000299459
0x0335,8,0.000000299459
0x0337,8,0.000000299459
0x033a,1,0.000000037432
0x033c,1,0.000000037432
0x033f,1,0.000000037432
0x0341,1,0.000000037432
0x0344,1,0.000000037432
0x0346,1,0.000000037432
0x0349,1,0.000000037432
0x034b,1,0.000000037432
0x034e,1,0.000000037432
0x0350,1,0.000000037432
0x0353,1,0.000000037432
0x0355,1,0.000000037432
0x0357,1,0.000000037432
0x0358,1,0.000000037432
0x035b,1,0.000000037432
0x035c,1,0.000000037432
0x035e,1,0.000000037432
0x035f,1,0.000000037432
0x0361,1,0.000000037432
0x0367,4,0.000000149730
0x0369,4,0.000000149730
0x036a,4,0.000000149730
0x036c,4,0.000000149730
0x036f,4,0.000000149730
0x0370,4,0.000000149730
0x0371,4,0.000000149730
0x0373,4,0.000000149730
0x0376,4,0.000000149730
0x0377,13327,0.000498861961
0x037a,13327,0.000498861961
0x037b,13327,0.000498861961
0x037c,13327,0.000498861961
0x037d,13327,0.000498861961
0x0380,32,0.000001197838
0x0383,32,0.000001197838
0x0386,32,0.000001197838
0x0389,11648,0.000436012915
0x038a,11648,0.000436012915
0x038b,11648,0.000436012915
0x038c,11648,0.000436012915
0x038d,11648,0.000436012915
0x038e,11648,0.000436012915
0x038f,11648,0.000436012915
0x0390,11648,0.000436012915
0x0393,832,0.000031143780
0x0394,832,0.000031143780
0x0395,832,0.000031143780
0x0396,832,0.000031143780
0x0397,832,0.000031143780
0x0398,832,0.000031143780
0x0399,832,0.000031143780
0x039a,832,0.000031143780
0x039d,32,0.000001197838
0x03a0,89,0.000003331486
0x03a3,89,0.000003331486
0x03a6,37024,0.001385898194
0x03a7,37024,0.001385898194
0x03a8,37024,0.001385898194
0x03a9,37024,0.001385898194
0x03aa,37024,0.001385898194
0x03ab,37024,0.001385898194
0x03ac,37024,0.001385898194
0x03af,89,0.000003331486
0x03b0,10312,0.000386003192
0x03b3,10312,0.000386003192
0x03b6,10312,0.000386003192
0x03b9,7450,0.000278871585
0x03bc,7450,0.000278871585
0x03bf,7447,0.000278759287
0x03c2,7447,0.000278759287
0x03c5,7447,0.000278759287
0x03c8,4960,0.000185664840
0x03cb,4960,0.000185664840
0x03ce,10307,0.000385816030
0x03d1,10307,0.000385816030
0x03d4,10307,0.000385816030
0x03d5,10307,0.000385816030
0x03d7,10307,0.000385816030
0x03d8,10307,0.000385816030
0x03d9,10307,0.000385816030
0x03e2,2,0.000000074865
0x03e5,2,0.000000074865
0x03e8,2,0.000000074865
0x03eb,3,0.000000112297
0x03ee,3,0.000000112297
0x03f1,5,0.000000187162
0x03f4,5,0.000000187162
0x03f5,5,0.000000187162
0x03f7,5,0.000000187162
0x03f8,5,0.000000187162
0x03fa,5,0.000000187162
0x03fb,5,0.000000187162
0x03fc,5,0.000000187162
0x03fd,5,0.000000187162
0x0400,12304,0.000460568587
0x0403,12304,0.000460568587
0x0406,12304,0.000460568587
0x0407,12304,0.000460568587
0x0408,12304,0.000460568587
0x0409,12304,0.000460568587
0x040a,12304,0.000460568587
0x040b,12304,0.000460568587
0x040c,12304,0.000460568587
0x040d,12304,0.000460568587
0x041e,30,0.000001122973
0x0421,30,0.000001122973
0x0423,30,0.000001122973
0x0424,30,0.000001122973
0x0427,30,0.000001122973
0x0429,30,0.000001122973
0x042a,30,0.000001122973
0x042d,30,0.000001122973
0x0430,6,0.000000224595
0x0433,6,0.000000224595
0x0435,6,0.000000224595
0x0436,6,0.000000224595
0x0438,6,0.000000224595
0x043a,6,0.000000224595
0x043b,6,0.000000224595
0x043d,6,0.000000224595
0x043f,6,0.000000224595
0x0440,2,0.000000074865
0x0441,2,0.000000074865
0x0442,2,0.000000074865
0x0443,2,0.000000074865
0x0445,2,0.000000074865
0x04ac,1167,0.000043683643
0x04af,1167,0.000043683643
0x04b0,1167,0.000043683643
0x04b1,1167,0.000043683643
0x04b2,1167,0.000043683643
0x04b4,1167,0.000043683643
0x04b5,1167,0.000043683643
0x04b6,1156,0.000043271886
0x04b8,1156,0.000043271886
0x04ba,1156,0.000043271886
0x04bd,1150,0.000043047292
0x04bf,1150,0.000043047292
0x04c1,1150,0.000043047292
0x04c2,1150,0.000043047292
0x04c4,1150,0.000043047292
0x04c6,1150,0.000043047292
0x04c9,582,0.000021785673
0x04cc,582,0.000021785673
0x04cd,582,0.000021785673
0x04d0,582,0.000021785673
0x04d1,582,0.000021785673
0x04d2,582,0.000021785673
0x04d4,582,0.000021785673
0x04d7,582,0.000021785673
0x04df,582,0.000021785673
0x04e1,582,0.000021785673
0x04e4,582,0.000021785673
0x04e6,568,0.000021261619
0x04e9,568,0.000021261619
0x04ea,568,0.000021261619
0x04eb,568,0.000021261619
0x04ee,568,0.000021261619
0x04f4,568,0.000021261619
0x04f6,568,0.000021261619
0x04f9,568,0.000021261619
0x04fb,3408,0.000127569713
0x04fd,3408,0.000127569713
0x04fe,3408,0.000127569713
0x0501,3408,0.000127569713
0x0502,3408,0.000127569713
0x0505,568,0.000021261619
0x0506,24,0.000000898378
0x0509,24,0.000000898378
0x050b,24,0.000000898378
0x050e,24,0.000000898378
0x0511,24,0.000000898378
0x0514,24,0.000000898378
0x0515,24,0.000000898378
0x0518,24,0.000000898378
0x051b,24,0.000000898378
0x051d,24,0.000000898378
0x0520,24,0.000000898378
0x0523,24,0.000000898378
0x0526,24,0.000000898378
0x0529,24,0.000000898378
0x052c,24,0.000000898378
0x052f,24,0.000000898378
0x0532,24,0.000000898378
0x0535,24,0.000000898378
0x0537,24,0.000000898378
0x053a,24,0.000000898378
0x053d,24,0.000000898378
0x0540,24,0.000000898378
0x0543,24,0.000000898378
0x0547,24,0.000000898378
0x054a,24,0.000000898378
0x054d,24,0.000000898378
0x054f,24,0.000000898378
0x0552,24,0.000000898378
0x0555,24,0.000000898378
0x0557,24,0.000000898378
0x055a,24,0.000000898378
0x0580,27,0.000001010676
0x0583,27,0.000001010676
0x0586,27,0.000001010676
0x0588,27,0.000001010676
0x0589,27,0.000001010676
0x058a,27,0.000001010676
0x058b,27,0.000001010676
0x058d,27,0.000001010676
0x0590,27,0.000001010676
0x0592,27,0.000001010676
0x0595,27,0.000001010676
0x05d8,142,0.000005315405
0x05d9,6512,0.000243759968
0x05da,6512,0.000243759968
0x05db,6512,0.000243759968
0x05dc,6512,0.000243759968
0x05df,142,0.000005315405
0x05e0,1476,0.000055250263
0x05e1,1476,0.000055250263
0x05e2,1476,0.000055250263
0x05e3,1476,0.000055250263
0x05e4,1476,0.000055250263
0x05e5,1476,0.000055250263
0x05e8,57,0.000002133648
0x05ec,24,0.000000898378
0x05ef,24,0.000000898378
0x05f2,24,0.000000898378
0x05f4,24,0.000000898378
0x05f5,24,0.000000898378
0x05f6,24,0.000000898378
0x05f7,24,0.000000898378
0x05f8,24,0.000000898378
0x05f9,24,0.000000898378
0x05fa,150,0.000005614864
0x05fd,150,0.000005614864
0x0600,150,0.000005614864
0x0601,150,0.000005614864
0x0602,150,0.000005614864
0x0603,2299,0.000086057151
0x0604,2299,0.000086057151
0x0605,2299,0.000086057151
0x0606,2299,0.000086057151
0x0607,2299,0.000086057151
0x0608,2299,0.000086057151
0x0609,2299,0.000086057151
0x060a,2299,0.000086057151
0x060d,144,0.000005390270
0x0610,24,0.000000898378
0x0613,24,0.000000898378
0x0616,24,0.000000898378
0x0617,24,0.000000898378
0x0619,24,0.000000898378
0x061a,24,0.000000898378
0x061b,24,0.000000898378
0x061c,24,0.000000898378
0x061d,24,0.000000898378
0x061e,24,0.000000898378
0x061f,24,0.000000898378
0x0621,24,0.000000898378
0x0624,24,0.000000898378
0x0627,24,0.000000898378
0x0628,24,0.000000898378
0x0629,24,0.000000898378
0x062a,283,0.000010593377
0x062b,283,0.000010593377
0x062c,283,0.000010593377
0x062d,283,0.000010593377
0x062e,283,0.000010593377
0x062f,283,0.000010593377
0x0630,283,0.000010593377
0x0631,283,0.000010593377
0x0632,283,0.000010593377
0x0633,283,0.000010593377
0x0634,283,0.000010593377
0x0635,283,0.000010593377
0x0638,18,0.000000673784
0x0650,24,0.000000898378
0x0653,24,0.000000898378
0x0656,24,0.000000898378
0x0658,24,0.000000898378
0x0659,24,0.000000898378
0x065a,24,0.000000898378
0x065b,24,0.000000898378
0x065c,24,0.000000898378
0x065d,24,0.000000898378
0x065e,24,0.000000898378
0x0661,24,0.000000898378
0x0664,24,0.000000898378
0x0665,24,0.000000898378
0x0666,24,0.000000898378
0x0667,283,0.000010593377
0x0668,283,0.000010593377
0x0669,283,0.000010593377
0x066a,283,0.000010593377
0x066b,283,0.000010593377
0x066c,283,0.000010593377
0x066f,18,0.000000673784
0x067a,3343,0.000125136605
0x067d,3343,0.000125136605
0x067e,3343,0.000125136605
0x067f,3343,0.000125136605
0x0682,3343,0.000125136605
0x0684,3343,0.000125136605
0x0685,422,0.000015796484
0x0688,422,0.000015796484
0x068b,422,0.000015796484
0x068c,422,0.000015796484
0x068d,422,0.000015796484
0x068e,422,0.000015796484
0x068f,422,0.000015796484
0x0691,422,0.000015796484
0x0692,422,0.000015796484
0x0693,422,0.000015796484
0x0695,422,0.000015796484
0x0696,422,0.000015796484
0x0697,422,0.000015796484
0x0698,422,0.000015796484
0x0699,10986,0.000411232648
0x069a,10986,0.000411232648
0x069b,10986,0.000411232648
0x069c,10986,0.000411232648
0x069d,10986,0.000411232648
0x069e,10986,0.000411232648
0x069f,10986,0.000411232648
0x06a2,1688,0.000063185938
0x06a3,1688,0.000063185938
0x06a4,1688,0.000063185938
0x06a5,1688,0.000063185938
0x06a8,422,0.000015796484
0x06a9,422,0.000015796484
0x06ac,422,0.000015796484
0x06b0,3077,0.000115179579
0x06b3,3077,0.000115179579
0x06b6,3077,0.000115179579
0x06b7,3077,0.000115179579
0x06b8,3077,0.000115179579
0x06b9,19,0.000000711216
0x06ba,19,0.000000711216
0x06bb,19,0.000000711216
0x06bc,19,0.000000711216
0x06bd,19,0.000000711216
0x06be,19,0.000000711216
0x06bf,19,0.000000711216
0x06c0,19,0.000000711216
0x06c1,19,0.000000711216
0x06c2,19,0.000000711216
0x06c3,19,0.000000711216
0x06c4,19,0.000000711216
0x06c5,19,0.000000711216
0x06c8,19,0.000000711216
0x06ca,19,0.000000711216
0x06cb,19,0.000000711216
0x06cc,19,0.000000711216
0x06cd,19,0.000000711216
0x06cf,19,0.000000711216
0x06d0,19,0.000000711216
0x06d1,19,0.000000711216
0x06d2,19,0.000000711216
0x06d3,19,0.000000711216
0x06d4,19,0.000000711216
0x06d5,19,0.000000711216
0x06d7,19,0.000000711216
0x06d8,19,0.000000711216
0x06da,19,0.000000711216
0x06db,19,0.000000711216
0x06de,19,0.000000711216
0x06df,19,0.000000711216
0x06e1,19,0.000000711216
0x06e2,19,0.000000711216
0x06e3,19,0.000000711216
0x06e4,19,0.000000711216
0x06e7,19,0.000000711216
0x06e8,582,0.000021785673
0x06eb,582,0.000021785673
0x06ed,582,0.000021785673
0x06f0,3077,0.000115179579
0x06f3,3077,0.000115179579
0x06f6,3077,0.000115179579
0x0700,7827,0.000292983610
0x0703,7827,0.000292983610
0x0706,23481,0.000878950829
0x0709,23481,0.000878950829
0x070a,23481,0.000878950829
0x070c,23481,0.000878950829
0x070d,23481,0.000878950829
0x070f,23481,0.000878950829
0x0710,23481,0.000878950829
0x0711,23481,0.000878950829
0x0713,23481,0.000878950829
0x0716,7827,0.000292983610
0x0718,76136,0.002849955296
0x071b,76136,0.002849955296
0x0720,76136,0.002849955296
0x0721,76136,0.002849955296
0x0722,76136,0.002849955296
0x0724,76136,0.002849955296
0x0725,34573,0.001294151314
0x0726,34573,0.001294151314
0x0728,34573,0.001294151314
0x0729,34573,0.001294151314
0x072a,34573,0.001294151314
0x072b,34573,0.001294151314
0x072c,34573,0.001294151314
0x072e,34573,0.001294151314
0x0730,34573,0.001294151314
0x0731,34573,0.001294151314
0x0733,34573,0.001294151314
0x0734,34573,0.001294151314
0x0740,76136,0.002849955296
0x0741,76136,0.002849955296
0x0742,76136,0.002849955296
0x0744,76136,0.002849955296
0x0745,36714,0.001374294141
0x0746,36714,0.001374294141
0x0748,36714,0.001374294141
0x0749,36714,0.001374294141
0x074a,36714,0.001374294141
0x074b,36714,0.001374294141
0x074c,36714,0.001374294141
0x074d,36714,0.001374294141
0x074f,36714,0.001374294141
0x0750,36714,0.001374294141
0x0751,36714,0.001374294141
0x0752,36714,0.001374294141
0x0754,36714,0.001374294141
0x0755,36714,0.001374294141
0x0757,36714,0.001374294141
0x0758,36714,0.001374294141
0x0763,5178,0.000193825109
0x0764,5178,0.000193825109
0x0765,5178,0.000193825109
0x0766,5178,0.000193825109
0x0767,5178,0.000193825109
0x0768,5178,0.000193825109
0x0769,5178,0.000193825109
0x076a,5178,0.000193825109
0x076b,5178,0.000193825109
0x076d,7216,0.000270112396
0x076e,7216,0.000270112396
0x076f,7216,0.000270112396
0x0770,7216,0.000270112396
0x0771,7216,0.000270112396
0x0772,7216,0.000270112396
0x0773,7216,0.000270112396
0x0774,7216,0.000270112396
0x0775,7216,0.000270112396
0x0776,7216,0.000270112396
0x0779,17960,0.000672286397
0x077a,17960,0.000672286397
0x077b,17960,0.000672286397
0x077c,17960,0.000672286397
0x077d,17960,0.000672286397
0x077e,17960,0.000672286397
0x077f,17960,0.000672286397
0x0780,17960,0.000672286397
0x0783,17960,0.000672286397
0x0784,17960,0.000672286397
0x0785,17960,0.000672286397
0x0786,17960,0.000672286397
0x0788,18040,0.000675280991
0x0789,18040,0.000675280991
0x078a,18040,0.000675280991
0x078b,18040,0.000675280991
0x078c,18040,0.000675280991
0x078d,18040,0.000675280991
0x078e,18040,0.000675280991
0x078f,18040,0.000675280991
0x0790,18040,0.000675280991
0x0792,18040,0.000675280991
0x0793,18040,0.000675280991
0x0794,18040,0.000675280991
0x0795,18040,0.000675280991
0x0798,18040,0.000675280991
0x0799,18040,0.000675280991
0x079a,18040,0.000675280991
0x079b,18040,0.000675280991
0x079e,1464,0.000054801074
0x079f,1464,0.000054801074
0x07a0,1464,0.000054801074
0x07a1,1464,0.000054801074
0x07a2,1464,0.000054801074
0x07a3,1464,0.000054801074
0x07a4,1464,0.000054801074
0x07a5,1464,0.000054801074
0x07a6,1464,0.000054801074
0x07a7,1464,0.000054801074
0x07a8,1464,0.000054801074
0x07aa,1468,0.000054950803
0x07ab,1468,0.000054950803
0x07ac,1468,0.000054950803
0x07ad,1468,0.000054950803
0x07ae,1468,0.000054950803
0x07af,1468,0.000054950803
0x07b0,1468,0.000054950803
0x07b1,1468,0.000054950803
0x07b2,1468,0.000054950803
0x07b4,1468,0.000054950803
0x07b5,1468,0.000054950803
0x07b6,1468,0.000054950803
0x07b7,1468,0.000054950803
0x07b8,1468,0.000054950803
0x07b9,1468,0.000054950803
0x07ba,1468,0.000054950803
0x07bb,1468,0.000054950803
0x07be,9971,0.000373238734
0x07bf,9971,0.000373238734
0x07c0,9971,0.000373238734
0x07c1,9971,0.000373238734
0x07c2,9971,0.000373238734
0x07c3,9971,0.000373238734
0x07c4,9971,0.000373238734
0x07c5,9971,0.000373238734
0x07c6,9971,0.000373238734
0x07c7,9971,0.000373238734
0x07ca,9971,0.000373238734
0x07cb,9971,0.000373238734
0x07cc,9971,0.000373238734
0x07cd,9971,0.000373238734
0x07ce,9971,0.000373238734
0x07cf,9971,0.000373238734
0x07d2,9990,0.000373949950
0x07d3,9990,0.000373949950
0x07d4,9990,0.000373949950
0x07d5,9990,0.000373949950
0x07d6,9990,0.000373949950
0x07d7,9990,0.000373949950
0x07d8,9990,0.000373949950
0x07d9,9990,0.000373949950
0x07da,9990,0.000373949950
0x07dc,10009,0.000374661166
0x07dd,10009,0.000374661166
0x07de,10009,0.000374661166
0x07df,10009,0.000374661166
0x07e0,10009,0.000374661166
0x07e1,10009,0.000374661166
0x07e2,10009,0.000374661166
0x07e3,10009,0.000374661166
0x07e4,10009,0.000374661166
0x07e7,10009,0.000374661166
0x07e8,10009,0.000374661166
0x07e9,10009,0.000374661166
0x07ea,10009,0.000374661166
0x07eb,10009,0.000374661166
0x07ec,10009,0.000374661166
0x07ed,10009,0.000374661166
0x07ee,10009,0.000374661166
0x07f0,6,0.000000224595
0x07f3,6,0.000000224595
0x07f6,6,0.000000224595
0x07f9,6,0.000000224595
0x0800,9364,0.000350517251
0x0803,9364,0.000350517251
0x0806,9364,0.000350517251
0x0807,9364,0.000350517251
0x0809,9364,0.000350517251
0x080a,9364,0.000350517251
0x080b,9364,0.000350517251
0x080c,9364,0.000350517251
0x080d,9364,0.000350517251
0x080e,9364,0.000350517251
0x080f,9364,0.000350517251
0x0834,1116,0.000041774589
0x0837,1116,0.000041774589
0x083a,1116,0.000041774589
0x083b,1116,0.000041774589
0x083c,1116,0.000041774589
0x083e,1116,0.000041774589
0x083f,126,0.000004716486
0x0842,126,0.000004716486
0x0845,126,0.000004716486
0x0848,268,0.000010031891
0x084b,268,0.000010031891
0x084c,268,0.000010031891
0x084d,268,0.000010031891
0x084e,8,0.000000299459
0x0850,8,0.000000299459
0x0851,8,0.000000299459
0x0853,8,0.000000299459
0x0855,8,0.000000299459
0x085a,126,0.000004716486
0x085d,126,0.000004716486
0x085f,126,0.000004716486
0x0860,102,0.000003818108
0x0862,102,0.000003818108
0x0864,102,0.000003818108
0x0865,78,0.000002919729
0x0867,78,0.000002919729
0x0869,78,0.000002919729
0x086a,54,0.000002021351
0x086c,54,0.000002021351
0x086e,54,0.000002021351
0x086f,30,0.000001122973
0x0871,30,0.000001122973
0x0876,7827,0.000292983610
0x0879,7827,0.000292983610
0x087c,7827,0.000292983610
0x087f,7827,0.000292983610
0x0882,7827,0.000292983610
0x0885,7827,0.000292983610
0x0886,7827,0.000292983610
0x0889,7827,0.000292983610
0x088b,43036,0.001610941948
0x088c,43036,0.001610941948
0x088d,43036,0.001610941948
0x088e,43036,0.001610941948
0x088f,43036,0.001610941948
0x0890,43036,0.001610941948
0x0891,43036,0.001610941948
0x0892,43036,0.001610941948
0x0893,43036,0.001610941948
0x0894,43036,0.001610941948
0x0897,11738,0.000439381833
0x08a0,7827,0.000292983610
0x08a3,7827,0.000292983610
0x08a6,7827,0.000292983610
0x08a9,7827,0.000292983610
0x08ac,7827,0.000292983610
0x08ae,7827,0.000292983610
0x08b0,7827,0.000292983610
0x08c4,7827,0.000292983610
0x08c7,7827,0.000292983610
0x08c8,7827,0.000292983610
0x08ca,7827,0.000292983610
0x08cd,7641,0.000286021178
0x08cf,7641,0.000286021178
0x08d0,7641,0.000286021178
0x08d1,7641,0.000286021178
0x08d4,7229,0.000270599018
0x08d6,7229,0.000270599018
0x08d9,7229,0.000270599018
0x08dc,3,0.000000112297
0x08de,3,0.000000112297
0x08e0,3,0.000000112297
0x08e2,3,0.000000112297
0x08e3,3,0.000000112297
0x08e5,3,0.000000112297
0x08e6,3,0.000000112297
0x08e8,3,0.000000112297
0x08ea,415,0.000015534457
0x08eb,7641,0.000286021178
0x08ed,7641,0.000286021178
0x08f0,7641,0.000286021178
0x08f3,7641,0.000286021178
0x0900,7641,0.000286021178
0x0903,7641,0.000286021178
0x0904,7641,0.000286021178
0x0906,7641,0.000286021178
0x0907,6963,0.000260641992
0x0909,6963,0.000260641992
0x090c,3467,0.000129778226
0x090d,3467,0.000129778226
0x090f,3467,0.000129778226
0x0910,3467,0.000129778226
0x0911,3467,0.000129778226
0x0913,3467,0.000129778226
0x0916,3467,0.000129778226
0x0917,3496,0.000130863766
0x0918,3496,0.000130863766
0x091a,3496,0.000130863766
0x091b,3496,0.000130863766
0x091c,3496,0.000130863766
0x091e,3496,0.000130863766
0x0921,3496,0.000130863766
0x0926,7826,0.000292946177
0x0927,7826,0.000292946177
0x0929,7826,0.000292946177
0x092a,7826,0.000292946177
0x092b,7826,0.000292946177
0x092c,7826,0.000292946177
0x092d,7826,0.000292946177
0x092e,7826,0.000292946177
0x0930,7827,0.000292983610
0x0931,7827,0.000292983610
0x0933,7827,0.000292983610
0x0936,5315,0.000198953352
0x0937,5315,0.000198953352
0x0939,5315,0.000198953352
0x093c,5315,0.000198953352
0x093d,185,0.000006924999
0x093e,185,0.000006924999
0x0940,185,0.000006924999
0x0941,185,0.000006924999
0x0942,185,0.000006924999
0x0944,185,0.000006924999
0x0945,185,0.000006924999
0x0946,185,0.000006924999
0x0947,185,0.000006924999
0x094a,185,0.000006924999
0x094c,185,0.000006924999
0x094d,185,0.000006924999
0x094e,185,0.000006924999
0x0951,185,0.000006924999
0x0953,185,0.000006924999
0x0954,185,0.000006924999
0x0955,185,0.000006924999
0x0956,185,0.000006924999
0x0959,185,0.000006924999
0x095c,185,0.000006924999
0x095e,185,0.000006924999
0x0961,185,0.000006924999
0x0964,2512,0.000094030258
0x0965,2512,0.000094030258
0x0966,2512,0.000094030258
0x0967,2512,0.000094030258
0x0968,2512,0.000094030258
0x096a,2512,0.000094030258
0x096b,2512,0.000094030258
0x096d,2512,0.000094030258
0x096e,130,0.000004866216
0x096f,130,0.000004866216
0x0970,130,0.000004866216
0x0971,130,0.000004866216
0x0972,130,0.000004866216
0x0974,130,0.000004866216
0x0975,130,0.000004866216
0x097a,7827,0.000292983610
0x097d,7827,0.000292983610
0x097e,7827,0.000292983610
0x0980,7827,0.000292983610
0x0981,7827,0.000292983610
0x0984,7827,0.000292983610
0x0985,7827,0.000292983610
0x0986,7827,0.000292983610
0x0987,7827,0.000292983610
0x0988,7827,0.000292983610
0x098b,7827,0.000292983610
0x098c,7827,0.000292983610
0x098d,7827,0.000292983610
0x098e,7827,0.000292983610
0x0991,7827,0.000292983610
0x09a0,7851,0.000293881988
0x09a3,7851,0.000293881988
0x09a6,23553,0.000881645964
0x09a9,23553,0.000881645964
0x09aa,23553,0.000881645964
0x09ab,23553,0.000881645964
0x09ac,23553,0.000881645964
0x09ad,23553,0.000881645964
0x09ae,23553,0.000881645964
0x09af,23553,0.000881645964
0x09b0,23553,0.000881645964
0x09b2,23553,0.000881645964
0x09b5,7851,0.000293881988
0x09ba,65198,0.002440519405
0x09bd,65198,0.002440519405
0x09be,65198,0.002440519405
0x09c0,65198,0.002440519405
0x09c1,65198,0.002440519405
0x09c2,65198,0.002440519405
0x09c3,65198,0.002440519405
0x09c4,65198,0.002440519405
0x09c5,65198,0.002440519405
0x09c6,65198,0.002440519405
0x09c7,65198,0.002440519405
0x09c8,65198,0.002440519405
0x09c9,65198,0.002440519405
0x09ca,65198,0.002440519405
0x09cc,65198,0.002440519405
0x09cd,65198,0.002440519405
0x09ce,65198,0.002440519405
0x09cf,65198,0.002440519405
0x09d0,65198,0.002440519405
0x09d1,65198,0.002440519405
0x0a50,1655,0.000061950667
0x0a53,1655,0.000061950667
0x0a56,33100,0.001239013349
0x0a57,33100,0.001239013349
0x0a5a,33100,0.001239013349
0x0a5b,33100,0.001239013349
0x0a5c,33100,0.001239013349
0x0a5e,33100,0.001239013349
0x0a5f,33100,0.001239013349
0x0a61,33100,0.001239013349
0x0a62,33100,0.001239013349
0x0a63,33100,0.001239013349
0x0a64,33100,0.001239013349
0x0a67,1655,0.000061950667
0x0a6c,1548,0.000057945398
0x0a6f,1548,0.000057945398
0x0a72,30960,0.001158907954
0x0a73,30960,0.001158907954
0x0a74,30960,0.001158907954
0x0a75,30960,0.001158907954
0x0a77,30960,0.001158907954
0x0a7a,22090,0.000826882322
0x0a7b,22090,0.000826882322
0x0a7c,22090,0.000826882322
0x0a7d,22090,0.000826882322
0x0a7e,22090,0.000826882322
0x0a7f,22090,0.000826882322
0x0a80,22090,0.000826882322
0x0a81,22090,0.000826882322
0x0a82,22090,0.000826882322
0x0a83,22090,0.000826882322
0x0a84,22090,0.000826882322
0x0a85,22090,0.000826882322
0x0a86,22090,0.000826882322
0x0a87,22090,0.000826882322
0x0a8a,30960,0.001158907954
0x0a8b,30960,0.001158907954
0x0a8c,30960,0.001158907954
0x0a8d,30960,0.001158907954
0x0a8f,30960,0.001158907954
0x0a90,30960,0.001158907954
0x0a91,30960,0.001158907954
0x0a93,30960,0.001158907954
0x0a94,30960,0.001158907954
0x0a96,30960,0.001158907954
0x0a99,1548,0.000057945398
0x0aa0,186,0.000006962432
0x0aa2,186,0.000006962432
0x0aa3,186,0.000006962432
0x0aa4,186,0.000006962432
0x0aa5,186,0.000006962432
0x0aa8,186,0.000006962432
0x0aa9,186,0.000006962432
0x0aac,186,0.000006962432
0x0aae,186,0.000006962432
0x0aaf,186,0.000006962432
0x0ab0,186,0.000006962432
0x0ab3,186,0.000006962432
0x0ab5,186,0.000006962432
0x0ab8,183,0.000006850134
0x0abb,183,0.000006850134
0x0abd,183,0.000006850134
0x0abe,183,0.000006850134
0x0abf,183,0.000006850134
0x0ac0,183,0.000006850134
0x0ac1,183,0.000006850134
0x0ad6,4312,0.000161408627
0x0ad7,4312,0.000161408627
0x0ad8,17248,0.000645634509
0x0ad9,17248,0.000645634509
0x0ada,17248,0.000645634509
0x0adb,17248,0.000645634509
0x0adc,17248,0.000645634509
0x0add,17248,0.000645634509
0x0ae0,4312,0.000161408627
0x0ae1,4312,0.000161408627
0x0ae2,4312,0.000161408627
0x0ae5,4312,0.000161408627
0x0ae6,4312,0.000161408627
0x0ae9,1810,0.000067752694
0x0aea,960,0.000035935130
0x0aed,960,0.000035935130
0x0aee,960,0.000035935130
0x0af0,960,0.000035935130
0x0af1,960,0.000035935130
0x0af4,960,0.000035935130
0x0af6,960,0.000035935130
0x0af7,960,0.000035935130
0x0af8,960,0.000035935130
0x0af9,960,0.000035935130
0x0afc,960,0.000035935130
0x0afd,960,0.000035935130
0x0afe,960,0.000035935130
0x0b00,960,0.000035935130
0x0b01,960,0.000035935130
0x0b02,960,0.000035935130
0x0b05,950,0.000035560806
0x0b07,950,0.000035560806
0x0b0a,640,0.000023956754
0x0b0d,630,0.000023582429
0x0b15,10,0.000000374324
0x0b16,10,0.000000374324
0x0b18,10,0.000000374324
0x0b19,10,0.000000374324
0x0b1a,10,0.000000374324
0x0b1c,10,0.000000374324
0x0b1d,10,0.000000374324
0x0b1e,10,0.000000374324
0x0b1f,10,0.000000374324
0x0b20,3,0.000000112297
0x0b21,3,0.000000112297
0x0b22,3,0.000000112297
0x0b25,3,0.000000112297
0x0b26,3,0.000000112297
0x0b27,3,0.000000112297
0x0b28,3,0.000000112297
0x0b29,2,0.000000074865
0x0b2b,2,0.000000074865
0x0b2d,2,0.000000074865
0x0b48,3,0.000000112297
0x0b4b,3,0.000000112297
0x0b4e,3,0.000000112297
0x0b50,3,0.000000112297
0x0b51,3,0.000000112297
0x0b53,3,0.000000112297
0x0b54,3,0.000000112297
0x0b55,3,0.000000112297
0x0b57,3,0.000000112297
0x0b59,3,0.000000112297
0x0b5a,3,0.000000112297
0x0b60,783,0.000029309591
0x0b63,783,0.000029309591
0x0b64,783,0.000029309591
0x0b65,783,0.000029309591
0x0b67,783,0.000029309591
0x0b6a,778,0.000029122429
0x0b6d,778,0.000029122429
0x0b6f,778,0.000029122429
0x0b71,778,0.000029122429
0x0b74,3,0.000000112297
0x0b77,3,0.000000112297
0x0b79,3,0.000000112297
0x0b7b,3,0.000000112297
0x0b7c,3,0.000000112297
0x0b7d,3,0.000000112297
0x0b7e,3,0.000000112297
0x0b7f,3,0.000000112297
0x0b80,3,0.000000112297
0x0b82,3,0.000000112297
0x0b83,3,0.000000112297
0x0b84,3,0.000000112297
0x0b85,3,0.000000112297
0x0b87,3,0.000000112297
0x0b88,3,0.000000112297
0x0b89,3,0.000000112297
0x0b8a,3,0.000000112297
0x0b8b,3,0.000000112297
0x0b95,775,0.000029010131
0x0b98,775,0.000029010131
0x0b9b,775,0.000029010131
0x0ba0,310,0.000011604053
0x0ba3,310,0.000011604053
0x0ba4,310,0.000011604053
0x0ba6,310,0.000011604053
0x0ba8,310,0.000011604053
0x0ba9,124,0.000004641621
0x0bab,124,0.000004641621
0x0bac,62,0.000002320811
0x0bad,62,0.000002320811
0x0bae,62,0.000002320811
0x0baf,62,0.000002320811
0x0bb2,62,0.000002320811
0x0bba,630,0.000023582429
0x0bbb,630,0.000023582429
0x0bbc,630,0.000023582429
0x0bbf,320,0.000011978377
0x0bc0,320,0.000011978377
0x0bc1,320,0.000011978377
0x0bc4,160,0.000005989188
0x0bca,3,0.000000112297
0x0bcd,3,0.000000112297
0x0bd0,3,0.000000112297
0x0bd2,3,0.000000112297
0x0bd3,3,0.000000112297
0x0bd4,3,0.000000112297
0x0bd6,3,0.000000112297
0x0bd9,3,0.000000112297
0x0bdc,3,0.000000112297
0x0bdf,3,0.000000112297
0x0be2,3,0.000000112297
0x0be5,3,0.000000112297
0x0be8,3,0.000000112297
0x0beb,3,0.000000112297
0x0bee,3,0.000000112297
0x0bf1,3,0.000000112297
0x0c00,3,0.000000112297
0x0c01,3,0.000000112297
0x0c02,3,0.000000112297
0x0c04,3,0.000000112297
0x0c05,3,0.000000112297
0x0c07,3,0.000000112297
0x0c08,3,0.000000112297
0x0c09,3,0.000000112297
0x0c0a,3,0.000000112297
0x0c0b,3,0.000000112297
0x0c0c,3,0.000000112297
0x0c0f,3,0.000000112297
0x0c10,3,0.000000112297
0x0c11,3,0.000000112297
0x0c13,3,0.000000112297
0x0c16,3,0.000000112297
0x0c18,3,0.000000112297
0x0c40,3911,0.000146398224
0x0c43,3911,0.000146398224
0x0c45,3911,0.000146398224
0x0c48,3911,0.000146398224
0x0c4b,3911,0.000146398224
0x0c4e,3911,0.000146398224
0x0c51,3911,0.000146398224
0x0c56,3911,0.000146398224
0x0c59,19555,0.000731991119
0x0c5a,19555,0.000731991119
0x0c5d,19555,0.000731991119
0x0c5e,19555,0.000731991119
0x0c5f,19555,0.000731991119
0x0c61,19555,0.000731991119
0x0c62,19555,0.000731991119
0x0c64,19555,0.000731991119
0x0c67,3911,0.000146398224
0x0c6b,3911,0.000146398224
0x0c6e,3911,0.000146398224
0x0c71,19555,0.000731991119
0x0c74,19555,0.000731991119
0x0c75,19555,0.000731991119
0x0c76,19555,0.000731991119
0x0c77,19555,0.000731991119
0x0c78,19555,0.000731991119
0x0c79,19555,0.000731991119
0x0c7a,19555,0.000731991119
0x0c7b,19555,0.000731991119
0x0c7d,19555,0.000731991119
0x0c80,3911,0.000146398224
0x0c84,19555,0.000731991119
0x0c85,19555,0.000731991119
0x0c87,19555,0.000731991119
0x0c88,2769,0.000103650392
0x0c89,2769,0.000103650392
0x0c8a,2769,0.000103650392
0x0c8b,2769,0.000103650392
0x0c8c,2769,0.000103650392
0x0c8e,2769,0.000103650392
0x0c8f,2769,0.000103650392
0x0c90,2769,0.000103650392
0x0c91,2769,0.000103650392
0x0c92,2769,0.000103650392
0x0c94,2769,0.000103650392
0x0c95,2769,0.000103650392
0x0c97,2769,0.000103650392
0x0c9a,2697,0.000100955257
0x0c9b,2697,0.000100955257
0x0c9e,2697,0.000100955257
0x0c9f,2697,0.000100955257
0x0ca0,2697,0.000100955257
0x0ca2,2697,0.000100955257
0x0ca3,2697,0.000100955257
0x0ca4,2697,0.000100955257
0x0ca5,2697,0.000100955257
0x0ca6,2697,0.000100955257
0x0ca7,2697,0.000100955257
0x0ca8,2697,0.000100955257
0x0ca9,2697,0.000100955257
0x0caa,2697,0.000100955257
0x0cac,2697,0.000100955257
0x0caf,2688,0.000100618365
0x0cb4,2697,0.000100955257
0x0cb6,2697,0.000100955257
0x0cb7,584,0.000021860538
0x0cb9,584,0.000021860538
0x0cba,296,0.000011079999
0x0cbd,296,0.000011079999
0x0cbe,296,0.000011079999
0x0cbf,80,0.000002994594
0x0cc2,80,0.000002994594
0x0cc3,80,0.000002994594
0x0cc4,10,0.000000374324
0x0cc6,10,0.000000374324
0x0cc9,10,0.000000374324
0x0ccb,10,0.000000374324
0x0cce,10,0.000000374324
0x0cd0,10,0.000000374324
0x0cd3,10,0.000000374324
0x0cd8,3911,0.000146398224
0x0cdb,3911,0.000146398224
0x0cde,19555,0.000731991119
0x0cdf,19555,0.000731991119
0x0ce2,19555,0.000731991119
0x0ce3,19555,0.000731991119
0x0ce4,19555,0.000731991119
0x0ce6,19555,0.000731991119
0x0ce7,19555,0.000731991119
0x0ce9,19555,0.000731991119
0x0cea,19555,0.000731991119
0x0ceb,19555,0.000731991119
0x0cec,19555,0.000731991119
0x0cef,3911,0.000146398224
0x0cf4,6,0.000000224595
0x0cf5,6,0.000000224595
0x0cf6,6,0.000000224595
0x0d1c,1525,0.000057084452
0x0d1f,1525,0.000057084452
0x0d22,24400,0.000913351230
0x0d25,24400,0.000913351230
0x0d26,24400,0.000913351230
0x0d27,24400,0.000913351230
0x0d28,24400,0.000913351230
0x0d2a,24400,0.000913351230
0x0d2b,24400,0.000913351230
0x0d2e,1525,0.000057084452
0x0d30,24400,0.000913351230
0x0d31,24400,0.000913351230
0x0d32,24400,0.000913351230
0x0d33,24400,0.000913351230
0x0d34,24400,0.000913351230
0x0d35,24400,0.000913351230
0x0d37,24400,0.000913351230
0x0d38,21817,0.000816663270
0x0d39,21817,0.000816663270
0x0d3a,21817,0.000816663270
0x0d3b,21817,0.000816663270
0x0d3c,21817,0.000816663270
0x0d3e,21817,0.000816663270
0x0d3f,21817,0.000816663270
0x0d41,21817,0.000816663270
0x0d42,21817,0.000816663270
0x0d43,21817,0.000816663270
0x0d46,20299,0.000759840845
0x0d47,20299,0.000759840845
0x0d48,20299,0.000759840845
0x0d4b,2354,0.000088115934
0x0d4c,2354,0.000088115934
0x0d4d,2354,0.000088115934
0x0d4e,2354,0.000088115934
0x0d4f,3872,0.000144938359
0x0d50,3872,0.000144938359
0x0d51,3872,0.000144938359
0x0d52,3872,0.000144938359
0x0d53,3872,0.000144938359
0x0d54,3872,0.000144938359
0x0d55,3872,0.000144938359
0x0d57,3872,0.000144938359
0x0d58,3872,0.000144938359
0x0d59,1599,0.000059854451
0x0d5a,1599,0.000059854451
0x0d5e,17945,0.000671724911
0x0d5f,17945,0.000671724911
0x0d60,17945,0.000671724911
0x0d61,17945,0.000671724911
0x0d62,17945,0.000671724911
0x0d64,17945,0.000671724911
0x0d65,17945,0.000671724911
0x0d66,2637,0.000098709311
0x0d67,2637,0.000098709311
0x0d70,1524,0.000057047019
0x0d73,1524,0.000057047019
0x0d76,24384,0.000912752311
0x0d79,24384,0.000912752311
0x0d7a,24384,0.000912752311
0x0d7c,24384,0.000912752311
0x0d7d,24384,0.000912752311
0x0d7f,24384,0.000912752311
0x0d80,24384,0.000912752311
0x0d83,1524,0.000057047019
0x0d86,24384,0.000912752311
0x0d87,24384,0.000912752311
0x0d88,24384,0.000912752311
0x0d89,24384,0.000912752311
0x0d8a,24384,0.000912752311
0x0d8b,24384,0.000912752311
0x0d8d,24384,0.000912752311
0x0d8e,21790,0.000815652594
0x0d8f,21790,0.000815652594
0x0d90,21790,0.000815652594
0x0d91,21790,0.000815652594
0x0d94,21790,0.000815652594
0x0d95,21790,0.000815652594
0x0d96,21790,0.000815652594
0x0d97,21790,0.000815652594
0x0d99,21790,0.000815652594
0x0d9a,21790,0.000815652594
0x0d9c,21790,0.000815652594
0x0d9d,21790,0.000815652594
0x0d9f,21790,0.000815652594
0x0da0,21790,0.000815652594
0x0da1,21790,0.000815652594
0x0da2,21790,0.000815652594
0x0da3,21790,0.000815652594
0x0da4,21790,0.000815652594
0x0da5,21790,0.000815652594
0x0da6,21790,0.000815652594
0x0da7,21790,0.000815652594
0x0da8,21790,0.000815652594
0x0dab,20460,0.000765867466
0x0dac,20460,0.000765867466
0x0daf,2490,0.000093206744
0x0db0,2490,0.000093206744
0x0db1,2490,0.000093206744
0x0db3,2490,0.000093206744
0x0db4,2490,0.000093206744
0x0db5,2490,0.000093206744
0x0dbb,1330,0.000049785129
0x0dbc,1330,0.000049785129
0x0dbd,1330,0.000049785129
0x0dbf,1330,0.000049785129
0x0dc0,1330,0.000049785129
0x0dc1,1330,0.000049785129
0x0dc2,1330,0.000049785129
0x0dc3,1330,0.000049785129
0x0dc5,1330,0.000049785129
0x0dc6,1330,0.000049785129
0x0dcc,17970,0.000672660721
0x0dcd,17970,0.000672660721
0x0dce,17970,0.000672660721
0x0dcf,17970,0.000672660721
0x0dd1,17970,0.000672660721
0x0dd2,21790,0.000815652594
0x0dd3,21790,0.000815652594
0x0dd5,21790,0.000815652594
0x0dd6,21790,0.000815652594
0x0dd7,21790,0.000815652594
0x0dd8,21790,0.000815652594
0x0dd9,21790,0.000815652594
0x0dda,21790,0.000815652594
0x0dde,92,0.000003443783
0x0ddf,92,0.000003443783
0x0de0,92,0.000003443783
0x0de3,92,0.000003443783
0x0de4,92,0.000003443783
0x0de5,92,0.000003443783
0x0de6,92,0.000003443783
0x0de9,92,0.000003443783
0x0dea,92,0.000003443783
0x0deb,92,0.000003443783
0x0dec,92,0.000003443783
0x0ded,92,0.000003443783
0x0df0,6102,0.000228412672
0x0df3,6102,0.000228412672
0x0df6,6102,0.000228412672
0x0df9,6102,0.000228412672
0x0dfc,6102,0.000228412672
0x0dff,6102,0.000228412672
0x0e10,12204,0.000456825345
0x0e11,12204,0.000456825345
0x0e13,12204,0.000456825345
0x0e14,1836,0.000068725937
0x0e15,1836,0.000068725937
0x0e16,1836,0.000068725937
0x0e17,1836,0.000068725937
0x0e18,1836,0.000068725937
0x0e1a,1836,0.000068725937
0x0e1b,1836,0.000068725937
0x0e1d,1836,0.000068725937
0x0e1e,40,0.000001497297
0x0e20,40,0.000001497297
0x0e23,35,0.000001310135
0x0e25,35,0.000001310135
0x0e26,35,0.000001310135
0x0e27,35,0.000001310135
0x0e29,35,0.000001310135
0x0e2a,35,0.000001310135
0x0e2c,35,0.000001310135
0x0e2d,35,0.000001310135
0x0e2e,35,0.000001310135
0x0e2f,35,0.000001310135
0x0e31,35,0.000001310135
0x0e32,35,0.000001310135
0x0e33,34,0.000001272703
0x0e34,34,0.000001272703
0x0e35,34,0.000001272703
0x0e36,28,0.000001048108
0x0e39,5,0.000000187162
0x0e3a,5,0.000000187162
0x0e3b,5,0.000000187162
0x0e3c,5,0.000000187162
0x0e3d,5,0.000000187162
0x0e3e,5,0.000000187162
0x0e3f,5,0.000000187162
0x0e41,5,0.000000187162
0x0e42,5,0.000000187162
0x0e45,60,0.000002245946
0x0e46,60,0.000002245946
0x0e47,60,0.000002245946
0x0e48,60,0.000002245946
0x0e4a,60,0.000002245946
0x0e4d,57,0.000002133648
0x0e4e,57,0.000002133648
0x0e4f,57,0.000002133648
0x0e51,57,0.000002133648
0x0e52,57,0.000002133648
0x0e55,2,0.000000074865
0x0e58,55,0.000002058784
0x0e59,55,0.000002058784
0x0e5a,55,0.000002058784
0x0e5b,23,0.000000860946
0x0e5c,23,0.000000860946
0x0e5e,23,0.000000860946
0x0e5f,23,0.000000860946
0x0e60,10,0.000000374324
0x0e61,10,0.000000374324
0x0e62,10,0.000000374324
0x0e63,10,0.000000374324
0x0e65,10,0.000000374324
0x0e66,10,0.000000374324
0x0e67,3,0.000000112297
0x0e69,3,0.000000112297
0x0e6a,3,0.000000112297
0x0e6b,3,0.000000112297
0x0e70,28,0.000001048108
0x0e71,28,0.000001048108
0x0e72,28,0.000001048108
0x0e74,28,0.000001048108
0x0e75,28,0.000001048108
0x0e76,28,0.000001048108
0x0e77,28,0.000001048108
0x0e78,28,0.000001048108
0x0e7a,28,0.000001048108
0x0e7b,28,0.000001048108
0x0e7e,172,0.000006438378
0x0e7f,172,0.000006438378
0x0e80,172,0.000006438378
0x0e81,172,0.000006438378
0x0e83,172,0.000006438378
0x0e86,144,0.000005390270
0x0e87,144,0.000005390270
0x0e88,144,0.000005390270
0x0e8a,144,0.000005390270
0x0e8b,144,0.000005390270
0x0e90,135,0.000005053378
0x0e91,135,0.000005053378
0x0e93,135,0.000005053378
0x0e94,135,0.000005053378
0x0e95,65,0.000002433108
0x0e97,65,0.000002433108
0x0e98,65,0.000002433108
0x0e99,33,0.000001235270
0x0e9a,33,0.000001235270
0x0e9b,33,0.000001235270
0x0e9c,33,0.000001235270
0x0e9e,33,0.000001235270
0x0e9f,33,0.000001235270
0x0ea0,28,0.000001048108
0x0ea3,28,0.000001048108
0x0ea4,31,0.000001160405
0x0ea5,31,0.000001160405
0x0ea6,31,0.000001160405
0x0ea7,31,0.000001160405
0x0ea8,31,0.000001160405
0x0ea9,31,0.000001160405
0x0eaa,31,0.000001160405
0x0eac,31,0.000001160405
0x0ead,35,0.000001310135
0x0eae,35,0.000001310135
0x0eb0,35,0.000001310135
0x0eb1,35,0.000001310135
0x0eb2,35,0.000001310135
0x0eb4,35,0.000001310135
0x0eb5,35,0.000001310135
0x0eb6,35,0.000001310135
0x0eb7,35,0.000001310135
0x0eb8,35,0.000001310135
0x0ebb,35,0.000001310135
0x0ebc,35,0.000001310135
0x0ebe,35,0.000001310135
0x0ec1,35,0.000001310135
0x0ec3,35,0.000001310135
0x0ec4,35,0.000001310135
0x0ec5,35,0.000001310135
0x0ec8,1,0.000000037432
0x0ec9,1,0.000000037432
0x0eca,1,0.000000037432
0x0ecb,1,0.000000037432
0x0ecc,1,0.000000037432
0x0ecd,1,0.000000037432
0x0ece,1,0.000000037432
0x0ed5,35,0.000001310135
0x0ed6,35,0.000001310135
0x0ed7,35,0.000001310135
0x0ed8,35,0.000001310135
0x0ed9,35,0.000001310135
0x0eda,35,0.000001310135
0x0edb,35,0.000001310135
0x0edc,35,0.000001310135
0x0ede,35,0.000001310135
0x0ee0,35,0.000001310135
0x0ee2,35,0.000001310135
0x0ee3,35,0.000001310135
0x0ee4,35,0.000001310135
0x0ee5,35,0.000001310135
0x0f00,1529,0.000057234182
0x0f03,1529,0.000057234182
0x0f04,1529,0.000057234182
0x0f06,1529,0.000057234182
0x0f09,1529,0.000057234182
0x0f0b,1529,0.000057234182
0x0f0c,1529,0.000057234182
0x0f0d,1529,0.000057234182
0x0f0e,1529,0.000057234182
0x0f11,1529,0.000057234182
0x0f14,1529,0.000057234182
0x0f15,6,0.000000224595
0x0f16,6,0.000000224595
0x0f17,6,0.000000224595
0x0f1a,6,0.000000224595
0x0f1b,6,0.000000224595
0x0f1d,6,0.000000224595
0x0f1e,6,0.000000224595
0x0f1f,6,0.000000224595
0x0f20,6,0.000000224595
0x0f23,48,0.000001796757
0x0f24,48,0.000001796757
0x0f25,48,0.000001796757
0x0f26,48,0.000001796757
0x0f28,48,0.000001796757
0x0f2b,44,0.000001647027
0x0f2c,44,0.000001647027
0x0f2d,44,0.000001647027
0x0f2f,44,0.000001647027
0x0f30,44,0.000001647027
0x0f33,2,0.000000074865
0x0f38,19,0.000000711216
0x0f39,19,0.000000711216
0x0f3a,19,0.000000711216
0x0f3b,19,0.000000711216
0x0f3d,19,0.000000711216
0x0f3e,6,0.000000224595
0x0f40,6,0.000000224595
0x0f41,6,0.000000224595
0x0f42,6,0.000000224595
0x0f43,6,0.000000224595
0x0f44,6,0.000000224595
0x0f45,6,0.000000224595
0x0f46,4,0.000000149730
0x0f49,4,0.000000149730
0x0f4c,4,0.000000149730
0x0f4d,4,0.000000149730
0x0f4e,4,0.000000149730
0x0f56,3052,0.000114243769
0x0f57,3052,0.000114243769
0x0f58,6100,0.000228337807
0x0f59,6100,0.000228337807
0x0f5b,6100,0.000228337807
0x0f5e,6,0.000000224595
0x0f60,6,0.000000224595
0x0f63,6094,0.000228113213
0x0f64,6094,0.000228113213
0x0f65,6094,0.000228113213
0x0f68,3046,0.000114019174
0x0f69,3046,0.000114019174
0x0f6a,3046,0.000114019174
0x0f6d,3046,0.000114019174
0x0f6e,3046,0.000114019174
0x0f71,1523,0.000057009587
0x0fc0,4222,0.000158039709
0x0fc3,4222,0.000158039709
0x0fc6,4222,0.000158039709
0x0fc9,4222,0.000158039709
0x0fcc,4222,0.000158039709
0x0fcf,4222,0.000158039709
0x0fd2,4222,0.000158039709
0x0fd5,4222,0.000158039709
0x0fd8,8444,0.000316079417
0x0fd9,8444,0.000316079417
0x0fda,8444,0.000316079417
0x0fdb,502,0.000018791079
0x0fdc,502,0.000018791079
0x0fdd,502,0.000018791079
0x0fde,502,0.000018791079
0x0fdf,502,0.000018791079
0x0fe0,502,0.000018791079
0x0fe1,502,0.000018791079
0x0fe2,502,0.000018791079
0x0fe3,502,0.000018791079
0x0fe6,502,0.000018791079
0x0fe7,502,0.000018791079
0x0fe9,502,0.000018791079
0x0fea,502,0.000018791079
0x0fec,502,0.000018791079
0x0fed,502,0.000018791079
0x0fef,502,0.000018791079
0x0ff0,502,0.000018791079
0x0ff1,502,0.000018791079
0x0ff4,502,0.000018791079
0x14e0,1416,0.000053004317
0x14e1,1416,0.000053004317
0x14e4,1416,0.000053004317
0x14e6,1416,0.000053004317
0x17e0,13334,0.000499123988
0x17e3,13334,0.000499123988
0x17e5,13334,0.000499123988
0x17e8,13334,0.000499123988
0x1df0,775,0.000029010131
0x1df3,775,0.000029010131
0x1df5,775,0.000029010131
0x1ee0,528,0.000019764322
0x1ee3,528,0.000019764322
0x1ee6,13728,0.000513872364
0x1ee7,13728,0.000513872364
0x1ee8,13728,0.000513872364
0x1ee9,13728,0.000513872364
0x1eec,13728,0.000513872364
0x1eed,13728,0.000513872364
0x1ef0,528,0.000019764322
0x1ef1,528,0.000019764322
0x1ef2,528,0.000019764322
0x1ef4,528,0.000019764322
0x1ef7,528,0.000019764322
0x1ef8,528,0.000019764322
0x1ef9,528,0.000019764322
0x1efa,528,0.000019764322
0x2000,6102,0.000228412672
0x2003,6102,0.000228412672
0x2006,6102,0.000228412672
0x2009,6102,0.000228412672
0x200c,6102,0.000228412672
0x200d,6102,0.000228412672
0x200f,6102,0.000228412672
0x2010,6102,0.000228412672
0x2011,6102,0.000228412672
0x2014,6102,0.000228412672
0x2015,6102,0.000228412672
0x2018,6102,0.000228412672
0x201a,6102,0.000228412672
0x2040,3077,0.000115179579
0x2043,3077,0.000115179579
0x2046,3077,0.000115179579
0x2047,3077,0.000115179579
0x2048,3077,0.000115179579
0x2049,20,0.000000748649
0x204a,20,0.000000748649
0x204b,20,0.000000748649
0x204c,20,0.000000748649
0x204d,20,0.000000748649
0x204e,20,0.000000748649
0x204f,20,0.000000748649
0x2050,20,0.000000748649
0x2051,20,0.000000748649
0x2052,20,0.000000748649
0x2055,20,0.000000748649
0x2057,20,0.000000748649
0x2058,20,0.000000748649
0x2059,20,0.000000748649
0x205a,20,0.000000748649
0x205c,20,0.000000748649
0x205d,20,0.000000748649
0x205e,20,0.000000748649
0x2060,20,0.000000748649
0x2061,20,0.000000748649
0x2062,20,0.000000748649
0x2063,20,0.000000748649
0x2064,20,0.000000748649
0x2065,20,0.000000748649
0x2066,20,0.000000748649
0x2068,20,0.000000748649
0x2069,20,0.000000748649
0x206a,20,0.000000748649
0x206b,20,0.000000748649
0x206c,20,0.000000748649
0x206d,20,0.000000748649
0x2070,160,0.000005989188
0x2071,160,0.000005989188
0x2073,160,0.000005989188
0x2075,160,0.000005989188
0x2076,160,0.000005989188
0x2077,160,0.000005989188
0x2079,160,0.000005989188
0x207a,160,0.000005989188
0x207b,160,0.000005989188
0x207e,160,0.000005989188
0x2081,160,0.000005989188
0x2085,160,0.000005989188
0x2087,160,0.000005989188
0x2088,160,0.000005989188
0x2089,160,0.000005989188
0x208a,160,0.000005989188
0x208c,160,0.000005989188
0x208d,160,0.000005989188
0x208f,160,0.000005989188
0x2090,160,0.000005989188
0x2091,160,0.000005989188
0x2093,160,0.000005989188
0x2094,160,0.000005989188
0x2096,160,0.000005989188
0x2097,160,0.000005989188
0x20b0,160,0.000005989188
0x20b1,5120,0.000191654029
0x20b2,5120,0.000191654029
0x20b3,5120,0.000191654029
0x20b5,40960,0.001533232228
0x20b7,40960,0.001533232228
0x20b8,40960,0.001533232228
0x20bb,1560,0.000058394587
0x20bc,1560,0.000058394587
0x20bd,1560,0.000058394587
0x20be,1560,0.000058394587
0x20bf,40960,0.001533232228
0x20c0,40960,0.001533232228
0x20c1,40960,0.001533232228
0x20c2,40960,0.001533232228
0x20c5,5120,0.000191654029
0x20c6,5120,0.000191654029
0x20c7,5120,0.000191654029
0x20c8,5120,0.000191654029
0x20c9,5120,0.000191654029
0x20cc,2560,0.000095827014
0x20cd,2560,0.000095827014
0x20cf,2560,0.000095827014
0x20d2,2400,0.000089837826
0x20d3,2400,0.000089837826
0x20d4,2400,0.000089837826
0x20d6,2400,0.000089837826
0x20d7,2400,0.000089837826
0x20d8,2400,0.000089837826
0x20da,2400,0.000089837826
0x20db,2400,0.000089837826
0x20dc,2400,0.000089837826
0x20de,2400,0.000089837826
0x20e1,160,0.000005989188
0x20e2,160,0.000005989188
0x20e8,160,0.000005989188
0x20e9,160,0.000005989188
0x20ea,160,0.000005989188
0x20ec,160,0.000005989188
0x20ed,160,0.000005989188
0x20f0,160,0.000005989188
0x20f1,160,0.000005989188
0x20f2,160,0.000005989188
0x20f3,160,0.000005989188
0x20f4,160,0.000005989188
0x20f6,160,0.000005989188
0x20f7,160,0.000005989188
0x20f8,160,0.000005989188
0x20fa,160,0.000005989188
0x20fb,160,0.000005989188
0x20fc,160,0.000005989188
0x20fd,160,0.000005989188
0x20fe,160,0.000005989188
0x20ff,160,0.000005989188
0x2101,160,0.000005989188
0x2103,160,0.000005989188
0x2104,160,0.000005989188
0x2106,160,0.000005989188
0x2107,160,0.000005989188
0x2108,160,0.000005989188
0x2109,160,0.000005989188
0x210a,160,0.000005989188
0x210d,160,0.000005989188
0x211c,160,0.000005989188
0x211f,160,0.000005989188
0x2120,160,0.000005989188
0x2122,160,0.000005989188
0x2123,112,0.000004192432
0x2125,112,0.000004192432
0x2126,16,0.000000598919
0x2128,16,0.000000598919
0x2129,16,0.000000598919
0x212c,16,0.000000598919
0x2130,6102,0.000228412672
0x2131,6102,0.000228412672
0x2132,6102,0.000228412672
0x2135,4573,0.000171178491
0x2137,4573,0.000171178491
0x213a,3048,0.000114094039
0x213c,3048,0.000114094039
0x213f,1524,0.000057047019
0x2150,1529,0.000057234182
0x2153,1529,0.000057234182
0x2156,1529,0.000057234182
0x2160,1525,0.000057084452
0x2163,1525,0.000057084452
0x2166,1525,0.000057084452
0x2169,1525,0.000057084452
0x2170,1524,0.000057047019
0x2173,1524,0.000057047019
0x2180,1524,0.000057047019
0x2183,1524,0.000057047019
0x2186,1524,0.000057047019
0x2189,1524,0.000057047019
0x21dc,528,0.000019764322
0x21dd,528,0.000019764322
0x21de,528,0.000019764322
0x21df,528,0.000019764322
0x21e2,528,0.000019764322
0x21e4,528,0.000019764322
0x21e5,528,0.000019764322
0x21e6,528,0.000019764322
0x21e8,528,0.000019764322
0x21e9,528,0.000019764322
0x21eb,528,0.000019764322
0x21ec,528,0.000019764322
0x21ed,528,0.000019764322
0x21ef,528,0.000019764322
0x21f0,528,0.000019764322
0x21f1,528,0.000019764322
0x21f2,528,0.000019764322
0x21f4,528,0.000019764322
0x21f5,528,0.000019764322
0x21f7,528,0.000019764322
0x21f8,528,0.000019764322
0x21f9,528,0.000019764322
0x21fc,528,0.000019764322
0x2230,275,0.000010293918
0x2233,275,0.000010293918
0x2234,275,0.000010293918
0x2235,275,0.000010293918
0x2236,275,0.000010293918
0x2237,275,0.000010293918
0x2239,275,0.000010293918
0x223b,275,0.000010293918
0x223e,265,0.000009919593
0x2240,265,0.000009919593
0x2243,135,0.000005053378
0x2245,135,0.000005053378
0x2247,135,0.000005053378
0x2249,135,0.000005053378
0x224c,5,0.000000187162
0x224f,5,0.000000187162
0x2250,5,0.000000187162
0x2252,5,0.000000187162
0x2254,5,0.000000187162
0x2260,260,0.000009732431
0x2261,260,0.000009732431
0x2262,260,0.000009732431
0x2263,260,0.000009732431
0x2264,260,0.000009732431
0x2265,260,0.000009732431
0x2267,260,0.000009732431
0x2268,260,0.000009732431
0x2269,260,0.000009732431
0x226b,260,0.000009732431
0x226d,260,0.000009732431
0x226e,260,0.000009732431
0x226f,260,0.000009732431
0x2271,260,0.000009732431
0x2272,260,0.000009732431
0x2273,260,0.000009732431
0x2274,260,0.000009732431
0x2275,260,0.000009732431
0x2276,260,0.000009732431
0x2277,260,0.000009732431
0x2278,260,0.000009732431
0x2279,260,0.000009732431
0x227a,3640,0.000136254036
0x227b,32760,0.001226286323
0x227c,32760,0.001226286323
0x227d,32760,0.001226286323
0x227e,32760,0.001226286323
0x227f,32760,0.001226286323
0x2280,32760,0.001226286323
0x2283,3640,0.000136254036
0x2284,3640,0.000136254036
0x2285,3640,0.000136254036
0x2286,3640,0.000136254036
0x2288,3640,0.000136254036
0x2289,3640,0.000136254036
0x228a,3640,0.000136254036
0x228c,3640,0.000136254036
0x228d,3640,0.000136254036
0x228e,3640,0.000136254036
0x2291,260,0.000009732431
0x2292,10,0.000000374324
0x2295,10,0.000000374324
0x2296,10,0.000000374324
0x2298,10,0.000000374324
0x229b,4,0.000000149730
0x229e,4,0.000000149730
0x22a1,4,0.000000149730
0x22a3,1664,0.000062287559
0x22a4,1664,0.000062287559
0x22a5,1664,0.000062287559
0x22a6,1664,0.000062287559
0x22a7,1664,0.000062287559
0x22a8,1664,0.000062287559
0x22a9,1664,0.000062287559
0x22aa,1664,0.000062287559
0x22ab,1664,0.000062287559
0x22ac,1664,0.000062287559
0x22ad,1664,0.000062287559
0x22b0,4,0.000000149730
0x22b4,144,0.000005390270
0x22b7,144,0.000005390270
0x22ba,144,0.000005390270
0x22bb,144,0.000005390270
0x22bc,144,0.000005390270
0x22be,144,0.000005390270
0x22c1,2,0.000000074865
0x22c3,2,0.000000074865
0x22c5,2,0.000000074865
0x22ca,98,0.000003668378
0x22cd,98,0.000003668378
0x22ce,98,0.000003668378
0x22d0,98,0.000003668378
0x22d3,2,0.000000074865
0x22d5,2,0.000000074865
0x22d7,2,0.000000074865
0x22d9,2,0.000000074865
0x22db,2,0.000000074865
0x22dd,2,0.000000074865
0x22e0,4,0.000000149730
0x22e2,10,0.000000374324
0x22e5,10,0.000000374324
0x22e8,10,0.000000374324
0x22f0,6,0.000000224595
0x22f3,6,0.000000224595
0x22f4,6,0.000000224595
0x22fa,488,0.000018267025
0x22fd,488,0.000018267025
0x22ff,488,0.000018267025
0x2302,488,0.000018267025
0x2303,8784,0.000328806443
0x2304,8784,0.000328806443
0x2306,8784,0.000328806443
0x2307,8784,0.000328806443
0x2308,8784,0.000328806443
0x2309,8784,0.000328806443
0x230a,8784,0.000328806443
0x230b,8784,0.000328806443
0x230d,8784,0.000328806443
0x230e,8784,0.000328806443
0x230f,8784,0.000328806443
0x2310,8784,0.000328806443
0x2312,8784,0.000328806443
0x2313,8784,0.000328806443
0x2314,8784,0.000328806443
0x2316,8784,0.000328806443
0x2317,8784,0.000328806443
0x231a,976,0.000036534049
0x231b,8784,0.000328806443
0x231c,8784,0.000328806443
0x231f,488,0.000018267025
0x2322,1464,0.000054801074
0x2325,1464,0.000054801074
0x2326,1464,0.000054801074
0x2327,1464,0.000054801074
0x2329,1464,0.000054801074
0x232a,1464,0.000054801074
0x232b,1464,0.000054801074
0x232c,1464,0.000054801074
0x232e,1464,0.000054801074
0x232f,1464,0.000054801074
0x2331,1464,0.000054801074
0x2334,1464,0.000054801074
0x2337,1464,0.000054801074
0x2351,3904,0.000146136197
0x2352,3904,0.000146136197
0x2354,3904,0.000146136197
0x2355,826,0.000030919185
0x2356,826,0.000030919185
0x2357,826,0.000030919185
0x2358,826,0.000030919185
0x235a,826,0.000030919185
0x235b,826,0.000030919185
0x235e,826,0.000030919185
0x235f,826,0.000030919185
0x2360,826,0.000030919185
0x2361,826,0.000030919185
0x2362,826,0.000030919185
0x2364,826,0.000030919185
0x2365,826,0.000030919185
0x2366,826,0.000030919185
0x2368,826,0.000030919185
0x2369,826,0.000030919185
0x236a,826,0.000030919185
0x236b,826,0.000030919185
0x236c,826,0.000030919185
0x236e,826,0.000030919185
0x2370,826,0.000030919185
0x2373,736,0.000027550267
0x2375,736,0.000027550267
0x2377,736,0.000027550267
0x237a,736,0.000027550267
0x237b,90,0.000003368918
0x237c,90,0.000003368918
0x237e,90,0.000003368918
0x237f,90,0.000003368918
0x2381,90,0.000003368918
0x2384,90,0.000003368918
0x2385,90,0.000003368918
0x2386,90,0.000003368918
0x2387,90,0.000003368918
0x2389,90,0.000003368918
0x238a,26,0.000000973243
0x238c,26,0.000000973243
0x238d,26,0.000000973243
0x238e,26,0.000000973243
0x2390,26,0.000000973243
0x2391,22,0.000000823513
0x2393,22,0.000000823513
0x23d6,935,0.000034999320
0x23d9,935,0.000034999320
0x23da,935,0.000034999320
0x23dc,935,0.000034999320
0x23de,935,0.000034999320
0x2476,28,0.000001048108
0x2477,28,0.000001048108
0x2478,28,0.000001048108
0x247b,28,0.000001048108
0x247d,28,0.000001048108
0x247e,28,0.000001048108
0x2481,28,0.000001048108
0x2483,28,0.000001048108
0x2484,28,0.000001048108
0x2485,28,0.000001048108
0x2487,28,0.000001048108
0x2488,28,0.000001048108
0x2489,28,0.000001048108
0x248a,28,0.000001048108
0x248c,28,0.000001048108
0x248d,28,0.000001048108
0x248f,28,0.000001048108
0x2490,28,0.000001048108
0x2493,28,0.000001048108
0x2495,28,0.000001048108
0x2496,28,0.000001048108
0x2497,28,0.000001048108
0x2498,28,0.000001048108
0x2499,28,0.000001048108
0x249a,28,0.000001048108
0x249b,20,0.000000748649
0x249c,20,0.000000748649
0x249d,20,0.000000748649
0x249e,14,0.000000524054
0x249f,14,0.000000524054
0x24a0,6102,0.000228412672
0x24a3,6102,0.000228412672
0x24a5,6102,0.000228412672
0x24a7,6102,0.000228412672
0x24a8,3904,0.000146136197
0x24ab,3904,0.000146136197
0x24ae,3904,0.000146136197
0x24b1,3904,0.000146136197
0x24b4,3904,0.000146136197
0x24b6,3904,0.000146136197
0x24b8,3904,0.000146136197
0x24b9,976,0.000036534049
0x24c4,3049,0.000114131471
0x24c7,3049,0.000114131471
0x24c9,3049,0.000114131471
0x24cb,3049,0.000114131471
0x24ce,1952,0.000073068098
0x24d1,1952,0.000073068098
0x24d4,1952,0.000073068098
0x24d5,1952,0.000073068098
0x24d6,1952,0.000073068098
0x24d8,1952,0.000073068098
0x24db,1464,0.000054801074
0x24e0,1952,0.000073068098
0x24e3,1952,0.000073068098
0x24e5,1952,0.000073068098
0x24e6,122,0.000004566756
0x24e9,122,0.000004566756
0x24eb,122,0.000004566756
0x24ec,122,0.000004566756
0x24f2,976,0.000036534049
0x24f5,976,0.000036534049
0x24f7,976,0.000036534049
0x24f8,976,0.000036534049
0x24f9,976,0.000036534049
0x24fc,976,0.000036534049
0x24fe,976,0.000036534049
0x24ff,976,0.000036534049
0x2500,288,0.000010780539
0x2503,288,0.000010780539
0x2504,288,0.000010780539
0x2505,268,0.000010031891
0x2508,268,0.000010031891
0x2509,268,0.000010031891
0x250a,66,0.000002470540
0x250b,66,0.000002470540
0x250d,66,0.000002470540
0x250e,66,0.000002470540
0x2511,66,0.000002470540
0x2512,66,0.000002470540
0x2513,66,0.000002470540
0x2515,66,0.000002470540
0x2517,66,0.000002470540
0x2518,66,0.000002470540
0x2519,66,0.000002470540
0x251a,66,0.000002470540
0x2560,1524,0.000057047019
0x2563,1524,0.000057047019
0x2564,1524,0.000057047019
0x2566,1524,0.000057047019
0x2567,1524,0.000057047019
0x2568,1524,0.000057047019
0x2569,1524,0.000057047019
0x256a,1524,0.000057047019
0x256b,1524,0.000057047019
0x256d,1524,0.000057047019
0x256e,1524,0.000057047019
0x2570,1524,0.000057047019
0x2572,1524,0.000057047019
0x2575,1524,0.000057047019
0x2576,1524,0.000057047019
0x2577,1524,0.000057047019
0x2578,1524,0.000057047019
0x2579,1524,0.000057047019
0x257b,1524,0.000057047019
0x257c,1524,0.000057047019
0x257f,1524,0.000057047019
0x2581,1524,0.000057047019
0x2582,1524,0.000057047019
0x2585,1524,0.000057047019
0x2587,1524,0.000057047019
0x2588,12106,0.000453156967
0x2589,12106,0.000453156967
0x258c,12070,0.000451809399
0x258d,12070,0.000451809399
0x258e,12070,0.000451809399
0x2590,12070,0.000451809399
0x2591,12070,0.000451809399
0x2592,12070,0.000451809399
0x2595,1488,0.000055699452
0x2596,12106,0.000453156967
0x2597,12106,0.000453156967
0x2599,12106,0.000453156967
0x259a,10817,0.000404906568
0x259b,10817,0.000404906568
0x259c,10817,0.000404906568
0x259e,10817,0.000404906568
0x259f,10817,0.000404906568
0x25a1,10817,0.000404906568
0x25a2,10237,0.000383195760
0x25a3,10237,0.000383195760
0x25a4,10237,0.000383195760
0x25a5,10237,0.000383195760
0x25a6,6765,0.000253230372
0x25a7,6765,0.000253230372
0x25a8,1594,0.000059667289
0x25a9,1594,0.000059667289
0x25aa,1594,0.000059667289
0x25ab,1594,0.000059667289
0x25ac,1572,0.000058843776
0x25ae,1572,0.000058843776
0x25af,36,0.000001347567
0x25b0,36,0.000001347567
0x25b1,36,0.000001347567
0x25b2,36,0.000001347567
0x25b3,36,0.000001347567
0x25b4,36,0.000001347567
0x25b5,36,0.000001347567
0x25b6,36,0.000001347567
0x25b7,162,0.000006064053
0x25ba,162,0.000006064053
0x25bc,162,0.000006064053
0x25be,162,0.000006064053
0x25ca,162,0.000006064053
0x25cd,369,0.000013812566
0x25ce,369,0.000013812566
0x25d0,369,0.000013812566
0x25d3,271,0.000010144188
0x25d4,271,0.000010144188
0x25d6,271,0.000010144188
0x25d7,271,0.000010144188
0x25d8,271,0.000010144188
0x25db,64,0.000002395675
0x25dc,64,0.000002395675
0x25dd,64,0.000002395675
0x25e0,98,0.000003668378
0x25e1,98,0.000003668378
0x25e3,98,0.000003668378
0x25e4,98,0.000003668378
0x25e5,98,0.000003668378
0x25e7,98,0.000003668378
0x25e8,98,0.000003668378
0x25ea,98,0.000003668378
0x25eb,98,0.000003668378
0x25ec,98,0.000003668378
0x25ed,98,0.000003668378
0x25ef,98,0.000003668378
0x25f0,98,0.000003668378
0x25f1,98,0.000003668378
0x25f3,98,0.000003668378
0x25f4,98,0.000003668378
0x25f6,98,0.000003668378
0x25f7,98,0.000003668378
0x25f8,98,0.000003668378
0x25f9,98,0.000003668378
0x25fa,98,0.000003668378
0x25fb,98,0.000003668378
0x25fc,98,0.000003668378
0x25fd,98,0.000003668378
0x2600,1725,0.000064570937
0x2601,1725,0.000064570937
0x2602,1725,0.000064570937
0x2603,1725,0.000064570937
0x2604,1725,0.000064570937
0x2605,1725,0.000064570937
0x2608,1725,0.000064570937
0x2609,1725,0.000064570937
0x260a,1725,0.000064570937
0x260b,1725,0.000064570937
0x260c,1725,0.000064570937
0x260e,1725,0.000064570937
0x2611,1725,0.000064570937
0x2612,1725,0.000064570937
0x2613,1725,0.000064570937
0x2616,1725,0.000064570937
0x2617,1725,0.000064570937
0x261a,967,0.000036197157
0x261d,967,0.000036197157
0x261e,967,0.000036197157
0x2620,967,0.000036197157
0x2621,967,0.000036197157
0x2624,967,0.000036197157
0x2625,967,0.000036197157
0x2626,967,0.000036197157
0x2628,967,0.000036197157
0x2629,967,0.000036197157
0x262b,967,0.000036197157
0x262c,967,0.000036197157
0x262e,967,0.000036197157
0x262f,967,0.000036197157
0x2630,967,0.000036197157
0x2631,967,0.000036197157
0x2633,967,0.000036197157
0x2634,967,0.000036197157
0x2635,967,0.000036197157
0x2638,967,0.000036197157
0x2639,1725,0.000064570937
0x263c,1725,0.000064570937
0x263f,1725,0.000064570937
0x2642,1725,0.000064570937
0x2643,1725,0.000064570937
0x2646,863,0.000032304185
0x2649,863,0.000032304185
0x2650,758,0.000028373780
0x2651,758,0.000028373780
0x2654,758,0.000028373780
0x2655,758,0.000028373780
0x2656,758,0.000028373780
0x2658,758,0.000028373780
0x2659,758,0.000028373780
0x265b,758,0.000028373780
0x265c,758,0.000028373780
0x265e,758,0.000028373780
0x2661,758,0.000028373780
0x2662,758,0.000028373780
0x2668,863,0.000032304185
0x266b,863,0.000032304185
0x266c,863,0.000032304185
0x266d,863,0.000032304185
0x2670,863,0.000032304185
0x2672,863,0.000032304185
0x2676,863,0.000032304185
0x2678,863,0.000032304185
0x267c,863,0.000032304185
0x267f,863,0.000032304185
0x2681,863,0.000032304185
0x2684,863,0.000032304185
0x2685,863,0.000032304185
0x2688,863,0.000032304185
0x268a,863,0.000032304185
0x268b,863,0.000032304185
0x268d,863,0.000032304185
0x268e,863,0.000032304185
0x268f,863,0.000032304185
0x2692,860,0.000032191888
0x2693,863,0.000032304185
0x2694,863,0.000032304185
0x2697,863,0.000032304185
0x2699,863,0.000032304185
0x269d,863,0.000032304185
0x269f,863,0.000032304185
0x26a3,863,0.000032304185
0x26a4,863,0.000032304185
0x26a7,863,0.000032304185
0x26aa,863,0.000032304185
0x26ad,863,0.000032304185
0x26ae,863,0.000032304185
0x26af,863,0.000032304185
0x26b0,863,0.000032304185
0x26b1,169,0.000006326080
0x26b2,169,0.000006326080
0x26b4,169,0.000006326080
0x26b5,169,0.000006326080
0x26b7,169,0.000006326080
0x26b8,169,0.000006326080
0x26ba,169,0.000006326080
0x26bb,28,0.000001048108
0x26bc,28,0.000001048108
0x26bd,28,0.000001048108
0x26be,28,0.000001048108
0x26bf,28,0.000001048108
0x26c2,28,0.000001048108
0x26c4,28,0.000001048108
0x26c6,28,0.000001048108
0x26c7,28,0.000001048108
0x26c8,28,0.000001048108
0x26ca,28,0.000001048108
0x26cb,28,0.000001048108
0x26cc,28,0.000001048108
0x26d0,862,0.000032266752
0x26d3,862,0.000032266752
0x26d6,862,0.000032266752
0x26d9,6896,0.000258134020
0x26da,6896,0.000258134020
0x26db,6896,0.000258134020
0x26de,5561,0.000208161729
0x26df,5561,0.000208161729
0x26e0,5561,0.000208161729
0x26e3,862,0.000032266752
0x26e4,5561,0.000208161729
0x26e5,6896,0.000258134020
0x26e6,6896,0.000258134020
0x26e7,6896,0.000258134020
0x26e8,6896,0.000258134020
0x26e9,6896,0.000258134020
0x26eb,6896,0.000258134020
0x26ee,862,0.000032266752
0x26f1,862,0.000032266752
0x26f2,862,0.000032266752
0x26f3,862,0.000032266752
0x26f5,862,0.000032266752
0x26f8,862,0.000032266752
0x26f9,862,0.000032266752
0x26fa,862,0.000032266752
0x26fd,862,0.000032266752
0x2700,1997,0.000074752558
0x2703,1997,0.000074752558
0x2704,1997,0.000074752558
0x2705,1997,0.000074752558
0x2706,1996,0.000074715125
0x2707,1996,0.000074715125
0x2708,1996,0.000074715125
0x270a,1996,0.000074715125
0x270b,1996,0.000074715125
0x270c,1996,0.000074715125
0x270e,1996,0.000074715125
0x270f,1996,0.000074715125
0x2711,1996,0.000074715125
0x2714,1996,0.000074715125
0x2717,7984,0.000298860501
0x271a,7984,0.000298860501
0x271b,7984,0.000298860501
0x271c,7984,0.000298860501
0x271d,7984,0.000298860501
0x271e,7984,0.000298860501
0x2720,7984,0.000298860501
0x2723,1996,0.000074715125
0x2725,1996,0.000074715125
0x2728,1996,0.000074715125
0x272a,1996,0.000074715125
0x2739,1996,0.000074715125
0x273c,1996,0.000074715125
0x273d,1996,0.000074715125
0x2740,1996,0.000074715125
0x2743,1996,0.000074715125
0x2748,7984,0.000298860501
0x2749,7984,0.000298860501
0x274a,7984,0.000298860501
0x274c,7984,0.000298860501
0x274d,24,0.000000898378
0x274e,24,0.000000898378
0x274f,24,0.000000898378
0x2750,12,0.000000449189
0x2751,12,0.000000449189
0x2752,12,0.000000449189
0x2753,12,0.000000449189
0x2754,12,0.000000449189
0x2755,12,0.000000449189
0x2757,12,0.000000449189
0x2758,12,0.000000449189
0x2759,12,0.000000449189
0x275b,12,0.000000449189
0x275c,12,0.000000449189
0x275f,12,0.000000449189
0x2760,12,0.000000449189
0x2761,12,0.000000449189
0x2764,12,0.000000449189
0x2768,12,0.000000449189
0x2769,12,0.000000449189
0x276c,12,0.000000449189
0x276e,12,0.000000449189
0x2771,12,0.000000449189
0x2772,12,0.000000449189
0x2778,12,0.000000449189
0x277b,12,0.000000449189
0x277c,12,0.000000449189
0x277f,12,0.000000449189
0x2780,12,0.000000449189
0x2781,12,0.000000449189
0x2782,12,0.000000449189
0x2783,12,0.000000449189
0x2784,12,0.000000449189
0x2785,12,0.000000449189
0x2786,12,0.000000449189
0x2789,12,0.000000449189
0x27a8,1996,0.000074715125
0x27ab,1996,0.000074715125
0x27ac,1996,0.000074715125
0x27af,1996,0.000074715125
0x27b0,1996,0.000074715125
0x27b1,1996,0.000074715125
0x27b4,1996,0.000074715125
0x27b6,1996,0.000074715125
0x27b7,1996,0.000074715125
0x27b8,1996,0.000074715125
0x27ba,1996,0.000074715125
0x27bd,1612,0.000060341073
0x27c0,1612,0.000060341073
0x27c1,1612,0.000060341073
0x27c2,1612,0.000060341073
0x27c5,1564,0.000058544317
0x27c7,1564,0.000058544317
0x27c8,1564,0.000058544317
0x27c9,1564,0.000058544317
0x27ca,575,0.000021523646
0x27cc,575,0.000021523646
0x27cf,552,0.000020662700
0x27d0,552,0.000020662700
0x27d2,552,0.000020662700
0x27d3,552,0.000020662700
0x27d5,552,0.000020662700
0x27d6,552,0.000020662700
0x27d8,23,0.000000860946
0x27da,23,0.000000860946
0x27dc,23,0.000000860946
0x27dd,23,0.000000860946
0x27df,23,0.000000860946
0x27e0,23,0.000000860946
0x27e2,48,0.000001796757
0x27e4,48,0.000001796757
0x27e9,48,0.000001796757
0x27ea,48,0.000001796757
0x27ec,48,0.000001796757
0x27ee,48,0.000001796757
0x3000,1529,0.000057234182
0x3003,1529,0.000057234182
0x3004,1529,0.000057234182
0x3005,1529,0.000057234182
0x3007,1529,0.000057234182
0x300a,1529,0.000057234182
0x300b,1529,0.000057234182
0x300c,1529,0.000057234182
0x300d,1529,0.000057234182
0x300e,1529,0.000057234182
0x300f,1529,0.000057234182
0x3010,1529,0.000057234182
0x3011,1529,0.000057234182
0x3012,189,0.000007074729
0x3028,194,0.000007261891
0x302b,194,0.000007261891
0x302c,194,0.000007261891
0x302e,194,0.000007261891
0x302f,194,0.000007261891
0x3031,194,0.000007261891
0x3032,194,0.000007261891
0x3034,194,0.000007261891
0x3035,172,0.000006438378
0x3037,172,0.000006438378
0x3038,172,0.000006438378
0x3039,172,0.000006438378
0x303c,162,0.000006064053
0x303d,162,0.000006064053
0x303e,2,0.000000074865
0x303f,2,0.000000074865
0x3040,2,0.000000074865
0x3042,2,0.000000074865
0x3044,2,0.000000074865
0x3046,2,0.000000074865
0x3048,2,0.000000074865
0x3049,2,0.000000074865
0x304b,2,0.000000074865
0x304d,2,0.000000074865
0x304f,2,0.000000074865
0x3050,2,0.000000074865
0x3052,2,0.000000074865
0x3055,2,0.000000074865
0x3056,2,0.000000074865
0x3057,2,0.000000074865
0x3059,2,0.000000074865
0x305c,10,0.000000374324
0x305f,10,0.000000374324
0x3062,10,0.000000374324
0x3063,10,0.000000374324
0x3064,10,0.000000374324
0x3065,10,0.000000374324
0x3066,10,0.000000374324
0x3067,10,0.000000374324
0x3068,10,0.000000374324
0x306a,10,0.000000374324
0x306c,10,0.000000374324
0x306d,10,0.000000374324
0x3074,44,0.000001647027
0x3077,44,0.000001647027
0x3078,44,0.000001647027
0x3079,44,0.000001647027
0x307a,44,0.000001647027
0x307c,44,0.000001647027
0x307d,44,0.000001647027
0x307f,44,0.000001647027
0x3080,44,0.000001647027
0x3081,44,0.000001647027
0x3082,44,0.000001647027
0x3084,44,0.000001647027
0x3089,44,0.000001647027
0x308a,44,0.000001647027
0x308b,44,0.000001647027
0x308c,44,0.000001647027
0x308d,44,0.000001647027
0x308f,44,0.000001647027
0x3090,44,0.000001647027
0x3092,44,0.000001647027
0x3093,44,0.000001647027
0x3094,44,0.000001647027
0x3095,44,0.000001647027
0x3098,44,0.000001647027
0x309a,44,0.000001647027
0x309f,44,0.000001647027
0x30a0,44,0.000001647027
0x30a1,44,0.000001647027
0x30a4,44,0.000001647027
0x30a6,44,0.000001647027
0x30a7,44,0.000001647027
0x30a8,44,0.000001647027
0x30aa,2853,0.000106794716
0x30ad,2853,0.000106794716
0x30ae,2853,0.000106794716
0x30af,2853,0.000106794716
0x30b0,2853,0.000106794716
0x30b1,2853,0.000106794716
0x30b3,2853,0.000106794716
0x30b5,2853,0.000106794716
0x30b6,2853,0.000106794716
0x30b8,2853,0.000106794716
0x30ba,191,0.000007149594
0x30bd,191,0.000007149594
0x30c0,191,0.000007149594
0x30c3,191,0.000007149594
0x30c6,191,0.000007149594
0x30c8,191,0.000007149594
0x30c9,191,0.000007149594
0x30ca,191,0.000007149594
0x30cb,137,0.000005128243
0x30cd,137,0.000005128243
0x30ce,137,0.000005128243
0x30cf,137,0.000005128243
0x30d2,103,0.000003855540
0x30d3,103,0.000003855540
0x30d4,26,0.000000973243
0x30d6,26,0.000000973243
0x30d8,26,0.000000973243
0x30da,573,0.000021448781
0x30db,573,0.000021448781
0x30dc,573,0.000021448781
0x30dd,573,0.000021448781
0x30de,279,0.000010443647
0x30df,279,0.000010443647
0x30e4,34,0.000001272703
0x30e7,34,0.000001272703
0x30ea,34,0.000001272703
0x30eb,34,0.000001272703
0x30ed,34,0.000001272703
0x30f2,34,0.000001272703
0x30f3,34,0.000001272703
0x30f5,34,0.000001272703
0x30f6,34,0.000001272703
0x30f7,34,0.000001272703
0x30f8,34,0.000001272703
0x30fa,34,0.000001272703
0x30fc,34,0.000001272703
0x30ff,34,0.000001272703
0x3102,34,0.000001272703
0x3105,34,0.000001272703
0x3106,34,0.000001272703
0x3107,34,0.000001272703
0x3108,34,0.000001272703
0x310a,34,0.000001272703
0x310c,34,0.000001272703
0x310e,34,0.000001272703
0x310f,34,0.000001272703
0x3112,102,0.000003818108
0x3113,102,0.000003818108
0x3114,102,0.000003818108
0x3115,102,0.000003818108
0x3116,66,0.000002470540
0x3117,66,0.000002470540
0x3118,66,0.000002470540
0x311a,66,0.000002470540
0x311b,66,0.000002470540
0x311c,66,0.000002470540
0x311d,66,0.000002470540
0x311e,34,0.000001272703
0x311f,34,0.000001272703
0x3121,34,0.000001272703
0x3124,191,0.000007149594
0x3127,191,0.000007149594
0x3128,191,0.000007149594
0x312a,191,0.000007149594
0x312b,26,0.000000973243
0x312d,26,0.000000973243
0x312f,26,0.000000973243
0x3130,26,0.000000973243
0x3131,26,0.000000973243
0x3132,26,0.000000973243
0x3134,26,0.000000973243
0x3136,26,0.000000973243
0x3138,26,0.000000973243
0x313d,26,0.000000973243
0x313f,26,0.000000973243
0x3140,26,0.000000973243
0x3141,26,0.000000973243
0x3144,26,0.000000973243
0x3145,26,0.000000973243
0x3146,26,0.000000973243
0x3149,20,0.000000748649
0x314b,26,0.000000973243
0x314d,26,0.000000973243
0x314e,26,0.000000973243
0x315a,191,0.000007149594
0x315d,191,0.000007149594
0x315e,191,0.000007149594
0x3160,191,0.000007149594
0x3161,56,0.000002096216
0x3164,56,0.000002096216
0x3165,56,0.000002096216
0x3166,56,0.000002096216
0x3167,56,0.000002096216
0x3169,56,0.000002096216
0x316a,56,0.000002096216
0x316c,56,0.000002096216
0x316d,56,0.000002096216
0x316e,56,0.000002096216
0x316f,56,0.000002096216
0x3171,56,0.000002096216
0x3172,56,0.000002096216
0x3174,56,0.000002096216
0x3176,56,0.000002096216
0x3177,56,0.000002096216
0x3178,56,0.000002096216
0x3179,529,0.000019801754
0x317c,503,0.000018828511
0x317d,503,0.000018828511
0x317e,503,0.000018828511
0x317f,503,0.000018828511
0x3180,503,0.000018828511
0x3181,503,0.000018828511
0x3182,503,0.000018828511
0x3183,503,0.000018828511
0x3186,31,0.000001160405
0x3188,31,0.000001160405
0x318a,503,0.000018828511
0x318b,503,0.000018828511
0x318e,30,0.000001122973
0x3192,529,0.000019801754
0x3193,529,0.000019801754
0x3195,529,0.000019801754
0x3196,492,0.000018416754
0x3199,492,0.000018416754
0x319a,492,0.000018416754
0x319b,26,0.000000973243
0x319e,26,0.000000973243
0x319f,26,0.000000973243
0x31a0,26,0.000000973243
0x31a1,26,0.000000973243
0x31a2,26,0.000000973243
0x31a3,26,0.000000973243
0x31a4,26,0.000000973243
0x31a7,26,0.000000973243
0x31a9,26,0.000000973243
0x31ac,26,0.000000973243
0x31ad,26,0.000000973243
0x31b4,189,0.000007074729
0x31b7,189,0.000007074729
0x31b9,189,0.000007074729
0x31ba,26,0.000000973243
0x31bd,26,0.000000973243
0x31bf,26,0.000000973243
0x31c0,26,0.000000973243
0x31c2,26,0.000000973243
0x31c3,26,0.000000973243
0x31c5,26,0.000000973243
0x31c6,26,0.000000973243
0x31c7,26,0.000000973243
0x31c8,26,0.000000973243
0x31cb,26,0.000000973243
0x31cd,26,0.000000973243
0x31ce,26,0.000000973243
0x31d1,12,0.000000449189
0x31d2,12,0.000000449189
0x31d3,12,0.000000449189
0x31d4,12,0.000000449189
0x31d6,26,0.000000973243
0x31d7,26,0.000000973243
0x31d8,26,0.000000973243
0x31d9,26,0.000000973243
0x31da,26,0.000000973243
0x31dc,26,0.000000973243
0x31de,26,0.000000973243
0x31df,26,0.000000973243
0x31e1,26,0.000000973243
0x31e2,26,0.000000973243
0x31e3,26,0.000000973243
0x31e4,26,0.000000973243
0x31e5,26,0.000000973243
0x31e6,26,0.000000973243
0x31e7,26,0.000000973243
0x31e8,26,0.000000973243
0x31e9,26,0.000000973243
0x31ec,26,0.000000973243
0x31ed,26,0.000000973243
0x31f0,26,0.000000973243
0x31f1,26,0.000000973243
0x31f2,26,0.000000973243
0x31f4,26,0.000000973243
0x31f5,26,0.000000973243
0x31f7,26,0.000000973243
0x31f8,26,0.000000973243
0x31fb,26,0.000000973243
0x31fd,26,0.000000973243
0x31fe,26,0.000000973243
0x31ff,26,0.000000973243
0x3201,26,0.000000973243
0x3202,26,0.000000973243
0x3203,26,0.000000973243
0x3204,26,0.000000973243
0x3207,26,0.000000973243
0x3209,26,0.000000973243
0x320a,26,0.000000973243
0x320b,26,0.000000973243
0x320c,26,0.000000973243
0x320d,26,0.000000973243
0x3210,26,0.000000973243
0x3213,26,0.000000973243
0x3215,26,0.000000973243
0x3216,22,0.000000823513
0x3217,22,0.000000823513
0x3219,22,0.000000823513
0x321b,22,0.000000823513
0x322c,189,0.000007074729
0x322f,189,0.000007074729
0x3231,189,0.000007074729
0x3232,24,0.000000898378
0x3235,24,0.000000898378
0x3238,24,0.000000898378
0x323b,24,0.000000898378
0x323c,24,0.000000898378
0x323f,24,0.000000898378
0x3240,220,0.000008235134
0x3241,220,0.000008235134
0x3243,220,0.000008235134
0x3246,210,0.000007860810
0x3247,210,0.000007860810
0x3248,210,0.000007860810
0x3249,188,0.000007037296
0x324a,188,0.000007037296
0x324b,188,0.000007037296
0x324c,188,0.000007037296
0x324d,188,0.000007037296
0x324e,198,0.000007411621
0x324f,198,0.000007411621
0x3250,198,0.000007411621
0x3251,198,0.000007411621
0x3253,198,0.000007411621
0x3254,198,0.000007411621
0x3256,198,0.000007411621
0x3259,2,0.000000074865
0x325b,2,0.000000074865
0x325e,2,0.000000074865
0x3264,195,0.000007299323
0x3267,195,0.000007299323
0x3268,195,0.000007299323
0x326b,195,0.000007299323
0x326c,195,0.000007299323
0x326e,195,0.000007299323
0x326f,195,0.000007299323
0x3271,195,0.000007299323
0x3272,195,0.000007299323
0x3274,195,0.000007299323
0x3275,28,0.000001048108
0x3277,28,0.000001048108
0x3279,28,0.000001048108
0x327a,28,0.000001048108
0x327b,28,0.000001048108
0x327c,28,0.000001048108
0x327e,28,0.000001048108
0x3281,28,0.000001048108
0x3282,28,0.000001048108
0x3285,28,0.000001048108
0x3286,28,0.000001048108
0x3287,28,0.000001048108
0x3289,28,0.000001048108
0x328a,28,0.000001048108
0x328b,28,0.000001048108
0x328d,28,0.000001048108
0x328e,28,0.000001048108
0x328f,70,0.000002620270
0x3290,70,0.000002620270
0x3291,70,0.000002620270
0x3292,70,0.000002620270
0x3295,66,0.000002470540
0x3296,66,0.000002470540
0x3297,66,0.000002470540
0x329a,66,0.000002470540
0x329b,66,0.000002470540
0x329e,66,0.000002470540
0x329f,66,0.000002470540
0x32a0,66,0.000002470540
0x32a3,66,0.000002470540
0x32a4,70,0.000002620270
0x32a5,70,0.000002620270
0x32a6,70,0.000002620270
0x32a9,2,0.000000074865
0x32ab,70,0.000002620270
0x32ac,70,0.000002620270
0x32af,28,0.000001048108
0x32b0,24,0.000000898378
0x32b3,24,0.000000898378
0x32b5,24,0.000000898378
0x32b8,24,0.000000898378
0x32ba,24,0.000000898378
0x32bc,24,0.000000898378
0x32bf,24,0.000000898378
0x32c2,24,0.000000898378
0x32c3,24,0.000000898378
0x32c4,6,0.000000224595
0x32c5,6,0.000000224595
0x32c6,6,0.000000224595
0x32c7,6,0.000000224595
0x32c8,6,0.000000224595
0x32cb,6,0.000000224595
0x32cd,6,0.000000224595
0x32d0,6,0.000000224595
0x32d2,6,0.000000224595
0x32d4,6,0.000000224595
0x32d6,6,0.000000224595
0x32d7,6,0.000000224595
0x32d9,6,0.000000224595
0x32da,6,0.000000224595
0x32dc,6,0.000000224595
0x32dd,6,0.000000224595
0x32de,6,0.000000224595
0x32e1,6,0.000000224595
0x32e2,6,0.000000224595
0x32e3,6,0.000000224595
0x3400,1725,0.000064570937
0x3403,1725,0.000064570937
0x3406,1725,0.000064570937
0x3409,1725,0.000064570937
0x340c,1725,0.000064570937
0x340f,1725,0.000064570937
0x3412,1725,0.000064570937
0x3413,1725,0.000064570937
0x3416,1725,0.000064570937
0x3418,1725,0.000064570937
0x3438,1725,0.000064570937
0x343b,1725,0.000064570937
0x343c,1725,0.000064570937
0x343f,862,0.000032266752
0x3442,862,0.000032266752
0x3445,862,0.000032266752
0x3448,862,0.000032266752
0x344b,862,0.000032266752
0x3452,863,0.000032304185
0x3455,863,0.000032304185
0x3458,863,0.000032304185
0x345b,863,0.000032304185
0x3474,862,0.000032266752
0x3477,3448,0.000129067010
0x3478,3448,0.000129067010
0x347b,3448,0.000129067010
0x347c,3448,0.000129067010
0x347d,3448,0.000129067010
0x347f,3448,0.000129067010
0x3480,3448,0.000129067010
0x3482,3448,0.000129067010
0x3485,862,0.000032266752
0x3486,863,0.000032304185
0x3489,3452,0.000129216740
0x348a,3452,0.000129216740
0x348d,3452,0.000129216740
0x348e,3452,0.000129216740
0x348f,3452,0.000129216740
0x3491,3452,0.000129216740
0x3492,3452,0.000129216740
0x3494,3452,0.000129216740
0x3497,863,0.000032304185
0x3498,862,0.000032266752
0x349b,3448,0.000129067010
0x349c,3448,0.000129067010
0x349f,3448,0.000129067010
0x34a0,3448,0.000129067010
0x34a1,3448,0.000129067010
0x34a3,3448,0.000129067010
0x34a4,3448,0.000129067010
0x34a6,3448,0.000129067010
0x34a9,862,0.000032266752
0x34aa,863,0.000032304185
0x34ad,3452,0.000129216740
0x34ae,3452,0.000129216740
0x34b1,3452,0.000129216740
0x34b2,3452,0.000129216740
0x34b3,3452,0.000129216740
0x34b5,3452,0.000129216740
0x34b6,3452,0.000129216740
0x34b8,3452,0.000129216740
0x34bb,863,0.000032304185
0x34c0,7428,0.000278048071
0x34c1,7428,0.000278048071
0x34c2,7428,0.000278048071
0x34c3,6095,0.000228150645
0x34c4,6095,0.000228150645
0x34c6,6095,0.000228150645
0x34c7,6095,0.000228150645
0x34c9,6095,0.000228150645
0x34ca,6095,0.000228150645
0x34cb,6095,0.000228150645
0x34cc,6095,0.000228150645
0x34cd,6095,0.000228150645
0x34ce,6095,0.000228150645
0x34cf,6095,0.000228150645
0x34d0,6095,0.000228150645
0x34d1,6095,0.000228150645
0x34d2,6095,0.000228150645
0x34d3,6095,0.000228150645
0x34d4,6095,0.000228150645
0x34d5,6095,0.000228150645
0x34d7,6095,0.000228150645
0x34d8,6095,0.000228150645
0x34da,6095,0.000228150645
0x34db,6095,0.000228150645
0x34dc,6095,0.000228150645
0x34dd,6095,0.000228150645
0x34de,6104,0.000228487537
0x34df,6104,0.000228487537
0x34e1,6104,0.000228487537
0x34e4,682,0.000025528916
0x34e5,682,0.000025528916
0x34e7,682,0.000025528916
0x34ea,257,0.000009620134
0x34ec,257,0.000009620134
0x34ed,257,0.000009620134
0x34ee,257,0.000009620134
0x34f0,257,0.000009620134
0x34f1,257,0.000009620134
0x34f3,257,0.000009620134
0x34f6,112,0.000004192432
0x34f8,112,0.000004192432
0x34f9,112,0.000004192432
0x34fa,112,0.000004192432
0x34fc,112,0.000004192432
0x34fd,112,0.000004192432
0x34ff,112,0.000004192432
0x3509,257,0.000009620134
0x350a,257,0.000009620134
0x350b,257,0.000009620134
0x350c,6104,0.000228487537
0x350e,6104,0.000228487537
0x350f,6104,0.000228487537
0x3512,6104,0.000228487537
0x3513,6104,0.000228487537
0x3515,6104,0.000228487537
0x3516,6104,0.000228487537
0x3518,6104,0.000228487537
0x3519,6104,0.000228487537
0x3520,35,0.000001310135
0x3521,35,0.000001310135
0x3522,35,0.000001310135
0x3523,35,0.000001310135
0x3524,35,0.000001310135
0x3525,35,0.000001310135
0x3526,35,0.000001310135
0x3527,35,0.000001310135
0x3528,1676,0.000062736748
0x3529,1676,0.000062736748
0x352a,1676,0.000062736748
0x352b,1676,0.000062736748
0x352c,1676,0.000062736748
0x352d,1676,0.000062736748
0x352e,1676,0.000062736748
0x352f,1676,0.000062736748
0x3530,2056,0.000076961071
0x3531,2056,0.000076961071
0x3532,2056,0.000076961071
0x3533,2056,0.000076961071
0x3534,2056,0.000076961071
0x3535,2056,0.000076961071
0x3536,2056,0.000076961071
0x3537,2056,0.000076961071
0x3538,2459,0.000092046339
0x3539,2459,0.000092046339
0x353a,2459,0.000092046339
0x353b,2459,0.000092046339
0x353c,2459,0.000092046339
0x353d,2459,0.000092046339
0x353e,2459,0.000092046339
0x353f,2459,0.000092046339
0x3540,6063,0.000226952808
0x3541,6063,0.000226952808
0x3542,6063,0.000226952808
0x3543,6063,0.000226952808
0x3544,6063,0.000226952808
0x3545,6063,0.000226952808
0x3546,6063,0.000226952808
0x3547,6063,0.000226952808
0x3548,6615,0.000247615508
0x3549,6615,0.000247615508
0x354a,6615,0.000247615508
0x354b,6615,0.000247615508
0x354c,6615,0.000247615508
0x354d,6615,0.000247615508
0x354e,6615,0.000247615508
0x354f,6615,0.000247615508
0x3550,6663,0.000249412264
0x3551,6663,0.000249412264
0x3552,6663,0.000249412264
0x3553,6663,0.000249412264
0x3554,6663,0.000249412264
0x3555,6663,0.000249412264
0x3556,6663,0.000249412264
0x3557,6663,0.000249412264
0x3558,6663,0.000249412264
0x355a,6663,0.000249412264
0x355b,6663,0.000249412264
0x355d,6663,0.000249412264
0x3560,1725,0.000064570937
0x3563,1725,0.000064570937
0x3564,1725,0.000064570937
0x3565,1725,0.000064570937
0x3566,1725,0.000064570937
0x3567,1725,0.000064570937
0x3568,1725,0.000064570937
0x3569,1725,0.000064570937
0x356a,1725,0.000064570937
0x356d,1725,0.000064570937
0x3570,1725,0.000064570937
0x3572,1725,0.000064570937
0x3577,1725,0.000064570937
0x3579,1725,0.000064570937
0x357a,1725,0.000064570937
0x357b,1725,0.000064570937
0x357e,1725,0.000064570937
0x357f,1725,0.000064570937
0x3581,1725,0.000064570937
0x3584,1725,0.000064570937
0x3586,1725,0.000064570937
0x3587,1725,0.000064570937
0x3588,1725,0.000064570937
0x3589,1725,0.000064570937
0x358c,1725,0.000064570937
0x358d,1725,0.000064570937
0x358e,1725,0.000064570937
0x3590,1725,0.000064570937
0x3591,1725,0.000064570937
0x3593,1725,0.000064570937
0x3594,1725,0.000064570937
0x3596,1725,0.000064570937
0x3597,1725,0.000064570937
0x359a,1725,0.000064570937
0x359b,1725,0.000064570937
0x359c,1725,0.000064570937
0x359d,1725,0.000064570937
0x359f,1725,0.000064570937
0x35a2,1725,0.000064570937
0x35b0,6900,0.000258283749
0x35b1,6900,0.000258283749
0x35b2,6900,0.000258283749
0x35b3,5567,0.000208386324
0x35b4,5567,0.000208386324
0x35b5,5567,0.000208386324
0x35b6,5567,0.000208386324
0x35b7,5567,0.000208386324
0x35b8,5567,0.000208386324
0x35b9,5567,0.000208386324
0x35ba,5567,0.000208386324
0x35bd,4965,0.000185852002
0x35be,5567,0.000208386324
0x35bf,5567,0.000208386324
0x35c0,5567,0.000208386324
0x35c1,5567,0.000208386324
0x35c2,5567,0.000208386324
0x35c3,5567,0.000208386324
0x35c4,5567,0.000208386324
0x35c5,5567,0.000208386324
0x35c7,5567,0.000208386324
0x35c8,5567,0.000208386324
0x35c9,5567,0.000208386324
0x35ca,5567,0.000208386324
0x35cb,5567,0.000208386324
0x35cc,5567,0.000208386324
0x35cd,5567,0.000208386324
0x35ce,5567,0.000208386324
0x35cf,5567,0.000208386324
0x35d0,5567,0.000208386324
0x35d1,5567,0.000208386324
0x35d2,5567,0.000208386324
0x35d3,5567,0.000208386324
0x35d4,5567,0.000208386324
0x35d5,5567,0.000208386324
0x35d6,5567,0.000208386324
0x35d7,5567,0.000208386324
0x35d8,5567,0.000208386324
0x35d9,5567,0.000208386324
0x35da,5567,0.000208386324
0x35db,5567,0.000208386324
0x35e0,4079,0.000152686872
0x35e1,4079,0.000152686872
0x35e2,4079,0.000152686872
0x35e3,4079,0.000152686872
0x35e5,4079,0.000152686872
0x35e8,2134,0.000079880800
0x35e9,2134,0.000079880800
0x35ea,2134,0.000079880800
0x35eb,2134,0.000079880800
0x35ec,2134,0.000079880800
0x35ed,2134,0.000079880800
0x35ee,2134,0.000079880800
0x35ef,2134,0.000079880800
0x35f0,2134,0.000079880800
0x35f1,2134,0.000079880800
0x35f3,2134,0.000079880800
0x35f6,614,0.000022983510
0x35f8,614,0.000022983510
0x35f9,614,0.000022983510
0x35fa,614,0.000022983510
0x35fb,614,0.000022983510
0x35fd,614,0.000022983510
0x35fe,614,0.000022983510
0x3601,81,0.000003032027
0x3602,81,0.000003032027
0x3603,81,0.000003032027
0x3604,614,0.000022983510
0x3605,614,0.000022983510
0x3606,614,0.000022983510
0x3607,614,0.000022983510
0x3608,614,0.000022983510
0x3609,614,0.000022983510
0x360a,614,0.000022983510
0x360b,614,0.000022983510
0x360c,614,0.000022983510
0x360e,614,0.000022983510
0x360f,614,0.000022983510
0x3612,564,0.000021111889
0x3613,564,0.000021111889
0x3614,564,0.000021111889
0x3615,564,0.000021111889
0x3616,564,0.000021111889
0x3618,564,0.000021111889
0x3619,564,0.000021111889
0x361a,564,0.000021111889
0x361b,564,0.000021111889
0x361c,379,0.000014186890
0x361f,379,0.000014186890
0x3620,379,0.000014186890
0x3621,379,0.000014186890
0x3622,138,0.000005165675
0x3623,138,0.000005165675
0x3624,138,0.000005165675
0x3628,1945,0.000072806071
0x362a,1945,0.000072806071
0x362d,1897,0.000071009315
0x362e,1897,0.000071009315
0x362f,1897,0.000071009315
0x3630,1897,0.000071009315
0x3631,1897,0.000071009315
0x3632,1897,0.000071009315
0x3633,1897,0.000071009315
0x3634,1897,0.000071009315
0x3635,1897,0.000071009315
0x3636,1897,0.000071009315
0x3637,1897,0.000071009315
0x363a,593,0.000022197429
0x363c,593,0.000022197429
0x363d,593,0.000022197429
0x363e,593,0.000022197429
0x363f,593,0.000022197429
0x3641,593,0.000022197429
0x3642,593,0.000022197429
0x3645,80,0.000002994594
0x3646,80,0.000002994594
0x3647,80,0.000002994594
0x3648,593,0.000022197429
0x3649,593,0.000022197429
0x364a,593,0.000022197429
0x364b,593,0.000022197429
0x364c,593,0.000022197429
0x364d,593,0.000022197429
0x364e,593,0.000022197429
0x364f,593,0.000022197429
0x3650,593,0.000022197429
0x3651,593,0.000022197429
0x3652,593,0.000022197429
0x3654,593,0.000022197429
0x3655,593,0.000022197429
0x3656,593,0.000022197429
0x3657,593,0.000022197429
0x365a,462,0.000017293781
0x365d,462,0.000017293781
0x365e,462,0.000017293781
0x3661,125,0.000004679053
0x3662,125,0.000004679053
0x3663,593,0.000022197429
0x3665,593,0.000022197429
0x3666,593,0.000022197429
0x366a,1520,0.000056897290
0x366b,1520,0.000056897290
0x366c,1520,0.000056897290
0x366d,53,0.000001983919
0x366e,53,0.000001983919
0x366f,53,0.000001983919
0x3670,53,0.000001983919
0x3671,53,0.000001983919
0x3672,50,0.000001871621
0x3673,50,0.000001871621
0x3674,50,0.000001871621
0x3675,50,0.000001871621
0x3676,50,0.000001871621
0x3679,50,0.000001871621
0x367b,50,0.000001871621
0x367c,50,0.000001871621
0x367f,50,0.000001871621
0x3680,50,0.000001871621
0x3683,50,0.000001871621
0x3684,50,0.000001871621
0x3686,50,0.000001871621
0x3689,50,0.000001871621
0x368a,50,0.000001871621
0x368b,50,0.000001871621
0x368d,50,0.000001871621
0x368e,47,0.000001759324
0x3690,47,0.000001759324
0x3691,37,0.000001385000
0x3692,37,0.000001385000
0x3695,1304,0.000048811885
0x3696,1304,0.000048811885
0x3697,1304,0.000048811885
0x3698,1304,0.000048811885
0x3699,1304,0.000048811885
0x369a,1304,0.000048811885
0x369b,1304,0.000048811885
0x369c,1304,0.000048811885
0x369d,32,0.000001197838
0x369e,32,0.000001197838
0x36a0,32,0.000001197838
0x36a1,32,0.000001197838
0x36a4,32,0.000001197838
0x36a6,32,0.000001197838
0x36a7,32,0.000001197838
0x36aa,29,0.000001085540
0x36ab,32,0.000001197838
0x36ae,32,0.000001197838
0x36b0,32,0.000001197838
0x36b3,32,0.000001197838
0x36b4,32,0.000001197838
0x36b6,32,0.000001197838
0x36b7,32,0.000001197838
0x36b9,32,0.000001197838
0x36ba,32,0.000001197838
0x36bb,32,0.000001197838
0x36c0,1488,0.000055699452
0x36c1,1488,0.000055699452
0x36c2,1488,0.000055699452
0x36c3,744,0.000027849726
0x36c4,744,0.000027849726
0x36c5,744,0.000027849726
0x36c6,744,0.000027849726
0x36c8,744,0.000027849726
0x36c9,744,0.000027849726
0x36d2,1920,0.000071870261
0x36d3,1920,0.000071870261
0x36d4,1920,0.000071870261
0x36d5,1920,0.000071870261
0x36d6,1920,0.000071870261
0x36d7,1920,0.000071870261
0x36d8,72,0.000002695135
0x36d9,72,0.000002695135
0x36da,72,0.000002695135
0x36db,72,0.000002695135
0x36dc,72,0.000002695135
0x36dd,72,0.000002695135
0x36de,72,0.000002695135
0x36e1,72,0.000002695135
0x36e3,72,0.000002695135
0x36e6,72,0.000002695135
0x36ea,1869,0.000069961207
0x36eb,1869,0.000069961207
0x36ec,1869,0.000069961207
0x36ed,1869,0.000069961207
0x36ee,1869,0.000069961207
0x36ef,1869,0.000069961207
0x36f0,558,0.000020887295
0x36f1,558,0.000020887295
0x36f2,558,0.000020887295
0x36f3,558,0.000020887295
0x36f5,558,0.000020887295
0x36f6,36,0.000001347567
0x36f7,36,0.000001347567
0x36f8,36,0.000001347567
0x36f9,36,0.000001347567
0x36fa,36,0.000001347567
0x36fb,36,0.000001347567
0x36fc,36,0.000001347567
0x36fd,36,0.000001347567
0x36fe,36,0.000001347567
0x3701,36,0.000001347567
0x3703,36,0.000001347567
0x3706,36,0.000001347567
0x370a,1778,0.000066554856
0x370b,1778,0.000066554856
0x370c,1778,0.000066554856
0x370d,1778,0.000066554856
0x370e,1778,0.000066554856
0x370f,1778,0.000066554856
0x3710,136,0.000005090810
0x3711,136,0.000005090810
0x3712,136,0.000005090810
0x3713,136,0.000005090810
0x3715,136,0.000005090810
0x3716,56,0.000002096216
0x3717,56,0.000002096216
0x3718,56,0.000002096216
0x3719,56,0.000002096216
0x371a,56,0.000002096216
0x371b,56,0.000002096216
0x371c,56,0.000002096216
0x371d,56,0.000002096216
0x371e,56,0.000002096216
0x3721,56,0.000002096216
0x3723,56,0.000002096216
0x3726,56,0.000002096216
0x3729,56,0.000002096216
0x372a,56,0.000002096216
0x372c,56,0.000002096216
0x372d,29,0.000001085540
0x372e,29,0.000001085540
0x3730,29,0.000001085540
0x3731,29,0.000001085540
0x3732,29,0.000001085540
0x3733,29,0.000001085540
0x3734,29,0.000001085540
0x3735,29,0.000001085540
0x3736,29,0.000001085540
0x3739,29,0.000001085540
0x373b,29,0.000001085540
0x373e,29,0.000001085540
0x3744,48,0.000001796757
0x3746,48,0.000001796757
0x3747,48,0.000001796757
0x3748,48,0.000001796757
0x3749,48,0.000001796757
0x374a,48,0.000001796757
0x374c,48,0.000001796757
0x374d,48,0.000001796757
0x374e,48,0.000001796757
0x3750,48,0.000001796757
0x3751,48,0.000001796757
0x3752,6,0.000000224595
0x3753,6,0.000000224595
0x3754,6,0.000000224595
0x3758,8444,0.000316079417
0x3759,8444,0.000316079417
0x375a,8444,0.000316079417
0x375b,48,0.000001796757
0x375c,48,0.000001796757
0x375f,45,0.000001684459
0x3760,45,0.000001684459
0x3761,45,0.000001684459
0x3764,24,0.000000898378
0x3766,24,0.000000898378
0x3767,24,0.000000898378
0x3769,24,0.000000898378
0x376a,24,0.000000898378
0x376b,24,0.000000898378
0x376c,24,0.000000898378
0x376d,24,0.000000898378
0x376e,24,0.000000898378
0x376f,24,0.000000898378
0x3770,24,0.000000898378
0x3771,24,0.000000898378
0x3772,24,0.000000898378
0x3773,24,0.000000898378
0x3774,24,0.000000898378
0x3777,24,0.000000898378
0x377a,24,0.000000898378
0x377b,24,0.000000898378
0x377c,24,0.000000898378
0x377d,24,0.000000898378
0x377e,24,0.000000898378
0x3780,24,0.000000898378
0x3781,24,0.000000898378
0x3782,24,0.000000898378
0x3783,24,0.000000898378
0x3786,24,0.000000898378
0x3787,24,0.000000898378
0x3788,24,0.000000898378
0x3789,24,0.000000898378
0x378c,24,0.000000898378
0x378e,24,0.000000898378
0x378f,24,0.000000898378
0x3791,24,0.000000898378
0x3792,24,0.000000898378
0x3796,24,0.000000898378
0x3798,24,0.000000898378
0x3799,24,0.000000898378
0x379b,24,0.000000898378
0x379e,9,0.000000336892
0x379f,24,0.000000898378
0x37a0,24,0.000000898378
0x37a1,24,0.000000898378
0x37a4,24,0.000000898378
0x37a5,24,0.000000898378
0x37a6,24,0.000000898378
0x37a7,24,0.000000898378
0x37aa,24,0.000000898378
0x37b0,21,0.000000786081
0x37b1,21,0.000000786081
0x37b2,21,0.000000786081
0x37b3,21,0.000000786081
0x37b4,21,0.000000786081
0x37b5,21,0.000000786081
0x37b6,21,0.000000786081
0x37b7,21,0.000000786081
0x37b8,21,0.000000786081
0x37b9,21,0.000000786081
0x37ba,21,0.000000786081
0x37bb,21,0.000000786081
0x37be,21,0.000000786081
0x37c0,21,0.000000786081
0x37c1,21,0.000000786081
0x37c4,21,0.000000786081
0x37c6,21,0.000000786081
0x37cc,3,0.000000112297
0x37cd,3,0.000000112297
0x37ce,3,0.000000112297
0x37cf,3,0.000000112297
0x37d0,3,0.000000112297
0x37d2,3,0.000000112297
0x37d4,3,0.000000112297
0x37d5,3,0.000000112297
0x37d7,3,0.000000112297
0x37da,3,0.000000112297
0x37dd,78,0.000002919729
0x37de,78,0.000002919729
0x37df,78,0.000002919729
0x37e0,78,0.000002919729
0x37e1,78,0.000002919729
0x37e2,78,0.000002919729
0x37e5,3,0.000000112297
0x3800,3450,0.000129141875
0x3803,3450,0.000129141875
0x3805,3450,0.000129141875
0x3806,1615,0.000060453370
0x3809,1615,0.000060453370
0x380b,1615,0.000060453370
0x380c,1615,0.000060453370
0x380f,1615,0.000060453370
0x3810,1615,0.000060453370
0x3813,1615,0.000060453370
0x3815,1615,0.000060453370
0x3816,1615,0.000060453370
0x3819,1615,0.000060453370
0x381a,1615,0.000060453370
0x381b,1615,0.000060453370
0x381d,1615,0.000060453370
0x381e,1615,0.000060453370
0x381f,1615,0.000060453370
0x3820,1615,0.000060453370
0x3822,1615,0.000060453370
0x3823,27,0.000001010676
0x3824,27,0.000001010676
0x3827,27,0.000001010676
0x3829,27,0.000001010676
0x382b,27,0.000001010676
0x382c,27,0.000001010676
0x382e,27,0.000001010676
0x382f,27,0.000001010676
0x3830,27,0.000001010676
0x3832,27,0.000001010676
0x3833,27,0.000001010676
0x3834,27,0.000001010676
0x3835,27,0.000001010676
0x3837,27,0.000001010676
0x3838,27,0.000001010676
0x3839,27,0.000001010676
0x383b,27,0.000001010676
0x383c,27,0.000001010676
0x383e,27,0.000001010676
0x3841,18,0.000000673784
0x3844,27,0.000001010676
0x3846,27,0.000001010676
0x3847,27,0.000001010676
0x3849,27,0.000001010676
0x384a,27,0.000001010676
0x384b,27,0.000001010676
0x384c,9,0.000000336892
0x384f,9,0.000000336892
0x3850,9,0.000000336892
0x3851,9,0.000000336892
0x3853,9,0.000000336892
0x3854,9,0.000000336892
0x3855,9,0.000000336892
0x3856,9,0.000000336892
0x3857,9,0.000000336892
0x3858,9,0.000000336892
0x3859,9,0.000000336892
0x385c,9,0.000000336892
0x385d,9,0.000000336892
0x385f,9,0.000000336892
0x3862,3,0.000000112297
0x3863,3,0.000000112297
0x3865,3,0.000000112297
0x3868,3,0.000000112297
0x386b,3,0.000000112297
0x386e,3,0.000000112297
0x386f,3,0.000000112297
0x3871,3,0.000000112297
0x3894,6,0.000000224595
0x3897,6,0.000000224595
0x3899,6,0.000000224595
0x389c,6,0.000000224595
0x38a1,9,0.000000336892
0x38a2,9,0.000000336892
0x38a4,9,0.000000336892
0x38a5,9,0.000000336892
0x38a6,9,0.000000336892
0x38a7,9,0.000000336892
0x38a8,9,0.000000336892
0x38a9,9,0.000000336892
0x38ac,9,0.000000336892
0x38ae,9,0.000000336892
0x38af,9,0.000000336892
0x38b1,9,0.000000336892
0x38b4,9,0.000000336892
0x38b5,9,0.000000336892
0x38bc,15,0.000000561486
0x38be,15,0.000000561486
0x38bf,15,0.000000561486
0x38c1,15,0.000000561486
0x38c2,15,0.000000561486
0x38c3,15,0.000000561486
0x38f8,6,0.000000224595
0x38fb,9,0.000000336892
0x38fc,9,0.000000336892
0x38fd,9,0.000000336892
0x3906,9,0.000000336892
0x3907,9,0.000000336892
0x3908,9,0.000000336892
0x3909,9,0.000000336892
0x390a,9,0.000000336892
0x390d,9,0.000000336892
0x390e,9,0.000000336892
0x390f,9,0.000000336892
0x3912,9,0.000000336892
0x3913,9,0.000000336892
0x3916,9,0.000000336892
0x3918,9,0.000000336892
0x391b,9,0.000000336892
0x391c,18,0.000000673784
0x391d,18,0.000000673784
0x391f,18,0.000000673784
0x3922,3,0.000000112297
0x3923,1612,0.000060341073
0x3930,862,0.000032266752
0x3933,862,0.000032266752
0x3935,862,0.000032266752
0x3937,862,0.000032266752
0x3938,862,0.000032266752
0x393a,862,0.000032266752
0x393b,862,0.000032266752
0x393c,862,0.000032266752
0x393d,862,0.000032266752
0x393f,862,0.000032266752
0x3942,431,0.000016133376
0x3945,431,0.000016133376
0x3946,431,0.000016133376
0x3947,431,0.000016133376
0x394a,431,0.000016133376
0x394b,431,0.000016133376
0x394c,2650,0.000099195933
0x394d,2650,0.000099195933
0x3950,2590,0.000096949987
0x3951,2590,0.000096949987
0x3952,2590,0.000096949987
0x3954,2590,0.000096949987
0x3955,2590,0.000096949987
0x3956,2590,0.000096949987
0x3959,371,0.000013887431
0x395c,2650,0.000099195933
0x395d,2650,0.000099195933
0x395f,2650,0.000099195933
0x3960,740,0.000027699996
0x3961,740,0.000027699996
0x3963,740,0.000027699996
0x3964,740,0.000027699996
0x3965,740,0.000027699996
0x3966,740,0.000027699996
0x3967,654,0.000024480808
0x3968,654,0.000024480808
0x3969,60,0.000002245946
0x396b,60,0.000002245946
0x396c,60,0.000002245946
0x396d,60,0.000002245946
0x396e,60,0.000002245946
0x396f,60,0.000002245946
0x3972,60,0.000002245946
0x3973,60,0.000002245946
0x3975,60,0.000002245946
0x3976,60,0.000002245946
0x3977,60,0.000002245946
0x3978,60,0.000002245946
0x397a,60,0.000002245946
0x397b,60,0.000002245946
0x3980,1725,0.000064570937
0x3983,1725,0.000064570937
0x3985,1725,0.000064570937
0x3986,6,0.000000224595
0x3988,6,0.000000224595
0x3a00,862,0.000032266752
0x3a03,862,0.000032266752
0x3a05,862,0.000032266752
0x3a06,862,0.000032266752
0x3a07,862,0.000032266752
0x3a08,862,0.000032266752
0x3a0b,862,0.000032266752
0x3a0c,862,0.000032266752
0x3a0d,862,0.000032266752
0x3a0e,431,0.000016133376
0x3a0f,431,0.000016133376
0x3a10,1996,0.000074715125
0x3a13,1996,0.000074715125
0x3a14,1996,0.000074715125
0x3a15,1996,0.000074715125
0x3a18,384,0.000014374052
0x3a1a,384,0.000014374052
0x3a1c,384,0.000014374052
0x3a1d,1612,0.000060341073
0x3a20,1612,0.000060341073
0x3a21,1612,0.000060341073
0x3a22,1612,0.000060341073
0x3a40,1612,0.000060341073
0x3a42,1612,0.000060341073
0x3a43,1612,0.000060341073
0x3a44,1612,0.000060341073
0x3a47,179,0.000006700405
0x3a49,179,0.000006700405
0x3a4c,12,0.000000449189
0x3a4e,179,0.000006700405
0x3a4f,179,0.000006700405
0x3a50,179,0.000006700405
0x3a51,179,0.000006700405
0x3a52,179,0.000006700405
0x3a53,179,0.000006700405
0x3a54,179,0.000006700405
0x3a56,179,0.000006700405
0x3a58,179,0.000006700405
0x3a5a,179,0.000006700405
0x3a5b,179,0.000006700405
0x3a5d,179,0.000006700405
0x3a5f,179,0.000006700405
0x3a62,1433,0.000053640669
0x3a64,1433,0.000053640669
0x3a65,1433,0.000053640669
0x3a66,1433,0.000053640669
0x3a82,1612,0.000060341073
0x3a85,1612,0.000060341073
0x3a86,1612,0.000060341073
0x3a88,1612,0.000060341073
0x3a90,1612,0.000060341073
0x3a93,1612,0.000060341073
0x3a94,1612,0.000060341073
0x3a95,1612,0.000060341073
0x3a98,935,0.000034999320
0x3a9b,935,0.000034999320
0x3a9e,935,0.000034999320
0x3aa1,14960,0.000559989115
0x3aa2,14960,0.000559989115
0x3aa3,14960,0.000559989115
0x3aa4,14960,0.000559989115
0x3aa7,11313,0.000423473052
0x3aa8,11313,0.000423473052
0x3aaa,11313,0.000423473052
0x3aad,1018,0.000038106211
0x3aae,14960,0.000559989115
0x3aaf,14960,0.000559989115
0x3ab0,14960,0.000559989115
0x3ab1,14960,0.000559989115
0x3ab2,14960,0.000559989115
0x3ab5,935,0.000034999320
0x3ab6,935,0.000034999320
0x3ab7,935,0.000034999320
0x3ab8,647,0.000024218781
0x3aba,647,0.000024218781
0x3abd,9,0.000000336892
0x3abf,647,0.000024218781
0x3ac1,647,0.000024218781
0x3ac2,647,0.000024218781
0x3ac5,647,0.000024218781
0x3ac6,647,0.000024218781
0x3ac8,647,0.000024218781
0x3ac9,647,0.000024218781
0x3aca,647,0.000024218781
0x3b1b,1612,0.000060341073
0x3b1e,1612,0.000060341073
0x3b1f,1612,0.000060341073
0x3b20,1612,0.000060341073
0x3b33,1612,0.000060341073
0x3b36,1612,0.000060341073
0x3b37,1612,0.000060341073
0x3b38,1612,0.000060341073
0x3b43,1612,0.000060341073
0x3b46,1612,0.000060341073
0x3b47,1612,0.000060341073
0x3b49,1612,0.000060341073
0x3b4c,1612,0.000060341073
0x3b4f,1612,0.000060341073
0x3b52,1612,0.000060341073
0x3b55,1612,0.000060341073
0x3b58,1612,0.000060341073
0x3b5b,1612,0.000060341073
