pc,count,frequency
0x0000,1,0.000000023917
0x0001,1,0.000000023917
0x0002,1,0.000000023917
0x0003,1,0.000000023917
0x0004,1,0.000000023917
0x0005,1,0.000000023917
0x0006,1,0.000000023917
0x0007,1,0.000000023917
0x0008,1,0.000000023917
0x000b,1,0.000000023917
0x000d,1,0.000000023917
0x000f,1,0.000000023917
0x0012,1,0.000000023917
0x0015,1,0.000000023917
0x0017,1,0.000000023917
0x001a,23770,0.000568499543
0x001d,23769,0.000568475626
0x0020,23769,0.000568475626
0x0021,23769,0.000568475626
0x0024,6578,0.000157323938
0x0027,6578,0.000157323938
0x002a,6578,0.000157323938
0x002d,17191,0.000411151689
0x002f,17191,0.000411151689
0x0031,17191,0.000411151689
0x0032,17191,0.000411151689
0x0034,17191,0.000411151689
0x0035,17191,0.000411151689
0x0038,17191,0.000411151689
0x0039,17191,0.000411151689
0x003c,17191,0.000411151689
0x003d,17191,0.000411151689
0x0040,7,0.000000167417
0x0043,7,0.000000167417
0x0046,17184,0.000410984272
0x0049,17184,0.000410984272
0x0050,1,0.000000023917
0x0052,1,0.000000023917
0x0054,1,0.000000023917
0x0056,1,0.000000023917
0x0058,1,0.000000023917
0x005a,1,0.000000023917
0x005c,1,0.000000023917
0x005f,1,0.000000023917
0x0061,1,0.000000023917
0x0063,1,0.000000023917
0x0066,1,0.000000023917
0x0068,1,0.000000023917
0x006a,1,0.000000023917
0x006b,2,0.000000047833
0x006e,2,0.000000047833
0x0070,6130,0.000146609264
0x0072,6130,0.000146609264
0x0073,6130,0.000146609264
0x0074,6130,0.000146609264
0x0077,2,0.000000047833
0x0078,1152,0.000027552018
0x007b,1152,0.000027552018
0x0080,2590222,0.061949517193
0x0082,2590222,0.061949517193
0x0083,2590221,0.061949493276
0x0085,2590221,0.061949493276
0x0088,47547,0.001137166503
0x0089,47547,0.001137166503
0x008b,47547,0.001137166503
0x008e,23805,0.000569336627
0x0090,23805,0.000569336627
0x0091,23805,0.000569336627
0x0094,23805,0.000569336627
0x0095,23805,0.000569336627
0x0096,23805,0.000569336627
0x0097,23805,0.000569336627
0x0098,23805,0.000569336627
0x009a,23805,0.000569336627
0x009d,23805,0.000569336627
0x009f,23805,0.000569336627
0x00a0,23805,0.000569336627
0x00a2,23805,0.000569336627
0x00a3,23805,0.000569336627
0x00a6,23805,0.000569336627
0x00a8,23805,0.000569336627
0x00ab,23805,0.000569336627
0x00ac,1,0.000000023917
0x00ae,1,0.000000023917
0x00af,1,0.000000023917
0x00b0,1,0.000000023917
0x00b2,1,0.000000023917
0x00b5,1,0.000000023917
0x00bb,46971,0.001123390494
0x00be,46971,0.001123390494
0x00bf,46971,0.001123390494
0x00c0,46971,0.001123390494
0x00c1,46971,0.001123390494
0x00c2,46971,0.001123390494
0x00c3,46971,0.001123390494
0x00c4,2156,0.000051564367
0x00c5,2156,0.000051564367
0x00c7,2156,0.000051564367
0x00c9,2156,0.000051564367
0x00ca,2156,0.000051564367
0x00cd,2156,0.000051564367
0x00ce,2156,0.000051564367
0x00cf,2156,0.000051564367
0x00d0,2156,0.000051564367
0x00d1,2156,0.000051564367
0x00d2,2156,0.000051564367
0x00d3,2156,0.000051564367
0x00d4,2156,0.000051564367
0x00d6,2156,0.000051564367
0x00d8,2156,0.000051564367
0x00d9,2156,0.000051564367
0x00dc,2156,0.000051564367
0x00dd,2156,0.000051564367
0x00de,2156,0.000051564367
0x00e1,770,0.000018415846
0x00e3,17184,0.000410984272
0x00e6,17184,0.000410984272
0x00e9,17184,0.000410984272
0x00ec,17184,0.000410984272
0x00ef,17184,0.000410984272
0x00f2,17179,0.000410864689
0x00f5,17179,0.000410864689
0x00f8,17179,0.000410864689
0x00fb,17179,0.000410864689
0x00fe,16019,0.000383121337
0x0101,16019,0.000383121337
0x0104,16019,0.000383121337
0x0107,16015,0.000383025670
0x0109,16015,0.000383025670
0x010c,16015,0.000383025670
0x010f,16011,0.000382930004
0x0111,16011,0.000382930004
0x0114,16011,0.000382930004
0x0117,16007,0.000382834337
0x0119,16007,0.000382834337
0x011c,16007,0.000382834337
0x011f,16007,0.000382834337
0x0122,14855,0.000355282319
0x0125,14855,0.000355282319
0x0128,14855,0.000355282319
0x012b,14855,0.000355282319
0x012e,14151,0.000338444974
0x0131,14151,0.000338444974
0x0134,14151,0.000338444974
0x0137,14151,0.000338444974
0x013a,969,0.000023175265
0x0140,18,0.000000430500
0x0143,18,0.000000430500
0x0146,18,0.000000430500
0x0149,18,0.000000430500
0x014c,18,0.000000430500
0x014e,18,0.000000430500
0x014f,18,0.000000430500
0x0151,18,0.000000430500
0x0152,18,0.000000430500
0x0153,18,0.000000430500
0x0154,18,0.000000430500
0x0156,18,0.000000430500
0x0158,18,0.000000430500
0x015b,18,0.000000430500
0x015d,18,0.000000430500
0x015f,18,0.000000430500
0x0161,18,0.000000430500
0x0164,18,0.000000430500
0x0166,18,0.000000430500
0x0167,18,0.000000430500
0x0168,18,0.000000430500
0x016a,18,0.000000430500
0x016b,18,0.000000430500
0x016d,18,0.000000430500
0x016f,18,0.000000430500
0x0172,18,0.000000430500
0x0173,13176,0.000315126209
0x0174,13176,0.000315126209
0x0176,13176,0.000315126209
0x0178,13176,0.000315126209
0x017a,13176,0.000315126209
0x017b,9966,0.000238353658
0x017d,9966,0.000238353658
0x017e,9864,0.000235914156
0x0180,9864,0.000235914156
0x0182,9864,0.000235914156
0x0183,3441,0.000082297305
0x0185,3441,0.000082297305
0x0186,3339,0.000079857803
0x0188,3339,0.000079857803
0x018a,3339,0.000079857803
0x018b,105,0.000002511252
0x018d,105,0.000002511252
0x018e,105,0.000002511252
0x018f,105,0.000002511252
0x0191,105,0.000002511252
0x0192,6,0.000000143500
0x0194,6,0.000000143500
0x0196,2312,0.000055295370
0x0197,2312,0.000055295370
0x0199,2312,0.000055295370
0x019b,2312,0.000055295370
0x019c,1884,0.000045059030
0x019d,1884,0.000045059030
0x019e,1884,0.000045059030
0x01a0,1884,0.000045059030
0x01a1,1884,0.000045059030
0x01a2,1884,0.000045059030
0x01a3,1884,0.000045059030
0x01a5,1884,0.000045059030
0x01a6,1884,0.000045059030
0x01a7,1884,0.000045059030
0x01a8,1884,0.000045059030
0x01ab,1884,0.000045059030
0x01ae,1884,0.000045059030
0x01af,1884,0.000045059030
0x01b0,1884,0.000045059030
0x01b1,1884,0.000045059030
0x01b2,1884,0.000045059030
0x01b3,1884,0.000045059030
0x01b4,1884,0.000045059030
0x01b5,1884,0.000045059030
0x01b6,1884,0.000045059030
0x01b7,1884,0.000045059030
0x01b8,1884,0.000045059030
0x01b9,1884,0.000045059030
0x01ba,1884,0.000045059030
0x01bb,1884,0.000045059030
0x01bd,1884,0.000045059030
0x01be,1884,0.000045059030
0x01c1,23466,0.000561228872
0x01c4,23466,0.000561228872
0x01c5,23466,0.000561228872
0x01c8,1884,0.000045059030
0x01c9,1884,0.000045059030
0x01ca,1884,0.000045059030
0x01d0,4781,0.000114345659
0x01d1,4781,0.000114345659
0x01d2,4781,0.000114345659
0x01d3,4781,0.000114345659
0x01d4,4781,0.000114345659
0x01d6,4781,0.000114345659
0x01d7,4781,0.000114345659
0x01d9,4781,0.000114345659
0x01dc,4781,0.000114345659
0x01dd,4781,0.000114345659
0x01e0,2708,0.000064766376
0x01e1,9,0.000000215250
0x01e4,1032,0.000024682016
0x01e7,1032,0.000024682016
0x01e9,1032,0.000024682016
0x01ed,124306,0.002972987136
0x01ee,124306,0.002972987136
0x01ef,124306,0.002972987136
0x01f0,124306,0.002972987136
0x01f3,124306,0.002972987136
0x01f4,124306,0.002972987136
0x01f7,4781,0.000114345659
0x0200,40989,0.000980320899
0x0201,40989,0.000980320899
0x0202,145,0.000003467919
0x0203,145,0.000003467919
0x0204,145,0.000003467919
0x0205,145,0.000003467919
0x0206,1884,0.000045059030
0x0207,1884,0.000045059030
0x0208,1884,0.000045059030
0x0209,1884,0.000045059030
0x020a,1884,0.000045059030
0x020b,1884,0.000045059030
0x020c,1884,0.000045059030
0x020d,1884,0.000045059030
0x020e,1884,0.000045059030
0x0210,10354,0.000247633331
0x0211,10354,0.000247633331
0x0213,10354,0.000247633331
0x0214,10354,0.000247633331
0x0215,2265,0.000054171286
0x0216,2265,0.000054171286
0x0217,265212,0.006342991201
0x0218,265212,0.006342991201
0x021a,265212,0.006342991201
0x021b,265212,0.006342991201
0x021c,38223,0.000914167355
0x021d,38223,0.000914167355
0x0220,45,0.000001076251
0x0221,45,0.000001076251
0x0222,45,0.000001076251
0x0223,45,0.000001076251
0x0224,45,0.000001076251
0x0225,45,0.000001076251
0x0226,45,0.000001076251
0x0227,45,0.000001076251
0x0228,45,0.000001076251
0x0229,45,0.000001076251
0x022a,45,0.000001076251
0x022b,45,0.000001076251
0x022c,45,0.000001076251
0x022e,45,0.000001076251
0x022f,45,0.000001076251
0x0230,45,0.000001076251
0x0231,45,0.000001076251
0x0232,45,0.000001076251
0x0258,82989,0.001984821564
0x0259,82989,0.001984821564
0x025a,82989,0.001984821564
0x025b,332,0.000007940339
0x025c,332,0.000007940339
0x025d,332,0.000007940339
0x025e,332,0.000007940339
0x025f,332,0.000007940339
0x0260,62192,0.001487426318
0x0263,62192,0.001487426318
0x0264,59839,0.001431150364
0x0267,59839,0.001431150364
0x0270,85691,0.002049444441
0x0271,85691,0.002049444441
0x0272,85691,0.002049444441
0x0273,85691,0.002049444441
0x0274,85691,0.002049444441
0x0275,85691,0.002049444441
0x0276,85691,0.002049444441
0x0277,59839,0.001431150364
0x0278,59839,0.001431150364
0x0279,59839,0.001431150364
0x027a,59839,0.001431150364
0x027b,59839,0.001431150364
0x027c,59839,0.001431150364
0x027d,59839,0.001431150364
0x0288,7,0.000000167417
0x028b,7,0.000000167417
0x028e,7,0.000000167417
0x0290,7,0.000000167417
0x0293,7,0.000000167417
0x0295,7,0.000000167417
0x0298,7,0.000000167417
0x029a,7,0.000000167417
0x02a7,7,0.000000167417
0x02aa,7,0.000000167417
0x02ab,7,0.000000167417
0x02ac,7,0.000000167417
0x02ad,1,0.000000023917
0x02b0,1,0.000000023917
0x02b3,1,0.000000023917
0x02b6,1,0.000000023917
0x02b9,1,0.000000023917
0x02bc,1,0.000000023917
0x02be,1,0.000000023917
0x02c0,1,0.000000023917
0x02c3,1,0.000000023917
0x02c5,1,0.000000023917
0x02c7,1,0.000000023917
0x02cb,1,0.000000023917
0x02cd,1,0.000000023917
0x02cf,1,0.000000023917
0x02d4,1,0.000000023917
0x02d7,1,0.000000023917
0x02d8,1,0.000000023917
0x02db,1,0.000000023917
0x02dd,1,0.000000023917
0x02e3,1,0.000000023917
0x02e5,1,0.000000023917
0x02e6,1,0.000000023917
0x02e7,1,0.000000023917
0x02e8,1,0.000000023917
0x02ea,1,0.000000023917
0x02ed,1,0.000000023917
0x02f0,1,0.000000023917
0x02f3,1,0.000000023917
0x02f6,1,0.000000023917
0x02f9,1,0.000000023917
0x02fc,1,0.000000023917
0x02fe,1,0.000000023917
0x0300,1,0.000000023917
0x0303,1,0.000000023917
0x0306,1,0.000000023917
0x0308,1,0.000000023917
0x030b,1,0.000000023917
0x030d,1,0.000000023917
0x0310,1,0.000000023917
0x0314,47,0.000001124084
0x0315,47,0.000001124084
0x0316,47,0.000001124084
0x0317,47,0.000001124084
0x0318,47,0.000001124084
0x0319,47,0.000001124084
0x031a,47,0.000001124084
0x031b,47,0.000001124084
0x031c,47,0.000001124084
0x031d,47,0.000001124084
0x031e,47,0.000001124084
0x0320,2,0.000000047833
0x0321,2,0.000000047833
0x0322,2,0.000000047833
0x0323,2,0.000000047833
0x0324,2,0.000000047833
0x0325,2,0.000000047833
0x0326,2,0.000000047833
0x0327,2,0.000000047833
0x0328,2,0.000000047833
0x0329,2,0.000000047833
0x032a,2,0.000000047833
0x032e,1,0.000000023917
0x0331,8,0.000000191333
0x0333,8,0.000000191333
0x0334,8,0.000000191333
0x0335,8,0.000000191333
0x0337,8,0.000000191333
0x033a,1,0.000000023917
0x033c,1,0.000000023917
0x033f,1,0.000000023917
0x0341,1,0.000000023917
0x0344,1,0.000000023917
0x0346,1,0.000000023917
0x0349,1,0.000000023917
0x034b,1,0.000000023917
0x034e,1,0.000000023917
0x0350,1,0.000000023917
0x0353,1,0.000000023917
0x0355,1,0.000000023917
0x0357,1,0.000000023917
0x0358,1,0.000000023917
0x035b,1,0.000000023917
0x035c,1,0.000000023917
0x035e,1,0.000000023917
0x035f,1,0.000000023917
0x0361,1,0.000000023917
0x0367,4,0.000000095667
0x0369,4,0.000000095667
0x036a,4,0.000000095667
0x036c,4,0.000000095667
0x036f,4,0.000000095667
0x0370,4,0.000000095667
0x0371,4,0.000000095667
0x0373,4,0.000000095667
0x0376,4,0.000000095667
0x0377,17191,0.000411151689
0x037a,17191,0.000411151689
0x037b,17191,0.000411151689
0x037c,17191,0.000411151689
0x037d,17191,0.000411151689
0x0380,39,0.000000932751
0x0383,39,0.000000932751
0x0386,39,0.000000932751
0x0389,14196,0.000339521225
0x038a,14196,0.000339521225
0x038b,14196,0.000339521225
0x038c,14196,0.000339521225
0x038d,14196,0.000339521225
0x038e,14196,0.000339521225
0x038f,14196,0.000339521225
0x0390,14196,0.000339521225
0x0393,1014,0.000024251516
0x0394,1014,0.000024251516
0x0395,1014,0.000024251516
0x0396,1014,0.000024251516
0x0397,1014,0.000024251516
0x0398,1014,0.000024251516
0x0399,1014,0.000024251516
0x039a,1014,0.000024251516
0x039d,39,0.000000932751
0x03a0,190,0.000004544170
0x03a3,190,0.000004544170
0x03a6,79040,0.001890374585
0x03a7,79040,0.001890374585
0x03a8,79040,0.001890374585
0x03a9,79040,0.001890374585
0x03aa,79040,0.001890374585
0x03ab,79040,0.001890374585
0x03ac,79040,0.001890374585
0x03af,190,0.000004544170
0x03b0,13182,0.000315269709
0x03b3,13182,0.000315269709
0x03b6,13182,0.000315269709
0x03b9,10320,0.000246820163
0x03bc,10320,0.000246820163
0x03bf,10317,0.000246748413
0x03c2,10317,0.000246748413
0x03c5,10317,0.000246748413
0x03c8,7440,0.000177940118
0x03cb,7440,0.000177940118
0x03ce,13176,0.000315126209
0x03d1,13176,0.000315126209
0x03d4,13176,0.000315126209
0x03d5,13176,0.000315126209
0x03d7,13176,0.000315126209
0x03d8,13176,0.000315126209
0x03d9,13176,0.000315126209
0x03e2,3,0.000000071750
0x03e5,3,0.000000071750
0x03e8,3,0.000000071750
0x03eb,3,0.000000071750
0x03ee,3,0.000000071750
0x03f1,6,0.000000143500
0x03f4,6,0.000000143500
0x03f5,6,0.000000143500
0x03f7,6,0.000000143500
0x03f8,6,0.000000143500
0x03fa,6,0.000000143500
0x03fb,6,0.000000143500
0x03fc,6,0.000000143500
0x03fd,6,0.000000143500
0x0400,19754,0.000472450146
0x0403,19754,0.000472450146
0x0406,19754,0.000472450146
0x0407,19754,0.000472450146
0x0408,19754,0.000472450146
0x0409,19754,0.000472450146
0x040a,19754,0.000472450146
0x040b,19754,0.000472450146
0x040c,19754,0.000472450146
0x040d,19754,0.000472450146
0x041e,40,0.000000956667
0x0421,40,0.000000956667
0x0423,40,0.000000956667
0x0424,40,0.000000956667
0x0427,40,0.000000956667
0x0429,40,0.000000956667
0x042a,40,0.000000956667
0x042d,40,0.000000956667
0x0430,6,0.000000143500
0x0433,6,0.000000143500
0x0435,6,0.000000143500
0x0436,6,0.000000143500
0x0438,6,0.000000143500
0x043a,6,0.000000143500
0x043b,6,0.000000143500
0x043d,6,0.000000143500
0x043f,6,0.000000143500
0x0440,2,0.000000047833
0x0441,2,0.000000047833
0x0442,2,0.000000047833
0x0443,2,0.000000047833
0x0445,2,0.000000047833
0x04ac,1290,0.000030852520
0x04af,1290,0.000030852520
0x04b0,1290,0.000030852520
0x04b1,1290,0.000030852520
0x04b2,1290,0.000030852520
0x04b4,1290,0.000030852520
0x04b5,1290,0.000030852520
0x04b6,1278,0.000030565520
0x04b8,1278,0.000030565520
0x04ba,1278,0.000030565520
0x04bd,1272,0.000030422020
0x04bf,1272,0.000030422020
0x04c1,1272,0.000030422020
0x04c2,1272,0.000030422020
0x04c4,1272,0.000030422020
0x04c6,1272,0.000030422020
0x04c9,645,0.000015426260
0x04cc,645,0.000015426260
0x04cd,645,0.000015426260
0x04d0,645,0.000015426260
0x04d1,645,0.000015426260
0x04d2,645,0.000015426260
0x04d4,645,0.000015426260
0x04d7,645,0.000015426260
0x04df,645,0.000015426260
0x04e1,645,0.000015426260
0x04e4,645,0.000015426260
0x04e6,627,0.000014995760
0x04e9,627,0.000014995760
0x04ea,627,0.000014995760
0x04eb,627,0.000014995760
0x04ee,627,0.000014995760
0x04f4,627,0.000014995760
0x04f6,627,0.000014995760
0x04f9,627,0.000014995760
0x04fb,3762,0.000089974560
0x04fd,3762,0.000089974560
0x04fe,3762,0.000089974560
0x0501,3762,0.000089974560
0x0502,3762,0.000089974560
0x0505,627,0.000014995760
0x0506,34,0.000000813167
0x0509,34,0.000000813167
0x050b,34,0.000000813167
0x050e,34,0.000000813167
0x0511,34,0.000000813167
0x0514,34,0.000000813167
0x0515,34,0.000000813167
0x0518,34,0.000000813167
0x051b,34,0.000000813167
0x051d,34,0.000000813167
0x0520,34,0.000000813167
0x0523,34,0.000000813167
0x0526,34,0.000000813167
0x0529,34,0.000000813167
0x052c,34,0.000000813167
0x052f,34,0.000000813167
0x0532,34,0.000000813167
0x0535,34,0.000000813167
0x0537,34,0.000000813167
0x053a,34,0.000000813167
0x053d,34,0.000000813167
0x0540,34,0.000000813167
0x0543,34,0.000000813167
0x0547,34,0.000000813167
0x054a,34,0.000000813167
0x054d,34,0.000000813167
0x054f,34,0.000000813167
0x0552,34,0.000000813167
0x0555,34,0.000000813167
0x0557,34,0.000000813167
0x055a,34,0.000000813167
0x0580,38,0.000000908834
0x0583,38,0.000000908834
0x0586,38,0.000000908834
0x0588,38,0.000000908834
0x0589,38,0.000000908834
0x058a,38,0.000000908834
0x058b,38,0.000000908834
0x058d,38,0.000000908834
0x0590,38,0.000000908834
0x0592,38,0.000000908834
0x0595,38,0.000000908834
0x05d8,199,0.000004759420
0x05d9,9348,0.000223573148
0x05da,9348,0.000223573148
0x05db,9348,0.000223573148
0x05dc,9348,0.000223573148
0x05df,199,0.000004759420
0x05e0,4224,0.000101024067
0x05e1,4224,0.000101024067
0x05e2,4224,0.000101024067
0x05e3,4224,0.000101024067
0x05e4,4224,0.000101024067
0x05e5,4224,0.000101024067
0x05e8,803,0.000019205096
0x05ec,34,0.000000813167
0x05ef,34,0.000000813167
0x05f2,34,0.000000813167
0x05f4,34,0.000000813167
0x05f5,34,0.000000813167
0x05f6,34,0.000000813167
0x05f7,34,0.000000813167
0x05f8,34,0.000000813167
0x05f9,34,0.000000813167
0x05fa,202,0.000004831170
0x05fd,202,0.000004831170
0x0600,202,0.000004831170
0x0601,202,0.000004831170
0x0602,202,0.000004831170
0x0603,3045,0.000072826298
0x0604,3045,0.000072826298
0x0605,3045,0.000072826298
0x0606,3045,0.000072826298
0x0607,3045,0.000072826298
0x0608,3045,0.000072826298
0x0609,3045,0.000072826298
0x060a,3045,0.000072826298
0x060d,191,0.000004568086
0x0610,34,0.000000813167
0x0613,34,0.000000813167
0x0616,34,0.000000813167
0x0617,34,0.000000813167
0x0619,34,0.000000813167
0x061a,34,0.000000813167
0x061b,34,0.000000813167
0x061c,34,0.000000813167
0x061d,34,0.000000813167
0x061e,34,0.000000813167
0x061f,34,0.000000813167
0x0621,34,0.000000813167
0x0624,34,0.000000813167
0x0627,34,0.000000813167
0x0628,34,0.000000813167
0x0629,34,0.000000813167
0x062a,357,0.000008538256
0x062b,357,0.000008538256
0x062c,357,0.000008538256
0x062d,357,0.000008538256
0x062e,357,0.000008538256
0x062f,357,0.000008538256
0x0630,357,0.000008538256
0x0631,357,0.000008538256
0x0632,357,0.000008538256
0x0633,357,0.000008538256
0x0634,357,0.000008538256
0x0635,357,0.000008538256
0x0638,23,0.000000550084
0x0650,34,0.000000813167
0x0653,34,0.000000813167
0x0656,34,0.000000813167
0x0658,34,0.000000813167
0x0659,34,0.000000813167
0x065a,34,0.000000813167
0x065b,34,0.000000813167
0x065c,34,0.000000813167
0x065d,34,0.000000813167
0x065e,34,0.000000813167
0x0661,34,0.000000813167
0x0664,34,0.000000813167
0x0665,34,0.000000813167
0x0666,34,0.000000813167
0x0667,357,0.000008538256
0x0668,357,0.000008538256
0x0669,357,0.000008538256
0x066a,357,0.000008538256
0x066b,357,0.000008538256
0x066c,357,0.000008538256
0x066f,23,0.000000550084
0x067a,5179,0.000123864499
0x067d,5179,0.000123864499
0x067e,5179,0.000123864499
0x067f,5179,0.000123864499
0x0682,5179,0.000123864499
0x0684,5179,0.000123864499
0x0685,652,0.000015593677
0x0688,652,0.000015593677
0x068b,652,0.000015593677
0x068c,652,0.000015593677
0x068d,652,0.000015593677
0x068e,652,0.000015593677
0x068f,652,0.000015593677
0x0691,652,0.000015593677
0x0692,652,0.000015593677
0x0693,652,0.000015593677
0x0695,652,0.000015593677
0x0696,652,0.000015593677
0x0697,652,0.000015593677
0x0698,652,0.000015593677
0x0699,16975,0.000405985686
0x069a,16975,0.000405985686
0x069b,16975,0.000405985686
0x069c,16975,0.000405985686
0x069d,16975,0.000405985686
0x069e,16975,0.000405985686
0x069f,16975,0.000405985686
0x06a2,2608,0.000062374708
0x06a3,2608,0.000062374708
0x06a4,2608,0.000062374708
0x06a5,2608,0.000062374708
0x06a8,652,0.000015593677
0x06a9,652,0.000015593677
0x06ac,652,0.000015593677
0x06b0,4780,0.000114321742
0x06b3,4780,0.000114321742
0x06b6,4780,0.000114321742
0x06b7,4780,0.000114321742
0x06b8,4780,0.000114321742
0x06b9,31,0.000000741417
0x06ba,31,0.000000741417
0x06bb,31,0.000000741417
0x06bc,31,0.000000741417
0x06bd,31,0.000000741417
0x06be,31,0.000000741417
0x06bf,31,0.000000741417
0x06c0,31,0.000000741417
0x06c1,31,0.000000741417
0x06c2,31,0.000000741417
0x06c3,31,0.000000741417
0x06c4,31,0.000000741417
0x06c5,31,0.000000741417
0x06c8,31,0.000000741417
0x06ca,31,0.000000741417
0x06cb,31,0.000000741417
0x06cc,31,0.000000741417
0x06cd,31,0.000000741417
0x06cf,31,0.000000741417
0x06d0,31,0.000000741417
0x06d1,31,0.000000741417
0x06d2,31,0.000000741417
0x06d3,31,0.000000741417
0x06d4,31,0.000000741417
0x06d5,31,0.000000741417
0x06d7,31,0.000000741417
0x06d8,31,0.000000741417
0x06da,31,0.000000741417
0x06db,31,0.000000741417
0x06de,31,0.000000741417
0x06df,31,0.000000741417
0x06e1,31,0.000000741417
0x06e2,31,0.000000741417
0x06e3,31,0.000000741417
0x06e4,31,0.000000741417
0x06e7,31,0.000000741417
0x06e8,645,0.000015426260
0x06eb,645,0.000015426260
0x06ed,645,0.000015426260
0x06f0,4780,0.000114321742
0x06f3,4780,0.000114321742
0x06f6,4780,0.000114321742
0x0700,14255,0.000340932309
0x0703,14255,0.000340932309
0x0706,42765,0.001022796927
0x0709,42765,0.001022796927
0x070a,42765,0.001022796927
0x070c,42765,0.001022796927
0x070d,42765,0.001022796927
0x070f,42765,0.001022796927
0x0710,42765,0.001022796927
0x0711,42765,0.001022796927
0x0713,42765,0.001022796927
0x0716,14255,0.000340932309
0x0718,139135,0.003327647620
0x071b,139135,0.003327647620
0x0720,139135,0.003327647620
0x0721,139135,0.003327647620
0x0722,139135,0.003327647620
0x0724,139135,0.003327647620
0x0725,56595,0.001353564646
0x0726,56595,0.001353564646
0x0728,56595,0.001353564646
0x0729,56595,0.001353564646
0x072a,56595,0.001353564646
0x072b,56595,0.001353564646
0x072c,56595,0.001353564646
0x072e,56595,0.001353564646
0x0730,56595,0.001353564646
0x0731,56595,0.001353564646
0x0733,56595,0.001353564646
0x0734,56595,0.001353564646
0x0740,139135,0.003327647620
0x0741,139135,0.003327647620
0x0742,139135,0.003327647620
0x0744,139135,0.003327647620
0x0745,59413,0.001420961858
0x0746,59413,0.001420961858
0x0748,59413,0.001420961858
0x0749,59413,0.001420961858
0x074a,59413,0.001420961858
0x074b,59413,0.001420961858
0x074c,59413,0.001420961858
0x074d,59413,0.001420961858
0x074f,59413,0.001420961858
0x0750,59413,0.001420961858
0x0751,59413,0.001420961858
0x0752,59413,0.001420961858
0x0754,59413,0.001420961858
0x0755,59413,0.001420961858
0x0757,59413,0.001420961858
0x0758,59413,0.001420961858
0x0763,10544,0.000252177500
0x0764,10544,0.000252177500
0x0765,10544,0.000252177500
0x0766,10544,0.000252177500
0x0767,10544,0.000252177500
0x0768,10544,0.000252177500
0x0769,10544,0.000252177500
0x076a,10544,0.000252177500
0x076b,10544,0.000252177500
0x076d,13265,0.000317254793
0x076e,13265,0.000317254793
0x076f,13265,0.000317254793
0x0770,13265,0.000317254793
0x0771,13265,0.000317254793
0x0772,13265,0.000317254793
0x0773,13265,0.000317254793
0x0774,13265,0.000317254793
0x0775,13265,0.000317254793
0x0776,13265,0.000317254793
0x0779,25341,0.000606072651
0x077a,25341,0.000606072651
0x077b,25341,0.000606072651
0x077c,25341,0.000606072651
0x077d,25341,0.000606072651
0x077e,25341,0.000606072651
0x077f,25341,0.000606072651
0x0780,25341,0.000606072651
0x0783,25341,0.000606072651
0x0784,25341,0.000606072651
0x0785,25341,0.000606072651
0x0786,25341,0.000606072651
0x0788,25413,0.000607794653
0x0789,25413,0.000607794653
0x078a,25413,0.000607794653
0x078b,25413,0.000607794653
0x078c,25413,0.000607794653
0x078d,25413,0.000607794653
0x078e,25413,0.000607794653
0x078f,25413,0.000607794653
0x0790,25413,0.000607794653
0x0792,25413,0.000607794653
0x0793,25413,0.000607794653
0x0794,25413,0.000607794653
0x0795,25413,0.000607794653
0x0798,25413,0.000607794653
0x0799,25413,0.000607794653
0x079a,25413,0.000607794653
0x079b,25413,0.000607794653
0x079e,2526,0.000060413540
0x079f,2526,0.000060413540
0x07a0,2526,0.000060413540
0x07a1,2526,0.000060413540
0x07a2,2526,0.000060413540
0x07a3,2526,0.000060413540
0x07a4,2526,0.000060413540
0x07a5,2526,0.000060413540
0x07a6,2526,0.000060413540
0x07a7,2526,0.000060413540
0x07a8,2526,0.000060413540
0x07aa,2529,0.000060485290
0x07ab,2529,0.000060485290
0x07ac,2529,0.000060485290
0x07ad,2529,0.000060485290
0x07ae,2529,0.000060485290
0x07af,2529,0.000060485290
0x07b0,2529,0.000060485290
0x07b1,2529,0.000060485290
0x07b2,2529,0.000060485290
0x07b4,2529,0.000060485290
0x07b5,2529,0.000060485290
0x07b6,2529,0.000060485290
0x07b7,2529,0.000060485290
0x07b8,2529,0.000060485290
0x07b9,2529,0.000060485290
0x07ba,2529,0.000060485290
0x07bb,2529,0.000060485290
0x07be,18184,0.000434900955
0x07bf,18184,0.000434900955
0x07c0,18184,0.000434900955
0x07c1,18184,0.000434900955
0x07c2,18184,0.000434900955
0x07c3,18184,0.000434900955
0x07c4,18184,0.000434900955
0x07c5,18184,0.000434900955
0x07c6,18184,0.000434900955
0x07c7,18184,0.000434900955
0x07ca,18184,0.000434900955
0x07cb,18184,0.000434900955
0x07cc,18184,0.000434900955
0x07cd,18184,0.000434900955
0x07ce,18184,0.000434900955
0x07cf,18184,0.000434900955
0x07d2,18206,0.000435427122
0x07d3,18206,0.000435427122
0x07d4,18206,0.000435427122
0x07d5,18206,0.000435427122
0x07d6,18206,0.000435427122
0x07d7,18206,0.000435427122
0x07d8,18206,0.000435427122
0x07d9,18206,0.000435427122
0x07da,18206,0.000435427122
0x07dc,18237,0.000436168539
0x07dd,18237,0.000436168539
0x07de,18237,0.000436168539
0x07df,18237,0.000436168539
0x07e0,18237,0.000436168539
0x07e1,18237,0.000436168539
0x07e2,18237,0.000436168539
0x07e3,18237,0.000436168539
0x07e4,18237,0.000436168539
0x07e7,18237,0.000436168539
0x07e8,18237,0.000436168539
0x07e9,18237,0.000436168539
0x07ea,18237,0.000436168539
0x07eb,18237,0.000436168539
0x07ec,18237,0.000436168539
0x07ed,18237,0.000436168539
0x07ee,18237,0.000436168539
0x07f0,6,0.000000143500
0x07f3,6,0.000000143500
0x07f6,6,0.000000143500
0x07f9,6,0.000000143500
0x0800,16238,0.000388359091
0x0803,16238,0.000388359091
0x0806,16238,0.000388359091
0x0807,16238,0.000388359091
0x0809,16238,0.000388359091
0x080a,16238,0.000388359091
0x080b,16238,0.000388359091
0x080c,16238,0.000388359091
0x080d,16238,0.000388359091
0x080e,16238,0.000388359091
0x080f,16238,0.000388359091
0x0834,1324,0.000031665688
0x0837,1324,0.000031665688
0x083a,1324,0.000031665688
0x083b,1324,0.000031665688
0x083c,1324,0.000031665688
0x083e,1324,0.000031665688
0x083f,168,0.000004018003
0x0842,168,0.000004018003
0x0845,168,0.000004018003
0x0848,381,0.000009112256
0x084b,381,0.000009112256
0x084c,381,0.000009112256
0x084d,381,0.000009112256
0x084e,11,0.000000263084
0x0850,11,0.000000263084
0x0851,11,0.000000263084
0x0853,11,0.000000263084
0x0855,11,0.000000263084
0x085a,168,0.000004018003
0x085d,168,0.000004018003
0x085f,168,0.000004018003
0x0860,136,0.000003252669
0x0862,136,0.000003252669
0x0864,136,0.000003252669
0x0865,104,0.000002487335
0x0867,104,0.000002487335
0x0869,104,0.000002487335
0x086a,72,0.000001722001
0x086c,72,0.000001722001
0x086e,72,0.000001722001
0x086f,40,0.000000956667
0x0871,40,0.000000956667
0x0876,14255,0.000340932309
0x0879,14255,0.000340932309
0x087c,14255,0.000340932309
0x087f,14255,0.000340932309
0x0882,14255,0.000340932309
0x0885,14255,0.000340932309
0x0886,14255,0.000340932309
0x0889,14255,0.000340932309
0x088b,78395,0.001874948325
0x088c,78395,0.001874948325
0x088d,78395,0.001874948325
0x088e,78395,0.001874948325
0x088f,78395,0.001874948325
0x0890,78395,0.001874948325
0x0891,78395,0.001874948325
0x0892,78395,0.001874948325
0x0893,78395,0.001874948325
0x0894,78395,0.001874948325
0x0897,21381,0.000511362589
0x08a0,14255,0.000340932309
0x08a3,14255,0.000340932309
0x08a6,14255,0.000340932309
0x08a9,14255,0.000340932309
0x08ac,14255,0.000340932309
0x08ae,14255,0.000340932309
0x08b0,14255,0.000340932309
0x08b1,1280,0.000030613354
0x08b4,1280,0.000030613354
0x08b7,1280,0.000030613354
0x08c4,14255,0.000340932309
0x08c7,14255,0.000340932309
0x08c8,14255,0.000340932309
0x08ca,14255,0.000340932309
0x08cd,14007,0.000335000972
0x08cf,14007,0.000335000972
0x08d0,14007,0.000335000972
0x08d1,14007,0.000335000972
0x08d4,13239,0.000316632960
0x08d6,13239,0.000316632960
0x08d9,13239,0.000316632960
0x08dc,4,0.000000095667
0x08de,4,0.000000095667
0x08e0,4,0.000000095667
0x08e2,4,0.000000095667
0x08e3,4,0.000000095667
0x08e5,4,0.000000095667
0x08e6,4,0.000000095667
0x08e8,4,0.000000095667
0x08ea,772,0.000018463679
0x08eb,14007,0.000335000972
0x08ed,14007,0.000335000972
0x08f0,14007,0.000335000972
0x08f3,14007,0.000335000972
0x0900,14007,0.000335000972
0x0903,14007,0.000335000972
0x0904,14007,0.000335000972
0x0906,14007,0.000335000972
0x0907,10296,0.000246246163
0x0909,10296,0.000246246163
0x090c,5229,0.000125060333
0x090d,5229,0.000125060333
0x090f,5229,0.000125060333
0x0910,5147,0.000123099165
0x0911,5147,0.000123099165
0x0913,5147,0.000123099165
0x0916,5147,0.000123099165
0x0917,5067,0.000121185830
0x0918,5067,0.000121185830
0x091a,5067,0.000121185830
0x091b,5067,0.000121185830
0x091c,5067,0.000121185830
0x091e,5067,0.000121185830
0x0921,5067,0.000121185830
0x0926,14368,0.000343634894
0x0927,14368,0.000343634894
0x0929,14368,0.000343634894
0x092a,14368,0.000343634894
0x092b,14368,0.000343634894
0x092c,14368,0.000343634894
0x092d,14368,0.000343634894
0x092e,14368,0.000343634894
0x0930,15535,0.000371545663
0x0931,15535,0.000371545663
0x0933,15535,0.000371545663
0x0936,9927,0.000237420907
0x0937,9927,0.000237420907
0x0939,9927,0.000237420907
0x093c,9927,0.000237420907
0x093d,361,0.000008633922
0x093e,361,0.000008633922
0x0940,361,0.000008633922
0x0941,361,0.000008633922
0x0942,361,0.000008633922
0x0944,361,0.000008633922
0x0945,361,0.000008633922
0x0946,361,0.000008633922
0x0947,361,0.000008633922
0x094a,361,0.000008633922
0x094c,361,0.000008633922
0x094d,361,0.000008633922
0x094e,361,0.000008633922
0x0951,361,0.000008633922
0x0953,361,0.000008633922
0x0954,361,0.000008633922
0x0955,361,0.000008633922
0x0956,361,0.000008633922
0x0959,361,0.000008633922
0x095c,361,0.000008633922
0x095e,361,0.000008633922
0x0961,361,0.000008633922
0x0964,5608,0.000134124755
0x0965,5608,0.000134124755
0x0966,5608,0.000134124755
0x0967,5608,0.000134124755
0x0968,5608,0.000134124755
0x096a,5608,0.000134124755
0x096b,5608,0.000134124755
0x096d,5608,0.000134124755
0x096e,290,0.000006935838
0x096f,290,0.000006935838
0x0970,290,0.000006935838
0x0971,290,0.000006935838
0x0972,290,0.000006935838
0x0974,290,0.000006935838
0x0975,290,0.000006935838
0x097a,14255,0.000340932309
0x097d,14255,0.000340932309
0x097e,14255,0.000340932309
0x0980,14255,0.000340932309
0x0981,14255,0.000340932309
0x0984,14255,0.000340932309
0x0985,14255,0.000340932309
0x0986,14255,0.000340932309
0x0987,14255,0.000340932309
0x0988,14255,0.000340932309
0x098b,14255,0.000340932309
0x098c,14255,0.000340932309
0x098d,14255,0.000340932309
0x098e,14255,0.000340932309
0x0991,14255,0.000340932309
0x09a0,14289,0.000341745476
0x09a3,14289,0.000341745476
0x09a6,42867,0.001025236429
0x09a9,42867,0.001025236429
0x09aa,42867,0.001025236429
0x09ab,42867,0.001025236429
0x09ac,42867,0.001025236429
0x09ad,42867,0.001025236429
0x09ae,42867,0.001025236429
0x09af,42867,0.001025236429
0x09b0,42867,0.001025236429
0x09b2,42867,0.001025236429
0x09b5,14289,0.000341745476
0x09ba,110960,0.002653795091
0x09bd,110960,0.002653795091
0x09be,110960,0.002653795091
0x09c0,110960,0.002653795091
0x09c1,110960,0.002653795091
0x09c2,110960,0.002653795091
0x09c3,110960,0.002653795091
0x09c4,110960,0.002653795091
0x09c5,110960,0.002653795091
0x09c6,110960,0.002653795091
0x09c7,110960,0.002653795091
0x09c8,110960,0.002653795091
0x09c9,110960,0.002653795091
0x09ca,110960,0.002653795091
0x09cc,110960,0.002653795091
0x09cd,110960,0.002653795091
0x09ce,110960,0.002653795091
0x09cf,110960,0.002653795091
0x09d0,110960,0.002653795091
0x09d1,110960,0.002653795091
0x0a50,3037,0.000072634965
0x0a53,3037,0.000072634965
0x0a56,60740,0.001452699295
0x0a57,60740,0.001452699295
0x0a5a,60740,0.001452699295
0x0a5b,60740,0.001452699295
0x0a5c,60740,0.001452699295
0x0a5e,60740,0.001452699295
0x0a5f,60740,0.001452699295
0x0a61,60740,0.001452699295
0x0a62,60740,0.001452699295
0x0a63,60740,0.001452699295
0x0a64,60740,0.001452699295
0x0a67,3037,0.000072634965
0x0a6c,2899,0.000069334463
0x0a6f,2899,0.000069334463
0x0a72,57980,0.001386689252
0x0a73,57980,0.001386689252
0x0a74,57980,0.001386689252
0x0a75,57980,0.001386689252
0x0a77,57980,0.001386689252
0x0a7a,32463,0.000776407264
0x0a7b,32463,0.000776407264
0x0a7c,32463,0.000776407264
0x0a7d,32463,0.000776407264
0x0a7e,32463,0.000776407264
0x0a7f,32463,0.000776407264
0x0a80,32463,0.000776407264
0x0a81,32463,0.000776407264
0x0a82,32463,0.000776407264
0x0a83,32463,0.000776407264
0x0a84,32463,0.000776407264
0x0a85,32463,0.000776407264
0x0a86,32463,0.000776407264
0x0a87,32463,0.000776407264
0x0a8a,57980,0.001386689252
0x0a8b,57980,0.001386689252
0x0a8c,57980,0.001386689252
0x0a8d,57980,0.001386689252
0x0a8f,57980,0.001386689252
0x0a90,57980,0.001386689252
0x0a91,57980,0.001386689252
0x0a93,57980,0.001386689252
0x0a94,57980,0.001386689252
0x0a96,57980,0.001386689252
0x0a99,2899,0.000069334463
0x0aa0,248,0.000005931337
0x0aa2,248,0.000005931337
0x0aa3,248,0.000005931337
0x0aa4,248,0.000005931337
0x0aa5,248,0.000005931337
0x0aa8,248,0.000005931337
0x0aa9,248,0.000005931337
0x0aac,248,0.000005931337
0x0aae,248,0.000005931337
0x0aaf,248,0.000005931337
0x0ab0,248,0.000005931337
0x0ab3,248,0.000005931337
0x0ab5,248,0.000005931337
0x0ab8,244,0.000005835671
0x0abb,244,0.000005835671
0x0abd,244,0.000005835671
0x0abe,244,0.000005835671
0x0abf,244,0.000005835671
0x0ac0,244,0.000005835671
0x0ac1,244,0.000005835671
0x0ad6,6152,0.000147135431
0x0ad7,6152,0.000147135431
0x0ad8,24608,0.000588541723
0x0ad9,24608,0.000588541723
0x0ada,24608,0.000588541723
0x0adb,24608,0.000588541723
0x0adc,24608,0.000588541723
0x0add,24608,0.000588541723
0x0ae0,6152,0.000147135431
0x0ae1,6152,0.000147135431
0x0ae2,6152,0.000147135431
0x0ae5,6152,0.000147135431
0x0ae6,6152,0.000147135431
0x0ae9,2636,0.000063044375
0x0aea,1152,0.000027552018
0x0aed,1152,0.000027552018
0x0aee,1152,0.000027552018
0x0af0,1152,0.000027552018
0x0af1,1152,0.000027552018
0x0af4,1152,0.000027552018
0x0af6,1152,0.000027552018
0x0af7,1152,0.000027552018
0x0af8,1152,0.000027552018
0x0af9,1152,0.000027552018
0x0afc,1152,0.000027552018
0x0afd,1152,0.000027552018
0x0afe,1152,0.000027552018
0x0b00,1152,0.000027552018
0x0b01,1152,0.000027552018
0x0b02,1152,0.000027552018
0x0b05,1140,0.000027265018
0x0b07,1140,0.000027265018
0x0b0a,768,0.000018368012
0x0b0d,756,0.000018081012
0x0b15,12,0.000000287000
0x0b16,12,0.000000287000
0x0b18,12,0.000000287000
0x0b19,12,0.000000287000
0x0b1a,12,0.000000287000
0x0b1c,12,0.000000287000
0x0b1d,12,0.000000287000
0x0b1e,12,0.000000287000
0x0b1f,12,0.000000287000
0x0b20,3,0.000000071750
0x0b21,3,0.000000071750
0x0b22,3,0.000000071750
0x0b25,3,0.000000071750
0x0b26,3,0.000000071750
0x0b27,3,0.000000071750
0x0b28,3,0.000000071750
0x0b29,2,0.000000047833
0x0b2b,2,0.000000047833
0x0b2d,2,0.000000047833
0x0b48,4,0.000000095667
0x0b4b,4,0.000000095667
0x0b4e,4,0.000000095667
0x0b50,4,0.000000095667
0x0b51,4,0.000000095667
0x0b53,4,0.000000095667
0x0b54,4,0.000000095667
0x0b55,4,0.000000095667
0x0b57,4,0.000000095667
0x0b59,4,0.000000095667
0x0b5a,4,0.000000095667
0x0b60,1034,0.000024729850
0x0b63,1034,0.000024729850
0x0b64,1034,0.000024729850
0x0b65,1034,0.000024729850
0x0b67,1034,0.000024729850
0x0b6a,1027,0.000024562433
0x0b6d,1027,0.000024562433
0x0b6f,1027,0.000024562433
0x0b71,1027,0.000024562433
0x0b74,4,0.000000095667
0x0b77,4,0.000000095667
0x0b79,4,0.000000095667
0x0b7b,4,0.000000095667
0x0b7c,4,0.000000095667
0x0b7d,4,0.000000095667
0x0b7e,4,0.000000095667
0x0b7f,4,0.000000095667
0x0b80,4,0.000000095667
0x0b82,4,0.000000095667
0x0b83,4,0.000000095667
0x0b84,4,0.000000095667
0x0b85,4,0.000000095667
0x0b87,4,0.000000095667
0x0b88,4,0.000000095667
0x0b89,4,0.000000095667
0x0b8a,4,0.000000095667
0x0b8b,4,0.000000095667
0x0b95,1023,0.000024466766
0x0b98,1023,0.000024466766
0x0b9b,1023,0.000024466766
0x0ba0,372,0.000008897006
0x0ba3,372,0.000008897006
0x0ba4,372,0.000008897006
0x0ba6,372,0.000008897006
0x0ba8,372,0.000008897006
0x0ba9,248,0.000005931337
0x0bab,248,0.000005931337
0x0bac,155,0.000003707086
0x0bad,155,0.000003707086
0x0bae,155,0.000003707086
0x0baf,155,0.000003707086
0x0bb2,155,0.000003707086
0x0bba,756,0.000018081012
0x0bbb,756,0.000018081012
0x0bbc,756,0.000018081012
0x0bbf,384,0.000009184006
0x0bc0,384,0.000009184006
0x0bc1,384,0.000009184006
0x0bc4,192,0.000004592003
0x0bca,4,0.000000095667
0x0bcd,4,0.000000095667
0x0bd0,4,0.000000095667
0x0bd2,4,0.000000095667
0x0bd3,4,0.000000095667
0x0bd4,4,0.000000095667
0x0bd6,4,0.000000095667
0x0bd9,4,0.000000095667
0x0bdc,4,0.000000095667
0x0bdf,4,0.000000095667
0x0be2,4,0.000000095667
0x0be5,4,0.000000095667
0x0be8,4,0.000000095667
0x0beb,4,0.000000095667
0x0bee,4,0.000000095667
0x0bf1,4,0.000000095667
0x0c00,11,0.000000263084
0x0c01,11,0.000000263084
0x0c02,11,0.000000263084
0x0c04,11,0.000000263084
0x0c05,11,0.000000263084
0x0c07,11,0.000000263084
0x0c08,11,0.000000263084
0x0c09,11,0.000000263084
0x0c0a,11,0.000000263084
0x0c0b,11,0.000000263084
0x0c0c,11,0.000000263084
0x0c0f,11,0.000000263084
0x0c10,11,0.000000263084
0x0c11,11,0.000000263084
0x0c13,11,0.000000263084
0x0c16,9,0.000000215250
0x0c18,9,0.000000215250
0x0c1b,3,0.000000071750
0x0c1e,3,0.000000071750
0x0c20,3,0.000000071750
0x0c23,3,0.000000071750
0x0c40,7126,0.000170430280
0x0c43,7126,0.000170430280
0x0c45,7126,0.000170430280
0x0c48,7126,0.000170430280
0x0c4b,7126,0.000170430280
0x0c4e,7126,0.000170430280
0x0c51,7126,0.000170430280
0x0c56,7126,0.000170430280
0x0c59,35630,0.000852151398
0x0c5a,35630,0.000852151398
0x0c5d,35630,0.000852151398
0x0c5e,35630,0.000852151398
0x0c5f,35630,0.000852151398
0x0c61,35630,0.000852151398
0x0c62,35630,0.000852151398
0x0c64,35630,0.000852151398
0x0c67,7126,0.000170430280
0x0c6b,7126,0.000170430280
0x0c6e,7126,0.000170430280
0x0c71,35630,0.000852151398
0x0c74,35630,0.000852151398
0x0c75,35630,0.000852151398
0x0c76,35630,0.000852151398
0x0c77,35630,0.000852151398
0x0c78,35630,0.000852151398
0x0c79,35630,0.000852151398
0x0c7a,35630,0.000852151398
0x0c7b,35630,0.000852151398
0x0c7d,35630,0.000852151398
0x0c80,7126,0.000170430280
0x0c84,35630,0.000852151398
0x0c85,35630,0.000852151398
0x0c87,35630,0.000852151398
0x0c88,5116,0.000122357748
0x0c89,5116,0.000122357748
0x0c8a,5116,0.000122357748
0x0c8b,5116,0.000122357748
0x0c8c,5116,0.000122357748
0x0c8e,5116,0.000122357748
0x0c8f,5116,0.000122357748
0x0c90,5116,0.000122357748
0x0c91,5116,0.000122357748
0x0c92,5116,0.000122357748
0x0c94,5116,0.000122357748
0x0c95,5116,0.000122357748
0x0c97,5116,0.000122357748
0x0c9a,4978,0.000119057246
0x0c9b,4978,0.000119057246
0x0c9e,4978,0.000119057246
0x0c9f,4978,0.000119057246
0x0ca0,4978,0.000119057246
0x0ca2,4978,0.000119057246
0x0ca3,4978,0.000119057246
0x0ca4,4978,0.000119057246
0x0ca5,4978,0.000119057246
0x0ca6,4978,0.000119057246
0x0ca7,4978,0.000119057246
0x0ca8,4978,0.000119057246
0x0ca9,4978,0.000119057246
0x0caa,4978,0.000119057246
0x0cac,4978,0.000119057246
0x0caf,4969,0.000118841995
0x0cb4,4978,0.000119057246
0x0cb6,4978,0.000119057246
0x0cb7,1116,0.000026691018
0x0cb9,1116,0.000026691018
0x0cba,564,0.000013489009
0x0cbd,564,0.000013489009
0x0cbe,564,0.000013489009
0x0cbf,176,0.000004209336
0x0cc2,176,0.000004209336
0x0cc3,176,0.000004209336
0x0cc4,12,0.000000287000
0x0cc6,12,0.000000287000
0x0cc9,12,0.000000287000
0x0ccb,12,0.000000287000
0x0cce,12,0.000000287000
0x0cd0,12,0.000000287000
0x0cd3,12,0.000000287000
0x0cd8,7126,0.000170430280
0x0cdb,7126,0.000170430280
0x0cde,35630,0.000852151398
0x0cdf,35630,0.000852151398
0x0ce2,35630,0.000852151398
0x0ce3,35630,0.000852151398
0x0ce4,35630,0.000852151398
0x0ce6,35630,0.000852151398
0x0ce7,35630,0.000852151398
0x0ce9,35630,0.000852151398
0x0cea,35630,0.000852151398
0x0ceb,35630,0.000852151398
0x0cec,35630,0.000852151398
0x0cef,7126,0.000170430280
0x0cf4,3,0.000000071750
0x0cf5,3,0.000000071750
0x0cf6,3,0.000000071750
0x0d1c,2866,0.000068545212
0x0d1f,2866,0.000068545212
0x0d22,45856,0.001096723393
0x0d25,45856,0.001096723393
0x0d26,45856,0.001096723393
0x0d27,45856,0.001096723393
0x0d28,45856,0.001096723393
0x0d2a,45856,0.001096723393
0x0d2b,45856,0.001096723393
0x0d2e,2866,0.000068545212
0x0d30,45856,0.001096723393
0x0d31,45856,0.001096723393
0x0d32,45856,0.001096723393
0x0d33,45856,0.001096723393
0x0d34,45856,0.001096723393
0x0d35,45856,0.001096723393
0x0d37,45856,0.001096723393
0x0d38,32101,0.000767749425
0x0d39,32101,0.000767749425
0x0d3a,32101,0.000767749425
0x0d3b,32101,0.000767749425
0x0d3c,32101,0.000767749425
0x0d3e,32101,0.000767749425
0x0d3f,32101,0.000767749425
0x0d41,32101,0.000767749425
0x0d42,32101,0.000767749425
0x0d43,32101,0.000767749425
0x0d46,29493,0.000705374717
0x0d47,29493,0.000705374717
0x0d48,29493,0.000705374717
0x0d4b,4213,0.000100760983
0x0d4c,4213,0.000100760983
0x0d4d,4213,0.000100760983
0x0d4e,4213,0.000100760983
0x0d4f,6821,0.000163135691
0x0d50,6821,0.000163135691
0x0d51,6821,0.000163135691
0x0d52,6821,0.000163135691
0x0d53,6821,0.000163135691
0x0d54,6821,0.000163135691
0x0d55,6821,0.000163135691
0x0d57,6821,0.000163135691
0x0d58,6821,0.000163135691
0x0d59,2797,0.000066894961
0x0d5a,2797,0.000066894961
0x0d5e,25280,0.000604613734
0x0d5f,25280,0.000604613734
0x0d60,25280,0.000604613734
0x0d61,25280,0.000604613734
0x0d62,25280,0.000604613734
0x0d64,25280,0.000604613734
0x0d65,25280,0.000604613734
0x0d66,3861,0.000092342311
0x0d67,3861,0.000092342311
0x0d70,2865,0.000068521295
0x0d73,2865,0.000068521295
0x0d76,45840,0.001096340726
0x0d79,45840,0.001096340726
0x0d7a,45840,0.001096340726
0x0d7c,45840,0.001096340726
0x0d7d,45840,0.001096340726
0x0d7f,45840,0.001096340726
0x0d80,45840,0.001096340726
0x0d83,2865,0.000068521295
0x0d86,45840,0.001096340726
0x0d87,45840,0.001096340726
0x0d88,45840,0.001096340726
0x0d89,45840,0.001096340726
0x0d8a,45840,0.001096340726
0x0d8b,45840,0.001096340726
0x0d8d,45840,0.001096340726
0x0d8e,32085,0.000767366758
0x0d8f,32085,0.000767366758
0x0d90,32085,0.000767366758
0x0d91,32085,0.000767366758
0x0d94,32085,0.000767366758
0x0d95,32085,0.000767366758
0x0d96,32085,0.000767366758
0x0d97,32085,0.000767366758
0x0d99,32085,0.000767366758
0x0d9a,32085,0.000767366758
0x0d9c,32085,0.000767366758
0x0d9d,32085,0.000767366758
0x0d9f,32085,0.000767366758
0x0da0,32085,0.000767366758
0x0da1,32085,0.000767366758
0x0da2,32085,0.000767366758
0x0da3,32085,0.000767366758
0x0da4,32085,0.000767366758
0x0da5,32085,0.000767366758
0x0da6,32085,0.000767366758
0x0da7,32085,0.000767366758
0x0da8,32085,0.000767366758
0x0dab,29644,0.000708986136
0x0dac,29644,0.000708986136
0x0daf,4295,0.000102722151
0x0db0,4295,0.000102722151
0x0db1,4295,0.000102722151
0x0db3,4295,0.000102722151
0x0db4,4295,0.000102722151
0x0db5,4295,0.000102722151
0x0dbb,2441,0.000058380622
0x0dbc,2441,0.000058380622
0x0dbd,2441,0.000058380622
0x0dbf,2441,0.000058380622
0x0dc0,2441,0.000058380622
0x0dc1,2441,0.000058380622
0x0dc2,2441,0.000058380622
0x0dc3,2441,0.000058380622
0x0dc5,2441,0.000058380622
0x0dc6,2441,0.000058380622
0x0dcc,25349,0.000606263985
0x0dcd,25349,0.000606263985
0x0dce,25349,0.000606263985
0x0dcf,25349,0.000606263985
0x0dd1,25349,0.000606263985
0x0dd2,32085,0.000767366758
0x0dd3,32085,0.000767366758
0x0dd5,32085,0.000767366758
0x0dd6,32085,0.000767366758
0x0dd7,32085,0.000767366758
0x0dd8,32085,0.000767366758
0x0dd9,32085,0.000767366758
0x0dda,32085,0.000767366758
0x0dde,162,0.000003874503
0x0ddf,162,0.000003874503
0x0de0,162,0.000003874503
0x0de3,162,0.000003874503
0x0de4,162,0.000003874503
0x0de5,162,0.000003874503
0x0de6,162,0.000003874503
0x0de9,162,0.000003874503
0x0dea,162,0.000003874503
0x0deb,162,0.000003874503
0x0dec,162,0.000003874503
0x0ded,162,0.000003874503
0x0df0,10467,0.000250335916
0x0df3,10467,0.000250335916
0x0df6,10467,0.000250335916
0x0df9,10467,0.000250335916
0x0dfc,10467,0.000250335916
0x0dff,10467,0.000250335916
0x0e10,20934,0.000500671832
0x0e11,20934,0.000500671832
0x0e13,20934,0.000500671832
0x0e14,3935,0.000094112146
0x0e15,3935,0.000094112146
0x0e16,3935,0.000094112146
0x0e17,3935,0.000094112146
0x0e18,3935,0.000094112146
0x0e1a,3935,0.000094112146
0x0e1b,3935,0.000094112146
0x0e1d,3935,0.000094112146
0x0e1e,78,0.000001865501
0x0e20,78,0.000001865501
0x0e23,55,0.000001315418
0x0e25,55,0.000001315418
0x0e26,55,0.000001315418
0x0e27,55,0.000001315418
0x0e29,55,0.000001315418
0x0e2a,55,0.000001315418
0x0e2c,55,0.000001315418
0x0e2d,55,0.000001315418
0x0e2e,55,0.000001315418
0x0e2f,55,0.000001315418
0x0e31,55,0.000001315418
0x0e32,55,0.000001315418
0x0e33,48,0.000001148001
0x0e34,48,0.000001148001
0x0e35,48,0.000001148001
0x0e36,42,0.000001004501
0x0e39,23,0.000000550084
0x0e3a,23,0.000000550084
0x0e3b,23,0.000000550084
0x0e3c,23,0.000000550084
0x0e3d,23,0.000000550084
0x0e3e,23,0.000000550084
0x0e3f,23,0.000000550084
0x0e41,23,0.000000550084
0x0e42,23,0.000000550084
0x0e45,270,0.000006457504
0x0e46,270,0.000006457504
0x0e47,270,0.000006457504
0x0e48,270,0.000006457504
0x0e4a,270,0.000006457504
0x0e4d,259,0.000006194421
0x0e4e,259,0.000006194421
0x0e4f,259,0.000006194421
0x0e51,259,0.000006194421
0x0e52,259,0.000006194421
0x0e55,12,0.000000287000
0x0e58,161,0.000003850586
0x0e59,161,0.000003850586
0x0e5a,161,0.000003850586
0x0e5b,69,0.000001650251
0x0e5c,69,0.000001650251
0x0e5e,69,0.000001650251
0x0e5f,69,0.000001650251
0x0e60,26,0.000000621834
0x0e61,26,0.000000621834
0x0e62,26,0.000000621834
0x0e63,26,0.000000621834
0x0e65,26,0.000000621834
0x0e66,26,0.000000621834
0x0e67,11,0.000000263084
0x0e69,11,0.000000263084
0x0e6a,11,0.000000263084
0x0e6b,11,0.000000263084
0x0e70,42,0.000001004501
0x0e71,42,0.000001004501
0x0e72,42,0.000001004501
0x0e74,42,0.000001004501
0x0e75,42,0.000001004501
0x0e76,42,0.000001004501
0x0e77,42,0.000001004501
0x0e78,42,0.000001004501
0x0e7a,42,0.000001004501
0x0e7b,42,0.000001004501
0x0e7e,300,0.000007175005
0x0e7f,300,0.000007175005
0x0e80,300,0.000007175005
0x0e81,300,0.000007175005
0x0e83,300,0.000007175005
0x0e86,258,0.000006170504
0x0e87,258,0.000006170504
0x0e88,258,0.000006170504
0x0e8a,258,0.000006170504
0x0e8b,258,0.000006170504
0x0e90,198,0.000004735503
0x0e91,198,0.000004735503
0x0e93,198,0.000004735503
0x0e94,198,0.000004735503
0x0e95,96,0.000002296002
0x0e97,96,0.000002296002
0x0e98,96,0.000002296002
0x0e99,56,0.000001339334
0x0e9a,56,0.000001339334
0x0e9b,56,0.000001339334
0x0e9c,56,0.000001339334
0x0e9e,56,0.000001339334
0x0e9f,56,0.000001339334
0x0ea0,42,0.000001004501
0x0ea3,42,0.000001004501
0x0ea4,53,0.000001267584
0x0ea5,53,0.000001267584
0x0ea6,53,0.000001267584
0x0ea7,53,0.000001267584
0x0ea8,53,0.000001267584
0x0ea9,53,0.000001267584
0x0eaa,53,0.000001267584
0x0eac,53,0.000001267584
0x0ead,56,0.000001339334
0x0eae,56,0.000001339334
0x0eb0,56,0.000001339334
0x0eb1,56,0.000001339334
0x0eb2,56,0.000001339334
0x0eb4,56,0.000001339334
0x0eb5,56,0.000001339334
0x0eb6,56,0.000001339334
0x0eb7,56,0.000001339334
0x0eb8,56,0.000001339334
0x0ebb,56,0.000001339334
0x0ebc,56,0.000001339334
0x0ebe,56,0.000001339334
0x0ec1,53,0.000001267584
0x0ec3,56,0.000001339334
0x0ec4,56,0.000001339334
0x0ec5,56,0.000001339334
0x0ed5,56,0.000001339334
0x0ed6,56,0.000001339334
0x0ed7,56,0.000001339334
0x0ed8,56,0.000001339334
0x0ed9,56,0.000001339334
0x0eda,56,0.000001339334
0x0edb,56,0.000001339334
0x0edc,56,0.000001339334
0x0ede,56,0.000001339334
0x0ee0,56,0.000001339334
0x0ee2,56,0.000001339334
0x0ee3,56,0.000001339334
0x0ee4,56,0.000001339334
0x0ee5,56,0.000001339334
0x0f00,2869,0.000068616962
0x0f03,2869,0.000068616962
0x0f04,2869,0.000068616962
0x0f06,2869,0.000068616962
0x0f09,2869,0.000068616962
0x0f0b,2869,0.000068616962
0x0f0c,2869,0.000068616962
0x0f0d,2869,0.000068616962
0x0f0e,2869,0.000068616962
0x0f11,2869,0.000068616962
0x0f14,2869,0.000068616962
0x0f15,3,0.000000071750
0x0f16,3,0.000000071750
0x0f17,3,0.000000071750
0x0f1a,3,0.000000071750
0x0f1b,3,0.000000071750
0x0f1d,3,0.000000071750
0x0f1e,3,0.000000071750
0x0f1f,3,0.000000071750
0x0f20,3,0.000000071750
0x0f23,15,0.000000358750
0x0f24,15,0.000000358750
0x0f25,15,0.000000358750
0x0f26,15,0.000000358750
0x0f28,15,0.000000358750
0x0f2b,12,0.000000287000
0x0f2c,12,0.000000287000
0x0f2d,12,0.000000287000
0x0f2f,12,0.000000287000
0x0f30,12,0.000000287000
0x0f38,6,0.000000143500
0x0f39,6,0.000000143500
0x0f3a,6,0.000000143500
0x0f3b,6,0.000000143500
0x0f3d,6,0.000000143500
0x0f3e,3,0.000000071750
0x0f40,3,0.000000071750
0x0f41,3,0.000000071750
0x0f42,3,0.000000071750
0x0f43,3,0.000000071750
0x0f44,3,0.000000071750
0x0f45,3,0.000000071750
0x0f46,3,0.000000071750
0x0f49,3,0.000000071750
0x0f4c,3,0.000000071750
0x0f4d,3,0.000000071750
0x0f4e,3,0.000000071750
0x0f56,5735,0.000137162174
0x0f57,5735,0.000137162174
0x0f58,11467,0.000274252598
0x0f59,11467,0.000274252598
0x0f5b,11467,0.000274252598
0x0f5e,3,0.000000071750
0x0f60,3,0.000000071750
0x0f63,11464,0.000274180848
0x0f64,11464,0.000274180848
0x0f65,11464,0.000274180848
0x0f68,5732,0.000137090424
0x0f69,5732,0.000137090424
0x0f6a,5732,0.000137090424
0x0f6d,5732,0.000137090424
0x0f6e,5732,0.000137090424
0x0f71,2866,0.000068545212
0x0fc0,7499,0.000179351202
0x0fc3,7499,0.000179351202
0x0fc6,7499,0.000179351202
0x0fc9,7499,0.000179351202
0x0fcc,7499,0.000179351202
0x0fcf,7499,0.000179351202
0x0fd2,7499,0.000179351202
0x0fd5,7499,0.000179351202
0x0fd8,14998,0.000358702404
0x0fd9,14998,0.000358702404
0x0fda,14998,0.000358702404
0x0fdb,803,0.000019205096
0x0fdc,803,0.000019205096
0x0fdd,803,0.000019205096
0x0fde,803,0.000019205096
0x0fdf,803,0.000019205096
0x0fe0,803,0.000019205096
0x0fe1,803,0.000019205096
0x0fe2,803,0.000019205096
0x0fe3,803,0.000019205096
0x0fe6,803,0.000019205096
0x0fe7,803,0.000019205096
0x0fe9,803,0.000019205096
0x0fea,803,0.000019205096
0x0fec,803,0.000019205096
0x0fed,803,0.000019205096
0x0fef,803,0.000019205096
0x0ff0,803,0.000019205096
0x0ff1,803,0.000019205096
0x0ff4,803,0.000019205096
0x14e0,1884,0.000045059030
0x14e1,1884,0.000045059030
0x14e4,1884,0.000045059030
0x14e6,1884,0.000045059030
0x17e0,17198,0.000411319106
0x17e3,17198,0.000411319106
0x17e5,17198,0.000411319106
0x17e8,17198,0.000411319106
0x1df0,1023,0.000024466766
0x1df3,1023,0.000024466766
0x1df5,1023,0.000024466766
0x1ee0,704,0.000016837344
0x1ee3,704,0.000016837344
0x1ee6,18304,0.000437770957
0x1ee7,18304,0.000437770957
0x1ee8,18304,0.000437770957
0x1ee9,18304,0.000437770957
0x1eec,18304,0.000437770957
0x1eed,18304,0.000437770957
0x1ef0,704,0.000016837344
0x1ef1,704,0.000016837344
0x1ef2,704,0.000016837344
0x1ef4,704,0.000016837344
0x1ef7,704,0.000016837344
0x1ef8,704,0.000016837344
0x1ef9,704,0.000016837344
0x1efa,704,0.000016837344
0x2000,10467,0.000250335916
0x2003,10467,0.000250335916
0x2006,10467,0.000250335916
0x2009,10467,0.000250335916
0x200c,10467,0.000250335916
0x200d,10467,0.000250335916
0x200f,10467,0.000250335916
0x2010,10467,0.000250335916
0x2011,10467,0.000250335916
0x2014,10467,0.000250335916
0x2015,10467,0.000250335916
0x2018,10275,0.000245743913
0x201a,10275,0.000245743913
0x201d,1194,0.000028556519
0x201e,1194,0.000028556519
0x201f,1194,0.000028556519
0x2020,1194,0.000028556519
0x2023,298,0.000007127171
0x2025,1194,0.000028556519
0x2026,1194,0.000028556519
0x2027,1194,0.000028556519
0x202a,1190,0.000028460852
0x2040,4780,0.000114321742
0x2043,4780,0.000114321742
0x2046,4780,0.000114321742
0x2047,4780,0.000114321742
0x2048,4780,0.000114321742
0x2049,41,0.000000980584
0x204a,41,0.000000980584
0x204b,41,0.000000980584
0x204c,41,0.000000980584
0x204d,41,0.000000980584
0x204e,41,0.000000980584
0x204f,41,0.000000980584
0x2050,41,0.000000980584
0x2051,41,0.000000980584
0x2052,41,0.000000980584
0x2055,41,0.000000980584
0x2057,41,0.000000980584
0x2058,41,0.000000980584
0x2059,41,0.000000980584
0x205a,41,0.000000980584
0x205c,41,0.000000980584
0x205d,41,0.000000980584
0x205e,41,0.000000980584
0x2060,41,0.000000980584
0x2061,41,0.000000980584
0x2062,41,0.000000980584
0x2063,41,0.000000980584
0x2064,41,0.000000980584
0x2065,41,0.000000980584
0x2066,41,0.000000980584
0x2068,41,0.000000980584
0x2069,41,0.000000980584
0x206a,41,0.000000980584
0x206b,41,0.000000980584
0x206c,41,0.000000980584
0x206d,41,0.000000980584
0x2070,192,0.000004592003
0x2071,192,0.000004592003
0x2073,192,0.000004592003
0x2075,192,0.000004592003
0x2076,192,0.000004592003
0x2077,192,0.000004592003
0x2079,192,0.000004592003
0x207a,192,0.000004592003
0x207b,192,0.000004592003
0x207e,192,0.000004592003
0x2081,192,0.000004592003
0x2085,192,0.000004592003
0x2087,192,0.000004592003
0x2088,192,0.000004592003
0x2089,192,0.000004592003
0x208a,192,0.000004592003
0x208c,192,0.000004592003
0x208d,192,0.000004592003
0x208f,192,0.000004592003
0x2090,192,0.000004592003
0x2091,304,0.000007270671
0x2093,304,0.000007270671
0x2094,304,0.000007270671
0x2096,304,0.000007270671
0x2097,304,0.000007270671
0x209a,112,0.000002678668
0x209b,112,0.000002678668
0x209c,112,0.000002678668
0x209d,112,0.000002678668
0x209f,112,0.000002678668
0x20a0,112,0.000002678668
0x20a1,112,0.000002678668
0x20a3,112,0.000002678668
0x20a4,112,0.000002678668
0x20a5,112,0.000002678668
0x20a7,112,0.000002678668
0x20a8,112,0.000002678668
0x20b0,192,0.000004592003
0x20b1,5920,0.000141586760
0x20b2,5920,0.000141586760
0x20b3,5920,0.000141586760
0x20b5,47360,0.001132694083
0x20b7,47360,0.001132694083
0x20b8,47360,0.001132694083
0x20bb,1818,0.000043480529
0x20bc,1818,0.000043480529
0x20bd,1818,0.000043480529
0x20be,1818,0.000043480529
0x20bf,47360,0.001132694083
0x20c0,47360,0.001132694083
0x20c1,47360,0.001132694083
0x20c2,47360,0.001132694083
0x20c5,5920,0.000141586760
0x20c6,5920,0.000141586760
0x20c7,5920,0.000141586760
0x20c8,5920,0.000141586760
0x20c9,5920,0.000141586760
0x20cc,2960,0.000070793380
0x20cd,2960,0.000070793380
0x20cf,2960,0.000070793380
0x20d2,2768,0.000066201377
0x20d3,2768,0.000066201377
0x20d4,2768,0.000066201377
0x20d6,2768,0.000066201377
0x20d7,2768,0.000066201377
0x20d8,2768,0.000066201377
0x20da,2768,0.000066201377
0x20db,2768,0.000066201377
0x20dc,2768,0.000066201377
0x20de,2768,0.000066201377
0x20e1,192,0.000004592003
0x20e2,192,0.000004592003
0x20e8,192,0.000004592003
0x20e9,192,0.000004592003
0x20ea,192,0.000004592003
0x20ec,192,0.000004592003
0x20ed,192,0.000004592003
0x20f0,192,0.000004592003
0x20f1,192,0.000004592003
0x20f2,192,0.000004592003
0x20f3,192,0.000004592003
0x20f4,192,0.000004592003
0x20f6,192,0.000004592003
0x20f7,192,0.000004592003
0x20f8,192,0.000004592003
0x20fa,192,0.000004592003
0x20fb,192,0.000004592003
0x20fc,192,0.000004592003
0x20fd,192,0.000004592003
0x20fe,192,0.000004592003
0x20ff,192,0.000004592003
0x2101,192,0.000004592003
0x2103,192,0.000004592003
0x2104,192,0.000004592003
0x2106,192,0.000004592003
0x2107,192,0.000004592003
0x2108,192,0.000004592003
0x2109,192,0.000004592003
0x210a,192,0.000004592003
0x210d,192,0.000004592003
0x211c,192,0.000004592003
0x211f,192,0.000004592003
0x2120,192,0.000004592003
0x2122,192,0.000004592003
0x2123,144,0.000003444002
0x2125,144,0.000003444002
0x2130,9085,0.000217283061
0x2131,9085,0.000217283061
0x2132,9085,0.000217283061
0x2135,6811,0.000162896525
0x2137,6811,0.000162896525
0x213a,4540,0.000108581739
0x213c,4540,0.000108581739
0x213f,2270,0.000054290869
0x2146,1190,0.000028460852
0x2147,1190,0.000028460852
0x2148,1190,0.000028460852
0x214b,595,0.000014230426
0x2150,2274,0.000054386536
0x2153,2274,0.000054386536
0x2156,2274,0.000054386536
0x2160,2271,0.000054314786
0x2163,2271,0.000054314786
0x2166,2271,0.000054314786
0x2169,2271,0.000054314786
0x2170,2270,0.000054290869
0x2173,2270,0.000054290869
0x2180,2270,0.000054290869
0x2183,2270,0.000054290869
0x2186,2270,0.000054290869
0x2189,2270,0.000054290869
0x2190,595,0.000014230426
0x2193,595,0.000014230426
0x2196,595,0.000014230426
0x2199,595,0.000014230426
0x219c,595,0.000014230426
0x21a5,595,0.000014230426
0x21a8,595,0.000014230426
0x21ab,595,0.000014230426
0x21ae,595,0.000014230426
0x21b1,595,0.000014230426
0x21ba,192,0.000004592003
0x21bb,192,0.000004592003
0x21bc,192,0.000004592003
0x21bf,96,0.000002296002
0x21c2,96,0.000002296002
0x21c5,96,0.000002296002
0x21c8,96,0.000002296002
0x21cb,96,0.000002296002
0x21cd,96,0.000002296002
0x21cf,96,0.000002296002
0x21dc,704,0.000016837344
0x21dd,704,0.000016837344
0x21de,704,0.000016837344
0x21df,704,0.000016837344
0x21e2,704,0.000016837344
0x21e4,704,0.000016837344
0x21e5,704,0.000016837344
0x21e6,704,0.000016837344
0x21e8,704,0.000016837344
0x21e9,704,0.000016837344
0x21eb,704,0.000016837344
0x21ec,704,0.000016837344
0x21ed,704,0.000016837344
0x21ef,704,0.000016837344
0x21f0,704,0.000016837344
0x21f1,704,0.000016837344
0x21f2,704,0.000016837344
0x21f4,704,0.000016837344
0x21f5,704,0.000016837344
0x21f7,704,0.000016837344
0x21f8,704,0.000016837344
0x21f9,704,0.000016837344
0x21fc,704,0.000016837344
0x2204,288,0.000006888005
0x2207,288,0.000006888005
0x2208,288,0.000006888005
0x2209,288,0.000006888005
0x220b,288,0.000006888005
0x220c,3,0.000000071750
0x220e,3,0.000000071750
0x2210,3,0.000000071750
0x2212,3,0.000000071750
0x2214,3,0.000000071750
0x2216,3,0.000000071750
0x2217,3,0.000000071750
0x2218,3,0.000000071750
0x221a,3,0.000000071750
0x221b,3,0.000000071750
0x221d,3,0.000000071750
0x221e,3,0.000000071750
0x2220,3,0.000000071750
0x2221,3,0.000000071750
0x2222,3,0.000000071750
0x2223,3,0.000000071750
0x2224,3,0.000000071750
0x2227,2,0.000000047833
0x2228,2,0.000000047833
0x222a,3,0.000000071750
0x222b,3,0.000000071750
0x2230,440,0.000010523340
0x2233,440,0.000010523340
0x2234,440,0.000010523340
0x2235,440,0.000010523340
0x2236,440,0.000010523340
0x2237,440,0.000010523340
0x2239,440,0.000010523340
0x223b,440,0.000010523340
0x223e,424,0.000010140673
0x2240,424,0.000010140673
0x2243,216,0.000005166003
0x2245,216,0.000005166003
0x2247,216,0.000005166003
0x2249,216,0.000005166003
0x224c,8,0.000000191333
0x224f,8,0.000000191333
0x2250,8,0.000000191333
0x2252,8,0.000000191333
0x2254,8,0.000000191333
0x2260,416,0.000009949340
0x2261,416,0.000009949340
0x2262,416,0.000009949340
0x2263,416,0.000009949340
0x2264,416,0.000009949340
0x2265,416,0.000009949340
0x2267,416,0.000009949340
0x2268,416,0.000009949340
0x2269,416,0.000009949340
0x226b,416,0.000009949340
0x226d,416,0.000009949340
0x226e,416,0.000009949340
0x226f,416,0.000009949340
0x2271,416,0.000009949340
0x2272,416,0.000009949340
0x2273,416,0.000009949340
0x2274,416,0.000009949340
0x2275,416,0.000009949340
0x2276,416,0.000009949340
0x2277,416,0.000009949340
0x2278,416,0.000009949340
0x2279,416,0.000009949340
0x227a,5824,0.000139290759
0x227b,52416,0.001253616830
0x227c,52416,0.001253616830
0x227d,52416,0.001253616830
0x227e,52416,0.001253616830
0x227f,52416,0.001253616830
0x2280,52416,0.001253616830
0x2283,5824,0.000139290759
0x2284,5824,0.000139290759
0x2285,5824,0.000139290759
0x2286,5824,0.000139290759
0x2288,5824,0.000139290759
0x2289,5824,0.000139290759
0x228a,5824,0.000139290759
0x228c,5824,0.000139290759
0x228d,5824,0.000139290759
0x228e,5824,0.000139290759
0x2291,416,0.000009949340
0x2292,16,0.000000382667
0x2295,16,0.000000382667
0x2296,16,0.000000382667
0x2298,16,0.000000382667
0x229b,6,0.000000143500
0x229e,6,0.000000143500
0x22a1,6,0.000000143500
0x22a3,2496,0.000059696040
0x22a4,2496,0.000059696040
0x22a5,2496,0.000059696040
0x22a6,2496,0.000059696040
0x22a7,2496,0.000059696040
0x22a8,2496,0.000059696040
0x22a9,2496,0.000059696040
0x22aa,2496,0.000059696040
0x22ab,2496,0.000059696040
0x22ac,2496,0.000059696040
0x22ad,2496,0.000059696040
0x22b0,6,0.000000143500
0x22b4,216,0.000005166003
0x22b7,216,0.000005166003
0x22ba,216,0.000005166003
0x22bb,216,0.000005166003
0x22bc,216,0.000005166003
0x22be,216,0.000005166003
0x22c1,3,0.000000071750
0x22c3,3,0.000000071750
0x22c5,3,0.000000071750
0x22ca,147,0.000003515752
0x22cd,147,0.000003515752
0x22ce,147,0.000003515752
0x22d0,147,0.000003515752
0x22d3,3,0.000000071750
0x22d5,3,0.000000071750
0x22d7,3,0.000000071750
0x22d9,3,0.000000071750
0x22db,3,0.000000071750
0x22dd,3,0.000000071750
0x22e0,6,0.000000143500
0x22e2,16,0.000000382667
0x22e5,16,0.000000382667
0x22e8,16,0.000000382667
0x22f0,10,0.000000239167
0x22f3,10,0.000000239167
0x22f4,10,0.000000239167
0x22fa,732,0.000017507012
0x22fd,732,0.000017507012
0x22ff,732,0.000017507012
0x2302,732,0.000017507012
0x2303,13176,0.000315126209
0x2304,13176,0.000315126209
0x2306,13176,0.000315126209
0x2307,13176,0.000315126209
0x2308,13176,0.000315126209
0x2309,13176,0.000315126209
0x230a,13176,0.000315126209
0x230b,13176,0.000315126209
0x230d,13176,0.000315126209
0x230e,13176,0.000315126209
0x230f,13176,0.000315126209
0x2310,13176,0.000315126209
0x2312,13176,0.000315126209
0x2313,13176,0.000315126209
0x2314,13176,0.000315126209
0x2316,13176,0.000315126209
0x2317,13176,0.000315126209
0x231a,1464,0.000035014023
0x231b,13176,0.000315126209
0x231c,13176,0.000315126209
0x231f,732,0.000017507012
0x2322,2196,0.000052521035
0x2325,2196,0.000052521035
0x2326,2196,0.000052521035
0x2327,2196,0.000052521035
0x2329,2196,0.000052521035
0x232a,2196,0.000052521035
0x232b,2196,0.000052521035
0x232c,2196,0.000052521035
0x232e,2196,0.000052521035
0x232f,2196,0.000052521035
0x2331,2196,0.000052521035
0x2334,2196,0.000052521035
0x2337,2196,0.000052521035
0x2351,5856,0.000140056093
0x2352,5856,0.000140056093
0x2354,5856,0.000140056093
0x2355,1239,0.000029632770
0x2356,1239,0.000029632770
0x2357,1239,0.000029632770
0x2358,1239,0.000029632770
0x235a,1239,0.000029632770
0x235b,1239,0.000029632770
0x235e,1239,0.000029632770
0x235f,1239,0.000029632770
0x2360,1239,0.000029632770
0x2361,1239,0.000029632770
0x2362,1239,0.000029632770
0x2364,1239,0.000029632770
0x2365,1239,0.000029632770
0x2366,1239,0.000029632770
0x2368,1239,0.000029632770
0x2369,1239,0.000029632770
0x236a,1239,0.000029632770
0x236b,1239,0.000029632770
0x236c,1239,0.000029632770
0x236e,1239,0.000029632770
0x2370,1239,0.000029632770
0x2373,1104,0.000026404017
0x2375,1104,0.000026404017
0x2377,1104,0.000026404017
0x237a,1104,0.000026404017
0x237b,135,0.000003228752
0x237c,135,0.000003228752
0x237e,135,0.000003228752
0x237f,135,0.000003228752
0x2381,135,0.000003228752
0x2384,135,0.000003228752
0x2385,135,0.000003228752
0x2386,135,0.000003228752
0x2387,135,0.000003228752
0x2389,135,0.000003228752
0x238a,39,0.000000932751
0x238c,39,0.000000932751
0x238d,39,0.000000932751
0x238e,39,0.000000932751
0x2390,39,0.000000932751
0x2391,33,0.000000789251
0x2393,33,0.000000789251
0x23d6,5510,0.000131780921
0x23d9,5510,0.000131780921
0x23da,5510,0.000131780921
0x23dc,5510,0.000131780921
0x23de,5510,0.000131780921
0x23e1,3442,0.000082321221
0x23e3,3442,0.000082321221
0x23e6,2162,0.000051707868
0x23e8,2162,0.000051707868
0x23eb,906,0.000021668514
0x23ed,906,0.000021668514
0x23f0,270,0.000006457504
0x23f2,270,0.000006457504
0x2476,62,0.000001482834
0x2477,62,0.000001482834
0x2478,62,0.000001482834
0x247b,62,0.000001482834
0x247d,62,0.000001482834
0x247e,62,0.000001482834
0x2481,62,0.000001482834
0x2483,62,0.000001482834
0x2484,62,0.000001482834
0x2485,62,0.000001482834
0x2487,62,0.000001482834
0x2488,62,0.000001482834
0x2489,62,0.000001482834
0x248a,62,0.000001482834
0x248c,62,0.000001482834
0x248d,62,0.000001482834
0x248f,62,0.000001482834
0x2490,62,0.000001482834
0x2493,62,0.000001482834
0x2495,62,0.000001482834
0x2496,62,0.000001482834
0x2497,62,0.000001482834
0x2498,53,0.000001267584
0x2499,53,0.000001267584
0x249a,53,0.000001267584
0x249b,36,0.000000861001
0x249c,36,0.000000861001
0x249d,36,0.000000861001
0x249e,20,0.000000478334
0x249f,20,0.000000478334
0x24a0,10467,0.000250335916
0x24a3,10467,0.000250335916
0x24a5,10467,0.000250335916
0x24a7,10467,0.000250335916
0x24a8,5856,0.000140056093
0x24ab,5856,0.000140056093
0x24ae,5856,0.000140056093
0x24b1,5856,0.000140056093
0x24b4,5856,0.000140056093
0x24b6,5856,0.000140056093
0x24b8,5856,0.000140056093
0x24b9,1464,0.000035014023
0x24c4,5232,0.000125132083
0x24c7,5232,0.000125132083
0x24c9,5232,0.000125132083
0x24cb,5232,0.000125132083
0x24ce,2928,0.000070028046
0x24d1,2928,0.000070028046
0x24d4,2928,0.000070028046
0x24d5,2928,0.000070028046
0x24d6,2928,0.000070028046
0x24d8,2928,0.000070028046
0x24db,2196,0.000052521035
0x24e0,2928,0.000070028046
0x24e3,2928,0.000070028046
0x24e5,2928,0.000070028046
0x24e6,183,0.000004376753
0x24e9,183,0.000004376753
0x24eb,183,0.000004376753
0x24ec,183,0.000004376753
0x24f2,1464,0.000035014023
0x24f5,1464,0.000035014023
0x24f7,1464,0.000035014023
0x24f8,1464,0.000035014023
0x24f9,1464,0.000035014023
0x24fc,1464,0.000035014023
0x24fe,1464,0.000035014023
0x24ff,1464,0.000035014023
0x2500,432,0.000010332007
0x2503,432,0.000010332007
0x2504,432,0.000010332007
0x2505,402,0.000009614506
0x2508,402,0.000009614506
0x2509,402,0.000009614506
0x250a,99,0.000002367752
0x250b,99,0.000002367752
0x250d,99,0.000002367752
0x250e,99,0.000002367752
0x2511,99,0.000002367752
0x2512,99,0.000002367752
0x2513,99,0.000002367752
0x2515,99,0.000002367752
0x2517,99,0.000002367752
0x2518,99,0.000002367752
0x2519,99,0.000002367752
0x251a,99,0.000002367752
0x2560,2865,0.000068521295
0x2563,2865,0.000068521295
0x2564,2865,0.000068521295
0x2566,2865,0.000068521295
0x2567,2865,0.000068521295
0x2568,2865,0.000068521295
0x2569,2865,0.000068521295
0x256a,2865,0.000068521295
0x256b,2865,0.000068521295
0x256d,2865,0.000068521295
0x256e,2865,0.000068521295
0x2570,2865,0.000068521295
0x2572,2865,0.000068521295
0x2575,2865,0.000068521295
0x2576,2865,0.000068521295
0x2577,2865,0.000068521295
0x2578,2865,0.000068521295
0x2579,2865,0.000068521295
0x257b,2865,0.000068521295
0x257c,2865,0.000068521295
0x257f,2865,0.000068521295
0x2581,2865,0.000068521295
0x2582,2865,0.000068521295
0x2585,2865,0.000068521295
0x2587,2865,0.000068521295
0x2588,22757,0.000544271944
0x2589,22757,0.000544271944
0x258c,22696,0.000542813026
0x258d,22696,0.000542813026
0x258e,22696,0.000542813026
0x2590,22696,0.000542813026
0x2591,22696,0.000542813026
0x2592,22696,0.000542813026
0x2595,2804,0.000067062378
0x2596,22757,0.000544271944
0x2597,22757,0.000544271944
0x2599,22757,0.000544271944
0x259a,15940,0.000381231919
0x259b,15940,0.000381231919
0x259c,15940,0.000381231919
0x259e,15940,0.000381231919
0x259f,15940,0.000381231919
0x25a1,15940,0.000381231919
0x25a2,14845,0.000355043152
0x25a3,14845,0.000355043152
0x25a4,14845,0.000355043152
0x25a5,14845,0.000355043152
0x25a6,10034,0.000239979992
0x25a7,10034,0.000239979992
0x25a8,2414,0.000057734872
0x25a9,2414,0.000057734872
0x25aa,2414,0.000057734872
0x25ab,2414,0.000057734872
0x25ac,2376,0.000056826038
0x25ae,2376,0.000056826038
0x25af,61,0.000001458918
0x25b0,61,0.000001458918
0x25b1,61,0.000001458918
0x25b2,61,0.000001458918
0x25b3,61,0.000001458918
0x25b4,61,0.000001458918
0x25b5,61,0.000001458918
0x25b6,61,0.000001458918
0x25b7,310,0.000007414172
0x25ba,310,0.000007414172
0x25bc,310,0.000007414172
0x25be,310,0.000007414172
0x25ca,310,0.000007414172
0x25cd,728,0.000017411345
0x25ce,728,0.000017411345
0x25d0,728,0.000017411345
0x25d3,556,0.000013297675
0x25d4,556,0.000013297675
0x25d6,556,0.000013297675
0x25d7,556,0.000013297675
0x25d8,556,0.000013297675
0x25db,138,0.000003300502
0x25dc,138,0.000003300502
0x25dd,138,0.000003300502
0x25e0,172,0.000004113669
0x25e1,172,0.000004113669
0x25e3,172,0.000004113669
0x25e4,172,0.000004113669
0x25e5,172,0.000004113669
0x25e7,172,0.000004113669
0x25e8,172,0.000004113669
0x25ea,172,0.000004113669
0x25eb,172,0.000004113669
0x25ec,172,0.000004113669
0x25ed,172,0.000004113669
0x25ef,172,0.000004113669
0x25f0,172,0.000004113669
0x25f1,172,0.000004113669
0x25f3,172,0.000004113669
0x25f4,172,0.000004113669
0x25f6,172,0.000004113669
0x25f7,172,0.000004113669
0x25f8,172,0.000004113669
0x25f9,172,0.000004113669
0x25fa,172,0.000004113669
0x25fb,172,0.000004113669
0x25fc,172,0.000004113669
0x25fd,172,0.000004113669
0x2600,3788,0.000090596393
0x2601,3788,0.000090596393
0x2602,3788,0.000090596393
0x2603,3788,0.000090596393
0x2604,3788,0.000090596393
0x2605,3788,0.000090596393
0x2608,3788,0.000090596393
0x2609,3788,0.000090596393
0x260a,3788,0.000090596393
0x260b,3788,0.000090596393
0x260c,3788,0.000090596393
0x260e,3788,0.000090596393
0x2611,3788,0.000090596393
0x2612,3788,0.000090596393
0x2613,3788,0.000090596393
0x2616,3788,0.000090596393
0x2617,3788,0.000090596393
0x261a,2215,0.000052975452
0x261d,2215,0.000052975452
0x261e,2215,0.000052975452
0x2620,2215,0.000052975452
0x2621,2215,0.000052975452
0x2624,2215,0.000052975452
0x2625,2215,0.000052975452
0x2626,2215,0.000052975452
0x2628,2215,0.000052975452
0x2629,2215,0.000052975452
0x262b,2215,0.000052975452
0x262c,2215,0.000052975452
0x262e,2215,0.000052975452
0x262f,2215,0.000052975452
0x2630,2215,0.000052975452
0x2631,2215,0.000052975452
0x2633,2215,0.000052975452
0x2634,2215,0.000052975452
0x2635,2215,0.000052975452
0x2638,2215,0.000052975452
0x2639,3788,0.000090596393
0x263c,3788,0.000090596393
0x263f,3788,0.000090596393
0x2642,3788,0.000090596393
0x2643,3788,0.000090596393
0x2646,1894,0.000045298197
0x2649,1894,0.000045298197
0x2650,1573,0.000037620942
0x2651,1573,0.000037620942
0x2654,1573,0.000037620942
0x2655,1573,0.000037620942
0x2656,1573,0.000037620942
0x2658,1573,0.000037620942
0x2659,1573,0.000037620942
0x265b,1573,0.000037620942
0x265c,1573,0.000037620942
0x265e,1573,0.000037620942
0x2661,1573,0.000037620942
0x2662,1573,0.000037620942
0x2668,1894,0.000045298197
0x266b,1894,0.000045298197
0x266c,1894,0.000045298197
0x266d,1894,0.000045298197
0x2670,1894,0.000045298197
0x2672,1894,0.000045298197
0x2676,1894,0.000045298197
0x2678,1894,0.000045298197
0x267c,1894,0.000045298197
0x267f,1894,0.000045298197
0x2681,1894,0.000045298197
0x2684,1894,0.000045298197
0x2685,1894,0.000045298197
0x2688,1894,0.000045298197
0x268a,1894,0.000045298197
0x268b,1894,0.000045298197
0x268d,1894,0.000045298197
0x268e,1894,0.000045298197
0x268f,1894,0.000045298197
0x2692,1888,0.000045154697
0x2693,1894,0.000045298197
0x2694,1894,0.000045298197
0x2697,1894,0.000045298197
0x2699,1894,0.000045298197
0x269c,439,0.000010499424
0x269d,1894,0.000045298197
0x269f,1894,0.000045298197
0x26a2,137,0.000003276586
0x26a3,1894,0.000045298197
0x26a4,1894,0.000045298197
0x26a7,1894,0.000045298197
0x26aa,1894,0.000045298197
0x26ad,1894,0.000045298197
0x26ae,1894,0.000045298197
0x26af,1894,0.000045298197
0x26b0,1894,0.000045298197
0x26b1,329,0.000007868589
0x26b2,329,0.000007868589
0x26b4,329,0.000007868589
0x26b5,329,0.000007868589
0x26b7,329,0.000007868589
0x26b8,329,0.000007868589
0x26ba,329,0.000007868589
0x26bb,62,0.000001482834
0x26bc,62,0.000001482834
0x26bd,62,0.000001482834
0x26be,62,0.000001482834
0x26bf,62,0.000001482834
0x26c2,62,0.000001482834
0x26c4,62,0.000001482834
0x26c6,62,0.000001482834
0x26c7,62,0.000001482834
0x26c8,62,0.000001482834
0x26ca,62,0.000001482834
0x26cb,62,0.000001482834
0x26cc,62,0.000001482834
0x26d0,1894,0.000045298197
0x26d3,1894,0.000045298197
0x26d6,1894,0.000045298197
0x26d9,15152,0.000362385573
0x26da,15152,0.000362385573
0x26db,15152,0.000362385573
0x26de,10418,0.000249163998
0x26df,10418,0.000249163998
0x26e0,10418,0.000249163998
0x26e3,1798,0.000043002195
0x26e4,10418,0.000249163998
0x26e5,15152,0.000362385573
0x26e6,15152,0.000362385573
0x26e7,15152,0.000362385573
0x26e8,15152,0.000362385573
0x26e9,15152,0.000362385573
0x26eb,15152,0.000362385573
0x26ee,1894,0.000045298197
0x26f1,1894,0.000045298197
0x26f2,1894,0.000045298197
0x26f3,1894,0.000045298197
0x26f5,1894,0.000045298197
0x26f8,1894,0.000045298197
0x26f9,1894,0.000045298197
0x26fa,1894,0.000045298197
0x26fd,1894,0.000045298197
0x2700,6578,0.000157323938
0x2703,6578,0.000157323938
0x2704,6578,0.000157323938
0x2705,6578,0.000157323938
0x2706,6577,0.000157300021
0x2707,6577,0.000157300021
0x2708,6577,0.000157300021
0x270a,6577,0.000157300021
0x270b,6577,0.000157300021
0x270c,6577,0.000157300021
0x270e,6577,0.000157300021
0x270f,6577,0.000157300021
0x2711,6577,0.000157300021
0x2714,6577,0.000157300021
0x2717,26308,0.000629200083
0x271a,26308,0.000629200083
0x271b,26308,0.000629200083
0x271c,26308,0.000629200083
0x271d,26308,0.000629200083
0x271e,26308,0.000629200083
0x2720,26308,0.000629200083
0x2723,6577,0.000157300021
0x2725,6577,0.000157300021
0x2728,6577,0.000157300021
0x272a,6577,0.000157300021
0x2739,6577,0.000157300021
0x273c,6577,0.000157300021
0x273d,6577,0.000157300021
0x2740,6577,0.000157300021
0x2743,6577,0.000157300021
0x2748,26308,0.000629200083
0x2749,26308,0.000629200083
0x274a,26308,0.000629200083
0x274c,26308,0.000629200083
0x274d,91,0.000002176418
0x274e,91,0.000002176418
0x274f,91,0.000002176418
0x2750,45,0.000001076251
0x2751,45,0.000001076251
0x2752,45,0.000001076251
0x2753,45,0.000001076251
0x2754,45,0.000001076251
0x2755,45,0.000001076251
0x2757,45,0.000001076251
0x2758,45,0.000001076251
0x2759,45,0.000001076251
0x275b,45,0.000001076251
0x275c,45,0.000001076251
0x275f,45,0.000001076251
0x2760,45,0.000001076251
0x2761,45,0.000001076251
0x2764,45,0.000001076251
0x2768,45,0.000001076251
0x2769,45,0.000001076251
0x276c,45,0.000001076251
0x276e,45,0.000001076251
0x2771,45,0.000001076251
0x2772,45,0.000001076251
0x2778,45,0.000001076251
0x277b,45,0.000001076251
0x277c,45,0.000001076251
0x277f,45,0.000001076251
0x2780,45,0.000001076251
0x2781,45,0.000001076251
0x2782,45,0.000001076251
0x2783,45,0.000001076251
0x2784,45,0.000001076251
0x2785,45,0.000001076251
0x2786,45,0.000001076251
0x2789,45,0.000001076251
0x27a8,6577,0.000157300021
0x27ab,6577,0.000157300021
0x27ac,6577,0.000157300021
0x27af,6577,0.000157300021
0x27b0,6577,0.000157300021
0x27b1,6577,0.000157300021
0x27b4,6577,0.000157300021
0x27b6,6577,0.000157300021
0x27b7,6577,0.000157300021
0x27b8,6577,0.000157300021
0x27ba,6577,0.000157300021
0x27bd,6193,0.000148116015
0x27c0,6193,0.000148116015
0x27c1,6193,0.000148116015
0x27c2,6193,0.000148116015
0x27c5,6145,0.000146968014
0x27c7,6145,0.000146968014
0x27c8,6145,0.000146968014
0x27c9,6145,0.000146968014
0x27ca,3686,0.000088156892
0x27cc,3686,0.000088156892
0x27cf,3538,0.000084617223
0x27d0,3538,0.000084617223
0x27d2,3538,0.000084617223
0x27d3,3538,0.000084617223
0x27d5,3538,0.000084617223
0x27d6,3538,0.000084617223
0x27d8,148,0.000003539669
0x27da,148,0.000003539669
0x27dc,148,0.000003539669
0x27dd,148,0.000003539669
0x27df,148,0.000003539669
0x27e0,148,0.000003539669
0x27e2,48,0.000001148001
0x27e4,48,0.000001148001
0x27e9,48,0.000001148001
0x27ea,48,0.000001148001
0x27ec,48,0.000001148001
0x27ee,48,0.000001148001
0x3000,2869,0.000068616962
0x3003,2869,0.000068616962
0x3004,2869,0.000068616962
0x3005,2869,0.000068616962
0x3007,2869,0.000068616962
0x300a,2869,0.000068616962
0x300b,2869,0.000068616962
0x300c,2869,0.000068616962
0x300d,2869,0.000068616962
0x300e,2869,0.000068616962
0x300f,2869,0.000068616962
0x3010,2869,0.000068616962
0x3011,2869,0.000068616962
0x3012,356,0.000008514339
0x3028,362,0.000008657839
0x302b,362,0.000008657839
0x302c,362,0.000008657839
0x302e,362,0.000008657839
0x302f,362,0.000008657839
0x3031,362,0.000008657839
0x3032,362,0.000008657839
0x3034,362,0.000008657839
0x3035,298,0.000007127171
0x3037,298,0.000007127171
0x3038,298,0.000007127171
0x3039,298,0.000007127171
0x303c,285,0.000006816255
0x303d,285,0.000006816255
0x303e,4,0.000000095667
0x303f,4,0.000000095667
0x3040,4,0.000000095667
0x3042,4,0.000000095667
0x3044,4,0.000000095667
0x3046,4,0.000000095667
0x3048,4,0.000000095667
0x3049,4,0.000000095667
0x304b,4,0.000000095667
0x304d,4,0.000000095667
0x304f,4,0.000000095667
0x3050,4,0.000000095667
0x3052,4,0.000000095667
0x3055,4,0.000000095667
0x3056,4,0.000000095667
0x3057,3,0.000000071750
0x3059,3,0.000000071750
0x305c,13,0.000000310917
0x305f,13,0.000000310917
0x3062,13,0.000000310917
0x3063,13,0.000000310917
0x3064,13,0.000000310917
0x3065,13,0.000000310917
0x3066,13,0.000000310917
0x3067,13,0.000000310917
0x3068,13,0.000000310917
0x306a,13,0.000000310917
0x306c,13,0.000000310917
0x306d,13,0.000000310917
0x3074,65,0.000001554584
0x3077,65,0.000001554584
0x3078,65,0.000001554584
0x3079,65,0.000001554584
0x307a,65,0.000001554584
0x307c,65,0.000001554584
0x307d,65,0.000001554584
0x307f,65,0.000001554584
0x3080,65,0.000001554584
0x3081,65,0.000001554584
0x3082,65,0.000001554584
0x3084,65,0.000001554584
0x3089,65,0.000001554584
0x308a,65,0.000001554584
0x308b,65,0.000001554584
0x308c,65,0.000001554584
0x308d,65,0.000001554584
0x308f,65,0.000001554584
0x3090,65,0.000001554584
0x3092,65,0.000001554584
0x3093,65,0.000001554584
0x3094,65,0.000001554584
0x3095,65,0.000001554584
0x3098,65,0.000001554584
0x309a,65,0.000001554584
0x309d,5,0.000000119583
0x309f,65,0.000001554584
0x30a0,65,0.000001554584
0x30a1,65,0.000001554584
0x30a4,65,0.000001554584
0x30a6,65,0.000001554584
0x30a7,65,0.000001554584
0x30a8,65,0.000001554584
0x30aa,5321,0.000127260668
0x30ad,5321,0.000127260668
0x30ae,5321,0.000127260668
0x30af,5321,0.000127260668
0x30b0,5321,0.000127260668
0x30b1,5321,0.000127260668
0x30b3,5321,0.000127260668
0x30b5,5321,0.000127260668
0x30b6,5321,0.000127260668
0x30b8,5321,0.000127260668
0x30ba,359,0.000008586089
0x30bd,359,0.000008586089
0x30c0,359,0.000008586089
0x30c3,359,0.000008586089
0x30c6,359,0.000008586089
0x30c8,359,0.000008586089
0x30c9,359,0.000008586089
0x30ca,359,0.000008586089
0x30cb,229,0.000005476920
0x30cd,229,0.000005476920
0x30ce,229,0.000005476920
0x30cf,229,0.000005476920
0x30d2,177,0.000004233253
0x30d3,177,0.000004233253
0x30d4,45,0.000001076251
0x30d6,45,0.000001076251
0x30d8,45,0.000001076251
0x30da,1077,0.000025758267
0x30db,1077,0.000025758267
0x30dc,1077,0.000025758267
0x30dd,1077,0.000025758267
0x30de,504,0.000012054008
0x30df,504,0.000012054008
0x30e4,52,0.000001243667
0x30e7,52,0.000001243667
0x30ea,52,0.000001243667
0x30eb,52,0.000001243667
0x30ed,52,0.000001243667
0x30f2,52,0.000001243667
0x30f3,52,0.000001243667
0x30f5,52,0.000001243667
0x30f6,52,0.000001243667
0x30f7,52,0.000001243667
0x30f8,52,0.000001243667
0x30fa,52,0.000001243667
0x30fc,52,0.000001243667
0x30ff,52,0.000001243667
0x3102,52,0.000001243667
0x3105,52,0.000001243667
0x3106,52,0.000001243667
0x3107,52,0.000001243667
0x3108,52,0.000001243667
0x310a,52,0.000001243667
0x310c,52,0.000001243667
0x310e,52,0.000001243667
0x310f,52,0.000001243667
0x3112,156,0.000003731002
0x3113,156,0.000003731002
0x3114,156,0.000003731002
0x3115,156,0.000003731002
0x3116,95,0.000002272085
0x3117,95,0.000002272085
0x3118,95,0.000002272085
0x311a,95,0.000002272085
0x311b,95,0.000002272085
0x311c,95,0.000002272085
0x311d,95,0.000002272085
0x311e,52,0.000001243667
0x311f,52,0.000001243667
0x3121,52,0.000001243667
0x3124,359,0.000008586089
0x3127,359,0.000008586089
0x3128,359,0.000008586089
0x312a,359,0.000008586089
0x312b,45,0.000001076251
0x312d,45,0.000001076251
0x312f,45,0.000001076251
0x3130,45,0.000001076251
0x3131,45,0.000001076251
0x3132,45,0.000001076251
0x3134,45,0.000001076251
0x3136,45,0.000001076251
0x3138,45,0.000001076251
0x313d,45,0.000001076251
0x313f,45,0.000001076251
0x3140,45,0.000001076251
0x3141,45,0.000001076251
0x3144,45,0.000001076251
0x3145,45,0.000001076251
0x3146,45,0.000001076251
0x3149,32,0.000000765334
0x314b,45,0.000001076251
0x314d,45,0.000001076251
0x314e,45,0.000001076251
0x315a,359,0.000008586089
0x315d,359,0.000008586089
0x315e,359,0.000008586089
0x3160,359,0.000008586089
0x3161,107,0.000002559085
0x3164,107,0.000002559085
0x3165,107,0.000002559085
0x3166,107,0.000002559085
0x3167,107,0.000002559085
0x3169,107,0.000002559085
0x316a,107,0.000002559085
0x316c,107,0.000002559085
0x316d,107,0.000002559085
0x316e,107,0.000002559085
0x316f,107,0.000002559085
0x3171,107,0.000002559085
0x3172,107,0.000002559085
0x3174,107,0.000002559085
0x3176,107,0.000002559085
0x3177,107,0.000002559085
0x3178,107,0.000002559085
0x3179,1114,0.000026643184
0x317c,1069,0.000025566934
0x317d,1069,0.000025566934
0x317e,1069,0.000025566934
0x317f,1069,0.000025566934
0x3180,1069,0.000025566934
0x3181,1069,0.000025566934
0x3182,1069,0.000025566934
0x3183,1069,0.000025566934
0x3186,66,0.000001578501
0x3188,66,0.000001578501
0x318a,1069,0.000025566934
0x318b,1069,0.000025566934
0x318e,62,0.000001482834
0x3192,1114,0.000026643184
0x3193,1114,0.000026643184
0x3195,1114,0.000026643184
0x3196,779,0.000018631096
0x3199,779,0.000018631096
0x319a,779,0.000018631096
0x319b,45,0.000001076251
0x319e,45,0.000001076251
0x319f,45,0.000001076251
0x31a0,45,0.000001076251
0x31a1,45,0.000001076251
0x31a2,45,0.000001076251
0x31a3,45,0.000001076251
0x31a4,45,0.000001076251
0x31a7,45,0.000001076251
0x31a9,45,0.000001076251
0x31ac,45,0.000001076251
0x31ad,45,0.000001076251
0x31b4,356,0.000008514339
0x31b7,356,0.000008514339
0x31b9,356,0.000008514339
0x31ba,43,0.000001028417
0x31bd,43,0.000001028417
0x31bf,43,0.000001028417
0x31c0,43,0.000001028417
0x31c2,43,0.000001028417
0x31c3,43,0.000001028417
0x31c5,43,0.000001028417
0x31c6,43,0.000001028417
0x31c7,43,0.000001028417
0x31c8,43,0.000001028417
0x31cb,43,0.000001028417
0x31cd,43,0.000001028417
0x31ce,43,0.000001028417
0x31d1,20,0.000000478334
0x31d2,20,0.000000478334
0x31d3,20,0.000000478334
0x31d4,20,0.000000478334
0x31d6,43,0.000001028417
0x31d7,43,0.000001028417
0x31d8,43,0.000001028417
0x31d9,43,0.000001028417
0x31da,43,0.000001028417
0x31dc,43,0.000001028417
0x31de,43,0.000001028417
0x31df,43,0.000001028417
0x31e1,43,0.000001028417
0x31e2,43,0.000001028417
0x31e3,43,0.000001028417
0x31e4,43,0.000001028417
0x31e5,43,0.000001028417
0x31e6,43,0.000001028417
0x31e7,43,0.000001028417
0x31e8,43,0.000001028417
0x31e9,43,0.000001028417
0x31ec,43,0.000001028417
0x31ed,43,0.000001028417
0x31f0,43,0.000001028417
0x31f1,43,0.000001028417
0x31f2,43,0.000001028417
0x31f4,43,0.000001028417
0x31f5,43,0.000001028417
0x31f7,43,0.000001028417
0x31f8,43,0.000001028417
0x31fb,43,0.000001028417
0x31fd,43,0.000001028417
0x31fe,43,0.000001028417
0x31ff,43,0.000001028417
0x3201,43,0.000001028417
0x3202,43,0.000001028417
0x3203,43,0.000001028417
0x3204,43,0.000001028417
0x3207,43,0.000001028417
0x3209,43,0.000001028417
0x320a,43,0.000001028417
0x320b,43,0.000001028417
0x320c,43,0.000001028417
0x320d,43,0.000001028417
0x3210,43,0.000001028417
0x3213,43,0.000001028417
0x3215,43,0.000001028417
0x3216,33,0.000000789251
0x3217,33,0.000000789251
0x3219,33,0.000000789251
0x321b,33,0.000000789251
0x321c,2,0.000000047833
0x321e,2,0.000000047833
0x3220,2,0.000000047833
0x322c,356,0.000008514339
0x322f,356,0.000008514339
0x3231,356,0.000008514339
0x3232,68,0.000001626334
0x3235,68,0.000001626334
0x3238,68,0.000001626334
0x323b,68,0.000001626334
0x323c,68,0.000001626334
0x323f,68,0.000001626334
0x3240,801,0.000019157263
0x3241,801,0.000019157263
0x3243,801,0.000019157263
0x3246,373,0.000008920923
0x3247,373,0.000008920923
0x3248,373,0.000008920923
0x3249,309,0.000007390255
0x324a,309,0.000007390255
0x324b,309,0.000007390255
0x324c,309,0.000007390255
0x324d,309,0.000007390255
0x324e,737,0.000017626595
0x324f,737,0.000017626595
0x3250,737,0.000017626595
0x3251,737,0.000017626595
0x3253,737,0.000017626595
0x3254,737,0.000017626595
0x3256,737,0.000017626595
0x3259,4,0.000000095667
0x325b,4,0.000000095667
0x325e,4,0.000000095667
0x3264,362,0.000008657839
0x3267,362,0.000008657839
0x3268,362,0.000008657839
0x326b,362,0.000008657839
0x326c,362,0.000008657839
0x326e,362,0.000008657839
0x326f,362,0.000008657839
0x3271,362,0.000008657839
0x3272,362,0.000008657839
0x3274,362,0.000008657839
0x3275,47,0.000001124084
0x3277,47,0.000001124084
0x3279,47,0.000001124084
0x327a,47,0.000001124084
0x327b,47,0.000001124084
0x327c,47,0.000001124084
0x327e,47,0.000001124084
0x3281,47,0.000001124084
0x3282,47,0.000001124084
0x3285,47,0.000001124084
0x3286,47,0.000001124084
0x3287,47,0.000001124084
0x3289,47,0.000001124084
0x328a,47,0.000001124084
0x328b,47,0.000001124084
0x328d,47,0.000001124084
0x328e,47,0.000001124084
0x328f,130,0.000003109169
0x3290,130,0.000003109169
0x3291,130,0.000003109169
0x3292,130,0.000003109169
0x3295,122,0.000002917835
0x3296,122,0.000002917835
0x3297,122,0.000002917835
0x329a,108,0.000002583002
0x329b,108,0.000002583002
0x329e,108,0.000002583002
0x329f,108,0.000002583002
0x32a0,108,0.000002583002
0x32a3,108,0.000002583002
0x32a4,130,0.000003109169
0x32a5,130,0.000003109169
0x32a6,130,0.000003109169
0x32a9,4,0.000000095667
0x32ab,130,0.000003109169
0x32ac,130,0.000003109169
0x32af,47,0.000001124084
0x32b0,34,0.000000813167
0x32b3,34,0.000000813167
0x32b5,34,0.000000813167
0x32b8,34,0.000000813167
0x32ba,34,0.000000813167
0x32bc,34,0.000000813167
0x32bf,34,0.000000813167
0x32c2,34,0.000000813167
0x32c3,34,0.000000813167
0x32c4,11,0.000000263084
0x32c5,11,0.000000263084
0x32c6,11,0.000000263084
0x32c7,11,0.000000263084
0x32c8,11,0.000000263084
0x32cb,11,0.000000263084
0x32cd,11,0.000000263084
0x32d0,11,0.000000263084
0x32d2,11,0.000000263084
0x32d4,11,0.000000263084
0x32d6,11,0.000000263084
0x32d7,11,0.000000263084
0x32d9,11,0.000000263084
0x32da,11,0.000000263084
0x32dc,11,0.000000263084
0x32dd,11,0.000000263084
0x32de,11,0.000000263084
0x32e1,11,0.000000263084
0x32e2,11,0.000000263084
0x32e3,11,0.000000263084
0x32e6,2,0.000000047833
0x32e7,2,0.000000047833
0x32e9,2,0.000000047833
0x32ea,2,0.000000047833
0x3400,3788,0.000090596393
0x3403,3788,0.000090596393
0x3406,3788,0.000090596393
0x3409,3788,0.000090596393
0x340c,3788,0.000090596393
0x340f,3788,0.000090596393
0x3412,3788,0.000090596393
0x3413,3788,0.000090596393
0x3416,3597,0.000086028307
0x3418,3597,0.000086028307
0x341b,688,0.000016454678
0x341e,688,0.000016454678
0x3421,688,0.000016454678
0x3424,688,0.000016454678
0x3427,688,0.000016454678
0x342a,688,0.000016454678
0x342d,688,0.000016454678
0x342e,688,0.000016454678
0x3431,344,0.000008227339
0x3434,344,0.000008227339
0x3438,2909,0.000069573629
0x343b,2909,0.000069573629
0x343c,2909,0.000069573629
0x343f,1454,0.000034774856
0x3442,1454,0.000034774856
0x3445,1454,0.000034774856
0x3448,1454,0.000034774856
0x344b,1454,0.000034774856
0x3452,1455,0.000034798773
0x3455,1455,0.000034798773
0x3458,1455,0.000034798773
0x345b,1455,0.000034798773
0x3462,191,0.000004568086
0x3465,191,0.000004568086
0x3466,191,0.000004568086
0x3467,96,0.000002296002
0x346a,96,0.000002296002
0x346d,96,0.000002296002
0x3474,2142,0.000051229534
0x3477,8568,0.000204918136
0x3478,8568,0.000204918136
0x347b,8568,0.000204918136
0x347c,8568,0.000204918136
0x347d,8568,0.000204918136
0x347f,8568,0.000204918136
0x3480,8568,0.000204918136
0x3482,8568,0.000204918136
0x3485,2142,0.000051229534
0x3486,2143,0.000051253451
0x3489,8572,0.000205013802
0x348a,8572,0.000205013802
0x348d,8572,0.000205013802
0x348e,8572,0.000205013802
0x348f,8572,0.000205013802
0x3491,8572,0.000205013802
0x3492,8572,0.000205013802
0x3494,8572,0.000205013802
0x3497,2143,0.000051253451
0x3498,2142,0.000051229534
0x349b,8568,0.000204918136
0x349c,8568,0.000204918136
0x349f,8568,0.000204918136
0x34a0,8568,0.000204918136
0x34a1,8568,0.000204918136
0x34a3,8568,0.000204918136
0x34a4,8568,0.000204918136
0x34a6,8568,0.000204918136
0x34a9,2142,0.000051229534
0x34aa,2143,0.000051253451
0x34ad,8572,0.000205013802
0x34ae,8572,0.000205013802
0x34b1,8572,0.000205013802
0x34b2,8572,0.000205013802
0x34b3,8572,0.000205013802
0x34b5,8572,0.000205013802
0x34b6,8572,0.000205013802
0x34b8,8572,0.000205013802
0x34bb,2143,0.000051253451
0x34c0,17844,0.000426769283
0x34c1,17844,0.000426769283
0x34c2,17844,0.000426769283
0x34c3,12001,0.000287024107
0x34c4,12001,0.000287024107
0x34c6,12001,0.000287024107
0x34c7,12001,0.000287024107
0x34c9,12001,0.000287024107
0x34ca,12001,0.000287024107
0x34cb,12001,0.000287024107
0x34cc,12001,0.000287024107
0x34cd,12001,0.000287024107
0x34ce,12001,0.000287024107
0x34cf,12001,0.000287024107
0x34d0,12001,0.000287024107
0x34d1,12001,0.000287024107
0x34d2,12001,0.000287024107
0x34d3,12001,0.000287024107
0x34d4,12001,0.000287024107
0x34d5,12001,0.000287024107
0x34d7,12001,0.000287024107
0x34d8,12001,0.000287024107
0x34da,12001,0.000287024107
0x34db,12001,0.000287024107
0x34dc,12001,0.000287024107
0x34dd,12001,0.000287024107
0x34de,12023,0.000287550274
0x34df,12023,0.000287550274
0x34e1,12023,0.000287550274
0x34e4,1656,0.000039606026
0x34e5,1656,0.000039606026
0x34e7,1656,0.000039606026
0x34ea,506,0.000012101841
0x34ec,506,0.000012101841
0x34ed,506,0.000012101841
0x34ee,506,0.000012101841
0x34f0,506,0.000012101841
0x34f1,506,0.000012101841
0x34f3,506,0.000012101841
0x34f6,263,0.000006290087
0x34f8,263,0.000006290087
0x34f9,263,0.000006290087
0x34fa,263,0.000006290087
0x34fc,263,0.000006290087
0x34fd,263,0.000006290087
0x34ff,263,0.000006290087
0x3509,506,0.000012101841
0x350a,506,0.000012101841
0x350b,506,0.000012101841
0x350c,12023,0.000287550274
0x350e,12023,0.000287550274
0x350f,12023,0.000287550274
0x3512,12023,0.000287550274
0x3513,12023,0.000287550274
0x3515,12023,0.000287550274
0x3516,12023,0.000287550274
0x3518,12023,0.000287550274
0x3519,12023,0.000287550274
0x3520,625,0.000014947927
0x3521,625,0.000014947927
0x3522,625,0.000014947927
0x3523,625,0.000014947927
0x3524,625,0.000014947927
0x3525,625,0.000014947927
0x3526,625,0.000014947927
0x3527,625,0.000014947927
0x3528,3882,0.000092844561
0x3529,3882,0.000092844561
0x352a,3882,0.000092844561
0x352b,3882,0.000092844561
0x352c,3882,0.000092844561
0x352d,3882,0.000092844561
0x352e,3882,0.000092844561
0x352f,3882,0.000092844561
0x3530,4799,0.000114776159
0x3531,4799,0.000114776159
0x3532,4799,0.000114776159
0x3533,4799,0.000114776159
0x3534,4799,0.000114776159
0x3535,4799,0.000114776159
0x3536,4799,0.000114776159
0x3537,4799,0.000114776159
0x3538,5593,0.000133766005
0x3539,5593,0.000133766005
0x353a,5593,0.000133766005
0x353b,5593,0.000133766005
0x353c,5593,0.000133766005
0x353d,5593,0.000133766005
0x353e,5593,0.000133766005
0x353f,5593,0.000133766005
0x3540,12026,0.000287622024
0x3541,12026,0.000287622024
0x3542,12026,0.000287622024
0x3543,12026,0.000287622024
0x3544,12026,0.000287622024
0x3545,12026,0.000287622024
0x3546,12026,0.000287622024
0x3547,12026,0.000287622024
0x3548,12922,0.000309051371
0x3549,12922,0.000309051371
0x354a,12922,0.000309051371
0x354b,12922,0.000309051371
0x354c,12922,0.000309051371
0x354d,12922,0.000309051371
0x354e,12922,0.000309051371
0x354f,12922,0.000309051371
0x3550,12986,0.000310582039
0x3551,12986,0.000310582039
0x3552,12986,0.000310582039
0x3553,12986,0.000310582039
0x3554,12986,0.000310582039
0x3555,12986,0.000310582039
0x3556,12986,0.000310582039
0x3557,12986,0.000310582039
0x3558,12986,0.000310582039
0x355a,12986,0.000310582039
0x355b,12986,0.000310582039
0x355d,12986,0.000310582039
0x3560,3597,0.000086028307
0x3563,3597,0.000086028307
0x3564,3597,0.000086028307
0x3565,3597,0.000086028307
0x3566,3597,0.000086028307
0x3567,3597,0.000086028307
0x3568,3597,0.000086028307
0x3569,3597,0.000086028307
0x356a,3597,0.000086028307
0x356d,3597,0.000086028307
0x3570,3597,0.000086028307
0x3572,3597,0.000086028307
0x3577,3597,0.000086028307
0x3579,3597,0.000086028307
0x357a,3597,0.000086028307
0x357b,3597,0.000086028307
0x357e,3597,0.000086028307
0x357f,3597,0.000086028307
0x3581,3597,0.000086028307
0x3584,2883,0.000068951796
0x3586,3597,0.000086028307
0x3587,3597,0.000086028307
0x3588,3597,0.000086028307
0x3589,3597,0.000086028307
0x358c,3597,0.000086028307
0x358d,3597,0.000086028307
0x358e,3597,0.000086028307
0x3590,3597,0.000086028307
0x3591,3597,0.000086028307
0x3593,3597,0.000086028307
0x3594,3597,0.000086028307
0x3596,3597,0.000086028307
0x3597,3597,0.000086028307
0x359a,3597,0.000086028307
0x359b,3597,0.000086028307
0x359c,3597,0.000086028307
0x359d,3597,0.000086028307
0x359f,3597,0.000086028307
0x35a2,3597,0.000086028307
0x35b0,17140,0.000409931938
0x35b1,17140,0.000409931938
0x35b2,17140,0.000409931938
0x35b3,11297,0.000270186762
0x35b4,11297,0.000270186762
0x35b5,11297,0.000270186762
0x35b6,11297,0.000270186762
0x35b7,11297,0.000270186762
0x35b8,11297,0.000270186762
0x35b9,11297,0.000270186762
0x35ba,11297,0.000270186762
0x35bd,10035,0.000240003909
0x35be,11297,0.000270186762
0x35bf,11297,0.000270186762
0x35c0,11297,0.000270186762
0x35c1,11297,0.000270186762
0x35c2,11297,0.000270186762
0x35c3,11297,0.000270186762
0x35c4,11297,0.000270186762
0x35c5,11297,0.000270186762
0x35c7,11297,0.000270186762
0x35c8,11297,0.000270186762
0x35c9,11297,0.000270186762
0x35ca,11297,0.000270186762
0x35cb,11297,0.000270186762
0x35cc,11297,0.000270186762
0x35cd,11297,0.000270186762
0x35ce,11297,0.000270186762
0x35cf,11297,0.000270186762
0x35d0,11297,0.000270186762
0x35d1,11297,0.000270186762
0x35d2,11297,0.000270186762
0x35d3,11297,0.000270186762
0x35d4,11297,0.000270186762
0x35d5,11297,0.000270186762
0x35d6,11297,0.000270186762
0x35d7,11297,0.000270186762
0x35d8,11297,0.000270186762
0x35d9,11297,0.000270186762
0x35da,11297,0.000270186762
0x35db,11297,0.000270186762
0x35e0,8677,0.000207525054
0x35e1,8677,0.000207525054
0x35e2,8677,0.000207525054
0x35e3,8677,0.000207525054
0x35e5,8677,0.000207525054
0x35e8,4414,0.000105568237
0x35e9,4414,0.000105568237
0x35ea,4414,0.000105568237
0x35eb,4414,0.000105568237
0x35ec,4414,0.000105568237
0x35ed,4414,0.000105568237
0x35ee,4414,0.000105568237
0x35ef,4414,0.000105568237
0x35f0,4414,0.000105568237
0x35f1,4414,0.000105568237
0x35f3,4414,0.000105568237
0x35f6,1307,0.000031259104
0x35f8,1307,0.000031259104
0x35f9,1307,0.000031259104
0x35fa,1307,0.000031259104
0x35fb,1307,0.000031259104
0x35fd,1307,0.000031259104
0x35fe,1307,0.000031259104
0x3601,170,0.000004065836
0x3602,170,0.000004065836
0x3603,170,0.000004065836
0x3604,1307,0.000031259104
0x3605,1307,0.000031259104
0x3606,1307,0.000031259104
0x3607,1307,0.000031259104
0x3608,1307,0.000031259104
0x3609,1307,0.000031259104
0x360a,1307,0.000031259104
0x360b,1307,0.000031259104
0x360c,1307,0.000031259104
0x360e,1307,0.000031259104
0x360f,1307,0.000031259104
0x3612,1210,0.000028939186
0x3613,1210,0.000028939186
0x3614,1210,0.000028939186
0x3615,1210,0.000028939186
0x3616,1210,0.000028939186
0x3618,1210,0.000028939186
0x3619,1210,0.000028939186
0x361a,1210,0.000028939186
0x361b,1210,0.000028939186
0x361c,838,0.000020042180
0x361f,838,0.000020042180
0x3620,838,0.000020042180
0x3621,838,0.000020042180
0x3622,287,0.000006864088
0x3623,287,0.000006864088
0x3624,287,0.000006864088
0x3628,4263,0.000101956818
0x362a,4263,0.000101956818
0x362d,4164,0.000099589066
0x362e,4164,0.000099589066
0x362f,4164,0.000099589066
0x3630,4164,0.000099589066
0x3631,4164,0.000099589066
0x3632,4164,0.000099589066
0x3633,4164,0.000099589066
0x3634,4164,0.000099589066
0x3635,4164,0.000099589066
0x3636,4164,0.000099589066
0x3637,4164,0.000099589066
0x363a,1304,0.000031187354
0x363c,1304,0.000031187354
0x363d,1304,0.000031187354
0x363e,1304,0.000031187354
0x363f,1304,0.000031187354
0x3641,1304,0.000031187354
0x3642,1304,0.000031187354
0x3645,170,0.000004065836
0x3646,170,0.000004065836
0x3647,170,0.000004065836
0x3648,1304,0.000031187354
0x3649,1304,0.000031187354
0x364a,1304,0.000031187354
0x364b,1304,0.000031187354
0x364c,1304,0.000031187354
0x364d,1304,0.000031187354
0x364e,1304,0.000031187354
0x364f,1304,0.000031187354
0x3650,1304,0.000031187354
0x3651,1304,0.000031187354
0x3652,1304,0.000031187354
0x3654,1304,0.000031187354
0x3655,1304,0.000031187354
0x3656,1304,0.000031187354
0x3657,1304,0.000031187354
0x365a,981,0.000023462266
0x365d,981,0.000023462266
0x365e,981,0.000023462266
0x3661,272,0.000006505338
0x3662,272,0.000006505338
0x3663,1304,0.000031187354
0x3665,1304,0.000031187354
0x3666,1304,0.000031187354
0x366a,3107,0.000074309133
0x366b,3107,0.000074309133
0x366c,3107,0.000074309133
0x366d,106,0.000002535168
0x366e,106,0.000002535168
0x366f,106,0.000002535168
0x3670,106,0.000002535168
0x3671,106,0.000002535168
0x3672,97,0.000002319918
0x3673,97,0.000002319918
0x3674,97,0.000002319918
0x3675,97,0.000002319918
0x3676,97,0.000002319918
0x3679,97,0.000002319918
0x367b,97,0.000002319918
0x367c,97,0.000002319918
0x367f,97,0.000002319918
0x3680,97,0.000002319918
0x3683,97,0.000002319918
0x3684,97,0.000002319918
0x3686,97,0.000002319918
0x3689,97,0.000002319918
0x368a,97,0.000002319918
0x368b,97,0.000002319918
0x368d,97,0.000002319918
0x368e,87,0.000002080751
0x3690,87,0.000002080751
0x3691,72,0.000001722001
0x3692,72,0.000001722001
0x3695,2860,0.000068401712
0x3696,2860,0.000068401712
0x3697,2860,0.000068401712
0x3698,2860,0.000068401712
0x3699,2860,0.000068401712
0x369a,2860,0.000068401712
0x369b,2860,0.000068401712
0x369c,2860,0.000068401712
0x369d,77,0.000001841585
0x369e,77,0.000001841585
0x36a0,77,0.000001841585
0x36a1,77,0.000001841585
0x36a4,77,0.000001841585
0x36a6,77,0.000001841585
0x36a7,77,0.000001841585
0x36aa,71,0.000001698084
0x36ab,77,0.000001841585
0x36ae,77,0.000001841585
0x36b0,77,0.000001841585
0x36b3,77,0.000001841585
0x36b4,77,0.000001841585
0x36b6,77,0.000001841585
0x36b7,74,0.000001769835
0x36b9,74,0.000001769835
0x36ba,71,0.000001698084
0x36bb,71,0.000001698084
0x36c0,2620,0.000062661708
0x36c1,2620,0.000062661708
0x36c2,2620,0.000062661708
0x36c3,1308,0.000031283021
0x36c4,1308,0.000031283021
0x36c5,1308,0.000031283021
0x36c6,1308,0.000031283021
0x36c8,1308,0.000031283021
0x36c9,1308,0.000031283021
0x36cc,211,0.000005046420
0x36cd,211,0.000005046420
0x36ce,211,0.000005046420
0x36cf,211,0.000005046420
0x36d2,3431,0.000082058138
0x36d3,3431,0.000082058138
0x36d4,3431,0.000082058138
0x36d5,3431,0.000082058138
0x36d6,3431,0.000082058138
0x36d7,3431,0.000082058138
0x36d8,128,0.000003061335
0x36d9,128,0.000003061335
0x36da,128,0.000003061335
0x36db,128,0.000003061335
0x36dc,128,0.000003061335
0x36dd,128,0.000003061335
0x36de,128,0.000003061335
0x36e1,128,0.000003061335
0x36e3,128,0.000003061335
0x36e6,128,0.000003061335
0x36ea,3895,0.000093155478
0x36eb,3895,0.000093155478
0x36ec,3895,0.000093155478
0x36ed,3895,0.000093155478
0x36ee,3895,0.000093155478
0x36ef,3895,0.000093155478
0x36f0,984,0.000023534016
0x36f1,984,0.000023534016
0x36f2,984,0.000023534016
0x36f3,984,0.000023534016
0x36f5,984,0.000023534016
0x36f6,66,0.000001578501
0x36f7,66,0.000001578501
0x36f8,66,0.000001578501
0x36f9,66,0.000001578501
0x36fa,66,0.000001578501
0x36fb,66,0.000001578501
0x36fc,66,0.000001578501
0x36fd,66,0.000001578501
0x36fe,66,0.000001578501
0x3701,66,0.000001578501
0x3703,66,0.000001578501
0x3706,66,0.000001578501
0x370a,3760,0.000089926726
0x370b,3760,0.000089926726
0x370c,3760,0.000089926726
0x370d,3760,0.000089926726
0x370e,3760,0.000089926726
0x370f,3760,0.000089926726
0x3710,408,0.000009758006
0x3711,408,0.000009758006
0x3712,408,0.000009758006
0x3713,408,0.000009758006
0x3715,408,0.000009758006
0x3716,100,0.000002391668
0x3717,100,0.000002391668
0x3718,100,0.000002391668
0x3719,100,0.000002391668
0x371a,100,0.000002391668
0x371b,100,0.000002391668
0x371c,100,0.000002391668
0x371d,100,0.000002391668
0x371e,100,0.000002391668
0x3721,100,0.000002391668
0x3723,100,0.000002391668
0x3726,100,0.000002391668
0x3729,100,0.000002391668
0x372a,100,0.000002391668
0x372c,100,0.000002391668
0x372d,51,0.000001219751
0x372e,51,0.000001219751
0x3730,51,0.000001219751
0x3731,51,0.000001219751
0x3732,51,0.000001219751
0x3733,51,0.000001219751
0x3734,51,0.000001219751
0x3735,51,0.000001219751
0x3736,51,0.000001219751
0x3739,51,0.000001219751
0x373b,51,0.000001219751
0x373e,51,0.000001219751
0x3744,99,0.000002367752
0x3746,99,0.000002367752
0x3747,99,0.000002367752
0x3748,99,0.000002367752
0x3749,99,0.000002367752
0x374a,99,0.000002367752
0x374c,99,0.000002367752
0x374d,99,0.000002367752
0x374e,99,0.000002367752
0x3750,99,0.000002367752
0x3751,99,0.000002367752
0x3752,15,0.000000358750
0x3753,15,0.000000358750
0x3754,15,0.000000358750
0x3758,14998,0.000358702404
0x3759,14998,0.000358702404
0x375a,14998,0.000358702404
0x375b,176,0.000004209336
0x375c,176,0.000004209336
0x375f,165,0.000003946253
0x3760,165,0.000003946253
0x3761,165,0.000003946253
0x3764,88,0.000002104668
0x3766,88,0.000002104668
0x3767,88,0.000002104668
0x3769,88,0.000002104668
0x376a,88,0.000002104668
0x376b,88,0.000002104668
0x376c,88,0.000002104668
0x376d,88,0.000002104668
0x376e,88,0.000002104668
0x376f,88,0.000002104668
0x3770,88,0.000002104668
0x3771,88,0.000002104668
0x3772,88,0.000002104668
0x3773,88,0.000002104668
0x3774,88,0.000002104668
0x3777,88,0.000002104668
0x377a,88,0.000002104668
0x377b,88,0.000002104668
0x377c,88,0.000002104668
0x377d,88,0.000002104668
0x377e,88,0.000002104668
0x3780,88,0.000002104668
0x3781,88,0.000002104668
0x3782,88,0.000002104668
0x3783,88,0.000002104668
0x3786,88,0.000002104668
0x3787,88,0.000002104668
0x3788,72,0.000001722001
0x3789,72,0.000001722001
0x378c,72,0.000001722001
0x378e,72,0.000001722001
0x378f,72,0.000001722001
0x3791,72,0.000001722001
0x3792,72,0.000001722001
0x3796,88,0.000002104668
0x3798,88,0.000002104668
0x3799,88,0.000002104668
0x379b,88,0.000002104668
0x379e,33,0.000000789251
0x379f,88,0.000002104668
0x37a0,88,0.000002104668
0x37a1,88,0.000002104668
0x37a4,88,0.000002104668
0x37a5,88,0.000002104668
0x37a6,76,0.000001817668
0x37a7,76,0.000001817668
0x37aa,76,0.000001817668
0x37b0,77,0.000001841585
0x37b1,77,0.000001841585
0x37b2,77,0.000001841585
0x37b3,77,0.000001841585
0x37b4,77,0.000001841585
0x37b5,77,0.000001841585
0x37b6,77,0.000001841585
0x37b7,77,0.000001841585
0x37b8,77,0.000001841585
0x37b9,77,0.000001841585
0x37ba,77,0.000001841585
0x37bb,77,0.000001841585
0x37be,77,0.000001841585
0x37c0,77,0.000001841585
0x37c1,77,0.000001841585
0x37c4,77,0.000001841585
0x37c6,77,0.000001841585
0x37cc,11,0.000000263084
0x37cd,11,0.000000263084
0x37ce,11,0.000000263084
0x37cf,11,0.000000263084
0x37d0,11,0.000000263084
0x37d2,11,0.000000263084
0x37d4,11,0.000000263084
0x37d5,11,0.000000263084
0x37d7,11,0.000000263084
0x37da,11,0.000000263084
0x37dd,286,0.000006840171
0x37de,286,0.000006840171
0x37df,286,0.000006840171
0x37e0,286,0.000006840171
0x37e1,286,0.000006840171
0x37e2,286,0.000006840171
0x37e5,11,0.000000263084
0x3800,7864,0.000188080791
0x3803,7864,0.000188080791
0x3805,7864,0.000188080791
0x3806,4048,0.000096814731
0x3809,4048,0.000096814731
0x380b,4048,0.000096814731
0x380c,4048,0.000096814731
0x380f,4048,0.000096814731
0x3810,4048,0.000096814731
0x3813,4048,0.000096814731
0x3815,4048,0.000096814731
0x3816,4048,0.000096814731
0x3819,4048,0.000096814731
0x381a,4048,0.000096814731
0x381b,4048,0.000096814731
0x381d,4048,0.000096814731
0x381e,4048,0.000096814731
0x381f,4048,0.000096814731
0x3820,4048,0.000096814731
0x3822,4048,0.000096814731
0x3823,53,0.000001267584
0x3824,53,0.000001267584
0x3827,53,0.000001267584
0x3829,53,0.000001267584
0x382b,53,0.000001267584
0x382c,53,0.000001267584
0x382e,53,0.000001267584
0x382f,53,0.000001267584
0x3830,53,0.000001267584
0x3832,53,0.000001267584
0x3833,53,0.000001267584
0x3834,53,0.000001267584
0x3835,53,0.000001267584
0x3837,53,0.000001267584
0x3838,53,0.000001267584
0x3839,53,0.000001267584
0x383b,53,0.000001267584
0x383c,53,0.000001267584
0x383e,53,0.000001267584
0x3841,34,0.000000813167
0x3844,45,0.000001076251
0x3846,45,0.000001076251
0x3847,45,0.000001076251
0x3849,45,0.000001076251
0x384a,45,0.000001076251
0x384b,45,0.000001076251
0x384c,19,0.000000454417
0x384f,19,0.000000454417
0x3850,19,0.000000454417
0x3851,19,0.000000454417
0x3853,19,0.000000454417
0x3854,19,0.000000454417
0x3855,19,0.000000454417
0x3856,19,0.000000454417
0x3857,19,0.000000454417
0x3858,19,0.000000454417
0x3859,19,0.000000454417
0x385c,19,0.000000454417
0x385d,19,0.000000454417
0x385f,19,0.000000454417
0x3862,8,0.000000191333
0x3863,8,0.000000191333
0x3865,8,0.000000191333
0x3868,8,0.000000191333
0x386b,8,0.000000191333
0x386e,8,0.000000191333
0x386f,8,0.000000191333
0x3871,8,0.000000191333
0x3874,3,0.000000071750
0x3875,3,0.000000071750
0x3876,3,0.000000071750
0x3878,3,0.000000071750
0x387a,3,0.000000071750
0x387b,3,0.000000071750
0x387c,3,0.000000071750
0x387e,3,0.000000071750
0x3881,3,0.000000071750
0x3882,3,0.000000071750
0x3883,3,0.000000071750
0x3884,3,0.000000071750
0x3885,3,0.000000071750
0x3887,3,0.000000071750
0x388a,2,0.000000047833
0x388b,2,0.000000047833
0x388c,2,0.000000047833
0x388d,2,0.000000047833
0x3894,11,0.000000263084
0x3897,11,0.000000263084
0x3899,11,0.000000263084
0x389c,11,0.000000263084
0x38a1,22,0.000000526167
0x38a2,22,0.000000526167
0x38a4,22,0.000000526167
0x38a5,22,0.000000526167
0x38a6,22,0.000000526167
0x38a7,22,0.000000526167
0x38a8,22,0.000000526167
0x38a9,22,0.000000526167
0x38ac,22,0.000000526167
0x38ae,22,0.000000526167
0x38af,22,0.000000526167
0x38b1,22,0.000000526167
0x38b4,22,0.000000526167
0x38b5,22,0.000000526167
0x38bc,29,0.000000693584
0x38be,29,0.000000693584
0x38bf,29,0.000000693584
0x38c1,29,0.000000693584
0x38c2,29,0.000000693584
0x38c3,29,0.000000693584
0x38c4,3,0.000000071750
0x38c7,3,0.000000071750
0x38c8,3,0.000000071750
0x38ca,3,0.000000071750
0x38cd,2,0.000000047833
0x38cf,2,0.000000047833
0x38d2,2,0.000000047833
0x38d3,2,0.000000047833
0x38d4,2,0.000000047833
0x38d5,2,0.000000047833
0x38d7,2,0.000000047833
0x38d8,2,0.000000047833
0x38db,2,0.000000047833
0x38dc,2,0.000000047833
0x38dd,2,0.000000047833
0x38de,2,0.000000047833
0x38df,2,0.000000047833
0x38e1,2,0.000000047833
0x38e2,2,0.000000047833
0x38e4,2,0.000000047833
0x38e5,2,0.000000047833
0x38e7,2,0.000000047833
0x38e8,2,0.000000047833
0x38e9,3,0.000000071750
0x38eb,3,0.000000071750
0x38ee,3,0.000000071750
0x38f1,3,0.000000071750
0x38f8,14,0.000000334834
0x38fb,22,0.000000526167
0x38fc,22,0.000000526167
0x38fd,22,0.000000526167
0x3906,22,0.000000526167
0x3907,22,0.000000526167
0x3908,22,0.000000526167
0x3909,22,0.000000526167
0x390a,22,0.000000526167
0x390d,22,0.000000526167
0x390e,22,0.000000526167
0x390f,22,0.000000526167
0x3912,22,0.000000526167
0x3913,22,0.000000526167
0x3916,22,0.000000526167
0x3918,22,0.000000526167
0x391b,22,0.000000526167
0x391c,34,0.000000813167
0x391d,34,0.000000813167
0x391f,34,0.000000813167
0x3922,5,0.000000119583
0x3923,6193,0.000148116015
0x3930,1798,0.000043002195
0x3933,1798,0.000043002195
0x3935,1798,0.000043002195
0x3937,1798,0.000043002195
0x3938,1798,0.000043002195
0x393a,1798,0.000043002195
0x393b,1798,0.000043002195
0x393c,1798,0.000043002195
0x393d,1798,0.000043002195
0x393f,1798,0.000043002195
0x3942,899,0.000021501098
0x3945,899,0.000021501098
0x3946,899,0.000021501098
0x3947,899,0.000021501098
0x394a,899,0.000021501098
0x394b,899,0.000021501098
0x394c,5716,0.000136707757
0x394d,5716,0.000136707757
0x3950,5566,0.000133120255
0x3951,5566,0.000133120255
0x3952,5566,0.000133120255
0x3954,5566,0.000133120255
0x3955,5566,0.000133120255
0x3956,5566,0.000133120255
0x3959,749,0.000017913595
0x395c,5716,0.000136707757
0x395d,5716,0.000136707757
0x395f,5716,0.000136707757
0x3960,1597,0.000038194942
0x3961,1597,0.000038194942
0x3963,1597,0.000038194942
0x3964,1597,0.000038194942
0x3965,1597,0.000038194942
0x3966,1597,0.000038194942
0x3967,1204,0.000028795686
0x3968,1204,0.000028795686
0x3969,150,0.000003587502
0x396b,150,0.000003587502
0x396c,150,0.000003587502
0x396d,150,0.000003587502
0x396e,150,0.000003587502
0x396f,150,0.000003587502
0x3972,150,0.000003587502
0x3973,150,0.000003587502
0x3975,150,0.000003587502
0x3976,150,0.000003587502
0x3977,150,0.000003587502
0x3978,150,0.000003587502
0x397a,150,0.000003587502
0x397b,150,0.000003587502
0x3980,3788,0.000090596393
0x3983,3788,0.000090596393
0x3985,3788,0.000090596393
0x3986,156,0.000003731002
0x3988,156,0.000003731002
0x3989,144,0.000003444002
0x398c,144,0.000003444002
0x398f,144,0.000003444002
0x3991,144,0.000003444002
0x3994,144,0.000003444002
0x3996,144,0.000003444002
0x3998,144,0.000003444002
0x399b,144,0.000003444002
0x399d,144,0.000003444002
0x39a0,144,0.000003444002
0x39a2,144,0.000003444002
0x39a5,144,0.000003444002
0x39a7,144,0.000003444002
0x39a9,144,0.000003444002
0x39ac,144,0.000003444002
0x39af,144,0.000003444002
0x39b0,144,0.000003444002
0x39b3,73,0.000001745918
0x39b4,73,0.000001745918
0x39b6,73,0.000001745918
0x39b7,73,0.000001745918
0x39b9,73,0.000001745918
0x39ba,73,0.000001745918
0x39bb,73,0.000001745918
0x39bc,73,0.000001745918
0x39be,73,0.000001745918
0x39bf,144,0.000003444002
0x39c0,144,0.000003444002
0x39c3,288,0.000006888005
0x39c6,288,0.000006888005
0x39c9,288,0.000006888005
0x39ca,288,0.000006888005
0x39cc,288,0.000006888005
0x39cf,288,0.000006888005
0x39d2,288,0.000006888005
0x39d3,288,0.000006888005
0x39d4,288,0.000006888005
0x39d6,288,0.000006888005
0x39d8,288,0.000006888005
0x39db,144,0.000003444002
0x39de,144,0.000003444002
0x39e1,144,0.000003444002
0x39e3,144,0.000003444002
0x39e6,144,0.000003444002
0x39e8,144,0.000003444002
0x39ea,144,0.000003444002
0x3a00,1798,0.000043002195
0x3a03,1798,0.000043002195
0x3a05,1798,0.000043002195
0x3a06,1798,0.000043002195
0x3a07,1798,0.000043002195
0x3a08,1798,0.000043002195
0x3a0b,1798,0.000043002195
0x3a0c,1798,0.000043002195
0x3a0d,1798,0.000043002195
0x3a0e,899,0.000021501098
0x3a0f,899,0.000021501098
0x3a10,6577,0.000157300021
0x3a13,6577,0.000157300021
0x3a14,6577,0.000157300021
0x3a15,6577,0.000157300021
0x3a18,384,0.000009184006
0x3a1a,384,0.000009184006
0x3a1c,384,0.000009184006
0x3a1d,6193,0.000148116015
0x3a20,6193,0.000148116015
0x3a21,6193,0.000148116015
0x3a22,6193,0.000148116015
0x3a25,256,0.000006122671
0x3a27,256,0.000006122671
0x3a2a,8,0.000000191333
0x3a2c,256,0.000006122671
0x3a2d,256,0.000006122671
0x3a2e,256,0.000006122671
0x3a2f,256,0.000006122671
0x3a30,256,0.000006122671
0x3a31,256,0.000006122671
0x3a32,256,0.000006122671
0x3a34,256,0.000006122671
0x3a36,256,0.000006122671
0x3a37,256,0.000006122671
0x3a39,256,0.000006122671
0x3a3b,256,0.000006122671
0x3a3d,256,0.000006122671
0x3a3f,256,0.000006122671
0x3a40,5937,0.000141993344
0x3a42,5937,0.000141993344
0x3a43,5937,0.000141993344
0x3a44,5937,0.000141993344
0x3a47,592,0.000014158676
0x3a49,592,0.000014158676
0x3a4c,37,0.000000884917
0x3a4e,592,0.000014158676
0x3a4f,592,0.000014158676
0x3a50,592,0.000014158676
0x3a51,592,0.000014158676
0x3a52,592,0.000014158676
0x3a53,592,0.000014158676
0x3a54,592,0.000014158676
0x3a56,592,0.000014158676
0x3a58,592,0.000014158676
0x3a5a,592,0.000014158676
0x3a5b,592,0.000014158676
0x3a5d,592,0.000014158676
0x3a5f,592,0.000014158676
0x3a62,5345,0.000127834668
0x3a64,5345,0.000127834668
0x3a65,5345,0.000127834668
0x3a66,5345,0.000127834668
0x3a67,48,0.000001148001
0x3a69,48,0.000001148001
0x3a6c,3,0.000000071750
0x3a6e,3,0.000000071750
0x3a71,3,0.000000071750
0x3a73,3,0.000000071750
0x3a78,48,0.000001148001
0x3a79,48,0.000001148001
0x3a7b,48,0.000001148001
0x3a7c,48,0.000001148001
0x3a7e,48,0.000001148001
0x3a80,48,0.000001148001
0x3a81,48,0.000001148001
0x3a82,6193,0.000148116015
0x3a85,6193,0.000148116015
0x3a86,6193,0.000148116015
0x3a88,6193,0.000148116015
0x3a89,1563,0.000037381775
0x3a8b,1563,0.000037381775
0x3a8c,1563,0.000037381775
0x3a8e,1563,0.000037381775
0x3a8f,1563,0.000037381775
0x3a90,6193,0.000148116015
0x3a93,6193,0.000148116015
0x3a94,6193,0.000148116015
0x3a95,6193,0.000148116015
0x3a98,3348,0.000080073053
0x3a9b,3348,0.000080073053
0x3a9e,3348,0.000080073053
0x3aa1,53568,0.001281168848
0x3aa2,53568,0.001281168848
0x3aa3,53568,0.001281168848
0x3aa4,53568,0.001281168848
0x3aa7,19877,0.000475391898
0x3aa8,19877,0.000475391898
0x3aaa,19877,0.000475391898
0x3aad,5825,0.000139314676
0x3aae,53568,0.001281168848
0x3aaf,53568,0.001281168848
0x3ab0,53568,0.001281168848
0x3ab1,53568,0.001281168848
0x3ab2,53568,0.001281168848
0x3ab5,3348,0.000080073053
0x3ab6,3348,0.000080073053
0x3ab7,3348,0.000080073053
0x3ab8,2475,0.000059193789
0x3aba,2475,0.000059193789
0x3abd,6,0.000000143500
0x3abf,2475,0.000059193789
0x3ac1,2475,0.000059193789
0x3ac2,2475,0.000059193789
0x3ac5,2475,0.000059193789
0x3ac6,2475,0.000059193789
0x3ac8,2475,0.000059193789
0x3ac9,2475,0.000059193789
0x3aca,2475,0.000059193789
0x3ad0,1892,0.000045250363
0x3ad3,1892,0.000045250363
0x3ad4,1892,0.000045250363
0x3ad6,1892,0.000045250363
0x3ad7,1892,0.000045250363
0x3ad8,1892,0.000045250363
0x3ada,1892,0.000045250363
0x3adb,1892,0.000045250363
0x3adc,1892,0.000045250363
0x3add,1892,0.000045250363
0x3adf,1892,0.000045250363
0x3ae0,1892,0.000045250363
0x3ae1,1892,0.000045250363
0x3ae3,1892,0.000045250363
0x3ae4,1892,0.000045250363
0x3ae5,1892,0.000045250363
0x3ae6,1892,0.000045250363
0x3ae9,1839,0.000043982779
0x3aec,1839,0.000043982779
0x3aee,1839,0.000043982779
0x3aef,1839,0.000043982779
0x3af1,1839,0.000043982779
0x3af2,1839,0.000043982779
0x3af3,1839,0.000043982779
0x3af4,50,0.000001195834
0x3af6,50,0.000001195834
0x3af8,53,0.000001267584
0x3afa,53,0.000001267584
0x3afb,53,0.000001267584
0x3afc,53,0.000001267584
0x3afd,53,0.000001267584
0x3aff,53,0.000001267584
0x3b00,53,0.000001267584
0x3b1b,6193,0.000148116015
0x3b1e,6193,0.000148116015
0x3b1f,6193,0.000148116015
0x3b20,6193,0.000148116015
0x3b21,64,0.000001530668
0x3b23,64,0.000001530668
0x3b26,1,0.000000023917
0x3b28,64,0.000001530668
0x3b29,64,0.000001530668
0x3b2a,64,0.000001530668
0x3b2c,64,0.000001530668
0x3b2d,64,0.000001530668
0x3b2e,64,0.000001530668
0x3b30,64,0.000001530668
0x3b31,64,0.000001530668
0x3b33,6193,0.000148116015
0x3b36,6193,0.000148116015
0x3b37,6193,0.000148116015
0x3b38,6193,0.000148116015
0x3b43,6193,0.000148116015
0x3b46,6193,0.000148116015
0x3b47,6193,0.000148116015
0x3b49,6193,0.000148116015
0x3b4c,6193,0.000148116015
0x3b4f,6193,0.000148116015
0x3b52,6193,0.000148116015
0x3b55,6193,0.000148116015
0x3b58,6193,0.000148116015
0x3b5b,6193,0.000148116015
