pc,count,frequency
0x0000,1,0.000000019307
0x0001,1,0.000000019307
0x0002,1,0.000000019307
0x0003,1,0.000000019307
0x0004,1,0.000000019307
0x0005,1,0.000000019307
0x0006,1,0.000000019307
0x0007,1,0.000000019307
0x0008,1,0.000000019307
0x000b,1,0.000000019307
0x000d,1,0.000000019307
0x000f,1,0.000000019307
0x0012,1,0.000000019307
0x0015,1,0.000000019307
0x0017,1,0.000000019307
0x001a,29319,0.000566071604
0x001d,29319,0.000566071604
0x0020,29319,0.000566071604
0x0021,29319,0.000566071604
0x0024,9863,0.000190428194
0x0027,9863,0.000190428194
0x002a,9863,0.000190428194
0x002d,19456,0.000375643410
0x002f,19456,0.000375643410
0x0031,19456,0.000375643410
0x0032,19456,0.000375643410
0x0034,19456,0.000375643410
0x0035,19456,0.000375643410
0x0038,19456,0.000375643410
0x0039,19456,0.000375643410
0x003c,19456,0.000375643410
0x003d,19456,0.000375643410
0x0040,7,0.000000135151
0x0043,7,0.000000135151
0x0046,19449,0.000375508258
0x0049,19448,0.000375488951
0x0050,1,0.000000019307
0x0052,1,0.000000019307
0x0054,1,0.000000019307
0x0056,1,0.000000019307
0x0058,1,0.000000019307
0x005a,1,0.000000019307
0x005c,1,0.000000019307
0x005f,1,0.000000019307
0x0061,1,0.000000019307
0x0063,1,0.000000019307
0x0066,1,0.000000019307
0x0068,1,0.000000019307
0x006a,1,0.000000019307
0x006b,2,0.000000038615
0x006e,2,0.000000038615
0x0070,6130,0.000118353932
0x0072,6130,0.000118353932
0x0073,6130,0.000118353932
0x0074,6130,0.000118353932
0x0077,2,0.000000038615
0x0078,1152,0.000022242044
0x007b,1152,0.000022242044
0x0080,3001664,0.057954116942
0x0082,3001664,0.057954116942
0x0083,3001664,0.057954116942
0x0085,3001664,0.057954116942
0x0088,58701,0.001133359569
0x0089,58701,0.001133359569
0x008b,58701,0.001133359569
0x008e,29355,0.000566766668
0x0090,29355,0.000566766668
0x0091,29355,0.000566766668
0x0094,29355,0.000566766668
0x0095,29355,0.000566766668
0x0096,29355,0.000566766668
0x0097,29355,0.000566766668
0x0098,29355,0.000566766668
0x009a,29355,0.000566766668
0x009d,29355,0.000566766668
0x009f,29355,0.000566766668
0x00a0,29355,0.000566766668
0x00a2,29355,0.000566766668
0x00a3,29355,0.000566766668
0x00a6,29355,0.000566766668
0x00a8,29355,0.000566766668
0x00ab,29355,0.000566766668
0x00ac,1,0.000000019307
0x00ae,1,0.000000019307
0x00af,1,0.000000019307
0x00b0,1,0.000000019307
0x00b2,1,0.000000019307
0x00b5,1,0.000000019307
0x00bb,58187,0.001123435602
0x00be,58187,0.001123435602
0x00bf,58187,0.001123435602
0x00c0,58187,0.001123435602
0x00c1,58187,0.001123435602
0x00c2,58187,0.001123435602
0x00c3,58187,0.001123435602
0x00c4,2893,0.000055856105
0x00c5,2893,0.000055856105
0x00c7,2893,0.000055856105
0x00c9,2893,0.000055856105
0x00ca,2893,0.000055856105
0x00cd,2893,0.000055856105
0x00ce,2893,0.000055856105
0x00cf,2893,0.000055856105
0x00d0,2893,0.000055856105
0x00d1,2893,0.000055856105
0x00d2,2893,0.000055856105
0x00d3,2893,0.000055856105
0x00d4,2893,0.000055856105
0x00d6,2893,0.000055856105
0x00d8,2893,0.000055856105
0x00d9,2893,0.000055856105
0x00dc,2893,0.000055856105
0x00dd,2893,0.000055856105
0x00de,2893,0.000055856105
0x00e1,1039,0.000020060316
0x00e3,19449,0.000375508258
0x00e6,19449,0.000375508258
0x00e9,19449,0.000375508258
0x00ec,19449,0.000375508258
0x00ef,19449,0.000375508258
0x00f2,19444,0.000375411722
0x00f5,19444,0.000375411722
0x00f8,19444,0.000375411722
0x00fb,19444,0.000375411722
0x00fe,18284,0.000353015219
0x0101,18284,0.000353015219
0x0104,18284,0.000353015219
0x0107,18280,0.000352937990
0x0109,18280,0.000352937990
0x010c,18280,0.000352937990
0x010f,18276,0.000352860760
0x0111,18276,0.000352860760
0x0114,18276,0.000352860760
0x0117,18272,0.000352783531
0x0119,18272,0.000352783531
0x011c,18272,0.000352783531
0x011f,18272,0.000352783531
0x0122,17120,0.000330541487
0x0125,17120,0.000330541487
0x0128,17120,0.000330541487
0x012b,17120,0.000330541487
0x012e,16416,0.000316949127
0x0131,16416,0.000316949127
0x0134,16416,0.000316949127
0x0137,16416,0.000316949127
0x013a,972,0.000018766725
0x0140,18,0.000000347532
0x0143,18,0.000000347532
0x0146,18,0.000000347532
0x0149,18,0.000000347532
0x014c,18,0.000000347532
0x014e,18,0.000000347532
0x014f,18,0.000000347532
0x0151,18,0.000000347532
0x0152,18,0.000000347532
0x0153,18,0.000000347532
0x0154,18,0.000000347532
0x0156,18,0.000000347532
0x0158,18,0.000000347532
0x015b,18,0.000000347532
0x015d,18,0.000000347532
0x015f,18,0.000000347532
0x0161,18,0.000000347532
0x0164,18,0.000000347532
0x0166,18,0.000000347532
0x0167,18,0.000000347532
0x0168,18,0.000000347532
0x016a,18,0.000000347532
0x016b,18,0.000000347532
0x016d,18,0.000000347532
0x016f,18,0.000000347532
0x0172,18,0.000000347532
0x0173,15436,0.000298027944
0x0174,15436,0.000298027944
0x0176,15436,0.000298027944
0x0178,15436,0.000298027944
0x017a,15436,0.000298027944
0x017b,11668,0.000225277925
0x017d,11668,0.000225277925
0x017e,11548,0.000222961045
0x0180,11548,0.000222961045
0x0182,11548,0.000222961045
0x0183,4027,0.000077750617
0x0185,4027,0.000077750617
0x0186,3908,0.000075453045
0x0188,3908,0.000075453045
0x018a,3908,0.000075453045
0x018b,123,0.000002374802
0x018d,123,0.000002374802
0x018e,123,0.000002374802
0x018f,123,0.000002374802
0x0191,123,0.000002374802
0x0192,8,0.000000154459
0x0194,8,0.000000154459
0x0196,2312,0.000044638547
0x0197,2312,0.000044638547
0x0199,2312,0.000044638547
0x019b,2312,0.000044638547
0x019c,1884,0.000036375009
0x019d,1884,0.000036375009
0x019e,1884,0.000036375009
0x01a0,1884,0.000036375009
0x01a1,1884,0.000036375009
0x01a2,1884,0.000036375009
0x01a3,1884,0.000036375009
0x01a5,1884,0.000036375009
0x01a6,1884,0.000036375009
0x01a7,1884,0.000036375009
0x01a8,1884,0.000036375009
0x01ab,1884,0.000036375009
0x01ae,1884,0.000036375009
0x01af,1884,0.000036375009
0x01b0,1884,0.000036375009
0x01b1,1884,0.000036375009
0x01b2,1884,0.000036375009
0x01b3,1884,0.000036375009
0x01b4,1884,0.000036375009
0x01b5,1884,0.000036375009
0x01b6,1884,0.000036375009
0x01b7,1884,0.000036375009
0x01b8,1884,0.000036375009
0x01b9,1884,0.000036375009
0x01ba,1884,0.000036375009
0x01bb,1884,0.000036375009
0x01bd,1884,0.000036375009
0x01be,1884,0.000036375009
0x01c1,23466,0.000453065802
0x01c4,23466,0.000453065802
0x01c5,23466,0.000453065802
0x01c8,1884,0.000036375009
0x01c9,1884,0.000036375009
0x01ca,1884,0.000036375009
0x01d0,5688,0.000109820092
0x01d1,5688,0.000109820092
0x01d2,5688,0.000109820092
0x01d3,5688,0.000109820092
0x01d4,5688,0.000109820092
0x01d6,5688,0.000109820092
0x01d7,5688,0.000109820092
0x01d9,5688,0.000109820092
0x01dc,5688,0.000109820092
0x01dd,5688,0.000109820092
0x01e0,3269,0.000063115661
0x01e1,9,0.000000173766
0x01e4,1205,0.000023265332
0x01e7,1205,0.000023265332
0x01e9,1205,0.000023265332
0x01ed,147888,0.002855322397
0x01ee,147888,0.002855322397
0x01ef,147888,0.002855322397
0x01f0,147888,0.002855322397
0x01f3,147888,0.002855322397
0x01f4,147888,0.002855322397
0x01f7,5688,0.000109820092
0x0200,48804,0.000942274926
0x0201,48804,0.000942274926
0x0202,171,0.000003301553
0x0203,171,0.000003301553
0x0204,171,0.000003301553
0x0205,171,0.000003301553
0x0206,1884,0.000036375009
0x0207,1884,0.000036375009
0x0208,1884,0.000036375009
0x0209,1884,0.000036375009
0x020a,1884,0.000036375009
0x020b,1884,0.000036375009
0x020c,1884,0.000036375009
0x020d,1884,0.000036375009
0x020e,1884,0.000036375009
0x0210,13818,0.000266788684
0x0211,13818,0.000266788684
0x0213,13818,0.000266788684
0x0214,13818,0.000266788684
0x0215,2987,0.000057670994
0x0216,2987,0.000057670994
0x0217,315307,0.006087736252
0x0218,315307,0.006087736252
0x021a,315307,0.006087736252
0x021b,315307,0.006087736252
0x021c,45933,0.000886843582
0x021d,45933,0.000886843582
0x0220,64,0.000001235669
0x0221,64,0.000001235669
0x0222,64,0.000001235669
0x0223,64,0.000001235669
0x0224,64,0.000001235669
0x0225,64,0.000001235669
0x0226,64,0.000001235669
0x0227,64,0.000001235669
0x0228,64,0.000001235669
0x0229,64,0.000001235669
0x022a,64,0.000001235669
0x022b,64,0.000001235669
0x022c,64,0.000001235669
0x022e,64,0.000001235669
0x022f,64,0.000001235669
0x0230,64,0.000001235669
0x0231,64,0.000001235669
0x0232,64,0.000001235669
0x0258,93705,0.001809193343
0x0259,93705,0.001809193343
0x025a,93705,0.001809193343
0x025b,376,0.000007259556
0x025c,376,0.000007259556
0x025d,376,0.000007259556
0x025e,376,0.000007259556
0x025f,376,0.000007259556
0x0260,71252,0.001375685866
0x0263,71252,0.001375685866
0x0264,68896,0.001330197797
0x0267,68896,0.001330197797
0x0270,98320,0.001898296671
0x0271,98320,0.001898296671
0x0272,98320,0.001898296671
0x0273,98320,0.001898296671
0x0274,98320,0.001898296671
0x0275,98320,0.001898296671
0x0276,98320,0.001898296671
0x0277,68896,0.001330197797
0x0278,68896,0.001330197797
0x0279,68896,0.001330197797
0x027a,68896,0.001330197797
0x027b,68896,0.001330197797
0x027c,68896,0.001330197797
0x027d,68896,0.001330197797
0x0288,7,0.000000135151
0x028b,7,0.000000135151
0x028e,7,0.000000135151
0x0290,7,0.000000135151
0x0293,7,0.000000135151
0x0295,7,0.000000135151
0x0298,7,0.000000135151
0x029a,7,0.000000135151
0x02a7,7,0.000000135151
0x02aa,7,0.000000135151
0x02ab,7,0.000000135151
0x02ac,7,0.000000135151
0x02ad,1,0.000000019307
0x02b0,1,0.000000019307
0x02b3,1,0.000000019307
0x02b6,1,0.000000019307
0x02b9,1,0.000000019307
0x02bc,1,0.000000019307
0x02be,1,0.000000019307
0x02c0,1,0.000000019307
0x02c3,1,0.000000019307
0x02c5,1,0.000000019307
0x02c7,1,0.000000019307
0x02cb,1,0.000000019307
0x02cd,1,0.000000019307
0x02cf,1,0.000000019307
0x02d4,1,0.000000019307
0x02d7,1,0.000000019307
0x02d8,1,0.000000019307
0x02db,1,0.000000019307
0x02dd,1,0.000000019307
0x02e3,1,0.000000019307
0x02e5,1,0.000000019307
0x02e6,1,0.000000019307
0x02e7,1,0.000000019307
0x02e8,1,0.000000019307
0x02ea,1,0.000000019307
0x02ed,1,0.000000019307
0x02f0,1,0.000000019307
0x02f3,1,0.000000019307
0x02f6,1,0.000000019307
0x02f9,1,0.000000019307
0x02fc,1,0.000000019307
0x02fe,1,0.000000019307
0x0300,1,0.000000019307
0x0303,1,0.000000019307
0x0306,1,0.000000019307
0x0308,1,0.000000019307
0x030b,1,0.000000019307
0x030d,1,0.000000019307
0x0310,1,0.000000019307
0x0314,66,0.000001274284
0x0315,66,0.000001274284
0x0316,66,0.000001274284
0x0317,66,0.000001274284
0x0318,66,0.000001274284
0x0319,66,0.000001274284
0x031a,66,0.000001274284
0x031b,66,0.000001274284
0x031c,66,0.000001274284
0x031d,66,0.000001274284
0x031e,66,0.000001274284
0x0320,2,0.000000038615
0x0321,2,0.000000038615
0x0322,2,0.000000038615
0x0323,2,0.000000038615
0x0324,2,0.000000038615
0x0325,2,0.000000038615
0x0326,2,0.000000038615
0x0327,2,0.000000038615
0x0328,2,0.000000038615
0x0329,2,0.000000038615
0x032a,2,0.000000038615
0x032e,1,0.000000019307
0x0331,8,0.000000154459
0x0333,8,0.000000154459
0x0334,8,0.000000154459
0x0335,8,0.000000154459
0x0337,8,0.000000154459
0x033a,1,0.000000019307
0x033c,1,0.000000019307
0x033f,1,0.000000019307
0x0341,1,0.000000019307
0x0344,1,0.000000019307
0x0346,1,0.000000019307
0x0349,1,0.000000019307
0x034b,1,0.000000019307
0x034e,1,0.000000019307
0x0350,1,0.000000019307
0x0353,1,0.000000019307
0x0355,1,0.000000019307
0x0357,1,0.000000019307
0x0358,1,0.000000019307
0x035b,1,0.000000019307
0x035c,1,0.000000019307
0x035e,1,0.000000019307
0x035f,1,0.000000019307
0x0361,1,0.000000019307
0x0367,6,0.000000115844
0x0369,6,0.000000115844
0x036a,6,0.000000115844
0x036c,6,0.000000115844
0x036f,6,0.000000115844
0x0370,6,0.000000115844
0x0371,6,0.000000115844
0x0373,6,0.000000115844
0x0376,6,0.000000115844
0x0377,19456,0.000375643410
0x037a,19456,0.000375643410
0x037b,19456,0.000375643410
0x037c,19456,0.000375643410
0x037d,19456,0.000375643410
0x0380,45,0.000000868830
0x0383,45,0.000000868830
0x0386,45,0.000000868830
0x0389,16380,0.000316254063
0x038a,16380,0.000316254063
0x038b,16380,0.000316254063
0x038c,16380,0.000316254063
0x038d,16380,0.000316254063
0x038e,16380,0.000316254063
0x038f,16380,0.000316254063
0x0390,16380,0.000316254063
0x0393,1170,0.000022589576
0x0394,1170,0.000022589576
0x0395,1170,0.000022589576
0x0396,1170,0.000022589576
0x0397,1170,0.000022589576
0x0398,1170,0.000022589576
0x0399,1170,0.000022589576
0x039a,1170,0.000022589576
0x039d,45,0.000000868830
0x03a0,193,0.000003726315
0x03a3,193,0.000003726315
0x03a6,80288,0.001550146899
0x03a7,80288,0.001550146899
0x03a8,80288,0.001550146899
0x03a9,80288,0.001550146899
0x03aa,80288,0.001550146899
0x03ab,80288,0.001550146899
0x03ac,80288,0.001550146899
0x03af,193,0.000003726315
0x03b0,15444,0.000298182402
0x03b3,15444,0.000298182402
0x03b6,15444,0.000298182402
0x03b9,11628,0.000224505631
0x03bc,11628,0.000224505631
0x03bf,11624,0.000224428402
0x03c2,11624,0.000224428402
0x03c5,11624,0.000224428402
0x03c8,7788,0.000150365485
0x03cb,7788,0.000150365485
0x03ce,15436,0.000298027944
0x03d1,15436,0.000298027944
0x03d4,15436,0.000298027944
0x03d5,15436,0.000298027944
0x03d7,15436,0.000298027944
0x03d8,15436,0.000298027944
0x03d9,15436,0.000298027944
0x03e2,4,0.000000077229
0x03e5,4,0.000000077229
0x03e8,4,0.000000077229
0x03eb,4,0.000000077229
0x03ee,4,0.000000077229
0x03f1,8,0.000000154459
0x03f4,8,0.000000154459
0x03f5,8,0.000000154459
0x03f7,8,0.000000154459
0x03f8,8,0.000000154459
0x03fa,8,0.000000154459
0x03fb,8,0.000000154459
0x03fc,8,0.000000154459
0x03fd,8,0.000000154459
0x0400,25299,0.000488456138
0x0403,25299,0.000488456138
0x0406,25299,0.000488456138
0x0407,25299,0.000488456138
0x0408,25299,0.000488456138
0x0409,25299,0.000488456138
0x040a,25299,0.000488456138
0x040b,25299,0.000488456138
0x040c,25299,0.000488456138
0x040d,25299,0.000488456138
0x041e,55,0.000001061903
0x0421,55,0.000001061903
0x0423,55,0.000001061903
0x0424,55,0.000001061903
0x0427,55,0.000001061903
0x0429,55,0.000001061903
0x042a,55,0.000001061903
0x042d,55,0.000001061903
0x0430,8,0.000000154459
0x0433,8,0.000000154459
0x0435,8,0.000000154459
0x0436,8,0.000000154459
0x0438,8,0.000000154459
0x043a,8,0.000000154459
0x043b,8,0.000000154459
0x043d,8,0.000000154459
0x043f,8,0.000000154459
0x0440,3,0.000000057922
0x0441,3,0.000000057922
0x0442,3,0.000000057922
0x0443,3,0.000000057922
0x0445,3,0.000000057922
0x04ac,1720,0.000033208607
0x04af,1720,0.000033208607
0x04b0,1720,0.000033208607
0x04b1,1720,0.000033208607
0x04b2,1720,0.000033208607
0x04b4,1720,0.000033208607
0x04b5,1720,0.000033208607
0x04b6,1704,0.000032899690
0x04b8,1704,0.000032899690
0x04ba,1704,0.000032899690
0x04bd,1696,0.000032745231
0x04bf,1696,0.000032745231
0x04c1,1696,0.000032745231
0x04c2,1696,0.000032745231
0x04c4,1696,0.000032745231
0x04c6,1696,0.000032745231
0x04c9,860,0.000016604304
0x04cc,860,0.000016604304
0x04cd,860,0.000016604304
0x04d0,860,0.000016604304
0x04d1,860,0.000016604304
0x04d2,860,0.000016604304
0x04d4,860,0.000016604304
0x04d7,860,0.000016604304
0x04df,860,0.000016604304
0x04e1,860,0.000016604304
0x04e4,860,0.000016604304
0x04e6,836,0.000016140928
0x04e9,836,0.000016140928
0x04ea,836,0.000016140928
0x04eb,836,0.000016140928
0x04ee,836,0.000016140928
0x04f4,836,0.000016140928
0x04f6,836,0.000016140928
0x04f9,836,0.000016140928
0x04fb,5016,0.000096845567
0x04fd,5016,0.000096845567
0x04fe,5016,0.000096845567
0x0501,5016,0.000096845567
0x0502,5016,0.000096845567
0x0505,836,0.000016140928
0x0506,47,0.000000907445
0x0509,47,0.000000907445
0x050b,47,0.000000907445
0x050e,47,0.000000907445
0x0511,47,0.000000907445
0x0514,47,0.000000907445
0x0515,47,0.000000907445
0x0518,47,0.000000907445
0x051b,47,0.000000907445
0x051d,47,0.000000907445
0x0520,47,0.000000907445
0x0523,47,0.000000907445
0x0526,47,0.000000907445
0x0529,47,0.000000907445
0x052c,47,0.000000907445
0x052f,47,0.000000907445
0x0532,47,0.000000907445
0x0535,47,0.000000907445
0x0537,47,0.000000907445
0x053a,47,0.000000907445
0x053d,47,0.000000907445
0x0540,47,0.000000907445
0x0543,47,0.000000907445
0x0547,47,0.000000907445
0x054a,47,0.000000907445
0x054d,47,0.000000907445
0x054f,47,0.000000907445
0x0552,47,0.000000907445
0x0555,47,0.000000907445
0x0557,47,0.000000907445
0x055a,47,0.000000907445
0x0580,51,0.000000984674
0x0583,51,0.000000984674
0x0586,51,0.000000984674
0x0588,51,0.000000984674
0x0589,51,0.000000984674
0x058a,51,0.000000984674
0x058b,51,0.000000984674
0x058d,51,0.000000984674
0x0590,51,0.000000984674
0x0592,51,0.000000984674
0x0595,51,0.000000984674
0x05d8,266,0.000005135750
0x05d9,12726,0.000245705080
0x05da,12726,0.000245705080
0x05db,12726,0.000245705080
0x05dc,12726,0.000245705080
0x05df,266,0.000005135750
0x05e0,6898,0.000133181961
0x05e1,6898,0.000133181961
0x05e2,6898,0.000133181961
0x05e3,6898,0.000133181961
0x05e4,6898,0.000133181961
0x05e5,6898,0.000133181961
0x05e8,1536,0.000029656059
0x05ec,47,0.000000907445
0x05ef,47,0.000000907445
0x05f2,47,0.000000907445
0x05f4,47,0.000000907445
0x05f5,47,0.000000907445
0x05f6,47,0.000000907445
0x05f7,47,0.000000907445
0x05f8,47,0.000000907445
0x05f9,47,0.000000907445
0x05fa,278,0.000005367438
0x05fd,278,0.000005367438
0x0600,278,0.000005367438
0x0601,278,0.000005367438
0x0602,278,0.000005367438
0x0603,4222,0.000081515547
0x0604,4222,0.000081515547
0x0605,4222,0.000081515547
0x0606,4222,0.000081515547
0x0607,4222,0.000081515547
0x0608,4222,0.000081515547
0x0609,4222,0.000081515547
0x060a,4222,0.000081515547
0x060d,265,0.000005116442
0x0610,47,0.000000907445
0x0613,47,0.000000907445
0x0616,47,0.000000907445
0x0617,47,0.000000907445
0x0619,47,0.000000907445
0x061a,47,0.000000907445
0x061b,47,0.000000907445
0x061c,47,0.000000907445
0x061d,47,0.000000907445
0x061e,47,0.000000907445
0x061f,47,0.000000907445
0x0621,47,0.000000907445
0x0624,47,0.000000907445
0x0627,47,0.000000907445
0x0628,47,0.000000907445
0x0629,47,0.000000907445
0x062a,526,0.000010155656
0x062b,526,0.000010155656
0x062c,526,0.000010155656
0x062d,526,0.000010155656
0x062e,526,0.000010155656
0x062f,526,0.000010155656
0x0630,526,0.000010155656
0x0631,526,0.000010155656
0x0632,526,0.000010155656
0x0633,526,0.000010155656
0x0634,526,0.000010155656
0x0635,526,0.000010155656
0x0638,34,0.000000656449
0x0650,47,0.000000907445
0x0653,47,0.000000907445
0x0656,47,0.000000907445
0x0658,47,0.000000907445
0x0659,47,0.000000907445
0x065a,47,0.000000907445
0x065b,47,0.000000907445
0x065c,47,0.000000907445
0x065d,47,0.000000907445
0x065e,47,0.000000907445
0x0661,47,0.000000907445
0x0664,47,0.000000907445
0x0665,47,0.000000907445
0x0666,47,0.000000907445
0x0667,526,0.000010155656
0x0668,526,0.000010155656
0x0669,526,0.000010155656
0x066a,526,0.000010155656
0x066b,526,0.000010155656
0x066c,526,0.000010155656
0x066f,34,0.000000656449
0x067a,5962,0.000115110301
0x067d,5962,0.000115110301
0x067e,5962,0.000115110301
0x067f,5962,0.000115110301
0x0682,5962,0.000115110301
0x0684,5962,0.000115110301
0x0685,751,0.000014499805
0x0688,751,0.000014499805
0x068b,751,0.000014499805
0x068c,751,0.000014499805
0x068d,751,0.000014499805
0x068e,751,0.000014499805
0x068f,751,0.000014499805
0x0691,751,0.000014499805
0x0692,751,0.000014499805
0x0693,751,0.000014499805
0x0695,751,0.000014499805
0x0696,751,0.000014499805
0x0697,751,0.000014499805
0x0698,751,0.000014499805
0x0699,19552,0.000377496913
0x069a,19552,0.000377496913
0x069b,19552,0.000377496913
0x069c,19552,0.000377496913
0x069d,19552,0.000377496913
0x069e,19552,0.000377496913
0x069f,19552,0.000377496913
0x06a2,3004,0.000057999219
0x06a3,3004,0.000057999219
0x06a4,3004,0.000057999219
0x06a5,3004,0.000057999219
0x06a8,751,0.000014499805
0x06a9,751,0.000014499805
0x06ac,751,0.000014499805
0x06b0,5341,0.000103120449
0x06b3,5341,0.000103120449
0x06b6,5341,0.000103120449
0x06b7,5341,0.000103120449
0x06b8,5341,0.000103120449
0x06b9,34,0.000000656449
0x06ba,34,0.000000656449
0x06bb,34,0.000000656449
0x06bc,34,0.000000656449
0x06bd,34,0.000000656449
0x06be,34,0.000000656449
0x06bf,34,0.000000656449
0x06c0,34,0.000000656449
0x06c1,34,0.000000656449
0x06c2,34,0.000000656449
0x06c3,34,0.000000656449
0x06c4,34,0.000000656449
0x06c5,34,0.000000656449
0x06c8,34,0.000000656449
0x06ca,34,0.000000656449
0x06cb,34,0.000000656449
0x06cc,34,0.000000656449
0x06cd,34,0.000000656449
0x06cf,34,0.000000656449
0x06d0,34,0.000000656449
0x06d1,34,0.000000656449
0x06d2,34,0.000000656449
0x06d3,34,0.000000656449
0x06d4,34,0.000000656449
0x06d5,34,0.000000656449
0x06d7,34,0.000000656449
0x06d8,34,0.000000656449
0x06da,34,0.000000656449
0x06db,34,0.000000656449
0x06de,34,0.000000656449
0x06df,34,0.000000656449
0x06e1,34,0.000000656449
0x06e2,34,0.000000656449
0x06e3,34,0.000000656449
0x06e4,34,0.000000656449
0x06e7,34,0.000000656449
0x06e8,860,0.000016604304
0x06eb,860,0.000016604304
0x06ed,860,0.000016604304
0x06f0,5341,0.000103120449
0x06f3,5341,0.000103120449
0x06f6,5341,0.000103120449
0x0700,18231,0.000351991930
0x0703,18231,0.000351991930
0x0706,54693,0.001055975791
0x0709,54693,0.001055975791
0x070a,54693,0.001055975791
0x070c,54693,0.001055975791
0x070d,54693,0.001055975791
0x070f,54693,0.001055975791
0x0710,54693,0.001055975791
0x0711,54693,0.001055975791
0x0713,54693,0.001055975791
0x0716,18231,0.000351991930
0x0718,176816,0.003413844834
0x071b,176815,0.003413825527
0x0720,176816,0.003413844834
0x0721,176816,0.003413844834
0x0722,176816,0.003413844834
0x0724,176815,0.003413825527
0x0725,72155,0.001393120385
0x0726,72155,0.001393120385
0x0728,72155,0.001393120385
0x0729,72155,0.001393120385
0x072a,72155,0.001393120385
0x072b,72155,0.001393120385
0x072c,72155,0.001393120385
0x072e,72155,0.001393120385
0x0730,72155,0.001393120385
0x0731,72155,0.001393120385
0x0733,72155,0.001393120385
0x0734,72155,0.001393120385
0x0740,176815,0.003413825527
0x0741,176815,0.003413825527
0x0742,176815,0.003413825527
0x0744,176815,0.003413825527
0x0745,76034,0.001468013518
0x0746,76034,0.001468013518
0x0748,76034,0.001468013518
0x0749,76034,0.001468013518
0x074a,76034,0.001468013518
0x074b,76034,0.001468013518
0x074c,76034,0.001468013518
0x074d,76034,0.001468013518
0x074f,76034,0.001468013518
0x0750,76034,0.001468013518
0x0751,76034,0.001468013518
0x0752,76034,0.001468013518
0x0754,76034,0.001468013518
0x0755,76034,0.001468013518
0x0757,76034,0.001468013518
0x0758,76034,0.001468013518
0x0763,14239,0.000274917070
0x0764,14239,0.000274917070
0x0765,14239,0.000274917070
0x0766,14239,0.000274917070
0x0767,14239,0.000274917070
0x0768,14239,0.000274917070
0x0769,14239,0.000274917070
0x076a,14239,0.000274917070
0x076b,14239,0.000274917070
0x076d,17976,0.000347068561
0x076e,17976,0.000347068561
0x076f,17976,0.000347068561
0x0770,17976,0.000347068561
0x0771,17976,0.000347068561
0x0772,17976,0.000347068561
0x0773,17976,0.000347068561
0x0774,17976,0.000347068561
0x0775,17976,0.000347068561
0x0776,17976,0.000347068561
0x0779,31444,0.000607099680
0x077a,31444,0.000607099680
0x077b,31444,0.000607099680
0x077c,31444,0.000607099680
0x077d,31444,0.000607099680
0x077e,31444,0.000607099680
0x077f,31444,0.000607099680
0x0780,31444,0.000607099680
0x0783,31444,0.000607099680
0x0784,31444,0.000607099680
0x0785,31444,0.000607099680
0x0786,31444,0.000607099680
0x0788,31550,0.000609146257
0x0789,31550,0.000609146257
0x078a,31550,0.000609146257
0x078b,31550,0.000609146257
0x078c,31550,0.000609146257
0x078d,31550,0.000609146257
0x078e,31550,0.000609146257
0x078f,31550,0.000609146257
0x0790,31550,0.000609146257
0x0792,31550,0.000609146257
0x0793,31550,0.000609146257
0x0794,31550,0.000609146257
0x0795,31550,0.000609146257
0x0798,31550,0.000609146257
0x0799,31550,0.000609146257
0x079a,31550,0.000609146257
0x079b,31550,0.000609146257
0x079e,3176,0.000061320080
0x079f,3176,0.000061320080
0x07a0,3176,0.000061320080
0x07a1,3176,0.000061320080
0x07a2,3176,0.000061320080
0x07a3,3176,0.000061320080
0x07a4,3176,0.000061320080
0x07a5,3176,0.000061320080
0x07a6,3176,0.000061320080
0x07a7,3176,0.000061320080
0x07a8,3176,0.000061320080
0x07aa,3180,0.000061397309
0x07ab,3180,0.000061397309
0x07ac,3180,0.000061397309
0x07ad,3180,0.000061397309
0x07ae,3180,0.000061397309
0x07af,3180,0.000061397309
0x07b0,3180,0.000061397309
0x07b1,3180,0.000061397309
0x07b2,3180,0.000061397309
0x07b4,3180,0.000061397309
0x07b5,3180,0.000061397309
0x07b6,3180,0.000061397309
0x07b7,3180,0.000061397309
0x07b8,3180,0.000061397309
0x07b9,3180,0.000061397309
0x07ba,3180,0.000061397309
0x07bb,3180,0.000061397309
0x07be,23296,0.000449783556
0x07bf,23296,0.000449783556
0x07c0,23296,0.000449783556
0x07c1,23296,0.000449783556
0x07c2,23296,0.000449783556
0x07c3,23296,0.000449783556
0x07c4,23296,0.000449783556
0x07c5,23296,0.000449783556
0x07c6,23296,0.000449783556
0x07c7,23296,0.000449783556
0x07ca,23296,0.000449783556
0x07cb,23296,0.000449783556
0x07cc,23296,0.000449783556
0x07cd,23296,0.000449783556
0x07ce,23296,0.000449783556
0x07cf,23296,0.000449783556
0x07d2,23328,0.000450401391
0x07d3,23328,0.000450401391
0x07d4,23328,0.000450401391
0x07d5,23328,0.000450401391
0x07d6,23328,0.000450401391
0x07d7,23328,0.000450401391
0x07d8,23328,0.000450401391
0x07d9,23328,0.000450401391
0x07da,23328,0.000450401391
0x07dc,23362,0.000451057840
0x07dd,23362,0.000451057840
0x07de,23362,0.000451057840
0x07df,23362,0.000451057840
0x07e0,23362,0.000451057840
0x07e1,23362,0.000451057840
0x07e2,23362,0.000451057840
0x07e3,23362,0.000451057840
0x07e4,23362,0.000451057840
0x07e7,23362,0.000451057840
0x07e8,23362,0.000451057840
0x07e9,23362,0.000451057840
0x07ea,23362,0.000451057840
0x07eb,23362,0.000451057840
0x07ec,23362,0.000451057840
0x07ed,23362,0.000451057840
0x07ee,23362,0.000451057840
0x07f0,8,0.000000154459
0x07f3,8,0.000000154459
0x07f6,8,0.000000154459
0x07f9,8,0.000000154459
0x0800,20876,0.000403059818
0x0803,20876,0.000403059818
0x0806,20876,0.000403059818
0x0807,20876,0.000403059818
0x0809,20876,0.000403059818
0x080a,20876,0.000403059818
0x080b,20876,0.000403059818
0x080c,20876,0.000403059818
0x080d,20876,0.000403059818
0x080e,20876,0.000403059818
0x080f,20876,0.000403059818
0x0834,1675,0.000032339777
0x0837,1675,0.000032339777
0x083a,1675,0.000032339777
0x083b,1675,0.000032339777
0x083c,1675,0.000032339777
0x083e,1675,0.000032339777
0x083f,231,0.000004459993
0x0842,231,0.000004459993
0x0845,231,0.000004459993
0x0848,586,0.000011314095
0x084b,586,0.000011314095
0x084c,586,0.000011314095
0x084d,586,0.000011314095
0x084e,16,0.000000308917
0x0850,16,0.000000308917
0x0851,16,0.000000308917
0x0853,16,0.000000308917
0x0855,16,0.000000308917
0x085a,231,0.000004459993
0x085d,231,0.000004459993
0x085f,231,0.000004459993
0x0860,187,0.000003610471
0x0862,187,0.000003610471
0x0864,187,0.000003610471
0x0865,143,0.000002760948
0x0867,143,0.000002760948
0x0869,143,0.000002760948
0x086a,99,0.000001911426
0x086c,99,0.000001911426
0x086e,99,0.000001911426
0x086f,55,0.000001061903
0x0871,55,0.000001061903
0x0876,18231,0.000351991930
0x0879,18231,0.000351991930
0x087c,18231,0.000351991930
0x087f,18231,0.000351991930
0x0882,18231,0.000351991930
0x0885,18231,0.000351991930
0x0886,18231,0.000351991930
0x0889,18231,0.000351991930
0x088b,100258,0.001935714276
0x088c,100258,0.001935714276
0x088d,100258,0.001935714276
0x088e,100258,0.001935714276
0x088f,100258,0.001935714276
0x0890,100258,0.001935714276
0x0891,100258,0.001935714276
0x0892,100258,0.001935714276
0x0893,100258,0.001935714276
0x0894,100258,0.001935714276
0x0897,27344,0.000527939627
0x08a0,18231,0.000351991930
0x08a3,18231,0.000351991930
0x08a6,18231,0.000351991930
0x08a9,18231,0.000351991930
0x08ac,18231,0.000351991930
0x08ae,18231,0.000351991930
0x08b0,18231,0.000351991930
0x08b1,1280,0.000024713382
0x08b4,1280,0.000024713382
0x08b7,1280,0.000024713382
0x08c4,18231,0.000351991930
0x08c7,18231,0.000351991930
0x08c8,18231,0.000351991930
0x08ca,18231,0.000351991930
0x08cd,17859,0.000344809604
0x08cf,17859,0.000344809604
0x08d0,17859,0.000344809604
0x08d1,17859,0.000344809604
0x08d4,16881,0.000325927035
0x08d6,16881,0.000325927035
0x08d9,16881,0.000325927035
0x08dc,6,0.000000115844
0x08de,6,0.000000115844
0x08e0,6,0.000000115844
0x08e2,6,0.000000115844
0x08e3,6,0.000000115844
0x08e5,6,0.000000115844
0x08e6,6,0.000000115844
0x08e8,6,0.000000115844
0x08ea,984,0.000018998413
0x08eb,17859,0.000344809604
0x08ed,17859,0.000344809604
0x08f0,17859,0.000344809604
0x08f3,17859,0.000344809604
0x0900,17859,0.000344809604
0x0903,17859,0.000344809604
0x0904,17859,0.000344809604
0x0906,17859,0.000344809604
0x0907,13544,0.000261498475
0x0909,13544,0.000261498475
0x090c,6889,0.000133008195
0x090d,6889,0.000133008195
0x090f,6889,0.000133008195
0x0910,6648,0.000128355129
0x0911,6648,0.000128355129
0x0913,6648,0.000128355129
0x0916,6648,0.000128355129
0x0917,6655,0.000128490280
0x0918,6655,0.000128490280
0x091a,6655,0.000128490280
0x091b,6588,0.000127196689
0x091c,6588,0.000127196689
0x091e,6588,0.000127196689
0x0921,6588,0.000127196689
0x0926,18410,0.000355447943
0x0927,18410,0.000355447943
0x0929,18410,0.000355447943
0x092a,18410,0.000355447943
0x092b,18410,0.000355447943
0x092c,18410,0.000355447943
0x092d,18410,0.000355447943
0x092e,18410,0.000355447943
0x0930,19511,0.000376705313
0x0931,19511,0.000376705313
0x0933,19511,0.000376705313
0x0936,11951,0.000230741899
0x0937,11951,0.000230741899
0x0939,11951,0.000230741899
0x093c,11951,0.000230741899
0x093d,551,0.000010638339
0x093e,551,0.000010638339
0x0940,551,0.000010638339
0x0941,551,0.000010638339
0x0942,551,0.000010638339
0x0944,551,0.000010638339
0x0945,551,0.000010638339
0x0946,551,0.000010638339
0x0947,551,0.000010638339
0x094a,551,0.000010638339
0x094c,551,0.000010638339
0x094d,551,0.000010638339
0x094e,551,0.000010638339
0x0951,551,0.000010638339
0x0953,551,0.000010638339
0x0954,551,0.000010638339
0x0955,551,0.000010638339
0x0956,551,0.000010638339
0x0959,551,0.000010638339
0x095c,551,0.000010638339
0x095e,551,0.000010638339
0x0961,551,0.000010638339
0x0964,7560,0.000145963414
0x0965,7560,0.000145963414
0x0966,7560,0.000145963414
0x0967,7560,0.000145963414
0x0968,7560,0.000145963414
0x096a,7560,0.000145963414
0x096b,7560,0.000145963414
0x096d,7560,0.000145963414
0x096e,370,0.000007143712
0x096f,370,0.000007143712
0x0970,370,0.000007143712
0x0971,370,0.000007143712
0x0972,370,0.000007143712
0x0974,370,0.000007143712
0x0975,370,0.000007143712
0x097a,18231,0.000351991930
0x097d,18231,0.000351991930
0x097e,18231,0.000351991930
0x0980,18231,0.000351991930
0x0981,18231,0.000351991930
0x0984,18231,0.000351991930
0x0985,18231,0.000351991930
0x0986,18231,0.000351991930
0x0987,18231,0.000351991930
0x0988,18231,0.000351991930
0x098b,18231,0.000351991930
0x098c,18231,0.000351991930
0x098d,18231,0.000351991930
0x098e,18231,0.000351991930
0x0991,18231,0.000351991930
0x09a0,18278,0.000352899375
0x09a3,18278,0.000352899375
0x09a6,54834,0.001058698125
0x09a9,54834,0.001058698125
0x09aa,54834,0.001058698125
0x09ab,54834,0.001058698125
0x09ac,54834,0.001058698125
0x09ad,54834,0.001058698125
0x09ae,54834,0.001058698125
0x09af,54834,0.001058698125
0x09b0,54834,0.001058698125
0x09b2,54834,0.001058698125
0x09b5,18278,0.000352899375
0x09ba,141049,0.002723279568
0x09bd,141049,0.002723279568
0x09be,141049,0.002723279568
0x09c0,141049,0.002723279568
0x09c1,141049,0.002723279568
0x09c2,141049,0.002723279568
0x09c3,141049,0.002723279568
0x09c4,141049,0.002723279568
0x09c5,141049,0.002723279568
0x09c6,141049,0.002723279568
0x09c7,141049,0.002723279568
0x09c8,141049,0.002723279568
0x09c9,141049,0.002723279568
0x09ca,141049,0.002723279568
0x09cc,141049,0.002723279568
0x09cd,141049,0.002723279568
0x09ce,141049,0.002723279568
0x09cf,141049,0.002723279568
0x09d0,141049,0.002723279568
0x09d1,141049,0.002723279568
0x0a50,3828,0.000073908459
0x0a53,3828,0.000073908459
0x0a56,76560,0.001478169173
0x0a57,76560,0.001478169173
0x0a5a,76560,0.001478169173
0x0a5b,76560,0.001478169173
0x0a5c,76560,0.001478169173
0x0a5e,76560,0.001478169173
0x0a5f,76560,0.001478169173
0x0a61,76560,0.001478169173
0x0a62,76560,0.001478169173
0x0a63,76560,0.001478169173
0x0a64,76560,0.001478169173
0x0a67,3828,0.000073908459
0x0a6c,3636,0.000070201451
0x0a6f,3636,0.000070201451
0x0a72,72720,0.001404029027
0x0a73,72720,0.001404029027
0x0a74,72720,0.001404029027
0x0a75,72720,0.001404029027
0x0a77,72720,0.001404029027
0x0a7a,40650,0.000784842958
0x0a7b,40650,0.000784842958
0x0a7c,40650,0.000784842958
0x0a7d,40650,0.000784842958
0x0a7e,40650,0.000784842958
0x0a7f,40650,0.000784842958
0x0a80,40650,0.000784842958
0x0a81,40650,0.000784842958
0x0a82,40650,0.000784842958
0x0a83,40650,0.000784842958
0x0a84,40650,0.000784842958
0x0a85,40650,0.000784842958
0x0a86,40650,0.000784842958
0x0a87,40650,0.000784842958
0x0a8a,72720,0.001404029027
0x0a8b,72720,0.001404029027
0x0a8c,72720,0.001404029027
0x0a8d,72720,0.001404029027
0x0a8f,72720,0.001404029027
0x0a90,72720,0.001404029027
0x0a91,72720,0.001404029027
0x0a93,72720,0.001404029027
0x0a94,72720,0.001404029027
0x0a96,72720,0.001404029027
0x0a99,3636,0.000070201451
0x0aa0,372,0.000007182327
0x0aa2,372,0.000007182327
0x0aa3,372,0.000007182327
0x0aa4,372,0.000007182327
0x0aa5,372,0.000007182327
0x0aa8,372,0.000007182327
0x0aa9,372,0.000007182327
0x0aac,372,0.000007182327
0x0aae,372,0.000007182327
0x0aaf,372,0.000007182327
0x0ab0,372,0.000007182327
0x0ab3,372,0.000007182327
0x0ab5,372,0.000007182327
0x0ab8,366,0.000007066483
0x0abb,366,0.000007066483
0x0abd,366,0.000007066483
0x0abe,366,0.000007066483
0x0abf,366,0.000007066483
0x0ac0,366,0.000007066483
0x0ac1,366,0.000007066483
0x0ad6,8702,0.000168012384
0x0ad7,8702,0.000168012384
0x0ad8,34808,0.000672049537
0x0ad9,34808,0.000672049537
0x0ada,34808,0.000672049537
0x0adb,34808,0.000672049537
0x0adc,34808,0.000672049537
0x0add,34808,0.000672049537
0x0ae0,8702,0.000168012384
0x0ae1,8702,0.000168012384
0x0ae2,8702,0.000168012384
0x0ae5,8702,0.000168012384
0x0ae6,8702,0.000168012384
0x0ae9,3739,0.000072190106
0x0aea,1440,0.000027802555
0x0aed,1440,0.000027802555
0x0aee,1440,0.000027802555
0x0af0,1440,0.000027802555
0x0af1,1440,0.000027802555
0x0af4,1440,0.000027802555
0x0af6,1440,0.000027802555
0x0af7,1440,0.000027802555
0x0af8,1440,0.000027802555
0x0af9,1440,0.000027802555
0x0afc,1440,0.000027802555
0x0afd,1440,0.000027802555
0x0afe,1440,0.000027802555
0x0b00,1440,0.000027802555
0x0b01,1440,0.000027802555
0x0b02,1440,0.000027802555
0x0b05,1425,0.000027512945
0x0b07,1425,0.000027512945
0x0b0a,960,0.000018535037
0x0b0d,945,0.000018245427
0x0b15,15,0.000000289610
0x0b16,15,0.000000289610
0x0b18,15,0.000000289610
0x0b19,15,0.000000289610
0x0b1a,15,0.000000289610
0x0b1c,15,0.000000289610
0x0b1d,15,0.000000289610
0x0b1e,15,0.000000289610
0x0b1f,15,0.000000289610
0x0b20,4,0.000000077229
0x0b21,4,0.000000077229
0x0b22,4,0.000000077229
0x0b25,4,0.000000077229
0x0b26,4,0.000000077229
0x0b27,4,0.000000077229
0x0b28,4,0.000000077229
0x0b29,3,0.000000057922
0x0b2b,3,0.000000057922
0x0b2d,3,0.000000057922
0x0b48,6,0.000000115844
0x0b4b,6,0.000000115844
0x0b4e,6,0.000000115844
0x0b50,6,0.000000115844
0x0b51,6,0.000000115844
0x0b53,6,0.000000115844
0x0b54,6,0.000000115844
0x0b55,6,0.000000115844
0x0b57,6,0.000000115844
0x0b59,6,0.000000115844
0x0b5a,6,0.000000115844
0x0b60,1208,0.000023323254
0x0b63,1208,0.000023323254
0x0b64,1208,0.000023323254
0x0b65,1208,0.000023323254
0x0b67,1208,0.000023323254
0x0b6a,1200,0.000023168796
0x0b6d,1200,0.000023168796
0x0b6f,1200,0.000023168796
0x0b71,1200,0.000023168796
0x0b74,4,0.000000077229
0x0b77,4,0.000000077229
0x0b79,4,0.000000077229
0x0b7b,4,0.000000077229
0x0b7c,4,0.000000077229
0x0b7d,4,0.000000077229
0x0b7e,4,0.000000077229
0x0b7f,4,0.000000077229
0x0b80,4,0.000000077229
0x0b82,4,0.000000077229
0x0b83,4,0.000000077229
0x0b84,4,0.000000077229
0x0b85,4,0.000000077229
0x0b87,4,0.000000077229
0x0b88,4,0.000000077229
0x0b89,4,0.000000077229
0x0b8a,4,0.000000077229
0x0b8b,4,0.000000077229
0x0b95,1196,0.000023091566
0x0b98,1196,0.000023091566
0x0b9b,1196,0.000023091566
0x0ba0,465,0.000008977908
0x0ba3,465,0.000008977908
0x0ba4,465,0.000008977908
0x0ba6,465,0.000008977908
0x0ba8,465,0.000008977908
0x0ba9,310,0.000005985272
0x0bab,310,0.000005985272
0x0bac,155,0.000002992636
0x0bad,155,0.000002992636
0x0bae,155,0.000002992636
0x0baf,155,0.000002992636
0x0bb2,155,0.000002992636
0x0bba,945,0.000018245427
0x0bbb,945,0.000018245427
0x0bbc,945,0.000018245427
0x0bbf,480,0.000009267518
0x0bc0,480,0.000009267518
0x0bc1,480,0.000009267518
0x0bc4,240,0.000004633759
0x0bca,4,0.000000077229
0x0bcd,4,0.000000077229
0x0bd0,4,0.000000077229
0x0bd2,4,0.000000077229
0x0bd3,4,0.000000077229
0x0bd4,4,0.000000077229
0x0bd6,4,0.000000077229
0x0bd9,4,0.000000077229
0x0bdc,4,0.000000077229
0x0bdf,4,0.000000077229
0x0be2,4,0.000000077229
0x0be5,4,0.000000077229
0x0be8,4,0.000000077229
0x0beb,4,0.000000077229
0x0bee,4,0.000000077229
0x0bf1,4,0.000000077229
0x0c00,19,0.000000366839
0x0c01,19,0.000000366839
0x0c02,19,0.000000366839
0x0c04,19,0.000000366839
0x0c05,19,0.000000366839
0x0c07,19,0.000000366839
0x0c08,19,0.000000366839
0x0c09,19,0.000000366839
0x0c0a,19,0.000000366839
0x0c0b,19,0.000000366839
0x0c0c,19,0.000000366839
0x0c0f,19,0.000000366839
0x0c10,19,0.000000366839
0x0c11,19,0.000000366839
0x0c13,19,0.000000366839
0x0c16,15,0.000000289610
0x0c18,15,0.000000289610
0x0c1b,3,0.000000057922
0x0c1e,3,0.000000057922
0x0c20,3,0.000000057922
0x0c23,3,0.000000057922
0x0c40,9113,0.000175947697
0x0c43,9113,0.000175947697
0x0c45,9113,0.000175947697
0x0c48,9113,0.000175947697
0x0c4b,9113,0.000175947697
0x0c4e,9113,0.000175947697
0x0c51,9112,0.000175928390
0x0c56,9113,0.000175947697
0x0c59,45565,0.000879738485
0x0c5a,45565,0.000879738485
0x0c5d,45565,0.000879738485
0x0c5e,45565,0.000879738485
0x0c5f,45565,0.000879738485
0x0c61,45565,0.000879738485
0x0c62,45565,0.000879738485
0x0c64,45565,0.000879738485
0x0c67,9113,0.000175947697
0x0c6b,9113,0.000175947697
0x0c6e,9113,0.000175947697
0x0c71,45565,0.000879738485
0x0c74,45565,0.000879738485
0x0c75,45565,0.000879738485
0x0c76,45565,0.000879738485
0x0c77,45565,0.000879738485
0x0c78,45565,0.000879738485
0x0c79,45565,0.000879738485
0x0c7a,45565,0.000879738485
0x0c7b,45565,0.000879738485
0x0c7d,45565,0.000879738485
0x0c80,9113,0.000175947697
0x0c84,45565,0.000879738485
0x0c85,45565,0.000879738485
0x0c87,45565,0.000879738485
0x0c88,6920,0.000133606723
0x0c89,6920,0.000133606723
0x0c8a,6920,0.000133606723
0x0c8b,6920,0.000133606723
0x0c8c,6920,0.000133606723
0x0c8e,6920,0.000133606723
0x0c8f,6920,0.000133606723
0x0c90,6920,0.000133606723
0x0c91,6920,0.000133606723
0x0c92,6920,0.000133606723
0x0c94,6920,0.000133606723
0x0c95,6920,0.000133606723
0x0c97,6920,0.000133606723
0x0c9a,6732,0.000129976945
0x0c9b,6732,0.000129976945
0x0c9e,6732,0.000129976945
0x0c9f,6732,0.000129976945
0x0ca0,6732,0.000129976945
0x0ca2,6732,0.000129976945
0x0ca3,6732,0.000129976945
0x0ca4,6732,0.000129976945
0x0ca5,6732,0.000129976945
0x0ca6,6732,0.000129976945
0x0ca7,6732,0.000129976945
0x0ca8,6732,0.000129976945
0x0ca9,6732,0.000129976945
0x0caa,6732,0.000129976945
0x0cac,6732,0.000129976945
0x0caf,6720,0.000129745257
0x0cb4,6732,0.000129976945
0x0cb6,6732,0.000129976945
0x0cb7,1522,0.000029385756
0x0cb9,1522,0.000029385756
0x0cba,769,0.000014847337
0x0cbd,769,0.000014847337
0x0cbe,769,0.000014847337
0x0cbf,281,0.000005425360
0x0cc2,281,0.000005425360
0x0cc3,281,0.000005425360
0x0cc4,15,0.000000289610
0x0cc6,15,0.000000289610
0x0cc9,15,0.000000289610
0x0ccb,15,0.000000289610
0x0cce,15,0.000000289610
0x0cd0,15,0.000000289610
0x0cd3,15,0.000000289610
0x0cd8,9113,0.000175947697
0x0cdb,9113,0.000175947697
0x0cde,45563,0.000879699870
0x0cdf,45563,0.000879699870
0x0ce2,45562,0.000879680563
0x0ce3,45562,0.000879680563
0x0ce4,45562,0.000879680563
0x0ce6,45562,0.000879680563
0x0ce7,45562,0.000879680563
0x0ce9,45562,0.000879680563
0x0cea,45562,0.000879680563
0x0ceb,45562,0.000879680563
0x0cec,45562,0.000879680563
0x0cef,9112,0.000175928390
0x0cf4,6,0.000000115844
0x0cf5,6,0.000000115844
0x0cf6,6,0.000000115844
0x0d1c,3592,0.000069351929
0x0d1f,3592,0.000069351929
0x0d22,57472,0.001109630861
0x0d25,57472,0.001109630861
0x0d26,57472,0.001109630861
0x0d27,57472,0.001109630861
0x0d28,57472,0.001109630861
0x0d2a,57472,0.001109630861
0x0d2b,57472,0.001109630861
0x0d2e,3592,0.000069351929
0x0d30,57472,0.001109630861
0x0d31,57472,0.001109630861
0x0d32,57472,0.001109630861
0x0d33,57472,0.001109630861
0x0d34,57472,0.001109630861
0x0d35,57472,0.001109630861
0x0d37,57472,0.001109630861
0x0d38,40140,0.000774996220
0x0d39,40140,0.000774996220
0x0d3a,40140,0.000774996220
0x0d3b,40140,0.000774996220
0x0d3c,40140,0.000774996220
0x0d3e,40140,0.000774996220
0x0d3f,40140,0.000774996220
0x0d41,40140,0.000774996220
0x0d42,40140,0.000774996220
0x0d43,40140,0.000774996220
0x0d46,36852,0.000711513720
0x0d47,36852,0.000711513720
0x0d48,36852,0.000711513720
0x0d4b,5480,0.000105804168
0x0d4c,5480,0.000105804168
0x0d4d,5480,0.000105804168
0x0d4e,5480,0.000105804168
0x0d4f,8768,0.000169286668
0x0d50,8768,0.000169286668
0x0d51,8768,0.000169286668
0x0d52,8768,0.000169286668
0x0d53,8768,0.000169286668
0x0d54,8768,0.000169286668
0x0d55,8768,0.000169286668
0x0d57,8768,0.000169286668
0x0d58,8768,0.000169286668
0x0d59,3567,0.000068869246
0x0d5a,3567,0.000068869246
0x0d5e,31372,0.000605709552
0x0d5f,31372,0.000605709552
0x0d60,31372,0.000605709552
0x0d61,31372,0.000605709552
0x0d62,31372,0.000605709552
0x0d64,31372,0.000605709552
0x0d65,31372,0.000605709552
0x0d66,4783,0.000092346959
0x0d67,4783,0.000092346959
0x0d70,3590,0.000069313314
0x0d73,3590,0.000069313314
0x0d76,57440,0.001109013026
0x0d79,57440,0.001109013026
0x0d7a,57440,0.001109013026
0x0d7c,57440,0.001109013026
0x0d7d,57440,0.001109013026
0x0d7f,57440,0.001109013026
0x0d80,57440,0.001109013026
0x0d83,3590,0.000069313314
0x0d86,57440,0.001109013026
0x0d87,57440,0.001109013026
0x0d88,57440,0.001109013026
0x0d89,57440,0.001109013026
0x0d8a,57440,0.001109013026
0x0d8b,57440,0.001109013026
0x0d8d,57440,0.001109013026
0x0d8e,40113,0.000774474922
0x0d8f,40113,0.000774474922
0x0d90,40113,0.000774474922
0x0d91,40113,0.000774474922
0x0d94,40113,0.000774474922
0x0d95,40113,0.000774474922
0x0d96,40113,0.000774474922
0x0d97,40113,0.000774474922
0x0d99,40113,0.000774474922
0x0d9a,40113,0.000774474922
0x0d9c,40113,0.000774474922
0x0d9d,40113,0.000774474922
0x0d9f,40113,0.000774474922
0x0da0,40113,0.000774474922
0x0da1,40113,0.000774474922
0x0da2,40113,0.000774474922
0x0da3,40113,0.000774474922
0x0da4,40113,0.000774474922
0x0da5,40113,0.000774474922
0x0da6,40113,0.000774474922
0x0da7,40113,0.000774474922
0x0da8,40113,0.000774474922
0x0dab,36872,0.000711899866
0x0dac,36872,0.000711899866
0x0daf,5421,0.000104665035
0x0db0,5421,0.000104665035
0x0db1,5421,0.000104665035
0x0db3,5421,0.000104665035
0x0db4,5421,0.000104665035
0x0db5,5421,0.000104665035
0x0dbb,3241,0.000062575056
0x0dbc,3241,0.000062575056
0x0dbd,3241,0.000062575056
0x0dbf,3241,0.000062575056
0x0dc0,3241,0.000062575056
0x0dc1,3241,0.000062575056
0x0dc2,3241,0.000062575056
0x0dc3,3241,0.000062575056
0x0dc5,3241,0.000062575056
0x0dc6,3241,0.000062575056
0x0dcc,31451,0.000607234831
0x0dcd,31451,0.000607234831
0x0dce,31451,0.000607234831
0x0dcf,31451,0.000607234831
0x0dd1,31451,0.000607234831
0x0dd2,40113,0.000774474922
0x0dd3,40113,0.000774474922
0x0dd5,40113,0.000774474922
0x0dd6,40113,0.000774474922
0x0dd7,40113,0.000774474922
0x0dd8,40113,0.000774474922
0x0dd9,40113,0.000774474922
0x0dda,40113,0.000774474922
0x0dde,190,0.000003668393
0x0ddf,190,0.000003668393
0x0de0,190,0.000003668393
0x0de3,190,0.000003668393
0x0de4,190,0.000003668393
0x0de5,190,0.000003668393
0x0de6,190,0.000003668393
0x0de9,190,0.000003668393
0x0dea,190,0.000003668393
0x0deb,190,0.000003668393
0x0dec,190,0.000003668393
0x0ded,190,0.000003668393
0x0df0,13371,0.000258158307
0x0df3,13371,0.000258158307
0x0df6,13371,0.000258158307
0x0df9,13371,0.000258158307
0x0dfc,13371,0.000258158307
0x0dff,13371,0.000258158307
0x0e10,26742,0.000516316615
0x0e11,26742,0.000516316615
0x0e13,26742,0.000516316615
0x0e14,5604,0.000108198276
0x0e15,5604,0.000108198276
0x0e16,5604,0.000108198276
0x0e17,5604,0.000108198276
0x0e18,5604,0.000108198276
0x0e1a,5604,0.000108198276
0x0e1b,5598,0.000108082432
0x0e1d,5598,0.000108082432
0x0e1e,96,0.000001853504
0x0e20,96,0.000001853504
0x0e23,65,0.000001254976
0x0e25,65,0.000001254976
0x0e26,65,0.000001254976
0x0e27,65,0.000001254976
0x0e29,65,0.000001254976
0x0e2a,65,0.000001254976
0x0e2c,65,0.000001254976
0x0e2d,65,0.000001254976
0x0e2e,65,0.000001254976
0x0e2f,65,0.000001254976
0x0e31,65,0.000001254976
0x0e32,65,0.000001254976
0x0e33,58,0.000001119825
0x0e34,58,0.000001119825
0x0e35,58,0.000001119825
0x0e36,51,0.000000984674
0x0e39,31,0.000000598527
0x0e3a,31,0.000000598527
0x0e3b,31,0.000000598527
0x0e3c,31,0.000000598527
0x0e3d,31,0.000000598527
0x0e3e,31,0.000000598527
0x0e3f,31,0.000000598527
0x0e41,31,0.000000598527
0x0e42,31,0.000000598527
0x0e45,333,0.000006429341
0x0e46,333,0.000006429341
0x0e47,333,0.000006429341
0x0e48,333,0.000006429341
0x0e4a,333,0.000006429341
0x0e4d,314,0.000006062502
0x0e4e,314,0.000006062502
0x0e4f,314,0.000006062502
0x0e51,314,0.000006062502
0x0e52,314,0.000006062502
0x0e55,12,0.000000231688
0x0e58,218,0.000004208998
0x0e59,218,0.000004208998
0x0e5a,218,0.000004208998
0x0e5b,107,0.000002065884
0x0e5c,107,0.000002065884
0x0e5e,107,0.000002065884
0x0e5f,107,0.000002065884
0x0e60,36,0.000000695064
0x0e61,36,0.000000695064
0x0e62,36,0.000000695064
0x0e63,36,0.000000695064
0x0e65,36,0.000000695064
0x0e66,36,0.000000695064
0x0e67,19,0.000000366839
0x0e69,19,0.000000366839
0x0e6a,19,0.000000366839
0x0e6b,19,0.000000366839
0x0e70,51,0.000000984674
0x0e71,51,0.000000984674
0x0e72,51,0.000000984674
0x0e74,51,0.000000984674
0x0e75,51,0.000000984674
0x0e76,51,0.000000984674
0x0e77,51,0.000000984674
0x0e78,51,0.000000984674
0x0e7a,51,0.000000984674
0x0e7b,51,0.000000984674
0x0e7e,366,0.000007066483
0x0e7f,366,0.000007066483
0x0e80,366,0.000007066483
0x0e81,366,0.000007066483
0x0e83,366,0.000007066483
0x0e86,315,0.000006081809
0x0e87,315,0.000006081809
0x0e88,315,0.000006081809
0x0e8a,315,0.000006081809
0x0e8b,315,0.000006081809
0x0e90,250,0.000004826832
0x0e91,250,0.000004826832
0x0e93,250,0.000004826832
0x0e94,250,0.000004826832
0x0e95,127,0.000002452031
0x0e97,127,0.000002452031
0x0e98,127,0.000002452031
0x0e99,66,0.000001274284
0x0e9a,66,0.000001274284
0x0e9b,66,0.000001274284
0x0e9c,66,0.000001274284
0x0e9e,66,0.000001274284
0x0e9f,66,0.000001274284
0x0ea0,51,0.000000984674
0x0ea3,51,0.000000984674
0x0ea4,70,0.000001351513
0x0ea5,70,0.000001351513
0x0ea6,70,0.000001351513
0x0ea7,70,0.000001351513
0x0ea8,70,0.000001351513
0x0ea9,70,0.000001351513
0x0eaa,70,0.000001351513
0x0eac,70,0.000001351513
0x0ead,75,0.000001448050
0x0eae,75,0.000001448050
0x0eb0,75,0.000001448050
0x0eb1,75,0.000001448050
0x0eb2,75,0.000001448050
0x0eb4,75,0.000001448050
0x0eb5,75,0.000001448050
0x0eb6,75,0.000001448050
0x0eb7,75,0.000001448050
0x0eb8,75,0.000001448050
0x0ebb,75,0.000001448050
0x0ebc,75,0.000001448050
0x0ebe,75,0.000001448050
0x0ec1,72,0.000001390128
0x0ec3,75,0.000001448050
0x0ec4,75,0.000001448050
0x0ec5,75,0.000001448050
0x0ec8,2,0.000000038615
0x0ec9,2,0.000000038615
0x0eca,2,0.000000038615
0x0ecb,2,0.000000038615
0x0ecc,2,0.000000038615
0x0ecd,2,0.000000038615
0x0ece,2,0.000000038615
0x0ed5,75,0.000001448050
0x0ed6,75,0.000001448050
0x0ed7,75,0.000001448050
0x0ed8,75,0.000001448050
0x0ed9,75,0.000001448050
0x0eda,75,0.000001448050
0x0edb,75,0.000001448050
0x0edc,75,0.000001448050
0x0ede,75,0.000001448050
0x0ee0,75,0.000001448050
0x0ee2,75,0.000001448050
0x0ee3,75,0.000001448050
0x0ee4,75,0.000001448050
0x0ee5,75,0.000001448050
0x0f00,3597,0.000069448465
0x0f03,3597,0.000069448465
0x0f04,3597,0.000069448465
0x0f06,3597,0.000069448465
0x0f09,3597,0.000069448465
0x0f0b,3597,0.000069448465
0x0f0c,3597,0.000069448465
0x0f0d,3597,0.000069448465
0x0f0e,3597,0.000069448465
0x0f11,3597,0.000069448465
0x0f14,3597,0.000069448465
0x0f15,6,0.000000115844
0x0f16,6,0.000000115844
0x0f17,6,0.000000115844
0x0f1a,6,0.000000115844
0x0f1b,6,0.000000115844
0x0f1d,6,0.000000115844
0x0f1e,6,0.000000115844
0x0f1f,6,0.000000115844
0x0f20,6,0.000000115844
0x0f23,43,0.000000830215
0x0f24,43,0.000000830215
0x0f25,43,0.000000830215
0x0f26,43,0.000000830215
0x0f28,43,0.000000830215
0x0f2b,38,0.000000733679
0x0f2c,38,0.000000733679
0x0f2d,38,0.000000733679
0x0f2f,38,0.000000733679
0x0f30,38,0.000000733679
0x0f33,1,0.000000019307
0x0f38,18,0.000000347532
0x0f39,18,0.000000347532
0x0f3a,18,0.000000347532
0x0f3b,18,0.000000347532
0x0f3d,18,0.000000347532
0x0f3e,6,0.000000115844
0x0f40,6,0.000000115844
0x0f41,6,0.000000115844
0x0f42,6,0.000000115844
0x0f43,6,0.000000115844
0x0f44,5,0.000000096537
0x0f45,5,0.000000096537
0x0f46,5,0.000000096537
0x0f49,5,0.000000096537
0x0f4c,5,0.000000096537
0x0f4d,5,0.000000096537
0x0f4e,5,0.000000096537
0x0f56,7189,0.000138800394
0x0f57,7189,0.000138800394
0x0f58,14372,0.000277484945
0x0f59,14372,0.000277484945
0x0f5b,14372,0.000277484945
0x0f5e,6,0.000000115844
0x0f60,6,0.000000115844
0x0f63,14366,0.000277369101
0x0f64,14366,0.000277369101
0x0f65,14366,0.000277369101
0x0f68,7183,0.000138684550
0x0f69,7183,0.000138684550
0x0f6a,7183,0.000138684550
0x0f6d,7183,0.000138684550
0x0f6e,7183,0.000138684550
0x0f71,3591,0.000069332621
0x0fc0,9578,0.000184925605
0x0fc3,9578,0.000184925605
0x0fc6,9578,0.000184925605
0x0fc9,9578,0.000184925605
0x0fcc,9578,0.000184925605
0x0fcf,9578,0.000184925605
0x0fd2,9578,0.000184925605
0x0fd5,9578,0.000184925605
0x0fd8,19156,0.000369851211
0x0fd9,19156,0.000369851211
0x0fda,19156,0.000369851211
0x0fdb,1092,0.000021083604
0x0fdc,1092,0.000021083604
0x0fdd,1092,0.000021083604
0x0fde,1092,0.000021083604
0x0fdf,1092,0.000021083604
0x0fe0,1092,0.000021083604
0x0fe1,1092,0.000021083604
0x0fe2,1092,0.000021083604
0x0fe3,1092,0.000021083604
0x0fe6,1092,0.000021083604
0x0fe7,1092,0.000021083604
0x0fe9,1092,0.000021083604
0x0fea,1092,0.000021083604
0x0fec,1092,0.000021083604
0x0fed,1092,0.000021083604
0x0fef,1092,0.000021083604
0x0ff0,1092,0.000021083604
0x0ff1,1092,0.000021083604
0x0ff4,1092,0.000021083604
0x14e0,1884,0.000036375009
0x14e1,1884,0.000036375009
0x14e4,1884,0.000036375009
0x14e6,1884,0.000036375009
0x17e0,19463,0.000375778561
0x17e3,19463,0.000375778561
0x17e5,19463,0.000375778561
0x17e8,19463,0.000375778561
0x1df0,1196,0.000023091566
0x1df3,1196,0.000023091566
0x1df5,1196,0.000023091566
0x1ee0,704,0.000013592360
0x1ee3,704,0.000013592360
0x1ee6,18304,0.000353401366
0x1ee7,18304,0.000353401366
0x1ee8,18304,0.000353401366
0x1ee9,18304,0.000353401366
0x1eec,18304,0.000353401366
0x1eed,18304,0.000353401366
0x1ef0,704,0.000013592360
0x1ef1,704,0.000013592360
0x1ef2,704,0.000013592360
0x1ef4,704,0.000013592360
0x1ef7,704,0.000013592360
0x1ef8,704,0.000013592360
0x1ef9,704,0.000013592360
0x1efa,704,0.000013592360
0x2000,13371,0.000258158307
0x2003,13371,0.000258158307
0x2006,13371,0.000258158307
0x2009,13371,0.000258158307
0x200c,13371,0.000258158307
0x200d,13371,0.000258158307
0x200f,13371,0.000258158307
0x2010,13371,0.000258158307
0x2011,13371,0.000258158307
0x2014,13371,0.000258158307
0x2015,13371,0.000258158307
0x2018,13179,0.000254451300
0x201a,13179,0.000254451300
0x201d,1194,0.000023052952
0x201e,1194,0.000023052952
0x201f,1194,0.000023052952
0x2020,1194,0.000023052952
0x2023,298,0.000005753584
0x2025,1194,0.000023052952
0x2026,1194,0.000023052952
0x2027,1194,0.000023052952
0x202a,1190,0.000022975723
0x2030,1,0.000000019307
0x2032,1,0.000000019307
0x2034,1,0.000000019307
0x2037,1,0.000000019307
0x2040,5341,0.000103120449
0x2043,5341,0.000103120449
0x2046,5341,0.000103120449
0x2047,5341,0.000103120449
0x2048,5341,0.000103120449
0x2049,44,0.000000849523
0x204a,44,0.000000849523
0x204b,44,0.000000849523
0x204c,44,0.000000849523
0x204d,44,0.000000849523
0x204e,44,0.000000849523
0x204f,44,0.000000849523
0x2050,44,0.000000849523
0x2051,44,0.000000849523
0x2052,44,0.000000849523
0x2055,44,0.000000849523
0x2057,44,0.000000849523
0x2058,44,0.000000849523
0x2059,44,0.000000849523
0x205a,44,0.000000849523
0x205c,44,0.000000849523
0x205d,44,0.000000849523
0x205e,44,0.000000849523
0x2060,44,0.000000849523
0x2061,44,0.000000849523
0x2062,44,0.000000849523
0x2063,44,0.000000849523
0x2064,44,0.000000849523
0x2065,44,0.000000849523
0x2066,44,0.000000849523
0x2068,44,0.000000849523
0x2069,44,0.000000849523
0x206a,44,0.000000849523
0x206b,44,0.000000849523
0x206c,44,0.000000849523
0x206d,44,0.000000849523
0x2070,240,0.000004633759
0x2071,240,0.000004633759
0x2073,240,0.000004633759
0x2075,240,0.000004633759
0x2076,240,0.000004633759
0x2077,240,0.000004633759
0x2079,240,0.000004633759
0x207a,240,0.000004633759
0x207b,240,0.000004633759
0x207e,240,0.000004633759
0x2081,240,0.000004633759
0x2085,240,0.000004633759
0x2087,240,0.000004633759
0x2088,240,0.000004633759
0x2089,240,0.000004633759
0x208a,240,0.000004633759
0x208c,240,0.000004633759
0x208d,240,0.000004633759
0x208f,240,0.000004633759
0x2090,240,0.000004633759
0x2091,256,0.000004942676
0x2093,256,0.000004942676
0x2094,256,0.000004942676
0x2096,256,0.000004942676
0x2097,256,0.000004942676
0x209a,16,0.000000308917
0x209b,16,0.000000308917
0x209c,16,0.000000308917
0x209d,16,0.000000308917
0x209f,16,0.000000308917
0x20a0,16,0.000000308917
0x20a1,16,0.000000308917
0x20a3,16,0.000000308917
0x20a4,16,0.000000308917
0x20a5,16,0.000000308917
0x20a7,16,0.000000308917
0x20a8,16,0.000000308917
0x20b0,240,0.000004633759
0x20b1,7648,0.000147662459
0x20b2,7648,0.000147662459
0x20b3,7648,0.000147662459
0x20b5,61184,0.001181299669
0x20b7,61184,0.001181299669
0x20b8,61184,0.001181299669
0x20bb,2334,0.000045063308
0x20bc,2334,0.000045063308
0x20bd,2334,0.000045063308
0x20be,2334,0.000045063308
0x20bf,61184,0.001181299669
0x20c0,61184,0.001181299669
0x20c1,61184,0.001181299669
0x20c2,61184,0.001181299669
0x20c5,7648,0.000147662459
0x20c6,7648,0.000147662459
0x20c7,7648,0.000147662459
0x20c8,7648,0.000147662459
0x20c9,7648,0.000147662459
0x20cc,3824,0.000073831229
0x20cd,3824,0.000073831229
0x20cf,3824,0.000073831229
0x20d2,3584,0.000069197470
0x20d3,3584,0.000069197470
0x20d4,3584,0.000069197470
0x20d6,3584,0.000069197470
0x20d7,3584,0.000069197470
0x20d8,3584,0.000069197470
0x20da,3584,0.000069197470
0x20db,3584,0.000069197470
0x20dc,3584,0.000069197470
0x20de,3584,0.000069197470
0x20e1,240,0.000004633759
0x20e2,240,0.000004633759
0x20e8,240,0.000004633759
0x20e9,240,0.000004633759
0x20ea,240,0.000004633759
0x20ec,240,0.000004633759
0x20ed,240,0.000004633759
0x20f0,240,0.000004633759
0x20f1,240,0.000004633759
0x20f2,240,0.000004633759
0x20f3,240,0.000004633759
0x20f4,240,0.000004633759
0x20f6,240,0.000004633759
0x20f7,240,0.000004633759
0x20f8,240,0.000004633759
0x20fa,240,0.000004633759
0x20fb,240,0.000004633759
0x20fc,240,0.000004633759
0x20fd,240,0.000004633759
0x20fe,240,0.000004633759
0x20ff,240,0.000004633759
0x2101,240,0.000004633759
0x2103,240,0.000004633759
0x2104,240,0.000004633759
0x2106,240,0.000004633759
0x2107,240,0.000004633759
0x2108,240,0.000004633759
0x2109,240,0.000004633759
0x210a,240,0.000004633759
0x210d,240,0.000004633759
0x211c,240,0.000004633759
0x211f,240,0.000004633759
0x2120,240,0.000004633759
0x2122,240,0.000004633759
0x2123,176,0.000003398090
0x2125,176,0.000003398090
0x2130,11989,0.000231475578
0x2131,11989,0.000231475578
0x2132,11989,0.000231475578
0x2135,8987,0.000173514973
0x2137,8987,0.000173514973
0x213a,5990,0.000115650906
0x213c,5990,0.000115650906
0x213f,2995,0.000057825453
0x2146,1190,0.000022975723
0x2147,1190,0.000022975723
0x2148,1190,0.000022975723
0x214b,595,0.000011487861
0x2150,3002,0.000057960604
0x2153,3002,0.000057960604
0x2156,3002,0.000057960604
0x2160,2997,0.000057864068
0x2163,2997,0.000057864068
0x2166,2997,0.000057864068
0x2169,2997,0.000057864068
0x2170,2995,0.000057825453
0x2173,2995,0.000057825453
0x2180,2995,0.000057825453
0x2183,2995,0.000057825453
0x2186,2994,0.000057806146
0x2189,2994,0.000057806146
0x2190,595,0.000011487861
0x2193,595,0.000011487861
0x2196,595,0.000011487861
0x2199,595,0.000011487861
0x219c,595,0.000011487861
0x21a5,595,0.000011487861
0x21a8,595,0.000011487861
0x21ab,595,0.000011487861
0x21ae,595,0.000011487861
0x21b1,595,0.000011487861
0x21ba,192,0.000003707007
0x21bb,192,0.000003707007
0x21bc,192,0.000003707007
0x21bf,96,0.000001853504
0x21c2,96,0.000001853504
0x21c5,96,0.000001853504
0x21c8,96,0.000001853504
0x21cb,96,0.000001853504
0x21cd,96,0.000001853504
0x21cf,96,0.000001853504
0x21dc,704,0.000013592360
0x21dd,704,0.000013592360
0x21de,704,0.000013592360
0x21df,704,0.000013592360
0x21e2,704,0.000013592360
0x21e4,704,0.000013592360
0x21e5,704,0.000013592360
0x21e6,704,0.000013592360
0x21e8,704,0.000013592360
0x21e9,704,0.000013592360
0x21eb,704,0.000013592360
0x21ec,704,0.000013592360
0x21ed,704,0.000013592360
0x21ef,704,0.000013592360
0x21f0,704,0.000013592360
0x21f1,704,0.000013592360
0x21f2,704,0.000013592360
0x21f4,704,0.000013592360
0x21f5,704,0.000013592360
0x21f7,704,0.000013592360
0x21f8,704,0.000013592360
0x21f9,704,0.000013592360
0x21fc,704,0.000013592360
0x2204,384,0.000007414015
0x2207,384,0.000007414015
0x2208,384,0.000007414015
0x2209,384,0.000007414015
0x220b,384,0.000007414015
0x220c,4,0.000000077229
0x220e,4,0.000000077229
0x2210,4,0.000000077229
0x2212,4,0.000000077229
0x2214,4,0.000000077229
0x2216,4,0.000000077229
0x2217,4,0.000000077229
0x2218,4,0.000000077229
0x221a,4,0.000000077229
0x221b,4,0.000000077229
0x221d,4,0.000000077229
0x221e,4,0.000000077229
0x2220,4,0.000000077229
0x2221,4,0.000000077229
0x2222,4,0.000000077229
0x2223,4,0.000000077229
0x2224,4,0.000000077229
0x2227,2,0.000000038615
0x2228,2,0.000000038615
0x222a,4,0.000000077229
0x222b,4,0.000000077229
0x2230,605,0.000011680935
0x2233,605,0.000011680935
0x2234,605,0.000011680935
0x2235,605,0.000011680935
0x2236,605,0.000011680935
0x2237,605,0.000011680935
0x2239,605,0.000011680935
0x223b,605,0.000011680935
0x223e,583,0.000011256173
0x2240,583,0.000011256173
0x2243,297,0.000005734277
0x2245,297,0.000005734277
0x2247,297,0.000005734277
0x2249,297,0.000005734277
0x224c,11,0.000000212381
0x224f,11,0.000000212381
0x2250,11,0.000000212381
0x2252,11,0.000000212381
0x2254,11,0.000000212381
0x2260,572,0.000011043793
0x2261,572,0.000011043793
0x2262,572,0.000011043793
0x2263,572,0.000011043793
0x2264,572,0.000011043793
0x2265,572,0.000011043793
0x2267,572,0.000011043793
0x2268,572,0.000011043793
0x2269,572,0.000011043793
0x226b,572,0.000011043793
0x226d,572,0.000011043793
0x226e,572,0.000011043793
0x226f,572,0.000011043793
0x2271,572,0.000011043793
0x2272,572,0.000011043793
0x2273,572,0.000011043793
0x2274,572,0.000011043793
0x2275,572,0.000011043793
0x2276,572,0.000011043793
0x2277,572,0.000011043793
0x2278,572,0.000011043793
0x2279,572,0.000011043793
0x227a,8008,0.000154613097
0x227b,72072,0.001391517877
0x227c,72072,0.001391517877
0x227d,72072,0.001391517877
0x227e,72072,0.001391517877
0x227f,72072,0.001391517877
0x2280,72072,0.001391517877
0x2283,8008,0.000154613097
0x2284,8008,0.000154613097
0x2285,8008,0.000154613097
0x2286,8008,0.000154613097
0x2288,8008,0.000154613097
0x2289,8008,0.000154613097
0x228a,8008,0.000154613097
0x228c,8008,0.000154613097
0x228d,8008,0.000154613097
0x228e,8008,0.000154613097
0x2291,572,0.000011043793
0x2292,22,0.000000424761
0x2295,22,0.000000424761
0x2296,22,0.000000424761
0x2298,22,0.000000424761
0x229b,10,0.000000193073
0x229e,10,0.000000193073
0x22a1,10,0.000000193073
0x22a3,4160,0.000080318492
0x22a4,4160,0.000080318492
0x22a5,4160,0.000080318492
0x22a6,4160,0.000080318492
0x22a7,4160,0.000080318492
0x22a8,4160,0.000080318492
0x22a9,4160,0.000080318492
0x22aa,4160,0.000080318492
0x22ab,4160,0.000080318492
0x22ac,4160,0.000080318492
0x22ad,4160,0.000080318492
0x22b0,10,0.000000193073
0x22b4,360,0.000006950639
0x22b7,360,0.000006950639
0x22ba,360,0.000006950639
0x22bb,360,0.000006950639
0x22bc,360,0.000006950639
0x22be,360,0.000006950639
0x22c1,5,0.000000096537
0x22c3,5,0.000000096537
0x22c5,5,0.000000096537
0x22ca,245,0.000004730296
0x22cd,245,0.000004730296
0x22ce,245,0.000004730296
0x22d0,245,0.000004730296
0x22d3,5,0.000000096537
0x22d5,5,0.000000096537
0x22d7,5,0.000000096537
0x22d9,5,0.000000096537
0x22db,5,0.000000096537
0x22dd,5,0.000000096537
0x22e0,10,0.000000193073
0x22e2,22,0.000000424761
0x22e5,22,0.000000424761
0x22e8,22,0.000000424761
0x22f0,12,0.000000231688
0x22f3,12,0.000000231688
0x22f4,12,0.000000231688
0x22fa,1042,0.000020118238
0x22fd,1042,0.000020118238
0x22ff,1042,0.000020118238
0x2302,1042,0.000020118238
0x2303,18756,0.000362128279
0x2304,18756,0.000362128279
0x2306,18756,0.000362128279
0x2307,18756,0.000362128279
0x2308,18756,0.000362128279
0x2309,18756,0.000362128279
0x230a,18756,0.000362128279
0x230b,18756,0.000362128279
0x230d,18756,0.000362128279
0x230e,18756,0.000362128279
0x230f,18756,0.000362128279
0x2310,18756,0.000362128279
0x2312,18756,0.000362128279
0x2313,18756,0.000362128279
0x2314,18756,0.000362128279
0x2316,18756,0.000362128279
0x2317,18756,0.000362128279
0x231a,2084,0.000040236475
0x231b,18756,0.000362128279
0x231c,18756,0.000362128279
0x231f,1042,0.000020118238
0x2322,3127,0.000060374020
0x2325,3127,0.000060374020
0x2326,3127,0.000060374020
0x2327,3127,0.000060374020
0x2329,3127,0.000060374020
0x232a,3127,0.000060374020
0x232b,3127,0.000060374020
0x232c,3127,0.000060374020
0x232e,3127,0.000060374020
0x232f,3127,0.000060374020
0x2331,3127,0.000060374020
0x2334,3127,0.000060374020
0x2337,3127,0.000060374020
0x2351,8339,0.000161003824
0x2352,8339,0.000161003824
0x2354,8339,0.000161003824
0x2355,2706,0.000052245635
0x2356,2706,0.000052245635
0x2357,2706,0.000052245635
0x2358,2706,0.000052245635
0x235a,2706,0.000052245635
0x235b,2706,0.000052245635
0x235e,2706,0.000052245635
0x235f,2706,0.000052245635
0x2360,2706,0.000052245635
0x2361,2706,0.000052245635
0x2362,2706,0.000052245635
0x2364,2706,0.000052245635
0x2365,2706,0.000052245635
0x2366,2706,0.000052245635
0x2368,2706,0.000052245635
0x2369,2706,0.000052245635
0x236a,2706,0.000052245635
0x236b,2706,0.000052245635
0x236c,2706,0.000052245635
0x236e,2706,0.000052245635
0x2370,2706,0.000052245635
0x2373,2441,0.000047129192
0x2375,2441,0.000047129192
0x2377,2441,0.000047129192
0x237a,2438,0.000047071270
0x237b,265,0.000005116442
0x237c,265,0.000005116442
0x237e,265,0.000005116442
0x237f,265,0.000005116442
0x2381,265,0.000005116442
0x2384,265,0.000005116442
0x2385,265,0.000005116442
0x2386,265,0.000005116442
0x2387,265,0.000005116442
0x2389,265,0.000005116442
0x238a,70,0.000001351513
0x238c,70,0.000001351513
0x238d,70,0.000001351513
0x238e,70,0.000001351513
0x2390,70,0.000001351513
0x2391,61,0.000001177747
0x2393,61,0.000001177747
0x2398,3,0.000000057922
0x2399,3,0.000000057922
0x239b,3,0.000000057922
0x239c,3,0.000000057922
0x239d,3,0.000000057922
0x239e,3,0.000000057922
0x239f,3,0.000000057922
0x23a1,3,0.000000057922
0x23a2,3,0.000000057922
0x23a5,2,0.000000038615
0x23a7,2,0.000000038615
0x23a9,2,0.000000038615
0x23ac,3,0.000000057922
0x23af,3,0.000000057922
0x23b0,3,0.000000057922
0x23b2,3,0.000000057922
0x23b3,3,0.000000057922
0x23b4,3,0.000000057922
0x23b5,3,0.000000057922
0x23b6,3,0.000000057922
0x23b8,3,0.000000057922
0x23bb,3,0.000000057922
0x23d6,8565,0.000165367280
0x23d9,8565,0.000165367280
0x23da,8565,0.000165367280
0x23dc,8565,0.000165367280
0x23de,8565,0.000165367280
0x23e1,6497,0.000125439722
0x23e3,6497,0.000125439722
0x23e6,5217,0.000100726340
0x23e8,5217,0.000100726340
0x23eb,3961,0.000076476334
0x23ed,3961,0.000076476334
0x23f0,2885,0.000055701647
0x23f2,2885,0.000055701647
0x23f3,2560,0.000049426764
0x23f5,2560,0.000049426764
0x23f8,2439,0.000047090577
0x23fb,2439,0.000047090577
0x2476,69,0.000001332206
0x2477,69,0.000001332206
0x2478,69,0.000001332206
0x247b,69,0.000001332206
0x247d,69,0.000001332206
0x247e,69,0.000001332206
0x2481,69,0.000001332206
0x2483,69,0.000001332206
0x2484,69,0.000001332206
0x2485,69,0.000001332206
0x2487,69,0.000001332206
0x2488,69,0.000001332206
0x2489,69,0.000001332206
0x248a,69,0.000001332206
0x248c,69,0.000001332206
0x248d,69,0.000001332206
0x248f,69,0.000001332206
0x2490,69,0.000001332206
0x2493,69,0.000001332206
0x2495,69,0.000001332206
0x2496,69,0.000001332206
0x2497,69,0.000001332206
0x2498,63,0.000001216362
0x2499,63,0.000001216362
0x249a,63,0.000001216362
0x249b,45,0.000000868830
0x249c,45,0.000000868830
0x249d,45,0.000000868830
0x249e,27,0.000000521298
0x249f,27,0.000000521298
0x24a0,13371,0.000258158307
0x24a3,13371,0.000258158307
0x24a5,13371,0.000258158307
0x24a7,13371,0.000258158307
0x24a8,8339,0.000161003824
0x24ab,8339,0.000161003824
0x24ae,8339,0.000161003824
0x24b1,8339,0.000161003824
0x24b4,8339,0.000161003824
0x24b6,8339,0.000161003824
0x24b8,8339,0.000161003824
0x24b9,2084,0.000040236475
0x24c4,6683,0.000129030885
0x24c7,6683,0.000129030885
0x24c9,6683,0.000129030885
0x24cb,6683,0.000129030885
0x24ce,4169,0.000080492258
0x24d1,4169,0.000080492258
0x24d4,4169,0.000080492258
0x24d5,4169,0.000080492258
0x24d6,4169,0.000080492258
0x24d8,4169,0.000080492258
0x24db,3127,0.000060374020
0x24e0,4169,0.000080492258
0x24e3,4169,0.000080492258
0x24e5,4169,0.000080492258
0x24e6,261,0.000005039213
0x24e9,261,0.000005039213
0x24eb,261,0.000005039213
0x24ec,261,0.000005039213
0x24f2,2084,0.000040236475
0x24f5,2084,0.000040236475
0x24f7,2084,0.000040236475
0x24f8,2084,0.000040236475
0x24f9,2084,0.000040236475
0x24fc,2084,0.000040236475
0x24fe,2084,0.000040236475
0x24ff,2084,0.000040236475
0x2500,598,0.000011545783
0x2503,598,0.000011545783
0x2504,598,0.000011545783
0x2505,506,0.000009769509
0x2508,506,0.000009769509
0x2509,506,0.000009769509
0x250a,130,0.000002509953
0x250b,130,0.000002509953
0x250d,130,0.000002509953
0x250e,130,0.000002509953
0x2511,130,0.000002509953
0x2512,130,0.000002509953
0x2513,130,0.000002509953
0x2515,130,0.000002509953
0x2517,130,0.000002509953
0x2518,130,0.000002509953
0x2519,130,0.000002509953
0x251a,130,0.000002509953
0x2560,3590,0.000069313314
0x2563,3590,0.000069313314
0x2564,3590,0.000069313314
0x2566,3590,0.000069313314
0x2567,3590,0.000069313314
0x2568,3590,0.000069313314
0x2569,3590,0.000069313314
0x256a,3590,0.000069313314
0x256b,3590,0.000069313314
0x256d,3590,0.000069313314
0x256e,3590,0.000069313314
0x2570,3590,0.000069313314
0x2572,3590,0.000069313314
0x2575,3590,0.000069313314
0x2576,3590,0.000069313314
0x2577,3590,0.000069313314
0x2578,3590,0.000069313314
0x2579,3590,0.000069313314
0x257b,3590,0.000069313314
0x257c,3590,0.000069313314
0x257f,3590,0.000069313314
0x2581,3590,0.000069313314
0x2582,3590,0.000069313314
0x2585,3590,0.000069313314
0x2587,3590,0.000069313314
0x2588,28477,0.000549814832
0x2589,28477,0.000549814832
0x258c,28397,0.000548270246
0x258d,28397,0.000548270246
0x258e,28397,0.000548270246
0x2590,28397,0.000548270246
0x2591,28397,0.000548270246
0x2592,28397,0.000548270246
0x2595,3510,0.000067768728
0x2596,28477,0.000549814832
0x2597,28477,0.000549814832
0x2599,28477,0.000549814832
0x259a,19907,0.000384351015
0x259b,19907,0.000384351015
0x259c,19907,0.000384351015
0x259e,19907,0.000384351015
0x259f,19907,0.000384351015
0x25a1,19907,0.000384351015
0x25a2,18531,0.000357784129
0x25a3,18531,0.000357784129
0x25a4,18531,0.000357784129
0x25a5,18531,0.000357784129
0x25a6,11941,0.000230548826
0x25a7,11941,0.000230548826
0x25a8,2933,0.000056628398
0x25a9,2933,0.000056628398
0x25aa,2933,0.000056628398
0x25ab,2933,0.000056628398
0x25ac,2878,0.000055566495
0x25ae,2878,0.000055566495
0x25af,80,0.000001544586
0x25b0,80,0.000001544586
0x25b1,80,0.000001544586
0x25b2,80,0.000001544586
0x25b3,80,0.000001544586
0x25b4,80,0.000001544586
0x25b5,80,0.000001544586
0x25b6,80,0.000001544586
0x25b7,440,0.000008495225
0x25ba,440,0.000008495225
0x25bc,440,0.000008495225
0x25be,440,0.000008495225
0x25ca,440,0.000008495225
0x25cd,1051,0.000020292004
0x25ce,1051,0.000020292004
0x25d0,1051,0.000020292004
0x25d3,821,0.000015851318
0x25d4,821,0.000015851318
0x25d6,821,0.000015851318
0x25d7,821,0.000015851318
0x25d8,821,0.000015851318
0x25db,210,0.000004054539
0x25dc,210,0.000004054539
0x25dd,210,0.000004054539
0x25e0,230,0.000004440686
0x25e1,230,0.000004440686
0x25e3,230,0.000004440686
0x25e4,230,0.000004440686
0x25e5,230,0.000004440686
0x25e7,230,0.000004440686
0x25e8,230,0.000004440686
0x25ea,230,0.000004440686
0x25eb,230,0.000004440686
0x25ec,230,0.000004440686
0x25ed,230,0.000004440686
0x25ef,230,0.000004440686
0x25f0,230,0.000004440686
0x25f1,230,0.000004440686
0x25f3,230,0.000004440686
0x25f4,230,0.000004440686
0x25f6,230,0.000004440686
0x25f7,230,0.000004440686
0x25f8,230,0.000004440686
0x25f9,230,0.000004440686
0x25fa,230,0.000004440686
0x25fb,230,0.000004440686
0x25fc,230,0.000004440686
0x25fd,230,0.000004440686
0x2600,4860,0.000093833623
0x2601,4860,0.000093833623
0x2602,4860,0.000093833623
0x2603,4860,0.000093833623
0x2604,4860,0.000093833623
0x2605,4860,0.000093833623
0x2608,4860,0.000093833623
0x2609,4860,0.000093833623
0x260a,4860,0.000093833623
0x260b,4860,0.000093833623
0x260c,4860,0.000093833623
0x260e,4860,0.000093833623
0x2611,4860,0.000093833623
0x2612,4860,0.000093833623
0x2613,4860,0.000093833623
0x2616,4860,0.000093833623
0x2617,4860,0.000093833623
0x261a,2684,0.000051820873
0x261d,2684,0.000051820873
0x261e,2684,0.000051820873
0x2620,2684,0.000051820873
0x2621,2684,0.000051820873
0x2624,2684,0.000051820873
0x2625,2684,0.000051820873
0x2626,2684,0.000051820873
0x2628,2684,0.000051820873
0x2629,2684,0.000051820873
0x262b,2684,0.000051820873
0x262c,2684,0.000051820873
0x262e,2684,0.000051820873
0x262f,2684,0.000051820873
0x2630,2684,0.000051820873
0x2631,2684,0.000051820873
0x2633,2684,0.000051820873
0x2634,2684,0.000051820873
0x2635,2684,0.000051820873
0x2638,2684,0.000051820873
0x2639,4860,0.000093833623
0x263c,4860,0.000093833623
0x263f,4860,0.000093833623
0x2642,4860,0.000093833623
0x2643,4860,0.000093833623
0x2646,2430,0.000046916812
0x2649,2430,0.000046916812
0x2650,2176,0.000042012750
0x2651,2176,0.000042012750
0x2654,2176,0.000042012750
0x2655,2176,0.000042012750
0x2656,2176,0.000042012750
0x2658,2176,0.000042012750
0x2659,2176,0.000042012750
0x265b,2176,0.000042012750
0x265c,2176,0.000042012750
0x265e,2176,0.000042012750
0x2661,2176,0.000042012750
0x2662,2176,0.000042012750
0x2668,2430,0.000046916812
0x266b,2430,0.000046916812
0x266c,2430,0.000046916812
0x266d,2430,0.000046916812
0x2670,2430,0.000046916812
0x2672,2430,0.000046916812
0x2676,2430,0.000046916812
0x2678,2430,0.000046916812
0x267c,2430,0.000046916812
0x267f,2430,0.000046916812
0x2681,2430,0.000046916812
0x2684,2430,0.000046916812
0x2685,2430,0.000046916812
0x2688,2430,0.000046916812
0x268a,2430,0.000046916812
0x268b,2430,0.000046916812
0x268d,2430,0.000046916812
0x268e,2430,0.000046916812
0x268f,2430,0.000046916812
0x2692,2423,0.000046781660
0x2693,2430,0.000046916812
0x2694,2430,0.000046916812
0x2697,2430,0.000046916812
0x2699,2430,0.000046916812
0x269c,678,0.000013090370
0x269d,2430,0.000046916812
0x269f,2430,0.000046916812
0x26a2,306,0.000005908043
0x26a3,2430,0.000046916812
0x26a4,2430,0.000046916812
0x26a7,2430,0.000046916812
0x26aa,2430,0.000046916812
0x26ad,2430,0.000046916812
0x26ae,2430,0.000046916812
0x26af,2430,0.000046916812
0x26b0,2430,0.000046916812
0x26b1,424,0.000008186308
0x26b2,424,0.000008186308
0x26b4,424,0.000008186308
0x26b5,424,0.000008186308
0x26b7,424,0.000008186308
0x26b8,424,0.000008186308
0x26ba,424,0.000008186308
0x26bb,69,0.000001332206
0x26bc,69,0.000001332206
0x26bd,69,0.000001332206
0x26be,69,0.000001332206
0x26bf,69,0.000001332206
0x26c2,69,0.000001332206
0x26c4,69,0.000001332206
0x26c6,69,0.000001332206
0x26c7,69,0.000001332206
0x26c8,69,0.000001332206
0x26ca,69,0.000001332206
0x26cb,69,0.000001332206
0x26cc,69,0.000001332206
0x26d0,2430,0.000046916812
0x26d3,2430,0.000046916812
0x26d6,2430,0.000046916812
0x26d9,19440,0.000375334492
0x26da,19440,0.000375334492
0x26db,19440,0.000375334492
0x26de,12267,0.000236843015
0x26df,12267,0.000236843015
0x26e0,12267,0.000236843015
0x26e3,2238,0.000043209804
0x26e4,12267,0.000236843015
0x26e5,19440,0.000375334492
0x26e6,19440,0.000375334492
0x26e7,19440,0.000375334492
0x26e8,19440,0.000375334492
0x26e9,19440,0.000375334492
0x26eb,19440,0.000375334492
0x26ee,2430,0.000046916812
0x26f1,2430,0.000046916812
0x26f2,2430,0.000046916812
0x26f3,2430,0.000046916812
0x26f5,2430,0.000046916812
0x26f8,2430,0.000046916812
0x26f9,2430,0.000046916812
0x26fa,2430,0.000046916812
0x26fd,2430,0.000046916812
0x2700,9863,0.000190428194
0x2703,9863,0.000190428194
0x2704,9863,0.000190428194
0x2705,9863,0.000190428194
0x2706,9862,0.000190408887
0x2707,9862,0.000190408887
0x2708,9862,0.000190408887
0x270a,9862,0.000190408887
0x270b,9862,0.000190408887
0x270c,9862,0.000190408887
0x270e,9862,0.000190408887
0x270f,9862,0.000190408887
0x2711,9862,0.000190408887
0x2714,9862,0.000190408887
0x2717,39448,0.000761635548
0x271a,39448,0.000761635548
0x271b,39448,0.000761635548
0x271c,39448,0.000761635548
0x271d,39448,0.000761635548
0x271e,39448,0.000761635548
0x2720,39448,0.000761635548
0x2723,9862,0.000190408887
0x2725,9862,0.000190408887
0x2728,9862,0.000190408887
0x272a,9862,0.000190408887
0x2739,9862,0.000190408887
0x273c,9862,0.000190408887
0x273d,9862,0.000190408887
0x2740,9862,0.000190408887
0x2743,9862,0.000190408887
0x2748,39448,0.000761635548
0x2749,39448,0.000761635548
0x274a,39448,0.000761635548
0x274c,39448,0.000761635548
0x274d,129,0.000002490646
0x274e,129,0.000002490646
0x274f,129,0.000002490646
0x2750,64,0.000001235669
0x2751,64,0.000001235669
0x2752,64,0.000001235669
0x2753,64,0.000001235669
0x2754,64,0.000001235669
0x2755,64,0.000001235669
0x2757,64,0.000001235669
0x2758,64,0.000001235669
0x2759,64,0.000001235669
0x275b,64,0.000001235669
0x275c,64,0.000001235669
0x275f,64,0.000001235669
0x2760,64,0.000001235669
0x2761,64,0.000001235669
0x2764,64,0.000001235669
0x2768,64,0.000001235669
0x2769,64,0.000001235669
0x276c,64,0.000001235669
0x276e,64,0.000001235669
0x2771,64,0.000001235669
0x2772,64,0.000001235669
0x2778,64,0.000001235669
0x277b,64,0.000001235669
0x277c,64,0.000001235669
0x277f,64,0.000001235669
0x2780,64,0.000001235669
0x2781,64,0.000001235669
0x2782,64,0.000001235669
0x2783,64,0.000001235669
0x2784,64,0.000001235669
0x2785,64,0.000001235669
0x2786,64,0.000001235669
0x2789,64,0.000001235669
0x278a,1,0.000000019307
0x278d,1,0.000000019307
0x278f,1,0.000000019307
0x2790,1,0.000000019307
0x2791,1,0.000000019307
0x2794,1,0.000000019307
0x2796,1,0.000000019307
0x2799,1,0.000000019307
0x279b,1,0.000000019307
0x279c,1,0.000000019307
0x279e,1,0.000000019307
0x279f,1,0.000000019307
0x27a0,1,0.000000019307
0x27a1,1,0.000000019307
0x27a2,1,0.000000019307
0x27a3,1,0.000000019307
0x27a4,1,0.000000019307
0x27a8,9862,0.000190408887
0x27ab,9862,0.000190408887
0x27ac,9862,0.000190408887
0x27af,9862,0.000190408887
0x27b0,9862,0.000190408887
0x27b1,9862,0.000190408887
0x27b4,9862,0.000190408887
0x27b6,9862,0.000190408887
0x27b7,9862,0.000190408887
0x27b8,9862,0.000190408887
0x27ba,9862,0.000190408887
0x27bd,9478,0.000182994872
0x27c0,9478,0.000182994872
0x27c1,9478,0.000182994872
0x27c2,9478,0.000182994872
0x27c5,9414,0.000181759203
0x27c7,9414,0.000181759203
0x27c8,9414,0.000181759203
0x27c9,9414,0.000181759203
0x27ca,6236,0.000120400509
0x27cc,6236,0.000120400509
0x27cf,5924,0.000114376622
0x27d0,5924,0.000114376622
0x27d2,5924,0.000114376622
0x27d3,5924,0.000114376622
0x27d5,5924,0.000114376622
0x27d6,5924,0.000114376622
0x27d8,312,0.000006023887
0x27da,312,0.000006023887
0x27dc,312,0.000006023887
0x27dd,312,0.000006023887
0x27df,312,0.000006023887
0x27e0,312,0.000006023887
0x27e2,64,0.000001235669
0x27e4,64,0.000001235669
0x27e9,64,0.000001235669
0x27ea,64,0.000001235669
0x27ec,64,0.000001235669
0x27ee,64,0.000001235669
0x3000,3597,0.000069448465
0x3003,3597,0.000069448465
0x3004,3597,0.000069448465
0x3005,3597,0.000069448465
0x3007,3597,0.000069448465
0x300a,3597,0.000069448465
0x300b,3597,0.000069448465
0x300c,3597,0.000069448465
0x300d,3597,0.000069448465
0x300e,3597,0.000069448465
0x300f,3597,0.000069448465
0x3010,3597,0.000069448465
0x3011,3597,0.000069448465
0x3012,446,0.000008611069
0x3028,455,0.000008784835
0x302b,455,0.000008784835
0x302c,455,0.000008784835
0x302e,455,0.000008784835
0x302f,455,0.000008784835
0x3031,455,0.000008784835
0x3032,455,0.000008784835
0x3034,455,0.000008784835
0x3035,376,0.000007259556
0x3037,376,0.000007259556
0x3038,376,0.000007259556
0x3039,376,0.000007259556
0x303c,358,0.000006912024
0x303d,358,0.000006912024
0x303e,6,0.000000115844
0x303f,6,0.000000115844
0x3040,6,0.000000115844
0x3042,6,0.000000115844
0x3044,6,0.000000115844
0x3046,6,0.000000115844
0x3048,6,0.000000115844
0x3049,6,0.000000115844
0x304b,6,0.000000115844
0x304d,6,0.000000115844
0x304f,6,0.000000115844
0x3050,6,0.000000115844
0x3052,6,0.000000115844
0x3055,6,0.000000115844
0x3056,6,0.000000115844
0x3057,4,0.000000077229
0x3059,4,0.000000077229
0x305c,18,0.000000347532
0x305f,18,0.000000347532
0x3062,18,0.000000347532
0x3063,18,0.000000347532
0x3064,18,0.000000347532
0x3065,18,0.000000347532
0x3066,18,0.000000347532
0x3067,18,0.000000347532
0x3068,18,0.000000347532
0x306a,18,0.000000347532
0x306c,18,0.000000347532
0x306d,18,0.000000347532
0x3074,86,0.000001660430
0x3077,86,0.000001660430
0x3078,86,0.000001660430
0x3079,86,0.000001660430
0x307a,86,0.000001660430
0x307c,86,0.000001660430
0x307d,86,0.000001660430
0x307f,86,0.000001660430
0x3080,86,0.000001660430
0x3081,86,0.000001660430
0x3082,86,0.000001660430
0x3084,86,0.000001660430
0x3089,86,0.000001660430
0x308a,86,0.000001660430
0x308b,86,0.000001660430
0x308c,86,0.000001660430
0x308d,86,0.000001660430
0x308f,86,0.000001660430
0x3090,86,0.000001660430
0x3092,86,0.000001660430
0x3093,86,0.000001660430
0x3094,86,0.000001660430
0x3095,86,0.000001660430
0x3098,86,0.000001660430
0x309a,86,0.000001660430
0x309d,5,0.000000096537
0x309f,86,0.000001660430
0x30a0,86,0.000001660430
0x30a1,86,0.000001660430
0x30a4,86,0.000001660430
0x30a6,86,0.000001660430
0x30a7,86,0.000001660430
0x30a8,86,0.000001660430
0x30aa,6884,0.000132911659
0x30ad,6884,0.000132911659
0x30ae,6884,0.000132911659
0x30af,6884,0.000132911659
0x30b0,6884,0.000132911659
0x30b1,6884,0.000132911659
0x30b3,6884,0.000132911659
0x30b5,6884,0.000132911659
0x30b6,6884,0.000132911659
0x30b8,6884,0.000132911659
0x30ba,451,0.000008707606
0x30bd,451,0.000008707606
0x30c0,451,0.000008707606
0x30c3,451,0.000008707606
0x30c6,451,0.000008707606
0x30c8,451,0.000008707606
0x30c9,451,0.000008707606
0x30ca,451,0.000008707606
0x30cb,300,0.000005792199
0x30cd,300,0.000005792199
0x30ce,300,0.000005792199
0x30cf,300,0.000005792199
0x30d2,232,0.000004479301
0x30d3,232,0.000004479301
0x30d4,58,0.000001119825
0x30d6,58,0.000001119825
0x30d8,58,0.000001119825
0x30da,1353,0.000026122817
0x30db,1353,0.000026122817
0x30dc,1353,0.000026122817
0x30dd,1353,0.000026122817
0x30de,658,0.000012704223
0x30df,658,0.000012704223
0x30e4,68,0.000001312898
0x30e7,68,0.000001312898
0x30ea,68,0.000001312898
0x30eb,68,0.000001312898
0x30ed,68,0.000001312898
0x30f2,68,0.000001312898
0x30f3,68,0.000001312898
0x30f5,68,0.000001312898
0x30f6,68,0.000001312898
0x30f7,68,0.000001312898
0x30f8,68,0.000001312898
0x30fa,68,0.000001312898
0x30fc,68,0.000001312898
0x30ff,68,0.000001312898
0x3102,68,0.000001312898
0x3105,68,0.000001312898
0x3106,68,0.000001312898
0x3107,68,0.000001312898
0x3108,68,0.000001312898
0x310a,68,0.000001312898
0x310c,68,0.000001312898
0x310e,68,0.000001312898
0x310f,68,0.000001312898
0x3112,204,0.000003938695
0x3113,204,0.000003938695
0x3114,204,0.000003938695
0x3115,204,0.000003938695
0x3116,124,0.000002394109
0x3117,124,0.000002394109
0x3118,124,0.000002394109
0x311a,124,0.000002394109
0x311b,124,0.000002394109
0x311c,124,0.000002394109
0x311d,124,0.000002394109
0x311e,67,0.000001293591
0x311f,67,0.000001293591
0x3121,67,0.000001293591
0x3124,449,0.000008668991
0x3127,449,0.000008668991
0x3128,449,0.000008668991
0x312a,449,0.000008668991
0x312b,58,0.000001119825
0x312d,58,0.000001119825
0x312f,58,0.000001119825
0x3130,58,0.000001119825
0x3131,58,0.000001119825
0x3132,58,0.000001119825
0x3134,58,0.000001119825
0x3136,58,0.000001119825
0x3138,58,0.000001119825
0x313d,58,0.000001119825
0x313f,58,0.000001119825
0x3140,58,0.000001119825
0x3141,58,0.000001119825
0x3144,58,0.000001119825
0x3145,58,0.000001119825
0x3146,58,0.000001119825
0x3149,38,0.000000733679
0x314b,58,0.000001119825
0x314d,58,0.000001119825
0x314e,58,0.000001119825
0x315a,449,0.000008668991
0x315d,449,0.000008668991
0x315e,449,0.000008668991
0x3160,449,0.000008668991
0x3161,124,0.000002394109
0x3164,124,0.000002394109
0x3165,124,0.000002394109
0x3166,124,0.000002394109
0x3167,124,0.000002394109
0x3169,124,0.000002394109
0x316a,124,0.000002394109
0x316c,124,0.000002394109
0x316d,124,0.000002394109
0x316e,124,0.000002394109
0x316f,124,0.000002394109
0x3171,124,0.000002394109
0x3172,124,0.000002394109
0x3174,124,0.000002394109
0x3176,124,0.000002394109
0x3177,124,0.000002394109
0x3178,124,0.000002394109
0x3179,1217,0.000023497020
0x317c,1160,0.000022396503
0x317d,1160,0.000022396503
0x317e,1160,0.000022396503
0x317f,1160,0.000022396503
0x3180,1160,0.000022396503
0x3181,1160,0.000022396503
0x3182,1160,0.000022396503
0x3183,1160,0.000022396503
0x3186,72,0.000001390128
0x3188,72,0.000001390128
0x318a,1160,0.000022396503
0x318b,1160,0.000022396503
0x318e,67,0.000001293591
0x3192,1217,0.000023497020
0x3193,1217,0.000023497020
0x3195,1217,0.000023497020
0x3196,823,0.000015889932
0x3199,823,0.000015889932
0x319a,823,0.000015889932
0x319b,57,0.000001100518
0x319e,57,0.000001100518
0x319f,57,0.000001100518
0x31a0,57,0.000001100518
0x31a1,57,0.000001100518
0x31a2,57,0.000001100518
0x31a3,57,0.000001100518
0x31a4,57,0.000001100518
0x31a7,57,0.000001100518
0x31a9,57,0.000001100518
0x31ac,57,0.000001100518
0x31ad,57,0.000001100518
0x31b4,446,0.000008611069
0x31b7,446,0.000008611069
0x31b9,446,0.000008611069
0x31ba,55,0.000001061903
0x31bd,55,0.000001061903
0x31bf,55,0.000001061903
0x31c0,55,0.000001061903
0x31c2,55,0.000001061903
0x31c3,55,0.000001061903
0x31c5,55,0.000001061903
0x31c6,55,0.000001061903
0x31c7,55,0.000001061903
0x31c8,55,0.000001061903
0x31cb,55,0.000001061903
0x31cd,55,0.000001061903
0x31ce,55,0.000001061903
0x31d1,25,0.000000482683
0x31d2,25,0.000000482683
0x31d3,25,0.000000482683
0x31d4,25,0.000000482683
0x31d6,55,0.000001061903
0x31d7,55,0.000001061903
0x31d8,55,0.000001061903
0x31d9,55,0.000001061903
0x31da,55,0.000001061903
0x31dc,55,0.000001061903
0x31de,55,0.000001061903
0x31df,55,0.000001061903
0x31e1,55,0.000001061903
0x31e2,55,0.000001061903
0x31e3,55,0.000001061903
0x31e4,55,0.000001061903
0x31e5,55,0.000001061903
0x31e6,55,0.000001061903
0x31e7,55,0.000001061903
0x31e8,55,0.000001061903
0x31e9,55,0.000001061903
0x31ec,55,0.000001061903
0x31ed,55,0.000001061903
0x31f0,55,0.000001061903
0x31f1,55,0.000001061903
0x31f2,55,0.000001061903
0x31f4,55,0.000001061903
0x31f5,55,0.000001061903
0x31f7,55,0.000001061903
0x31f8,55,0.000001061903
0x31fb,55,0.000001061903
0x31fd,55,0.000001061903
0x31fe,55,0.000001061903
0x31ff,55,0.000001061903
0x3201,55,0.000001061903
0x3202,55,0.000001061903
0x3203,55,0.000001061903
0x3204,55,0.000001061903
0x3207,55,0.000001061903
0x3209,55,0.000001061903
0x320a,55,0.000001061903
0x320b,55,0.000001061903
0x320c,55,0.000001061903
0x320d,55,0.000001061903
0x3210,55,0.000001061903
0x3213,55,0.000001061903
0x3215,55,0.000001061903
0x3216,40,0.000000772293
0x3217,40,0.000000772293
0x3219,40,0.000000772293
0x321b,40,0.000000772293
0x321c,2,0.000000038615
0x321e,2,0.000000038615
0x3220,2,0.000000038615
0x322c,446,0.000008611069
0x322f,446,0.000008611069
0x3231,446,0.000008611069
0x3232,84,0.000001621816
0x3235,84,0.000001621816
0x3238,84,0.000001621816
0x323b,84,0.000001621816
0x323c,84,0.000001621816
0x323f,84,0.000001621816
0x3240,846,0.000016334001
0x3241,846,0.000016334001
0x3243,846,0.000016334001
0x3246,411,0.000007935313
0x3247,411,0.000007935313
0x3248,411,0.000007935313
0x3249,332,0.000006410034
0x324a,332,0.000006410034
0x324b,332,0.000006410034
0x324c,332,0.000006410034
0x324d,332,0.000006410034
0x324e,767,0.000014808722
0x324f,767,0.000014808722
0x3250,767,0.000014808722
0x3251,767,0.000014808722
0x3253,767,0.000014808722
0x3254,767,0.000014808722
0x3256,767,0.000014808722
0x3259,5,0.000000096537
0x325b,5,0.000000096537
0x325e,5,0.000000096537
0x3264,455,0.000008784835
0x3267,455,0.000008784835
0x3268,455,0.000008784835
0x326b,455,0.000008784835
0x326c,455,0.000008784835
0x326e,455,0.000008784835
0x326f,455,0.000008784835
0x3271,455,0.000008784835
0x3272,455,0.000008784835
0x3274,455,0.000008784835
0x3275,60,0.000001158440
0x3277,60,0.000001158440
0x3279,60,0.000001158440
0x327a,60,0.000001158440
0x327b,60,0.000001158440
0x327c,60,0.000001158440
0x327e,60,0.000001158440
0x3281,60,0.000001158440
0x3282,60,0.000001158440
0x3285,60,0.000001158440
0x3286,60,0.000001158440
0x3287,60,0.000001158440
0x3289,60,0.000001158440
0x328a,60,0.000001158440
0x328b,60,0.000001158440
0x328d,60,0.000001158440
0x328e,60,0.000001158440
0x328f,179,0.000003456012
0x3290,179,0.000003456012
0x3291,179,0.000003456012
0x3292,179,0.000003456012
0x3295,160,0.000003089173
0x3296,160,0.000003089173
0x3297,160,0.000003089173
0x329a,144,0.000002780255
0x329b,144,0.000002780255
0x329e,144,0.000002780255
0x329f,144,0.000002780255
0x32a0,144,0.000002780255
0x32a3,144,0.000002780255
0x32a4,179,0.000003456012
0x32a5,179,0.000003456012
0x32a6,179,0.000003456012
0x32a9,5,0.000000096537
0x32ab,179,0.000003456012
0x32ac,179,0.000003456012
0x32af,60,0.000001158440
0x32b0,47,0.000000907445
0x32b3,47,0.000000907445
0x32b5,47,0.000000907445
0x32b8,47,0.000000907445
0x32ba,47,0.000000907445
0x32bc,47,0.000000907445
0x32bf,47,0.000000907445
0x32c2,47,0.000000907445
0x32c3,47,0.000000907445
0x32c4,13,0.000000250995
0x32c5,13,0.000000250995
0x32c6,13,0.000000250995
0x32c7,13,0.000000250995
0x32c8,13,0.000000250995
0x32cb,13,0.000000250995
0x32cd,13,0.000000250995
0x32d0,13,0.000000250995
0x32d2,13,0.000000250995
0x32d4,13,0.000000250995
0x32d6,13,0.000000250995
0x32d7,13,0.000000250995
0x32d9,13,0.000000250995
0x32da,13,0.000000250995
0x32dc,13,0.000000250995
0x32dd,13,0.000000250995
0x32de,13,0.000000250995
0x32e1,13,0.000000250995
0x32e2,13,0.000000250995
0x32e3,13,0.000000250995
0x32e6,2,0.000000038615
0x32e7,2,0.000000038615
0x32e9,2,0.000000038615
0x32ea,2,0.000000038615
0x3400,4860,0.000093833623
0x3403,4860,0.000093833623
0x3406,4860,0.000093833623
0x3409,4860,0.000093833623
0x340c,4860,0.000093833623
0x340f,4860,0.000093833623
0x3412,4860,0.000093833623
0x3413,4860,0.000093833623
0x3416,4477,0.000086438916
0x3418,4477,0.000086438916
0x341b,975,0.000018824647
0x341e,975,0.000018824647
0x3421,975,0.000018824647
0x3424,975,0.000018824647
0x3427,975,0.000018824647
0x342a,975,0.000018824647
0x342d,975,0.000018824647
0x342e,975,0.000018824647
0x3431,488,0.000009421977
0x3434,488,0.000009421977
0x3438,3502,0.000067614269
0x343b,3502,0.000067614269
0x343c,3502,0.000067614269
0x343f,1750,0.000033787827
0x3442,1750,0.000033787827
0x3445,1750,0.000033787827
0x3448,1750,0.000033787827
0x344b,1750,0.000033787827
0x3452,1752,0.000033826442
0x3455,1752,0.000033826442
0x3458,1752,0.000033826442
0x345b,1752,0.000033826442
0x3462,383,0.000007394707
0x3465,383,0.000007394707
0x3466,383,0.000007394707
0x3467,192,0.000003707007
0x346a,192,0.000003707007
0x346d,192,0.000003707007
0x3474,2725,0.000052612474
0x3477,10900,0.000210449895
0x3478,10900,0.000210449895
0x347b,10900,0.000210449895
0x347c,10900,0.000210449895
0x347d,10900,0.000210449895
0x347f,10900,0.000210449895
0x3480,10900,0.000210449895
0x3482,10900,0.000210449895
0x3485,2725,0.000052612474
0x3486,2727,0.000052651088
0x3489,10908,0.000210604354
0x348a,10908,0.000210604354
0x348d,10908,0.000210604354
0x348e,10908,0.000210604354
0x348f,10908,0.000210604354
0x3491,10908,0.000210604354
0x3492,10908,0.000210604354
0x3494,10908,0.000210604354
0x3497,2727,0.000052651088
0x3498,2725,0.000052612474
0x349b,10900,0.000210449895
0x349c,10900,0.000210449895
0x349f,10900,0.000210449895
0x34a0,10900,0.000210449895
0x34a1,10900,0.000210449895
0x34a3,10900,0.000210449895
0x34a4,10900,0.000210449895
0x34a6,10900,0.000210449895
0x34a9,2725,0.000052612474
0x34aa,2727,0.000052651088
0x34ad,10908,0.000210604354
0x34ae,10908,0.000210604354
0x34b1,10908,0.000210604354
0x34b2,10908,0.000210604354
0x34b3,10908,0.000210604354
0x34b5,10908,0.000210604354
0x34b6,10908,0.000210604354
0x34b8,10908,0.000210604354
0x34bb,2727,0.000052651088
0x34c0,22512,0.000434646610
0x34c1,22512,0.000434646610
0x34c2,22512,0.000434646610
0x34c3,14101,0.000272252658
0x34c4,14101,0.000272252658
0x34c6,14101,0.000272252658
0x34c7,14101,0.000272252658
0x34c9,14101,0.000272252658
0x34ca,14101,0.000272252658
0x34cb,14101,0.000272252658
0x34cc,14101,0.000272252658
0x34cd,14101,0.000272252658
0x34ce,14101,0.000272252658
0x34cf,14101,0.000272252658
0x34d0,14101,0.000272252658
0x34d1,14101,0.000272252658
0x34d2,14101,0.000272252658
0x34d3,14101,0.000272252658
0x34d4,14101,0.000272252658
0x34d5,14101,0.000272252658
0x34d7,14101,0.000272252658
0x34d8,14101,0.000272252658
0x34da,14101,0.000272252658
0x34db,14101,0.000272252658
0x34dc,14101,0.000272252658
0x34dd,14101,0.000272252658
0x34de,14133,0.000272870493
0x34df,14133,0.000272870493
0x34e1,14133,0.000272870493
0x34e4,2452,0.000047341573
0x34e5,2452,0.000047341573
0x34e7,2452,0.000047341573
0x34ea,1073,0.000020716765
0x34ec,1073,0.000020716765
0x34ed,1073,0.000020716765
0x34ee,1073,0.000020716765
0x34f0,1073,0.000020716765
0x34f1,1073,0.000020716765
0x34f3,1073,0.000020716765
0x34f6,636,0.000012279462
0x34f8,636,0.000012279462
0x34f9,636,0.000012279462
0x34fa,636,0.000012279462
0x34fc,636,0.000012279462
0x34fd,636,0.000012279462
0x34ff,636,0.000012279462
0x3509,1073,0.000020716765
0x350a,1073,0.000020716765
0x350b,1073,0.000020716765
0x350c,14133,0.000272870493
0x350e,14133,0.000272870493
0x350f,14133,0.000272870493
0x3512,14133,0.000272870493
0x3513,14133,0.000272870493
0x3515,14133,0.000272870493
0x3516,14133,0.000272870493
0x3518,14133,0.000272870493
0x3519,14133,0.000272870493
0x3520,975,0.000018824647
0x3521,975,0.000018824647
0x3522,975,0.000018824647
0x3523,975,0.000018824647
0x3524,975,0.000018824647
0x3525,975,0.000018824647
0x3526,975,0.000018824647
0x3527,975,0.000018824647
0x3528,4487,0.000086631989
0x3529,4487,0.000086631989
0x352a,4487,0.000086631989
0x352b,4487,0.000086631989
0x352c,4487,0.000086631989
0x352d,4487,0.000086631989
0x352e,4487,0.000086631989
0x352f,4487,0.000086631989
0x3530,5556,0.000107271525
0x3531,5556,0.000107271525
0x3532,5556,0.000107271525
0x3533,5556,0.000107271525
0x3534,5556,0.000107271525
0x3535,5556,0.000107271525
0x3536,5556,0.000107271525
0x3537,5556,0.000107271525
0x3538,6467,0.000124860502
0x3539,6467,0.000124860502
0x353a,6467,0.000124860502
0x353b,6467,0.000124860502
0x353c,6467,0.000124860502
0x353d,6467,0.000124860502
0x353e,6467,0.000124860502
0x353f,6467,0.000124860502
0x3540,14161,0.000273411098
0x3541,14161,0.000273411098
0x3542,14161,0.000273411098
0x3543,14161,0.000273411098
0x3544,14161,0.000273411098
0x3545,14161,0.000273411098
0x3546,14161,0.000273411098
0x3547,14161,0.000273411098
0x3548,15314,0.000295672449
0x3549,15314,0.000295672449
0x354a,15314,0.000295672449
0x354b,15314,0.000295672449
0x354c,15314,0.000295672449
0x354d,15314,0.000295672449
0x354e,15314,0.000295672449
0x354f,15314,0.000295672449
0x3550,15438,0.000298066558
0x3551,15438,0.000298066558
0x3552,15438,0.000298066558
0x3553,15438,0.000298066558
0x3554,15438,0.000298066558
0x3555,15438,0.000298066558
0x3556,15438,0.000298066558
0x3557,15438,0.000298066558
0x3558,15438,0.000298066558
0x355a,15438,0.000298066558
0x355b,15438,0.000298066558
0x355d,15438,0.000298066558
0x3560,4477,0.000086438916
0x3563,4477,0.000086438916
0x3564,4477,0.000086438916
0x3565,4477,0.000086438916
0x3566,4477,0.000086438916
0x3567,4477,0.000086438916
0x3568,4477,0.000086438916
0x3569,4477,0.000086438916
0x356a,4477,0.000086438916
0x356d,4477,0.000086438916
0x3570,4477,0.000086438916
0x3572,4477,0.000086438916
0x3577,4477,0.000086438916
0x3579,4477,0.000086438916
0x357a,4477,0.000086438916
0x357b,4477,0.000086438916
0x357e,4477,0.000086438916
0x357f,4477,0.000086438916
0x3581,4477,0.000086438916
0x3584,3343,0.000064544404
0x3586,4477,0.000086438916
0x3587,4477,0.000086438916
0x3588,4477,0.000086438916
0x3589,4477,0.000086438916
0x358c,4477,0.000086438916
0x358d,4477,0.000086438916
0x358e,4477,0.000086438916
0x3590,4477,0.000086438916
0x3591,4477,0.000086438916
0x3593,4477,0.000086438916
0x3594,4477,0.000086438916
0x3596,4477,0.000086438916
0x3597,4477,0.000086438916
0x359a,4477,0.000086438916
0x359b,4477,0.000086438916
0x359c,4477,0.000086438916
0x359d,4477,0.000086438916
0x359f,4477,0.000086438916
0x35a2,4477,0.000086438916
0x35b0,21808,0.000421054249
0x35b1,21808,0.000421054249
0x35b2,21808,0.000421054249
0x35b3,13397,0.000258660298
0x35b4,13397,0.000258660298
0x35b5,13397,0.000258660298
0x35b6,13397,0.000258660298
0x35b7,13397,0.000258660298
0x35b8,13397,0.000258660298
0x35b9,13397,0.000258660298
0x35ba,13397,0.000258660298
0x35bd,12076,0.000233155315
0x35be,13397,0.000258660298
0x35bf,13397,0.000258660298
0x35c0,13397,0.000258660298
0x35c1,13397,0.000258660298
0x35c2,13397,0.000258660298
0x35c3,13397,0.000258660298
0x35c4,13397,0.000258660298
0x35c5,13397,0.000258660298
0x35c7,13397,0.000258660298
0x35c8,13397,0.000258660298
0x35c9,13397,0.000258660298
0x35ca,13397,0.000258660298
0x35cb,13397,0.000258660298
0x35cc,13397,0.000258660298
0x35cd,13397,0.000258660298
0x35ce,13397,0.000258660298
0x35cf,13397,0.000258660298
0x35d0,13397,0.000258660298
0x35d1,13397,0.000258660298
0x35d2,13397,0.000258660298
0x35d3,13397,0.000258660298
0x35d4,13397,0.000258660298
0x35d5,13397,0.000258660298
0x35d6,13397,0.000258660298
0x35d7,13397,0.000258660298
0x35d8,13397,0.000258660298
0x35d9,13397,0.000258660298
0x35da,13397,0.000258660298
0x35db,13397,0.000258660298
0x35e0,10334,0.000199521947
0x35e1,10334,0.000199521947
0x35e2,10334,0.000199521947
0x35e3,10334,0.000199521947
0x35e5,10334,0.000199521947
0x35e8,5275,0.000101846165
0x35e9,5275,0.000101846165
0x35ea,5275,0.000101846165
0x35eb,5275,0.000101846165
0x35ec,5275,0.000101846165
0x35ed,5275,0.000101846165
0x35ee,5275,0.000101846165
0x35ef,5275,0.000101846165
0x35f0,5275,0.000101846165
0x35f1,5275,0.000101846165
0x35f3,5275,0.000101846165
0x35f6,1527,0.000029482293
0x35f8,1527,0.000029482293
0x35f9,1527,0.000029482293
0x35fa,1527,0.000029482293
0x35fb,1527,0.000029482293
0x35fd,1527,0.000029482293
0x35fe,1527,0.000029482293
0x3601,196,0.000003784237
0x3602,196,0.000003784237
0x3603,196,0.000003784237
0x3604,1527,0.000029482293
0x3605,1527,0.000029482293
0x3606,1527,0.000029482293
0x3607,1527,0.000029482293
0x3608,1527,0.000029482293
0x3609,1527,0.000029482293
0x360a,1527,0.000029482293
0x360b,1527,0.000029482293
0x360c,1527,0.000029482293
0x360e,1527,0.000029482293
0x360f,1527,0.000029482293
0x3612,1406,0.000027146106
0x3613,1406,0.000027146106
0x3614,1406,0.000027146106
0x3615,1406,0.000027146106
0x3616,1406,0.000027146106
0x3618,1406,0.000027146106
0x3619,1406,0.000027146106
0x361a,1406,0.000027146106
0x361b,1406,0.000027146106
0x361c,948,0.000018303349
0x361f,948,0.000018303349
0x3620,948,0.000018303349
0x3621,948,0.000018303349
0x3622,347,0.000006699643
0x3623,347,0.000006699643
0x3624,347,0.000006699643
0x3628,5059,0.000097675782
0x362a,5059,0.000097675782
0x362d,4938,0.000095339595
0x362e,4938,0.000095339595
0x362f,4938,0.000095339595
0x3630,4938,0.000095339595
0x3631,4938,0.000095339595
0x3632,4938,0.000095339595
0x3633,4938,0.000095339595
0x3634,4938,0.000095339595
0x3635,4938,0.000095339595
0x3636,4938,0.000095339595
0x3637,4938,0.000095339595
0x363a,1531,0.000029559522
0x363c,1531,0.000029559522
0x363d,1531,0.000029559522
0x363e,1531,0.000029559522
0x363f,1531,0.000029559522
0x3641,1531,0.000029559522
0x3642,1531,0.000029559522
0x3645,200,0.000003861466
0x3646,200,0.000003861466
0x3647,200,0.000003861466
0x3648,1531,0.000029559522
0x3649,1531,0.000029559522
0x364a,1531,0.000029559522
0x364b,1531,0.000029559522
0x364c,1531,0.000029559522
0x364d,1531,0.000029559522
0x364e,1531,0.000029559522
0x364f,1531,0.000029559522
0x3650,1531,0.000029559522
0x3651,1531,0.000029559522
0x3652,1531,0.000029559522
0x3654,1531,0.000029559522
0x3655,1531,0.000029559522
0x3656,1531,0.000029559522
0x3657,1531,0.000029559522
0x365a,1140,0.000022010356
0x365d,1140,0.000022010356
0x365e,1140,0.000022010356
0x3661,328,0.000006332804
0x3662,328,0.000006332804
0x3663,1531,0.000029559522
0x3665,1531,0.000029559522
0x3666,1531,0.000029559522
0x366a,3748,0.000072363872
0x366b,3748,0.000072363872
0x366c,3748,0.000072363872
0x366d,131,0.000002529260
0x366e,131,0.000002529260
0x366f,131,0.000002529260
0x3670,131,0.000002529260
0x3671,131,0.000002529260
0x3672,121,0.000002336187
0x3673,121,0.000002336187
0x3674,121,0.000002336187
0x3675,121,0.000002336187
0x3676,121,0.000002336187
0x3679,121,0.000002336187
0x367b,121,0.000002336187
0x367c,121,0.000002336187
0x367f,121,0.000002336187
0x3680,121,0.000002336187
0x3683,121,0.000002336187
0x3684,121,0.000002336187
0x3686,121,0.000002336187
0x3689,121,0.000002336187
0x368a,121,0.000002336187
0x368b,121,0.000002336187
0x368d,121,0.000002336187
0x368e,97,0.000001872811
0x3690,97,0.000001872811
0x3691,78,0.000001505972
0x3692,78,0.000001505972
0x3695,3407,0.000065780073
0x3696,3407,0.000065780073
0x3697,3407,0.000065780073
0x3698,3407,0.000065780073
0x3699,3407,0.000065780073
0x369a,3407,0.000065780073
0x369b,3407,0.000065780073
0x369c,3407,0.000065780073
0x369d,92,0.000001776274
0x369e,92,0.000001776274
0x36a0,92,0.000001776274
0x36a1,92,0.000001776274
0x36a4,92,0.000001776274
0x36a6,92,0.000001776274
0x36a7,92,0.000001776274
0x36aa,86,0.000001660430
0x36ab,92,0.000001776274
0x36ae,92,0.000001776274
0x36b0,92,0.000001776274
0x36b3,92,0.000001776274
0x36b4,92,0.000001776274
0x36b6,92,0.000001776274
0x36b7,89,0.000001718352
0x36b9,89,0.000001718352
0x36ba,87,0.000001679738
0x36bb,87,0.000001679738
0x36c0,3063,0.000059138351
0x36c1,3063,0.000059138351
0x36c2,3063,0.000059138351
0x36c3,1531,0.000029559522
0x36c4,1531,0.000029559522
0x36c5,1531,0.000029559522
0x36c6,1531,0.000029559522
0x36c8,1531,0.000029559522
0x36c9,1531,0.000029559522
0x36cc,211,0.000004073847
0x36cd,211,0.000004073847
0x36ce,211,0.000004073847
0x36cf,211,0.000004073847
0x36d2,4071,0.000078600140
0x36d3,4071,0.000078600140
0x36d4,4071,0.000078600140
0x36d5,4071,0.000078600140
0x36d6,4071,0.000078600140
0x36d7,4071,0.000078600140
0x36d8,152,0.000002934714
0x36d9,152,0.000002934714
0x36da,152,0.000002934714
0x36db,152,0.000002934714
0x36dc,152,0.000002934714
0x36dd,152,0.000002934714
0x36de,152,0.000002934714
0x36e1,152,0.000002934714
0x36e3,152,0.000002934714
0x36e6,152,0.000002934714
0x36ea,4935,0.000095281673
0x36eb,4935,0.000095281673
0x36ec,4935,0.000095281673
0x36ed,4935,0.000095281673
0x36ee,4935,0.000095281673
0x36ef,4935,0.000095281673
0x36f0,1119,0.000021604902
0x36f1,1119,0.000021604902
0x36f2,1119,0.000021604902
0x36f3,1119,0.000021604902
0x36f5,1119,0.000021604902
0x36f6,77,0.000001486664
0x36f7,77,0.000001486664
0x36f8,77,0.000001486664
0x36f9,77,0.000001486664
0x36fa,77,0.000001486664
0x36fb,77,0.000001486664
0x36fc,77,0.000001486664
0x36fd,77,0.000001486664
0x36fe,77,0.000001486664
0x3701,77,0.000001486664
0x3703,77,0.000001486664
0x3706,77,0.000001486664
0x370a,4180,0.000080704639
0x370b,4180,0.000080704639
0x370c,4180,0.000080704639
0x370d,4180,0.000080704639
0x370e,4180,0.000080704639
0x370f,4180,0.000080704639
0x3710,360,0.000006950639
0x3711,360,0.000006950639
0x3712,360,0.000006950639
0x3713,360,0.000006950639
0x3715,360,0.000006950639
0x3716,118,0.000002278265
0x3717,118,0.000002278265
0x3718,118,0.000002278265
0x3719,118,0.000002278265
0x371a,118,0.000002278265
0x371b,118,0.000002278265
0x371c,118,0.000002278265
0x371d,118,0.000002278265
0x371e,118,0.000002278265
0x3721,118,0.000002278265
0x3723,118,0.000002278265
0x3726,118,0.000002278265
0x3729,118,0.000002278265
0x372a,118,0.000002278265
0x372c,118,0.000002278265
0x372d,57,0.000001100518
0x372e,57,0.000001100518
0x3730,57,0.000001100518
0x3731,57,0.000001100518
0x3732,57,0.000001100518
0x3733,57,0.000001100518
0x3734,57,0.000001100518
0x3735,57,0.000001100518
0x3736,57,0.000001100518
0x3739,57,0.000001100518
0x373b,57,0.000001100518
0x373e,57,0.000001100518
0x3744,121,0.000002336187
0x3746,121,0.000002336187
0x3747,121,0.000002336187
0x3748,121,0.000002336187
0x3749,121,0.000002336187
0x374a,121,0.000002336187
0x374c,121,0.000002336187
0x374d,121,0.000002336187
0x374e,121,0.000002336187
0x3750,121,0.000002336187
0x3751,121,0.000002336187
0x3752,17,0.000000328225
0x3753,17,0.000000328225
0x3754,17,0.000000328225
0x3758,19156,0.000369851211
0x3759,19156,0.000369851211
0x375a,19156,0.000369851211
0x375b,256,0.000004942676
0x375c,256,0.000004942676
0x375f,240,0.000004633759
0x3760,240,0.000004633759
0x3761,240,0.000004633759
0x3764,128,0.000002471338
0x3766,128,0.000002471338
0x3767,128,0.000002471338
0x3769,128,0.000002471338
0x376a,128,0.000002471338
0x376b,128,0.000002471338
0x376c,128,0.000002471338
0x376d,128,0.000002471338
0x376e,128,0.000002471338
0x376f,128,0.000002471338
0x3770,128,0.000002471338
0x3771,128,0.000002471338
0x3772,128,0.000002471338
0x3773,128,0.000002471338
0x3774,128,0.000002471338
0x3777,128,0.000002471338
0x377a,128,0.000002471338
0x377b,128,0.000002471338
0x377c,128,0.000002471338
0x377d,128,0.000002471338
0x377e,128,0.000002471338
0x3780,128,0.000002471338
0x3781,128,0.000002471338
0x3782,128,0.000002471338
0x3783,128,0.000002471338
0x3786,128,0.000002471338
0x3787,128,0.000002471338
0x3788,112,0.000002162421
0x3789,112,0.000002162421
0x378c,112,0.000002162421
0x378e,112,0.000002162421
0x378f,112,0.000002162421
0x3791,112,0.000002162421
0x3792,112,0.000002162421
0x3796,128,0.000002471338
0x3798,128,0.000002471338
0x3799,128,0.000002471338
0x379b,128,0.000002471338
0x379e,48,0.000000926752
0x379f,128,0.000002471338
0x37a0,128,0.000002471338
0x37a1,128,0.000002471338
0x37a4,128,0.000002471338
0x37a5,128,0.000002471338
0x37a6,89,0.000001718352
0x37a7,89,0.000001718352
0x37aa,89,0.000001718352
0x37b0,112,0.000002162421
0x37b1,112,0.000002162421
0x37b2,112,0.000002162421
0x37b3,112,0.000002162421
0x37b4,112,0.000002162421
0x37b5,112,0.000002162421
0x37b6,112,0.000002162421
0x37b7,112,0.000002162421
0x37b8,112,0.000002162421
0x37b9,112,0.000002162421
0x37ba,112,0.000002162421
0x37bb,112,0.000002162421
0x37be,112,0.000002162421
0x37c0,112,0.000002162421
0x37c1,112,0.000002162421
0x37c4,112,0.000002162421
0x37c6,112,0.000002162421
0x37cc,16,0.000000308917
0x37cd,16,0.000000308917
0x37ce,16,0.000000308917
0x37cf,16,0.000000308917
0x37d0,16,0.000000308917
0x37d2,16,0.000000308917
0x37d4,16,0.000000308917
0x37d5,16,0.000000308917
0x37d7,16,0.000000308917
0x37da,16,0.000000308917
0x37dd,416,0.000008031849
0x37de,416,0.000008031849
0x37df,416,0.000008031849
0x37e0,416,0.000008031849
0x37e1,416,0.000008031849
0x37e2,416,0.000008031849
0x37e5,16,0.000000308917
0x3800,10290,0.000198672424
0x3803,10290,0.000198672424
0x3805,10290,0.000198672424
0x3806,5212,0.000100629803
0x3809,5212,0.000100629803
0x380b,5212,0.000100629803
0x380c,5212,0.000100629803
0x380f,5212,0.000100629803
0x3810,5212,0.000100629803
0x3813,5212,0.000100629803
0x3815,5212,0.000100629803
0x3816,5212,0.000100629803
0x3819,5212,0.000100629803
0x381a,5212,0.000100629803
0x381b,5212,0.000100629803
0x381d,5212,0.000100629803
0x381e,5212,0.000100629803
0x381f,5212,0.000100629803
0x3820,5212,0.000100629803
0x3822,5212,0.000100629803
0x3823,75,0.000001448050
0x3824,75,0.000001448050
0x3827,75,0.000001448050
0x3829,75,0.000001448050
0x382b,75,0.000001448050
0x382c,75,0.000001448050
0x382e,75,0.000001448050
0x382f,75,0.000001448050
0x3830,75,0.000001448050
0x3832,75,0.000001448050
0x3833,75,0.000001448050
0x3834,75,0.000001448050
0x3835,75,0.000001448050
0x3837,75,0.000001448050
0x3838,75,0.000001448050
0x3839,75,0.000001448050
0x383b,75,0.000001448050
0x383c,75,0.000001448050
0x383e,75,0.000001448050
0x3841,47,0.000000907445
0x3844,56,0.000001081210
0x3846,56,0.000001081210
0x3847,56,0.000001081210
0x3849,56,0.000001081210
0x384a,56,0.000001081210
0x384b,56,0.000001081210
0x384c,28,0.000000540605
0x384f,28,0.000000540605
0x3850,28,0.000000540605
0x3851,28,0.000000540605
0x3853,28,0.000000540605
0x3854,28,0.000000540605
0x3855,28,0.000000540605
0x3856,28,0.000000540605
0x3857,28,0.000000540605
0x3858,28,0.000000540605
0x3859,28,0.000000540605
0x385c,28,0.000000540605
0x385d,28,0.000000540605
0x385f,28,0.000000540605
0x3862,13,0.000000250995
0x3863,13,0.000000250995
0x3865,13,0.000000250995
0x3868,13,0.000000250995
0x386b,13,0.000000250995
0x386e,13,0.000000250995
0x386f,13,0.000000250995
0x3871,13,0.000000250995
0x3874,6,0.000000115844
0x3875,6,0.000000115844
0x3876,6,0.000000115844
0x3878,6,0.000000115844
0x387a,6,0.000000115844
0x387b,6,0.000000115844
0x387c,6,0.000000115844
0x387e,6,0.000000115844
0x3881,6,0.000000115844
0x3882,6,0.000000115844
0x3883,6,0.000000115844
0x3884,6,0.000000115844
0x3885,6,0.000000115844
0x3887,6,0.000000115844
0x388a,5,0.000000096537
0x388b,5,0.000000096537
0x388c,5,0.000000096537
0x388d,5,0.000000096537
0x3894,15,0.000000289610
0x3897,15,0.000000289610
0x3899,15,0.000000289610
0x389c,15,0.000000289610
0x38a1,32,0.000000617835
0x38a2,32,0.000000617835
0x38a4,32,0.000000617835
0x38a5,32,0.000000617835
0x38a6,32,0.000000617835
0x38a7,32,0.000000617835
0x38a8,32,0.000000617835
0x38a9,32,0.000000617835
0x38ac,32,0.000000617835
0x38ae,32,0.000000617835
0x38af,32,0.000000617835
0x38b1,32,0.000000617835
0x38b4,32,0.000000617835
0x38b5,32,0.000000617835
0x38bc,41,0.000000791601
0x38be,41,0.000000791601
0x38bf,41,0.000000791601
0x38c1,41,0.000000791601
0x38c2,41,0.000000791601
0x38c3,41,0.000000791601
0x38c4,4,0.000000077229
0x38c7,4,0.000000077229
0x38c8,4,0.000000077229
0x38ca,4,0.000000077229
0x38cd,4,0.000000077229
0x38cf,4,0.000000077229
0x38d2,2,0.000000038615
0x38d3,2,0.000000038615
0x38d4,2,0.000000038615
0x38d5,2,0.000000038615
0x38d7,2,0.000000038615
0x38d8,2,0.000000038615
0x38db,2,0.000000038615
0x38dc,2,0.000000038615
0x38dd,2,0.000000038615
0x38de,2,0.000000038615
0x38df,2,0.000000038615
0x38e1,2,0.000000038615
0x38e2,2,0.000000038615
0x38e4,2,0.000000038615
0x38e5,2,0.000000038615
0x38e7,2,0.000000038615
0x38e8,2,0.000000038615
0x38e9,4,0.000000077229
0x38eb,4,0.000000077229
0x38ee,4,0.000000077229
0x38f1,4,0.000000077229
0x38f8,19,0.000000366839
0x38fb,32,0.000000617835
0x38fc,32,0.000000617835
0x38fd,32,0.000000617835
0x3900,1,0.000000019307
0x3901,1,0.000000019307
0x3902,1,0.000000019307
0x3903,1,0.000000019307
0x3904,1,0.000000019307
0x3905,1,0.000000019307
0x3906,32,0.000000617835
0x3907,32,0.000000617835
0x3908,32,0.000000617835
0x3909,32,0.000000617835
0x390a,32,0.000000617835
0x390d,32,0.000000617835
0x390e,32,0.000000617835
0x390f,32,0.000000617835
0x3912,32,0.000000617835
0x3913,32,0.000000617835
0x3916,32,0.000000617835
0x3918,32,0.000000617835
0x391b,32,0.000000617835
0x391c,47,0.000000907445
0x391d,47,0.000000907445
0x391f,47,0.000000907445
0x3922,6,0.000000115844
0x3923,9478,0.000182994872
0x3930,2238,0.000043209804
0x3933,2238,0.000043209804
0x3935,2238,0.000043209804
0x3937,2238,0.000043209804
0x3938,2238,0.000043209804
0x393a,2238,0.000043209804
0x393b,2238,0.000043209804
0x393c,2238,0.000043209804
0x393d,2238,0.000043209804
0x393f,2238,0.000043209804
0x3942,1119,0.000021604902
0x3945,1119,0.000021604902
0x3946,1119,0.000021604902
0x3947,1119,0.000021604902
0x394a,1119,0.000021604902
0x394b,1119,0.000021604902
0x394c,7050,0.000136116675
0x394d,7050,0.000136116675
0x3950,6820,0.000131675990
0x3951,6820,0.000131675990
0x3952,6820,0.000131675990
0x3954,6820,0.000131675990
0x3955,6820,0.000131675990
0x3956,6820,0.000131675990
0x3959,889,0.000017164216
0x395c,7050,0.000136116675
0x395d,7050,0.000136116675
0x395f,7050,0.000136116675
0x3960,1816,0.000035062111
0x3961,1816,0.000035062111
0x3963,1816,0.000035062111
0x3964,1816,0.000035062111
0x3965,1816,0.000035062111
0x3966,1816,0.000035062111
0x3967,1405,0.000027126798
0x3968,1405,0.000027126798
0x3969,230,0.000004440686
0x396b,230,0.000004440686
0x396c,230,0.000004440686
0x396d,230,0.000004440686
0x396e,230,0.000004440686
0x396f,230,0.000004440686
0x3972,230,0.000004440686
0x3973,230,0.000004440686
0x3975,230,0.000004440686
0x3976,230,0.000004440686
0x3977,230,0.000004440686
0x3978,230,0.000004440686
0x397a,230,0.000004440686
0x397b,230,0.000004440686
0x3980,4860,0.000093833623
0x3983,4860,0.000093833623
0x3985,4860,0.000093833623
0x3986,299,0.000005772892
0x3988,299,0.000005772892
0x3989,285,0.000005502589
0x398c,285,0.000005502589
0x398f,285,0.000005502589
0x3991,285,0.000005502589
0x3994,285,0.000005502589
0x3996,285,0.000005502589
0x3998,285,0.000005502589
0x399b,285,0.000005502589
0x399d,285,0.000005502589
0x39a0,285,0.000005502589
0x39a2,285,0.000005502589
0x39a5,285,0.000005502589
0x39a7,285,0.000005502589
0x39a9,285,0.000005502589
0x39ac,285,0.000005502589
0x39af,285,0.000005502589
0x39b0,285,0.000005502589
0x39b3,144,0.000002780255
0x39b4,144,0.000002780255
0x39b6,144,0.000002780255
0x39b7,144,0.000002780255
0x39b9,144,0.000002780255
0x39ba,144,0.000002780255
0x39bb,144,0.000002780255
0x39bc,144,0.000002780255
0x39be,144,0.000002780255
0x39bf,285,0.000005502589
0x39c0,285,0.000005502589
0x39c3,570,0.000011005178
0x39c6,570,0.000011005178
0x39c9,570,0.000011005178
0x39ca,570,0.000011005178
0x39cc,570,0.000011005178
0x39cf,570,0.000011005178
0x39d2,570,0.000011005178
0x39d3,570,0.000011005178
0x39d4,570,0.000011005178
0x39d6,570,0.000011005178
0x39d8,570,0.000011005178
0x39db,285,0.000005502589
0x39de,285,0.000005502589
0x39e1,285,0.000005502589
0x39e3,285,0.000005502589
0x39e6,285,0.000005502589
0x39e8,285,0.000005502589
0x39ea,285,0.000005502589
0x3a00,2238,0.000043209804
0x3a03,2238,0.000043209804
0x3a05,2238,0.000043209804
0x3a06,2238,0.000043209804
0x3a07,2238,0.000043209804
0x3a08,2238,0.000043209804
0x3a0b,2238,0.000043209804
0x3a0c,2238,0.000043209804
0x3a0d,2238,0.000043209804
0x3a0e,1119,0.000021604902
0x3a0f,1119,0.000021604902
0x3a10,9862,0.000190408887
0x3a13,9862,0.000190408887
0x3a14,9862,0.000190408887
0x3a15,9862,0.000190408887
0x3a18,384,0.000007414015
0x3a1a,384,0.000007414015
0x3a1c,384,0.000007414015
0x3a1d,9478,0.000182994872
0x3a20,9478,0.000182994872
0x3a21,9478,0.000182994872
0x3a22,9478,0.000182994872
0x3a25,384,0.000007414015
0x3a27,384,0.000007414015
0x3a2a,12,0.000000231688
0x3a2c,384,0.000007414015
0x3a2d,384,0.000007414015
0x3a2e,384,0.000007414015
0x3a2f,384,0.000007414015
0x3a30,384,0.000007414015
0x3a31,384,0.000007414015
0x3a32,384,0.000007414015
0x3a34,384,0.000007414015
0x3a36,384,0.000007414015
0x3a37,384,0.000007414015
0x3a39,384,0.000007414015
0x3a3b,384,0.000007414015
0x3a3d,384,0.000007414015
0x3a3f,384,0.000007414015
0x3a40,9094,0.000175580858
0x3a42,9094,0.000175580858
0x3a43,9094,0.000175580858
0x3a44,9094,0.000175580858
0x3a47,801,0.000015465171
0x3a49,801,0.000015465171
0x3a4c,51,0.000000984674
0x3a4e,801,0.000015465171
0x3a4f,801,0.000015465171
0x3a50,801,0.000015465171
0x3a51,801,0.000015465171
0x3a52,801,0.000015465171
0x3a53,801,0.000015465171
0x3a54,801,0.000015465171
0x3a56,801,0.000015465171
0x3a58,801,0.000015465171
0x3a5a,801,0.000015465171
0x3a5b,801,0.000015465171
0x3a5d,801,0.000015465171
0x3a5f,801,0.000015465171
0x3a62,8293,0.000160115686
0x3a64,8293,0.000160115686
0x3a65,8293,0.000160115686
0x3a66,8293,0.000160115686
0x3a67,697,0.000013457209
0x3a69,697,0.000013457209
0x3a6c,131,0.000002529260
0x3a6e,131,0.000002529260
0x3a71,131,0.000002529260
0x3a73,131,0.000002529260
0x3a76,127,0.000002452031
0x3a78,697,0.000013457209
0x3a79,697,0.000013457209
0x3a7b,697,0.000013457209
0x3a7c,697,0.000013457209
0x3a7e,697,0.000013457209
0x3a80,697,0.000013457209
0x3a81,697,0.000013457209
0x3a82,9478,0.000182994872
0x3a85,9478,0.000182994872
0x3a86,9478,0.000182994872
0x3a88,9478,0.000182994872
0x3a89,3006,0.000058037834
0x3a8b,3006,0.000058037834
0x3a8c,3006,0.000058037834
0x3a8e,3006,0.000058037834
0x3a8f,3006,0.000058037834
0x3a90,9478,0.000182994872
0x3a93,9478,0.000182994872
0x3a94,9478,0.000182994872
0x3a95,9478,0.000182994872
0x3a98,5787,0.000111731518
0x3a9b,5787,0.000111731518
0x3a9e,5787,0.000111731518
0x3aa1,92592,0.001787704285
0x3aa2,92592,0.001787704285
0x3aa3,92592,0.001787704285
0x3aa4,92592,0.001787704285
0x3aa7,46041,0.000888928774
0x3aa8,46041,0.000888928774
0x3aaa,46041,0.000888928774
0x3aad,14879,0.000287273761
0x3aae,92592,0.001787704285
0x3aaf,92592,0.001787704285
0x3ab0,92592,0.001787704285
0x3ab1,92592,0.001787704285
0x3ab2,92592,0.001787704285
0x3ab5,5787,0.000111731518
0x3ab6,5787,0.000111731518
0x3ab7,5787,0.000111731518
0x3ab8,4687,0.000090493455
0x3aba,4687,0.000090493455
0x3abd,228,0.000004402071
0x3abf,4687,0.000090493455
0x3ac1,4687,0.000090493455
0x3ac2,4687,0.000090493455
0x3ac5,4687,0.000090493455
0x3ac6,4687,0.000090493455
0x3ac8,4687,0.000090493455
0x3ac9,4687,0.000090493455
0x3aca,4687,0.000090493455
0x3ad0,2332,0.000045024693
0x3ad3,2332,0.000045024693
0x3ad4,2332,0.000045024693
0x3ad6,2332,0.000045024693
0x3ad7,2332,0.000045024693
0x3ad8,2332,0.000045024693
0x3ada,2332,0.000045024693
0x3adb,2332,0.000045024693
0x3adc,2332,0.000045024693
0x3add,2332,0.000045024693
0x3adf,2332,0.000045024693
0x3ae0,2332,0.000045024693
0x3ae1,2332,0.000045024693
0x3ae3,2332,0.000045024693
0x3ae4,2332,0.000045024693
0x3ae5,2332,0.000045024693
0x3ae6,2332,0.000045024693
0x3ae9,2266,0.000043750409
0x3aec,2266,0.000043750409
0x3aee,2266,0.000043750409
0x3aef,2266,0.000043750409
0x3af1,2266,0.000043750409
0x3af2,2266,0.000043750409
0x3af3,2266,0.000043750409
0x3af4,63,0.000001216362
0x3af6,63,0.000001216362
0x3af8,66,0.000001274284
0x3afa,66,0.000001274284
0x3afb,66,0.000001274284
0x3afc,66,0.000001274284
0x3afd,66,0.000001274284
0x3aff,66,0.000001274284
0x3b00,66,0.000001274284
0x3b02,2560,0.000049426764
0x3b05,2560,0.000049426764
0x3b06,2560,0.000049426764
0x3b08,2560,0.000049426764
0x3b09,1145,0.000022106893
0x3b0a,1145,0.000022106893
0x3b0b,1145,0.000022106893
0x3b0c,1145,0.000022106893
0x3b0e,1145,0.000022106893
0x3b10,1145,0.000022106893
0x3b12,1145,0.000022106893
0x3b13,320,0.000006178346
0x3b14,320,0.000006178346
0x3b16,320,0.000006178346
0x3b18,320,0.000006178346
0x3b19,320,0.000006178346
0x3b1b,9478,0.000182994872
0x3b1e,9478,0.000182994872
0x3b1f,9478,0.000182994872
0x3b20,9478,0.000182994872
0x3b21,128,0.000002471338
0x3b23,128,0.000002471338
0x3b26,2,0.000000038615
0x3b28,128,0.000002471338
0x3b29,128,0.000002471338
0x3b2a,128,0.000002471338
0x3b2c,128,0.000002471338
0x3b2d,128,0.000002471338
0x3b2e,128,0.000002471338
0x3b30,128,0.000002471338
0x3b31,128,0.000002471338
0x3b33,9478,0.000182994872
0x3b36,9478,0.000182994872
0x3b37,9478,0.000182994872
0x3b38,9478,0.000182994872
0x3b39,255,0.000004923369
0x3b3a,255,0.000004923369
0x3b3c,255,0.000004923369
0x3b3e,255,0.000004923369
0x3b40,255,0.000004923369
0x3b41,255,0.000004923369
0x3b43,9478,0.000182994872
0x3b46,9478,0.000182994872
0x3b47,9478,0.000182994872
0x3b49,9478,0.000182994872
0x3b4c,9478,0.000182994872
0x3b4f,9478,0.000182994872
0x3b52,9478,0.000182994872
0x3b55,9478,0.000182994872
0x3b58,9478,0.000182994872
0x3b5b,9478,0.000182994872
