pc,count,frequency
0x0000,1,0.000000023138
0x0001,1,0.000000023138
0x0002,1,0.000000023138
0x0003,1,0.000000023138
0x0004,1,0.000000023138
0x0005,1,0.000000023138
0x0006,1,0.000000023138
0x0007,1,0.000000023138
0x0008,1,0.000000023138
0x000b,1,0.000000023138
0x000d,1,0.000000023138
0x000f,1,0.000000023138
0x0012,1,0.000000023138
0x0015,1,0.000000023138
0x0017,1,0.000000023138
0x001a,24291,0.000562051234
0x001d,24291,0.000562051234
0x0020,24291,0.000562051234
0x0021,24291,0.000562051234
0x0024,9954,0.000230318142
0x0027,9954,0.000230318142
0x002a,9954,0.000230318142
0x002d,14337,0.000331733092
0x002f,14337,0.000331733092
0x0031,14337,0.000331733092
0x0032,14337,0.000331733092
0x0034,14337,0.000331733092
0x0035,14337,0.000331733092
0x0038,14337,0.000331733092
0x0039,14337,0.000331733092
0x003c,14337,0.000331733092
0x003d,14337,0.000331733092
0x0040,7,0.000000161968
0x0043,7,0.000000161968
0x0046,14330,0.000331571124
0x0049,14329,0.000331547986
0x0050,1,0.000000023138
0x0052,1,0.000000023138
0x0054,1,0.000000023138
0x0056,1,0.000000023138
0x0058,1,0.000000023138
0x005a,1,0.000000023138
0x005c,1,0.000000023138
0x005f,1,0.000000023138
0x0061,1,0.000000023138
0x0063,1,0.000000023138
0x0066,1,0.000000023138
0x0068,1,0.000000023138
0x006a,1,0.000000023138
0x006b,2,0.000000046277
0x006e,2,0.000000046277
0x0070,6130,0.000141837473
0x0072,6130,0.000141837473
0x0073,6130,0.000141837473
0x0074,6130,0.000141837473
0x0077,2,0.000000046277
0x0078,864,0.000019991448
0x007b,864,0.000019991448
0x0080,2387191,0.055235422440
0x0082,2387191,0.055235422440
0x0083,2387191,0.055235422440
0x0085,2387191,0.055235422440
0x0088,48624,0.001125074274
0x0089,48624,0.001125074274
0x008b,48624,0.001125074274
0x008e,24323,0.000562791658
0x0090,24323,0.000562791658
0x0091,24323,0.000562791658
0x0094,24323,0.000562791658
0x0095,24323,0.000562791658
0x0096,24323,0.000562791658
0x0097,24323,0.000562791658
0x0098,24323,0.000562791658
0x009a,24323,0.000562791658
0x009d,24323,0.000562791658
0x009f,24323,0.000562791658
0x00a0,24323,0.000562791658
0x00a2,24323,0.000562791658
0x00a3,24323,0.000562791658
0x00a6,24323,0.000562791658
0x00a8,24323,0.000562791658
0x00ab,24323,0.000562791658
0x00ac,1,0.000000023138
0x00ae,1,0.000000023138
0x00af,1,0.000000023138
0x00b0,1,0.000000023138
0x00b2,1,0.000000023138
0x00b5,1,0.000000023138
0x00bb,49273,0.001140090998
0x00be,49273,0.001140090998
0x00bf,49273,0.001140090998
0x00c0,49273,0.001140090998
0x00c1,49273,0.001140090998
0x00c2,49273,0.001140090998
0x00c3,49273,0.001140090998
0x00c4,2403,0.000055601215
0x00c5,2403,0.000055601215
0x00c7,2403,0.000055601215
0x00c9,2403,0.000055601215
0x00ca,2403,0.000055601215
0x00cd,2403,0.000055601215
0x00ce,2403,0.000055601215
0x00cf,2403,0.000055601215
0x00d0,2403,0.000055601215
0x00d1,2403,0.000055601215
0x00d2,2403,0.000055601215
0x00d3,2403,0.000055601215
0x00d4,2403,0.000055601215
0x00d6,2403,0.000055601215
0x00d8,2403,0.000055601215
0x00d9,2403,0.000055601215
0x00dc,2403,0.000055601215
0x00dd,2403,0.000055601215
0x00de,2403,0.000055601215
0x00e1,871,0.000020153416
0x00e3,14330,0.000331571124
0x00e6,14330,0.000331571124
0x00e9,14330,0.000331571124
0x00ec,14330,0.000331571124
0x00ef,14330,0.000331571124
0x00f2,14326,0.000331478571
0x00f5,14326,0.000331478571
0x00f8,14326,0.000331478571
0x00fb,14326,0.000331478571
0x00fe,13452,0.000311255741
0x0101,13452,0.000311255741
0x0104,13452,0.000311255741
0x0107,13449,0.000311186326
0x0109,13449,0.000311186326
0x010c,13449,0.000311186326
0x010f,13446,0.000311116911
0x0111,13446,0.000311116911
0x0114,13446,0.000311116911
0x0117,13443,0.000311047496
0x0119,13443,0.000311047496
0x011c,13443,0.000311047496
0x011f,13443,0.000311047496
0x0122,12579,0.000291056048
0x0125,12579,0.000291056048
0x0128,12579,0.000291056048
0x012b,12579,0.000291056048
0x012e,12051,0.000278839052
0x0131,12051,0.000278839052
0x0134,12051,0.000278839052
0x0137,12051,0.000278839052
0x013a,729,0.000016867784
0x0140,16,0.000000370212
0x0143,16,0.000000370212
0x0146,16,0.000000370212
0x0149,16,0.000000370212
0x014c,16,0.000000370212
0x014e,16,0.000000370212
0x014f,16,0.000000370212
0x0151,16,0.000000370212
0x0152,16,0.000000370212
0x0153,16,0.000000370212
0x0154,16,0.000000370212
0x0156,16,0.000000370212
0x0158,16,0.000000370212
0x015b,16,0.000000370212
0x015d,16,0.000000370212
0x015f,16,0.000000370212
0x0161,16,0.000000370212
0x0164,16,0.000000370212
0x0166,16,0.000000370212
0x0167,16,0.000000370212
0x0168,16,0.000000370212
0x016a,16,0.000000370212
0x016b,16,0.000000370212
0x016d,16,0.000000370212
0x016f,16,0.000000370212
0x0172,16,0.000000370212
0x0173,11316,0.000261832438
0x0174,11316,0.000261832438
0x0176,11316,0.000261832438
0x0178,11316,0.000261832438
0x017a,11316,0.000261832438
0x017b,8556,0.000197970868
0x017d,8556,0.000197970868
0x017e,8468,0.000195934702
0x0180,8468,0.000195934702
0x0182,8468,0.000195934702
0x0183,2946,0.000068165285
0x0185,2946,0.000068165285
0x0186,2859,0.000066152257
0x0188,2859,0.000066152257
0x018a,2859,0.000066152257
0x018b,90,0.000002082443
0x018d,90,0.000002082443
0x018e,90,0.000002082443
0x018f,90,0.000002082443
0x0191,90,0.000002082443
0x0192,6,0.000000138830
0x0194,6,0.000000138830
0x0196,1738,0.000040214279
0x0197,1738,0.000040214279
0x0199,1738,0.000040214279
0x019b,1738,0.000040214279
0x019c,1416,0.000032763762
0x019d,1416,0.000032763762
0x019e,1416,0.000032763762
0x01a0,1416,0.000032763762
0x01a1,1416,0.000032763762
0x01a2,1416,0.000032763762
0x01a3,1416,0.000032763762
0x01a5,1416,0.000032763762
0x01a6,1416,0.000032763762
0x01a7,1416,0.000032763762
0x01a8,1416,0.000032763762
0x01ab,1416,0.000032763762
0x01ae,1416,0.000032763762
0x01af,1416,0.000032763762
0x01b0,1416,0.000032763762
0x01b1,1416,0.000032763762
0x01b2,1416,0.000032763762
0x01b3,1416,0.000032763762
0x01b4,1416,0.000032763762
0x01b5,1416,0.000032763762
0x01b6,1416,0.000032763762
0x01b7,1416,0.000032763762
0x01b8,1416,0.000032763762
0x01b9,1416,0.000032763762
0x01ba,1416,0.000032763762
0x01bb,1416,0.000032763762
0x01bd,1416,0.000032763762
0x01be,1416,0.000032763762
0x01c1,17616,0.000407603414
0x01c4,17616,0.000407603414
0x01c5,17616,0.000407603414
0x01c8,1416,0.000032763762
0x01c9,1416,0.000032763762
0x01ca,1416,0.000032763762
0x01d0,4334,0.000100281176
0x01d1,4334,0.000100281176
0x01d2,4334,0.000100281176
0x01d3,4334,0.000100281176
0x01d4,4334,0.000100281176
0x01d6,4334,0.000100281176
0x01d7,4334,0.000100281176
0x01d9,4334,0.000100281176
0x01dc,4334,0.000100281176
0x01dd,4334,0.000100281176
0x01e0,2517,0.000058238976
0x01e1,7,0.000000161968
0x01e4,904,0.000020916978
0x01e7,904,0.000020916978
0x01e9,904,0.000020916978
0x01ed,112684,0.002607310576
0x01ee,112684,0.002607310576
0x01ef,112684,0.002607310576
0x01f0,112684,0.002607310576
0x01f3,112684,0.002607310576
0x01f4,112684,0.002607310576
0x01f7,4334,0.000100281176
0x0200,38653,0.000894362782
0x0201,38653,0.000894362782
0x0202,134,0.000003100526
0x0203,134,0.000003100526
0x0204,134,0.000003100526
0x0205,134,0.000003100526
0x0206,1416,0.000032763762
0x0207,1416,0.000032763762
0x0208,1416,0.000032763762
0x0209,1416,0.000032763762
0x020a,1416,0.000032763762
0x020b,1416,0.000032763762
0x020c,1416,0.000032763762
0x020d,1416,0.000032763762
0x020e,1416,0.000032763762
0x0210,11497,0.000266020462
0x0211,11497,0.000266020462
0x0213,11497,0.000266020462
0x0214,11497,0.000266020462
0x0215,2455,0.000056804404
0x0216,2455,0.000056804404
0x0217,252853,0.005850575957
0x0218,252853,0.005850575957
0x021a,252853,0.005850575957
0x021b,252853,0.005850575957
0x021c,36892,0.000853616323
0x021d,36892,0.000853616323
0x0220,55,0.000001272604
0x0221,55,0.000001272604
0x0222,55,0.000001272604
0x0223,55,0.000001272604
0x0224,55,0.000001272604
0x0225,55,0.000001272604
0x0226,55,0.000001272604
0x0227,55,0.000001272604
0x0228,55,0.000001272604
0x0229,55,0.000001272604
0x022a,55,0.000001272604
0x022b,55,0.000001272604
0x022c,55,0.000001272604
0x022e,55,0.000001272604
0x022f,55,0.000001272604
0x0230,55,0.000001272604
0x0231,55,0.000001272604
0x0232,55,0.000001272604
0x0258,68717,0.001589991133
0x0259,68717,0.001589991133
0x025a,68717,0.001589991133
0x025b,276,0.000006386157
0x025c,276,0.000006386157
0x025d,276,0.000006386157
0x025e,276,0.000006386157
0x025f,276,0.000006386157
0x0260,52399,0.001212421168
0x0263,52399,0.001212421168
0x0264,50632,0.001171535880
0x0267,50632,0.001171535880
0x0270,72178,0.001670072617
0x0271,72178,0.001670072617
0x0272,72178,0.001670072617
0x0273,72178,0.001670072617
0x0274,72178,0.001670072617
0x0275,72178,0.001670072617
0x0276,72178,0.001670072617
0x0277,50632,0.001171535880
0x0278,50632,0.001171535880
0x0279,50632,0.001171535880
0x027a,50632,0.001171535880
0x027b,50632,0.001171535880
0x027c,50632,0.001171535880
0x027d,50632,0.001171535880
0x0288,7,0.000000161968
0x028b,7,0.000000161968
0x028e,7,0.000000161968
0x0290,7,0.000000161968
0x0293,7,0.000000161968
0x0295,7,0.000000161968
0x0298,7,0.000000161968
0x029a,7,0.000000161968
0x02a7,7,0.000000161968
0x02aa,7,0.000000161968
0x02ab,7,0.000000161968
0x02ac,7,0.000000161968
0x02ad,1,0.000000023138
0x02b0,1,0.000000023138
0x02b3,1,0.000000023138
0x02b6,1,0.000000023138
0x02b9,1,0.000000023138
0x02bc,1,0.000000023138
0x02be,1,0.000000023138
0x02c0,1,0.000000023138
0x02c3,1,0.000000023138
0x02c5,1,0.000000023138
0x02c7,1,0.000000023138
0x02cb,1,0.000000023138
0x02cd,1,0.000000023138
0x02cf,1,0.000000023138
0x02d4,1,0.000000023138
0x02d7,1,0.000000023138
0x02d8,1,0.000000023138
0x02db,1,0.000000023138
0x02dd,1,0.000000023138
0x02e3,1,0.000000023138
0x02e5,1,0.000000023138
0x02e6,1,0.000000023138
0x02e7,1,0.000000023138
0x02e8,1,0.000000023138
0x02ea,1,0.000000023138
0x02ed,1,0.000000023138
0x02f0,1,0.000000023138
0x02f3,1,0.000000023138
0x02f6,1,0.000000023138
0x02f9,1,0.000000023138
0x02fc,1,0.000000023138
0x02fe,1,0.000000023138
0x0300,1,0.000000023138
0x0303,1,0.000000023138
0x0306,1,0.000000023138
0x0308,1,0.000000023138
0x030b,1,0.000000023138
0x030d,1,0.000000023138
0x0310,1,0.000000023138
0x0314,57,0.000001318880
0x0315,57,0.000001318880
0x0316,57,0.000001318880
0x0317,57,0.000001318880
0x0318,57,0.000001318880
0x0319,57,0.000001318880
0x031a,57,0.000001318880
0x031b,57,0.000001318880
0x031c,57,0.000001318880
0x031d,57,0.000001318880
0x031e,57,0.000001318880
0x0320,2,0.000000046277
0x0321,2,0.000000046277
0x0322,2,0.000000046277
0x0323,2,0.000000046277
0x0324,2,0.000000046277
0x0325,2,0.000000046277
0x0326,2,0.000000046277
0x0327,2,0.000000046277
0x0328,2,0.000000046277
0x0329,2,0.000000046277
0x032a,2,0.000000046277
0x032e,1,0.000000023138
0x0331,8,0.000000185106
0x0333,8,0.000000185106
0x0334,8,0.000000185106
0x0335,8,0.000000185106
0x0337,8,0.000000185106
0x033a,1,0.000000023138
0x033c,1,0.000000023138
0x033f,1,0.000000023138
0x0341,1,0.000000023138
0x0344,1,0.000000023138
0x0346,1,0.000000023138
0x0349,1,0.000000023138
0x034b,1,0.000000023138
0x034e,1,0.000000023138
0x0350,1,0.000000023138
0x0353,1,0.000000023138
0x0355,1,0.000000023138
0x0357,1,0.000000023138
0x0358,1,0.000000023138
0x035b,1,0.000000023138
0x035c,1,0.000000023138
0x035e,1,0.000000023138
0x035f,1,0.000000023138
0x0361,1,0.000000023138
0x0367,6,0.000000138830
0x0369,6,0.000000138830
0x036a,6,0.000000138830
0x036c,6,0.000000138830
0x036f,6,0.000000138830
0x0370,6,0.000000138830
0x0371,6,0.000000138830
0x0373,6,0.000000138830
0x0376,6,0.000000138830
0x0377,14337,0.000331733092
0x037a,14337,0.000331733092
0x037b,14337,0.000331733092
0x037c,14337,0.000331733092
0x037d,14337,0.000331733092
0x0380,39,0.000000902392
0x0383,39,0.000000902392
0x0386,39,0.000000902392
0x0389,14196,0.000328470599
0x038a,14196,0.000328470599
0x038b,14196,0.000328470599
0x038c,14196,0.000328470599
0x038d,14196,0.000328470599
0x038e,14196,0.000328470599
0x038f,14196,0.000328470599
0x0390,14196,0.000328470599
0x0393,1014,0.000023462186
0x0394,1014,0.000023462186
0x0395,1014,0.000023462186
0x0396,1014,0.000023462186
0x0397,1014,0.000023462186
0x0398,1014,0.000023462186
0x0399,1014,0.000023462186
0x039a,1014,0.000023462186
0x039d,39,0.000000902392
0x03a0,156,0.000003609567
0x03a3,156,0.000003609567
0x03a6,64896,0.001501579880
0x03a7,64896,0.001501579880
0x03a8,64896,0.001501579880
0x03a9,64896,0.001501579880
0x03aa,64896,0.001501579880
0x03ab,64896,0.001501579880
0x03ac,64896,0.001501579880
0x03af,156,0.000003609567
0x03b0,11322,0.000261971268
0x03b3,11322,0.000261971268
0x03b6,11322,0.000261971268
0x03b9,8460,0.000195749596
0x03bc,8460,0.000195749596
0x03bf,8457,0.000195680181
0x03c2,8457,0.000195680181
0x03c5,8457,0.000195680181
0x03c8,5580,0.000129111436
0x03cb,5580,0.000129111436
0x03ce,11316,0.000261832438
0x03d1,11316,0.000261832438
0x03d4,11316,0.000261832438
0x03d5,11316,0.000261832438
0x03d7,11316,0.000261832438
0x03d8,11316,0.000261832438
0x03d9,11316,0.000261832438
0x03e2,3,0.000000069415
0x03e5,3,0.000000069415
0x03e8,3,0.000000069415
0x03eb,3,0.000000069415
0x03ee,3,0.000000069415
0x03f1,6,0.000000138830
0x03f4,6,0.000000138830
0x03f5,6,0.000000138830
0x03f7,6,0.000000138830
0x03f8,6,0.000000138830
0x03fa,6,0.000000138830
0x03fb,6,0.000000138830
0x03fc,6,0.000000138830
0x03fd,6,0.000000138830
0x0400,21270,0.000492150580
0x0403,21270,0.000492150580
0x0406,21270,0.000492150580
0x0407,21270,0.000492150580
0x0408,21270,0.000492150580
0x0409,21270,0.000492150580
0x040a,21270,0.000492150580
0x040b,21270,0.000492150580
0x040c,21270,0.000492150580
0x040d,21270,0.000492150580
0x041e,46,0.000001064360
0x0421,46,0.000001064360
0x0423,46,0.000001064360
0x0424,46,0.000001064360
0x0427,46,0.000001064360
0x0429,46,0.000001064360
0x042a,46,0.000001064360
0x042d,46,0.000001064360
0x0430,7,0.000000161968
0x0433,7,0.000000161968
0x0435,7,0.000000161968
0x0436,7,0.000000161968
0x0438,7,0.000000161968
0x043a,7,0.000000161968
0x043b,7,0.000000161968
0x043d,7,0.000000161968
0x043f,7,0.000000161968
0x0440,3,0.000000069415
0x0441,3,0.000000069415
0x0442,3,0.000000069415
0x0443,3,0.000000069415
0x0445,3,0.000000069415
0x04ac,1418,0.000032810039
0x04af,1418,0.000032810039
0x04b0,1418,0.000032810039
0x04b1,1418,0.000032810039
0x04b2,1418,0.000032810039
0x04b4,1418,0.000032810039
0x04b5,1418,0.000032810039
0x04b6,1405,0.000032509241
0x04b8,1405,0.000032509241
0x04ba,1405,0.000032509241
0x04bd,1398,0.000032347274
0x04bf,1398,0.000032347274
0x04c1,1398,0.000032347274
0x04c2,1398,0.000032347274
0x04c4,1398,0.000032347274
0x04c6,1398,0.000032347274
0x04c9,708,0.000016381881
0x04cc,708,0.000016381881
0x04cd,708,0.000016381881
0x04d0,708,0.000016381881
0x04d1,708,0.000016381881
0x04d2,708,0.000016381881
0x04d4,708,0.000016381881
0x04d7,708,0.000016381881
0x04df,708,0.000016381881
0x04e1,708,0.000016381881
0x04e4,708,0.000016381881
0x04e6,690,0.000015965393
0x04e9,690,0.000015965393
0x04ea,690,0.000015965393
0x04eb,690,0.000015965393
0x04ee,690,0.000015965393
0x04f4,690,0.000015965393
0x04f6,690,0.000015965393
0x04f9,690,0.000015965393
0x04fb,4140,0.000095792355
0x04fd,4140,0.000095792355
0x04fe,4140,0.000095792355
0x0501,4140,0.000095792355
0x0502,4140,0.000095792355
0x0505,690,0.000015965393
0x0506,39,0.000000902392
0x0509,39,0.000000902392
0x050b,39,0.000000902392
0x050e,39,0.000000902392
0x0511,39,0.000000902392
0x0514,39,0.000000902392
0x0515,39,0.000000902392
0x0518,39,0.000000902392
0x051b,39,0.000000902392
0x051d,39,0.000000902392
0x0520,39,0.000000902392
0x0523,39,0.000000902392
0x0526,39,0.000000902392
0x0529,39,0.000000902392
0x052c,39,0.000000902392
0x052f,39,0.000000902392
0x0532,39,0.000000902392
0x0535,39,0.000000902392
0x0537,39,0.000000902392
0x053a,39,0.000000902392
0x053d,39,0.000000902392
0x0540,39,0.000000902392
0x0543,39,0.000000902392
0x0547,39,0.000000902392
0x054a,39,0.000000902392
0x054d,39,0.000000902392
0x054f,39,0.000000902392
0x0552,39,0.000000902392
0x0555,39,0.000000902392
0x0557,39,0.000000902392
0x055a,39,0.000000902392
0x0580,42,0.000000971807
0x0583,42,0.000000971807
0x0586,42,0.000000971807
0x0588,42,0.000000971807
0x0589,42,0.000000971807
0x058a,42,0.000000971807
0x058b,42,0.000000971807
0x058d,42,0.000000971807
0x0590,42,0.000000971807
0x0592,42,0.000000971807
0x0595,42,0.000000971807
0x05d8,222,0.000005136692
0x05d9,10582,0.000244848963
0x05da,10582,0.000244848963
0x05db,10582,0.000244848963
0x05dc,10582,0.000244848963
0x05df,222,0.000005136692
0x05e0,6406,0.000148223630
0x05e1,6406,0.000148223630
0x05e2,6406,0.000148223630
0x05e3,6406,0.000148223630
0x05e4,6406,0.000148223630
0x05e5,6406,0.000148223630
0x05e8,1517,0.000035100725
0x05ec,39,0.000000902392
0x05ef,39,0.000000902392
0x05f2,39,0.000000902392
0x05f4,39,0.000000902392
0x05f5,39,0.000000902392
0x05f6,39,0.000000902392
0x05f7,39,0.000000902392
0x05f8,39,0.000000902392
0x05f9,39,0.000000902392
0x05fa,228,0.000005275521
0x05fd,228,0.000005275521
0x0600,228,0.000005275521
0x0601,228,0.000005275521
0x0602,228,0.000005275521
0x0603,3458,0.000080012069
0x0604,3458,0.000080012069
0x0605,3458,0.000080012069
0x0606,3458,0.000080012069
0x0607,3458,0.000080012069
0x0608,3458,0.000080012069
0x0609,3458,0.000080012069
0x060a,3458,0.000080012069
0x060d,217,0.000005021000
0x0610,39,0.000000902392
0x0613,39,0.000000902392
0x0616,39,0.000000902392
0x0617,39,0.000000902392
0x0619,39,0.000000902392
0x061a,39,0.000000902392
0x061b,39,0.000000902392
0x061c,39,0.000000902392
0x061d,39,0.000000902392
0x061e,39,0.000000902392
0x061f,39,0.000000902392
0x0621,39,0.000000902392
0x0624,39,0.000000902392
0x0627,39,0.000000902392
0x0628,39,0.000000902392
0x0629,39,0.000000902392
0x062a,434,0.000010042001
0x062b,434,0.000010042001
0x062c,434,0.000010042001
0x062d,434,0.000010042001
0x062e,434,0.000010042001
0x062f,434,0.000010042001
0x0630,434,0.000010042001
0x0631,434,0.000010042001
0x0632,434,0.000010042001
0x0633,434,0.000010042001
0x0634,434,0.000010042001
0x0635,434,0.000010042001
0x0638,28,0.000000647871
0x0650,39,0.000000902392
0x0653,39,0.000000902392
0x0656,39,0.000000902392
0x0658,39,0.000000902392
0x0659,39,0.000000902392
0x065a,39,0.000000902392
0x065b,39,0.000000902392
0x065c,39,0.000000902392
0x065d,39,0.000000902392
0x065e,39,0.000000902392
0x0661,39,0.000000902392
0x0664,39,0.000000902392
0x0665,39,0.000000902392
0x0666,39,0.000000902392
0x0667,434,0.000010042001
0x0668,434,0.000010042001
0x0669,434,0.000010042001
0x066a,434,0.000010042001
0x066b,434,0.000010042001
0x066c,434,0.000010042001
0x066f,28,0.000000647871
0x067a,5039,0.000116593642
0x067d,5039,0.000116593642
0x067e,5039,0.000116593642
0x067f,5039,0.000116593642
0x0682,5039,0.000116593642
0x0684,5039,0.000116593642
0x0685,635,0.000014692789
0x0688,635,0.000014692789
0x068b,635,0.000014692789
0x068c,635,0.000014692789
0x068d,635,0.000014692789
0x068e,635,0.000014692789
0x068f,635,0.000014692789
0x0691,635,0.000014692789
0x0692,635,0.000014692789
0x0693,635,0.000014692789
0x0695,635,0.000014692789
0x0696,635,0.000014692789
0x0697,635,0.000014692789
0x0698,635,0.000014692789
0x0699,16532,0.000382521551
0x069a,16532,0.000382521551
0x069b,16532,0.000382521551
0x069c,16532,0.000382521551
0x069d,16532,0.000382521551
0x069e,16532,0.000382521551
0x069f,16532,0.000382521551
0x06a2,2540,0.000058771155
0x06a3,2540,0.000058771155
0x06a4,2540,0.000058771155
0x06a5,2540,0.000058771155
0x06a8,635,0.000014692789
0x06a9,635,0.000014692789
0x06ac,635,0.000014692789
0x06b0,4540,0.000105047656
0x06b3,4540,0.000105047656
0x06b6,4540,0.000105047656
0x06b7,4540,0.000105047656
0x06b8,4540,0.000105047656
0x06b9,29,0.000000671009
0x06ba,29,0.000000671009
0x06bb,29,0.000000671009
0x06bc,29,0.000000671009
0x06bd,29,0.000000671009
0x06be,29,0.000000671009
0x06bf,29,0.000000671009
0x06c0,29,0.000000671009
0x06c1,29,0.000000671009
0x06c2,29,0.000000671009
0x06c3,29,0.000000671009
0x06c4,29,0.000000671009
0x06c5,29,0.000000671009
0x06c8,29,0.000000671009
0x06ca,29,0.000000671009
0x06cb,29,0.000000671009
0x06cc,29,0.000000671009
0x06cd,29,0.000000671009
0x06cf,29,0.000000671009
0x06d0,29,0.000000671009
0x06d1,29,0.000000671009
0x06d2,29,0.000000671009
0x06d3,29,0.000000671009
0x06d4,29,0.000000671009
0x06d5,29,0.000000671009
0x06d7,29,0.000000671009
0x06d8,29,0.000000671009
0x06da,29,0.000000671009
0x06db,29,0.000000671009
0x06de,29,0.000000671009
0x06df,29,0.000000671009
0x06e1,29,0.000000671009
0x06e2,29,0.000000671009
0x06e3,29,0.000000671009
0x06e4,29,0.000000671009
0x06e7,29,0.000000671009
0x06e8,708,0.000016381881
0x06eb,708,0.000016381881
0x06ed,708,0.000016381881
0x06f0,4540,0.000105047656
0x06f3,4540,0.000105047656
0x06f6,4540,0.000105047656
0x0700,15589,0.000360702181
0x0703,15589,0.000360702181
0x0706,46767,0.001082106543
0x0709,46767,0.001082106543
0x070a,46767,0.001082106543
0x070c,46767,0.001082106543
0x070d,46767,0.001082106543
0x070f,46767,0.001082106543
0x0710,46767,0.001082106543
0x0711,46767,0.001082106543
0x0713,46767,0.001082106543
0x0716,15589,0.000360702181
0x0718,151372,0.003502483197
0x071b,151372,0.003502483197
0x0720,151372,0.003502483197
0x0721,151372,0.003502483197
0x0722,151372,0.003502483197
0x0724,151372,0.003502483197
0x0725,60823,0.001407337787
0x0726,60823,0.001407337787
0x0728,60823,0.001407337787
0x0729,60823,0.001407337787
0x072a,60823,0.001407337787
0x072b,60823,0.001407337787
0x072c,60823,0.001407337787
0x072e,60823,0.001407337787
0x0730,60823,0.001407337787
0x0731,60823,0.001407337787
0x0733,60823,0.001407337787
0x0734,60823,0.001407337787
0x0740,151372,0.003502483197
0x0741,151372,0.003502483197
0x0742,151372,0.003502483197
0x0744,151372,0.003502483197
0x0745,64008,0.001481033114
0x0746,64008,0.001481033114
0x0748,64008,0.001481033114
0x0749,64008,0.001481033114
0x074a,64008,0.001481033114
0x074b,64008,0.001481033114
0x074c,64008,0.001481033114
0x074d,64008,0.001481033114
0x074f,64008,0.001481033114
0x0750,64008,0.001481033114
0x0751,64008,0.001481033114
0x0752,64008,0.001481033114
0x0754,64008,0.001481033114
0x0755,64008,0.001481033114
0x0757,64008,0.001481033114
0x0758,64008,0.001481033114
0x0763,10971,0.000253849742
0x0764,10971,0.000253849742
0x0765,10971,0.000253849742
0x0766,10971,0.000253849742
0x0767,10971,0.000253849742
0x0768,10971,0.000253849742
0x0769,10971,0.000253849742
0x076a,10971,0.000253849742
0x076b,10971,0.000253849742
0x076d,14030,0.000324629649
0x076e,14030,0.000324629649
0x076f,14030,0.000324629649
0x0770,14030,0.000324629649
0x0771,14030,0.000324629649
0x0772,14030,0.000324629649
0x0773,14030,0.000324629649
0x0774,14030,0.000324629649
0x0775,14030,0.000324629649
0x0776,14030,0.000324629649
0x0779,28272,0.000654164607
0x077a,28272,0.000654164607
0x077b,28272,0.000654164607
0x077c,28272,0.000654164607
0x077d,28272,0.000654164607
0x077e,28272,0.000654164607
0x077f,28272,0.000654164607
0x0780,28272,0.000654164607
0x0783,28272,0.000654164607
0x0784,28272,0.000654164607
0x0785,28272,0.000654164607
0x0786,28272,0.000654164607
0x0788,28365,0.000656316465
0x0789,28365,0.000656316465
0x078a,28365,0.000656316465
0x078b,28365,0.000656316465
0x078c,28365,0.000656316465
0x078d,28365,0.000656316465
0x078e,28365,0.000656316465
0x078f,28365,0.000656316465
0x0790,28365,0.000656316465
0x0792,28365,0.000656316465
0x0793,28365,0.000656316465
0x0794,28365,0.000656316465
0x0795,28365,0.000656316465
0x0798,28365,0.000656316465
0x0799,28365,0.000656316465
0x079a,28365,0.000656316465
0x079b,28365,0.000656316465
0x079e,2490,0.000057614243
0x079f,2490,0.000057614243
0x07a0,2490,0.000057614243
0x07a1,2490,0.000057614243
0x07a2,2490,0.000057614243
0x07a3,2490,0.000057614243
0x07a4,2490,0.000057614243
0x07a5,2490,0.000057614243
0x07a6,2490,0.000057614243
0x07a7,2490,0.000057614243
0x07a8,2490,0.000057614243
0x07aa,2493,0.000057683658
0x07ab,2493,0.000057683658
0x07ac,2493,0.000057683658
0x07ad,2493,0.000057683658
0x07ae,2493,0.000057683658
0x07af,2493,0.000057683658
0x07b0,2493,0.000057683658
0x07b1,2493,0.000057683658
0x07b2,2493,0.000057683658
0x07b4,2493,0.000057683658
0x07b5,2493,0.000057683658
0x07b6,2493,0.000057683658
0x07b7,2493,0.000057683658
0x07b8,2493,0.000057683658
0x07b9,2493,0.000057683658
0x07ba,2493,0.000057683658
0x07bb,2493,0.000057683658
0x07be,19090,0.000441709195
0x07bf,19090,0.000441709195
0x07c0,19090,0.000441709195
0x07c1,19090,0.000441709195
0x07c2,19090,0.000441709195
0x07c3,19090,0.000441709195
0x07c4,19090,0.000441709195
0x07c5,19090,0.000441709195
0x07c6,19090,0.000441709195
0x07c7,19090,0.000441709195
0x07ca,19090,0.000441709195
0x07cb,19090,0.000441709195
0x07cc,19090,0.000441709195
0x07cd,19090,0.000441709195
0x07ce,19090,0.000441709195
0x07cf,19090,0.000441709195
0x07d2,19120,0.000442403342
0x07d3,19120,0.000442403342
0x07d4,19120,0.000442403342
0x07d5,19120,0.000442403342
0x07d6,19120,0.000442403342
0x07d7,19120,0.000442403342
0x07d8,19120,0.000442403342
0x07d9,19120,0.000442403342
0x07da,19120,0.000442403342
0x07dc,19149,0.000443074352
0x07dd,19149,0.000443074352
0x07de,19149,0.000443074352
0x07df,19149,0.000443074352
0x07e0,19149,0.000443074352
0x07e1,19149,0.000443074352
0x07e2,19149,0.000443074352
0x07e3,19149,0.000443074352
0x07e4,19149,0.000443074352
0x07e7,19149,0.000443074352
0x07e8,19149,0.000443074352
0x07e9,19149,0.000443074352
0x07ea,19149,0.000443074352
0x07eb,19149,0.000443074352
0x07ec,19149,0.000443074352
0x07ed,19149,0.000443074352
0x07ee,19149,0.000443074352
0x07f0,7,0.000000161968
0x07f3,7,0.000000161968
0x07f6,7,0.000000161968
0x07f9,7,0.000000161968
0x0800,17748,0.000410657663
0x0803,17748,0.000410657663
0x0806,17748,0.000410657663
0x0807,17748,0.000410657663
0x0809,17748,0.000410657663
0x080a,17748,0.000410657663
0x080b,17748,0.000410657663
0x080c,17748,0.000410657663
0x080d,17748,0.000410657663
0x080e,17748,0.000410657663
0x080f,17748,0.000410657663
0x0834,1372,0.000031745679
0x0837,1372,0.000031745679
0x083a,1372,0.000031745679
0x083b,1372,0.000031745679
0x083c,1372,0.000031745679
0x083e,1372,0.000031745679
0x083f,189,0.000004373129
0x0842,189,0.000004373129
0x0845,189,0.000004373129
0x0848,473,0.000010944392
0x084b,473,0.000010944392
0x084c,473,0.000010944392
0x084d,473,0.000010944392
0x084e,13,0.000000300797
0x0850,13,0.000000300797
0x0851,13,0.000000300797
0x0853,13,0.000000300797
0x0855,13,0.000000300797
0x085a,189,0.000004373129
0x085d,189,0.000004373129
0x085f,189,0.000004373129
0x0860,153,0.000003540152
0x0862,153,0.000003540152
0x0864,153,0.000003540152
0x0865,117,0.000002707175
0x0867,117,0.000002707175
0x0869,117,0.000002707175
0x086a,81,0.000001874198
0x086c,81,0.000001874198
0x086e,81,0.000001874198
0x086f,45,0.000001041221
0x0871,45,0.000001041221
0x0876,15589,0.000360702181
0x0879,15589,0.000360702181
0x087c,15589,0.000360702181
0x087f,15589,0.000360702181
0x0882,15589,0.000360702181
0x0885,15589,0.000360702181
0x0886,15589,0.000360702181
0x0889,15589,0.000360702181
0x088b,85732,0.001983688459
0x088c,85732,0.001983688459
0x088d,85732,0.001983688459
0x088e,85732,0.001983688459
0x088f,85732,0.001983688459
0x0890,85732,0.001983688459
0x0891,85732,0.001983688459
0x0892,85732,0.001983688459
0x0893,85732,0.001983688459
0x0894,85732,0.001983688459
0x0897,23382,0.000541018564
0x08a0,15589,0.000360702181
0x08a3,15589,0.000360702181
0x08a6,15589,0.000360702181
0x08a9,15589,0.000360702181
0x08ac,15589,0.000360702181
0x08ae,15589,0.000360702181
0x08b0,15589,0.000360702181
0x08b1,1280,0.000029616960
0x08b4,1280,0.000029616960
0x08b7,1280,0.000029616960
0x08c4,15589,0.000360702181
0x08c7,15589,0.000360702181
0x08c8,15589,0.000360702181
0x08ca,15589,0.000360702181
0x08cd,15155,0.000350660181
0x08cf,15155,0.000350660181
0x08d0,15155,0.000350660181
0x08d1,15155,0.000350660181
0x08d4,13985,0.000323588428
0x08d6,13985,0.000323588428
0x08d9,13985,0.000323588428
0x08dc,7,0.000000161968
0x08de,7,0.000000161968
0x08e0,7,0.000000161968
0x08e2,7,0.000000161968
0x08e3,7,0.000000161968
0x08e5,7,0.000000161968
0x08e6,7,0.000000161968
0x08e8,7,0.000000161968
0x08ea,1177,0.000027233720
0x08eb,15155,0.000350660181
0x08ed,15155,0.000350660181
0x08f0,15155,0.000350660181
0x08f3,15155,0.000350660181
0x0900,15155,0.000350660181
0x0903,15155,0.000350660181
0x0904,15155,0.000350660181
0x0906,15155,0.000350660181
0x0907,9698,0.000224394750
0x0909,9698,0.000224394750
0x090c,5037,0.000116547366
0x090d,5037,0.000116547366
0x090f,5037,0.000116547366
0x0910,4829,0.000111734610
0x0911,4829,0.000111734610
0x0913,4829,0.000111734610
0x0916,4829,0.000111734610
0x0917,4661,0.000107847384
0x0918,4661,0.000107847384
0x091a,4661,0.000107847384
0x091b,4661,0.000107847384
0x091c,4661,0.000107847384
0x091e,4661,0.000107847384
0x0921,4661,0.000107847384
0x0926,15524,0.000359198195
0x0927,15524,0.000359198195
0x0929,15524,0.000359198195
0x092a,15524,0.000359198195
0x092b,15524,0.000359198195
0x092c,15524,0.000359198195
0x092d,15524,0.000359198195
0x092e,15524,0.000359198195
0x0930,16869,0.000390319141
0x0931,16869,0.000390319141
0x0933,16869,0.000390319141
0x0936,10965,0.000253710913
0x0937,10965,0.000253710913
0x0939,10965,0.000253710913
0x093c,10965,0.000253710913
0x093d,369,0.000008538014
0x093e,369,0.000008538014
0x0940,369,0.000008538014
0x0941,369,0.000008538014
0x0942,369,0.000008538014
0x0944,369,0.000008538014
0x0945,369,0.000008538014
0x0946,369,0.000008538014
0x0947,369,0.000008538014
0x094a,369,0.000008538014
0x094c,369,0.000008538014
0x094d,369,0.000008538014
0x094e,369,0.000008538014
0x0951,369,0.000008538014
0x0953,369,0.000008538014
0x0954,369,0.000008538014
0x0955,369,0.000008538014
0x0956,369,0.000008538014
0x0959,369,0.000008538014
0x095c,369,0.000008538014
0x095e,369,0.000008538014
0x0961,369,0.000008538014
0x0964,5904,0.000136608229
0x0965,5904,0.000136608229
0x0966,5904,0.000136608229
0x0967,5904,0.000136608229
0x0968,5904,0.000136608229
0x096a,5904,0.000136608229
0x096b,5904,0.000136608229
0x096d,5904,0.000136608229
0x096e,301,0.000006964613
0x096f,301,0.000006964613
0x0970,301,0.000006964613
0x0971,301,0.000006964613
0x0972,301,0.000006964613
0x0974,301,0.000006964613
0x0975,301,0.000006964613
0x097a,15589,0.000360702181
0x097d,15589,0.000360702181
0x097e,15589,0.000360702181
0x0980,15589,0.000360702181
0x0981,15589,0.000360702181
0x0984,15589,0.000360702181
0x0985,15589,0.000360702181
0x0986,15589,0.000360702181
0x0987,15589,0.000360702181
0x0988,15589,0.000360702181
0x098b,15589,0.000360702181
0x098c,15589,0.000360702181
0x098d,15589,0.000360702181
0x098e,15589,0.000360702181
0x0991,15589,0.000360702181
0x09a0,15628,0.000361604573
0x09a3,15628,0.000361604573
0x09a6,46884,0.001084813719
0x09a9,46884,0.001084813719
0x09aa,46884,0.001084813719
0x09ab,46884,0.001084813719
0x09ac,46884,0.001084813719
0x09ad,46884,0.001084813719
0x09ae,46884,0.001084813719
0x09af,46884,0.001084813719
0x09b0,46884,0.001084813719
0x09b2,46884,0.001084813719
0x09b5,15628,0.000361604573
0x09ba,121048,0.002800838900
0x09bd,121048,0.002800838900
0x09be,121048,0.002800838900
0x09c0,121048,0.002800838900
0x09c1,121048,0.002800838900
0x09c2,121048,0.002800838900
0x09c3,121048,0.002800838900
0x09c4,121048,0.002800838900
0x09c5,121048,0.002800838900
0x09c6,121048,0.002800838900
0x09c7,121048,0.002800838900
0x09c8,121048,0.002800838900
0x09c9,121048,0.002800838900
0x09ca,121048,0.002800838900
0x09cc,121048,0.002800838900
0x09cd,121048,0.002800838900
0x09ce,121048,0.002800838900
0x09cf,121048,0.002800838900
0x09d0,121048,0.002800838900
0x09d1,121048,0.002800838900
0x0a50,3282,0.000075939737
0x0a53,3282,0.000075939737
0x0a56,65640,0.001518794738
0x0a57,65640,0.001518794738
0x0a5a,65640,0.001518794738
0x0a5b,65640,0.001518794738
0x0a5c,65640,0.001518794738
0x0a5e,65640,0.001518794738
0x0a5f,65640,0.001518794738
0x0a61,65640,0.001518794738
0x0a62,65640,0.001518794738
0x0a63,65640,0.001518794738
0x0a64,65640,0.001518794738
0x0a67,3282,0.000075939737
0x0a6c,3127,0.000072353308
0x0a6f,3127,0.000072353308
0x0a72,62527,0.001446765365
0x0a73,62527,0.001446765365
0x0a74,62527,0.001446765365
0x0a75,62527,0.001446765365
0x0a77,62527,0.001446765365
0x0a7a,35200,0.000814466404
0x0a7b,35199,0.000814443266
0x0a7c,35199,0.000814443266
0x0a7d,35199,0.000814443266
0x0a7e,35199,0.000814443266
0x0a7f,35199,0.000814443266
0x0a80,35199,0.000814443266
0x0a81,35199,0.000814443266
0x0a82,35199,0.000814443266
0x0a83,35199,0.000814443266
0x0a84,35199,0.000814443266
0x0a85,35199,0.000814443266
0x0a86,35199,0.000814443266
0x0a87,35199,0.000814443266
0x0a8a,62526,0.001446742227
0x0a8b,62526,0.001446742227
0x0a8c,62526,0.001446742227
0x0a8d,62526,0.001446742227
0x0a8f,62526,0.001446742227
0x0a90,62526,0.001446742227
0x0a91,62526,0.001446742227
0x0a93,62526,0.001446742227
0x0a94,62526,0.001446742227
0x0a96,62526,0.001446742227
0x0a99,3126,0.000072330170
0x0aa0,434,0.000010042001
0x0aa2,434,0.000010042001
0x0aa3,434,0.000010042001
0x0aa4,434,0.000010042001
0x0aa5,434,0.000010042001
0x0aa8,434,0.000010042001
0x0aa9,434,0.000010042001
0x0aac,434,0.000010042001
0x0aae,434,0.000010042001
0x0aaf,434,0.000010042001
0x0ab0,434,0.000010042001
0x0ab3,434,0.000010042001
0x0ab5,434,0.000010042001
0x0ab8,427,0.000009880033
0x0abb,427,0.000009880033
0x0abd,427,0.000009880033
0x0abe,427,0.000009880033
0x0abf,427,0.000009880033
0x0ac0,427,0.000009880033
0x0ac1,427,0.000009880033
0x0ad6,7568,0.000175110277
0x0ad7,7568,0.000175110277
0x0ad8,30272,0.000700441108
0x0ad9,30272,0.000700441108
0x0ada,30272,0.000700441108
0x0adb,30272,0.000700441108
0x0adc,30272,0.000700441108
0x0add,30272,0.000700441108
0x0ae0,7568,0.000175110277
0x0ae1,7568,0.000175110277
0x0ae2,7568,0.000175110277
0x0ae5,7568,0.000175110277
0x0ae6,7568,0.000175110277
0x0ae9,3158,0.000073070594
0x0aea,1152,0.000026655264
0x0aed,1152,0.000026655264
0x0aee,1152,0.000026655264
0x0af0,1152,0.000026655264
0x0af1,1152,0.000026655264
0x0af4,1152,0.000026655264
0x0af6,1152,0.000026655264
0x0af7,1152,0.000026655264
0x0af8,1152,0.000026655264
0x0af9,1152,0.000026655264
0x0afc,1152,0.000026655264
0x0afd,1152,0.000026655264
0x0afe,1152,0.000026655264
0x0b00,1152,0.000026655264
0x0b01,1152,0.000026655264
0x0b02,1152,0.000026655264
0x0b05,1140,0.000026377605
0x0b07,1140,0.000026377605
0x0b0a,768,0.000017770176
0x0b0d,756,0.000017492517
0x0b15,12,0.000000277659
0x0b16,12,0.000000277659
0x0b18,12,0.000000277659
0x0b19,12,0.000000277659
0x0b1a,12,0.000000277659
0x0b1c,12,0.000000277659
0x0b1d,12,0.000000277659
0x0b1e,12,0.000000277659
0x0b1f,12,0.000000277659
0x0b20,4,0.000000092553
0x0b21,4,0.000000092553
0x0b22,4,0.000000092553
0x0b25,4,0.000000092553
0x0b26,4,0.000000092553
0x0b27,4,0.000000092553
0x0b28,4,0.000000092553
0x0b29,3,0.000000069415
0x0b2b,3,0.000000069415
0x0b2d,3,0.000000069415
0x0b48,7,0.000000161968
0x0b4b,7,0.000000161968
0x0b4e,7,0.000000161968
0x0b50,7,0.000000161968
0x0b51,7,0.000000161968
0x0b53,7,0.000000161968
0x0b54,7,0.000000161968
0x0b55,7,0.000000161968
0x0b57,7,0.000000161968
0x0b59,7,0.000000161968
0x0b5a,7,0.000000161968
0x0b60,906,0.000020963255
0x0b63,906,0.000020963255
0x0b64,906,0.000020963255
0x0b65,906,0.000020963255
0x0b67,906,0.000020963255
0x0b6a,900,0.000020824425
0x0b6d,900,0.000020824425
0x0b6f,900,0.000020824425
0x0b71,900,0.000020824425
0x0b74,3,0.000000069415
0x0b77,3,0.000000069415
0x0b79,3,0.000000069415
0x0b7b,3,0.000000069415
0x0b7c,3,0.000000069415
0x0b7d,3,0.000000069415
0x0b7e,3,0.000000069415
0x0b7f,3,0.000000069415
0x0b80,3,0.000000069415
0x0b82,3,0.000000069415
0x0b83,3,0.000000069415
0x0b84,3,0.000000069415
0x0b85,3,0.000000069415
0x0b87,3,0.000000069415
0x0b88,3,0.000000069415
0x0b89,3,0.000000069415
0x0b8a,3,0.000000069415
0x0b8b,3,0.000000069415
0x0b95,897,0.000020755010
0x0b98,897,0.000020755010
0x0b9b,897,0.000020755010
0x0ba0,372,0.000008607429
0x0ba3,372,0.000008607429
0x0ba4,372,0.000008607429
0x0ba6,372,0.000008607429
0x0ba8,372,0.000008607429
0x0ba9,248,0.000005738286
0x0bab,248,0.000005738286
0x0bac,124,0.000002869143
0x0bad,124,0.000002869143
0x0bae,124,0.000002869143
0x0baf,124,0.000002869143
0x0bb2,124,0.000002869143
0x0bba,756,0.000017492517
0x0bbb,756,0.000017492517
0x0bbc,756,0.000017492517
0x0bbf,384,0.000008885088
0x0bc0,384,0.000008885088
0x0bc1,384,0.000008885088
0x0bc4,192,0.000004442544
0x0bca,3,0.000000069415
0x0bcd,3,0.000000069415
0x0bd0,3,0.000000069415
0x0bd2,3,0.000000069415
0x0bd3,3,0.000000069415
0x0bd4,3,0.000000069415
0x0bd6,3,0.000000069415
0x0bd9,3,0.000000069415
0x0bdc,3,0.000000069415
0x0bdf,3,0.000000069415
0x0be2,3,0.000000069415
0x0be5,3,0.000000069415
0x0be8,3,0.000000069415
0x0beb,3,0.000000069415
0x0bee,3,0.000000069415
0x0bf1,3,0.000000069415
0x0c00,11,0.000000254521
0x0c01,11,0.000000254521
0x0c02,11,0.000000254521
0x0c04,11,0.000000254521
0x0c05,11,0.000000254521
0x0c07,11,0.000000254521
0x0c08,11,0.000000254521
0x0c09,11,0.000000254521
0x0c0a,11,0.000000254521
0x0c0b,11,0.000000254521
0x0c0c,11,0.000000254521
0x0c0f,11,0.000000254521
0x0c10,11,0.000000254521
0x0c11,11,0.000000254521
0x0c13,11,0.000000254521
0x0c16,8,0.000000185106
0x0c18,8,0.000000185106
0x0c1b,3,0.000000069415
0x0c1e,3,0.000000069415
0x0c20,3,0.000000069415
0x0c23,3,0.000000069415
0x0c40,7793,0.000180316383
0x0c43,7793,0.000180316383
0x0c45,7793,0.000180316383
0x0c48,7793,0.000180316383
0x0c4b,7793,0.000180316383
0x0c4e,7793,0.000180316383
0x0c51,7793,0.000180316383
0x0c56,7793,0.000180316383
0x0c59,38965,0.000901581916
0x0c5a,38965,0.000901581916
0x0c5d,38965,0.000901581916
0x0c5e,38965,0.000901581916
0x0c5f,38965,0.000901581916
0x0c61,38965,0.000901581916
0x0c62,38965,0.000901581916
0x0c64,38965,0.000901581916
0x0c67,7793,0.000180316383
0x0c6b,7793,0.000180316383
0x0c6e,7793,0.000180316383
0x0c71,38965,0.000901581916
0x0c74,38965,0.000901581916
0x0c75,38965,0.000901581916
0x0c76,38965,0.000901581916
0x0c77,38965,0.000901581916
0x0c78,38965,0.000901581916
0x0c79,38965,0.000901581916
0x0c7a,38965,0.000901581916
0x0c7b,38965,0.000901581916
0x0c7d,38965,0.000901581916
0x0c80,7793,0.000180316383
0x0c84,38965,0.000901581916
0x0c85,38965,0.000901581916
0x0c87,38965,0.000901581916
0x0c88,5249,0.000121452675
0x0c89,5249,0.000121452675
0x0c8a,5249,0.000121452675
0x0c8b,5249,0.000121452675
0x0c8c,5249,0.000121452675
0x0c8e,5249,0.000121452675
0x0c8f,5249,0.000121452675
0x0c90,5249,0.000121452675
0x0c91,5249,0.000121452675
0x0c92,5249,0.000121452675
0x0c94,5249,0.000121452675
0x0c95,5249,0.000121452675
0x0c97,5249,0.000121452675
0x0c9a,5111,0.000118259596
0x0c9b,5111,0.000118259596
0x0c9e,5111,0.000118259596
0x0c9f,5111,0.000118259596
0x0ca0,5111,0.000118259596
0x0ca2,5111,0.000118259596
0x0ca3,5111,0.000118259596
0x0ca4,5111,0.000118259596
0x0ca5,5111,0.000118259596
0x0ca6,5111,0.000118259596
0x0ca7,5111,0.000118259596
0x0ca8,5111,0.000118259596
0x0ca9,5111,0.000118259596
0x0caa,5111,0.000118259596
0x0cac,5111,0.000118259596
0x0caf,5102,0.000118051352
0x0cb4,5111,0.000118259596
0x0cb6,5111,0.000118259596
0x0cb7,1121,0.000025937978
0x0cb9,1121,0.000025937978
0x0cba,569,0.000013165664
0x0cbd,569,0.000013165664
0x0cbe,569,0.000013165664
0x0cbf,211,0.000004882171
0x0cc2,211,0.000004882171
0x0cc3,211,0.000004882171
0x0cc4,12,0.000000277659
0x0cc6,12,0.000000277659
0x0cc9,12,0.000000277659
0x0ccb,12,0.000000277659
0x0cce,12,0.000000277659
0x0cd0,12,0.000000277659
0x0cd3,12,0.000000277659
0x0cd8,7793,0.000180316383
0x0cdb,7793,0.000180316383
0x0cde,38965,0.000901581916
0x0cdf,38965,0.000901581916
0x0ce2,38965,0.000901581916
0x0ce3,38965,0.000901581916
0x0ce4,38965,0.000901581916
0x0ce6,38965,0.000901581916
0x0ce7,38965,0.000901581916
0x0ce9,38965,0.000901581916
0x0cea,38965,0.000901581916
0x0ceb,38965,0.000901581916
0x0cec,38965,0.000901581916
0x0cef,7793,0.000180316383
0x0cf4,3,0.000000069415
0x0cf5,3,0.000000069415
0x0cf6,3,0.000000069415
0x0d1c,3090,0.000071497193
0x0d1f,3090,0.000071497193
0x0d22,49440,0.001143955086
0x0d25,49440,0.001143955086
0x0d26,49440,0.001143955086
0x0d27,49440,0.001143955086
0x0d28,49440,0.001143955086
0x0d2a,49440,0.001143955086
0x0d2b,49440,0.001143955086
0x0d2e,3090,0.000071497193
0x0d30,49440,0.001143955086
0x0d31,49440,0.001143955086
0x0d32,49440,0.001143955086
0x0d33,49440,0.001143955086
0x0d34,49440,0.001143955086
0x0d35,49440,0.001143955086
0x0d37,49440,0.001143955086
0x0d38,34783,0.000804817754
0x0d39,34783,0.000804817754
0x0d3a,34783,0.000804817754
0x0d3b,34783,0.000804817754
0x0d3c,34783,0.000804817754
0x0d3e,34783,0.000804817754
0x0d3f,34783,0.000804817754
0x0d41,34783,0.000804817754
0x0d42,34783,0.000804817754
0x0d43,34783,0.000804817754
0x0d46,32215,0.000745398728
0x0d47,32215,0.000745398728
0x0d48,32215,0.000745398728
0x0d4b,3983,0.000092159650
0x0d4c,3983,0.000092159650
0x0d4d,3983,0.000092159650
0x0d4e,3983,0.000092159650
0x0d4f,6551,0.000151578677
0x0d50,6551,0.000151578677
0x0d51,6551,0.000151578677
0x0d52,6551,0.000151578677
0x0d53,6551,0.000151578677
0x0d54,6551,0.000151578677
0x0d55,6551,0.000151578677
0x0d57,6551,0.000151578677
0x0d58,6551,0.000151578677
0x0d59,2636,0.000060992427
0x0d5a,2636,0.000060992427
0x0d5e,28232,0.000653239077
0x0d5f,28232,0.000653239077
0x0d60,28232,0.000653239077
0x0d61,28232,0.000653239077
0x0d62,28232,0.000653239077
0x0d64,28232,0.000653239077
0x0d65,28232,0.000653239077
0x0d66,4107,0.000095028793
0x0d67,4107,0.000095028793
0x0d70,3088,0.000071450916
0x0d73,3088,0.000071450916
0x0d76,49408,0.001143214662
0x0d79,49408,0.001143214662
0x0d7a,49408,0.001143214662
0x0d7c,49408,0.001143214662
0x0d7d,49408,0.001143214662
0x0d7f,49408,0.001143214662
0x0d80,49408,0.001143214662
0x0d83,3088,0.000071450916
0x0d86,49408,0.001143214662
0x0d87,49408,0.001143214662
0x0d88,49408,0.001143214662
0x0d89,49408,0.001143214662
0x0d8a,49408,0.001143214662
0x0d8b,49408,0.001143214662
0x0d8d,49408,0.001143214662
0x0d8e,34755,0.000804169883
0x0d8f,34755,0.000804169883
0x0d90,34755,0.000804169883
0x0d91,34755,0.000804169883
0x0d94,34755,0.000804169883
0x0d95,34755,0.000804169883
0x0d96,34755,0.000804169883
0x0d97,34755,0.000804169883
0x0d99,34755,0.000804169883
0x0d9a,34755,0.000804169883
0x0d9c,34755,0.000804169883
0x0d9d,34755,0.000804169883
0x0d9f,34755,0.000804169883
0x0da0,34755,0.000804169883
0x0da1,34755,0.000804169883
0x0da2,34755,0.000804169883
0x0da3,34755,0.000804169883
0x0da4,34755,0.000804169883
0x0da5,34755,0.000804169883
0x0da6,34755,0.000804169883
0x0da7,34755,0.000804169883
0x0da8,34755,0.000804169883
0x0dab,32214,0.000745375589
0x0dac,32214,0.000745375589
0x0daf,3933,0.000091002738
0x0db0,3933,0.000091002738
0x0db1,3933,0.000091002738
0x0db3,3933,0.000091002738
0x0db4,3933,0.000091002738
0x0db5,3933,0.000091002738
0x0dbb,2541,0.000058794294
0x0dbc,2541,0.000058794294
0x0dbd,2541,0.000058794294
0x0dbf,2541,0.000058794294
0x0dc0,2541,0.000058794294
0x0dc1,2541,0.000058794294
0x0dc2,2541,0.000058794294
0x0dc3,2541,0.000058794294
0x0dc5,2541,0.000058794294
0x0dc6,2541,0.000058794294
0x0dcc,28281,0.000654372852
0x0dcd,28281,0.000654372852
0x0dce,28281,0.000654372852
0x0dcf,28281,0.000654372852
0x0dd1,28281,0.000654372852
0x0dd2,34755,0.000804169883
0x0dd3,34755,0.000804169883
0x0dd5,34755,0.000804169883
0x0dd6,34755,0.000804169883
0x0dd7,34755,0.000804169883
0x0dd8,34755,0.000804169883
0x0dd9,34755,0.000804169883
0x0dda,34755,0.000804169883
0x0dde,169,0.000003910364
0x0ddf,169,0.000003910364
0x0de0,169,0.000003910364
0x0de3,169,0.000003910364
0x0de4,169,0.000003910364
0x0de5,169,0.000003910364
0x0de6,169,0.000003910364
0x0de9,169,0.000003910364
0x0dea,169,0.000003910364
0x0deb,169,0.000003910364
0x0dec,169,0.000003910364
0x0ded,169,0.000003910364
0x0df0,11361,0.000262873660
0x0df3,11361,0.000262873660
0x0df6,11361,0.000262873660
0x0df9,11361,0.000262873660
0x0dfc,11361,0.000262873660
0x0dff,11361,0.000262873660
0x0e10,22722,0.000525747319
0x0e11,22722,0.000525747319
0x0e13,22722,0.000525747319
0x0e14,4085,0.000094519752
0x0e15,4085,0.000094519752
0x0e16,4085,0.000094519752
0x0e17,4085,0.000094519752
0x0e18,4085,0.000094519752
0x0e1a,4085,0.000094519752
0x0e1b,4083,0.000094473475
0x0e1d,4083,0.000094473475
0x0e1e,79,0.000001827922
0x0e20,79,0.000001827922
0x0e23,57,0.000001318880
0x0e25,57,0.000001318880
0x0e26,57,0.000001318880
0x0e27,57,0.000001318880
0x0e29,57,0.000001318880
0x0e2a,57,0.000001318880
0x0e2c,57,0.000001318880
0x0e2d,57,0.000001318880
0x0e2e,57,0.000001318880
0x0e2f,57,0.000001318880
0x0e31,57,0.000001318880
0x0e32,57,0.000001318880
0x0e33,50,0.000001156913
0x0e34,50,0.000001156913
0x0e35,50,0.000001156913
0x0e36,44,0.000001018083
0x0e39,22,0.000000509042
0x0e3a,22,0.000000509042
0x0e3b,22,0.000000509042
0x0e3c,22,0.000000509042
0x0e3d,22,0.000000509042
0x0e3e,22,0.000000509042
0x0e3f,22,0.000000509042
0x0e41,22,0.000000509042
0x0e42,22,0.000000509042
0x0e45,255,0.000005900254
0x0e46,255,0.000005900254
0x0e47,255,0.000005900254
0x0e48,255,0.000005900254
0x0e4a,255,0.000005900254
0x0e4d,244,0.000005645733
0x0e4e,244,0.000005645733
0x0e4f,244,0.000005645733
0x0e51,244,0.000005645733
0x0e52,244,0.000005645733
0x0e55,11,0.000000254521
0x0e58,145,0.000003355046
0x0e59,145,0.000003355046
0x0e5a,145,0.000003355046
0x0e5b,69,0.000001596539
0x0e5c,69,0.000001596539
0x0e5e,69,0.000001596539
0x0e5f,69,0.000001596539
0x0e60,23,0.000000532180
0x0e61,23,0.000000532180
0x0e62,23,0.000000532180
0x0e63,23,0.000000532180
0x0e65,23,0.000000532180
0x0e66,23,0.000000532180
0x0e67,11,0.000000254521
0x0e69,11,0.000000254521
0x0e6a,11,0.000000254521
0x0e6b,11,0.000000254521
0x0e70,44,0.000001018083
0x0e71,44,0.000001018083
0x0e72,44,0.000001018083
0x0e74,44,0.000001018083
0x0e75,44,0.000001018083
0x0e76,44,0.000001018083
0x0e77,44,0.000001018083
0x0e78,44,0.000001018083
0x0e7a,44,0.000001018083
0x0e7b,44,0.000001018083
0x0e7e,317,0.000007334825
0x0e7f,317,0.000007334825
0x0e80,317,0.000007334825
0x0e81,317,0.000007334825
0x0e83,317,0.000007334825
0x0e86,273,0.000006316742
0x0e87,273,0.000006316742
0x0e88,273,0.000006316742
0x0e8a,273,0.000006316742
0x0e8b,273,0.000006316742
0x0e90,215,0.000004974724
0x0e91,215,0.000004974724
0x0e93,215,0.000004974724
0x0e94,215,0.000004974724
0x0e95,105,0.000002429516
0x0e97,105,0.000002429516
0x0e98,105,0.000002429516
0x0e99,58,0.000001342019
0x0e9a,58,0.000001342019
0x0e9b,58,0.000001342019
0x0e9c,58,0.000001342019
0x0e9e,58,0.000001342019
0x0e9f,58,0.000001342019
0x0ea0,44,0.000001018083
0x0ea3,44,0.000001018083
0x0ea4,55,0.000001272604
0x0ea5,55,0.000001272604
0x0ea6,55,0.000001272604
0x0ea7,55,0.000001272604
0x0ea8,55,0.000001272604
0x0ea9,55,0.000001272604
0x0eaa,55,0.000001272604
0x0eac,55,0.000001272604
0x0ead,58,0.000001342019
0x0eae,58,0.000001342019
0x0eb0,58,0.000001342019
0x0eb1,58,0.000001342019
0x0eb2,58,0.000001342019
0x0eb4,58,0.000001342019
0x0eb5,58,0.000001342019
0x0eb6,58,0.000001342019
0x0eb7,58,0.000001342019
0x0eb8,58,0.000001342019
0x0ebb,58,0.000001342019
0x0ebc,58,0.000001342019
0x0ebe,58,0.000001342019
0x0ec1,55,0.000001272604
0x0ec3,58,0.000001342019
0x0ec4,58,0.000001342019
0x0ec5,58,0.000001342019
0x0ed5,58,0.000001342019
0x0ed6,58,0.000001342019
0x0ed7,58,0.000001342019
0x0ed8,58,0.000001342019
0x0ed9,58,0.000001342019
0x0eda,58,0.000001342019
0x0edb,58,0.000001342019
0x0edc,58,0.000001342019
0x0ede,58,0.000001342019
0x0ee0,58,0.000001342019
0x0ee2,58,0.000001342019
0x0ee3,58,0.000001342019
0x0ee4,58,0.000001342019
0x0ee5,58,0.000001342019
0x0f00,3093,0.000071566608
0x0f03,3093,0.000071566608
0x0f04,3093,0.000071566608
0x0f06,3093,0.000071566608
0x0f09,3061,0.000070826184
0x0f0b,3061,0.000070826184
0x0f0c,3061,0.000070826184
0x0f0d,3061,0.000070826184
0x0f0e,3061,0.000070826184
0x0f11,3061,0.000070826184
0x0f14,3061,0.000070826184
0x0f15,3,0.000000069415
0x0f16,3,0.000000069415
0x0f17,3,0.000000069415
0x0f1a,3,0.000000069415
0x0f1b,3,0.000000069415
0x0f1d,3,0.000000069415
0x0f1e,3,0.000000069415
0x0f1f,3,0.000000069415
0x0f20,3,0.000000069415
0x0f23,15,0.000000347074
0x0f24,15,0.000000347074
0x0f25,15,0.000000347074
0x0f26,15,0.000000347074
0x0f28,15,0.000000347074
0x0f2b,12,0.000000277659
0x0f2c,12,0.000000277659
0x0f2d,12,0.000000277659
0x0f2f,12,0.000000277659
0x0f30,12,0.000000277659
0x0f38,6,0.000000138830
0x0f39,6,0.000000138830
0x0f3a,6,0.000000138830
0x0f3b,6,0.000000138830
0x0f3d,6,0.000000138830
0x0f3e,3,0.000000069415
0x0f40,3,0.000000069415
0x0f41,3,0.000000069415
0x0f42,3,0.000000069415
0x0f43,3,0.000000069415
0x0f44,3,0.000000069415
0x0f45,3,0.000000069415
0x0f46,3,0.000000069415
0x0f49,3,0.000000069415
0x0f4c,3,0.000000069415
0x0f4d,3,0.000000069415
0x0f4e,3,0.000000069415
0x0f56,6247,0.000144544648
0x0f57,6247,0.000144544648
0x0f58,12747,0.000294943274
0x0f59,12747,0.000294943274
0x0f5b,12747,0.000294943274
0x0f5e,167,0.000003864088
0x0f60,167,0.000003864088
0x0f63,12744,0.000294873860
0x0f64,12744,0.000294873860
0x0f65,12744,0.000294873860
0x0f68,6244,0.000144475234
0x0f69,6244,0.000144475234
0x0f6a,6244,0.000144475234
0x0f6d,6244,0.000144475234
0x0f6e,6244,0.000144475234
0x0f71,3090,0.000071497193
0x0f74,32,0.000000740424
0x0f76,32,0.000000740424
0x0f77,32,0.000000740424
0x0f78,32,0.000000740424
0x0f79,32,0.000000740424
0x0f7c,32,0.000000740424
0x0f7d,32,0.000000740424
0x0f80,32,0.000000740424
0x0f83,32,0.000000740424
0x0fc0,8165,0.000188923812
0x0fc3,8165,0.000188923812
0x0fc6,8165,0.000188923812
0x0fc9,8165,0.000188923812
0x0fcc,8165,0.000188923812
0x0fcf,8165,0.000188923812
0x0fd2,8165,0.000188923812
0x0fd5,8165,0.000188923812
0x0fd8,16330,0.000377847624
0x0fd9,16330,0.000377847624
0x0fda,16330,0.000377847624
0x0fdb,860,0.000019898895
0x0fdc,860,0.000019898895
0x0fdd,860,0.000019898895
0x0fde,860,0.000019898895
0x0fdf,860,0.000019898895
0x0fe0,860,0.000019898895
0x0fe1,860,0.000019898895
0x0fe2,860,0.000019898895
0x0fe3,860,0.000019898895
0x0fe6,860,0.000019898895
0x0fe7,860,0.000019898895
0x0fe9,860,0.000019898895
0x0fea,860,0.000019898895
0x0fec,860,0.000019898895
0x0fed,860,0.000019898895
0x0fef,860,0.000019898895
0x0ff0,860,0.000019898895
0x0ff1,860,0.000019898895
0x0ff4,860,0.000019898895
0x14e0,1416,0.000032763762
0x14e1,1416,0.000032763762
0x14e4,1416,0.000032763762
0x14e6,1416,0.000032763762
0x17e0,14344,0.000331895060
0x17e3,14344,0.000331895060
0x17e5,14344,0.000331895060
0x17e8,14344,0.000331895060
0x1df0,897,0.000020755010
0x1df3,897,0.000020755010
0x1df5,897,0.000020755010
0x1ee0,528,0.000012216996
0x1ee3,528,0.000012216996
0x1ee6,13728,0.000317641898
0x1ee7,13728,0.000317641898
0x1ee8,13728,0.000317641898
0x1ee9,13728,0.000317641898
0x1eec,13728,0.000317641898
0x1eed,13728,0.000317641898
0x1ef0,528,0.000012216996
0x1ef1,528,0.000012216996
0x1ef2,528,0.000012216996
0x1ef4,528,0.000012216996
0x1ef7,528,0.000012216996
0x1ef8,528,0.000012216996
0x1ef9,528,0.000012216996
0x1efa,528,0.000012216996
0x2000,11361,0.000262873660
0x2003,11361,0.000262873660
0x2006,11361,0.000262873660
0x2009,11361,0.000262873660
0x200c,11361,0.000262873660
0x200d,11361,0.000262873660
0x200f,11361,0.000262873660
0x2010,11361,0.000262873660
0x2011,11361,0.000262873660
0x2014,11361,0.000262873660
0x2015,11361,0.000262873660
0x2018,11169,0.000258431116
0x201a,11169,0.000258431116
0x201d,1194,0.000027627071
0x201e,1194,0.000027627071
0x201f,1194,0.000027627071
0x2020,1194,0.000027627071
0x2023,298,0.000006895199
0x2025,1194,0.000027627071
0x2026,1194,0.000027627071
0x2027,1194,0.000027627071
0x202a,1190,0.000027534518
0x2040,4540,0.000105047656
0x2043,4540,0.000105047656
0x2046,4540,0.000105047656
0x2047,4540,0.000105047656
0x2048,4540,0.000105047656
0x2049,39,0.000000902392
0x204a,39,0.000000902392
0x204b,39,0.000000902392
0x204c,39,0.000000902392
0x204d,39,0.000000902392
0x204e,39,0.000000902392
0x204f,39,0.000000902392
0x2050,39,0.000000902392
0x2051,39,0.000000902392
0x2052,39,0.000000902392
0x2055,39,0.000000902392
0x2057,39,0.000000902392
0x2058,39,0.000000902392
0x2059,39,0.000000902392
0x205a,39,0.000000902392
0x205c,39,0.000000902392
0x205d,39,0.000000902392
0x205e,39,0.000000902392
0x2060,39,0.000000902392
0x2061,39,0.000000902392
0x2062,39,0.000000902392
0x2063,39,0.000000902392
0x2064,39,0.000000902392
0x2065,39,0.000000902392
0x2066,39,0.000000902392
0x2068,39,0.000000902392
0x2069,39,0.000000902392
0x206a,39,0.000000902392
0x206b,39,0.000000902392
0x206c,39,0.000000902392
0x206d,39,0.000000902392
0x2070,192,0.000004442544
0x2071,192,0.000004442544
0x2073,192,0.000004442544
0x2075,192,0.000004442544
0x2076,192,0.000004442544
0x2077,192,0.000004442544
0x2079,192,0.000004442544
0x207a,192,0.000004442544
0x207b,192,0.000004442544
0x207e,192,0.000004442544
0x2081,192,0.000004442544
0x2085,192,0.000004442544
0x2087,192,0.000004442544
0x2088,192,0.000004442544
0x2089,192,0.000004442544
0x208a,192,0.000004442544
0x208c,192,0.000004442544
0x208d,192,0.000004442544
0x208f,192,0.000004442544
0x2090,192,0.000004442544
0x2091,288,0.000006663816
0x2093,288,0.000006663816
0x2094,288,0.000006663816
0x2096,288,0.000006663816
0x2097,288,0.000006663816
0x209a,96,0.000002221272
0x209b,96,0.000002221272
0x209c,96,0.000002221272
0x209d,96,0.000002221272
0x209f,96,0.000002221272
0x20a0,96,0.000002221272
0x20a1,96,0.000002221272
0x20a3,96,0.000002221272
0x20a4,96,0.000002221272
0x20a5,96,0.000002221272
0x20a7,96,0.000002221272
0x20a8,96,0.000002221272
0x20b0,192,0.000004442544
0x20b1,5952,0.000137718865
0x20b2,5952,0.000137718865
0x20b3,5952,0.000137718865
0x20b5,47616,0.001101750918
0x20b7,47616,0.001101750918
0x20b8,47616,0.001101750918
0x20bb,1830,0.000042342998
0x20bc,1830,0.000042342998
0x20bd,1830,0.000042342998
0x20be,1830,0.000042342998
0x20bf,47616,0.001101750918
0x20c0,47616,0.001101750918
0x20c1,47616,0.001101750918
0x20c2,47616,0.001101750918
0x20c5,5952,0.000137718865
0x20c6,5952,0.000137718865
0x20c7,5952,0.000137718865
0x20c8,5952,0.000137718865
0x20c9,5952,0.000137718865
0x20cc,2976,0.000068859432
0x20cd,2976,0.000068859432
0x20cf,2976,0.000068859432
0x20d2,2784,0.000064416888
0x20d3,2784,0.000064416888
0x20d4,2784,0.000064416888
0x20d6,2784,0.000064416888
0x20d7,2784,0.000064416888
0x20d8,2784,0.000064416888
0x20da,2784,0.000064416888
0x20db,2784,0.000064416888
0x20dc,2784,0.000064416888
0x20de,2784,0.000064416888
0x20e1,192,0.000004442544
0x20e2,192,0.000004442544
0x20e8,192,0.000004442544
0x20e9,192,0.000004442544
0x20ea,192,0.000004442544
0x20ec,192,0.000004442544
0x20ed,192,0.000004442544
0x20f0,192,0.000004442544
0x20f1,192,0.000004442544
0x20f2,192,0.000004442544
0x20f3,192,0.000004442544
0x20f4,192,0.000004442544
0x20f6,192,0.000004442544
0x20f7,192,0.000004442544
0x20f8,192,0.000004442544
0x20fa,192,0.000004442544
0x20fb,192,0.000004442544
0x20fc,192,0.000004442544
0x20fd,192,0.000004442544
0x20fe,192,0.000004442544
0x20ff,192,0.000004442544
0x2101,192,0.000004442544
0x2103,192,0.000004442544
0x2104,192,0.000004442544
0x2106,192,0.000004442544
0x2107,192,0.000004442544
0x2108,192,0.000004442544
0x2109,192,0.000004442544
0x210a,192,0.000004442544
0x210d,192,0.000004442544
0x211c,192,0.000004442544
0x211f,192,0.000004442544
0x2120,192,0.000004442544
0x2122,192,0.000004442544
0x2123,144,0.000003331908
0x2125,144,0.000003331908
0x2130,9979,0.000230896598
0x2131,9979,0.000230896598
0x2132,9979,0.000230896598
0x2135,7481,0.000173097249
0x2137,7481,0.000173097249
0x213a,4986,0.000115367315
0x213c,4986,0.000115367315
0x213f,2493,0.000057683658
0x2146,1190,0.000027534518
0x2147,1190,0.000027534518
0x2148,1190,0.000027534518
0x214b,595,0.000013767259
0x2150,2498,0.000057799349
0x2153,2498,0.000057799349
0x2156,2498,0.000057799349
0x2160,2495,0.000057729934
0x2163,2495,0.000057729934
0x2166,2495,0.000057729934
0x2169,2495,0.000057729934
0x2170,2493,0.000057683658
0x2173,2493,0.000057683658
0x2180,2493,0.000057683658
0x2183,2493,0.000057683658
0x2186,2493,0.000057683658
0x2189,2492,0.000057660519
0x2190,595,0.000013767259
0x2193,595,0.000013767259
0x2196,595,0.000013767259
0x2199,595,0.000013767259
0x219c,595,0.000013767259
0x21a5,595,0.000013767259
0x21a8,595,0.000013767259
0x21ab,595,0.000013767259
0x21ae,595,0.000013767259
0x21b1,595,0.000013767259
0x21ba,192,0.000004442544
0x21bb,192,0.000004442544
0x21bc,192,0.000004442544
0x21bf,96,0.000002221272
0x21c2,96,0.000002221272
0x21c5,96,0.000002221272
0x21c8,96,0.000002221272
0x21cb,96,0.000002221272
0x21cd,96,0.000002221272
0x21cf,96,0.000002221272
0x21dc,528,0.000012216996
0x21dd,528,0.000012216996
0x21de,528,0.000012216996
0x21df,528,0.000012216996
0x21e2,528,0.000012216996
0x21e4,528,0.000012216996
0x21e5,528,0.000012216996
0x21e6,528,0.000012216996
0x21e8,528,0.000012216996
0x21e9,528,0.000012216996
0x21eb,528,0.000012216996
0x21ec,528,0.000012216996
0x21ed,528,0.000012216996
0x21ef,528,0.000012216996
0x21f0,528,0.000012216996
0x21f1,528,0.000012216996
0x21f2,528,0.000012216996
0x21f4,528,0.000012216996
0x21f5,528,0.000012216996
0x21f7,528,0.000012216996
0x21f8,528,0.000012216996
0x21f9,528,0.000012216996
0x21fc,528,0.000012216996
0x2204,384,0.000008885088
0x2207,384,0.000008885088
0x2208,384,0.000008885088
0x2209,384,0.000008885088
0x220b,384,0.000008885088
0x220c,4,0.000000092553
0x220e,4,0.000000092553
0x2210,4,0.000000092553
0x2212,4,0.000000092553
0x2214,4,0.000000092553
0x2216,4,0.000000092553
0x2217,4,0.000000092553
0x2218,4,0.000000092553
0x221a,4,0.000000092553
0x221b,4,0.000000092553
0x221d,4,0.000000092553
0x221e,4,0.000000092553
0x2220,4,0.000000092553
0x2221,4,0.000000092553
0x2222,4,0.000000092553
0x2223,4,0.000000092553
0x2224,4,0.000000092553
0x2227,2,0.000000046277
0x2228,2,0.000000046277
0x222a,4,0.000000092553
0x222b,4,0.000000092553
0x2230,495,0.000011453434
0x2233,495,0.000011453434
0x2234,495,0.000011453434
0x2235,495,0.000011453434
0x2236,495,0.000011453434
0x2237,495,0.000011453434
0x2239,495,0.000011453434
0x223b,495,0.000011453434
0x223e,477,0.000011036945
0x2240,477,0.000011036945
0x2243,243,0.000005622595
0x2245,243,0.000005622595
0x2247,243,0.000005622595
0x2249,243,0.000005622595
0x224c,9,0.000000208244
0x224f,9,0.000000208244
0x2250,9,0.000000208244
0x2252,9,0.000000208244
0x2254,9,0.000000208244
0x2260,468,0.000010828701
0x2261,468,0.000010828701
0x2262,468,0.000010828701
0x2263,468,0.000010828701
0x2264,468,0.000010828701
0x2265,468,0.000010828701
0x2267,468,0.000010828701
0x2268,468,0.000010828701
0x2269,468,0.000010828701
0x226b,468,0.000010828701
0x226d,468,0.000010828701
0x226e,468,0.000010828701
0x226f,468,0.000010828701
0x2271,468,0.000010828701
0x2272,468,0.000010828701
0x2273,468,0.000010828701
0x2274,468,0.000010828701
0x2275,468,0.000010828701
0x2276,468,0.000010828701
0x2277,468,0.000010828701
0x2278,468,0.000010828701
0x2279,468,0.000010828701
0x227a,6552,0.000151601815
0x227b,58968,0.001364416333
0x227c,58968,0.001364416333
0x227d,58968,0.001364416333
0x227e,58968,0.001364416333
0x227f,58968,0.001364416333
0x2280,58968,0.001364416333
0x2283,6552,0.000151601815
0x2284,6552,0.000151601815
0x2285,6552,0.000151601815
0x2286,6552,0.000151601815
0x2288,6552,0.000151601815
0x2289,6552,0.000151601815
0x228a,6552,0.000151601815
0x228c,6552,0.000151601815
0x228d,6552,0.000151601815
0x228e,6552,0.000151601815
0x2291,468,0.000010828701
0x2292,18,0.000000416489
0x2295,18,0.000000416489
0x2296,18,0.000000416489
0x2298,18,0.000000416489
0x229b,8,0.000000185106
0x229e,8,0.000000185106
0x22a1,8,0.000000185106
0x22a3,3328,0.000077004096
0x22a4,3328,0.000077004096
0x22a5,3328,0.000077004096
0x22a6,3328,0.000077004096
0x22a7,3328,0.000077004096
0x22a8,3328,0.000077004096
0x22a9,3328,0.000077004096
0x22aa,3328,0.000077004096
0x22ab,3328,0.000077004096
0x22ac,3328,0.000077004096
0x22ad,3328,0.000077004096
0x22b0,8,0.000000185106
0x22b4,288,0.000006663816
0x22b7,288,0.000006663816
0x22ba,288,0.000006663816
0x22bb,288,0.000006663816
0x22bc,288,0.000006663816
0x22be,288,0.000006663816
0x22c1,4,0.000000092553
0x22c3,4,0.000000092553
0x22c5,4,0.000000092553
0x22ca,196,0.000004535097
0x22cd,196,0.000004535097
0x22ce,196,0.000004535097
0x22d0,196,0.000004535097
0x22d3,4,0.000000092553
0x22d5,4,0.000000092553
0x22d7,4,0.000000092553
0x22d9,4,0.000000092553
0x22db,4,0.000000092553
0x22dd,4,0.000000092553
0x22e0,8,0.000000185106
0x22e2,18,0.000000416489
0x22e5,18,0.000000416489
0x22e8,18,0.000000416489
0x22f0,10,0.000000231383
0x22f3,10,0.000000231383
0x22f4,10,0.000000231383
0x22fa,843,0.000019505545
0x22fd,843,0.000019505545
0x22ff,843,0.000019505545
0x2302,843,0.000019505545
0x2303,15174,0.000351099807
0x2304,15174,0.000351099807
0x2306,15174,0.000351099807
0x2307,15174,0.000351099807
0x2308,15174,0.000351099807
0x2309,15174,0.000351099807
0x230a,15174,0.000351099807
0x230b,15174,0.000351099807
0x230d,15174,0.000351099807
0x230e,15174,0.000351099807
0x230f,15174,0.000351099807
0x2310,15174,0.000351099807
0x2312,15174,0.000351099807
0x2313,15174,0.000351099807
0x2314,15174,0.000351099807
0x2316,15174,0.000351099807
0x2317,15174,0.000351099807
0x231a,1686,0.000039011090
0x231b,15174,0.000351099807
0x231c,15174,0.000351099807
0x231f,843,0.000019505545
0x2322,2532,0.000058586049
0x2325,2532,0.000058586049
0x2326,2532,0.000058586049
0x2327,2532,0.000058586049
0x2329,2532,0.000058586049
0x232a,2532,0.000058586049
0x232b,2532,0.000058586049
0x232c,2532,0.000058586049
0x232e,2532,0.000058586049
0x232f,2532,0.000058586049
0x2331,2532,0.000058586049
0x2334,2532,0.000058586049
0x2337,2532,0.000058586049
0x2351,6750,0.000156183188
0x2352,6750,0.000156183188
0x2354,6750,0.000156183188
0x2355,1387,0.000032092753
0x2356,1387,0.000032092753
0x2357,1387,0.000032092753
0x2358,1387,0.000032092753
0x235a,1387,0.000032092753
0x235b,1387,0.000032092753
0x235e,1387,0.000032092753
0x235f,1387,0.000032092753
0x2360,1387,0.000032092753
0x2361,1387,0.000032092753
0x2362,1387,0.000032092753
0x2364,1387,0.000032092753
0x2365,1387,0.000032092753
0x2366,1387,0.000032092753
0x2368,1387,0.000032092753
0x2369,1387,0.000032092753
0x236a,1387,0.000032092753
0x236b,1387,0.000032092753
0x236c,1387,0.000032092753
0x236e,1387,0.000032092753
0x2370,1387,0.000032092753
0x2373,1265,0.000029269886
0x2375,1265,0.000029269886
0x2377,1265,0.000029269886
0x237a,1265,0.000029269886
0x237b,122,0.000002822867
0x237c,122,0.000002822867
0x237e,122,0.000002822867
0x237f,122,0.000002822867
0x2381,122,0.000002822867
0x2384,122,0.000002822867
0x2385,122,0.000002822867
0x2386,122,0.000002822867
0x2387,122,0.000002822867
0x2389,122,0.000002822867
0x238a,34,0.000000786701
0x238c,34,0.000000786701
0x238d,34,0.000000786701
0x238e,34,0.000000786701
0x2390,34,0.000000786701
0x2391,30,0.000000694148
0x2393,30,0.000000694148
0x23d6,8656,0.000200284693
0x23d9,8656,0.000200284693
0x23da,8656,0.000200284693
0x23dc,8656,0.000200284693
0x23de,8656,0.000200284693
0x23e1,6588,0.000152434792
0x23e3,6588,0.000152434792
0x23e6,5308,0.000122817832
0x23e8,5308,0.000122817832
0x23eb,4052,0.000093756189
0x23ed,4052,0.000093756189
0x23f0,2976,0.000068859432
0x23f2,2976,0.000068859432
0x23f3,2651,0.000061339501
0x23f5,2651,0.000061339501
0x23f8,2530,0.000058539773
0x23fb,2530,0.000058539773
0x2476,59,0.000001365157
0x2477,59,0.000001365157
0x2478,59,0.000001365157
0x247b,59,0.000001365157
0x247d,59,0.000001365157
0x247e,59,0.000001365157
0x2481,59,0.000001365157
0x2483,59,0.000001365157
0x2484,59,0.000001365157
0x2485,59,0.000001365157
0x2487,59,0.000001365157
0x2488,59,0.000001365157
0x2489,59,0.000001365157
0x248a,59,0.000001365157
0x248c,59,0.000001365157
0x248d,59,0.000001365157
0x248f,59,0.000001365157
0x2490,59,0.000001365157
0x2493,59,0.000001365157
0x2495,59,0.000001365157
0x2496,59,0.000001365157
0x2497,59,0.000001365157
0x2498,53,0.000001226327
0x2499,53,0.000001226327
0x249a,53,0.000001226327
0x249b,38,0.000000879254
0x249c,38,0.000000879254
0x249d,38,0.000000879254
0x249e,22,0.000000509042
0x249f,22,0.000000509042
0x24a0,11361,0.000262873660
0x24a3,11361,0.000262873660
0x24a5,11361,0.000262873660
0x24a7,11361,0.000262873660
0x24a8,6750,0.000156183188
0x24ab,6750,0.000156183188
0x24ae,6750,0.000156183188
0x24b1,6750,0.000156183188
0x24b4,6750,0.000156183188
0x24b6,6750,0.000156183188
0x24b8,6750,0.000156183188
0x24b9,1687,0.000039034228
0x24c4,5679,0.000131402122
0x24c7,5679,0.000131402122
0x24c9,5679,0.000131402122
0x24cb,5679,0.000131402122
0x24ce,3375,0.000078091594
0x24d1,3375,0.000078091594
0x24d4,3375,0.000078091594
0x24d5,3375,0.000078091594
0x24d6,3375,0.000078091594
0x24d8,3375,0.000078091594
0x24db,2532,0.000058586049
0x24e0,3375,0.000078091594
0x24e3,3375,0.000078091594
0x24e5,3375,0.000078091594
0x24e6,211,0.000004882171
0x24e9,211,0.000004882171
0x24eb,211,0.000004882171
0x24ec,211,0.000004882171
0x24f2,1687,0.000039034228
0x24f5,1687,0.000039034228
0x24f7,1687,0.000039034228
0x24f8,1687,0.000039034228
0x24f9,1687,0.000039034228
0x24fc,1687,0.000039034228
0x24fe,1687,0.000039034228
0x24ff,1687,0.000039034228
0x2500,489,0.000011314604
0x2503,489,0.000011314604
0x2504,489,0.000011314604
0x2505,387,0.000008954503
0x2508,387,0.000008954503
0x2509,387,0.000008954503
0x250a,84,0.000001943613
0x250b,84,0.000001943613
0x250d,84,0.000001943613
0x250e,84,0.000001943613
0x2511,84,0.000001943613
0x2512,84,0.000001943613
0x2513,84,0.000001943613
0x2515,84,0.000001943613
0x2517,84,0.000001943613
0x2518,84,0.000001943613
0x2519,84,0.000001943613
0x251a,84,0.000001943613
0x2560,3088,0.000071450916
0x2563,3088,0.000071450916
0x2564,3088,0.000071450916
0x2566,3088,0.000071450916
0x2567,3088,0.000071450916
0x2568,3088,0.000071450916
0x2569,3088,0.000071450916
0x256a,3088,0.000071450916
0x256b,3088,0.000071450916
0x256d,3088,0.000071450916
0x256e,3088,0.000071450916
0x2570,3088,0.000071450916
0x2572,3088,0.000071450916
0x2575,3088,0.000071450916
0x2576,3088,0.000071450916
0x2577,3088,0.000071450916
0x2578,3088,0.000071450916
0x2579,3088,0.000071450916
0x257b,3088,0.000071450916
0x257c,3088,0.000071450916
0x257f,3088,0.000071450916
0x2581,3088,0.000071450916
0x2582,3088,0.000071450916
0x2585,3088,0.000071450916
0x2587,3088,0.000071450916
0x2588,24519,0.000567326755
0x2589,24519,0.000567326755
0x258c,24457,0.000565892183
0x258d,24457,0.000565892183
0x258e,24457,0.000565892183
0x2590,24457,0.000565892183
0x2591,24457,0.000565892183
0x2592,24457,0.000565892183
0x2595,3026,0.000070016345
0x2596,24519,0.000567326755
0x2597,24519,0.000567326755
0x2599,24519,0.000567326755
0x259a,17252,0.000399181091
0x259b,17252,0.000399181091
0x259c,17252,0.000399181091
0x259e,17252,0.000399181091
0x259f,17252,0.000399181091
0x25a1,17252,0.000399181091
0x25a2,16104,0.000372618380
0x25a3,16104,0.000372618380
0x25a4,16104,0.000372618380
0x25a5,16104,0.000372618380
0x25a6,10260,0.000237398446
0x25a7,10260,0.000237398446
0x25a8,2389,0.000055277280
0x25a9,2389,0.000055277280
0x25aa,2389,0.000055277280
0x25ab,2389,0.000055277280
0x25ac,2340,0.000054143505
0x25ae,2340,0.000054143505
0x25af,62,0.000001434572
0x25b0,62,0.000001434572
0x25b1,62,0.000001434572
0x25b2,62,0.000001434572
0x25b3,62,0.000001434572
0x25b4,62,0.000001434572
0x25b5,62,0.000001434572
0x25b6,62,0.000001434572
0x25b7,351,0.000008121526
0x25ba,351,0.000008121526
0x25bc,351,0.000008121526
0x25be,351,0.000008121526
0x25ca,351,0.000008121526
0x25cd,851,0.000019690651
0x25ce,851,0.000019690651
0x25d0,851,0.000019690651
0x25d3,678,0.000015687734
0x25d4,678,0.000015687734
0x25d6,678,0.000015687734
0x25d7,678,0.000015687734
0x25d8,678,0.000015687734
0x25db,178,0.000004118609
0x25dc,178,0.000004118609
0x25dd,178,0.000004118609
0x25e0,173,0.000004002917
0x25e1,173,0.000004002917
0x25e3,173,0.000004002917
0x25e4,173,0.000004002917
0x25e5,173,0.000004002917
0x25e7,173,0.000004002917
0x25e8,173,0.000004002917
0x25ea,173,0.000004002917
0x25eb,173,0.000004002917
0x25ec,173,0.000004002917
0x25ed,173,0.000004002917
0x25ef,173,0.000004002917
0x25f0,173,0.000004002917
0x25f1,173,0.000004002917
0x25f3,173,0.000004002917
0x25f4,173,0.000004002917
0x25f6,173,0.000004002917
0x25f7,173,0.000004002917
0x25f8,173,0.000004002917
0x25f9,173,0.000004002917
0x25fa,173,0.000004002917
0x25fb,173,0.000004002917
0x25fc,173,0.000004002917
0x25fd,173,0.000004002917
0x2600,4228,0.000097828522
0x2601,4228,0.000097828522
0x2602,4228,0.000097828522
0x2603,4228,0.000097828522
0x2604,4228,0.000097828522
0x2605,4228,0.000097828522
0x2608,4228,0.000097828522
0x2609,4228,0.000097828522
0x260a,4228,0.000097828522
0x260b,4228,0.000097828522
0x260c,4228,0.000097828522
0x260e,4228,0.000097828522
0x2611,4228,0.000097828522
0x2612,4228,0.000097828522
0x2613,4228,0.000097828522
0x2616,4228,0.000097828522
0x2617,4228,0.000097828522
0x261a,2323,0.000053750155
0x261d,2323,0.000053750155
0x261e,2323,0.000053750155
0x2620,2323,0.000053750155
0x2621,2323,0.000053750155
0x2624,2323,0.000053750155
0x2625,2323,0.000053750155
0x2626,2323,0.000053750155
0x2628,2323,0.000053750155
0x2629,2323,0.000053750155
0x262b,2323,0.000053750155
0x262c,2323,0.000053750155
0x262e,2323,0.000053750155
0x262f,2323,0.000053750155
0x2630,2323,0.000053750155
0x2631,2323,0.000053750155
0x2633,2323,0.000053750155
0x2634,2323,0.000053750155
0x2635,2323,0.000053750155
0x2638,2323,0.000053750155
0x2639,4228,0.000097828522
0x263c,4228,0.000097828522
0x263f,4228,0.000097828522
0x2642,4228,0.000097828522
0x2643,4228,0.000097828522
0x2646,2114,0.000048914261
0x2649,2114,0.000048914261
0x2650,1905,0.000044078366
0x2651,1905,0.000044078366
0x2654,1905,0.000044078366
0x2655,1905,0.000044078366
0x2656,1905,0.000044078366
0x2658,1905,0.000044078366
0x2659,1905,0.000044078366
0x265b,1905,0.000044078366
0x265c,1905,0.000044078366
0x265e,1905,0.000044078366
0x2661,1905,0.000044078366
0x2662,1905,0.000044078366
0x2668,2114,0.000048914261
0x266b,2114,0.000048914261
0x266c,2114,0.000048914261
0x266d,2114,0.000048914261
0x2670,2114,0.000048914261
0x2672,2114,0.000048914261
0x2676,2114,0.000048914261
0x2678,2114,0.000048914261
0x267c,2114,0.000048914261
0x267f,2114,0.000048914261
0x2681,2114,0.000048914261
0x2684,2114,0.000048914261
0x2685,2114,0.000048914261
0x2688,2114,0.000048914261
0x268a,2114,0.000048914261
0x268b,2114,0.000048914261
0x268d,2114,0.000048914261
0x268e,2114,0.000048914261
0x268f,2114,0.000048914261
0x2692,2108,0.000048775431
0x2693,2114,0.000048914261
0x2694,2114,0.000048914261
0x2697,2114,0.000048914261
0x2699,2114,0.000048914261
0x269c,678,0.000015687734
0x269d,2114,0.000048914261
0x269f,2114,0.000048914261
0x26a2,306,0.000007080305
0x26a3,2114,0.000048914261
0x26a4,2114,0.000048914261
0x26a7,2114,0.000048914261
0x26aa,2114,0.000048914261
0x26ad,2114,0.000048914261
0x26ae,2114,0.000048914261
0x26af,2114,0.000048914261
0x26b0,2114,0.000048914261
0x26b1,361,0.000008352908
0x26b2,361,0.000008352908
0x26b4,361,0.000008352908
0x26b5,361,0.000008352908
0x26b7,361,0.000008352908
0x26b8,361,0.000008352908
0x26ba,361,0.000008352908
0x26bb,59,0.000001365157
0x26bc,59,0.000001365157
0x26bd,59,0.000001365157
0x26be,59,0.000001365157
0x26bf,59,0.000001365157
0x26c2,59,0.000001365157
0x26c4,59,0.000001365157
0x26c6,59,0.000001365157
0x26c7,59,0.000001365157
0x26c8,59,0.000001365157
0x26ca,59,0.000001365157
0x26cb,59,0.000001365157
0x26cc,59,0.000001365157
0x26d0,2114,0.000048914261
0x26d3,2114,0.000048914261
0x26d6,2114,0.000048914261
0x26d9,16912,0.000391314086
0x26da,16912,0.000391314086
0x26db,16912,0.000391314086
0x26de,10270,0.000237629829
0x26df,10270,0.000237629829
0x26e0,10270,0.000237629829
0x26e3,1922,0.000044471717
0x26e4,10270,0.000237629829
0x26e5,16912,0.000391314086
0x26e6,16912,0.000391314086
0x26e7,16912,0.000391314086
0x26e8,16912,0.000391314086
0x26e9,16912,0.000391314086
0x26eb,16912,0.000391314086
0x26ee,2114,0.000048914261
0x26f1,2114,0.000048914261
0x26f2,2114,0.000048914261
0x26f3,2114,0.000048914261
0x26f5,2114,0.000048914261
0x26f8,2114,0.000048914261
0x26f9,2114,0.000048914261
0x26fa,2114,0.000048914261
0x26fd,2114,0.000048914261
0x2700,9954,0.000230318142
0x2703,9954,0.000230318142
0x2704,9954,0.000230318142
0x2705,9954,0.000230318142
0x2706,9953,0.000230295003
0x2707,9953,0.000230295003
0x2708,9953,0.000230295003
0x270a,9953,0.000230295003
0x270b,9953,0.000230295003
0x270c,9953,0.000230295003
0x270e,9953,0.000230295003
0x270f,9953,0.000230295003
0x2711,9953,0.000230295003
0x2714,9953,0.000230295003
0x2717,39812,0.000921180014
0x271a,39812,0.000921180014
0x271b,39812,0.000921180014
0x271c,39812,0.000921180014
0x271d,39812,0.000921180014
0x271e,39812,0.000921180014
0x2720,39812,0.000921180014
0x2723,9953,0.000230295003
0x2725,9953,0.000230295003
0x2728,9953,0.000230295003
0x272a,9953,0.000230295003
0x2739,9953,0.000230295003
0x273c,9953,0.000230295003
0x273d,9953,0.000230295003
0x2740,9953,0.000230295003
0x2743,9953,0.000230295003
0x2748,39812,0.000921180014
0x2749,39812,0.000921180014
0x274a,39812,0.000921180014
0x274c,39812,0.000921180014
0x274d,111,0.000002568346
0x274e,111,0.000002568346
0x274f,111,0.000002568346
0x2750,55,0.000001272604
0x2751,55,0.000001272604
0x2752,55,0.000001272604
0x2753,55,0.000001272604
0x2754,55,0.000001272604
0x2755,55,0.000001272604
0x2757,55,0.000001272604
0x2758,55,0.000001272604
0x2759,55,0.000001272604
0x275b,55,0.000001272604
0x275c,55,0.000001272604
0x275f,55,0.000001272604
0x2760,55,0.000001272604
0x2761,55,0.000001272604
0x2764,55,0.000001272604
0x2768,55,0.000001272604
0x2769,55,0.000001272604
0x276c,55,0.000001272604
0x276e,55,0.000001272604
0x2771,55,0.000001272604
0x2772,55,0.000001272604
0x2778,55,0.000001272604
0x277b,55,0.000001272604
0x277c,55,0.000001272604
0x277f,55,0.000001272604
0x2780,55,0.000001272604
0x2781,55,0.000001272604
0x2782,55,0.000001272604
0x2783,55,0.000001272604
0x2784,55,0.000001272604
0x2785,55,0.000001272604
0x2786,55,0.000001272604
0x2789,55,0.000001272604
0x278a,1,0.000000023138
0x278d,1,0.000000023138
0x278f,1,0.000000023138
0x2790,1,0.000000023138
0x2791,1,0.000000023138
0x2794,1,0.000000023138
0x2796,1,0.000000023138
0x2799,1,0.000000023138
0x279b,1,0.000000023138
0x279c,1,0.000000023138
0x279e,1,0.000000023138
0x279f,1,0.000000023138
0x27a0,1,0.000000023138
0x27a1,1,0.000000023138
0x27a2,1,0.000000023138
0x27a3,1,0.000000023138
0x27a4,1,0.000000023138
0x27a8,9953,0.000230295003
0x27ab,9953,0.000230295003
0x27ac,9953,0.000230295003
0x27af,9953,0.000230295003
0x27b0,9953,0.000230295003
0x27b1,9953,0.000230295003
0x27b4,9953,0.000230295003
0x27b6,9953,0.000230295003
0x27b7,9953,0.000230295003
0x27b8,9953,0.000230295003
0x27ba,9953,0.000230295003
0x27bd,9569,0.000221409915
0x27c0,9569,0.000221409915
0x27c1,9569,0.000221409915
0x27c2,9569,0.000221409915
0x27c5,9505,0.000219929067
0x27c7,9505,0.000219929067
0x27c8,9505,0.000219929067
0x27c9,9505,0.000219929067
0x27ca,4826,0.000111665195
0x27cc,4826,0.000111665195
0x27cf,4631,0.000107153236
0x27d0,4631,0.000107153236
0x27d2,4631,0.000107153236
0x27d3,4631,0.000107153236
0x27d5,4631,0.000107153236
0x27d6,4631,0.000107153236
0x27d8,195,0.000004511959
0x27da,195,0.000004511959
0x27dc,195,0.000004511959
0x27dd,195,0.000004511959
0x27df,195,0.000004511959
0x27e0,195,0.000004511959
0x27e2,64,0.000001480848
0x27e4,64,0.000001480848
0x27e9,64,0.000001480848
0x27ea,64,0.000001480848
0x27ec,64,0.000001480848
0x27ee,64,0.000001480848
0x3000,3093,0.000071566608
0x3003,3093,0.000071566608
0x3004,3093,0.000071566608
0x3005,3093,0.000071566608
0x3007,3093,0.000071566608
0x300a,3093,0.000071566608
0x300b,3093,0.000071566608
0x300c,3093,0.000071566608
0x300d,3093,0.000071566608
0x300e,3093,0.000071566608
0x300f,3093,0.000071566608
0x3010,3093,0.000071566608
0x3011,3093,0.000071566608
0x3012,382,0.000008838812
0x3028,391,0.000009047056
0x302b,391,0.000009047056
0x302c,391,0.000009047056
0x302e,391,0.000009047056
0x302f,391,0.000009047056
0x3031,391,0.000009047056
0x3032,391,0.000009047056
0x3034,391,0.000009047056
0x3035,318,0.000007357964
0x3037,318,0.000007357964
0x3038,318,0.000007357964
0x3039,318,0.000007357964
0x303c,303,0.000007010890
0x303d,303,0.000007010890
0x303e,4,0.000000092553
0x303f,4,0.000000092553
0x3040,4,0.000000092553
0x3042,4,0.000000092553
0x3044,4,0.000000092553
0x3046,4,0.000000092553
0x3048,4,0.000000092553
0x3049,4,0.000000092553
0x304b,4,0.000000092553
0x304d,4,0.000000092553
0x304f,4,0.000000092553
0x3050,4,0.000000092553
0x3052,4,0.000000092553
0x3055,4,0.000000092553
0x3056,4,0.000000092553
0x3057,2,0.000000046277
0x3059,2,0.000000046277
0x305c,15,0.000000347074
0x305f,15,0.000000347074
0x3062,15,0.000000347074
0x3063,15,0.000000347074
0x3064,15,0.000000347074
0x3065,15,0.000000347074
0x3066,15,0.000000347074
0x3067,15,0.000000347074
0x3068,15,0.000000347074
0x306a,15,0.000000347074
0x306c,15,0.000000347074
0x306d,15,0.000000347074
0x3074,73,0.000001689092
0x3077,73,0.000001689092
0x3078,73,0.000001689092
0x3079,73,0.000001689092
0x307a,73,0.000001689092
0x307c,73,0.000001689092
0x307d,73,0.000001689092
0x307f,73,0.000001689092
0x3080,73,0.000001689092
0x3081,73,0.000001689092
0x3082,73,0.000001689092
0x3084,73,0.000001689092
0x3089,73,0.000001689092
0x308a,73,0.000001689092
0x308b,73,0.000001689092
0x308c,73,0.000001689092
0x308d,73,0.000001689092
0x308f,73,0.000001689092
0x3090,73,0.000001689092
0x3092,73,0.000001689092
0x3093,73,0.000001689092
0x3094,73,0.000001689092
0x3095,73,0.000001689092
0x3098,73,0.000001689092
0x309a,73,0.000001689092
0x309d,5,0.000000115691
0x309f,73,0.000001689092
0x30a0,73,0.000001689092
0x30a1,73,0.000001689092
0x30a4,73,0.000001689092
0x30a6,73,0.000001689092
0x30a7,73,0.000001689092
0x30a8,73,0.000001689092
0x30aa,5810,0.000134433233
0x30ad,5810,0.000134433233
0x30ae,5810,0.000134433233
0x30af,5810,0.000134433233
0x30b0,5810,0.000134433233
0x30b1,5810,0.000134433233
0x30b3,5810,0.000134433233
0x30b5,5810,0.000134433233
0x30b6,5810,0.000134433233
0x30b8,5810,0.000134433233
0x30ba,387,0.000008954503
0x30bd,387,0.000008954503
0x30c0,387,0.000008954503
0x30c3,387,0.000008954503
0x30c6,387,0.000008954503
0x30c8,387,0.000008954503
0x30c9,387,0.000008954503
0x30ca,387,0.000008954503
0x30cb,250,0.000005784563
0x30cd,250,0.000005784563
0x30ce,250,0.000005784563
0x30cf,250,0.000005784563
0x30d2,192,0.000004442544
0x30d3,192,0.000004442544
0x30d4,49,0.000001133774
0x30d6,49,0.000001133774
0x30d8,49,0.000001133774
0x30da,1161,0.000026863508
0x30db,1161,0.000026863508
0x30dc,1161,0.000026863508
0x30dd,1161,0.000026863508
0x30de,547,0.000012656623
0x30df,547,0.000012656623
0x30e4,58,0.000001342019
0x30e7,58,0.000001342019
0x30ea,58,0.000001342019
0x30eb,58,0.000001342019
0x30ed,58,0.000001342019
0x30f2,58,0.000001342019
0x30f3,58,0.000001342019
0x30f5,58,0.000001342019
0x30f6,58,0.000001342019
0x30f7,58,0.000001342019
0x30f8,58,0.000001342019
0x30fa,58,0.000001342019
0x30fc,58,0.000001342019
0x30ff,58,0.000001342019
0x3102,58,0.000001342019
0x3105,58,0.000001342019
0x3106,58,0.000001342019
0x3107,58,0.000001342019
0x3108,58,0.000001342019
0x310a,58,0.000001342019
0x310c,58,0.000001342019
0x310e,58,0.000001342019
0x310f,58,0.000001342019
0x3112,174,0.000004026056
0x3113,174,0.000004026056
0x3114,174,0.000004026056
0x3115,174,0.000004026056
0x3116,106,0.000002452655
0x3117,106,0.000002452655
0x3118,106,0.000002452655
0x311a,106,0.000002452655
0x311b,106,0.000002452655
0x311c,106,0.000002452655
0x311d,106,0.000002452655
0x311e,58,0.000001342019
0x311f,58,0.000001342019
0x3121,58,0.000001342019
0x3124,387,0.000008954503
0x3127,387,0.000008954503
0x3128,387,0.000008954503
0x312a,387,0.000008954503
0x312b,49,0.000001133774
0x312d,49,0.000001133774
0x312f,49,0.000001133774
0x3130,49,0.000001133774
0x3131,49,0.000001133774
0x3132,49,0.000001133774
0x3134,49,0.000001133774
0x3136,49,0.000001133774
0x3138,49,0.000001133774
0x313d,49,0.000001133774
0x313f,49,0.000001133774
0x3140,49,0.000001133774
0x3141,49,0.000001133774
0x3144,49,0.000001133774
0x3145,49,0.000001133774
0x3146,49,0.000001133774
0x3149,37,0.000000856115
0x314b,49,0.000001133774
0x314d,49,0.000001133774
0x314e,49,0.000001133774
0x315a,387,0.000008954503
0x315d,387,0.000008954503
0x315e,387,0.000008954503
0x3160,387,0.000008954503
0x3161,109,0.000002522069
0x3164,109,0.000002522069
0x3165,109,0.000002522069
0x3166,109,0.000002522069
0x3167,109,0.000002522069
0x3169,109,0.000002522069
0x316a,109,0.000002522069
0x316c,109,0.000002522069
0x316d,109,0.000002522069
0x316e,109,0.000002522069
0x316f,109,0.000002522069
0x3171,109,0.000002522069
0x3172,109,0.000002522069
0x3174,109,0.000002522069
0x3176,109,0.000002522069
0x3177,109,0.000002522069
0x3178,109,0.000002522069
0x3179,1085,0.000025105001
0x317c,1036,0.000023971227
0x317d,1036,0.000023971227
0x317e,1036,0.000023971227
0x317f,1036,0.000023971227
0x3180,1036,0.000023971227
0x3181,1036,0.000023971227
0x3182,1036,0.000023971227
0x3183,1036,0.000023971227
0x3186,64,0.000001480848
0x3188,64,0.000001480848
0x318a,1036,0.000023971227
0x318b,1036,0.000023971227
0x318e,60,0.000001388295
0x3192,1085,0.000025105001
0x3193,1085,0.000025105001
0x3195,1085,0.000025105001
0x3196,725,0.000016775231
0x3199,725,0.000016775231
0x319a,725,0.000016775231
0x319b,49,0.000001133774
0x319e,49,0.000001133774
0x319f,49,0.000001133774
0x31a0,49,0.000001133774
0x31a1,49,0.000001133774
0x31a2,49,0.000001133774
0x31a3,49,0.000001133774
0x31a4,49,0.000001133774
0x31a7,49,0.000001133774
0x31a9,49,0.000001133774
0x31ac,49,0.000001133774
0x31ad,49,0.000001133774
0x31b4,384,0.000008885088
0x31b7,384,0.000008885088
0x31b9,384,0.000008885088
0x31ba,47,0.000001087498
0x31bd,47,0.000001087498
0x31bf,47,0.000001087498
0x31c0,47,0.000001087498
0x31c2,47,0.000001087498
0x31c3,47,0.000001087498
0x31c5,47,0.000001087498
0x31c6,47,0.000001087498
0x31c7,47,0.000001087498
0x31c8,47,0.000001087498
0x31cb,47,0.000001087498
0x31cd,47,0.000001087498
0x31ce,47,0.000001087498
0x31d1,19,0.000000439627
0x31d2,19,0.000000439627
0x31d3,19,0.000000439627
0x31d4,19,0.000000439627
0x31d6,47,0.000001087498
0x31d7,47,0.000001087498
0x31d8,47,0.000001087498
0x31d9,47,0.000001087498
0x31da,47,0.000001087498
0x31dc,47,0.000001087498
0x31de,47,0.000001087498
0x31df,47,0.000001087498
0x31e1,47,0.000001087498
0x31e2,47,0.000001087498
0x31e3,47,0.000001087498
0x31e4,47,0.000001087498
0x31e5,47,0.000001087498
0x31e6,47,0.000001087498
0x31e7,47,0.000001087498
0x31e8,47,0.000001087498
0x31e9,47,0.000001087498
0x31ec,47,0.000001087498
0x31ed,47,0.000001087498
0x31f0,47,0.000001087498
0x31f1,47,0.000001087498
0x31f2,47,0.000001087498
0x31f4,47,0.000001087498
0x31f5,47,0.000001087498
0x31f7,47,0.000001087498
0x31f8,47,0.000001087498
0x31fb,47,0.000001087498
0x31fd,47,0.000001087498
0x31fe,47,0.000001087498
0x31ff,47,0.000001087498
0x3201,47,0.000001087498
0x3202,47,0.000001087498
0x3203,47,0.000001087498
0x3204,47,0.000001087498
0x3207,47,0.000001087498
0x3209,47,0.000001087498
0x320a,47,0.000001087498
0x320b,47,0.000001087498
0x320c,47,0.000001087498
0x320d,47,0.000001087498
0x3210,47,0.000001087498
0x3213,47,0.000001087498
0x3215,47,0.000001087498
0x3216,38,0.000000879254
0x3217,38,0.000000879254
0x3219,38,0.000000879254
0x321b,38,0.000000879254
0x321c,3,0.000000069415
0x321e,3,0.000000069415
0x3220,3,0.000000069415
0x322c,384,0.000008885088
0x322f,384,0.000008885088
0x3231,384,0.000008885088
0x3232,77,0.000001781645
0x3235,77,0.000001781645
0x3238,77,0.000001781645
0x323b,77,0.000001781645
0x323c,77,0.000001781645
0x323f,77,0.000001781645
0x3240,943,0.000021819370
0x3241,943,0.000021819370
0x3243,943,0.000021819370
0x3246,472,0.000010921254
0x3247,472,0.000010921254
0x3248,472,0.000010921254
0x3249,399,0.000009232162
0x324a,399,0.000009232162
0x324b,399,0.000009232162
0x324c,399,0.000009232162
0x324d,399,0.000009232162
0x324e,870,0.000020130278
0x324f,870,0.000020130278
0x3250,870,0.000020130278
0x3251,870,0.000020130278
0x3253,870,0.000020130278
0x3254,870,0.000020130278
0x3256,870,0.000020130278
0x3259,4,0.000000092553
0x325b,4,0.000000092553
0x325e,4,0.000000092553
0x3264,391,0.000009047056
0x3267,391,0.000009047056
0x3268,391,0.000009047056
0x326b,391,0.000009047056
0x326c,391,0.000009047056
0x326e,391,0.000009047056
0x326f,391,0.000009047056
0x3271,391,0.000009047056
0x3272,391,0.000009047056
0x3274,391,0.000009047056
0x3275,51,0.000001180051
0x3277,51,0.000001180051
0x3279,51,0.000001180051
0x327a,51,0.000001180051
0x327b,51,0.000001180051
0x327c,51,0.000001180051
0x327e,51,0.000001180051
0x3281,51,0.000001180051
0x3282,51,0.000001180051
0x3285,51,0.000001180051
0x3286,51,0.000001180051
0x3287,51,0.000001180051
0x3289,51,0.000001180051
0x328a,51,0.000001180051
0x328b,51,0.000001180051
0x328d,51,0.000001180051
0x328e,51,0.000001180051
0x328f,131,0.000003031111
0x3290,131,0.000003031111
0x3291,131,0.000003031111
0x3292,131,0.000003031111
0x3295,124,0.000002869143
0x3296,124,0.000002869143
0x3297,124,0.000002869143
0x329a,108,0.000002498931
0x329b,108,0.000002498931
0x329e,108,0.000002498931
0x329f,108,0.000002498931
0x32a0,108,0.000002498931
0x32a3,108,0.000002498931
0x32a4,131,0.000003031111
0x32a5,131,0.000003031111
0x32a6,131,0.000003031111
0x32a9,4,0.000000092553
0x32ab,131,0.000003031111
0x32ac,131,0.000003031111
0x32af,51,0.000001180051
0x32b0,39,0.000000902392
0x32b3,39,0.000000902392
0x32b5,39,0.000000902392
0x32b8,39,0.000000902392
0x32ba,39,0.000000902392
0x32bc,39,0.000000902392
0x32bf,39,0.000000902392
0x32c2,39,0.000000902392
0x32c3,39,0.000000902392
0x32c4,11,0.000000254521
0x32c5,11,0.000000254521
0x32c6,11,0.000000254521
0x32c7,11,0.000000254521
0x32c8,11,0.000000254521
0x32cb,11,0.000000254521
0x32cd,11,0.000000254521
0x32d0,11,0.000000254521
0x32d2,11,0.000000254521
0x32d4,11,0.000000254521
0x32d6,11,0.000000254521
0x32d7,11,0.000000254521
0x32d9,11,0.000000254521
0x32da,11,0.000000254521
0x32dc,11,0.000000254521
0x32dd,11,0.000000254521
0x32de,11,0.000000254521
0x32e1,11,0.000000254521
0x32e2,11,0.000000254521
0x32e3,11,0.000000254521
0x32e6,2,0.000000046277
0x32e7,2,0.000000046277
0x32e9,2,0.000000046277
0x32ea,2,0.000000046277
0x3400,4228,0.000097828522
0x3403,4228,0.000097828522
0x3406,4228,0.000097828522
0x3409,4228,0.000097828522
0x340c,4228,0.000097828522
0x340f,4228,0.000097828522
0x3412,4228,0.000097828522
0x3413,4228,0.000097828522
0x3416,3845,0.000088966572
0x3418,3845,0.000088966572
0x341b,975,0.000022559794
0x341e,975,0.000022559794
0x3421,975,0.000022559794
0x3424,975,0.000022559794
0x3427,975,0.000022559794
0x342a,975,0.000022559794
0x342d,975,0.000022559794
0x342e,975,0.000022559794
0x3431,488,0.000011291466
0x3434,488,0.000011291466
0x3438,2870,0.000066406778
0x343b,2870,0.000066406778
0x343c,2870,0.000066406778
0x343f,1434,0.000033180251
0x3442,1434,0.000033180251
0x3445,1434,0.000033180251
0x3448,1434,0.000033180251
0x344b,1434,0.000033180251
0x3452,1436,0.000033226527
0x3455,1436,0.000033226527
0x3458,1436,0.000033226527
0x345b,1436,0.000033226527
0x3462,383,0.000008861950
0x3465,383,0.000008861950
0x3466,383,0.000008861950
0x3467,192,0.000004442544
0x346a,192,0.000004442544
0x346d,192,0.000004442544
0x3474,2409,0.000055740045
0x3477,9636,0.000222960178
0x3478,9636,0.000222960178
0x347b,9636,0.000222960178
0x347c,9636,0.000222960178
0x347d,9636,0.000222960178
0x347f,9636,0.000222960178
0x3480,9636,0.000222960178
0x3482,9636,0.000222960178
0x3485,2409,0.000055740045
0x3486,2411,0.000055786321
0x3489,9644,0.000223145284
0x348a,9644,0.000223145284
0x348d,9644,0.000223145284
0x348e,9644,0.000223145284
0x348f,9644,0.000223145284
0x3491,9644,0.000223145284
0x3492,9644,0.000223145284
0x3494,9644,0.000223145284
0x3497,2411,0.000055786321
0x3498,2409,0.000055740045
0x349b,9636,0.000222960178
0x349c,9636,0.000222960178
0x349f,9636,0.000222960178
0x34a0,9636,0.000222960178
0x34a1,9636,0.000222960178
0x34a3,9636,0.000222960178
0x34a4,9636,0.000222960178
0x34a6,9636,0.000222960178
0x34a9,2409,0.000055740045
0x34aa,2411,0.000055786321
0x34ad,9644,0.000223145284
0x34ae,9644,0.000223145284
0x34b1,9644,0.000223145284
0x34b2,9644,0.000223145284
0x34b3,9644,0.000223145284
0x34b5,9644,0.000223145284
0x34b6,9644,0.000223145284
0x34b8,9644,0.000223145284
0x34bb,2411,0.000055786321
0x34c0,19808,0.000458322458
0x34c1,19808,0.000458322458
0x34c2,19808,0.000458322458
0x34c3,11927,0.000275969909
0x34c4,11927,0.000275969909
0x34c6,11927,0.000275969909
0x34c7,11927,0.000275969909
0x34c9,11927,0.000275969909
0x34ca,11927,0.000275969909
0x34cb,11927,0.000275969909
0x34cc,11927,0.000275969909
0x34cd,11927,0.000275969909
0x34ce,11927,0.000275969909
0x34cf,11927,0.000275969909
0x34d0,11927,0.000275969909
0x34d1,11927,0.000275969909
0x34d2,11927,0.000275969909
0x34d3,11927,0.000275969909
0x34d4,11927,0.000275969909
0x34d5,11927,0.000275969909
0x34d7,11927,0.000275969909
0x34d8,11927,0.000275969909
0x34da,11927,0.000275969909
0x34db,11927,0.000275969909
0x34dc,11927,0.000275969909
0x34dd,11927,0.000275969909
0x34de,11956,0.000276640918
0x34df,11956,0.000276640918
0x34e1,11956,0.000276640918
0x34e4,2200,0.000050904150
0x34e5,2200,0.000050904150
0x34e7,2200,0.000050904150
0x34ea,972,0.000022490379
0x34ec,972,0.000022490379
0x34ed,972,0.000022490379
0x34ee,972,0.000022490379
0x34f0,972,0.000022490379
0x34f1,972,0.000022490379
0x34f3,972,0.000022490379
0x34f6,588,0.000013605291
0x34f8,588,0.000013605291
0x34f9,588,0.000013605291
0x34fa,588,0.000013605291
0x34fc,588,0.000013605291
0x34fd,588,0.000013605291
0x34ff,588,0.000013605291
0x3509,972,0.000022490379
0x350a,972,0.000022490379
0x350b,972,0.000022490379
0x350c,11956,0.000276640918
0x350e,11956,0.000276640918
0x350f,11956,0.000276640918
0x3512,11956,0.000276640918
0x3513,11956,0.000276640918
0x3515,11956,0.000276640918
0x3516,11956,0.000276640918
0x3518,11956,0.000276640918
0x3519,11956,0.000276640918
0x3520,959,0.000022189582
0x3521,959,0.000022189582
0x3522,959,0.000022189582
0x3523,959,0.000022189582
0x3524,959,0.000022189582
0x3525,959,0.000022189582
0x3526,959,0.000022189582
0x3527,959,0.000022189582
0x3528,3804,0.000088017903
0x3529,3804,0.000088017903
0x352a,3804,0.000088017903
0x352b,3804,0.000088017903
0x352c,3804,0.000088017903
0x352d,3804,0.000088017903
0x352e,3804,0.000088017903
0x352f,3804,0.000088017903
0x3530,4739,0.000109652167
0x3531,4739,0.000109652167
0x3532,4739,0.000109652167
0x3533,4739,0.000109652167
0x3534,4739,0.000109652167
0x3535,4739,0.000109652167
0x3536,4739,0.000109652167
0x3537,4739,0.000109652167
0x3538,5505,0.000127376067
0x3539,5505,0.000127376067
0x353a,5505,0.000127376067
0x353b,5505,0.000127376067
0x353c,5505,0.000127376067
0x353d,5505,0.000127376067
0x353e,5505,0.000127376067
0x353f,5505,0.000127376067
0x3540,11933,0.000276108739
0x3541,11933,0.000276108739
0x3542,11933,0.000276108739
0x3543,11933,0.000276108739
0x3544,11933,0.000276108739
0x3545,11933,0.000276108739
0x3546,11933,0.000276108739
0x3547,11933,0.000276108739
0x3548,12902,0.000298529703
0x3549,12902,0.000298529703
0x354a,12902,0.000298529703
0x354b,12902,0.000298529703
0x354c,12902,0.000298529703
0x354d,12902,0.000298529703
0x354e,12902,0.000298529703
0x354f,12902,0.000298529703
0x3550,13010,0.000301028634
0x3551,13010,0.000301028634
0x3552,13010,0.000301028634
0x3553,13010,0.000301028634
0x3554,13010,0.000301028634
0x3555,13010,0.000301028634
0x3556,13010,0.000301028634
0x3557,13010,0.000301028634
0x3558,13010,0.000301028634
0x355a,13010,0.000301028634
0x355b,13010,0.000301028634
0x355d,13010,0.000301028634
0x3560,3845,0.000088966572
0x3563,3845,0.000088966572
0x3564,3845,0.000088966572
0x3565,3845,0.000088966572
0x3566,3845,0.000088966572
0x3567,3845,0.000088966572
0x3568,3845,0.000088966572
0x3569,3845,0.000088966572
0x356a,3845,0.000088966572
0x356d,3845,0.000088966572
0x3570,3845,0.000088966572
0x3572,3845,0.000088966572
0x3577,3845,0.000088966572
0x3579,3845,0.000088966572
0x357a,3845,0.000088966572
0x357b,3845,0.000088966572
0x357e,3845,0.000088966572
0x357f,3845,0.000088966572
0x3581,3845,0.000088966572
0x3584,2711,0.000062727796
0x3586,3845,0.000088966572
0x3587,3845,0.000088966572
0x3588,3845,0.000088966572
0x3589,3845,0.000088966572
0x358c,3845,0.000088966572
0x358d,3845,0.000088966572
0x358e,3845,0.000088966572
0x3590,3845,0.000088966572
0x3591,3845,0.000088966572
0x3593,3845,0.000088966572
0x3594,3845,0.000088966572
0x3596,3845,0.000088966572
0x3597,3845,0.000088966572
0x359a,3845,0.000088966572
0x359b,3845,0.000088966572
0x359c,3845,0.000088966572
0x359d,3845,0.000088966572
0x359f,3845,0.000088966572
0x35a2,3845,0.000088966572
0x35b0,19280,0.000446105462
0x35b1,19280,0.000446105462
0x35b2,19280,0.000446105462
0x35b3,11399,0.000263752913
0x35b4,11399,0.000263752913
0x35b5,11399,0.000263752913
0x35b6,11399,0.000263752913
0x35b7,11399,0.000263752913
0x35b8,11399,0.000263752913
0x35b9,11399,0.000263752913
0x35ba,11399,0.000263752913
0x35bd,10292,0.000238138870
0x35be,11399,0.000263752913
0x35bf,11399,0.000263752913
0x35c0,11399,0.000263752913
0x35c1,11399,0.000263752913
0x35c2,11399,0.000263752913
0x35c3,11399,0.000263752913
0x35c4,11399,0.000263752913
0x35c5,11399,0.000263752913
0x35c7,11399,0.000263752913
0x35c8,11399,0.000263752913
0x35c9,11399,0.000263752913
0x35ca,11399,0.000263752913
0x35cb,11399,0.000263752913
0x35cc,11399,0.000263752913
0x35cd,11399,0.000263752913
0x35ce,11399,0.000263752913
0x35cf,11399,0.000263752913
0x35d0,11399,0.000263752913
0x35d1,11399,0.000263752913
0x35d2,11399,0.000263752913
0x35d3,11399,0.000263752913
0x35d4,11399,0.000263752913
0x35d5,11399,0.000263752913
0x35d6,11399,0.000263752913
0x35d7,11399,0.000263752913
0x35d8,11399,0.000263752913
0x35d9,11399,0.000263752913
0x35da,11399,0.000263752913
0x35db,11399,0.000263752913
0x35e0,8866,0.000205143726
0x35e1,8866,0.000205143726
0x35e2,8866,0.000205143726
0x35e3,8866,0.000205143726
0x35e5,8866,0.000205143726
0x35e8,4501,0.000104145264
0x35e9,4501,0.000104145264
0x35ea,4501,0.000104145264
0x35eb,4501,0.000104145264
0x35ec,4501,0.000104145264
0x35ed,4501,0.000104145264
0x35ee,4501,0.000104145264
0x35ef,4501,0.000104145264
0x35f0,4501,0.000104145264
0x35f1,4501,0.000104145264
0x35f3,4501,0.000104145264
0x35f6,1303,0.000030149140
0x35f8,1303,0.000030149140
0x35f9,1303,0.000030149140
0x35fa,1303,0.000030149140
0x35fb,1303,0.000030149140
0x35fd,1303,0.000030149140
0x35fe,1303,0.000030149140
0x3601,167,0.000003864088
0x3602,167,0.000003864088
0x3603,167,0.000003864088
0x3604,1303,0.000030149140
0x3605,1303,0.000030149140
0x3606,1303,0.000030149140
0x3607,1303,0.000030149140
0x3608,1303,0.000030149140
0x3609,1303,0.000030149140
0x360a,1303,0.000030149140
0x360b,1303,0.000030149140
0x360c,1303,0.000030149140
0x360e,1303,0.000030149140
0x360f,1303,0.000030149140
0x3612,1200,0.000027765900
0x3613,1200,0.000027765900
0x3614,1200,0.000027765900
0x3615,1200,0.000027765900
0x3616,1200,0.000027765900
0x3618,1200,0.000027765900
0x3619,1200,0.000027765900
0x361a,1200,0.000027765900
0x361b,1200,0.000027765900
0x361c,809,0.000018718844
0x361f,809,0.000018718844
0x3620,809,0.000018718844
0x3621,809,0.000018718844
0x3622,297,0.000006872060
0x3623,297,0.000006872060
0x3624,297,0.000006872060
0x3628,4365,0.000100998462
0x362a,4365,0.000100998462
0x362d,4261,0.000098592084
0x362e,4261,0.000098592084
0x362f,4261,0.000098592084
0x3630,4261,0.000098592084
0x3631,4261,0.000098592084
0x3632,4261,0.000098592084
0x3633,4261,0.000098592084
0x3634,4261,0.000098592084
0x3635,4261,0.000098592084
0x3636,4261,0.000098592084
0x3637,4261,0.000098592084
0x363a,1321,0.000030565628
0x363c,1321,0.000030565628
0x363d,1321,0.000030565628
0x363e,1321,0.000030565628
0x363f,1321,0.000030565628
0x3641,1321,0.000030565628
0x3642,1321,0.000030565628
0x3645,172,0.000003979779
0x3646,172,0.000003979779
0x3647,172,0.000003979779
0x3648,1321,0.000030565628
0x3649,1321,0.000030565628
0x364a,1321,0.000030565628
0x364b,1321,0.000030565628
0x364c,1321,0.000030565628
0x364d,1321,0.000030565628
0x364e,1321,0.000030565628
0x364f,1321,0.000030565628
0x3650,1321,0.000030565628
0x3651,1321,0.000030565628
0x3652,1321,0.000030565628
0x3654,1321,0.000030565628
0x3655,1321,0.000030565628
0x3656,1321,0.000030565628
0x3657,1321,0.000030565628
0x365a,980,0.000022675485
0x365d,980,0.000022675485
0x365e,980,0.000022675485
0x3661,284,0.000006571263
0x3662,284,0.000006571263
0x3663,1321,0.000030565628
0x3665,1321,0.000030565628
0x3666,1321,0.000030565628
0x366a,3198,0.000073996124
0x366b,3198,0.000073996124
0x366c,3198,0.000073996124
0x366d,112,0.000002591484
0x366e,112,0.000002591484
0x366f,112,0.000002591484
0x3670,112,0.000002591484
0x3671,112,0.000002591484
0x3672,103,0.000002383240
0x3673,103,0.000002383240
0x3674,103,0.000002383240
0x3675,103,0.000002383240
0x3676,103,0.000002383240
0x3679,103,0.000002383240
0x367b,103,0.000002383240
0x367c,103,0.000002383240
0x367f,103,0.000002383240
0x3680,103,0.000002383240
0x3683,103,0.000002383240
0x3684,103,0.000002383240
0x3686,103,0.000002383240
0x3689,103,0.000002383240
0x368a,103,0.000002383240
0x368b,103,0.000002383240
0x368d,103,0.000002383240
0x368e,80,0.000001851060
0x3690,80,0.000001851060
0x3691,65,0.000001503986
0x3692,65,0.000001503986
0x3695,2940,0.000068026455
0x3696,2940,0.000068026455
0x3697,2940,0.000068026455
0x3698,2940,0.000068026455
0x3699,2940,0.000068026455
0x369a,2940,0.000068026455
0x369b,2940,0.000068026455
0x369c,2940,0.000068026455
0x369d,80,0.000001851060
0x369e,80,0.000001851060
0x36a0,80,0.000001851060
0x36a1,80,0.000001851060
0x36a4,80,0.000001851060
0x36a6,80,0.000001851060
0x36a7,80,0.000001851060
0x36aa,75,0.000001735369
0x36ab,80,0.000001851060
0x36ae,80,0.000001851060
0x36b0,80,0.000001851060
0x36b3,80,0.000001851060
0x36b4,80,0.000001851060
0x36b6,80,0.000001851060
0x36b7,77,0.000001781645
0x36b9,77,0.000001781645
0x36ba,75,0.000001735369
0x36bb,75,0.000001735369
0x36c0,2533,0.000058609188
0x36c1,2533,0.000058609188
0x36c2,2533,0.000058609188
0x36c3,1266,0.000029293025
0x36c4,1266,0.000029293025
0x36c5,1266,0.000029293025
0x36c6,1266,0.000029293025
0x36c8,1266,0.000029293025
0x36c9,1266,0.000029293025
0x36cc,211,0.000004882171
0x36cd,211,0.000004882171
0x36ce,211,0.000004882171
0x36cf,211,0.000004882171
0x36d2,3431,0.000079387336
0x36d3,3431,0.000079387336
0x36d4,3431,0.000079387336
0x36d5,3431,0.000079387336
0x36d6,3431,0.000079387336
0x36d7,3431,0.000079387336
0x36d8,128,0.000002961696
0x36d9,128,0.000002961696
0x36da,128,0.000002961696
0x36db,128,0.000002961696
0x36dc,128,0.000002961696
0x36dd,128,0.000002961696
0x36de,128,0.000002961696
0x36e1,128,0.000002961696
0x36e3,128,0.000002961696
0x36e6,128,0.000002961696
0x36ea,4305,0.000099610167
0x36eb,4305,0.000099610167
0x36ec,4305,0.000099610167
0x36ed,4305,0.000099610167
0x36ee,4305,0.000099610167
0x36ef,4305,0.000099610167
0x36f0,933,0.000021587987
0x36f1,933,0.000021587987
0x36f2,933,0.000021587987
0x36f3,933,0.000021587987
0x36f5,933,0.000021587987
0x36f6,65,0.000001503986
0x36f7,65,0.000001503986
0x36f8,65,0.000001503986
0x36f9,65,0.000001503986
0x36fa,65,0.000001503986
0x36fb,65,0.000001503986
0x36fc,65,0.000001503986
0x36fd,65,0.000001503986
0x36fe,65,0.000001503986
0x3701,65,0.000001503986
0x3703,65,0.000001503986
0x3706,65,0.000001503986
0x370a,3452,0.000079873239
0x370b,3452,0.000079873239
0x370c,3452,0.000079873239
0x370d,3452,0.000079873239
0x370e,3452,0.000079873239
0x370f,3452,0.000079873239
0x3710,298,0.000006895199
0x3711,298,0.000006895199
0x3712,298,0.000006895199
0x3713,298,0.000006895199
0x3715,298,0.000006895199
0x3716,96,0.000002221272
0x3717,96,0.000002221272
0x3718,96,0.000002221272
0x3719,96,0.000002221272
0x371a,96,0.000002221272
0x371b,96,0.000002221272
0x371c,96,0.000002221272
0x371d,96,0.000002221272
0x371e,96,0.000002221272
0x3721,96,0.000002221272
0x3723,96,0.000002221272
0x3726,96,0.000002221272
0x3729,96,0.000002221272
0x372a,96,0.000002221272
0x372c,96,0.000002221272
0x372d,46,0.000001064360
0x372e,46,0.000001064360
0x3730,46,0.000001064360
0x3731,46,0.000001064360
0x3732,46,0.000001064360
0x3733,46,0.000001064360
0x3734,46,0.000001064360
0x3735,46,0.000001064360
0x3736,46,0.000001064360
0x3739,46,0.000001064360
0x373b,46,0.000001064360
0x373e,46,0.000001064360
0x3744,104,0.000002406378
0x3746,104,0.000002406378
0x3747,104,0.000002406378
0x3748,104,0.000002406378
0x3749,104,0.000002406378
0x374a,104,0.000002406378
0x374c,104,0.000002406378
0x374d,104,0.000002406378
0x374e,104,0.000002406378
0x3750,104,0.000002406378
0x3751,104,0.000002406378
0x3752,15,0.000000347074
0x3753,15,0.000000347074
0x3754,15,0.000000347074
0x3758,16330,0.000377847624
0x3759,16330,0.000377847624
0x375a,16330,0.000377847624
0x375b,240,0.000005553180
0x375c,240,0.000005553180
0x375f,225,0.000005206106
0x3760,225,0.000005206106
0x3761,225,0.000005206106
0x3764,120,0.000002776590
0x3766,120,0.000002776590
0x3767,120,0.000002776590
0x3769,120,0.000002776590
0x376a,120,0.000002776590
0x376b,120,0.000002776590
0x376c,120,0.000002776590
0x376d,120,0.000002776590
0x376e,120,0.000002776590
0x376f,120,0.000002776590
0x3770,120,0.000002776590
0x3771,120,0.000002776590
0x3772,120,0.000002776590
0x3773,120,0.000002776590
0x3774,120,0.000002776590
0x3777,120,0.000002776590
0x377a,120,0.000002776590
0x377b,120,0.000002776590
0x377c,120,0.000002776590
0x377d,120,0.000002776590
0x377e,120,0.000002776590
0x3780,120,0.000002776590
0x3781,120,0.000002776590
0x3782,120,0.000002776590
0x3783,120,0.000002776590
0x3786,120,0.000002776590
0x3787,120,0.000002776590
0x3788,104,0.000002406378
0x3789,104,0.000002406378
0x378c,104,0.000002406378
0x378e,104,0.000002406378
0x378f,104,0.000002406378
0x3791,104,0.000002406378
0x3792,104,0.000002406378
0x3796,120,0.000002776590
0x3798,120,0.000002776590
0x3799,120,0.000002776590
0x379b,120,0.000002776590
0x379e,45,0.000001041221
0x379f,120,0.000002776590
0x37a0,120,0.000002776590
0x37a1,120,0.000002776590
0x37a4,120,0.000002776590
0x37a5,120,0.000002776590
0x37a6,81,0.000001874198
0x37a7,81,0.000001874198
0x37aa,81,0.000001874198
0x37b0,105,0.000002429516
0x37b1,105,0.000002429516
0x37b2,105,0.000002429516
0x37b3,105,0.000002429516
0x37b4,105,0.000002429516
0x37b5,105,0.000002429516
0x37b6,105,0.000002429516
0x37b7,105,0.000002429516
0x37b8,105,0.000002429516
0x37b9,105,0.000002429516
0x37ba,105,0.000002429516
0x37bb,105,0.000002429516
0x37be,105,0.000002429516
0x37c0,105,0.000002429516
0x37c1,105,0.000002429516
0x37c4,105,0.000002429516
0x37c6,105,0.000002429516
0x37cc,15,0.000000347074
0x37cd,15,0.000000347074
0x37ce,15,0.000000347074
0x37cf,15,0.000000347074
0x37d0,15,0.000000347074
0x37d2,15,0.000000347074
0x37d4,15,0.000000347074
0x37d5,15,0.000000347074
0x37d7,15,0.000000347074
0x37da,15,0.000000347074
0x37dd,390,0.000009023918
0x37de,390,0.000009023918
0x37df,390,0.000009023918
0x37e0,390,0.000009023918
0x37e1,390,0.000009023918
0x37e2,390,0.000009023918
0x37e5,15,0.000000347074
0x3800,9026,0.000208845846
0x3803,9026,0.000208845846
0x3805,9026,0.000208845846
0x3806,4609,0.000106644195
0x3809,4609,0.000106644195
0x380b,4609,0.000106644195
0x380c,4609,0.000106644195
0x380f,4609,0.000106644195
0x3810,4609,0.000106644195
0x3813,4609,0.000106644195
0x3815,4609,0.000106644195
0x3816,4609,0.000106644195
0x3819,4609,0.000106644195
0x381a,4609,0.000106644195
0x381b,4609,0.000106644195
0x381d,4609,0.000106644195
0x381e,4609,0.000106644195
0x381f,4609,0.000106644195
0x3820,4609,0.000106644195
0x3822,4609,0.000106644195
0x3823,66,0.000001527125
0x3824,66,0.000001527125
0x3827,66,0.000001527125
0x3829,66,0.000001527125
0x382b,66,0.000001527125
0x382c,66,0.000001527125
0x382e,66,0.000001527125
0x382f,66,0.000001527125
0x3830,66,0.000001527125
0x3832,66,0.000001527125
0x3833,66,0.000001527125
0x3834,66,0.000001527125
0x3835,66,0.000001527125
0x3837,66,0.000001527125
0x3838,66,0.000001527125
0x3839,66,0.000001527125
0x383b,66,0.000001527125
0x383c,66,0.000001527125
0x383e,66,0.000001527125
0x3841,41,0.000000948668
0x3844,47,0.000001087498
0x3846,47,0.000001087498
0x3847,47,0.000001087498
0x3849,47,0.000001087498
0x384a,47,0.000001087498
0x384b,47,0.000001087498
0x384c,25,0.000000578456
0x384f,25,0.000000578456
0x3850,25,0.000000578456
0x3851,25,0.000000578456
0x3853,25,0.000000578456
0x3854,25,0.000000578456
0x3855,25,0.000000578456
0x3856,25,0.000000578456
0x3857,25,0.000000578456
0x3858,25,0.000000578456
0x3859,25,0.000000578456
0x385c,25,0.000000578456
0x385d,25,0.000000578456
0x385f,25,0.000000578456
0x3862,12,0.000000277659
0x3863,12,0.000000277659
0x3865,12,0.000000277659
0x3868,12,0.000000277659
0x386b,12,0.000000277659
0x386e,12,0.000000277659
0x386f,12,0.000000277659
0x3871,12,0.000000277659
0x3874,6,0.000000138830
0x3875,6,0.000000138830
0x3876,6,0.000000138830
0x3878,6,0.000000138830
0x387a,6,0.000000138830
0x387b,6,0.000000138830
0x387c,6,0.000000138830
0x387e,6,0.000000138830
0x3881,6,0.000000138830
0x3882,6,0.000000138830
0x3883,6,0.000000138830
0x3884,6,0.000000138830
0x3885,6,0.000000138830
0x3887,6,0.000000138830
0x388a,5,0.000000115691
0x388b,5,0.000000115691
0x388c,5,0.000000115691
0x388d,5,0.000000115691
0x3894,13,0.000000300797
0x3897,13,0.000000300797
0x3899,13,0.000000300797
0x389c,13,0.000000300797
0x38a1,29,0.000000671009
0x38a2,29,0.000000671009
0x38a4,29,0.000000671009
0x38a5,29,0.000000671009
0x38a6,29,0.000000671009
0x38a7,29,0.000000671009
0x38a8,29,0.000000671009
0x38a9,29,0.000000671009
0x38ac,29,0.000000671009
0x38ae,29,0.000000671009
0x38af,29,0.000000671009
0x38b1,29,0.000000671009
0x38b4,29,0.000000671009
0x38b5,29,0.000000671009
0x38bc,36,0.000000832977
0x38be,36,0.000000832977
0x38bf,36,0.000000832977
0x38c1,36,0.000000832977
0x38c2,36,0.000000832977
0x38c3,36,0.000000832977
0x38c4,4,0.000000092553
0x38c7,4,0.000000092553
0x38c8,4,0.000000092553
0x38ca,4,0.000000092553
0x38cd,4,0.000000092553
0x38cf,4,0.000000092553
0x38d2,2,0.000000046277
0x38d3,2,0.000000046277
0x38d4,2,0.000000046277
0x38d5,2,0.000000046277
0x38d7,2,0.000000046277
0x38d8,2,0.000000046277
0x38db,2,0.000000046277
0x38dc,2,0.000000046277
0x38dd,2,0.000000046277
0x38de,2,0.000000046277
0x38df,2,0.000000046277
0x38e1,2,0.000000046277
0x38e2,2,0.000000046277
0x38e4,2,0.000000046277
0x38e5,2,0.000000046277
0x38e7,2,0.000000046277
0x38e8,2,0.000000046277
0x38e9,4,0.000000092553
0x38eb,4,0.000000092553
0x38ee,4,0.000000092553
0x38f1,4,0.000000092553
0x38f8,17,0.000000393350
0x38fb,29,0.000000671009
0x38fc,29,0.000000671009
0x38fd,29,0.000000671009
0x3900,1,0.000000023138
0x3901,1,0.000000023138
0x3902,1,0.000000023138
0x3903,1,0.000000023138
0x3904,1,0.000000023138
0x3905,1,0.000000023138
0x3906,29,0.000000671009
0x3907,29,0.000000671009
0x3908,29,0.000000671009
0x3909,29,0.000000671009
0x390a,29,0.000000671009
0x390d,29,0.000000671009
0x390e,29,0.000000671009
0x390f,29,0.000000671009
0x3912,29,0.000000671009
0x3913,29,0.000000671009
0x3916,29,0.000000671009
0x3918,29,0.000000671009
0x391b,29,0.000000671009
0x391c,41,0.000000948668
0x391d,41,0.000000948668
0x391f,41,0.000000948668
0x3922,5,0.000000115691
0x3923,9569,0.000221409915
0x3930,1922,0.000044471717
0x3933,1922,0.000044471717
0x3935,1922,0.000044471717
0x3937,1922,0.000044471717
0x3938,1922,0.000044471717
0x393a,1922,0.000044471717
0x393b,1922,0.000044471717
0x393c,1922,0.000044471717
0x393d,1922,0.000044471717
0x393f,1922,0.000044471717
0x3942,961,0.000022235858
0x3945,961,0.000022235858
0x3946,961,0.000022235858
0x3947,961,0.000022235858
0x394a,961,0.000022235858
0x394b,961,0.000022235858
0x394c,6078,0.000140634284
0x394d,6078,0.000140634284
0x3950,5873,0.000135890943
0x3951,5873,0.000135890943
0x3952,5873,0.000135890943
0x3954,5873,0.000135890943
0x3955,5873,0.000135890943
0x3956,5873,0.000135890943
0x3959,756,0.000017492517
0x395c,6078,0.000140634284
0x395d,6078,0.000140634284
0x395f,6078,0.000140634284
0x3960,1521,0.000035193278
0x3961,1521,0.000035193278
0x3963,1521,0.000035193278
0x3964,1521,0.000035193278
0x3965,1521,0.000035193278
0x3966,1521,0.000035193278
0x3967,1153,0.000026678402
0x3968,1153,0.000026678402
0x3969,205,0.000004743341
0x396b,205,0.000004743341
0x396c,205,0.000004743341
0x396d,205,0.000004743341
0x396e,205,0.000004743341
0x396f,205,0.000004743341
0x3972,205,0.000004743341
0x3973,205,0.000004743341
0x3975,205,0.000004743341
0x3976,205,0.000004743341
0x3977,205,0.000004743341
0x3978,205,0.000004743341
0x397a,205,0.000004743341
0x397b,205,0.000004743341
0x3980,4228,0.000097828522
0x3983,4228,0.000097828522
0x3985,4228,0.000097828522
0x3986,297,0.000006872060
0x3988,297,0.000006872060
0x3989,285,0.000006594401
0x398c,285,0.000006594401
0x398f,285,0.000006594401
0x3991,285,0.000006594401
0x3994,285,0.000006594401
0x3996,285,0.000006594401
0x3998,285,0.000006594401
0x399b,285,0.000006594401
0x399d,285,0.000006594401
0x39a0,285,0.000006594401
0x39a2,285,0.000006594401
0x39a5,285,0.000006594401
0x39a7,285,0.000006594401
0x39a9,285,0.000006594401
0x39ac,285,0.000006594401
0x39af,285,0.000006594401
0x39b0,285,0.000006594401
0x39b3,144,0.000003331908
0x39b4,144,0.000003331908
0x39b6,144,0.000003331908
0x39b7,144,0.000003331908
0x39b9,144,0.000003331908
0x39ba,144,0.000003331908
0x39bb,144,0.000003331908
0x39bc,144,0.000003331908
0x39be,144,0.000003331908
0x39bf,285,0.000006594401
0x39c0,285,0.000006594401
0x39c3,570,0.000013188803
0x39c6,570,0.000013188803
0x39c9,570,0.000013188803
0x39ca,570,0.000013188803
0x39cc,570,0.000013188803
0x39cf,570,0.000013188803
0x39d2,570,0.000013188803
0x39d3,570,0.000013188803
0x39d4,570,0.000013188803
0x39d6,570,0.000013188803
0x39d8,570,0.000013188803
0x39db,285,0.000006594401
0x39de,285,0.000006594401
0x39e1,285,0.000006594401
0x39e3,285,0.000006594401
0x39e6,285,0.000006594401
0x39e8,285,0.000006594401
0x39ea,285,0.000006594401
0x3a00,1922,0.000044471717
0x3a03,1922,0.000044471717
0x3a05,1922,0.000044471717
0x3a06,1922,0.000044471717
0x3a07,1922,0.000044471717
0x3a08,1922,0.000044471717
0x3a0b,1922,0.000044471717
0x3a0c,1922,0.000044471717
0x3a0d,1922,0.000044471717
0x3a0e,961,0.000022235858
0x3a0f,961,0.000022235858
0x3a10,9953,0.000230295003
0x3a13,9953,0.000230295003
0x3a14,9953,0.000230295003
0x3a15,9953,0.000230295003
0x3a18,384,0.000008885088
0x3a1a,384,0.000008885088
0x3a1c,384,0.000008885088
0x3a1d,9569,0.000221409915
0x3a20,9569,0.000221409915
0x3a21,9569,0.000221409915
0x3a22,9569,0.000221409915
0x3a25,384,0.000008885088
0x3a27,384,0.000008885088
0x3a2a,12,0.000000277659
0x3a2c,384,0.000008885088
0x3a2d,384,0.000008885088
0x3a2e,384,0.000008885088
0x3a2f,384,0.000008885088
0x3a30,384,0.000008885088
0x3a31,384,0.000008885088
0x3a32,384,0.000008885088
0x3a34,384,0.000008885088
0x3a36,384,0.000008885088
0x3a37,384,0.000008885088
0x3a39,384,0.000008885088
0x3a3b,384,0.000008885088
0x3a3d,384,0.000008885088
0x3a3f,384,0.000008885088
0x3a40,9185,0.000212524827
0x3a42,9185,0.000212524827
0x3a43,9185,0.000212524827
0x3a44,9185,0.000212524827
0x3a47,672,0.000015548904
0x3a49,672,0.000015548904
0x3a4c,42,0.000000971807
0x3a4e,672,0.000015548904
0x3a4f,672,0.000015548904
0x3a50,672,0.000015548904
0x3a51,672,0.000015548904
0x3a52,672,0.000015548904
0x3a53,672,0.000015548904
0x3a54,672,0.000015548904
0x3a56,672,0.000015548904
0x3a58,672,0.000015548904
0x3a5a,672,0.000015548904
0x3a5b,672,0.000015548904
0x3a5d,672,0.000015548904
0x3a5f,672,0.000015548904
0x3a62,8513,0.000196975923
0x3a64,8513,0.000196975923
0x3a65,8513,0.000196975923
0x3a66,8513,0.000196975923
0x3a67,189,0.000004373129
0x3a69,189,0.000004373129
0x3a6c,29,0.000000671009
0x3a6e,29,0.000000671009
0x3a71,29,0.000000671009
0x3a73,29,0.000000671009
0x3a76,25,0.000000578456
0x3a78,189,0.000004373129
0x3a79,189,0.000004373129
0x3a7b,189,0.000004373129
0x3a7c,189,0.000004373129
0x3a7e,189,0.000004373129
0x3a80,189,0.000004373129
0x3a81,189,0.000004373129
0x3a82,9569,0.000221409915
0x3a85,9569,0.000221409915
0x3a86,9569,0.000221409915
0x3a88,9569,0.000221409915
0x3a89,3615,0.000083644774
0x3a8b,3615,0.000083644774
0x3a8c,3615,0.000083644774
0x3a8e,3615,0.000083644774
0x3a8f,3615,0.000083644774
0x3a90,9569,0.000221409915
0x3a93,9569,0.000221409915
0x3a94,9569,0.000221409915
0x3a95,9569,0.000221409915
0x3a98,5878,0.000136006634
0x3a9b,5878,0.000136006634
0x3a9e,5878,0.000136006634
0x3aa1,94048,0.002176106147
0x3aa2,94048,0.002176106147
0x3aa3,94048,0.002176106147
0x3aa4,94048,0.002176106147
0x3aa7,55564,0.001285653730
0x3aa8,55564,0.001285653730
0x3aaa,55564,0.001285653730
0x3aad,12155,0.000281245430
0x3aae,94048,0.002176106147
0x3aaf,94048,0.002176106147
0x3ab0,94048,0.002176106147
0x3ab1,94048,0.002176106147
0x3ab2,94048,0.002176106147
0x3ab5,5878,0.000136006634
0x3ab6,5878,0.000136006634
0x3ab7,5878,0.000136006634
0x3ab8,4430,0.000102502448
0x3aba,4430,0.000102502448
0x3abd,136,0.000003146802
0x3abf,4430,0.000102502448
0x3ac1,4430,0.000102502448
0x3ac2,4430,0.000102502448
0x3ac5,4430,0.000102502448
0x3ac6,4430,0.000102502448
0x3ac8,4430,0.000102502448
0x3ac9,4430,0.000102502448
0x3aca,4430,0.000102502448
0x3ad0,2332,0.000053958399
0x3ad3,2332,0.000053958399
0x3ad4,2332,0.000053958399
0x3ad6,2332,0.000053958399
0x3ad7,2332,0.000053958399
0x3ad8,2332,0.000053958399
0x3ada,2332,0.000053958399
0x3adb,2332,0.000053958399
0x3adc,2332,0.000053958399
0x3add,2332,0.000053958399
0x3adf,2332,0.000053958399
0x3ae0,2332,0.000053958399
0x3ae1,2332,0.000053958399
0x3ae3,2332,0.000053958399
0x3ae4,2332,0.000053958399
0x3ae5,2332,0.000053958399
0x3ae6,2332,0.000053958399
0x3ae9,2266,0.000052431275
0x3aec,2266,0.000052431275
0x3aee,2266,0.000052431275
0x3aef,2266,0.000052431275
0x3af1,2266,0.000052431275
0x3af2,2266,0.000052431275
0x3af3,2266,0.000052431275
0x3af4,63,0.000001457710
0x3af6,63,0.000001457710
0x3af8,66,0.000001527125
0x3afa,66,0.000001527125
0x3afb,66,0.000001527125
0x3afc,66,0.000001527125
0x3afd,66,0.000001527125
0x3aff,66,0.000001527125
0x3b00,66,0.000001527125
0x3b02,2651,0.000061339501
0x3b05,2651,0.000061339501
0x3b06,2651,0.000061339501
0x3b08,2651,0.000061339501
0x3b09,659,0.000015248107
0x3b0a,659,0.000015248107
0x3b0b,659,0.000015248107
0x3b0c,659,0.000015248107
0x3b0e,659,0.000015248107
0x3b10,659,0.000015248107
0x3b12,659,0.000015248107
0x3b13,218,0.000005044139
0x3b14,218,0.000005044139
0x3b16,218,0.000005044139
0x3b18,218,0.000005044139
0x3b19,218,0.000005044139
0x3b1b,9569,0.000221409915
0x3b1e,9569,0.000221409915
0x3b1f,9569,0.000221409915
0x3b20,9569,0.000221409915
0x3b21,256,0.000005923392
0x3b23,256,0.000005923392
0x3b26,4,0.000000092553
0x3b28,256,0.000005923392
0x3b29,256,0.000005923392
0x3b2a,256,0.000005923392
0x3b2c,256,0.000005923392
0x3b2d,256,0.000005923392
0x3b2e,256,0.000005923392
0x3b30,256,0.000005923392
0x3b31,256,0.000005923392
0x3b33,9569,0.000221409915
0x3b36,9569,0.000221409915
0x3b37,9569,0.000221409915
0x3b38,9569,0.000221409915
0x3b39,255,0.000005900254
0x3b3a,255,0.000005900254
0x3b3c,255,0.000005900254
0x3b3e,255,0.000005900254
0x3b40,255,0.000005900254
0x3b41,255,0.000005900254
0x3b43,9569,0.000221409915
0x3b46,9569,0.000221409915
0x3b47,9569,0.000221409915
0x3b49,9569,0.000221409915
0x3b4c,9569,0.000221409915
0x3b4f,9569,0.000221409915
0x3b52,9569,0.000221409915
0x3b55,9569,0.000221409915
0x3b58,9569,0.000221409915
0x3b5b,9569,0.000221409915
