pc,count,frequency
0x0000,1,0.000000054352
0x0001,1,0.000000054352
0x0002,1,0.000000054352
0x0003,1,0.000000054352
0x0004,1,0.000000054352
0x0005,1,0.000000054352
0x0006,1,0.000000054352
0x0007,1,0.000000054352
0x0008,1,0.000000054352
0x000b,1,0.000000054352
0x000d,1,0.000000054352
0x000f,1,0.000000054352
0x0012,1,0.000000054352
0x0015,1,0.000000054352
0x0017,1,0.000000054352
0x001a,10613,0.000576838748
0x001d,10612,0.000576784395
0x0020,10612,0.000576784395
0x0021,10612,0.000576784395
0x0024,2249,0.000122237854
0x0027,2249,0.000122237854
0x002a,2249,0.000122237854
0x002d,8363,0.000454546542
0x002f,8363,0.000454546542
0x0031,8363,0.000454546542
0x0032,8363,0.000454546542
0x0034,8363,0.000454546542
0x0035,8363,0.000454546542
0x0038,8363,0.000454546542
0x0039,8363,0.000454546542
0x003c,8363,0.000454546542
0x003d,8363,0.000454546542
0x0040,7,0.000000380465
0x0043,7,0.000000380465
0x0046,8356,0.000454166077
0x0049,8356,0.000454166077
0x0050,1,0.000000054352
0x0052,1,0.000000054352
0x0054,1,0.000000054352
0x0056,1,0.000000054352
0x0058,1,0.000000054352
0x005a,1,0.000000054352
0x005c,1,0.000000054352
0x005f,1,0.000000054352
0x0061,1,0.000000054352
0x0063,1,0.000000054352
0x0066,1,0.000000054352
0x0068,1,0.000000054352
0x006a,1,0.000000054352
0x006b,2,0.000000108704
0x006e,2,0.000000108704
0x0070,6130,0.000333178321
0x0072,6130,0.000333178321
0x0073,6130,0.000333178321
0x0074,6130,0.000333178321
0x0077,2,0.000000108704
0x0078,576,0.000031306805
0x007b,576,0.000031306805
0x0080,1427975,0.077613427923
0x0082,1427974,0.077613373571
0x0083,1427974,0.077613373571
0x0085,1427974,0.077613373571
0x0088,21253,0.001155145002
0x0089,21253,0.001155145002
0x008b,21253,0.001155145002
0x008e,10640,0.000578306254
0x0090,10640,0.000578306254
0x0091,10640,0.000578306254
0x0094,10640,0.000578306254
0x0095,10640,0.000578306254
0x0096,10640,0.000578306254
0x0097,10640,0.000578306254
0x0098,10640,0.000578306254
0x009a,10640,0.000578306254
0x009d,10640,0.000578306254
0x009f,10640,0.000578306254
0x00a0,10640,0.000578306254
0x00a2,10640,0.000578306254
0x00a3,10640,0.000578306254
0x00a6,10640,0.000578306254
0x00a8,10640,0.000578306254
0x00ab,10640,0.000578306254
0x00ac,1,0.000000054352
0x00ae,1,0.000000054352
0x00af,1,0.000000054352
0x00b0,1,0.000000054352
0x00b2,1,0.000000054352
0x00b5,1,0.000000054352
0x00bb,18580,0.001009861861
0x00be,18580,0.001009861861
0x00bf,18580,0.001009861861
0x00c0,18580,0.001009861861
0x00c1,18580,0.001009861861
0x00c2,18580,0.001009861861
0x00c3,18580,0.001009861861
0x00c4,1406,0.000076419041
0x00c5,1406,0.000076419041
0x00c7,1406,0.000076419041
0x00c9,1406,0.000076419041
0x00ca,1406,0.000076419041
0x00cd,1406,0.000076419041
0x00ce,1406,0.000076419041
0x00cf,1406,0.000076419041
0x00d0,1406,0.000076419041
0x00d1,1406,0.000076419041
0x00d2,1406,0.000076419041
0x00d3,1406,0.000076419041
0x00d4,1406,0.000076419041
0x00d6,1406,0.000076419041
0x00d8,1406,0.000076419041
0x00d9,1406,0.000076419041
0x00dc,1406,0.000076419041
0x00dd,1406,0.000076419041
0x00de,1406,0.000076419041
0x00e1,478,0.000025980300
0x00e3,8356,0.000454166077
0x00e6,8356,0.000454166077
0x00e9,8356,0.000454166077
0x00ec,8356,0.000454166077
0x00ef,8356,0.000454166077
0x00f2,8353,0.000454003021
0x00f5,8353,0.000454003021
0x00f8,8353,0.000454003021
0x00fb,8353,0.000454003021
0x00fe,7765,0.000422043991
0x0101,7765,0.000422043991
0x0104,7765,0.000422043991
0x0107,7763,0.000421935287
0x0109,7763,0.000421935287
0x010c,7763,0.000421935287
0x010f,7761,0.000421826582
0x0111,7761,0.000421826582
0x0114,7761,0.000421826582
0x0117,7759,0.000421717878
0x0119,7759,0.000421717878
0x011c,7759,0.000421717878
0x011f,7759,0.000421717878
0x0122,7183,0.000390411074
0x0125,7183,0.000390411074
0x0128,7183,0.000390411074
0x012b,7183,0.000390411074
0x012e,6831,0.000371279137
0x0131,6831,0.000371279137
0x0134,6831,0.000371279137
0x0137,6831,0.000371279137
0x013a,486,0.000026415116
0x0140,14,0.000000760929
0x0143,14,0.000000760929
0x0146,14,0.000000760929
0x0149,14,0.000000760929
0x014c,14,0.000000760929
0x014e,14,0.000000760929
0x014f,14,0.000000760929
0x0151,14,0.000000760929
0x0152,14,0.000000760929
0x0153,14,0.000000760929
0x0154,14,0.000000760929
0x0156,14,0.000000760929
0x0158,14,0.000000760929
0x015b,14,0.000000760929
0x015d,14,0.000000760929
0x015f,14,0.000000760929
0x0161,14,0.000000760929
0x0164,14,0.000000760929
0x0166,14,0.000000760929
0x0167,14,0.000000760929
0x0168,14,0.000000760929
0x016a,14,0.000000760929
0x016b,14,0.000000760929
0x016d,14,0.000000760929
0x016f,14,0.000000760929
0x0172,14,0.000000760929
0x0173,6341,0.000344646612
0x0174,6341,0.000344646612
0x0176,6341,0.000344646612
0x0178,6341,0.000344646612
0x017a,6341,0.000344646612
0x017b,4801,0.000260944392
0x017d,4801,0.000260944392
0x017e,4752,0.000258281139
0x0180,4752,0.000258281139
0x0182,4752,0.000258281139
0x0183,1667,0.000090604937
0x0185,1667,0.000090604937
0x0186,1618,0.000087941684
0x0188,1618,0.000087941684
0x018a,1618,0.000087941684
0x018b,51,0.000002771957
0x018d,51,0.000002771957
0x018e,51,0.000002771957
0x018f,51,0.000002771957
0x0191,51,0.000002771957
0x0192,4,0.000000217408
0x0194,4,0.000000217408
0x0196,1164,0.000063265835
0x0197,1164,0.000063265835
0x0199,1164,0.000063265835
0x019b,1164,0.000063265835
0x019c,948,0.000051525783
0x019d,948,0.000051525783
0x019e,948,0.000051525783
0x01a0,948,0.000051525783
0x01a1,948,0.000051525783
0x01a2,948,0.000051525783
0x01a3,948,0.000051525783
0x01a5,948,0.000051525783
0x01a6,948,0.000051525783
0x01a7,948,0.000051525783
0x01a8,948,0.000051525783
0x01ab,948,0.000051525783
0x01ae,948,0.000051525783
0x01af,948,0.000051525783
0x01b0,948,0.000051525783
0x01b1,948,0.000051525783
0x01b2,948,0.000051525783
0x01b3,948,0.000051525783
0x01b4,948,0.000051525783
0x01b5,948,0.000051525783
0x01b6,948,0.000051525783
0x01b7,948,0.000051525783
0x01b8,948,0.000051525783
0x01b9,948,0.000051525783
0x01ba,948,0.000051525783
0x01bb,948,0.000051525783
0x01bd,948,0.000051525783
0x01be,948,0.000051525783
0x01c1,11766,0.000639506709
0x01c4,11766,0.000639506709
0x01c5,11766,0.000639506709
0x01c8,948,0.000051525783
0x01c9,948,0.000051525783
0x01ca,948,0.000051525783
0x01d0,2871,0.000156044855
0x01d1,2871,0.000156044855
0x01d2,2871,0.000156044855
0x01d3,2871,0.000156044855
0x01d4,2871,0.000156044855
0x01d6,2871,0.000156044855
0x01d7,2871,0.000156044855
0x01d9,2871,0.000156044855
0x01dc,2871,0.000156044855
0x01dd,2871,0.000156044855
0x01e0,1656,0.000090007064
0x01e1,5,0.000000271760
0x01e4,603,0.000032774311
0x01e7,603,0.000032774311
0x01e9,603,0.000032774311
0x01ed,74646,0.004057166225
0x01ee,74646,0.004057166225
0x01ef,74646,0.004057166225
0x01f0,74646,0.004057166225
0x01f3,74646,0.004057166225
0x01f4,74646,0.004057166225
0x01f7,2871,0.000156044855
0x0200,18996,0.001032472331
0x0201,18996,0.001032472331
0x0202,66,0.000003587238
0x0203,66,0.000003587238
0x0204,66,0.000003587238
0x0205,66,0.000003587238
0x0206,948,0.000051525783
0x0207,948,0.000051525783
0x0208,948,0.000051525783
0x0209,948,0.000051525783
0x020a,948,0.000051525783
0x020b,948,0.000051525783
0x020c,948,0.000051525783
0x020d,948,0.000051525783
0x020e,948,0.000051525783
0x0210,6768,0.000367854956
0x0211,6768,0.000367854956
0x0213,6768,0.000367854956
0x0214,6768,0.000367854956
0x0215,1535,0.000083430461
0x0216,1535,0.000083430461
0x0217,134225,0.007295409488
0x0218,134225,0.007295409488
0x021a,134225,0.007295409488
0x021b,134225,0.007295409488
0x021c,19276,0.001047690917
0x021d,19276,0.001047690917
0x0220,14,0.000000760929
0x0221,14,0.000000760929
0x0222,14,0.000000760929
0x0223,14,0.000000760929
0x0224,14,0.000000760929
0x0225,14,0.000000760929
0x0226,14,0.000000760929
0x0227,14,0.000000760929
0x0228,14,0.000000760929
0x0229,14,0.000000760929
0x022a,14,0.000000760929
0x022b,14,0.000000760929
0x022c,14,0.000000760929
0x022e,14,0.000000760929
0x022f,14,0.000000760929
0x0230,14,0.000000760929
0x0231,14,0.000000760929
0x0232,14,0.000000760929
0x0258,38599,0.002097936382
0x0259,38599,0.002097936382
0x025a,38599,0.002097936382
0x025b,155,0.000008424574
0x025c,155,0.000008424574
0x025d,155,0.000008424574
0x025e,155,0.000008424574
0x025f,155,0.000008424574
0x0260,30126,0.001637411110
0x0263,30126,0.001637411110
0x0264,28948,0.001573384346
0x0267,28948,0.001573384346
0x0270,40906,0.002223326657
0x0271,40906,0.002223326657
0x0272,40906,0.002223326657
0x0273,40906,0.002223326657
0x0274,40906,0.002223326657
0x0275,40906,0.002223326657
0x0276,40906,0.002223326657
0x0277,28948,0.001573384346
0x0278,28948,0.001573384346
0x0279,28948,0.001573384346
0x027a,28948,0.001573384346
0x027b,28948,0.001573384346
0x027c,28948,0.001573384346
0x027d,28948,0.001573384346
0x0288,7,0.000000380465
0x028b,7,0.000000380465
0x028e,7,0.000000380465
0x0290,7,0.000000380465
0x0293,7,0.000000380465
0x0295,7,0.000000380465
0x0298,7,0.000000380465
0x029a,7,0.000000380465
0x02a7,7,0.000000380465
0x02aa,7,0.000000380465
0x02ab,7,0.000000380465
0x02ac,7,0.000000380465
0x02ad,1,0.000000054352
0x02b0,1,0.000000054352
0x02b3,1,0.000000054352
0x02b6,1,0.000000054352
0x02b9,1,0.000000054352
0x02bc,1,0.000000054352
0x02be,1,0.000000054352
0x02c0,1,0.000000054352
0x02c3,1,0.000000054352
0x02c5,1,0.000000054352
0x02c7,1,0.000000054352
0x02cb,1,0.000000054352
0x02cd,1,0.000000054352
0x02cf,1,0.000000054352
0x02d4,1,0.000000054352
0x02d7,1,0.000000054352
0x02d8,1,0.000000054352
0x02db,1,0.000000054352
0x02dd,1,0.000000054352
0x02e3,1,0.000000054352
0x02e5,1,0.000000054352
0x02e6,1,0.000000054352
0x02e7,1,0.000000054352
0x02e8,1,0.000000054352
0x02ea,1,0.000000054352
0x02ed,1,0.000000054352
0x02f0,1,0.000000054352
0x02f3,1,0.000000054352
0x02f6,1,0.000000054352
0x02f9,1,0.000000054352
0x02fc,1,0.000000054352
0x02fe,1,0.000000054352
0x0300,1,0.000000054352
0x0303,1,0.000000054352
0x0306,1,0.000000054352
0x0308,1,0.000000054352
0x030b,1,0.000000054352
0x030d,1,0.000000054352
0x0310,1,0.000000054352
0x0314,16,0.000000869633
0x0315,16,0.000000869633
0x0316,16,0.000000869633
0x0317,16,0.000000869633
0x0318,16,0.000000869633
0x0319,16,0.000000869633
0x031a,16,0.000000869633
0x031b,16,0.000000869633
0x031c,16,0.000000869633
0x031d,16,0.000000869633
0x031e,16,0.000000869633
0x0320,2,0.000000108704
0x0321,2,0.000000108704
0x0322,2,0.000000108704
0x0323,2,0.000000108704
0x0324,2,0.000000108704
0x0325,2,0.000000108704
0x0326,2,0.000000108704
0x0327,2,0.000000108704
0x0328,2,0.000000108704
0x0329,2,0.000000108704
0x032a,2,0.000000108704
0x032e,1,0.000000054352
0x0331,8,0.000000434817
0x0333,8,0.000000434817
0x0334,8,0.000000434817
0x0335,8,0.000000434817
0x0337,8,0.000000434817
0x033a,1,0.000000054352
0x033c,1,0.000000054352
0x033f,1,0.000000054352
0x0341,1,0.000000054352
0x0344,1,0.000000054352
0x0346,1,0.000000054352
0x0349,1,0.000000054352
0x034b,1,0.000000054352
0x034e,1,0.000000054352
0x0350,1,0.000000054352
0x0353,1,0.000000054352
0x0355,1,0.000000054352
0x0357,1,0.000000054352
0x0358,1,0.000000054352
0x035b,1,0.000000054352
0x035c,1,0.000000054352
0x035e,1,0.000000054352
0x035f,1,0.000000054352
0x0361,1,0.000000054352
0x0367,4,0.000000217408
0x0369,4,0.000000217408
0x036a,4,0.000000217408
0x036c,4,0.000000217408
0x036f,4,0.000000217408
0x0370,4,0.000000217408
0x0371,4,0.000000217408
0x0373,4,0.000000217408
0x0376,4,0.000000217408
0x0377,8363,0.000454546542
0x037a,8363,0.000454546542
0x037b,8363,0.000454546542
0x037c,8363,0.000454546542
0x037d,8363,0.000454546542
0x0380,27,0.000001467506
0x0383,27,0.000001467506
0x0386,27,0.000001467506
0x0389,9828,0.000534172356
0x038a,9828,0.000534172356
0x038b,9828,0.000534172356
0x038c,9828,0.000534172356
0x038d,9828,0.000534172356
0x038e,9828,0.000534172356
0x038f,9828,0.000534172356
0x0390,9828,0.000534172356
0x0393,702,0.000038155168
0x0394,702,0.000038155168
0x0395,702,0.000038155168
0x0396,702,0.000038155168
0x0397,702,0.000038155168
0x0398,702,0.000038155168
0x0399,702,0.000038155168
0x039a,702,0.000038155168
0x039d,27,0.000001467506
0x03a0,84,0.000004565576
0x03a3,84,0.000004565576
0x03a6,34944,0.001899279487
0x03a7,34944,0.001899279487
0x03a8,34944,0.001899279487
0x03a9,34944,0.001899279487
0x03aa,34944,0.001899279487
0x03ab,34944,0.001899279487
0x03ac,34944,0.001899279487
0x03af,84,0.000004565576
0x03b0,6345,0.000344864021
0x03b3,6345,0.000344864021
0x03b6,6345,0.000344864021
0x03b9,4437,0.000241160230
0x03bc,4437,0.000241160230
0x03bf,4435,0.000241051526
0x03c2,4435,0.000241051526
0x03c5,4435,0.000241051526
0x03c8,2517,0.000136804214
0x03cb,2517,0.000136804214
0x03ce,6341,0.000344646612
0x03d1,6341,0.000344646612
0x03d4,6341,0.000344646612
0x03d5,6341,0.000344646612
0x03d7,6341,0.000344646612
0x03d8,6341,0.000344646612
0x03d9,6341,0.000344646612
0x03e2,2,0.000000108704
0x03e5,2,0.000000108704
0x03e8,2,0.000000108704
0x03eb,2,0.000000108704
0x03ee,2,0.000000108704
0x03f1,4,0.000000217408
0x03f4,4,0.000000217408
0x03f5,4,0.000000217408
0x03f7,4,0.000000217408
0x03f8,4,0.000000217408
0x03fa,4,0.000000217408
0x03fb,4,0.000000217408
0x03fc,4,0.000000217408
0x03fd,4,0.000000217408
0x0400,8590,0.000466884466
0x0403,8590,0.000466884466
0x0406,8590,0.000466884466
0x0407,8590,0.000466884466
0x0408,8590,0.000466884466
0x0409,8590,0.000466884466
0x040a,8590,0.000466884466
0x040b,8590,0.000466884466
0x040c,8590,0.000466884466
0x040d,8590,0.000466884466
0x041e,21,0.000001141394
0x0421,21,0.000001141394
0x0423,21,0.000001141394
0x0424,21,0.000001141394
0x0427,21,0.000001141394
0x0429,21,0.000001141394
0x042a,21,0.000001141394
0x042d,21,0.000001141394
0x0430,5,0.000000271760
0x0433,5,0.000000271760
0x0435,5,0.000000271760
0x0436,5,0.000000271760
0x0438,5,0.000000271760
0x043a,5,0.000000271760
0x043b,5,0.000000271760
0x043d,5,0.000000271760
0x043f,5,0.000000271760
0x0440,2,0.000000108704
0x0441,2,0.000000108704
0x0442,2,0.000000108704
0x0443,2,0.000000108704
0x0445,2,0.000000108704
0x04ac,901,0.000048971234
0x04af,901,0.000048971234
0x04b0,901,0.000048971234
0x04b1,901,0.000048971234
0x04b2,901,0.000048971234
0x04b4,901,0.000048971234
0x04b5,901,0.000048971234
0x04b6,893,0.000048536418
0x04b8,893,0.000048536418
0x04ba,893,0.000048536418
0x04bd,888,0.000048264657
0x04bf,888,0.000048264657
0x04c1,888,0.000048264657
0x04c2,888,0.000048264657
0x04c4,888,0.000048264657
0x04c6,888,0.000048264657
0x04c9,447,0.000024295385
0x04cc,447,0.000024295385
0x04cd,447,0.000024295385
0x04d0,447,0.000024295385
0x04d1,447,0.000024295385
0x04d2,447,0.000024295385
0x04d4,447,0.000024295385
0x04d7,447,0.000024295385
0x04df,447,0.000024295385
0x04e1,447,0.000024295385
0x04e4,447,0.000024295385
0x04e6,441,0.000023969272
0x04e9,441,0.000023969272
0x04ea,441,0.000023969272
0x04eb,441,0.000023969272
0x04ee,441,0.000023969272
0x04f4,441,0.000023969272
0x04f6,441,0.000023969272
0x04f9,441,0.000023969272
0x04fb,2646,0.000143815634
0x04fd,2646,0.000143815634
0x04fe,2646,0.000143815634
0x0501,2646,0.000143815634
0x0502,2646,0.000143815634
0x0505,441,0.000023969272
0x0506,16,0.000000869633
0x0509,16,0.000000869633
0x050b,16,0.000000869633
0x050e,16,0.000000869633
0x0511,16,0.000000869633
0x0514,16,0.000000869633
0x0515,16,0.000000869633
0x0518,16,0.000000869633
0x051b,16,0.000000869633
0x051d,16,0.000000869633
0x0520,16,0.000000869633
0x0523,16,0.000000869633
0x0526,16,0.000000869633
0x0529,16,0.000000869633
0x052c,16,0.000000869633
0x052f,16,0.000000869633
0x0532,16,0.000000869633
0x0535,16,0.000000869633
0x0537,16,0.000000869633
0x053a,16,0.000000869633
0x053d,16,0.000000869633
0x0540,16,0.000000869633
0x0543,16,0.000000869633
0x0547,16,0.000000869633
0x054a,16,0.000000869633
0x054d,16,0.000000869633
0x054f,16,0.000000869633
0x0552,16,0.000000869633
0x0555,16,0.000000869633
0x0557,16,0.000000869633
0x055a,16,0.000000869633
0x0580,18,0.000000978338
0x0583,18,0.000000978338
0x0586,18,0.000000978338
0x0588,18,0.000000978338
0x0589,18,0.000000978338
0x058a,18,0.000000978338
0x058b,18,0.000000978338
0x058d,18,0.000000978338
0x0590,18,0.000000978338
0x0592,18,0.000000978338
0x0595,18,0.000000978338
0x05d8,98,0.000005326505
0x05d9,4368,0.000237409936
0x05da,4368,0.000237409936
0x05db,4368,0.000237409936
0x05dc,4368,0.000237409936
0x05df,98,0.000005326505
0x05e0,984,0.000053482458
0x05e1,984,0.000053482458
0x05e2,984,0.000053482458
0x05e3,984,0.000053482458
0x05e4,984,0.000053482458
0x05e5,984,0.000053482458
0x05e8,38,0.000002065379
0x05ec,16,0.000000869633
0x05ef,16,0.000000869633
0x05f2,16,0.000000869633
0x05f4,16,0.000000869633
0x05f5,16,0.000000869633
0x05f6,16,0.000000869633
0x05f7,16,0.000000869633
0x05f8,16,0.000000869633
0x05f9,16,0.000000869633
0x05fa,100,0.000005435209
0x05fd,100,0.000005435209
0x0600,100,0.000005435209
0x0601,100,0.000005435209
0x0602,100,0.000005435209
0x0603,1511,0.000082126010
0x0604,1511,0.000082126010
0x0605,1511,0.000082126010
0x0606,1511,0.000082126010
0x0607,1511,0.000082126010
0x0608,1511,0.000082126010
0x0609,1511,0.000082126010
0x060a,1511,0.000082126010
0x060d,96,0.000005217801
0x0610,16,0.000000869633
0x0613,16,0.000000869633
0x0616,16,0.000000869633
0x0617,16,0.000000869633
0x0619,16,0.000000869633
0x061a,16,0.000000869633
0x061b,16,0.000000869633
0x061c,16,0.000000869633
0x061d,16,0.000000869633
0x061e,16,0.000000869633
0x061f,16,0.000000869633
0x0621,16,0.000000869633
0x0624,16,0.000000869633
0x0627,16,0.000000869633
0x0628,16,0.000000869633
0x0629,16,0.000000869633
0x062a,167,0.000009076799
0x062b,167,0.000009076799
0x062c,167,0.000009076799
0x062d,167,0.000009076799
0x062e,167,0.000009076799
0x062f,167,0.000009076799
0x0630,167,0.000009076799
0x0631,167,0.000009076799
0x0632,167,0.000009076799
0x0633,167,0.000009076799
0x0634,167,0.000009076799
0x0635,167,0.000009076799
0x0638,12,0.000000652225
0x0650,16,0.000000869633
0x0653,16,0.000000869633
0x0656,16,0.000000869633
0x0658,16,0.000000869633
0x0659,16,0.000000869633
0x065a,16,0.000000869633
0x065b,16,0.000000869633
0x065c,16,0.000000869633
0x065d,16,0.000000869633
0x065e,16,0.000000869633
0x0661,16,0.000000869633
0x0664,16,0.000000869633
0x0665,16,0.000000869633
0x0666,16,0.000000869633
0x0667,167,0.000009076799
0x0668,167,0.000009076799
0x0669,167,0.000009076799
0x066a,167,0.000009076799
0x066b,167,0.000009076799
0x066c,167,0.000009076799
0x066f,12,0.000000652225
0x067a,2534,0.000137728200
0x067d,2534,0.000137728200
0x067e,2534,0.000137728200
0x067f,2534,0.000137728200
0x0682,2534,0.000137728200
0x0684,2534,0.000137728200
0x0685,320,0.000017392669
0x0688,320,0.000017392669
0x068b,320,0.000017392669
0x068c,320,0.000017392669
0x068d,320,0.000017392669
0x068e,320,0.000017392669
0x068f,320,0.000017392669
0x0691,320,0.000017392669
0x0692,320,0.000017392669
0x0693,320,0.000017392669
0x0695,320,0.000017392669
0x0696,320,0.000017392669
0x0697,320,0.000017392669
0x0698,320,0.000017392669
0x0699,8331,0.000452807275
0x069a,8331,0.000452807275
0x069b,8331,0.000452807275
0x069c,8331,0.000452807275
0x069d,8331,0.000452807275
0x069e,8331,0.000452807275
0x069f,8331,0.000452807275
0x06a2,1280,0.000069570677
0x06a3,1280,0.000069570677
0x06a4,1280,0.000069570677
0x06a5,1280,0.000069570677
0x06a8,320,0.000017392669
0x06a9,320,0.000017392669
0x06ac,320,0.000017392669
0x06b0,2401,0.000130499372
0x06b3,2401,0.000130499372
0x06b6,2401,0.000130499372
0x06b7,2401,0.000130499372
0x06b8,2401,0.000130499372
0x06b9,14,0.000000760929
0x06ba,14,0.000000760929
0x06bb,14,0.000000760929
0x06bc,14,0.000000760929
0x06bd,14,0.000000760929
0x06be,14,0.000000760929
0x06bf,14,0.000000760929
0x06c0,14,0.000000760929
0x06c1,14,0.000000760929
0x06c2,14,0.000000760929
0x06c3,14,0.000000760929
0x06c4,14,0.000000760929
0x06c5,14,0.000000760929
0x06c8,14,0.000000760929
0x06ca,14,0.000000760929
0x06cb,14,0.000000760929
0x06cc,14,0.000000760929
0x06cd,14,0.000000760929
0x06cf,14,0.000000760929
0x06d0,14,0.000000760929
0x06d1,14,0.000000760929
0x06d2,14,0.000000760929
0x06d3,14,0.000000760929
0x06d4,14,0.000000760929
0x06d5,14,0.000000760929
0x06d7,14,0.000000760929
0x06d8,14,0.000000760929
0x06da,14,0.000000760929
0x06db,14,0.000000760929
0x06de,14,0.000000760929
0x06df,14,0.000000760929
0x06e1,14,0.000000760929
0x06e2,14,0.000000760929
0x06e3,14,0.000000760929
0x06e4,14,0.000000760929
0x06e7,14,0.000000760929
0x06e8,447,0.000024295385
0x06eb,447,0.000024295385
0x06ed,447,0.000024295385
0x06f0,2401,0.000130499372
0x06f3,2401,0.000130499372
0x06f6,2401,0.000130499372
0x0700,5245,0.000285076720
0x0703,5245,0.000285076720
0x0706,15735,0.000855230160
0x0709,15735,0.000855230160
0x070a,15735,0.000855230160
0x070c,15735,0.000855230160
0x070d,15735,0.000855230160
0x070f,15735,0.000855230160
0x0710,15735,0.000855230160
0x0711,15735,0.000855230160
0x0713,15735,0.000855230160
0x0716,5245,0.000285076720
0x0718,52085,0.002830928688
0x071b,52085,0.002830928688
0x0720,52085,0.002830928688
0x0721,52085,0.002830928688
0x0722,52085,0.002830928688
0x0724,52085,0.002830928688
0x0725,21549,0.001171233221
0x0726,21549,0.001171233221
0x0728,21549,0.001171233221
0x0729,21549,0.001171233221
0x072a,21549,0.001171233221
0x072b,21549,0.001171233221
0x072c,21549,0.001171233221
0x072e,21549,0.001171233221
0x0730,21549,0.001171233221
0x0731,21549,0.001171233221
0x0733,21549,0.001171233221
0x0734,21549,0.001171233221
0x0740,52085,0.002830928688
0x0741,52085,0.002830928688
0x0742,52085,0.002830928688
0x0744,52085,0.002830928688
0x0745,22964,0.001248141430
0x0746,22964,0.001248141430
0x0748,22964,0.001248141430
0x0749,22964,0.001248141430
0x074a,22964,0.001248141430
0x074b,22964,0.001248141430
0x074c,22964,0.001248141430
0x074d,22964,0.001248141430
0x074f,22964,0.001248141430
0x0750,22964,0.001248141430
0x0751,22964,0.001248141430
0x0752,22964,0.001248141430
0x0754,22964,0.001248141430
0x0755,22964,0.001248141430
0x0757,22964,0.001248141430
0x0758,22964,0.001248141430
0x0763,3723,0.000202352837
0x0764,3723,0.000202352837
0x0765,3723,0.000202352837
0x0766,3723,0.000202352837
0x0767,3723,0.000202352837
0x0768,3723,0.000202352837
0x0769,3723,0.000202352837
0x076a,3723,0.000202352837
0x076b,3723,0.000202352837
0x076d,5084,0.000276326033
0x076e,5084,0.000276326033
0x076f,5084,0.000276326033
0x0770,5084,0.000276326033
0x0771,5084,0.000276326033
0x0772,5084,0.000276326033
0x0773,5084,0.000276326033
0x0774,5084,0.000276326033
0x0775,5084,0.000276326033
0x0776,5084,0.000276326033
0x0779,10315,0.000560641824
0x077a,10315,0.000560641824
0x077b,10315,0.000560641824
0x077c,10315,0.000560641824
0x077d,10315,0.000560641824
0x077e,10315,0.000560641824
0x077f,10315,0.000560641824
0x0780,10315,0.000560641824
0x0783,10315,0.000560641824
0x0784,10315,0.000560641824
0x0785,10315,0.000560641824
0x0786,10315,0.000560641824
0x0788,10351,0.000562598500
0x0789,10351,0.000562598500
0x078a,10351,0.000562598500
0x078b,10351,0.000562598500
0x078c,10351,0.000562598500
0x078d,10351,0.000562598500
0x078e,10351,0.000562598500
0x078f,10351,0.000562598500
0x0790,10351,0.000562598500
0x0792,10351,0.000562598500
0x0793,10351,0.000562598500
0x0794,10351,0.000562598500
0x0795,10351,0.000562598500
0x0798,10351,0.000562598500
0x0799,10351,0.000562598500
0x079a,10351,0.000562598500
0x079b,10351,0.000562598500
0x079e,844,0.000045873165
0x079f,844,0.000045873165
0x07a0,844,0.000045873165
0x07a1,844,0.000045873165
0x07a2,844,0.000045873165
0x07a3,844,0.000045873165
0x07a4,844,0.000045873165
0x07a5,844,0.000045873165
0x07a6,844,0.000045873165
0x07a7,844,0.000045873165
0x07a8,844,0.000045873165
0x07aa,847,0.000046036222
0x07ab,847,0.000046036222
0x07ac,847,0.000046036222
0x07ad,847,0.000046036222
0x07ae,847,0.000046036222
0x07af,847,0.000046036222
0x07b0,847,0.000046036222
0x07b1,847,0.000046036222
0x07b2,847,0.000046036222
0x07b4,847,0.000046036222
0x07b5,847,0.000046036222
0x07b6,847,0.000046036222
0x07b7,847,0.000046036222
0x07b8,847,0.000046036222
0x07b9,847,0.000046036222
0x07ba,847,0.000046036222
0x07bb,847,0.000046036222
0x07be,6667,0.000362365394
0x07bf,6667,0.000362365394
0x07c0,6667,0.000362365394
0x07c1,6667,0.000362365394
0x07c2,6667,0.000362365394
0x07c3,6667,0.000362365394
0x07c4,6667,0.000362365394
0x07c5,6667,0.000362365394
0x07c6,6667,0.000362365394
0x07c7,6667,0.000362365394
0x07ca,6667,0.000362365394
0x07cb,6667,0.000362365394
0x07cc,6667,0.000362365394
0x07cd,6667,0.000362365394
0x07ce,6667,0.000362365394
0x07cf,6667,0.000362365394
0x07d2,6682,0.000363180676
0x07d3,6682,0.000363180676
0x07d4,6682,0.000363180676
0x07d5,6682,0.000363180676
0x07d6,6682,0.000363180676
0x07d7,6682,0.000363180676
0x07d8,6682,0.000363180676
0x07d9,6682,0.000363180676
0x07da,6682,0.000363180676
0x07dc,6696,0.000363941605
0x07dd,6696,0.000363941605
0x07de,6696,0.000363941605
0x07df,6696,0.000363941605
0x07e0,6696,0.000363941605
0x07e1,6696,0.000363941605
0x07e2,6696,0.000363941605
0x07e3,6696,0.000363941605
0x07e4,6696,0.000363941605
0x07e7,6696,0.000363941605
0x07e8,6696,0.000363941605
0x07e9,6696,0.000363941605
0x07ea,6696,0.000363941605
0x07eb,6696,0.000363941605
0x07ec,6696,0.000363941605
0x07ed,6696,0.000363941605
0x07ee,6696,0.000363941605
0x07f0,5,0.000000271760
0x07f3,5,0.000000271760
0x07f6,5,0.000000271760
0x07f9,5,0.000000271760
0x0800,6296,0.000342200768
0x0803,6296,0.000342200768
0x0806,6296,0.000342200768
0x0807,6296,0.000342200768
0x0809,6296,0.000342200768
0x080a,6296,0.000342200768
0x080b,6296,0.000342200768
0x080c,6296,0.000342200768
0x080d,6296,0.000342200768
0x080e,6296,0.000342200768
0x080f,6296,0.000342200768
0x0834,813,0.000044188250
0x0837,813,0.000044188250
0x083a,813,0.000044188250
0x083b,813,0.000044188250
0x083c,813,0.000044188250
0x083e,813,0.000044188250
0x083f,84,0.000004565576
0x0842,84,0.000004565576
0x0845,84,0.000004565576
0x0848,155,0.000008424574
0x084b,155,0.000008424574
0x084c,155,0.000008424574
0x084d,155,0.000008424574
0x084e,5,0.000000271760
0x0850,5,0.000000271760
0x0851,5,0.000000271760
0x0853,5,0.000000271760
0x0855,5,0.000000271760
0x085a,84,0.000004565576
0x085d,84,0.000004565576
0x085f,84,0.000004565576
0x0860,68,0.000003695942
0x0862,68,0.000003695942
0x0864,68,0.000003695942
0x0865,52,0.000002826309
0x0867,52,0.000002826309
0x0869,52,0.000002826309
0x086a,36,0.000001956675
0x086c,36,0.000001956675
0x086e,36,0.000001956675
0x086f,20,0.000001087042
0x0871,20,0.000001087042
0x0876,5245,0.000285076720
0x0879,5245,0.000285076720
0x087c,5245,0.000285076720
0x087f,5245,0.000285076720
0x0882,5245,0.000285076720
0x0885,5245,0.000285076720
0x0886,5245,0.000285076720
0x0889,5245,0.000285076720
0x088b,28845,0.001567786081
0x088c,28845,0.001567786081
0x088d,28845,0.001567786081
0x088e,28845,0.001567786081
0x088f,28845,0.001567786081
0x0890,28845,0.001567786081
0x0891,28845,0.001567786081
0x0892,28845,0.001567786081
0x0893,28845,0.001567786081
0x0894,28845,0.001567786081
0x0897,7867,0.000427587904
0x08a0,5245,0.000285076720
0x08a3,5245,0.000285076720
0x08a6,5245,0.000285076720
0x08a9,5245,0.000285076720
0x08ac,5245,0.000285076720
0x08ae,5245,0.000285076720
0x08b0,5245,0.000285076720
0x08c4,5245,0.000285076720
0x08c7,5245,0.000285076720
0x08c8,5245,0.000285076720
0x08ca,5245,0.000285076720
0x08cd,5121,0.000278337061
0x08cf,5121,0.000278337061
0x08d0,5121,0.000278337061
0x08d1,5121,0.000278337061
0x08d4,4737,0.000257465858
0x08d6,4737,0.000257465858
0x08d9,4737,0.000257465858
0x08dc,2,0.000000108704
0x08de,2,0.000000108704
0x08e0,2,0.000000108704
0x08e2,2,0.000000108704
0x08e3,2,0.000000108704
0x08e5,2,0.000000108704
0x08e6,2,0.000000108704
0x08e8,2,0.000000108704
0x08ea,386,0.000020979907
0x08eb,5121,0.000278337061
0x08ed,5121,0.000278337061
0x08f0,5121,0.000278337061
0x08f3,5121,0.000278337061
0x0900,5121,0.000278337061
0x0903,5121,0.000278337061
0x0904,5121,0.000278337061
0x0906,5121,0.000278337061
0x0907,4212,0.000228931010
0x0909,4212,0.000228931010
0x090c,2146,0.000116639588
0x090d,2146,0.000116639588
0x090f,2146,0.000116639588
0x0910,2146,0.000116639588
0x0911,2146,0.000116639588
0x0913,2146,0.000116639588
0x0916,2146,0.000116639588
0x0917,2066,0.000112291421
0x0918,2066,0.000112291421
0x091a,2066,0.000112291421
0x091b,2066,0.000112291421
0x091c,2066,0.000112291421
0x091e,2066,0.000112291421
0x0921,2066,0.000112291421
0x0926,5252,0.000285457185
0x0927,5252,0.000285457185
0x0929,5252,0.000285457185
0x092a,5252,0.000285457185
0x092b,5252,0.000285457185
0x092c,5252,0.000285457185
0x092d,5252,0.000285457185
0x092e,5252,0.000285457185
0x0930,5245,0.000285076720
0x0931,5245,0.000285076720
0x0933,5245,0.000285076720
0x0936,3203,0.000174089749
0x0937,3203,0.000174089749
0x0939,3203,0.000174089749
0x093c,3203,0.000174089749
0x093d,131,0.000007120124
0x093e,131,0.000007120124
0x0940,131,0.000007120124
0x0941,131,0.000007120124
0x0942,131,0.000007120124
0x0944,131,0.000007120124
0x0945,131,0.000007120124
0x0946,131,0.000007120124
0x0947,131,0.000007120124
0x094a,131,0.000007120124
0x094c,131,0.000007120124
0x094d,131,0.000007120124
0x094e,131,0.000007120124
0x0951,131,0.000007120124
0x0953,131,0.000007120124
0x0954,131,0.000007120124
0x0955,131,0.000007120124
0x0956,131,0.000007120124
0x0959,131,0.000007120124
0x095c,131,0.000007120124
0x095e,131,0.000007120124
0x0961,131,0.000007120124
0x0964,2042,0.000110986971
0x0965,2042,0.000110986971
0x0966,2042,0.000110986971
0x0967,2042,0.000110986971
0x0968,2042,0.000110986971
0x096a,2042,0.000110986971
0x096b,2042,0.000110986971
0x096d,2042,0.000110986971
0x096e,100,0.000005435209
0x096f,100,0.000005435209
0x0970,100,0.000005435209
0x0971,100,0.000005435209
0x0972,100,0.000005435209
0x0974,100,0.000005435209
0x0975,100,0.000005435209
0x097a,5245,0.000285076720
0x097d,5245,0.000285076720
0x097e,5245,0.000285076720
0x0980,5245,0.000285076720
0x0981,5245,0.000285076720
0x0984,5245,0.000285076720
0x0985,5245,0.000285076720
0x0986,5245,0.000285076720
0x0987,5245,0.000285076720
0x0988,5245,0.000285076720
0x098b,5245,0.000285076720
0x098c,5245,0.000285076720
0x098d,5245,0.000285076720
0x098e,5245,0.000285076720
0x0991,5245,0.000285076720
0x09a0,5261,0.000285946354
0x09a3,5261,0.000285946354
0x09a6,15783,0.000857839061
0x09a9,15783,0.000857839061
0x09aa,15783,0.000857839061
0x09ab,15783,0.000857839061
0x09ac,15783,0.000857839061
0x09ad,15783,0.000857839061
0x09ae,15783,0.000857839061
0x09af,15783,0.000857839061
0x09b0,15783,0.000857839061
0x09b2,15783,0.000857839061
0x09b5,5261,0.000285946354
0x09ba,41788,0.002271265201
0x09bd,41788,0.002271265201
0x09be,41788,0.002271265201
0x09c0,41788,0.002271265201
0x09c1,41788,0.002271265201
0x09c2,41788,0.002271265201
0x09c3,41788,0.002271265201
0x09c4,41788,0.002271265201
0x09c5,41788,0.002271265201
0x09c6,41788,0.002271265201
0x09c7,41788,0.002271265201
0x09c8,41788,0.002271265201
0x09c9,41788,0.002271265201
0x09ca,41788,0.002271265201
0x09cc,41788,0.002271265201
0x09cd,41788,0.002271265201
0x09ce,41788,0.002271265201
0x09cf,41788,0.002271265201
0x09d0,41788,0.002271265201
0x09d1,41788,0.002271265201
0x0a50,1162,0.000063157130
0x0a53,1162,0.000063157130
0x0a56,23240,0.001263142607
0x0a57,23240,0.001263142607
0x0a5a,23240,0.001263142607
0x0a5b,23240,0.001263142607
0x0a5c,23240,0.001263142607
0x0a5e,23240,0.001263142607
0x0a5f,23240,0.001263142607
0x0a61,23240,0.001263142607
0x0a62,23240,0.001263142607
0x0a63,23240,0.001263142607
0x0a64,23240,0.001263142607
0x0a67,1162,0.000063157130
0x0a6c,1089,0.000059189428
0x0a6f,1089,0.000059189428
0x0a72,21780,0.001183788554
0x0a73,21780,0.001183788554
0x0a74,21780,0.001183788554
0x0a75,21780,0.001183788554
0x0a77,21780,0.001183788554
0x0a7a,12895,0.000700870220
0x0a7b,12895,0.000700870220
0x0a7c,12895,0.000700870220
0x0a7d,12895,0.000700870220
0x0a7e,12895,0.000700870220
0x0a7f,12895,0.000700870220
0x0a80,12895,0.000700870220
0x0a81,12895,0.000700870220
0x0a82,12895,0.000700870220
0x0a83,12895,0.000700870220
0x0a84,12895,0.000700870220
0x0a85,12895,0.000700870220
0x0a86,12895,0.000700870220
0x0a87,12895,0.000700870220
0x0a8a,21780,0.001183788554
0x0a8b,21780,0.001183788554
0x0a8c,21780,0.001183788554
0x0a8d,21780,0.001183788554
0x0a8f,21780,0.001183788554
0x0a90,21780,0.001183788554
0x0a91,21780,0.001183788554
0x0a93,21780,0.001183788554
0x0a94,21780,0.001183788554
0x0a96,21780,0.001183788554
0x0a99,1089,0.000059189428
0x0aa0,124,0.000006739659
0x0aa2,124,0.000006739659
0x0aa3,124,0.000006739659
0x0aa4,124,0.000006739659
0x0aa5,124,0.000006739659
0x0aa8,124,0.000006739659
0x0aa9,124,0.000006739659
0x0aac,124,0.000006739659
0x0aae,124,0.000006739659
0x0aaf,124,0.000006739659
0x0ab0,124,0.000006739659
0x0ab3,124,0.000006739659
0x0ab5,124,0.000006739659
0x0ab8,122,0.000006630955
0x0abb,122,0.000006630955
0x0abd,122,0.000006630955
0x0abe,122,0.000006630955
0x0abf,122,0.000006630955
0x0ac0,122,0.000006630955
0x0ac1,122,0.000006630955
0x0ad6,2472,0.000134358370
0x0ad7,2472,0.000134358370
0x0ad8,9888,0.000537433481
0x0ad9,9888,0.000537433481
0x0ada,9888,0.000537433481
0x0adb,9888,0.000537433481
0x0adc,9888,0.000537433481
0x0add,9888,0.000537433481
0x0ae0,2472,0.000134358370
0x0ae1,2472,0.000134358370
0x0ae2,2472,0.000134358370
0x0ae5,2472,0.000134358370
0x0ae6,2472,0.000134358370
0x0ae9,984,0.000053482458
0x0aea,768,0.000041742406
0x0aed,768,0.000041742406
0x0aee,768,0.000041742406
0x0af0,768,0.000041742406
0x0af1,768,0.000041742406
0x0af4,768,0.000041742406
0x0af6,768,0.000041742406
0x0af7,768,0.000041742406
0x0af8,768,0.000041742406
0x0af9,768,0.000041742406
0x0afc,768,0.000041742406
0x0afd,768,0.000041742406
0x0afe,768,0.000041742406
0x0b00,768,0.000041742406
0x0b01,768,0.000041742406
0x0b02,768,0.000041742406
0x0b05,760,0.000041307590
0x0b07,760,0.000041307590
0x0b0a,512,0.000027828271
0x0b0d,504,0.000027393454
0x0b15,8,0.000000434817
0x0b16,8,0.000000434817
0x0b18,8,0.000000434817
0x0b19,8,0.000000434817
0x0b1a,8,0.000000434817
0x0b1c,8,0.000000434817
0x0b1d,8,0.000000434817
0x0b1e,8,0.000000434817
0x0b1f,8,0.000000434817
0x0b20,3,0.000000163056
0x0b21,3,0.000000163056
0x0b22,3,0.000000163056
0x0b25,3,0.000000163056
0x0b26,3,0.000000163056
0x0b27,3,0.000000163056
0x0b28,3,0.000000163056
0x0b29,2,0.000000108704
0x0b2b,2,0.000000108704
0x0b2d,2,0.000000108704
0x0b48,2,0.000000108704
0x0b4b,2,0.000000108704
0x0b4e,2,0.000000108704
0x0b50,2,0.000000108704
0x0b51,2,0.000000108704
0x0b53,2,0.000000108704
0x0b54,2,0.000000108704
0x0b55,2,0.000000108704
0x0b57,2,0.000000108704
0x0b59,2,0.000000108704
0x0b5a,2,0.000000108704
0x0b60,604,0.000032828663
0x0b63,604,0.000032828663
0x0b64,604,0.000032828663
0x0b65,604,0.000032828663
0x0b67,604,0.000032828663
0x0b6a,600,0.000032611255
0x0b6d,600,0.000032611255
0x0b6f,600,0.000032611255
0x0b71,600,0.000032611255
0x0b74,2,0.000000108704
0x0b77,2,0.000000108704
0x0b79,2,0.000000108704
0x0b7b,2,0.000000108704
0x0b7c,2,0.000000108704
0x0b7d,2,0.000000108704
0x0b7e,2,0.000000108704
0x0b7f,2,0.000000108704
0x0b80,2,0.000000108704
0x0b82,2,0.000000108704
0x0b83,2,0.000000108704
0x0b84,2,0.000000108704
0x0b85,2,0.000000108704
0x0b87,2,0.000000108704
0x0b88,2,0.000000108704
0x0b89,2,0.000000108704
0x0b8a,2,0.000000108704
0x0b8b,2,0.000000108704
0x0b95,598,0.000032502551
0x0b98,598,0.000032502551
0x0b9b,598,0.000032502551
0x0ba0,248,0.000013479319
0x0ba3,248,0.000013479319
0x0ba4,248,0.000013479319
0x0ba6,248,0.000013479319
0x0ba8,248,0.000013479319
0x0ba9,93,0.000005054745
0x0bab,93,0.000005054745
0x0bac,62,0.000003369830
0x0bad,62,0.000003369830
0x0bae,62,0.000003369830
0x0baf,62,0.000003369830
0x0bb2,62,0.000003369830
0x0bba,504,0.000027393454
0x0bbb,504,0.000027393454
0x0bbc,504,0.000027393454
0x0bbf,256,0.000013914135
0x0bc0,256,0.000013914135
0x0bc1,256,0.000013914135
0x0bc4,128,0.000006957068
0x0bca,2,0.000000108704
0x0bcd,2,0.000000108704
0x0bd0,2,0.000000108704
0x0bd2,2,0.000000108704
0x0bd3,2,0.000000108704
0x0bd4,2,0.000000108704
0x0bd6,2,0.000000108704
0x0bd9,2,0.000000108704
0x0bdc,2,0.000000108704
0x0bdf,2,0.000000108704
0x0be2,2,0.000000108704
0x0be5,2,0.000000108704
0x0be8,2,0.000000108704
0x0beb,2,0.000000108704
0x0bee,2,0.000000108704
0x0bf1,2,0.000000108704
0x0c00,2,0.000000108704
0x0c01,2,0.000000108704
0x0c02,2,0.000000108704
0x0c04,2,0.000000108704
0x0c05,2,0.000000108704
0x0c07,2,0.000000108704
0x0c08,2,0.000000108704
0x0c09,2,0.000000108704
0x0c0a,2,0.000000108704
0x0c0b,2,0.000000108704
0x0c0c,2,0.000000108704
0x0c0f,2,0.000000108704
0x0c10,2,0.000000108704
0x0c11,2,0.000000108704
0x0c13,2,0.000000108704
0x0c16,2,0.000000108704
0x0c18,2,0.000000108704
0x0c40,2622,0.000142511184
0x0c43,2622,0.000142511184
0x0c45,2622,0.000142511184
0x0c48,2622,0.000142511184
0x0c4b,2622,0.000142511184
0x0c4e,2622,0.000142511184
0x0c51,2622,0.000142511184
0x0c56,2622,0.000142511184
0x0c59,13110,0.000712555920
0x0c5a,13110,0.000712555920
0x0c5d,13110,0.000712555920
0x0c5e,13110,0.000712555920
0x0c5f,13110,0.000712555920
0x0c61,13110,0.000712555920
0x0c62,13110,0.000712555920
0x0c64,13110,0.000712555920
0x0c67,2622,0.000142511184
0x0c6b,2622,0.000142511184
0x0c6e,2622,0.000142511184
0x0c71,13110,0.000712555920
0x0c74,13110,0.000712555920
0x0c75,13110,0.000712555920
0x0c76,13110,0.000712555920
0x0c77,13110,0.000712555920
0x0c78,13110,0.000712555920
0x0c79,13110,0.000712555920
0x0c7a,13110,0.000712555920
0x0c7b,13110,0.000712555920
0x0c7d,13110,0.000712555920
0x0c80,2622,0.000142511184
0x0c84,13110,0.000712555920
0x0c85,13110,0.000712555920
0x0c87,13110,0.000712555920
0x0c88,1748,0.000095007456
0x0c89,1748,0.000095007456
0x0c8a,1748,0.000095007456
0x0c8b,1748,0.000095007456
0x0c8c,1748,0.000095007456
0x0c8e,1748,0.000095007456
0x0c8f,1748,0.000095007456
0x0c90,1748,0.000095007456
0x0c91,1748,0.000095007456
0x0c92,1748,0.000095007456
0x0c94,1748,0.000095007456
0x0c95,1748,0.000095007456
0x0c97,1748,0.000095007456
0x0c9a,1704,0.000092615964
0x0c9b,1704,0.000092615964
0x0c9e,1704,0.000092615964
0x0c9f,1704,0.000092615964
0x0ca0,1704,0.000092615964
0x0ca2,1704,0.000092615964
0x0ca3,1704,0.000092615964
0x0ca4,1704,0.000092615964
0x0ca5,1704,0.000092615964
0x0ca6,1704,0.000092615964
0x0ca7,1704,0.000092615964
0x0ca8,1704,0.000092615964
0x0ca9,1704,0.000092615964
0x0caa,1704,0.000092615964
0x0cac,1704,0.000092615964
0x0caf,1698,0.000092289851
0x0cb4,1704,0.000092615964
0x0cb6,1704,0.000092615964
0x0cb7,360,0.000019566753
0x0cb9,360,0.000019566753
0x0cba,184,0.000010000785
0x0cbd,184,0.000010000785
0x0cbe,184,0.000010000785
0x0cbf,57,0.000003098069
0x0cc2,57,0.000003098069
0x0cc3,57,0.000003098069
0x0cc4,8,0.000000434817
0x0cc6,8,0.000000434817
0x0cc9,8,0.000000434817
0x0ccb,8,0.000000434817
0x0cce,8,0.000000434817
0x0cd0,8,0.000000434817
0x0cd3,8,0.000000434817
0x0cd8,2622,0.000142511184
0x0cdb,2622,0.000142511184
0x0cde,13110,0.000712555920
0x0cdf,13110,0.000712555920
0x0ce2,13110,0.000712555920
0x0ce3,13110,0.000712555920
0x0ce4,13110,0.000712555920
0x0ce6,13110,0.000712555920
0x0ce7,13110,0.000712555920
0x0ce9,13110,0.000712555920
0x0cea,13110,0.000712555920
0x0ceb,13110,0.000712555920
0x0cec,13110,0.000712555920
0x0cef,2622,0.000142511184
0x0cf4,5,0.000000271760
0x0cf5,5,0.000000271760
0x0cf6,5,0.000000271760
0x0d1c,1073,0.000058319794
0x0d1f,1073,0.000058319794
0x0d22,17168,0.000933116708
0x0d25,17168,0.000933116708
0x0d26,17168,0.000933116708
0x0d27,17168,0.000933116708
0x0d28,17168,0.000933116708
0x0d2a,17168,0.000933116708
0x0d2b,17168,0.000933116708
0x0d2e,1073,0.000058319794
0x0d30,17168,0.000933116708
0x0d31,17168,0.000933116708
0x0d32,17168,0.000933116708
0x0d33,17168,0.000933116708
0x0d34,17168,0.000933116708
0x0d35,17168,0.000933116708
0x0d37,17168,0.000933116708
0x0d38,12721,0.000691412957
0x0d39,12721,0.000691412957
0x0d3a,12721,0.000691412957
0x0d3b,12721,0.000691412957
0x0d3c,12721,0.000691412957
0x0d3e,12721,0.000691412957
0x0d3f,12721,0.000691412957
0x0d41,12721,0.000691412957
0x0d42,12721,0.000691412957
0x0d43,12721,0.000691412957
0x0d46,11846,0.000643854876
0x0d47,11846,0.000643854876
0x0d48,11846,0.000643854876
0x0d4b,1560,0.000084789263
0x0d4c,1560,0.000084789263
0x0d4d,1560,0.000084789263
0x0d4e,1560,0.000084789263
0x0d4f,2435,0.000132347343
0x0d50,2435,0.000132347343
0x0d51,2435,0.000132347343
0x0d52,2435,0.000132347343
0x0d53,2435,0.000132347343
0x0d54,2435,0.000132347343
0x0d55,2435,0.000132347343
0x0d57,2435,0.000132347343
0x0d58,2435,0.000132347343
0x0d59,962,0.000052286712
0x0d5a,962,0.000052286712
0x0d5e,10286,0.000559065614
0x0d5f,10286,0.000559065614
0x0d60,10286,0.000559065614
0x0d61,10286,0.000559065614
0x0d62,10286,0.000559065614
0x0d64,10286,0.000559065614
0x0d65,10286,0.000559065614
0x0d66,1509,0.000082017306
0x0d67,1509,0.000082017306
0x0d70,1073,0.000058319794
0x0d73,1073,0.000058319794
0x0d76,17168,0.000933116708
0x0d79,17168,0.000933116708
0x0d7a,17168,0.000933116708
0x0d7c,17168,0.000933116708
0x0d7d,17168,0.000933116708
0x0d7f,17168,0.000933116708
0x0d80,17168,0.000933116708
0x0d83,1073,0.000058319794
0x0d86,17168,0.000933116708
0x0d87,17168,0.000933116708
0x0d88,17168,0.000933116708
0x0d89,17168,0.000933116708
0x0d8a,17168,0.000933116708
0x0d8b,17168,0.000933116708
0x0d8d,17168,0.000933116708
0x0d8e,12713,0.000690978140
0x0d8f,12713,0.000690978140
0x0d90,12713,0.000690978140
0x0d91,12713,0.000690978140
0x0d94,12713,0.000690978140
0x0d95,12713,0.000690978140
0x0d96,12713,0.000690978140
0x0d97,12713,0.000690978140
0x0d99,12713,0.000690978140
0x0d9a,12713,0.000690978140
0x0d9c,12713,0.000690978140
0x0d9d,12713,0.000690978140
0x0d9f,12713,0.000690978140
0x0da0,12713,0.000690978140
0x0da1,12713,0.000690978140
0x0da2,12713,0.000690978140
0x0da3,12713,0.000690978140
0x0da4,12713,0.000690978140
0x0da5,12713,0.000690978140
0x0da6,12713,0.000690978140
0x0da7,12713,0.000690978140
0x0da8,12713,0.000690978140
0x0dab,11704,0.000636136879
0x0dac,11704,0.000636136879
0x0daf,1400,0.000076092928
0x0db0,1400,0.000076092928
0x0db1,1400,0.000076092928
0x0db3,1400,0.000076092928
0x0db4,1400,0.000076092928
0x0db5,1400,0.000076092928
0x0dbb,1009,0.000054841260
0x0dbc,1009,0.000054841260
0x0dbd,1009,0.000054841260
0x0dbf,1009,0.000054841260
0x0dc0,1009,0.000054841260
0x0dc1,1009,0.000054841260
0x0dc2,1009,0.000054841260
0x0dc3,1009,0.000054841260
0x0dc5,1009,0.000054841260
0x0dc6,1009,0.000054841260
0x0dcc,10304,0.000560043951
0x0dcd,10304,0.000560043951
0x0dce,10304,0.000560043951
0x0dcf,10304,0.000560043951
0x0dd1,10304,0.000560043951
0x0dd2,12713,0.000690978140
0x0dd3,12713,0.000690978140
0x0dd5,12713,0.000690978140
0x0dd6,12713,0.000690978140
0x0dd7,12713,0.000690978140
0x0dd8,12713,0.000690978140
0x0dd9,12713,0.000690978140
0x0dda,12713,0.000690978140
0x0dde,52,0.000002826309
0x0ddf,52,0.000002826309
0x0de0,52,0.000002826309
0x0de3,52,0.000002826309
0x0de4,52,0.000002826309
0x0de5,52,0.000002826309
0x0de6,52,0.000002826309
0x0de9,52,0.000002826309
0x0dea,52,0.000002826309
0x0deb,52,0.000002826309
0x0dec,52,0.000002826309
0x0ded,52,0.000002826309
0x0df0,3981,0.000216375676
0x0df3,3981,0.000216375676
0x0df6,3981,0.000216375676
0x0df9,3981,0.000216375676
0x0dfc,3981,0.000216375676
0x0dff,3981,0.000216375676
0x0e10,7962,0.000432751353
0x0e11,7962,0.000432751353
0x0e13,7962,0.000432751353
0x0e14,1517,0.000082452123
0x0e15,1517,0.000082452123
0x0e16,1517,0.000082452123
0x0e17,1517,0.000082452123
0x0e18,1517,0.000082452123
0x0e1a,1517,0.000082452123
0x0e1b,1515,0.000082343419
0x0e1d,1515,0.000082343419
0x0e1e,39,0.000002119732
0x0e20,39,0.000002119732
0x0e23,32,0.000001739267
0x0e25,32,0.000001739267
0x0e26,32,0.000001739267
0x0e27,32,0.000001739267
0x0e29,32,0.000001739267
0x0e2a,32,0.000001739267
0x0e2c,32,0.000001739267
0x0e2d,32,0.000001739267
0x0e2e,32,0.000001739267
0x0e2f,32,0.000001739267
0x0e31,32,0.000001739267
0x0e32,32,0.000001739267
0x0e33,32,0.000001739267
0x0e34,32,0.000001739267
0x0e35,32,0.000001739267
0x0e36,23,0.000001250098
0x0e39,7,0.000000380465
0x0e3a,7,0.000000380465
0x0e3b,7,0.000000380465
0x0e3c,7,0.000000380465
0x0e3d,7,0.000000380465
0x0e3e,7,0.000000380465
0x0e3f,7,0.000000380465
0x0e41,7,0.000000380465
0x0e42,7,0.000000380465
0x0e45,100,0.000005435209
0x0e46,100,0.000005435209
0x0e47,100,0.000005435209
0x0e48,100,0.000005435209
0x0e4a,100,0.000005435209
0x0e4d,98,0.000005326505
0x0e4e,98,0.000005326505
0x0e4f,98,0.000005326505
0x0e51,98,0.000005326505
0x0e52,98,0.000005326505
0x0e55,5,0.000000271760
0x0e58,49,0.000002663252
0x0e59,49,0.000002663252
0x0e5a,49,0.000002663252
0x0e5b,18,0.000000978338
0x0e5c,18,0.000000978338
0x0e5e,18,0.000000978338
0x0e5f,18,0.000000978338
0x0e60,5,0.000000271760
0x0e61,5,0.000000271760
0x0e62,5,0.000000271760
0x0e63,5,0.000000271760
0x0e65,5,0.000000271760
0x0e66,5,0.000000271760
0x0e67,2,0.000000108704
0x0e69,2,0.000000108704
0x0e6a,2,0.000000108704
0x0e6b,2,0.000000108704
0x0e70,23,0.000001250098
0x0e71,23,0.000001250098
0x0e72,23,0.000001250098
0x0e74,23,0.000001250098
0x0e75,23,0.000001250098
0x0e76,23,0.000001250098
0x0e77,23,0.000001250098
0x0e78,23,0.000001250098
0x0e7a,23,0.000001250098
0x0e7b,23,0.000001250098
0x0e7e,154,0.000008370222
0x0e7f,154,0.000008370222
0x0e80,154,0.000008370222
0x0e81,154,0.000008370222
0x0e83,154,0.000008370222
0x0e86,131,0.000007120124
0x0e87,131,0.000007120124
0x0e88,131,0.000007120124
0x0e8a,131,0.000007120124
0x0e8b,131,0.000007120124
0x0e90,106,0.000005761322
0x0e91,106,0.000005761322
0x0e93,106,0.000005761322
0x0e94,106,0.000005761322
0x0e95,47,0.000002554548
0x0e97,47,0.000002554548
0x0e98,47,0.000002554548
0x0e99,26,0.000001413154
0x0e9a,26,0.000001413154
0x0e9b,26,0.000001413154
0x0e9c,26,0.000001413154
0x0e9e,26,0.000001413154
0x0e9f,26,0.000001413154
0x0ea0,23,0.000001250098
0x0ea3,23,0.000001250098
0x0ea4,25,0.000001358802
0x0ea5,25,0.000001358802
0x0ea6,25,0.000001358802
0x0ea7,25,0.000001358802
0x0ea8,25,0.000001358802
0x0ea9,25,0.000001358802
0x0eaa,25,0.000001358802
0x0eac,25,0.000001358802
0x0ead,29,0.000001576211
0x0eae,29,0.000001576211
0x0eb0,29,0.000001576211
0x0eb1,29,0.000001576211
0x0eb2,29,0.000001576211
0x0eb4,29,0.000001576211
0x0eb5,29,0.000001576211
0x0eb6,29,0.000001576211
0x0eb7,29,0.000001576211
0x0eb8,29,0.000001576211
0x0ebb,29,0.000001576211
0x0ebc,29,0.000001576211
0x0ebe,29,0.000001576211
0x0ec1,29,0.000001576211
0x0ec3,29,0.000001576211
0x0ec4,29,0.000001576211
0x0ec5,29,0.000001576211
0x0ec8,1,0.000000054352
0x0ec9,1,0.000000054352
0x0eca,1,0.000000054352
0x0ecb,1,0.000000054352
0x0ecc,1,0.000000054352
0x0ecd,1,0.000000054352
0x0ece,1,0.000000054352
0x0ed5,29,0.000001576211
0x0ed6,29,0.000001576211
0x0ed7,29,0.000001576211
0x0ed8,29,0.000001576211
0x0ed9,29,0.000001576211
0x0eda,29,0.000001576211
0x0edb,29,0.000001576211
0x0edc,29,0.000001576211
0x0ede,29,0.000001576211
0x0ee0,29,0.000001576211
0x0ee2,29,0.000001576211
0x0ee3,29,0.000001576211
0x0ee4,29,0.000001576211
0x0ee5,29,0.000001576211
0x0f00,1078,0.000058591555
0x0f03,1078,0.000058591555
0x0f04,1078,0.000058591555
0x0f06,1078,0.000058591555
0x0f09,1078,0.000058591555
0x0f0b,1078,0.000058591555
0x0f0c,1078,0.000058591555
0x0f0d,1078,0.000058591555
0x0f0e,1078,0.000058591555
0x0f11,1078,0.000058591555
0x0f14,1078,0.000058591555
0x0f15,5,0.000000271760
0x0f16,5,0.000000271760
0x0f17,5,0.000000271760
0x0f1a,5,0.000000271760
0x0f1b,5,0.000000271760
0x0f1d,5,0.000000271760
0x0f1e,5,0.000000271760
0x0f1f,5,0.000000271760
0x0f20,5,0.000000271760
0x0f23,34,0.000001847971
0x0f24,34,0.000001847971
0x0f25,34,0.000001847971
0x0f26,34,0.000001847971
0x0f28,34,0.000001847971
0x0f2b,30,0.000001630563
0x0f2c,30,0.000001630563
0x0f2d,30,0.000001630563
0x0f2f,30,0.000001630563
0x0f30,30,0.000001630563
0x0f33,1,0.000000054352
0x0f38,10,0.000000543521
0x0f39,10,0.000000543521
0x0f3a,10,0.000000543521
0x0f3b,10,0.000000543521
0x0f3d,10,0.000000543521
0x0f3e,6,0.000000326113
0x0f40,6,0.000000326113
0x0f41,6,0.000000326113
0x0f42,6,0.000000326113
0x0f43,6,0.000000326113
0x0f44,6,0.000000326113
0x0f45,6,0.000000326113
0x0f46,4,0.000000217408
0x0f49,4,0.000000217408
0x0f4c,4,0.000000217408
0x0f4d,4,0.000000217408
0x0f4e,4,0.000000217408
0x0f56,2151,0.000116911349
0x0f57,2151,0.000116911349
0x0f58,4297,0.000233550937
0x0f59,4297,0.000233550937
0x0f5b,4297,0.000233550937
0x0f5e,5,0.000000271760
0x0f60,5,0.000000271760
0x0f63,4292,0.000233279177
0x0f64,4292,0.000233279177
0x0f65,4292,0.000233279177
0x0f68,2146,0.000116639588
0x0f69,2146,0.000116639588
0x0f6a,2146,0.000116639588
0x0f6d,2146,0.000116639588
0x0f6e,2146,0.000116639588
0x0f71,1073,0.000058319794
0x0fc0,2868,0.000155881799
0x0fc3,2868,0.000155881799
0x0fc6,2868,0.000155881799
0x0fc9,2868,0.000155881799
0x0fcc,2868,0.000155881799
0x0fcf,2868,0.000155881799
0x0fd2,2868,0.000155881799
0x0fd5,2868,0.000155881799
0x0fd8,5736,0.000311763597
0x0fd9,5736,0.000311763597
0x0fda,5736,0.000311763597
0x0fdb,404,0.000021958245
0x0fdc,404,0.000021958245
0x0fdd,404,0.000021958245
0x0fde,404,0.000021958245
0x0fdf,404,0.000021958245
0x0fe0,404,0.000021958245
0x0fe1,404,0.000021958245
0x0fe2,404,0.000021958245
0x0fe3,404,0.000021958245
0x0fe6,404,0.000021958245
0x0fe7,404,0.000021958245
0x0fe9,404,0.000021958245
0x0fea,404,0.000021958245
0x0fec,404,0.000021958245
0x0fed,404,0.000021958245
0x0fef,404,0.000021958245
0x0ff0,404,0.000021958245
0x0ff1,404,0.000021958245
0x0ff4,404,0.000021958245
0x14e0,948,0.000051525783
0x14e1,948,0.000051525783
0x14e4,948,0.000051525783
0x14e6,948,0.000051525783
0x17e0,8370,0.000454927006
0x17e3,8370,0.000454927006
0x17e5,8370,0.000454927006
0x17e8,8370,0.000454927006
0x1df0,598,0.000032502551
0x1df3,598,0.000032502551
0x1df5,598,0.000032502551
0x1ee0,352,0.000019131936
0x1ee3,352,0.000019131936
0x1ee6,9152,0.000497430342
0x1ee7,9152,0.000497430342
0x1ee8,9152,0.000497430342
0x1ee9,9152,0.000497430342
0x1eec,9152,0.000497430342
0x1eed,9152,0.000497430342
0x1ef0,352,0.000019131936
0x1ef1,352,0.000019131936
0x1ef2,352,0.000019131936
0x1ef4,352,0.000019131936
0x1ef7,352,0.000019131936
0x1ef8,352,0.000019131936
0x1ef9,352,0.000019131936
0x1efa,352,0.000019131936
0x2000,3981,0.000216375676
0x2003,3981,0.000216375676
0x2006,3981,0.000216375676
0x2009,3981,0.000216375676
0x200c,3981,0.000216375676
0x200d,3981,0.000216375676
0x200f,3981,0.000216375676
0x2010,3981,0.000216375676
0x2011,3981,0.000216375676
0x2014,3981,0.000216375676
0x2015,3981,0.000216375676
0x2018,3981,0.000216375676
0x201a,3981,0.000216375676
0x201d,318,0.000017283965
0x201e,318,0.000017283965
0x201f,318,0.000017283965
0x2020,318,0.000017283965
0x2023,80,0.000004348167
0x2025,318,0.000017283965
0x2026,318,0.000017283965
0x2027,318,0.000017283965
0x202a,318,0.000017283965
0x2040,2401,0.000130499372
0x2043,2401,0.000130499372
0x2046,2401,0.000130499372
0x2047,2401,0.000130499372
0x2048,2401,0.000130499372
0x2049,18,0.000000978338
0x204a,18,0.000000978338
0x204b,18,0.000000978338
0x204c,18,0.000000978338
0x204d,18,0.000000978338
0x204e,18,0.000000978338
0x204f,18,0.000000978338
0x2050,18,0.000000978338
0x2051,18,0.000000978338
0x2052,18,0.000000978338
0x2055,18,0.000000978338
0x2057,18,0.000000978338
0x2058,18,0.000000978338
0x2059,18,0.000000978338
0x205a,18,0.000000978338
0x205c,18,0.000000978338
0x205d,18,0.000000978338
0x205e,18,0.000000978338
0x2060,18,0.000000978338
0x2061,18,0.000000978338
0x2062,18,0.000000978338
0x2063,18,0.000000978338
0x2064,18,0.000000978338
0x2065,18,0.000000978338
0x2066,18,0.000000978338
0x2068,18,0.000000978338
0x2069,18,0.000000978338
0x206a,18,0.000000978338
0x206b,18,0.000000978338
0x206c,18,0.000000978338
0x206d,18,0.000000978338
0x2070,128,0.000006957068
0x2071,128,0.000006957068
0x2073,128,0.000006957068
0x2075,128,0.000006957068
0x2076,128,0.000006957068
0x2077,128,0.000006957068
0x2079,128,0.000006957068
0x207a,128,0.000006957068
0x207b,128,0.000006957068
0x207e,128,0.000006957068
0x2081,128,0.000006957068
0x2085,128,0.000006957068
0x2087,128,0.000006957068
0x2088,128,0.000006957068
0x2089,128,0.000006957068
0x208a,128,0.000006957068
0x208c,128,0.000006957068
0x208d,128,0.000006957068
0x208f,128,0.000006957068
0x2090,128,0.000006957068
0x2091,192,0.000010435602
0x2093,192,0.000010435602
0x2094,192,0.000010435602
0x2096,192,0.000010435602
0x2097,192,0.000010435602
0x209a,64,0.000003478534
0x209b,64,0.000003478534
0x209c,64,0.000003478534
0x209d,64,0.000003478534
0x209f,64,0.000003478534
0x20a0,64,0.000003478534
0x20a1,64,0.000003478534
0x20a3,64,0.000003478534
0x20a4,64,0.000003478534
0x20a5,64,0.000003478534
0x20a7,64,0.000003478534
0x20a8,64,0.000003478534
0x20b0,128,0.000006957068
0x20b1,3968,0.000215669099
0x20b2,3968,0.000215669099
0x20b3,3968,0.000215669099
0x20b5,31744,0.001725352794
0x20b7,31744,0.001725352794
0x20b8,31744,0.001725352794
0x20bb,1222,0.000066418256
0x20bc,1222,0.000066418256
0x20bd,1222,0.000066418256
0x20be,1222,0.000066418256
0x20bf,31744,0.001725352794
0x20c0,31744,0.001725352794
0x20c1,31744,0.001725352794
0x20c2,31744,0.001725352794
0x20c5,3968,0.000215669099
0x20c6,3968,0.000215669099
0x20c7,3968,0.000215669099
0x20c8,3968,0.000215669099
0x20c9,3968,0.000215669099
0x20cc,1984,0.000107834550
0x20cd,1984,0.000107834550
0x20cf,1984,0.000107834550
0x20d2,1856,0.000100877482
0x20d3,1856,0.000100877482
0x20d4,1856,0.000100877482
0x20d6,1856,0.000100877482
0x20d7,1856,0.000100877482
0x20d8,1856,0.000100877482
0x20da,1856,0.000100877482
0x20db,1856,0.000100877482
0x20dc,1856,0.000100877482
0x20de,1856,0.000100877482
0x20e1,128,0.000006957068
0x20e2,128,0.000006957068
0x20e8,128,0.000006957068
0x20e9,128,0.000006957068
0x20ea,128,0.000006957068
0x20ec,128,0.000006957068
0x20ed,128,0.000006957068
0x20f0,128,0.000006957068
0x20f1,128,0.000006957068
0x20f2,128,0.000006957068
0x20f3,128,0.000006957068
0x20f4,128,0.000006957068
0x20f6,128,0.000006957068
0x20f7,128,0.000006957068
0x20f8,128,0.000006957068
0x20fa,128,0.000006957068
0x20fb,128,0.000006957068
0x20fc,128,0.000006957068
0x20fd,128,0.000006957068
0x20fe,128,0.000006957068
0x20ff,128,0.000006957068
0x2101,128,0.000006957068
0x2103,128,0.000006957068
0x2104,128,0.000006957068
0x2106,128,0.000006957068
0x2107,128,0.000006957068
0x2108,128,0.000006957068
0x2109,128,0.000006957068
0x210a,128,0.000006957068
0x210d,128,0.000006957068
0x211c,128,0.000006957068
0x211f,128,0.000006957068
0x2120,128,0.000006957068
0x2122,128,0.000006957068
0x2123,96,0.000005217801
0x2125,96,0.000005217801
0x2130,3663,0.000199091711
0x2131,3663,0.000199091711
0x2132,3663,0.000199091711
0x2135,2745,0.000149196491
0x2137,2745,0.000149196491
0x213a,1830,0.000099464328
0x213c,1830,0.000099464328
0x213f,915,0.000049732164
0x2146,318,0.000017283965
0x2147,318,0.000017283965
0x2148,318,0.000017283965
0x214b,158,0.000008587630
0x2150,918,0.000049895220
0x2153,918,0.000049895220
0x2156,918,0.000049895220
0x2160,915,0.000049732164
0x2163,915,0.000049732164
0x2166,915,0.000049732164
0x2169,915,0.000049732164
0x2170,915,0.000049732164
0x2173,915,0.000049732164
0x2180,915,0.000049732164
0x2183,915,0.000049732164
0x2186,915,0.000049732164
0x2189,915,0.000049732164
0x2190,160,0.000008696335
0x2193,160,0.000008696335
0x2196,160,0.000008696335
0x2199,160,0.000008696335
0x219c,160,0.000008696335
0x21a5,158,0.000008587630
0x21a8,158,0.000008587630
0x21ab,158,0.000008587630
0x21ae,158,0.000008587630
0x21b1,158,0.000008587630
0x21dc,352,0.000019131936
0x21dd,352,0.000019131936
0x21de,352,0.000019131936
0x21df,352,0.000019131936
0x21e2,352,0.000019131936
0x21e4,352,0.000019131936
0x21e5,352,0.000019131936
0x21e6,352,0.000019131936
0x21e8,352,0.000019131936
0x21e9,352,0.000019131936
0x21eb,352,0.000019131936
0x21ec,352,0.000019131936
0x21ed,352,0.000019131936
0x21ef,352,0.000019131936
0x21f0,352,0.000019131936
0x21f1,352,0.000019131936
0x21f2,352,0.000019131936
0x21f4,352,0.000019131936
0x21f5,352,0.000019131936
0x21f7,352,0.000019131936
0x21f8,352,0.000019131936
0x21f9,352,0.000019131936
0x21fc,352,0.000019131936
0x2230,165,0.000008968095
0x2233,165,0.000008968095
0x2234,165,0.000008968095
0x2235,165,0.000008968095
0x2236,165,0.000008968095
0x2237,165,0.000008968095
0x2239,165,0.000008968095
0x223b,165,0.000008968095
0x223e,159,0.000008641983
0x2240,159,0.000008641983
0x2243,81,0.000004402519
0x2245,81,0.000004402519
0x2247,81,0.000004402519
0x2249,81,0.000004402519
0x224c,3,0.000000163056
0x224f,3,0.000000163056
0x2250,3,0.000000163056
0x2252,3,0.000000163056
0x2254,3,0.000000163056
0x2260,156,0.000008478926
0x2261,156,0.000008478926
0x2262,156,0.000008478926
0x2263,156,0.000008478926
0x2264,156,0.000008478926
0x2265,156,0.000008478926
0x2267,156,0.000008478926
0x2268,156,0.000008478926
0x2269,156,0.000008478926
0x226b,156,0.000008478926
0x226d,156,0.000008478926
0x226e,156,0.000008478926
0x226f,156,0.000008478926
0x2271,156,0.000008478926
0x2272,156,0.000008478926
0x2273,156,0.000008478926
0x2274,156,0.000008478926
0x2275,156,0.000008478926
0x2276,156,0.000008478926
0x2277,156,0.000008478926
0x2278,156,0.000008478926
0x2279,156,0.000008478926
0x227a,2184,0.000118704968
0x227b,19656,0.001068344711
0x227c,19656,0.001068344711
0x227d,19656,0.001068344711
0x227e,19656,0.001068344711
0x227f,19656,0.001068344711
0x2280,19656,0.001068344711
0x2283,2184,0.000118704968
0x2284,2184,0.000118704968
0x2285,2184,0.000118704968
0x2286,2184,0.000118704968
0x2288,2184,0.000118704968
0x2289,2184,0.000118704968
0x228a,2184,0.000118704968
0x228c,2184,0.000118704968
0x228d,2184,0.000118704968
0x228e,2184,0.000118704968
0x2291,156,0.000008478926
0x2292,6,0.000000326113
0x2295,6,0.000000326113
0x2296,6,0.000000326113
0x2298,6,0.000000326113
0x229b,2,0.000000108704
0x229e,2,0.000000108704
0x22a1,2,0.000000108704
0x22a3,832,0.000045220940
0x22a4,832,0.000045220940
0x22a5,832,0.000045220940
0x22a6,832,0.000045220940
0x22a7,832,0.000045220940
0x22a8,832,0.000045220940
0x22a9,832,0.000045220940
0x22aa,832,0.000045220940
0x22ab,832,0.000045220940
0x22ac,832,0.000045220940
0x22ad,832,0.000045220940
0x22b0,2,0.000000108704
0x22b4,72,0.000003913351
0x22b7,72,0.000003913351
0x22ba,72,0.000003913351
0x22bb,72,0.000003913351
0x22bc,72,0.000003913351
0x22be,72,0.000003913351
0x22c1,1,0.000000054352
0x22c3,1,0.000000054352
0x22c5,1,0.000000054352
0x22ca,49,0.000002663252
0x22cd,49,0.000002663252
0x22ce,49,0.000002663252
0x22d0,49,0.000002663252
0x22d3,1,0.000000054352
0x22d5,1,0.000000054352
0x22d7,1,0.000000054352
0x22d9,1,0.000000054352
0x22db,1,0.000000054352
0x22dd,1,0.000000054352
0x22e0,2,0.000000108704
0x22e2,6,0.000000326113
0x22e5,6,0.000000326113
0x22e8,6,0.000000326113
0x22f0,4,0.000000217408
0x22f3,4,0.000000217408
0x22f4,4,0.000000217408
0x22fa,244,0.000013261910
0x22fd,244,0.000013261910
0x22ff,244,0.000013261910
0x2302,244,0.000013261910
0x2303,4392,0.000238714386
0x2304,4392,0.000238714386
0x2306,4392,0.000238714386
0x2307,4392,0.000238714386
0x2308,4392,0.000238714386
0x2309,4392,0.000238714386
0x230a,4392,0.000238714386
0x230b,4392,0.000238714386
0x230d,4392,0.000238714386
0x230e,4392,0.000238714386
0x230f,4392,0.000238714386
0x2310,4392,0.000238714386
0x2312,4392,0.000238714386
0x2313,4392,0.000238714386
0x2314,4392,0.000238714386
0x2316,4392,0.000238714386
0x2317,4392,0.000238714386
0x231a,488,0.000026523821
0x231b,4392,0.000238714386
0x231c,4392,0.000238714386
0x231f,244,0.000013261910
0x2322,732,0.000039785731
0x2325,732,0.000039785731
0x2326,732,0.000039785731
0x2327,732,0.000039785731
0x2329,732,0.000039785731
0x232a,732,0.000039785731
0x232b,732,0.000039785731
0x232c,732,0.000039785731
0x232e,732,0.000039785731
0x232f,732,0.000039785731
0x2331,732,0.000039785731
0x2334,732,0.000039785731
0x2337,732,0.000039785731
0x2351,1952,0.000106095283
0x2352,1952,0.000106095283
0x2354,1952,0.000106095283
0x2355,413,0.000022447414
0x2356,413,0.000022447414
0x2357,413,0.000022447414
0x2358,413,0.000022447414
0x235a,413,0.000022447414
0x235b,413,0.000022447414
0x235e,413,0.000022447414
0x235f,413,0.000022447414
0x2360,413,0.000022447414
0x2361,413,0.000022447414
0x2362,413,0.000022447414
0x2364,413,0.000022447414
0x2365,413,0.000022447414
0x2366,413,0.000022447414
0x2368,413,0.000022447414
0x2369,413,0.000022447414
0x236a,413,0.000022447414
0x236b,413,0.000022447414
0x236c,413,0.000022447414
0x236e,413,0.000022447414
0x2370,413,0.000022447414
0x2373,368,0.000020001570
0x2375,368,0.000020001570
0x2377,368,0.000020001570
0x237a,368,0.000020001570
0x237b,45,0.000002445844
0x237c,45,0.000002445844
0x237e,45,0.000002445844
0x237f,45,0.000002445844
0x2381,45,0.000002445844
0x2384,45,0.000002445844
0x2385,45,0.000002445844
0x2386,45,0.000002445844
0x2387,45,0.000002445844
0x2389,45,0.000002445844
0x238a,13,0.000000706577
0x238c,13,0.000000706577
0x238d,13,0.000000706577
0x238e,13,0.000000706577
0x2390,13,0.000000706577
0x2391,11,0.000000597873
0x2393,11,0.000000597873
0x23d6,1187,0.000064515933
0x23d9,1187,0.000064515933
0x23da,1187,0.000064515933
0x23dc,1187,0.000064515933
0x23de,1187,0.000064515933
0x2476,20,0.000001087042
0x2477,20,0.000001087042
0x2478,20,0.000001087042
0x247b,20,0.000001087042
0x247d,20,0.000001087042
0x247e,20,0.000001087042
0x2481,20,0.000001087042
0x2483,20,0.000001087042
0x2484,20,0.000001087042
0x2485,20,0.000001087042
0x2487,20,0.000001087042
0x2488,20,0.000001087042
0x2489,20,0.000001087042
0x248a,20,0.000001087042
0x248c,20,0.000001087042
0x248d,20,0.000001087042
0x248f,20,0.000001087042
0x2490,20,0.000001087042
0x2493,20,0.000001087042
0x2495,20,0.000001087042
0x2496,20,0.000001087042
0x2497,20,0.000001087042
0x2498,20,0.000001087042
0x2499,20,0.000001087042
0x249a,20,0.000001087042
0x249b,14,0.000000760929
0x249c,14,0.000000760929
0x249d,14,0.000000760929
0x249e,10,0.000000543521
0x249f,10,0.000000543521
0x24a0,3981,0.000216375676
0x24a3,3981,0.000216375676
0x24a5,3981,0.000216375676
0x24a7,3981,0.000216375676
0x24a8,1952,0.000106095283
0x24ab,1952,0.000106095283
0x24ae,1952,0.000106095283
0x24b1,1952,0.000106095283
0x24b4,1952,0.000106095283
0x24b6,1952,0.000106095283
0x24b8,1952,0.000106095283
0x24b9,488,0.000026523821
0x24c4,1988,0.000108051958
0x24c7,1988,0.000108051958
0x24c9,1988,0.000108051958
0x24cb,1988,0.000108051958
0x24ce,976,0.000053047641
0x24d1,976,0.000053047641
0x24d4,976,0.000053047641
0x24d5,976,0.000053047641
0x24d6,976,0.000053047641
0x24d8,976,0.000053047641
0x24db,732,0.000039785731
0x24e0,976,0.000053047641
0x24e3,976,0.000053047641
0x24e5,976,0.000053047641
0x24e6,61,0.000003315478
0x24e9,61,0.000003315478
0x24eb,61,0.000003315478
0x24ec,61,0.000003315478
0x24f2,488,0.000026523821
0x24f5,488,0.000026523821
0x24f7,488,0.000026523821
0x24f8,488,0.000026523821
0x24f9,488,0.000026523821
0x24fc,488,0.000026523821
0x24fe,488,0.000026523821
0x24ff,488,0.000026523821
0x2500,144,0.000007826701
0x2503,144,0.000007826701
0x2504,144,0.000007826701
0x2505,134,0.000007283180
0x2508,134,0.000007283180
0x2509,134,0.000007283180
0x250a,33,0.000001793619
0x250b,33,0.000001793619
0x250d,33,0.000001793619
0x250e,33,0.000001793619
0x2511,33,0.000001793619
0x2512,33,0.000001793619
0x2513,33,0.000001793619
0x2515,33,0.000001793619
0x2517,33,0.000001793619
0x2518,33,0.000001793619
0x2519,33,0.000001793619
0x251a,33,0.000001793619
0x2560,1075,0.000058428498
0x2563,1075,0.000058428498
0x2564,1075,0.000058428498
0x2566,1075,0.000058428498
0x2567,1075,0.000058428498
0x2568,1075,0.000058428498
0x2569,1075,0.000058428498
0x256a,1075,0.000058428498
0x256b,1075,0.000058428498
0x256d,1075,0.000058428498
0x256e,1075,0.000058428498
0x2570,1075,0.000058428498
0x2572,1075,0.000058428498
0x2575,1075,0.000058428498
0x2576,1075,0.000058428498
0x2577,1075,0.000058428498
0x2578,1075,0.000058428498
0x2579,1075,0.000058428498
0x257b,1075,0.000058428498
0x257c,1075,0.000058428498
0x257f,1075,0.000058428498
0x2581,1075,0.000058428498
0x2582,1075,0.000058428498
0x2585,1075,0.000058428498
0x2587,1075,0.000058428498
0x2588,8528,0.000463514637
0x2589,8528,0.000463514637
0x258c,8504,0.000462210186
0x258d,8504,0.000462210186
0x258e,8504,0.000462210186
0x2590,8504,0.000462210186
0x2591,8504,0.000462210186
0x2592,8504,0.000462210186
0x2595,1051,0.000057124048
0x2596,8528,0.000463514637
0x2597,8528,0.000463514637
0x2599,8528,0.000463514637
0x259a,6326,0.000343831331
0x259b,6326,0.000343831331
0x259c,6326,0.000343831331
0x259e,6326,0.000343831331
0x259f,6326,0.000343831331
0x25a1,6326,0.000343831331
0x25a2,5884,0.000319807707
0x25a3,5884,0.000319807707
0x25a4,5884,0.000319807707
0x25a5,5884,0.000319807707
0x25a6,3820,0.000207624990
0x25a7,3820,0.000207624990
0x25a8,919,0.000049949572
0x25a9,919,0.000049949572
0x25aa,919,0.000049949572
0x25ab,919,0.000049949572
0x25ac,902,0.000049025587
0x25ae,902,0.000049025587
0x25af,24,0.000001304450
0x25b0,24,0.000001304450
0x25b1,24,0.000001304450
0x25b2,24,0.000001304450
0x25b3,24,0.000001304450
0x25b4,24,0.000001304450
0x25b5,24,0.000001304450
0x25b6,24,0.000001304450
0x25b7,107,0.000005815674
0x25ba,107,0.000005815674
0x25bc,107,0.000005815674
0x25be,107,0.000005815674
0x25ca,107,0.000005815674
0x25cd,248,0.000013479319
0x25ce,248,0.000013479319
0x25d0,248,0.000013479319
0x25d3,186,0.000010109489
0x25d4,186,0.000010109489
0x25d6,186,0.000010109489
0x25d7,186,0.000010109489
0x25d8,186,0.000010109489
0x25db,45,0.000002445844
0x25dc,45,0.000002445844
0x25dd,45,0.000002445844
0x25e0,62,0.000003369830
0x25e1,62,0.000003369830
0x25e3,62,0.000003369830
0x25e4,62,0.000003369830
0x25e5,62,0.000003369830
0x25e7,62,0.000003369830
0x25e8,62,0.000003369830
0x25ea,62,0.000003369830
0x25eb,62,0.000003369830
0x25ec,62,0.000003369830
0x25ed,62,0.000003369830
0x25ef,62,0.000003369830
0x25f0,62,0.000003369830
0x25f1,62,0.000003369830
0x25f3,62,0.000003369830
0x25f4,62,0.000003369830
0x25f6,62,0.000003369830
0x25f7,62,0.000003369830
0x25f8,62,0.000003369830
0x25f9,62,0.000003369830
0x25fa,62,0.000003369830
0x25fb,62,0.000003369830
0x25fc,62,0.000003369830
0x25fd,62,0.000003369830
0x2600,1264,0.000068701044
0x2601,1264,0.000068701044
0x2602,1264,0.000068701044
0x2603,1264,0.000068701044
0x2604,1264,0.000068701044
0x2605,1264,0.000068701044
0x2608,1264,0.000068701044
0x2609,1264,0.000068701044
0x260a,1264,0.000068701044
0x260b,1264,0.000068701044
0x260c,1264,0.000068701044
0x260e,1264,0.000068701044
0x2611,1264,0.000068701044
0x2612,1264,0.000068701044
0x2613,1264,0.000068701044
0x2616,1264,0.000068701044
0x2617,1264,0.000068701044
0x261a,722,0.000039242210
0x261d,722,0.000039242210
0x261e,722,0.000039242210
0x2620,722,0.000039242210
0x2621,722,0.000039242210
0x2624,722,0.000039242210
0x2625,722,0.000039242210
0x2626,722,0.000039242210
0x2628,722,0.000039242210
0x2629,722,0.000039242210
0x262b,722,0.000039242210
0x262c,722,0.000039242210
0x262e,722,0.000039242210
0x262f,722,0.000039242210
0x2630,722,0.000039242210
0x2631,722,0.000039242210
0x2633,722,0.000039242210
0x2634,722,0.000039242210
0x2635,722,0.000039242210
0x2638,722,0.000039242210
0x2639,1264,0.000068701044
0x263c,1264,0.000068701044
0x263f,1264,0.000068701044
0x2642,1264,0.000068701044
0x2643,1264,0.000068701044
0x2646,632,0.000034350522
0x2649,632,0.000034350522
0x2650,542,0.000029458834
0x2651,542,0.000029458834
0x2654,542,0.000029458834
0x2655,542,0.000029458834
0x2656,542,0.000029458834
0x2658,542,0.000029458834
0x2659,542,0.000029458834
0x265b,542,0.000029458834
0x265c,542,0.000029458834
0x265e,542,0.000029458834
0x2661,542,0.000029458834
0x2662,542,0.000029458834
0x2668,632,0.000034350522
0x266b,632,0.000034350522
0x266c,632,0.000034350522
0x266d,632,0.000034350522
0x2670,632,0.000034350522
0x2672,632,0.000034350522
0x2676,632,0.000034350522
0x2678,632,0.000034350522
0x267c,632,0.000034350522
0x267f,632,0.000034350522
0x2681,632,0.000034350522
0x2684,632,0.000034350522
0x2685,632,0.000034350522
0x2688,632,0.000034350522
0x268a,632,0.000034350522
0x268b,632,0.000034350522
0x268d,632,0.000034350522
0x268e,632,0.000034350522
0x268f,632,0.000034350522
0x2692,630,0.000034241818
0x2693,632,0.000034350522
0x2694,632,0.000034350522
0x2697,632,0.000034350522
0x2699,632,0.000034350522
0x269d,632,0.000034350522
0x269f,632,0.000034350522
0x26a3,632,0.000034350522
0x26a4,632,0.000034350522
0x26a7,632,0.000034350522
0x26aa,632,0.000034350522
0x26ad,632,0.000034350522
0x26ae,632,0.000034350522
0x26af,632,0.000034350522
0x26b0,632,0.000034350522
0x26b1,126,0.000006848364
0x26b2,126,0.000006848364
0x26b4,126,0.000006848364
0x26b5,126,0.000006848364
0x26b7,126,0.000006848364
0x26b8,126,0.000006848364
0x26ba,126,0.000006848364
0x26bb,20,0.000001087042
0x26bc,20,0.000001087042
0x26bd,20,0.000001087042
0x26be,20,0.000001087042
0x26bf,20,0.000001087042
0x26c2,20,0.000001087042
0x26c4,20,0.000001087042
0x26c6,20,0.000001087042
0x26c7,20,0.000001087042
0x26c8,20,0.000001087042
0x26ca,20,0.000001087042
0x26cb,20,0.000001087042
0x26cc,20,0.000001087042
0x26d0,632,0.000034350522
0x26d3,632,0.000034350522
0x26d6,632,0.000034350522
0x26d9,5056,0.000274804175
0x26da,5056,0.000274804175
0x26db,5056,0.000274804175
0x26de,3994,0.000217082254
0x26df,3994,0.000217082254
0x26e0,3994,0.000217082254
0x26e3,632,0.000034350522
0x26e4,3994,0.000217082254
0x26e5,5056,0.000274804175
0x26e6,5056,0.000274804175
0x26e7,5056,0.000274804175
0x26e8,5056,0.000274804175
0x26e9,5056,0.000274804175
0x26eb,5056,0.000274804175
0x26ee,632,0.000034350522
0x26f1,632,0.000034350522
0x26f2,632,0.000034350522
0x26f3,632,0.000034350522
0x26f5,632,0.000034350522
0x26f8,632,0.000034350522
0x26f9,632,0.000034350522
0x26fa,632,0.000034350522
0x26fd,632,0.000034350522
0x2700,2249,0.000122237854
0x2703,2249,0.000122237854
0x2704,2249,0.000122237854
0x2705,2249,0.000122237854
0x2706,2248,0.000122183502
0x2707,2248,0.000122183502
0x2708,2248,0.000122183502
0x270a,2248,0.000122183502
0x270b,2248,0.000122183502
0x270c,2248,0.000122183502
0x270e,2248,0.000122183502
0x270f,2248,0.000122183502
0x2711,2248,0.000122183502
0x2714,2248,0.000122183502
0x2717,8992,0.000488734007
0x271a,8992,0.000488734007
0x271b,8992,0.000488734007
0x271c,8992,0.000488734007
0x271d,8992,0.000488734007
0x271e,8992,0.000488734007
0x2720,8992,0.000488734007
0x2723,2248,0.000122183502
0x2725,2248,0.000122183502
0x2728,2248,0.000122183502
0x272a,2248,0.000122183502
0x2739,2248,0.000122183502
0x273c,2248,0.000122183502
0x273d,2248,0.000122183502
0x2740,2248,0.000122183502
0x2743,2248,0.000122183502
0x2748,8992,0.000488734007
0x2749,8992,0.000488734007
0x274a,8992,0.000488734007
0x274c,8992,0.000488734007
0x274d,28,0.000001521859
0x274e,28,0.000001521859
0x274f,28,0.000001521859
0x2750,14,0.000000760929
0x2751,14,0.000000760929
0x2752,14,0.000000760929
0x2753,14,0.000000760929
0x2754,14,0.000000760929
0x2755,14,0.000000760929
0x2757,14,0.000000760929
0x2758,14,0.000000760929
0x2759,14,0.000000760929
0x275b,14,0.000000760929
0x275c,14,0.000000760929
0x275f,14,0.000000760929
0x2760,14,0.000000760929
0x2761,14,0.000000760929
0x2764,14,0.000000760929
0x2768,14,0.000000760929
0x2769,14,0.000000760929
0x276c,14,0.000000760929
0x276e,14,0.000000760929
0x2771,14,0.000000760929
0x2772,14,0.000000760929
0x2778,14,0.000000760929
0x277b,14,0.000000760929
0x277c,14,0.000000760929
0x277f,14,0.000000760929
0x2780,14,0.000000760929
0x2781,14,0.000000760929
0x2782,14,0.000000760929
0x2783,14,0.000000760929
0x2784,14,0.000000760929
0x2785,14,0.000000760929
0x2786,14,0.000000760929
0x2789,14,0.000000760929
0x27a8,2248,0.000122183502
0x27ab,2248,0.000122183502
0x27ac,2248,0.000122183502
0x27af,2248,0.000122183502
0x27b0,2248,0.000122183502
0x27b1,2248,0.000122183502
0x27b4,2248,0.000122183502
0x27b6,2248,0.000122183502
0x27b7,2248,0.000122183502
0x27b8,2248,0.000122183502
0x27ba,2248,0.000122183502
0x27bd,1864,0.000101312299
0x27c0,1864,0.000101312299
0x27c1,1864,0.000101312299
0x27c2,1864,0.000101312299
0x27c5,1816,0.000098703398
0x27c7,1816,0.000098703398
0x27c8,1816,0.000098703398
0x27c9,1816,0.000098703398
0x27ca,862,0.000046851503
0x27cc,862,0.000046851503
0x27cf,827,0.000044949180
0x27d0,827,0.000044949180
0x27d2,827,0.000044949180
0x27d3,827,0.000044949180
0x27d5,827,0.000044949180
0x27d6,827,0.000044949180
0x27d8,35,0.000001902323
0x27da,35,0.000001902323
0x27dc,35,0.000001902323
0x27dd,35,0.000001902323
0x27df,35,0.000001902323
0x27e0,35,0.000001902323
0x27e2,48,0.000002608900
0x27e4,48,0.000002608900
0x27e9,48,0.000002608900
0x27ea,48,0.000002608900
0x27ec,48,0.000002608900
0x27ee,48,0.000002608900
0x3000,1078,0.000058591555
0x3003,1078,0.000058591555
0x3004,1078,0.000058591555
0x3005,1078,0.000058591555
0x3007,1078,0.000058591555
0x300a,1078,0.000058591555
0x300b,1078,0.000058591555
0x300c,1078,0.000058591555
0x300d,1078,0.000058591555
0x300e,1078,0.000058591555
0x300f,1078,0.000058591555
0x3010,1078,0.000058591555
0x3011,1078,0.000058591555
0x3012,134,0.000007283180
0x3028,137,0.000007446237
0x302b,137,0.000007446237
0x302c,137,0.000007446237
0x302e,137,0.000007446237
0x302f,137,0.000007446237
0x3031,137,0.000007446237
0x3032,137,0.000007446237
0x3034,137,0.000007446237
0x3035,126,0.000006848364
0x3037,126,0.000006848364
0x3038,126,0.000006848364
0x3039,126,0.000006848364
0x303c,119,0.000006467899
0x303d,119,0.000006467899
0x303e,1,0.000000054352
0x303f,1,0.000000054352
0x3040,1,0.000000054352
0x3042,1,0.000000054352
0x3044,1,0.000000054352
0x3046,1,0.000000054352
0x3048,1,0.000000054352
0x3049,1,0.000000054352
0x304b,1,0.000000054352
0x304d,1,0.000000054352
0x304f,1,0.000000054352
0x3050,1,0.000000054352
0x3052,1,0.000000054352
0x3055,1,0.000000054352
0x3056,1,0.000000054352
0x3057,1,0.000000054352
0x3059,1,0.000000054352
0x305c,7,0.000000380465
0x305f,7,0.000000380465
0x3062,7,0.000000380465
0x3063,7,0.000000380465
0x3064,7,0.000000380465
0x3065,7,0.000000380465
0x3066,7,0.000000380465
0x3067,7,0.000000380465
0x3068,7,0.000000380465
0x306a,7,0.000000380465
0x306c,7,0.000000380465
0x306d,7,0.000000380465
0x3074,32,0.000001739267
0x3077,32,0.000001739267
0x3078,32,0.000001739267
0x3079,32,0.000001739267
0x307a,32,0.000001739267
0x307c,32,0.000001739267
0x307d,32,0.000001739267
0x307f,32,0.000001739267
0x3080,32,0.000001739267
0x3081,32,0.000001739267
0x3082,32,0.000001739267
0x3084,32,0.000001739267
0x3089,32,0.000001739267
0x308a,32,0.000001739267
0x308b,32,0.000001739267
0x308c,32,0.000001739267
0x308d,32,0.000001739267
0x308f,32,0.000001739267
0x3090,32,0.000001739267
0x3092,32,0.000001739267
0x3093,32,0.000001739267
0x3094,32,0.000001739267
0x3095,32,0.000001739267
0x3098,32,0.000001739267
0x309a,32,0.000001739267
0x309d,7,0.000000380465
0x309f,32,0.000001739267
0x30a0,32,0.000001739267
0x30a1,32,0.000001739267
0x30a4,32,0.000001739267
0x30a6,32,0.000001739267
0x30a7,32,0.000001739267
0x30a8,32,0.000001739267
0x30aa,1859,0.000101040538
0x30ad,1859,0.000101040538
0x30ae,1859,0.000101040538
0x30af,1859,0.000101040538
0x30b0,1859,0.000101040538
0x30b1,1859,0.000101040538
0x30b3,1859,0.000101040538
0x30b5,1859,0.000101040538
0x30b6,1859,0.000101040538
0x30b8,1859,0.000101040538
0x30ba,134,0.000007283180
0x30bd,134,0.000007283180
0x30c0,134,0.000007283180
0x30c3,134,0.000007283180
0x30c6,134,0.000007283180
0x30c8,134,0.000007283180
0x30c9,134,0.000007283180
0x30ca,134,0.000007283180
0x30cb,107,0.000005815674
0x30cd,107,0.000005815674
0x30ce,107,0.000005815674
0x30cf,107,0.000005815674
0x30d2,82,0.000004456872
0x30d3,82,0.000004456872
0x30d4,20,0.000001087042
0x30d6,20,0.000001087042
0x30d8,20,0.000001087042
0x30da,402,0.000021849541
0x30db,402,0.000021849541
0x30dc,402,0.000021849541
0x30dd,402,0.000021849541
0x30de,219,0.000011903108
0x30df,219,0.000011903108
0x30e4,25,0.000001358802
0x30e7,25,0.000001358802
0x30ea,25,0.000001358802
0x30eb,25,0.000001358802
0x30ed,25,0.000001358802
0x30f2,25,0.000001358802
0x30f3,25,0.000001358802
0x30f5,25,0.000001358802
0x30f6,25,0.000001358802
0x30f7,25,0.000001358802
0x30f8,25,0.000001358802
0x30fa,25,0.000001358802
0x30fc,25,0.000001358802
0x30ff,25,0.000001358802
0x3102,25,0.000001358802
0x3105,25,0.000001358802
0x3106,25,0.000001358802
0x3107,25,0.000001358802
0x3108,25,0.000001358802
0x310a,25,0.000001358802
0x310c,25,0.000001358802
0x310e,25,0.000001358802
0x310f,25,0.000001358802
0x3112,75,0.000004076407
0x3113,75,0.000004076407
0x3114,75,0.000004076407
0x3115,75,0.000004076407
0x3116,48,0.000002608900
0x3117,48,0.000002608900
0x3118,48,0.000002608900
0x311a,48,0.000002608900
0x311b,48,0.000002608900
0x311c,48,0.000002608900
0x311d,48,0.000002608900
0x311e,25,0.000001358802
0x311f,25,0.000001358802
0x3121,25,0.000001358802
0x3124,134,0.000007283180
0x3127,134,0.000007283180
0x3128,134,0.000007283180
0x312a,134,0.000007283180
0x312b,20,0.000001087042
0x312d,20,0.000001087042
0x312f,20,0.000001087042
0x3130,20,0.000001087042
0x3131,20,0.000001087042
0x3132,20,0.000001087042
0x3134,20,0.000001087042
0x3136,20,0.000001087042
0x3138,20,0.000001087042
0x313d,20,0.000001087042
0x313f,20,0.000001087042
0x3140,20,0.000001087042
0x3141,20,0.000001087042
0x3144,20,0.000001087042
0x3145,20,0.000001087042
0x3146,20,0.000001087042
0x3149,17,0.000000923986
0x314b,20,0.000001087042
0x314d,20,0.000001087042
0x314e,20,0.000001087042
0x315a,134,0.000007283180
0x315d,134,0.000007283180
0x315e,134,0.000007283180
0x3160,134,0.000007283180
0x3161,35,0.000001902323
0x3164,35,0.000001902323
0x3165,35,0.000001902323
0x3166,35,0.000001902323
0x3167,35,0.000001902323
0x3169,35,0.000001902323
0x316a,35,0.000001902323
0x316c,35,0.000001902323
0x316d,35,0.000001902323
0x316e,35,0.000001902323
0x316f,35,0.000001902323
0x3171,35,0.000001902323
0x3172,35,0.000001902323
0x3174,35,0.000001902323
0x3176,35,0.000001902323
0x3177,35,0.000001902323
0x3178,35,0.000001902323
0x3179,323,0.000017555726
0x317c,303,0.000016468684
0x317d,303,0.000016468684
0x317e,303,0.000016468684
0x317f,303,0.000016468684
0x3180,303,0.000016468684
0x3181,303,0.000016468684
0x3182,303,0.000016468684
0x3183,303,0.000016468684
0x3186,19,0.000001032690
0x3188,19,0.000001032690
0x318a,303,0.000016468684
0x318b,303,0.000016468684
0x318e,15,0.000000815281
0x3192,323,0.000017555726
0x3193,323,0.000017555726
0x3195,323,0.000017555726
0x3196,260,0.000014131544
0x3199,260,0.000014131544
0x319a,260,0.000014131544
0x319b,20,0.000001087042
0x319e,20,0.000001087042
0x319f,20,0.000001087042
0x31a0,20,0.000001087042
0x31a1,20,0.000001087042
0x31a2,20,0.000001087042
0x31a3,20,0.000001087042
0x31a4,20,0.000001087042
0x31a7,20,0.000001087042
0x31a9,20,0.000001087042
0x31ac,20,0.000001087042
0x31ad,20,0.000001087042
0x31b4,134,0.000007283180
0x31b7,134,0.000007283180
0x31b9,134,0.000007283180
0x31ba,20,0.000001087042
0x31bd,20,0.000001087042
0x31bf,20,0.000001087042
0x31c0,20,0.000001087042
0x31c2,20,0.000001087042
0x31c3,20,0.000001087042
0x31c5,20,0.000001087042
0x31c6,20,0.000001087042
0x31c7,20,0.000001087042
0x31c8,20,0.000001087042
0x31cb,20,0.000001087042
0x31cd,20,0.000001087042
0x31ce,20,0.000001087042
0x31d1,10,0.000000543521
0x31d2,10,0.000000543521
0x31d3,10,0.000000543521
0x31d4,10,0.000000543521
0x31d6,20,0.000001087042
0x31d7,20,0.000001087042
0x31d8,20,0.000001087042
0x31d9,20,0.000001087042
0x31da,20,0.000001087042
0x31dc,20,0.000001087042
0x31de,20,0.000001087042
0x31df,20,0.000001087042
0x31e1,20,0.000001087042
0x31e2,20,0.000001087042
0x31e3,20,0.000001087042
0x31e4,20,0.000001087042
0x31e5,20,0.000001087042
0x31e6,20,0.000001087042
0x31e7,20,0.000001087042
0x31e8,20,0.000001087042
0x31e9,20,0.000001087042
0x31ec,20,0.000001087042
0x31ed,20,0.000001087042
0x31f0,20,0.000001087042
0x31f1,20,0.000001087042
0x31f2,20,0.000001087042
0x31f4,20,0.000001087042
0x31f5,20,0.000001087042
0x31f7,20,0.000001087042
0x31f8,20,0.000001087042
0x31fb,20,0.000001087042
0x31fd,20,0.000001087042
0x31fe,20,0.000001087042
0x31ff,20,0.000001087042
0x3201,20,0.000001087042
0x3202,20,0.000001087042
0x3203,20,0.000001087042
0x3204,20,0.000001087042
0x3207,20,0.000001087042
0x3209,20,0.000001087042
0x320a,20,0.000001087042
0x320b,20,0.000001087042
0x320c,20,0.000001087042
0x320d,20,0.000001087042
0x3210,20,0.000001087042
0x3213,20,0.000001087042
0x3215,20,0.000001087042
0x3216,17,0.000000923986
0x3217,17,0.000000923986
0x3219,17,0.000000923986
0x321b,17,0.000000923986
0x321c,2,0.000000108704
0x321e,2,0.000000108704
0x3220,2,0.000000108704
0x322c,134,0.000007283180
0x322f,134,0.000007283180
0x3231,134,0.000007283180
0x3232,12,0.000000652225
0x3235,12,0.000000652225
0x3238,12,0.000000652225
0x323b,12,0.000000652225
0x323c,12,0.000000652225
0x323f,12,0.000000652225
0x3240,110,0.000005978730
0x3241,110,0.000005978730
0x3243,110,0.000005978730
0x3246,105,0.000005706970
0x3247,105,0.000005706970
0x3248,105,0.000005706970
0x3249,94,0.000005109097
0x324a,94,0.000005109097
0x324b,94,0.000005109097
0x324c,94,0.000005109097
0x324d,94,0.000005109097
0x324e,99,0.000005380857
0x324f,99,0.000005380857
0x3250,99,0.000005380857
0x3251,99,0.000005380857
0x3253,99,0.000005380857
0x3254,99,0.000005380857
0x3256,99,0.000005380857
0x3259,1,0.000000054352
0x325b,1,0.000000054352
0x325e,1,0.000000054352
0x3264,137,0.000007446237
0x3267,137,0.000007446237
0x3268,137,0.000007446237
0x326b,137,0.000007446237
0x326c,137,0.000007446237
0x326e,137,0.000007446237
0x326f,137,0.000007446237
0x3271,137,0.000007446237
0x3272,137,0.000007446237
0x3274,137,0.000007446237
0x3275,20,0.000001087042
0x3277,20,0.000001087042
0x3279,20,0.000001087042
0x327a,20,0.000001087042
0x327b,20,0.000001087042
0x327c,20,0.000001087042
0x327e,20,0.000001087042
0x3281,20,0.000001087042
0x3282,20,0.000001087042
0x3285,20,0.000001087042
0x3286,20,0.000001087042
0x3287,20,0.000001087042
0x3289,20,0.000001087042
0x328a,20,0.000001087042
0x328b,20,0.000001087042
0x328d,20,0.000001087042
0x328e,20,0.000001087042
0x328f,43,0.000002337140
0x3290,43,0.000002337140
0x3291,43,0.000002337140
0x3292,43,0.000002337140
0x3295,41,0.000002228436
0x3296,41,0.000002228436
0x3297,41,0.000002228436
0x329a,41,0.000002228436
0x329b,41,0.000002228436
0x329e,41,0.000002228436
0x329f,41,0.000002228436
0x32a0,41,0.000002228436
0x32a3,41,0.000002228436
0x32a4,43,0.000002337140
0x32a5,43,0.000002337140
0x32a6,43,0.000002337140
0x32a9,1,0.000000054352
0x32ab,43,0.000002337140
0x32ac,43,0.000002337140
0x32af,20,0.000001087042
0x32b0,16,0.000000869633
0x32b3,16,0.000000869633
0x32b5,16,0.000000869633
0x32b8,16,0.000000869633
0x32ba,16,0.000000869633
0x32bc,16,0.000000869633
0x32bf,16,0.000000869633
0x32c2,16,0.000000869633
0x32c3,16,0.000000869633
0x32c4,4,0.000000217408
0x32c5,4,0.000000217408
0x32c6,4,0.000000217408
0x32c7,4,0.000000217408
0x32c8,4,0.000000217408
0x32cb,4,0.000000217408
0x32cd,4,0.000000217408
0x32d0,4,0.000000217408
0x32d2,4,0.000000217408
0x32d4,4,0.000000217408
0x32d6,4,0.000000217408
0x32d7,4,0.000000217408
0x32d9,4,0.000000217408
0x32da,4,0.000000217408
0x32dc,4,0.000000217408
0x32dd,4,0.000000217408
0x32de,4,0.000000217408
0x32e1,4,0.000000217408
0x32e2,4,0.000000217408
0x32e3,4,0.000000217408
0x3400,1264,0.000068701044
0x3403,1264,0.000068701044
0x3406,1264,0.000068701044
0x3409,1264,0.000068701044
0x340c,1264,0.000068701044
0x340f,1264,0.000068701044
0x3412,1264,0.000068701044
0x3413,1264,0.000068701044
0x3416,1264,0.000068701044
0x3418,1264,0.000068701044
0x3438,1264,0.000068701044
0x343b,1264,0.000068701044
0x343c,1264,0.000068701044
0x343f,632,0.000034350522
0x3442,632,0.000034350522
0x3445,632,0.000034350522
0x3448,632,0.000034350522
0x344b,632,0.000034350522
0x3452,632,0.000034350522
0x3455,632,0.000034350522
0x3458,632,0.000034350522
0x345b,632,0.000034350522
0x3474,632,0.000034350522
0x3477,2528,0.000137402087
0x3478,2528,0.000137402087
0x347b,2528,0.000137402087
0x347c,2528,0.000137402087
0x347d,2528,0.000137402087
0x347f,2528,0.000137402087
0x3480,2528,0.000137402087
0x3482,2528,0.000137402087
0x3485,632,0.000034350522
0x3486,632,0.000034350522
0x3489,2528,0.000137402087
0x348a,2528,0.000137402087
0x348d,2528,0.000137402087
0x348e,2528,0.000137402087
0x348f,2528,0.000137402087
0x3491,2528,0.000137402087
0x3492,2528,0.000137402087
0x3494,2528,0.000137402087
0x3497,632,0.000034350522
0x3498,632,0.000034350522
0x349b,2528,0.000137402087
0x349c,2528,0.000137402087
0x349f,2528,0.000137402087
0x34a0,2528,0.000137402087
0x34a1,2528,0.000137402087
0x34a3,2528,0.000137402087
0x34a4,2528,0.000137402087
0x34a6,2528,0.000137402087
0x34a9,632,0.000034350522
0x34aa,632,0.000034350522
0x34ad,2528,0.000137402087
0x34ae,2528,0.000137402087
0x34b1,2528,0.000137402087
0x34b2,2528,0.000137402087
0x34b3,2528,0.000137402087
0x34b5,2528,0.000137402087
0x34b6,2528,0.000137402087
0x34b8,2528,0.000137402087
0x34bb,632,0.000034350522
0x34c0,5408,0.000293936111
0x34c1,5408,0.000293936111
0x34c2,5408,0.000293936111
0x34c3,4348,0.000236322894
0x34c4,4348,0.000236322894
0x34c6,4348,0.000236322894
0x34c7,4348,0.000236322894
0x34c9,4348,0.000236322894
0x34ca,4348,0.000236322894
0x34cb,4348,0.000236322894
0x34cc,4348,0.000236322894
0x34cd,4348,0.000236322894
0x34ce,4348,0.000236322894
0x34cf,4348,0.000236322894
0x34d0,4348,0.000236322894
0x34d1,4348,0.000236322894
0x34d2,4348,0.000236322894
0x34d3,4348,0.000236322894
0x34d4,4348,0.000236322894
0x34d5,4348,0.000236322894
0x34d7,4348,0.000236322894
0x34d8,4348,0.000236322894
0x34da,4348,0.000236322894
0x34db,4348,0.000236322894
0x34dc,4348,0.000236322894
0x34dd,4348,0.000236322894
0x34de,4354,0.000236649007
0x34df,4354,0.000236649007
0x34e1,4354,0.000236649007
0x34e4,504,0.000027393454
0x34e5,504,0.000027393454
0x34e7,504,0.000027393454
0x34ea,202,0.000010979122
0x34ec,202,0.000010979122
0x34ed,202,0.000010979122
0x34ee,202,0.000010979122
0x34f0,202,0.000010979122
0x34f1,202,0.000010979122
0x34f3,202,0.000010979122
0x34f6,96,0.000005217801
0x34f8,96,0.000005217801
0x34f9,96,0.000005217801
0x34fa,96,0.000005217801
0x34fc,96,0.000005217801
0x34fd,96,0.000005217801
0x34ff,96,0.000005217801
0x3509,202,0.000010979122
0x350a,202,0.000010979122
0x350b,202,0.000010979122
0x350c,4354,0.000236649007
0x350e,4354,0.000236649007
0x350f,4354,0.000236649007
0x3512,4354,0.000236649007
0x3513,4354,0.000236649007
0x3515,4354,0.000236649007
0x3516,4354,0.000236649007
0x3518,4354,0.000236649007
0x3519,4354,0.000236649007
0x3520,32,0.000001739267
0x3521,32,0.000001739267
0x3522,32,0.000001739267
0x3523,32,0.000001739267
0x3524,32,0.000001739267
0x3525,32,0.000001739267
0x3526,32,0.000001739267
0x3527,32,0.000001739267
0x3528,1366,0.000074244957
0x3529,1366,0.000074244957
0x352a,1366,0.000074244957
0x352b,1366,0.000074244957
0x352c,1366,0.000074244957
0x352d,1366,0.000074244957
0x352e,1366,0.000074244957
0x352f,1366,0.000074244957
0x3530,1634,0.000088811318
0x3531,1634,0.000088811318
0x3532,1634,0.000088811318
0x3533,1634,0.000088811318
0x3534,1634,0.000088811318
0x3535,1634,0.000088811318
0x3536,1634,0.000088811318
0x3537,1634,0.000088811318
0x3538,1924,0.000104573424
0x3539,1924,0.000104573424
0x353a,1924,0.000104573424
0x353b,1924,0.000104573424
0x353c,1924,0.000104573424
0x353d,1924,0.000104573424
0x353e,1924,0.000104573424
0x353f,1924,0.000104573424
0x3540,4396,0.000238931794
0x3541,4396,0.000238931794
0x3542,4396,0.000238931794
0x3543,4396,0.000238931794
0x3544,4396,0.000238931794
0x3545,4396,0.000238931794
0x3546,4396,0.000238931794
0x3547,4396,0.000238931794
0x3548,4764,0.000258933364
0x3549,4764,0.000258933364
0x354a,4764,0.000258933364
0x354b,4764,0.000258933364
0x354c,4764,0.000258933364
0x354d,4764,0.000258933364
0x354e,4764,0.000258933364
0x354f,4764,0.000258933364
0x3550,4796,0.000260672631
0x3551,4796,0.000260672631
0x3552,4796,0.000260672631
0x3553,4796,0.000260672631
0x3554,4796,0.000260672631
0x3555,4796,0.000260672631
0x3556,4796,0.000260672631
0x3557,4796,0.000260672631
0x3558,4796,0.000260672631
0x355a,4796,0.000260672631
0x355b,4796,0.000260672631
0x355d,4796,0.000260672631
0x3560,1264,0.000068701044
0x3563,1264,0.000068701044
0x3564,1264,0.000068701044
0x3565,1264,0.000068701044
0x3566,1264,0.000068701044
0x3567,1264,0.000068701044
0x3568,1264,0.000068701044
0x3569,1264,0.000068701044
0x356a,1264,0.000068701044
0x356d,1264,0.000068701044
0x3570,1264,0.000068701044
0x3572,1264,0.000068701044
0x3577,1264,0.000068701044
0x3579,1264,0.000068701044
0x357a,1264,0.000068701044
0x357b,1264,0.000068701044
0x357e,1264,0.000068701044
0x357f,1264,0.000068701044
0x3581,1264,0.000068701044
0x3584,1264,0.000068701044
0x3586,1264,0.000068701044
0x3587,1264,0.000068701044
0x3588,1264,0.000068701044
0x3589,1264,0.000068701044
0x358c,1264,0.000068701044
0x358d,1264,0.000068701044
0x358e,1264,0.000068701044
0x3590,1264,0.000068701044
0x3591,1264,0.000068701044
0x3593,1264,0.000068701044
0x3594,1264,0.000068701044
0x3596,1264,0.000068701044
0x3597,1264,0.000068701044
0x359a,1264,0.000068701044
0x359b,1264,0.000068701044
0x359c,1264,0.000068701044
0x359d,1264,0.000068701044
0x359f,1264,0.000068701044
0x35a2,1264,0.000068701044
0x35b0,5056,0.000274804175
0x35b1,5056,0.000274804175
0x35b2,5056,0.000274804175
0x35b3,3996,0.000217190958
0x35b4,3996,0.000217190958
0x35b5,3996,0.000217190958
0x35b6,3996,0.000217190958
0x35b7,3996,0.000217190958
0x35b8,3996,0.000217190958
0x35b9,3996,0.000217190958
0x35ba,3996,0.000217190958
0x35bd,3568,0.000193928263
0x35be,3996,0.000217190958
0x35bf,3996,0.000217190958
0x35c0,3996,0.000217190958
0x35c1,3996,0.000217190958
0x35c2,3996,0.000217190958
0x35c3,3996,0.000217190958
0x35c4,3996,0.000217190958
0x35c5,3996,0.000217190958
0x35c7,3996,0.000217190958
0x35c8,3996,0.000217190958
0x35c9,3996,0.000217190958
0x35ca,3996,0.000217190958
0x35cb,3996,0.000217190958
0x35cc,3996,0.000217190958
0x35cd,3996,0.000217190958
0x35ce,3996,0.000217190958
0x35cf,3996,0.000217190958
0x35d0,3996,0.000217190958
0x35d1,3996,0.000217190958
0x35d2,3996,0.000217190958
0x35d3,3996,0.000217190958
0x35d4,3996,0.000217190958
0x35d5,3996,0.000217190958
0x35d6,3996,0.000217190958
0x35d7,3996,0.000217190958
0x35d8,3996,0.000217190958
0x35d9,3996,0.000217190958
0x35da,3996,0.000217190958
0x35db,3996,0.000217190958
0x35e0,2936,0.000159577741
0x35e1,2936,0.000159577741
0x35e2,2936,0.000159577741
0x35e3,2936,0.000159577741
0x35e5,2936,0.000159577741
0x35e8,1548,0.000084137038
0x35e9,1548,0.000084137038
0x35ea,1548,0.000084137038
0x35eb,1548,0.000084137038
0x35ec,1548,0.000084137038
0x35ed,1548,0.000084137038
0x35ee,1548,0.000084137038
0x35ef,1548,0.000084137038
0x35f0,1548,0.000084137038
0x35f1,1548,0.000084137038
0x35f3,1548,0.000084137038
0x35f6,448,0.000024349737
0x35f8,448,0.000024349737
0x35f9,448,0.000024349737
0x35fa,448,0.000024349737
0x35fb,448,0.000024349737
0x35fd,448,0.000024349737
0x35fe,448,0.000024349737
0x3601,58,0.000003152421
0x3602,58,0.000003152421
0x3603,58,0.000003152421
0x3604,448,0.000024349737
0x3605,448,0.000024349737
0x3606,448,0.000024349737
0x3607,448,0.000024349737
0x3608,448,0.000024349737
0x3609,448,0.000024349737
0x360a,448,0.000024349737
0x360b,448,0.000024349737
0x360c,448,0.000024349737
0x360e,448,0.000024349737
0x360f,448,0.000024349737
0x3612,412,0.000022393062
0x3613,412,0.000022393062
0x3614,412,0.000022393062
0x3615,412,0.000022393062
0x3616,412,0.000022393062
0x3618,412,0.000022393062
0x3619,412,0.000022393062
0x361a,412,0.000022393062
0x361b,412,0.000022393062
0x361c,278,0.000015109881
0x361f,278,0.000015109881
0x3620,278,0.000015109881
0x3621,278,0.000015109881
0x3622,100,0.000005435209
0x3623,100,0.000005435209
0x3624,100,0.000005435209
0x3628,1388,0.000075440703
0x362a,1388,0.000075440703
0x362d,1354,0.000073592732
0x362e,1354,0.000073592732
0x362f,1354,0.000073592732
0x3630,1354,0.000073592732
0x3631,1354,0.000073592732
0x3632,1354,0.000073592732
0x3633,1354,0.000073592732
0x3634,1354,0.000073592732
0x3635,1354,0.000073592732
0x3636,1354,0.000073592732
0x3637,1354,0.000073592732
0x363a,420,0.000022827878
0x363c,420,0.000022827878
0x363d,420,0.000022827878
0x363e,420,0.000022827878
0x363f,420,0.000022827878
0x3641,420,0.000022827878
0x3642,420,0.000022827878
0x3645,56,0.000003043717
0x3646,56,0.000003043717
0x3647,56,0.000003043717
0x3648,420,0.000022827878
0x3649,420,0.000022827878
0x364a,420,0.000022827878
0x364b,420,0.000022827878
0x364c,420,0.000022827878
0x364d,420,0.000022827878
0x364e,420,0.000022827878
0x364f,420,0.000022827878
0x3650,420,0.000022827878
0x3651,420,0.000022827878
0x3652,420,0.000022827878
0x3654,420,0.000022827878
0x3655,420,0.000022827878
0x3656,420,0.000022827878
0x3657,420,0.000022827878
0x365a,320,0.000017392669
0x365d,320,0.000017392669
0x365e,320,0.000017392669
0x3661,88,0.000004782984
0x3662,88,0.000004782984
0x3663,420,0.000022827878
0x3665,420,0.000022827878
0x3666,420,0.000022827878
0x366a,1100,0.000059787301
0x366b,1100,0.000059787301
0x366c,1100,0.000059787301
0x366d,38,0.000002065379
0x366e,38,0.000002065379
0x366f,38,0.000002065379
0x3670,38,0.000002065379
0x3671,38,0.000002065379
0x3672,36,0.000001956675
0x3673,36,0.000001956675
0x3674,36,0.000001956675
0x3675,36,0.000001956675
0x3676,36,0.000001956675
0x3679,36,0.000001956675
0x367b,36,0.000001956675
0x367c,36,0.000001956675
0x367f,36,0.000001956675
0x3680,36,0.000001956675
0x3683,36,0.000001956675
0x3684,36,0.000001956675
0x3686,36,0.000001956675
0x3689,36,0.000001956675
0x368a,36,0.000001956675
0x368b,36,0.000001956675
0x368d,36,0.000001956675
0x368e,34,0.000001847971
0x3690,34,0.000001847971
0x3691,26,0.000001413154
0x3692,26,0.000001413154
0x3695,934,0.000050764854
0x3696,934,0.000050764854
0x3697,934,0.000050764854
0x3698,934,0.000050764854
0x3699,934,0.000050764854
0x369a,934,0.000050764854
0x369b,934,0.000050764854
0x369c,934,0.000050764854
0x369d,24,0.000001304450
0x369e,24,0.000001304450
0x36a0,24,0.000001304450
0x36a1,24,0.000001304450
0x36a4,24,0.000001304450
0x36a6,24,0.000001304450
0x36a7,24,0.000001304450
0x36aa,22,0.000001195746
0x36ab,24,0.000001304450
0x36ae,24,0.000001304450
0x36b0,24,0.000001304450
0x36b3,24,0.000001304450
0x36b4,24,0.000001304450
0x36b6,24,0.000001304450
0x36b7,24,0.000001304450
0x36b9,24,0.000001304450
0x36ba,24,0.000001304450
0x36bb,24,0.000001304450
0x36c0,1060,0.000057613217
0x36c1,1060,0.000057613217
0x36c2,1060,0.000057613217
0x36c3,530,0.000028806609
0x36c4,530,0.000028806609
0x36c5,530,0.000028806609
0x36c6,530,0.000028806609
0x36c8,530,0.000028806609
0x36c9,530,0.000028806609
0x36d2,1280,0.000069570677
0x36d3,1280,0.000069570677
0x36d4,1280,0.000069570677
0x36d5,1280,0.000069570677
0x36d6,1280,0.000069570677
0x36d7,1280,0.000069570677
0x36d8,48,0.000002608900
0x36d9,48,0.000002608900
0x36da,48,0.000002608900
0x36db,48,0.000002608900
0x36dc,48,0.000002608900
0x36dd,48,0.000002608900
0x36de,48,0.000002608900
0x36e1,48,0.000002608900
0x36e3,48,0.000002608900
0x36e6,48,0.000002608900
0x36ea,1260,0.000068483635
0x36eb,1260,0.000068483635
0x36ec,1260,0.000068483635
0x36ed,1260,0.000068483635
0x36ee,1260,0.000068483635
0x36ef,1260,0.000068483635
0x36f0,372,0.000020218978
0x36f1,372,0.000020218978
0x36f2,372,0.000020218978
0x36f3,372,0.000020218978
0x36f5,372,0.000020218978
0x36f6,24,0.000001304450
0x36f7,24,0.000001304450
0x36f8,24,0.000001304450
0x36f9,24,0.000001304450
0x36fa,24,0.000001304450
0x36fb,24,0.000001304450
0x36fc,24,0.000001304450
0x36fd,24,0.000001304450
0x36fe,24,0.000001304450
0x3701,24,0.000001304450
0x3703,24,0.000001304450
0x3706,24,0.000001304450
0x370a,1456,0.000079136645
0x370b,1456,0.000079136645
0x370c,1456,0.000079136645
0x370d,1456,0.000079136645
0x370e,1456,0.000079136645
0x370f,1456,0.000079136645
0x3710,124,0.000006739659
0x3711,124,0.000006739659
0x3712,124,0.000006739659
0x3713,124,0.000006739659
0x3715,124,0.000006739659
0x3716,44,0.000002391492
0x3717,44,0.000002391492
0x3718,44,0.000002391492
0x3719,44,0.000002391492
0x371a,44,0.000002391492
0x371b,44,0.000002391492
0x371c,44,0.000002391492
0x371d,44,0.000002391492
0x371e,44,0.000002391492
0x3721,44,0.000002391492
0x3723,44,0.000002391492
0x3726,44,0.000002391492
0x3729,44,0.000002391492
0x372a,44,0.000002391492
0x372c,44,0.000002391492
0x372d,22,0.000001195746
0x372e,22,0.000001195746
0x3730,22,0.000001195746
0x3731,22,0.000001195746
0x3732,22,0.000001195746
0x3733,22,0.000001195746
0x3734,22,0.000001195746
0x3735,22,0.000001195746
0x3736,22,0.000001195746
0x3739,22,0.000001195746
0x373b,22,0.000001195746
0x373e,22,0.000001195746
0x3744,34,0.000001847971
0x3746,34,0.000001847971
0x3747,34,0.000001847971
0x3748,34,0.000001847971
0x3749,34,0.000001847971
0x374a,34,0.000001847971
0x374c,34,0.000001847971
0x374d,34,0.000001847971
0x374e,34,0.000001847971
0x3750,34,0.000001847971
0x3751,34,0.000001847971
0x3752,4,0.000000217408
0x3753,4,0.000000217408
0x3754,4,0.000000217408
0x3758,5736,0.000311763597
0x3759,5736,0.000311763597
0x375a,5736,0.000311763597
0x375b,32,0.000001739267
0x375c,32,0.000001739267
0x375f,30,0.000001630563
0x3760,30,0.000001630563
0x3761,30,0.000001630563
0x3764,16,0.000000869633
0x3766,16,0.000000869633
0x3767,16,0.000000869633
0x3769,16,0.000000869633
0x376a,16,0.000000869633
0x376b,16,0.000000869633
0x376c,16,0.000000869633
0x376d,16,0.000000869633
0x376e,16,0.000000869633
0x376f,16,0.000000869633
0x3770,16,0.000000869633
0x3771,16,0.000000869633
0x3772,16,0.000000869633
0x3773,16,0.000000869633
0x3774,16,0.000000869633
0x3777,16,0.000000869633
0x377a,16,0.000000869633
0x377b,16,0.000000869633
0x377c,16,0.000000869633
0x377d,16,0.000000869633
0x377e,16,0.000000869633
0x3780,16,0.000000869633
0x3781,16,0.000000869633
0x3782,16,0.000000869633
0x3783,16,0.000000869633
0x3786,16,0.000000869633
0x3787,16,0.000000869633
0x3788,16,0.000000869633
0x3789,16,0.000000869633
0x378c,16,0.000000869633
0x378e,16,0.000000869633
0x378f,16,0.000000869633
0x3791,16,0.000000869633
0x3792,16,0.000000869633
0x3796,16,0.000000869633
0x3798,16,0.000000869633
0x3799,16,0.000000869633
0x379b,16,0.000000869633
0x379e,6,0.000000326113
0x379f,16,0.000000869633
0x37a0,16,0.000000869633
0x37a1,16,0.000000869633
0x37a4,16,0.000000869633
0x37a5,16,0.000000869633
0x37a6,16,0.000000869633
0x37a7,16,0.000000869633
0x37aa,16,0.000000869633
0x37b0,14,0.000000760929
0x37b1,14,0.000000760929
0x37b2,14,0.000000760929
0x37b3,14,0.000000760929
0x37b4,14,0.000000760929
0x37b5,14,0.000000760929
0x37b6,14,0.000000760929
0x37b7,14,0.000000760929
0x37b8,14,0.000000760929
0x37b9,14,0.000000760929
0x37ba,14,0.000000760929
0x37bb,14,0.000000760929
0x37be,14,0.000000760929
0x37c0,14,0.000000760929
0x37c1,14,0.000000760929
0x37c4,14,0.000000760929
0x37c6,14,0.000000760929
0x37cc,2,0.000000108704
0x37cd,2,0.000000108704
0x37ce,2,0.000000108704
0x37cf,2,0.000000108704
0x37d0,2,0.000000108704
0x37d2,2,0.000000108704
0x37d4,2,0.000000108704
0x37d5,2,0.000000108704
0x37d7,2,0.000000108704
0x37da,2,0.000000108704
0x37dd,52,0.000002826309
0x37de,52,0.000002826309
0x37df,52,0.000002826309
0x37e0,52,0.000002826309
0x37e1,52,0.000002826309
0x37e2,52,0.000002826309
0x37e5,2,0.000000108704
0x3800,2528,0.000137402087
0x3803,2528,0.000137402087
0x3805,2528,0.000137402087
0x3806,1206,0.000065548622
0x3809,1206,0.000065548622
0x380b,1206,0.000065548622
0x380c,1206,0.000065548622
0x380f,1206,0.000065548622
0x3810,1206,0.000065548622
0x3813,1206,0.000065548622
0x3815,1206,0.000065548622
0x3816,1206,0.000065548622
0x3819,1206,0.000065548622
0x381a,1206,0.000065548622
0x381b,1206,0.000065548622
0x381d,1206,0.000065548622
0x381e,1206,0.000065548622
0x381f,1206,0.000065548622
0x3820,1206,0.000065548622
0x3822,1206,0.000065548622
0x3823,18,0.000000978338
0x3824,18,0.000000978338
0x3827,18,0.000000978338
0x3829,18,0.000000978338
0x382b,18,0.000000978338
0x382c,18,0.000000978338
0x382e,18,0.000000978338
0x382f,18,0.000000978338
0x3830,18,0.000000978338
0x3832,18,0.000000978338
0x3833,18,0.000000978338
0x3834,18,0.000000978338
0x3835,18,0.000000978338
0x3837,18,0.000000978338
0x3838,18,0.000000978338
0x3839,18,0.000000978338
0x383b,18,0.000000978338
0x383c,18,0.000000978338
0x383e,18,0.000000978338
0x3841,12,0.000000652225
0x3844,18,0.000000978338
0x3846,18,0.000000978338
0x3847,18,0.000000978338
0x3849,18,0.000000978338
0x384a,18,0.000000978338
0x384b,18,0.000000978338
0x384c,6,0.000000326113
0x384f,6,0.000000326113
0x3850,6,0.000000326113
0x3851,6,0.000000326113
0x3853,6,0.000000326113
0x3854,6,0.000000326113
0x3855,6,0.000000326113
0x3856,6,0.000000326113
0x3857,6,0.000000326113
0x3858,6,0.000000326113
0x3859,6,0.000000326113
0x385c,6,0.000000326113
0x385d,6,0.000000326113
0x385f,6,0.000000326113
0x3862,2,0.000000108704
0x3863,2,0.000000108704
0x3865,2,0.000000108704
0x3868,2,0.000000108704
0x386b,2,0.000000108704
0x386e,2,0.000000108704
0x386f,2,0.000000108704
0x3871,2,0.000000108704
0x3894,4,0.000000217408
0x3897,4,0.000000217408
0x3899,4,0.000000217408
0x389c,4,0.000000217408
0x38a1,6,0.000000326113
0x38a2,6,0.000000326113
0x38a4,6,0.000000326113
0x38a5,6,0.000000326113
0x38a6,6,0.000000326113
0x38a7,6,0.000000326113
0x38a8,6,0.000000326113
0x38a9,6,0.000000326113
0x38ac,6,0.000000326113
0x38ae,6,0.000000326113
0x38af,6,0.000000326113
0x38b1,6,0.000000326113
0x38b4,6,0.000000326113
0x38b5,6,0.000000326113
0x38bc,10,0.000000543521
0x38be,10,0.000000543521
0x38bf,10,0.000000543521
0x38c1,10,0.000000543521
0x38c2,10,0.000000543521
0x38c3,10,0.000000543521
0x38f8,4,0.000000217408
0x38fb,6,0.000000326113
0x38fc,6,0.000000326113
0x38fd,6,0.000000326113
0x3906,6,0.000000326113
0x3907,6,0.000000326113
0x3908,6,0.000000326113
0x3909,6,0.000000326113
0x390a,6,0.000000326113
0x390d,6,0.000000326113
0x390e,6,0.000000326113
0x390f,6,0.000000326113
0x3912,6,0.000000326113
0x3913,6,0.000000326113
0x3916,6,0.000000326113
0x3918,6,0.000000326113
0x391b,6,0.000000326113
0x391c,12,0.000000652225
0x391d,12,0.000000652225
0x391f,12,0.000000652225
0x3922,2,0.000000108704
0x3923,1864,0.000101312299
0x3930,632,0.000034350522
0x3933,632,0.000034350522
0x3935,632,0.000034350522
0x3937,632,0.000034350522
0x3938,632,0.000034350522
0x393a,632,0.000034350522
0x393b,632,0.000034350522
0x393c,632,0.000034350522
0x393d,632,0.000034350522
0x393f,632,0.000034350522
0x3942,316,0.000017175261
0x3945,316,0.000017175261
0x3946,316,0.000017175261
0x3947,316,0.000017175261
0x394a,316,0.000017175261
0x394b,316,0.000017175261
0x394c,1944,0.000105660466
0x394d,1944,0.000105660466
0x3950,1894,0.000102942861
0x3951,1894,0.000102942861
0x3952,1894,0.000102942861
0x3954,1894,0.000102942861
0x3955,1894,0.000102942861
0x3956,1894,0.000102942861
0x3959,266,0.000014457656
0x395c,1944,0.000105660466
0x395d,1944,0.000105660466
0x395f,1944,0.000105660466
0x3960,590,0.000032067734
0x3961,590,0.000032067734
0x3963,590,0.000032067734
0x3964,590,0.000032067734
0x3965,590,0.000032067734
0x3966,590,0.000032067734
0x3967,504,0.000027393454
0x3968,504,0.000027393454
0x3969,50,0.000002717605
0x396b,50,0.000002717605
0x396c,50,0.000002717605
0x396d,50,0.000002717605
0x396e,50,0.000002717605
0x396f,50,0.000002717605
0x3972,50,0.000002717605
0x3973,50,0.000002717605
0x3975,50,0.000002717605
0x3976,50,0.000002717605
0x3977,50,0.000002717605
0x3978,50,0.000002717605
0x397a,50,0.000002717605
0x397b,50,0.000002717605
0x3980,1264,0.000068701044
0x3983,1264,0.000068701044
0x3985,1264,0.000068701044
0x3986,4,0.000000217408
0x3988,4,0.000000217408
0x3a00,632,0.000034350522
0x3a03,632,0.000034350522
0x3a05,632,0.000034350522
0x3a06,632,0.000034350522
0x3a07,632,0.000034350522
0x3a08,632,0.000034350522
0x3a0b,632,0.000034350522
0x3a0c,632,0.000034350522
0x3a0d,632,0.000034350522
0x3a0e,316,0.000017175261
0x3a0f,316,0.000017175261
0x3a10,2248,0.000122183502
0x3a13,2248,0.000122183502
0x3a14,2248,0.000122183502
0x3a15,2248,0.000122183502
0x3a18,384,0.000020871203
0x3a1a,384,0.000020871203
0x3a1c,384,0.000020871203
0x3a1d,1864,0.000101312299
0x3a20,1864,0.000101312299
0x3a21,1864,0.000101312299
0x3a22,1864,0.000101312299
0x3a40,1864,0.000101312299
0x3a42,1864,0.000101312299
0x3a43,1864,0.000101312299
0x3a44,1864,0.000101312299
0x3a47,224,0.000012174869
0x3a49,224,0.000012174869
0x3a4c,14,0.000000760929
0x3a4e,224,0.000012174869
0x3a4f,224,0.000012174869
0x3a50,224,0.000012174869
0x3a51,224,0.000012174869
0x3a52,224,0.000012174869
0x3a53,224,0.000012174869
0x3a54,224,0.000012174869
0x3a56,224,0.000012174869
0x3a58,224,0.000012174869
0x3a5a,224,0.000012174869
0x3a5b,224,0.000012174869
0x3a5d,224,0.000012174869
0x3a5f,224,0.000012174869
0x3a62,1640,0.000089137430
0x3a64,1640,0.000089137430
0x3a65,1640,0.000089137430
0x3a66,1640,0.000089137430
0x3a82,1864,0.000101312299
0x3a85,1864,0.000101312299
0x3a86,1864,0.000101312299
0x3a88,1864,0.000101312299
0x3a89,200,0.000010870418
0x3a8b,200,0.000010870418
0x3a8c,200,0.000010870418
0x3a8e,200,0.000010870418
0x3a8f,200,0.000010870418
0x3a90,1864,0.000101312299
0x3a93,1864,0.000101312299
0x3a94,1864,0.000101312299
0x3a95,1864,0.000101312299
0x3a98,1187,0.000064515933
0x3a9b,1187,0.000064515933
0x3a9e,1187,0.000064515933
0x3aa1,18992,0.001032254923
0x3aa2,18992,0.001032254923
0x3aa3,18992,0.001032254923
0x3aa4,18992,0.001032254923
0x3aa7,9212,0.000500691467
0x3aa8,9212,0.000500691467
0x3aaa,9212,0.000500691467
0x3aad,1944,0.000105660466
0x3aae,18992,0.001032254923
0x3aaf,18992,0.001032254923
0x3ab0,18992,0.001032254923
0x3ab1,18992,0.001032254923
0x3ab2,18992,0.001032254923
0x3ab5,1187,0.000064515933
0x3ab6,1187,0.000064515933
0x3ab7,1187,0.000064515933
0x3ab8,995,0.000054080331
0x3aba,995,0.000054080331
0x3abd,3,0.000000163056
0x3abf,995,0.000054080331
0x3ac1,995,0.000054080331
0x3ac2,995,0.000054080331
0x3ac5,995,0.000054080331
0x3ac6,995,0.000054080331
0x3ac8,995,0.000054080331
0x3ac9,995,0.000054080331
0x3aca,995,0.000054080331
0x3b1b,1864,0.000101312299
0x3b1e,1864,0.000101312299
0x3b1f,1864,0.000101312299
0x3b20,1864,0.000101312299
0x3b33,1864,0.000101312299
0x3b36,1864,0.000101312299
0x3b37,1864,0.000101312299
0x3b38,1864,0.000101312299
0x3b43,1864,0.000101312299
0x3b46,1864,0.000101312299
0x3b47,1864,0.000101312299
0x3b49,1864,0.000101312299
0x3b4c,1864,0.000101312299
0x3b4f,1864,0.000101312299
0x3b52,1864,0.000101312299
0x3b55,1864,0.000101312299
0x3b58,1864,0.000101312299
0x3b5b,1864,0.000101312299
