pc,count,frequency
0x0000,1,0.000000025431
0x0001,1,0.000000025431
0x0002,1,0.000000025431
0x0003,1,0.000000025431
0x0004,1,0.000000025431
0x0005,1,0.000000025431
0x0006,1,0.000000025431
0x0007,1,0.000000025431
0x0008,1,0.000000025431
0x000b,1,0.000000025431
0x000d,1,0.000000025431
0x000f,1,0.000000025431
0x0012,1,0.000000025431
0x0015,1,0.000000025431
0x0017,1,0.000000025431
0x001a,22251,0.000565858248
0x001d,22250,0.000565832817
0x0020,22250,0.000565832817
0x0021,22250,0.000565832817
0x0024,6245,0.000158814649
0x0027,6245,0.000158814649
0x002a,6245,0.000158814649
0x002d,16005,0.000407018168
0x002f,16005,0.000407018168
0x0031,16005,0.000407018168
0x0032,16005,0.000407018168
0x0034,16005,0.000407018168
0x0035,16005,0.000407018168
0x0038,16005,0.000407018168
0x0039,16005,0.000407018168
0x003c,16005,0.000407018168
0x003d,16005,0.000407018168
0x0040,7,0.000000178015
0x0043,7,0.000000178015
0x0046,15998,0.000406840153
0x0049,15998,0.000406840153
0x0050,1,0.000000025431
0x0052,1,0.000000025431
0x0054,1,0.000000025431
0x0056,1,0.000000025431
0x0058,1,0.000000025431
0x005a,1,0.000000025431
0x005c,1,0.000000025431
0x005f,1,0.000000025431
0x0061,1,0.000000025431
0x0063,1,0.000000025431
0x0066,1,0.000000025431
0x0068,1,0.000000025431
0x006a,1,0.000000025431
0x006b,2,0.000000050861
0x006e,2,0.000000050861
0x0070,6130,0.000155890120
0x0072,6130,0.000155890120
0x0073,6130,0.000155890120
0x0074,6130,0.000155890120
0x0077,2,0.000000050861
0x0078,864,0.000021972115
0x007b,864,0.000021972115
0x0080,2230311,0.056718344114
0x0082,2230311,0.056718344114
0x0083,2230310,0.056718318684
0x0085,2230310,0.056718318684
0x0088,44505,0.001131792788
0x0089,44505,0.001131792788
0x008b,44505,0.001131792788
0x008e,22282,0.000566646599
0x0090,22282,0.000566646599
0x0091,22282,0.000566646599
0x0094,22282,0.000566646599
0x0095,22282,0.000566646599
0x0096,22282,0.000566646599
0x0097,22282,0.000566646599
0x0098,22282,0.000566646599
0x009a,22282,0.000566646599
0x009d,22282,0.000566646599
0x009f,22282,0.000566646599
0x00a0,22282,0.000566646599
0x00a2,22282,0.000566646599
0x00a3,22282,0.000566646599
0x00a6,22282,0.000566646599
0x00a8,22282,0.000566646599
0x00ab,22282,0.000566646599
0x00ac,1,0.000000025431
0x00ae,1,0.000000025431
0x00af,1,0.000000025431
0x00b0,1,0.000000025431
0x00b2,1,0.000000025431
0x00b5,1,0.000000025431
0x00bb,45013,0.001144711578
0x00be,45013,0.001144711578
0x00bf,45013,0.001144711578
0x00c0,45013,0.001144711578
0x00c1,45013,0.001144711578
0x00c2,45013,0.001144711578
0x00c3,45013,0.001144711578
0x00c4,2133,0.000054243658
0x00c5,2133,0.000054243658
0x00c7,2133,0.000054243658
0x00c9,2133,0.000054243658
0x00ca,2133,0.000054243658
0x00cd,2133,0.000054243658
0x00ce,2133,0.000054243658
0x00cf,2133,0.000054243658
0x00d0,2133,0.000054243658
0x00d1,2133,0.000054243658
0x00d2,2133,0.000054243658
0x00d3,2133,0.000054243658
0x00d4,2133,0.000054243658
0x00d6,2133,0.000054243658
0x00d8,2133,0.000054243658
0x00d9,2133,0.000054243658
0x00dc,2133,0.000054243658
0x00dd,2133,0.000054243658
0x00de,2133,0.000054243658
0x00e1,753,0.000019149308
0x00e3,15998,0.000406840153
0x00e6,15998,0.000406840153
0x00e9,15998,0.000406840153
0x00ec,15998,0.000406840153
0x00ef,15998,0.000406840153
0x00f2,15994,0.000406738431
0x00f5,15994,0.000406738431
0x00f8,15994,0.000406738431
0x00fb,15994,0.000406738431
0x00fe,15120,0.000384512009
0x0101,15120,0.000384512009
0x0104,15120,0.000384512009
0x0107,15117,0.000384435717
0x0109,15117,0.000384435717
0x010c,15117,0.000384435717
0x010f,15114,0.000384359425
0x0111,15114,0.000384359425
0x0114,15114,0.000384359425
0x0117,15111,0.000384283133
0x0119,15111,0.000384283133
0x011c,15111,0.000384283133
0x011f,15111,0.000384283133
0x0122,14247,0.000362311018
0x0125,14247,0.000362311018
0x0128,14247,0.000362311018
0x012b,14247,0.000362311018
0x012e,13719,0.000348883614
0x0131,13719,0.000348883614
0x0134,13719,0.000348883614
0x0137,13719,0.000348883614
0x013a,729,0.000018538972
0x0140,16,0.000000406891
0x0143,16,0.000000406891
0x0146,16,0.000000406891
0x0149,16,0.000000406891
0x014c,16,0.000000406891
0x014e,16,0.000000406891
0x014f,16,0.000000406891
0x0151,16,0.000000406891
0x0152,16,0.000000406891
0x0153,16,0.000000406891
0x0154,16,0.000000406891
0x0156,16,0.000000406891
0x0158,16,0.000000406891
0x015b,16,0.000000406891
0x015d,16,0.000000406891
0x015f,16,0.000000406891
0x0161,16,0.000000406891
0x0164,16,0.000000406891
0x0166,16,0.000000406891
0x0167,16,0.000000406891
0x0168,16,0.000000406891
0x016a,16,0.000000406891
0x016b,16,0.000000406891
0x016d,16,0.000000406891
0x016f,16,0.000000406891
0x0172,16,0.000000406891
0x0173,12984,0.000330192058
0x0174,12984,0.000330192058
0x0176,12984,0.000330192058
0x0178,12984,0.000330192058
0x017a,12984,0.000330192058
0x017b,9821,0.000249754791
0x017d,9821,0.000249754791
0x017e,9720,0.000247186291
0x0180,9720,0.000247186291
0x0182,9720,0.000247186291
0x0183,3375,0.000085828573
0x0185,3375,0.000085828573
0x0186,3275,0.000083285505
0x0188,3275,0.000083285505
0x018a,3275,0.000083285505
0x018b,103,0.000002619361
0x018d,103,0.000002619361
0x018e,103,0.000002619361
0x018f,103,0.000002619361
0x0191,103,0.000002619361
0x0192,6,0.000000152584
0x0194,6,0.000000152584
0x0196,1738,0.000044198536
0x0197,1738,0.000044198536
0x0199,1738,0.000044198536
0x019b,1738,0.000044198536
0x019c,1416,0.000036009855
0x019d,1416,0.000036009855
0x019e,1416,0.000036009855
0x01a0,1416,0.000036009855
0x01a1,1416,0.000036009855
0x01a2,1416,0.000036009855
0x01a3,1416,0.000036009855
0x01a5,1416,0.000036009855
0x01a6,1416,0.000036009855
0x01a7,1416,0.000036009855
0x01a8,1416,0.000036009855
0x01ab,1416,0.000036009855
0x01ae,1416,0.000036009855
0x01af,1416,0.000036009855
0x01b0,1416,0.000036009855
0x01b1,1416,0.000036009855
0x01b2,1416,0.000036009855
0x01b3,1416,0.000036009855
0x01b4,1416,0.000036009855
0x01b5,1416,0.000036009855
0x01b6,1416,0.000036009855
0x01b7,1416,0.000036009855
0x01b8,1416,0.000036009855
0x01b9,1416,0.000036009855
0x01ba,1416,0.000036009855
0x01bb,1416,0.000036009855
0x01bd,1416,0.000036009855
0x01be,1416,0.000036009855
0x01c1,17616,0.000447987007
0x01c4,17616,0.000447987007
0x01c5,17616,0.000447987007
0x01c8,1416,0.000036009855
0x01c9,1416,0.000036009855
0x01ca,1416,0.000036009855
0x01d0,4271,0.000108614470
0x01d1,4271,0.000108614470
0x01d2,4271,0.000108614470
0x01d3,4271,0.000108614470
0x01d4,4271,0.000108614470
0x01d6,4271,0.000108614470
0x01d7,4271,0.000108614470
0x01d9,4271,0.000108614470
0x01dc,4271,0.000108614470
0x01dd,4271,0.000108614470
0x01e0,2454,0.000062406909
0x01e1,7,0.000000178015
0x01e4,904,0.000022989342
0x01e7,904,0.000022989342
0x01e9,904,0.000022989342
0x01ed,111046,0.002823976226
0x01ee,111046,0.002823976226
0x01ef,111046,0.002823976226
0x01f0,111046,0.002823976226
0x01f3,111046,0.002823976226
0x01f4,111046,0.002823976226
0x01f7,4271,0.000108614470
0x0200,38280,0.000973486753
0x0201,38280,0.000973486753
0x0202,135,0.000003433143
0x0203,135,0.000003433143
0x0204,135,0.000003433143
0x0205,135,0.000003433143
0x0206,1416,0.000036009855
0x0207,1416,0.000036009855
0x0208,1416,0.000036009855
0x0209,1416,0.000036009855
0x020a,1416,0.000036009855
0x020b,1416,0.000036009855
0x020c,1416,0.000036009855
0x020d,1416,0.000036009855
0x020e,1416,0.000036009855
0x0210,10149,0.000258096057
0x0211,10149,0.000258096057
0x0213,10149,0.000258096057
0x0214,10149,0.000258096057
0x0215,2211,0.000056227252
0x0216,2211,0.000056227252
0x0217,240803,0.006123786063
0x0218,240803,0.006123786063
0x021a,240803,0.006123786063
0x021b,240803,0.006123786063
0x021c,34452,0.000876138077
0x021d,34452,0.000876138077
0x0220,42,0.000001068089
0x0221,42,0.000001068089
0x0222,42,0.000001068089
0x0223,42,0.000001068089
0x0224,42,0.000001068089
0x0225,42,0.000001068089
0x0226,42,0.000001068089
0x0227,42,0.000001068089
0x0228,42,0.000001068089
0x0229,42,0.000001068089
0x022a,42,0.000001068089
0x022b,42,0.000001068089
0x022c,42,0.000001068089
0x022e,42,0.000001068089
0x022f,42,0.000001068089
0x0230,42,0.000001068089
0x0231,42,0.000001068089
0x0232,42,0.000001068089
0x0258,78725,0.002002030946
0x0259,78725,0.002002030946
0x025a,78725,0.002002030946
0x025b,314,0.000007985236
0x025c,314,0.000007985236
0x025d,314,0.000007985236
0x025e,314,0.000007985236
0x025f,314,0.000007985236
0x0260,59071,0.001502216195
0x0263,59071,0.001502216195
0x0264,57304,0.001457280169
0x0267,57304,0.001457280169
0x0270,82186,0.002090046558
0x0271,82186,0.002090046558
0x0272,82186,0.002090046558
0x0273,82186,0.002090046558
0x0274,82186,0.002090046558
0x0275,82186,0.002090046558
0x0276,82186,0.002090046558
0x0277,57304,0.001457280169
0x0278,57304,0.001457280169
0x0279,57304,0.001457280169
0x027a,57304,0.001457280169
0x027b,57304,0.001457280169
0x027c,57304,0.001457280169
0x027d,57304,0.001457280169
0x0288,7,0.000000178015
0x028b,7,0.000000178015
0x028e,7,0.000000178015
0x0290,7,0.000000178015
0x0293,7,0.000000178015
0x0295,7,0.000000178015
0x0298,7,0.000000178015
0x029a,7,0.000000178015
0x02a7,7,0.000000178015
0x02aa,7,0.000000178015
0x02ab,7,0.000000178015
0x02ac,7,0.000000178015
0x02ad,1,0.000000025431
0x02b0,1,0.000000025431
0x02b3,1,0.000000025431
0x02b6,1,0.000000025431
0x02b9,1,0.000000025431
0x02bc,1,0.000000025431
0x02be,1,0.000000025431
0x02c0,1,0.000000025431
0x02c3,1,0.000000025431
0x02c5,1,0.000000025431
0x02c7,1,0.000000025431
0x02cb,1,0.000000025431
0x02cd,1,0.000000025431
0x02cf,1,0.000000025431
0x02d4,1,0.000000025431
0x02d7,1,0.000000025431
0x02d8,1,0.000000025431
0x02db,1,0.000000025431
0x02dd,1,0.000000025431
0x02e3,1,0.000000025431
0x02e5,1,0.000000025431
0x02e6,1,0.000000025431
0x02e7,1,0.000000025431
0x02e8,1,0.000000025431
0x02ea,1,0.000000025431
0x02ed,1,0.000000025431
0x02f0,1,0.000000025431
0x02f3,1,0.000000025431
0x02f6,1,0.000000025431
0x02f9,1,0.000000025431
0x02fc,1,0.000000025431
0x02fe,1,0.000000025431
0x0300,1,0.000000025431
0x0303,1,0.000000025431
0x0306,1,0.000000025431
0x0308,1,0.000000025431
0x030b,1,0.000000025431
0x030d,1,0.000000025431
0x0310,1,0.000000025431
0x0314,44,0.000001118950
0x0315,44,0.000001118950
0x0316,44,0.000001118950
0x0317,44,0.000001118950
0x0318,44,0.000001118950
0x0319,44,0.000001118950
0x031a,44,0.000001118950
0x031b,44,0.000001118950
0x031c,44,0.000001118950
0x031d,44,0.000001118950
0x031e,44,0.000001118950
0x0320,2,0.000000050861
0x0321,2,0.000000050861
0x0322,2,0.000000050861
0x0323,2,0.000000050861
0x0324,2,0.000000050861
0x0325,2,0.000000050861
0x0326,2,0.000000050861
0x0327,2,0.000000050861
0x0328,2,0.000000050861
0x0329,2,0.000000050861
0x032a,2,0.000000050861
0x032e,1,0.000000025431
0x0331,8,0.000000203446
0x0333,8,0.000000203446
0x0334,8,0.000000203446
0x0335,8,0.000000203446
0x0337,8,0.000000203446
0x033a,1,0.000000025431
0x033c,1,0.000000025431
0x033f,1,0.000000025431
0x0341,1,0.000000025431
0x0344,1,0.000000025431
0x0346,1,0.000000025431
0x0349,1,0.000000025431
0x034b,1,0.000000025431
0x034e,1,0.000000025431
0x0350,1,0.000000025431
0x0353,1,0.000000025431
0x0355,1,0.000000025431
0x0357,1,0.000000025431
0x0358,1,0.000000025431
0x035b,1,0.000000025431
0x035c,1,0.000000025431
0x035e,1,0.000000025431
0x035f,1,0.000000025431
0x0361,1,0.000000025431
0x0367,4,0.000000101723
0x0369,4,0.000000101723
0x036a,4,0.000000101723
0x036c,4,0.000000101723
0x036f,4,0.000000101723
0x0370,4,0.000000101723
0x0371,4,0.000000101723
0x0373,4,0.000000101723
0x0376,4,0.000000101723
0x0377,16005,0.000407018168
0x037a,16005,0.000407018168
0x037b,16005,0.000407018168
0x037c,16005,0.000407018168
0x037d,16005,0.000407018168
0x0380,35,0.000000890074
0x0383,35,0.000000890074
0x0386,35,0.000000890074
0x0389,12740,0.000323986970
0x038a,12740,0.000323986970
0x038b,12740,0.000323986970
0x038c,12740,0.000323986970
0x038d,12740,0.000323986970
0x038e,12740,0.000323986970
0x038f,12740,0.000323986970
0x0390,12740,0.000323986970
0x0393,910,0.000023141926
0x0394,910,0.000023141926
0x0395,910,0.000023141926
0x0396,910,0.000023141926
0x0397,910,0.000023141926
0x0398,910,0.000023141926
0x0399,910,0.000023141926
0x039a,910,0.000023141926
0x039d,35,0.000000890074
0x03a0,185,0.000004704677
0x03a3,185,0.000004704677
0x03a6,76960,0.001957145781
0x03a7,76960,0.001957145781
0x03a8,76960,0.001957145781
0x03a9,76960,0.001957145781
0x03aa,76960,0.001957145781
0x03ab,76960,0.001957145781
0x03ac,76960,0.001957145781
0x03af,185,0.000004704677
0x03b0,12990,0.000330344643
0x03b3,12990,0.000330344643
0x03b6,12990,0.000330344643
0x03b9,10128,0.000257562012
0x03bc,10128,0.000257562012
0x03bf,10125,0.000257485720
0x03c2,10125,0.000257485720
0x03c5,10125,0.000257485720
0x03c8,7248,0.000184321630
0x03cb,7248,0.000184321630
0x03ce,12984,0.000330192058
0x03d1,12984,0.000330192058
0x03d4,12984,0.000330192058
0x03d5,12984,0.000330192058
0x03d7,12984,0.000330192058
0x03d8,12984,0.000330192058
0x03d9,12984,0.000330192058
0x03e2,3,0.000000076292
0x03e5,3,0.000000076292
0x03e8,3,0.000000076292
0x03eb,3,0.000000076292
0x03ee,3,0.000000076292
0x03f1,6,0.000000152584
0x03f4,6,0.000000152584
0x03f5,6,0.000000152584
0x03f7,6,0.000000152584
0x03f8,6,0.000000152584
0x03fa,6,0.000000152584
0x03fb,6,0.000000152584
0x03fc,6,0.000000152584
0x03fd,6,0.000000152584
0x0400,19229,0.000489006708
0x0403,19229,0.000489006708
0x0406,19229,0.000489006708
0x0407,19229,0.000489006708
0x0408,19229,0.000489006708
0x0409,19229,0.000489006708
0x040a,19229,0.000489006708
0x040b,19229,0.000489006708
0x040c,19229,0.000489006708
0x040d,19229,0.000489006708
0x041e,38,0.000000966366
0x0421,38,0.000000966366
0x0423,38,0.000000966366
0x0424,38,0.000000966366
0x0427,38,0.000000966366
0x0429,38,0.000000966366
0x042a,38,0.000000966366
0x042d,38,0.000000966366
0x0430,6,0.000000152584
0x0433,6,0.000000152584
0x0435,6,0.000000152584
0x0436,6,0.000000152584
0x0438,6,0.000000152584
0x043a,6,0.000000152584
0x043b,6,0.000000152584
0x043d,6,0.000000152584
0x043f,6,0.000000152584
0x0440,2,0.000000050861
0x0441,2,0.000000050861
0x0442,2,0.000000050861
0x0443,2,0.000000050861
0x0445,2,0.000000050861
0x04ac,1290,0.000032805588
0x04af,1290,0.000032805588
0x04b0,1290,0.000032805588
0x04b1,1290,0.000032805588
0x04b2,1290,0.000032805588
0x04b4,1290,0.000032805588
0x04b5,1290,0.000032805588
0x04b6,1278,0.000032500420
0x04b8,1278,0.000032500420
0x04ba,1278,0.000032500420
0x04bd,1272,0.000032347836
0x04bf,1272,0.000032347836
0x04c1,1272,0.000032347836
0x04c2,1272,0.000032347836
0x04c4,1272,0.000032347836
0x04c6,1272,0.000032347836
0x04c9,645,0.000016402794
0x04cc,645,0.000016402794
0x04cd,645,0.000016402794
0x04d0,645,0.000016402794
0x04d1,645,0.000016402794
0x04d2,645,0.000016402794
0x04d4,645,0.000016402794
0x04d7,645,0.000016402794
0x04df,645,0.000016402794
0x04e1,645,0.000016402794
0x04e4,645,0.000016402794
0x04e6,627,0.000015945042
0x04e9,627,0.000015945042
0x04ea,627,0.000015945042
0x04eb,627,0.000015945042
0x04ee,627,0.000015945042
0x04f4,627,0.000015945042
0x04f6,627,0.000015945042
0x04f9,627,0.000015945042
0x04fb,3762,0.000095670250
0x04fd,3762,0.000095670250
0x04fe,3762,0.000095670250
0x0501,3762,0.000095670250
0x0502,3762,0.000095670250
0x0505,627,0.000015945042
0x0506,32,0.000000813782
0x0509,32,0.000000813782
0x050b,32,0.000000813782
0x050e,32,0.000000813782
0x0511,32,0.000000813782
0x0514,32,0.000000813782
0x0515,32,0.000000813782
0x0518,32,0.000000813782
0x051b,32,0.000000813782
0x051d,32,0.000000813782
0x0520,32,0.000000813782
0x0523,32,0.000000813782
0x0526,32,0.000000813782
0x0529,32,0.000000813782
0x052c,32,0.000000813782
0x052f,32,0.000000813782
0x0532,32,0.000000813782
0x0535,32,0.000000813782
0x0537,32,0.000000813782
0x053a,32,0.000000813782
0x053d,32,0.000000813782
0x0540,32,0.000000813782
0x0543,32,0.000000813782
0x0547,32,0.000000813782
0x054a,32,0.000000813782
0x054d,32,0.000000813782
0x054f,32,0.000000813782
0x0552,32,0.000000813782
0x0555,32,0.000000813782
0x0557,32,0.000000813782
0x055a,32,0.000000813782
0x0580,35,0.000000890074
0x0583,35,0.000000890074
0x0586,35,0.000000890074
0x0588,35,0.000000890074
0x0589,35,0.000000890074
0x058a,35,0.000000890074
0x058b,35,0.000000890074
0x058d,35,0.000000890074
0x0590,35,0.000000890074
0x0592,35,0.000000890074
0x0595,35,0.000000890074
0x05d8,185,0.000004704677
0x05d9,8704,0.000221348712
0x05da,8704,0.000221348712
0x05db,8704,0.000221348712
0x05dc,8704,0.000221348712
0x05df,185,0.000004704677
0x05e0,2402,0.000061084514
0x05e1,2402,0.000061084514
0x05e2,2402,0.000061084514
0x05e3,2402,0.000061084514
0x05e4,2402,0.000061084514
0x05e5,2402,0.000061084514
0x05e8,221,0.000005620182
0x05ec,32,0.000000813782
0x05ef,32,0.000000813782
0x05f2,32,0.000000813782
0x05f4,32,0.000000813782
0x05f5,32,0.000000813782
0x05f6,32,0.000000813782
0x05f7,32,0.000000813782
0x05f8,32,0.000000813782
0x05f9,32,0.000000813782
0x05fa,200,0.000005086138
0x05fd,200,0.000005086138
0x0600,200,0.000005086138
0x0601,200,0.000005086138
0x0602,200,0.000005086138
0x0603,3045,0.000077436446
0x0604,3045,0.000077436446
0x0605,3045,0.000077436446
0x0606,3045,0.000077436446
0x0607,3045,0.000077436446
0x0608,3045,0.000077436446
0x0609,3045,0.000077436446
0x060a,3045,0.000077436446
0x060d,191,0.000004857261
0x0610,32,0.000000813782
0x0613,32,0.000000813782
0x0616,32,0.000000813782
0x0617,32,0.000000813782
0x0619,32,0.000000813782
0x061a,32,0.000000813782
0x061b,32,0.000000813782
0x061c,32,0.000000813782
0x061d,32,0.000000813782
0x061e,32,0.000000813782
0x061f,32,0.000000813782
0x0621,32,0.000000813782
0x0624,32,0.000000813782
0x0627,32,0.000000813782
0x0628,32,0.000000813782
0x0629,32,0.000000813782
0x062a,357,0.000009078756
0x062b,357,0.000009078756
0x062c,357,0.000009078756
0x062d,357,0.000009078756
0x062e,357,0.000009078756
0x062f,357,0.000009078756
0x0630,357,0.000009078756
0x0631,357,0.000009078756
0x0632,357,0.000009078756
0x0633,357,0.000009078756
0x0634,357,0.000009078756
0x0635,357,0.000009078756
0x0638,23,0.000000584906
0x0650,32,0.000000813782
0x0653,32,0.000000813782
0x0656,32,0.000000813782
0x0658,32,0.000000813782
0x0659,32,0.000000813782
0x065a,32,0.000000813782
0x065b,32,0.000000813782
0x065c,32,0.000000813782
0x065d,32,0.000000813782
0x065e,32,0.000000813782
0x0661,32,0.000000813782
0x0664,32,0.000000813782
0x0665,32,0.000000813782
0x0666,32,0.000000813782
0x0667,357,0.000009078756
0x0668,357,0.000009078756
0x0669,357,0.000009078756
0x066a,357,0.000009078756
0x066b,357,0.000009078756
0x066c,357,0.000009078756
0x066f,23,0.000000584906
0x067a,4891,0.000124381497
0x067d,4891,0.000124381497
0x067e,4891,0.000124381497
0x067f,4891,0.000124381497
0x0682,4891,0.000124381497
0x0684,4891,0.000124381497
0x0685,616,0.000015665304
0x0688,616,0.000015665304
0x068b,616,0.000015665304
0x068c,616,0.000015665304
0x068d,616,0.000015665304
0x068e,616,0.000015665304
0x068f,616,0.000015665304
0x0691,616,0.000015665304
0x0692,616,0.000015665304
0x0693,616,0.000015665304
0x0695,616,0.000015665304
0x0696,616,0.000015665304
0x0697,616,0.000015665304
0x0698,616,0.000015665304
0x0699,16037,0.000407831950
0x069a,16037,0.000407831950
0x069b,16037,0.000407831950
0x069c,16037,0.000407831950
0x069d,16037,0.000407831950
0x069e,16037,0.000407831950
0x069f,16037,0.000407831950
0x06a2,2464,0.000062661216
0x06a3,2464,0.000062661216
0x06a4,2464,0.000062661216
0x06a5,2464,0.000062661216
0x06a8,616,0.000015665304
0x06a9,616,0.000015665304
0x06ac,616,0.000015665304
0x06b0,4492,0.000114234652
0x06b3,4492,0.000114234652
0x06b6,4492,0.000114234652
0x06b7,4492,0.000114234652
0x06b8,4492,0.000114234652
0x06b9,29,0.000000737490
0x06ba,29,0.000000737490
0x06bb,29,0.000000737490
0x06bc,29,0.000000737490
0x06bd,29,0.000000737490
0x06be,29,0.000000737490
0x06bf,29,0.000000737490
0x06c0,29,0.000000737490
0x06c1,29,0.000000737490
0x06c2,29,0.000000737490
0x06c3,29,0.000000737490
0x06c4,29,0.000000737490
0x06c5,29,0.000000737490
0x06c8,29,0.000000737490
0x06ca,29,0.000000737490
0x06cb,29,0.000000737490
0x06cc,29,0.000000737490
0x06cd,29,0.000000737490
0x06cf,29,0.000000737490
0x06d0,29,0.000000737490
0x06d1,29,0.000000737490
0x06d2,29,0.000000737490
0x06d3,29,0.000000737490
0x06d4,29,0.000000737490
0x06d5,29,0.000000737490
0x06d7,29,0.000000737490
0x06d8,29,0.000000737490
0x06da,29,0.000000737490
0x06db,29,0.000000737490
0x06de,29,0.000000737490
0x06df,29,0.000000737490
0x06e1,29,0.000000737490
0x06e2,29,0.000000737490
0x06e3,29,0.000000737490
0x06e4,29,0.000000737490
0x06e7,29,0.000000737490
0x06e8,645,0.000016402794
0x06eb,645,0.000016402794
0x06ed,645,0.000016402794
0x06f0,4492,0.000114234652
0x06f3,4492,0.000114234652
0x06f6,4492,0.000114234652
0x0700,13979,0.000355495593
0x0703,13979,0.000355495593
0x0706,41937,0.001066486780
0x0709,41937,0.001066486780
0x070a,41937,0.001066486780
0x070c,41937,0.001066486780
0x070d,41937,0.001066486780
0x070f,41937,0.001066486780
0x0710,41937,0.001066486780
0x0711,41937,0.001066486780
0x0713,41937,0.001066486780
0x0716,13979,0.000355495593
0x0718,137617,0.003499695048
0x071b,137617,0.003499695048
0x0720,137617,0.003499695048
0x0721,137617,0.003499695048
0x0722,137617,0.003499695048
0x0724,137617,0.003499695048
0x0725,56494,0.001436681311
0x0726,56494,0.001436681311
0x0728,56494,0.001436681311
0x0729,56494,0.001436681311
0x072a,56494,0.001436681311
0x072b,56494,0.001436681311
0x072c,56494,0.001436681311
0x072e,56494,0.001436681311
0x0730,56494,0.001436681311
0x0731,56494,0.001436681311
0x0733,56494,0.001436681311
0x0734,56494,0.001436681311
0x0740,137617,0.003499695048
0x0741,137617,0.003499695048
0x0742,137617,0.003499695048
0x0744,137617,0.003499695048
0x0745,59311,0.001508319561
0x0746,59311,0.001508319561
0x0748,59311,0.001508319561
0x0749,59311,0.001508319561
0x074a,59311,0.001508319561
0x074b,59311,0.001508319561
0x074c,59311,0.001508319561
0x074d,59311,0.001508319561
0x074f,59311,0.001508319561
0x0750,59311,0.001508319561
0x0751,59311,0.001508319561
0x0752,59311,0.001508319561
0x0754,59311,0.001508319561
0x0755,59311,0.001508319561
0x0757,59311,0.001508319561
0x0758,59311,0.001508319561
0x0763,10656,0.000270989416
0x0764,10656,0.000270989416
0x0765,10656,0.000270989416
0x0766,10656,0.000270989416
0x0767,10656,0.000270989416
0x0768,10656,0.000270989416
0x0769,10656,0.000270989416
0x076a,10656,0.000270989416
0x076b,10656,0.000270989416
0x076d,13377,0.000340186319
0x076e,13377,0.000340186319
0x076f,13377,0.000340186319
0x0770,13377,0.000340186319
0x0771,13377,0.000340186319
0x0772,13377,0.000340186319
0x0773,13377,0.000340186319
0x0774,13377,0.000340186319
0x0775,13377,0.000340186319
0x0776,13377,0.000340186319
0x0779,25341,0.000644439075
0x077a,25341,0.000644439075
0x077b,25341,0.000644439075
0x077c,25341,0.000644439075
0x077d,25341,0.000644439075
0x077e,25341,0.000644439075
0x077f,25341,0.000644439075
0x0780,25341,0.000644439075
0x0783,25341,0.000644439075
0x0784,25341,0.000644439075
0x0785,25341,0.000644439075
0x0786,25341,0.000644439075
0x0788,25413,0.000646270085
0x0789,25413,0.000646270085
0x078a,25413,0.000646270085
0x078b,25413,0.000646270085
0x078c,25413,0.000646270085
0x078d,25413,0.000646270085
0x078e,25413,0.000646270085
0x078f,25413,0.000646270085
0x0790,25413,0.000646270085
0x0792,25413,0.000646270085
0x0793,25413,0.000646270085
0x0794,25413,0.000646270085
0x0795,25413,0.000646270085
0x0798,25413,0.000646270085
0x0799,25413,0.000646270085
0x079a,25413,0.000646270085
0x079b,25413,0.000646270085
0x079e,2526,0.000064237919
0x079f,2526,0.000064237919
0x07a0,2526,0.000064237919
0x07a1,2526,0.000064237919
0x07a2,2526,0.000064237919
0x07a3,2526,0.000064237919
0x07a4,2526,0.000064237919
0x07a5,2526,0.000064237919
0x07a6,2526,0.000064237919
0x07a7,2526,0.000064237919
0x07a8,2526,0.000064237919
0x07aa,2529,0.000064314211
0x07ab,2529,0.000064314211
0x07ac,2529,0.000064314211
0x07ad,2529,0.000064314211
0x07ae,2529,0.000064314211
0x07af,2529,0.000064314211
0x07b0,2529,0.000064314211
0x07b1,2529,0.000064314211
0x07b2,2529,0.000064314211
0x07b4,2529,0.000064314211
0x07b5,2529,0.000064314211
0x07b6,2529,0.000064314211
0x07b7,2529,0.000064314211
0x07b8,2529,0.000064314211
0x07b9,2529,0.000064314211
0x07ba,2529,0.000064314211
0x07bb,2529,0.000064314211
0x07be,17971,0.000457014902
0x07bf,17971,0.000457014902
0x07c0,17971,0.000457014902
0x07c1,17971,0.000457014902
0x07c2,17971,0.000457014902
0x07c3,17971,0.000457014902
0x07c4,17971,0.000457014902
0x07c5,17971,0.000457014902
0x07c6,17971,0.000457014902
0x07c7,17971,0.000457014902
0x07ca,17971,0.000457014902
0x07cb,17971,0.000457014902
0x07cc,17971,0.000457014902
0x07cd,17971,0.000457014902
0x07ce,17971,0.000457014902
0x07cf,17971,0.000457014902
0x07d2,17992,0.000457548946
0x07d3,17992,0.000457548946
0x07d4,17992,0.000457548946
0x07d5,17992,0.000457548946
0x07d6,17992,0.000457548946
0x07d7,17992,0.000457548946
0x07d8,17992,0.000457548946
0x07d9,17992,0.000457548946
0x07da,17992,0.000457548946
0x07dc,18021,0.000458286436
0x07dd,18021,0.000458286436
0x07de,18021,0.000458286436
0x07df,18021,0.000458286436
0x07e0,18021,0.000458286436
0x07e1,18021,0.000458286436
0x07e2,18021,0.000458286436
0x07e3,18021,0.000458286436
0x07e4,18021,0.000458286436
0x07e7,18021,0.000458286436
0x07e8,18021,0.000458286436
0x07e9,18021,0.000458286436
0x07ea,18021,0.000458286436
0x07eb,18021,0.000458286436
0x07ec,18021,0.000458286436
0x07ed,18021,0.000458286436
0x07ee,18021,0.000458286436
0x07f0,6,0.000000152584
0x07f3,6,0.000000152584
0x07f6,6,0.000000152584
0x07f9,6,0.000000152584
0x0800,15907,0.000404525961
0x0803,15907,0.000404525961
0x0806,15907,0.000404525961
0x0807,15907,0.000404525961
0x0809,15907,0.000404525961
0x080a,15907,0.000404525961
0x080b,15907,0.000404525961
0x080c,15907,0.000404525961
0x080d,15907,0.000404525961
0x080e,15907,0.000404525961
0x080f,15907,0.000404525961
0x0834,1324,0.000033670231
0x0837,1324,0.000033670231
0x083a,1324,0.000033670231
0x083b,1324,0.000033670231
0x083c,1324,0.000033670231
0x083e,1324,0.000033670231
0x083f,168,0.000004272356
0x0842,168,0.000004272356
0x0845,168,0.000004272356
0x0848,381,0.000009689092
0x084b,381,0.000009689092
0x084c,381,0.000009689092
0x084d,381,0.000009689092
0x084e,11,0.000000279738
0x0850,11,0.000000279738
0x0851,11,0.000000279738
0x0853,11,0.000000279738
0x0855,11,0.000000279738
0x085a,168,0.000004272356
0x085d,168,0.000004272356
0x085f,168,0.000004272356
0x0860,136,0.000003458574
0x0862,136,0.000003458574
0x0864,136,0.000003458574
0x0865,104,0.000002644792
0x0867,104,0.000002644792
0x0869,104,0.000002644792
0x086a,72,0.000001831010
0x086c,72,0.000001831010
0x086e,72,0.000001831010
0x086f,40,0.000001017228
0x0871,40,0.000001017228
0x0876,13979,0.000355495593
0x0879,13979,0.000355495593
0x087c,13979,0.000355495593
0x087f,13979,0.000355495593
0x0882,13979,0.000355495593
0x0885,13979,0.000355495593
0x0886,13979,0.000355495593
0x0889,13979,0.000355495593
0x088b,76877,0.001955035033
0x088c,76877,0.001955035033
0x088d,76877,0.001955035033
0x088e,76877,0.001955035033
0x088f,76877,0.001955035033
0x0890,76877,0.001955035033
0x0891,76877,0.001955035033
0x0892,76877,0.001955035033
0x0893,76877,0.001955035033
0x0894,76877,0.001955035033
0x0897,20967,0.000533205244
0x08a0,13979,0.000355495593
0x08a3,13979,0.000355495593
0x08a6,13979,0.000355495593
0x08a9,13979,0.000355495593
0x08ac,13979,0.000355495593
0x08ae,13979,0.000355495593
0x08b0,13979,0.000355495593
0x08b1,1280,0.000032551281
0x08b4,1280,0.000032551281
0x08b7,1280,0.000032551281
0x08c4,13979,0.000355495593
0x08c7,13979,0.000355495593
0x08c8,13979,0.000355495593
0x08ca,13979,0.000355495593
0x08cd,13793,0.000350765485
0x08cf,13793,0.000350765485
0x08d0,13793,0.000350765485
0x08d1,13793,0.000350765485
0x08d4,13217,0.000336117409
0x08d6,13217,0.000336117409
0x08d9,13217,0.000336117409
0x08dc,3,0.000000076292
0x08de,3,0.000000076292
0x08e0,3,0.000000076292
0x08e2,3,0.000000076292
0x08e3,3,0.000000076292
0x08e5,3,0.000000076292
0x08e6,3,0.000000076292
0x08e8,3,0.000000076292
0x08ea,579,0.000014724369
0x08eb,13793,0.000350765485
0x08ed,13793,0.000350765485
0x08f0,13793,0.000350765485
0x08f3,13793,0.000350765485
0x0900,13793,0.000350765485
0x0903,13793,0.000350765485
0x0904,13793,0.000350765485
0x0906,13793,0.000350765485
0x0907,10195,0.000259265868
0x0909,10195,0.000259265868
0x090c,5158,0.000131171491
0x090d,5158,0.000131171491
0x090f,5158,0.000131171491
0x0910,5109,0.000129925387
0x0911,5109,0.000129925387
0x0913,5109,0.000129925387
0x0916,5109,0.000129925387
0x0917,5037,0.000128094378
0x0918,5037,0.000128094378
0x091a,5037,0.000128094378
0x091b,5037,0.000128094378
0x091c,5037,0.000128094378
0x091e,5037,0.000128094378
0x0921,5037,0.000128094378
0x0926,14158,0.000360047687
0x0927,14158,0.000360047687
0x0929,14158,0.000360047687
0x092a,14158,0.000360047687
0x092b,14158,0.000360047687
0x092c,14158,0.000360047687
0x092d,14158,0.000360047687
0x092e,14158,0.000360047687
0x0930,15259,0.000388046875
0x0931,15259,0.000388046875
0x0933,15259,0.000388046875
0x0936,9514,0.000241947570
0x0937,9514,0.000241947570
0x0939,9514,0.000241947570
0x093c,9514,0.000241947570
0x093d,365,0.000009282201
0x093e,365,0.000009282201
0x0940,365,0.000009282201
0x0941,365,0.000009282201
0x0942,365,0.000009282201
0x0944,365,0.000009282201
0x0945,365,0.000009282201
0x0946,365,0.000009282201
0x0947,365,0.000009282201
0x094a,365,0.000009282201
0x094c,365,0.000009282201
0x094d,365,0.000009282201
0x094e,365,0.000009282201
0x0951,365,0.000009282201
0x0953,365,0.000009282201
0x0954,365,0.000009282201
0x0955,365,0.000009282201
0x0956,365,0.000009282201
0x0959,365,0.000009282201
0x095c,365,0.000009282201
0x095e,365,0.000009282201
0x0961,365,0.000009282201
0x0964,5745,0.000146099305
0x0965,5745,0.000146099305
0x0966,5745,0.000146099305
0x0967,5745,0.000146099305
0x0968,5745,0.000146099305
0x096a,5745,0.000146099305
0x096b,5745,0.000146099305
0x096d,5745,0.000146099305
0x096e,291,0.000007400330
0x096f,291,0.000007400330
0x0970,291,0.000007400330
0x0971,291,0.000007400330
0x0972,291,0.000007400330
0x0974,291,0.000007400330
0x0975,291,0.000007400330
0x097a,13979,0.000355495593
0x097d,13979,0.000355495593
0x097e,13979,0.000355495593
0x0980,13979,0.000355495593
0x0981,13979,0.000355495593
0x0984,13979,0.000355495593
0x0985,13979,0.000355495593
0x0986,13979,0.000355495593
0x0987,13979,0.000355495593
0x0988,13979,0.000355495593
0x098b,13979,0.000355495593
0x098c,13979,0.000355495593
0x098d,13979,0.000355495593
0x098e,13979,0.000355495593
0x0991,13979,0.000355495593
0x09a0,14011,0.000356309375
0x09a3,14011,0.000356309375
0x09a6,42033,0.001068928126
0x09a9,42033,0.001068928126
0x09aa,42033,0.001068928126
0x09ab,42033,0.001068928126
0x09ac,42033,0.001068928126
0x09ad,42033,0.001068928126
0x09ae,42033,0.001068928126
0x09af,42033,0.001068928126
0x09b0,42033,0.001068928126
0x09b2,42033,0.001068928126
0x09b5,14011,0.000356309375
0x09ba,109436,0.002783032818
0x09bd,109436,0.002783032818
0x09be,109436,0.002783032818
0x09c0,109436,0.002783032818
0x09c1,109436,0.002783032818
0x09c2,109436,0.002783032818
0x09c3,109436,0.002783032818
0x09c4,109436,0.002783032818
0x09c5,109436,0.002783032818
0x09c6,109436,0.002783032818
0x09c7,109436,0.002783032818
0x09c8,109436,0.002783032818
0x09c9,109436,0.002783032818
0x09ca,109436,0.002783032818
0x09cc,109436,0.002783032818
0x09cd,109436,0.002783032818
0x09ce,109436,0.002783032818
0x09cf,109436,0.002783032818
0x09d0,109436,0.002783032818
0x09d1,109436,0.002783032818
0x0a50,3037,0.000077233001
0x0a53,3037,0.000077233001
0x0a56,60740,0.001544660014
0x0a57,60740,0.001544660014
0x0a5a,60740,0.001544660014
0x0a5b,60740,0.001544660014
0x0a5c,60740,0.001544660014
0x0a5e,60740,0.001544660014
0x0a5f,60740,0.001544660014
0x0a61,60740,0.001544660014
0x0a62,60740,0.001544660014
0x0a63,60740,0.001544660014
0x0a64,60740,0.001544660014
0x0a67,3037,0.000077233001
0x0a6c,2897,0.000073672704
0x0a6f,2897,0.000073672704
0x0a72,57940,0.001473454087
0x0a73,57940,0.001473454087
0x0a74,57940,0.001473454087
0x0a75,57940,0.001473454087
0x0a77,57940,0.001473454087
0x0a7a,32463,0.000825556438
0x0a7b,32463,0.000825556438
0x0a7c,32463,0.000825556438
0x0a7d,32463,0.000825556438
0x0a7e,32463,0.000825556438
0x0a7f,32463,0.000825556438
0x0a80,32463,0.000825556438
0x0a81,32463,0.000825556438
0x0a82,32463,0.000825556438
0x0a83,32463,0.000825556438
0x0a84,32463,0.000825556438
0x0a85,32463,0.000825556438
0x0a86,32463,0.000825556438
0x0a87,32463,0.000825556438
0x0a8a,57940,0.001473454087
0x0a8b,57940,0.001473454087
0x0a8c,57940,0.001473454087
0x0a8d,57940,0.001473454087
0x0a8f,57940,0.001473454087
0x0a90,57940,0.001473454087
0x0a91,57940,0.001473454087
0x0a93,57940,0.001473454087
0x0a94,57940,0.001473454087
0x0a96,57940,0.001473454087
0x0a99,2897,0.000073672704
0x0aa0,186,0.000004730108
0x0aa2,186,0.000004730108
0x0aa3,186,0.000004730108
0x0aa4,186,0.000004730108
0x0aa5,186,0.000004730108
0x0aa8,186,0.000004730108
0x0aa9,186,0.000004730108
0x0aac,186,0.000004730108
0x0aae,186,0.000004730108
0x0aaf,186,0.000004730108
0x0ab0,186,0.000004730108
0x0ab3,186,0.000004730108
0x0ab5,186,0.000004730108
0x0ab8,183,0.000004653816
0x0abb,183,0.000004653816
0x0abd,183,0.000004653816
0x0abe,183,0.000004653816
0x0abf,183,0.000004653816
0x0ac0,183,0.000004653816
0x0ac1,183,0.000004653816
0x0ad6,5872,0.000149329002
0x0ad7,5872,0.000149329002
0x0ad8,23488,0.000597316010
0x0ad9,23488,0.000597316010
0x0ada,23488,0.000597316010
0x0adb,23488,0.000597316010
0x0adc,23488,0.000597316010
0x0add,23488,0.000597316010
0x0ae0,5872,0.000149329002
0x0ae1,5872,0.000149329002
0x0ae2,5872,0.000149329002
0x0ae5,5872,0.000149329002
0x0ae6,5872,0.000149329002
0x0ae9,2566,0.000065255146
0x0aea,1088,0.000027668589
0x0aed,1088,0.000027668589
0x0aee,1088,0.000027668589
0x0af0,1088,0.000027668589
0x0af1,1088,0.000027668589
0x0af4,1088,0.000027668589
0x0af6,1088,0.000027668589
0x0af7,1088,0.000027668589
0x0af8,1088,0.000027668589
0x0af9,1088,0.000027668589
0x0afc,1088,0.000027668589
0x0afd,1088,0.000027668589
0x0afe,1088,0.000027668589
0x0b00,1088,0.000027668589
0x0b01,1088,0.000027668589
0x0b02,1088,0.000027668589
0x0b05,1077,0.000027388851
0x0b07,1077,0.000027388851
0x0b0a,736,0.000018716987
0x0b0d,725,0.000018437249
0x0b15,11,0.000000279738
0x0b16,11,0.000000279738
0x0b18,11,0.000000279738
0x0b19,11,0.000000279738
0x0b1a,11,0.000000279738
0x0b1c,11,0.000000279738
0x0b1d,11,0.000000279738
0x0b1e,11,0.000000279738
0x0b1f,11,0.000000279738
0x0b20,3,0.000000076292
0x0b21,3,0.000000076292
0x0b22,3,0.000000076292
0x0b25,3,0.000000076292
0x0b26,3,0.000000076292
0x0b27,3,0.000000076292
0x0b28,3,0.000000076292
0x0b29,2,0.000000050861
0x0b2b,2,0.000000050861
0x0b2d,2,0.000000050861
0x0b48,3,0.000000076292
0x0b4b,3,0.000000076292
0x0b4e,3,0.000000076292
0x0b50,3,0.000000076292
0x0b51,3,0.000000076292
0x0b53,3,0.000000076292
0x0b54,3,0.000000076292
0x0b55,3,0.000000076292
0x0b57,3,0.000000076292
0x0b59,3,0.000000076292
0x0b5a,3,0.000000076292
0x0b60,906,0.000023040204
0x0b63,906,0.000023040204
0x0b64,906,0.000023040204
0x0b65,906,0.000023040204
0x0b67,906,0.000023040204
0x0b6a,900,0.000022887620
0x0b6d,900,0.000022887620
0x0b6f,900,0.000022887620
0x0b71,900,0.000022887620
0x0b74,3,0.000000076292
0x0b77,3,0.000000076292
0x0b79,3,0.000000076292
0x0b7b,3,0.000000076292
0x0b7c,3,0.000000076292
0x0b7d,3,0.000000076292
0x0b7e,3,0.000000076292
0x0b7f,3,0.000000076292
0x0b80,3,0.000000076292
0x0b82,3,0.000000076292
0x0b83,3,0.000000076292
0x0b84,3,0.000000076292
0x0b85,3,0.000000076292
0x0b87,3,0.000000076292
0x0b88,3,0.000000076292
0x0b89,3,0.000000076292
0x0b8a,3,0.000000076292
0x0b8b,3,0.000000076292
0x0b95,897,0.000022811328
0x0b98,897,0.000022811328
0x0b9b,897,0.000022811328
0x0ba0,341,0.000008671865
0x0ba3,341,0.000008671865
0x0ba4,341,0.000008671865
0x0ba6,341,0.000008671865
0x0ba8,341,0.000008671865
0x0ba9,217,0.000005518459
0x0bab,217,0.000005518459
0x0bac,155,0.000003941757
0x0bad,155,0.000003941757
0x0bae,155,0.000003941757
0x0baf,155,0.000003941757
0x0bb2,155,0.000003941757
0x0bba,725,0.000018437249
0x0bbb,725,0.000018437249
0x0bbc,725,0.000018437249
0x0bbf,368,0.000009358493
0x0bc0,368,0.000009358493
0x0bc1,368,0.000009358493
0x0bc4,184,0.000004679247
0x0bca,3,0.000000076292
0x0bcd,3,0.000000076292
0x0bd0,3,0.000000076292
0x0bd2,3,0.000000076292
0x0bd3,3,0.000000076292
0x0bd4,3,0.000000076292
0x0bd6,3,0.000000076292
0x0bd9,3,0.000000076292
0x0bdc,3,0.000000076292
0x0bdf,3,0.000000076292
0x0be2,3,0.000000076292
0x0be5,3,0.000000076292
0x0be8,3,0.000000076292
0x0beb,3,0.000000076292
0x0bee,3,0.000000076292
0x0bf1,3,0.000000076292
0x0c00,11,0.000000279738
0x0c01,11,0.000000279738
0x0c02,11,0.000000279738
0x0c04,11,0.000000279738
0x0c05,11,0.000000279738
0x0c07,11,0.000000279738
0x0c08,11,0.000000279738
0x0c09,11,0.000000279738
0x0c0a,11,0.000000279738
0x0c0b,11,0.000000279738
0x0c0c,11,0.000000279738
0x0c0f,11,0.000000279738
0x0c10,11,0.000000279738
0x0c11,11,0.000000279738
0x0c13,11,0.000000279738
0x0c16,9,0.000000228876
0x0c18,9,0.000000228876
0x0c1b,3,0.000000076292
0x0c1e,3,0.000000076292
0x0c20,3,0.000000076292
0x0c23,3,0.000000076292
0x0c40,6988,0.000177709651
0x0c43,6988,0.000177709651
0x0c45,6988,0.000177709651
0x0c48,6988,0.000177709651
0x0c4b,6988,0.000177709651
0x0c4e,6988,0.000177709651
0x0c51,6988,0.000177709651
0x0c56,6988,0.000177709651
0x0c59,34940,0.000888548253
0x0c5a,34940,0.000888548253
0x0c5d,34940,0.000888548253
0x0c5e,34940,0.000888548253
0x0c5f,34940,0.000888548253
0x0c61,34940,0.000888548253
0x0c62,34940,0.000888548253
0x0c64,34940,0.000888548253
0x0c67,6988,0.000177709651
0x0c6b,6988,0.000177709651
0x0c6e,6988,0.000177709651
0x0c71,34940,0.000888548253
0x0c74,34940,0.000888548253
0x0c75,34940,0.000888548253
0x0c76,34940,0.000888548253
0x0c77,34940,0.000888548253
0x0c78,34940,0.000888548253
0x0c79,34940,0.000888548253
0x0c7a,34940,0.000888548253
0x0c7b,34940,0.000888548253
0x0c7d,34940,0.000888548253
0x0c80,6988,0.000177709651
0x0c84,34940,0.000888548253
0x0c85,34940,0.000888548253
0x0c87,34940,0.000888548253
0x0c88,5086,0.000129340481
0x0c89,5086,0.000129340481
0x0c8a,5086,0.000129340481
0x0c8b,5086,0.000129340481
0x0c8c,5086,0.000129340481
0x0c8e,5086,0.000129340481
0x0c8f,5086,0.000129340481
0x0c90,5086,0.000129340481
0x0c91,5086,0.000129340481
0x0c92,5086,0.000129340481
0x0c94,5086,0.000129340481
0x0c95,5086,0.000129340481
0x0c97,5086,0.000129340481
0x0c9a,4953,0.000125958200
0x0c9b,4953,0.000125958200
0x0c9e,4953,0.000125958200
0x0c9f,4953,0.000125958200
0x0ca0,4953,0.000125958200
0x0ca2,4953,0.000125958200
0x0ca3,4953,0.000125958200
0x0ca4,4953,0.000125958200
0x0ca5,4953,0.000125958200
0x0ca6,4953,0.000125958200
0x0ca7,4953,0.000125958200
0x0ca8,4953,0.000125958200
0x0ca9,4953,0.000125958200
0x0caa,4953,0.000125958200
0x0cac,4953,0.000125958200
0x0caf,4944,0.000125729324
0x0cb4,4953,0.000125958200
0x0cb6,4953,0.000125958200
0x0cb7,1083,0.000027541436
0x0cb9,1083,0.000027541436
0x0cba,551,0.000014012309
0x0cbd,551,0.000014012309
0x0cbe,551,0.000014012309
0x0cbf,164,0.000004170633
0x0cc2,164,0.000004170633
0x0cc3,164,0.000004170633
0x0cc4,12,0.000000305168
0x0cc6,12,0.000000305168
0x0cc9,12,0.000000305168
0x0ccb,12,0.000000305168
0x0cce,12,0.000000305168
0x0cd0,12,0.000000305168
0x0cd3,12,0.000000305168
0x0cd8,6988,0.000177709651
0x0cdb,6988,0.000177709651
0x0cde,34940,0.000888548253
0x0cdf,34940,0.000888548253
0x0ce2,34940,0.000888548253
0x0ce3,34940,0.000888548253
0x0ce4,34940,0.000888548253
0x0ce6,34940,0.000888548253
0x0ce7,34940,0.000888548253
0x0ce9,34940,0.000888548253
0x0cea,34940,0.000888548253
0x0ceb,34940,0.000888548253
0x0cec,34940,0.000888548253
0x0cef,6988,0.000177709651
0x0cf4,3,0.000000076292
0x0cf5,3,0.000000076292
0x0cf6,3,0.000000076292
0x0d1c,2866,0.000072884353
0x0d1f,2866,0.000072884353
0x0d22,45856,0.001166149648
0x0d25,45856,0.001166149648
0x0d26,45856,0.001166149648
0x0d27,45856,0.001166149648
0x0d28,45856,0.001166149648
0x0d2a,45856,0.001166149648
0x0d2b,45856,0.001166149648
0x0d2e,2866,0.000072884353
0x0d30,45856,0.001166149648
0x0d31,45856,0.001166149648
0x0d32,45856,0.001166149648
0x0d33,45856,0.001166149648
0x0d34,45856,0.001166149648
0x0d35,45856,0.001166149648
0x0d37,45856,0.001166149648
0x0d38,32101,0.000816350529
0x0d39,32101,0.000816350529
0x0d3a,32101,0.000816350529
0x0d3b,32101,0.000816350529
0x0d3c,32101,0.000816350529
0x0d3e,32101,0.000816350529
0x0d3f,32101,0.000816350529
0x0d41,32101,0.000816350529
0x0d42,32101,0.000816350529
0x0d43,32101,0.000816350529
0x0d46,29493,0.000750027293
0x0d47,29493,0.000750027293
0x0d48,29493,0.000750027293
0x0d4b,4213,0.000107139490
0x0d4c,4213,0.000107139490
0x0d4d,4213,0.000107139490
0x0d4e,4213,0.000107139490
0x0d4f,6821,0.000173462726
0x0d50,6821,0.000173462726
0x0d51,6821,0.000173462726
0x0d52,6821,0.000173462726
0x0d53,6821,0.000173462726
0x0d54,6821,0.000173462726
0x0d55,6821,0.000173462726
0x0d57,6821,0.000173462726
0x0d58,6821,0.000173462726
0x0d59,2797,0.000071129636
0x0d5a,2797,0.000071129636
0x0d5e,25280,0.000642887803
0x0d5f,25280,0.000642887803
0x0d60,25280,0.000642887803
0x0d61,25280,0.000642887803
0x0d62,25280,0.000642887803
0x0d64,25280,0.000642887803
0x0d65,25280,0.000642887803
0x0d66,3861,0.000098187888
0x0d67,3861,0.000098187888
0x0d70,2865,0.000072858922
0x0d73,2865,0.000072858922
0x0d76,45840,0.001165742757
0x0d79,45840,0.001165742757
0x0d7a,45840,0.001165742757
0x0d7c,45840,0.001165742757
0x0d7d,45840,0.001165742757
0x0d7f,45840,0.001165742757
0x0d80,45840,0.001165742757
0x0d83,2865,0.000072858922
0x0d86,45840,0.001165742757
0x0d87,45840,0.001165742757
0x0d88,45840,0.001165742757
0x0d89,45840,0.001165742757
0x0d8a,45840,0.001165742757
0x0d8b,45840,0.001165742757
0x0d8d,45840,0.001165742757
0x0d8e,32085,0.000815943638
0x0d8f,32085,0.000815943638
0x0d90,32085,0.000815943638
0x0d91,32085,0.000815943638
0x0d94,32085,0.000815943638
0x0d95,32085,0.000815943638
0x0d96,32085,0.000815943638
0x0d97,32085,0.000815943638
0x0d99,32085,0.000815943638
0x0d9a,32085,0.000815943638
0x0d9c,32085,0.000815943638
0x0d9d,32085,0.000815943638
0x0d9f,32085,0.000815943638
0x0da0,32085,0.000815943638
0x0da1,32085,0.000815943638
0x0da2,32085,0.000815943638
0x0da3,32085,0.000815943638
0x0da4,32085,0.000815943638
0x0da5,32085,0.000815943638
0x0da6,32085,0.000815943638
0x0da7,32085,0.000815943638
0x0da8,32085,0.000815943638
0x0dab,29644,0.000753867327
0x0dac,29644,0.000753867327
0x0daf,4295,0.000109224807
0x0db0,4295,0.000109224807
0x0db1,4295,0.000109224807
0x0db3,4295,0.000109224807
0x0db4,4295,0.000109224807
0x0db5,4295,0.000109224807
0x0dbb,2441,0.000062076310
0x0dbc,2441,0.000062076310
0x0dbd,2441,0.000062076310
0x0dbf,2441,0.000062076310
0x0dc0,2441,0.000062076310
0x0dc1,2441,0.000062076310
0x0dc2,2441,0.000062076310
0x0dc3,2441,0.000062076310
0x0dc5,2441,0.000062076310
0x0dc6,2441,0.000062076310
0x0dcc,25349,0.000644642521
0x0dcd,25349,0.000644642521
0x0dce,25349,0.000644642521
0x0dcf,25349,0.000644642521
0x0dd1,25349,0.000644642521
0x0dd2,32085,0.000815943638
0x0dd3,32085,0.000815943638
0x0dd5,32085,0.000815943638
0x0dd6,32085,0.000815943638
0x0dd7,32085,0.000815943638
0x0dd8,32085,0.000815943638
0x0dd9,32085,0.000815943638
0x0dda,32085,0.000815943638
0x0dde,162,0.000004119772
0x0ddf,162,0.000004119772
0x0de0,162,0.000004119772
0x0de3,162,0.000004119772
0x0de4,162,0.000004119772
0x0de5,162,0.000004119772
0x0de6,162,0.000004119772
0x0de9,162,0.000004119772
0x0dea,162,0.000004119772
0x0deb,162,0.000004119772
0x0dec,162,0.000004119772
0x0ded,162,0.000004119772
0x0df0,10467,0.000266183016
0x0df3,10467,0.000266183016
0x0df6,10467,0.000266183016
0x0df9,10467,0.000266183016
0x0dfc,10467,0.000266183016
0x0dff,10467,0.000266183016
0x0e10,20934,0.000532366031
0x0e11,20934,0.000532366031
0x0e13,20934,0.000532366031
0x0e14,3935,0.000100069759
0x0e15,3935,0.000100069759
0x0e16,3935,0.000100069759
0x0e17,3935,0.000100069759
0x0e18,3935,0.000100069759
0x0e1a,3935,0.000100069759
0x0e1b,3935,0.000100069759
0x0e1d,3935,0.000100069759
0x0e1e,78,0.000001983594
0x0e20,78,0.000001983594
0x0e23,55,0.000001398688
0x0e25,55,0.000001398688
0x0e26,55,0.000001398688
0x0e27,55,0.000001398688
0x0e29,55,0.000001398688
0x0e2a,55,0.000001398688
0x0e2c,55,0.000001398688
0x0e2d,55,0.000001398688
0x0e2e,55,0.000001398688
0x0e2f,55,0.000001398688
0x0e31,55,0.000001398688
0x0e32,55,0.000001398688
0x0e33,48,0.000001220673
0x0e34,48,0.000001220673
0x0e35,48,0.000001220673
0x0e36,42,0.000001068089
0x0e39,23,0.000000584906
0x0e3a,23,0.000000584906
0x0e3b,23,0.000000584906
0x0e3c,23,0.000000584906
0x0e3d,23,0.000000584906
0x0e3e,23,0.000000584906
0x0e3f,23,0.000000584906
0x0e41,23,0.000000584906
0x0e42,23,0.000000584906
0x0e45,270,0.000006866286
0x0e46,270,0.000006866286
0x0e47,270,0.000006866286
0x0e48,270,0.000006866286
0x0e4a,270,0.000006866286
0x0e4d,259,0.000006586548
0x0e4e,259,0.000006586548
0x0e4f,259,0.000006586548
0x0e51,259,0.000006586548
0x0e52,259,0.000006586548
0x0e55,12,0.000000305168
0x0e58,161,0.000004094341
0x0e59,161,0.000004094341
0x0e5a,161,0.000004094341
0x0e5b,69,0.000001754718
0x0e5c,69,0.000001754718
0x0e5e,69,0.000001754718
0x0e5f,69,0.000001754718
0x0e60,26,0.000000661198
0x0e61,26,0.000000661198
0x0e62,26,0.000000661198
0x0e63,26,0.000000661198
0x0e65,26,0.000000661198
0x0e66,26,0.000000661198
0x0e67,11,0.000000279738
0x0e69,11,0.000000279738
0x0e6a,11,0.000000279738
0x0e6b,11,0.000000279738
0x0e70,42,0.000001068089
0x0e71,42,0.000001068089
0x0e72,42,0.000001068089
0x0e74,42,0.000001068089
0x0e75,42,0.000001068089
0x0e76,42,0.000001068089
0x0e77,42,0.000001068089
0x0e78,42,0.000001068089
0x0e7a,42,0.000001068089
0x0e7b,42,0.000001068089
0x0e7e,300,0.000007629207
0x0e7f,300,0.000007629207
0x0e80,300,0.000007629207
0x0e81,300,0.000007629207
0x0e83,300,0.000007629207
0x0e86,258,0.000006561118
0x0e87,258,0.000006561118
0x0e88,258,0.000006561118
0x0e8a,258,0.000006561118
0x0e8b,258,0.000006561118
0x0e90,198,0.000005035276
0x0e91,198,0.000005035276
0x0e93,198,0.000005035276
0x0e94,198,0.000005035276
0x0e95,96,0.000002441346
0x0e97,96,0.000002441346
0x0e98,96,0.000002441346
0x0e99,56,0.000001424119
0x0e9a,56,0.000001424119
0x0e9b,56,0.000001424119
0x0e9c,56,0.000001424119
0x0e9e,56,0.000001424119
0x0e9f,56,0.000001424119
0x0ea0,42,0.000001068089
0x0ea3,42,0.000001068089
0x0ea4,53,0.000001347826
0x0ea5,53,0.000001347826
0x0ea6,53,0.000001347826
0x0ea7,53,0.000001347826
0x0ea8,53,0.000001347826
0x0ea9,53,0.000001347826
0x0eaa,53,0.000001347826
0x0eac,53,0.000001347826
0x0ead,56,0.000001424119
0x0eae,56,0.000001424119
0x0eb0,56,0.000001424119
0x0eb1,56,0.000001424119
0x0eb2,56,0.000001424119
0x0eb4,56,0.000001424119
0x0eb5,56,0.000001424119
0x0eb6,56,0.000001424119
0x0eb7,56,0.000001424119
0x0eb8,56,0.000001424119
0x0ebb,56,0.000001424119
0x0ebc,56,0.000001424119
0x0ebe,56,0.000001424119
0x0ec1,53,0.000001347826
0x0ec3,56,0.000001424119
0x0ec4,56,0.000001424119
0x0ec5,56,0.000001424119
0x0ed5,56,0.000001424119
0x0ed6,56,0.000001424119
0x0ed7,56,0.000001424119
0x0ed8,56,0.000001424119
0x0ed9,56,0.000001424119
0x0eda,56,0.000001424119
0x0edb,56,0.000001424119
0x0edc,56,0.000001424119
0x0ede,56,0.000001424119
0x0ee0,56,0.000001424119
0x0ee2,56,0.000001424119
0x0ee3,56,0.000001424119
0x0ee4,56,0.000001424119
0x0ee5,56,0.000001424119
0x0f00,2869,0.000072960645
0x0f03,2869,0.000072960645
0x0f04,2869,0.000072960645
0x0f06,2869,0.000072960645
0x0f09,2869,0.000072960645
0x0f0b,2869,0.000072960645
0x0f0c,2869,0.000072960645
0x0f0d,2869,0.000072960645
0x0f0e,2869,0.000072960645
0x0f11,2869,0.000072960645
0x0f14,2869,0.000072960645
0x0f15,3,0.000000076292
0x0f16,3,0.000000076292
0x0f17,3,0.000000076292
0x0f1a,3,0.000000076292
0x0f1b,3,0.000000076292
0x0f1d,3,0.000000076292
0x0f1e,3,0.000000076292
0x0f1f,3,0.000000076292
0x0f20,3,0.000000076292
0x0f23,15,0.000000381460
0x0f24,15,0.000000381460
0x0f25,15,0.000000381460
0x0f26,15,0.000000381460
0x0f28,15,0.000000381460
0x0f2b,12,0.000000305168
0x0f2c,12,0.000000305168
0x0f2d,12,0.000000305168
0x0f2f,12,0.000000305168
0x0f30,12,0.000000305168
0x0f38,6,0.000000152584
0x0f39,6,0.000000152584
0x0f3a,6,0.000000152584
0x0f3b,6,0.000000152584
0x0f3d,6,0.000000152584
0x0f3e,3,0.000000076292
0x0f40,3,0.000000076292
0x0f41,3,0.000000076292
0x0f42,3,0.000000076292
0x0f43,3,0.000000076292
0x0f44,3,0.000000076292
0x0f45,3,0.000000076292
0x0f46,3,0.000000076292
0x0f49,3,0.000000076292
0x0f4c,3,0.000000076292
0x0f4d,3,0.000000076292
0x0f4e,3,0.000000076292
0x0f56,5735,0.000145844998
0x0f57,5735,0.000145844998
0x0f58,11467,0.000291613704
0x0f59,11467,0.000291613704
0x0f5b,11467,0.000291613704
0x0f5e,3,0.000000076292
0x0f60,3,0.000000076292
0x0f63,11464,0.000291537412
0x0f64,11464,0.000291537412
0x0f65,11464,0.000291537412
0x0f68,5732,0.000145768706
0x0f69,5732,0.000145768706
0x0f6a,5732,0.000145768706
0x0f6d,5732,0.000145768706
0x0f6e,5732,0.000145768706
0x0f71,2866,0.000072884353
0x0fc0,7345,0.000186788406
0x0fc3,7345,0.000186788406
0x0fc6,7345,0.000186788406
0x0fc9,7345,0.000186788406
0x0fcc,7345,0.000186788406
0x0fcf,7345,0.000186788406
0x0fd2,7345,0.000186788406
0x0fd5,7345,0.000186788406
0x0fd8,14690,0.000373576813
0x0fd9,14690,0.000373576813
0x0fda,14690,0.000373576813
0x0fdb,784,0.000019937660
0x0fdc,784,0.000019937660
0x0fdd,784,0.000019937660
0x0fde,784,0.000019937660
0x0fdf,784,0.000019937660
0x0fe0,784,0.000019937660
0x0fe1,784,0.000019937660
0x0fe2,784,0.000019937660
0x0fe3,784,0.000019937660
0x0fe6,784,0.000019937660
0x0fe7,784,0.000019937660
0x0fe9,784,0.000019937660
0x0fea,784,0.000019937660
0x0fec,784,0.000019937660
0x0fed,784,0.000019937660
0x0fef,784,0.000019937660
0x0ff0,784,0.000019937660
0x0ff1,784,0.000019937660
0x0ff4,784,0.000019937660
0x14e0,1416,0.000036009855
0x14e1,1416,0.000036009855
0x14e4,1416,0.000036009855
0x14e6,1416,0.000036009855
0x17e0,16012,0.000407196183
0x17e3,16012,0.000407196183
0x17e5,16012,0.000407196183
0x17e8,16012,0.000407196183
0x1df0,897,0.000022811328
0x1df3,897,0.000022811328
0x1df5,897,0.000022811328
0x1ee0,528,0.000013427403
0x1ee3,528,0.000013427403
0x1ee6,13728,0.000349112491
0x1ee7,13728,0.000349112491
0x1ee8,13728,0.000349112491
0x1ee9,13728,0.000349112491
0x1eec,13728,0.000349112491
0x1eed,13728,0.000349112491
0x1ef0,528,0.000013427403
0x1ef1,528,0.000013427403
0x1ef2,528,0.000013427403
0x1ef4,528,0.000013427403
0x1ef7,528,0.000013427403
0x1ef8,528,0.000013427403
0x1ef9,528,0.000013427403
0x1efa,528,0.000013427403
0x2000,10467,0.000266183016
0x2003,10467,0.000266183016
0x2006,10467,0.000266183016
0x2009,10467,0.000266183016
0x200c,10467,0.000266183016
0x200d,10467,0.000266183016
0x200f,10467,0.000266183016
0x2010,10467,0.000266183016
0x2011,10467,0.000266183016
0x2014,10467,0.000266183016
0x2015,10467,0.000266183016
0x2018,10275,0.000261300323
0x201a,10275,0.000261300323
0x201d,1194,0.000030364242
0x201e,1194,0.000030364242
0x201f,1194,0.000030364242
0x2020,1194,0.000030364242
0x2023,298,0.000007578345
0x2025,1194,0.000030364242
0x2026,1194,0.000030364242
0x2027,1194,0.000030364242
0x202a,1190,0.000030262519
0x2040,4492,0.000114234652
0x2043,4492,0.000114234652
0x2046,4492,0.000114234652
0x2047,4492,0.000114234652
0x2048,4492,0.000114234652
0x2049,39,0.000000991797
0x204a,39,0.000000991797
0x204b,39,0.000000991797
0x204c,39,0.000000991797
0x204d,39,0.000000991797
0x204e,39,0.000000991797
0x204f,39,0.000000991797
0x2050,39,0.000000991797
0x2051,39,0.000000991797
0x2052,39,0.000000991797
0x2055,39,0.000000991797
0x2057,39,0.000000991797
0x2058,39,0.000000991797
0x2059,39,0.000000991797
0x205a,39,0.000000991797
0x205c,39,0.000000991797
0x205d,39,0.000000991797
0x205e,39,0.000000991797
0x2060,39,0.000000991797
0x2061,39,0.000000991797
0x2062,39,0.000000991797
0x2063,39,0.000000991797
0x2064,39,0.000000991797
0x2065,39,0.000000991797
0x2066,39,0.000000991797
0x2068,39,0.000000991797
0x2069,39,0.000000991797
0x206a,39,0.000000991797
0x206b,39,0.000000991797
0x206c,39,0.000000991797
0x206d,39,0.000000991797
0x2070,184,0.000004679247
0x2071,184,0.000004679247
0x2073,184,0.000004679247
0x2075,184,0.000004679247
0x2076,184,0.000004679247
0x2077,184,0.000004679247
0x2079,184,0.000004679247
0x207a,184,0.000004679247
0x207b,184,0.000004679247
0x207e,184,0.000004679247
0x2081,184,0.000004679247
0x2085,184,0.000004679247
0x2087,184,0.000004679247
0x2088,184,0.000004679247
0x2089,184,0.000004679247
0x208a,184,0.000004679247
0x208c,184,0.000004679247
0x208d,184,0.000004679247
0x208f,184,0.000004679247
0x2090,184,0.000004679247
0x2091,216,0.000005493029
0x2093,216,0.000005493029
0x2094,216,0.000005493029
0x2096,216,0.000005493029
0x2097,216,0.000005493029
0x209a,32,0.000000813782
0x209b,32,0.000000813782
0x209c,32,0.000000813782
0x209d,32,0.000000813782
0x209f,32,0.000000813782
0x20a0,32,0.000000813782
0x20a1,32,0.000000813782
0x20a3,32,0.000000813782
0x20a4,32,0.000000813782
0x20a5,32,0.000000813782
0x20a7,32,0.000000813782
0x20a8,32,0.000000813782
0x20b0,184,0.000004679247
0x20b1,5824,0.000148108329
0x20b2,5824,0.000148108329
0x20b3,5824,0.000148108329
0x20b5,46592,0.001184866635
0x20b7,46592,0.001184866635
0x20b8,46592,0.001184866635
0x20bb,1778,0.000045215764
0x20bc,1778,0.000045215764
0x20bd,1778,0.000045215764
0x20be,1778,0.000045215764
0x20bf,46592,0.001184866635
0x20c0,46592,0.001184866635
0x20c1,46592,0.001184866635
0x20c2,46592,0.001184866635
0x20c5,5824,0.000148108329
0x20c6,5824,0.000148108329
0x20c7,5824,0.000148108329
0x20c8,5824,0.000148108329
0x20c9,5824,0.000148108329
0x20cc,2912,0.000074054165
0x20cd,2912,0.000074054165
0x20cf,2912,0.000074054165
0x20d2,2728,0.000069374918
0x20d3,2728,0.000069374918
0x20d4,2728,0.000069374918
0x20d6,2728,0.000069374918
0x20d7,2728,0.000069374918
0x20d8,2728,0.000069374918
0x20da,2728,0.000069374918
0x20db,2728,0.000069374918
0x20dc,2728,0.000069374918
0x20de,2728,0.000069374918
0x20e1,184,0.000004679247
0x20e2,184,0.000004679247
0x20e8,184,0.000004679247
0x20e9,184,0.000004679247
0x20ea,184,0.000004679247
0x20ec,184,0.000004679247
0x20ed,184,0.000004679247
0x20f0,184,0.000004679247
0x20f1,184,0.000004679247
0x20f2,184,0.000004679247
0x20f3,184,0.000004679247
0x20f4,184,0.000004679247
0x20f6,184,0.000004679247
0x20f7,184,0.000004679247
0x20f8,184,0.000004679247
0x20fa,184,0.000004679247
0x20fb,184,0.000004679247
0x20fc,184,0.000004679247
0x20fd,184,0.000004679247
0x20fe,184,0.000004679247
0x20ff,184,0.000004679247
0x2101,184,0.000004679247
0x2103,184,0.000004679247
0x2104,184,0.000004679247
0x2106,184,0.000004679247
0x2107,184,0.000004679247
0x2108,184,0.000004679247
0x2109,184,0.000004679247
0x210a,184,0.000004679247
0x210d,184,0.000004679247
0x211c,184,0.000004679247
0x211f,184,0.000004679247
0x2120,184,0.000004679247
0x2122,184,0.000004679247
0x2123,136,0.000003458574
0x2125,136,0.000003458574
0x2130,9085,0.000231037804
0x2131,9085,0.000231037804
0x2132,9085,0.000231037804
0x2135,6811,0.000173208419
0x2137,6811,0.000173208419
0x213a,4540,0.000115455325
0x213c,4540,0.000115455325
0x213f,2270,0.000057727663
0x2146,1190,0.000030262519
0x2147,1190,0.000030262519
0x2148,1190,0.000030262519
0x214b,595,0.000015131260
0x2150,2274,0.000057829385
0x2153,2274,0.000057829385
0x2156,2274,0.000057829385
0x2160,2271,0.000057753093
0x2163,2271,0.000057753093
0x2166,2271,0.000057753093
0x2169,2271,0.000057753093
0x2170,2270,0.000057727663
0x2173,2270,0.000057727663
0x2180,2270,0.000057727663
0x2183,2270,0.000057727663
0x2186,2270,0.000057727663
0x2189,2270,0.000057727663
0x2190,595,0.000015131260
0x2193,595,0.000015131260
0x2196,595,0.000015131260
0x2199,595,0.000015131260
0x219c,595,0.000015131260
0x21a5,595,0.000015131260
0x21a8,595,0.000015131260
0x21ab,595,0.000015131260
0x21ae,595,0.000015131260
0x21b1,595,0.000015131260
0x21ba,192,0.000004882692
0x21bb,192,0.000004882692
0x21bc,192,0.000004882692
0x21bf,96,0.000002441346
0x21c2,96,0.000002441346
0x21c5,96,0.000002441346
0x21c8,96,0.000002441346
0x21cb,96,0.000002441346
0x21cd,96,0.000002441346
0x21cf,96,0.000002441346
0x21dc,528,0.000013427403
0x21dd,528,0.000013427403
0x21de,528,0.000013427403
0x21df,528,0.000013427403
0x21e2,528,0.000013427403
0x21e4,528,0.000013427403
0x21e5,528,0.000013427403
0x21e6,528,0.000013427403
0x21e8,528,0.000013427403
0x21e9,528,0.000013427403
0x21eb,528,0.000013427403
0x21ec,528,0.000013427403
0x21ed,528,0.000013427403
0x21ef,528,0.000013427403
0x21f0,528,0.000013427403
0x21f1,528,0.000013427403
0x21f2,528,0.000013427403
0x21f4,528,0.000013427403
0x21f5,528,0.000013427403
0x21f7,528,0.000013427403
0x21f8,528,0.000013427403
0x21f9,528,0.000013427403
0x21fc,528,0.000013427403
0x2204,192,0.000004882692
0x2207,192,0.000004882692
0x2208,192,0.000004882692
0x2209,192,0.000004882692
0x220b,192,0.000004882692
0x220c,2,0.000000050861
0x220e,2,0.000000050861
0x2210,2,0.000000050861
0x2212,2,0.000000050861
0x2214,2,0.000000050861
0x2216,2,0.000000050861
0x2217,2,0.000000050861
0x2218,2,0.000000050861
0x221a,2,0.000000050861
0x221b,2,0.000000050861
0x221d,2,0.000000050861
0x221e,2,0.000000050861
0x2220,2,0.000000050861
0x2221,2,0.000000050861
0x2222,2,0.000000050861
0x2223,2,0.000000050861
0x2224,2,0.000000050861
0x2227,1,0.000000025431
0x2228,1,0.000000025431
0x222a,2,0.000000050861
0x222b,2,0.000000050861
0x2230,385,0.000009790815
0x2233,385,0.000009790815
0x2234,385,0.000009790815
0x2235,385,0.000009790815
0x2236,385,0.000009790815
0x2237,385,0.000009790815
0x2239,385,0.000009790815
0x223b,385,0.000009790815
0x223e,371,0.000009434785
0x2240,371,0.000009434785
0x2243,189,0.000004806400
0x2245,189,0.000004806400
0x2247,189,0.000004806400
0x2249,189,0.000004806400
0x224c,7,0.000000178015
0x224f,7,0.000000178015
0x2250,7,0.000000178015
0x2252,7,0.000000178015
0x2254,7,0.000000178015
0x2260,364,0.000009256771
0x2261,364,0.000009256771
0x2262,364,0.000009256771
0x2263,364,0.000009256771
0x2264,364,0.000009256771
0x2265,364,0.000009256771
0x2267,364,0.000009256771
0x2268,364,0.000009256771
0x2269,364,0.000009256771
0x226b,364,0.000009256771
0x226d,364,0.000009256771
0x226e,364,0.000009256771
0x226f,364,0.000009256771
0x2271,364,0.000009256771
0x2272,364,0.000009256771
0x2273,364,0.000009256771
0x2274,364,0.000009256771
0x2275,364,0.000009256771
0x2276,364,0.000009256771
0x2277,364,0.000009256771
0x2278,364,0.000009256771
0x2279,364,0.000009256771
0x227a,5096,0.000129594788
0x227b,45864,0.001166353094
0x227c,45864,0.001166353094
0x227d,45864,0.001166353094
0x227e,45864,0.001166353094
0x227f,45864,0.001166353094
0x2280,45864,0.001166353094
0x2283,5096,0.000129594788
0x2284,5096,0.000129594788
0x2285,5096,0.000129594788
0x2286,5096,0.000129594788
0x2288,5096,0.000129594788
0x2289,5096,0.000129594788
0x228a,5096,0.000129594788
0x228c,5096,0.000129594788
0x228d,5096,0.000129594788
0x228e,5096,0.000129594788
0x2291,364,0.000009256771
0x2292,14,0.000000356030
0x2295,14,0.000000356030
0x2296,14,0.000000356030
0x2298,14,0.000000356030
0x229b,6,0.000000152584
0x229e,6,0.000000152584
0x22a1,6,0.000000152584
0x22a3,2496,0.000063474998
0x22a4,2496,0.000063474998
0x22a5,2496,0.000063474998
0x22a6,2496,0.000063474998
0x22a7,2496,0.000063474998
0x22a8,2496,0.000063474998
0x22a9,2496,0.000063474998
0x22aa,2496,0.000063474998
0x22ab,2496,0.000063474998
0x22ac,2496,0.000063474998
0x22ad,2496,0.000063474998
0x22b0,6,0.000000152584
0x22b4,216,0.000005493029
0x22b7,216,0.000005493029
0x22ba,216,0.000005493029
0x22bb,216,0.000005493029
0x22bc,216,0.000005493029
0x22be,216,0.000005493029
0x22c1,3,0.000000076292
0x22c3,3,0.000000076292
0x22c5,3,0.000000076292
0x22ca,147,0.000003738311
0x22cd,147,0.000003738311
0x22ce,147,0.000003738311
0x22d0,147,0.000003738311
0x22d3,3,0.000000076292
0x22d5,3,0.000000076292
0x22d7,3,0.000000076292
0x22d9,3,0.000000076292
0x22db,3,0.000000076292
0x22dd,3,0.000000076292
0x22e0,6,0.000000152584
0x22e2,14,0.000000356030
0x22e5,14,0.000000356030
0x22e8,14,0.000000356030
0x22f0,8,0.000000203446
0x22f3,8,0.000000203446
0x22f4,8,0.000000203446
0x22fa,732,0.000018615264
0x22fd,732,0.000018615264
0x22ff,732,0.000018615264
0x2302,732,0.000018615264
0x2303,13176,0.000335074751
0x2304,13176,0.000335074751
0x2306,13176,0.000335074751
0x2307,13176,0.000335074751
0x2308,13176,0.000335074751
0x2309,13176,0.000335074751
0x230a,13176,0.000335074751
0x230b,13176,0.000335074751
0x230d,13176,0.000335074751
0x230e,13176,0.000335074751
0x230f,13176,0.000335074751
0x2310,13176,0.000335074751
0x2312,13176,0.000335074751
0x2313,13176,0.000335074751
0x2314,13176,0.000335074751
0x2316,13176,0.000335074751
0x2317,13176,0.000335074751
0x231a,1464,0.000037230528
0x231b,13176,0.000335074751
0x231c,13176,0.000335074751
0x231f,732,0.000018615264
0x2322,2196,0.000055845792
0x2325,2196,0.000055845792
0x2326,2196,0.000055845792
0x2327,2196,0.000055845792
0x2329,2196,0.000055845792
0x232a,2196,0.000055845792
0x232b,2196,0.000055845792
0x232c,2196,0.000055845792
0x232e,2196,0.000055845792
0x232f,2196,0.000055845792
0x2331,2196,0.000055845792
0x2334,2196,0.000055845792
0x2337,2196,0.000055845792
0x2351,5856,0.000148922111
0x2352,5856,0.000148922111
0x2354,5856,0.000148922111
0x2355,1239,0.000031508623
0x2356,1239,0.000031508623
0x2357,1239,0.000031508623
0x2358,1239,0.000031508623
0x235a,1239,0.000031508623
0x235b,1239,0.000031508623
0x235e,1239,0.000031508623
0x235f,1239,0.000031508623
0x2360,1239,0.000031508623
0x2361,1239,0.000031508623
0x2362,1239,0.000031508623
0x2364,1239,0.000031508623
0x2365,1239,0.000031508623
0x2366,1239,0.000031508623
0x2368,1239,0.000031508623
0x2369,1239,0.000031508623
0x236a,1239,0.000031508623
0x236b,1239,0.000031508623
0x236c,1239,0.000031508623
0x236e,1239,0.000031508623
0x2370,1239,0.000031508623
0x2373,1104,0.000028075480
0x2375,1104,0.000028075480
0x2377,1104,0.000028075480
0x237a,1104,0.000028075480
0x237b,135,0.000003433143
0x237c,135,0.000003433143
0x237e,135,0.000003433143
0x237f,135,0.000003433143
0x2381,135,0.000003433143
0x2384,135,0.000003433143
0x2385,135,0.000003433143
0x2386,135,0.000003433143
0x2387,135,0.000003433143
0x2389,135,0.000003433143
0x238a,39,0.000000991797
0x238c,39,0.000000991797
0x238d,39,0.000000991797
0x238e,39,0.000000991797
0x2390,39,0.000000991797
0x2391,33,0.000000839213
0x2393,33,0.000000839213
0x23d6,5179,0.000131705535
0x23d9,5179,0.000131705535
0x23da,5179,0.000131705535
0x23dc,5179,0.000131705535
0x23de,5179,0.000131705535
0x23e1,3111,0.000079114872
0x23e3,3111,0.000079114872
0x23e6,1831,0.000046563590
0x23e8,1831,0.000046563590
0x23eb,215,0.000005467598
0x23ed,215,0.000005467598
0x23f0,215,0.000005467598
0x23f2,215,0.000005467598
0x2476,50,0.000001271534
0x2477,50,0.000001271534
0x2478,50,0.000001271534
0x247b,50,0.000001271534
0x247d,50,0.000001271534
0x247e,50,0.000001271534
0x2481,50,0.000001271534
0x2483,50,0.000001271534
0x2484,50,0.000001271534
0x2485,50,0.000001271534
0x2487,50,0.000001271534
0x2488,50,0.000001271534
0x2489,50,0.000001271534
0x248a,50,0.000001271534
0x248c,50,0.000001271534
0x248d,50,0.000001271534
0x248f,50,0.000001271534
0x2490,50,0.000001271534
0x2493,50,0.000001271534
0x2495,50,0.000001271534
0x2496,50,0.000001271534
0x2497,50,0.000001271534
0x2498,44,0.000001118950
0x2499,44,0.000001118950
0x249a,44,0.000001118950
0x249b,31,0.000000788351
0x249c,31,0.000000788351
0x249d,31,0.000000788351
0x249e,22,0.000000559475
0x249f,22,0.000000559475
0x24a0,10467,0.000266183016
0x24a3,10467,0.000266183016
0x24a5,10467,0.000266183016
0x24a7,10467,0.000266183016
0x24a8,5856,0.000148922111
0x24ab,5856,0.000148922111
0x24ae,5856,0.000148922111
0x24b1,5856,0.000148922111
0x24b4,5856,0.000148922111
0x24b6,5856,0.000148922111
0x24b8,5856,0.000148922111
0x24b9,1464,0.000037230528
0x24c4,5232,0.000133053362
0x24c7,5232,0.000133053362
0x24c9,5232,0.000133053362
0x24cb,5232,0.000133053362
0x24ce,2928,0.000074461056
0x24d1,2928,0.000074461056
0x24d4,2928,0.000074461056
0x24d5,2928,0.000074461056
0x24d6,2928,0.000074461056
0x24d8,2928,0.000074461056
0x24db,2196,0.000055845792
0x24e0,2928,0.000074461056
0x24e3,2928,0.000074461056
0x24e5,2928,0.000074461056
0x24e6,183,0.000004653816
0x24e9,183,0.000004653816
0x24eb,183,0.000004653816
0x24ec,183,0.000004653816
0x24f2,1464,0.000037230528
0x24f5,1464,0.000037230528
0x24f7,1464,0.000037230528
0x24f8,1464,0.000037230528
0x24f9,1464,0.000037230528
0x24fc,1464,0.000037230528
0x24fe,1464,0.000037230528
0x24ff,1464,0.000037230528
0x2500,432,0.000010986057
0x2503,432,0.000010986057
0x2504,432,0.000010986057
0x2505,402,0.000010223137
0x2508,402,0.000010223137
0x2509,402,0.000010223137
0x250a,99,0.000002517638
0x250b,99,0.000002517638
0x250d,99,0.000002517638
0x250e,99,0.000002517638
0x2511,99,0.000002517638
0x2512,99,0.000002517638
0x2513,99,0.000002517638
0x2515,99,0.000002517638
0x2517,99,0.000002517638
0x2518,99,0.000002517638
0x2519,99,0.000002517638
0x251a,99,0.000002517638
0x2560,2865,0.000072858922
0x2563,2865,0.000072858922
0x2564,2865,0.000072858922
0x2566,2865,0.000072858922
0x2567,2865,0.000072858922
0x2568,2865,0.000072858922
0x2569,2865,0.000072858922
0x256a,2865,0.000072858922
0x256b,2865,0.000072858922
0x256d,2865,0.000072858922
0x256e,2865,0.000072858922
0x2570,2865,0.000072858922
0x2572,2865,0.000072858922
0x2575,2865,0.000072858922
0x2576,2865,0.000072858922
0x2577,2865,0.000072858922
0x2578,2865,0.000072858922
0x2579,2865,0.000072858922
0x257b,2865,0.000072858922
0x257c,2865,0.000072858922
0x257f,2865,0.000072858922
0x2581,2865,0.000072858922
0x2582,2865,0.000072858922
0x2585,2865,0.000072858922
0x2587,2865,0.000072858922
0x2588,22757,0.000578726176
0x2589,22757,0.000578726176
0x258c,22696,0.000577174904
0x258d,22696,0.000577174904
0x258e,22696,0.000577174904
0x2590,22696,0.000577174904
0x2591,22696,0.000577174904
0x2592,22696,0.000577174904
0x2595,2804,0.000071307650
0x2596,22757,0.000578726176
0x2597,22757,0.000578726176
0x2599,22757,0.000578726176
0x259a,15940,0.000405365173
0x259b,15940,0.000405365173
0x259c,15940,0.000405365173
0x259e,15940,0.000405365173
0x259f,15940,0.000405365173
0x25a1,15940,0.000405365173
0x25a2,14845,0.000377518570
0x25a3,14845,0.000377518570
0x25a4,14845,0.000377518570
0x25a5,14845,0.000377518570
0x25a6,10034,0.000255171528
0x25a7,10034,0.000255171528
0x25a8,2414,0.000061389682
0x25a9,2414,0.000061389682
0x25aa,2414,0.000061389682
0x25ab,2414,0.000061389682
0x25ac,2376,0.000060423316
0x25ae,2376,0.000060423316
0x25af,61,0.000001551272
0x25b0,61,0.000001551272
0x25b1,61,0.000001551272
0x25b2,61,0.000001551272
0x25b3,61,0.000001551272
0x25b4,61,0.000001551272
0x25b5,61,0.000001551272
0x25b6,61,0.000001551272
0x25b7,286,0.000007273177
0x25ba,286,0.000007273177
0x25bc,286,0.000007273177
0x25be,286,0.000007273177
0x25ca,286,0.000007273177
0x25cd,661,0.000016809685
0x25ce,661,0.000016809685
0x25d0,661,0.000016809685
0x25d3,494,0.000012562760
0x25d4,494,0.000012562760
0x25d6,494,0.000012562760
0x25d7,494,0.000012562760
0x25d8,494,0.000012562760
0x25db,119,0.000003026252
0x25dc,119,0.000003026252
0x25dd,119,0.000003026252
0x25e0,167,0.000004246925
0x25e1,167,0.000004246925
0x25e3,167,0.000004246925
0x25e4,167,0.000004246925
0x25e5,167,0.000004246925
0x25e7,167,0.000004246925
0x25e8,167,0.000004246925
0x25ea,167,0.000004246925
0x25eb,167,0.000004246925
0x25ec,167,0.000004246925
0x25ed,167,0.000004246925
0x25ef,167,0.000004246925
0x25f0,167,0.000004246925
0x25f1,167,0.000004246925
0x25f3,167,0.000004246925
0x25f4,167,0.000004246925
0x25f6,167,0.000004246925
0x25f7,167,0.000004246925
0x25f8,167,0.000004246925
0x25f9,167,0.000004246925
0x25fa,167,0.000004246925
0x25fb,167,0.000004246925
0x25fc,167,0.000004246925
0x25fd,167,0.000004246925
0x2600,3512,0.000089312578
0x2601,3512,0.000089312578
0x2602,3512,0.000089312578
0x2603,3512,0.000089312578
0x2604,3512,0.000089312578
0x2605,3512,0.000089312578
0x2608,3512,0.000089312578
0x2609,3512,0.000089312578
0x260a,3512,0.000089312578
0x260b,3512,0.000089312578
0x260c,3512,0.000089312578
0x260e,3512,0.000089312578
0x2611,3512,0.000089312578
0x2612,3512,0.000089312578
0x2613,3512,0.000089312578
0x2616,3512,0.000089312578
0x2617,3512,0.000089312578
0x261a,2038,0.000051827743
0x261d,2038,0.000051827743
0x261e,2038,0.000051827743
0x2620,2038,0.000051827743
0x2621,2038,0.000051827743
0x2624,2038,0.000051827743
0x2625,2038,0.000051827743
0x2626,2038,0.000051827743
0x2628,2038,0.000051827743
0x2629,2038,0.000051827743
0x262b,2038,0.000051827743
0x262c,2038,0.000051827743
0x262e,2038,0.000051827743
0x262f,2038,0.000051827743
0x2630,2038,0.000051827743
0x2631,2038,0.000051827743
0x2633,2038,0.000051827743
0x2634,2038,0.000051827743
0x2635,2038,0.000051827743
0x2638,2038,0.000051827743
0x2639,3512,0.000089312578
0x263c,3512,0.000089312578
0x263f,3512,0.000089312578
0x2642,3512,0.000089312578
0x2643,3512,0.000089312578
0x2646,1756,0.000044656289
0x2649,1756,0.000044656289
0x2650,1474,0.000037484835
0x2651,1474,0.000037484835
0x2654,1474,0.000037484835
0x2655,1474,0.000037484835
0x2656,1474,0.000037484835
0x2658,1474,0.000037484835
0x2659,1474,0.000037484835
0x265b,1474,0.000037484835
0x265c,1474,0.000037484835
0x265e,1474,0.000037484835
0x2661,1474,0.000037484835
0x2662,1474,0.000037484835
0x2668,1756,0.000044656289
0x266b,1756,0.000044656289
0x266c,1756,0.000044656289
0x266d,1756,0.000044656289
0x2670,1756,0.000044656289
0x2672,1756,0.000044656289
0x2676,1756,0.000044656289
0x2678,1756,0.000044656289
0x267c,1756,0.000044656289
0x267f,1756,0.000044656289
0x2681,1756,0.000044656289
0x2684,1756,0.000044656289
0x2685,1756,0.000044656289
0x2688,1756,0.000044656289
0x268a,1756,0.000044656289
0x268b,1756,0.000044656289
0x268d,1756,0.000044656289
0x268e,1756,0.000044656289
0x268f,1756,0.000044656289
0x2692,1751,0.000044529135
0x2693,1756,0.000044656289
0x2694,1756,0.000044656289
0x2697,1756,0.000044656289
0x2699,1756,0.000044656289
0x269c,257,0.000006535687
0x269d,1756,0.000044656289
0x269f,1756,0.000044656289
0x26a3,1756,0.000044656289
0x26a4,1756,0.000044656289
0x26a7,1756,0.000044656289
0x26aa,1756,0.000044656289
0x26ad,1756,0.000044656289
0x26ae,1756,0.000044656289
0x26af,1756,0.000044656289
0x26b0,1756,0.000044656289
0x26b1,354,0.000009002464
0x26b2,354,0.000009002464
0x26b4,354,0.000009002464
0x26b5,354,0.000009002464
0x26b7,354,0.000009002464
0x26b8,354,0.000009002464
0x26ba,354,0.000009002464
0x26bb,50,0.000001271534
0x26bc,50,0.000001271534
0x26bd,50,0.000001271534
0x26be,50,0.000001271534
0x26bf,50,0.000001271534
0x26c2,50,0.000001271534
0x26c4,50,0.000001271534
0x26c6,50,0.000001271534
0x26c7,50,0.000001271534
0x26c8,50,0.000001271534
0x26ca,50,0.000001271534
0x26cb,50,0.000001271534
0x26cc,50,0.000001271534
0x26d0,1756,0.000044656289
0x26d3,1756,0.000044656289
0x26d6,1756,0.000044656289
0x26d9,14048,0.000357250311
0x26da,14048,0.000357250311
0x26db,14048,0.000357250311
0x26de,9428,0.000239760530
0x26df,9428,0.000239760530
0x26e0,9428,0.000239760530
0x26e3,1756,0.000044656289
0x26e4,9428,0.000239760530
0x26e5,14048,0.000357250311
0x26e6,14048,0.000357250311
0x26e7,14048,0.000357250311
0x26e8,14048,0.000357250311
0x26e9,14048,0.000357250311
0x26eb,14048,0.000357250311
0x26ee,1756,0.000044656289
0x26f1,1756,0.000044656289
0x26f2,1756,0.000044656289
0x26f3,1756,0.000044656289
0x26f5,1756,0.000044656289
0x26f8,1756,0.000044656289
0x26f9,1756,0.000044656289
0x26fa,1756,0.000044656289
0x26fd,1756,0.000044656289
0x2700,6245,0.000158814649
0x2703,6245,0.000158814649
0x2704,6245,0.000158814649
0x2705,6245,0.000158814649
0x2706,6244,0.000158789218
0x2707,6244,0.000158789218
0x2708,6244,0.000158789218
0x270a,6244,0.000158789218
0x270b,6244,0.000158789218
0x270c,6244,0.000158789218
0x270e,6244,0.000158789218
0x270f,6244,0.000158789218
0x2711,6244,0.000158789218
0x2714,6244,0.000158789218
0x2717,24976,0.000635156874
0x271a,24976,0.000635156874
0x271b,24976,0.000635156874
0x271c,24976,0.000635156874
0x271d,24976,0.000635156874
0x271e,24976,0.000635156874
0x2720,24976,0.000635156874
0x2723,6244,0.000158789218
0x2725,6244,0.000158789218
0x2728,6244,0.000158789218
0x272a,6244,0.000158789218
0x2739,6244,0.000158789218
0x273c,6244,0.000158789218
0x273d,6244,0.000158789218
0x2740,6244,0.000158789218
0x2743,6244,0.000158789218
0x2748,24976,0.000635156874
0x2749,24976,0.000635156874
0x274a,24976,0.000635156874
0x274c,24976,0.000635156874
0x274d,84,0.000002136178
0x274e,84,0.000002136178
0x274f,84,0.000002136178
0x2750,42,0.000001068089
0x2751,42,0.000001068089
0x2752,42,0.000001068089
0x2753,42,0.000001068089
0x2754,42,0.000001068089
0x2755,42,0.000001068089
0x2757,42,0.000001068089
0x2758,42,0.000001068089
0x2759,42,0.000001068089
0x275b,42,0.000001068089
0x275c,42,0.000001068089
0x275f,42,0.000001068089
0x2760,42,0.000001068089
0x2761,42,0.000001068089
0x2764,42,0.000001068089
0x2768,42,0.000001068089
0x2769,42,0.000001068089
0x276c,42,0.000001068089
0x276e,42,0.000001068089
0x2771,42,0.000001068089
0x2772,42,0.000001068089
0x2778,42,0.000001068089
0x277b,42,0.000001068089
0x277c,42,0.000001068089
0x277f,42,0.000001068089
0x2780,42,0.000001068089
0x2781,42,0.000001068089
0x2782,42,0.000001068089
0x2783,42,0.000001068089
0x2784,42,0.000001068089
0x2785,42,0.000001068089
0x2786,42,0.000001068089
0x2789,42,0.000001068089
0x27a8,6244,0.000158789218
0x27ab,6244,0.000158789218
0x27ac,6244,0.000158789218
0x27af,6244,0.000158789218
0x27b0,6244,0.000158789218
0x27b1,6244,0.000158789218
0x27b4,6244,0.000158789218
0x27b6,6244,0.000158789218
0x27b7,6244,0.000158789218
0x27b8,6244,0.000158789218
0x27ba,6244,0.000158789218
0x27bd,5860,0.000149023834
0x27c0,5860,0.000149023834
0x27c1,5860,0.000149023834
0x27c2,5860,0.000149023834
0x27c5,5812,0.000147803161
0x27c7,5812,0.000147803161
0x27c8,5812,0.000147803161
0x27c9,5812,0.000147803161
0x27ca,3772,0.000095924557
0x27cc,3772,0.000095924557
0x27cf,3620,0.000092059092
0x27d0,3620,0.000092059092
0x27d2,3620,0.000092059092
0x27d3,3620,0.000092059092
0x27d5,3620,0.000092059092
0x27d6,3620,0.000092059092
0x27d8,152,0.000003865465
0x27da,152,0.000003865465
0x27dc,152,0.000003865465
0x27dd,152,0.000003865465
0x27df,152,0.000003865465
0x27e0,152,0.000003865465
0x27e2,48,0.000001220673
0x27e4,48,0.000001220673
0x27e9,48,0.000001220673
0x27ea,48,0.000001220673
0x27ec,48,0.000001220673
0x27ee,48,0.000001220673
0x3000,2869,0.000072960645
0x3003,2869,0.000072960645
0x3004,2869,0.000072960645
0x3005,2869,0.000072960645
0x3007,2869,0.000072960645
0x300a,2869,0.000072960645
0x300b,2869,0.000072960645
0x300c,2869,0.000072960645
0x300d,2869,0.000072960645
0x300e,2869,0.000072960645
0x300f,2869,0.000072960645
0x3010,2869,0.000072960645
0x3011,2869,0.000072960645
0x3012,356,0.000009053325
0x3028,362,0.000009205909
0x302b,362,0.000009205909
0x302c,362,0.000009205909
0x302e,362,0.000009205909
0x302f,362,0.000009205909
0x3031,362,0.000009205909
0x3032,362,0.000009205909
0x3034,362,0.000009205909
0x3035,298,0.000007578345
0x3037,298,0.000007578345
0x3038,298,0.000007578345
0x3039,298,0.000007578345
0x303c,285,0.000007247746
0x303d,285,0.000007247746
0x303e,4,0.000000101723
0x303f,4,0.000000101723
0x3040,4,0.000000101723
0x3042,4,0.000000101723
0x3044,4,0.000000101723
0x3046,4,0.000000101723
0x3048,4,0.000000101723
0x3049,4,0.000000101723
0x304b,4,0.000000101723
0x304d,4,0.000000101723
0x304f,4,0.000000101723
0x3050,4,0.000000101723
0x3052,4,0.000000101723
0x3055,4,0.000000101723
0x3056,4,0.000000101723
0x3057,3,0.000000076292
0x3059,3,0.000000076292
0x305c,13,0.000000330599
0x305f,13,0.000000330599
0x3062,13,0.000000330599
0x3063,13,0.000000330599
0x3064,13,0.000000330599
0x3065,13,0.000000330599
0x3066,13,0.000000330599
0x3067,13,0.000000330599
0x3068,13,0.000000330599
0x306a,13,0.000000330599
0x306c,13,0.000000330599
0x306d,13,0.000000330599
0x3074,65,0.000001652995
0x3077,65,0.000001652995
0x3078,65,0.000001652995
0x3079,65,0.000001652995
0x307a,65,0.000001652995
0x307c,65,0.000001652995
0x307d,65,0.000001652995
0x307f,65,0.000001652995
0x3080,65,0.000001652995
0x3081,65,0.000001652995
0x3082,65,0.000001652995
0x3084,65,0.000001652995
0x3089,65,0.000001652995
0x308a,65,0.000001652995
0x308b,65,0.000001652995
0x308c,65,0.000001652995
0x308d,65,0.000001652995
0x308f,65,0.000001652995
0x3090,65,0.000001652995
0x3092,65,0.000001652995
0x3093,65,0.000001652995
0x3094,65,0.000001652995
0x3095,65,0.000001652995
0x3098,65,0.000001652995
0x309a,65,0.000001652995
0x309d,5,0.000000127153
0x309f,65,0.000001652995
0x30a0,65,0.000001652995
0x30a1,65,0.000001652995
0x30a4,65,0.000001652995
0x30a6,65,0.000001652995
0x30a7,65,0.000001652995
0x30a8,65,0.000001652995
0x30aa,5236,0.000133155085
0x30ad,5236,0.000133155085
0x30ae,5236,0.000133155085
0x30af,5236,0.000133155085
0x30b0,5236,0.000133155085
0x30b1,5236,0.000133155085
0x30b3,5236,0.000133155085
0x30b5,5236,0.000133155085
0x30b6,5236,0.000133155085
0x30b8,5236,0.000133155085
0x30ba,359,0.000009129617
0x30bd,359,0.000009129617
0x30c0,359,0.000009129617
0x30c3,359,0.000009129617
0x30c6,359,0.000009129617
0x30c8,359,0.000009129617
0x30c9,359,0.000009129617
0x30ca,359,0.000009129617
0x30cb,229,0.000005823628
0x30cd,229,0.000005823628
0x30ce,229,0.000005823628
0x30cf,229,0.000005823628
0x30d2,177,0.000004501232
0x30d3,177,0.000004501232
0x30d4,45,0.000001144381
0x30d6,45,0.000001144381
0x30d8,45,0.000001144381
0x30da,1077,0.000027388851
0x30db,1077,0.000027388851
0x30dc,1077,0.000027388851
0x30dd,1077,0.000027388851
0x30de,504,0.000012817067
0x30df,504,0.000012817067
0x30e4,52,0.000001322396
0x30e7,52,0.000001322396
0x30ea,52,0.000001322396
0x30eb,52,0.000001322396
0x30ed,52,0.000001322396
0x30f2,52,0.000001322396
0x30f3,52,0.000001322396
0x30f5,52,0.000001322396
0x30f6,52,0.000001322396
0x30f7,52,0.000001322396
0x30f8,52,0.000001322396
0x30fa,52,0.000001322396
0x30fc,52,0.000001322396
0x30ff,52,0.000001322396
0x3102,52,0.000001322396
0x3105,52,0.000001322396
0x3106,52,0.000001322396
0x3107,52,0.000001322396
0x3108,52,0.000001322396
0x310a,52,0.000001322396
0x310c,52,0.000001322396
0x310e,52,0.000001322396
0x310f,52,0.000001322396
0x3112,156,0.000003967187
0x3113,156,0.000003967187
0x3114,156,0.000003967187
0x3115,156,0.000003967187
0x3116,95,0.000002415915
0x3117,95,0.000002415915
0x3118,95,0.000002415915
0x311a,95,0.000002415915
0x311b,95,0.000002415915
0x311c,95,0.000002415915
0x311d,95,0.000002415915
0x311e,52,0.000001322396
0x311f,52,0.000001322396
0x3121,52,0.000001322396
0x3124,359,0.000009129617
0x3127,359,0.000009129617
0x3128,359,0.000009129617
0x312a,359,0.000009129617
0x312b,45,0.000001144381
0x312d,45,0.000001144381
0x312f,45,0.000001144381
0x3130,45,0.000001144381
0x3131,45,0.000001144381
0x3132,45,0.000001144381
0x3134,45,0.000001144381
0x3136,45,0.000001144381
0x3138,45,0.000001144381
0x313d,45,0.000001144381
0x313f,45,0.000001144381
0x3140,45,0.000001144381
0x3141,45,0.000001144381
0x3144,45,0.000001144381
0x3145,45,0.000001144381
0x3146,45,0.000001144381
0x3149,32,0.000000813782
0x314b,45,0.000001144381
0x314d,45,0.000001144381
0x314e,45,0.000001144381
0x315a,359,0.000009129617
0x315d,359,0.000009129617
0x315e,359,0.000009129617
0x3160,359,0.000009129617
0x3161,107,0.000002721084
0x3164,107,0.000002721084
0x3165,107,0.000002721084
0x3166,107,0.000002721084
0x3167,107,0.000002721084
0x3169,107,0.000002721084
0x316a,107,0.000002721084
0x316c,107,0.000002721084
0x316d,107,0.000002721084
0x316e,107,0.000002721084
0x316f,107,0.000002721084
0x3171,107,0.000002721084
0x3172,107,0.000002721084
0x3174,107,0.000002721084
0x3176,107,0.000002721084
0x3177,107,0.000002721084
0x3178,107,0.000002721084
0x3179,1114,0.000028329787
0x317c,1069,0.000027185406
0x317d,1069,0.000027185406
0x317e,1069,0.000027185406
0x317f,1069,0.000027185406
0x3180,1069,0.000027185406
0x3181,1069,0.000027185406
0x3182,1069,0.000027185406
0x3183,1069,0.000027185406
0x3186,66,0.000001678425
0x3188,66,0.000001678425
0x318a,1069,0.000027185406
0x318b,1069,0.000027185406
0x318e,62,0.000001576703
0x3192,1114,0.000028329787
0x3193,1114,0.000028329787
0x3195,1114,0.000028329787
0x3196,779,0.000019810506
0x3199,779,0.000019810506
0x319a,779,0.000019810506
0x319b,45,0.000001144381
0x319e,45,0.000001144381
0x319f,45,0.000001144381
0x31a0,45,0.000001144381
0x31a1,45,0.000001144381
0x31a2,45,0.000001144381
0x31a3,45,0.000001144381
0x31a4,45,0.000001144381
0x31a7,45,0.000001144381
0x31a9,45,0.000001144381
0x31ac,45,0.000001144381
0x31ad,45,0.000001144381
0x31b4,356,0.000009053325
0x31b7,356,0.000009053325
0x31b9,356,0.000009053325
0x31ba,43,0.000001093520
0x31bd,43,0.000001093520
0x31bf,43,0.000001093520
0x31c0,43,0.000001093520
0x31c2,43,0.000001093520
0x31c3,43,0.000001093520
0x31c5,43,0.000001093520
0x31c6,43,0.000001093520
0x31c7,43,0.000001093520
0x31c8,43,0.000001093520
0x31cb,43,0.000001093520
0x31cd,43,0.000001093520
0x31ce,43,0.000001093520
0x31d1,20,0.000000508614
0x31d2,20,0.000000508614
0x31d3,20,0.000000508614
0x31d4,20,0.000000508614
0x31d6,43,0.000001093520
0x31d7,43,0.000001093520
0x31d8,43,0.000001093520
0x31d9,43,0.000001093520
0x31da,43,0.000001093520
0x31dc,43,0.000001093520
0x31de,43,0.000001093520
0x31df,43,0.000001093520
0x31e1,43,0.000001093520
0x31e2,43,0.000001093520
0x31e3,43,0.000001093520
0x31e4,43,0.000001093520
0x31e5,43,0.000001093520
0x31e6,43,0.000001093520
0x31e7,43,0.000001093520
0x31e8,43,0.000001093520
0x31e9,43,0.000001093520
0x31ec,43,0.000001093520
0x31ed,43,0.000001093520
0x31f0,43,0.000001093520
0x31f1,43,0.000001093520
0x31f2,43,0.000001093520
0x31f4,43,0.000001093520
0x31f5,43,0.000001093520
0x31f7,43,0.000001093520
0x31f8,43,0.000001093520
0x31fb,43,0.000001093520
0x31fd,43,0.000001093520
0x31fe,43,0.000001093520
0x31ff,43,0.000001093520
0x3201,43,0.000001093520
0x3202,43,0.000001093520
0x3203,43,0.000001093520
0x3204,43,0.000001093520
0x3207,43,0.000001093520
0x3209,43,0.000001093520
0x320a,43,0.000001093520
0x320b,43,0.000001093520
0x320c,43,0.000001093520
0x320d,43,0.000001093520
0x3210,43,0.000001093520
0x3213,43,0.000001093520
0x3215,43,0.000001093520
0x3216,33,0.000000839213
0x3217,33,0.000000839213
0x3219,33,0.000000839213
0x321b,33,0.000000839213
0x321c,2,0.000000050861
0x321e,2,0.000000050861
0x3220,2,0.000000050861
0x322c,356,0.000009053325
0x322f,356,0.000009053325
0x3231,356,0.000009053325
0x3232,68,0.000001729287
0x3235,68,0.000001729287
0x3238,68,0.000001729287
0x323b,68,0.000001729287
0x323c,68,0.000001729287
0x323f,68,0.000001729287
0x3240,801,0.000020369981
0x3241,801,0.000020369981
0x3243,801,0.000020369981
0x3246,373,0.000009485647
0x3247,373,0.000009485647
0x3248,373,0.000009485647
0x3249,309,0.000007858083
0x324a,309,0.000007858083
0x324b,309,0.000007858083
0x324c,309,0.000007858083
0x324d,309,0.000007858083
0x324e,737,0.000018742417
0x324f,737,0.000018742417
0x3250,737,0.000018742417
0x3251,737,0.000018742417
0x3253,737,0.000018742417
0x3254,737,0.000018742417
0x3256,737,0.000018742417
0x3259,4,0.000000101723
0x325b,4,0.000000101723
0x325e,4,0.000000101723
0x3264,362,0.000009205909
0x3267,362,0.000009205909
0x3268,362,0.000009205909
0x326b,362,0.000009205909
0x326c,362,0.000009205909
0x326e,362,0.000009205909
0x326f,362,0.000009205909
0x3271,362,0.000009205909
0x3272,362,0.000009205909
0x3274,362,0.000009205909
0x3275,47,0.000001195242
0x3277,47,0.000001195242
0x3279,47,0.000001195242
0x327a,47,0.000001195242
0x327b,47,0.000001195242
0x327c,47,0.000001195242
0x327e,47,0.000001195242
0x3281,47,0.000001195242
0x3282,47,0.000001195242
0x3285,47,0.000001195242
0x3286,47,0.000001195242
0x3287,47,0.000001195242
0x3289,47,0.000001195242
0x328a,47,0.000001195242
0x328b,47,0.000001195242
0x328d,47,0.000001195242
0x328e,47,0.000001195242
0x328f,130,0.000003305989
0x3290,130,0.000003305989
0x3291,130,0.000003305989
0x3292,130,0.000003305989
0x3295,122,0.000003102544
0x3296,122,0.000003102544
0x3297,122,0.000003102544
0x329a,108,0.000002746514
0x329b,108,0.000002746514
0x329e,108,0.000002746514
0x329f,108,0.000002746514
0x32a0,108,0.000002746514
0x32a3,108,0.000002746514
0x32a4,130,0.000003305989
0x32a5,130,0.000003305989
0x32a6,130,0.000003305989
0x32a9,4,0.000000101723
0x32ab,130,0.000003305989
0x32ac,130,0.000003305989
0x32af,47,0.000001195242
0x32b0,32,0.000000813782
0x32b3,32,0.000000813782
0x32b5,32,0.000000813782
0x32b8,32,0.000000813782
0x32ba,32,0.000000813782
0x32bc,32,0.000000813782
0x32bf,32,0.000000813782
0x32c2,32,0.000000813782
0x32c3,32,0.000000813782
0x32c4,9,0.000000228876
0x32c5,9,0.000000228876
0x32c6,9,0.000000228876
0x32c7,9,0.000000228876
0x32c8,9,0.000000228876
0x32cb,9,0.000000228876
0x32cd,9,0.000000228876
0x32d0,9,0.000000228876
0x32d2,9,0.000000228876
0x32d4,9,0.000000228876
0x32d6,9,0.000000228876
0x32d7,9,0.000000228876
0x32d9,9,0.000000228876
0x32da,9,0.000000228876
0x32dc,9,0.000000228876
0x32dd,9,0.000000228876
0x32de,9,0.000000228876
0x32e1,9,0.000000228876
0x32e2,9,0.000000228876
0x32e3,9,0.000000228876
0x3400,3512,0.000089312578
0x3403,3512,0.000089312578
0x3406,3512,0.000089312578
0x3409,3512,0.000089312578
0x340c,3512,0.000089312578
0x340f,3512,0.000089312578
0x3412,3512,0.000089312578
0x3413,3512,0.000089312578
0x3416,3512,0.000089312578
0x3418,3512,0.000089312578
0x341b,514,0.000013071374
0x341e,514,0.000013071374
0x3421,514,0.000013071374
0x3424,514,0.000013071374
0x3427,514,0.000013071374
0x342a,514,0.000013071374
0x342d,514,0.000013071374
0x342e,514,0.000013071374
0x3431,257,0.000006535687
0x3434,257,0.000006535687
0x3438,2998,0.000076241204
0x343b,2998,0.000076241204
0x343c,2998,0.000076241204
0x343f,1499,0.000038120602
0x3442,1499,0.000038120602
0x3445,1499,0.000038120602
0x3448,1499,0.000038120602
0x344b,1499,0.000038120602
0x3452,1499,0.000038120602
0x3455,1499,0.000038120602
0x3458,1499,0.000038120602
0x345b,1499,0.000038120602
0x3474,2013,0.000051191976
0x3477,8052,0.000204767903
0x3478,8052,0.000204767903
0x347b,8052,0.000204767903
0x347c,8052,0.000204767903
0x347d,8052,0.000204767903
0x347f,8052,0.000204767903
0x3480,8052,0.000204767903
0x3482,8052,0.000204767903
0x3485,2013,0.000051191976
0x3486,2013,0.000051191976
0x3489,8052,0.000204767903
0x348a,8052,0.000204767903
0x348d,8052,0.000204767903
0x348e,8052,0.000204767903
0x348f,8052,0.000204767903
0x3491,8052,0.000204767903
0x3492,8052,0.000204767903
0x3494,8052,0.000204767903
0x3497,2013,0.000051191976
0x3498,2013,0.000051191976
0x349b,8052,0.000204767903
0x349c,8052,0.000204767903
0x349f,8052,0.000204767903
0x34a0,8052,0.000204767903
0x34a1,8052,0.000204767903
0x34a3,8052,0.000204767903
0x34a4,8052,0.000204767903
0x34a6,8052,0.000204767903
0x34a9,2013,0.000051191976
0x34aa,2013,0.000051191976
0x34ad,8052,0.000204767903
0x34ae,8052,0.000204767903
0x34b1,8052,0.000204767903
0x34b2,8052,0.000204767903
0x34b3,8052,0.000204767903
0x34b5,8052,0.000204767903
0x34b6,8052,0.000204767903
0x34b8,8052,0.000204767903
0x34bb,2013,0.000051191976
0x34c0,16632,0.000422963210
0x34c1,16632,0.000422963210
0x34c2,16632,0.000422963210
0x34c3,10503,0.000267098520
0x34c4,10503,0.000267098520
0x34c6,10503,0.000267098520
0x34c7,10503,0.000267098520
0x34c9,10503,0.000267098520
0x34ca,10503,0.000267098520
0x34cb,10503,0.000267098520
0x34cc,10503,0.000267098520
0x34cd,10503,0.000267098520
0x34ce,10503,0.000267098520
0x34cf,10503,0.000267098520
0x34d0,10503,0.000267098520
0x34d1,10503,0.000267098520
0x34d2,10503,0.000267098520
0x34d3,10503,0.000267098520
0x34d4,10503,0.000267098520
0x34d5,10503,0.000267098520
0x34d7,10503,0.000267098520
0x34d8,10503,0.000267098520
0x34da,10503,0.000267098520
0x34db,10503,0.000267098520
0x34dc,10503,0.000267098520
0x34dd,10503,0.000267098520
0x34de,10522,0.000267581704
0x34df,10522,0.000267581704
0x34e1,10522,0.000267581704
0x34e4,1442,0.000036671053
0x34e5,1442,0.000036671053
0x34e7,1442,0.000036671053
0x34ea,577,0.000014673507
0x34ec,577,0.000014673507
0x34ed,577,0.000014673507
0x34ee,577,0.000014673507
0x34f0,577,0.000014673507
0x34f1,577,0.000014673507
0x34f3,577,0.000014673507
0x34f6,348,0.000008849880
0x34f8,348,0.000008849880
0x34f9,348,0.000008849880
0x34fa,348,0.000008849880
0x34fc,348,0.000008849880
0x34fd,348,0.000008849880
0x34ff,348,0.000008849880
0x3509,577,0.000014673507
0x350a,577,0.000014673507
0x350b,577,0.000014673507
0x350c,10522,0.000267581704
0x350e,10522,0.000267581704
0x350f,10522,0.000267581704
0x3512,10522,0.000267581704
0x3513,10522,0.000267581704
0x3515,10522,0.000267581704
0x3516,10522,0.000267581704
0x3518,10522,0.000267581704
0x3519,10522,0.000267581704
0x3520,905,0.000023014773
0x3521,905,0.000023014773
0x3522,905,0.000023014773
0x3523,905,0.000023014773
0x3524,905,0.000023014773
0x3525,905,0.000023014773
0x3526,905,0.000023014773
0x3527,905,0.000023014773
0x3528,3612,0.000091855647
0x3529,3612,0.000091855647
0x352a,3612,0.000091855647
0x352b,3612,0.000091855647
0x352c,3612,0.000091855647
0x352d,3612,0.000091855647
0x352e,3612,0.000091855647
0x352f,3612,0.000091855647
0x3530,4329,0.000110089450
0x3531,4329,0.000110089450
0x3532,4329,0.000110089450
0x3533,4329,0.000110089450
0x3534,4329,0.000110089450
0x3535,4329,0.000110089450
0x3536,4329,0.000110089450
0x3537,4329,0.000110089450
0x3538,5028,0.000127865501
0x3539,5028,0.000127865501
0x353a,5028,0.000127865501
0x353b,5028,0.000127865501
0x353c,5028,0.000127865501
0x353d,5028,0.000127865501
0x353e,5028,0.000127865501
0x353f,5028,0.000127865501
0x3540,10640,0.000270582525
0x3541,10640,0.000270582525
0x3542,10640,0.000270582525
0x3543,10640,0.000270582525
0x3544,10640,0.000270582525
0x3545,10640,0.000270582525
0x3546,10640,0.000270582525
0x3547,10640,0.000270582525
0x3548,11400,0.000289909848
0x3549,11400,0.000289909848
0x354a,11400,0.000289909848
0x354b,11400,0.000289909848
0x354c,11400,0.000289909848
0x354d,11400,0.000289909848
0x354e,11400,0.000289909848
0x354f,11400,0.000289909848
0x3550,11448,0.000291130521
0x3551,11448,0.000291130521
0x3552,11448,0.000291130521
0x3553,11448,0.000291130521
0x3554,11448,0.000291130521
0x3555,11448,0.000291130521
0x3556,11448,0.000291130521
0x3557,11448,0.000291130521
0x3558,11448,0.000291130521
0x355a,11448,0.000291130521
0x355b,11448,0.000291130521
0x355d,11448,0.000291130521
0x3560,3512,0.000089312578
0x3563,3512,0.000089312578
0x3564,3512,0.000089312578
0x3565,3512,0.000089312578
0x3566,3512,0.000089312578
0x3567,3512,0.000089312578
0x3568,3512,0.000089312578
0x3569,3512,0.000089312578
0x356a,3512,0.000089312578
0x356d,3512,0.000089312578
0x3570,3512,0.000089312578
0x3572,3512,0.000089312578
0x3577,3512,0.000089312578
0x3579,3512,0.000089312578
0x357a,3512,0.000089312578
0x357b,3512,0.000089312578
0x357e,3512,0.000089312578
0x357f,3512,0.000089312578
0x3581,3512,0.000089312578
0x3584,2818,0.000071663680
0x3586,3512,0.000089312578
0x3587,3512,0.000089312578
0x3588,3512,0.000089312578
0x3589,3512,0.000089312578
0x358c,3512,0.000089312578
0x358d,3512,0.000089312578
0x358e,3512,0.000089312578
0x3590,3512,0.000089312578
0x3591,3512,0.000089312578
0x3593,3512,0.000089312578
0x3594,3512,0.000089312578
0x3596,3512,0.000089312578
0x3597,3512,0.000089312578
0x359a,3512,0.000089312578
0x359b,3512,0.000089312578
0x359c,3512,0.000089312578
0x359d,3512,0.000089312578
0x359f,3512,0.000089312578
0x35a2,3512,0.000089312578
0x35b0,16104,0.000409535806
0x35b1,16104,0.000409535806
0x35b2,16104,0.000409535806
0x35b3,9975,0.000253671117
0x35b4,9975,0.000253671117
0x35b5,9975,0.000253671117
0x35b6,9975,0.000253671117
0x35b7,9975,0.000253671117
0x35b8,9975,0.000253671117
0x35b9,9975,0.000253671117
0x35ba,9975,0.000253671117
0x35bd,8644,0.000219822871
0x35be,9975,0.000253671117
0x35bf,9975,0.000253671117
0x35c0,9975,0.000253671117
0x35c1,9975,0.000253671117
0x35c2,9975,0.000253671117
0x35c3,9975,0.000253671117
0x35c4,9975,0.000253671117
0x35c5,9975,0.000253671117
0x35c7,9975,0.000253671117
0x35c8,9975,0.000253671117
0x35c9,9975,0.000253671117
0x35ca,9975,0.000253671117
0x35cb,9975,0.000253671117
0x35cc,9975,0.000253671117
0x35cd,9975,0.000253671117
0x35ce,9975,0.000253671117
0x35cf,9975,0.000253671117
0x35d0,9975,0.000253671117
0x35d1,9975,0.000253671117
0x35d2,9975,0.000253671117
0x35d3,9975,0.000253671117
0x35d4,9975,0.000253671117
0x35d5,9975,0.000253671117
0x35d6,9975,0.000253671117
0x35d7,9975,0.000253671117
0x35d8,9975,0.000253671117
0x35d9,9975,0.000253671117
0x35da,9975,0.000253671117
0x35db,9975,0.000253671117
0x35e0,7503,0.000190806455
0x35e1,7503,0.000190806455
0x35e2,7503,0.000190806455
0x35e3,7503,0.000190806455
0x35e5,7503,0.000190806455
0x35e8,3842,0.000097704705
0x35e9,3842,0.000097704705
0x35ea,3842,0.000097704705
0x35eb,3842,0.000097704705
0x35ec,3842,0.000097704705
0x35ed,3842,0.000097704705
0x35ee,3842,0.000097704705
0x35ef,3842,0.000097704705
0x35f0,3842,0.000097704705
0x35f1,3842,0.000097704705
0x35f3,3842,0.000097704705
0x35f6,1100,0.000027973757
0x35f8,1100,0.000027973757
0x35f9,1100,0.000027973757
0x35fa,1100,0.000027973757
0x35fb,1100,0.000027973757
0x35fd,1100,0.000027973757
0x35fe,1100,0.000027973757
0x3601,139,0.000003534866
0x3602,139,0.000003534866
0x3603,139,0.000003534866
0x3604,1100,0.000027973757
0x3605,1100,0.000027973757
0x3606,1100,0.000027973757
0x3607,1100,0.000027973757
0x3608,1100,0.000027973757
0x3609,1100,0.000027973757
0x360a,1100,0.000027973757
0x360b,1100,0.000027973757
0x360c,1100,0.000027973757
0x360e,1100,0.000027973757
0x360f,1100,0.000027973757
0x3612,1010,0.000025684995
0x3613,1010,0.000025684995
0x3614,1010,0.000025684995
0x3615,1010,0.000025684995
0x3616,1010,0.000025684995
0x3618,1010,0.000025684995
0x3619,1010,0.000025684995
0x361a,1010,0.000025684995
0x361b,1010,0.000025684995
0x361c,666,0.000016936838
0x361f,666,0.000016936838
0x3620,666,0.000016936838
0x3621,666,0.000016936838
0x3622,270,0.000006866286
0x3623,270,0.000006866286
0x3624,270,0.000006866286
0x3628,3661,0.000093101750
0x362a,3661,0.000093101750
0x362d,3573,0.000090863850
0x362e,3573,0.000090863850
0x362f,3573,0.000090863850
0x3630,3573,0.000090863850
0x3631,3573,0.000090863850
0x3632,3573,0.000090863850
0x3633,3573,0.000090863850
0x3634,3573,0.000090863850
0x3635,3573,0.000090863850
0x3636,3573,0.000090863850
0x3637,3573,0.000090863850
0x363a,1096,0.000027872035
0x363c,1096,0.000027872035
0x363d,1096,0.000027872035
0x363e,1096,0.000027872035
0x363f,1096,0.000027872035
0x3641,1096,0.000027872035
0x3642,1096,0.000027872035
0x3645,140,0.000003560296
0x3646,140,0.000003560296
0x3647,140,0.000003560296
0x3648,1096,0.000027872035
0x3649,1096,0.000027872035
0x364a,1096,0.000027872035
0x364b,1096,0.000027872035
0x364c,1096,0.000027872035
0x364d,1096,0.000027872035
0x364e,1096,0.000027872035
0x364f,1096,0.000027872035
0x3650,1096,0.000027872035
0x3651,1096,0.000027872035
0x3652,1096,0.000027872035
0x3654,1096,0.000027872035
0x3655,1096,0.000027872035
0x3656,1096,0.000027872035
0x3657,1096,0.000027872035
0x365a,800,0.000020344551
0x365d,800,0.000020344551
0x365e,800,0.000020344551
0x3661,251,0.000006383103
0x3662,251,0.000006383103
0x3663,1096,0.000027872035
0x3665,1096,0.000027872035
0x3666,1096,0.000027872035
0x366a,2742,0.000069730948
0x366b,2742,0.000069730948
0x366c,2742,0.000069730948
0x366d,99,0.000002517638
0x366e,99,0.000002517638
0x366f,99,0.000002517638
0x3670,99,0.000002517638
0x3671,99,0.000002517638
0x3672,90,0.000002288762
0x3673,90,0.000002288762
0x3674,90,0.000002288762
0x3675,90,0.000002288762
0x3676,90,0.000002288762
0x3679,90,0.000002288762
0x367b,90,0.000002288762
0x367c,90,0.000002288762
0x367f,90,0.000002288762
0x3680,90,0.000002288762
0x3683,90,0.000002288762
0x3684,90,0.000002288762
0x3686,90,0.000002288762
0x3689,90,0.000002288762
0x368a,90,0.000002288762
0x368b,90,0.000002288762
0x368d,90,0.000002288762
0x368e,77,0.000001958163
0x3690,77,0.000001958163
0x3691,65,0.000001652995
0x3692,65,0.000001652995
0x3695,2477,0.000062991815
0x3696,2477,0.000062991815
0x3697,2477,0.000062991815
0x3698,2477,0.000062991815
0x3699,2477,0.000062991815
0x369a,2477,0.000062991815
0x369b,2477,0.000062991815
0x369c,2477,0.000062991815
0x369d,69,0.000001754718
0x369e,69,0.000001754718
0x36a0,69,0.000001754718
0x36a1,69,0.000001754718
0x36a4,69,0.000001754718
0x36a6,69,0.000001754718
0x36a7,69,0.000001754718
0x36aa,61,0.000001551272
0x36ab,69,0.000001754718
0x36ae,69,0.000001754718
0x36b0,69,0.000001754718
0x36b3,69,0.000001754718
0x36b4,69,0.000001754718
0x36b6,69,0.000001754718
0x36b7,69,0.000001754718
0x36b9,69,0.000001754718
0x36ba,69,0.000001754718
0x36bb,69,0.000001754718
0x36c0,2472,0.000062864662
0x36c1,2472,0.000062864662
0x36c2,2472,0.000062864662
0x36c3,1235,0.000031406900
0x36c4,1235,0.000031406900
0x36c5,1235,0.000031406900
0x36c6,1235,0.000031406900
0x36c8,1235,0.000031406900
0x36c9,1235,0.000031406900
0x36cc,424,0.000010782612
0x36cd,424,0.000010782612
0x36ce,424,0.000010782612
0x36cf,424,0.000010782612
0x36d2,2892,0.000073545551
0x36d3,2892,0.000073545551
0x36d4,2892,0.000073545551
0x36d5,2892,0.000073545551
0x36d6,2892,0.000073545551
0x36d7,2892,0.000073545551
0x36d8,108,0.000002746514
0x36d9,108,0.000002746514
0x36da,108,0.000002746514
0x36db,108,0.000002746514
0x36dc,108,0.000002746514
0x36dd,108,0.000002746514
0x36de,108,0.000002746514
0x36e1,108,0.000002746514
0x36e3,108,0.000002746514
0x36e6,108,0.000002746514
0x36ea,3531,0.000089795761
0x36eb,3531,0.000089795761
0x36ec,3531,0.000089795761
0x36ed,3531,0.000089795761
0x36ee,3531,0.000089795761
0x36ef,3531,0.000089795761
0x36f0,963,0.000024489753
0x36f1,963,0.000024489753
0x36f2,963,0.000024489753
0x36f3,963,0.000024489753
0x36f5,963,0.000024489753
0x36f6,58,0.000001474980
0x36f7,58,0.000001474980
0x36f8,58,0.000001474980
0x36f9,58,0.000001474980
0x36fa,58,0.000001474980
0x36fb,58,0.000001474980
0x36fc,58,0.000001474980
0x36fd,58,0.000001474980
0x36fe,58,0.000001474980
0x3701,58,0.000001474980
0x3703,58,0.000001474980
0x3706,58,0.000001474980
0x370a,3128,0.000079547193
0x370b,3128,0.000079547193
0x370c,3128,0.000079547193
0x370d,3128,0.000079547193
0x370e,3128,0.000079547193
0x370f,3128,0.000079547193
0x3710,274,0.000006968009
0x3711,274,0.000006968009
0x3712,274,0.000006968009
0x3713,274,0.000006968009
0x3715,274,0.000006968009
0x3716,99,0.000002517638
0x3717,99,0.000002517638
0x3718,99,0.000002517638
0x3719,99,0.000002517638
0x371a,99,0.000002517638
0x371b,99,0.000002517638
0x371c,99,0.000002517638
0x371d,99,0.000002517638
0x371e,99,0.000002517638
0x3721,99,0.000002517638
0x3723,99,0.000002517638
0x3726,99,0.000002517638
0x3729,99,0.000002517638
0x372a,99,0.000002517638
0x372c,99,0.000002517638
0x372d,46,0.000001169812
0x372e,46,0.000001169812
0x3730,46,0.000001169812
0x3731,46,0.000001169812
0x3732,46,0.000001169812
0x3733,46,0.000001169812
0x3734,46,0.000001169812
0x3735,46,0.000001169812
0x3736,46,0.000001169812
0x3739,46,0.000001169812
0x373b,46,0.000001169812
0x373e,46,0.000001169812
0x3744,88,0.000002237901
0x3746,88,0.000002237901
0x3747,88,0.000002237901
0x3748,88,0.000002237901
0x3749,88,0.000002237901
0x374a,88,0.000002237901
0x374c,88,0.000002237901
0x374d,88,0.000002237901
0x374e,88,0.000002237901
0x3750,88,0.000002237901
0x3751,88,0.000002237901
0x3752,11,0.000000279738
0x3753,11,0.000000279738
0x3754,11,0.000000279738
0x3758,14690,0.000373576813
0x3759,14690,0.000373576813
0x375a,14690,0.000373576813
0x375b,144,0.000003662019
0x375c,144,0.000003662019
0x375f,135,0.000003433143
0x3760,135,0.000003433143
0x3761,135,0.000003433143
0x3764,72,0.000001831010
0x3766,72,0.000001831010
0x3767,72,0.000001831010
0x3769,72,0.000001831010
0x376a,72,0.000001831010
0x376b,72,0.000001831010
0x376c,72,0.000001831010
0x376d,72,0.000001831010
0x376e,72,0.000001831010
0x376f,72,0.000001831010
0x3770,72,0.000001831010
0x3771,72,0.000001831010
0x3772,72,0.000001831010
0x3773,72,0.000001831010
0x3774,72,0.000001831010
0x3777,72,0.000001831010
0x377a,72,0.000001831010
0x377b,72,0.000001831010
0x377c,72,0.000001831010
0x377d,72,0.000001831010
0x377e,72,0.000001831010
0x3780,72,0.000001831010
0x3781,72,0.000001831010
0x3782,72,0.000001831010
0x3783,72,0.000001831010
0x3786,72,0.000001831010
0x3787,72,0.000001831010
0x3788,72,0.000001831010
0x3789,72,0.000001831010
0x378c,72,0.000001831010
0x378e,72,0.000001831010
0x378f,72,0.000001831010
0x3791,72,0.000001831010
0x3792,72,0.000001831010
0x3796,72,0.000001831010
0x3798,72,0.000001831010
0x3799,72,0.000001831010
0x379b,72,0.000001831010
0x379e,27,0.000000686629
0x379f,72,0.000001831010
0x37a0,72,0.000001831010
0x37a1,72,0.000001831010
0x37a4,72,0.000001831010
0x37a5,72,0.000001831010
0x37a6,61,0.000001551272
0x37a7,61,0.000001551272
0x37aa,61,0.000001551272
0x37b0,63,0.000001602133
0x37b1,63,0.000001602133
0x37b2,63,0.000001602133
0x37b3,63,0.000001602133
0x37b4,63,0.000001602133
0x37b5,63,0.000001602133
0x37b6,63,0.000001602133
0x37b7,63,0.000001602133
0x37b8,63,0.000001602133
0x37b9,63,0.000001602133
0x37ba,63,0.000001602133
0x37bb,63,0.000001602133
0x37be,63,0.000001602133
0x37c0,63,0.000001602133
0x37c1,63,0.000001602133
0x37c4,63,0.000001602133
0x37c6,63,0.000001602133
0x37cc,9,0.000000228876
0x37cd,9,0.000000228876
0x37ce,9,0.000000228876
0x37cf,9,0.000000228876
0x37d0,9,0.000000228876
0x37d2,9,0.000000228876
0x37d4,9,0.000000228876
0x37d5,9,0.000000228876
0x37d7,9,0.000000228876
0x37da,9,0.000000228876
0x37dd,234,0.000005950781
0x37de,234,0.000005950781
0x37df,234,0.000005950781
0x37e0,234,0.000005950781
0x37e1,234,0.000005950781
0x37e2,234,0.000005950781
0x37e5,9,0.000000228876
0x3800,7082,0.000180100135
0x3803,7082,0.000180100135
0x3805,7082,0.000180100135
0x3806,4091,0.000104036946
0x3809,4091,0.000104036946
0x380b,4091,0.000104036946
0x380c,4091,0.000104036946
0x380f,4091,0.000104036946
0x3810,4091,0.000104036946
0x3813,4091,0.000104036946
0x3815,4091,0.000104036946
0x3816,4091,0.000104036946
0x3819,4091,0.000104036946
0x381a,4091,0.000104036946
0x381b,4091,0.000104036946
0x381d,4091,0.000104036946
0x381e,4091,0.000104036946
0x381f,4091,0.000104036946
0x3820,4091,0.000104036946
0x3822,4091,0.000104036946
0x3823,45,0.000001144381
0x3824,45,0.000001144381
0x3827,45,0.000001144381
0x3829,45,0.000001144381
0x382b,45,0.000001144381
0x382c,45,0.000001144381
0x382e,45,0.000001144381
0x382f,45,0.000001144381
0x3830,45,0.000001144381
0x3832,45,0.000001144381
0x3833,45,0.000001144381
0x3834,45,0.000001144381
0x3835,45,0.000001144381
0x3837,45,0.000001144381
0x3838,45,0.000001144381
0x3839,45,0.000001144381
0x383b,45,0.000001144381
0x383c,45,0.000001144381
0x383e,45,0.000001144381
0x3841,30,0.000000762921
0x3844,42,0.000001068089
0x3846,42,0.000001068089
0x3847,42,0.000001068089
0x3849,42,0.000001068089
0x384a,42,0.000001068089
0x384b,42,0.000001068089
0x384c,15,0.000000381460
0x384f,15,0.000000381460
0x3850,15,0.000000381460
0x3851,15,0.000000381460
0x3853,15,0.000000381460
0x3854,15,0.000000381460
0x3855,15,0.000000381460
0x3856,15,0.000000381460
0x3857,15,0.000000381460
0x3858,15,0.000000381460
0x3859,15,0.000000381460
0x385c,15,0.000000381460
0x385d,15,0.000000381460
0x385f,15,0.000000381460
0x3862,6,0.000000152584
0x3863,6,0.000000152584
0x3865,6,0.000000152584
0x3868,6,0.000000152584
0x386b,6,0.000000152584
0x386e,6,0.000000152584
0x386f,6,0.000000152584
0x3871,6,0.000000152584
0x3874,1,0.000000025431
0x3875,1,0.000000025431
0x3876,1,0.000000025431
0x3878,1,0.000000025431
0x387a,1,0.000000025431
0x387b,1,0.000000025431
0x387c,1,0.000000025431
0x387e,1,0.000000025431
0x3881,1,0.000000025431
0x3882,1,0.000000025431
0x3883,1,0.000000025431
0x3884,1,0.000000025431
0x3885,1,0.000000025431
0x3887,1,0.000000025431
0x388a,1,0.000000025431
0x388b,1,0.000000025431
0x388c,1,0.000000025431
0x388d,1,0.000000025431
0x3894,9,0.000000228876
0x3897,9,0.000000228876
0x3899,9,0.000000228876
0x389c,9,0.000000228876
0x38a1,19,0.000000483183
0x38a2,19,0.000000483183
0x38a4,19,0.000000483183
0x38a5,19,0.000000483183
0x38a6,19,0.000000483183
0x38a7,19,0.000000483183
0x38a8,19,0.000000483183
0x38a9,19,0.000000483183
0x38ac,19,0.000000483183
0x38ae,19,0.000000483183
0x38af,19,0.000000483183
0x38b1,19,0.000000483183
0x38b4,19,0.000000483183
0x38b5,19,0.000000483183
0x38bc,23,0.000000584906
0x38be,23,0.000000584906
0x38bf,23,0.000000584906
0x38c1,23,0.000000584906
0x38c2,23,0.000000584906
0x38c3,23,0.000000584906
0x38c4,4,0.000000101723
0x38c7,4,0.000000101723
0x38c8,4,0.000000101723
0x38ca,4,0.000000101723
0x38cd,4,0.000000101723
0x38cf,4,0.000000101723
0x38d2,4,0.000000101723
0x38d3,4,0.000000101723
0x38d4,4,0.000000101723
0x38d5,4,0.000000101723
0x38d7,4,0.000000101723
0x38d8,4,0.000000101723
0x38db,4,0.000000101723
0x38dc,4,0.000000101723
0x38dd,4,0.000000101723
0x38de,4,0.000000101723
0x38df,4,0.000000101723
0x38e1,4,0.000000101723
0x38e2,4,0.000000101723
0x38e4,4,0.000000101723
0x38e5,4,0.000000101723
0x38e7,4,0.000000101723
0x38e8,4,0.000000101723
0x38e9,4,0.000000101723
0x38eb,4,0.000000101723
0x38ee,4,0.000000101723
0x38f1,4,0.000000101723
0x38f8,13,0.000000330599
0x38fb,19,0.000000483183
0x38fc,19,0.000000483183
0x38fd,19,0.000000483183
0x3906,19,0.000000483183
0x3907,19,0.000000483183
0x3908,19,0.000000483183
0x3909,19,0.000000483183
0x390a,19,0.000000483183
0x390d,19,0.000000483183
0x390e,19,0.000000483183
0x390f,19,0.000000483183
0x3912,19,0.000000483183
0x3913,19,0.000000483183
0x3916,19,0.000000483183
0x3918,19,0.000000483183
0x391b,19,0.000000483183
0x391c,30,0.000000762921
0x391d,30,0.000000762921
0x391f,30,0.000000762921
0x3922,7,0.000000178015
0x3923,5860,0.000149023834
0x3930,1756,0.000044656289
0x3933,1756,0.000044656289
0x3935,1756,0.000044656289
0x3937,1756,0.000044656289
0x3938,1756,0.000044656289
0x393a,1756,0.000044656289
0x393b,1756,0.000044656289
0x393c,1756,0.000044656289
0x393d,1756,0.000044656289
0x393f,1756,0.000044656289
0x3942,878,0.000022328144
0x3945,878,0.000022328144
0x3946,878,0.000022328144
0x3947,878,0.000022328144
0x394a,878,0.000022328144
0x394b,878,0.000022328144
0x394c,5702,0.000145005785
0x394d,5702,0.000145005785
0x3950,5576,0.000141801519
0x3951,5576,0.000141801519
0x3952,5576,0.000141801519
0x3954,5576,0.000141801519
0x3955,5576,0.000141801519
0x3956,5576,0.000141801519
0x3959,752,0.000019123878
0x395c,5702,0.000145005785
0x395d,5702,0.000145005785
0x395f,5702,0.000145005785
0x3960,1565,0.000039799027
0x3961,1565,0.000039799027
0x3963,1565,0.000039799027
0x3964,1565,0.000039799027
0x3965,1565,0.000039799027
0x3966,1565,0.000039799027
0x3967,1216,0.000030923717
0x3968,1216,0.000030923717
0x3969,126,0.000003204267
0x396b,126,0.000003204267
0x396c,126,0.000003204267
0x396d,126,0.000003204267
0x396e,126,0.000003204267
0x396f,126,0.000003204267
0x3972,126,0.000003204267
0x3973,126,0.000003204267
0x3975,126,0.000003204267
0x3976,126,0.000003204267
0x3977,126,0.000003204267
0x3978,126,0.000003204267
0x397a,126,0.000003204267
0x397b,126,0.000003204267
0x3980,3512,0.000089312578
0x3983,3512,0.000089312578
0x3985,3512,0.000089312578
0x3986,39,0.000000991797
0x3988,39,0.000000991797
0x3989,29,0.000000737490
0x398c,29,0.000000737490
0x398f,29,0.000000737490
0x3991,29,0.000000737490
0x3994,29,0.000000737490
0x3996,29,0.000000737490
0x3998,29,0.000000737490
0x399b,29,0.000000737490
0x399d,29,0.000000737490
0x39a0,29,0.000000737490
0x39a2,29,0.000000737490
0x39a5,29,0.000000737490
0x39a7,29,0.000000737490
0x39a9,29,0.000000737490
0x39ac,29,0.000000737490
0x39af,29,0.000000737490
0x39b0,29,0.000000737490
0x39b3,15,0.000000381460
0x39b4,15,0.000000381460
0x39b6,15,0.000000381460
0x39b7,15,0.000000381460
0x39b9,15,0.000000381460
0x39ba,15,0.000000381460
0x39bb,15,0.000000381460
0x39bc,15,0.000000381460
0x39be,15,0.000000381460
0x39bf,29,0.000000737490
0x39c0,29,0.000000737490
0x39c3,58,0.000001474980
0x39c6,58,0.000001474980
0x39c9,58,0.000001474980
0x39ca,58,0.000001474980
0x39cc,58,0.000001474980
0x39cf,58,0.000001474980
0x39d2,58,0.000001474980
0x39d3,58,0.000001474980
0x39d4,58,0.000001474980
0x39d6,58,0.000001474980
0x39d8,58,0.000001474980
0x39db,29,0.000000737490
0x39de,29,0.000000737490
0x39e1,29,0.000000737490
0x39e3,29,0.000000737490
0x39e6,29,0.000000737490
0x39e8,29,0.000000737490
0x39ea,29,0.000000737490
0x3a00,1756,0.000044656289
0x3a03,1756,0.000044656289
0x3a05,1756,0.000044656289
0x3a06,1756,0.000044656289
0x3a07,1756,0.000044656289
0x3a08,1756,0.000044656289
0x3a0b,1756,0.000044656289
0x3a0c,1756,0.000044656289
0x3a0d,1756,0.000044656289
0x3a0e,878,0.000022328144
0x3a0f,878,0.000022328144
0x3a10,6244,0.000158789218
0x3a13,6244,0.000158789218
0x3a14,6244,0.000158789218
0x3a15,6244,0.000158789218
0x3a18,384,0.000009765384
0x3a1a,384,0.000009765384
0x3a1c,384,0.000009765384
0x3a1d,5860,0.000149023834
0x3a20,5860,0.000149023834
0x3a21,5860,0.000149023834
0x3a22,5860,0.000149023834
0x3a25,192,0.000004882692
0x3a27,192,0.000004882692
0x3a2a,6,0.000000152584
0x3a2c,192,0.000004882692
0x3a2d,192,0.000004882692
0x3a2e,192,0.000004882692
0x3a2f,192,0.000004882692
0x3a30,192,0.000004882692
0x3a31,192,0.000004882692
0x3a32,192,0.000004882692
0x3a34,192,0.000004882692
0x3a36,192,0.000004882692
0x3a37,192,0.000004882692
0x3a39,192,0.000004882692
0x3a3b,192,0.000004882692
0x3a3d,192,0.000004882692
0x3a3f,192,0.000004882692
0x3a40,5668,0.000144141142
0x3a42,5668,0.000144141142
0x3a43,5668,0.000144141142
0x3a44,5668,0.000144141142
0x3a47,560,0.000014241186
0x3a49,560,0.000014241186
0x3a4c,35,0.000000890074
0x3a4e,560,0.000014241186
0x3a4f,560,0.000014241186
0x3a50,560,0.000014241186
0x3a51,560,0.000014241186
0x3a52,560,0.000014241186
0x3a53,560,0.000014241186
0x3a54,560,0.000014241186
0x3a56,560,0.000014241186
0x3a58,560,0.000014241186
0x3a5a,560,0.000014241186
0x3a5b,560,0.000014241186
0x3a5d,560,0.000014241186
0x3a5f,560,0.000014241186
0x3a62,5108,0.000129899956
0x3a64,5108,0.000129899956
0x3a65,5108,0.000129899956
0x3a66,5108,0.000129899956
0x3a67,64,0.000001627564
0x3a69,64,0.000001627564
0x3a6c,4,0.000000101723
0x3a6e,4,0.000000101723
0x3a71,4,0.000000101723
0x3a73,4,0.000000101723
0x3a78,64,0.000001627564
0x3a79,64,0.000001627564
0x3a7b,64,0.000001627564
0x3a7c,64,0.000001627564
0x3a7e,64,0.000001627564
0x3a80,64,0.000001627564
0x3a81,64,0.000001627564
0x3a82,5860,0.000149023834
0x3a85,5860,0.000149023834
0x3a86,5860,0.000149023834
0x3a88,5860,0.000149023834
0x3a89,2034,0.000051726020
0x3a8b,2034,0.000051726020
0x3a8c,2034,0.000051726020
0x3a8e,2034,0.000051726020
0x3a8f,2034,0.000051726020
0x3a90,5860,0.000149023834
0x3a93,5860,0.000149023834
0x3a94,5860,0.000149023834
0x3a95,5860,0.000149023834
0x3a98,3348,0.000085141945
0x3a9b,3348,0.000085141945
0x3a9e,3348,0.000085141945
0x3aa1,53568,0.001362271117
0x3aa2,53568,0.001362271117
0x3aa3,53568,0.001362271117
0x3aa4,53568,0.001362271117
0x3aa7,19877,0.000505485794
0x3aa8,19877,0.000505485794
0x3aaa,19877,0.000505485794
0x3aad,5825,0.000148133760
0x3aae,53568,0.001362271117
0x3aaf,53568,0.001362271117
0x3ab0,53568,0.001362271117
0x3ab1,53568,0.001362271117
0x3ab2,53568,0.001362271117
0x3ab5,3348,0.000085141945
0x3ab6,3348,0.000085141945
0x3ab7,3348,0.000085141945
0x3ab8,2475,0.000062940954
0x3aba,2475,0.000062940954
0x3abd,6,0.000000152584
0x3abf,2475,0.000062940954
0x3ac1,2475,0.000062940954
0x3ac2,2475,0.000062940954
0x3ac5,2475,0.000062940954
0x3ac6,2475,0.000062940954
0x3ac8,2475,0.000062940954
0x3ac9,2475,0.000062940954
0x3aca,2475,0.000062940954
0x3ad0,1616,0.000041095992
0x3ad3,1616,0.000041095992
0x3ad4,1616,0.000041095992
0x3ad6,1616,0.000041095992
0x3ad7,1616,0.000041095992
0x3ad8,1616,0.000041095992
0x3ada,1616,0.000041095992
0x3adb,1616,0.000041095992
0x3adc,1616,0.000041095992
0x3add,1616,0.000041095992
0x3adf,1616,0.000041095992
0x3ae0,1616,0.000041095992
0x3ae1,1616,0.000041095992
0x3ae3,1616,0.000041095992
0x3ae4,1616,0.000041095992
0x3ae5,1616,0.000041095992
0x3ae6,1616,0.000041095992
0x3ae9,1575,0.000040053334
0x3aec,1575,0.000040053334
0x3aee,1575,0.000040053334
0x3aef,1575,0.000040053334
0x3af1,1575,0.000040053334
0x3af2,1575,0.000040053334
0x3af3,1575,0.000040053334
0x3af4,39,0.000000991797
0x3af6,39,0.000000991797
0x3af8,41,0.000001042658
0x3afa,41,0.000001042658
0x3afb,41,0.000001042658
0x3afc,41,0.000001042658
0x3afd,41,0.000001042658
0x3aff,41,0.000001042658
0x3b00,41,0.000001042658
0x3b1b,5860,0.000149023834
0x3b1e,5860,0.000149023834
0x3b1f,5860,0.000149023834
0x3b20,5860,0.000149023834
0x3b33,5860,0.000149023834
0x3b36,5860,0.000149023834
0x3b37,5860,0.000149023834
0x3b38,5860,0.000149023834
0x3b43,5860,0.000149023834
0x3b46,5860,0.000149023834
0x3b47,5860,0.000149023834
0x3b49,5860,0.000149023834
0x3b4c,5860,0.000149023834
0x3b4f,5860,0.000149023834
0x3b52,5860,0.000149023834
0x3b55,5860,0.000149023834
0x3b58,5860,0.000149023834
0x3b5b,5860,0.000149023834
