pc,count,frequency
0x0000,1,0.000000021020
0x0001,1,0.000000021020
0x0002,1,0.000000021020
0x0003,1,0.000000021020
0x0004,1,0.000000021020
0x0005,1,0.000000021020
0x0006,1,0.000000021020
0x0007,1,0.000000021020
0x0008,1,0.000000021020
0x000b,1,0.000000021020
0x000d,1,0.000000021020
0x000f,1,0.000000021020
0x0012,1,0.000000021020
0x0015,1,0.000000021020
0x0017,1,0.000000021020
0x001a,26791,0.000563140289
0x001d,26790,0.000563119270
0x0020,26790,0.000563119270
0x0021,26790,0.000563119270
0x0024,9332,0.000196156365
0x0027,9332,0.000196156365
0x002a,9332,0.000196156365
0x002d,17458,0.000366962904
0x002f,17458,0.000366962904
0x0031,17458,0.000366962904
0x0032,17458,0.000366962904
0x0034,17458,0.000366962904
0x0035,17458,0.000366962904
0x0038,17458,0.000366962904
0x0039,17458,0.000366962904
0x003c,17458,0.000366962904
0x003d,17458,0.000366962904
0x0040,7,0.000000147138
0x0043,7,0.000000147138
0x0046,17451,0.000366815766
0x0049,17451,0.000366815766
0x0050,1,0.000000021020
0x0052,1,0.000000021020
0x0054,1,0.000000021020
0x0056,1,0.000000021020
0x0058,1,0.000000021020
0x005a,1,0.000000021020
0x005c,1,0.000000021020
0x005f,1,0.000000021020
0x0061,1,0.000000021020
0x0063,1,0.000000021020
0x0066,1,0.000000021020
0x0068,1,0.000000021020
0x006a,1,0.000000021020
0x006b,2,0.000000042040
0x006e,2,0.000000042040
0x0070,6130,0.000128851106
0x0072,6130,0.000128851106
0x0073,6130,0.000128851106
0x0074,6130,0.000128851106
0x0077,2,0.000000042040
0x0078,1152,0.000024214759
0x007b,1152,0.000024214759
0x0080,2816849,0.059209479338
0x0082,2816849,0.059209479338
0x0083,2816849,0.059209479338
0x0085,2816848,0.059209458319
0x0088,53642,0.001127541764
0x0089,53642,0.001127541764
0x008b,53642,0.001127541764
0x008e,26826,0.000563875981
0x0090,26826,0.000563875981
0x0091,26826,0.000563875981
0x0094,26826,0.000563875981
0x0095,26826,0.000563875981
0x0096,26826,0.000563875981
0x0097,26826,0.000563875981
0x0098,26826,0.000563875981
0x009a,26826,0.000563875981
0x009d,26826,0.000563875981
0x009f,26826,0.000563875981
0x00a0,26826,0.000563875981
0x00a2,26826,0.000563875981
0x00a3,26826,0.000563875981
0x00a6,26826,0.000563875981
0x00a8,26826,0.000563875981
0x00ab,26826,0.000563875981
0x00ac,1,0.000000021020
0x00ae,1,0.000000021020
0x00af,1,0.000000021020
0x00b0,1,0.000000021020
0x00b2,1,0.000000021020
0x00b5,1,0.000000021020
0x00bb,53864,0.001132208150
0x00be,53864,0.001132208150
0x00bf,53864,0.001132208150
0x00c0,53864,0.001132208150
0x00c1,53864,0.001132208150
0x00c2,53864,0.001132208150
0x00c3,53864,0.001132208150
0x00c4,2592,0.000054483208
0x00c5,2592,0.000054483208
0x00c7,2592,0.000054483208
0x00c9,2592,0.000054483208
0x00ca,2592,0.000054483208
0x00cd,2592,0.000054483208
0x00ce,2592,0.000054483208
0x00cf,2592,0.000054483208
0x00d0,2592,0.000054483208
0x00d1,2592,0.000054483208
0x00d2,2592,0.000054483208
0x00d3,2592,0.000054483208
0x00d4,2592,0.000054483208
0x00d6,2592,0.000054483208
0x00d8,2592,0.000054483208
0x00d9,2592,0.000054483208
0x00dc,2592,0.000054483208
0x00dd,2592,0.000054483208
0x00de,2592,0.000054483208
0x00e1,934,0.000019632452
0x00e3,17451,0.000366815766
0x00e6,17451,0.000366815766
0x00e9,17451,0.000366815766
0x00ec,17451,0.000366815766
0x00ef,17451,0.000366815766
0x00f2,17446,0.000366710667
0x00f5,17446,0.000366710667
0x00f8,17446,0.000366710667
0x00fb,17446,0.000366710667
0x00fe,16286,0.000342327750
0x0101,16286,0.000342327750
0x0104,16286,0.000342327750
0x0107,16282,0.000342243671
0x0109,16282,0.000342243671
0x010c,16282,0.000342243671
0x010f,16278,0.000342159592
0x0111,16278,0.000342159592
0x0114,16278,0.000342159592
0x0117,16274,0.000342075513
0x0119,16274,0.000342075513
0x011c,16274,0.000342075513
0x011f,16274,0.000342075513
0x0122,15122,0.000317860754
0x0125,15122,0.000317860754
0x0128,15122,0.000317860754
0x012b,15122,0.000317860754
0x012e,14418,0.000303062845
0x0131,14418,0.000303062845
0x0134,14418,0.000303062845
0x0137,14418,0.000303062845
0x013a,972,0.000020431203
0x0140,18,0.000000378356
0x0143,18,0.000000378356
0x0146,18,0.000000378356
0x0149,18,0.000000378356
0x014c,18,0.000000378356
0x014e,18,0.000000378356
0x014f,18,0.000000378356
0x0151,18,0.000000378356
0x0152,18,0.000000378356
0x0153,18,0.000000378356
0x0154,18,0.000000378356
0x0156,18,0.000000378356
0x0158,18,0.000000378356
0x015b,18,0.000000378356
0x015d,18,0.000000378356
0x015f,18,0.000000378356
0x0161,18,0.000000378356
0x0164,18,0.000000378356
0x0166,18,0.000000378356
0x0167,18,0.000000378356
0x0168,18,0.000000378356
0x016a,18,0.000000378356
0x016b,18,0.000000378356
0x016d,18,0.000000378356
0x016f,18,0.000000378356
0x0172,18,0.000000378356
0x0173,13440,0.000282505524
0x0174,13440,0.000282505524
0x0176,13440,0.000282505524
0x0178,13440,0.000282505524
0x017a,13440,0.000282505524
0x017b,10168,0.000213728881
0x017d,10168,0.000213728881
0x017e,10064,0.000211542827
0x0180,10064,0.000211542827
0x0182,10064,0.000211542827
0x0183,3515,0.000073884443
0x0185,3515,0.000073884443
0x0186,3411,0.000071698389
0x0188,3411,0.000071698389
0x018a,3411,0.000071698389
0x018b,107,0.000002249114
0x018d,107,0.000002249114
0x018e,107,0.000002249114
0x018f,107,0.000002249114
0x0191,107,0.000002249114
0x0192,6,0.000000126119
0x0194,6,0.000000126119
0x0196,2312,0.000048597676
0x0197,2312,0.000048597676
0x0199,2312,0.000048597676
0x019b,2312,0.000048597676
0x019c,1884,0.000039601221
0x019d,1884,0.000039601221
0x019e,1884,0.000039601221
0x01a0,1884,0.000039601221
0x01a1,1884,0.000039601221
0x01a2,1884,0.000039601221
0x01a3,1884,0.000039601221
0x01a5,1884,0.000039601221
0x01a6,1884,0.000039601221
0x01a7,1884,0.000039601221
0x01a8,1884,0.000039601221
0x01ab,1884,0.000039601221
0x01ae,1884,0.000039601221
0x01af,1884,0.000039601221
0x01b0,1884,0.000039601221
0x01b1,1884,0.000039601221
0x01b2,1884,0.000039601221
0x01b3,1884,0.000039601221
0x01b4,1884,0.000039601221
0x01b5,1884,0.000039601221
0x01b6,1884,0.000039601221
0x01b7,1884,0.000039601221
0x01b8,1884,0.000039601221
0x01b9,1884,0.000039601221
0x01ba,1884,0.000039601221
0x01bb,1884,0.000039601221
0x01bd,1884,0.000039601221
0x01be,1884,0.000039601221
0x01c1,23466,0.000493249600
0x01c4,23466,0.000493249600
0x01c5,23466,0.000493249600
0x01c8,1884,0.000039601221
0x01c9,1884,0.000039601221
0x01ca,1884,0.000039601221
0x01d0,4907,0.000103143944
0x01d1,4907,0.000103143944
0x01d2,4907,0.000103143944
0x01d3,4907,0.000103143944
0x01d4,4907,0.000103143944
0x01d6,4907,0.000103143944
0x01d7,4907,0.000103143944
0x01d9,4907,0.000103143944
0x01dc,4907,0.000103143944
0x01dd,4907,0.000103143944
0x01e0,2834,0.000059569989
0x01e1,9,0.000000189178
0x01e4,1032,0.000021692388
0x01e7,1032,0.000021692388
0x01e9,1032,0.000021692388
0x01ed,127582,0.002681742540
0x01ee,127582,0.002681742540
0x01ef,127582,0.002681742540
0x01f0,127582,0.002681742540
0x01f3,127582,0.002681742540
0x01f4,127582,0.002681742540
0x01f7,4907,0.000103143944
0x0200,44277,0.000930691747
0x0201,44277,0.000930691747
0x0202,154,0.000003237042
0x0203,154,0.000003237042
0x0204,154,0.000003237042
0x0205,154,0.000003237042
0x0206,1884,0.000039601221
0x0207,1884,0.000039601221
0x0208,1884,0.000039601221
0x0209,1884,0.000039601221
0x020a,1884,0.000039601221
0x020b,1884,0.000039601221
0x020c,1884,0.000039601221
0x020d,1884,0.000039601221
0x020e,1884,0.000039601221
0x0210,12299,0.000258521982
0x0211,12299,0.000258521982
0x0213,12299,0.000258521982
0x0214,12299,0.000258521982
0x0215,2581,0.000054251991
0x0216,2581,0.000054251991
0x0217,288807,0.006070652740
0x0218,288807,0.006070652740
0x021a,288807,0.006070652740
0x021b,288807,0.006070652740
0x021c,42142,0.000885814567
0x021d,42142,0.000885814567
0x0220,55,0.000001156087
0x0221,55,0.000001156087
0x0222,55,0.000001156087
0x0223,55,0.000001156087
0x0224,55,0.000001156087
0x0225,55,0.000001156087
0x0226,55,0.000001156087
0x0227,55,0.000001156087
0x0228,55,0.000001156087
0x0229,55,0.000001156087
0x022a,55,0.000001156087
0x022b,55,0.000001156087
0x022c,55,0.000001156087
0x022e,55,0.000001156087
0x022f,55,0.000001156087
0x0230,55,0.000001156087
0x0231,55,0.000001156087
0x0232,55,0.000001156087
0x0258,84057,0.001766857650
0x0259,84057,0.001766857650
0x025a,84057,0.001766857650
0x025b,336,0.000007062638
0x025c,336,0.000007062638
0x025d,336,0.000007062638
0x025e,336,0.000007062638
0x025f,336,0.000007062638
0x0260,63260,0.001329709780
0x0263,63260,0.001329709780
0x0264,60904,0.001280187234
0x0267,60904,0.001280187234
0x0270,87023,0.001829202247
0x0271,87023,0.001829202247
0x0272,87023,0.001829202247
0x0273,87023,0.001829202247
0x0274,87023,0.001829202247
0x0275,87023,0.001829202247
0x0276,87023,0.001829202247
0x0277,60904,0.001280187234
0x0278,60904,0.001280187234
0x0279,60904,0.001280187234
0x027a,60904,0.001280187234
0x027b,60904,0.001280187234
0x027c,60904,0.001280187234
0x027d,60904,0.001280187234
0x0288,7,0.000000147138
0x028b,7,0.000000147138
0x028e,7,0.000000147138
0x0290,7,0.000000147138
0x0293,7,0.000000147138
0x0295,7,0.000000147138
0x0298,7,0.000000147138
0x029a,7,0.000000147138
0x02a7,7,0.000000147138
0x02aa,7,0.000000147138
0x02ab,7,0.000000147138
0x02ac,7,0.000000147138
0x02ad,1,0.000000021020
0x02b0,1,0.000000021020
0x02b3,1,0.000000021020
0x02b6,1,0.000000021020
0x02b9,1,0.000000021020
0x02bc,1,0.000000021020
0x02be,1,0.000000021020
0x02c0,1,0.000000021020
0x02c3,1,0.000000021020
0x02c5,1,0.000000021020
0x02c7,1,0.000000021020
0x02cb,1,0.000000021020
0x02cd,1,0.000000021020
0x02cf,1,0.000000021020
0x02d4,1,0.000000021020
0x02d7,1,0.000000021020
0x02d8,1,0.000000021020
0x02db,1,0.000000021020
0x02dd,1,0.000000021020
0x02e3,1,0.000000021020
0x02e5,1,0.000000021020
0x02e6,1,0.000000021020
0x02e7,1,0.000000021020
0x02e8,1,0.000000021020
0x02ea,1,0.000000021020
0x02ed,1,0.000000021020
0x02f0,1,0.000000021020
0x02f3,1,0.000000021020
0x02f6,1,0.000000021020
0x02f9,1,0.000000021020
0x02fc,1,0.000000021020
0x02fe,1,0.000000021020
0x0300,1,0.000000021020
0x0303,1,0.000000021020
0x0306,1,0.000000021020
0x0308,1,0.000000021020
0x030b,1,0.000000021020
0x030d,1,0.000000021020
0x0310,1,0.000000021020
0x0314,57,0.000001198126
0x0315,57,0.000001198126
0x0316,57,0.000001198126
0x0317,57,0.000001198126
0x0318,57,0.000001198126
0x0319,57,0.000001198126
0x031a,57,0.000001198126
0x031b,57,0.000001198126
0x031c,57,0.000001198126
0x031d,57,0.000001198126
0x031e,57,0.000001198126
0x0320,2,0.000000042040
0x0321,2,0.000000042040
0x0322,2,0.000000042040
0x0323,2,0.000000042040
0x0324,2,0.000000042040
0x0325,2,0.000000042040
0x0326,2,0.000000042040
0x0327,2,0.000000042040
0x0328,2,0.000000042040
0x0329,2,0.000000042040
0x032a,2,0.000000042040
0x032e,1,0.000000021020
0x0331,8,0.000000168158
0x0333,8,0.000000168158
0x0334,8,0.000000168158
0x0335,8,0.000000168158
0x0337,8,0.000000168158
0x033a,1,0.000000021020
0x033c,1,0.000000021020
0x033f,1,0.000000021020
0x0341,1,0.000000021020
0x0344,1,0.000000021020
0x0346,1,0.000000021020
0x0349,1,0.000000021020
0x034b,1,0.000000021020
0x034e,1,0.000000021020
0x0350,1,0.000000021020
0x0353,1,0.000000021020
0x0355,1,0.000000021020
0x0357,1,0.000000021020
0x0358,1,0.000000021020
0x035b,1,0.000000021020
0x035c,1,0.000000021020
0x035e,1,0.000000021020
0x035f,1,0.000000021020
0x0361,1,0.000000021020
0x0367,6,0.000000126119
0x0369,6,0.000000126119
0x036a,6,0.000000126119
0x036c,6,0.000000126119
0x036f,6,0.000000126119
0x0370,6,0.000000126119
0x0371,6,0.000000126119
0x0373,6,0.000000126119
0x0376,6,0.000000126119
0x0377,17458,0.000366962904
0x037a,17458,0.000366962904
0x037b,17458,0.000366962904
0x037c,17458,0.000366962904
0x037d,17458,0.000366962904
0x0380,43,0.000000903850
0x0383,43,0.000000903850
0x0386,43,0.000000903850
0x0389,15652,0.000329001225
0x038a,15652,0.000329001225
0x038b,15652,0.000329001225
0x038c,15652,0.000329001225
0x038d,15652,0.000329001225
0x038e,15652,0.000329001225
0x038f,15652,0.000329001225
0x0390,15652,0.000329001225
0x0393,1118,0.000023500087
0x0394,1118,0.000023500087
0x0395,1118,0.000023500087
0x0396,1118,0.000023500087
0x0397,1118,0.000023500087
0x0398,1118,0.000023500087
0x0399,1118,0.000023500087
0x039a,1118,0.000023500087
0x039d,43,0.000000903850
0x03a0,159,0.000003342141
0x03a3,159,0.000003342141
0x03a6,66144,0.001390330757
0x03a7,66144,0.001390330757
0x03a8,66144,0.001390330757
0x03a9,66144,0.001390330757
0x03aa,66144,0.001390330757
0x03ab,66144,0.001390330757
0x03ac,66144,0.001390330757
0x03af,159,0.000003342141
0x03b0,13446,0.000282631642
0x03b3,13446,0.000282631642
0x03b6,13446,0.000282631642
0x03b9,10320,0.000216923884
0x03bc,10320,0.000216923884
0x03bf,10317,0.000216860825
0x03c2,10317,0.000216860825
0x03c5,10317,0.000216860825
0x03c8,7440,0.000156386986
0x03cb,7440,0.000156386986
0x03ce,13440,0.000282505524
0x03d1,13440,0.000282505524
0x03d4,13440,0.000282505524
0x03d5,13440,0.000282505524
0x03d7,13440,0.000282505524
0x03d8,13440,0.000282505524
0x03d9,13440,0.000282505524
0x03e2,3,0.000000063059
0x03e5,3,0.000000063059
0x03e8,3,0.000000063059
0x03eb,3,0.000000063059
0x03ee,3,0.000000063059
0x03f1,6,0.000000126119
0x03f4,6,0.000000126119
0x03f5,6,0.000000126119
0x03f7,6,0.000000126119
0x03f8,6,0.000000126119
0x03fa,6,0.000000126119
0x03fb,6,0.000000126119
0x03fc,6,0.000000126119
0x03fd,6,0.000000126119
0x0400,22772,0.000478661889
0x0403,22772,0.000478661889
0x0406,22772,0.000478661889
0x0407,22772,0.000478661889
0x0408,22772,0.000478661889
0x0409,22772,0.000478661889
0x040a,22772,0.000478661889
0x040b,22772,0.000478661889
0x040c,22772,0.000478661889
0x040d,22772,0.000478661889
0x041e,48,0.000001008948
0x0421,48,0.000001008948
0x0423,48,0.000001008948
0x0424,48,0.000001008948
0x0427,48,0.000001008948
0x0429,48,0.000001008948
0x042a,48,0.000001008948
0x042d,48,0.000001008948
0x0430,8,0.000000168158
0x0433,8,0.000000168158
0x0435,8,0.000000168158
0x0436,8,0.000000168158
0x0438,8,0.000000168158
0x043a,8,0.000000168158
0x043b,8,0.000000168158
0x043d,8,0.000000168158
0x043f,8,0.000000168158
0x0440,3,0.000000063059
0x0441,3,0.000000063059
0x0442,3,0.000000063059
0x0443,3,0.000000063059
0x0445,3,0.000000063059
0x04ac,1546,0.000032496543
0x04af,1546,0.000032496543
0x04b0,1546,0.000032496543
0x04b1,1546,0.000032496543
0x04b2,1546,0.000032496543
0x04b4,1546,0.000032496543
0x04b5,1546,0.000032496543
0x04b6,1532,0.000032202267
0x04b8,1532,0.000032202267
0x04ba,1532,0.000032202267
0x04bd,1524,0.000032034109
0x04bf,1524,0.000032034109
0x04c1,1524,0.000032034109
0x04c2,1524,0.000032034109
0x04c4,1524,0.000032034109
0x04c6,1524,0.000032034109
0x04c9,771,0.000016206232
0x04cc,771,0.000016206232
0x04cd,771,0.000016206232
0x04d0,771,0.000016206232
0x04d1,771,0.000016206232
0x04d2,771,0.000016206232
0x04d4,771,0.000016206232
0x04d7,771,0.000016206232
0x04df,771,0.000016206232
0x04e1,771,0.000016206232
0x04e4,771,0.000016206232
0x04e6,753,0.000015827876
0x04e9,753,0.000015827876
0x04ea,753,0.000015827876
0x04eb,753,0.000015827876
0x04ee,753,0.000015827876
0x04f4,753,0.000015827876
0x04f6,753,0.000015827876
0x04f9,753,0.000015827876
0x04fb,4518,0.000094967259
0x04fd,4518,0.000094967259
0x04fe,4518,0.000094967259
0x0501,4518,0.000094967259
0x0502,4518,0.000094967259
0x0505,753,0.000015827876
0x0506,40,0.000000840790
0x0509,40,0.000000840790
0x050b,40,0.000000840790
0x050e,40,0.000000840790
0x0511,40,0.000000840790
0x0514,40,0.000000840790
0x0515,40,0.000000840790
0x0518,40,0.000000840790
0x051b,40,0.000000840790
0x051d,40,0.000000840790
0x0520,40,0.000000840790
0x0523,40,0.000000840790
0x0526,40,0.000000840790
0x0529,40,0.000000840790
0x052c,40,0.000000840790
0x052f,40,0.000000840790
0x0532,40,0.000000840790
0x0535,40,0.000000840790
0x0537,40,0.000000840790
0x053a,40,0.000000840790
0x053d,40,0.000000840790
0x0540,40,0.000000840790
0x0543,40,0.000000840790
0x0547,40,0.000000840790
0x054a,40,0.000000840790
0x054d,40,0.000000840790
0x054f,40,0.000000840790
0x0552,40,0.000000840790
0x0555,40,0.000000840790
0x0557,40,0.000000840790
0x055a,40,0.000000840790
0x0580,44,0.000000924869
0x0583,44,0.000000924869
0x0586,44,0.000000924869
0x0588,44,0.000000924869
0x0589,44,0.000000924869
0x058a,44,0.000000924869
0x058b,44,0.000000924869
0x058d,44,0.000000924869
0x0590,44,0.000000924869
0x0592,44,0.000000924869
0x0595,44,0.000000924869
0x05d8,229,0.000004813524
0x05d9,10848,0.000228022316
0x05da,10848,0.000228022316
0x05db,10848,0.000228022316
0x05dc,10848,0.000228022316
0x05df,229,0.000004813524
0x05e0,6462,0.000135829665
0x05e1,6462,0.000135829665
0x05e2,6462,0.000135829665
0x05e3,6462,0.000135829665
0x05e4,6462,0.000135829665
0x05e5,6462,0.000135829665
0x05e8,1520,0.000031950029
0x05ec,40,0.000000840790
0x05ef,40,0.000000840790
0x05f2,40,0.000000840790
0x05f4,40,0.000000840790
0x05f5,40,0.000000840790
0x05f6,40,0.000000840790
0x05f7,40,0.000000840790
0x05f8,40,0.000000840790
0x05f9,40,0.000000840790
0x05fa,229,0.000004813524
0x05fd,229,0.000004813524
0x0600,229,0.000004813524
0x0601,229,0.000004813524
0x0602,229,0.000004813524
0x0603,3474,0.000073022633
0x0604,3474,0.000073022633
0x0605,3474,0.000073022633
0x0606,3474,0.000073022633
0x0607,3474,0.000073022633
0x0608,3474,0.000073022633
0x0609,3474,0.000073022633
0x060a,3474,0.000073022633
0x060d,218,0.000004582307
0x0610,40,0.000000840790
0x0613,40,0.000000840790
0x0616,40,0.000000840790
0x0617,40,0.000000840790
0x0619,40,0.000000840790
0x061a,40,0.000000840790
0x061b,40,0.000000840790
0x061c,40,0.000000840790
0x061d,40,0.000000840790
0x061e,40,0.000000840790
0x061f,40,0.000000840790
0x0621,40,0.000000840790
0x0624,40,0.000000840790
0x0627,40,0.000000840790
0x0628,40,0.000000840790
0x0629,40,0.000000840790
0x062a,450,0.000009458890
0x062b,450,0.000009458890
0x062c,450,0.000009458890
0x062d,450,0.000009458890
0x062e,450,0.000009458890
0x062f,450,0.000009458890
0x0630,450,0.000009458890
0x0631,450,0.000009458890
0x0632,450,0.000009458890
0x0633,450,0.000009458890
0x0634,450,0.000009458890
0x0635,450,0.000009458890
0x0638,29,0.000000609573
0x0650,40,0.000000840790
0x0653,40,0.000000840790
0x0656,40,0.000000840790
0x0658,40,0.000000840790
0x0659,40,0.000000840790
0x065a,40,0.000000840790
0x065b,40,0.000000840790
0x065c,40,0.000000840790
0x065d,40,0.000000840790
0x065e,40,0.000000840790
0x0661,40,0.000000840790
0x0664,40,0.000000840790
0x0665,40,0.000000840790
0x0666,40,0.000000840790
0x0667,450,0.000009458890
0x0668,450,0.000009458890
0x0669,450,0.000009458890
0x066a,450,0.000009458890
0x066b,450,0.000009458890
0x066c,450,0.000009458890
0x066f,29,0.000000609573
0x067a,5493,0.000115461521
0x067d,5493,0.000115461521
0x067e,5493,0.000115461521
0x067f,5493,0.000115461521
0x0682,5493,0.000115461521
0x0684,5493,0.000115461521
0x0685,693,0.000014566691
0x0688,693,0.000014566691
0x068b,693,0.000014566691
0x068c,693,0.000014566691
0x068d,693,0.000014566691
0x068e,693,0.000014566691
0x068f,693,0.000014566691
0x0691,693,0.000014566691
0x0692,693,0.000014566691
0x0693,693,0.000014566691
0x0695,693,0.000014566691
0x0696,693,0.000014566691
0x0697,693,0.000014566691
0x0698,693,0.000014566691
0x0699,18042,0.000379238442
0x069a,18042,0.000379238442
0x069b,18042,0.000379238442
0x069c,18042,0.000379238442
0x069d,18042,0.000379238442
0x069e,18042,0.000379238442
0x069f,18042,0.000379238442
0x06a2,2772,0.000058266764
0x06a3,2772,0.000058266764
0x06a4,2772,0.000058266764
0x06a5,2772,0.000058266764
0x06a8,693,0.000014566691
0x06a9,693,0.000014566691
0x06ac,693,0.000014566691
0x06b0,4962,0.000104300030
0x06b3,4962,0.000104300030
0x06b6,4962,0.000104300030
0x06b7,4962,0.000104300030
0x06b8,4962,0.000104300030
0x06b9,32,0.000000672632
0x06ba,32,0.000000672632
0x06bb,32,0.000000672632
0x06bc,32,0.000000672632
0x06bd,32,0.000000672632
0x06be,32,0.000000672632
0x06bf,32,0.000000672632
0x06c0,32,0.000000672632
0x06c1,32,0.000000672632
0x06c2,32,0.000000672632
0x06c3,32,0.000000672632
0x06c4,32,0.000000672632
0x06c5,32,0.000000672632
0x06c8,32,0.000000672632
0x06ca,32,0.000000672632
0x06cb,32,0.000000672632
0x06cc,32,0.000000672632
0x06cd,32,0.000000672632
0x06cf,32,0.000000672632
0x06d0,32,0.000000672632
0x06d1,32,0.000000672632
0x06d2,32,0.000000672632
0x06d3,32,0.000000672632
0x06d4,32,0.000000672632
0x06d5,32,0.000000672632
0x06d7,32,0.000000672632
0x06d8,32,0.000000672632
0x06da,32,0.000000672632
0x06db,32,0.000000672632
0x06de,32,0.000000672632
0x06df,32,0.000000672632
0x06e1,32,0.000000672632
0x06e2,32,0.000000672632
0x06e3,32,0.000000672632
0x06e4,32,0.000000672632
0x06e7,32,0.000000672632
0x06e8,771,0.000016206232
0x06eb,771,0.000016206232
0x06ed,771,0.000016206232
0x06f0,4962,0.000104300030
0x06f3,4962,0.000104300030
0x06f6,4962,0.000104300030
0x0700,16603,0.000348991013
0x0703,16603,0.000348991013
0x0706,49809,0.001046973038
0x0709,49809,0.001046973038
0x070a,49809,0.001046973038
0x070c,49809,0.001046973038
0x070d,49809,0.001046973038
0x070f,49809,0.001046973038
0x0710,49809,0.001046973038
0x0711,49809,0.001046973038
0x0713,49809,0.001046973038
0x0716,16603,0.000348991013
0x0718,162029,0.003405810083
0x071b,162029,0.003405810083
0x0720,162029,0.003405810083
0x0721,162029,0.003405810083
0x0722,162029,0.003405810083
0x0724,162029,0.003405810083
0x0725,67089,0.001410194426
0x0726,67089,0.001410194426
0x0728,67089,0.001410194426
0x0729,67089,0.001410194426
0x072a,67089,0.001410194426
0x072b,67089,0.001410194426
0x072c,67089,0.001410194426
0x072e,67089,0.001410194426
0x0730,67089,0.001410194426
0x0731,67089,0.001410194426
0x0733,67089,0.001410194426
0x0734,67089,0.001410194426
0x0740,162029,0.003405810083
0x0741,162029,0.003405810083
0x0742,162029,0.003405810083
0x0744,162029,0.003405810083
0x0745,70273,0.001477121330
0x0746,70273,0.001477121330
0x0748,70273,0.001477121330
0x0749,70273,0.001477121330
0x074a,70273,0.001477121330
0x074b,70273,0.001477121330
0x074c,70273,0.001477121330
0x074d,70273,0.001477121330
0x074f,70273,0.001477121330
0x0750,70273,0.001477121330
0x0751,70273,0.001477121330
0x0752,70273,0.001477121330
0x0754,70273,0.001477121330
0x0755,70273,0.001477121330
0x0757,70273,0.001477121330
0x0758,70273,0.001477121330
0x0763,11767,0.000247339472
0x0764,11767,0.000247339472
0x0765,11767,0.000247339472
0x0766,11767,0.000247339472
0x0767,11767,0.000247339472
0x0768,11767,0.000247339472
0x0769,11767,0.000247339472
0x076a,11767,0.000247339472
0x076b,11767,0.000247339472
0x076d,14826,0.000311638906
0x076e,14826,0.000311638906
0x076f,14826,0.000311638906
0x0770,14826,0.000311638906
0x0771,14826,0.000311638906
0x0772,14826,0.000311638906
0x0773,14826,0.000311638906
0x0774,14826,0.000311638906
0x0775,14826,0.000311638906
0x0776,14826,0.000311638906
0x0779,30364,0.000638243878
0x077a,30364,0.000638243878
0x077b,30364,0.000638243878
0x077c,30364,0.000638243878
0x077d,30364,0.000638243878
0x077e,30364,0.000638243878
0x077f,30364,0.000638243878
0x0780,30364,0.000638243878
0x0783,30364,0.000638243878
0x0784,30364,0.000638243878
0x0785,30364,0.000638243878
0x0786,30364,0.000638243878
0x0788,30460,0.000640261775
0x0789,30460,0.000640261775
0x078a,30460,0.000640261775
0x078b,30460,0.000640261775
0x078c,30460,0.000640261775
0x078d,30460,0.000640261775
0x078e,30460,0.000640261775
0x078f,30460,0.000640261775
0x0790,30460,0.000640261775
0x0792,30460,0.000640261775
0x0793,30460,0.000640261775
0x0794,30460,0.000640261775
0x0795,30460,0.000640261775
0x0798,30460,0.000640261775
0x0799,30460,0.000640261775
0x079a,30460,0.000640261775
0x079b,30460,0.000640261775
0x079e,3162,0.000066464469
0x079f,3162,0.000066464469
0x07a0,3162,0.000066464469
0x07a1,3162,0.000066464469
0x07a2,3162,0.000066464469
0x07a3,3162,0.000066464469
0x07a4,3162,0.000066464469
0x07a5,3162,0.000066464469
0x07a6,3162,0.000066464469
0x07a7,3162,0.000066464469
0x07a8,3162,0.000066464469
0x07aa,3166,0.000066548548
0x07ab,3166,0.000066548548
0x07ac,3166,0.000066548548
0x07ad,3166,0.000066548548
0x07ae,3166,0.000066548548
0x07af,3166,0.000066548548
0x07b0,3166,0.000066548548
0x07b1,3166,0.000066548548
0x07b2,3166,0.000066548548
0x07b4,3166,0.000066548548
0x07b5,3166,0.000066548548
0x07b6,3166,0.000066548548
0x07b7,3166,0.000066548548
0x07b8,3166,0.000066548548
0x07b9,3166,0.000066548548
0x07ba,3166,0.000066548548
0x07bb,3166,0.000066548548
0x07be,21796,0.000458146607
0x07bf,21796,0.000458146607
0x07c0,21796,0.000458146607
0x07c1,21796,0.000458146607
0x07c2,21796,0.000458146607
0x07c3,21796,0.000458146607
0x07c4,21796,0.000458146607
0x07c5,21796,0.000458146607
0x07c6,21796,0.000458146607
0x07c7,21796,0.000458146607
0x07ca,21796,0.000458146607
0x07cb,21796,0.000458146607
0x07cc,21796,0.000458146607
0x07cd,21796,0.000458146607
0x07ce,21796,0.000458146607
0x07cf,21796,0.000458146607
0x07d2,21821,0.000458672101
0x07d3,21821,0.000458672101
0x07d4,21821,0.000458672101
0x07d5,21821,0.000458672101
0x07d6,21821,0.000458672101
0x07d7,21821,0.000458672101
0x07d8,21821,0.000458672101
0x07d9,21821,0.000458672101
0x07da,21821,0.000458672101
0x07dc,21853,0.000459344733
0x07dd,21853,0.000459344733
0x07de,21853,0.000459344733
0x07df,21853,0.000459344733
0x07e0,21853,0.000459344733
0x07e1,21853,0.000459344733
0x07e2,21853,0.000459344733
0x07e3,21853,0.000459344733
0x07e4,21853,0.000459344733
0x07e7,21853,0.000459344733
0x07e8,21853,0.000459344733
0x07e9,21853,0.000459344733
0x07ea,21853,0.000459344733
0x07eb,21853,0.000459344733
0x07ec,21853,0.000459344733
0x07ed,21853,0.000459344733
0x07ee,21853,0.000459344733
0x07f0,8,0.000000168158
0x07f3,8,0.000000168158
0x07f6,8,0.000000168158
0x07f9,8,0.000000168158
0x0800,18896,0.000397189314
0x0803,18896,0.000397189314
0x0806,18896,0.000397189314
0x0807,18896,0.000397189314
0x0809,18896,0.000397189314
0x080a,18896,0.000397189314
0x080b,18896,0.000397189314
0x080c,18896,0.000397189314
0x080d,18896,0.000397189314
0x080e,18896,0.000397189314
0x080f,18896,0.000397189314
0x0834,1506,0.000031655753
0x0837,1506,0.000031655753
0x083a,1506,0.000031655753
0x083b,1506,0.000031655753
0x083c,1506,0.000031655753
0x083e,1506,0.000031655753
0x083f,189,0.000003972734
0x0842,189,0.000003972734
0x0845,189,0.000003972734
0x0848,473,0.000009942345
0x084b,473,0.000009942345
0x084c,473,0.000009942345
0x084d,473,0.000009942345
0x084e,13,0.000000273257
0x0850,13,0.000000273257
0x0851,13,0.000000273257
0x0853,13,0.000000273257
0x0855,13,0.000000273257
0x085a,189,0.000003972734
0x085d,189,0.000003972734
0x085f,189,0.000003972734
0x0860,153,0.000003216023
0x0862,153,0.000003216023
0x0864,153,0.000003216023
0x0865,117,0.000002459311
0x0867,117,0.000002459311
0x0869,117,0.000002459311
0x086a,81,0.000001702600
0x086c,81,0.000001702600
0x086e,81,0.000001702600
0x086f,45,0.000000945889
0x0871,45,0.000000945889
0x0876,16603,0.000348991013
0x0879,16603,0.000348991013
0x087c,16603,0.000348991013
0x087f,16603,0.000348991013
0x0882,16603,0.000348991013
0x0885,16603,0.000348991013
0x0886,16603,0.000348991013
0x0889,16603,0.000348991013
0x088b,91309,0.001919292922
0x088c,91309,0.001919292922
0x088d,91309,0.001919292922
0x088e,91309,0.001919292922
0x088f,91309,0.001919292922
0x0890,91309,0.001919292922
0x0891,91309,0.001919292922
0x0892,91309,0.001919292922
0x0893,91309,0.001919292922
0x0894,91309,0.001919292922
0x0897,24903,0.000523454990
0x08a0,16603,0.000348991013
0x08a3,16603,0.000348991013
0x08a6,16603,0.000348991013
0x08a9,16603,0.000348991013
0x08ac,16603,0.000348991013
0x08ae,16603,0.000348991013
0x08b0,16603,0.000348991013
0x08b1,1280,0.000026905288
0x08b4,1280,0.000026905288
0x08b7,1280,0.000026905288
0x08c4,16603,0.000348991013
0x08c7,16603,0.000348991013
0x08c8,16603,0.000348991013
0x08ca,16603,0.000348991013
0x08cd,16231,0.000341171663
0x08cf,16231,0.000341171663
0x08d0,16231,0.000341171663
0x08d1,16231,0.000341171663
0x08d4,15253,0.000320614342
0x08d6,15253,0.000320614342
0x08d9,15253,0.000320614342
0x08dc,6,0.000000126119
0x08de,6,0.000000126119
0x08e0,6,0.000000126119
0x08e2,6,0.000000126119
0x08e3,6,0.000000126119
0x08e5,6,0.000000126119
0x08e6,6,0.000000126119
0x08e8,6,0.000000126119
0x08ea,984,0.000020683440
0x08eb,16231,0.000341171663
0x08ed,16231,0.000341171663
0x08f0,16231,0.000341171663
0x08f3,16231,0.000341171663
0x0900,16231,0.000341171663
0x0903,16231,0.000341171663
0x0904,16231,0.000341171663
0x0906,16231,0.000341171663
0x0907,11039,0.000232037089
0x0909,11039,0.000232037089
0x090c,5626,0.000118257149
0x090d,5626,0.000118257149
0x090f,5626,0.000118257149
0x0910,5430,0.000114137276
0x0911,5430,0.000114137276
0x0913,5430,0.000114137276
0x0916,5430,0.000114137276
0x0917,5413,0.000113779941
0x0918,5413,0.000113779941
0x091a,5413,0.000113779941
0x091b,5369,0.000112855071
0x091c,5369,0.000112855071
0x091e,5369,0.000112855071
0x0921,5369,0.000112855071
0x0926,16623,0.000349411408
0x0927,16623,0.000349411408
0x0929,16623,0.000349411408
0x092a,16623,0.000349411408
0x092b,16623,0.000349411408
0x092c,16623,0.000349411408
0x092d,16623,0.000349411408
0x092e,16623,0.000349411408
0x0930,17883,0.000375896301
0x0931,17883,0.000375896301
0x0933,17883,0.000375896301
0x0936,11785,0.000247717827
0x0937,11785,0.000247717827
0x0939,11785,0.000247717827
0x093c,11785,0.000247717827
0x093d,392,0.000008239744
0x093e,392,0.000008239744
0x0940,392,0.000008239744
0x0941,392,0.000008239744
0x0942,392,0.000008239744
0x0944,392,0.000008239744
0x0945,392,0.000008239744
0x0946,392,0.000008239744
0x0947,392,0.000008239744
0x094a,392,0.000008239744
0x094c,392,0.000008239744
0x094d,392,0.000008239744
0x094e,392,0.000008239744
0x0951,392,0.000008239744
0x0953,392,0.000008239744
0x0954,392,0.000008239744
0x0955,392,0.000008239744
0x0956,392,0.000008239744
0x0959,392,0.000008239744
0x095c,392,0.000008239744
0x095e,392,0.000008239744
0x0961,392,0.000008239744
0x0964,6098,0.000128178474
0x0965,6098,0.000128178474
0x0966,6098,0.000128178474
0x0967,6098,0.000128178474
0x0968,6098,0.000128178474
0x096a,6098,0.000128178474
0x096b,6098,0.000128178474
0x096d,6098,0.000128178474
0x096e,325,0.000006831421
0x096f,325,0.000006831421
0x0970,325,0.000006831421
0x0971,325,0.000006831421
0x0972,325,0.000006831421
0x0974,325,0.000006831421
0x0975,325,0.000006831421
0x097a,16603,0.000348991013
0x097d,16603,0.000348991013
0x097e,16603,0.000348991013
0x0980,16603,0.000348991013
0x0981,16603,0.000348991013
0x0984,16603,0.000348991013
0x0985,16603,0.000348991013
0x0986,16603,0.000348991013
0x0987,16603,0.000348991013
0x0988,16603,0.000348991013
0x098b,16603,0.000348991013
0x098c,16603,0.000348991013
0x098d,16603,0.000348991013
0x098e,16603,0.000348991013
0x0991,16603,0.000348991013
0x09a0,16643,0.000349831803
0x09a3,16643,0.000349831803
0x09a6,49929,0.001049495409
0x09a9,49929,0.001049495409
0x09aa,49929,0.001049495409
0x09ab,49929,0.001049495409
0x09ac,49929,0.001049495409
0x09ad,49929,0.001049495409
0x09ae,49929,0.001049495409
0x09af,49929,0.001049495409
0x09b0,49929,0.001049495409
0x09b2,49929,0.001049495409
0x09b5,16643,0.000349831803
0x09ba,131034,0.002754302739
0x09bd,131034,0.002754302739
0x09be,131034,0.002754302739
0x09c0,131034,0.002754302739
0x09c1,131034,0.002754302739
0x09c2,131034,0.002754302739
0x09c3,131034,0.002754302739
0x09c4,131034,0.002754302739
0x09c5,131034,0.002754302739
0x09c6,131034,0.002754302739
0x09c7,131034,0.002754302739
0x09c8,131034,0.002754302739
0x09c9,131034,0.002754302739
0x09ca,131034,0.002754302739
0x09cc,131034,0.002754302739
0x09cd,131034,0.002754302739
0x09ce,131034,0.002754302739
0x09cf,131034,0.002754302739
0x09d0,131034,0.002754302739
0x09d1,131034,0.002754302739
0x0a50,3536,0.000074325858
0x0a53,3536,0.000074325858
0x0a56,70720,0.001486517161
0x0a57,70720,0.001486517161
0x0a5a,70720,0.001486517161
0x0a5b,70720,0.001486517161
0x0a5c,70720,0.001486517161
0x0a5e,70720,0.001486517161
0x0a5f,70720,0.001486517161
0x0a61,70720,0.001486517161
0x0a62,70720,0.001486517161
0x0a63,70720,0.001486517161
0x0a64,70720,0.001486517161
0x0a67,3536,0.000074325858
0x0a6c,3381,0.000071067796
0x0a6f,3381,0.000071067796
0x0a72,67620,0.001421355917
0x0a73,67620,0.001421355917
0x0a74,67620,0.001421355917
0x0a75,67620,0.001421355917
0x0a77,67620,0.001421355917
0x0a7a,39605,0.000832487446
0x0a7b,39605,0.000832487446
0x0a7c,39605,0.000832487446
0x0a7d,39605,0.000832487446
0x0a7e,39605,0.000832487446
0x0a7f,39605,0.000832487446
0x0a80,39605,0.000832487446
0x0a81,39605,0.000832487446
0x0a82,39605,0.000832487446
0x0a83,39605,0.000832487446
0x0a84,39605,0.000832487446
0x0a85,39605,0.000832487446
0x0a86,39605,0.000832487446
0x0a87,39605,0.000832487446
0x0a8a,67620,0.001421355917
0x0a8b,67620,0.001421355917
0x0a8c,67620,0.001421355917
0x0a8d,67620,0.001421355917
0x0a8f,67620,0.001421355917
0x0a90,67620,0.001421355917
0x0a91,67620,0.001421355917
0x0a93,67620,0.001421355917
0x0a94,67620,0.001421355917
0x0a96,67620,0.001421355917
0x0a99,3381,0.000071067796
0x0aa0,372,0.000007819349
0x0aa2,372,0.000007819349
0x0aa3,372,0.000007819349
0x0aa4,372,0.000007819349
0x0aa5,372,0.000007819349
0x0aa8,372,0.000007819349
0x0aa9,372,0.000007819349
0x0aac,372,0.000007819349
0x0aae,372,0.000007819349
0x0aaf,372,0.000007819349
0x0ab0,372,0.000007819349
0x0ab3,372,0.000007819349
0x0ab5,372,0.000007819349
0x0ab8,366,0.000007693231
0x0abb,366,0.000007693231
0x0abd,366,0.000007693231
0x0abe,366,0.000007693231
0x0abf,366,0.000007693231
0x0ac0,366,0.000007693231
0x0ac1,366,0.000007693231
0x0ad6,8144,0.000171184895
0x0ad7,8144,0.000171184895
0x0ad8,32576,0.000684739579
0x0ad9,32576,0.000684739579
0x0ada,32576,0.000684739579
0x0adb,32576,0.000684739579
0x0adc,32576,0.000684739579
0x0add,32576,0.000684739579
0x0ae0,8144,0.000171184895
0x0ae1,8144,0.000171184895
0x0ae2,8144,0.000171184895
0x0ae5,8144,0.000171184895
0x0ae6,8144,0.000171184895
0x0ae9,3492,0.000073400989
0x0aea,1248,0.000026232656
0x0aed,1248,0.000026232656
0x0aee,1248,0.000026232656
0x0af0,1248,0.000026232656
0x0af1,1248,0.000026232656
0x0af4,1248,0.000026232656
0x0af6,1248,0.000026232656
0x0af7,1248,0.000026232656
0x0af8,1248,0.000026232656
0x0af9,1248,0.000026232656
0x0afc,1248,0.000026232656
0x0afd,1248,0.000026232656
0x0afe,1248,0.000026232656
0x0b00,1248,0.000026232656
0x0b01,1248,0.000026232656
0x0b02,1248,0.000026232656
0x0b05,1235,0.000025959399
0x0b07,1235,0.000025959399
0x0b0a,832,0.000017488437
0x0b0d,819,0.000017215180
0x0b15,13,0.000000273257
0x0b16,13,0.000000273257
0x0b18,13,0.000000273257
0x0b19,13,0.000000273257
0x0b1a,13,0.000000273257
0x0b1c,13,0.000000273257
0x0b1d,13,0.000000273257
0x0b1e,13,0.000000273257
0x0b1f,13,0.000000273257
0x0b20,4,0.000000084079
0x0b21,4,0.000000084079
0x0b22,4,0.000000084079
0x0b25,4,0.000000084079
0x0b26,4,0.000000084079
0x0b27,4,0.000000084079
0x0b28,4,0.000000084079
0x0b29,3,0.000000063059
0x0b2b,3,0.000000063059
0x0b2d,3,0.000000063059
0x0b48,6,0.000000126119
0x0b4b,6,0.000000126119
0x0b4e,6,0.000000126119
0x0b50,6,0.000000126119
0x0b51,6,0.000000126119
0x0b53,6,0.000000126119
0x0b54,6,0.000000126119
0x0b55,6,0.000000126119
0x0b57,6,0.000000126119
0x0b59,6,0.000000126119
0x0b5a,6,0.000000126119
0x0b60,1034,0.000021734428
0x0b63,1034,0.000021734428
0x0b64,1034,0.000021734428
0x0b65,1034,0.000021734428
0x0b67,1034,0.000021734428
0x0b6a,1027,0.000021587290
0x0b6d,1027,0.000021587290
0x0b6f,1027,0.000021587290
0x0b71,1027,0.000021587290
0x0b74,4,0.000000084079
0x0b77,4,0.000000084079
0x0b79,4,0.000000084079
0x0b7b,4,0.000000084079
0x0b7c,4,0.000000084079
0x0b7d,4,0.000000084079
0x0b7e,4,0.000000084079
0x0b7f,4,0.000000084079
0x0b80,4,0.000000084079
0x0b82,4,0.000000084079
0x0b83,4,0.000000084079
0x0b84,4,0.000000084079
0x0b85,4,0.000000084079
0x0b87,4,0.000000084079
0x0b88,4,0.000000084079
0x0b89,4,0.000000084079
0x0b8a,4,0.000000084079
0x0b8b,4,0.000000084079
0x0b95,1023,0.000021503211
0x0b98,1023,0.000021503211
0x0b9b,1023,0.000021503211
0x0ba0,403,0.000008470962
0x0ba3,403,0.000008470962
0x0ba4,403,0.000008470962
0x0ba6,403,0.000008470962
0x0ba8,403,0.000008470962
0x0ba9,279,0.000005864512
0x0bab,279,0.000005864512
0x0bac,124,0.000002606450
0x0bad,124,0.000002606450
0x0bae,124,0.000002606450
0x0baf,124,0.000002606450
0x0bb2,124,0.000002606450
0x0bba,819,0.000017215180
0x0bbb,819,0.000017215180
0x0bbc,819,0.000017215180
0x0bbf,416,0.000008744219
0x0bc0,416,0.000008744219
0x0bc1,416,0.000008744219
0x0bc4,208,0.000004372109
0x0bca,4,0.000000084079
0x0bcd,4,0.000000084079
0x0bd0,4,0.000000084079
0x0bd2,4,0.000000084079
0x0bd3,4,0.000000084079
0x0bd4,4,0.000000084079
0x0bd6,4,0.000000084079
0x0bd9,4,0.000000084079
0x0bdc,4,0.000000084079
0x0bdf,4,0.000000084079
0x0be2,4,0.000000084079
0x0be5,4,0.000000084079
0x0be8,4,0.000000084079
0x0beb,4,0.000000084079
0x0bee,4,0.000000084079
0x0bf1,4,0.000000084079
0x0c00,13,0.000000273257
0x0c01,13,0.000000273257
0x0c02,13,0.000000273257
0x0c04,13,0.000000273257
0x0c05,13,0.000000273257
0x0c07,13,0.000000273257
0x0c08,13,0.000000273257
0x0c09,13,0.000000273257
0x0c0a,13,0.000000273257
0x0c0b,13,0.000000273257
0x0c0c,13,0.000000273257
0x0c0f,13,0.000000273257
0x0c10,13,0.000000273257
0x0c11,13,0.000000273257
0x0c13,13,0.000000273257
0x0c16,10,0.000000210198
0x0c18,10,0.000000210198
0x0c1b,3,0.000000063059
0x0c1e,3,0.000000063059
0x0c20,3,0.000000063059
0x0c23,3,0.000000063059
0x0c40,8300,0.000174463977
0x0c43,8300,0.000174463977
0x0c45,8300,0.000174463977
0x0c48,8300,0.000174463977
0x0c4b,8300,0.000174463977
0x0c4e,8300,0.000174463977
0x0c51,8300,0.000174463977
0x0c56,8300,0.000174463977
0x0c59,41500,0.000872319884
0x0c5a,41500,0.000872319884
0x0c5d,41500,0.000872319884
0x0c5e,41500,0.000872319884
0x0c5f,41500,0.000872319884
0x0c61,41500,0.000872319884
0x0c62,41500,0.000872319884
0x0c64,41500,0.000872319884
0x0c67,8300,0.000174463977
0x0c6b,8300,0.000174463977
0x0c6e,8300,0.000174463977
0x0c71,41500,0.000872319884
0x0c74,41500,0.000872319884
0x0c75,41500,0.000872319884
0x0c76,41500,0.000872319884
0x0c77,41500,0.000872319884
0x0c78,41500,0.000872319884
0x0c79,41500,0.000872319884
0x0c7a,41500,0.000872319884
0x0c7b,41500,0.000872319884
0x0c7d,41500,0.000872319884
0x0c80,8300,0.000174463977
0x0c84,41500,0.000872319884
0x0c85,41500,0.000872319884
0x0c87,41500,0.000872319884
0x0c88,5876,0.000123512088
0x0c89,5876,0.000123512088
0x0c8a,5876,0.000123512088
0x0c8b,5876,0.000123512088
0x0c8c,5876,0.000123512088
0x0c8e,5876,0.000123512088
0x0c8f,5876,0.000123512088
0x0c90,5876,0.000123512088
0x0c91,5876,0.000123512088
0x0c92,5876,0.000123512088
0x0c94,5876,0.000123512088
0x0c95,5876,0.000123512088
0x0c97,5876,0.000123512088
0x0c9a,5718,0.000120190966
0x0c9b,5718,0.000120190966
0x0c9e,5718,0.000120190966
0x0c9f,5718,0.000120190966
0x0ca0,5718,0.000120190966
0x0ca2,5718,0.000120190966
0x0ca3,5718,0.000120190966
0x0ca4,5718,0.000120190966
0x0ca5,5718,0.000120190966
0x0ca6,5718,0.000120190966
0x0ca7,5718,0.000120190966
0x0ca8,5718,0.000120190966
0x0ca9,5718,0.000120190966
0x0caa,5718,0.000120190966
0x0cac,5718,0.000120190966
0x0caf,5704,0.000119896690
0x0cb4,5718,0.000120190966
0x0cb6,5718,0.000120190966
0x0cb7,1278,0.000026863248
0x0cb9,1278,0.000026863248
0x0cba,646,0.000013578763
0x0cbd,646,0.000013578763
0x0cbe,646,0.000013578763
0x0cbf,222,0.000004666386
0x0cc2,222,0.000004666386
0x0cc3,222,0.000004666386
0x0cc4,13,0.000000273257
0x0cc6,13,0.000000273257
0x0cc9,13,0.000000273257
0x0ccb,13,0.000000273257
0x0cce,13,0.000000273257
0x0cd0,13,0.000000273257
0x0cd3,13,0.000000273257
0x0cd8,8300,0.000174463977
0x0cdb,8300,0.000174463977
0x0cde,41500,0.000872319884
0x0cdf,41500,0.000872319884
0x0ce2,41500,0.000872319884
0x0ce3,41500,0.000872319884
0x0ce4,41500,0.000872319884
0x0ce6,41500,0.000872319884
0x0ce7,41500,0.000872319884
0x0ce9,41500,0.000872319884
0x0cea,41500,0.000872319884
0x0ceb,41500,0.000872319884
0x0cec,41500,0.000872319884
0x0cef,8300,0.000174463977
0x0cf4,3,0.000000063059
0x0cf5,3,0.000000063059
0x0cf6,3,0.000000063059
0x0d1c,3344,0.000070290065
0x0d1f,3344,0.000070290065
0x0d22,53504,0.001124641038
0x0d25,53504,0.001124641038
0x0d26,53504,0.001124641038
0x0d27,53504,0.001124641038
0x0d28,53504,0.001124641038
0x0d2a,53504,0.001124641038
0x0d2b,53504,0.001124641038
0x0d2e,3344,0.000070290065
0x0d30,53504,0.001124641038
0x0d31,53504,0.001124641038
0x0d32,53504,0.001124641038
0x0d33,53504,0.001124641038
0x0d34,53504,0.001124641038
0x0d35,53504,0.001124641038
0x0d37,53504,0.001124641038
0x0d38,39175,0.000823448951
0x0d39,39175,0.000823448951
0x0d3a,39175,0.000823448951
0x0d3b,39175,0.000823448951
0x0d3c,39175,0.000823448951
0x0d3e,39175,0.000823448951
0x0d3f,39175,0.000823448951
0x0d41,39175,0.000823448951
0x0d42,39175,0.000823448951
0x0d43,39175,0.000823448951
0x0d46,35910,0.000754819446
0x0d47,35910,0.000754819446
0x0d48,35910,0.000754819446
0x0d4b,5613,0.000117983892
0x0d4c,5613,0.000117983892
0x0d4d,5613,0.000117983892
0x0d4e,5613,0.000117983892
0x0d4f,8878,0.000186613396
0x0d50,8878,0.000186613396
0x0d51,8878,0.000186613396
0x0d52,8878,0.000186613396
0x0d53,8878,0.000186613396
0x0d54,8878,0.000186613396
0x0d55,8878,0.000186613396
0x0d57,8878,0.000186613396
0x0d58,8878,0.000186613396
0x0d59,3609,0.000075860300
0x0d5a,3609,0.000075860300
0x0d5e,30297,0.000636835555
0x0d5f,30297,0.000636835555
0x0d60,30297,0.000636835555
0x0d61,30297,0.000636835555
0x0d62,30297,0.000636835555
0x0d64,30297,0.000636835555
0x0d65,30297,0.000636835555
0x0d66,4680,0.000098372459
0x0d67,4680,0.000098372459
0x0d70,3341,0.000070227006
0x0d73,3341,0.000070227006
0x0d76,53456,0.001123632089
0x0d79,53456,0.001123632089
0x0d7a,53456,0.001123632089
0x0d7c,53456,0.001123632089
0x0d7d,53456,0.001123632089
0x0d7f,53456,0.001123632089
0x0d80,53456,0.001123632089
0x0d83,3341,0.000070227006
0x0d86,53456,0.001123632089
0x0d87,53456,0.001123632089
0x0d88,53456,0.001123632089
0x0d89,53456,0.001123632089
0x0d8a,53456,0.001123632089
0x0d8b,53456,0.001123632089
0x0d8d,53456,0.001123632089
0x0d8e,39133,0.000822566121
0x0d8f,39133,0.000822566121
0x0d90,39133,0.000822566121
0x0d91,39133,0.000822566121
0x0d94,39133,0.000822566121
0x0d95,39133,0.000822566121
0x0d96,39133,0.000822566121
0x0d97,39133,0.000822566121
0x0d99,39133,0.000822566121
0x0d9a,39133,0.000822566121
0x0d9c,39133,0.000822566121
0x0d9d,39133,0.000822566121
0x0d9f,39133,0.000822566121
0x0da0,39133,0.000822566121
0x0da1,39133,0.000822566121
0x0da2,39133,0.000822566121
0x0da3,39133,0.000822566121
0x0da4,39133,0.000822566121
0x0da5,39133,0.000822566121
0x0da6,39133,0.000822566121
0x0da7,39133,0.000822566121
0x0da8,39133,0.000822566121
0x0dab,35831,0.000753158886
0x0dac,35831,0.000753158886
0x0daf,5463,0.000114830928
0x0db0,5463,0.000114830928
0x0db1,5463,0.000114830928
0x0db3,5463,0.000114830928
0x0db4,5463,0.000114830928
0x0db5,5463,0.000114830928
0x0dbb,3302,0.000069407235
0x0dbc,3302,0.000069407235
0x0dbd,3302,0.000069407235
0x0dbf,3302,0.000069407235
0x0dc0,3302,0.000069407235
0x0dc1,3302,0.000069407235
0x0dc2,3302,0.000069407235
0x0dc3,3302,0.000069407235
0x0dc5,3302,0.000069407235
0x0dc6,3302,0.000069407235
0x0dcc,30368,0.000638327957
0x0dcd,30368,0.000638327957
0x0dce,30368,0.000638327957
0x0dcf,30368,0.000638327957
0x0dd1,30368,0.000638327957
0x0dd2,39133,0.000822566121
0x0dd3,39133,0.000822566121
0x0dd5,39133,0.000822566121
0x0dd6,39133,0.000822566121
0x0dd7,39133,0.000822566121
0x0dd8,39133,0.000822566121
0x0dd9,39133,0.000822566121
0x0dda,39133,0.000822566121
0x0dde,206,0.000004330070
0x0ddf,206,0.000004330070
0x0de0,206,0.000004330070
0x0de3,206,0.000004330070
0x0de4,206,0.000004330070
0x0de5,206,0.000004330070
0x0de6,206,0.000004330070
0x0de9,206,0.000004330070
0x0dea,206,0.000004330070
0x0deb,206,0.000004330070
0x0dec,206,0.000004330070
0x0ded,206,0.000004330070
0x0df0,12375,0.000260119483
0x0df3,12375,0.000260119483
0x0df6,12375,0.000260119483
0x0df9,12375,0.000260119483
0x0dfc,12375,0.000260119483
0x0dff,12375,0.000260119483
0x0e10,24750,0.000520238967
0x0e11,24750,0.000520238967
0x0e13,24750,0.000520238967
0x0e14,4303,0.000090448011
0x0e15,4303,0.000090448011
0x0e16,4303,0.000090448011
0x0e17,4303,0.000090448011
0x0e18,4303,0.000090448011
0x0e1a,4303,0.000090448011
0x0e1b,4302,0.000090426991
0x0e1d,4302,0.000090426991
0x0e1e,85,0.000001786679
0x0e20,85,0.000001786679
0x0e23,56,0.000001177106
0x0e25,56,0.000001177106
0x0e26,56,0.000001177106
0x0e27,56,0.000001177106
0x0e29,56,0.000001177106
0x0e2a,56,0.000001177106
0x0e2c,56,0.000001177106
0x0e2d,56,0.000001177106
0x0e2e,56,0.000001177106
0x0e2f,56,0.000001177106
0x0e31,56,0.000001177106
0x0e32,56,0.000001177106
0x0e33,49,0.000001029968
0x0e34,49,0.000001029968
0x0e35,49,0.000001029968
0x0e36,43,0.000000903850
0x0e39,29,0.000000609573
0x0e3a,29,0.000000609573
0x0e3b,29,0.000000609573
0x0e3c,29,0.000000609573
0x0e3d,29,0.000000609573
0x0e3e,29,0.000000609573
0x0e3f,29,0.000000609573
0x0e41,29,0.000000609573
0x0e42,29,0.000000609573
0x0e45,352,0.000007398954
0x0e46,352,0.000007398954
0x0e47,352,0.000007398954
0x0e48,352,0.000007398954
0x0e4a,352,0.000007398954
0x0e4d,339,0.000007125697
0x0e4e,339,0.000007125697
0x0e4f,339,0.000007125697
0x0e51,339,0.000007125697
0x0e52,339,0.000007125697
0x0e55,16,0.000000336316
0x0e58,237,0.000004981682
0x0e59,237,0.000004981682
0x0e5a,237,0.000004981682
0x0e5b,137,0.000002879707
0x0e5c,137,0.000002879707
0x0e5e,137,0.000002879707
0x0e5f,137,0.000002879707
0x0e60,28,0.000000588553
0x0e61,28,0.000000588553
0x0e62,28,0.000000588553
0x0e63,28,0.000000588553
0x0e65,28,0.000000588553
0x0e66,28,0.000000588553
0x0e67,13,0.000000273257
0x0e69,13,0.000000273257
0x0e6a,13,0.000000273257
0x0e6b,13,0.000000273257
0x0e70,43,0.000000903850
0x0e71,43,0.000000903850
0x0e72,43,0.000000903850
0x0e74,43,0.000000903850
0x0e75,43,0.000000903850
0x0e76,43,0.000000903850
0x0e77,43,0.000000903850
0x0e78,43,0.000000903850
0x0e7a,43,0.000000903850
0x0e7b,43,0.000000903850
0x0e7e,309,0.000006495105
0x0e7f,309,0.000006495105
0x0e80,309,0.000006495105
0x0e81,309,0.000006495105
0x0e83,309,0.000006495105
0x0e86,266,0.000005591255
0x0e87,266,0.000005591255
0x0e88,266,0.000005591255
0x0e8a,266,0.000005591255
0x0e8b,266,0.000005591255
0x0e90,207,0.000004351090
0x0e91,207,0.000004351090
0x0e93,207,0.000004351090
0x0e94,207,0.000004351090
0x0e95,99,0.000002080956
0x0e97,99,0.000002080956
0x0e98,99,0.000002080956
0x0e99,57,0.000001198126
0x0e9a,57,0.000001198126
0x0e9b,57,0.000001198126
0x0e9c,57,0.000001198126
0x0e9e,57,0.000001198126
0x0e9f,57,0.000001198126
0x0ea0,43,0.000000903850
0x0ea3,43,0.000000903850
0x0ea4,56,0.000001177106
0x0ea5,56,0.000001177106
0x0ea6,56,0.000001177106
0x0ea7,56,0.000001177106
0x0ea8,56,0.000001177106
0x0ea9,56,0.000001177106
0x0eaa,56,0.000001177106
0x0eac,56,0.000001177106
0x0ead,59,0.000001240166
0x0eae,59,0.000001240166
0x0eb0,59,0.000001240166
0x0eb1,59,0.000001240166
0x0eb2,59,0.000001240166
0x0eb4,59,0.000001240166
0x0eb5,59,0.000001240166
0x0eb6,59,0.000001240166
0x0eb7,59,0.000001240166
0x0eb8,59,0.000001240166
0x0ebb,59,0.000001240166
0x0ebc,59,0.000001240166
0x0ebe,59,0.000001240166
0x0ec1,56,0.000001177106
0x0ec3,59,0.000001240166
0x0ec4,59,0.000001240166
0x0ec5,59,0.000001240166
0x0ed5,59,0.000001240166
0x0ed6,59,0.000001240166
0x0ed7,59,0.000001240166
0x0ed8,59,0.000001240166
0x0ed9,59,0.000001240166
0x0eda,59,0.000001240166
0x0edb,59,0.000001240166
0x0edc,59,0.000001240166
0x0ede,59,0.000001240166
0x0ee0,59,0.000001240166
0x0ee2,59,0.000001240166
0x0ee3,59,0.000001240166
0x0ee4,59,0.000001240166
0x0ee5,59,0.000001240166
0x0f00,3347,0.000070353124
0x0f03,3347,0.000070353124
0x0f04,3347,0.000070353124
0x0f06,3347,0.000070353124
0x0f09,3332,0.000070037828
0x0f0b,3332,0.000070037828
0x0f0c,3332,0.000070037828
0x0f0d,3332,0.000070037828
0x0f0e,3332,0.000070037828
0x0f11,3332,0.000070037828
0x0f14,3332,0.000070037828
0x0f15,3,0.000000063059
0x0f16,3,0.000000063059
0x0f17,3,0.000000063059
0x0f1a,3,0.000000063059
0x0f1b,3,0.000000063059
0x0f1d,3,0.000000063059
0x0f1e,3,0.000000063059
0x0f1f,3,0.000000063059
0x0f20,3,0.000000063059
0x0f23,15,0.000000315296
0x0f24,15,0.000000315296
0x0f25,15,0.000000315296
0x0f26,15,0.000000315296
0x0f28,15,0.000000315296
0x0f2b,12,0.000000252237
0x0f2c,12,0.000000252237
0x0f2d,12,0.000000252237
0x0f2f,12,0.000000252237
0x0f30,12,0.000000252237
0x0f38,6,0.000000126119
0x0f39,6,0.000000126119
0x0f3a,6,0.000000126119
0x0f3b,6,0.000000126119
0x0f3d,6,0.000000126119
0x0f3e,3,0.000000063059
0x0f40,3,0.000000063059
0x0f41,3,0.000000063059
0x0f42,3,0.000000063059
0x0f43,3,0.000000063059
0x0f44,3,0.000000063059
0x0f45,3,0.000000063059
0x0f46,3,0.000000063059
0x0f49,3,0.000000063059
0x0f4c,3,0.000000063059
0x0f4d,3,0.000000063059
0x0f4e,3,0.000000063059
0x0f56,6721,0.000141273782
0x0f57,6721,0.000141273782
0x0f58,13559,0.000285006875
0x0f59,13559,0.000285006875
0x0f5b,13559,0.000285006875
0x0f5e,89,0.000001870758
0x0f60,89,0.000001870758
0x0f63,13556,0.000284943816
0x0f64,13556,0.000284943816
0x0f65,13556,0.000284943816
0x0f68,6718,0.000141210722
0x0f69,6718,0.000141210722
0x0f6a,6718,0.000141210722
0x0f6d,6718,0.000141210722
0x0f6e,6718,0.000141210722
0x0f71,3344,0.000070290065
0x0f74,15,0.000000315296
0x0f76,15,0.000000315296
0x0f77,15,0.000000315296
0x0f78,15,0.000000315296
0x0f79,15,0.000000315296
0x0f7c,15,0.000000315296
0x0f7d,15,0.000000315296
0x0f80,15,0.000000315296
0x0f83,15,0.000000315296
0x0fc0,8704,0.000182955958
0x0fc3,8704,0.000182955958
0x0fc6,8704,0.000182955958
0x0fc9,8704,0.000182955958
0x0fcc,8704,0.000182955958
0x0fcf,8704,0.000182955958
0x0fd2,8704,0.000182955958
0x0fd5,8704,0.000182955958
0x0fd8,17408,0.000365911917
0x0fd9,17408,0.000365911917
0x0fda,17408,0.000365911917
0x0fdb,872,0.000018329227
0x0fdc,872,0.000018329227
0x0fdd,872,0.000018329227
0x0fde,872,0.000018329227
0x0fdf,872,0.000018329227
0x0fe0,872,0.000018329227
0x0fe1,872,0.000018329227
0x0fe2,872,0.000018329227
0x0fe3,872,0.000018329227
0x0fe6,872,0.000018329227
0x0fe7,872,0.000018329227
0x0fe9,872,0.000018329227
0x0fea,872,0.000018329227
0x0fec,872,0.000018329227
0x0fed,872,0.000018329227
0x0fef,872,0.000018329227
0x0ff0,872,0.000018329227
0x0ff1,872,0.000018329227
0x0ff4,872,0.000018329227
0x14e0,1884,0.000039601221
0x14e1,1884,0.000039601221
0x14e4,1884,0.000039601221
0x14e6,1884,0.000039601221
0x17e0,17465,0.000367110043
0x17e3,17465,0.000367110043
0x17e5,17465,0.000367110043
0x17e8,17465,0.000367110043
0x1df0,1023,0.000021503211
0x1df3,1023,0.000021503211
0x1df5,1023,0.000021503211
0x1ee0,704,0.000014797908
0x1ee3,704,0.000014797908
0x1ee6,18304,0.000384745618
0x1ee7,18304,0.000384745618
0x1ee8,18304,0.000384745618
0x1ee9,18304,0.000384745618
0x1eec,18304,0.000384745618
0x1eed,18304,0.000384745618
0x1ef0,704,0.000014797908
0x1ef1,704,0.000014797908
0x1ef2,704,0.000014797908
0x1ef4,704,0.000014797908
0x1ef7,704,0.000014797908
0x1ef8,704,0.000014797908
0x1ef9,704,0.000014797908
0x1efa,704,0.000014797908
0x2000,12375,0.000260119483
0x2003,12375,0.000260119483
0x2006,12375,0.000260119483
0x2009,12375,0.000260119483
0x200c,12375,0.000260119483
0x200d,12375,0.000260119483
0x200f,12375,0.000260119483
0x2010,12375,0.000260119483
0x2011,12375,0.000260119483
0x2014,12375,0.000260119483
0x2015,12375,0.000260119483
0x2018,12183,0.000256083690
0x201a,12183,0.000256083690
0x201d,1194,0.000025097589
0x201e,1194,0.000025097589
0x201f,1194,0.000025097589
0x2020,1194,0.000025097589
0x2023,298,0.000006263887
0x2025,1194,0.000025097589
0x2026,1194,0.000025097589
0x2027,1194,0.000025097589
0x202a,1190,0.000025013510
0x2040,4962,0.000104300030
0x2043,4962,0.000104300030
0x2046,4962,0.000104300030
0x2047,4962,0.000104300030
0x2048,4962,0.000104300030
0x2049,41,0.000000861810
0x204a,41,0.000000861810
0x204b,41,0.000000861810
0x204c,41,0.000000861810
0x204d,41,0.000000861810
0x204e,41,0.000000861810
0x204f,41,0.000000861810
0x2050,41,0.000000861810
0x2051,41,0.000000861810
0x2052,41,0.000000861810
0x2055,41,0.000000861810
0x2057,41,0.000000861810
0x2058,41,0.000000861810
0x2059,41,0.000000861810
0x205a,41,0.000000861810
0x205c,41,0.000000861810
0x205d,41,0.000000861810
0x205e,41,0.000000861810
0x2060,41,0.000000861810
0x2061,41,0.000000861810
0x2062,41,0.000000861810
0x2063,41,0.000000861810
0x2064,41,0.000000861810
0x2065,41,0.000000861810
0x2066,41,0.000000861810
0x2068,41,0.000000861810
0x2069,41,0.000000861810
0x206a,41,0.000000861810
0x206b,41,0.000000861810
0x206c,41,0.000000861810
0x206d,41,0.000000861810
0x2070,208,0.000004372109
0x2071,208,0.000004372109
0x2073,208,0.000004372109
0x2075,208,0.000004372109
0x2076,208,0.000004372109
0x2077,208,0.000004372109
0x2079,208,0.000004372109
0x207a,208,0.000004372109
0x207b,208,0.000004372109
0x207e,208,0.000004372109
0x2081,208,0.000004372109
0x2085,208,0.000004372109
0x2087,208,0.000004372109
0x2088,208,0.000004372109
0x2089,208,0.000004372109
0x208a,208,0.000004372109
0x208c,208,0.000004372109
0x208d,208,0.000004372109
0x208f,208,0.000004372109
0x2090,208,0.000004372109
0x2091,224,0.000004708425
0x2093,224,0.000004708425
0x2094,224,0.000004708425
0x2096,224,0.000004708425
0x2097,224,0.000004708425
0x209a,16,0.000000336316
0x209b,16,0.000000336316
0x209c,16,0.000000336316
0x209d,16,0.000000336316
0x209f,16,0.000000336316
0x20a0,16,0.000000336316
0x20a1,16,0.000000336316
0x20a3,16,0.000000336316
0x20a4,16,0.000000336316
0x20a5,16,0.000000336316
0x20a7,16,0.000000336316
0x20a8,16,0.000000336316
0x20b0,208,0.000004372109
0x20b1,6624,0.000139234865
0x20b2,6624,0.000139234865
0x20b3,6624,0.000139234865
0x20b5,52992,0.001113878923
0x20b7,52992,0.001113878923
0x20b8,52992,0.001113878923
0x20bb,2022,0.000042501947
0x20bc,2022,0.000042501947
0x20bd,2022,0.000042501947
0x20be,2022,0.000042501947
0x20bf,52992,0.001113878923
0x20c0,52992,0.001113878923
0x20c1,52992,0.001113878923
0x20c2,52992,0.001113878923
0x20c5,6624,0.000139234865
0x20c6,6624,0.000139234865
0x20c7,6624,0.000139234865
0x20c8,6624,0.000139234865
0x20c9,6624,0.000139234865
0x20cc,3312,0.000069617433
0x20cd,3312,0.000069617433
0x20cf,3312,0.000069617433
0x20d2,3104,0.000065245323
0x20d3,3104,0.000065245323
0x20d4,3104,0.000065245323
0x20d6,3104,0.000065245323
0x20d7,3104,0.000065245323
0x20d8,3104,0.000065245323
0x20da,3104,0.000065245323
0x20db,3104,0.000065245323
0x20dc,3104,0.000065245323
0x20de,3104,0.000065245323
0x20e1,208,0.000004372109
0x20e2,208,0.000004372109
0x20e8,208,0.000004372109
0x20e9,208,0.000004372109
0x20ea,208,0.000004372109
0x20ec,208,0.000004372109
0x20ed,208,0.000004372109
0x20f0,208,0.000004372109
0x20f1,208,0.000004372109
0x20f2,208,0.000004372109
0x20f3,208,0.000004372109
0x20f4,208,0.000004372109
0x20f6,208,0.000004372109
0x20f7,208,0.000004372109
0x20f8,208,0.000004372109
0x20fa,208,0.000004372109
0x20fb,208,0.000004372109
0x20fc,208,0.000004372109
0x20fd,208,0.000004372109
0x20fe,208,0.000004372109
0x20ff,208,0.000004372109
0x2101,208,0.000004372109
0x2103,208,0.000004372109
0x2104,208,0.000004372109
0x2106,208,0.000004372109
0x2107,208,0.000004372109
0x2108,208,0.000004372109
0x2109,208,0.000004372109
0x210a,208,0.000004372109
0x210d,208,0.000004372109
0x211c,208,0.000004372109
0x211f,208,0.000004372109
0x2120,208,0.000004372109
0x2122,208,0.000004372109
0x2123,160,0.000003363161
0x2125,160,0.000003363161
0x2130,10993,0.000231070180
0x2131,10993,0.000231070180
0x2132,10993,0.000231070180
0x2135,8241,0.000173223811
0x2137,8241,0.000173223811
0x213a,5492,0.000115440501
0x213c,5492,0.000115440501
0x213f,2746,0.000057720251
0x2146,1190,0.000025013510
0x2147,1190,0.000025013510
0x2148,1190,0.000025013510
0x214b,595,0.000012506755
0x2150,2752,0.000057846369
0x2153,2752,0.000057846369
0x2156,2752,0.000057846369
0x2160,2749,0.000057783310
0x2163,2749,0.000057783310
0x2166,2749,0.000057783310
0x2169,2749,0.000057783310
0x2170,2746,0.000057720251
0x2173,2746,0.000057720251
0x2180,2746,0.000057720251
0x2183,2746,0.000057720251
0x2186,2746,0.000057720251
0x2189,2746,0.000057720251
0x2190,595,0.000012506755
0x2193,595,0.000012506755
0x2196,595,0.000012506755
0x2199,595,0.000012506755
0x219c,595,0.000012506755
0x21a5,595,0.000012506755
0x21a8,595,0.000012506755
0x21ab,595,0.000012506755
0x21ae,595,0.000012506755
0x21b1,595,0.000012506755
0x21ba,192,0.000004035793
0x21bb,192,0.000004035793
0x21bc,192,0.000004035793
0x21bf,96,0.000002017897
0x21c2,96,0.000002017897
0x21c5,96,0.000002017897
0x21c8,96,0.000002017897
0x21cb,96,0.000002017897
0x21cd,96,0.000002017897
0x21cf,96,0.000002017897
0x21dc,704,0.000014797908
0x21dd,704,0.000014797908
0x21de,704,0.000014797908
0x21df,704,0.000014797908
0x21e2,704,0.000014797908
0x21e4,704,0.000014797908
0x21e5,704,0.000014797908
0x21e6,704,0.000014797908
0x21e8,704,0.000014797908
0x21e9,704,0.000014797908
0x21eb,704,0.000014797908
0x21ec,704,0.000014797908
0x21ed,704,0.000014797908
0x21ef,704,0.000014797908
0x21f0,704,0.000014797908
0x21f1,704,0.000014797908
0x21f2,704,0.000014797908
0x21f4,704,0.000014797908
0x21f5,704,0.000014797908
0x21f7,704,0.000014797908
0x21f8,704,0.000014797908
0x21f9,704,0.000014797908
0x21fc,704,0.000014797908
0x2204,384,0.000008071586
0x2207,384,0.000008071586
0x2208,384,0.000008071586
0x2209,384,0.000008071586
0x220b,384,0.000008071586
0x220c,4,0.000000084079
0x220e,4,0.000000084079
0x2210,4,0.000000084079
0x2212,4,0.000000084079
0x2214,4,0.000000084079
0x2216,4,0.000000084079
0x2217,4,0.000000084079
0x2218,4,0.000000084079
0x221a,4,0.000000084079
0x221b,4,0.000000084079
0x221d,4,0.000000084079
0x221e,4,0.000000084079
0x2220,4,0.000000084079
0x2221,4,0.000000084079
0x2222,4,0.000000084079
0x2223,4,0.000000084079
0x2224,4,0.000000084079
0x2227,2,0.000000042040
0x2228,2,0.000000042040
0x222a,4,0.000000084079
0x222b,4,0.000000084079
0x2230,495,0.000010404779
0x2233,495,0.000010404779
0x2234,495,0.000010404779
0x2235,495,0.000010404779
0x2236,495,0.000010404779
0x2237,495,0.000010404779
0x2239,495,0.000010404779
0x223b,495,0.000010404779
0x223e,477,0.000010026424
0x2240,477,0.000010026424
0x2243,243,0.000005107801
0x2245,243,0.000005107801
0x2247,243,0.000005107801
0x2249,243,0.000005107801
0x224c,9,0.000000189178
0x224f,9,0.000000189178
0x2250,9,0.000000189178
0x2252,9,0.000000189178
0x2254,9,0.000000189178
0x2260,468,0.000009837246
0x2261,468,0.000009837246
0x2262,468,0.000009837246
0x2263,468,0.000009837246
0x2264,468,0.000009837246
0x2265,468,0.000009837246
0x2267,468,0.000009837246
0x2268,468,0.000009837246
0x2269,468,0.000009837246
0x226b,468,0.000009837246
0x226d,468,0.000009837246
0x226e,468,0.000009837246
0x226f,468,0.000009837246
0x2271,468,0.000009837246
0x2272,468,0.000009837246
0x2273,468,0.000009837246
0x2274,468,0.000009837246
0x2275,468,0.000009837246
0x2276,468,0.000009837246
0x2277,468,0.000009837246
0x2278,468,0.000009837246
0x2279,468,0.000009837246
0x227a,6552,0.000137721443
0x227b,58968,0.001239492986
0x227c,58968,0.001239492986
0x227d,58968,0.001239492986
0x227e,58968,0.001239492986
0x227f,58968,0.001239492986
0x2280,58968,0.001239492986
0x2283,6552,0.000137721443
0x2284,6552,0.000137721443
0x2285,6552,0.000137721443
0x2286,6552,0.000137721443
0x2288,6552,0.000137721443
0x2289,6552,0.000137721443
0x228a,6552,0.000137721443
0x228c,6552,0.000137721443
0x228d,6552,0.000137721443
0x228e,6552,0.000137721443
0x2291,468,0.000009837246
0x2292,18,0.000000378356
0x2295,18,0.000000378356
0x2296,18,0.000000378356
0x2298,18,0.000000378356
0x229b,8,0.000000168158
0x229e,8,0.000000168158
0x22a1,8,0.000000168158
0x22a3,3328,0.000069953749
0x22a4,3328,0.000069953749
0x22a5,3328,0.000069953749
0x22a6,3328,0.000069953749
0x22a7,3328,0.000069953749
0x22a8,3328,0.000069953749
0x22a9,3328,0.000069953749
0x22aa,3328,0.000069953749
0x22ab,3328,0.000069953749
0x22ac,3328,0.000069953749
0x22ad,3328,0.000069953749
0x22b0,8,0.000000168158
0x22b4,288,0.000006053690
0x22b7,288,0.000006053690
0x22ba,288,0.000006053690
0x22bb,288,0.000006053690
0x22bc,288,0.000006053690
0x22be,288,0.000006053690
0x22c1,4,0.000000084079
0x22c3,4,0.000000084079
0x22c5,4,0.000000084079
0x22ca,196,0.000004119872
0x22cd,196,0.000004119872
0x22ce,196,0.000004119872
0x22d0,196,0.000004119872
0x22d3,4,0.000000084079
0x22d5,4,0.000000084079
0x22d7,4,0.000000084079
0x22d9,4,0.000000084079
0x22db,4,0.000000084079
0x22dd,4,0.000000084079
0x22e0,8,0.000000168158
0x22e2,18,0.000000378356
0x22e5,18,0.000000378356
0x22e8,18,0.000000378356
0x22f0,10,0.000000210198
0x22f3,10,0.000000210198
0x22f4,10,0.000000210198
0x22fa,970,0.000020389164
0x22fd,970,0.000020389164
0x22ff,970,0.000020389164
0x2302,970,0.000020389164
0x2303,17460,0.000367004944
0x2304,17460,0.000367004944
0x2306,17460,0.000367004944
0x2307,17460,0.000367004944
0x2308,17460,0.000367004944
0x2309,17460,0.000367004944
0x230a,17460,0.000367004944
0x230b,17460,0.000367004944
0x230d,17460,0.000367004944
0x230e,17460,0.000367004944
0x230f,17460,0.000367004944
0x2310,17460,0.000367004944
0x2312,17460,0.000367004944
0x2313,17460,0.000367004944
0x2314,17460,0.000367004944
0x2316,17460,0.000367004944
0x2317,17460,0.000367004944
0x231a,1940,0.000040778327
0x231b,17460,0.000367004944
0x231c,17460,0.000367004944
0x231f,970,0.000020389164
0x2322,2912,0.000061209530
0x2325,2912,0.000061209530
0x2326,2912,0.000061209530
0x2327,2912,0.000061209530
0x2329,2912,0.000061209530
0x232a,2912,0.000061209530
0x232b,2912,0.000061209530
0x232c,2912,0.000061209530
0x232e,2912,0.000061209530
0x232f,2912,0.000061209530
0x2331,2912,0.000061209530
0x2334,2912,0.000061209530
0x2337,2912,0.000061209530
0x2351,7764,0.000163197387
0x2352,7764,0.000163197387
0x2354,7764,0.000163197387
0x2355,1604,0.000033715689
0x2356,1604,0.000033715689
0x2357,1604,0.000033715689
0x2358,1604,0.000033715689
0x235a,1604,0.000033715689
0x235b,1604,0.000033715689
0x235e,1604,0.000033715689
0x235f,1604,0.000033715689
0x2360,1604,0.000033715689
0x2361,1604,0.000033715689
0x2362,1604,0.000033715689
0x2364,1604,0.000033715689
0x2365,1604,0.000033715689
0x2366,1604,0.000033715689
0x2368,1604,0.000033715689
0x2369,1604,0.000033715689
0x236a,1604,0.000033715689
0x236b,1604,0.000033715689
0x236c,1604,0.000033715689
0x236e,1604,0.000033715689
0x2370,1604,0.000033715689
0x2373,1459,0.000030667824
0x2375,1459,0.000030667824
0x2377,1459,0.000030667824
0x237a,1459,0.000030667824
0x237b,145,0.000003047865
0x237c,145,0.000003047865
0x237e,145,0.000003047865
0x237f,145,0.000003047865
0x2381,145,0.000003047865
0x2384,145,0.000003047865
0x2385,145,0.000003047865
0x2386,145,0.000003047865
0x2387,145,0.000003047865
0x2389,145,0.000003047865
0x238a,41,0.000000861810
0x238c,41,0.000000861810
0x238d,41,0.000000861810
0x238e,41,0.000000861810
0x2390,41,0.000000861810
0x2391,35,0.000000735691
0x2393,35,0.000000735691
0x23d6,8034,0.000168872722
0x23d9,8034,0.000168872722
0x23da,8034,0.000168872722
0x23dc,8034,0.000168872722
0x23de,8034,0.000168872722
0x23e1,5966,0.000125403866
0x23e3,5966,0.000125403866
0x23e6,4686,0.000098498578
0x23e8,4686,0.000098498578
0x23eb,3430,0.000072097764
0x23ed,3430,0.000072097764
0x23f0,2354,0.000049480506
0x23f2,2354,0.000049480506
0x23f3,2029,0.000042649085
0x23f5,2029,0.000042649085
0x23f8,1908,0.000040105695
0x23fb,1908,0.000040105695
0x2476,59,0.000001240166
0x2477,59,0.000001240166
0x2478,59,0.000001240166
0x247b,59,0.000001240166
0x247d,59,0.000001240166
0x247e,59,0.000001240166
0x2481,59,0.000001240166
0x2483,59,0.000001240166
0x2484,59,0.000001240166
0x2485,59,0.000001240166
0x2487,59,0.000001240166
0x2488,59,0.000001240166
0x2489,59,0.000001240166
0x248a,59,0.000001240166
0x248c,59,0.000001240166
0x248d,59,0.000001240166
0x248f,59,0.000001240166
0x2490,59,0.000001240166
0x2493,59,0.000001240166
0x2495,59,0.000001240166
0x2496,59,0.000001240166
0x2497,59,0.000001240166
0x2498,53,0.000001114047
0x2499,53,0.000001114047
0x249a,53,0.000001114047
0x249b,38,0.000000798751
0x249c,38,0.000000798751
0x249d,38,0.000000798751
0x249e,22,0.000000462435
0x249f,22,0.000000462435
0x24a0,12375,0.000260119483
0x24a3,12375,0.000260119483
0x24a5,12375,0.000260119483
0x24a7,12375,0.000260119483
0x24a8,7764,0.000163197387
0x24ab,7764,0.000163197387
0x24ae,7764,0.000163197387
0x24b1,7764,0.000163197387
0x24b4,7764,0.000163197387
0x24b6,7764,0.000163197387
0x24b8,7764,0.000163197387
0x24b9,1940,0.000040778327
0x24c4,6186,0.000130028212
0x24c7,6186,0.000130028212
0x24c9,6186,0.000130028212
0x24cb,6186,0.000130028212
0x24ce,3882,0.000081598694
0x24d1,3882,0.000081598694
0x24d4,3882,0.000081598694
0x24d5,3882,0.000081598694
0x24d6,3882,0.000081598694
0x24d8,3882,0.000081598694
0x24db,2912,0.000061209530
0x24e0,3882,0.000081598694
0x24e3,3882,0.000081598694
0x24e5,3882,0.000081598694
0x24e6,243,0.000005107801
0x24e9,243,0.000005107801
0x24eb,243,0.000005107801
0x24ec,243,0.000005107801
0x24f2,1940,0.000040778327
0x24f5,1940,0.000040778327
0x24f7,1940,0.000040778327
0x24f8,1940,0.000040778327
0x24f9,1940,0.000040778327
0x24fc,1940,0.000040778327
0x24fe,1940,0.000040778327
0x24ff,1940,0.000040778327
0x2500,586,0.000012317577
0x2503,586,0.000012317577
0x2504,586,0.000012317577
0x2505,406,0.000008534021
0x2508,406,0.000008534021
0x2509,406,0.000008534021
0x250a,103,0.000002165035
0x250b,103,0.000002165035
0x250d,103,0.000002165035
0x250e,103,0.000002165035
0x2511,103,0.000002165035
0x2512,103,0.000002165035
0x2513,103,0.000002165035
0x2515,103,0.000002165035
0x2517,103,0.000002165035
0x2518,103,0.000002165035
0x2519,103,0.000002165035
0x251a,103,0.000002165035
0x2560,3341,0.000070227006
0x2563,3341,0.000070227006
0x2564,3341,0.000070227006
0x2566,3341,0.000070227006
0x2567,3341,0.000070227006
0x2568,3341,0.000070227006
0x2569,3341,0.000070227006
0x256a,3341,0.000070227006
0x256b,3341,0.000070227006
0x256d,3341,0.000070227006
0x256e,3341,0.000070227006
0x2570,3341,0.000070227006
0x2572,3341,0.000070227006
0x2575,3341,0.000070227006
0x2576,3341,0.000070227006
0x2577,3341,0.000070227006
0x2578,3341,0.000070227006
0x2579,3341,0.000070227006
0x257b,3341,0.000070227006
0x257c,3341,0.000070227006
0x257f,3341,0.000070227006
0x2581,3341,0.000070227006
0x2582,3341,0.000070227006
0x2585,3341,0.000070227006
0x2587,3341,0.000070227006
0x2588,26521,0.000557464955
0x2589,26521,0.000557464955
0x258c,26448,0.000555930513
0x258d,26448,0.000555930513
0x258e,26448,0.000555930513
0x2590,26448,0.000555930513
0x2591,26448,0.000555930513
0x2592,26448,0.000555930513
0x2595,3268,0.000068692563
0x2596,26521,0.000557464955
0x2597,26521,0.000557464955
0x2599,26521,0.000557464955
0x259a,19422,0.000408245706
0x259b,19422,0.000408245706
0x259c,19422,0.000408245706
0x259e,19422,0.000408245706
0x259f,19422,0.000408245706
0x25a1,19422,0.000408245706
0x25a2,17942,0.000377136466
0x25a3,17942,0.000377136466
0x25a4,17942,0.000377136466
0x25a5,17942,0.000377136466
0x25a6,10586,0.000222515140
0x25a7,10586,0.000222515140
0x25a8,2697,0.000056690283
0x25a9,2697,0.000056690283
0x25aa,2697,0.000056690283
0x25ab,2697,0.000056690283
0x25ac,2652,0.000055744394
0x25ae,2652,0.000055744394
0x25af,73,0.000001534442
0x25b0,73,0.000001534442
0x25b1,73,0.000001534442
0x25b2,73,0.000001534442
0x25b3,73,0.000001534442
0x25b4,73,0.000001534442
0x25b5,73,0.000001534442
0x25b6,73,0.000001534442
0x25b7,381,0.000008008527
0x25ba,381,0.000008008527
0x25bc,381,0.000008008527
0x25be,381,0.000008008527
0x25ca,381,0.000008008527
0x25cd,911,0.000019148998
0x25ce,911,0.000019148998
0x25d0,911,0.000019148998
0x25d3,713,0.000014987086
0x25d4,713,0.000014987086
0x25d6,713,0.000014987086
0x25d7,713,0.000014987086
0x25d8,713,0.000014987086
0x25db,183,0.000003846615
0x25dc,183,0.000003846615
0x25dd,183,0.000003846615
0x25e0,198,0.000004161912
0x25e1,198,0.000004161912
0x25e3,198,0.000004161912
0x25e4,198,0.000004161912
0x25e5,198,0.000004161912
0x25e7,198,0.000004161912
0x25e8,198,0.000004161912
0x25ea,198,0.000004161912
0x25eb,198,0.000004161912
0x25ec,198,0.000004161912
0x25ed,198,0.000004161912
0x25ef,198,0.000004161912
0x25f0,198,0.000004161912
0x25f1,198,0.000004161912
0x25f3,198,0.000004161912
0x25f4,198,0.000004161912
0x25f6,198,0.000004161912
0x25f7,198,0.000004161912
0x25f8,198,0.000004161912
0x25f9,198,0.000004161912
0x25fa,198,0.000004161912
0x25fb,198,0.000004161912
0x25fc,198,0.000004161912
0x25fd,198,0.000004161912
0x2600,4228,0.000088871529
0x2601,4228,0.000088871529
0x2602,4228,0.000088871529
0x2603,4228,0.000088871529
0x2604,4228,0.000088871529
0x2605,4228,0.000088871529
0x2608,4228,0.000088871529
0x2609,4228,0.000088871529
0x260a,4228,0.000088871529
0x260b,4228,0.000088871529
0x260c,4228,0.000088871529
0x260e,4228,0.000088871529
0x2611,4228,0.000088871529
0x2612,4228,0.000088871529
0x2613,4228,0.000088871529
0x2616,4228,0.000088871529
0x2617,4228,0.000088871529
0x261a,2323,0.000048828894
0x261d,2323,0.000048828894
0x261e,2323,0.000048828894
0x2620,2323,0.000048828894
0x2621,2323,0.000048828894
0x2624,2323,0.000048828894
0x2625,2323,0.000048828894
0x2626,2323,0.000048828894
0x2628,2323,0.000048828894
0x2629,2323,0.000048828894
0x262b,2323,0.000048828894
0x262c,2323,0.000048828894
0x262e,2323,0.000048828894
0x262f,2323,0.000048828894
0x2630,2323,0.000048828894
0x2631,2323,0.000048828894
0x2633,2323,0.000048828894
0x2634,2323,0.000048828894
0x2635,2323,0.000048828894
0x2638,2323,0.000048828894
0x2639,4228,0.000088871529
0x263c,4228,0.000088871529
0x263f,4228,0.000088871529
0x2642,4228,0.000088871529
0x2643,4228,0.000088871529
0x2646,2114,0.000044435765
0x2649,2114,0.000044435765
0x2650,1905,0.000040042636
0x2651,1905,0.000040042636
0x2654,1905,0.000040042636
0x2655,1905,0.000040042636
0x2656,1905,0.000040042636
0x2658,1905,0.000040042636
0x2659,1905,0.000040042636
0x265b,1905,0.000040042636
0x265c,1905,0.000040042636
0x265e,1905,0.000040042636
0x2661,1905,0.000040042636
0x2662,1905,0.000040042636
0x2668,2114,0.000044435765
0x266b,2114,0.000044435765
0x266c,2114,0.000044435765
0x266d,2114,0.000044435765
0x2670,2114,0.000044435765
0x2672,2114,0.000044435765
0x2676,2114,0.000044435765
0x2678,2114,0.000044435765
0x267c,2114,0.000044435765
0x267f,2114,0.000044435765
0x2681,2114,0.000044435765
0x2684,2114,0.000044435765
0x2685,2114,0.000044435765
0x2688,2114,0.000044435765
0x268a,2114,0.000044435765
0x268b,2114,0.000044435765
0x268d,2114,0.000044435765
0x268e,2114,0.000044435765
0x268f,2114,0.000044435765
0x2692,2108,0.000044309646
0x2693,2114,0.000044435765
0x2694,2114,0.000044435765
0x2697,2114,0.000044435765
0x2699,2114,0.000044435765
0x269c,678,0.000014251395
0x269d,2114,0.000044435765
0x269f,2114,0.000044435765
0x26a2,306,0.000006432045
0x26a3,2114,0.000044435765
0x26a4,2114,0.000044435765
0x26a7,2114,0.000044435765
0x26aa,2114,0.000044435765
0x26ad,2114,0.000044435765
0x26ae,2114,0.000044435765
0x26af,2114,0.000044435765
0x26b0,2114,0.000044435765
0x26b1,361,0.000007588132
0x26b2,361,0.000007588132
0x26b4,361,0.000007588132
0x26b5,361,0.000007588132
0x26b7,361,0.000007588132
0x26b8,361,0.000007588132
0x26ba,361,0.000007588132
0x26bb,59,0.000001240166
0x26bc,59,0.000001240166
0x26bd,59,0.000001240166
0x26be,59,0.000001240166
0x26bf,59,0.000001240166
0x26c2,59,0.000001240166
0x26c4,59,0.000001240166
0x26c6,59,0.000001240166
0x26c7,59,0.000001240166
0x26c8,59,0.000001240166
0x26ca,59,0.000001240166
0x26cb,59,0.000001240166
0x26cc,59,0.000001240166
0x26d0,2114,0.000044435765
0x26d3,2114,0.000044435765
0x26d6,2114,0.000044435765
0x26d9,16912,0.000355486117
0x26da,16912,0.000355486117
0x26db,16912,0.000355486117
0x26de,10270,0.000215872897
0x26df,10270,0.000215872897
0x26e0,10270,0.000215872897
0x26e3,1922,0.000040399971
0x26e4,10270,0.000215872897
0x26e5,16912,0.000355486117
0x26e6,16912,0.000355486117
0x26e7,16912,0.000355486117
0x26e8,16912,0.000355486117
0x26e9,16912,0.000355486117
0x26eb,16912,0.000355486117
0x26ee,2114,0.000044435765
0x26f1,2114,0.000044435765
0x26f2,2114,0.000044435765
0x26f3,2114,0.000044435765
0x26f5,2114,0.000044435765
0x26f8,2114,0.000044435765
0x26f9,2114,0.000044435765
0x26fa,2114,0.000044435765
0x26fd,2114,0.000044435765
0x2700,9332,0.000196156365
0x2703,9332,0.000196156365
0x2704,9332,0.000196156365
0x2705,9332,0.000196156365
0x2706,9331,0.000196135345
0x2707,9331,0.000196135345
0x2708,9331,0.000196135345
0x270a,9331,0.000196135345
0x270b,9331,0.000196135345
0x270c,9331,0.000196135345
0x270e,9331,0.000196135345
0x270f,9331,0.000196135345
0x2711,9331,0.000196135345
0x2714,9331,0.000196135345
0x2717,37324,0.000784541382
0x271a,37324,0.000784541382
0x271b,37324,0.000784541382
0x271c,37324,0.000784541382
0x271d,37324,0.000784541382
0x271e,37324,0.000784541382
0x2720,37324,0.000784541382
0x2723,9331,0.000196135345
0x2725,9331,0.000196135345
0x2728,9331,0.000196135345
0x272a,9331,0.000196135345
0x2739,9331,0.000196135345
0x273c,9331,0.000196135345
0x273d,9331,0.000196135345
0x2740,9331,0.000196135345
0x2743,9331,0.000196135345
0x2748,37324,0.000784541382
0x2749,37324,0.000784541382
0x274a,37324,0.000784541382
0x274c,37324,0.000784541382
0x274d,111,0.000002333193
0x274e,111,0.000002333193
0x274f,111,0.000002333193
0x2750,55,0.000001156087
0x2751,55,0.000001156087
0x2752,55,0.000001156087
0x2753,55,0.000001156087
0x2754,55,0.000001156087
0x2755,55,0.000001156087
0x2757,55,0.000001156087
0x2758,55,0.000001156087
0x2759,55,0.000001156087
0x275b,55,0.000001156087
0x275c,55,0.000001156087
0x275f,55,0.000001156087
0x2760,55,0.000001156087
0x2761,55,0.000001156087
0x2764,55,0.000001156087
0x2768,55,0.000001156087
0x2769,55,0.000001156087
0x276c,55,0.000001156087
0x276e,55,0.000001156087
0x2771,55,0.000001156087
0x2772,55,0.000001156087
0x2778,55,0.000001156087
0x277b,55,0.000001156087
0x277c,55,0.000001156087
0x277f,55,0.000001156087
0x2780,55,0.000001156087
0x2781,55,0.000001156087
0x2782,55,0.000001156087
0x2783,55,0.000001156087
0x2784,55,0.000001156087
0x2785,55,0.000001156087
0x2786,55,0.000001156087
0x2789,55,0.000001156087
0x278a,1,0.000000021020
0x278d,1,0.000000021020
0x278f,1,0.000000021020
0x2790,1,0.000000021020
0x2791,1,0.000000021020
0x2794,1,0.000000021020
0x2796,1,0.000000021020
0x2799,1,0.000000021020
0x279b,1,0.000000021020
0x279c,1,0.000000021020
0x279e,1,0.000000021020
0x279f,1,0.000000021020
0x27a0,1,0.000000021020
0x27a1,1,0.000000021020
0x27a2,1,0.000000021020
0x27a3,1,0.000000021020
0x27a4,1,0.000000021020
0x27a8,9331,0.000196135345
0x27ab,9331,0.000196135345
0x27ac,9331,0.000196135345
0x27af,9331,0.000196135345
0x27b0,9331,0.000196135345
0x27b1,9331,0.000196135345
0x27b4,9331,0.000196135345
0x27b6,9331,0.000196135345
0x27b7,9331,0.000196135345
0x27b8,9331,0.000196135345
0x27ba,9331,0.000196135345
0x27bd,8947,0.000188063759
0x27c0,8947,0.000188063759
0x27c1,8947,0.000188063759
0x27c2,8947,0.000188063759
0x27c5,8883,0.000186718495
0x27c7,8883,0.000186718495
0x27c8,8883,0.000186718495
0x27c9,8883,0.000186718495
0x27ca,4445,0.000093432816
0x27cc,4445,0.000093432816
0x27cf,4266,0.000089670280
0x27d0,4266,0.000089670280
0x27d2,4266,0.000089670280
0x27d3,4266,0.000089670280
0x27d5,4266,0.000089670280
0x27d6,4266,0.000089670280
0x27d8,179,0.000003762536
0x27da,179,0.000003762536
0x27dc,179,0.000003762536
0x27dd,179,0.000003762536
0x27df,179,0.000003762536
0x27e0,179,0.000003762536
0x27e2,64,0.000001345264
0x27e4,64,0.000001345264
0x27e9,64,0.000001345264
0x27ea,64,0.000001345264
0x27ec,64,0.000001345264
0x27ee,64,0.000001345264
0x3000,3347,0.000070353124
0x3003,3347,0.000070353124
0x3004,3347,0.000070353124
0x3005,3347,0.000070353124
0x3007,3347,0.000070353124
0x300a,3347,0.000070353124
0x300b,3347,0.000070353124
0x300c,3347,0.000070353124
0x300d,3347,0.000070353124
0x300e,3347,0.000070353124
0x300f,3347,0.000070353124
0x3010,3347,0.000070353124
0x3011,3347,0.000070353124
0x3012,415,0.000008723199
0x3028,422,0.000008870337
0x302b,422,0.000008870337
0x302c,422,0.000008870337
0x302e,422,0.000008870337
0x302f,422,0.000008870337
0x3031,422,0.000008870337
0x3032,422,0.000008870337
0x3034,422,0.000008870337
0x3035,349,0.000007335895
0x3037,349,0.000007335895
0x3038,349,0.000007335895
0x3039,349,0.000007335895
0x303c,333,0.000006999579
0x303d,333,0.000006999579
0x303e,5,0.000000105099
0x303f,5,0.000000105099
0x3040,5,0.000000105099
0x3042,5,0.000000105099
0x3044,5,0.000000105099
0x3046,5,0.000000105099
0x3048,5,0.000000105099
0x3049,5,0.000000105099
0x304b,5,0.000000105099
0x304d,5,0.000000105099
0x304f,5,0.000000105099
0x3050,5,0.000000105099
0x3052,5,0.000000105099
0x3055,5,0.000000105099
0x3056,5,0.000000105099
0x3057,4,0.000000084079
0x3059,4,0.000000084079
0x305c,16,0.000000336316
0x305f,16,0.000000336316
0x3062,16,0.000000336316
0x3063,16,0.000000336316
0x3064,16,0.000000336316
0x3065,16,0.000000336316
0x3066,16,0.000000336316
0x3067,16,0.000000336316
0x3068,16,0.000000336316
0x306a,16,0.000000336316
0x306c,16,0.000000336316
0x306d,16,0.000000336316
0x3074,77,0.000001618521
0x3077,77,0.000001618521
0x3078,77,0.000001618521
0x3079,77,0.000001618521
0x307a,77,0.000001618521
0x307c,77,0.000001618521
0x307d,77,0.000001618521
0x307f,77,0.000001618521
0x3080,77,0.000001618521
0x3081,77,0.000001618521
0x3082,77,0.000001618521
0x3084,77,0.000001618521
0x3089,77,0.000001618521
0x308a,77,0.000001618521
0x308b,77,0.000001618521
0x308c,77,0.000001618521
0x308d,77,0.000001618521
0x308f,77,0.000001618521
0x3090,77,0.000001618521
0x3092,77,0.000001618521
0x3093,77,0.000001618521
0x3094,77,0.000001618521
0x3095,77,0.000001618521
0x3098,77,0.000001618521
0x309a,77,0.000001618521
0x309d,5,0.000000105099
0x309f,77,0.000001618521
0x30a0,77,0.000001618521
0x30a1,77,0.000001618521
0x30a4,77,0.000001618521
0x30a6,77,0.000001618521
0x30a7,77,0.000001618521
0x30a8,77,0.000001618521
0x30aa,6092,0.000128052355
0x30ad,6092,0.000128052355
0x30ae,6092,0.000128052355
0x30af,6092,0.000128052355
0x30b0,6092,0.000128052355
0x30b1,6092,0.000128052355
0x30b3,6092,0.000128052355
0x30b5,6092,0.000128052355
0x30b6,6092,0.000128052355
0x30b8,6092,0.000128052355
0x30ba,419,0.000008807278
0x30bd,419,0.000008807278
0x30c0,419,0.000008807278
0x30c3,419,0.000008807278
0x30c6,419,0.000008807278
0x30c8,419,0.000008807278
0x30c9,419,0.000008807278
0x30ca,419,0.000008807278
0x30cb,265,0.000005570235
0x30cd,265,0.000005570235
0x30ce,265,0.000005570235
0x30cf,265,0.000005570235
0x30d2,204,0.000004288030
0x30d3,204,0.000004288030
0x30d4,52,0.000001093027
0x30d6,52,0.000001093027
0x30d8,52,0.000001093027
0x30da,1257,0.000026421834
0x30db,1257,0.000026421834
0x30dc,1257,0.000026421834
0x30dd,1257,0.000026421834
0x30de,580,0.000012191459
0x30df,580,0.000012191459
0x30e4,61,0.000001282205
0x30e7,61,0.000001282205
0x30ea,61,0.000001282205
0x30eb,61,0.000001282205
0x30ed,61,0.000001282205
0x30f2,61,0.000001282205
0x30f3,61,0.000001282205
0x30f5,61,0.000001282205
0x30f6,61,0.000001282205
0x30f7,61,0.000001282205
0x30f8,61,0.000001282205
0x30fa,61,0.000001282205
0x30fc,61,0.000001282205
0x30ff,61,0.000001282205
0x3102,61,0.000001282205
0x3105,61,0.000001282205
0x3106,61,0.000001282205
0x3107,61,0.000001282205
0x3108,61,0.000001282205
0x310a,61,0.000001282205
0x310c,61,0.000001282205
0x310e,61,0.000001282205
0x310f,61,0.000001282205
0x3112,183,0.000003846615
0x3113,183,0.000003846615
0x3114,183,0.000003846615
0x3115,183,0.000003846615
0x3116,113,0.000002375232
0x3117,113,0.000002375232
0x3118,113,0.000002375232
0x311a,113,0.000002375232
0x311b,113,0.000002375232
0x311c,113,0.000002375232
0x311d,113,0.000002375232
0x311e,61,0.000001282205
0x311f,61,0.000001282205
0x3121,61,0.000001282205
0x3124,419,0.000008807278
0x3127,419,0.000008807278
0x3128,419,0.000008807278
0x312a,419,0.000008807278
0x312b,52,0.000001093027
0x312d,52,0.000001093027
0x312f,52,0.000001093027
0x3130,52,0.000001093027
0x3131,52,0.000001093027
0x3132,52,0.000001093027
0x3134,52,0.000001093027
0x3136,52,0.000001093027
0x3138,52,0.000001093027
0x313d,52,0.000001093027
0x313f,52,0.000001093027
0x3140,52,0.000001093027
0x3141,52,0.000001093027
0x3144,52,0.000001093027
0x3145,52,0.000001093027
0x3146,52,0.000001093027
0x3149,35,0.000000735691
0x314b,52,0.000001093027
0x314d,52,0.000001093027
0x314e,52,0.000001093027
0x315a,419,0.000008807278
0x315d,419,0.000008807278
0x315e,419,0.000008807278
0x3160,419,0.000008807278
0x3161,128,0.000002690529
0x3164,128,0.000002690529
0x3165,128,0.000002690529
0x3166,128,0.000002690529
0x3167,128,0.000002690529
0x3169,128,0.000002690529
0x316a,128,0.000002690529
0x316c,128,0.000002690529
0x316d,128,0.000002690529
0x316e,128,0.000002690529
0x316f,128,0.000002690529
0x3171,128,0.000002690529
0x3172,128,0.000002690529
0x3174,128,0.000002690529
0x3176,128,0.000002690529
0x3177,128,0.000002690529
0x3178,128,0.000002690529
0x3179,1350,0.000028376671
0x317c,1298,0.000027283644
0x317d,1298,0.000027283644
0x317e,1298,0.000027283644
0x317f,1298,0.000027283644
0x3180,1298,0.000027283644
0x3181,1298,0.000027283644
0x3182,1298,0.000027283644
0x3183,1298,0.000027283644
0x3186,80,0.000001681580
0x3188,80,0.000001681580
0x318a,1298,0.000027283644
0x318b,1298,0.000027283644
0x318e,76,0.000001597501
0x3192,1350,0.000028376671
0x3193,1350,0.000028376671
0x3195,1350,0.000028376671
0x3196,975,0.000020494262
0x3199,975,0.000020494262
0x319a,975,0.000020494262
0x319b,52,0.000001093027
0x319e,52,0.000001093027
0x319f,52,0.000001093027
0x31a0,52,0.000001093027
0x31a1,52,0.000001093027
0x31a2,52,0.000001093027
0x31a3,52,0.000001093027
0x31a4,52,0.000001093027
0x31a7,52,0.000001093027
0x31a9,52,0.000001093027
0x31ac,52,0.000001093027
0x31ad,52,0.000001093027
0x31b4,415,0.000008723199
0x31b7,415,0.000008723199
0x31b9,415,0.000008723199
0x31ba,50,0.000001050988
0x31bd,50,0.000001050988
0x31bf,50,0.000001050988
0x31c0,50,0.000001050988
0x31c2,50,0.000001050988
0x31c3,50,0.000001050988
0x31c5,50,0.000001050988
0x31c6,50,0.000001050988
0x31c7,50,0.000001050988
0x31c8,50,0.000001050988
0x31cb,50,0.000001050988
0x31cd,50,0.000001050988
0x31ce,50,0.000001050988
0x31d1,20,0.000000420395
0x31d2,20,0.000000420395
0x31d3,20,0.000000420395
0x31d4,20,0.000000420395
0x31d6,50,0.000001050988
0x31d7,50,0.000001050988
0x31d8,50,0.000001050988
0x31d9,50,0.000001050988
0x31da,50,0.000001050988
0x31dc,50,0.000001050988
0x31de,50,0.000001050988
0x31df,50,0.000001050988
0x31e1,50,0.000001050988
0x31e2,50,0.000001050988
0x31e3,50,0.000001050988
0x31e4,50,0.000001050988
0x31e5,50,0.000001050988
0x31e6,50,0.000001050988
0x31e7,50,0.000001050988
0x31e8,50,0.000001050988
0x31e9,50,0.000001050988
0x31ec,50,0.000001050988
0x31ed,50,0.000001050988
0x31f0,50,0.000001050988
0x31f1,50,0.000001050988
0x31f2,50,0.000001050988
0x31f4,50,0.000001050988
0x31f5,50,0.000001050988
0x31f7,50,0.000001050988
0x31f8,50,0.000001050988
0x31fb,50,0.000001050988
0x31fd,50,0.000001050988
0x31fe,50,0.000001050988
0x31ff,50,0.000001050988
0x3201,50,0.000001050988
0x3202,50,0.000001050988
0x3203,50,0.000001050988
0x3204,50,0.000001050988
0x3207,50,0.000001050988
0x3209,50,0.000001050988
0x320a,50,0.000001050988
0x320b,50,0.000001050988
0x320c,50,0.000001050988
0x320d,50,0.000001050988
0x3210,50,0.000001050988
0x3213,50,0.000001050988
0x3215,50,0.000001050988
0x3216,37,0.000000777731
0x3217,37,0.000000777731
0x3219,37,0.000000777731
0x321b,37,0.000000777731
0x321c,2,0.000000042040
0x321e,2,0.000000042040
0x3220,2,0.000000042040
0x322c,415,0.000008723199
0x322f,415,0.000008723199
0x3231,415,0.000008723199
0x3232,78,0.000001639541
0x3235,78,0.000001639541
0x3238,78,0.000001639541
0x323b,78,0.000001639541
0x323c,78,0.000001639541
0x323f,78,0.000001639541
0x3240,862,0.000018119030
0x3241,862,0.000018119030
0x3243,862,0.000018119030
0x3246,432,0.000009080535
0x3247,432,0.000009080535
0x3248,432,0.000009080535
0x3249,359,0.000007546092
0x324a,359,0.000007546092
0x324b,359,0.000007546092
0x324c,359,0.000007546092
0x324d,359,0.000007546092
0x324e,789,0.000016584588
0x324f,789,0.000016584588
0x3250,789,0.000016584588
0x3251,789,0.000016584588
0x3253,789,0.000016584588
0x3254,789,0.000016584588
0x3256,789,0.000016584588
0x3259,5,0.000000105099
0x325b,5,0.000000105099
0x325e,5,0.000000105099
0x3264,423,0.000008891357
0x3267,423,0.000008891357
0x3268,423,0.000008891357
0x326b,423,0.000008891357
0x326c,423,0.000008891357
0x326e,423,0.000008891357
0x326f,423,0.000008891357
0x3271,423,0.000008891357
0x3272,423,0.000008891357
0x3274,423,0.000008891357
0x3275,55,0.000001156087
0x3277,55,0.000001156087
0x3279,55,0.000001156087
0x327a,55,0.000001156087
0x327b,55,0.000001156087
0x327c,55,0.000001156087
0x327e,55,0.000001156087
0x3281,55,0.000001156087
0x3282,55,0.000001156087
0x3285,55,0.000001156087
0x3286,55,0.000001156087
0x3287,55,0.000001156087
0x3289,55,0.000001156087
0x328a,55,0.000001156087
0x328b,55,0.000001156087
0x328d,55,0.000001156087
0x328e,55,0.000001156087
0x328f,165,0.000003468260
0x3290,165,0.000003468260
0x3291,165,0.000003468260
0x3292,165,0.000003468260
0x3295,153,0.000003216023
0x3296,153,0.000003216023
0x3297,153,0.000003216023
0x329a,138,0.000002900726
0x329b,138,0.000002900726
0x329e,138,0.000002900726
0x329f,138,0.000002900726
0x32a0,138,0.000002900726
0x32a3,138,0.000002900726
0x32a4,165,0.000003468260
0x32a5,165,0.000003468260
0x32a6,165,0.000003468260
0x32a9,5,0.000000105099
0x32ab,165,0.000003468260
0x32ac,165,0.000003468260
0x32af,55,0.000001156087
0x32b0,40,0.000000840790
0x32b3,40,0.000000840790
0x32b5,40,0.000000840790
0x32b8,40,0.000000840790
0x32ba,40,0.000000840790
0x32bc,40,0.000000840790
0x32bf,40,0.000000840790
0x32c2,40,0.000000840790
0x32c3,40,0.000000840790
0x32c4,11,0.000000231217
0x32c5,11,0.000000231217
0x32c6,11,0.000000231217
0x32c7,11,0.000000231217
0x32c8,11,0.000000231217
0x32cb,11,0.000000231217
0x32cd,11,0.000000231217
0x32d0,11,0.000000231217
0x32d2,11,0.000000231217
0x32d4,11,0.000000231217
0x32d6,11,0.000000231217
0x32d7,11,0.000000231217
0x32d9,11,0.000000231217
0x32da,11,0.000000231217
0x32dc,11,0.000000231217
0x32dd,11,0.000000231217
0x32de,11,0.000000231217
0x32e1,11,0.000000231217
0x32e2,11,0.000000231217
0x32e3,11,0.000000231217
0x32e6,2,0.000000042040
0x32e7,2,0.000000042040
0x32e9,2,0.000000042040
0x32ea,2,0.000000042040
0x3400,4228,0.000088871529
0x3403,4228,0.000088871529
0x3406,4228,0.000088871529
0x3409,4228,0.000088871529
0x340c,4228,0.000088871529
0x340f,4228,0.000088871529
0x3412,4228,0.000088871529
0x3413,4228,0.000088871529
0x3416,3845,0.000080820963
0x3418,3845,0.000080820963
0x341b,975,0.000020494262
0x341e,975,0.000020494262
0x3421,975,0.000020494262
0x3424,975,0.000020494262
0x3427,975,0.000020494262
0x342a,975,0.000020494262
0x342d,975,0.000020494262
0x342e,975,0.000020494262
0x3431,488,0.000010257641
0x3434,488,0.000010257641
0x3438,2870,0.000060326700
0x343b,2870,0.000060326700
0x343c,2870,0.000060326700
0x343f,1434,0.000030142330
0x3442,1434,0.000030142330
0x3445,1434,0.000030142330
0x3448,1434,0.000030142330
0x344b,1434,0.000030142330
0x3452,1436,0.000030184370
0x3455,1436,0.000030184370
0x3458,1436,0.000030184370
0x345b,1436,0.000030184370
0x3462,383,0.000008050567
0x3465,383,0.000008050567
0x3466,383,0.000008050567
0x3467,192,0.000004035793
0x346a,192,0.000004035793
0x346d,192,0.000004035793
0x3474,2409,0.000050636593
0x3477,9636,0.000202546371
0x3478,9636,0.000202546371
0x347b,9636,0.000202546371
0x347c,9636,0.000202546371
0x347d,9636,0.000202546371
0x347f,9636,0.000202546371
0x3480,9636,0.000202546371
0x3482,9636,0.000202546371
0x3485,2409,0.000050636593
0x3486,2411,0.000050678632
0x3489,9644,0.000202714529
0x348a,9644,0.000202714529
0x348d,9644,0.000202714529
0x348e,9644,0.000202714529
0x348f,9644,0.000202714529
0x3491,9644,0.000202714529
0x3492,9644,0.000202714529
0x3494,9644,0.000202714529
0x3497,2411,0.000050678632
0x3498,2409,0.000050636593
0x349b,9636,0.000202546371
0x349c,9636,0.000202546371
0x349f,9636,0.000202546371
0x34a0,9636,0.000202546371
0x34a1,9636,0.000202546371
0x34a3,9636,0.000202546371
0x34a4,9636,0.000202546371
0x34a6,9636,0.000202546371
0x34a9,2409,0.000050636593
0x34aa,2411,0.000050678632
0x34ad,9644,0.000202714529
0x34ae,9644,0.000202714529
0x34b1,9644,0.000202714529
0x34b2,9644,0.000202714529
0x34b3,9644,0.000202714529
0x34b5,9644,0.000202714529
0x34b6,9644,0.000202714529
0x34b8,9644,0.000202714529
0x34bb,2411,0.000050678632
0x34c0,19984,0.000420058809
0x34c1,19984,0.000420058809
0x34c2,19984,0.000420058809
0x34c3,12103,0.000254402110
0x34c4,12103,0.000254402110
0x34c6,12103,0.000254402110
0x34c7,12103,0.000254402110
0x34c9,12103,0.000254402110
0x34ca,12103,0.000254402110
0x34cb,12103,0.000254402110
0x34cc,12103,0.000254402110
0x34cd,12103,0.000254402110
0x34ce,12103,0.000254402110
0x34cf,12103,0.000254402110
0x34d0,12103,0.000254402110
0x34d1,12103,0.000254402110
0x34d2,12103,0.000254402110
0x34d3,12103,0.000254402110
0x34d4,12103,0.000254402110
0x34d5,12103,0.000254402110
0x34d7,12103,0.000254402110
0x34d8,12103,0.000254402110
0x34da,12103,0.000254402110
0x34db,12103,0.000254402110
0x34dc,12103,0.000254402110
0x34dd,12103,0.000254402110
0x34de,12132,0.000255011683
0x34df,12132,0.000255011683
0x34e1,12132,0.000255011683
0x34e4,2200,0.000046243464
0x34e5,2200,0.000046243464
0x34e7,2200,0.000046243464
0x34ea,972,0.000020431203
0x34ec,972,0.000020431203
0x34ed,972,0.000020431203
0x34ee,972,0.000020431203
0x34f0,972,0.000020431203
0x34f1,972,0.000020431203
0x34f3,972,0.000020431203
0x34f6,588,0.000012359617
0x34f8,588,0.000012359617
0x34f9,588,0.000012359617
0x34fa,588,0.000012359617
0x34fc,588,0.000012359617
0x34fd,588,0.000012359617
0x34ff,588,0.000012359617
0x3509,972,0.000020431203
0x350a,972,0.000020431203
0x350b,972,0.000020431203
0x350c,12132,0.000255011683
0x350e,12132,0.000255011683
0x350f,12132,0.000255011683
0x3512,12132,0.000255011683
0x3513,12132,0.000255011683
0x3515,12132,0.000255011683
0x3516,12132,0.000255011683
0x3518,12132,0.000255011683
0x3519,12132,0.000255011683
0x3520,959,0.000020157946
0x3521,959,0.000020157946
0x3522,959,0.000020157946
0x3523,959,0.000020157946
0x3524,959,0.000020157946
0x3525,959,0.000020157946
0x3526,959,0.000020157946
0x3527,959,0.000020157946
0x3528,3885,0.000081661753
0x3529,3885,0.000081661753
0x352a,3885,0.000081661753
0x352b,3885,0.000081661753
0x352c,3885,0.000081661753
0x352d,3885,0.000081661753
0x352e,3885,0.000081661753
0x352f,3885,0.000081661753
0x3530,4836,0.000101651541
0x3531,4836,0.000101651541
0x3532,4836,0.000101651541
0x3533,4836,0.000101651541
0x3534,4836,0.000101651541
0x3535,4836,0.000101651541
0x3536,4836,0.000101651541
0x3537,4836,0.000101651541
0x3538,5619,0.000118110010
0x3539,5619,0.000118110010
0x353a,5619,0.000118110010
0x353b,5619,0.000118110010
0x353c,5619,0.000118110010
0x353d,5619,0.000118110010
0x353e,5619,0.000118110010
0x353f,5619,0.000118110010
0x3540,12107,0.000254486189
0x3541,12107,0.000254486189
0x3542,12107,0.000254486189
0x3543,12107,0.000254486189
0x3544,12107,0.000254486189
0x3545,12107,0.000254486189
0x3546,12107,0.000254486189
0x3547,12107,0.000254486189
0x3548,13093,0.000275211668
0x3549,13093,0.000275211668
0x354a,13093,0.000275211668
0x354b,13093,0.000275211668
0x354c,13093,0.000275211668
0x354d,13093,0.000275211668
0x354e,13093,0.000275211668
0x354f,13093,0.000275211668
0x3550,13201,0.000277481802
0x3551,13201,0.000277481802
0x3552,13201,0.000277481802
0x3553,13201,0.000277481802
0x3554,13201,0.000277481802
0x3555,13201,0.000277481802
0x3556,13201,0.000277481802
0x3557,13201,0.000277481802
0x3558,13201,0.000277481802
0x355a,13201,0.000277481802
0x355b,13201,0.000277481802
0x355d,13201,0.000277481802
0x3560,3845,0.000080820963
0x3563,3845,0.000080820963
0x3564,3845,0.000080820963
0x3565,3845,0.000080820963
0x3566,3845,0.000080820963
0x3567,3845,0.000080820963
0x3568,3845,0.000080820963
0x3569,3845,0.000080820963
0x356a,3845,0.000080820963
0x356d,3845,0.000080820963
0x3570,3845,0.000080820963
0x3572,3845,0.000080820963
0x3577,3845,0.000080820963
0x3579,3845,0.000080820963
0x357a,3845,0.000080820963
0x357b,3845,0.000080820963
0x357e,3845,0.000080820963
0x357f,3845,0.000080820963
0x3581,3845,0.000080820963
0x3584,2711,0.000056984559
0x3586,3845,0.000080820963
0x3587,3845,0.000080820963
0x3588,3845,0.000080820963
0x3589,3845,0.000080820963
0x358c,3845,0.000080820963
0x358d,3845,0.000080820963
0x358e,3845,0.000080820963
0x3590,3845,0.000080820963
0x3591,3845,0.000080820963
0x3593,3845,0.000080820963
0x3594,3845,0.000080820963
0x3596,3845,0.000080820963
0x3597,3845,0.000080820963
0x359a,3845,0.000080820963
0x359b,3845,0.000080820963
0x359c,3845,0.000080820963
0x359d,3845,0.000080820963
0x359f,3845,0.000080820963
0x35a2,3845,0.000080820963
0x35b0,19280,0.000405260900
0x35b1,19280,0.000405260900
0x35b2,19280,0.000405260900
0x35b3,11399,0.000239604201
0x35b4,11399,0.000239604201
0x35b5,11399,0.000239604201
0x35b6,11399,0.000239604201
0x35b7,11399,0.000239604201
0x35b8,11399,0.000239604201
0x35b9,11399,0.000239604201
0x35ba,11399,0.000239604201
0x35bd,10292,0.000216335331
0x35be,11399,0.000239604201
0x35bf,11399,0.000239604201
0x35c0,11399,0.000239604201
0x35c1,11399,0.000239604201
0x35c2,11399,0.000239604201
0x35c3,11399,0.000239604201
0x35c4,11399,0.000239604201
0x35c5,11399,0.000239604201
0x35c7,11399,0.000239604201
0x35c8,11399,0.000239604201
0x35c9,11399,0.000239604201
0x35ca,11399,0.000239604201
0x35cb,11399,0.000239604201
0x35cc,11399,0.000239604201
0x35cd,11399,0.000239604201
0x35ce,11399,0.000239604201
0x35cf,11399,0.000239604201
0x35d0,11399,0.000239604201
0x35d1,11399,0.000239604201
0x35d2,11399,0.000239604201
0x35d3,11399,0.000239604201
0x35d4,11399,0.000239604201
0x35d5,11399,0.000239604201
0x35d6,11399,0.000239604201
0x35d7,11399,0.000239604201
0x35d8,11399,0.000239604201
0x35d9,11399,0.000239604201
0x35da,11399,0.000239604201
0x35db,11399,0.000239604201
0x35e0,8866,0.000186361159
0x35e1,8866,0.000186361159
0x35e2,8866,0.000186361159
0x35e3,8866,0.000186361159
0x35e5,8866,0.000186361159
0x35e8,4501,0.000094609923
0x35e9,4501,0.000094609923
0x35ea,4501,0.000094609923
0x35eb,4501,0.000094609923
0x35ec,4501,0.000094609923
0x35ed,4501,0.000094609923
0x35ee,4501,0.000094609923
0x35ef,4501,0.000094609923
0x35f0,4501,0.000094609923
0x35f1,4501,0.000094609923
0x35f3,4501,0.000094609923
0x35f6,1303,0.000027388742
0x35f8,1303,0.000027388742
0x35f9,1303,0.000027388742
0x35fa,1303,0.000027388742
0x35fb,1303,0.000027388742
0x35fd,1303,0.000027388742
0x35fe,1303,0.000027388742
0x3601,167,0.000003510299
0x3602,167,0.000003510299
0x3603,167,0.000003510299
0x3604,1303,0.000027388742
0x3605,1303,0.000027388742
0x3606,1303,0.000027388742
0x3607,1303,0.000027388742
0x3608,1303,0.000027388742
0x3609,1303,0.000027388742
0x360a,1303,0.000027388742
0x360b,1303,0.000027388742
0x360c,1303,0.000027388742
0x360e,1303,0.000027388742
0x360f,1303,0.000027388742
0x3612,1200,0.000025223707
0x3613,1200,0.000025223707
0x3614,1200,0.000025223707
0x3615,1200,0.000025223707
0x3616,1200,0.000025223707
0x3618,1200,0.000025223707
0x3619,1200,0.000025223707
0x361a,1200,0.000025223707
0x361b,1200,0.000025223707
0x361c,809,0.000017004983
0x361f,809,0.000017004983
0x3620,809,0.000017004983
0x3621,809,0.000017004983
0x3622,297,0.000006242868
0x3623,297,0.000006242868
0x3624,297,0.000006242868
0x3628,4365,0.000091751236
0x362a,4365,0.000091751236
0x362d,4261,0.000089565181
0x362e,4261,0.000089565181
0x362f,4261,0.000089565181
0x3630,4261,0.000089565181
0x3631,4261,0.000089565181
0x3632,4261,0.000089565181
0x3633,4261,0.000089565181
0x3634,4261,0.000089565181
0x3635,4261,0.000089565181
0x3636,4261,0.000089565181
0x3637,4261,0.000089565181
0x363a,1321,0.000027767098
0x363c,1321,0.000027767098
0x363d,1321,0.000027767098
0x363e,1321,0.000027767098
0x363f,1321,0.000027767098
0x3641,1321,0.000027767098
0x3642,1321,0.000027767098
0x3645,172,0.000003615398
0x3646,172,0.000003615398
0x3647,172,0.000003615398
0x3648,1321,0.000027767098
0x3649,1321,0.000027767098
0x364a,1321,0.000027767098
0x364b,1321,0.000027767098
0x364c,1321,0.000027767098
0x364d,1321,0.000027767098
0x364e,1321,0.000027767098
0x364f,1321,0.000027767098
0x3650,1321,0.000027767098
0x3651,1321,0.000027767098
0x3652,1321,0.000027767098
0x3654,1321,0.000027767098
0x3655,1321,0.000027767098
0x3656,1321,0.000027767098
0x3657,1321,0.000027767098
0x365a,980,0.000020599361
0x365d,980,0.000020599361
0x365e,980,0.000020599361
0x3661,284,0.000005969611
0x3662,284,0.000005969611
0x3663,1321,0.000027767098
0x3665,1321,0.000027767098
0x3666,1321,0.000027767098
0x366a,3198,0.000067221180
0x366b,3198,0.000067221180
0x366c,3198,0.000067221180
0x366d,112,0.000002354213
0x366e,112,0.000002354213
0x366f,112,0.000002354213
0x3670,112,0.000002354213
0x3671,112,0.000002354213
0x3672,103,0.000002165035
0x3673,103,0.000002165035
0x3674,103,0.000002165035
0x3675,103,0.000002165035
0x3676,103,0.000002165035
0x3679,103,0.000002165035
0x367b,103,0.000002165035
0x367c,103,0.000002165035
0x367f,103,0.000002165035
0x3680,103,0.000002165035
0x3683,103,0.000002165035
0x3684,103,0.000002165035
0x3686,103,0.000002165035
0x3689,103,0.000002165035
0x368a,103,0.000002165035
0x368b,103,0.000002165035
0x368d,103,0.000002165035
0x368e,80,0.000001681580
0x3690,80,0.000001681580
0x3691,65,0.000001366284
0x3692,65,0.000001366284
0x3695,2940,0.000061798083
0x3696,2940,0.000061798083
0x3697,2940,0.000061798083
0x3698,2940,0.000061798083
0x3699,2940,0.000061798083
0x369a,2940,0.000061798083
0x369b,2940,0.000061798083
0x369c,2940,0.000061798083
0x369d,80,0.000001681580
0x369e,80,0.000001681580
0x36a0,80,0.000001681580
0x36a1,80,0.000001681580
0x36a4,80,0.000001681580
0x36a6,80,0.000001681580
0x36a7,80,0.000001681580
0x36aa,75,0.000001576482
0x36ab,80,0.000001681580
0x36ae,80,0.000001681580
0x36b0,80,0.000001681580
0x36b3,80,0.000001681580
0x36b4,80,0.000001681580
0x36b6,80,0.000001681580
0x36b7,77,0.000001618521
0x36b9,77,0.000001618521
0x36ba,75,0.000001576482
0x36bb,75,0.000001576482
0x36c0,2533,0.000053243043
0x36c1,2533,0.000053243043
0x36c2,2533,0.000053243043
0x36c3,1266,0.000026611011
0x36c4,1266,0.000026611011
0x36c5,1266,0.000026611011
0x36c6,1266,0.000026611011
0x36c8,1266,0.000026611011
0x36c9,1266,0.000026611011
0x36cc,211,0.000004435169
0x36cd,211,0.000004435169
0x36ce,211,0.000004435169
0x36cf,211,0.000004435169
0x36d2,3431,0.000072118784
0x36d3,3431,0.000072118784
0x36d4,3431,0.000072118784
0x36d5,3431,0.000072118784
0x36d6,3431,0.000072118784
0x36d7,3431,0.000072118784
0x36d8,128,0.000002690529
0x36d9,128,0.000002690529
0x36da,128,0.000002690529
0x36db,128,0.000002690529
0x36dc,128,0.000002690529
0x36dd,128,0.000002690529
0x36de,128,0.000002690529
0x36e1,128,0.000002690529
0x36e3,128,0.000002690529
0x36e6,128,0.000002690529
0x36ea,4305,0.000090490051
0x36eb,4305,0.000090490051
0x36ec,4305,0.000090490051
0x36ed,4305,0.000090490051
0x36ee,4305,0.000090490051
0x36ef,4305,0.000090490051
0x36f0,933,0.000019611433
0x36f1,933,0.000019611433
0x36f2,933,0.000019611433
0x36f3,933,0.000019611433
0x36f5,933,0.000019611433
0x36f6,65,0.000001366284
0x36f7,65,0.000001366284
0x36f8,65,0.000001366284
0x36f9,65,0.000001366284
0x36fa,65,0.000001366284
0x36fb,65,0.000001366284
0x36fc,65,0.000001366284
0x36fd,65,0.000001366284
0x36fe,65,0.000001366284
0x3701,65,0.000001366284
0x3703,65,0.000001366284
0x3706,65,0.000001366284
0x370a,3452,0.000072560199
0x370b,3452,0.000072560199
0x370c,3452,0.000072560199
0x370d,3452,0.000072560199
0x370e,3452,0.000072560199
0x370f,3452,0.000072560199
0x3710,298,0.000006263887
0x3711,298,0.000006263887
0x3712,298,0.000006263887
0x3713,298,0.000006263887
0x3715,298,0.000006263887
0x3716,96,0.000002017897
0x3717,96,0.000002017897
0x3718,96,0.000002017897
0x3719,96,0.000002017897
0x371a,96,0.000002017897
0x371b,96,0.000002017897
0x371c,96,0.000002017897
0x371d,96,0.000002017897
0x371e,96,0.000002017897
0x3721,96,0.000002017897
0x3723,96,0.000002017897
0x3726,96,0.000002017897
0x3729,96,0.000002017897
0x372a,96,0.000002017897
0x372c,96,0.000002017897
0x372d,46,0.000000966909
0x372e,46,0.000000966909
0x3730,46,0.000000966909
0x3731,46,0.000000966909
0x3732,46,0.000000966909
0x3733,46,0.000000966909
0x3734,46,0.000000966909
0x3735,46,0.000000966909
0x3736,46,0.000000966909
0x3739,46,0.000000966909
0x373b,46,0.000000966909
0x373e,46,0.000000966909
0x3744,104,0.000002186055
0x3746,104,0.000002186055
0x3747,104,0.000002186055
0x3748,104,0.000002186055
0x3749,104,0.000002186055
0x374a,104,0.000002186055
0x374c,104,0.000002186055
0x374d,104,0.000002186055
0x374e,104,0.000002186055
0x3750,104,0.000002186055
0x3751,104,0.000002186055
0x3752,15,0.000000315296
0x3753,15,0.000000315296
0x3754,15,0.000000315296
0x3758,17408,0.000365911917
0x3759,17408,0.000365911917
0x375a,17408,0.000365911917
0x375b,240,0.000005044741
0x375c,240,0.000005044741
0x375f,225,0.000004729445
0x3760,225,0.000004729445
0x3761,225,0.000004729445
0x3764,120,0.000002522371
0x3766,120,0.000002522371
0x3767,120,0.000002522371
0x3769,120,0.000002522371
0x376a,120,0.000002522371
0x376b,120,0.000002522371
0x376c,120,0.000002522371
0x376d,120,0.000002522371
0x376e,120,0.000002522371
0x376f,120,0.000002522371
0x3770,120,0.000002522371
0x3771,120,0.000002522371
0x3772,120,0.000002522371
0x3773,120,0.000002522371
0x3774,120,0.000002522371
0x3777,120,0.000002522371
0x377a,120,0.000002522371
0x377b,120,0.000002522371
0x377c,120,0.000002522371
0x377d,120,0.000002522371
0x377e,120,0.000002522371
0x3780,120,0.000002522371
0x3781,120,0.000002522371
0x3782,120,0.000002522371
0x3783,120,0.000002522371
0x3786,120,0.000002522371
0x3787,120,0.000002522371
0x3788,104,0.000002186055
0x3789,104,0.000002186055
0x378c,104,0.000002186055
0x378e,104,0.000002186055
0x378f,104,0.000002186055
0x3791,104,0.000002186055
0x3792,104,0.000002186055
0x3796,120,0.000002522371
0x3798,120,0.000002522371
0x3799,120,0.000002522371
0x379b,120,0.000002522371
0x379e,45,0.000000945889
0x379f,120,0.000002522371
0x37a0,120,0.000002522371
0x37a1,120,0.000002522371
0x37a4,120,0.000002522371
0x37a5,120,0.000002522371
0x37a6,81,0.000001702600
0x37a7,81,0.000001702600
0x37aa,81,0.000001702600
0x37b0,105,0.000002207074
0x37b1,105,0.000002207074
0x37b2,105,0.000002207074
0x37b3,105,0.000002207074
0x37b4,105,0.000002207074
0x37b5,105,0.000002207074
0x37b6,105,0.000002207074
0x37b7,105,0.000002207074
0x37b8,105,0.000002207074
0x37b9,105,0.000002207074
0x37ba,105,0.000002207074
0x37bb,105,0.000002207074
0x37be,105,0.000002207074
0x37c0,105,0.000002207074
0x37c1,105,0.000002207074
0x37c4,105,0.000002207074
0x37c6,105,0.000002207074
0x37cc,15,0.000000315296
0x37cd,15,0.000000315296
0x37ce,15,0.000000315296
0x37cf,15,0.000000315296
0x37d0,15,0.000000315296
0x37d2,15,0.000000315296
0x37d4,15,0.000000315296
0x37d5,15,0.000000315296
0x37d7,15,0.000000315296
0x37da,15,0.000000315296
0x37dd,390,0.000008197705
0x37de,390,0.000008197705
0x37df,390,0.000008197705
0x37e0,390,0.000008197705
0x37e1,390,0.000008197705
0x37e2,390,0.000008197705
0x37e5,15,0.000000315296
0x3800,9026,0.000189724320
0x3803,9026,0.000189724320
0x3805,9026,0.000189724320
0x3806,4609,0.000096880056
0x3809,4609,0.000096880056
0x380b,4609,0.000096880056
0x380c,4609,0.000096880056
0x380f,4609,0.000096880056
0x3810,4609,0.000096880056
0x3813,4609,0.000096880056
0x3815,4609,0.000096880056
0x3816,4609,0.000096880056
0x3819,4609,0.000096880056
0x381a,4609,0.000096880056
0x381b,4609,0.000096880056
0x381d,4609,0.000096880056
0x381e,4609,0.000096880056
0x381f,4609,0.000096880056
0x3820,4609,0.000096880056
0x3822,4609,0.000096880056
0x3823,66,0.000001387304
0x3824,66,0.000001387304
0x3827,66,0.000001387304
0x3829,66,0.000001387304
0x382b,66,0.000001387304
0x382c,66,0.000001387304
0x382e,66,0.000001387304
0x382f,66,0.000001387304
0x3830,66,0.000001387304
0x3832,66,0.000001387304
0x3833,66,0.000001387304
0x3834,66,0.000001387304
0x3835,66,0.000001387304
0x3837,66,0.000001387304
0x3838,66,0.000001387304
0x3839,66,0.000001387304
0x383b,66,0.000001387304
0x383c,66,0.000001387304
0x383e,66,0.000001387304
0x3841,41,0.000000861810
0x3844,47,0.000000987929
0x3846,47,0.000000987929
0x3847,47,0.000000987929
0x3849,47,0.000000987929
0x384a,47,0.000000987929
0x384b,47,0.000000987929
0x384c,25,0.000000525494
0x384f,25,0.000000525494
0x3850,25,0.000000525494
0x3851,25,0.000000525494
0x3853,25,0.000000525494
0x3854,25,0.000000525494
0x3855,25,0.000000525494
0x3856,25,0.000000525494
0x3857,25,0.000000525494
0x3858,25,0.000000525494
0x3859,25,0.000000525494
0x385c,25,0.000000525494
0x385d,25,0.000000525494
0x385f,25,0.000000525494
0x3862,12,0.000000252237
0x3863,12,0.000000252237
0x3865,12,0.000000252237
0x3868,12,0.000000252237
0x386b,12,0.000000252237
0x386e,12,0.000000252237
0x386f,12,0.000000252237
0x3871,12,0.000000252237
0x3874,6,0.000000126119
0x3875,6,0.000000126119
0x3876,6,0.000000126119
0x3878,6,0.000000126119
0x387a,6,0.000000126119
0x387b,6,0.000000126119
0x387c,6,0.000000126119
0x387e,6,0.000000126119
0x3881,6,0.000000126119
0x3882,6,0.000000126119
0x3883,6,0.000000126119
0x3884,6,0.000000126119
0x3885,6,0.000000126119
0x3887,6,0.000000126119
0x388a,5,0.000000105099
0x388b,5,0.000000105099
0x388c,5,0.000000105099
0x388d,5,0.000000105099
0x3894,13,0.000000273257
0x3897,13,0.000000273257
0x3899,13,0.000000273257
0x389c,13,0.000000273257
0x38a1,29,0.000000609573
0x38a2,29,0.000000609573
0x38a4,29,0.000000609573
0x38a5,29,0.000000609573
0x38a6,29,0.000000609573
0x38a7,29,0.000000609573
0x38a8,29,0.000000609573
0x38a9,29,0.000000609573
0x38ac,29,0.000000609573
0x38ae,29,0.000000609573
0x38af,29,0.000000609573
0x38b1,29,0.000000609573
0x38b4,29,0.000000609573
0x38b5,29,0.000000609573
0x38bc,36,0.000000756711
0x38be,36,0.000000756711
0x38bf,36,0.000000756711
0x38c1,36,0.000000756711
0x38c2,36,0.000000756711
0x38c3,36,0.000000756711
0x38c4,4,0.000000084079
0x38c7,4,0.000000084079
0x38c8,4,0.000000084079
0x38ca,4,0.000000084079
0x38cd,4,0.000000084079
0x38cf,4,0.000000084079
0x38d2,2,0.000000042040
0x38d3,2,0.000000042040
0x38d4,2,0.000000042040
0x38d5,2,0.000000042040
0x38d7,2,0.000000042040
0x38d8,2,0.000000042040
0x38db,2,0.000000042040
0x38dc,2,0.000000042040
0x38dd,2,0.000000042040
0x38de,2,0.000000042040
0x38df,2,0.000000042040
0x38e1,2,0.000000042040
0x38e2,2,0.000000042040
0x38e4,2,0.000000042040
0x38e5,2,0.000000042040
0x38e7,2,0.000000042040
0x38e8,2,0.000000042040
0x38e9,4,0.000000084079
0x38eb,4,0.000000084079
0x38ee,4,0.000000084079
0x38f1,4,0.000000084079
0x38f8,17,0.000000357336
0x38fb,29,0.000000609573
0x38fc,29,0.000000609573
0x38fd,29,0.000000609573
0x3900,1,0.000000021020
0x3901,1,0.000000021020
0x3902,1,0.000000021020
0x3903,1,0.000000021020
0x3904,1,0.000000021020
0x3905,1,0.000000021020
0x3906,29,0.000000609573
0x3907,29,0.000000609573
0x3908,29,0.000000609573
0x3909,29,0.000000609573
0x390a,29,0.000000609573
0x390d,29,0.000000609573
0x390e,29,0.000000609573
0x390f,29,0.000000609573
0x3912,29,0.000000609573
0x3913,29,0.000000609573
0x3916,29,0.000000609573
0x3918,29,0.000000609573
0x391b,29,0.000000609573
0x391c,41,0.000000861810
0x391d,41,0.000000861810
0x391f,41,0.000000861810
0x3922,5,0.000000105099
0x3923,8947,0.000188063759
0x3930,1922,0.000040399971
0x3933,1922,0.000040399971
0x3935,1922,0.000040399971
0x3937,1922,0.000040399971
0x3938,1922,0.000040399971
0x393a,1922,0.000040399971
0x393b,1922,0.000040399971
0x393c,1922,0.000040399971
0x393d,1922,0.000040399971
0x393f,1922,0.000040399971
0x3942,961,0.000020199986
0x3945,961,0.000020199986
0x3946,961,0.000020199986
0x3947,961,0.000020199986
0x394a,961,0.000020199986
0x394b,961,0.000020199986
0x394c,6078,0.000127758078
0x394d,6078,0.000127758078
0x3950,5873,0.000123449028
0x3951,5873,0.000123449028
0x3952,5873,0.000123449028
0x3954,5873,0.000123449028
0x3955,5873,0.000123449028
0x3956,5873,0.000123449028
0x3959,756,0.000015890936
0x395c,6078,0.000127758078
0x395d,6078,0.000127758078
0x395f,6078,0.000127758078
0x3960,1521,0.000031971049
0x3961,1521,0.000031971049
0x3963,1521,0.000031971049
0x3964,1521,0.000031971049
0x3965,1521,0.000031971049
0x3966,1521,0.000031971049
0x3967,1153,0.000024235779
0x3968,1153,0.000024235779
0x3969,205,0.000004309050
0x396b,205,0.000004309050
0x396c,205,0.000004309050
0x396d,205,0.000004309050
0x396e,205,0.000004309050
0x396f,205,0.000004309050
0x3972,205,0.000004309050
0x3973,205,0.000004309050
0x3975,205,0.000004309050
0x3976,205,0.000004309050
0x3977,205,0.000004309050
0x3978,205,0.000004309050
0x397a,205,0.000004309050
0x397b,205,0.000004309050
0x3980,4228,0.000088871529
0x3983,4228,0.000088871529
0x3985,4228,0.000088871529
0x3986,297,0.000006242868
0x3988,297,0.000006242868
0x3989,285,0.000005990631
0x398c,285,0.000005990631
0x398f,285,0.000005990631
0x3991,285,0.000005990631
0x3994,285,0.000005990631
0x3996,285,0.000005990631
0x3998,285,0.000005990631
0x399b,285,0.000005990631
0x399d,285,0.000005990631
0x39a0,285,0.000005990631
0x39a2,285,0.000005990631
0x39a5,285,0.000005990631
0x39a7,285,0.000005990631
0x39a9,285,0.000005990631
0x39ac,285,0.000005990631
0x39af,285,0.000005990631
0x39b0,285,0.000005990631
0x39b3,144,0.000003026845
0x39b4,144,0.000003026845
0x39b6,144,0.000003026845
0x39b7,144,0.000003026845
0x39b9,144,0.000003026845
0x39ba,144,0.000003026845
0x39bb,144,0.000003026845
0x39bc,144,0.000003026845
0x39be,144,0.000003026845
0x39bf,285,0.000005990631
0x39c0,285,0.000005990631
0x39c3,570,0.000011981261
0x39c6,570,0.000011981261
0x39c9,570,0.000011981261
0x39ca,570,0.000011981261
0x39cc,570,0.000011981261
0x39cf,570,0.000011981261
0x39d2,570,0.000011981261
0x39d3,570,0.000011981261
0x39d4,570,0.000011981261
0x39d6,570,0.000011981261
0x39d8,570,0.000011981261
0x39db,285,0.000005990631
0x39de,285,0.000005990631
0x39e1,285,0.000005990631
0x39e3,285,0.000005990631
0x39e6,285,0.000005990631
0x39e8,285,0.000005990631
0x39ea,285,0.000005990631
0x3a00,1922,0.000040399971
0x3a03,1922,0.000040399971
0x3a05,1922,0.000040399971
0x3a06,1922,0.000040399971
0x3a07,1922,0.000040399971
0x3a08,1922,0.000040399971
0x3a0b,1922,0.000040399971
0x3a0c,1922,0.000040399971
0x3a0d,1922,0.000040399971
0x3a0e,961,0.000020199986
0x3a0f,961,0.000020199986
0x3a10,9331,0.000196135345
0x3a13,9331,0.000196135345
0x3a14,9331,0.000196135345
0x3a15,9331,0.000196135345
0x3a18,384,0.000008071586
0x3a1a,384,0.000008071586
0x3a1c,384,0.000008071586
0x3a1d,8947,0.000188063759
0x3a20,8947,0.000188063759
0x3a21,8947,0.000188063759
0x3a22,8947,0.000188063759
0x3a25,384,0.000008071586
0x3a27,384,0.000008071586
0x3a2a,12,0.000000252237
0x3a2c,384,0.000008071586
0x3a2d,384,0.000008071586
0x3a2e,384,0.000008071586
0x3a2f,384,0.000008071586
0x3a30,384,0.000008071586
0x3a31,384,0.000008071586
0x3a32,384,0.000008071586
0x3a34,384,0.000008071586
0x3a36,384,0.000008071586
0x3a37,384,0.000008071586
0x3a39,384,0.000008071586
0x3a3b,384,0.000008071586
0x3a3d,384,0.000008071586
0x3a3f,384,0.000008071586
0x3a40,8563,0.000179992173
0x3a42,8563,0.000179992173
0x3a43,8563,0.000179992173
0x3a44,8563,0.000179992173
0x3a47,672,0.000014125276
0x3a49,672,0.000014125276
0x3a4c,42,0.000000882830
0x3a4e,672,0.000014125276
0x3a4f,672,0.000014125276
0x3a50,672,0.000014125276
0x3a51,672,0.000014125276
0x3a52,672,0.000014125276
0x3a53,672,0.000014125276
0x3a54,672,0.000014125276
0x3a56,672,0.000014125276
0x3a58,672,0.000014125276
0x3a5a,672,0.000014125276
0x3a5b,672,0.000014125276
0x3a5d,672,0.000014125276
0x3a5f,672,0.000014125276
0x3a62,7891,0.000165866896
0x3a64,7891,0.000165866896
0x3a65,7891,0.000165866896
0x3a66,7891,0.000165866896
0x3a67,114,0.000002396252
0x3a69,114,0.000002396252
0x3a6c,14,0.000000294277
0x3a6e,14,0.000000294277
0x3a71,14,0.000000294277
0x3a73,14,0.000000294277
0x3a76,10,0.000000210198
0x3a78,114,0.000002396252
0x3a79,114,0.000002396252
0x3a7b,114,0.000002396252
0x3a7c,114,0.000002396252
0x3a7e,114,0.000002396252
0x3a80,114,0.000002396252
0x3a81,114,0.000002396252
0x3a82,8947,0.000188063759
0x3a85,8947,0.000188063759
0x3a86,8947,0.000188063759
0x3a88,8947,0.000188063759
0x3a89,2985,0.000062743972
0x3a8b,2985,0.000062743972
0x3a8c,2985,0.000062743972
0x3a8e,2985,0.000062743972
0x3a8f,2985,0.000062743972
0x3a90,8947,0.000188063759
0x3a93,8947,0.000188063759
0x3a94,8947,0.000188063759
0x3a95,8947,0.000188063759
0x3a98,5256,0.000110479839
0x3a9b,5256,0.000110479839
0x3a9e,5256,0.000110479839
0x3aa1,84096,0.001767677421
0x3aa2,84096,0.001767677421
0x3aa3,84096,0.001767677421
0x3aa4,84096,0.001767677421
0x3aa7,48123,0.001011533729
0x3aa8,48123,0.001011533729
0x3aaa,48123,0.001011533729
0x3aad,16166,0.000339805379
0x3aae,84096,0.001767677421
0x3aaf,84096,0.001767677421
0x3ab0,84096,0.001767677421
0x3ab1,84096,0.001767677421
0x3ab2,84096,0.001767677421
0x3ab5,5256,0.000110479839
0x3ab6,5256,0.000110479839
0x3ab7,5256,0.000110479839
0x3ab8,3928,0.000082565603
0x3aba,3928,0.000082565603
0x3abd,704,0.000014797908
0x3abf,3928,0.000082565603
0x3ac1,3928,0.000082565603
0x3ac2,3928,0.000082565603
0x3ac5,3928,0.000082565603
0x3ac6,3928,0.000082565603
0x3ac8,3928,0.000082565603
0x3ac9,3928,0.000082565603
0x3aca,3928,0.000082565603
0x3ad0,2332,0.000049018072
0x3ad3,2332,0.000049018072
0x3ad4,2332,0.000049018072
0x3ad6,2332,0.000049018072
0x3ad7,2332,0.000049018072
0x3ad8,2332,0.000049018072
0x3ada,2332,0.000049018072
0x3adb,2332,0.000049018072
0x3adc,2332,0.000049018072
0x3add,2332,0.000049018072
0x3adf,2332,0.000049018072
0x3ae0,2332,0.000049018072
0x3ae1,2332,0.000049018072
0x3ae3,2332,0.000049018072
0x3ae4,2332,0.000049018072
0x3ae5,2332,0.000049018072
0x3ae6,2332,0.000049018072
0x3ae9,2266,0.000047630768
0x3aec,2266,0.000047630768
0x3aee,2266,0.000047630768
0x3aef,2266,0.000047630768
0x3af1,2266,0.000047630768
0x3af2,2266,0.000047630768
0x3af3,2266,0.000047630768
0x3af4,63,0.000001324245
0x3af6,63,0.000001324245
0x3af8,66,0.000001387304
0x3afa,66,0.000001387304
0x3afb,66,0.000001387304
0x3afc,66,0.000001387304
0x3afd,66,0.000001387304
0x3aff,66,0.000001387304
0x3b00,66,0.000001387304
0x3b02,2029,0.000042649085
0x3b05,2029,0.000042649085
0x3b06,2029,0.000042649085
0x3b08,2029,0.000042649085
0x3b09,667,0.000014020177
0x3b0a,667,0.000014020177
0x3b0b,667,0.000014020177
0x3b0c,667,0.000014020177
0x3b0e,667,0.000014020177
0x3b10,667,0.000014020177
0x3b12,667,0.000014020177
0x3b13,224,0.000004708425
0x3b14,224,0.000004708425
0x3b16,224,0.000004708425
0x3b18,224,0.000004708425
0x3b19,224,0.000004708425
0x3b1b,8947,0.000188063759
0x3b1e,8947,0.000188063759
0x3b1f,8947,0.000188063759
0x3b20,8947,0.000188063759
0x3b21,192,0.000004035793
0x3b23,192,0.000004035793
0x3b26,3,0.000000063059
0x3b28,192,0.000004035793
0x3b29,192,0.000004035793
0x3b2a,192,0.000004035793
0x3b2c,192,0.000004035793
0x3b2d,192,0.000004035793
0x3b2e,192,0.000004035793
0x3b30,192,0.000004035793
0x3b31,192,0.000004035793
0x3b33,8947,0.000188063759
0x3b36,8947,0.000188063759
0x3b37,8947,0.000188063759
0x3b38,8947,0.000188063759
0x3b39,255,0.000005360038
0x3b3a,255,0.000005360038
0x3b3c,255,0.000005360038
0x3b3e,255,0.000005360038
0x3b40,255,0.000005360038
0x3b41,255,0.000005360038
0x3b43,8947,0.000188063759
0x3b46,8947,0.000188063759
0x3b47,8947,0.000188063759
0x3b49,8947,0.000188063759
0x3b4c,8947,0.000188063759
0x3b4f,8947,0.000188063759
0x3b52,8947,0.000188063759
0x3b55,8947,0.000188063759
0x3b58,8947,0.000188063759
0x3b5b,8947,0.000188063759
