pc,count,frequency
0x0000,1,0.000000025451
0x0001,1,0.000000025451
0x0002,1,0.000000025451
0x0003,1,0.000000025451
0x0004,1,0.000000025451
0x0005,1,0.000000025451
0x0006,1,0.000000025451
0x0007,1,0.000000025451
0x0008,1,0.000000025451
0x000b,1,0.000000025451
0x000d,1,0.000000025451
0x000f,1,0.000000025451
0x0012,1,0.000000025451
0x0015,1,0.000000025451
0x0017,1,0.000000025451
0x001a,22251,0.000566300746
0x001d,22250,0.000566275295
0x0020,22250,0.000566275295
0x0021,22250,0.000566275295
0x0024,5777,0.000147027972
0x0027,5777,0.000147027972
0x002a,5777,0.000147027972
0x002d,16473,0.000419247323
0x002f,16473,0.000419247323
0x0031,16473,0.000419247323
0x0032,16473,0.000419247323
0x0034,16473,0.000419247323
0x0035,16473,0.000419247323
0x0038,16473,0.000419247323
0x0039,16473,0.000419247323
0x003c,16473,0.000419247323
0x003d,16473,0.000419247323
0x0040,7,0.000000178154
0x0043,7,0.000000178154
0x0046,16466,0.000419069169
0x0049,16466,0.000419069169
0x0050,1,0.000000025451
0x0052,1,0.000000025451
0x0054,1,0.000000025451
0x0056,1,0.000000025451
0x0058,1,0.000000025451
0x005a,1,0.000000025451
0x005c,1,0.000000025451
0x005f,1,0.000000025451
0x0061,1,0.000000025451
0x0063,1,0.000000025451
0x0066,1,0.000000025451
0x0068,1,0.000000025451
0x006a,1,0.000000025451
0x006b,2,0.000000050901
0x006e,2,0.000000050901
0x0070,6130,0.000156012025
0x0072,6130,0.000156012025
0x0073,6130,0.000156012025
0x0074,6130,0.000156012025
0x0077,2,0.000000050901
0x0078,864,0.000021989297
0x007b,864,0.000021989297
0x0080,2336150,0.059456360955
0x0082,2336150,0.059456360955
0x0083,2336149,0.059456335505
0x0085,2336149,0.059456335505
0x0088,44505,0.001132677844
0x0089,44505,0.001132677844
0x008b,44505,0.001132677844
0x008e,22284,0.000567140615
0x0090,22284,0.000567140615
0x0091,22284,0.000567140615
0x0094,22284,0.000567140615
0x0095,22284,0.000567140615
0x0096,22284,0.000567140615
0x0097,22284,0.000567140615
0x0098,22284,0.000567140615
0x009a,22284,0.000567140615
0x009d,22284,0.000567140615
0x009f,22284,0.000567140615
0x00a0,22284,0.000567140615
0x00a2,22284,0.000567140615
0x00a3,22284,0.000567140615
0x00a6,22284,0.000567140615
0x00a8,22284,0.000567140615
0x00ab,22284,0.000567140615
0x00ac,1,0.000000025451
0x00ae,1,0.000000025451
0x00af,1,0.000000025451
0x00b0,1,0.000000025451
0x00b2,1,0.000000025451
0x00b5,1,0.000000025451
0x00bb,44190,0.001124660912
0x00be,44190,0.001124660912
0x00bf,44190,0.001124660912
0x00c0,44190,0.001124660912
0x00c1,44190,0.001124660912
0x00c2,44190,0.001124660912
0x00c3,44190,0.001124660912
0x00c4,2104,0.000053548010
0x00c5,2104,0.000053548010
0x00c7,2104,0.000053548010
0x00c9,2104,0.000053548010
0x00ca,2104,0.000053548010
0x00cd,2104,0.000053548010
0x00ce,2104,0.000053548010
0x00cf,2104,0.000053548010
0x00d0,2104,0.000053548010
0x00d1,2104,0.000053548010
0x00d2,2104,0.000053548010
0x00d3,2104,0.000053548010
0x00d4,2104,0.000053548010
0x00d6,2104,0.000053548010
0x00d8,2104,0.000053548010
0x00d9,2104,0.000053548010
0x00dc,2104,0.000053548010
0x00dd,2104,0.000053548010
0x00de,2104,0.000053548010
0x00e1,734,0.000018680722
0x00e3,16466,0.000419069169
0x00e6,16466,0.000419069169
0x00e9,16466,0.000419069169
0x00ec,16466,0.000419069169
0x00ef,16466,0.000419069169
0x00f2,16461,0.000418941916
0x00f5,16461,0.000418941916
0x00f8,16461,0.000418941916
0x00fb,16461,0.000418941916
0x00fe,15312,0.000389699206
0x0101,15312,0.000389699206
0x0104,15312,0.000389699206
0x0107,15309,0.000389622854
0x0109,15309,0.000389622854
0x010c,15309,0.000389622854
0x010f,15306,0.000389546502
0x0111,15306,0.000389546502
0x0114,15306,0.000389546502
0x0117,15303,0.000389470150
0x0119,15303,0.000389470150
0x011c,15303,0.000389470150
0x011f,15303,0.000389470150
0x0122,14439,0.000367480853
0x0125,14439,0.000367480853
0x0128,14439,0.000367480853
0x012b,14439,0.000367480853
0x012e,13911,0.000354042950
0x0131,13911,0.000354042950
0x0134,13911,0.000354042950
0x0137,13911,0.000354042950
0x013a,729,0.000018553469
0x0140,17,0.000000432660
0x0143,17,0.000000432660
0x0146,17,0.000000432660
0x0149,17,0.000000432660
0x014c,17,0.000000432660
0x014e,17,0.000000432660
0x014f,17,0.000000432660
0x0151,17,0.000000432660
0x0152,17,0.000000432660
0x0153,17,0.000000432660
0x0154,17,0.000000432660
0x0156,17,0.000000432660
0x0158,17,0.000000432660
0x015b,17,0.000000432660
0x015d,17,0.000000432660
0x015f,17,0.000000432660
0x0161,17,0.000000432660
0x0164,17,0.000000432660
0x0166,17,0.000000432660
0x0167,17,0.000000432660
0x0168,17,0.000000432660
0x016a,17,0.000000432660
0x016b,17,0.000000432660
0x016d,17,0.000000432660
0x016f,17,0.000000432660
0x0172,17,0.000000432660
0x0173,13176,0.000335336777
0x0174,13176,0.000335336777
0x0176,13176,0.000335336777
0x0178,13176,0.000335336777
0x017a,13176,0.000335336777
0x017b,9966,0.000253640431
0x017d,9966,0.000253640431
0x017e,9864,0.000251044473
0x0180,9864,0.000251044473
0x0182,9864,0.000251044473
0x0183,3441,0.000087575429
0x0185,3441,0.000087575429
0x0186,3339,0.000084979470
0x0188,3339,0.000084979470
0x018a,3339,0.000084979470
0x018b,105,0.000002672310
0x018d,105,0.000002672310
0x018e,105,0.000002672310
0x018f,105,0.000002672310
0x0191,105,0.000002672310
0x0192,6,0.000000152703
0x0194,6,0.000000152703
0x0196,2013,0.000051232008
0x0197,2013,0.000051232008
0x0199,2013,0.000051232008
0x019b,2013,0.000051232008
0x019c,1639,0.000041713493
0x019d,1639,0.000041713493
0x019e,1639,0.000041713493
0x01a0,1639,0.000041713493
0x01a1,1639,0.000041713493
0x01a2,1639,0.000041713493
0x01a3,1639,0.000041713493
0x01a5,1639,0.000041713493
0x01a6,1639,0.000041713493
0x01a7,1639,0.000041713493
0x01a8,1639,0.000041713493
0x01ab,1639,0.000041713493
0x01ae,1639,0.000041713493
0x01af,1639,0.000041713493
0x01b0,1639,0.000041713493
0x01b1,1639,0.000041713493
0x01b2,1639,0.000041713493
0x01b3,1639,0.000041713493
0x01b4,1639,0.000041713493
0x01b5,1639,0.000041713493
0x01b6,1639,0.000041713493
0x01b7,1639,0.000041713493
0x01b8,1639,0.000041713493
0x01b9,1639,0.000041713493
0x01ba,1639,0.000041713493
0x01bb,1639,0.000041713493
0x01bd,1639,0.000041713493
0x01be,1639,0.000041713493
0x01c1,20321,0.000517181136
0x01c4,20321,0.000517181136
0x01c5,20321,0.000517181136
0x01c8,1639,0.000041713493
0x01c9,1639,0.000041713493
0x01ca,1639,0.000041713493
0x01d0,4778,0.000121602848
0x01d1,4778,0.000121602848
0x01d2,4778,0.000121602848
0x01d3,4778,0.000121602848
0x01d4,4778,0.000121602848
0x01d6,4778,0.000121602848
0x01d7,4778,0.000121602848
0x01d9,4778,0.000121602848
0x01dc,4778,0.000121602848
0x01dd,4778,0.000121602848
0x01e0,2707,0.000068894707
0x01e1,8,0.000000203605
0x01e4,1031,0.000026239543
0x01e7,1031,0.000026239543
0x01e9,1031,0.000026239543
0x01ed,124228,0.003161674040
0x01ee,124228,0.003161674040
0x01ef,124228,0.003161674040
0x01f0,124228,0.003161674040
0x01f3,124228,0.003161674040
0x01f4,124228,0.003161674040
0x01f7,4778,0.000121602848
0x0200,38750,0.000986209784
0x0201,38750,0.000986209784
0x0202,136,0.000003461278
0x0203,136,0.000003461278
0x0204,136,0.000003461278
0x0205,136,0.000003461278
0x0206,1639,0.000041713493
0x0207,1639,0.000041713493
0x0208,1639,0.000041713493
0x0209,1639,0.000041713493
0x020a,1639,0.000041713493
0x020b,1639,0.000041713493
0x020c,1639,0.000041713493
0x020d,1639,0.000041713493
0x020e,1639,0.000041713493
0x0210,10182,0.000259137755
0x0211,10182,0.000259137755
0x0213,10182,0.000259137755
0x0214,10182,0.000259137755
0x0215,2263,0.000057594651
0x0216,2263,0.000057594651
0x0217,255896,0.006512700359
0x0218,255896,0.006512700359
0x021a,255896,0.006512700359
0x021b,255896,0.006512700359
0x021c,36774,0.000935919448
0x021d,36774,0.000935919448
0x0220,37,0.000000941671
0x0221,37,0.000000941671
0x0222,37,0.000000941671
0x0223,37,0.000000941671
0x0224,37,0.000000941671
0x0225,37,0.000000941671
0x0226,37,0.000000941671
0x0227,37,0.000000941671
0x0228,37,0.000000941671
0x0229,37,0.000000941671
0x022a,37,0.000000941671
0x022b,37,0.000000941671
0x022c,37,0.000000941671
0x022e,37,0.000000941671
0x022f,37,0.000000941671
0x0230,37,0.000000941671
0x0231,37,0.000000941671
0x0232,37,0.000000941671
0x0258,80153,0.002039939944
0x0259,80153,0.002039939944
0x025a,80153,0.002039939944
0x025b,321,0.000008169635
0x025c,321,0.000008169635
0x025d,321,0.000008169635
0x025e,321,0.000008169635
0x025f,321,0.000008169635
0x0260,60114,0.001529935870
0x0263,60114,0.001529935870
0x0264,58347,0.001484964704
0x0267,58347,0.001484964704
0x0270,83613,0.002127998934
0x0271,83613,0.002127998934
0x0272,83613,0.002127998934
0x0273,83613,0.002127998934
0x0274,83613,0.002127998934
0x0275,83613,0.002127998934
0x0276,83613,0.002127998934
0x0277,58347,0.001484964704
0x0278,58347,0.001484964704
0x0279,58347,0.001484964704
0x027a,58347,0.001484964704
0x027b,58347,0.001484964704
0x027c,58347,0.001484964704
0x027d,58347,0.001484964704
0x0288,7,0.000000178154
0x028b,7,0.000000178154
0x028e,7,0.000000178154
0x0290,7,0.000000178154
0x0293,7,0.000000178154
0x0295,7,0.000000178154
0x0298,7,0.000000178154
0x029a,7,0.000000178154
0x02a7,7,0.000000178154
0x02aa,7,0.000000178154
0x02ab,7,0.000000178154
0x02ac,7,0.000000178154
0x02ad,1,0.000000025451
0x02b0,1,0.000000025451
0x02b3,1,0.000000025451
0x02b6,1,0.000000025451
0x02b9,1,0.000000025451
0x02bc,1,0.000000025451
0x02be,1,0.000000025451
0x02c0,1,0.000000025451
0x02c3,1,0.000000025451
0x02c5,1,0.000000025451
0x02c7,1,0.000000025451
0x02cb,1,0.000000025451
0x02cd,1,0.000000025451
0x02cf,1,0.000000025451
0x02d4,1,0.000000025451
0x02d7,1,0.000000025451
0x02d8,1,0.000000025451
0x02db,1,0.000000025451
0x02dd,1,0.000000025451
0x02e3,1,0.000000025451
0x02e5,1,0.000000025451
0x02e6,1,0.000000025451
0x02e7,1,0.000000025451
0x02e8,1,0.000000025451
0x02ea,1,0.000000025451
0x02ed,1,0.000000025451
0x02f0,1,0.000000025451
0x02f3,1,0.000000025451
0x02f6,1,0.000000025451
0x02f9,1,0.000000025451
0x02fc,1,0.000000025451
0x02fe,1,0.000000025451
0x0300,1,0.000000025451
0x0303,1,0.000000025451
0x0306,1,0.000000025451
0x0308,1,0.000000025451
0x030b,1,0.000000025451
0x030d,1,0.000000025451
0x0310,1,0.000000025451
0x0314,39,0.000000992572
0x0315,39,0.000000992572
0x0316,39,0.000000992572
0x0317,39,0.000000992572
0x0318,39,0.000000992572
0x0319,39,0.000000992572
0x031a,39,0.000000992572
0x031b,39,0.000000992572
0x031c,39,0.000000992572
0x031d,39,0.000000992572
0x031e,39,0.000000992572
0x0320,2,0.000000050901
0x0321,2,0.000000050901
0x0322,2,0.000000050901
0x0323,2,0.000000050901
0x0324,2,0.000000050901
0x0325,2,0.000000050901
0x0326,2,0.000000050901
0x0327,2,0.000000050901
0x0328,2,0.000000050901
0x0329,2,0.000000050901
0x032a,2,0.000000050901
0x032e,1,0.000000025451
0x0331,8,0.000000203605
0x0333,8,0.000000203605
0x0334,8,0.000000203605
0x0335,8,0.000000203605
0x0337,8,0.000000203605
0x033a,1,0.000000025451
0x033c,1,0.000000025451
0x033f,1,0.000000025451
0x0341,1,0.000000025451
0x0344,1,0.000000025451
0x0346,1,0.000000025451
0x0349,1,0.000000025451
0x034b,1,0.000000025451
0x034e,1,0.000000025451
0x0350,1,0.000000025451
0x0353,1,0.000000025451
0x0355,1,0.000000025451
0x0357,1,0.000000025451
0x0358,1,0.000000025451
0x035b,1,0.000000025451
0x035c,1,0.000000025451
0x035e,1,0.000000025451
0x035f,1,0.000000025451
0x0361,1,0.000000025451
0x0367,4,0.000000101802
0x0369,4,0.000000101802
0x036a,4,0.000000101802
0x036c,4,0.000000101802
0x036f,4,0.000000101802
0x0370,4,0.000000101802
0x0371,4,0.000000101802
0x0373,4,0.000000101802
0x0376,4,0.000000101802
0x0377,16473,0.000419247323
0x037a,16473,0.000419247323
0x037b,16473,0.000419247323
0x037c,16473,0.000419247323
0x037d,16473,0.000419247323
0x0380,37,0.000000941671
0x0383,37,0.000000941671
0x0386,37,0.000000941671
0x0389,13468,0.000342768345
0x038a,13468,0.000342768345
0x038b,13468,0.000342768345
0x038c,13468,0.000342768345
0x038d,13468,0.000342768345
0x038e,13468,0.000342768345
0x038f,13468,0.000342768345
0x0390,13468,0.000342768345
0x0393,962,0.000024483453
0x0394,962,0.000024483453
0x0395,962,0.000024483453
0x0396,962,0.000024483453
0x0397,962,0.000024483453
0x0398,962,0.000024483453
0x0399,962,0.000024483453
0x039a,962,0.000024483453
0x039d,37,0.000000941671
0x03a0,187,0.000004759258
0x03a3,187,0.000004759258
0x03a6,77792,0.001979851136
0x03a7,77792,0.001979851136
0x03a8,77792,0.001979851136
0x03a9,77792,0.001979851136
0x03aa,77792,0.001979851136
0x03ab,77792,0.001979851136
0x03ac,77792,0.001979851136
0x03af,187,0.000004759258
0x03b0,13182,0.000335489481
0x03b3,13182,0.000335489481
0x03b6,13182,0.000335489481
0x03b9,10320,0.000262649935
0x03bc,10320,0.000262649935
0x03bf,10317,0.000262573583
0x03c2,10317,0.000262573583
0x03c5,10317,0.000262573583
0x03c8,7440,0.000189352279
0x03cb,7440,0.000189352279
0x03ce,13176,0.000335336777
0x03d1,13176,0.000335336777
0x03d4,13176,0.000335336777
0x03d5,13176,0.000335336777
0x03d7,13176,0.000335336777
0x03d8,13176,0.000335336777
0x03d9,13176,0.000335336777
0x03e2,3,0.000000076352
0x03e5,3,0.000000076352
0x03e8,3,0.000000076352
0x03eb,3,0.000000076352
0x03ee,3,0.000000076352
0x03f1,6,0.000000152703
0x03f4,6,0.000000152703
0x03f5,6,0.000000152703
0x03f7,6,0.000000152703
0x03f8,6,0.000000152703
0x03fa,6,0.000000152703
0x03fb,6,0.000000152703
0x03fc,6,0.000000152703
0x03fd,6,0.000000152703
0x0400,18953,0.000482364749
0x0403,18953,0.000482364749
0x0406,18953,0.000482364749
0x0407,18953,0.000482364749
0x0408,18953,0.000482364749
0x0409,18953,0.000482364749
0x040a,18953,0.000482364749
0x040b,18953,0.000482364749
0x040c,18953,0.000482364749
0x040d,18953,0.000482364749
0x041e,38,0.000000967122
0x0421,38,0.000000967122
0x0423,38,0.000000967122
0x0424,38,0.000000967122
0x0427,38,0.000000967122
0x0429,38,0.000000967122
0x042a,38,0.000000967122
0x042d,38,0.000000967122
0x0430,6,0.000000152703
0x0433,6,0.000000152703
0x0435,6,0.000000152703
0x0436,6,0.000000152703
0x0438,6,0.000000152703
0x043a,6,0.000000152703
0x043b,6,0.000000152703
0x043d,6,0.000000152703
0x043f,6,0.000000152703
0x0440,2,0.000000050901
0x0441,2,0.000000050901
0x0442,2,0.000000050901
0x0443,2,0.000000050901
0x0445,2,0.000000050901
0x04ac,1290,0.000032831242
0x04af,1290,0.000032831242
0x04b0,1290,0.000032831242
0x04b1,1290,0.000032831242
0x04b2,1290,0.000032831242
0x04b4,1290,0.000032831242
0x04b5,1290,0.000032831242
0x04b6,1278,0.000032525835
0x04b8,1278,0.000032525835
0x04ba,1278,0.000032525835
0x04bd,1272,0.000032373131
0x04bf,1272,0.000032373131
0x04c1,1272,0.000032373131
0x04c2,1272,0.000032373131
0x04c4,1272,0.000032373131
0x04c6,1272,0.000032373131
0x04c9,645,0.000016415621
0x04cc,645,0.000016415621
0x04cd,645,0.000016415621
0x04d0,645,0.000016415621
0x04d1,645,0.000016415621
0x04d2,645,0.000016415621
0x04d4,645,0.000016415621
0x04d7,645,0.000016415621
0x04df,645,0.000016415621
0x04e1,645,0.000016415621
0x04e4,645,0.000016415621
0x04e6,627,0.000015957511
0x04e9,627,0.000015957511
0x04ea,627,0.000015957511
0x04eb,627,0.000015957511
0x04ee,627,0.000015957511
0x04f4,627,0.000015957511
0x04f6,627,0.000015957511
0x04f9,627,0.000015957511
0x04fb,3762,0.000095745063
0x04fd,3762,0.000095745063
0x04fe,3762,0.000095745063
0x0501,3762,0.000095745063
0x0502,3762,0.000095745063
0x0505,627,0.000015957511
0x0506,32,0.000000814418
0x0509,32,0.000000814418
0x050b,32,0.000000814418
0x050e,32,0.000000814418
0x0511,32,0.000000814418
0x0514,32,0.000000814418
0x0515,32,0.000000814418
0x0518,32,0.000000814418
0x051b,32,0.000000814418
0x051d,32,0.000000814418
0x0520,32,0.000000814418
0x0523,32,0.000000814418
0x0526,32,0.000000814418
0x0529,32,0.000000814418
0x052c,32,0.000000814418
0x052f,32,0.000000814418
0x0532,32,0.000000814418
0x0535,32,0.000000814418
0x0537,32,0.000000814418
0x053a,32,0.000000814418
0x053d,32,0.000000814418
0x0540,32,0.000000814418
0x0543,32,0.000000814418
0x0547,32,0.000000814418
0x054a,32,0.000000814418
0x054d,32,0.000000814418
0x054f,32,0.000000814418
0x0552,32,0.000000814418
0x0555,32,0.000000814418
0x0557,32,0.000000814418
0x055a,32,0.000000814418
0x0580,35,0.000000890770
0x0583,35,0.000000890770
0x0586,35,0.000000890770
0x0588,35,0.000000890770
0x0589,35,0.000000890770
0x058a,35,0.000000890770
0x058b,35,0.000000890770
0x058d,35,0.000000890770
0x0590,35,0.000000890770
0x0592,35,0.000000890770
0x0595,35,0.000000890770
0x05d8,186,0.000004733807
0x05d9,8712,0.000221725410
0x05da,8712,0.000221725410
0x05db,8712,0.000221725410
0x05dc,8712,0.000221725410
0x05df,186,0.000004733807
0x05e0,1996,0.000050799348
0x05e1,1996,0.000050799348
0x05e2,1996,0.000050799348
0x05e3,1996,0.000050799348
0x05e4,1996,0.000050799348
0x05e5,1996,0.000050799348
0x05e8,76,0.000001934244
0x05ec,32,0.000000814418
0x05ef,32,0.000000814418
0x05f2,32,0.000000814418
0x05f4,32,0.000000814418
0x05f5,32,0.000000814418
0x05f6,32,0.000000814418
0x05f7,32,0.000000814418
0x05f8,32,0.000000814418
0x05f9,32,0.000000814418
0x05fa,200,0.000005090115
0x05fd,200,0.000005090115
0x0600,200,0.000005090115
0x0601,200,0.000005090115
0x0602,200,0.000005090115
0x0603,3045,0.000077497001
0x0604,3045,0.000077497001
0x0605,3045,0.000077497001
0x0606,3045,0.000077497001
0x0607,3045,0.000077497001
0x0608,3045,0.000077497001
0x0609,3045,0.000077497001
0x060a,3045,0.000077497001
0x060d,191,0.000004861060
0x0610,32,0.000000814418
0x0613,32,0.000000814418
0x0616,32,0.000000814418
0x0617,32,0.000000814418
0x0619,32,0.000000814418
0x061a,32,0.000000814418
0x061b,32,0.000000814418
0x061c,32,0.000000814418
0x061d,32,0.000000814418
0x061e,32,0.000000814418
0x061f,32,0.000000814418
0x0621,32,0.000000814418
0x0624,32,0.000000814418
0x0627,32,0.000000814418
0x0628,32,0.000000814418
0x0629,32,0.000000814418
0x062a,357,0.000009085855
0x062b,357,0.000009085855
0x062c,357,0.000009085855
0x062d,357,0.000009085855
0x062e,357,0.000009085855
0x062f,357,0.000009085855
0x0630,357,0.000009085855
0x0631,357,0.000009085855
0x0632,357,0.000009085855
0x0633,357,0.000009085855
0x0634,357,0.000009085855
0x0635,357,0.000009085855
0x0638,23,0.000000585363
0x0650,32,0.000000814418
0x0653,32,0.000000814418
0x0656,32,0.000000814418
0x0658,32,0.000000814418
0x0659,32,0.000000814418
0x065a,32,0.000000814418
0x065b,32,0.000000814418
0x065c,32,0.000000814418
0x065d,32,0.000000814418
0x065e,32,0.000000814418
0x0661,32,0.000000814418
0x0664,32,0.000000814418
0x0665,32,0.000000814418
0x0666,32,0.000000814418
0x0667,357,0.000009085855
0x0668,357,0.000009085855
0x0669,357,0.000009085855
0x066a,357,0.000009085855
0x066b,357,0.000009085855
0x066c,357,0.000009085855
0x066f,23,0.000000585363
0x067a,4891,0.000124478763
0x067d,4891,0.000124478763
0x067e,4891,0.000124478763
0x067f,4891,0.000124478763
0x0682,4891,0.000124478763
0x0684,4891,0.000124478763
0x0685,616,0.000015677554
0x0688,616,0.000015677554
0x068b,616,0.000015677554
0x068c,616,0.000015677554
0x068d,616,0.000015677554
0x068e,616,0.000015677554
0x068f,616,0.000015677554
0x0691,616,0.000015677554
0x0692,616,0.000015677554
0x0693,616,0.000015677554
0x0695,616,0.000015677554
0x0696,616,0.000015677554
0x0697,616,0.000015677554
0x0698,616,0.000015677554
0x0699,16037,0.000408150872
0x069a,16037,0.000408150872
0x069b,16037,0.000408150872
0x069c,16037,0.000408150872
0x069d,16037,0.000408150872
0x069e,16037,0.000408150872
0x069f,16037,0.000408150872
0x06a2,2464,0.000062710217
0x06a3,2464,0.000062710217
0x06a4,2464,0.000062710217
0x06a5,2464,0.000062710217
0x06a8,616,0.000015677554
0x06a9,616,0.000015677554
0x06ac,616,0.000015677554
0x06b0,4492,0.000114323983
0x06b3,4492,0.000114323983
0x06b6,4492,0.000114323983
0x06b7,4492,0.000114323983
0x06b8,4492,0.000114323983
0x06b9,29,0.000000738067
0x06ba,29,0.000000738067
0x06bb,29,0.000000738067
0x06bc,29,0.000000738067
0x06bd,29,0.000000738067
0x06be,29,0.000000738067
0x06bf,29,0.000000738067
0x06c0,29,0.000000738067
0x06c1,29,0.000000738067
0x06c2,29,0.000000738067
0x06c3,29,0.000000738067
0x06c4,29,0.000000738067
0x06c5,29,0.000000738067
0x06c8,29,0.000000738067
0x06ca,29,0.000000738067
0x06cb,29,0.000000738067
0x06cc,29,0.000000738067
0x06cd,29,0.000000738067
0x06cf,29,0.000000738067
0x06d0,29,0.000000738067
0x06d1,29,0.000000738067
0x06d2,29,0.000000738067
0x06d3,29,0.000000738067
0x06d4,29,0.000000738067
0x06d5,29,0.000000738067
0x06d7,29,0.000000738067
0x06d8,29,0.000000738067
0x06da,29,0.000000738067
0x06db,29,0.000000738067
0x06de,29,0.000000738067
0x06df,29,0.000000738067
0x06e1,29,0.000000738067
0x06e2,29,0.000000738067
0x06e3,29,0.000000738067
0x06e4,29,0.000000738067
0x06e7,29,0.000000738067
0x06e8,645,0.000016415621
0x06eb,645,0.000016415621
0x06ed,645,0.000016415621
0x06f0,4492,0.000114323983
0x06f3,4492,0.000114323983
0x06f6,4492,0.000114323983
0x0700,13511,0.000343862720
0x0703,13511,0.000343862720
0x0706,40533,0.001031588159
0x0709,40533,0.001031588159
0x070a,40533,0.001031588159
0x070c,40533,0.001031588159
0x070d,40533,0.001031588159
0x070f,40533,0.001031588159
0x0710,40533,0.001031588159
0x0711,40533,0.001031588159
0x0713,40533,0.001031588159
0x0716,13511,0.000343862720
0x0718,135043,0.003436922009
0x071b,135043,0.003436922009
0x0720,135043,0.003436922009
0x0721,135043,0.003436922009
0x0722,135043,0.003436922009
0x0724,135043,0.003436922009
0x0725,55391,0.001409732804
0x0726,55391,0.001409732804
0x0728,55391,0.001409732804
0x0729,55391,0.001409732804
0x072a,55391,0.001409732804
0x072b,55391,0.001409732804
0x072c,55391,0.001409732804
0x072e,55391,0.001409732804
0x0730,55391,0.001409732804
0x0731,55391,0.001409732804
0x0733,55391,0.001409732804
0x0734,55391,0.001409732804
0x0740,135043,0.003436922009
0x0741,135043,0.003436922009
0x0742,135043,0.003436922009
0x0744,135043,0.003436922009
0x0745,58208,0.001481427074
0x0746,58208,0.001481427074
0x0748,58208,0.001481427074
0x0749,58208,0.001481427074
0x074a,58208,0.001481427074
0x074b,58208,0.001481427074
0x074c,58208,0.001481427074
0x074d,58208,0.001481427074
0x074f,58208,0.001481427074
0x0750,58208,0.001481427074
0x0751,58208,0.001481427074
0x0752,58208,0.001481427074
0x0754,58208,0.001481427074
0x0755,58208,0.001481427074
0x0757,58208,0.001481427074
0x0758,58208,0.001481427074
0x0763,10083,0.000256618148
0x0764,10083,0.000256618148
0x0765,10083,0.000256618148
0x0766,10083,0.000256618148
0x0767,10083,0.000256618148
0x0768,10083,0.000256618148
0x0769,10083,0.000256618148
0x076a,10083,0.000256618148
0x076b,10083,0.000256618148
0x076d,12804,0.000325869163
0x076e,12804,0.000325869163
0x076f,12804,0.000325869163
0x0770,12804,0.000325869163
0x0771,12804,0.000325869163
0x0772,12804,0.000325869163
0x0773,12804,0.000325869163
0x0774,12804,0.000325869163
0x0775,12804,0.000325869163
0x0776,12804,0.000325869163
0x0779,25341,0.000644943023
0x077a,25341,0.000644943023
0x077b,25341,0.000644943023
0x077c,25341,0.000644943023
0x077d,25341,0.000644943023
0x077e,25341,0.000644943023
0x077f,25341,0.000644943023
0x0780,25341,0.000644943023
0x0783,25341,0.000644943023
0x0784,25341,0.000644943023
0x0785,25341,0.000644943023
0x0786,25341,0.000644943023
0x0788,25413,0.000646775464
0x0789,25413,0.000646775464
0x078a,25413,0.000646775464
0x078b,25413,0.000646775464
0x078c,25413,0.000646775464
0x078d,25413,0.000646775464
0x078e,25413,0.000646775464
0x078f,25413,0.000646775464
0x0790,25413,0.000646775464
0x0792,25413,0.000646775464
0x0793,25413,0.000646775464
0x0794,25413,0.000646775464
0x0795,25413,0.000646775464
0x0798,25413,0.000646775464
0x0799,25413,0.000646775464
0x079a,25413,0.000646775464
0x079b,25413,0.000646775464
0x079e,2526,0.000064288153
0x079f,2526,0.000064288153
0x07a0,2526,0.000064288153
0x07a1,2526,0.000064288153
0x07a2,2526,0.000064288153
0x07a3,2526,0.000064288153
0x07a4,2526,0.000064288153
0x07a5,2526,0.000064288153
0x07a6,2526,0.000064288153
0x07a7,2526,0.000064288153
0x07a8,2526,0.000064288153
0x07aa,2529,0.000064364504
0x07ab,2529,0.000064364504
0x07ac,2529,0.000064364504
0x07ad,2529,0.000064364504
0x07ae,2529,0.000064364504
0x07af,2529,0.000064364504
0x07b0,2529,0.000064364504
0x07b1,2529,0.000064364504
0x07b2,2529,0.000064364504
0x07b4,2529,0.000064364504
0x07b5,2529,0.000064364504
0x07b6,2529,0.000064364504
0x07b7,2529,0.000064364504
0x07b8,2529,0.000064364504
0x07b9,2529,0.000064364504
0x07ba,2529,0.000064364504
0x07bb,2529,0.000064364504
0x07be,17441,0.000443883480
0x07bf,17441,0.000443883480
0x07c0,17441,0.000443883480
0x07c1,17441,0.000443883480
0x07c2,17441,0.000443883480
0x07c3,17441,0.000443883480
0x07c4,17441,0.000443883480
0x07c5,17441,0.000443883480
0x07c6,17441,0.000443883480
0x07c7,17441,0.000443883480
0x07ca,17441,0.000443883480
0x07cb,17441,0.000443883480
0x07cc,17441,0.000443883480
0x07cd,17441,0.000443883480
0x07ce,17441,0.000443883480
0x07cf,17441,0.000443883480
0x07d2,17462,0.000444417942
0x07d3,17462,0.000444417942
0x07d4,17462,0.000444417942
0x07d5,17462,0.000444417942
0x07d6,17462,0.000444417942
0x07d7,17462,0.000444417942
0x07d8,17462,0.000444417942
0x07d9,17462,0.000444417942
0x07da,17462,0.000444417942
0x07dc,17491,0.000445156009
0x07dd,17491,0.000445156009
0x07de,17491,0.000445156009
0x07df,17491,0.000445156009
0x07e0,17491,0.000445156009
0x07e1,17491,0.000445156009
0x07e2,17491,0.000445156009
0x07e3,17491,0.000445156009
0x07e4,17491,0.000445156009
0x07e7,17491,0.000445156009
0x07e8,17491,0.000445156009
0x07e9,17491,0.000445156009
0x07ea,17491,0.000445156009
0x07eb,17491,0.000445156009
0x07ec,17491,0.000445156009
0x07ed,17491,0.000445156009
0x07ee,17491,0.000445156009
0x07f0,6,0.000000152703
0x07f3,6,0.000000152703
0x07f6,6,0.000000152703
0x07f9,6,0.000000152703
0x0800,15439,0.000392931429
0x0803,15439,0.000392931429
0x0806,15439,0.000392931429
0x0807,15439,0.000392931429
0x0809,15439,0.000392931429
0x080a,15439,0.000392931429
0x080b,15439,0.000392931429
0x080c,15439,0.000392931429
0x080d,15439,0.000392931429
0x080e,15439,0.000392931429
0x080f,15439,0.000392931429
0x0834,1324,0.000033696561
0x0837,1324,0.000033696561
0x083a,1324,0.000033696561
0x083b,1324,0.000033696561
0x083c,1324,0.000033696561
0x083e,1324,0.000033696561
0x083f,168,0.000004275697
0x0842,168,0.000004275697
0x0845,168,0.000004275697
0x0848,381,0.000009696669
0x084b,381,0.000009696669
0x084c,381,0.000009696669
0x084d,381,0.000009696669
0x084e,11,0.000000279956
0x0850,11,0.000000279956
0x0851,11,0.000000279956
0x0853,11,0.000000279956
0x0855,11,0.000000279956
0x085a,168,0.000004275697
0x085d,168,0.000004275697
0x085f,168,0.000004275697
0x0860,136,0.000003461278
0x0862,136,0.000003461278
0x0864,136,0.000003461278
0x0865,104,0.000002646860
0x0867,104,0.000002646860
0x0869,104,0.000002646860
0x086a,72,0.000001832441
0x086c,72,0.000001832441
0x086e,72,0.000001832441
0x086f,40,0.000001018023
0x0871,40,0.000001018023
0x0876,13511,0.000343862720
0x0879,13511,0.000343862720
0x087c,13511,0.000343862720
0x087f,13511,0.000343862720
0x0882,13511,0.000343862720
0x0885,13511,0.000343862720
0x0886,13511,0.000343862720
0x0889,13511,0.000343862720
0x088b,74303,0.001891054080
0x088c,74303,0.001891054080
0x088d,74303,0.001891054080
0x088e,74303,0.001891054080
0x088f,74303,0.001891054080
0x0890,74303,0.001891054080
0x0891,74303,0.001891054080
0x0892,74303,0.001891054080
0x0893,74303,0.001891054080
0x0894,74303,0.001891054080
0x0897,20265,0.000515755904
0x08a0,13511,0.000343862720
0x08a3,13511,0.000343862720
0x08a6,13511,0.000343862720
0x08a9,13511,0.000343862720
0x08ac,13511,0.000343862720
0x08ae,13511,0.000343862720
0x08b0,13511,0.000343862720
0x08b1,1280,0.000032576736
0x08b4,1280,0.000032576736
0x08b7,1280,0.000032576736
0x08c4,13511,0.000343862720
0x08c7,13511,0.000343862720
0x08c8,13511,0.000343862720
0x08ca,13511,0.000343862720
0x08cd,13263,0.000337550977
0x08cf,13263,0.000337550977
0x08d0,13263,0.000337550977
0x08d1,13263,0.000337550977
0x08d4,12495,0.000318004936
0x08d6,12495,0.000318004936
0x08d9,12495,0.000318004936
0x08dc,4,0.000000101802
0x08de,4,0.000000101802
0x08e0,4,0.000000101802
0x08e2,4,0.000000101802
0x08e3,4,0.000000101802
0x08e5,4,0.000000101802
0x08e6,4,0.000000101802
0x08e8,4,0.000000101802
0x08ea,772,0.000019647844
0x08eb,13263,0.000337550977
0x08ed,13263,0.000337550977
0x08f0,13263,0.000337550977
0x08f3,13263,0.000337550977
0x0900,13263,0.000337550977
0x0903,13263,0.000337550977
0x0904,13263,0.000337550977
0x0906,13263,0.000337550977
0x0907,10258,0.000261071999
0x0909,10258,0.000261071999
0x090c,5135,0.000130688703
0x090d,5135,0.000130688703
0x090f,5135,0.000130688703
0x0910,5086,0.000129441625
0x0911,5086,0.000129441625
0x0913,5086,0.000129441625
0x0916,5086,0.000129441625
0x0917,5123,0.000130383296
0x0918,5123,0.000130383296
0x091a,5123,0.000130383296
0x091b,5082,0.000129339823
0x091c,5082,0.000129339823
0x091e,5082,0.000129339823
0x0921,5082,0.000129339823
0x0926,13610,0.000346382327
0x0927,13610,0.000346382327
0x0929,13610,0.000346382327
0x092a,13610,0.000346382327
0x092b,13610,0.000346382327
0x092c,13610,0.000346382327
0x092d,13610,0.000346382327
0x092e,13610,0.000346382327
0x0930,14791,0.000376439456
0x0931,14791,0.000376439456
0x0933,14791,0.000376439456
0x0936,9411,0.000239515362
0x0937,9411,0.000239515362
0x0939,9411,0.000239515362
0x093c,9411,0.000239515362
0x093d,347,0.000008831350
0x093e,347,0.000008831350
0x0940,347,0.000008831350
0x0941,347,0.000008831350
0x0942,347,0.000008831350
0x0944,347,0.000008831350
0x0945,347,0.000008831350
0x0946,347,0.000008831350
0x0947,347,0.000008831350
0x094a,347,0.000008831350
0x094c,347,0.000008831350
0x094d,347,0.000008831350
0x094e,347,0.000008831350
0x0951,347,0.000008831350
0x0953,347,0.000008831350
0x0954,347,0.000008831350
0x0955,347,0.000008831350
0x0956,347,0.000008831350
0x0959,347,0.000008831350
0x095c,347,0.000008831350
0x095e,347,0.000008831350
0x0961,347,0.000008831350
0x0964,5380,0.000136924094
0x0965,5380,0.000136924094
0x0966,5380,0.000136924094
0x0967,5380,0.000136924094
0x0968,5380,0.000136924094
0x096a,5380,0.000136924094
0x096b,5380,0.000136924094
0x096d,5380,0.000136924094
0x096e,277,0.000007049809
0x096f,277,0.000007049809
0x0970,277,0.000007049809
0x0971,277,0.000007049809
0x0972,277,0.000007049809
0x0974,277,0.000007049809
0x0975,277,0.000007049809
0x097a,13511,0.000343862720
0x097d,13511,0.000343862720
0x097e,13511,0.000343862720
0x0980,13511,0.000343862720
0x0981,13511,0.000343862720
0x0984,13511,0.000343862720
0x0985,13511,0.000343862720
0x0986,13511,0.000343862720
0x0987,13511,0.000343862720
0x0988,13511,0.000343862720
0x098b,13511,0.000343862720
0x098c,13511,0.000343862720
0x098d,13511,0.000343862720
0x098e,13511,0.000343862720
0x0991,13511,0.000343862720
0x09a0,13543,0.000344677138
0x09a3,13543,0.000344677138
0x09a6,40629,0.001034031415
0x09a9,40629,0.001034031415
0x09aa,40629,0.001034031415
0x09ab,40629,0.001034031415
0x09ac,40629,0.001034031415
0x09ad,40629,0.001034031415
0x09ae,40629,0.001034031415
0x09af,40629,0.001034031415
0x09b0,40629,0.001034031415
0x09b2,40629,0.001034031415
0x09b5,13543,0.000344677138
0x09ba,106862,0.002719699353
0x09bd,106862,0.002719699353
0x09be,106862,0.002719699353
0x09c0,106862,0.002719699353
0x09c1,106862,0.002719699353
0x09c2,106862,0.002719699353
0x09c3,106862,0.002719699353
0x09c4,106862,0.002719699353
0x09c5,106862,0.002719699353
0x09c6,106862,0.002719699353
0x09c7,106862,0.002719699353
0x09c8,106862,0.002719699353
0x09c9,106862,0.002719699353
0x09ca,106862,0.002719699353
0x09cc,106862,0.002719699353
0x09cd,106862,0.002719699353
0x09ce,106862,0.002719699353
0x09cf,106862,0.002719699353
0x09d0,106862,0.002719699353
0x09d1,106862,0.002719699353
0x0a50,3037,0.000077293396
0x0a53,3037,0.000077293396
0x0a56,60740,0.001545867930
0x0a57,60740,0.001545867930
0x0a5a,60740,0.001545867930
0x0a5b,60740,0.001545867930
0x0a5c,60740,0.001545867930
0x0a5e,60740,0.001545867930
0x0a5f,60740,0.001545867930
0x0a61,60740,0.001545867930
0x0a62,60740,0.001545867930
0x0a63,60740,0.001545867930
0x0a64,60740,0.001545867930
0x0a67,3037,0.000077293396
0x0a6c,2897,0.000073730316
0x0a6f,2897,0.000073730316
0x0a72,57940,0.001474606320
0x0a73,57940,0.001474606320
0x0a74,57940,0.001474606320
0x0a75,57940,0.001474606320
0x0a77,57940,0.001474606320
0x0a7a,32463,0.000826202019
0x0a7b,32463,0.000826202019
0x0a7c,32463,0.000826202019
0x0a7d,32463,0.000826202019
0x0a7e,32463,0.000826202019
0x0a7f,32463,0.000826202019
0x0a80,32463,0.000826202019
0x0a81,32463,0.000826202019
0x0a82,32463,0.000826202019
0x0a83,32463,0.000826202019
0x0a84,32463,0.000826202019
0x0a85,32463,0.000826202019
0x0a86,32463,0.000826202019
0x0a87,32463,0.000826202019
0x0a8a,57940,0.001474606320
0x0a8b,57940,0.001474606320
0x0a8c,57940,0.001474606320
0x0a8d,57940,0.001474606320
0x0a8f,57940,0.001474606320
0x0a90,57940,0.001474606320
0x0a91,57940,0.001474606320
0x0a93,57940,0.001474606320
0x0a94,57940,0.001474606320
0x0a96,57940,0.001474606320
0x0a99,2897,0.000073730316
0x0aa0,248,0.000006311743
0x0aa2,248,0.000006311743
0x0aa3,248,0.000006311743
0x0aa4,248,0.000006311743
0x0aa5,248,0.000006311743
0x0aa8,248,0.000006311743
0x0aa9,248,0.000006311743
0x0aac,248,0.000006311743
0x0aae,248,0.000006311743
0x0aaf,248,0.000006311743
0x0ab0,248,0.000006311743
0x0ab3,248,0.000006311743
0x0ab5,248,0.000006311743
0x0ab8,244,0.000006209940
0x0abb,244,0.000006209940
0x0abd,244,0.000006209940
0x0abe,244,0.000006209940
0x0abf,244,0.000006209940
0x0ac0,244,0.000006209940
0x0ac1,244,0.000006209940
0x0ad6,6152,0.000156571938
0x0ad7,6152,0.000156571938
0x0ad8,24608,0.000626287751
0x0ad9,24608,0.000626287751
0x0ada,24608,0.000626287751
0x0adb,24608,0.000626287751
0x0adc,24608,0.000626287751
0x0add,24608,0.000626287751
0x0ae0,6152,0.000156571938
0x0ae1,6152,0.000156571938
0x0ae2,6152,0.000156571938
0x0ae5,6152,0.000156571938
0x0ae6,6152,0.000156571938
0x0ae9,2636,0.000067087716
0x0aea,1152,0.000029319062
0x0aed,1152,0.000029319062
0x0aee,1152,0.000029319062
0x0af0,1152,0.000029319062
0x0af1,1152,0.000029319062
0x0af4,1152,0.000029319062
0x0af6,1152,0.000029319062
0x0af7,1152,0.000029319062
0x0af8,1152,0.000029319062
0x0af9,1152,0.000029319062
0x0afc,1152,0.000029319062
0x0afd,1152,0.000029319062
0x0afe,1152,0.000029319062
0x0b00,1152,0.000029319062
0x0b01,1152,0.000029319062
0x0b02,1152,0.000029319062
0x0b05,1140,0.000029013656
0x0b07,1140,0.000029013656
0x0b0a,768,0.000019546042
0x0b0d,756,0.000019240635
0x0b15,12,0.000000305407
0x0b16,12,0.000000305407
0x0b18,12,0.000000305407
0x0b19,12,0.000000305407
0x0b1a,12,0.000000305407
0x0b1c,12,0.000000305407
0x0b1d,12,0.000000305407
0x0b1e,12,0.000000305407
0x0b1f,12,0.000000305407
0x0b20,3,0.000000076352
0x0b21,3,0.000000076352
0x0b22,3,0.000000076352
0x0b25,3,0.000000076352
0x0b26,3,0.000000076352
0x0b27,3,0.000000076352
0x0b28,3,0.000000076352
0x0b29,2,0.000000050901
0x0b2b,2,0.000000050901
0x0b2d,2,0.000000050901
0x0b48,4,0.000000101802
0x0b4b,4,0.000000101802
0x0b4e,4,0.000000101802
0x0b50,4,0.000000101802
0x0b51,4,0.000000101802
0x0b53,4,0.000000101802
0x0b54,4,0.000000101802
0x0b55,4,0.000000101802
0x0b57,4,0.000000101802
0x0b59,4,0.000000101802
0x0b5a,4,0.000000101802
0x0b60,1034,0.000026315895
0x0b63,1034,0.000026315895
0x0b64,1034,0.000026315895
0x0b65,1034,0.000026315895
0x0b67,1034,0.000026315895
0x0b6a,1027,0.000026137741
0x0b6d,1027,0.000026137741
0x0b6f,1027,0.000026137741
0x0b71,1027,0.000026137741
0x0b74,4,0.000000101802
0x0b77,4,0.000000101802
0x0b79,4,0.000000101802
0x0b7b,4,0.000000101802
0x0b7c,4,0.000000101802
0x0b7d,4,0.000000101802
0x0b7e,4,0.000000101802
0x0b7f,4,0.000000101802
0x0b80,4,0.000000101802
0x0b82,4,0.000000101802
0x0b83,4,0.000000101802
0x0b84,4,0.000000101802
0x0b85,4,0.000000101802
0x0b87,4,0.000000101802
0x0b88,4,0.000000101802
0x0b89,4,0.000000101802
0x0b8a,4,0.000000101802
0x0b8b,4,0.000000101802
0x0b95,1023,0.000026035938
0x0b98,1023,0.000026035938
0x0b9b,1023,0.000026035938
0x0ba0,372,0.000009467614
0x0ba3,372,0.000009467614
0x0ba4,372,0.000009467614
0x0ba6,372,0.000009467614
0x0ba8,372,0.000009467614
0x0ba9,248,0.000006311743
0x0bab,248,0.000006311743
0x0bac,155,0.000003944839
0x0bad,155,0.000003944839
0x0bae,155,0.000003944839
0x0baf,155,0.000003944839
0x0bb2,155,0.000003944839
0x0bba,756,0.000019240635
0x0bbb,756,0.000019240635
0x0bbc,756,0.000019240635
0x0bbf,384,0.000009773021
0x0bc0,384,0.000009773021
0x0bc1,384,0.000009773021
0x0bc4,192,0.000004886510
0x0bca,3,0.000000076352
0x0bcd,3,0.000000076352
0x0bd0,3,0.000000076352
0x0bd2,3,0.000000076352
0x0bd3,3,0.000000076352
0x0bd4,3,0.000000076352
0x0bd6,3,0.000000076352
0x0bd9,3,0.000000076352
0x0bdc,3,0.000000076352
0x0bdf,3,0.000000076352
0x0be2,3,0.000000076352
0x0be5,3,0.000000076352
0x0be8,3,0.000000076352
0x0beb,3,0.000000076352
0x0bee,3,0.000000076352
0x0bf1,3,0.000000076352
0x0c00,11,0.000000279956
0x0c01,11,0.000000279956
0x0c02,11,0.000000279956
0x0c04,11,0.000000279956
0x0c05,11,0.000000279956
0x0c07,11,0.000000279956
0x0c08,11,0.000000279956
0x0c09,11,0.000000279956
0x0c0a,11,0.000000279956
0x0c0b,11,0.000000279956
0x0c0c,11,0.000000279956
0x0c0f,11,0.000000279956
0x0c10,11,0.000000279956
0x0c11,11,0.000000279956
0x0c13,11,0.000000279956
0x0c16,9,0.000000229055
0x0c18,9,0.000000229055
0x0c1b,3,0.000000076352
0x0c1e,3,0.000000076352
0x0c20,3,0.000000076352
0x0c23,3,0.000000076352
0x0c40,6754,0.000171893184
0x0c43,6754,0.000171893184
0x0c45,6754,0.000171893184
0x0c48,6754,0.000171893184
0x0c4b,6754,0.000171893184
0x0c4e,6754,0.000171893184
0x0c51,6754,0.000171893184
0x0c56,6754,0.000171893184
0x0c59,33770,0.000859465920
0x0c5a,33770,0.000859465920
0x0c5d,33770,0.000859465920
0x0c5e,33770,0.000859465920
0x0c5f,33770,0.000859465920
0x0c61,33770,0.000859465920
0x0c62,33770,0.000859465920
0x0c64,33770,0.000859465920
0x0c67,6754,0.000171893184
0x0c6b,6754,0.000171893184
0x0c6e,6754,0.000171893184
0x0c71,33770,0.000859465920
0x0c74,33770,0.000859465920
0x0c75,33770,0.000859465920
0x0c76,33770,0.000859465920
0x0c77,33770,0.000859465920
0x0c78,33770,0.000859465920
0x0c79,33770,0.000859465920
0x0c7a,33770,0.000859465920
0x0c7b,33770,0.000859465920
0x0c7d,33770,0.000859465920
0x0c80,6754,0.000171893184
0x0c84,33770,0.000859465920
0x0c85,33770,0.000859465920
0x0c87,33770,0.000859465920
0x0c88,4876,0.000124097004
0x0c89,4876,0.000124097004
0x0c8a,4876,0.000124097004
0x0c8b,4876,0.000124097004
0x0c8c,4876,0.000124097004
0x0c8e,4876,0.000124097004
0x0c8f,4876,0.000124097004
0x0c90,4876,0.000124097004
0x0c91,4876,0.000124097004
0x0c92,4876,0.000124097004
0x0c94,4876,0.000124097004
0x0c95,4876,0.000124097004
0x0c97,4876,0.000124097004
0x0c9a,4746,0.000120788429
0x0c9b,4746,0.000120788429
0x0c9e,4746,0.000120788429
0x0c9f,4746,0.000120788429
0x0ca0,4746,0.000120788429
0x0ca2,4746,0.000120788429
0x0ca3,4746,0.000120788429
0x0ca4,4746,0.000120788429
0x0ca5,4746,0.000120788429
0x0ca6,4746,0.000120788429
0x0ca7,4746,0.000120788429
0x0ca8,4746,0.000120788429
0x0ca9,4746,0.000120788429
0x0caa,4746,0.000120788429
0x0cac,4746,0.000120788429
0x0caf,4736,0.000120533924
0x0cb4,4746,0.000120788429
0x0cb6,4746,0.000120788429
0x0cb7,1058,0.000026926708
0x0cb9,1058,0.000026926708
0x0cba,538,0.000013692409
0x0cbd,538,0.000013692409
0x0cbe,538,0.000013692409
0x0cbf,140,0.000003563081
0x0cc2,140,0.000003563081
0x0cc3,140,0.000003563081
0x0cc4,12,0.000000305407
0x0cc6,12,0.000000305407
0x0cc9,12,0.000000305407
0x0ccb,12,0.000000305407
0x0cce,12,0.000000305407
0x0cd0,12,0.000000305407
0x0cd3,12,0.000000305407
0x0cd8,6754,0.000171893184
0x0cdb,6754,0.000171893184
0x0cde,33770,0.000859465920
0x0cdf,33770,0.000859465920
0x0ce2,33770,0.000859465920
0x0ce3,33770,0.000859465920
0x0ce4,33770,0.000859465920
0x0ce6,33770,0.000859465920
0x0ce7,33770,0.000859465920
0x0ce9,33770,0.000859465920
0x0cea,33770,0.000859465920
0x0ceb,33770,0.000859465920
0x0cec,33770,0.000859465920
0x0cef,6754,0.000171893184
0x0cf4,3,0.000000076352
0x0cf5,3,0.000000076352
0x0cf6,3,0.000000076352
0x0d1c,2866,0.000072941348
0x0d1f,2866,0.000072941348
0x0d22,45856,0.001167061571
0x0d25,45856,0.001167061571
0x0d26,45856,0.001167061571
0x0d27,45856,0.001167061571
0x0d28,45856,0.001167061571
0x0d2a,45856,0.001167061571
0x0d2b,45856,0.001167061571
0x0d2e,2866,0.000072941348
0x0d30,45856,0.001167061571
0x0d31,45856,0.001167061571
0x0d32,45856,0.001167061571
0x0d33,45856,0.001167061571
0x0d34,45856,0.001167061571
0x0d35,45856,0.001167061571
0x0d37,45856,0.001167061571
0x0d38,32101,0.000816988910
0x0d39,32101,0.000816988910
0x0d3a,32101,0.000816988910
0x0d3b,32101,0.000816988910
0x0d3c,32101,0.000816988910
0x0d3e,32101,0.000816988910
0x0d3f,32101,0.000816988910
0x0d41,32101,0.000816988910
0x0d42,32101,0.000816988910
0x0d43,32101,0.000816988910
0x0d46,29493,0.000750613811
0x0d47,29493,0.000750613811
0x0d48,29493,0.000750613811
0x0d4b,4213,0.000107223273
0x0d4c,4213,0.000107223273
0x0d4d,4213,0.000107223273
0x0d4e,4213,0.000107223273
0x0d4f,6821,0.000173598373
0x0d50,6821,0.000173598373
0x0d51,6821,0.000173598373
0x0d52,6821,0.000173598373
0x0d53,6821,0.000173598373
0x0d54,6821,0.000173598373
0x0d55,6821,0.000173598373
0x0d57,6821,0.000173598373
0x0d58,6821,0.000173598373
0x0d59,2797,0.000071185258
0x0d5a,2797,0.000071185258
0x0d5e,25280,0.000643390538
0x0d5f,25280,0.000643390538
0x0d60,25280,0.000643390538
0x0d61,25280,0.000643390538
0x0d62,25280,0.000643390538
0x0d64,25280,0.000643390538
0x0d65,25280,0.000643390538
0x0d66,3861,0.000098264670
0x0d67,3861,0.000098264670
0x0d70,2865,0.000072915898
0x0d73,2865,0.000072915898
0x0d76,45840,0.001166654361
0x0d79,45840,0.001166654361
0x0d7a,45840,0.001166654361
0x0d7c,45840,0.001166654361
0x0d7d,45840,0.001166654361
0x0d7f,45840,0.001166654361
0x0d80,45840,0.001166654361
0x0d83,2865,0.000072915898
0x0d86,45840,0.001166654361
0x0d87,45840,0.001166654361
0x0d88,45840,0.001166654361
0x0d89,45840,0.001166654361
0x0d8a,45840,0.001166654361
0x0d8b,45840,0.001166654361
0x0d8d,45840,0.001166654361
0x0d8e,32085,0.000816581701
0x0d8f,32085,0.000816581701
0x0d90,32085,0.000816581701
0x0d91,32085,0.000816581701
0x0d94,32085,0.000816581701
0x0d95,32085,0.000816581701
0x0d96,32085,0.000816581701
0x0d97,32085,0.000816581701
0x0d99,32085,0.000816581701
0x0d9a,32085,0.000816581701
0x0d9c,32085,0.000816581701
0x0d9d,32085,0.000816581701
0x0d9f,32085,0.000816581701
0x0da0,32085,0.000816581701
0x0da1,32085,0.000816581701
0x0da2,32085,0.000816581701
0x0da3,32085,0.000816581701
0x0da4,32085,0.000816581701
0x0da5,32085,0.000816581701
0x0da6,32085,0.000816581701
0x0da7,32085,0.000816581701
0x0da8,32085,0.000816581701
0x0dab,29644,0.000754456847
0x0dac,29644,0.000754456847
0x0daf,4295,0.000109310220
0x0db0,4295,0.000109310220
0x0db1,4295,0.000109310220
0x0db3,4295,0.000109310220
0x0db4,4295,0.000109310220
0x0db5,4295,0.000109310220
0x0dbb,2441,0.000062124854
0x0dbc,2441,0.000062124854
0x0dbd,2441,0.000062124854
0x0dbf,2441,0.000062124854
0x0dc0,2441,0.000062124854
0x0dc1,2441,0.000062124854
0x0dc2,2441,0.000062124854
0x0dc3,2441,0.000062124854
0x0dc5,2441,0.000062124854
0x0dc6,2441,0.000062124854
0x0dcc,25349,0.000645146628
0x0dcd,25349,0.000645146628
0x0dce,25349,0.000645146628
0x0dcf,25349,0.000645146628
0x0dd1,25349,0.000645146628
0x0dd2,32085,0.000816581701
0x0dd3,32085,0.000816581701
0x0dd5,32085,0.000816581701
0x0dd6,32085,0.000816581701
0x0dd7,32085,0.000816581701
0x0dd8,32085,0.000816581701
0x0dd9,32085,0.000816581701
0x0dda,32085,0.000816581701
0x0dde,162,0.000004122993
0x0ddf,162,0.000004122993
0x0de0,162,0.000004122993
0x0de3,162,0.000004122993
0x0de4,162,0.000004122993
0x0de5,162,0.000004122993
0x0de6,162,0.000004122993
0x0de9,162,0.000004122993
0x0dea,162,0.000004122993
0x0deb,162,0.000004122993
0x0dec,162,0.000004122993
0x0ded,162,0.000004122993
0x0df0,10467,0.000266391169
0x0df3,10467,0.000266391169
0x0df6,10467,0.000266391169
0x0df9,10467,0.000266391169
0x0dfc,10467,0.000266391169
0x0dff,10467,0.000266391169
0x0e10,20934,0.000532782339
0x0e11,20934,0.000532782339
0x0e13,20934,0.000532782339
0x0e14,3935,0.000100148013
0x0e15,3935,0.000100148013
0x0e16,3935,0.000100148013
0x0e17,3935,0.000100148013
0x0e18,3935,0.000100148013
0x0e1a,3935,0.000100148013
0x0e1b,3935,0.000100148013
0x0e1d,3935,0.000100148013
0x0e1e,78,0.000001985145
0x0e20,78,0.000001985145
0x0e23,55,0.000001399782
0x0e25,55,0.000001399782
0x0e26,55,0.000001399782
0x0e27,55,0.000001399782
0x0e29,55,0.000001399782
0x0e2a,55,0.000001399782
0x0e2c,55,0.000001399782
0x0e2d,55,0.000001399782
0x0e2e,55,0.000001399782
0x0e2f,55,0.000001399782
0x0e31,55,0.000001399782
0x0e32,55,0.000001399782
0x0e33,48,0.000001221628
0x0e34,48,0.000001221628
0x0e35,48,0.000001221628
0x0e36,42,0.000001068924
0x0e39,23,0.000000585363
0x0e3a,23,0.000000585363
0x0e3b,23,0.000000585363
0x0e3c,23,0.000000585363
0x0e3d,23,0.000000585363
0x0e3e,23,0.000000585363
0x0e3f,23,0.000000585363
0x0e41,23,0.000000585363
0x0e42,23,0.000000585363
0x0e45,270,0.000006871655
0x0e46,270,0.000006871655
0x0e47,270,0.000006871655
0x0e48,270,0.000006871655
0x0e4a,270,0.000006871655
0x0e4d,259,0.000006591699
0x0e4e,259,0.000006591699
0x0e4f,259,0.000006591699
0x0e51,259,0.000006591699
0x0e52,259,0.000006591699
0x0e55,12,0.000000305407
0x0e58,161,0.000004097543
0x0e59,161,0.000004097543
0x0e5a,161,0.000004097543
0x0e5b,69,0.000001756090
0x0e5c,69,0.000001756090
0x0e5e,69,0.000001756090
0x0e5f,69,0.000001756090
0x0e60,26,0.000000661715
0x0e61,26,0.000000661715
0x0e62,26,0.000000661715
0x0e63,26,0.000000661715
0x0e65,26,0.000000661715
0x0e66,26,0.000000661715
0x0e67,11,0.000000279956
0x0e69,11,0.000000279956
0x0e6a,11,0.000000279956
0x0e6b,11,0.000000279956
0x0e70,42,0.000001068924
0x0e71,42,0.000001068924
0x0e72,42,0.000001068924
0x0e74,42,0.000001068924
0x0e75,42,0.000001068924
0x0e76,42,0.000001068924
0x0e77,42,0.000001068924
0x0e78,42,0.000001068924
0x0e7a,42,0.000001068924
0x0e7b,42,0.000001068924
0x0e7e,300,0.000007635173
0x0e7f,300,0.000007635173
0x0e80,300,0.000007635173
0x0e81,300,0.000007635173
0x0e83,300,0.000007635173
0x0e86,258,0.000006566248
0x0e87,258,0.000006566248
0x0e88,258,0.000006566248
0x0e8a,258,0.000006566248
0x0e8b,258,0.000006566248
0x0e90,198,0.000005039214
0x0e91,198,0.000005039214
0x0e93,198,0.000005039214
0x0e94,198,0.000005039214
0x0e95,96,0.000002443255
0x0e97,96,0.000002443255
0x0e98,96,0.000002443255
0x0e99,56,0.000001425232
0x0e9a,56,0.000001425232
0x0e9b,56,0.000001425232
0x0e9c,56,0.000001425232
0x0e9e,56,0.000001425232
0x0e9f,56,0.000001425232
0x0ea0,42,0.000001068924
0x0ea3,42,0.000001068924
0x0ea4,53,0.000001348880
0x0ea5,53,0.000001348880
0x0ea6,53,0.000001348880
0x0ea7,53,0.000001348880
0x0ea8,53,0.000001348880
0x0ea9,53,0.000001348880
0x0eaa,53,0.000001348880
0x0eac,53,0.000001348880
0x0ead,56,0.000001425232
0x0eae,56,0.000001425232
0x0eb0,56,0.000001425232
0x0eb1,56,0.000001425232
0x0eb2,56,0.000001425232
0x0eb4,56,0.000001425232
0x0eb5,56,0.000001425232
0x0eb6,56,0.000001425232
0x0eb7,56,0.000001425232
0x0eb8,56,0.000001425232
0x0ebb,56,0.000001425232
0x0ebc,56,0.000001425232
0x0ebe,56,0.000001425232
0x0ec1,53,0.000001348880
0x0ec3,56,0.000001425232
0x0ec4,56,0.000001425232
0x0ec5,56,0.000001425232
0x0ed5,56,0.000001425232
0x0ed6,56,0.000001425232
0x0ed7,56,0.000001425232
0x0ed8,56,0.000001425232
0x0ed9,56,0.000001425232
0x0eda,56,0.000001425232
0x0edb,56,0.000001425232
0x0edc,56,0.000001425232
0x0ede,56,0.000001425232
0x0ee0,56,0.000001425232
0x0ee2,56,0.000001425232
0x0ee3,56,0.000001425232
0x0ee4,56,0.000001425232
0x0ee5,56,0.000001425232
0x0f00,2869,0.000073017700
0x0f03,2869,0.000073017700
0x0f04,2869,0.000073017700
0x0f06,2869,0.000073017700
0x0f09,2869,0.000073017700
0x0f0b,2869,0.000073017700
0x0f0c,2869,0.000073017700
0x0f0d,2869,0.000073017700
0x0f0e,2869,0.000073017700
0x0f11,2869,0.000073017700
0x0f14,2869,0.000073017700
0x0f15,3,0.000000076352
0x0f16,3,0.000000076352
0x0f17,3,0.000000076352
0x0f1a,3,0.000000076352
0x0f1b,3,0.000000076352
0x0f1d,3,0.000000076352
0x0f1e,3,0.000000076352
0x0f1f,3,0.000000076352
0x0f20,3,0.000000076352
0x0f23,15,0.000000381759
0x0f24,15,0.000000381759
0x0f25,15,0.000000381759
0x0f26,15,0.000000381759
0x0f28,15,0.000000381759
0x0f2b,12,0.000000305407
0x0f2c,12,0.000000305407
0x0f2d,12,0.000000305407
0x0f2f,12,0.000000305407
0x0f30,12,0.000000305407
0x0f38,6,0.000000152703
0x0f39,6,0.000000152703
0x0f3a,6,0.000000152703
0x0f3b,6,0.000000152703
0x0f3d,6,0.000000152703
0x0f3e,3,0.000000076352
0x0f40,3,0.000000076352
0x0f41,3,0.000000076352
0x0f42,3,0.000000076352
0x0f43,3,0.000000076352
0x0f44,3,0.000000076352
0x0f45,3,0.000000076352
0x0f46,3,0.000000076352
0x0f49,3,0.000000076352
0x0f4c,3,0.000000076352
0x0f4d,3,0.000000076352
0x0f4e,3,0.000000076352
0x0f56,5735,0.000145959048
0x0f57,5735,0.000145959048
0x0f58,11467,0.000291841744
0x0f59,11467,0.000291841744
0x0f5b,11467,0.000291841744
0x0f5e,3,0.000000076352
0x0f60,3,0.000000076352
0x0f63,11464,0.000291765393
0x0f64,11464,0.000291765393
0x0f65,11464,0.000291765393
0x0f68,5732,0.000145882696
0x0f69,5732,0.000145882696
0x0f6a,5732,0.000145882696
0x0f6d,5732,0.000145882696
0x0f6e,5732,0.000145882696
0x0f71,2866,0.000072941348
0x0fc0,7126,0.000181360798
0x0fc3,7126,0.000181360798
0x0fc6,7126,0.000181360798
0x0fc9,7126,0.000181360798
0x0fcc,7126,0.000181360798
0x0fcf,7126,0.000181360798
0x0fd2,7126,0.000181360798
0x0fd5,7126,0.000181360798
0x0fd8,14252,0.000362721596
0x0fd9,14252,0.000362721596
0x0fda,14252,0.000362721596
0x0fdb,763,0.000019418789
0x0fdc,763,0.000019418789
0x0fdd,763,0.000019418789
0x0fde,763,0.000019418789
0x0fdf,763,0.000019418789
0x0fe0,763,0.000019418789
0x0fe1,763,0.000019418789
0x0fe2,763,0.000019418789
0x0fe3,763,0.000019418789
0x0fe6,763,0.000019418789
0x0fe7,763,0.000019418789
0x0fe9,763,0.000019418789
0x0fea,763,0.000019418789
0x0fec,763,0.000019418789
0x0fed,763,0.000019418789
0x0fef,763,0.000019418789
0x0ff0,763,0.000019418789
0x0ff1,763,0.000019418789
0x0ff4,763,0.000019418789
0x14e0,1639,0.000041713493
0x14e1,1639,0.000041713493
0x14e4,1639,0.000041713493
0x14e6,1639,0.000041713493
0x17e0,16480,0.000419425477
0x17e3,16480,0.000419425477
0x17e5,16480,0.000419425477
0x17e8,16480,0.000419425477
0x1df0,1023,0.000026035938
0x1df3,1023,0.000026035938
0x1df5,1023,0.000026035938
0x1ee0,528,0.000013437904
0x1ee3,528,0.000013437904
0x1ee6,13728,0.000349385495
0x1ee7,13728,0.000349385495
0x1ee8,13728,0.000349385495
0x1ee9,13728,0.000349385495
0x1eec,13728,0.000349385495
0x1eed,13728,0.000349385495
0x1ef0,528,0.000013437904
0x1ef1,528,0.000013437904
0x1ef2,528,0.000013437904
0x1ef4,528,0.000013437904
0x1ef7,528,0.000013437904
0x1ef8,528,0.000013437904
0x1ef9,528,0.000013437904
0x1efa,528,0.000013437904
0x2000,10467,0.000266391169
0x2003,10467,0.000266391169
0x2006,10467,0.000266391169
0x2009,10467,0.000266391169
0x200c,10467,0.000266391169
0x200d,10467,0.000266391169
0x200f,10467,0.000266391169
0x2010,10467,0.000266391169
0x2011,10467,0.000266391169
0x2014,10467,0.000266391169
0x2015,10467,0.000266391169
0x2018,10275,0.000261504659
0x201a,10275,0.000261504659
0x201d,1194,0.000030387987
0x201e,1194,0.000030387987
0x201f,1194,0.000030387987
0x2020,1194,0.000030387987
0x2023,298,0.000007584271
0x2025,1194,0.000030387987
0x2026,1194,0.000030387987
0x2027,1194,0.000030387987
0x202a,1190,0.000030286184
0x2040,4492,0.000114323983
0x2043,4492,0.000114323983
0x2046,4492,0.000114323983
0x2047,4492,0.000114323983
0x2048,4492,0.000114323983
0x2049,39,0.000000992572
0x204a,39,0.000000992572
0x204b,39,0.000000992572
0x204c,39,0.000000992572
0x204d,39,0.000000992572
0x204e,39,0.000000992572
0x204f,39,0.000000992572
0x2050,39,0.000000992572
0x2051,39,0.000000992572
0x2052,39,0.000000992572
0x2055,39,0.000000992572
0x2057,39,0.000000992572
0x2058,39,0.000000992572
0x2059,39,0.000000992572
0x205a,39,0.000000992572
0x205c,39,0.000000992572
0x205d,39,0.000000992572
0x205e,39,0.000000992572
0x2060,39,0.000000992572
0x2061,39,0.000000992572
0x2062,39,0.000000992572
0x2063,39,0.000000992572
0x2064,39,0.000000992572
0x2065,39,0.000000992572
0x2066,39,0.000000992572
0x2068,39,0.000000992572
0x2069,39,0.000000992572
0x206a,39,0.000000992572
0x206b,39,0.000000992572
0x206c,39,0.000000992572
0x206d,39,0.000000992572
0x2070,192,0.000004886510
0x2071,192,0.000004886510
0x2073,192,0.000004886510
0x2075,192,0.000004886510
0x2076,192,0.000004886510
0x2077,192,0.000004886510
0x2079,192,0.000004886510
0x207a,192,0.000004886510
0x207b,192,0.000004886510
0x207e,192,0.000004886510
0x2081,192,0.000004886510
0x2085,192,0.000004886510
0x2087,192,0.000004886510
0x2088,192,0.000004886510
0x2089,192,0.000004886510
0x208a,192,0.000004886510
0x208c,192,0.000004886510
0x208d,192,0.000004886510
0x208f,192,0.000004886510
0x2090,192,0.000004886510
0x2091,192,0.000004886510
0x2093,192,0.000004886510
0x2094,192,0.000004886510
0x2096,192,0.000004886510
0x2097,192,0.000004886510
0x20b0,192,0.000004886510
0x20b1,6144,0.000156368333
0x20b2,6144,0.000156368333
0x20b3,6144,0.000156368333
0x20b5,49152,0.001250946666
0x20b7,49152,0.001250946666
0x20b8,49152,0.001250946666
0x20bb,1872,0.000047643477
0x20bc,1872,0.000047643477
0x20bd,1872,0.000047643477
0x20be,1872,0.000047643477
0x20bf,49152,0.001250946666
0x20c0,49152,0.001250946666
0x20c1,49152,0.001250946666
0x20c2,49152,0.001250946666
0x20c5,6144,0.000156368333
0x20c6,6144,0.000156368333
0x20c7,6144,0.000156368333
0x20c8,6144,0.000156368333
0x20c9,6144,0.000156368333
0x20cc,3072,0.000078184167
0x20cd,3072,0.000078184167
0x20cf,3072,0.000078184167
0x20d2,2880,0.000073297656
0x20d3,2880,0.000073297656
0x20d4,2880,0.000073297656
0x20d6,2880,0.000073297656
0x20d7,2880,0.000073297656
0x20d8,2880,0.000073297656
0x20da,2880,0.000073297656
0x20db,2880,0.000073297656
0x20dc,2880,0.000073297656
0x20de,2880,0.000073297656
0x20e1,192,0.000004886510
0x20e2,192,0.000004886510
0x20e8,192,0.000004886510
0x20e9,192,0.000004886510
0x20ea,192,0.000004886510
0x20ec,192,0.000004886510
0x20ed,192,0.000004886510
0x20f0,192,0.000004886510
0x20f1,192,0.000004886510
0x20f2,192,0.000004886510
0x20f3,192,0.000004886510
0x20f4,192,0.000004886510
0x20f6,192,0.000004886510
0x20f7,192,0.000004886510
0x20f8,192,0.000004886510
0x20fa,192,0.000004886510
0x20fb,192,0.000004886510
0x20fc,192,0.000004886510
0x20fd,192,0.000004886510
0x20fe,192,0.000004886510
0x20ff,192,0.000004886510
0x2101,192,0.000004886510
0x2103,192,0.000004886510
0x2104,192,0.000004886510
0x2106,192,0.000004886510
0x2107,192,0.000004886510
0x2108,192,0.000004886510
0x2109,192,0.000004886510
0x210a,192,0.000004886510
0x210d,192,0.000004886510
0x211c,192,0.000004886510
0x211f,192,0.000004886510
0x2120,192,0.000004886510
0x2122,192,0.000004886510
0x2123,144,0.000003664883
0x2125,144,0.000003664883
0x2130,9085,0.000231218475
0x2131,9085,0.000231218475
0x2132,9085,0.000231218475
0x2135,6811,0.000173343867
0x2137,6811,0.000173343867
0x213a,4540,0.000115545611
0x213c,4540,0.000115545611
0x213f,2270,0.000057772805
0x2146,1190,0.000030286184
0x2147,1190,0.000030286184
0x2148,1190,0.000030286184
0x214b,595,0.000015143092
0x2150,2274,0.000057874608
0x2153,2274,0.000057874608
0x2156,2274,0.000057874608
0x2160,2271,0.000057798256
0x2163,2271,0.000057798256
0x2166,2271,0.000057798256
0x2169,2271,0.000057798256
0x2170,2270,0.000057772805
0x2173,2270,0.000057772805
0x2180,2270,0.000057772805
0x2183,2270,0.000057772805
0x2186,2270,0.000057772805
0x2189,2270,0.000057772805
0x2190,595,0.000015143092
0x2193,595,0.000015143092
0x2196,595,0.000015143092
0x2199,595,0.000015143092
0x219c,595,0.000015143092
0x21a5,595,0.000015143092
0x21a8,595,0.000015143092
0x21ab,595,0.000015143092
0x21ae,595,0.000015143092
0x21b1,595,0.000015143092
0x21ba,192,0.000004886510
0x21bb,192,0.000004886510
0x21bc,192,0.000004886510
0x21bf,96,0.000002443255
0x21c2,96,0.000002443255
0x21c5,96,0.000002443255
0x21c8,96,0.000002443255
0x21cb,96,0.000002443255
0x21cd,96,0.000002443255
0x21cf,96,0.000002443255
0x21dc,528,0.000013437904
0x21dd,528,0.000013437904
0x21de,528,0.000013437904
0x21df,528,0.000013437904
0x21e2,528,0.000013437904
0x21e4,528,0.000013437904
0x21e5,528,0.000013437904
0x21e6,528,0.000013437904
0x21e8,528,0.000013437904
0x21e9,528,0.000013437904
0x21eb,528,0.000013437904
0x21ec,528,0.000013437904
0x21ed,528,0.000013437904
0x21ef,528,0.000013437904
0x21f0,528,0.000013437904
0x21f1,528,0.000013437904
0x21f2,528,0.000013437904
0x21f4,528,0.000013437904
0x21f5,528,0.000013437904
0x21f7,528,0.000013437904
0x21f8,528,0.000013437904
0x21f9,528,0.000013437904
0x21fc,528,0.000013437904
0x2204,192,0.000004886510
0x2207,192,0.000004886510
0x2208,192,0.000004886510
0x2209,192,0.000004886510
0x220b,192,0.000004886510
0x220c,2,0.000000050901
0x220e,2,0.000000050901
0x2210,2,0.000000050901
0x2212,2,0.000000050901
0x2214,2,0.000000050901
0x2216,2,0.000000050901
0x2217,2,0.000000050901
0x2218,2,0.000000050901
0x221a,2,0.000000050901
0x221b,2,0.000000050901
0x221d,2,0.000000050901
0x221e,2,0.000000050901
0x2220,2,0.000000050901
0x2221,2,0.000000050901
0x2222,2,0.000000050901
0x2223,2,0.000000050901
0x2224,2,0.000000050901
0x2227,1,0.000000025451
0x2228,1,0.000000025451
0x222a,2,0.000000050901
0x222b,2,0.000000050901
0x2230,385,0.000009798471
0x2233,385,0.000009798471
0x2234,385,0.000009798471
0x2235,385,0.000009798471
0x2236,385,0.000009798471
0x2237,385,0.000009798471
0x2239,385,0.000009798471
0x223b,385,0.000009798471
0x223e,371,0.000009442163
0x2240,371,0.000009442163
0x2243,189,0.000004810159
0x2245,189,0.000004810159
0x2247,189,0.000004810159
0x2249,189,0.000004810159
0x224c,7,0.000000178154
0x224f,7,0.000000178154
0x2250,7,0.000000178154
0x2252,7,0.000000178154
0x2254,7,0.000000178154
0x2260,364,0.000009264009
0x2261,364,0.000009264009
0x2262,364,0.000009264009
0x2263,364,0.000009264009
0x2264,364,0.000009264009
0x2265,364,0.000009264009
0x2267,364,0.000009264009
0x2268,364,0.000009264009
0x2269,364,0.000009264009
0x226b,364,0.000009264009
0x226d,364,0.000009264009
0x226e,364,0.000009264009
0x226f,364,0.000009264009
0x2271,364,0.000009264009
0x2272,364,0.000009264009
0x2273,364,0.000009264009
0x2274,364,0.000009264009
0x2275,364,0.000009264009
0x2276,364,0.000009264009
0x2277,364,0.000009264009
0x2278,364,0.000009264009
0x2279,364,0.000009264009
0x227a,5096,0.000129696131
0x227b,45864,0.001167265175
0x227c,45864,0.001167265175
0x227d,45864,0.001167265175
0x227e,45864,0.001167265175
0x227f,45864,0.001167265175
0x2280,45864,0.001167265175
0x2283,5096,0.000129696131
0x2284,5096,0.000129696131
0x2285,5096,0.000129696131
0x2286,5096,0.000129696131
0x2288,5096,0.000129696131
0x2289,5096,0.000129696131
0x228a,5096,0.000129696131
0x228c,5096,0.000129696131
0x228d,5096,0.000129696131
0x228e,5096,0.000129696131
0x2291,364,0.000009264009
0x2292,14,0.000000356308
0x2295,14,0.000000356308
0x2296,14,0.000000356308
0x2298,14,0.000000356308
0x229b,6,0.000000152703
0x229e,6,0.000000152703
0x22a1,6,0.000000152703
0x22a3,2496,0.000063524635
0x22a4,2496,0.000063524635
0x22a5,2496,0.000063524635
0x22a6,2496,0.000063524635
0x22a7,2496,0.000063524635
0x22a8,2496,0.000063524635
0x22a9,2496,0.000063524635
0x22aa,2496,0.000063524635
0x22ab,2496,0.000063524635
0x22ac,2496,0.000063524635
0x22ad,2496,0.000063524635
0x22b0,6,0.000000152703
0x22b4,216,0.000005497324
0x22b7,216,0.000005497324
0x22ba,216,0.000005497324
0x22bb,216,0.000005497324
0x22bc,216,0.000005497324
0x22be,216,0.000005497324
0x22c1,3,0.000000076352
0x22c3,3,0.000000076352
0x22c5,3,0.000000076352
0x22ca,147,0.000003741235
0x22cd,147,0.000003741235
0x22ce,147,0.000003741235
0x22d0,147,0.000003741235
0x22d3,3,0.000000076352
0x22d5,3,0.000000076352
0x22d7,3,0.000000076352
0x22d9,3,0.000000076352
0x22db,3,0.000000076352
0x22dd,3,0.000000076352
0x22e0,6,0.000000152703
0x22e2,14,0.000000356308
0x22e5,14,0.000000356308
0x22e8,14,0.000000356308
0x22f0,8,0.000000203605
0x22f3,8,0.000000203605
0x22f4,8,0.000000203605
0x22fa,732,0.000018629821
0x22fd,732,0.000018629821
0x22ff,732,0.000018629821
0x2302,732,0.000018629821
0x2303,13176,0.000335336777
0x2304,13176,0.000335336777
0x2306,13176,0.000335336777
0x2307,13176,0.000335336777
0x2308,13176,0.000335336777
0x2309,13176,0.000335336777
0x230a,13176,0.000335336777
0x230b,13176,0.000335336777
0x230d,13176,0.000335336777
0x230e,13176,0.000335336777
0x230f,13176,0.000335336777
0x2310,13176,0.000335336777
0x2312,13176,0.000335336777
0x2313,13176,0.000335336777
0x2314,13176,0.000335336777
0x2316,13176,0.000335336777
0x2317,13176,0.000335336777
0x231a,1464,0.000037259642
0x231b,13176,0.000335336777
0x231c,13176,0.000335336777
0x231f,732,0.000018629821
0x2322,2196,0.000055889463
0x2325,2196,0.000055889463
0x2326,2196,0.000055889463
0x2327,2196,0.000055889463
0x2329,2196,0.000055889463
0x232a,2196,0.000055889463
0x232b,2196,0.000055889463
0x232c,2196,0.000055889463
0x232e,2196,0.000055889463
0x232f,2196,0.000055889463
0x2331,2196,0.000055889463
0x2334,2196,0.000055889463
0x2337,2196,0.000055889463
0x2351,5856,0.000149038568
0x2352,5856,0.000149038568
0x2354,5856,0.000149038568
0x2355,1239,0.000031533263
0x2356,1239,0.000031533263
0x2357,1239,0.000031533263
0x2358,1239,0.000031533263
0x235a,1239,0.000031533263
0x235b,1239,0.000031533263
0x235e,1239,0.000031533263
0x235f,1239,0.000031533263
0x2360,1239,0.000031533263
0x2361,1239,0.000031533263
0x2362,1239,0.000031533263
0x2364,1239,0.000031533263
0x2365,1239,0.000031533263
0x2366,1239,0.000031533263
0x2368,1239,0.000031533263
0x2369,1239,0.000031533263
0x236a,1239,0.000031533263
0x236b,1239,0.000031533263
0x236c,1239,0.000031533263
0x236e,1239,0.000031533263
0x2370,1239,0.000031533263
0x2373,1104,0.000028097435
0x2375,1104,0.000028097435
0x2377,1104,0.000028097435
0x237a,1104,0.000028097435
0x237b,135,0.000003435828
0x237c,135,0.000003435828
0x237e,135,0.000003435828
0x237f,135,0.000003435828
0x2381,135,0.000003435828
0x2384,135,0.000003435828
0x2385,135,0.000003435828
0x2386,135,0.000003435828
0x2387,135,0.000003435828
0x2389,135,0.000003435828
0x238a,39,0.000000992572
0x238c,39,0.000000992572
0x238d,39,0.000000992572
0x238e,39,0.000000992572
0x2390,39,0.000000992572
0x2391,33,0.000000839869
0x2393,33,0.000000839869
0x23d6,4711,0.000119897659
0x23d9,4711,0.000119897659
0x23da,4711,0.000119897659
0x23dc,4711,0.000119897659
0x23de,4711,0.000119897659
0x23e1,2643,0.000067265870
0x23e3,2643,0.000067265870
0x23e6,1363,0.000034689134
0x23e8,1363,0.000034689134
0x23eb,215,0.000005471874
0x23ed,215,0.000005471874
0x23f0,215,0.000005471874
0x23f2,215,0.000005471874
0x2476,51,0.000001297979
0x2477,51,0.000001297979
0x2478,51,0.000001297979
0x247b,51,0.000001297979
0x247d,51,0.000001297979
0x247e,51,0.000001297979
0x2481,51,0.000001297979
0x2483,51,0.000001297979
0x2484,51,0.000001297979
0x2485,51,0.000001297979
0x2487,51,0.000001297979
0x2488,51,0.000001297979
0x2489,51,0.000001297979
0x248a,51,0.000001297979
0x248c,51,0.000001297979
0x248d,51,0.000001297979
0x248f,51,0.000001297979
0x2490,51,0.000001297979
0x2493,51,0.000001297979
0x2495,51,0.000001297979
0x2496,51,0.000001297979
0x2497,51,0.000001297979
0x2498,46,0.000001170726
0x2499,46,0.000001170726
0x249a,46,0.000001170726
0x249b,31,0.000000788968
0x249c,31,0.000000788968
0x249d,31,0.000000788968
0x249e,21,0.000000534462
0x249f,21,0.000000534462
0x24a0,10467,0.000266391169
0x24a3,10467,0.000266391169
0x24a5,10467,0.000266391169
0x24a7,10467,0.000266391169
0x24a8,5856,0.000149038568
0x24ab,5856,0.000149038568
0x24ae,5856,0.000149038568
0x24b1,5856,0.000149038568
0x24b4,5856,0.000149038568
0x24b6,5856,0.000149038568
0x24b8,5856,0.000149038568
0x24b9,1464,0.000037259642
0x24c4,5232,0.000133157409
0x24c7,5232,0.000133157409
0x24c9,5232,0.000133157409
0x24cb,5232,0.000133157409
0x24ce,2928,0.000074519284
0x24d1,2928,0.000074519284
0x24d4,2928,0.000074519284
0x24d5,2928,0.000074519284
0x24d6,2928,0.000074519284
0x24d8,2928,0.000074519284
0x24db,2196,0.000055889463
0x24e0,2928,0.000074519284
0x24e3,2928,0.000074519284
0x24e5,2928,0.000074519284
0x24e6,183,0.000004657455
0x24e9,183,0.000004657455
0x24eb,183,0.000004657455
0x24ec,183,0.000004657455
0x24f2,1464,0.000037259642
0x24f5,1464,0.000037259642
0x24f7,1464,0.000037259642
0x24f8,1464,0.000037259642
0x24f9,1464,0.000037259642
0x24fc,1464,0.000037259642
0x24fe,1464,0.000037259642
0x24ff,1464,0.000037259642
0x2500,432,0.000010994648
0x2503,432,0.000010994648
0x2504,432,0.000010994648
0x2505,402,0.000010231131
0x2508,402,0.000010231131
0x2509,402,0.000010231131
0x250a,99,0.000002519607
0x250b,99,0.000002519607
0x250d,99,0.000002519607
0x250e,99,0.000002519607
0x2511,99,0.000002519607
0x2512,99,0.000002519607
0x2513,99,0.000002519607
0x2515,99,0.000002519607
0x2517,99,0.000002519607
0x2518,99,0.000002519607
0x2519,99,0.000002519607
0x251a,99,0.000002519607
0x2560,2865,0.000072915898
0x2563,2865,0.000072915898
0x2564,2865,0.000072915898
0x2566,2865,0.000072915898
0x2567,2865,0.000072915898
0x2568,2865,0.000072915898
0x2569,2865,0.000072915898
0x256a,2865,0.000072915898
0x256b,2865,0.000072915898
0x256d,2865,0.000072915898
0x256e,2865,0.000072915898
0x2570,2865,0.000072915898
0x2572,2865,0.000072915898
0x2575,2865,0.000072915898
0x2576,2865,0.000072915898
0x2577,2865,0.000072915898
0x2578,2865,0.000072915898
0x2579,2865,0.000072915898
0x257b,2865,0.000072915898
0x257c,2865,0.000072915898
0x257f,2865,0.000072915898
0x2581,2865,0.000072915898
0x2582,2865,0.000072915898
0x2585,2865,0.000072915898
0x2587,2865,0.000072915898
0x2588,22757,0.000579178737
0x2589,22757,0.000579178737
0x258c,22696,0.000577626252
0x258d,22696,0.000577626252
0x258e,22696,0.000577626252
0x2590,22696,0.000577626252
0x2591,22696,0.000577626252
0x2592,22696,0.000577626252
0x2595,2804,0.000071363413
0x2596,22757,0.000579178737
0x2597,22757,0.000579178737
0x2599,22757,0.000579178737
0x259a,15940,0.000405682167
0x259b,15940,0.000405682167
0x259c,15940,0.000405682167
0x259e,15940,0.000405682167
0x259f,15940,0.000405682167
0x25a1,15940,0.000405682167
0x25a2,14845,0.000377813787
0x25a3,14845,0.000377813787
0x25a4,14845,0.000377813787
0x25a5,14845,0.000377813787
0x25a6,10034,0.000255371070
0x25a7,10034,0.000255371070
0x25a8,2414,0.000061437688
0x25a9,2414,0.000061437688
0x25aa,2414,0.000061437688
0x25ab,2414,0.000061437688
0x25ac,2376,0.000060470566
0x25ae,2376,0.000060470566
0x25af,61,0.000001552485
0x25b0,61,0.000001552485
0x25b1,61,0.000001552485
0x25b2,61,0.000001552485
0x25b3,61,0.000001552485
0x25b4,61,0.000001552485
0x25b5,61,0.000001552485
0x25b6,61,0.000001552485
0x25b7,282,0.000007177062
0x25ba,282,0.000007177062
0x25bc,282,0.000007177062
0x25be,282,0.000007177062
0x25ca,282,0.000007177062
0x25cd,652,0.000016593775
0x25ce,652,0.000016593775
0x25d0,652,0.000016593775
0x25d3,487,0.000012394430
0x25d4,487,0.000012394430
0x25d6,487,0.000012394430
0x25d7,487,0.000012394430
0x25d8,487,0.000012394430
0x25db,117,0.000002977717
0x25dc,117,0.000002977717
0x25dd,117,0.000002977717
0x25e0,165,0.000004199345
0x25e1,165,0.000004199345
0x25e3,165,0.000004199345
0x25e4,165,0.000004199345
0x25e5,165,0.000004199345
0x25e7,165,0.000004199345
0x25e8,165,0.000004199345
0x25ea,165,0.000004199345
0x25eb,165,0.000004199345
0x25ec,165,0.000004199345
0x25ed,165,0.000004199345
0x25ef,165,0.000004199345
0x25f0,165,0.000004199345
0x25f1,165,0.000004199345
0x25f3,165,0.000004199345
0x25f4,165,0.000004199345
0x25f6,165,0.000004199345
0x25f7,165,0.000004199345
0x25f8,165,0.000004199345
0x25f9,165,0.000004199345
0x25fa,165,0.000004199345
0x25fb,165,0.000004199345
0x25fc,165,0.000004199345
0x25fd,165,0.000004199345
0x2600,3044,0.000077471551
0x2601,3044,0.000077471551
0x2602,3044,0.000077471551
0x2603,3044,0.000077471551
0x2604,3044,0.000077471551
0x2605,3044,0.000077471551
0x2608,3044,0.000077471551
0x2609,3044,0.000077471551
0x260a,3044,0.000077471551
0x260b,3044,0.000077471551
0x260c,3044,0.000077471551
0x260e,3044,0.000077471551
0x2611,3044,0.000077471551
0x2612,3044,0.000077471551
0x2613,3044,0.000077471551
0x2616,3044,0.000077471551
0x2617,3044,0.000077471551
0x261a,1788,0.000045505628
0x261d,1788,0.000045505628
0x261e,1788,0.000045505628
0x2620,1788,0.000045505628
0x2621,1788,0.000045505628
0x2624,1788,0.000045505628
0x2625,1788,0.000045505628
0x2626,1788,0.000045505628
0x2628,1788,0.000045505628
0x2629,1788,0.000045505628
0x262b,1788,0.000045505628
0x262c,1788,0.000045505628
0x262e,1788,0.000045505628
0x262f,1788,0.000045505628
0x2630,1788,0.000045505628
0x2631,1788,0.000045505628
0x2633,1788,0.000045505628
0x2634,1788,0.000045505628
0x2635,1788,0.000045505628
0x2638,1788,0.000045505628
0x2639,3044,0.000077471551
0x263c,3044,0.000077471551
0x263f,3044,0.000077471551
0x2642,3044,0.000077471551
0x2643,3044,0.000077471551
0x2646,1522,0.000038735775
0x2649,1522,0.000038735775
0x2650,1256,0.000031965922
0x2651,1256,0.000031965922
0x2654,1256,0.000031965922
0x2655,1256,0.000031965922
0x2656,1256,0.000031965922
0x2658,1256,0.000031965922
0x2659,1256,0.000031965922
0x265b,1256,0.000031965922
0x265c,1256,0.000031965922
0x265e,1256,0.000031965922
0x2661,1256,0.000031965922
0x2662,1256,0.000031965922
0x2668,1522,0.000038735775
0x266b,1522,0.000038735775
0x266c,1522,0.000038735775
0x266d,1522,0.000038735775
0x2670,1522,0.000038735775
0x2672,1522,0.000038735775
0x2676,1522,0.000038735775
0x2678,1522,0.000038735775
0x267c,1522,0.000038735775
0x267f,1522,0.000038735775
0x2681,1522,0.000038735775
0x2684,1522,0.000038735775
0x2685,1522,0.000038735775
0x2688,1522,0.000038735775
0x268a,1522,0.000038735775
0x268b,1522,0.000038735775
0x268d,1522,0.000038735775
0x268e,1522,0.000038735775
0x268f,1522,0.000038735775
0x2692,1517,0.000038608522
0x2693,1522,0.000038735775
0x2694,1522,0.000038735775
0x2697,1522,0.000038735775
0x2699,1522,0.000038735775
0x269d,1522,0.000038735775
0x269f,1522,0.000038735775
0x26a3,1522,0.000038735775
0x26a4,1522,0.000038735775
0x26a7,1522,0.000038735775
0x26aa,1522,0.000038735775
0x26ad,1522,0.000038735775
0x26ae,1522,0.000038735775
0x26af,1522,0.000038735775
0x26b0,1522,0.000038735775
0x26b1,303,0.000007711524
0x26b2,303,0.000007711524
0x26b4,303,0.000007711524
0x26b5,303,0.000007711524
0x26b7,303,0.000007711524
0x26b8,303,0.000007711524
0x26ba,303,0.000007711524
0x26bb,51,0.000001297979
0x26bc,51,0.000001297979
0x26bd,51,0.000001297979
0x26be,51,0.000001297979
0x26bf,51,0.000001297979
0x26c2,51,0.000001297979
0x26c4,51,0.000001297979
0x26c6,51,0.000001297979
0x26c7,51,0.000001297979
0x26c8,51,0.000001297979
0x26ca,51,0.000001297979
0x26cb,51,0.000001297979
0x26cc,51,0.000001297979
0x26d0,1522,0.000038735775
0x26d3,1522,0.000038735775
0x26d6,1522,0.000038735775
0x26d9,12176,0.000309886202
0x26da,12176,0.000309886202
0x26db,12176,0.000309886202
0x26de,9226,0.000234807006
0x26df,9226,0.000234807006
0x26e0,9226,0.000234807006
0x26e3,1522,0.000038735775
0x26e4,9226,0.000234807006
0x26e5,12176,0.000309886202
0x26e6,12176,0.000309886202
0x26e7,12176,0.000309886202
0x26e8,12176,0.000309886202
0x26e9,12176,0.000309886202
0x26eb,12176,0.000309886202
0x26ee,1522,0.000038735775
0x26f1,1522,0.000038735775
0x26f2,1522,0.000038735775
0x26f3,1522,0.000038735775
0x26f5,1522,0.000038735775
0x26f8,1522,0.000038735775
0x26f9,1522,0.000038735775
0x26fa,1522,0.000038735775
0x26fd,1522,0.000038735775
0x2700,5777,0.000147027972
0x2703,5777,0.000147027972
0x2704,5777,0.000147027972
0x2705,5777,0.000147027972
0x2706,5776,0.000147002522
0x2707,5776,0.000147002522
0x2708,5776,0.000147002522
0x270a,5776,0.000147002522
0x270b,5776,0.000147002522
0x270c,5776,0.000147002522
0x270e,5776,0.000147002522
0x270f,5776,0.000147002522
0x2711,5776,0.000147002522
0x2714,5776,0.000147002522
0x2717,23104,0.000588010086
0x271a,23104,0.000588010086
0x271b,23104,0.000588010086
0x271c,23104,0.000588010086
0x271d,23104,0.000588010086
0x271e,23104,0.000588010086
0x2720,23104,0.000588010086
0x2723,5776,0.000147002522
0x2725,5776,0.000147002522
0x2728,5776,0.000147002522
0x272a,5776,0.000147002522
0x2739,5776,0.000147002522
0x273c,5776,0.000147002522
0x273d,5776,0.000147002522
0x2740,5776,0.000147002522
0x2743,5776,0.000147002522
0x2748,23104,0.000588010086
0x2749,23104,0.000588010086
0x274a,23104,0.000588010086
0x274c,23104,0.000588010086
0x274d,74,0.000001883343
0x274e,74,0.000001883343
0x274f,74,0.000001883343
0x2750,37,0.000000941671
0x2751,37,0.000000941671
0x2752,37,0.000000941671
0x2753,37,0.000000941671
0x2754,37,0.000000941671
0x2755,37,0.000000941671
0x2757,37,0.000000941671
0x2758,37,0.000000941671
0x2759,37,0.000000941671
0x275b,37,0.000000941671
0x275c,37,0.000000941671
0x275f,37,0.000000941671
0x2760,37,0.000000941671
0x2761,37,0.000000941671
0x2764,37,0.000000941671
0x2768,37,0.000000941671
0x2769,37,0.000000941671
0x276c,37,0.000000941671
0x276e,37,0.000000941671
0x2771,37,0.000000941671
0x2772,37,0.000000941671
0x2778,37,0.000000941671
0x277b,37,0.000000941671
0x277c,37,0.000000941671
0x277f,37,0.000000941671
0x2780,37,0.000000941671
0x2781,37,0.000000941671
0x2782,37,0.000000941671
0x2783,37,0.000000941671
0x2784,37,0.000000941671
0x2785,37,0.000000941671
0x2786,37,0.000000941671
0x2789,37,0.000000941671
0x27a8,5776,0.000147002522
0x27ab,5776,0.000147002522
0x27ac,5776,0.000147002522
0x27af,5776,0.000147002522
0x27b0,5776,0.000147002522
0x27b1,5776,0.000147002522
0x27b4,5776,0.000147002522
0x27b6,5776,0.000147002522
0x27b7,5776,0.000147002522
0x27b8,5776,0.000147002522
0x27ba,5776,0.000147002522
0x27bd,5392,0.000137229501
0x27c0,5392,0.000137229501
0x27c1,5392,0.000137229501
0x27c2,5392,0.000137229501
0x27c5,5344,0.000136007873
0x27c7,5344,0.000136007873
0x27c8,5344,0.000136007873
0x27c9,5344,0.000136007873
0x27ca,3334,0.000084852217
0x27cc,3334,0.000084852217
0x27cf,3200,0.000081441840
0x27d0,3200,0.000081441840
0x27d2,3200,0.000081441840
0x27d3,3200,0.000081441840
0x27d5,3200,0.000081441840
0x27d6,3200,0.000081441840
0x27d8,134,0.000003410377
0x27da,134,0.000003410377
0x27dc,134,0.000003410377
0x27dd,134,0.000003410377
0x27df,134,0.000003410377
0x27e0,134,0.000003410377
0x27e2,48,0.000001221628
0x27e4,48,0.000001221628
0x27e9,48,0.000001221628
0x27ea,48,0.000001221628
0x27ec,48,0.000001221628
0x27ee,48,0.000001221628
0x3000,2869,0.000073017700
0x3003,2869,0.000073017700
0x3004,2869,0.000073017700
0x3005,2869,0.000073017700
0x3007,2869,0.000073017700
0x300a,2869,0.000073017700
0x300b,2869,0.000073017700
0x300c,2869,0.000073017700
0x300d,2869,0.000073017700
0x300e,2869,0.000073017700
0x300f,2869,0.000073017700
0x3010,2869,0.000073017700
0x3011,2869,0.000073017700
0x3012,356,0.000009060405
0x3028,362,0.000009213108
0x302b,362,0.000009213108
0x302c,362,0.000009213108
0x302e,362,0.000009213108
0x302f,362,0.000009213108
0x3031,362,0.000009213108
0x3032,362,0.000009213108
0x3034,362,0.000009213108
0x3035,298,0.000007584271
0x3037,298,0.000007584271
0x3038,298,0.000007584271
0x3039,298,0.000007584271
0x303c,285,0.000007253414
0x303d,285,0.000007253414
0x303e,4,0.000000101802
0x303f,4,0.000000101802
0x3040,4,0.000000101802
0x3042,4,0.000000101802
0x3044,4,0.000000101802
0x3046,4,0.000000101802
0x3048,4,0.000000101802
0x3049,4,0.000000101802
0x304b,4,0.000000101802
0x304d,4,0.000000101802
0x304f,4,0.000000101802
0x3050,4,0.000000101802
0x3052,4,0.000000101802
0x3055,4,0.000000101802
0x3056,4,0.000000101802
0x3057,3,0.000000076352
0x3059,3,0.000000076352
0x305c,13,0.000000330857
0x305f,13,0.000000330857
0x3062,13,0.000000330857
0x3063,13,0.000000330857
0x3064,13,0.000000330857
0x3065,13,0.000000330857
0x3066,13,0.000000330857
0x3067,13,0.000000330857
0x3068,13,0.000000330857
0x306a,13,0.000000330857
0x306c,13,0.000000330857
0x306d,13,0.000000330857
0x3074,65,0.000001654287
0x3077,65,0.000001654287
0x3078,65,0.000001654287
0x3079,65,0.000001654287
0x307a,65,0.000001654287
0x307c,65,0.000001654287
0x307d,65,0.000001654287
0x307f,65,0.000001654287
0x3080,65,0.000001654287
0x3081,65,0.000001654287
0x3082,65,0.000001654287
0x3084,65,0.000001654287
0x3089,65,0.000001654287
0x308a,65,0.000001654287
0x308b,65,0.000001654287
0x308c,65,0.000001654287
0x308d,65,0.000001654287
0x308f,65,0.000001654287
0x3090,65,0.000001654287
0x3092,65,0.000001654287
0x3093,65,0.000001654287
0x3094,65,0.000001654287
0x3095,65,0.000001654287
0x3098,65,0.000001654287
0x309a,65,0.000001654287
0x309d,5,0.000000127253
0x309f,65,0.000001654287
0x30a0,65,0.000001654287
0x30a1,65,0.000001654287
0x30a4,65,0.000001654287
0x30a6,65,0.000001654287
0x30a7,65,0.000001654287
0x30a8,65,0.000001654287
0x30aa,4768,0.000121348342
0x30ad,4768,0.000121348342
0x30ae,4768,0.000121348342
0x30af,4768,0.000121348342
0x30b0,4768,0.000121348342
0x30b1,4768,0.000121348342
0x30b3,4768,0.000121348342
0x30b5,4768,0.000121348342
0x30b6,4768,0.000121348342
0x30b8,4768,0.000121348342
0x30ba,359,0.000009136756
0x30bd,359,0.000009136756
0x30c0,359,0.000009136756
0x30c3,359,0.000009136756
0x30c6,359,0.000009136756
0x30c8,359,0.000009136756
0x30c9,359,0.000009136756
0x30ca,359,0.000009136756
0x30cb,229,0.000005828182
0x30cd,229,0.000005828182
0x30ce,229,0.000005828182
0x30cf,229,0.000005828182
0x30d2,177,0.000004504752
0x30d3,177,0.000004504752
0x30d4,45,0.000001145276
0x30d6,45,0.000001145276
0x30d8,45,0.000001145276
0x30da,1077,0.000027410269
0x30db,1077,0.000027410269
0x30dc,1077,0.000027410269
0x30dd,1077,0.000027410269
0x30de,504,0.000012827090
0x30df,504,0.000012827090
0x30e4,52,0.000001323430
0x30e7,52,0.000001323430
0x30ea,52,0.000001323430
0x30eb,52,0.000001323430
0x30ed,52,0.000001323430
0x30f2,52,0.000001323430
0x30f3,52,0.000001323430
0x30f5,52,0.000001323430
0x30f6,52,0.000001323430
0x30f7,52,0.000001323430
0x30f8,52,0.000001323430
0x30fa,52,0.000001323430
0x30fc,52,0.000001323430
0x30ff,52,0.000001323430
0x3102,52,0.000001323430
0x3105,52,0.000001323430
0x3106,52,0.000001323430
0x3107,52,0.000001323430
0x3108,52,0.000001323430
0x310a,52,0.000001323430
0x310c,52,0.000001323430
0x310e,52,0.000001323430
0x310f,52,0.000001323430
0x3112,156,0.000003970290
0x3113,156,0.000003970290
0x3114,156,0.000003970290
0x3115,156,0.000003970290
0x3116,95,0.000002417805
0x3117,95,0.000002417805
0x3118,95,0.000002417805
0x311a,95,0.000002417805
0x311b,95,0.000002417805
0x311c,95,0.000002417805
0x311d,95,0.000002417805
0x311e,52,0.000001323430
0x311f,52,0.000001323430
0x3121,52,0.000001323430
0x3124,359,0.000009136756
0x3127,359,0.000009136756
0x3128,359,0.000009136756
0x312a,359,0.000009136756
0x312b,45,0.000001145276
0x312d,45,0.000001145276
0x312f,45,0.000001145276
0x3130,45,0.000001145276
0x3131,45,0.000001145276
0x3132,45,0.000001145276
0x3134,45,0.000001145276
0x3136,45,0.000001145276
0x3138,45,0.000001145276
0x313d,45,0.000001145276
0x313f,45,0.000001145276
0x3140,45,0.000001145276
0x3141,45,0.000001145276
0x3144,45,0.000001145276
0x3145,45,0.000001145276
0x3146,45,0.000001145276
0x3149,32,0.000000814418
0x314b,45,0.000001145276
0x314d,45,0.000001145276
0x314e,45,0.000001145276
0x315a,359,0.000009136756
0x315d,359,0.000009136756
0x315e,359,0.000009136756
0x3160,359,0.000009136756
0x3161,107,0.000002723212
0x3164,107,0.000002723212
0x3165,107,0.000002723212
0x3166,107,0.000002723212
0x3167,107,0.000002723212
0x3169,107,0.000002723212
0x316a,107,0.000002723212
0x316c,107,0.000002723212
0x316d,107,0.000002723212
0x316e,107,0.000002723212
0x316f,107,0.000002723212
0x3171,107,0.000002723212
0x3172,107,0.000002723212
0x3174,107,0.000002723212
0x3176,107,0.000002723212
0x3177,107,0.000002723212
0x3178,107,0.000002723212
0x3179,1114,0.000028351941
0x317c,1069,0.000027206665
0x317d,1069,0.000027206665
0x317e,1069,0.000027206665
0x317f,1069,0.000027206665
0x3180,1069,0.000027206665
0x3181,1069,0.000027206665
0x3182,1069,0.000027206665
0x3183,1069,0.000027206665
0x3186,66,0.000001679738
0x3188,66,0.000001679738
0x318a,1069,0.000027206665
0x318b,1069,0.000027206665
0x318e,62,0.000001577936
0x3192,1114,0.000028351941
0x3193,1114,0.000028351941
0x3195,1114,0.000028351941
0x3196,779,0.000019825998
0x3199,779,0.000019825998
0x319a,779,0.000019825998
0x319b,45,0.000001145276
0x319e,45,0.000001145276
0x319f,45,0.000001145276
0x31a0,45,0.000001145276
0x31a1,45,0.000001145276
0x31a2,45,0.000001145276
0x31a3,45,0.000001145276
0x31a4,45,0.000001145276
0x31a7,45,0.000001145276
0x31a9,45,0.000001145276
0x31ac,45,0.000001145276
0x31ad,45,0.000001145276
0x31b4,356,0.000009060405
0x31b7,356,0.000009060405
0x31b9,356,0.000009060405
0x31ba,43,0.000001094375
0x31bd,43,0.000001094375
0x31bf,43,0.000001094375
0x31c0,43,0.000001094375
0x31c2,43,0.000001094375
0x31c3,43,0.000001094375
0x31c5,43,0.000001094375
0x31c6,43,0.000001094375
0x31c7,43,0.000001094375
0x31c8,43,0.000001094375
0x31cb,43,0.000001094375
0x31cd,43,0.000001094375
0x31ce,43,0.000001094375
0x31d1,20,0.000000509012
0x31d2,20,0.000000509012
0x31d3,20,0.000000509012
0x31d4,20,0.000000509012
0x31d6,43,0.000001094375
0x31d7,43,0.000001094375
0x31d8,43,0.000001094375
0x31d9,43,0.000001094375
0x31da,43,0.000001094375
0x31dc,43,0.000001094375
0x31de,43,0.000001094375
0x31df,43,0.000001094375
0x31e1,43,0.000001094375
0x31e2,43,0.000001094375
0x31e3,43,0.000001094375
0x31e4,43,0.000001094375
0x31e5,43,0.000001094375
0x31e6,43,0.000001094375
0x31e7,43,0.000001094375
0x31e8,43,0.000001094375
0x31e9,43,0.000001094375
0x31ec,43,0.000001094375
0x31ed,43,0.000001094375
0x31f0,43,0.000001094375
0x31f1,43,0.000001094375
0x31f2,43,0.000001094375
0x31f4,43,0.000001094375
0x31f5,43,0.000001094375
0x31f7,43,0.000001094375
0x31f8,43,0.000001094375
0x31fb,43,0.000001094375
0x31fd,43,0.000001094375
0x31fe,43,0.000001094375
0x31ff,43,0.000001094375
0x3201,43,0.000001094375
0x3202,43,0.000001094375
0x3203,43,0.000001094375
0x3204,43,0.000001094375
0x3207,43,0.000001094375
0x3209,43,0.000001094375
0x320a,43,0.000001094375
0x320b,43,0.000001094375
0x320c,43,0.000001094375
0x320d,43,0.000001094375
0x3210,43,0.000001094375
0x3213,43,0.000001094375
0x3215,43,0.000001094375
0x3216,33,0.000000839869
0x3217,33,0.000000839869
0x3219,33,0.000000839869
0x321b,33,0.000000839869
0x321c,2,0.000000050901
0x321e,2,0.000000050901
0x3220,2,0.000000050901
0x322c,356,0.000009060405
0x322f,356,0.000009060405
0x3231,356,0.000009060405
0x3232,68,0.000001730639
0x3235,68,0.000001730639
0x3238,68,0.000001730639
0x323b,68,0.000001730639
0x323c,68,0.000001730639
0x323f,68,0.000001730639
0x3240,801,0.000020385911
0x3241,801,0.000020385911
0x3243,801,0.000020385911
0x3246,373,0.000009493065
0x3247,373,0.000009493065
0x3248,373,0.000009493065
0x3249,309,0.000007864228
0x324a,309,0.000007864228
0x324b,309,0.000007864228
0x324c,309,0.000007864228
0x324d,309,0.000007864228
0x324e,737,0.000018757074
0x324f,737,0.000018757074
0x3250,737,0.000018757074
0x3251,737,0.000018757074
0x3253,737,0.000018757074
0x3254,737,0.000018757074
0x3256,737,0.000018757074
0x3259,4,0.000000101802
0x325b,4,0.000000101802
0x325e,4,0.000000101802
0x3264,362,0.000009213108
0x3267,362,0.000009213108
0x3268,362,0.000009213108
0x326b,362,0.000009213108
0x326c,362,0.000009213108
0x326e,362,0.000009213108
0x326f,362,0.000009213108
0x3271,362,0.000009213108
0x3272,362,0.000009213108
0x3274,362,0.000009213108
0x3275,47,0.000001196177
0x3277,47,0.000001196177
0x3279,47,0.000001196177
0x327a,47,0.000001196177
0x327b,47,0.000001196177
0x327c,47,0.000001196177
0x327e,47,0.000001196177
0x3281,47,0.000001196177
0x3282,47,0.000001196177
0x3285,47,0.000001196177
0x3286,47,0.000001196177
0x3287,47,0.000001196177
0x3289,47,0.000001196177
0x328a,47,0.000001196177
0x328b,47,0.000001196177
0x328d,47,0.000001196177
0x328e,47,0.000001196177
0x328f,130,0.000003308575
0x3290,130,0.000003308575
0x3291,130,0.000003308575
0x3292,130,0.000003308575
0x3295,122,0.000003104970
0x3296,122,0.000003104970
0x3297,122,0.000003104970
0x329a,108,0.000002748662
0x329b,108,0.000002748662
0x329e,108,0.000002748662
0x329f,108,0.000002748662
0x32a0,108,0.000002748662
0x32a3,108,0.000002748662
0x32a4,130,0.000003308575
0x32a5,130,0.000003308575
0x32a6,130,0.000003308575
0x32a9,4,0.000000101802
0x32ab,130,0.000003308575
0x32ac,130,0.000003308575
0x32af,47,0.000001196177
0x32b0,32,0.000000814418
0x32b3,32,0.000000814418
0x32b5,32,0.000000814418
0x32b8,32,0.000000814418
0x32ba,32,0.000000814418
0x32bc,32,0.000000814418
0x32bf,32,0.000000814418
0x32c2,32,0.000000814418
0x32c3,32,0.000000814418
0x32c4,9,0.000000229055
0x32c5,9,0.000000229055
0x32c6,9,0.000000229055
0x32c7,9,0.000000229055
0x32c8,9,0.000000229055
0x32cb,9,0.000000229055
0x32cd,9,0.000000229055
0x32d0,9,0.000000229055
0x32d2,9,0.000000229055
0x32d4,9,0.000000229055
0x32d6,9,0.000000229055
0x32d7,9,0.000000229055
0x32d9,9,0.000000229055
0x32da,9,0.000000229055
0x32dc,9,0.000000229055
0x32dd,9,0.000000229055
0x32de,9,0.000000229055
0x32e1,9,0.000000229055
0x32e2,9,0.000000229055
0x32e3,9,0.000000229055
0x3400,3044,0.000077471551
0x3403,3044,0.000077471551
0x3406,3044,0.000077471551
0x3409,3044,0.000077471551
0x340c,3044,0.000077471551
0x340f,3044,0.000077471551
0x3412,3044,0.000077471551
0x3413,3044,0.000077471551
0x3416,3044,0.000077471551
0x3418,3044,0.000077471551
0x3438,3044,0.000077471551
0x343b,3044,0.000077471551
0x343c,3044,0.000077471551
0x343f,1522,0.000038735775
0x3442,1522,0.000038735775
0x3445,1522,0.000038735775
0x3448,1522,0.000038735775
0x344b,1522,0.000038735775
0x3452,1522,0.000038735775
0x3455,1522,0.000038735775
0x3458,1522,0.000038735775
0x345b,1522,0.000038735775
0x3474,1522,0.000038735775
0x3477,6088,0.000154943101
0x3478,6088,0.000154943101
0x347b,6088,0.000154943101
0x347c,6088,0.000154943101
0x347d,6088,0.000154943101
0x347f,6088,0.000154943101
0x3480,6088,0.000154943101
0x3482,6088,0.000154943101
0x3485,1522,0.000038735775
0x3486,1522,0.000038735775
0x3489,6088,0.000154943101
0x348a,6088,0.000154943101
0x348d,6088,0.000154943101
0x348e,6088,0.000154943101
0x348f,6088,0.000154943101
0x3491,6088,0.000154943101
0x3492,6088,0.000154943101
0x3494,6088,0.000154943101
0x3497,1522,0.000038735775
0x3498,1522,0.000038735775
0x349b,6088,0.000154943101
0x349c,6088,0.000154943101
0x349f,6088,0.000154943101
0x34a0,6088,0.000154943101
0x34a1,6088,0.000154943101
0x34a3,6088,0.000154943101
0x34a4,6088,0.000154943101
0x34a6,6088,0.000154943101
0x34a9,1522,0.000038735775
0x34aa,1522,0.000038735775
0x34ad,6088,0.000154943101
0x34ae,6088,0.000154943101
0x34b1,6088,0.000154943101
0x34b2,6088,0.000154943101
0x34b3,6088,0.000154943101
0x34b5,6088,0.000154943101
0x34b6,6088,0.000154943101
0x34b8,6088,0.000154943101
0x34bb,1522,0.000038735775
0x34c0,12704,0.000323324106
0x34c1,12704,0.000323324106
0x34c2,12704,0.000323324106
0x34c3,9757,0.000248321261
0x34c4,9757,0.000248321261
0x34c6,9757,0.000248321261
0x34c7,9757,0.000248321261
0x34c9,9757,0.000248321261
0x34ca,9757,0.000248321261
0x34cb,9757,0.000248321261
0x34cc,9757,0.000248321261
0x34cd,9757,0.000248321261
0x34ce,9757,0.000248321261
0x34cf,9757,0.000248321261
0x34d0,9757,0.000248321261
0x34d1,9757,0.000248321261
0x34d2,9757,0.000248321261
0x34d3,9757,0.000248321261
0x34d4,9757,0.000248321261
0x34d5,9757,0.000248321261
0x34d7,9757,0.000248321261
0x34d8,9757,0.000248321261
0x34da,9757,0.000248321261
0x34db,9757,0.000248321261
0x34dc,9757,0.000248321261
0x34dd,9757,0.000248321261
0x34de,9771,0.000248677569
0x34df,9771,0.000248677569
0x34e1,9771,0.000248677569
0x34e4,934,0.000023770837
0x34e5,934,0.000023770837
0x34e7,934,0.000023770837
0x34ea,351,0.000008933152
0x34ec,351,0.000008933152
0x34ed,351,0.000008933152
0x34ee,351,0.000008933152
0x34f0,351,0.000008933152
0x34f1,351,0.000008933152
0x34f3,351,0.000008933152
0x34f6,144,0.000003664883
0x34f8,144,0.000003664883
0x34f9,144,0.000003664883
0x34fa,144,0.000003664883
0x34fc,144,0.000003664883
0x34fd,144,0.000003664883
0x34ff,144,0.000003664883
0x3509,351,0.000008933152
0x350a,351,0.000008933152
0x350b,351,0.000008933152
0x350c,9771,0.000248677569
0x350e,9771,0.000248677569
0x350f,9771,0.000248677569
0x3512,9771,0.000248677569
0x3513,9771,0.000248677569
0x3515,9771,0.000248677569
0x3516,9771,0.000248677569
0x3518,9771,0.000248677569
0x3519,9771,0.000248677569
0x3520,89,0.000002265101
0x3521,89,0.000002265101
0x3522,89,0.000002265101
0x3523,89,0.000002265101
0x3524,89,0.000002265101
0x3525,89,0.000002265101
0x3526,89,0.000002265101
0x3527,89,0.000002265101
0x3528,3032,0.000077166144
0x3529,3032,0.000077166144
0x352a,3032,0.000077166144
0x352b,3032,0.000077166144
0x352c,3032,0.000077166144
0x352d,3032,0.000077166144
0x352e,3032,0.000077166144
0x352f,3032,0.000077166144
0x3530,3635,0.000092512840
0x3531,3635,0.000092512840
0x3532,3635,0.000092512840
0x3533,3635,0.000092512840
0x3534,3635,0.000092512840
0x3535,3635,0.000092512840
0x3536,3635,0.000092512840
0x3537,3635,0.000092512840
0x3538,4278,0.000108877560
0x3539,4278,0.000108877560
0x353a,4278,0.000108877560
0x353b,4278,0.000108877560
0x353c,4278,0.000108877560
0x353d,4278,0.000108877560
0x353e,4278,0.000108877560
0x353f,4278,0.000108877560
0x3540,9835,0.000250306406
0x3541,9835,0.000250306406
0x3542,9835,0.000250306406
0x3543,9835,0.000250306406
0x3544,9835,0.000250306406
0x3545,9835,0.000250306406
0x3546,9835,0.000250306406
0x3547,9835,0.000250306406
0x3548,10602,0.000269826997
0x3549,10602,0.000269826997
0x354a,10602,0.000269826997
0x354b,10602,0.000269826997
0x354c,10602,0.000269826997
0x354d,10602,0.000269826997
0x354e,10602,0.000269826997
0x354f,10602,0.000269826997
0x3550,10650,0.000271048625
0x3551,10650,0.000271048625
0x3552,10650,0.000271048625
0x3553,10650,0.000271048625
0x3554,10650,0.000271048625
0x3555,10650,0.000271048625
0x3556,10650,0.000271048625
0x3557,10650,0.000271048625
0x3558,10650,0.000271048625
0x355a,10650,0.000271048625
0x355b,10650,0.000271048625
0x355d,10650,0.000271048625
0x3560,3044,0.000077471551
0x3563,3044,0.000077471551
0x3564,3044,0.000077471551
0x3565,3044,0.000077471551
0x3566,3044,0.000077471551
0x3567,3044,0.000077471551
0x3568,3044,0.000077471551
0x3569,3044,0.000077471551
0x356a,3044,0.000077471551
0x356d,3044,0.000077471551
0x3570,3044,0.000077471551
0x3572,3044,0.000077471551
0x3577,3044,0.000077471551
0x3579,3044,0.000077471551
0x357a,3044,0.000077471551
0x357b,3044,0.000077471551
0x357e,3044,0.000077471551
0x357f,3044,0.000077471551
0x3581,3044,0.000077471551
0x3584,2594,0.000066018792
0x3586,3044,0.000077471551
0x3587,3044,0.000077471551
0x3588,3044,0.000077471551
0x3589,3044,0.000077471551
0x358c,3044,0.000077471551
0x358d,3044,0.000077471551
0x358e,3044,0.000077471551
0x3590,3044,0.000077471551
0x3591,3044,0.000077471551
0x3593,3044,0.000077471551
0x3594,3044,0.000077471551
0x3596,3044,0.000077471551
0x3597,3044,0.000077471551
0x359a,3044,0.000077471551
0x359b,3044,0.000077471551
0x359c,3044,0.000077471551
0x359d,3044,0.000077471551
0x359f,3044,0.000077471551
0x35a2,3044,0.000077471551
0x35b0,12176,0.000309886202
0x35b1,12176,0.000309886202
0x35b2,12176,0.000309886202
0x35b3,9229,0.000234883357
0x35b4,9229,0.000234883357
0x35b5,9229,0.000234883357
0x35b6,9229,0.000234883357
0x35b7,9229,0.000234883357
0x35b8,9229,0.000234883357
0x35b9,9229,0.000234883357
0x35ba,9229,0.000234883357
0x35bd,8252,0.000210018145
0x35be,9229,0.000234883357
0x35bf,9229,0.000234883357
0x35c0,9229,0.000234883357
0x35c1,9229,0.000234883357
0x35c2,9229,0.000234883357
0x35c3,9229,0.000234883357
0x35c4,9229,0.000234883357
0x35c5,9229,0.000234883357
0x35c7,9229,0.000234883357
0x35c8,9229,0.000234883357
0x35c9,9229,0.000234883357
0x35ca,9229,0.000234883357
0x35cb,9229,0.000234883357
0x35cc,9229,0.000234883357
0x35cd,9229,0.000234883357
0x35ce,9229,0.000234883357
0x35cf,9229,0.000234883357
0x35d0,9229,0.000234883357
0x35d1,9229,0.000234883357
0x35d2,9229,0.000234883357
0x35d3,9229,0.000234883357
0x35d4,9229,0.000234883357
0x35d5,9229,0.000234883357
0x35d6,9229,0.000234883357
0x35d7,9229,0.000234883357
0x35d8,9229,0.000234883357
0x35d9,9229,0.000234883357
0x35da,9229,0.000234883357
0x35db,9229,0.000234883357
0x35e0,6847,0.000174260088
0x35e1,6847,0.000174260088
0x35e2,6847,0.000174260088
0x35e3,6847,0.000174260088
0x35e5,6847,0.000174260088
0x35e8,3592,0.000091418466
0x35e9,3592,0.000091418466
0x35ea,3592,0.000091418466
0x35eb,3592,0.000091418466
0x35ec,3592,0.000091418466
0x35ed,3592,0.000091418466
0x35ee,3592,0.000091418466
0x35ef,3592,0.000091418466
0x35f0,3592,0.000091418466
0x35f1,3592,0.000091418466
0x35f3,3592,0.000091418466
0x35f6,1028,0.000026163191
0x35f8,1028,0.000026163191
0x35f9,1028,0.000026163191
0x35fa,1028,0.000026163191
0x35fb,1028,0.000026163191
0x35fd,1028,0.000026163191
0x35fe,1028,0.000026163191
0x3601,133,0.000003384926
0x3602,133,0.000003384926
0x3603,133,0.000003384926
0x3604,1028,0.000026163191
0x3605,1028,0.000026163191
0x3606,1028,0.000026163191
0x3607,1028,0.000026163191
0x3608,1028,0.000026163191
0x3609,1028,0.000026163191
0x360a,1028,0.000026163191
0x360b,1028,0.000026163191
0x360c,1028,0.000026163191
0x360e,1028,0.000026163191
0x360f,1028,0.000026163191
0x3612,943,0.000023999892
0x3613,943,0.000023999892
0x3614,943,0.000023999892
0x3615,943,0.000023999892
0x3616,943,0.000023999892
0x3618,943,0.000023999892
0x3619,943,0.000023999892
0x361a,943,0.000023999892
0x361b,943,0.000023999892
0x361c,635,0.000016161115
0x361f,635,0.000016161115
0x3620,635,0.000016161115
0x3621,635,0.000016161115
0x3622,235,0.000005980885
0x3623,235,0.000005980885
0x3624,235,0.000005980885
0x3628,3255,0.000082841622
0x362a,3255,0.000082841622
0x362d,3173,0.000080754675
0x362e,3173,0.000080754675
0x362f,3173,0.000080754675
0x3630,3173,0.000080754675
0x3631,3173,0.000080754675
0x3632,3173,0.000080754675
0x3633,3173,0.000080754675
0x3634,3173,0.000080754675
0x3635,3173,0.000080754675
0x3636,3173,0.000080754675
0x3637,3173,0.000080754675
0x363a,956,0.000024330750
0x363c,956,0.000024330750
0x363d,956,0.000024330750
0x363e,956,0.000024330750
0x363f,956,0.000024330750
0x3641,956,0.000024330750
0x3642,956,0.000024330750
0x3645,128,0.000003257674
0x3646,128,0.000003257674
0x3647,128,0.000003257674
0x3648,956,0.000024330750
0x3649,956,0.000024330750
0x364a,956,0.000024330750
0x364b,956,0.000024330750
0x364c,956,0.000024330750
0x364d,956,0.000024330750
0x364e,956,0.000024330750
0x364f,956,0.000024330750
0x3650,956,0.000024330750
0x3651,956,0.000024330750
0x3652,956,0.000024330750
0x3654,956,0.000024330750
0x3655,956,0.000024330750
0x3656,956,0.000024330750
0x3657,956,0.000024330750
0x365a,715,0.000018197161
0x365d,715,0.000018197161
0x365e,715,0.000018197161
0x3661,214,0.000005446423
0x3662,214,0.000005446423
0x3663,956,0.000024330750
0x3665,956,0.000024330750
0x3666,956,0.000024330750
0x366a,2564,0.000065255274
0x366b,2564,0.000065255274
0x366c,2564,0.000065255274
0x366d,91,0.000002316002
0x366e,91,0.000002316002
0x366f,91,0.000002316002
0x3670,91,0.000002316002
0x3671,91,0.000002316002
0x3672,85,0.000002163299
0x3673,85,0.000002163299
0x3674,85,0.000002163299
0x3675,85,0.000002163299
0x3676,85,0.000002163299
0x3679,85,0.000002163299
0x367b,85,0.000002163299
0x367c,85,0.000002163299
0x367f,85,0.000002163299
0x3680,85,0.000002163299
0x3683,85,0.000002163299
0x3684,85,0.000002163299
0x3686,85,0.000002163299
0x3689,85,0.000002163299
0x368a,85,0.000002163299
0x368b,85,0.000002163299
0x368d,85,0.000002163299
0x368e,82,0.000002086947
0x3690,82,0.000002086947
0x3691,69,0.000001756090
0x3692,69,0.000001756090
0x3695,2217,0.000056423925
0x3696,2217,0.000056423925
0x3697,2217,0.000056423925
0x3698,2217,0.000056423925
0x3699,2217,0.000056423925
0x369a,2217,0.000056423925
0x369b,2217,0.000056423925
0x369c,2217,0.000056423925
0x369d,60,0.000001527035
0x369e,60,0.000001527035
0x36a0,60,0.000001527035
0x36a1,60,0.000001527035
0x36a4,60,0.000001527035
0x36a6,60,0.000001527035
0x36a7,60,0.000001527035
0x36aa,52,0.000001323430
0x36ab,60,0.000001527035
0x36ae,60,0.000001527035
0x36b0,60,0.000001527035
0x36b3,60,0.000001527035
0x36b4,60,0.000001527035
0x36b6,60,0.000001527035
0x36b7,60,0.000001527035
0x36b9,60,0.000001527035
0x36ba,45,0.000001145276
0x36bb,45,0.000001145276
0x36c0,2382,0.000060623270
0x36c1,2382,0.000060623270
0x36c2,2382,0.000060623270
0x36c3,1191,0.000030311635
0x36c4,1191,0.000030311635
0x36c5,1191,0.000030311635
0x36c6,1191,0.000030311635
0x36c8,1191,0.000030311635
0x36c9,1191,0.000030311635
0x36d2,2909,0.000074035723
0x36d3,2909,0.000074035723
0x36d4,2909,0.000074035723
0x36d5,2909,0.000074035723
0x36d6,2909,0.000074035723
0x36d7,2909,0.000074035723
0x36d8,109,0.000002774113
0x36d9,109,0.000002774113
0x36da,109,0.000002774113
0x36db,109,0.000002774113
0x36dc,109,0.000002774113
0x36dd,109,0.000002774113
0x36de,109,0.000002774113
0x36e1,109,0.000002774113
0x36e3,109,0.000002774113
0x36e6,109,0.000002774113
0x36ea,2993,0.000076173571
0x36eb,2993,0.000076173571
0x36ec,2993,0.000076173571
0x36ed,2993,0.000076173571
0x36ee,2993,0.000076173571
0x36ef,2993,0.000076173571
0x36f0,834,0.000021225780
0x36f1,834,0.000021225780
0x36f2,834,0.000021225780
0x36f3,834,0.000021225780
0x36f5,834,0.000021225780
0x36f6,62,0.000001577936
0x36f7,62,0.000001577936
0x36f8,62,0.000001577936
0x36f9,62,0.000001577936
0x36fa,62,0.000001577936
0x36fb,62,0.000001577936
0x36fc,62,0.000001577936
0x36fd,62,0.000001577936
0x36fe,62,0.000001577936
0x3701,62,0.000001577936
0x3703,62,0.000001577936
0x3706,62,0.000001577936
0x370a,3327,0.000084674063
0x370b,3327,0.000084674063
0x370c,3327,0.000084674063
0x370d,3327,0.000084674063
0x370e,3327,0.000084674063
0x370f,3327,0.000084674063
0x3710,298,0.000007584271
0x3711,298,0.000007584271
0x3712,298,0.000007584271
0x3713,298,0.000007584271
0x3715,298,0.000007584271
0x3716,93,0.000002366903
0x3717,93,0.000002366903
0x3718,93,0.000002366903
0x3719,93,0.000002366903
0x371a,93,0.000002366903
0x371b,93,0.000002366903
0x371c,93,0.000002366903
0x371d,93,0.000002366903
0x371e,93,0.000002366903
0x3721,93,0.000002366903
0x3723,93,0.000002366903
0x3726,93,0.000002366903
0x3729,93,0.000002366903
0x372a,93,0.000002366903
0x372c,93,0.000002366903
0x372d,47,0.000001196177
0x372e,47,0.000001196177
0x3730,47,0.000001196177
0x3731,47,0.000001196177
0x3732,47,0.000001196177
0x3733,47,0.000001196177
0x3734,47,0.000001196177
0x3735,47,0.000001196177
0x3736,47,0.000001196177
0x3739,47,0.000001196177
0x373b,47,0.000001196177
0x373e,47,0.000001196177
0x3744,82,0.000002086947
0x3746,82,0.000002086947
0x3747,82,0.000002086947
0x3748,82,0.000002086947
0x3749,82,0.000002086947
0x374a,82,0.000002086947
0x374c,82,0.000002086947
0x374d,82,0.000002086947
0x374e,82,0.000002086947
0x3750,82,0.000002086947
0x3751,82,0.000002086947
0x3752,9,0.000000229055
0x3753,9,0.000000229055
0x3754,9,0.000000229055
0x3758,14252,0.000362721596
0x3759,14252,0.000362721596
0x375a,14252,0.000362721596
0x375b,112,0.000002850464
0x375c,112,0.000002850464
0x375f,105,0.000002672310
0x3760,105,0.000002672310
0x3761,105,0.000002672310
0x3764,56,0.000001425232
0x3766,56,0.000001425232
0x3767,56,0.000001425232
0x3769,56,0.000001425232
0x376a,56,0.000001425232
0x376b,56,0.000001425232
0x376c,56,0.000001425232
0x376d,56,0.000001425232
0x376e,56,0.000001425232
0x376f,56,0.000001425232
0x3770,56,0.000001425232
0x3771,56,0.000001425232
0x3772,56,0.000001425232
0x3773,56,0.000001425232
0x3774,56,0.000001425232
0x3777,56,0.000001425232
0x377a,56,0.000001425232
0x377b,56,0.000001425232
0x377c,56,0.000001425232
0x377d,56,0.000001425232
0x377e,56,0.000001425232
0x3780,56,0.000001425232
0x3781,56,0.000001425232
0x3782,56,0.000001425232
0x3783,56,0.000001425232
0x3786,56,0.000001425232
0x3787,56,0.000001425232
0x3788,51,0.000001297979
0x3789,51,0.000001297979
0x378c,51,0.000001297979
0x378e,51,0.000001297979
0x378f,51,0.000001297979
0x3791,51,0.000001297979
0x3792,51,0.000001297979
0x3796,56,0.000001425232
0x3798,56,0.000001425232
0x3799,56,0.000001425232
0x379b,56,0.000001425232
0x379e,21,0.000000534462
0x379f,56,0.000001425232
0x37a0,56,0.000001425232
0x37a1,56,0.000001425232
0x37a4,56,0.000001425232
0x37a5,56,0.000001425232
0x37a6,56,0.000001425232
0x37a7,56,0.000001425232
0x37aa,56,0.000001425232
0x37b0,49,0.000001247078
0x37b1,49,0.000001247078
0x37b2,49,0.000001247078
0x37b3,49,0.000001247078
0x37b4,49,0.000001247078
0x37b5,49,0.000001247078
0x37b6,49,0.000001247078
0x37b7,49,0.000001247078
0x37b8,49,0.000001247078
0x37b9,49,0.000001247078
0x37ba,49,0.000001247078
0x37bb,49,0.000001247078
0x37be,49,0.000001247078
0x37c0,49,0.000001247078
0x37c1,49,0.000001247078
0x37c4,49,0.000001247078
0x37c6,49,0.000001247078
0x37cc,7,0.000000178154
0x37cd,7,0.000000178154
0x37ce,7,0.000000178154
0x37cf,7,0.000000178154
0x37d0,7,0.000000178154
0x37d2,7,0.000000178154
0x37d4,7,0.000000178154
0x37d5,7,0.000000178154
0x37d7,7,0.000000178154
0x37da,7,0.000000178154
0x37dd,182,0.000004632005
0x37de,182,0.000004632005
0x37df,182,0.000004632005
0x37e0,182,0.000004632005
0x37e1,182,0.000004632005
0x37e2,182,0.000004632005
0x37e5,7,0.000000178154
0x3800,6088,0.000154943101
0x3803,6088,0.000154943101
0x3805,6088,0.000154943101
0x3806,3296,0.000083885095
0x3809,3296,0.000083885095
0x380b,3296,0.000083885095
0x380c,3296,0.000083885095
0x380f,3296,0.000083885095
0x3810,3296,0.000083885095
0x3813,3296,0.000083885095
0x3815,3296,0.000083885095
0x3816,3296,0.000083885095
0x3819,3296,0.000083885095
0x381a,3296,0.000083885095
0x381b,3296,0.000083885095
0x381d,3296,0.000083885095
0x381e,3296,0.000083885095
0x381f,3296,0.000083885095
0x3820,3296,0.000083885095
0x3822,3296,0.000083885095
0x3823,40,0.000001018023
0x3824,40,0.000001018023
0x3827,40,0.000001018023
0x3829,40,0.000001018023
0x382b,40,0.000001018023
0x382c,40,0.000001018023
0x382e,40,0.000001018023
0x382f,40,0.000001018023
0x3830,40,0.000001018023
0x3832,40,0.000001018023
0x3833,40,0.000001018023
0x3834,40,0.000001018023
0x3835,40,0.000001018023
0x3837,40,0.000001018023
0x3838,40,0.000001018023
0x3839,40,0.000001018023
0x383b,40,0.000001018023
0x383c,40,0.000001018023
0x383e,40,0.000001018023
0x3841,27,0.000000687166
0x3844,33,0.000000839869
0x3846,33,0.000000839869
0x3847,33,0.000000839869
0x3849,33,0.000000839869
0x384a,33,0.000000839869
0x384b,33,0.000000839869
0x384c,13,0.000000330857
0x384f,13,0.000000330857
0x3850,13,0.000000330857
0x3851,13,0.000000330857
0x3853,13,0.000000330857
0x3854,13,0.000000330857
0x3855,13,0.000000330857
0x3856,13,0.000000330857
0x3857,13,0.000000330857
0x3858,13,0.000000330857
0x3859,13,0.000000330857
0x385c,13,0.000000330857
0x385d,13,0.000000330857
0x385f,13,0.000000330857
0x3862,4,0.000000101802
0x3863,4,0.000000101802
0x3865,4,0.000000101802
0x3868,4,0.000000101802
0x386b,4,0.000000101802
0x386e,4,0.000000101802
0x386f,4,0.000000101802
0x3871,4,0.000000101802
0x3894,9,0.000000229055
0x3897,9,0.000000229055
0x3899,9,0.000000229055
0x389c,9,0.000000229055
0x38a1,14,0.000000356308
0x38a2,14,0.000000356308
0x38a4,14,0.000000356308
0x38a5,14,0.000000356308
0x38a6,14,0.000000356308
0x38a7,14,0.000000356308
0x38a8,14,0.000000356308
0x38a9,14,0.000000356308
0x38ac,14,0.000000356308
0x38ae,14,0.000000356308
0x38af,14,0.000000356308
0x38b1,14,0.000000356308
0x38b4,14,0.000000356308
0x38b5,14,0.000000356308
0x38bc,22,0.000000559913
0x38be,22,0.000000559913
0x38bf,22,0.000000559913
0x38c1,22,0.000000559913
0x38c2,22,0.000000559913
0x38c3,22,0.000000559913
0x38c4,1,0.000000025451
0x38c7,1,0.000000025451
0x38c8,1,0.000000025451
0x38ca,1,0.000000025451
0x38cd,1,0.000000025451
0x38cf,1,0.000000025451
0x38e9,1,0.000000025451
0x38eb,1,0.000000025451
0x38ee,1,0.000000025451
0x38f1,1,0.000000025451
0x38f8,10,0.000000254506
0x38fb,14,0.000000356308
0x38fc,14,0.000000356308
0x38fd,14,0.000000356308
0x3900,1,0.000000025451
0x3901,1,0.000000025451
0x3902,1,0.000000025451
0x3903,1,0.000000025451
0x3904,1,0.000000025451
0x3905,1,0.000000025451
0x3906,14,0.000000356308
0x3907,14,0.000000356308
0x3908,14,0.000000356308
0x3909,14,0.000000356308
0x390a,14,0.000000356308
0x390d,14,0.000000356308
0x390e,14,0.000000356308
0x390f,14,0.000000356308
0x3912,14,0.000000356308
0x3913,14,0.000000356308
0x3916,14,0.000000356308
0x3918,14,0.000000356308
0x391b,14,0.000000356308
0x391c,27,0.000000687166
0x391d,27,0.000000687166
0x391f,27,0.000000687166
0x3922,5,0.000000127253
0x3923,5392,0.000137229501
0x3930,1522,0.000038735775
0x3933,1522,0.000038735775
0x3935,1522,0.000038735775
0x3937,1522,0.000038735775
0x3938,1522,0.000038735775
0x393a,1522,0.000038735775
0x393b,1522,0.000038735775
0x393c,1522,0.000038735775
0x393d,1522,0.000038735775
0x393f,1522,0.000038735775
0x3942,761,0.000019367888
0x3945,761,0.000019367888
0x3946,761,0.000019367888
0x3947,761,0.000019367888
0x394a,761,0.000019367888
0x394b,761,0.000019367888
0x394c,4753,0.000120966583
0x394d,4753,0.000120966583
0x3950,4631,0.000117861613
0x3951,4631,0.000117861613
0x3952,4631,0.000117861613
0x3954,4631,0.000117861613
0x3955,4631,0.000117861613
0x3956,4631,0.000117861613
0x3959,639,0.000016262917
0x395c,4753,0.000120966583
0x395d,4753,0.000120966583
0x395f,4753,0.000120966583
0x3960,1371,0.000034892738
0x3961,1371,0.000034892738
0x3963,1371,0.000034892738
0x3964,1371,0.000034892738
0x3965,1371,0.000034892738
0x3966,1371,0.000034892738
0x3967,1110,0.000028250138
0x3968,1110,0.000028250138
0x3969,122,0.000003104970
0x396b,122,0.000003104970
0x396c,122,0.000003104970
0x396d,122,0.000003104970
0x396e,122,0.000003104970
0x396f,122,0.000003104970
0x3972,122,0.000003104970
0x3973,122,0.000003104970
0x3975,122,0.000003104970
0x3976,122,0.000003104970
0x3977,122,0.000003104970
0x3978,122,0.000003104970
0x397a,122,0.000003104970
0x397b,122,0.000003104970
0x3980,3044,0.000077471551
0x3983,3044,0.000077471551
0x3985,3044,0.000077471551
0x3986,14,0.000000356308
0x3988,14,0.000000356308
0x3a00,1522,0.000038735775
0x3a03,1522,0.000038735775
0x3a05,1522,0.000038735775
0x3a06,1522,0.000038735775
0x3a07,1522,0.000038735775
0x3a08,1522,0.000038735775
0x3a0b,1522,0.000038735775
0x3a0c,1522,0.000038735775
0x3a0d,1522,0.000038735775
0x3a0e,761,0.000019367888
0x3a0f,761,0.000019367888
0x3a10,5776,0.000147002522
0x3a13,5776,0.000147002522
0x3a14,5776,0.000147002522
0x3a15,5776,0.000147002522
0x3a18,384,0.000009773021
0x3a1a,384,0.000009773021
0x3a1c,384,0.000009773021
0x3a1d,5392,0.000137229501
0x3a20,5392,0.000137229501
0x3a21,5392,0.000137229501
0x3a22,5392,0.000137229501
0x3a25,128,0.000003257674
0x3a27,128,0.000003257674
0x3a2a,4,0.000000101802
0x3a2c,128,0.000003257674
0x3a2d,128,0.000003257674
0x3a2e,128,0.000003257674
0x3a2f,128,0.000003257674
0x3a30,128,0.000003257674
0x3a31,128,0.000003257674
0x3a32,128,0.000003257674
0x3a34,128,0.000003257674
0x3a36,128,0.000003257674
0x3a37,128,0.000003257674
0x3a39,128,0.000003257674
0x3a3b,128,0.000003257674
0x3a3d,128,0.000003257674
0x3a3f,128,0.000003257674
0x3a40,5264,0.000133971827
0x3a42,5264,0.000133971827
0x3a43,5264,0.000133971827
0x3a44,5264,0.000133971827
0x3a47,560,0.000014252322
0x3a49,560,0.000014252322
0x3a4c,35,0.000000890770
0x3a4e,560,0.000014252322
0x3a4f,560,0.000014252322
0x3a50,560,0.000014252322
0x3a51,560,0.000014252322
0x3a52,560,0.000014252322
0x3a53,560,0.000014252322
0x3a54,560,0.000014252322
0x3a56,560,0.000014252322
0x3a58,560,0.000014252322
0x3a5a,560,0.000014252322
0x3a5b,560,0.000014252322
0x3a5d,560,0.000014252322
0x3a5f,560,0.000014252322
0x3a62,4704,0.000119719505
0x3a64,4704,0.000119719505
0x3a65,4704,0.000119719505
0x3a66,4704,0.000119719505
0x3a67,16,0.000000407209
0x3a69,16,0.000000407209
0x3a6c,1,0.000000025451
0x3a6e,1,0.000000025451
0x3a71,1,0.000000025451
0x3a73,1,0.000000025451
0x3a78,16,0.000000407209
0x3a79,16,0.000000407209
0x3a7b,16,0.000000407209
0x3a7c,16,0.000000407209
0x3a7e,16,0.000000407209
0x3a80,16,0.000000407209
0x3a81,16,0.000000407209
0x3a82,5392,0.000137229501
0x3a85,5392,0.000137229501
0x3a86,5392,0.000137229501
0x3a88,5392,0.000137229501
0x3a89,1418,0.000036088915
0x3a8b,1418,0.000036088915
0x3a8c,1418,0.000036088915
0x3a8e,1418,0.000036088915
0x3a8f,1418,0.000036088915
0x3a90,5392,0.000137229501
0x3a93,5392,0.000137229501
0x3a94,5392,0.000137229501
0x3a95,5392,0.000137229501
0x3a98,3348,0.000085208525
0x3a9b,3348,0.000085208525
0x3a9e,3348,0.000085208525
0x3aa1,53568,0.001363336405
0x3aa2,53568,0.001363336405
0x3aa3,53568,0.001363336405
0x3aa4,53568,0.001363336405
0x3aa7,19877,0.000505881081
0x3aa8,19877,0.000505881081
0x3aaa,19877,0.000505881081
0x3aad,5825,0.000148249600
0x3aae,53568,0.001363336405
0x3aaf,53568,0.001363336405
0x3ab0,53568,0.001363336405
0x3ab1,53568,0.001363336405
0x3ab2,53568,0.001363336405
0x3ab5,3348,0.000085208525
0x3ab6,3348,0.000085208525
0x3ab7,3348,0.000085208525
0x3ab8,2475,0.000062990173
0x3aba,2475,0.000062990173
0x3abd,6,0.000000152703
0x3abf,2475,0.000062990173
0x3ac1,2475,0.000062990173
0x3ac2,2475,0.000062990173
0x3ac5,2475,0.000062990173
0x3ac6,2475,0.000062990173
0x3ac8,2475,0.000062990173
0x3ac9,2475,0.000062990173
0x3aca,2475,0.000062990173
0x3ad0,1148,0.000029217260
0x3ad3,1148,0.000029217260
0x3ad4,1148,0.000029217260
0x3ad6,1148,0.000029217260
0x3ad7,1148,0.000029217260
0x3ad8,1148,0.000029217260
0x3ada,1148,0.000029217260
0x3adb,1148,0.000029217260
0x3adc,1148,0.000029217260
0x3add,1148,0.000029217260
0x3adf,1148,0.000029217260
0x3ae0,1148,0.000029217260
0x3ae1,1148,0.000029217260
0x3ae3,1148,0.000029217260
0x3ae4,1148,0.000029217260
0x3ae5,1148,0.000029217260
0x3ae6,1148,0.000029217260
0x3ae9,1119,0.000028479194
0x3aec,1119,0.000028479194
0x3aee,1119,0.000028479194
0x3aef,1119,0.000028479194
0x3af1,1119,0.000028479194
0x3af2,1119,0.000028479194
0x3af3,1119,0.000028479194
0x3af4,27,0.000000687166
0x3af6,27,0.000000687166
0x3af8,29,0.000000738067
0x3afa,29,0.000000738067
0x3afb,29,0.000000738067
0x3afc,29,0.000000738067
0x3afd,29,0.000000738067
0x3aff,29,0.000000738067
0x3b00,29,0.000000738067
0x3b1b,5392,0.000137229501
0x3b1e,5392,0.000137229501
0x3b1f,5392,0.000137229501
0x3b20,5392,0.000137229501
0x3b21,64,0.000001628837
0x3b23,64,0.000001628837
0x3b26,1,0.000000025451
0x3b28,64,0.000001628837
0x3b29,64,0.000001628837
0x3b2a,64,0.000001628837
0x3b2c,64,0.000001628837
0x3b2d,64,0.000001628837
0x3b2e,64,0.000001628837
0x3b30,64,0.000001628837
0x3b31,64,0.000001628837
0x3b33,5392,0.000137229501
0x3b36,5392,0.000137229501
0x3b37,5392,0.000137229501
0x3b38,5392,0.000137229501
0x3b43,5392,0.000137229501
0x3b46,5392,0.000137229501
0x3b47,5392,0.000137229501
0x3b49,5392,0.000137229501
0x3b4c,5392,0.000137229501
0x3b4f,5392,0.000137229501
0x3b52,5392,0.000137229501
0x3b55,5392,0.000137229501
0x3b58,5392,0.000137229501
0x3b5b,5392,0.000137229501
