pc,count,frequency
0x0000,1,0.000000032329
0x0001,1,0.000000032329
0x0002,1,0.000000032329
0x0003,1,0.000000032329
0x0004,1,0.000000032329
0x0005,1,0.000000032329
0x0006,1,0.000000032329
0x0007,1,0.000000032329
0x0008,1,0.000000032329
0x000b,1,0.000000032329
0x000d,1,0.000000032329
0x000f,1,0.000000032329
0x0012,1,0.000000032329
0x0015,1,0.000000032329
0x0017,1,0.000000032329
0x001a,17593,0.000568757654
0x001d,17593,0.000568757654
0x0020,17593,0.000568757654
0x0021,17593,0.000568757654
0x0024,2128,0.000068795333
0x0027,2128,0.000068795333
0x002a,2128,0.000068795333
0x002d,15465,0.000499962321
0x002f,15465,0.000499962321
0x0031,15465,0.000499962321
0x0032,15465,0.000499962321
0x0034,15465,0.000499962321
0x0035,15465,0.000499962321
0x0038,15465,0.000499962321
0x0039,15465,0.000499962321
0x003c,15465,0.000499962321
0x003d,15465,0.000499962321
0x0040,7,0.000000226300
0x0043,7,0.000000226300
0x0046,15458,0.000499736021
0x0049,15457,0.000499703692
0x0050,1,0.000000032329
0x0052,1,0.000000032329
0x0054,1,0.000000032329
0x0056,1,0.000000032329
0x0058,1,0.000000032329
0x005a,1,0.000000032329
0x005c,1,0.000000032329
0x005f,1,0.000000032329
0x0061,1,0.000000032329
0x0063,1,0.000000032329
0x0066,1,0.000000032329
0x0068,1,0.000000032329
0x006a,1,0.000000032329
0x006b,2,0.000000064657
0x006e,2,0.000000064657
0x0070,6130,0.000198174525
0x0072,6130,0.000198174525
0x0073,6130,0.000198174525
0x0074,6130,0.000198174525
0x0077,2,0.000000064657
0x0078,864,0.000027931940
0x007b,864,0.000027931940
0x0080,2110574,0.068231973853
0x0082,2110574,0.068231973853
0x0083,2110574,0.068231973853
0x0085,2110574,0.068231973853
0x0088,35189,0.001137612293
0x0089,35189,0.001137612293
0x008b,35189,0.001137612293
0x008e,17625,0.000569792170
0x0090,17625,0.000569792170
0x0091,17625,0.000569792170
0x0094,17625,0.000569792170
0x0095,17625,0.000569792170
0x0096,17625,0.000569792170
0x0097,17625,0.000569792170
0x0098,17625,0.000569792170
0x009a,17625,0.000569792170
0x009d,17625,0.000569792170
0x009f,17625,0.000569792170
0x00a0,17625,0.000569792170
0x00a2,17625,0.000569792170
0x00a3,17625,0.000569792170
0x00a6,17625,0.000569792170
0x00a8,17625,0.000569792170
0x00ab,17625,0.000569792170
0x00ac,1,0.000000032329
0x00ae,1,0.000000032329
0x00af,1,0.000000032329
0x00b0,1,0.000000032329
0x00b2,1,0.000000032329
0x00b5,1,0.000000032329
0x00bb,33040,0.001068138059
0x00be,33040,0.001068138059
0x00bf,33040,0.001068138059
0x00c0,33040,0.001068138059
0x00c1,33040,0.001068138059
0x00c2,33040,0.001068138059
0x00c3,33040,0.001068138059
0x00c4,2007,0.000064883568
0x00c5,2007,0.000064883568
0x00c7,2007,0.000064883568
0x00c9,2007,0.000064883568
0x00ca,2007,0.000064883568
0x00cd,2007,0.000064883568
0x00ce,2007,0.000064883568
0x00cf,2007,0.000064883568
0x00d0,2007,0.000064883568
0x00d1,2007,0.000064883568
0x00d2,2007,0.000064883568
0x00d3,2007,0.000064883568
0x00d4,2007,0.000064883568
0x00d6,2007,0.000064883568
0x00d8,2007,0.000064883568
0x00d9,2007,0.000064883568
0x00dc,2007,0.000064883568
0x00dd,2007,0.000064883568
0x00de,2007,0.000064883568
0x00e1,683,0.000022080457
0x00e3,15458,0.000499736021
0x00e6,15458,0.000499736021
0x00e9,15458,0.000499736021
0x00ec,15458,0.000499736021
0x00ef,15458,0.000499736021
0x00f2,15454,0.000499606706
0x00f5,15454,0.000499606706
0x00f8,15454,0.000499606706
0x00fb,15454,0.000499606706
0x00fe,14580,0.000471351480
0x0101,14580,0.000471351480
0x0104,14580,0.000471351480
0x0107,14577,0.000471254494
0x0109,14577,0.000471254494
0x010c,14577,0.000471254494
0x010f,14574,0.000471157508
0x0111,14574,0.000471157508
0x0114,14574,0.000471157508
0x0117,14571,0.000471060522
0x0119,14571,0.000471060522
0x011c,14571,0.000471060522
0x011f,14571,0.000471060522
0x0122,13707,0.000443128583
0x0125,13707,0.000443128583
0x0128,13707,0.000443128583
0x012b,13707,0.000443128583
0x012e,13179,0.000426059064
0x0131,13179,0.000426059064
0x0134,13179,0.000426059064
0x0137,13179,0.000426059064
0x013a,729,0.000023567574
0x0140,16,0.000000517258
0x0143,16,0.000000517258
0x0146,16,0.000000517258
0x0149,16,0.000000517258
0x014c,16,0.000000517258
0x014e,16,0.000000517258
0x014f,16,0.000000517258
0x0151,16,0.000000517258
0x0152,16,0.000000517258
0x0153,16,0.000000517258
0x0154,16,0.000000517258
0x0156,16,0.000000517258
0x0158,16,0.000000517258
0x015b,16,0.000000517258
0x015d,16,0.000000517258
0x015f,16,0.000000517258
0x0161,16,0.000000517258
0x0164,16,0.000000517258
0x0166,16,0.000000517258
0x0167,16,0.000000517258
0x0168,16,0.000000517258
0x016a,16,0.000000517258
0x016b,16,0.000000517258
0x016d,16,0.000000517258
0x016f,16,0.000000517258
0x0172,16,0.000000517258
0x0173,12444,0.000402297518
0x0174,12444,0.000402297518
0x0176,12444,0.000402297518
0x0178,12444,0.000402297518
0x017a,12444,0.000402297518
0x017b,9405,0.000304050800
0x017d,9405,0.000304050800
0x017e,9308,0.000300914923
0x0180,9308,0.000300914923
0x0182,9308,0.000300914923
0x0183,3243,0.000104841759
0x0185,3243,0.000104841759
0x0186,3147,0.000101738210
0x0188,3147,0.000101738210
0x018a,3147,0.000101738210
0x018b,99,0.000003200535
0x018d,99,0.000003200535
0x018e,99,0.000003200535
0x018f,99,0.000003200535
0x0191,99,0.000003200535
0x0192,6,0.000000193972
0x0194,6,0.000000193972
0x0196,1738,0.000056187165
0x0197,1738,0.000056187165
0x0199,1738,0.000056187165
0x019b,1738,0.000056187165
0x019c,1416,0.000045777345
0x019d,1416,0.000045777345
0x019e,1416,0.000045777345
0x01a0,1416,0.000045777345
0x01a1,1416,0.000045777345
0x01a2,1416,0.000045777345
0x01a3,1416,0.000045777345
0x01a5,1416,0.000045777345
0x01a6,1416,0.000045777345
0x01a7,1416,0.000045777345
0x01a8,1416,0.000045777345
0x01ab,1416,0.000045777345
0x01ae,1416,0.000045777345
0x01af,1416,0.000045777345
0x01b0,1416,0.000045777345
0x01b1,1416,0.000045777345
0x01b2,1416,0.000045777345
0x01b3,1416,0.000045777345
0x01b4,1416,0.000045777345
0x01b5,1416,0.000045777345
0x01b6,1416,0.000045777345
0x01b7,1416,0.000045777345
0x01b8,1416,0.000045777345
0x01b9,1416,0.000045777345
0x01ba,1416,0.000045777345
0x01bb,1416,0.000045777345
0x01bd,1416,0.000045777345
0x01be,1416,0.000045777345
0x01c1,17616,0.000569501212
0x01c4,17616,0.000569501212
0x01c5,17616,0.000569501212
0x01c8,1416,0.000045777345
0x01c9,1416,0.000045777345
0x01ca,1416,0.000045777345
0x01d0,4271,0.000138075595
0x01d1,4271,0.000138075595
0x01d2,4271,0.000138075595
0x01d3,4271,0.000138075595
0x01d4,4271,0.000138075595
0x01d6,4271,0.000138075595
0x01d7,4271,0.000138075595
0x01d9,4271,0.000138075595
0x01dc,4271,0.000138075595
0x01dd,4271,0.000138075595
0x01e0,2454,0.000079334467
0x01e1,7,0.000000226300
0x01e4,904,0.000029225085
0x01e7,904,0.000029225085
0x01e9,904,0.000029225085
0x01ed,111046,0.003589965464
0x01ee,111046,0.003589965464
0x01ef,111046,0.003589965464
0x01f0,111046,0.003589965464
0x01f3,111046,0.003589965464
0x01f4,111046,0.003589965464
0x01f7,4271,0.000138075595
0x0200,33083,0.001069528190
0x0201,33083,0.001069528190
0x0202,116,0.000003750122
0x0203,116,0.000003750122
0x0204,116,0.000003750122
0x0205,116,0.000003750122
0x0206,1416,0.000045777345
0x0207,1416,0.000045777345
0x0208,1416,0.000045777345
0x0209,1416,0.000045777345
0x020a,1416,0.000045777345
0x020b,1416,0.000045777345
0x020c,1416,0.000045777345
0x020d,1416,0.000045777345
0x020e,1416,0.000045777345
0x0210,9577,0.000309611325
0x0211,9577,0.000309611325
0x0213,9577,0.000309611325
0x0214,9577,0.000309611325
0x0215,2131,0.000068892319
0x0216,2131,0.000068892319
0x0217,220824,0.007138938220
0x0218,220824,0.007138938220
0x021a,220824,0.007138938220
0x021b,220824,0.007138938220
0x021c,31969,0.001033514092
0x021d,31969,0.001033514092
0x0220,14,0.000000452601
0x0221,14,0.000000452601
0x0222,14,0.000000452601
0x0223,14,0.000000452601
0x0224,14,0.000000452601
0x0225,14,0.000000452601
0x0226,14,0.000000452601
0x0227,14,0.000000452601
0x0228,14,0.000000452601
0x0229,14,0.000000452601
0x022a,14,0.000000452601
0x022b,14,0.000000452601
0x022c,14,0.000000452601
0x022e,14,0.000000452601
0x022f,14,0.000000452601
0x0230,14,0.000000452601
0x0231,14,0.000000452601
0x0232,14,0.000000452601
0x0258,75485,0.002440326919
0x0259,75485,0.002440326919
0x025a,75485,0.002440326919
0x025b,302,0.000009763247
0x025c,302,0.000009763247
0x025d,302,0.000009763247
0x025e,302,0.000009763247
0x025f,302,0.000009763247
0x0260,56911,0.001839854875
0x0263,56911,0.001839854875
0x0264,55144,0.001782730180
0x0267,55144,0.001782730180
0x0270,78946,0.002552216320
0x0271,78946,0.002552216320
0x0272,78946,0.002552216320
0x0273,78946,0.002552216320
0x0274,78946,0.002552216320
0x0275,78946,0.002552216320
0x0276,78946,0.002552216320
0x0277,55144,0.001782730180
0x0278,55144,0.001782730180
0x0279,55144,0.001782730180
0x027a,55144,0.001782730180
0x027b,55144,0.001782730180
0x027c,55144,0.001782730180
0x027d,55144,0.001782730180
0x0288,7,0.000000226300
0x028b,7,0.000000226300
0x028e,7,0.000000226300
0x0290,7,0.000000226300
0x0293,7,0.000000226300
0x0295,7,0.000000226300
0x0298,7,0.000000226300
0x029a,7,0.000000226300
0x02a7,7,0.000000226300
0x02aa,7,0.000000226300
0x02ab,7,0.000000226300
0x02ac,7,0.000000226300
0x02ad,1,0.000000032329
0x02b0,1,0.000000032329
0x02b3,1,0.000000032329
0x02b6,1,0.000000032329
0x02b9,1,0.000000032329
0x02bc,1,0.000000032329
0x02be,1,0.000000032329
0x02c0,1,0.000000032329
0x02c3,1,0.000000032329
0x02c5,1,0.000000032329
0x02c7,1,0.000000032329
0x02cb,1,0.000000032329
0x02cd,1,0.000000032329
0x02cf,1,0.000000032329
0x02d4,1,0.000000032329
0x02d7,1,0.000000032329
0x02d8,1,0.000000032329
0x02db,1,0.000000032329
0x02dd,1,0.000000032329
0x02e3,1,0.000000032329
0x02e5,1,0.000000032329
0x02e6,1,0.000000032329
0x02e7,1,0.000000032329
0x02e8,1,0.000000032329
0x02ea,1,0.000000032329
0x02ed,1,0.000000032329
0x02f0,1,0.000000032329
0x02f3,1,0.000000032329
0x02f6,1,0.000000032329
0x02f9,1,0.000000032329
0x02fc,1,0.000000032329
0x02fe,1,0.000000032329
0x0300,1,0.000000032329
0x0303,1,0.000000032329
0x0306,1,0.000000032329
0x0308,1,0.000000032329
0x030b,1,0.000000032329
0x030d,1,0.000000032329
0x0310,1,0.000000032329
0x0314,16,0.000000517258
0x0315,16,0.000000517258
0x0316,16,0.000000517258
0x0317,16,0.000000517258
0x0318,16,0.000000517258
0x0319,16,0.000000517258
0x031a,16,0.000000517258
0x031b,16,0.000000517258
0x031c,16,0.000000517258
0x031d,16,0.000000517258
0x031e,16,0.000000517258
0x0320,2,0.000000064657
0x0321,2,0.000000064657
0x0322,2,0.000000064657
0x0323,2,0.000000064657
0x0324,2,0.000000064657
0x0325,2,0.000000064657
0x0326,2,0.000000064657
0x0327,2,0.000000064657
0x0328,2,0.000000064657
0x0329,2,0.000000064657
0x032a,2,0.000000064657
0x032e,1,0.000000032329
0x0331,8,0.000000258629
0x0333,8,0.000000258629
0x0334,8,0.000000258629
0x0335,8,0.000000258629
0x0337,8,0.000000258629
0x033a,1,0.000000032329
0x033c,1,0.000000032329
0x033f,1,0.000000032329
0x0341,1,0.000000032329
0x0344,1,0.000000032329
0x0346,1,0.000000032329
0x0349,1,0.000000032329
0x034b,1,0.000000032329
0x034e,1,0.000000032329
0x0350,1,0.000000032329
0x0353,1,0.000000032329
0x0355,1,0.000000032329
0x0357,1,0.000000032329
0x0358,1,0.000000032329
0x035b,1,0.000000032329
0x035c,1,0.000000032329
0x035e,1,0.000000032329
0x035f,1,0.000000032329
0x0361,1,0.000000032329
0x0367,4,0.000000129315
0x0369,4,0.000000129315
0x036a,4,0.000000129315
0x036c,4,0.000000129315
0x036f,4,0.000000129315
0x0370,4,0.000000129315
0x0371,4,0.000000129315
0x0373,4,0.000000129315
0x0376,4,0.000000129315
0x0377,15465,0.000499962321
0x037a,15465,0.000499962321
0x037b,15465,0.000499962321
0x037c,15465,0.000499962321
0x037d,15465,0.000499962321
0x0380,33,0.000001066845
0x0383,33,0.000001066845
0x0386,33,0.000001066845
0x0389,12012,0.000388331549
0x038a,12012,0.000388331549
0x038b,12012,0.000388331549
0x038c,12012,0.000388331549
0x038d,12012,0.000388331549
0x038e,12012,0.000388331549
0x038f,12012,0.000388331549
0x0390,12012,0.000388331549
0x0393,858,0.000027737968
0x0394,858,0.000027737968
0x0395,858,0.000027737968
0x0396,858,0.000027737968
0x0397,858,0.000027737968
0x0398,858,0.000027737968
0x0399,858,0.000027737968
0x039a,858,0.000027737968
0x039d,33,0.000001066845
0x03a0,121,0.000003911765
0x03a3,121,0.000003911765
0x03a6,50336,0.001627294109
0x03a7,50336,0.001627294109
0x03a8,50336,0.001627294109
0x03a9,50336,0.001627294109
0x03aa,50336,0.001627294109
0x03ab,50336,0.001627294109
0x03ac,50336,0.001627294109
0x03af,121,0.000003911765
0x03b0,12450,0.000402491490
0x03b3,12450,0.000402491490
0x03b6,12450,0.000402491490
0x03b9,9588,0.000309966940
0x03bc,9588,0.000309966940
0x03bf,9585,0.000309869955
0x03c2,9585,0.000309869955
0x03c5,9585,0.000309869955
0x03c8,6708,0.000216860475
0x03cb,6708,0.000216860475
0x03ce,12444,0.000402297518
0x03d1,12444,0.000402297518
0x03d4,12444,0.000402297518
0x03d5,12444,0.000402297518
0x03d7,12444,0.000402297518
0x03d8,12444,0.000402297518
0x03d9,12444,0.000402297518
0x03e2,3,0.000000096986
0x03e5,3,0.000000096986
0x03e8,3,0.000000096986
0x03eb,3,0.000000096986
0x03ee,3,0.000000096986
0x03f1,6,0.000000193972
0x03f4,6,0.000000193972
0x03f5,6,0.000000193972
0x03f7,6,0.000000193972
0x03f8,6,0.000000193972
0x03fa,6,0.000000193972
0x03fb,6,0.000000193972
0x03fc,6,0.000000193972
0x03fd,6,0.000000193972
0x0400,14572,0.000471092851
0x0403,14572,0.000471092851
0x0406,14572,0.000471092851
0x0407,14572,0.000471092851
0x0408,14572,0.000471092851
0x0409,14572,0.000471092851
0x040a,14572,0.000471092851
0x040b,14572,0.000471092851
0x040c,14572,0.000471092851
0x040d,14572,0.000471092851
0x041e,34,0.000001099174
0x0421,34,0.000001099174
0x0423,34,0.000001099174
0x0424,34,0.000001099174
0x0427,34,0.000001099174
0x0429,34,0.000001099174
0x042a,34,0.000001099174
0x042d,34,0.000001099174
0x0430,6,0.000000193972
0x0433,6,0.000000193972
0x0435,6,0.000000193972
0x0436,6,0.000000193972
0x0438,6,0.000000193972
0x043a,6,0.000000193972
0x043b,6,0.000000193972
0x043d,6,0.000000193972
0x043f,6,0.000000193972
0x0440,2,0.000000064657
0x0441,2,0.000000064657
0x0442,2,0.000000064657
0x0443,2,0.000000064657
0x0445,2,0.000000064657
0x04ac,1290,0.000041703938
0x04af,1290,0.000041703938
0x04b0,1290,0.000041703938
0x04b1,1290,0.000041703938
0x04b2,1290,0.000041703938
0x04b4,1290,0.000041703938
0x04b5,1290,0.000041703938
0x04b6,1278,0.000041315994
0x04b8,1278,0.000041315994
0x04ba,1278,0.000041315994
0x04bd,1272,0.000041122022
0x04bf,1272,0.000041122022
0x04c1,1272,0.000041122022
0x04c2,1272,0.000041122022
0x04c4,1272,0.000041122022
0x04c6,1272,0.000041122022
0x04c9,645,0.000020851969
0x04cc,645,0.000020851969
0x04cd,645,0.000020851969
0x04d0,645,0.000020851969
0x04d1,645,0.000020851969
0x04d2,645,0.000020851969
0x04d4,645,0.000020851969
0x04d7,645,0.000020851969
0x04df,645,0.000020851969
0x04e1,645,0.000020851969
0x04e4,645,0.000020851969
0x04e6,627,0.000020270053
0x04e9,627,0.000020270053
0x04ea,627,0.000020270053
0x04eb,627,0.000020270053
0x04ee,627,0.000020270053
0x04f4,627,0.000020270053
0x04f6,627,0.000020270053
0x04f9,627,0.000020270053
0x04fb,3762,0.000121620320
0x04fd,3762,0.000121620320
0x04fe,3762,0.000121620320
0x0501,3762,0.000121620320
0x0502,3762,0.000121620320
0x0505,627,0.000020270053
0x0506,28,0.000000905202
0x0509,28,0.000000905202
0x050b,28,0.000000905202
0x050e,28,0.000000905202
0x0511,28,0.000000905202
0x0514,28,0.000000905202
0x0515,28,0.000000905202
0x0518,28,0.000000905202
0x051b,28,0.000000905202
0x051d,28,0.000000905202
0x0520,28,0.000000905202
0x0523,28,0.000000905202
0x0526,28,0.000000905202
0x0529,28,0.000000905202
0x052c,28,0.000000905202
0x052f,28,0.000000905202
0x0532,28,0.000000905202
0x0535,28,0.000000905202
0x0537,28,0.000000905202
0x053a,28,0.000000905202
0x053d,28,0.000000905202
0x0540,28,0.000000905202
0x0543,28,0.000000905202
0x0547,28,0.000000905202
0x054a,28,0.000000905202
0x054d,28,0.000000905202
0x054f,28,0.000000905202
0x0552,28,0.000000905202
0x0555,28,0.000000905202
0x0557,28,0.000000905202
0x055a,28,0.000000905202
0x0580,31,0.000001002188
0x0583,31,0.000001002188
0x0586,31,0.000001002188
0x0588,31,0.000001002188
0x0589,31,0.000001002188
0x058a,31,0.000001002188
0x058b,31,0.000001002188
0x058d,31,0.000001002188
0x0590,31,0.000001002188
0x0592,31,0.000001002188
0x0595,31,0.000001002188
0x05d8,162,0.000005237239
0x05d9,7512,0.000242852697
0x05da,7512,0.000242852697
0x05db,7512,0.000242852697
0x05dc,7512,0.000242852697
0x05df,162,0.000005237239
0x05e0,1652,0.000053406903
0x05e1,1652,0.000053406903
0x05e2,1652,0.000053406903
0x05e3,1652,0.000053406903
0x05e4,1652,0.000053406903
0x05e5,1652,0.000053406903
0x05e8,65,0.000002101361
0x05ec,28,0.000000905202
0x05ef,28,0.000000905202
0x05f2,28,0.000000905202
0x05f4,28,0.000000905202
0x05f5,28,0.000000905202
0x05f6,28,0.000000905202
0x05f7,28,0.000000905202
0x05f8,28,0.000000905202
0x05f9,28,0.000000905202
0x05fa,175,0.000005657511
0x05fd,175,0.000005657511
0x0600,175,0.000005657511
0x0601,175,0.000005657511
0x0602,175,0.000005657511
0x0603,2689,0.000086931696
0x0604,2689,0.000086931696
0x0605,2689,0.000086931696
0x0606,2689,0.000086931696
0x0607,2689,0.000086931696
0x0608,2689,0.000086931696
0x0609,2689,0.000086931696
0x060a,2689,0.000086931696
0x060d,169,0.000005463539
0x0610,28,0.000000905202
0x0613,28,0.000000905202
0x0616,28,0.000000905202
0x0617,28,0.000000905202
0x0619,28,0.000000905202
0x061a,28,0.000000905202
0x061b,28,0.000000905202
0x061c,28,0.000000905202
0x061d,28,0.000000905202
0x061e,28,0.000000905202
0x061f,28,0.000000905202
0x0621,28,0.000000905202
0x0624,28,0.000000905202
0x0627,28,0.000000905202
0x0628,28,0.000000905202
0x0629,28,0.000000905202
0x062a,337,0.000010894750
0x062b,337,0.000010894750
0x062c,337,0.000010894750
0x062d,337,0.000010894750
0x062e,337,0.000010894750
0x062f,337,0.000010894750
0x0630,337,0.000010894750
0x0631,337,0.000010894750
0x0632,337,0.000010894750
0x0633,337,0.000010894750
0x0634,337,0.000010894750
0x0635,337,0.000010894750
0x0638,22,0.000000711230
0x0650,28,0.000000905202
0x0653,28,0.000000905202
0x0656,28,0.000000905202
0x0658,28,0.000000905202
0x0659,28,0.000000905202
0x065a,28,0.000000905202
0x065b,28,0.000000905202
0x065c,28,0.000000905202
0x065d,28,0.000000905202
0x065e,28,0.000000905202
0x0661,28,0.000000905202
0x0664,28,0.000000905202
0x0665,28,0.000000905202
0x0666,28,0.000000905202
0x0667,337,0.000010894750
0x0668,337,0.000010894750
0x0669,337,0.000010894750
0x066a,337,0.000010894750
0x066b,337,0.000010894750
0x066c,337,0.000010894750
0x066f,22,0.000000711230
0x067a,3574,0.000115542537
0x067d,3574,0.000115542537
0x067e,3574,0.000115542537
0x067f,3574,0.000115542537
0x0682,3574,0.000115542537
0x0684,3574,0.000115542537
0x0685,453,0.000014644871
0x0688,453,0.000014644871
0x068b,453,0.000014644871
0x068c,453,0.000014644871
0x068d,453,0.000014644871
0x068e,453,0.000014644871
0x068f,453,0.000014644871
0x0691,453,0.000014644871
0x0692,453,0.000014644871
0x0693,453,0.000014644871
0x0695,453,0.000014644871
0x0696,453,0.000014644871
0x0697,453,0.000014644871
0x0698,453,0.000014644871
0x0699,11794,0.000381283906
0x069a,11794,0.000381283906
0x069b,11794,0.000381283906
0x069c,11794,0.000381283906
0x069d,11794,0.000381283906
0x069e,11794,0.000381283906
0x069f,11794,0.000381283906
0x06a2,1812,0.000058579484
0x06a3,1812,0.000058579484
0x06a4,1812,0.000058579484
0x06a5,1812,0.000058579484
0x06a8,453,0.000014644871
0x06a9,453,0.000014644871
0x06ac,453,0.000014644871
0x06b0,3190,0.000103128342
0x06b3,3190,0.000103128342
0x06b6,3190,0.000103128342
0x06b7,3190,0.000103128342
0x06b8,3190,0.000103128342
0x06b9,18,0.000000581915
0x06ba,18,0.000000581915
0x06bb,18,0.000000581915
0x06bc,18,0.000000581915
0x06bd,18,0.000000581915
0x06be,18,0.000000581915
0x06bf,18,0.000000581915
0x06c0,18,0.000000581915
0x06c1,18,0.000000581915
0x06c2,18,0.000000581915
0x06c3,18,0.000000581915
0x06c4,18,0.000000581915
0x06c5,18,0.000000581915
0x06c8,18,0.000000581915
0x06ca,18,0.000000581915
0x06cb,18,0.000000581915
0x06cc,18,0.000000581915
0x06cd,18,0.000000581915
0x06cf,18,0.000000581915
0x06d0,18,0.000000581915
0x06d1,18,0.000000581915
0x06d2,18,0.000000581915
0x06d3,18,0.000000581915
0x06d4,18,0.000000581915
0x06d5,18,0.000000581915
0x06d7,18,0.000000581915
0x06d8,18,0.000000581915
0x06da,18,0.000000581915
0x06db,18,0.000000581915
0x06de,18,0.000000581915
0x06df,18,0.000000581915
0x06e1,18,0.000000581915
0x06e2,18,0.000000581915
0x06e3,18,0.000000581915
0x06e4,18,0.000000581915
0x06e7,18,0.000000581915
0x06e8,645,0.000020851969
0x06eb,645,0.000020851969
0x06ed,645,0.000020851969
0x06f0,3190,0.000103128342
0x06f3,3190,0.000103128342
0x06f6,3190,0.000103128342
0x0700,9573,0.000309482011
0x0703,9573,0.000309482011
0x0706,28719,0.000928446033
0x0709,28719,0.000928446033
0x070a,28719,0.000928446033
0x070c,28719,0.000928446033
0x070d,28719,0.000928446033
0x070f,28719,0.000928446033
0x0710,28719,0.000928446033
0x0711,28719,0.000928446033
0x0713,28719,0.000928446033
0x0716,9573,0.000309482011
0x0718,94479,0.003054376988
0x071b,94479,0.003054376988
0x0720,94479,0.003054376988
0x0721,94479,0.003054376988
0x0722,94479,0.003054376988
0x0724,94479,0.003054376988
0x0725,43087,0.001392943842
0x0726,43087,0.001392943842
0x0728,43087,0.001392943842
0x0729,43087,0.001392943842
0x072a,43087,0.001392943842
0x072b,43087,0.001392943842
0x072c,43087,0.001392943842
0x072e,43087,0.001392943842
0x0730,43087,0.001392943842
0x0731,43087,0.001392943842
0x0733,43087,0.001392943842
0x0734,43087,0.001392943842
0x0740,94479,0.003054376988
0x0741,94479,0.003054376988
0x0742,94479,0.003054376988
0x0744,94479,0.003054376988
0x0745,45573,0.001473312826
0x0746,45573,0.001473312826
0x0748,45573,0.001473312826
0x0749,45573,0.001473312826
0x074a,45573,0.001473312826
0x074b,45573,0.001473312826
0x074c,45573,0.001473312826
0x074d,45573,0.001473312826
0x074f,45573,0.001473312826
0x0750,45573,0.001473312826
0x0751,45573,0.001473312826
0x0752,45573,0.001473312826
0x0754,45573,0.001473312826
0x0755,45573,0.001473312826
0x0757,45573,0.001473312826
0x0758,45573,0.001473312826
0x0763,6655,0.000215147058
0x0764,6655,0.000215147058
0x0765,6655,0.000215147058
0x0766,6655,0.000215147058
0x0767,6655,0.000215147058
0x0768,6655,0.000215147058
0x0769,6655,0.000215147058
0x076a,6655,0.000215147058
0x076b,6655,0.000215147058
0x076d,9034,0.000292056877
0x076e,9034,0.000292056877
0x076f,9034,0.000292056877
0x0770,9034,0.000292056877
0x0771,9034,0.000292056877
0x0772,9034,0.000292056877
0x0773,9034,0.000292056877
0x0774,9034,0.000292056877
0x0775,9034,0.000292056877
0x0776,9034,0.000292056877
0x0779,21910,0.000708320366
0x077a,21910,0.000708320366
0x077b,21910,0.000708320366
0x077c,21910,0.000708320366
0x077d,21910,0.000708320366
0x077e,21910,0.000708320366
0x077f,21910,0.000708320366
0x0780,21910,0.000708320366
0x0783,21910,0.000708320366
0x0784,21910,0.000708320366
0x0785,21910,0.000708320366
0x0786,21910,0.000708320366
0x0788,21976,0.000710454055
0x0789,21976,0.000710454055
0x078a,21976,0.000710454055
0x078b,21976,0.000710454055
0x078c,21976,0.000710454055
0x078d,21976,0.000710454055
0x078e,21976,0.000710454055
0x078f,21976,0.000710454055
0x0790,21976,0.000710454055
0x0792,21976,0.000710454055
0x0793,21976,0.000710454055
0x0794,21976,0.000710454055
0x0795,21976,0.000710454055
0x0798,21976,0.000710454055
0x0799,21976,0.000710454055
0x079a,21976,0.000710454055
0x079b,21976,0.000710454055
0x079e,1950,0.000063040836
0x079f,1950,0.000063040836
0x07a0,1950,0.000063040836
0x07a1,1950,0.000063040836
0x07a2,1950,0.000063040836
0x07a3,1950,0.000063040836
0x07a4,1950,0.000063040836
0x07a5,1950,0.000063040836
0x07a6,1950,0.000063040836
0x07a7,1950,0.000063040836
0x07a8,1950,0.000063040836
0x07aa,1969,0.000063655080
0x07ab,1969,0.000063655080
0x07ac,1969,0.000063655080
0x07ad,1969,0.000063655080
0x07ae,1969,0.000063655080
0x07af,1969,0.000063655080
0x07b0,1969,0.000063655080
0x07b1,1969,0.000063655080
0x07b2,1969,0.000063655080
0x07b4,1969,0.000063655080
0x07b5,1969,0.000063655080
0x07b6,1969,0.000063655080
0x07b7,1969,0.000063655080
0x07b8,1969,0.000063655080
0x07b9,1969,0.000063655080
0x07ba,1969,0.000063655080
0x07bb,1969,0.000063655080
0x07be,12572,0.000406435584
0x07bf,12572,0.000406435584
0x07c0,12572,0.000406435584
0x07c1,12572,0.000406435584
0x07c2,12572,0.000406435584
0x07c3,12572,0.000406435584
0x07c4,12572,0.000406435584
0x07c5,12572,0.000406435584
0x07c6,12572,0.000406435584
0x07c7,12572,0.000406435584
0x07ca,12572,0.000406435584
0x07cb,12572,0.000406435584
0x07cc,12572,0.000406435584
0x07cd,12572,0.000406435584
0x07ce,12572,0.000406435584
0x07cf,12572,0.000406435584
0x07d2,12594,0.000407146813
0x07d3,12594,0.000407146813
0x07d4,12594,0.000407146813
0x07d5,12594,0.000407146813
0x07d6,12594,0.000407146813
0x07d7,12594,0.000407146813
0x07d8,12594,0.000407146813
0x07d9,12594,0.000407146813
0x07da,12594,0.000407146813
0x07dc,12612,0.000407728729
0x07dd,12612,0.000407728729
0x07de,12612,0.000407728729
0x07df,12612,0.000407728729
0x07e0,12612,0.000407728729
0x07e1,12612,0.000407728729
0x07e2,12612,0.000407728729
0x07e3,12612,0.000407728729
0x07e4,12612,0.000407728729
0x07e7,12612,0.000407728729
0x07e8,12612,0.000407728729
0x07e9,12612,0.000407728729
0x07ea,12612,0.000407728729
0x07eb,12612,0.000407728729
0x07ec,12612,0.000407728729
0x07ed,12612,0.000407728729
0x07ee,12612,0.000407728729
0x07f0,6,0.000000193972
0x07f3,6,0.000000193972
0x07f6,6,0.000000193972
0x07f9,6,0.000000193972
0x0800,11286,0.000364860961
0x0803,11286,0.000364860961
0x0806,11286,0.000364860961
0x0807,11286,0.000364860961
0x0809,11286,0.000364860961
0x080a,11286,0.000364860961
0x080b,11286,0.000364860961
0x080c,11286,0.000364860961
0x080d,11286,0.000364860961
0x080e,11286,0.000364860961
0x080f,11286,0.000364860961
0x0834,1164,0.000037630530
0x0837,1164,0.000037630530
0x083a,1164,0.000037630530
0x083b,1164,0.000037630530
0x083c,1164,0.000037630530
0x083e,1164,0.000037630530
0x083f,147,0.000004752309
0x0842,147,0.000004752309
0x0845,147,0.000004752309
0x0848,360,0.000011638308
0x084b,360,0.000011638308
0x084c,360,0.000011638308
0x084d,360,0.000011638308
0x084e,10,0.000000323286
0x0850,10,0.000000323286
0x0851,10,0.000000323286
0x0853,10,0.000000323286
0x0855,10,0.000000323286
0x085a,147,0.000004752309
0x085d,147,0.000004752309
0x085f,147,0.000004752309
0x0860,119,0.000003847107
0x0862,119,0.000003847107
0x0864,119,0.000003847107
0x0865,91,0.000002941906
0x0867,91,0.000002941906
0x0869,91,0.000002941906
0x086a,63,0.000002036704
0x086c,63,0.000002036704
0x086e,63,0.000002036704
0x086f,35,0.000001131502
0x0871,35,0.000001131502
0x0876,9573,0.000309482011
0x0879,9573,0.000309482011
0x087c,9573,0.000309482011
0x087f,9573,0.000309482011
0x0882,9573,0.000309482011
0x0885,9573,0.000309482011
0x0886,9573,0.000309482011
0x0889,9573,0.000309482011
0x088b,52644,0.001701908595
0x088c,52644,0.001701908595
0x088d,52644,0.001701908595
0x088e,52644,0.001701908595
0x088f,52644,0.001701908595
0x0890,52644,0.001701908595
0x0891,52644,0.001701908595
0x0892,52644,0.001701908595
0x0893,52644,0.001701908595
0x0894,52644,0.001701908595
0x0897,14358,0.000464174523
0x08a0,9573,0.000309482011
0x08a3,9573,0.000309482011
0x08a6,9573,0.000309482011
0x08a9,9573,0.000309482011
0x08ac,9573,0.000309482011
0x08ae,9573,0.000309482011
0x08b0,9573,0.000309482011
0x08c4,9573,0.000309482011
0x08c7,9573,0.000309482011
0x08c8,9573,0.000309482011
0x08ca,9573,0.000309482011
0x08cd,9387,0.000303468885
0x08cf,9387,0.000303468885
0x08d0,9387,0.000303468885
0x08d1,9387,0.000303468885
0x08d4,8811,0.000284847592
0x08d6,8811,0.000284847592
0x08d9,8811,0.000284847592
0x08dc,3,0.000000096986
0x08de,3,0.000000096986
0x08e0,3,0.000000096986
0x08e2,3,0.000000096986
0x08e3,3,0.000000096986
0x08e5,3,0.000000096986
0x08e6,3,0.000000096986
0x08e8,3,0.000000096986
0x08ea,579,0.000018718279
0x08eb,9387,0.000303468885
0x08ed,9387,0.000303468885
0x08f0,9387,0.000303468885
0x08f3,9387,0.000303468885
0x0900,9387,0.000303468885
0x0903,9387,0.000303468885
0x0904,9387,0.000303468885
0x0906,9387,0.000303468885
0x0907,8458,0.000273435584
0x0909,8458,0.000273435584
0x090c,4221,0.000136459163
0x090d,4221,0.000136459163
0x090f,4221,0.000136459163
0x0910,4221,0.000136459163
0x0911,4221,0.000136459163
0x0913,4221,0.000136459163
0x0916,4221,0.000136459163
0x0917,4237,0.000136976421
0x0918,4237,0.000136976421
0x091a,4237,0.000136976421
0x091b,4237,0.000136976421
0x091c,4237,0.000136976421
0x091e,4237,0.000136976421
0x0921,4237,0.000136976421
0x0926,9615,0.000310839814
0x0927,9615,0.000310839814
0x0929,9615,0.000310839814
0x092a,9615,0.000310839814
0x092b,9615,0.000310839814
0x092c,9615,0.000310839814
0x092d,9615,0.000310839814
0x092e,9615,0.000310839814
0x0930,9573,0.000309482011
0x0931,9573,0.000309482011
0x0933,9573,0.000309482011
0x0936,6604,0.000213498297
0x0937,6604,0.000213498297
0x0939,6604,0.000213498297
0x093c,6604,0.000213498297
0x093d,228,0.000007370928
0x093e,228,0.000007370928
0x0940,228,0.000007370928
0x0941,228,0.000007370928
0x0942,228,0.000007370928
0x0944,228,0.000007370928
0x0945,228,0.000007370928
0x0946,228,0.000007370928
0x0947,228,0.000007370928
0x094a,228,0.000007370928
0x094c,228,0.000007370928
0x094d,228,0.000007370928
0x094e,228,0.000007370928
0x0951,228,0.000007370928
0x0953,228,0.000007370928
0x0954,228,0.000007370928
0x0955,228,0.000007370928
0x0956,228,0.000007370928
0x0959,228,0.000007370928
0x095c,228,0.000007370928
0x095e,228,0.000007370928
0x0961,228,0.000007370928
0x0964,2969,0.000095983714
0x0965,2969,0.000095983714
0x0966,2969,0.000095983714
0x0967,2969,0.000095983714
0x0968,2969,0.000095983714
0x096a,2969,0.000095983714
0x096b,2969,0.000095983714
0x096d,2969,0.000095983714
0x096e,166,0.000005366553
0x096f,166,0.000005366553
0x0970,166,0.000005366553
0x0971,166,0.000005366553
0x0972,166,0.000005366553
0x0974,166,0.000005366553
0x0975,166,0.000005366553
0x097a,9573,0.000309482011
0x097d,9573,0.000309482011
0x097e,9573,0.000309482011
0x0980,9573,0.000309482011
0x0981,9573,0.000309482011
0x0984,9573,0.000309482011
0x0985,9573,0.000309482011
0x0986,9573,0.000309482011
0x0987,9573,0.000309482011
0x0988,9573,0.000309482011
0x098b,9573,0.000309482011
0x098c,9573,0.000309482011
0x098d,9573,0.000309482011
0x098e,9573,0.000309482011
0x0991,9573,0.000309482011
0x09a0,9601,0.000310387213
0x09a3,9601,0.000310387213
0x09a6,28803,0.000931161638
0x09a9,28803,0.000931161638
0x09aa,28803,0.000931161638
0x09ab,28803,0.000931161638
0x09ac,28803,0.000931161638
0x09ad,28803,0.000931161638
0x09ae,28803,0.000931161638
0x09af,28803,0.000931161638
0x09b0,28803,0.000931161638
0x09b2,28803,0.000931161638
0x09b5,9601,0.000310387213
0x09ba,80149,0.002591107667
0x09bd,80149,0.002591107667
0x09be,80149,0.002591107667
0x09c0,80149,0.002591107667
0x09c1,80149,0.002591107667
0x09c2,80149,0.002591107667
0x09c3,80149,0.002591107667
0x09c4,80149,0.002591107667
0x09c5,80149,0.002591107667
0x09c6,80149,0.002591107667
0x09c7,80149,0.002591107667
0x09c8,80149,0.002591107667
0x09c9,80149,0.002591107667
0x09ca,80149,0.002591107667
0x09cc,80149,0.002591107667
0x09cd,80149,0.002591107667
0x09ce,80149,0.002591107667
0x09cf,80149,0.002591107667
0x09d0,80149,0.002591107667
0x09d1,80149,0.002591107667
0x0a50,2092,0.000067631502
0x0a53,2092,0.000067631502
0x0a56,41840,0.001352630036
0x0a57,41840,0.001352630036
0x0a5a,41840,0.001352630036
0x0a5b,41840,0.001352630036
0x0a5c,41840,0.001352630036
0x0a5e,41840,0.001352630036
0x0a5f,41840,0.001352630036
0x0a61,41840,0.001352630036
0x0a62,41840,0.001352630036
0x0a63,41840,0.001352630036
0x0a64,41840,0.001352630036
0x0a67,2092,0.000067631502
0x0a6c,1966,0.000063558094
0x0a6f,1966,0.000063558094
0x0a72,39320,0.001271161879
0x0a73,39320,0.001271161879
0x0a74,39320,0.001271161879
0x0a75,39320,0.001271161879
0x0a77,39320,0.001271161879
0x0a7a,27424,0.000886580452
0x0a7b,27424,0.000886580452
0x0a7c,27424,0.000886580452
0x0a7d,27424,0.000886580452
0x0a7e,27424,0.000886580452
0x0a7f,27424,0.000886580452
0x0a80,27424,0.000886580452
0x0a81,27424,0.000886580452
0x0a82,27424,0.000886580452
0x0a83,27424,0.000886580452
0x0a84,27424,0.000886580452
0x0a85,27424,0.000886580452
0x0a86,27424,0.000886580452
0x0a87,27424,0.000886580452
0x0a8a,39320,0.001271161879
0x0a8b,39320,0.001271161879
0x0a8c,39320,0.001271161879
0x0a8d,39320,0.001271161879
0x0a8f,39320,0.001271161879
0x0a90,39320,0.001271161879
0x0a91,39320,0.001271161879
0x0a93,39320,0.001271161879
0x0a94,39320,0.001271161879
0x0a96,39320,0.001271161879
0x0a99,1966,0.000063558094
0x0aa0,186,0.000006013126
0x0aa2,186,0.000006013126
0x0aa3,186,0.000006013126
0x0aa4,186,0.000006013126
0x0aa5,186,0.000006013126
0x0aa8,186,0.000006013126
0x0aa9,186,0.000006013126
0x0aac,186,0.000006013126
0x0aae,186,0.000006013126
0x0aaf,186,0.000006013126
0x0ab0,186,0.000006013126
0x0ab3,186,0.000006013126
0x0ab5,186,0.000006013126
0x0ab8,183,0.000005916140
0x0abb,183,0.000005916140
0x0abd,183,0.000005916140
0x0abe,183,0.000005916140
0x0abf,183,0.000005916140
0x0ac0,183,0.000005916140
0x0ac1,183,0.000005916140
0x0ad6,5460,0.000176514340
0x0ad7,5460,0.000176514340
0x0ad8,21840,0.000706057361
0x0ad9,21840,0.000706057361
0x0ada,21840,0.000706057361
0x0adb,21840,0.000706057361
0x0adc,21840,0.000706057361
0x0add,21840,0.000706057361
0x0ae0,5460,0.000176514340
0x0ae1,5460,0.000176514340
0x0ae2,5460,0.000176514340
0x0ae5,5460,0.000176514340
0x0ae6,5460,0.000176514340
0x0ae9,2368,0.000076554205
0x0aea,1056,0.000034139037
0x0aed,1056,0.000034139037
0x0aee,1056,0.000034139037
0x0af0,1056,0.000034139037
0x0af1,1056,0.000034139037
0x0af4,1056,0.000034139037
0x0af6,1056,0.000034139037
0x0af7,1056,0.000034139037
0x0af8,1056,0.000034139037
0x0af9,1056,0.000034139037
0x0afc,1056,0.000034139037
0x0afd,1056,0.000034139037
0x0afe,1056,0.000034139037
0x0b00,1056,0.000034139037
0x0b01,1056,0.000034139037
0x0b02,1056,0.000034139037
0x0b05,1045,0.000033783422
0x0b07,1045,0.000033783422
0x0b0a,704,0.000022759358
0x0b0d,693,0.000022403743
0x0b15,11,0.000000355615
0x0b16,11,0.000000355615
0x0b18,11,0.000000355615
0x0b19,11,0.000000355615
0x0b1a,11,0.000000355615
0x0b1c,11,0.000000355615
0x0b1d,11,0.000000355615
0x0b1e,11,0.000000355615
0x0b1f,11,0.000000355615
0x0b20,3,0.000000096986
0x0b21,3,0.000000096986
0x0b22,3,0.000000096986
0x0b25,3,0.000000096986
0x0b26,3,0.000000096986
0x0b27,3,0.000000096986
0x0b28,3,0.000000096986
0x0b29,2,0.000000064657
0x0b2b,2,0.000000064657
0x0b2d,2,0.000000064657
0x0b48,3,0.000000096986
0x0b4b,3,0.000000096986
0x0b4e,3,0.000000096986
0x0b50,3,0.000000096986
0x0b51,3,0.000000096986
0x0b53,3,0.000000096986
0x0b54,3,0.000000096986
0x0b55,3,0.000000096986
0x0b57,3,0.000000096986
0x0b59,3,0.000000096986
0x0b5a,3,0.000000096986
0x0b60,906,0.000029289742
0x0b63,906,0.000029289742
0x0b64,906,0.000029289742
0x0b65,906,0.000029289742
0x0b67,906,0.000029289742
0x0b6a,900,0.000029095770
0x0b6d,900,0.000029095770
0x0b6f,900,0.000029095770
0x0b71,900,0.000029095770
0x0b74,3,0.000000096986
0x0b77,3,0.000000096986
0x0b79,3,0.000000096986
0x0b7b,3,0.000000096986
0x0b7c,3,0.000000096986
0x0b7d,3,0.000000096986
0x0b7e,3,0.000000096986
0x0b7f,3,0.000000096986
0x0b80,3,0.000000096986
0x0b82,3,0.000000096986
0x0b83,3,0.000000096986
0x0b84,3,0.000000096986
0x0b85,3,0.000000096986
0x0b87,3,0.000000096986
0x0b88,3,0.000000096986
0x0b89,3,0.000000096986
0x0b8a,3,0.000000096986
0x0b8b,3,0.000000096986
0x0b95,897,0.000028998784
0x0b98,897,0.000028998784
0x0b9b,897,0.000028998784
0x0ba0,341,0.000011024064
0x0ba3,341,0.000011024064
0x0ba4,341,0.000011024064
0x0ba6,341,0.000011024064
0x0ba8,341,0.000011024064
0x0ba9,155,0.000005010938
0x0bab,155,0.000005010938
0x0bac,93,0.000003006563
0x0bad,93,0.000003006563
0x0bae,93,0.000003006563
0x0baf,93,0.000003006563
0x0bb2,93,0.000003006563
0x0bba,693,0.000022403743
0x0bbb,693,0.000022403743
0x0bbc,693,0.000022403743
0x0bbf,352,0.000011379679
0x0bc0,352,0.000011379679
0x0bc1,352,0.000011379679
0x0bc4,176,0.000005689840
0x0bca,3,0.000000096986
0x0bcd,3,0.000000096986
0x0bd0,3,0.000000096986
0x0bd2,3,0.000000096986
0x0bd3,3,0.000000096986
0x0bd4,3,0.000000096986
0x0bd6,3,0.000000096986
0x0bd9,3,0.000000096986
0x0bdc,3,0.000000096986
0x0bdf,3,0.000000096986
0x0be2,3,0.000000096986
0x0be5,3,0.000000096986
0x0be8,3,0.000000096986
0x0beb,3,0.000000096986
0x0bee,3,0.000000096986
0x0bf1,3,0.000000096986
0x0c00,10,0.000000323286
0x0c01,10,0.000000323286
0x0c02,10,0.000000323286
0x0c04,10,0.000000323286
0x0c05,10,0.000000323286
0x0c07,10,0.000000323286
0x0c08,10,0.000000323286
0x0c09,10,0.000000323286
0x0c0a,10,0.000000323286
0x0c0b,10,0.000000323286
0x0c0c,10,0.000000323286
0x0c0f,10,0.000000323286
0x0c10,10,0.000000323286
0x0c11,10,0.000000323286
0x0c13,10,0.000000323286
0x0c16,10,0.000000323286
0x0c18,10,0.000000323286
0x0c40,4785,0.000154692513
0x0c43,4785,0.000154692513
0x0c45,4785,0.000154692513
0x0c48,4785,0.000154692513
0x0c4b,4785,0.000154692513
0x0c4e,4784,0.000154660184
0x0c51,4784,0.000154660184
0x0c56,4785,0.000154692513
0x0c59,23925,0.000773462563
0x0c5a,23925,0.000773462563
0x0c5d,23925,0.000773462563
0x0c5e,23925,0.000773462563
0x0c5f,23925,0.000773462563
0x0c61,23925,0.000773462563
0x0c62,23925,0.000773462563
0x0c64,23925,0.000773462563
0x0c67,4785,0.000154692513
0x0c6b,4785,0.000154692513
0x0c6e,4785,0.000154692513
0x0c71,23922,0.000773365577
0x0c74,23922,0.000773365577
0x0c75,23922,0.000773365577
0x0c76,23922,0.000773365577
0x0c77,23922,0.000773365577
0x0c78,23922,0.000773365577
0x0c79,23922,0.000773365577
0x0c7a,23922,0.000773365577
0x0c7b,23922,0.000773365577
0x0c7d,23922,0.000773365577
0x0c80,4784,0.000154660184
0x0c84,23925,0.000773462563
0x0c85,23925,0.000773462563
0x0c87,23925,0.000773462563
0x0c88,3827,0.000123721681
0x0c89,3827,0.000123721681
0x0c8a,3827,0.000123721681
0x0c8b,3827,0.000123721681
0x0c8c,3827,0.000123721681
0x0c8e,3827,0.000123721681
0x0c8f,3827,0.000123721681
0x0c90,3827,0.000123721681
0x0c91,3827,0.000123721681
0x0c92,3827,0.000123721681
0x0c94,3827,0.000123721681
0x0c95,3827,0.000123721681
0x0c97,3827,0.000123721681
0x0c9a,3725,0.000120424161
0x0c9b,3725,0.000120424161
0x0c9e,3725,0.000120424161
0x0c9f,3725,0.000120424161
0x0ca0,3725,0.000120424161
0x0ca2,3725,0.000120424161
0x0ca3,3725,0.000120424161
0x0ca4,3725,0.000120424161
0x0ca5,3725,0.000120424161
0x0ca6,3725,0.000120424161
0x0ca7,3725,0.000120424161
0x0ca8,3725,0.000120424161
0x0ca9,3725,0.000120424161
0x0caa,3725,0.000120424161
0x0cac,3725,0.000120424161
0x0caf,3716,0.000120133203
0x0cb4,3725,0.000120424161
0x0cb6,3725,0.000120424161
0x0cb7,825,0.000026671123
0x0cb9,825,0.000026671123
0x0cba,417,0.000013481040
0x0cbd,417,0.000013481040
0x0cbe,417,0.000013481040
0x0cbf,113,0.000003653136
0x0cc2,113,0.000003653136
0x0cc3,113,0.000003653136
0x0cc4,11,0.000000355615
0x0cc6,11,0.000000355615
0x0cc9,11,0.000000355615
0x0ccb,11,0.000000355615
0x0cce,11,0.000000355615
0x0cd0,11,0.000000355615
0x0cd3,11,0.000000355615
0x0cd8,4784,0.000154660184
0x0cdb,4784,0.000154660184
0x0cde,23920,0.000773300919
0x0cdf,23920,0.000773300919
0x0ce2,23920,0.000773300919
0x0ce3,23920,0.000773300919
0x0ce4,23920,0.000773300919
0x0ce6,23920,0.000773300919
0x0ce7,23920,0.000773300919
0x0ce9,23920,0.000773300919
0x0cea,23920,0.000773300919
0x0ceb,23920,0.000773300919
0x0cec,23920,0.000773300919
0x0cef,4784,0.000154660184
0x0cf4,4,0.000000129315
0x0cf5,4,0.000000129315
0x0cf6,4,0.000000129315
0x0d1c,1940,0.000062717549
0x0d1f,1940,0.000062717549
0x0d22,31040,0.001003480792
0x0d25,31040,0.001003480792
0x0d26,31040,0.001003480792
0x0d27,31040,0.001003480792
0x0d28,31040,0.001003480792
0x0d2a,31040,0.001003480792
0x0d2b,31040,0.001003480792
0x0d2e,1940,0.000062717549
0x0d30,31040,0.001003480792
0x0d31,31040,0.001003480792
0x0d32,31040,0.001003480792
0x0d33,31040,0.001003480792
0x0d34,31040,0.001003480792
0x0d35,31040,0.001003480792
0x0d37,31040,0.001003480792
0x0d38,27102,0.000876170632
0x0d39,27102,0.000876170632
0x0d3a,27102,0.000876170632
0x0d3b,27102,0.000876170632
0x0d3c,27102,0.000876170632
0x0d3e,27102,0.000876170632
0x0d3f,27102,0.000876170632
0x0d41,27102,0.000876170632
0x0d42,27102,0.000876170632
0x0d43,27102,0.000876170632
0x0d46,25059,0.000810123233
0x0d47,25059,0.000810123233
0x0d48,25059,0.000810123233
0x0d4b,3217,0.000104001215
0x0d4c,3217,0.000104001215
0x0d4d,3217,0.000104001215
0x0d4e,3217,0.000104001215
0x0d4f,5260,0.000170048614
0x0d50,5260,0.000170048614
0x0d51,5260,0.000170048614
0x0d52,5260,0.000170048614
0x0d53,5260,0.000170048614
0x0d54,5260,0.000170048614
0x0d55,5260,0.000170048614
0x0d57,5260,0.000170048614
0x0d58,5260,0.000170048614
0x0d59,2145,0.000069344919
0x0d5a,2145,0.000069344919
0x0d5e,21842,0.000706122018
0x0d5f,21842,0.000706122018
0x0d60,21842,0.000706122018
0x0d61,21842,0.000706122018
0x0d62,21842,0.000706122018
0x0d64,21842,0.000706122018
0x0d65,21842,0.000706122018
0x0d66,3206,0.000103645600
0x0d67,3206,0.000103645600
0x0d70,1939,0.000062685221
0x0d73,1939,0.000062685221
0x0d76,31024,0.001002963534
0x0d79,31024,0.001002963534
0x0d7a,31024,0.001002963534
0x0d7c,31024,0.001002963534
0x0d7d,31024,0.001002963534
0x0d7f,31024,0.001002963534
0x0d80,31024,0.001002963534
0x0d83,1939,0.000062685221
0x0d86,31024,0.001002963534
0x0d87,31024,0.001002963534
0x0d88,31024,0.001002963534
0x0d89,31024,0.001002963534
0x0d8a,31024,0.001002963534
0x0d8b,31024,0.001002963534
0x0d8d,31024,0.001002963534
0x0d8e,27083,0.000875556388
0x0d8f,27083,0.000875556388
0x0d90,27083,0.000875556388
0x0d91,27083,0.000875556388
0x0d94,27083,0.000875556388
0x0d95,27083,0.000875556388
0x0d96,27083,0.000875556388
0x0d97,27083,0.000875556388
0x0d99,27083,0.000875556388
0x0d9a,27083,0.000875556388
0x0d9c,27083,0.000875556388
0x0d9d,27083,0.000875556388
0x0d9f,27083,0.000875556388
0x0da0,27083,0.000875556388
0x0da1,27083,0.000875556388
0x0da2,27083,0.000875556388
0x0da3,27083,0.000875556388
0x0da4,27083,0.000875556388
0x0da5,27083,0.000875556388
0x0da6,27083,0.000875556388
0x0da7,27083,0.000875556388
0x0da8,27083,0.000875556388
0x0dab,25197,0.000814584585
0x0dac,25197,0.000814584585
0x0daf,3309,0.000106975449
0x0db0,3309,0.000106975449
0x0db1,3309,0.000106975449
0x0db3,3309,0.000106975449
0x0db4,3309,0.000106975449
0x0db5,3309,0.000106975449
0x0dbb,1886,0.000060971803
0x0dbc,1886,0.000060971803
0x0dbd,1886,0.000060971803
0x0dbf,1886,0.000060971803
0x0dc0,1886,0.000060971803
0x0dc1,1886,0.000060971803
0x0dc2,1886,0.000060971803
0x0dc3,1886,0.000060971803
0x0dc5,1886,0.000060971803
0x0dc6,1886,0.000060971803
0x0dcc,21888,0.000707609136
0x0dcd,21888,0.000707609136
0x0dce,21888,0.000707609136
0x0dcf,21888,0.000707609136
0x0dd1,21888,0.000707609136
0x0dd2,27083,0.000875556388
0x0dd3,27083,0.000875556388
0x0dd5,27083,0.000875556388
0x0dd6,27083,0.000875556388
0x0dd7,27083,0.000875556388
0x0dd8,27083,0.000875556388
0x0dd9,27083,0.000875556388
0x0dda,27083,0.000875556388
0x0dde,126,0.000004073408
0x0ddf,126,0.000004073408
0x0de0,126,0.000004073408
0x0de3,126,0.000004073408
0x0de4,126,0.000004073408
0x0de5,126,0.000004073408
0x0de6,126,0.000004073408
0x0de9,126,0.000004073408
0x0dea,126,0.000004073408
0x0deb,126,0.000004073408
0x0dec,126,0.000004073408
0x0ded,126,0.000004073408
0x0df0,7677,0.000248186921
0x0df3,7677,0.000248186921
0x0df6,7677,0.000248186921
0x0df9,7677,0.000248186921
0x0dfc,7677,0.000248186921
0x0dff,7677,0.000248186921
0x0e10,15354,0.000496373843
0x0e11,15354,0.000496373843
0x0e13,15354,0.000496373843
0x0e14,2233,0.000072189839
0x0e15,2233,0.000072189839
0x0e16,2233,0.000072189839
0x0e17,2233,0.000072189839
0x0e18,2233,0.000072189839
0x0e1a,2233,0.000072189839
0x0e1b,2233,0.000072189839
0x0e1d,2233,0.000072189839
0x0e1e,46,0.000001487117
0x0e20,46,0.000001487117
0x0e23,33,0.000001066845
0x0e25,33,0.000001066845
0x0e26,33,0.000001066845
0x0e27,33,0.000001066845
0x0e29,33,0.000001066845
0x0e2a,33,0.000001066845
0x0e2c,33,0.000001066845
0x0e2d,33,0.000001066845
0x0e2e,33,0.000001066845
0x0e2f,33,0.000001066845
0x0e31,33,0.000001066845
0x0e32,33,0.000001066845
0x0e33,28,0.000000905202
0x0e34,28,0.000000905202
0x0e35,28,0.000000905202
0x0e36,24,0.000000775887
0x0e39,13,0.000000420272
0x0e3a,13,0.000000420272
0x0e3b,13,0.000000420272
0x0e3c,13,0.000000420272
0x0e3d,13,0.000000420272
0x0e3e,13,0.000000420272
0x0e3f,13,0.000000420272
0x0e41,13,0.000000420272
0x0e42,13,0.000000420272
0x0e45,112,0.000003620807
0x0e46,112,0.000003620807
0x0e47,112,0.000003620807
0x0e48,112,0.000003620807
0x0e4a,112,0.000003620807
0x0e4d,102,0.000003297521
0x0e4e,102,0.000003297521
0x0e4f,102,0.000003297521
0x0e51,102,0.000003297521
0x0e52,102,0.000003297521
0x0e55,3,0.000000096986
0x0e58,103,0.000003329849
0x0e59,103,0.000003329849
0x0e5a,103,0.000003329849
0x0e5b,38,0.000001228488
0x0e5c,38,0.000001228488
0x0e5e,38,0.000001228488
0x0e5f,38,0.000001228488
0x0e60,19,0.000000614244
0x0e61,19,0.000000614244
0x0e62,19,0.000000614244
0x0e63,19,0.000000614244
0x0e65,19,0.000000614244
0x0e66,19,0.000000614244
0x0e67,10,0.000000323286
0x0e69,10,0.000000323286
0x0e6a,10,0.000000323286
0x0e6b,10,0.000000323286
0x0e70,24,0.000000775887
0x0e71,24,0.000000775887
0x0e72,24,0.000000775887
0x0e74,24,0.000000775887
0x0e75,24,0.000000775887
0x0e76,24,0.000000775887
0x0e77,24,0.000000775887
0x0e78,24,0.000000775887
0x0e7a,24,0.000000775887
0x0e7b,24,0.000000775887
0x0e7e,149,0.000004816966
0x0e7f,149,0.000004816966
0x0e80,149,0.000004816966
0x0e81,149,0.000004816966
0x0e83,149,0.000004816966
0x0e86,125,0.000004041079
0x0e87,125,0.000004041079
0x0e88,125,0.000004041079
0x0e8a,125,0.000004041079
0x0e8b,125,0.000004041079
0x0e90,120,0.000003879436
0x0e91,120,0.000003879436
0x0e93,120,0.000003879436
0x0e94,120,0.000003879436
0x0e95,57,0.000001842732
0x0e97,57,0.000001842732
0x0e98,57,0.000001842732
0x0e99,27,0.000000872873
0x0e9a,27,0.000000872873
0x0e9b,27,0.000000872873
0x0e9c,27,0.000000872873
0x0e9e,27,0.000000872873
0x0e9f,27,0.000000872873
0x0ea0,24,0.000000775887
0x0ea3,24,0.000000775887
0x0ea4,34,0.000001099174
0x0ea5,34,0.000001099174
0x0ea6,34,0.000001099174
0x0ea7,34,0.000001099174
0x0ea8,34,0.000001099174
0x0ea9,34,0.000001099174
0x0eaa,34,0.000001099174
0x0eac,34,0.000001099174
0x0ead,38,0.000001228488
0x0eae,38,0.000001228488
0x0eb0,38,0.000001228488
0x0eb1,38,0.000001228488
0x0eb2,38,0.000001228488
0x0eb4,38,0.000001228488
0x0eb5,38,0.000001228488
0x0eb6,38,0.000001228488
0x0eb7,38,0.000001228488
0x0eb8,38,0.000001228488
0x0ebb,38,0.000001228488
0x0ebc,38,0.000001228488
0x0ebe,38,0.000001228488
0x0ec1,38,0.000001228488
0x0ec3,38,0.000001228488
0x0ec4,38,0.000001228488
0x0ec5,38,0.000001228488
0x0ed5,38,0.000001228488
0x0ed6,38,0.000001228488
0x0ed7,38,0.000001228488
0x0ed8,38,0.000001228488
0x0ed9,38,0.000001228488
0x0eda,38,0.000001228488
0x0edb,38,0.000001228488
0x0edc,38,0.000001228488
0x0ede,38,0.000001228488
0x0ee0,38,0.000001228488
0x0ee2,38,0.000001228488
0x0ee3,38,0.000001228488
0x0ee4,38,0.000001228488
0x0ee5,38,0.000001228488
0x0f00,1945,0.000062879193
0x0f03,1945,0.000062879193
0x0f04,1945,0.000062879193
0x0f06,1945,0.000062879193
0x0f09,1945,0.000062879193
0x0f0b,1945,0.000062879193
0x0f0c,1945,0.000062879193
0x0f0d,1945,0.000062879193
0x0f0e,1945,0.000062879193
0x0f11,1945,0.000062879193
0x0f14,1945,0.000062879193
0x0f15,4,0.000000129315
0x0f16,4,0.000000129315
0x0f17,4,0.000000129315
0x0f1a,4,0.000000129315
0x0f1b,4,0.000000129315
0x0f1d,4,0.000000129315
0x0f1e,4,0.000000129315
0x0f1f,4,0.000000129315
0x0f20,4,0.000000129315
0x0f23,19,0.000000614244
0x0f24,19,0.000000614244
0x0f25,19,0.000000614244
0x0f26,19,0.000000614244
0x0f28,19,0.000000614244
0x0f2b,15,0.000000484930
0x0f2c,15,0.000000484930
0x0f2d,15,0.000000484930
0x0f2f,15,0.000000484930
0x0f30,15,0.000000484930
0x0f38,10,0.000000323286
0x0f39,10,0.000000323286
0x0f3a,10,0.000000323286
0x0f3b,10,0.000000323286
0x0f3d,10,0.000000323286
0x0f3e,4,0.000000129315
0x0f40,4,0.000000129315
0x0f41,4,0.000000129315
0x0f42,4,0.000000129315
0x0f43,4,0.000000129315
0x0f44,4,0.000000129315
0x0f45,4,0.000000129315
0x0f46,4,0.000000129315
0x0f49,4,0.000000129315
0x0f4c,4,0.000000129315
0x0f4d,4,0.000000129315
0x0f4e,4,0.000000129315
0x0f56,3887,0.000125661399
0x0f57,3887,0.000125661399
0x0f58,7770,0.000251193484
0x0f59,7770,0.000251193484
0x0f5b,7770,0.000251193484
0x0f5e,4,0.000000129315
0x0f60,4,0.000000129315
0x0f63,7766,0.000251064170
0x0f64,7766,0.000251064170
0x0f65,7766,0.000251064170
0x0f68,3883,0.000125532085
0x0f69,3883,0.000125532085
0x0f6a,3883,0.000125532085
0x0f6d,3883,0.000125532085
0x0f6e,3883,0.000125532085
0x0f71,1941,0.000062749878
0x0fc0,5124,0.000165651919
0x0fc3,5124,0.000165651919
0x0fc6,5124,0.000165651919
0x0fc9,5124,0.000165651919
0x0fcc,5124,0.000165651919
0x0fcf,5124,0.000165651919
0x0fd2,5124,0.000165651919
0x0fd5,5124,0.000165651919
0x0fd8,10248,0.000331303839
0x0fd9,10248,0.000331303839
0x0fda,10248,0.000331303839
0x0fdb,538,0.000017392805
0x0fdc,538,0.000017392805
0x0fdd,538,0.000017392805
0x0fde,538,0.000017392805
0x0fdf,538,0.000017392805
0x0fe0,538,0.000017392805
0x0fe1,538,0.000017392805
0x0fe2,538,0.000017392805
0x0fe3,538,0.000017392805
0x0fe6,538,0.000017392805
0x0fe7,538,0.000017392805
0x0fe9,538,0.000017392805
0x0fea,538,0.000017392805
0x0fec,538,0.000017392805
0x0fed,538,0.000017392805
0x0fef,538,0.000017392805
0x0ff0,538,0.000017392805
0x0ff1,538,0.000017392805
0x0ff4,538,0.000017392805
0x14e0,1416,0.000045777345
0x14e1,1416,0.000045777345
0x14e4,1416,0.000045777345
0x14e6,1416,0.000045777345
0x17e0,15472,0.000500188621
0x17e3,15472,0.000500188621
0x17e5,15472,0.000500188621
0x17e8,15472,0.000500188621
0x1df0,897,0.000028998784
0x1df3,897,0.000028998784
0x1df5,897,0.000028998784
0x1ee0,528,0.000017069519
0x1ee3,528,0.000017069519
0x1ee6,13728,0.000443807484
0x1ee7,13728,0.000443807484
0x1ee8,13728,0.000443807484
0x1ee9,13728,0.000443807484
0x1eec,13728,0.000443807484
0x1eed,13728,0.000443807484
0x1ef0,528,0.000017069519
0x1ef1,528,0.000017069519
0x1ef2,528,0.000017069519
0x1ef4,528,0.000017069519
0x1ef7,528,0.000017069519
0x1ef8,528,0.000017069519
0x1ef9,528,0.000017069519
0x1efa,528,0.000017069519
0x2000,7677,0.000248186921
0x2003,7677,0.000248186921
0x2006,7677,0.000248186921
0x2009,7677,0.000248186921
0x200c,7677,0.000248186921
0x200d,7677,0.000248186921
0x200f,7677,0.000248186921
0x2010,7677,0.000248186921
0x2011,7677,0.000248186921
0x2014,7677,0.000248186921
0x2015,7677,0.000248186921
0x2018,7677,0.000248186921
0x201a,7677,0.000248186921
0x201d,89,0.000002877248
0x201e,89,0.000002877248
0x201f,89,0.000002877248
0x2020,89,0.000002877248
0x2023,22,0.000000711230
0x2025,89,0.000002877248
0x2026,89,0.000002877248
0x2027,89,0.000002877248
0x202a,87,0.000002812591
0x2040,3190,0.000103128342
0x2043,3190,0.000103128342
0x2046,3190,0.000103128342
0x2047,3190,0.000103128342
0x2048,3190,0.000103128342
0x2049,22,0.000000711230
0x204a,22,0.000000711230
0x204b,22,0.000000711230
0x204c,22,0.000000711230
0x204d,22,0.000000711230
0x204e,22,0.000000711230
0x204f,22,0.000000711230
0x2050,22,0.000000711230
0x2051,22,0.000000711230
0x2052,22,0.000000711230
0x2055,22,0.000000711230
0x2057,22,0.000000711230
0x2058,22,0.000000711230
0x2059,22,0.000000711230
0x205a,22,0.000000711230
0x205c,22,0.000000711230
0x205d,22,0.000000711230
0x205e,22,0.000000711230
0x2060,22,0.000000711230
0x2061,22,0.000000711230
0x2062,22,0.000000711230
0x2063,22,0.000000711230
0x2064,22,0.000000711230
0x2065,22,0.000000711230
0x2066,22,0.000000711230
0x2068,22,0.000000711230
0x2069,22,0.000000711230
0x206a,22,0.000000711230
0x206b,22,0.000000711230
0x206c,22,0.000000711230
0x206d,22,0.000000711230
0x2070,176,0.000005689840
0x2071,176,0.000005689840
0x2073,176,0.000005689840
0x2075,176,0.000005689840
0x2076,176,0.000005689840
0x2077,176,0.000005689840
0x2079,176,0.000005689840
0x207a,176,0.000005689840
0x207b,176,0.000005689840
0x207e,176,0.000005689840
0x2081,176,0.000005689840
0x2085,176,0.000005689840
0x2087,176,0.000005689840
0x2088,176,0.000005689840
0x2089,176,0.000005689840
0x208a,176,0.000005689840
0x208c,176,0.000005689840
0x208d,176,0.000005689840
0x208f,176,0.000005689840
0x2090,176,0.000005689840
0x2091,176,0.000005689840
0x2093,176,0.000005689840
0x2094,176,0.000005689840
0x2096,176,0.000005689840
0x2097,176,0.000005689840
0x20b0,176,0.000005689840
0x20b1,5632,0.000182074865
0x20b2,5632,0.000182074865
0x20b3,5632,0.000182074865
0x20b5,45056,0.001456598922
0x20b7,45056,0.001456598922
0x20b8,45056,0.001456598922
0x20bb,1716,0.000055475936
0x20bc,1716,0.000055475936
0x20bd,1716,0.000055475936
0x20be,1716,0.000055475936
0x20bf,45056,0.001456598922
0x20c0,45056,0.001456598922
0x20c1,45056,0.001456598922
0x20c2,45056,0.001456598922
0x20c5,5632,0.000182074865
0x20c6,5632,0.000182074865
0x20c7,5632,0.000182074865
0x20c8,5632,0.000182074865
0x20c9,5632,0.000182074865
0x20cc,2816,0.000091037433
0x20cd,2816,0.000091037433
0x20cf,2816,0.000091037433
0x20d2,2640,0.000085347593
0x20d3,2640,0.000085347593
0x20d4,2640,0.000085347593
0x20d6,2640,0.000085347593
0x20d7,2640,0.000085347593
0x20d8,2640,0.000085347593
0x20da,2640,0.000085347593
0x20db,2640,0.000085347593
0x20dc,2640,0.000085347593
0x20de,2640,0.000085347593
0x20e1,176,0.000005689840
0x20e2,176,0.000005689840
0x20e8,176,0.000005689840
0x20e9,176,0.000005689840
0x20ea,176,0.000005689840
0x20ec,176,0.000005689840
0x20ed,176,0.000005689840
0x20f0,176,0.000005689840
0x20f1,176,0.000005689840
0x20f2,176,0.000005689840
0x20f3,176,0.000005689840
0x20f4,176,0.000005689840
0x20f6,176,0.000005689840
0x20f7,176,0.000005689840
0x20f8,176,0.000005689840
0x20fa,176,0.000005689840
0x20fb,176,0.000005689840
0x20fc,176,0.000005689840
0x20fd,176,0.000005689840
0x20fe,176,0.000005689840
0x20ff,176,0.000005689840
0x2101,176,0.000005689840
0x2103,176,0.000005689840
0x2104,176,0.000005689840
0x2106,176,0.000005689840
0x2107,176,0.000005689840
0x2108,176,0.000005689840
0x2109,176,0.000005689840
0x210a,176,0.000005689840
0x210d,176,0.000005689840
0x211c,176,0.000005689840
0x211f,176,0.000005689840
0x2120,176,0.000005689840
0x2122,176,0.000005689840
0x2123,128,0.000004138065
0x2125,128,0.000004138065
0x2130,7590,0.000245374330
0x2131,7590,0.000245374330
0x2132,7590,0.000245374330
0x2135,5689,0.000183917597
0x2137,5689,0.000183917597
0x213a,3792,0.000122590179
0x213c,3792,0.000122590179
0x213f,1896,0.000061295090
0x2146,87,0.000002812591
0x2147,87,0.000002812591
0x2148,87,0.000002812591
0x214b,43,0.000001390131
0x2150,1901,0.000061456733
0x2153,1901,0.000061456733
0x2156,1901,0.000061456733
0x2160,1897,0.000061327418
0x2163,1897,0.000061327418
0x2166,1897,0.000061327418
0x2169,1897,0.000061327418
0x2170,1896,0.000061295090
0x2173,1896,0.000061295090
0x2180,1896,0.000061295090
0x2183,1896,0.000061295090
0x2186,1895,0.000061262761
0x2189,1895,0.000061262761
0x2190,44,0.000001422460
0x2193,44,0.000001422460
0x2196,44,0.000001422460
0x2199,44,0.000001422460
0x219c,44,0.000001422460
0x21a5,43,0.000001390131
0x21a8,43,0.000001390131
0x21ab,43,0.000001390131
0x21ae,43,0.000001390131
0x21b1,43,0.000001390131
0x21dc,528,0.000017069519
0x21dd,528,0.000017069519
0x21de,528,0.000017069519
0x21df,528,0.000017069519
0x21e2,528,0.000017069519
0x21e4,528,0.000017069519
0x21e5,528,0.000017069519
0x21e6,528,0.000017069519
0x21e8,528,0.000017069519
0x21e9,528,0.000017069519
0x21eb,528,0.000017069519
0x21ec,528,0.000017069519
0x21ed,528,0.000017069519
0x21ef,528,0.000017069519
0x21f0,528,0.000017069519
0x21f1,528,0.000017069519
0x21f2,528,0.000017069519
0x21f4,528,0.000017069519
0x21f5,528,0.000017069519
0x21f7,528,0.000017069519
0x21f8,528,0.000017069519
0x21f9,528,0.000017069519
0x21fc,528,0.000017069519
0x2230,330,0.000010668449
0x2233,330,0.000010668449
0x2234,330,0.000010668449
0x2235,330,0.000010668449
0x2236,330,0.000010668449
0x2237,330,0.000010668449
0x2239,330,0.000010668449
0x223b,330,0.000010668449
0x223e,318,0.000010280506
0x2240,318,0.000010280506
0x2243,162,0.000005237239
0x2245,162,0.000005237239
0x2247,162,0.000005237239
0x2249,162,0.000005237239
0x224c,6,0.000000193972
0x224f,6,0.000000193972
0x2250,6,0.000000193972
0x2252,6,0.000000193972
0x2254,6,0.000000193972
0x2260,312,0.000010086534
0x2261,312,0.000010086534
0x2262,312,0.000010086534
0x2263,312,0.000010086534
0x2264,312,0.000010086534
0x2265,312,0.000010086534
0x2267,312,0.000010086534
0x2268,312,0.000010086534
0x2269,312,0.000010086534
0x226b,312,0.000010086534
0x226d,312,0.000010086534
0x226e,312,0.000010086534
0x226f,312,0.000010086534
0x2271,312,0.000010086534
0x2272,312,0.000010086534
0x2273,312,0.000010086534
0x2274,312,0.000010086534
0x2275,312,0.000010086534
0x2276,312,0.000010086534
0x2277,312,0.000010086534
0x2278,312,0.000010086534
0x2279,312,0.000010086534
0x227a,4368,0.000141211472
0x227b,39312,0.001270903250
0x227c,39312,0.001270903250
0x227d,39312,0.001270903250
0x227e,39312,0.001270903250
0x227f,39312,0.001270903250
0x2280,39312,0.001270903250
0x2283,4368,0.000141211472
0x2284,4368,0.000141211472
0x2285,4368,0.000141211472
0x2286,4368,0.000141211472
0x2288,4368,0.000141211472
0x2289,4368,0.000141211472
0x228a,4368,0.000141211472
0x228c,4368,0.000141211472
0x228d,4368,0.000141211472
0x228e,4368,0.000141211472
0x2291,312,0.000010086534
0x2292,12,0.000000387944
0x2295,12,0.000000387944
0x2296,12,0.000000387944
0x2298,12,0.000000387944
0x229b,6,0.000000193972
0x229e,6,0.000000193972
0x22a1,6,0.000000193972
0x22a3,2496,0.000080692270
0x22a4,2496,0.000080692270
0x22a5,2496,0.000080692270
0x22a6,2496,0.000080692270
0x22a7,2496,0.000080692270
0x22a8,2496,0.000080692270
0x22a9,2496,0.000080692270
0x22aa,2496,0.000080692270
0x22ab,2496,0.000080692270
0x22ac,2496,0.000080692270
0x22ad,2496,0.000080692270
0x22b0,6,0.000000193972
0x22b4,216,0.000006982985
0x22b7,216,0.000006982985
0x22ba,216,0.000006982985
0x22bb,216,0.000006982985
0x22bc,216,0.000006982985
0x22be,216,0.000006982985
0x22c1,3,0.000000096986
0x22c3,3,0.000000096986
0x22c5,3,0.000000096986
0x22ca,147,0.000004752309
0x22cd,147,0.000004752309
0x22ce,147,0.000004752309
0x22d0,147,0.000004752309
0x22d3,3,0.000000096986
0x22d5,3,0.000000096986
0x22d7,3,0.000000096986
0x22d9,3,0.000000096986
0x22db,3,0.000000096986
0x22dd,3,0.000000096986
0x22e0,6,0.000000193972
0x22e2,12,0.000000387944
0x22e5,12,0.000000387944
0x22e8,12,0.000000387944
0x22f0,6,0.000000193972
0x22f3,6,0.000000193972
0x22f4,6,0.000000193972
0x22fa,668,0.000021595527
0x22fd,668,0.000021595527
0x22ff,668,0.000021595527
0x2302,668,0.000021595527
0x2303,12024,0.000388719492
0x2304,12024,0.000388719492
0x2306,12024,0.000388719492
0x2307,12024,0.000388719492
0x2308,12024,0.000388719492
0x2309,12024,0.000388719492
0x230a,12024,0.000388719492
0x230b,12024,0.000388719492
0x230d,12024,0.000388719492
0x230e,12024,0.000388719492
0x230f,12024,0.000388719492
0x2310,12024,0.000388719492
0x2312,12024,0.000388719492
0x2313,12024,0.000388719492
0x2314,12024,0.000388719492
0x2316,12024,0.000388719492
0x2317,12024,0.000388719492
0x231a,1336,0.000043191055
0x231b,12024,0.000388719492
0x231c,12024,0.000388719492
0x231f,668,0.000021595527
0x2322,2006,0.000064851239
0x2325,2006,0.000064851239
0x2326,2006,0.000064851239
0x2327,2006,0.000064851239
0x2329,2006,0.000064851239
0x232a,2006,0.000064851239
0x232b,2006,0.000064851239
0x232c,2006,0.000064851239
0x232e,2006,0.000064851239
0x232f,2006,0.000064851239
0x2331,2006,0.000064851239
0x2334,2006,0.000064851239
0x2337,2006,0.000064851239
0x2351,5348,0.000172893533
0x2352,5348,0.000172893533
0x2354,5348,0.000172893533
0x2355,1159,0.000037468887
0x2356,1159,0.000037468887
0x2357,1159,0.000037468887
0x2358,1159,0.000037468887
0x235a,1159,0.000037468887
0x235b,1159,0.000037468887
0x235e,1159,0.000037468887
0x235f,1159,0.000037468887
0x2360,1159,0.000037468887
0x2361,1159,0.000037468887
0x2362,1159,0.000037468887
0x2364,1159,0.000037468887
0x2365,1159,0.000037468887
0x2366,1159,0.000037468887
0x2368,1159,0.000037468887
0x2369,1159,0.000037468887
0x236a,1159,0.000037468887
0x236b,1159,0.000037468887
0x236c,1159,0.000037468887
0x236e,1159,0.000037468887
0x2370,1159,0.000037468887
0x2373,1036,0.000033492465
0x2375,1036,0.000033492465
0x2377,1036,0.000033492465
0x237a,1036,0.000033492465
0x237b,123,0.000003976422
0x237c,123,0.000003976422
0x237e,123,0.000003976422
0x237f,123,0.000003976422
0x2381,123,0.000003976422
0x2384,123,0.000003976422
0x2385,123,0.000003976422
0x2386,123,0.000003976422
0x2387,123,0.000003976422
0x2389,123,0.000003976422
0x238a,36,0.000001163831
0x238c,36,0.000001163831
0x238d,36,0.000001163831
0x238e,36,0.000001163831
0x2390,36,0.000001163831
0x2391,31,0.000001002188
0x2393,31,0.000001002188
0x23d6,1066,0.000034462324
0x23d9,1066,0.000034462324
0x23da,1066,0.000034462324
0x23dc,1066,0.000034462324
0x23de,1066,0.000034462324
0x2476,30,0.000000969859
0x2477,30,0.000000969859
0x2478,30,0.000000969859
0x247b,30,0.000000969859
0x247d,30,0.000000969859
0x247e,30,0.000000969859
0x2481,30,0.000000969859
0x2483,30,0.000000969859
0x2484,30,0.000000969859
0x2485,30,0.000000969859
0x2487,30,0.000000969859
0x2488,30,0.000000969859
0x2489,30,0.000000969859
0x248a,30,0.000000969859
0x248c,30,0.000000969859
0x248d,30,0.000000969859
0x248f,30,0.000000969859
0x2490,30,0.000000969859
0x2493,30,0.000000969859
0x2495,30,0.000000969859
0x2496,30,0.000000969859
0x2497,30,0.000000969859
0x2498,30,0.000000969859
0x2499,30,0.000000969859
0x249a,30,0.000000969859
0x249b,21,0.000000678901
0x249c,21,0.000000678901
0x249d,21,0.000000678901
0x249e,15,0.000000484930
0x249f,15,0.000000484930
0x24a0,7677,0.000248186921
0x24a3,7677,0.000248186921
0x24a5,7677,0.000248186921
0x24a7,7677,0.000248186921
0x24a8,5348,0.000172893533
0x24ab,5348,0.000172893533
0x24ae,5348,0.000172893533
0x24b1,5348,0.000172893533
0x24b4,5348,0.000172893533
0x24b6,5348,0.000172893533
0x24b8,5348,0.000172893533
0x24b9,1337,0.000043223383
0x24c4,3836,0.000124012639
0x24c7,3836,0.000124012639
0x24c9,3836,0.000124012639
0x24cb,3836,0.000124012639
0x24ce,2674,0.000086446767
0x24d1,2674,0.000086446767
0x24d4,2674,0.000086446767
0x24d5,2674,0.000086446767
0x24d6,2674,0.000086446767
0x24d8,2674,0.000086446767
0x24db,2006,0.000064851239
0x24e0,2674,0.000086446767
0x24e3,2674,0.000086446767
0x24e5,2674,0.000086446767
0x24e6,168,0.000005431210
0x24e9,168,0.000005431210
0x24eb,168,0.000005431210
0x24ec,168,0.000005431210
0x24f2,1337,0.000043223383
0x24f5,1337,0.000043223383
0x24f7,1337,0.000043223383
0x24f8,1337,0.000043223383
0x24f9,1337,0.000043223383
0x24fc,1337,0.000043223383
0x24fe,1337,0.000043223383
0x24ff,1337,0.000043223383
0x2500,399,0.000012899125
0x2503,399,0.000012899125
0x2504,399,0.000012899125
0x2505,370,0.000011961594
0x2508,370,0.000011961594
0x2509,370,0.000011961594
0x250a,93,0.000003006563
0x250b,93,0.000003006563
0x250d,93,0.000003006563
0x250e,93,0.000003006563
0x2511,93,0.000003006563
0x2512,93,0.000003006563
0x2513,93,0.000003006563
0x2515,93,0.000003006563
0x2517,93,0.000003006563
0x2518,93,0.000003006563
0x2519,93,0.000003006563
0x251a,93,0.000003006563
0x2560,1940,0.000062717549
0x2563,1940,0.000062717549
0x2564,1940,0.000062717549
0x2566,1940,0.000062717549
0x2567,1940,0.000062717549
0x2568,1940,0.000062717549
0x2569,1940,0.000062717549
0x256a,1940,0.000062717549
0x256b,1940,0.000062717549
0x256d,1940,0.000062717549
0x256e,1940,0.000062717549
0x2570,1940,0.000062717549
0x2572,1940,0.000062717549
0x2575,1940,0.000062717549
0x2576,1940,0.000062717549
0x2577,1940,0.000062717549
0x2578,1940,0.000062717549
0x2579,1940,0.000062717549
0x257b,1940,0.000062717549
0x257c,1940,0.000062717549
0x257f,1940,0.000062717549
0x2581,1940,0.000062717549
0x2582,1940,0.000062717549
0x2585,1940,0.000062717549
0x2587,1940,0.000062717549
0x2588,15434,0.000498960133
0x2589,15434,0.000498960133
0x258c,15390,0.000497537673
0x258d,15390,0.000497537673
0x258e,15390,0.000497537673
0x2590,15390,0.000497537673
0x2591,15390,0.000497537673
0x2592,15390,0.000497537673
0x2595,1896,0.000061295090
0x2596,15434,0.000498960133
0x2597,15434,0.000498960133
0x2599,15434,0.000498960133
0x259a,13464,0.000435272725
0x259b,13464,0.000435272725
0x259c,13464,0.000435272725
0x259e,13464,0.000435272725
0x259f,13464,0.000435272725
0x25a1,13464,0.000435272725
0x25a2,12639,0.000408601602
0x25a3,12639,0.000408601602
0x25a4,12639,0.000408601602
0x25a5,12639,0.000408601602
0x25a6,8891,0.000287433883
0x25a7,8891,0.000287433883
0x25a8,2046,0.000066144385
0x25a9,2046,0.000066144385
0x25aa,2046,0.000066144385
0x25ab,2046,0.000066144385
0x25ac,2018,0.000065239183
0x25ae,2018,0.000065239183
0x25af,44,0.000001422460
0x25b0,44,0.000001422460
0x25b1,44,0.000001422460
0x25b2,44,0.000001422460
0x25b3,44,0.000001422460
0x25b4,44,0.000001422460
0x25b5,44,0.000001422460
0x25b6,44,0.000001422460
0x25b7,212,0.000006853670
0x25ba,212,0.000006853670
0x25bc,212,0.000006853670
0x25be,212,0.000006853670
0x25ca,212,0.000006853670
0x25cd,481,0.000015550073
0x25ce,481,0.000015550073
0x25d0,481,0.000015550073
0x25d3,350,0.000011315022
0x25d4,350,0.000011315022
0x25d6,350,0.000011315022
0x25d7,350,0.000011315022
0x25d8,350,0.000011315022
0x25db,81,0.000002618619
0x25dc,81,0.000002618619
0x25dd,81,0.000002618619
0x25e0,131,0.000004235051
0x25e1,131,0.000004235051
0x25e3,131,0.000004235051
0x25e4,131,0.000004235051
0x25e5,131,0.000004235051
0x25e7,131,0.000004235051
0x25e8,131,0.000004235051
0x25ea,131,0.000004235051
0x25eb,131,0.000004235051
0x25ec,131,0.000004235051
0x25ed,131,0.000004235051
0x25ef,131,0.000004235051
0x25f0,131,0.000004235051
0x25f1,131,0.000004235051
0x25f3,131,0.000004235051
0x25f4,131,0.000004235051
0x25f6,131,0.000004235051
0x25f7,131,0.000004235051
0x25f8,131,0.000004235051
0x25f9,131,0.000004235051
0x25fa,131,0.000004235051
0x25fb,131,0.000004235051
0x25fc,131,0.000004235051
0x25fd,131,0.000004235051
0x2600,1896,0.000061295090
0x2601,1896,0.000061295090
0x2602,1896,0.000061295090
0x2603,1896,0.000061295090
0x2604,1896,0.000061295090
0x2605,1896,0.000061295090
0x2608,1896,0.000061295090
0x2609,1896,0.000061295090
0x260a,1896,0.000061295090
0x260b,1896,0.000061295090
0x260c,1896,0.000061295090
0x260e,1896,0.000061295090
0x2611,1896,0.000061295090
0x2612,1896,0.000061295090
0x2613,1896,0.000061295090
0x2616,1896,0.000061295090
0x2617,1896,0.000061295090
0x261a,1083,0.000035011910
0x261d,1083,0.000035011910
0x261e,1083,0.000035011910
0x2620,1083,0.000035011910
0x2621,1083,0.000035011910
0x2624,1083,0.000035011910
0x2625,1083,0.000035011910
0x2626,1083,0.000035011910
0x2628,1083,0.000035011910
0x2629,1083,0.000035011910
0x262b,1083,0.000035011910
0x262c,1083,0.000035011910
0x262e,1083,0.000035011910
0x262f,1083,0.000035011910
0x2630,1083,0.000035011910
0x2631,1083,0.000035011910
0x2633,1083,0.000035011910
0x2634,1083,0.000035011910
0x2635,1083,0.000035011910
0x2638,1083,0.000035011910
0x2639,1896,0.000061295090
0x263c,1896,0.000061295090
0x263f,1896,0.000061295090
0x2642,1896,0.000061295090
0x2643,1896,0.000061295090
0x2646,948,0.000030647545
0x2649,948,0.000030647545
0x2650,813,0.000026283179
0x2651,813,0.000026283179
0x2654,813,0.000026283179
0x2655,813,0.000026283179
0x2656,813,0.000026283179
0x2658,813,0.000026283179
0x2659,813,0.000026283179
0x265b,813,0.000026283179
0x265c,813,0.000026283179
0x265e,813,0.000026283179
0x2661,813,0.000026283179
0x2662,813,0.000026283179
0x2668,948,0.000030647545
0x266b,948,0.000030647545
0x266c,948,0.000030647545
0x266d,948,0.000030647545
0x2670,948,0.000030647545
0x2672,948,0.000030647545
0x2676,948,0.000030647545
0x2678,948,0.000030647545
0x267c,948,0.000030647545
0x267f,948,0.000030647545
0x2681,948,0.000030647545
0x2684,948,0.000030647545
0x2685,948,0.000030647545
0x2688,948,0.000030647545
0x268a,948,0.000030647545
0x268b,948,0.000030647545
0x268d,948,0.000030647545
0x268e,948,0.000030647545
0x268f,948,0.000030647545
0x2692,945,0.000030550559
0x2693,948,0.000030647545
0x2694,948,0.000030647545
0x2697,948,0.000030647545
0x2699,948,0.000030647545
0x269d,948,0.000030647545
0x269f,948,0.000030647545
0x26a3,948,0.000030647545
0x26a4,948,0.000030647545
0x26a7,948,0.000030647545
0x26aa,948,0.000030647545
0x26ad,948,0.000030647545
0x26ae,948,0.000030647545
0x26af,948,0.000030647545
0x26b0,948,0.000030647545
0x26b1,189,0.000006110112
0x26b2,189,0.000006110112
0x26b4,189,0.000006110112
0x26b5,189,0.000006110112
0x26b7,189,0.000006110112
0x26b8,189,0.000006110112
0x26ba,189,0.000006110112
0x26bb,30,0.000000969859
0x26bc,30,0.000000969859
0x26bd,30,0.000000969859
0x26be,30,0.000000969859
0x26bf,30,0.000000969859
0x26c2,30,0.000000969859
0x26c4,30,0.000000969859
0x26c6,30,0.000000969859
0x26c7,30,0.000000969859
0x26c8,30,0.000000969859
0x26ca,30,0.000000969859
0x26cb,30,0.000000969859
0x26cc,30,0.000000969859
0x26d0,948,0.000030647545
0x26d3,948,0.000030647545
0x26d6,948,0.000030647545
0x26d9,7584,0.000245180358
0x26da,7584,0.000245180358
0x26db,7584,0.000245180358
0x26de,5991,0.000193680845
0x26df,5991,0.000193680845
0x26e0,5991,0.000193680845
0x26e3,948,0.000030647545
0x26e4,5991,0.000193680845
0x26e5,7584,0.000245180358
0x26e6,7584,0.000245180358
0x26e7,7584,0.000245180358
0x26e8,7584,0.000245180358
0x26e9,7584,0.000245180358
0x26eb,7584,0.000245180358
0x26ee,948,0.000030647545
0x26f1,948,0.000030647545
0x26f2,948,0.000030647545
0x26f3,948,0.000030647545
0x26f5,948,0.000030647545
0x26f8,948,0.000030647545
0x26f9,948,0.000030647545
0x26fa,948,0.000030647545
0x26fd,948,0.000030647545
0x2700,2128,0.000068795333
0x2703,2128,0.000068795333
0x2704,2128,0.000068795333
0x2705,2128,0.000068795333
0x2706,2127,0.000068763004
0x2707,2127,0.000068763004
0x2708,2127,0.000068763004
0x270a,2127,0.000068763004
0x270b,2127,0.000068763004
0x270c,2127,0.000068763004
0x270e,2127,0.000068763004
0x270f,2127,0.000068763004
0x2711,2127,0.000068763004
0x2714,2127,0.000068763004
0x2717,8508,0.000275052016
0x271a,8508,0.000275052016
0x271b,8508,0.000275052016
0x271c,8508,0.000275052016
0x271d,8508,0.000275052016
0x271e,8508,0.000275052016
0x2720,8508,0.000275052016
0x2723,2127,0.000068763004
0x2725,2127,0.000068763004
0x2728,2127,0.000068763004
0x272a,2127,0.000068763004
0x2739,2127,0.000068763004
0x273c,2127,0.000068763004
0x273d,2127,0.000068763004
0x2740,2127,0.000068763004
0x2743,2127,0.000068763004
0x2748,8508,0.000275052016
0x2749,8508,0.000275052016
0x274a,8508,0.000275052016
0x274c,8508,0.000275052016
0x274d,28,0.000000905202
0x274e,28,0.000000905202
0x274f,28,0.000000905202
0x2750,14,0.000000452601
0x2751,14,0.000000452601
0x2752,14,0.000000452601
0x2753,14,0.000000452601
0x2754,14,0.000000452601
0x2755,14,0.000000452601
0x2757,14,0.000000452601
0x2758,14,0.000000452601
0x2759,14,0.000000452601
0x275b,14,0.000000452601
0x275c,14,0.000000452601
0x275f,14,0.000000452601
0x2760,14,0.000000452601
0x2761,14,0.000000452601
0x2764,14,0.000000452601
0x2768,14,0.000000452601
0x2769,14,0.000000452601
0x276c,14,0.000000452601
0x276e,14,0.000000452601
0x2771,14,0.000000452601
0x2772,14,0.000000452601
0x2778,14,0.000000452601
0x277b,14,0.000000452601
0x277c,14,0.000000452601
0x277f,14,0.000000452601
0x2780,14,0.000000452601
0x2781,14,0.000000452601
0x2782,14,0.000000452601
0x2783,14,0.000000452601
0x2784,14,0.000000452601
0x2785,14,0.000000452601
0x2786,14,0.000000452601
0x2789,14,0.000000452601
0x27a8,2127,0.000068763004
0x27ab,2127,0.000068763004
0x27ac,2127,0.000068763004
0x27af,2127,0.000068763004
0x27b0,2127,0.000068763004
0x27b1,2127,0.000068763004
0x27b4,2127,0.000068763004
0x27b6,2127,0.000068763004
0x27b7,2127,0.000068763004
0x27b8,2127,0.000068763004
0x27ba,2127,0.000068763004
0x27bd,1743,0.000056348809
0x27c0,1743,0.000056348809
0x27c1,1743,0.000056348809
0x27c2,1743,0.000056348809
0x27c5,1695,0.000054797034
0x27c7,1695,0.000054797034
0x27c8,1695,0.000054797034
0x27c9,1695,0.000054797034
0x27ca,675,0.000021821828
0x27cc,675,0.000021821828
0x27cf,648,0.000020948955
0x27d0,648,0.000020948955
0x27d2,648,0.000020948955
0x27d3,648,0.000020948955
0x27d5,648,0.000020948955
0x27d6,648,0.000020948955
0x27d8,27,0.000000872873
0x27da,27,0.000000872873
0x27dc,27,0.000000872873
0x27dd,27,0.000000872873
0x27df,27,0.000000872873
0x27e0,27,0.000000872873
0x27e2,48,0.000001551774
0x27e4,48,0.000001551774
0x27e9,48,0.000001551774
0x27ea,48,0.000001551774
0x27ec,48,0.000001551774
0x27ee,48,0.000001551774
0x3000,1945,0.000062879193
0x3003,1945,0.000062879193
0x3004,1945,0.000062879193
0x3005,1945,0.000062879193
0x3007,1945,0.000062879193
0x300a,1945,0.000062879193
0x300b,1945,0.000062879193
0x300c,1945,0.000062879193
0x300d,1945,0.000062879193
0x300e,1945,0.000062879193
0x300f,1945,0.000062879193
0x3010,1945,0.000062879193
0x3011,1945,0.000062879193
0x3012,241,0.000007791201
0x3028,247,0.000007985173
0x302b,247,0.000007985173
0x302c,247,0.000007985173
0x302e,247,0.000007985173
0x302f,247,0.000007985173
0x3031,247,0.000007985173
0x3032,247,0.000007985173
0x3034,247,0.000007985173
0x3035,214,0.000006918328
0x3037,214,0.000006918328
0x3038,214,0.000006918328
0x3039,214,0.000006918328
0x303c,202,0.000006530384
0x303d,202,0.000006530384
0x303e,3,0.000000096986
0x303f,3,0.000000096986
0x3040,3,0.000000096986
0x3042,3,0.000000096986
0x3044,3,0.000000096986
0x3046,3,0.000000096986
0x3048,3,0.000000096986
0x3049,3,0.000000096986
0x304b,3,0.000000096986
0x304d,3,0.000000096986
0x304f,3,0.000000096986
0x3050,3,0.000000096986
0x3052,3,0.000000096986
0x3055,3,0.000000096986
0x3056,3,0.000000096986
0x3057,3,0.000000096986
0x3059,3,0.000000096986
0x305c,12,0.000000387944
0x305f,12,0.000000387944
0x3062,12,0.000000387944
0x3063,12,0.000000387944
0x3064,12,0.000000387944
0x3065,12,0.000000387944
0x3066,12,0.000000387944
0x3067,12,0.000000387944
0x3068,12,0.000000387944
0x306a,12,0.000000387944
0x306c,12,0.000000387944
0x306d,12,0.000000387944
0x3074,53,0.000001713418
0x3077,53,0.000001713418
0x3078,53,0.000001713418
0x3079,53,0.000001713418
0x307a,53,0.000001713418
0x307c,53,0.000001713418
0x307d,53,0.000001713418
0x307f,53,0.000001713418
0x3080,53,0.000001713418
0x3081,53,0.000001713418
0x3082,53,0.000001713418
0x3084,53,0.000001713418
0x3089,53,0.000001713418
0x308a,53,0.000001713418
0x308b,53,0.000001713418
0x308c,53,0.000001713418
0x308d,53,0.000001713418
0x308f,53,0.000001713418
0x3090,53,0.000001713418
0x3092,53,0.000001713418
0x3093,53,0.000001713418
0x3094,53,0.000001713418
0x3095,53,0.000001713418
0x3098,53,0.000001713418
0x309a,53,0.000001713418
0x309d,2,0.000000064657
0x309f,53,0.000001713418
0x30a0,53,0.000001713418
0x30a1,53,0.000001713418
0x30a4,53,0.000001713418
0x30a6,53,0.000001713418
0x30a7,53,0.000001713418
0x30a8,53,0.000001713418
0x30aa,3419,0.000110531599
0x30ad,3419,0.000110531599
0x30ae,3419,0.000110531599
0x30af,3419,0.000110531599
0x30b0,3419,0.000110531599
0x30b1,3419,0.000110531599
0x30b3,3419,0.000110531599
0x30b5,3419,0.000110531599
0x30b6,3419,0.000110531599
0x30b8,3419,0.000110531599
0x30ba,243,0.000007855858
0x30bd,243,0.000007855858
0x30c0,243,0.000007855858
0x30c3,243,0.000007855858
0x30c6,243,0.000007855858
0x30c8,243,0.000007855858
0x30c9,243,0.000007855858
0x30ca,243,0.000007855858
0x30cb,174,0.000005625182
0x30cd,174,0.000005625182
0x30ce,174,0.000005625182
0x30cf,174,0.000005625182
0x30d2,133,0.000004299708
0x30d3,133,0.000004299708
0x30d4,34,0.000001099174
0x30d6,34,0.000001099174
0x30d8,34,0.000001099174
0x30da,729,0.000023567574
0x30db,729,0.000023567574
0x30dc,729,0.000023567574
0x30dd,729,0.000023567574
0x30de,366,0.000011832280
0x30df,366,0.000011832280
0x30e4,41,0.000001325474
0x30e7,41,0.000001325474
0x30ea,41,0.000001325474
0x30eb,41,0.000001325474
0x30ed,41,0.000001325474
0x30f2,41,0.000001325474
0x30f3,41,0.000001325474
0x30f5,41,0.000001325474
0x30f6,41,0.000001325474
0x30f7,41,0.000001325474
0x30f8,41,0.000001325474
0x30fa,41,0.000001325474
0x30fc,41,0.000001325474
0x30ff,41,0.000001325474
0x3102,41,0.000001325474
0x3105,41,0.000001325474
0x3106,41,0.000001325474
0x3107,41,0.000001325474
0x3108,41,0.000001325474
0x310a,41,0.000001325474
0x310c,41,0.000001325474
0x310e,41,0.000001325474
0x310f,41,0.000001325474
0x3112,123,0.000003976422
0x3113,123,0.000003976422
0x3114,123,0.000003976422
0x3115,123,0.000003976422
0x3116,77,0.000002489305
0x3117,77,0.000002489305
0x3118,77,0.000002489305
0x311a,77,0.000002489305
0x311b,77,0.000002489305
0x311c,77,0.000002489305
0x311d,77,0.000002489305
0x311e,41,0.000001325474
0x311f,41,0.000001325474
0x3121,41,0.000001325474
0x3124,242,0.000007823529
0x3127,242,0.000007823529
0x3128,242,0.000007823529
0x312a,242,0.000007823529
0x312b,34,0.000001099174
0x312d,34,0.000001099174
0x312f,34,0.000001099174
0x3130,34,0.000001099174
0x3131,34,0.000001099174
0x3132,34,0.000001099174
0x3134,34,0.000001099174
0x3136,34,0.000001099174
0x3138,34,0.000001099174
0x313d,34,0.000001099174
0x313f,34,0.000001099174
0x3140,34,0.000001099174
0x3141,34,0.000001099174
0x3144,34,0.000001099174
0x3145,34,0.000001099174
0x3146,34,0.000001099174
0x3149,24,0.000000775887
0x314b,34,0.000001099174
0x314d,34,0.000001099174
0x314e,34,0.000001099174
0x315a,242,0.000007823529
0x315d,242,0.000007823529
0x315e,242,0.000007823529
0x3160,242,0.000007823529
0x3161,67,0.000002166018
0x3164,67,0.000002166018
0x3165,67,0.000002166018
0x3166,67,0.000002166018
0x3167,67,0.000002166018
0x3169,67,0.000002166018
0x316a,67,0.000002166018
0x316c,67,0.000002166018
0x316d,67,0.000002166018
0x316e,67,0.000002166018
0x316f,67,0.000002166018
0x3171,67,0.000002166018
0x3172,67,0.000002166018
0x3174,67,0.000002166018
0x3176,67,0.000002166018
0x3177,67,0.000002166018
0x3178,67,0.000002166018
0x3179,609,0.000019688138
0x317c,576,0.000018621293
0x317d,576,0.000018621293
0x317e,576,0.000018621293
0x317f,576,0.000018621293
0x3180,576,0.000018621293
0x3181,576,0.000018621293
0x3182,576,0.000018621293
0x3183,576,0.000018621293
0x3186,35,0.000001131502
0x3188,35,0.000001131502
0x318a,576,0.000018621293
0x318b,576,0.000018621293
0x318e,34,0.000001099174
0x3192,609,0.000019688138
0x3193,609,0.000019688138
0x3195,609,0.000019688138
0x3196,567,0.000018330335
0x3199,567,0.000018330335
0x319a,567,0.000018330335
0x319b,33,0.000001066845
0x319e,33,0.000001066845
0x319f,33,0.000001066845
0x31a0,33,0.000001066845
0x31a1,33,0.000001066845
0x31a2,33,0.000001066845
0x31a3,33,0.000001066845
0x31a4,33,0.000001066845
0x31a7,33,0.000001066845
0x31a9,33,0.000001066845
0x31ac,33,0.000001066845
0x31ad,33,0.000001066845
0x31b4,241,0.000007791201
0x31b7,241,0.000007791201
0x31b9,241,0.000007791201
0x31ba,32,0.000001034516
0x31bd,32,0.000001034516
0x31bf,32,0.000001034516
0x31c0,32,0.000001034516
0x31c2,32,0.000001034516
0x31c3,32,0.000001034516
0x31c5,32,0.000001034516
0x31c6,32,0.000001034516
0x31c7,32,0.000001034516
0x31c8,32,0.000001034516
0x31cb,32,0.000001034516
0x31cd,32,0.000001034516
0x31ce,32,0.000001034516
0x31d1,17,0.000000549587
0x31d2,17,0.000000549587
0x31d3,17,0.000000549587
0x31d4,17,0.000000549587
0x31d6,32,0.000001034516
0x31d7,32,0.000001034516
0x31d8,32,0.000001034516
0x31d9,32,0.000001034516
0x31da,32,0.000001034516
0x31dc,32,0.000001034516
0x31de,32,0.000001034516
0x31df,32,0.000001034516
0x31e1,32,0.000001034516
0x31e2,32,0.000001034516
0x31e3,32,0.000001034516
0x31e4,32,0.000001034516
0x31e5,32,0.000001034516
0x31e6,32,0.000001034516
0x31e7,32,0.000001034516
0x31e8,32,0.000001034516
0x31e9,32,0.000001034516
0x31ec,32,0.000001034516
0x31ed,32,0.000001034516
0x31f0,32,0.000001034516
0x31f1,32,0.000001034516
0x31f2,32,0.000001034516
0x31f4,32,0.000001034516
0x31f5,32,0.000001034516
0x31f7,32,0.000001034516
0x31f8,32,0.000001034516
0x31fb,32,0.000001034516
0x31fd,32,0.000001034516
0x31fe,32,0.000001034516
0x31ff,32,0.000001034516
0x3201,32,0.000001034516
0x3202,32,0.000001034516
0x3203,32,0.000001034516
0x3204,32,0.000001034516
0x3207,32,0.000001034516
0x3209,32,0.000001034516
0x320a,32,0.000001034516
0x320b,32,0.000001034516
0x320c,32,0.000001034516
0x320d,32,0.000001034516
0x3210,32,0.000001034516
0x3213,32,0.000001034516
0x3215,32,0.000001034516
0x3216,22,0.000000711230
0x3217,22,0.000000711230
0x3219,22,0.000000711230
0x321b,22,0.000000711230
0x322c,241,0.000007791201
0x322f,241,0.000007791201
0x3231,241,0.000007791201
0x3232,36,0.000001163831
0x3235,36,0.000001163831
0x3238,36,0.000001163831
0x323b,36,0.000001163831
0x323c,36,0.000001163831
0x323f,36,0.000001163831
0x3240,330,0.000010668449
0x3241,330,0.000010668449
0x3243,330,0.000010668449
0x3246,315,0.000010183520
0x3247,315,0.000010183520
0x3248,315,0.000010183520
0x3249,282,0.000009116675
0x324a,282,0.000009116675
0x324b,282,0.000009116675
0x324c,282,0.000009116675
0x324d,282,0.000009116675
0x324e,297,0.000009601604
0x324f,297,0.000009601604
0x3250,297,0.000009601604
0x3251,297,0.000009601604
0x3253,297,0.000009601604
0x3254,297,0.000009601604
0x3256,297,0.000009601604
0x3259,3,0.000000096986
0x325b,3,0.000000096986
0x325e,3,0.000000096986
0x3264,248,0.000008017501
0x3267,248,0.000008017501
0x3268,248,0.000008017501
0x326b,248,0.000008017501
0x326c,248,0.000008017501
0x326e,248,0.000008017501
0x326f,248,0.000008017501
0x3271,248,0.000008017501
0x3272,248,0.000008017501
0x3274,248,0.000008017501
0x3275,35,0.000001131502
0x3277,35,0.000001131502
0x3279,35,0.000001131502
0x327a,35,0.000001131502
0x327b,35,0.000001131502
0x327c,35,0.000001131502
0x327e,35,0.000001131502
0x3281,35,0.000001131502
0x3282,35,0.000001131502
0x3285,35,0.000001131502
0x3286,35,0.000001131502
0x3287,35,0.000001131502
0x3289,35,0.000001131502
0x328a,35,0.000001131502
0x328b,35,0.000001131502
0x328d,35,0.000001131502
0x328e,35,0.000001131502
0x328f,107,0.000003459164
0x3290,107,0.000003459164
0x3291,107,0.000003459164
0x3292,107,0.000003459164
0x3295,99,0.000003200535
0x3296,99,0.000003200535
0x3297,99,0.000003200535
0x329a,98,0.000003168206
0x329b,98,0.000003168206
0x329e,98,0.000003168206
0x329f,98,0.000003168206
0x32a0,98,0.000003168206
0x32a3,98,0.000003168206
0x32a4,107,0.000003459164
0x32a5,107,0.000003459164
0x32a6,107,0.000003459164
0x32a9,3,0.000000096986
0x32ab,107,0.000003459164
0x32ac,107,0.000003459164
0x32af,35,0.000001131502
0x32b0,28,0.000000905202
0x32b3,28,0.000000905202
0x32b5,28,0.000000905202
0x32b8,28,0.000000905202
0x32ba,28,0.000000905202
0x32bc,28,0.000000905202
0x32bf,28,0.000000905202
0x32c2,28,0.000000905202
0x32c3,28,0.000000905202
0x32c4,6,0.000000193972
0x32c5,6,0.000000193972
0x32c6,6,0.000000193972
0x32c7,6,0.000000193972
0x32c8,6,0.000000193972
0x32cb,6,0.000000193972
0x32cd,6,0.000000193972
0x32d0,6,0.000000193972
0x32d2,6,0.000000193972
0x32d4,6,0.000000193972
0x32d6,6,0.000000193972
0x32d7,6,0.000000193972
0x32d9,6,0.000000193972
0x32da,6,0.000000193972
0x32dc,6,0.000000193972
0x32dd,6,0.000000193972
0x32de,6,0.000000193972
0x32e1,6,0.000000193972
0x32e2,6,0.000000193972
0x32e3,6,0.000000193972
0x3400,1896,0.000061295090
0x3403,1896,0.000061295090
0x3406,1896,0.000061295090
0x3409,1896,0.000061295090
0x340c,1896,0.000061295090
0x340f,1896,0.000061295090
0x3412,1896,0.000061295090
0x3413,1896,0.000061295090
0x3416,1896,0.000061295090
0x3418,1896,0.000061295090
0x3438,1896,0.000061295090
0x343b,1896,0.000061295090
0x343c,1896,0.000061295090
0x343f,948,0.000030647545
0x3442,948,0.000030647545
0x3445,948,0.000030647545
0x3448,948,0.000030647545
0x344b,948,0.000030647545
0x3452,948,0.000030647545
0x3455,948,0.000030647545
0x3458,948,0.000030647545
0x345b,948,0.000030647545
0x3474,948,0.000030647545
0x3477,3792,0.000122590179
0x3478,3792,0.000122590179
0x347b,3792,0.000122590179
0x347c,3792,0.000122590179
0x347d,3792,0.000122590179
0x347f,3792,0.000122590179
0x3480,3792,0.000122590179
0x3482,3792,0.000122590179
0x3485,948,0.000030647545
0x3486,948,0.000030647545
0x3489,3792,0.000122590179
0x348a,3792,0.000122590179
0x348d,3792,0.000122590179
0x348e,3792,0.000122590179
0x348f,3792,0.000122590179
0x3491,3792,0.000122590179
0x3492,3792,0.000122590179
0x3494,3792,0.000122590179
0x3497,948,0.000030647545
0x3498,948,0.000030647545
0x349b,3792,0.000122590179
0x349c,3792,0.000122590179
0x349f,3792,0.000122590179
0x34a0,3792,0.000122590179
0x34a1,3792,0.000122590179
0x34a3,3792,0.000122590179
0x34a4,3792,0.000122590179
0x34a6,3792,0.000122590179
0x34a9,948,0.000030647545
0x34aa,948,0.000030647545
0x34ad,3792,0.000122590179
0x34ae,3792,0.000122590179
0x34b1,3792,0.000122590179
0x34b2,3792,0.000122590179
0x34b3,3792,0.000122590179
0x34b5,3792,0.000122590179
0x34b6,3792,0.000122590179
0x34b8,3792,0.000122590179
0x34bb,948,0.000030647545
0x34c0,8112,0.000262249877
0x34c1,8112,0.000262249877
0x34c2,8112,0.000262249877
0x34c3,6522,0.000210847349
0x34c4,6522,0.000210847349
0x34c6,6522,0.000210847349
0x34c7,6522,0.000210847349
0x34c9,6522,0.000210847349
0x34ca,6522,0.000210847349
0x34cb,6522,0.000210847349
0x34cc,6522,0.000210847349
0x34cd,6522,0.000210847349
0x34ce,6522,0.000210847349
0x34cf,6522,0.000210847349
0x34d0,6522,0.000210847349
0x34d1,6522,0.000210847349
0x34d2,6522,0.000210847349
0x34d3,6522,0.000210847349
0x34d4,6522,0.000210847349
0x34d5,6522,0.000210847349
0x34d7,6522,0.000210847349
0x34d8,6522,0.000210847349
0x34da,6522,0.000210847349
0x34db,6522,0.000210847349
0x34dc,6522,0.000210847349
0x34dd,6522,0.000210847349
0x34de,6531,0.000211138307
0x34df,6531,0.000211138307
0x34e1,6531,0.000211138307
0x34e4,756,0.000024440447
0x34e5,756,0.000024440447
0x34e7,756,0.000024440447
0x34ea,303,0.000009795576
0x34ec,303,0.000009795576
0x34ed,303,0.000009795576
0x34ee,303,0.000009795576
0x34f0,303,0.000009795576
0x34f1,303,0.000009795576
0x34f3,303,0.000009795576
0x34f6,144,0.000004655323
0x34f8,144,0.000004655323
0x34f9,144,0.000004655323
0x34fa,144,0.000004655323
0x34fc,144,0.000004655323
0x34fd,144,0.000004655323
0x34ff,144,0.000004655323
0x3509,303,0.000009795576
0x350a,303,0.000009795576
0x350b,303,0.000009795576
0x350c,6531,0.000211138307
0x350e,6531,0.000211138307
0x350f,6531,0.000211138307
0x3512,6531,0.000211138307
0x3513,6531,0.000211138307
0x3515,6531,0.000211138307
0x3516,6531,0.000211138307
0x3518,6531,0.000211138307
0x3519,6531,0.000211138307
0x3520,48,0.000001551774
0x3521,48,0.000001551774
0x3522,48,0.000001551774
0x3523,48,0.000001551774
0x3524,48,0.000001551774
0x3525,48,0.000001551774
0x3526,48,0.000001551774
0x3527,48,0.000001551774
0x3528,2049,0.000066241371
0x3529,2049,0.000066241371
0x352a,2049,0.000066241371
0x352b,2049,0.000066241371
0x352c,2049,0.000066241371
0x352d,2049,0.000066241371
0x352e,2049,0.000066241371
0x352f,2049,0.000066241371
0x3530,2451,0.000079237481
0x3531,2451,0.000079237481
0x3532,2451,0.000079237481
0x3533,2451,0.000079237481
0x3534,2451,0.000079237481
0x3535,2451,0.000079237481
0x3536,2451,0.000079237481
0x3537,2451,0.000079237481
0x3538,2886,0.000093300437
0x3539,2886,0.000093300437
0x353a,2886,0.000093300437
0x353b,2886,0.000093300437
0x353c,2886,0.000093300437
0x353d,2886,0.000093300437
0x353e,2886,0.000093300437
0x353f,2886,0.000093300437
0x3540,6526,0.000210976664
0x3541,6526,0.000210976664
0x3542,6526,0.000210976664
0x3543,6526,0.000210976664
0x3544,6526,0.000210976664
0x3545,6526,0.000210976664
0x3546,6526,0.000210976664
0x3547,6526,0.000210976664
0x3548,7078,0.000228822070
0x3549,7078,0.000228822070
0x354a,7078,0.000228822070
0x354b,7078,0.000228822070
0x354c,7078,0.000228822070
0x354d,7078,0.000228822070
0x354e,7078,0.000228822070
0x354f,7078,0.000228822070
0x3550,7126,0.000230373844
0x3551,7126,0.000230373844
0x3552,7126,0.000230373844
0x3553,7126,0.000230373844
0x3554,7126,0.000230373844
0x3555,7126,0.000230373844
0x3556,7126,0.000230373844
0x3557,7126,0.000230373844
0x3558,7126,0.000230373844
0x355a,7126,0.000230373844
0x355b,7126,0.000230373844
0x355d,7126,0.000230373844
0x3560,1896,0.000061295090
0x3563,1896,0.000061295090
0x3564,1896,0.000061295090
0x3565,1896,0.000061295090
0x3566,1896,0.000061295090
0x3567,1896,0.000061295090
0x3568,1896,0.000061295090
0x3569,1896,0.000061295090
0x356a,1896,0.000061295090
0x356d,1896,0.000061295090
0x3570,1896,0.000061295090
0x3572,1896,0.000061295090
0x3577,1896,0.000061295090
0x3579,1896,0.000061295090
0x357a,1896,0.000061295090
0x357b,1896,0.000061295090
0x357e,1896,0.000061295090
0x357f,1896,0.000061295090
0x3581,1896,0.000061295090
0x3584,1896,0.000061295090
0x3586,1896,0.000061295090
0x3587,1896,0.000061295090
0x3588,1896,0.000061295090
0x3589,1896,0.000061295090
0x358c,1896,0.000061295090
0x358d,1896,0.000061295090
0x358e,1896,0.000061295090
0x3590,1896,0.000061295090
0x3591,1896,0.000061295090
0x3593,1896,0.000061295090
0x3594,1896,0.000061295090
0x3596,1896,0.000061295090
0x3597,1896,0.000061295090
0x359a,1896,0.000061295090
0x359b,1896,0.000061295090
0x359c,1896,0.000061295090
0x359d,1896,0.000061295090
0x359f,1896,0.000061295090
0x35a2,1896,0.000061295090
0x35b0,7584,0.000245180358
0x35b1,7584,0.000245180358
0x35b2,7584,0.000245180358
0x35b3,5994,0.000193777831
0x35b4,5994,0.000193777831
0x35b5,5994,0.000193777831
0x35b6,5994,0.000193777831
0x35b7,5994,0.000193777831
0x35b8,5994,0.000193777831
0x35b9,5994,0.000193777831
0x35ba,5994,0.000193777831
0x35bd,5352,0.000173022848
0x35be,5994,0.000193777831
0x35bf,5994,0.000193777831
0x35c0,5994,0.000193777831
0x35c1,5994,0.000193777831
0x35c2,5994,0.000193777831
0x35c3,5994,0.000193777831
0x35c4,5994,0.000193777831
0x35c5,5994,0.000193777831
0x35c7,5994,0.000193777831
0x35c8,5994,0.000193777831
0x35c9,5994,0.000193777831
0x35ca,5994,0.000193777831
0x35cb,5994,0.000193777831
0x35cc,5994,0.000193777831
0x35cd,5994,0.000193777831
0x35ce,5994,0.000193777831
0x35cf,5994,0.000193777831
0x35d0,5994,0.000193777831
0x35d1,5994,0.000193777831
0x35d2,5994,0.000193777831
0x35d3,5994,0.000193777831
0x35d4,5994,0.000193777831
0x35d5,5994,0.000193777831
0x35d6,5994,0.000193777831
0x35d7,5994,0.000193777831
0x35d8,5994,0.000193777831
0x35d9,5994,0.000193777831
0x35da,5994,0.000193777831
0x35db,5994,0.000193777831
0x35e0,4404,0.000142375303
0x35e1,4404,0.000142375303
0x35e2,4404,0.000142375303
0x35e3,4404,0.000142375303
0x35e5,4404,0.000142375303
0x35e8,2322,0.000075067088
0x35e9,2322,0.000075067088
0x35ea,2322,0.000075067088
0x35eb,2322,0.000075067088
0x35ec,2322,0.000075067088
0x35ed,2322,0.000075067088
0x35ee,2322,0.000075067088
0x35ef,2322,0.000075067088
0x35f0,2322,0.000075067088
0x35f1,2322,0.000075067088
0x35f3,2322,0.000075067088
0x35f6,672,0.000021724842
0x35f8,672,0.000021724842
0x35f9,672,0.000021724842
0x35fa,672,0.000021724842
0x35fb,672,0.000021724842
0x35fd,672,0.000021724842
0x35fe,672,0.000021724842
0x3601,87,0.000002812591
0x3602,87,0.000002812591
0x3603,87,0.000002812591
0x3604,672,0.000021724842
0x3605,672,0.000021724842
0x3606,672,0.000021724842
0x3607,672,0.000021724842
0x3608,672,0.000021724842
0x3609,672,0.000021724842
0x360a,672,0.000021724842
0x360b,672,0.000021724842
0x360c,672,0.000021724842
0x360e,672,0.000021724842
0x360f,672,0.000021724842
0x3612,618,0.000019979096
0x3613,618,0.000019979096
0x3614,618,0.000019979096
0x3615,618,0.000019979096
0x3616,618,0.000019979096
0x3618,618,0.000019979096
0x3619,618,0.000019979096
0x361a,618,0.000019979096
0x361b,618,0.000019979096
0x361c,417,0.000013481040
0x361f,417,0.000013481040
0x3620,417,0.000013481040
0x3621,417,0.000013481040
0x3622,150,0.000004849295
0x3623,150,0.000004849295
0x3624,150,0.000004849295
0x3628,2082,0.000067308215
0x362a,2082,0.000067308215
0x362d,2031,0.000065659455
0x362e,2031,0.000065659455
0x362f,2031,0.000065659455
0x3630,2031,0.000065659455
0x3631,2031,0.000065659455
0x3632,2031,0.000065659455
0x3633,2031,0.000065659455
0x3634,2031,0.000065659455
0x3635,2031,0.000065659455
0x3636,2031,0.000065659455
0x3637,2031,0.000065659455
0x363a,630,0.000020367039
0x363c,630,0.000020367039
0x363d,630,0.000020367039
0x363e,630,0.000020367039
0x363f,630,0.000020367039
0x3641,630,0.000020367039
0x3642,630,0.000020367039
0x3645,84,0.000002715605
0x3646,84,0.000002715605
0x3647,84,0.000002715605
0x3648,630,0.000020367039
0x3649,630,0.000020367039
0x364a,630,0.000020367039
0x364b,630,0.000020367039
0x364c,630,0.000020367039
0x364d,630,0.000020367039
0x364e,630,0.000020367039
0x364f,630,0.000020367039
0x3650,630,0.000020367039
0x3651,630,0.000020367039
0x3652,630,0.000020367039
0x3654,630,0.000020367039
0x3655,630,0.000020367039
0x3656,630,0.000020367039
0x3657,630,0.000020367039
0x365a,480,0.000015517744
0x365d,480,0.000015517744
0x365e,480,0.000015517744
0x3661,132,0.000004267380
0x3662,132,0.000004267380
0x3663,630,0.000020367039
0x3665,630,0.000020367039
0x3666,630,0.000020367039
0x366a,1650,0.000053342246
0x366b,1650,0.000053342246
0x366c,1650,0.000053342246
0x366d,57,0.000001842732
0x366e,57,0.000001842732
0x366f,57,0.000001842732
0x3670,57,0.000001842732
0x3671,57,0.000001842732
0x3672,54,0.000001745746
0x3673,54,0.000001745746
0x3674,54,0.000001745746
0x3675,54,0.000001745746
0x3676,54,0.000001745746
0x3679,54,0.000001745746
0x367b,54,0.000001745746
0x367c,54,0.000001745746
0x367f,54,0.000001745746
0x3680,54,0.000001745746
0x3683,54,0.000001745746
0x3684,54,0.000001745746
0x3686,54,0.000001745746
0x3689,54,0.000001745746
0x368a,54,0.000001745746
0x368b,54,0.000001745746
0x368d,54,0.000001745746
0x368e,51,0.000001648760
0x3690,51,0.000001648760
0x3691,39,0.000001260817
0x3692,39,0.000001260817
0x3695,1401,0.000045292416
0x3696,1401,0.000045292416
0x3697,1401,0.000045292416
0x3698,1401,0.000045292416
0x3699,1401,0.000045292416
0x369a,1401,0.000045292416
0x369b,1401,0.000045292416
0x369c,1401,0.000045292416
0x369d,36,0.000001163831
0x369e,36,0.000001163831
0x36a0,36,0.000001163831
0x36a1,36,0.000001163831
0x36a4,36,0.000001163831
0x36a6,36,0.000001163831
0x36a7,36,0.000001163831
0x36aa,33,0.000001066845
0x36ab,36,0.000001163831
0x36ae,36,0.000001163831
0x36b0,36,0.000001163831
0x36b3,36,0.000001163831
0x36b4,36,0.000001163831
0x36b6,36,0.000001163831
0x36b7,36,0.000001163831
0x36b9,36,0.000001163831
0x36ba,36,0.000001163831
0x36bb,36,0.000001163831
0x36c0,1590,0.000051402528
0x36c1,1590,0.000051402528
0x36c2,1590,0.000051402528
0x36c3,795,0.000025701264
0x36c4,795,0.000025701264
0x36c5,795,0.000025701264
0x36c6,795,0.000025701264
0x36c8,795,0.000025701264
0x36c9,795,0.000025701264
0x36d2,1920,0.000062070977
0x36d3,1920,0.000062070977
0x36d4,1920,0.000062070977
0x36d5,1920,0.000062070977
0x36d6,1920,0.000062070977
0x36d7,1920,0.000062070977
0x36d8,72,0.000002327662
0x36d9,72,0.000002327662
0x36da,72,0.000002327662
0x36db,72,0.000002327662
0x36dc,72,0.000002327662
0x36dd,72,0.000002327662
0x36de,72,0.000002327662
0x36e1,72,0.000002327662
0x36e3,72,0.000002327662
0x36e6,72,0.000002327662
0x36ea,1890,0.000061101118
0x36eb,1890,0.000061101118
0x36ec,1890,0.000061101118
0x36ed,1890,0.000061101118
0x36ee,1890,0.000061101118
0x36ef,1890,0.000061101118
0x36f0,558,0.000018039378
0x36f1,558,0.000018039378
0x36f2,558,0.000018039378
0x36f3,558,0.000018039378
0x36f5,558,0.000018039378
0x36f6,36,0.000001163831
0x36f7,36,0.000001163831
0x36f8,36,0.000001163831
0x36f9,36,0.000001163831
0x36fa,36,0.000001163831
0x36fb,36,0.000001163831
0x36fc,36,0.000001163831
0x36fd,36,0.000001163831
0x36fe,36,0.000001163831
0x3701,36,0.000001163831
0x3703,36,0.000001163831
0x3706,36,0.000001163831
0x370a,2184,0.000070605736
0x370b,2184,0.000070605736
0x370c,2184,0.000070605736
0x370d,2184,0.000070605736
0x370e,2184,0.000070605736
0x370f,2184,0.000070605736
0x3710,186,0.000006013126
0x3711,186,0.000006013126
0x3712,186,0.000006013126
0x3713,186,0.000006013126
0x3715,186,0.000006013126
0x3716,66,0.000002133690
0x3717,66,0.000002133690
0x3718,66,0.000002133690
0x3719,66,0.000002133690
0x371a,66,0.000002133690
0x371b,66,0.000002133690
0x371c,66,0.000002133690
0x371d,66,0.000002133690
0x371e,66,0.000002133690
0x3721,66,0.000002133690
0x3723,66,0.000002133690
0x3726,66,0.000002133690
0x3729,66,0.000002133690
0x372a,66,0.000002133690
0x372c,66,0.000002133690
0x372d,33,0.000001066845
0x372e,33,0.000001066845
0x3730,33,0.000001066845
0x3731,33,0.000001066845
0x3732,33,0.000001066845
0x3733,33,0.000001066845
0x3734,33,0.000001066845
0x3735,33,0.000001066845
0x3736,33,0.000001066845
0x3739,33,0.000001066845
0x373b,33,0.000001066845
0x373e,33,0.000001066845
0x3744,51,0.000001648760
0x3746,51,0.000001648760
0x3747,51,0.000001648760
0x3748,51,0.000001648760
0x3749,51,0.000001648760
0x374a,51,0.000001648760
0x374c,51,0.000001648760
0x374d,51,0.000001648760
0x374e,51,0.000001648760
0x3750,51,0.000001648760
0x3751,51,0.000001648760
0x3752,6,0.000000193972
0x3753,6,0.000000193972
0x3754,6,0.000000193972
0x3758,10248,0.000331303839
0x3759,10248,0.000331303839
0x375a,10248,0.000331303839
0x375b,48,0.000001551774
0x375c,48,0.000001551774
0x375f,45,0.000001454789
0x3760,45,0.000001454789
0x3761,45,0.000001454789
0x3764,24,0.000000775887
0x3766,24,0.000000775887
0x3767,24,0.000000775887
0x3769,24,0.000000775887
0x376a,24,0.000000775887
0x376b,24,0.000000775887
0x376c,24,0.000000775887
0x376d,24,0.000000775887
0x376e,24,0.000000775887
0x376f,24,0.000000775887
0x3770,24,0.000000775887
0x3771,24,0.000000775887
0x3772,24,0.000000775887
0x3773,24,0.000000775887
0x3774,24,0.000000775887
0x3777,24,0.000000775887
0x377a,24,0.000000775887
0x377b,24,0.000000775887
0x377c,24,0.000000775887
0x377d,24,0.000000775887
0x377e,24,0.000000775887
0x3780,24,0.000000775887
0x3781,24,0.000000775887
0x3782,24,0.000000775887
0x3783,24,0.000000775887
0x3786,24,0.000000775887
0x3787,24,0.000000775887
0x3788,24,0.000000775887
0x3789,24,0.000000775887
0x378c,24,0.000000775887
0x378e,24,0.000000775887
0x378f,24,0.000000775887
0x3791,24,0.000000775887
0x3792,24,0.000000775887
0x3796,24,0.000000775887
0x3798,24,0.000000775887
0x3799,24,0.000000775887
0x379b,24,0.000000775887
0x379e,9,0.000000290958
0x379f,24,0.000000775887
0x37a0,24,0.000000775887
0x37a1,24,0.000000775887
0x37a4,24,0.000000775887
0x37a5,24,0.000000775887
0x37a6,24,0.000000775887
0x37a7,24,0.000000775887
0x37aa,24,0.000000775887
0x37b0,21,0.000000678901
0x37b1,21,0.000000678901
0x37b2,21,0.000000678901
0x37b3,21,0.000000678901
0x37b4,21,0.000000678901
0x37b5,21,0.000000678901
0x37b6,21,0.000000678901
0x37b7,21,0.000000678901
0x37b8,21,0.000000678901
0x37b9,21,0.000000678901
0x37ba,21,0.000000678901
0x37bb,21,0.000000678901
0x37be,21,0.000000678901
0x37c0,21,0.000000678901
0x37c1,21,0.000000678901
0x37c4,21,0.000000678901
0x37c6,21,0.000000678901
0x37cc,3,0.000000096986
0x37cd,3,0.000000096986
0x37ce,3,0.000000096986
0x37cf,3,0.000000096986
0x37d0,3,0.000000096986
0x37d2,3,0.000000096986
0x37d4,3,0.000000096986
0x37d5,3,0.000000096986
0x37d7,3,0.000000096986
0x37da,3,0.000000096986
0x37dd,78,0.000002521633
0x37de,78,0.000002521633
0x37df,78,0.000002521633
0x37e0,78,0.000002521633
0x37e1,78,0.000002521633
0x37e2,78,0.000002521633
0x37e5,3,0.000000096986
0x3800,3792,0.000122590179
0x3803,3792,0.000122590179
0x3805,3792,0.000122590179
0x3806,1809,0.000058482498
0x3809,1809,0.000058482498
0x380b,1809,0.000058482498
0x380c,1809,0.000058482498
0x380f,1809,0.000058482498
0x3810,1809,0.000058482498
0x3813,1809,0.000058482498
0x3815,1809,0.000058482498
0x3816,1809,0.000058482498
0x3819,1809,0.000058482498
0x381a,1809,0.000058482498
0x381b,1809,0.000058482498
0x381d,1809,0.000058482498
0x381e,1809,0.000058482498
0x381f,1809,0.000058482498
0x3820,1809,0.000058482498
0x3822,1809,0.000058482498
0x3823,27,0.000000872873
0x3824,27,0.000000872873
0x3827,27,0.000000872873
0x3829,27,0.000000872873
0x382b,27,0.000000872873
0x382c,27,0.000000872873
0x382e,27,0.000000872873
0x382f,27,0.000000872873
0x3830,27,0.000000872873
0x3832,27,0.000000872873
0x3833,27,0.000000872873
0x3834,27,0.000000872873
0x3835,27,0.000000872873
0x3837,27,0.000000872873
0x3838,27,0.000000872873
0x3839,27,0.000000872873
0x383b,27,0.000000872873
0x383c,27,0.000000872873
0x383e,27,0.000000872873
0x3841,18,0.000000581915
0x3844,27,0.000000872873
0x3846,27,0.000000872873
0x3847,27,0.000000872873
0x3849,27,0.000000872873
0x384a,27,0.000000872873
0x384b,27,0.000000872873
0x384c,9,0.000000290958
0x384f,9,0.000000290958
0x3850,9,0.000000290958
0x3851,9,0.000000290958
0x3853,9,0.000000290958
0x3854,9,0.000000290958
0x3855,9,0.000000290958
0x3856,9,0.000000290958
0x3857,9,0.000000290958
0x3858,9,0.000000290958
0x3859,9,0.000000290958
0x385c,9,0.000000290958
0x385d,9,0.000000290958
0x385f,9,0.000000290958
0x3862,3,0.000000096986
0x3863,3,0.000000096986
0x3865,3,0.000000096986
0x3868,3,0.000000096986
0x386b,3,0.000000096986
0x386e,3,0.000000096986
0x386f,3,0.000000096986
0x3871,3,0.000000096986
0x3894,6,0.000000193972
0x3897,6,0.000000193972
0x3899,6,0.000000193972
0x389c,6,0.000000193972
0x38a1,9,0.000000290958
0x38a2,9,0.000000290958
0x38a4,9,0.000000290958
0x38a5,9,0.000000290958
0x38a6,9,0.000000290958
0x38a7,9,0.000000290958
0x38a8,9,0.000000290958
0x38a9,9,0.000000290958
0x38ac,9,0.000000290958
0x38ae,9,0.000000290958
0x38af,9,0.000000290958
0x38b1,9,0.000000290958
0x38b4,9,0.000000290958
0x38b5,9,0.000000290958
0x38bc,15,0.000000484930
0x38be,15,0.000000484930
0x38bf,15,0.000000484930
0x38c1,15,0.000000484930
0x38c2,15,0.000000484930
0x38c3,15,0.000000484930
0x38f8,6,0.000000193972
0x38fb,9,0.000000290958
0x38fc,9,0.000000290958
0x38fd,9,0.000000290958
0x3906,9,0.000000290958
0x3907,9,0.000000290958
0x3908,9,0.000000290958
0x3909,9,0.000000290958
0x390a,9,0.000000290958
0x390d,9,0.000000290958
0x390e,9,0.000000290958
0x390f,9,0.000000290958
0x3912,9,0.000000290958
0x3913,9,0.000000290958
0x3916,9,0.000000290958
0x3918,9,0.000000290958
0x391b,9,0.000000290958
0x391c,18,0.000000581915
0x391d,18,0.000000581915
0x391f,18,0.000000581915
0x3922,3,0.000000096986
0x3923,1743,0.000056348809
0x3930,948,0.000030647545
0x3933,948,0.000030647545
0x3935,948,0.000030647545
0x3937,948,0.000030647545
0x3938,948,0.000030647545
0x393a,948,0.000030647545
0x393b,948,0.000030647545
0x393c,948,0.000030647545
0x393d,948,0.000030647545
0x393f,948,0.000030647545
0x3942,474,0.000015323772
0x3945,474,0.000015323772
0x3946,474,0.000015323772
0x3947,474,0.000015323772
0x394a,474,0.000015323772
0x394b,474,0.000015323772
0x394c,2916,0.000094270296
0x394d,2916,0.000094270296
0x3950,2841,0.000091845648
0x3951,2841,0.000091845648
0x3952,2841,0.000091845648
0x3954,2841,0.000091845648
0x3955,2841,0.000091845648
0x3956,2841,0.000091845648
0x3959,399,0.000012899125
0x395c,2916,0.000094270296
0x395d,2916,0.000094270296
0x395f,2916,0.000094270296
0x3960,885,0.000028610841
0x3961,885,0.000028610841
0x3963,885,0.000028610841
0x3964,885,0.000028610841
0x3965,885,0.000028610841
0x3966,885,0.000028610841
0x3967,756,0.000024440447
0x3968,756,0.000024440447
0x3969,75,0.000002424648
0x396b,75,0.000002424648
0x396c,75,0.000002424648
0x396d,75,0.000002424648
0x396e,75,0.000002424648
0x396f,75,0.000002424648
0x3972,75,0.000002424648
0x3973,75,0.000002424648
0x3975,75,0.000002424648
0x3976,75,0.000002424648
0x3977,75,0.000002424648
0x3978,75,0.000002424648
0x397a,75,0.000002424648
0x397b,75,0.000002424648
0x3980,1896,0.000061295090
0x3983,1896,0.000061295090
0x3985,1896,0.000061295090
0x3986,6,0.000000193972
0x3988,6,0.000000193972
0x3a00,948,0.000030647545
0x3a03,948,0.000030647545
0x3a05,948,0.000030647545
0x3a06,948,0.000030647545
0x3a07,948,0.000030647545
0x3a08,948,0.000030647545
0x3a0b,948,0.000030647545
0x3a0c,948,0.000030647545
0x3a0d,948,0.000030647545
0x3a0e,474,0.000015323772
0x3a0f,474,0.000015323772
0x3a10,2127,0.000068763004
0x3a13,2127,0.000068763004
0x3a14,2127,0.000068763004
0x3a15,2127,0.000068763004
0x3a18,384,0.000012414195
0x3a1a,384,0.000012414195
0x3a1c,384,0.000012414195
0x3a1d,1743,0.000056348809
0x3a20,1743,0.000056348809
0x3a21,1743,0.000056348809
0x3a22,1743,0.000056348809
0x3a40,1743,0.000056348809
0x3a42,1743,0.000056348809
0x3a43,1743,0.000056348809
0x3a44,1743,0.000056348809
0x3a47,224,0.000007241614
0x3a49,224,0.000007241614
0x3a4c,14,0.000000452601
0x3a4e,224,0.000007241614
0x3a4f,224,0.000007241614
0x3a50,224,0.000007241614
0x3a51,224,0.000007241614
0x3a52,224,0.000007241614
0x3a53,224,0.000007241614
0x3a54,224,0.000007241614
0x3a56,224,0.000007241614
0x3a58,224,0.000007241614
0x3a5a,224,0.000007241614
0x3a5b,224,0.000007241614
0x3a5d,224,0.000007241614
0x3a5f,224,0.000007241614
0x3a62,1519,0.000049107195
0x3a64,1519,0.000049107195
0x3a65,1519,0.000049107195
0x3a66,1519,0.000049107195
0x3a82,1743,0.000056348809
0x3a85,1743,0.000056348809
0x3a86,1743,0.000056348809
0x3a88,1743,0.000056348809
0x3a90,1743,0.000056348809
0x3a93,1743,0.000056348809
0x3a94,1743,0.000056348809
0x3a95,1743,0.000056348809
0x3a98,1066,0.000034462324
0x3a9b,1066,0.000034462324
0x3a9e,1066,0.000034462324
0x3aa1,17056,0.000551397177
0x3aa2,17056,0.000551397177
0x3aa3,17056,0.000551397177
0x3aa4,17056,0.000551397177
0x3aa7,9794,0.000316626639
0x3aa8,9794,0.000316626639
0x3aaa,9794,0.000316626639
0x3aad,1381,0.000044645843
0x3aae,17056,0.000551397177
0x3aaf,17056,0.000551397177
0x3ab0,17056,0.000551397177
0x3ab1,17056,0.000551397177
0x3ab2,17056,0.000551397177
0x3ab5,1066,0.000034462324
0x3ab6,1066,0.000034462324
0x3ab7,1066,0.000034462324
0x3ab8,590,0.000019073894
0x3aba,590,0.000019073894
0x3abd,6,0.000000193972
0x3abf,590,0.000019073894
0x3ac1,590,0.000019073894
0x3ac2,590,0.000019073894
0x3ac5,590,0.000019073894
0x3ac6,590,0.000019073894
0x3ac8,590,0.000019073894
0x3ac9,590,0.000019073894
0x3aca,590,0.000019073894
0x3b1b,1743,0.000056348809
0x3b1e,1743,0.000056348809
0x3b1f,1743,0.000056348809
0x3b20,1743,0.000056348809
0x3b33,1743,0.000056348809
0x3b36,1743,0.000056348809
0x3b37,1743,0.000056348809
0x3b38,1743,0.000056348809
0x3b43,1743,0.000056348809
0x3b46,1743,0.000056348809
0x3b47,1743,0.000056348809
0x3b49,1743,0.000056348809
0x3b4c,1743,0.000056348809
0x3b4f,1743,0.000056348809
0x3b52,1743,0.000056348809
0x3b55,1743,0.000056348809
0x3b58,1743,0.000056348809
0x3b5b,1743,0.000056348809
