pc,count,frequency
0x0000,1,0.000000037447
0x0001,1,0.000000037447
0x0002,1,0.000000037447
0x0003,1,0.000000037447
0x0004,1,0.000000037447
0x0005,1,0.000000037447
0x0006,1,0.000000037447
0x0007,1,0.000000037447
0x0008,1,0.000000037447
0x000b,1,0.000000037447
0x000d,1,0.000000037447
0x000f,1,0.000000037447
0x0012,1,0.000000037447
0x0015,1,0.000000037447
0x0017,1,0.000000037447
0x001a,15340,0.000574441302
0x001d,15340,0.000574441302
0x0020,15340,0.000574441302
0x0021,15340,0.000574441302
0x0024,2360,0.000088375585
0x0027,2360,0.000088375585
0x002a,2360,0.000088375585
0x002d,12980,0.000486065717
0x002f,12980,0.000486065717
0x0031,12980,0.000486065717
0x0032,12980,0.000486065717
0x0034,12980,0.000486065717
0x0035,12980,0.000486065717
0x0038,12980,0.000486065717
0x0039,12980,0.000486065717
0x003c,12980,0.000486065717
0x003d,12980,0.000486065717
0x0040,7,0.000000262131
0x0043,7,0.000000262131
0x0046,12973,0.000485803586
0x0049,12972,0.000485766138
0x0050,1,0.000000037447
0x0052,1,0.000000037447
0x0054,1,0.000000037447
0x0056,1,0.000000037447
0x0058,1,0.000000037447
0x005a,1,0.000000037447
0x005c,1,0.000000037447
0x005f,1,0.000000037447
0x0061,1,0.000000037447
0x0063,1,0.000000037447
0x0066,1,0.000000037447
0x0068,1,0.000000037447
0x006a,1,0.000000037447
0x006b,2,0.000000074895
0x006e,2,0.000000074895
0x0070,6130,0.000229551837
0x0072,6130,0.000229551837
0x0073,6130,0.000229551837
0x0074,6130,0.000229551837
0x0077,2,0.000000074895
0x0078,864,0.000032354451
0x007b,864,0.000032354451
0x0080,2011900,0.075340186086
0x0082,2011900,0.075340186086
0x0083,2011900,0.075340186086
0x0085,2011900,0.075340186086
0x0088,30696,0.001149481760
0x0089,30696,0.001149481760
0x008b,30696,0.001149481760
0x008e,15372,0.000575639615
0x0090,15372,0.000575639615
0x0091,15372,0.000575639615
0x0094,15372,0.000575639615
0x0095,15372,0.000575639615
0x0096,15372,0.000575639615
0x0097,15372,0.000575639615
0x0098,15372,0.000575639615
0x009a,15372,0.000575639615
0x009d,15372,0.000575639615
0x009f,15372,0.000575639615
0x00a0,15372,0.000575639615
0x00a2,15372,0.000575639615
0x00a3,15372,0.000575639615
0x00a6,15372,0.000575639615
0x00a8,15372,0.000575639615
0x00ab,15372,0.000575639615
0x00ac,1,0.000000037447
0x00ae,1,0.000000037447
0x00af,1,0.000000037447
0x00b0,1,0.000000037447
0x00b2,1,0.000000037447
0x00b5,1,0.000000037447
0x00bb,27858,0.001043206374
0x00be,27858,0.001043206374
0x00bf,27858,0.001043206374
0x00c0,27858,0.001043206374
0x00c1,27858,0.001043206374
0x00c2,27858,0.001043206374
0x00c3,27857,0.001043168927
0x00c4,1814,0.000067929369
0x00c5,1814,0.000067929369
0x00c7,1814,0.000067929369
0x00c9,1814,0.000067929369
0x00ca,1814,0.000067929369
0x00cd,1814,0.000067929369
0x00ce,1814,0.000067929369
0x00cf,1814,0.000067929369
0x00d0,1814,0.000067929369
0x00d1,1814,0.000067929369
0x00d2,1814,0.000067929369
0x00d3,1814,0.000067929369
0x00d4,1814,0.000067929369
0x00d6,1814,0.000067929369
0x00d8,1814,0.000067929369
0x00d9,1814,0.000067929369
0x00dc,1814,0.000067929369
0x00dd,1814,0.000067929369
0x00de,1814,0.000067929369
0x00e1,614,0.000022992631
0x00e3,12973,0.000485803586
0x00e6,12973,0.000485803586
0x00e9,12973,0.000485803586
0x00ec,12973,0.000485803586
0x00ef,12973,0.000485803586
0x00f2,12969,0.000485653797
0x00f5,12969,0.000485653797
0x00f8,12969,0.000485653797
0x00fb,12969,0.000485653797
0x00fe,12095,0.000452924872
0x0101,12095,0.000452924872
0x0104,12095,0.000452924872
0x0107,12092,0.000452812531
0x0109,12092,0.000452812531
0x010c,12092,0.000452812531
0x010f,12089,0.000452700189
0x0111,12089,0.000452700189
0x0114,12089,0.000452700189
0x0117,12086,0.000452587847
0x0119,12086,0.000452587847
0x011c,12086,0.000452587847
0x011f,12086,0.000452587847
0x0122,11222,0.000420233395
0x0125,11222,0.000420233395
0x0128,11222,0.000420233395
0x012b,11222,0.000420233395
0x012e,10694,0.000400461231
0x0131,10694,0.000400461231
0x0134,10694,0.000400461231
0x0137,10694,0.000400461231
0x013a,729,0.000027299068
0x0140,16,0.000000599157
0x0143,16,0.000000599157
0x0146,16,0.000000599157
0x0149,16,0.000000599157
0x014c,16,0.000000599157
0x014e,16,0.000000599157
0x014f,16,0.000000599157
0x0151,16,0.000000599157
0x0152,16,0.000000599157
0x0153,16,0.000000599157
0x0154,16,0.000000599157
0x0156,16,0.000000599157
0x0158,16,0.000000599157
0x015b,16,0.000000599157
0x015d,16,0.000000599157
0x015f,16,0.000000599157
0x0161,16,0.000000599157
0x0164,16,0.000000599157
0x0166,16,0.000000599157
0x0167,16,0.000000599157
0x0168,16,0.000000599157
0x016a,16,0.000000599157
0x016b,16,0.000000599157
0x016d,16,0.000000599157
0x016f,16,0.000000599157
0x0172,16,0.000000599157
0x0173,9960,0.000372974926
0x0174,9960,0.000372974926
0x0176,9960,0.000372974926
0x0178,9960,0.000372974926
0x017a,9960,0.000372974926
0x017b,7541,0.000282389951
0x017d,7541,0.000282389951
0x017e,7464,0.000279506511
0x0180,7464,0.000279506511
0x0182,7464,0.000279506511
0x0183,2616,0.000097962089
0x0185,2616,0.000097962089
0x0186,2539,0.000095078648
0x0188,2539,0.000095078648
0x018a,2539,0.000095078648
0x018b,79,0.000002958335
0x018d,79,0.000002958335
0x018e,79,0.000002958335
0x018f,79,0.000002958335
0x0191,79,0.000002958335
0x0192,4,0.000000149789
0x0194,4,0.000000149789
0x0196,1738,0.000065083376
0x0197,1738,0.000065083376
0x0199,1738,0.000065083376
0x019b,1738,0.000065083376
0x019c,1416,0.000053025351
0x019d,1416,0.000053025351
0x019e,1416,0.000053025351
0x01a0,1416,0.000053025351
0x01a1,1416,0.000053025351
0x01a2,1416,0.000053025351
0x01a3,1416,0.000053025351
0x01a5,1416,0.000053025351
0x01a6,1416,0.000053025351
0x01a7,1416,0.000053025351
0x01a8,1416,0.000053025351
0x01ab,1416,0.000053025351
0x01ae,1416,0.000053025351
0x01af,1416,0.000053025351
0x01b0,1416,0.000053025351
0x01b1,1416,0.000053025351
0x01b2,1416,0.000053025351
0x01b3,1416,0.000053025351
0x01b4,1416,0.000053025351
0x01b5,1416,0.000053025351
0x01b6,1416,0.000053025351
0x01b7,1416,0.000053025351
0x01b8,1416,0.000053025351
0x01b9,1416,0.000053025351
0x01ba,1416,0.000053025351
0x01bb,1416,0.000053025351
0x01bd,1416,0.000053025351
0x01be,1416,0.000053025351
0x01c1,17616,0.000659671315
0x01c4,17616,0.000659671315
0x01c5,17616,0.000659671315
0x01c8,1416,0.000053025351
0x01c9,1416,0.000053025351
0x01ca,1416,0.000053025351
0x01d0,3720,0.000139303888
0x01d1,3720,0.000139303888
0x01d2,3720,0.000139303888
0x01d3,3720,0.000139303888
0x01d4,3720,0.000139303888
0x01d6,3720,0.000139303888
0x01d7,3720,0.000139303888
0x01d9,3720,0.000139303888
0x01dc,3720,0.000139303888
0x01dd,3720,0.000139303888
0x01e0,2147,0.000080399314
0x01e1,7,0.000000262131
0x01e4,782,0.000029283774
0x01e7,782,0.000029283774
0x01e9,782,0.000029283774
0x01ed,96720,0.003621901088
0x01ee,96720,0.003621901088
0x01ef,96720,0.003621901088
0x01f0,96720,0.003621901088
0x01f3,96720,0.003621901088
0x01f4,96720,0.003621901088
0x01f7,3720,0.000139303888
0x0200,28345,0.001061443200
0x0201,28345,0.001061443200
0x0202,99,0.000003707281
0x0203,99,0.000003707281
0x0204,99,0.000003707281
0x0205,99,0.000003707281
0x0206,1416,0.000053025351
0x0207,1416,0.000053025351
0x0208,1416,0.000053025351
0x0209,1416,0.000053025351
0x020a,1416,0.000053025351
0x020b,1416,0.000053025351
0x020c,1416,0.000053025351
0x020d,1416,0.000053025351
0x020e,1416,0.000053025351
0x0210,8647,0.000323806645
0x0211,8647,0.000323806645
0x0213,8647,0.000323806645
0x0214,8647,0.000323806645
0x0215,1798,0.000067330213
0x0216,1798,0.000067330213
0x0217,191079,0.007155389143
0x0218,191079,0.007155389143
0x021a,191079,0.007155389143
0x021b,191079,0.007155389143
0x021c,27514,0.001030324509
0x021d,27514,0.001030324509
0x0220,15,0.000000561709
0x0221,15,0.000000561709
0x0222,15,0.000000561709
0x0223,15,0.000000561709
0x0224,15,0.000000561709
0x0225,15,0.000000561709
0x0226,15,0.000000561709
0x0227,15,0.000000561709
0x0228,15,0.000000561709
0x0229,15,0.000000561709
0x022a,15,0.000000561709
0x022b,15,0.000000561709
0x022c,15,0.000000561709
0x022e,15,0.000000561709
0x022f,15,0.000000561709
0x0230,15,0.000000561709
0x0231,15,0.000000561709
0x0232,15,0.000000561709
0x0258,61312,0.002295967737
0x0259,61312,0.002295967737
0x025a,61312,0.002295967737
0x025b,245,0.000009174584
0x025c,245,0.000009174584
0x025d,245,0.000009174584
0x025e,245,0.000009174584
0x025f,245,0.000009174584
0x0260,46971,0.001758936270
0x0263,46971,0.001758936270
0x0264,45204,0.001692766923
0x0267,45204,0.001692766923
0x0270,64036,0.002397974132
0x0271,64036,0.002397974132
0x0272,64036,0.002397974132
0x0273,64036,0.002397974132
0x0274,64036,0.002397974132
0x0275,64036,0.002397974132
0x0276,64036,0.002397974132
0x0277,45204,0.001692766923
0x0278,45204,0.001692766923
0x0279,45204,0.001692766923
0x027a,45204,0.001692766923
0x027b,45204,0.001692766923
0x027c,45204,0.001692766923
0x027d,45204,0.001692766923
0x0288,7,0.000000262131
0x028b,7,0.000000262131
0x028e,7,0.000000262131
0x0290,7,0.000000262131
0x0293,7,0.000000262131
0x0295,7,0.000000262131
0x0298,7,0.000000262131
0x029a,7,0.000000262131
0x02a7,7,0.000000262131
0x02aa,7,0.000000262131
0x02ab,7,0.000000262131
0x02ac,7,0.000000262131
0x02ad,1,0.000000037447
0x02b0,1,0.000000037447
0x02b3,1,0.000000037447
0x02b6,1,0.000000037447
0x02b9,1,0.000000037447
0x02bc,1,0.000000037447
0x02be,1,0.000000037447
0x02c0,1,0.000000037447
0x02c3,1,0.000000037447
0x02c5,1,0.000000037447
0x02c7,1,0.000000037447
0x02cb,1,0.000000037447
0x02cd,1,0.000000037447
0x02cf,1,0.000000037447
0x02d4,1,0.000000037447
0x02d7,1,0.000000037447
0x02d8,1,0.000000037447
0x02db,1,0.000000037447
0x02dd,1,0.000000037447
0x02e3,1,0.000000037447
0x02e5,1,0.000000037447
0x02e6,1,0.000000037447
0x02e7,1,0.000000037447
0x02e8,1,0.000000037447
0x02ea,1,0.000000037447
0x02ed,1,0.000000037447
0x02f0,1,0.000000037447
0x02f3,1,0.000000037447
0x02f6,1,0.000000037447
0x02f9,1,0.000000037447
0x02fc,1,0.000000037447
0x02fe,1,0.000000037447
0x0300,1,0.000000037447
0x0303,1,0.000000037447
0x0306,1,0.000000037447
0x0308,1,0.000000037447
0x030b,1,0.000000037447
0x030d,1,0.000000037447
0x0310,1,0.000000037447
0x0314,17,0.000000636604
0x0315,17,0.000000636604
0x0316,17,0.000000636604
0x0317,17,0.000000636604
0x0318,17,0.000000636604
0x0319,17,0.000000636604
0x031a,17,0.000000636604
0x031b,17,0.000000636604
0x031c,17,0.000000636604
0x031d,17,0.000000636604
0x031e,17,0.000000636604
0x0320,2,0.000000074895
0x0321,2,0.000000074895
0x0322,2,0.000000074895
0x0323,2,0.000000074895
0x0324,2,0.000000074895
0x0325,2,0.000000074895
0x0326,2,0.000000074895
0x0327,2,0.000000074895
0x0328,2,0.000000074895
0x0329,2,0.000000074895
0x032a,2,0.000000074895
0x032e,1,0.000000037447
0x0331,8,0.000000299578
0x0333,8,0.000000299578
0x0334,8,0.000000299578
0x0335,8,0.000000299578
0x0337,8,0.000000299578
0x033a,1,0.000000037447
0x033c,1,0.000000037447
0x033f,1,0.000000037447
0x0341,1,0.000000037447
0x0344,1,0.000000037447
0x0346,1,0.000000037447
0x0349,1,0.000000037447
0x034b,1,0.000000037447
0x034e,1,0.000000037447
0x0350,1,0.000000037447
0x0353,1,0.000000037447
0x0355,1,0.000000037447
0x0357,1,0.000000037447
0x0358,1,0.000000037447
0x035b,1,0.000000037447
0x035c,1,0.000000037447
0x035e,1,0.000000037447
0x035f,1,0.000000037447
0x0361,1,0.000000037447
0x0367,4,0.000000149789
0x0369,4,0.000000149789
0x036a,4,0.000000149789
0x036c,4,0.000000149789
0x036f,4,0.000000149789
0x0370,4,0.000000149789
0x0371,4,0.000000149789
0x0373,4,0.000000149789
0x0376,4,0.000000149789
0x0377,12980,0.000486065717
0x037a,12980,0.000486065717
0x037b,12980,0.000486065717
0x037c,12980,0.000486065717
0x037d,12980,0.000486065717
0x0380,32,0.000001198313
0x0383,32,0.000001198313
0x0386,32,0.000001198313
0x0389,11648,0.000436185937
0x038a,11648,0.000436185937
0x038b,11648,0.000436185937
0x038c,11648,0.000436185937
0x038d,11648,0.000436185937
0x038e,11648,0.000436185937
0x038f,11648,0.000436185937
0x0390,11648,0.000436185937
0x0393,832,0.000031156138
0x0394,832,0.000031156138
0x0395,832,0.000031156138
0x0396,832,0.000031156138
0x0397,832,0.000031156138
0x0398,832,0.000031156138
0x0399,832,0.000031156138
0x039a,832,0.000031156138
0x039d,32,0.000001198313
0x03a0,89,0.000003332808
0x03a3,89,0.000003332808
0x03a6,37024,0.001386448158
0x03a7,37024,0.001386448158
0x03a8,37024,0.001386448158
0x03a9,37024,0.001386448158
0x03aa,37024,0.001386448158
0x03ab,37024,0.001386448158
0x03ac,37024,0.001386448158
0x03af,89,0.000003332808
0x03b0,9965,0.000373162162
0x03b3,9965,0.000373162162
0x03b6,9965,0.000373162162
0x03b9,7103,0.000265988042
0x03bc,7103,0.000265988042
0x03bf,7100,0.000265875700
0x03c2,7100,0.000265875700
0x03c5,7100,0.000265875700
0x03c8,4960,0.000185738517
0x03cb,4960,0.000185738517
0x03ce,9960,0.000372974926
0x03d1,9960,0.000372974926
0x03d4,9960,0.000372974926
0x03d5,9960,0.000372974926
0x03d7,9960,0.000372974926
0x03d8,9960,0.000372974926
0x03d9,9960,0.000372974926
0x03e2,2,0.000000074895
0x03e5,2,0.000000074895
0x03e8,2,0.000000074895
0x03eb,3,0.000000112342
0x03ee,3,0.000000112342
0x03f1,5,0.000000187236
0x03f4,5,0.000000187236
0x03f5,5,0.000000187236
0x03f7,5,0.000000187236
0x03f8,5,0.000000187236
0x03fa,5,0.000000187236
0x03fb,5,0.000000187236
0x03fc,5,0.000000187236
0x03fd,5,0.000000187236
0x0400,12320,0.000461350511
0x0403,12320,0.000461350511
0x0406,12320,0.000461350511
0x0407,12320,0.000461350511
0x0408,12320,0.000461350511
0x0409,12320,0.000461350511
0x040a,12320,0.000461350511
0x040b,12320,0.000461350511
0x040c,12320,0.000461350511
0x040d,12320,0.000461350511
0x041e,30,0.000001123418
0x0421,30,0.000001123418
0x0423,30,0.000001123418
0x0424,30,0.000001123418
0x0427,30,0.000001123418
0x0429,30,0.000001123418
0x042a,30,0.000001123418
0x042d,30,0.000001123418
0x0430,6,0.000000224684
0x0433,6,0.000000224684
0x0435,6,0.000000224684
0x0436,6,0.000000224684
0x0438,6,0.000000224684
0x043a,6,0.000000224684
0x043b,6,0.000000224684
0x043d,6,0.000000224684
0x043f,6,0.000000224684
0x0440,2,0.000000074895
0x0441,2,0.000000074895
0x0442,2,0.000000074895
0x0443,2,0.000000074895
0x0445,2,0.000000074895
0x04ac,1167,0.000043700978
0x04af,1167,0.000043700978
0x04b0,1167,0.000043700978
0x04b1,1167,0.000043700978
0x04b2,1167,0.000043700978
0x04b4,1167,0.000043700978
0x04b5,1167,0.000043700978
0x04b6,1156,0.000043289058
0x04b8,1156,0.000043289058
0x04ba,1156,0.000043289058
0x04bd,1150,0.000043064374
0x04bf,1150,0.000043064374
0x04c1,1150,0.000043064374
0x04c2,1150,0.000043064374
0x04c4,1150,0.000043064374
0x04c6,1150,0.000043064374
0x04c9,582,0.000021794318
0x04cc,582,0.000021794318
0x04cd,582,0.000021794318
0x04d0,582,0.000021794318
0x04d1,582,0.000021794318
0x04d2,582,0.000021794318
0x04d4,582,0.000021794318
0x04d7,582,0.000021794318
0x04df,582,0.000021794318
0x04e1,582,0.000021794318
0x04e4,582,0.000021794318
0x04e6,568,0.000021270056
0x04e9,568,0.000021270056
0x04ea,568,0.000021270056
0x04eb,568,0.000021270056
0x04ee,568,0.000021270056
0x04f4,568,0.000021270056
0x04f6,568,0.000021270056
0x04f9,568,0.000021270056
0x04fb,3408,0.000127620336
0x04fd,3408,0.000127620336
0x04fe,3408,0.000127620336
0x0501,3408,0.000127620336
0x0502,3408,0.000127620336
0x0505,568,0.000021270056
0x0506,24,0.000000898735
0x0509,24,0.000000898735
0x050b,24,0.000000898735
0x050e,24,0.000000898735
0x0511,24,0.000000898735
0x0514,24,0.000000898735
0x0515,24,0.000000898735
0x0518,24,0.000000898735
0x051b,24,0.000000898735
0x051d,24,0.000000898735
0x0520,24,0.000000898735
0x0523,24,0.000000898735
0x0526,24,0.000000898735
0x0529,24,0.000000898735
0x052c,24,0.000000898735
0x052f,24,0.000000898735
0x0532,24,0.000000898735
0x0535,24,0.000000898735
0x0537,24,0.000000898735
0x053a,24,0.000000898735
0x053d,24,0.000000898735
0x0540,24,0.000000898735
0x0543,24,0.000000898735
0x0547,24,0.000000898735
0x054a,24,0.000000898735
0x054d,24,0.000000898735
0x054f,24,0.000000898735
0x0552,24,0.000000898735
0x0555,24,0.000000898735
0x0557,24,0.000000898735
0x055a,24,0.000000898735
0x0580,27,0.000001011077
0x0583,27,0.000001011077
0x0586,27,0.000001011077
0x0588,27,0.000001011077
0x0589,27,0.000001011077
0x058a,27,0.000001011077
0x058b,27,0.000001011077
0x058d,27,0.000001011077
0x0590,27,0.000001011077
0x0592,27,0.000001011077
0x0595,27,0.000001011077
0x05d8,142,0.000005317514
0x05d9,6512,0.000243856699
0x05da,6512,0.000243856699
0x05db,6512,0.000243856699
0x05dc,6512,0.000243856699
0x05df,142,0.000005317514
0x05e0,1476,0.000055272188
0x05e1,1476,0.000055272188
0x05e2,1476,0.000055272188
0x05e3,1476,0.000055272188
0x05e4,1476,0.000055272188
0x05e5,1476,0.000055272188
0x05e8,57,0.000002134495
0x05ec,24,0.000000898735
0x05ef,24,0.000000898735
0x05f2,24,0.000000898735
0x05f4,24,0.000000898735
0x05f5,24,0.000000898735
0x05f6,24,0.000000898735
0x05f7,24,0.000000898735
0x05f8,24,0.000000898735
0x05f9,24,0.000000898735
0x05fa,150,0.000005617092
0x05fd,150,0.000005617092
0x0600,150,0.000005617092
0x0601,150,0.000005617092
0x0602,150,0.000005617092
0x0603,2285,0.000085567039
0x0604,2285,0.000085567039
0x0605,2285,0.000085567039
0x0606,2285,0.000085567039
0x0607,2285,0.000085567039
0x0608,2285,0.000085567039
0x0609,2285,0.000085567039
0x060a,2285,0.000085567039
0x060d,144,0.000005392409
0x0610,24,0.000000898735
0x0613,24,0.000000898735
0x0616,24,0.000000898735
0x0617,24,0.000000898735
0x0619,24,0.000000898735
0x061a,24,0.000000898735
0x061b,24,0.000000898735
0x061c,24,0.000000898735
0x061d,24,0.000000898735
0x061e,24,0.000000898735
0x061f,24,0.000000898735
0x0621,24,0.000000898735
0x0624,24,0.000000898735
0x0627,24,0.000000898735
0x0628,24,0.000000898735
0x0629,24,0.000000898735
0x062a,269,0.000010073319
0x062b,269,0.000010073319
0x062c,269,0.000010073319
0x062d,269,0.000010073319
0x062e,269,0.000010073319
0x062f,269,0.000010073319
0x0630,269,0.000010073319
0x0631,269,0.000010073319
0x0632,269,0.000010073319
0x0633,269,0.000010073319
0x0634,269,0.000010073319
0x0635,269,0.000010073319
0x0638,18,0.000000674051
0x0650,24,0.000000898735
0x0653,24,0.000000898735
0x0656,24,0.000000898735
0x0658,24,0.000000898735
0x0659,24,0.000000898735
0x065a,24,0.000000898735
0x065b,24,0.000000898735
0x065c,24,0.000000898735
0x065d,24,0.000000898735
0x065e,24,0.000000898735
0x0661,24,0.000000898735
0x0664,24,0.000000898735
0x0665,24,0.000000898735
0x0666,24,0.000000898735
0x0667,269,0.000010073319
0x0668,269,0.000010073319
0x0669,269,0.000010073319
0x066a,269,0.000010073319
0x066b,269,0.000010073319
0x066c,269,0.000010073319
0x066f,18,0.000000674051
0x067a,3524,0.000131964221
0x067d,3524,0.000131964221
0x067e,3524,0.000131964221
0x067f,3524,0.000131964221
0x0682,3524,0.000131964221
0x0684,3524,0.000131964221
0x0685,445,0.000016664040
0x0688,445,0.000016664040
0x068b,445,0.000016664040
0x068c,445,0.000016664040
0x068d,445,0.000016664040
0x068e,445,0.000016664040
0x068f,445,0.000016664040
0x0691,445,0.000016664040
0x0692,445,0.000016664040
0x0693,445,0.000016664040
0x0695,445,0.000016664040
0x0696,445,0.000016664040
0x0697,445,0.000016664040
0x0698,445,0.000016664040
0x0699,11585,0.000433826759
0x069a,11585,0.000433826759
0x069b,11585,0.000433826759
0x069c,11585,0.000433826759
0x069d,11585,0.000433826759
0x069e,11585,0.000433826759
0x069f,11585,0.000433826759
0x06a2,1780,0.000066656161
0x06a3,1780,0.000066656161
0x06a4,1780,0.000066656161
0x06a5,1780,0.000066656161
0x06a8,445,0.000016664040
0x06a9,445,0.000016664040
0x06ac,445,0.000016664040
0x06b0,3258,0.000122003244
0x06b3,3258,0.000122003244
0x06b6,3258,0.000122003244
0x06b7,3258,0.000122003244
0x06b8,3258,0.000122003244
0x06b9,20,0.000000748946
0x06ba,20,0.000000748946
0x06bb,20,0.000000748946
0x06bc,20,0.000000748946
0x06bd,20,0.000000748946
0x06be,20,0.000000748946
0x06bf,20,0.000000748946
0x06c0,20,0.000000748946
0x06c1,20,0.000000748946
0x06c2,20,0.000000748946
0x06c3,20,0.000000748946
0x06c4,20,0.000000748946
0x06c5,20,0.000000748946
0x06c8,20,0.000000748946
0x06ca,20,0.000000748946
0x06cb,20,0.000000748946
0x06cc,20,0.000000748946
0x06cd,20,0.000000748946
0x06cf,20,0.000000748946
0x06d0,20,0.000000748946
0x06d1,20,0.000000748946
0x06d2,20,0.000000748946
0x06d3,20,0.000000748946
0x06d4,20,0.000000748946
0x06d5,20,0.000000748946
0x06d7,20,0.000000748946
0x06d8,20,0.000000748946
0x06da,20,0.000000748946
0x06db,20,0.000000748946
0x06de,20,0.000000748946
0x06df,20,0.000000748946
0x06e1,20,0.000000748946
0x06e2,20,0.000000748946
0x06e3,20,0.000000748946
0x06e4,20,0.000000748946
0x06e7,20,0.000000748946
0x06e8,582,0.000021794318
0x06eb,582,0.000021794318
0x06ed,582,0.000021794318
0x06f0,3258,0.000122003244
0x06f3,3258,0.000122003244
0x06f6,3258,0.000122003244
0x0700,7843,0.000293699031
0x0703,7843,0.000293699031
0x0706,23529,0.000881097092
0x0709,23529,0.000881097092
0x070a,23529,0.000881097092
0x070c,23529,0.000881097092
0x070d,23529,0.000881097092
0x070f,23529,0.000881097092
0x0710,23529,0.000881097092
0x0711,23529,0.000881097092
0x0713,23529,0.000881097092
0x0716,7843,0.000293699031
0x0718,78944,0.002956238208
0x071b,78944,0.002956238208
0x0720,78944,0.002956238208
0x0721,78944,0.002956238208
0x0722,78944,0.002956238208
0x0724,78944,0.002956238208
0x0725,34645,0.001297361075
0x0726,34645,0.001297361075
0x0728,34645,0.001297361075
0x0729,34645,0.001297361075
0x072a,34645,0.001297361075
0x072b,34645,0.001297361075
0x072c,34645,0.001297361075
0x072e,34645,0.001297361075
0x0730,34645,0.001297361075
0x0731,34645,0.001297361075
0x0733,34645,0.001297361075
0x0734,34645,0.001297361075
0x0740,78944,0.002956238208
0x0741,78944,0.002956238208
0x0742,78944,0.002956238208
0x0744,78944,0.002956238208
0x0745,36772,0.001377011443
0x0746,36772,0.001377011443
0x0748,36772,0.001377011443
0x0749,36772,0.001377011443
0x074a,36772,0.001377011443
0x074b,36772,0.001377011443
0x074c,36772,0.001377011443
0x074d,36772,0.001377011443
0x074f,36772,0.001377011443
0x0750,36772,0.001377011443
0x0751,36772,0.001377011443
0x0752,36772,0.001377011443
0x0754,36772,0.001377011443
0x0755,36772,0.001377011443
0x0757,36772,0.001377011443
0x0758,36772,0.001377011443
0x0763,5327,0.000199481670
0x0764,5327,0.000199481670
0x0765,5327,0.000199481670
0x0766,5327,0.000199481670
0x0767,5327,0.000199481670
0x0768,5327,0.000199481670
0x0769,5327,0.000199481670
0x076a,5327,0.000199481670
0x076b,5327,0.000199481670
0x076d,7367,0.000275874124
0x076e,7367,0.000275874124
0x076f,7367,0.000275874124
0x0770,7367,0.000275874124
0x0771,7367,0.000275874124
0x0772,7367,0.000275874124
0x0773,7367,0.000275874124
0x0774,7367,0.000275874124
0x0775,7367,0.000275874124
0x0776,7367,0.000275874124
0x0779,17547,0.000657087452
0x077a,17547,0.000657087452
0x077b,17547,0.000657087452
0x077c,17547,0.000657087452
0x077d,17547,0.000657087452
0x077e,17547,0.000657087452
0x077f,17547,0.000657087452
0x0780,17547,0.000657087452
0x0783,17547,0.000657087452
0x0784,17547,0.000657087452
0x0785,17547,0.000657087452
0x0786,17547,0.000657087452
0x0788,17610,0.000659446631
0x0789,17610,0.000659446631
0x078a,17610,0.000659446631
0x078b,17610,0.000659446631
0x078c,17610,0.000659446631
0x078d,17610,0.000659446631
0x078e,17610,0.000659446631
0x078f,17610,0.000659446631
0x0790,17610,0.000659446631
0x0792,17610,0.000659446631
0x0793,17610,0.000659446631
0x0794,17610,0.000659446631
0x0795,17610,0.000659446631
0x0798,17610,0.000659446631
0x0799,17610,0.000659446631
0x079a,17610,0.000659446631
0x079b,17610,0.000659446631
0x079e,1560,0.000058417759
0x079f,1560,0.000058417759
0x07a0,1560,0.000058417759
0x07a1,1560,0.000058417759
0x07a2,1560,0.000058417759
0x07a3,1560,0.000058417759
0x07a4,1560,0.000058417759
0x07a5,1560,0.000058417759
0x07a6,1560,0.000058417759
0x07a7,1560,0.000058417759
0x07a8,1560,0.000058417759
0x07aa,1565,0.000058604996
0x07ab,1565,0.000058604996
0x07ac,1565,0.000058604996
0x07ad,1565,0.000058604996
0x07ae,1565,0.000058604996
0x07af,1565,0.000058604996
0x07b0,1565,0.000058604996
0x07b1,1565,0.000058604996
0x07b2,1565,0.000058604996
0x07b4,1565,0.000058604996
0x07b5,1565,0.000058604996
0x07b6,1565,0.000058604996
0x07b7,1565,0.000058604996
0x07b8,1565,0.000058604996
0x07b9,1565,0.000058604996
0x07ba,1565,0.000058604996
0x07bb,1565,0.000058604996
0x07be,10211,0.000382374194
0x07bf,10211,0.000382374194
0x07c0,10211,0.000382374194
0x07c1,10211,0.000382374194
0x07c2,10211,0.000382374194
0x07c3,10211,0.000382374194
0x07c4,10211,0.000382374194
0x07c5,10211,0.000382374194
0x07c6,10211,0.000382374194
0x07c7,10211,0.000382374194
0x07ca,10211,0.000382374194
0x07cb,10211,0.000382374194
0x07cc,10211,0.000382374194
0x07cd,10211,0.000382374194
0x07ce,10211,0.000382374194
0x07cf,10211,0.000382374194
0x07d2,10230,0.000383085692
0x07d3,10230,0.000383085692
0x07d4,10230,0.000383085692
0x07d5,10230,0.000383085692
0x07d6,10230,0.000383085692
0x07d7,10230,0.000383085692
0x07d8,10230,0.000383085692
0x07d9,10230,0.000383085692
0x07da,10230,0.000383085692
0x07dc,10250,0.000383834638
0x07dd,10250,0.000383834638
0x07de,10250,0.000383834638
0x07df,10250,0.000383834638
0x07e0,10250,0.000383834638
0x07e1,10250,0.000383834638
0x07e2,10250,0.000383834638
0x07e3,10250,0.000383834638
0x07e4,10250,0.000383834638
0x07e7,10250,0.000383834638
0x07e8,10250,0.000383834638
0x07e9,10250,0.000383834638
0x07ea,10250,0.000383834638
0x07eb,10250,0.000383834638
0x07ec,10250,0.000383834638
0x07ed,10250,0.000383834638
0x07ee,10250,0.000383834638
0x07f0,6,0.000000224684
0x07f3,6,0.000000224684
0x07f6,6,0.000000224684
0x07f9,6,0.000000224684
0x0800,9380,0.000351255503
0x0803,9380,0.000351255503
0x0806,9380,0.000351255503
0x0807,9380,0.000351255503
0x0809,9380,0.000351255503
0x080a,9380,0.000351255503
0x080b,9380,0.000351255503
0x080c,9380,0.000351255503
0x080d,9380,0.000351255503
0x080e,9380,0.000351255503
0x080f,9380,0.000351255503
0x0834,1116,0.000041791166
0x0837,1116,0.000041791166
0x083a,1116,0.000041791166
0x083b,1116,0.000041791166
0x083c,1116,0.000041791166
0x083e,1116,0.000041791166
0x083f,126,0.000004718357
0x0842,126,0.000004718357
0x0845,126,0.000004718357
0x0848,268,0.000010035872
0x084b,268,0.000010035872
0x084c,268,0.000010035872
0x084d,268,0.000010035872
0x084e,8,0.000000299578
0x0850,8,0.000000299578
0x0851,8,0.000000299578
0x0853,8,0.000000299578
0x0855,8,0.000000299578
0x085a,126,0.000004718357
0x085d,126,0.000004718357
0x085f,126,0.000004718357
0x0860,102,0.000003819623
0x0862,102,0.000003819623
0x0864,102,0.000003819623
0x0865,78,0.000002920888
0x0867,78,0.000002920888
0x0869,78,0.000002920888
0x086a,54,0.000002022153
0x086c,54,0.000002022153
0x086e,54,0.000002022153
0x086f,30,0.000001123418
0x0871,30,0.000001123418
0x0876,7843,0.000293699031
0x0879,7843,0.000293699031
0x087c,7843,0.000293699031
0x087f,7842,0.000293661583
0x0882,7842,0.000293661583
0x0885,7842,0.000293661583
0x0886,7843,0.000293699031
0x0889,7843,0.000293699031
0x088b,43124,0.001614876577
0x088c,43124,0.001614876577
0x088d,43124,0.001614876577
0x088e,43124,0.001614876577
0x088f,43124,0.001614876577
0x0890,43124,0.001614876577
0x0891,43124,0.001614876577
0x0892,43124,0.001614876577
0x0893,43124,0.001614876577
0x0894,43124,0.001614876577
0x0897,11762,0.000440454928
0x08a0,7843,0.000293699031
0x08a3,7842,0.000293661583
0x08a6,7842,0.000293661583
0x08a9,7842,0.000293661583
0x08ac,7842,0.000293661583
0x08ae,7842,0.000293661583
0x08b0,7842,0.000293661583
0x08c4,7843,0.000293699031
0x08c7,7843,0.000293699031
0x08c8,7843,0.000293699031
0x08ca,7843,0.000293699031
0x08cd,7719,0.000289055568
0x08cf,7719,0.000289055568
0x08d0,7719,0.000289055568
0x08d1,7719,0.000289055568
0x08d4,7335,0.000274675811
0x08d6,7335,0.000274675811
0x08d9,7334,0.000274638364
0x08dc,2,0.000000074895
0x08de,2,0.000000074895
0x08e0,2,0.000000074895
0x08e2,2,0.000000074895
0x08e3,2,0.000000074895
0x08e5,2,0.000000074895
0x08e6,2,0.000000074895
0x08e8,2,0.000000074895
0x08ea,386,0.000014454651
0x08eb,7718,0.000289018120
0x08ed,7718,0.000289018120
0x08f0,7718,0.000289018120
0x08f3,7718,0.000289018120
0x0900,7718,0.000289018120
0x0903,7718,0.000289018120
0x0904,7718,0.000289018120
0x0906,7718,0.000289018120
0x0907,6663,0.000249511238
0x0909,6663,0.000249511238
0x090c,3348,0.000125373499
0x090d,3348,0.000125373499
0x090f,3348,0.000125373499
0x0910,3328,0.000124624554
0x0911,3328,0.000124624554
0x0913,3328,0.000124624554
0x0916,3328,0.000124624554
0x0917,3315,0.000124137739
0x0918,3315,0.000124137739
0x091a,3315,0.000124137739
0x091b,3315,0.000124137739
0x091c,3315,0.000124137739
0x091e,3315,0.000124137739
0x0921,3315,0.000124137739
0x0926,7911,0.000296245446
0x0927,7911,0.000296245446
0x0929,7911,0.000296245446
0x092a,7911,0.000296245446
0x092b,7911,0.000296245446
0x092c,7911,0.000296245446
0x092d,7911,0.000296245446
0x092e,7911,0.000296245446
0x0930,7842,0.000293661583
0x0931,7842,0.000293661583
0x0933,7842,0.000293661583
0x0936,5151,0.000192890948
0x0937,5151,0.000192890948
0x0939,5151,0.000192890948
0x093c,5151,0.000192890948
0x093d,193,0.000007227325
0x093e,193,0.000007227325
0x0940,193,0.000007227325
0x0941,193,0.000007227325
0x0942,193,0.000007227325
0x0944,193,0.000007227325
0x0945,193,0.000007227325
0x0946,193,0.000007227325
0x0947,193,0.000007227325
0x094a,193,0.000007227325
0x094c,193,0.000007227325
0x094d,193,0.000007227325
0x094e,193,0.000007227325
0x0951,193,0.000007227325
0x0953,193,0.000007227325
0x0954,193,0.000007227325
0x0955,193,0.000007227325
0x0956,193,0.000007227325
0x0959,193,0.000007227325
0x095c,193,0.000007227325
0x095e,193,0.000007227325
0x0961,193,0.000007227325
0x0964,2691,0.000100770635
0x0965,2691,0.000100770635
0x0966,2691,0.000100770635
0x0967,2691,0.000100770635
0x0968,2691,0.000100770635
0x096a,2691,0.000100770635
0x096b,2691,0.000100770635
0x096d,2691,0.000100770635
0x096e,136,0.000005092830
0x096f,136,0.000005092830
0x0970,136,0.000005092830
0x0971,136,0.000005092830
0x0972,136,0.000005092830
0x0974,136,0.000005092830
0x0975,136,0.000005092830
0x097a,7842,0.000293661583
0x097d,7842,0.000293661583
0x097e,7842,0.000293661583
0x0980,7842,0.000293661583
0x0981,7842,0.000293661583
0x0984,7842,0.000293661583
0x0985,7842,0.000293661583
0x0986,7842,0.000293661583
0x0987,7842,0.000293661583
0x0988,7842,0.000293661583
0x098b,7842,0.000293661583
0x098c,7842,0.000293661583
0x098d,7842,0.000293661583
0x098e,7842,0.000293661583
0x0991,7842,0.000293661583
0x09a0,7866,0.000294560318
0x09a3,7866,0.000294560318
0x09a6,23598,0.000883680954
0x09a9,23598,0.000883680954
0x09aa,23598,0.000883680954
0x09ab,23598,0.000883680954
0x09ac,23598,0.000883680954
0x09ad,23598,0.000883680954
0x09ae,23598,0.000883680954
0x09af,23598,0.000883680954
0x09b0,23598,0.000883680954
0x09b2,23598,0.000883680954
0x09b5,7866,0.000294560318
0x09ba,65102,0.002437892934
0x09bd,65102,0.002437892934
0x09be,65102,0.002437892934
0x09c0,65102,0.002437892934
0x09c1,65102,0.002437892934
0x09c2,65102,0.002437892934
0x09c3,65102,0.002437892934
0x09c4,65102,0.002437892934
0x09c5,65102,0.002437892934
0x09c6,65102,0.002437892934
0x09c7,65102,0.002437892934
0x09c8,65102,0.002437892934
0x09c9,65102,0.002437892934
0x09ca,65102,0.002437892934
0x09cc,65102,0.002437892934
0x09cd,65102,0.002437892934
0x09ce,65102,0.002437892934
0x09cf,65102,0.002437892934
0x09d0,65102,0.002437892934
0x09d1,65102,0.002437892934
0x0a50,1791,0.000067068082
0x0a53,1791,0.000067068082
0x0a56,35820,0.001341361631
0x0a57,35820,0.001341361631
0x0a5a,35820,0.001341361631
0x0a5b,35820,0.001341361631
0x0a5c,35820,0.001341361631
0x0a5e,35820,0.001341361631
0x0a5f,35820,0.001341361631
0x0a61,35820,0.001341361631
0x0a62,35820,0.001341361631
0x0a63,35820,0.001341361631
0x0a64,35820,0.001341361631
0x0a67,1791,0.000067068082
0x0a6c,1683,0.000063023775
0x0a6f,1683,0.000063023775
0x0a72,33660,0.001260475503
0x0a73,33660,0.001260475503
0x0a74,33660,0.001260475503
0x0a75,33660,0.001260475503
0x0a77,33660,0.001260475503
0x0a7a,21909,0.000820432495
0x0a7b,21909,0.000820432495
0x0a7c,21909,0.000820432495
0x0a7d,21909,0.000820432495
0x0a7e,21909,0.000820432495
0x0a7f,21909,0.000820432495
0x0a80,21909,0.000820432495
0x0a81,21909,0.000820432495
0x0a82,21909,0.000820432495
0x0a83,21909,0.000820432495
0x0a84,21909,0.000820432495
0x0a85,21909,0.000820432495
0x0a86,21909,0.000820432495
0x0a87,21909,0.000820432495
0x0a8a,33660,0.001260475503
0x0a8b,33660,0.001260475503
0x0a8c,33660,0.001260475503
0x0a8d,33660,0.001260475503
0x0a8f,33660,0.001260475503
0x0a90,33660,0.001260475503
0x0a91,33660,0.001260475503
0x0a93,33660,0.001260475503
0x0a94,33660,0.001260475503
0x0a96,33660,0.001260475503
0x0a99,1683,0.000063023775
0x0aa0,124,0.000004643463
0x0aa2,124,0.000004643463
0x0aa3,124,0.000004643463
0x0aa4,124,0.000004643463
0x0aa5,124,0.000004643463
0x0aa8,124,0.000004643463
0x0aa9,124,0.000004643463
0x0aac,124,0.000004643463
0x0aae,124,0.000004643463
0x0aaf,124,0.000004643463
0x0ab0,124,0.000004643463
0x0ab3,124,0.000004643463
0x0ab5,124,0.000004643463
0x0ab8,122,0.000004568568
0x0abb,122,0.000004568568
0x0abd,122,0.000004568568
0x0abe,122,0.000004568568
0x0abf,122,0.000004568568
0x0ac0,122,0.000004568568
0x0ac1,122,0.000004568568
0x0ad6,4064,0.000152185753
0x0ad7,4064,0.000152185753
0x0ad8,16256,0.000608743012
0x0ad9,16256,0.000608743012
0x0ada,16256,0.000608743012
0x0adb,16256,0.000608743012
0x0adc,16256,0.000608743012
0x0add,16256,0.000608743012
0x0ae0,4064,0.000152185753
0x0ae1,4064,0.000152185753
0x0ae2,4064,0.000152185753
0x0ae5,4064,0.000152185753
0x0ae6,4064,0.000152185753
0x0ae9,1748,0.000065457848
0x0aea,960,0.000035949390
0x0aed,960,0.000035949390
0x0aee,960,0.000035949390
0x0af0,960,0.000035949390
0x0af1,960,0.000035949390
0x0af4,960,0.000035949390
0x0af6,960,0.000035949390
0x0af7,960,0.000035949390
0x0af8,960,0.000035949390
0x0af9,960,0.000035949390
0x0afc,960,0.000035949390
0x0afd,960,0.000035949390
0x0afe,960,0.000035949390
0x0b00,960,0.000035949390
0x0b01,960,0.000035949390
0x0b02,960,0.000035949390
0x0b05,950,0.000035574918
0x0b07,950,0.000035574918
0x0b0a,640,0.000023966260
0x0b0d,630,0.000023591787
0x0b15,10,0.000000374473
0x0b16,10,0.000000374473
0x0b18,10,0.000000374473
0x0b19,10,0.000000374473
0x0b1a,10,0.000000374473
0x0b1c,10,0.000000374473
0x0b1d,10,0.000000374473
0x0b1e,10,0.000000374473
0x0b1f,10,0.000000374473
0x0b20,3,0.000000112342
0x0b21,3,0.000000112342
0x0b22,3,0.000000112342
0x0b25,3,0.000000112342
0x0b26,3,0.000000112342
0x0b27,3,0.000000112342
0x0b28,3,0.000000112342
0x0b29,2,0.000000074895
0x0b2b,2,0.000000074895
0x0b2d,2,0.000000074895
0x0b48,2,0.000000074895
0x0b4b,2,0.000000074895
0x0b4e,2,0.000000074895
0x0b50,2,0.000000074895
0x0b51,2,0.000000074895
0x0b53,2,0.000000074895
0x0b54,2,0.000000074895
0x0b55,2,0.000000074895
0x0b57,2,0.000000074895
0x0b59,2,0.000000074895
0x0b5a,2,0.000000074895
0x0b60,783,0.000029321222
0x0b63,783,0.000029321222
0x0b64,783,0.000029321222
0x0b65,783,0.000029321222
0x0b67,783,0.000029321222
0x0b6a,778,0.000029133985
0x0b6d,778,0.000029133985
0x0b6f,778,0.000029133985
0x0b71,778,0.000029133985
0x0b74,3,0.000000112342
0x0b77,3,0.000000112342
0x0b79,3,0.000000112342
0x0b7b,3,0.000000112342
0x0b7c,3,0.000000112342
0x0b7d,3,0.000000112342
0x0b7e,3,0.000000112342
0x0b7f,3,0.000000112342
0x0b80,3,0.000000112342
0x0b82,3,0.000000112342
0x0b83,3,0.000000112342
0x0b84,3,0.000000112342
0x0b85,3,0.000000112342
0x0b87,3,0.000000112342
0x0b88,3,0.000000112342
0x0b89,3,0.000000112342
0x0b8a,3,0.000000112342
0x0b8b,3,0.000000112342
0x0b95,775,0.000029021643
0x0b98,775,0.000029021643
0x0b9b,775,0.000029021643
0x0ba0,310,0.000011608657
0x0ba3,310,0.000011608657
0x0ba4,310,0.000011608657
0x0ba6,310,0.000011608657
0x0ba8,310,0.000011608657
0x0ba9,124,0.000004643463
0x0bab,124,0.000004643463
0x0bac,62,0.000002321731
0x0bad,62,0.000002321731
0x0bae,62,0.000002321731
0x0baf,62,0.000002321731
0x0bb2,62,0.000002321731
0x0bba,630,0.000023591787
0x0bbb,630,0.000023591787
0x0bbc,630,0.000023591787
0x0bbf,320,0.000011983130
0x0bc0,320,0.000011983130
0x0bc1,320,0.000011983130
0x0bc4,160,0.000005991565
0x0bca,3,0.000000112342
0x0bcd,3,0.000000112342
0x0bd0,3,0.000000112342
0x0bd2,3,0.000000112342
0x0bd3,3,0.000000112342
0x0bd4,3,0.000000112342
0x0bd6,3,0.000000112342
0x0bd9,3,0.000000112342
0x0bdc,3,0.000000112342
0x0bdf,3,0.000000112342
0x0be2,3,0.000000112342
0x0be5,3,0.000000112342
0x0be8,3,0.000000112342
0x0beb,3,0.000000112342
0x0bee,3,0.000000112342
0x0bf1,3,0.000000112342
0x0c00,3,0.000000112342
0x0c01,3,0.000000112342
0x0c02,3,0.000000112342
0x0c04,3,0.000000112342
0x0c05,3,0.000000112342
0x0c07,3,0.000000112342
0x0c08,3,0.000000112342
0x0c09,3,0.000000112342
0x0c0a,3,0.000000112342
0x0c0b,3,0.000000112342
0x0c0c,3,0.000000112342
0x0c0f,3,0.000000112342
0x0c10,3,0.000000112342
0x0c11,3,0.000000112342
0x0c13,3,0.000000112342
0x0c16,2,0.000000074895
0x0c18,2,0.000000074895
0x0c40,3919,0.000146755897
0x0c43,3919,0.000146755897
0x0c45,3919,0.000146755897
0x0c48,3919,0.000146755897
0x0c4b,3919,0.000146755897
0x0c4e,3919,0.000146755897
0x0c51,3919,0.000146755897
0x0c56,3919,0.000146755897
0x0c59,19595,0.000733779485
0x0c5a,19595,0.000733779485
0x0c5d,19595,0.000733779485
0x0c5e,19595,0.000733779485
0x0c5f,19595,0.000733779485
0x0c61,19595,0.000733779485
0x0c62,19595,0.000733779485
0x0c64,19595,0.000733779485
0x0c67,3919,0.000146755897
0x0c6b,3919,0.000146755897
0x0c6e,3919,0.000146755897
0x0c71,19595,0.000733779485
0x0c74,19595,0.000733779485
0x0c75,19595,0.000733779485
0x0c76,19595,0.000733779485
0x0c77,19595,0.000733779485
0x0c78,19595,0.000733779485
0x0c79,19595,0.000733779485
0x0c7a,19595,0.000733779485
0x0c7b,19595,0.000733779485
0x0c7d,19595,0.000733779485
0x0c80,3919,0.000146755897
0x0c84,19595,0.000733779485
0x0c85,19595,0.000733779485
0x0c87,19595,0.000733779485
0x0c88,2739,0.000102568105
0x0c89,2739,0.000102568105
0x0c8a,2739,0.000102568105
0x0c8b,2739,0.000102568105
0x0c8c,2739,0.000102568105
0x0c8e,2739,0.000102568105
0x0c8f,2739,0.000102568105
0x0c90,2739,0.000102568105
0x0c91,2739,0.000102568105
0x0c92,2739,0.000102568105
0x0c94,2739,0.000102568105
0x0c95,2739,0.000102568105
0x0c97,2739,0.000102568105
0x0c9a,2666,0.000099834453
0x0c9b,2666,0.000099834453
0x0c9e,2666,0.000099834453
0x0c9f,2666,0.000099834453
0x0ca0,2666,0.000099834453
0x0ca2,2666,0.000099834453
0x0ca3,2666,0.000099834453
0x0ca4,2666,0.000099834453
0x0ca5,2666,0.000099834453
0x0ca6,2666,0.000099834453
0x0ca7,2666,0.000099834453
0x0ca8,2666,0.000099834453
0x0ca9,2666,0.000099834453
0x0caa,2666,0.000099834453
0x0cac,2666,0.000099834453
0x0caf,2660,0.000099609769
0x0cb4,2666,0.000099834453
0x0cb6,2666,0.000099834453
0x0cb7,596,0.000022318580
0x0cb9,596,0.000022318580
0x0cba,303,0.000011346526
0x0cbd,303,0.000011346526
0x0cbe,303,0.000011346526
0x0cbf,83,0.000003108124
0x0cc2,83,0.000003108124
0x0cc3,83,0.000003108124
0x0cc4,10,0.000000374473
0x0cc6,10,0.000000374473
0x0cc9,10,0.000000374473
0x0ccb,10,0.000000374473
0x0cce,10,0.000000374473
0x0cd0,10,0.000000374473
0x0cd3,10,0.000000374473
0x0cd8,3919,0.000146755897
0x0cdb,3919,0.000146755897
0x0cde,19595,0.000733779485
0x0cdf,19595,0.000733779485
0x0ce2,19595,0.000733779485
0x0ce3,19595,0.000733779485
0x0ce4,19595,0.000733779485
0x0ce6,19595,0.000733779485
0x0ce7,19595,0.000733779485
0x0ce9,19595,0.000733779485
0x0cea,19595,0.000733779485
0x0ceb,19595,0.000733779485
0x0cec,19595,0.000733779485
0x0cef,3919,0.000146755897
0x0cf4,7,0.000000262131
0x0cf5,7,0.000000262131
0x0cf6,7,0.000000262131
0x0d1c,1660,0.000062162488
0x0d1f,1660,0.000062162488
0x0d22,26560,0.000994599802
0x0d25,26560,0.000994599802
0x0d26,26560,0.000994599802
0x0d27,26560,0.000994599802
0x0d28,26560,0.000994599802
0x0d2a,26560,0.000994599802
0x0d2b,26560,0.000994599802
0x0d2e,1660,0.000062162488
0x0d30,26560,0.000994599802
0x0d31,26560,0.000994599802
0x0d32,26560,0.000994599802
0x0d33,26560,0.000994599802
0x0d34,26560,0.000994599802
0x0d35,26560,0.000994599802
0x0d37,26560,0.000994599802
0x0d38,21643,0.000810471518
0x0d39,21643,0.000810471518
0x0d3a,21643,0.000810471518
0x0d3b,21643,0.000810471518
0x0d3c,21643,0.000810471518
0x0d3e,21643,0.000810471518
0x0d3f,21643,0.000810471518
0x0d41,21643,0.000810471518
0x0d42,21643,0.000810471518
0x0d43,21643,0.000810471518
0x0d46,20027,0.000749956711
0x0d47,20027,0.000749956711
0x0d48,20027,0.000749956711
0x0d4b,2516,0.000094217361
0x0d4c,2516,0.000094217361
0x0d4d,2516,0.000094217361
0x0d4e,2516,0.000094217361
0x0d4f,4132,0.000154732168
0x0d50,4132,0.000154732168
0x0d51,4132,0.000154732168
0x0d52,4132,0.000154732168
0x0d53,4132,0.000154732168
0x0d54,4132,0.000154732168
0x0d55,4132,0.000154732168
0x0d57,4132,0.000154732168
0x0d58,4132,0.000154732168
0x0d59,1701,0.000063697826
0x0d5a,1701,0.000063697826
0x0d5e,17511,0.000655739350
0x0d5f,17511,0.000655739350
0x0d60,17511,0.000655739350
0x0d61,17511,0.000655739350
0x0d62,17511,0.000655739350
0x0d64,17511,0.000655739350
0x0d65,17511,0.000655739350
0x0d66,2606,0.000097587616
0x0d67,2606,0.000097587616
0x0d70,1659,0.000062125040
0x0d73,1659,0.000062125040
0x0d76,26544,0.000994000646
0x0d79,26544,0.000994000646
0x0d7a,26544,0.000994000646
0x0d7c,26544,0.000994000646
0x0d7d,26544,0.000994000646
0x0d7f,26544,0.000994000646
0x0d80,26544,0.000994000646
0x0d83,1659,0.000062125040
0x0d86,26544,0.000994000646
0x0d87,26544,0.000994000646
0x0d88,26544,0.000994000646
0x0d89,26544,0.000994000646
0x0d8a,26544,0.000994000646
0x0d8b,26544,0.000994000646
0x0d8d,26544,0.000994000646
0x0d8e,21624,0.000809760020
0x0d8f,21624,0.000809760020
0x0d90,21624,0.000809760020
0x0d91,21624,0.000809760020
0x0d94,21624,0.000809760020
0x0d95,21624,0.000809760020
0x0d96,21624,0.000809760020
0x0d97,21624,0.000809760020
0x0d99,21624,0.000809760020
0x0d9a,21624,0.000809760020
0x0d9c,21624,0.000809760020
0x0d9d,21624,0.000809760020
0x0d9f,21624,0.000809760020
0x0da0,21624,0.000809760020
0x0da1,21624,0.000809760020
0x0da2,21624,0.000809760020
0x0da3,21624,0.000809760020
0x0da4,21624,0.000809760020
0x0da5,21624,0.000809760020
0x0da6,21624,0.000809760020
0x0da7,21624,0.000809760020
0x0da8,21624,0.000809760020
0x0dab,20187,0.000755948276
0x0dac,20187,0.000755948276
0x0daf,2642,0.000098935718
0x0db0,2642,0.000098935718
0x0db1,2642,0.000098935718
0x0db3,2642,0.000098935718
0x0db4,2642,0.000098935718
0x0db5,2642,0.000098935718
0x0dbb,1437,0.000053811744
0x0dbc,1437,0.000053811744
0x0dbd,1437,0.000053811744
0x0dbf,1437,0.000053811744
0x0dc0,1437,0.000053811744
0x0dc1,1437,0.000053811744
0x0dc2,1437,0.000053811744
0x0dc3,1437,0.000053811744
0x0dc5,1437,0.000053811744
0x0dc6,1437,0.000053811744
0x0dcc,17545,0.000657012558
0x0dcd,17545,0.000657012558
0x0dce,17545,0.000657012558
0x0dcf,17545,0.000657012558
0x0dd1,17545,0.000657012558
0x0dd2,21624,0.000809760020
0x0dd3,21624,0.000809760020
0x0dd5,21624,0.000809760020
0x0dd6,21624,0.000809760020
0x0dd7,21624,0.000809760020
0x0dd8,21624,0.000809760020
0x0dd9,21624,0.000809760020
0x0dda,21624,0.000809760020
0x0dde,96,0.000003594939
0x0ddf,96,0.000003594939
0x0de0,96,0.000003594939
0x0de3,96,0.000003594939
0x0de4,96,0.000003594939
0x0de5,96,0.000003594939
0x0de6,96,0.000003594939
0x0de9,96,0.000003594939
0x0dea,96,0.000003594939
0x0deb,96,0.000003594939
0x0dec,96,0.000003594939
0x0ded,96,0.000003594939
0x0df0,6465,0.000242096676
0x0df3,6465,0.000242096676
0x0df6,6465,0.000242096676
0x0df9,6465,0.000242096676
0x0dfc,6465,0.000242096676
0x0dff,6465,0.000242096676
0x0e10,12930,0.000484193353
0x0e11,12930,0.000484193353
0x0e13,12930,0.000484193353
0x0e14,2175,0.000081447838
0x0e15,2175,0.000081447838
0x0e16,2175,0.000081447838
0x0e17,2175,0.000081447838
0x0e18,2175,0.000081447838
0x0e1a,2175,0.000081447838
0x0e1b,2175,0.000081447838
0x0e1d,2175,0.000081447838
0x0e1e,45,0.000001685128
0x0e20,45,0.000001685128
0x0e23,37,0.000001385549
0x0e25,37,0.000001385549
0x0e26,37,0.000001385549
0x0e27,37,0.000001385549
0x0e29,37,0.000001385549
0x0e2a,37,0.000001385549
0x0e2c,37,0.000001385549
0x0e2d,37,0.000001385549
0x0e2e,37,0.000001385549
0x0e2f,37,0.000001385549
0x0e31,37,0.000001385549
0x0e32,37,0.000001385549
0x0e33,36,0.000001348102
0x0e34,36,0.000001348102
0x0e35,36,0.000001348102
0x0e36,30,0.000001123418
0x0e39,8,0.000000299578
0x0e3a,8,0.000000299578
0x0e3b,8,0.000000299578
0x0e3c,8,0.000000299578
0x0e3d,8,0.000000299578
0x0e3e,8,0.000000299578
0x0e3f,8,0.000000299578
0x0e41,8,0.000000299578
0x0e42,8,0.000000299578
0x0e45,106,0.000003969412
0x0e46,106,0.000003969412
0x0e47,106,0.000003969412
0x0e48,106,0.000003969412
0x0e4a,106,0.000003969412
0x0e4d,103,0.000003857070
0x0e4e,103,0.000003857070
0x0e4f,103,0.000003857070
0x0e51,103,0.000003857070
0x0e52,103,0.000003857070
0x0e55,5,0.000000187236
0x0e58,74,0.000002771099
0x0e59,74,0.000002771099
0x0e5a,74,0.000002771099
0x0e5b,24,0.000000898735
0x0e5c,24,0.000000898735
0x0e5e,24,0.000000898735
0x0e5f,24,0.000000898735
0x0e60,9,0.000000337026
0x0e61,9,0.000000337026
0x0e62,9,0.000000337026
0x0e63,9,0.000000337026
0x0e65,9,0.000000337026
0x0e66,9,0.000000337026
0x0e67,3,0.000000112342
0x0e69,3,0.000000112342
0x0e6a,3,0.000000112342
0x0e6b,3,0.000000112342
0x0e70,30,0.000001123418
0x0e71,30,0.000001123418
0x0e72,30,0.000001123418
0x0e74,30,0.000001123418
0x0e75,30,0.000001123418
0x0e76,30,0.000001123418
0x0e77,30,0.000001123418
0x0e78,30,0.000001123418
0x0e7a,30,0.000001123418
0x0e7b,30,0.000001123418
0x0e7e,192,0.000007189878
0x0e7f,192,0.000007189878
0x0e80,192,0.000007189878
0x0e81,192,0.000007189878
0x0e83,192,0.000007189878
0x0e86,162,0.000006066460
0x0e87,162,0.000006066460
0x0e88,162,0.000006066460
0x0e8a,162,0.000006066460
0x0e8b,162,0.000006066460
0x0e90,158,0.000005916671
0x0e91,158,0.000005916671
0x0e93,158,0.000005916671
0x0e94,158,0.000005916671
0x0e95,92,0.000003445150
0x0e97,92,0.000003445150
0x0e98,92,0.000003445150
0x0e99,35,0.000001310655
0x0e9a,35,0.000001310655
0x0e9b,35,0.000001310655
0x0e9c,35,0.000001310655
0x0e9e,35,0.000001310655
0x0e9f,35,0.000001310655
0x0ea0,30,0.000001123418
0x0ea3,30,0.000001123418
0x0ea4,33,0.000001235760
0x0ea5,33,0.000001235760
0x0ea6,33,0.000001235760
0x0ea7,33,0.000001235760
0x0ea8,33,0.000001235760
0x0ea9,33,0.000001235760
0x0eaa,33,0.000001235760
0x0eac,33,0.000001235760
0x0ead,38,0.000001422997
0x0eae,38,0.000001422997
0x0eb0,38,0.000001422997
0x0eb1,38,0.000001422997
0x0eb2,38,0.000001422997
0x0eb4,38,0.000001422997
0x0eb5,38,0.000001422997
0x0eb6,38,0.000001422997
0x0eb7,38,0.000001422997
0x0eb8,38,0.000001422997
0x0ebb,38,0.000001422997
0x0ebc,38,0.000001422997
0x0ebe,38,0.000001422997
0x0ec1,38,0.000001422997
0x0ec3,38,0.000001422997
0x0ec4,38,0.000001422997
0x0ec5,38,0.000001422997
0x0ed5,38,0.000001422997
0x0ed6,38,0.000001422997
0x0ed7,38,0.000001422997
0x0ed8,38,0.000001422997
0x0ed9,38,0.000001422997
0x0eda,38,0.000001422997
0x0edb,38,0.000001422997
0x0edc,38,0.000001422997
0x0ede,38,0.000001422997
0x0ee0,38,0.000001422997
0x0ee2,38,0.000001422997
0x0ee3,38,0.000001422997
0x0ee4,38,0.000001422997
0x0ee5,38,0.000001422997
0x0f00,1665,0.000062349724
0x0f03,1665,0.000062349724
0x0f04,1665,0.000062349724
0x0f06,1665,0.000062349724
0x0f09,1665,0.000062349724
0x0f0b,1665,0.000062349724
0x0f0c,1665,0.000062349724
0x0f0d,1665,0.000062349724
0x0f0e,1665,0.000062349724
0x0f11,1665,0.000062349724
0x0f14,1665,0.000062349724
0x0f15,7,0.000000262131
0x0f16,7,0.000000262131
0x0f17,7,0.000000262131
0x0f1a,7,0.000000262131
0x0f1b,7,0.000000262131
0x0f1d,7,0.000000262131
0x0f1e,7,0.000000262131
0x0f1f,7,0.000000262131
0x0f20,7,0.000000262131
0x0f23,53,0.000001984706
0x0f24,53,0.000001984706
0x0f25,53,0.000001984706
0x0f26,53,0.000001984706
0x0f28,53,0.000001984706
0x0f2b,48,0.000001797470
0x0f2c,48,0.000001797470
0x0f2d,48,0.000001797470
0x0f2f,48,0.000001797470
0x0f30,48,0.000001797470
0x0f33,2,0.000000074895
0x0f38,19,0.000000711498
0x0f39,19,0.000000711498
0x0f3a,19,0.000000711498
0x0f3b,19,0.000000711498
0x0f3d,19,0.000000711498
0x0f3e,9,0.000000337026
0x0f40,9,0.000000337026
0x0f41,7,0.000000262131
0x0f42,7,0.000000262131
0x0f43,7,0.000000262131
0x0f44,5,0.000000187236
0x0f45,5,0.000000187236
0x0f46,5,0.000000187236
0x0f49,5,0.000000187236
0x0f4c,5,0.000000187236
0x0f4d,5,0.000000187236
0x0f4e,5,0.000000187236
0x0f56,3326,0.000124549659
0x0f57,3326,0.000124549659
0x0f58,6646,0.000248874634
0x0f59,6646,0.000248874634
0x0f5b,6646,0.000248874634
0x0f5e,7,0.000000262131
0x0f60,7,0.000000262131
0x0f63,6639,0.000248612503
0x0f64,6639,0.000248612503
0x0f65,6639,0.000248612503
0x0f68,3319,0.000124287528
0x0f69,3319,0.000124287528
0x0f6a,3319,0.000124287528
0x0f6d,3319,0.000124287528
0x0f6e,3319,0.000124287528
0x0f71,1658,0.000062087593
0x0fc0,4229,0.000158364554
0x0fc3,4229,0.000158364554
0x0fc6,4229,0.000158364554
0x0fc9,4229,0.000158364554
0x0fcc,4229,0.000158364554
0x0fcf,4229,0.000158364554
0x0fd2,4229,0.000158364554
0x0fd5,4229,0.000158364554
0x0fd8,8458,0.000316729109
0x0fd9,8458,0.000316729109
0x0fda,8458,0.000316729109
0x0fdb,513,0.000019210456
0x0fdc,513,0.000019210456
0x0fdd,513,0.000019210456
0x0fde,513,0.000019210456
0x0fdf,513,0.000019210456
0x0fe0,513,0.000019210456
0x0fe1,513,0.000019210456
0x0fe2,513,0.000019210456
0x0fe3,513,0.000019210456
0x0fe6,513,0.000019210456
0x0fe7,513,0.000019210456
0x0fe9,513,0.000019210456
0x0fea,513,0.000019210456
0x0fec,513,0.000019210456
0x0fed,513,0.000019210456
0x0fef,513,0.000019210456
0x0ff0,513,0.000019210456
0x0ff1,513,0.000019210456
0x0ff4,513,0.000019210456
0x14e0,1416,0.000053025351
0x14e1,1416,0.000053025351
0x14e4,1416,0.000053025351
0x14e6,1416,0.000053025351
0x17e0,12987,0.000486327848
0x17e3,12987,0.000486327848
0x17e5,12987,0.000486327848
0x17e8,12987,0.000486327848
0x1df0,775,0.000029021643
0x1df3,775,0.000029021643
0x1df5,775,0.000029021643
0x1ee0,528,0.000019772165
0x1ee3,528,0.000019772165
0x1ee6,13728,0.000514076283
0x1ee7,13728,0.000514076283
0x1ee8,13728,0.000514076283
0x1ee9,13728,0.000514076283
0x1eec,13728,0.000514076283
0x1eed,13728,0.000514076283
0x1ef0,528,0.000019772165
0x1ef1,528,0.000019772165
0x1ef2,528,0.000019772165
0x1ef4,528,0.000019772165
0x1ef7,528,0.000019772165
0x1ef8,528,0.000019772165
0x1ef9,528,0.000019772165
0x1efa,528,0.000019772165
0x2000,6465,0.000242096676
0x2003,6465,0.000242096676
0x2006,6465,0.000242096676
0x2009,6465,0.000242096676
0x200c,6465,0.000242096676
0x200d,6465,0.000242096676
0x200f,6465,0.000242096676
0x2010,6465,0.000242096676
0x2011,6465,0.000242096676
0x2014,6465,0.000242096676
0x2015,6465,0.000242096676
0x2018,6465,0.000242096676
0x201a,6465,0.000242096676
0x201d,179,0.000006703063
0x201e,179,0.000006703063
0x201f,179,0.000006703063
0x2020,179,0.000006703063
0x2023,45,0.000001685128
0x2025,179,0.000006703063
0x2026,179,0.000006703063
0x2027,179,0.000006703063
0x202a,179,0.000006703063
0x2040,3258,0.000122003244
0x2043,3258,0.000122003244
0x2046,3258,0.000122003244
0x2047,3258,0.000122003244
0x2048,3258,0.000122003244
0x2049,23,0.000000861287
0x204a,23,0.000000861287
0x204b,23,0.000000861287
0x204c,23,0.000000861287
0x204d,23,0.000000861287
0x204e,23,0.000000861287
0x204f,23,0.000000861287
0x2050,23,0.000000861287
0x2051,23,0.000000861287
0x2052,23,0.000000861287
0x2055,23,0.000000861287
0x2057,23,0.000000861287
0x2058,23,0.000000861287
0x2059,23,0.000000861287
0x205a,23,0.000000861287
0x205c,23,0.000000861287
0x205d,23,0.000000861287
0x205e,23,0.000000861287
0x2060,23,0.000000861287
0x2061,23,0.000000861287
0x2062,23,0.000000861287
0x2063,23,0.000000861287
0x2064,23,0.000000861287
0x2065,23,0.000000861287
0x2066,23,0.000000861287
0x2068,23,0.000000861287
0x2069,23,0.000000861287
0x206a,23,0.000000861287
0x206b,23,0.000000861287
0x206c,23,0.000000861287
0x206d,23,0.000000861287
0x2070,160,0.000005991565
0x2071,160,0.000005991565
0x2073,160,0.000005991565
0x2075,160,0.000005991565
0x2076,160,0.000005991565
0x2077,160,0.000005991565
0x2079,160,0.000005991565
0x207a,160,0.000005991565
0x207b,160,0.000005991565
0x207e,160,0.000005991565
0x2081,160,0.000005991565
0x2085,160,0.000005991565
0x2087,160,0.000005991565
0x2088,160,0.000005991565
0x2089,160,0.000005991565
0x208a,160,0.000005991565
0x208c,160,0.000005991565
0x208d,160,0.000005991565
0x208f,160,0.000005991565
0x2090,160,0.000005991565
0x2091,160,0.000005991565
0x2093,160,0.000005991565
0x2094,160,0.000005991565
0x2096,160,0.000005991565
0x2097,160,0.000005991565
0x20b0,160,0.000005991565
0x20b1,5120,0.000191730082
0x20b2,5120,0.000191730082
0x20b3,5120,0.000191730082
0x20b5,40960,0.001533840659
0x20b7,40960,0.001533840659
0x20b8,40960,0.001533840659
0x20bb,1560,0.000058417759
0x20bc,1560,0.000058417759
0x20bd,1560,0.000058417759
0x20be,1560,0.000058417759
0x20bf,40960,0.001533840659
0x20c0,40960,0.001533840659
0x20c1,40960,0.001533840659
0x20c2,40960,0.001533840659
0x20c5,5120,0.000191730082
0x20c6,5120,0.000191730082
0x20c7,5120,0.000191730082
0x20c8,5120,0.000191730082
0x20c9,5120,0.000191730082
0x20cc,2560,0.000095865041
0x20cd,2560,0.000095865041
0x20cf,2560,0.000095865041
0x20d2,2400,0.000089873476
0x20d3,2400,0.000089873476
0x20d4,2400,0.000089873476
0x20d6,2400,0.000089873476
0x20d7,2400,0.000089873476
0x20d8,2400,0.000089873476
0x20da,2400,0.000089873476
0x20db,2400,0.000089873476
0x20dc,2400,0.000089873476
0x20de,2400,0.000089873476
0x20e1,160,0.000005991565
0x20e2,160,0.000005991565
0x20e8,160,0.000005991565
0x20e9,160,0.000005991565
0x20ea,160,0.000005991565
0x20ec,160,0.000005991565
0x20ed,160,0.000005991565
0x20f0,160,0.000005991565
0x20f1,160,0.000005991565
0x20f2,160,0.000005991565
0x20f3,160,0.000005991565
0x20f4,160,0.000005991565
0x20f6,160,0.000005991565
0x20f7,160,0.000005991565
0x20f8,160,0.000005991565
0x20fa,160,0.000005991565
0x20fb,160,0.000005991565
0x20fc,160,0.000005991565
0x20fd,160,0.000005991565
0x20fe,160,0.000005991565
0x20ff,160,0.000005991565
0x2101,160,0.000005991565
0x2103,160,0.000005991565
0x2104,160,0.000005991565
0x2106,160,0.000005991565
0x2107,160,0.000005991565
0x2108,160,0.000005991565
0x2109,160,0.000005991565
0x210a,160,0.000005991565
0x210d,160,0.000005991565
0x211c,160,0.000005991565
0x211f,160,0.000005991565
0x2120,160,0.000005991565
0x2122,160,0.000005991565
0x2123,112,0.000004194096
0x2125,112,0.000004194096
0x2130,6286,0.000235393613
0x2131,6286,0.000235393613
0x2132,6286,0.000235393613
0x2135,4711,0.000176414144
0x2137,4711,0.000176414144
0x213a,3140,0.000117584465
0x213c,3140,0.000117584465
0x213f,1570,0.000058792232
0x2146,179,0.000006703063
0x2147,179,0.000006703063
0x2148,179,0.000006703063
0x214b,89,0.000003332808
0x2150,1575,0.000058979469
0x2153,1575,0.000058979469
0x2156,1575,0.000058979469
0x2160,1571,0.000058829680
0x2163,1571,0.000058829680
0x2166,1571,0.000058829680
0x2169,1571,0.000058829680
0x2170,1570,0.000058792232
0x2173,1570,0.000058792232
0x2180,1570,0.000058792232
0x2183,1570,0.000058792232
0x2186,1570,0.000058792232
0x2189,1570,0.000058792232
0x2190,90,0.000003370255
0x2193,90,0.000003370255
0x2196,90,0.000003370255
0x2199,90,0.000003370255
0x219c,90,0.000003370255
0x21a5,89,0.000003332808
0x21a8,89,0.000003332808
0x21ab,89,0.000003332808
0x21ae,89,0.000003332808
0x21b1,89,0.000003332808
0x21dc,528,0.000019772165
0x21dd,528,0.000019772165
0x21de,528,0.000019772165
0x21df,528,0.000019772165
0x21e2,528,0.000019772165
0x21e4,528,0.000019772165
0x21e5,528,0.000019772165
0x21e6,528,0.000019772165
0x21e8,528,0.000019772165
0x21e9,528,0.000019772165
0x21eb,528,0.000019772165
0x21ec,528,0.000019772165
0x21ed,528,0.000019772165
0x21ef,528,0.000019772165
0x21f0,528,0.000019772165
0x21f1,528,0.000019772165
0x21f2,528,0.000019772165
0x21f4,528,0.000019772165
0x21f5,528,0.000019772165
0x21f7,528,0.000019772165
0x21f8,528,0.000019772165
0x21f9,528,0.000019772165
0x21fc,528,0.000019772165
0x2230,275,0.000010298002
0x2233,275,0.000010298002
0x2234,275,0.000010298002
0x2235,275,0.000010298002
0x2236,275,0.000010298002
0x2237,275,0.000010298002
0x2239,275,0.000010298002
0x223b,275,0.000010298002
0x223e,265,0.000009923530
0x2240,265,0.000009923530
0x2243,135,0.000005055383
0x2245,135,0.000005055383
0x2247,135,0.000005055383
0x2249,135,0.000005055383
0x224c,5,0.000000187236
0x224f,5,0.000000187236
0x2250,5,0.000000187236
0x2252,5,0.000000187236
0x2254,5,0.000000187236
0x2260,260,0.000009736293
0x2261,260,0.000009736293
0x2262,260,0.000009736293
0x2263,260,0.000009736293
0x2264,260,0.000009736293
0x2265,260,0.000009736293
0x2267,260,0.000009736293
0x2268,260,0.000009736293
0x2269,260,0.000009736293
0x226b,260,0.000009736293
0x226d,260,0.000009736293
0x226e,260,0.000009736293
0x226f,260,0.000009736293
0x2271,260,0.000009736293
0x2272,260,0.000009736293
0x2273,260,0.000009736293
0x2274,260,0.000009736293
0x2275,260,0.000009736293
0x2276,260,0.000009736293
0x2277,260,0.000009736293
0x2278,260,0.000009736293
0x2279,260,0.000009736293
0x227a,3640,0.000136308105
0x227b,32760,0.001226772949
0x227c,32760,0.001226772949
0x227d,32760,0.001226772949
0x227e,32760,0.001226772949
0x227f,32760,0.001226772949
0x2280,32760,0.001226772949
0x2283,3640,0.000136308105
0x2284,3640,0.000136308105
0x2285,3640,0.000136308105
0x2286,3640,0.000136308105
0x2288,3640,0.000136308105
0x2289,3640,0.000136308105
0x228a,3640,0.000136308105
0x228c,3640,0.000136308105
0x228d,3640,0.000136308105
0x228e,3640,0.000136308105
0x2291,260,0.000009736293
0x2292,10,0.000000374473
0x2295,10,0.000000374473
0x2296,10,0.000000374473
0x2298,10,0.000000374473
0x229b,4,0.000000149789
0x229e,4,0.000000149789
0x22a1,4,0.000000149789
0x22a3,1664,0.000062312277
0x22a4,1664,0.000062312277
0x22a5,1664,0.000062312277
0x22a6,1664,0.000062312277
0x22a7,1664,0.000062312277
0x22a8,1664,0.000062312277
0x22a9,1664,0.000062312277
0x22aa,1664,0.000062312277
0x22ab,1664,0.000062312277
0x22ac,1664,0.000062312277
0x22ad,1664,0.000062312277
0x22b0,4,0.000000149789
0x22b4,144,0.000005392409
0x22b7,144,0.000005392409
0x22ba,144,0.000005392409
0x22bb,144,0.000005392409
0x22bc,144,0.000005392409
0x22be,144,0.000005392409
0x22c1,2,0.000000074895
0x22c3,2,0.000000074895
0x22c5,2,0.000000074895
0x22ca,98,0.000003669834
0x22cd,98,0.000003669834
0x22ce,98,0.000003669834
0x22d0,98,0.000003669834
0x22d3,2,0.000000074895
0x22d5,2,0.000000074895
0x22d7,2,0.000000074895
0x22d9,2,0.000000074895
0x22db,2,0.000000074895
0x22dd,2,0.000000074895
0x22e0,4,0.000000149789
0x22e2,10,0.000000374473
0x22e5,10,0.000000374473
0x22e8,10,0.000000374473
0x22f0,6,0.000000224684
0x22f3,6,0.000000224684
0x22f4,6,0.000000224684
0x22fa,488,0.000018274273
0x22fd,488,0.000018274273
0x22ff,488,0.000018274273
0x2302,488,0.000018274273
0x2303,8784,0.000328936923
0x2304,8784,0.000328936923
0x2306,8784,0.000328936923
0x2307,8784,0.000328936923
0x2308,8784,0.000328936923
0x2309,8784,0.000328936923
0x230a,8784,0.000328936923
0x230b,8784,0.000328936923
0x230d,8784,0.000328936923
0x230e,8784,0.000328936923
0x230f,8784,0.000328936923
0x2310,8784,0.000328936923
0x2312,8784,0.000328936923
0x2313,8784,0.000328936923
0x2314,8784,0.000328936923
0x2316,8784,0.000328936923
0x2317,8784,0.000328936923
0x231a,976,0.000036548547
0x231b,8784,0.000328936923
0x231c,8784,0.000328936923
0x231f,488,0.000018274273
0x2322,1464,0.000054822820
0x2325,1464,0.000054822820
0x2326,1464,0.000054822820
0x2327,1464,0.000054822820
0x2329,1464,0.000054822820
0x232a,1464,0.000054822820
0x232b,1464,0.000054822820
0x232c,1464,0.000054822820
0x232e,1464,0.000054822820
0x232f,1464,0.000054822820
0x2331,1464,0.000054822820
0x2334,1464,0.000054822820
0x2337,1464,0.000054822820
0x2351,3904,0.000146194188
0x2352,3904,0.000146194188
0x2354,3904,0.000146194188
0x2355,826,0.000030931455
0x2356,826,0.000030931455
0x2357,826,0.000030931455
0x2358,826,0.000030931455
0x235a,826,0.000030931455
0x235b,826,0.000030931455
0x235e,826,0.000030931455
0x235f,826,0.000030931455
0x2360,826,0.000030931455
0x2361,826,0.000030931455
0x2362,826,0.000030931455
0x2364,826,0.000030931455
0x2365,826,0.000030931455
0x2366,826,0.000030931455
0x2368,826,0.000030931455
0x2369,826,0.000030931455
0x236a,826,0.000030931455
0x236b,826,0.000030931455
0x236c,826,0.000030931455
0x236e,826,0.000030931455
0x2370,826,0.000030931455
0x2373,736,0.000027561199
0x2375,736,0.000027561199
0x2377,736,0.000027561199
0x237a,736,0.000027561199
0x237b,90,0.000003370255
0x237c,90,0.000003370255
0x237e,90,0.000003370255
0x237f,90,0.000003370255
0x2381,90,0.000003370255
0x2384,90,0.000003370255
0x2385,90,0.000003370255
0x2386,90,0.000003370255
0x2387,90,0.000003370255
0x2389,90,0.000003370255
0x238a,26,0.000000973629
0x238c,26,0.000000973629
0x238d,26,0.000000973629
0x238e,26,0.000000973629
0x2390,26,0.000000973629
0x2391,22,0.000000823840
0x2393,22,0.000000823840
0x23d6,1298,0.000048606572
0x23d9,1298,0.000048606572
0x23da,1298,0.000048606572
0x23dc,1298,0.000048606572
0x23de,1298,0.000048606572
0x2476,22,0.000000823840
0x2477,22,0.000000823840
0x2478,22,0.000000823840
0x247b,22,0.000000823840
0x247d,22,0.000000823840
0x247e,22,0.000000823840
0x2481,22,0.000000823840
0x2483,22,0.000000823840
0x2484,22,0.000000823840
0x2485,22,0.000000823840
0x2487,22,0.000000823840
0x2488,22,0.000000823840
0x2489,22,0.000000823840
0x248a,22,0.000000823840
0x248c,22,0.000000823840
0x248d,22,0.000000823840
0x248f,22,0.000000823840
0x2490,22,0.000000823840
0x2493,22,0.000000823840
0x2495,22,0.000000823840
0x2496,22,0.000000823840
0x2497,22,0.000000823840
0x2498,22,0.000000823840
0x2499,22,0.000000823840
0x249a,22,0.000000823840
0x249b,16,0.000000599157
0x249c,16,0.000000599157
0x249d,16,0.000000599157
0x249e,11,0.000000411920
0x249f,11,0.000000411920
0x24a0,6465,0.000242096676
0x24a3,6465,0.000242096676
0x24a5,6465,0.000242096676
0x24a7,6465,0.000242096676
0x24a8,3904,0.000146194188
0x24ab,3904,0.000146194188
0x24ae,3904,0.000146194188
0x24b1,3904,0.000146194188
0x24b4,3904,0.000146194188
0x24b6,3904,0.000146194188
0x24b8,3904,0.000146194188
0x24b9,976,0.000036548547
0x24c4,3230,0.000120954720
0x24c7,3230,0.000120954720
0x24c9,3230,0.000120954720
0x24cb,3230,0.000120954720
0x24ce,1952,0.000073097094
0x24d1,1952,0.000073097094
0x24d4,1952,0.000073097094
0x24d5,1952,0.000073097094
0x24d6,1952,0.000073097094
0x24d8,1952,0.000073097094
0x24db,1464,0.000054822820
0x24e0,1952,0.000073097094
0x24e3,1952,0.000073097094
0x24e5,1952,0.000073097094
0x24e6,122,0.000004568568
0x24e9,122,0.000004568568
0x24eb,122,0.000004568568
0x24ec,122,0.000004568568
0x24f2,976,0.000036548547
0x24f5,976,0.000036548547
0x24f7,976,0.000036548547
0x24f8,976,0.000036548547
0x24f9,976,0.000036548547
0x24fc,976,0.000036548547
0x24fe,976,0.000036548547
0x24ff,976,0.000036548547
0x2500,288,0.000010784817
0x2503,288,0.000010784817
0x2504,288,0.000010784817
0x2505,268,0.000010035872
0x2508,268,0.000010035872
0x2509,268,0.000010035872
0x250a,66,0.000002471521
0x250b,66,0.000002471521
0x250d,66,0.000002471521
0x250e,66,0.000002471521
0x2511,66,0.000002471521
0x2512,66,0.000002471521
0x2513,66,0.000002471521
0x2515,66,0.000002471521
0x2517,66,0.000002471521
0x2518,66,0.000002471521
0x2519,66,0.000002471521
0x251a,66,0.000002471521
0x2560,1660,0.000062162488
0x2563,1660,0.000062162488
0x2564,1660,0.000062162488
0x2566,1660,0.000062162488
0x2567,1660,0.000062162488
0x2568,1660,0.000062162488
0x2569,1660,0.000062162488
0x256a,1660,0.000062162488
0x256b,1660,0.000062162488
0x256d,1660,0.000062162488
0x256e,1660,0.000062162488
0x2570,1660,0.000062162488
0x2572,1660,0.000062162488
0x2575,1660,0.000062162488
0x2576,1660,0.000062162488
0x2577,1660,0.000062162488
0x2578,1660,0.000062162488
0x2579,1660,0.000062162488
0x257b,1660,0.000062162488
0x257c,1660,0.000062162488
0x257f,1660,0.000062162488
0x2581,1660,0.000062162488
0x2582,1660,0.000062162488
0x2585,1660,0.000062162488
0x2587,1660,0.000062162488
0x2588,13179,0.000493517726
0x2589,13179,0.000493517726
0x258c,13139,0.000492019834
0x258d,13139,0.000492019834
0x258e,13139,0.000492019834
0x2590,13139,0.000492019834
0x2591,13139,0.000492019834
0x2592,13139,0.000492019834
0x2595,1620,0.000060664596
0x2596,13179,0.000493517726
0x2597,13179,0.000493517726
0x2599,13179,0.000493517726
0x259a,10746,0.000402408489
0x259b,10746,0.000402408489
0x259c,10746,0.000402408489
0x259e,10746,0.000402408489
0x259f,10746,0.000402408489
0x25a1,10746,0.000402408489
0x25a2,10147,0.000379977568
0x25a3,10147,0.000379977568
0x25a4,10147,0.000379977568
0x25a5,10147,0.000379977568
0x25a6,7020,0.000262879918
0x25a7,7020,0.000262879918
0x25a8,1626,0.000060889280
0x25a9,1626,0.000060889280
0x25aa,1626,0.000060889280
0x25ab,1626,0.000060889280
0x25ac,1592,0.000059616072
0x25ae,1592,0.000059616072
0x25af,40,0.000001497891
0x25b0,40,0.000001497891
0x25b1,40,0.000001497891
0x25b2,40,0.000001497891
0x25b3,40,0.000001497891
0x25b4,40,0.000001497891
0x25b5,40,0.000001497891
0x25b6,40,0.000001497891
0x25b7,156,0.000005841776
0x25ba,156,0.000005841776
0x25bc,156,0.000005841776
0x25be,156,0.000005841776
0x25ca,156,0.000005841776
0x25cd,354,0.000013256338
0x25ce,354,0.000013256338
0x25d0,354,0.000013256338
0x25d3,258,0.000009661399
0x25d4,258,0.000009661399
0x25d6,258,0.000009661399
0x25d7,258,0.000009661399
0x25d8,258,0.000009661399
0x25db,60,0.000002246837
0x25dc,60,0.000002246837
0x25dd,60,0.000002246837
0x25e0,96,0.000003594939
0x25e1,96,0.000003594939
0x25e3,96,0.000003594939
0x25e4,96,0.000003594939
0x25e5,96,0.000003594939
0x25e7,96,0.000003594939
0x25e8,96,0.000003594939
0x25ea,96,0.000003594939
0x25eb,96,0.000003594939
0x25ec,96,0.000003594939
0x25ed,96,0.000003594939
0x25ef,96,0.000003594939
0x25f0,96,0.000003594939
0x25f1,96,0.000003594939
0x25f3,96,0.000003594939
0x25f4,96,0.000003594939
0x25f6,96,0.000003594939
0x25f7,96,0.000003594939
0x25f8,96,0.000003594939
0x25f9,96,0.000003594939
0x25fa,96,0.000003594939
0x25fb,96,0.000003594939
0x25fc,96,0.000003594939
0x25fd,96,0.000003594939
0x2600,1377,0.000051564907
0x2601,1377,0.000051564907
0x2602,1377,0.000051564907
0x2603,1377,0.000051564907
0x2604,1377,0.000051564907
0x2605,1377,0.000051564907
0x2608,1377,0.000051564907
0x2609,1377,0.000051564907
0x260a,1377,0.000051564907
0x260b,1377,0.000051564907
0x260c,1377,0.000051564907
0x260e,1377,0.000051564907
0x2611,1377,0.000051564907
0x2612,1377,0.000051564907
0x2613,1377,0.000051564907
0x2616,1377,0.000051564907
0x2617,1377,0.000051564907
0x261a,803,0.000030070167
0x261d,803,0.000030070167
0x261e,803,0.000030070167
0x2620,803,0.000030070167
0x2621,803,0.000030070167
0x2624,803,0.000030070167
0x2625,803,0.000030070167
0x2626,803,0.000030070167
0x2628,803,0.000030070167
0x2629,803,0.000030070167
0x262b,803,0.000030070167
0x262c,803,0.000030070167
0x262e,803,0.000030070167
0x262f,803,0.000030070167
0x2630,803,0.000030070167
0x2631,803,0.000030070167
0x2633,803,0.000030070167
0x2634,803,0.000030070167
0x2635,803,0.000030070167
0x2638,803,0.000030070167
0x2639,1377,0.000051564907
0x263c,1377,0.000051564907
0x263f,1377,0.000051564907
0x2642,1377,0.000051564907
0x2643,1377,0.000051564907
0x2646,689,0.000025801177
0x2649,689,0.000025801177
0x2650,574,0.000021494740
0x2651,574,0.000021494740
0x2654,574,0.000021494740
0x2655,574,0.000021494740
0x2656,574,0.000021494740
0x2658,574,0.000021494740
0x2659,574,0.000021494740
0x265b,574,0.000021494740
0x265c,574,0.000021494740
0x265e,574,0.000021494740
0x2661,574,0.000021494740
0x2662,574,0.000021494740
0x2668,689,0.000025801177
0x266b,689,0.000025801177
0x266c,689,0.000025801177
0x266d,689,0.000025801177
0x2670,689,0.000025801177
0x2672,689,0.000025801177
0x2676,689,0.000025801177
0x2678,689,0.000025801177
0x267c,689,0.000025801177
0x267f,689,0.000025801177
0x2681,689,0.000025801177
0x2684,689,0.000025801177
0x2685,689,0.000025801177
0x2688,689,0.000025801177
0x268a,689,0.000025801177
0x268b,689,0.000025801177
0x268d,689,0.000025801177
0x268e,689,0.000025801177
0x268f,689,0.000025801177
0x2692,686,0.000025688835
0x2693,689,0.000025801177
0x2694,689,0.000025801177
0x2697,689,0.000025801177
0x2699,689,0.000025801177
0x269d,689,0.000025801177
0x269f,689,0.000025801177
0x26a3,689,0.000025801177
0x26a4,689,0.000025801177
0x26a7,689,0.000025801177
0x26aa,689,0.000025801177
0x26ad,689,0.000025801177
0x26ae,689,0.000025801177
0x26af,689,0.000025801177
0x26b0,689,0.000025801177
0x26b1,152,0.000005691987
0x26b2,152,0.000005691987
0x26b4,152,0.000005691987
0x26b5,152,0.000005691987
0x26b7,152,0.000005691987
0x26b8,152,0.000005691987
0x26ba,152,0.000005691987
0x26bb,22,0.000000823840
0x26bc,22,0.000000823840
0x26bd,22,0.000000823840
0x26be,22,0.000000823840
0x26bf,22,0.000000823840
0x26c2,22,0.000000823840
0x26c4,22,0.000000823840
0x26c6,22,0.000000823840
0x26c7,22,0.000000823840
0x26c8,22,0.000000823840
0x26ca,22,0.000000823840
0x26cb,22,0.000000823840
0x26cc,22,0.000000823840
0x26d0,688,0.000025763730
0x26d3,688,0.000025763730
0x26d6,688,0.000025763730
0x26d9,5504,0.000206109839
0x26da,5504,0.000206109839
0x26db,5504,0.000206109839
0x26de,4442,0.000166340825
0x26df,4442,0.000166340825
0x26e0,4442,0.000166340825
0x26e3,688,0.000025763730
0x26e4,4442,0.000166340825
0x26e5,5504,0.000206109839
0x26e6,5504,0.000206109839
0x26e7,5504,0.000206109839
0x26e8,5504,0.000206109839
0x26e9,5504,0.000206109839
0x26eb,5504,0.000206109839
0x26ee,688,0.000025763730
0x26f1,688,0.000025763730
0x26f2,688,0.000025763730
0x26f3,688,0.000025763730
0x26f5,688,0.000025763730
0x26f8,688,0.000025763730
0x26f9,688,0.000025763730
0x26fa,688,0.000025763730
0x26fd,688,0.000025763730
0x2700,2360,0.000088375585
0x2703,2360,0.000088375585
0x2704,2360,0.000088375585
0x2705,2360,0.000088375585
0x2706,2359,0.000088338138
0x2707,2359,0.000088338138
0x2708,2359,0.000088338138
0x270a,2359,0.000088338138
0x270b,2359,0.000088338138
0x270c,2359,0.000088338138
0x270e,2359,0.000088338138
0x270f,2359,0.000088338138
0x2711,2359,0.000088338138
0x2714,2359,0.000088338138
0x2717,9436,0.000353352550
0x271a,9436,0.000353352550
0x271b,9436,0.000353352550
0x271c,9436,0.000353352550
0x271d,9436,0.000353352550
0x271e,9436,0.000353352550
0x2720,9436,0.000353352550
0x2723,2359,0.000088338138
0x2725,2359,0.000088338138
0x2728,2359,0.000088338138
0x272a,2359,0.000088338138
0x2739,2359,0.000088338138
0x273c,2359,0.000088338138
0x273d,2359,0.000088338138
0x2740,2359,0.000088338138
0x2743,2359,0.000088338138
0x2748,9436,0.000353352550
0x2749,9436,0.000353352550
0x274a,9436,0.000353352550
0x274c,9436,0.000353352550
0x274d,30,0.000001123418
0x274e,30,0.000001123418
0x274f,30,0.000001123418
0x2750,15,0.000000561709
0x2751,15,0.000000561709
0x2752,15,0.000000561709
0x2753,15,0.000000561709
0x2754,15,0.000000561709
0x2755,15,0.000000561709
0x2757,15,0.000000561709
0x2758,15,0.000000561709
0x2759,15,0.000000561709
0x275b,15,0.000000561709
0x275c,15,0.000000561709
0x275f,15,0.000000561709
0x2760,15,0.000000561709
0x2761,15,0.000000561709
0x2764,15,0.000000561709
0x2768,15,0.000000561709
0x2769,15,0.000000561709
0x276c,15,0.000000561709
0x276e,15,0.000000561709
0x2771,15,0.000000561709
0x2772,15,0.000000561709
0x2778,15,0.000000561709
0x277b,15,0.000000561709
0x277c,15,0.000000561709
0x277f,15,0.000000561709
0x2780,15,0.000000561709
0x2781,15,0.000000561709
0x2782,15,0.000000561709
0x2783,15,0.000000561709
0x2784,15,0.000000561709
0x2785,15,0.000000561709
0x2786,15,0.000000561709
0x2789,15,0.000000561709
0x27a8,2359,0.000088338138
0x27ab,2359,0.000088338138
0x27ac,2359,0.000088338138
0x27af,2359,0.000088338138
0x27b0,2359,0.000088338138
0x27b1,2359,0.000088338138
0x27b4,2359,0.000088338138
0x27b6,2359,0.000088338138
0x27b7,2359,0.000088338138
0x27b8,2359,0.000088338138
0x27ba,2359,0.000088338138
0x27bd,1975,0.000073958381
0x27c0,1975,0.000073958381
0x27c1,1975,0.000073958381
0x27c2,1975,0.000073958381
0x27c5,1927,0.000072160912
0x27c7,1927,0.000072160912
0x27c8,1927,0.000072160912
0x27c9,1927,0.000072160912
0x27ca,975,0.000036511100
0x27cc,975,0.000036511100
0x27cf,936,0.000035050656
0x27d0,936,0.000035050656
0x27d2,936,0.000035050656
0x27d3,936,0.000035050656
0x27d5,936,0.000035050656
0x27d6,936,0.000035050656
0x27d8,39,0.000001460444
0x27da,39,0.000001460444
0x27dc,39,0.000001460444
0x27dd,39,0.000001460444
0x27df,39,0.000001460444
0x27e0,39,0.000001460444
0x27e2,48,0.000001797470
0x27e4,48,0.000001797470
0x27e9,48,0.000001797470
0x27ea,48,0.000001797470
0x27ec,48,0.000001797470
0x27ee,48,0.000001797470
0x3000,1665,0.000062349724
0x3003,1665,0.000062349724
0x3004,1665,0.000062349724
0x3005,1665,0.000062349724
0x3007,1665,0.000062349724
0x300a,1665,0.000062349724
0x300b,1665,0.000062349724
0x300c,1665,0.000062349724
0x300d,1665,0.000062349724
0x300e,1665,0.000062349724
0x300f,1665,0.000062349724
0x3010,1665,0.000062349724
0x3011,1665,0.000062349724
0x3012,206,0.000007714140
0x3028,212,0.000007938824
0x302b,212,0.000007938824
0x302c,212,0.000007938824
0x302e,212,0.000007938824
0x302f,212,0.000007938824
0x3031,212,0.000007938824
0x3032,212,0.000007938824
0x3034,212,0.000007938824
0x3035,190,0.000007114984
0x3037,190,0.000007114984
0x3038,190,0.000007114984
0x3039,190,0.000007114984
0x303c,180,0.000006740511
0x303d,180,0.000006740511
0x303e,2,0.000000074895
0x303f,2,0.000000074895
0x3040,2,0.000000074895
0x3042,2,0.000000074895
0x3044,2,0.000000074895
0x3046,2,0.000000074895
0x3048,2,0.000000074895
0x3049,2,0.000000074895
0x304b,2,0.000000074895
0x304d,2,0.000000074895
0x304f,2,0.000000074895
0x3050,2,0.000000074895
0x3052,2,0.000000074895
0x3055,2,0.000000074895
0x3056,2,0.000000074895
0x3057,2,0.000000074895
0x3059,2,0.000000074895
0x305c,10,0.000000374473
0x305f,10,0.000000374473
0x3062,10,0.000000374473
0x3063,10,0.000000374473
0x3064,10,0.000000374473
0x3065,10,0.000000374473
0x3066,10,0.000000374473
0x3067,10,0.000000374473
0x3068,10,0.000000374473
0x306a,10,0.000000374473
0x306c,10,0.000000374473
0x306d,10,0.000000374473
0x3074,47,0.000001760022
0x3077,47,0.000001760022
0x3078,47,0.000001760022
0x3079,47,0.000001760022
0x307a,47,0.000001760022
0x307c,47,0.000001760022
0x307d,47,0.000001760022
0x307f,47,0.000001760022
0x3080,47,0.000001760022
0x3081,47,0.000001760022
0x3082,47,0.000001760022
0x3084,47,0.000001760022
0x3089,47,0.000001760022
0x308a,47,0.000001760022
0x308b,47,0.000001760022
0x308c,47,0.000001760022
0x308d,47,0.000001760022
0x308f,47,0.000001760022
0x3090,47,0.000001760022
0x3092,47,0.000001760022
0x3093,47,0.000001760022
0x3094,47,0.000001760022
0x3095,47,0.000001760022
0x3098,47,0.000001760022
0x309a,47,0.000001760022
0x309d,4,0.000000149789
0x309f,47,0.000001760022
0x30a0,47,0.000001760022
0x30a1,47,0.000001760022
0x30a4,47,0.000001760022
0x30a6,47,0.000001760022
0x30a7,47,0.000001760022
0x30a8,47,0.000001760022
0x30aa,2517,0.000094254808
0x30ad,2517,0.000094254808
0x30ae,2517,0.000094254808
0x30af,2517,0.000094254808
0x30b0,2517,0.000094254808
0x30b1,2517,0.000094254808
0x30b3,2517,0.000094254808
0x30b5,2517,0.000094254808
0x30b6,2517,0.000094254808
0x30b8,2517,0.000094254808
0x30ba,208,0.000007789035
0x30bd,208,0.000007789035
0x30c0,208,0.000007789035
0x30c3,208,0.000007789035
0x30c6,208,0.000007789035
0x30c8,208,0.000007789035
0x30c9,208,0.000007789035
0x30ca,208,0.000007789035
0x30cb,154,0.000005766881
0x30cd,154,0.000005766881
0x30ce,154,0.000005766881
0x30cf,154,0.000005766881
0x30d2,117,0.000004381332
0x30d3,117,0.000004381332
0x30d4,29,0.000001085971
0x30d6,29,0.000001085971
0x30d8,29,0.000001085971
0x30da,624,0.000023367104
0x30db,624,0.000023367104
0x30dc,624,0.000023367104
0x30dd,624,0.000023367104
0x30de,320,0.000011983130
0x30df,320,0.000011983130
0x30e4,37,0.000001385549
0x30e7,37,0.000001385549
0x30ea,37,0.000001385549
0x30eb,37,0.000001385549
0x30ed,37,0.000001385549
0x30f2,37,0.000001385549
0x30f3,37,0.000001385549
0x30f5,37,0.000001385549
0x30f6,37,0.000001385549
0x30f7,37,0.000001385549
0x30f8,37,0.000001385549
0x30fa,37,0.000001385549
0x30fc,37,0.000001385549
0x30ff,37,0.000001385549
0x3102,37,0.000001385549
0x3105,37,0.000001385549
0x3106,37,0.000001385549
0x3107,37,0.000001385549
0x3108,37,0.000001385549
0x310a,37,0.000001385549
0x310c,37,0.000001385549
0x310e,37,0.000001385549
0x310f,37,0.000001385549
0x3112,111,0.000004156648
0x3113,111,0.000004156648
0x3114,111,0.000004156648
0x3115,111,0.000004156648
0x3116,70,0.000002621310
0x3117,70,0.000002621310
0x3118,70,0.000002621310
0x311a,70,0.000002621310
0x311b,70,0.000002621310
0x311c,70,0.000002621310
0x311d,70,0.000002621310
0x311e,37,0.000001385549
0x311f,37,0.000001385549
0x3121,37,0.000001385549
0x3124,208,0.000007789035
0x3127,208,0.000007789035
0x3128,208,0.000007789035
0x312a,208,0.000007789035
0x312b,29,0.000001085971
0x312d,29,0.000001085971
0x312f,29,0.000001085971
0x3130,29,0.000001085971
0x3131,29,0.000001085971
0x3132,29,0.000001085971
0x3134,29,0.000001085971
0x3136,29,0.000001085971
0x3138,29,0.000001085971
0x313d,29,0.000001085971
0x313f,29,0.000001085971
0x3140,29,0.000001085971
0x3141,29,0.000001085971
0x3144,29,0.000001085971
0x3145,29,0.000001085971
0x3146,29,0.000001085971
0x3149,24,0.000000898735
0x314b,29,0.000001085971
0x314d,29,0.000001085971
0x314e,29,0.000001085971
0x315a,207,0.000007751587
0x315d,207,0.000007751587
0x315e,207,0.000007751587
0x3160,207,0.000007751587
0x3161,59,0.000002209390
0x3164,59,0.000002209390
0x3165,59,0.000002209390
0x3166,59,0.000002209390
0x3167,59,0.000002209390
0x3169,59,0.000002209390
0x316a,59,0.000002209390
0x316c,59,0.000002209390
0x316d,59,0.000002209390
0x316e,59,0.000002209390
0x316f,59,0.000002209390
0x3171,59,0.000002209390
0x3172,59,0.000002209390
0x3174,59,0.000002209390
0x3176,59,0.000002209390
0x3177,59,0.000002209390
0x3178,59,0.000002209390
0x3179,567,0.000021232609
0x317c,538,0.000020146638
0x317d,538,0.000020146638
0x317e,538,0.000020146638
0x317f,538,0.000020146638
0x3180,538,0.000020146638
0x3181,538,0.000020146638
0x3182,538,0.000020146638
0x3183,538,0.000020146638
0x3186,34,0.000001273208
0x3188,34,0.000001273208
0x318a,538,0.000020146638
0x318b,538,0.000020146638
0x318e,30,0.000001123418
0x3192,567,0.000021232609
0x3193,567,0.000021232609
0x3195,567,0.000021232609
0x3196,500,0.000018723641
0x3199,500,0.000018723641
0x319a,500,0.000018723641
0x319b,29,0.000001085971
0x319e,29,0.000001085971
0x319f,29,0.000001085971
0x31a0,29,0.000001085971
0x31a1,29,0.000001085971
0x31a2,29,0.000001085971
0x31a3,29,0.000001085971
0x31a4,29,0.000001085971
0x31a7,29,0.000001085971
0x31a9,29,0.000001085971
0x31ac,29,0.000001085971
0x31ad,29,0.000001085971
0x31b4,206,0.000007714140
0x31b7,206,0.000007714140
0x31b9,206,0.000007714140
0x31ba,29,0.000001085971
0x31bd,29,0.000001085971
0x31bf,29,0.000001085971
0x31c0,29,0.000001085971
0x31c2,29,0.000001085971
0x31c3,29,0.000001085971
0x31c5,29,0.000001085971
0x31c6,29,0.000001085971
0x31c7,29,0.000001085971
0x31c8,29,0.000001085971
0x31cb,29,0.000001085971
0x31cd,29,0.000001085971
0x31ce,29,0.000001085971
0x31d1,15,0.000000561709
0x31d2,15,0.000000561709
0x31d3,15,0.000000561709
0x31d4,15,0.000000561709
0x31d6,29,0.000001085971
0x31d7,29,0.000001085971
0x31d8,29,0.000001085971
0x31d9,29,0.000001085971
0x31da,29,0.000001085971
0x31dc,29,0.000001085971
0x31de,29,0.000001085971
0x31df,29,0.000001085971
0x31e1,29,0.000001085971
0x31e2,29,0.000001085971
0x31e3,29,0.000001085971
0x31e4,29,0.000001085971
0x31e5,29,0.000001085971
0x31e6,29,0.000001085971
0x31e7,29,0.000001085971
0x31e8,29,0.000001085971
0x31e9,29,0.000001085971
0x31ec,29,0.000001085971
0x31ed,29,0.000001085971
0x31f0,29,0.000001085971
0x31f1,29,0.000001085971
0x31f2,29,0.000001085971
0x31f4,29,0.000001085971
0x31f5,29,0.000001085971
0x31f7,29,0.000001085971
0x31f8,29,0.000001085971
0x31fb,29,0.000001085971
0x31fd,29,0.000001085971
0x31fe,29,0.000001085971
0x31ff,29,0.000001085971
0x3201,29,0.000001085971
0x3202,29,0.000001085971
0x3203,29,0.000001085971
0x3204,29,0.000001085971
0x3207,29,0.000001085971
0x3209,29,0.000001085971
0x320a,29,0.000001085971
0x320b,29,0.000001085971
0x320c,29,0.000001085971
0x320d,29,0.000001085971
0x3210,29,0.000001085971
0x3213,29,0.000001085971
0x3215,29,0.000001085971
0x3216,24,0.000000898735
0x3217,24,0.000000898735
0x3219,24,0.000000898735
0x321b,24,0.000000898735
0x321c,1,0.000000037447
0x321e,1,0.000000037447
0x3220,1,0.000000037447
0x322c,206,0.000007714140
0x322f,206,0.000007714140
0x3231,206,0.000007714140
0x3232,24,0.000000898735
0x3235,24,0.000000898735
0x3238,24,0.000000898735
0x323b,24,0.000000898735
0x323c,24,0.000000898735
0x323f,24,0.000000898735
0x3240,220,0.000008238402
0x3241,220,0.000008238402
0x3243,220,0.000008238402
0x3246,210,0.000007863929
0x3247,210,0.000007863929
0x3248,210,0.000007863929
0x3249,188,0.000007040089
0x324a,188,0.000007040089
0x324b,188,0.000007040089
0x324c,188,0.000007040089
0x324d,188,0.000007040089
0x324e,198,0.000007414562
0x324f,198,0.000007414562
0x3250,198,0.000007414562
0x3251,198,0.000007414562
0x3253,198,0.000007414562
0x3254,198,0.000007414562
0x3256,198,0.000007414562
0x3259,2,0.000000074895
0x325b,2,0.000000074895
0x325e,2,0.000000074895
0x3264,212,0.000007938824
0x3267,212,0.000007938824
0x3268,212,0.000007938824
0x326b,212,0.000007938824
0x326c,212,0.000007938824
0x326e,212,0.000007938824
0x326f,212,0.000007938824
0x3271,212,0.000007938824
0x3272,212,0.000007938824
0x3274,212,0.000007938824
0x3275,31,0.000001160866
0x3277,31,0.000001160866
0x3279,31,0.000001160866
0x327a,31,0.000001160866
0x327b,31,0.000001160866
0x327c,31,0.000001160866
0x327e,31,0.000001160866
0x3281,31,0.000001160866
0x3282,31,0.000001160866
0x3285,31,0.000001160866
0x3286,31,0.000001160866
0x3287,31,0.000001160866
0x3289,31,0.000001160866
0x328a,31,0.000001160866
0x328b,31,0.000001160866
0x328d,31,0.000001160866
0x328e,31,0.000001160866
0x328f,74,0.000002771099
0x3290,74,0.000002771099
0x3291,74,0.000002771099
0x3292,74,0.000002771099
0x3295,69,0.000002583862
0x3296,69,0.000002583862
0x3297,69,0.000002583862
0x329a,69,0.000002583862
0x329b,69,0.000002583862
0x329e,69,0.000002583862
0x329f,69,0.000002583862
0x32a0,69,0.000002583862
0x32a3,69,0.000002583862
0x32a4,74,0.000002771099
0x32a5,74,0.000002771099
0x32a6,74,0.000002771099
0x32a9,2,0.000000074895
0x32ab,74,0.000002771099
0x32ac,74,0.000002771099
0x32af,31,0.000001160866
0x32b0,24,0.000000898735
0x32b3,24,0.000000898735
0x32b5,24,0.000000898735
0x32b8,24,0.000000898735
0x32ba,24,0.000000898735
0x32bc,24,0.000000898735
0x32bf,24,0.000000898735
0x32c2,24,0.000000898735
0x32c3,24,0.000000898735
0x32c4,6,0.000000224684
0x32c5,6,0.000000224684
0x32c6,6,0.000000224684
0x32c7,6,0.000000224684
0x32c8,6,0.000000224684
0x32cb,6,0.000000224684
0x32cd,6,0.000000224684
0x32d0,6,0.000000224684
0x32d2,6,0.000000224684
0x32d4,6,0.000000224684
0x32d6,6,0.000000224684
0x32d7,6,0.000000224684
0x32d9,6,0.000000224684
0x32da,6,0.000000224684
0x32dc,6,0.000000224684
0x32dd,6,0.000000224684
0x32de,6,0.000000224684
0x32e1,6,0.000000224684
0x32e2,6,0.000000224684
0x32e3,6,0.000000224684
0x3400,1378,0.000051602354
0x3403,1377,0.000051564907
0x3406,1377,0.000051564907
0x3409,1377,0.000051564907
0x340c,1377,0.000051564907
0x340f,1377,0.000051564907
0x3412,1377,0.000051564907
0x3413,1377,0.000051564907
0x3416,1377,0.000051564907
0x3418,1377,0.000051564907
0x3438,1377,0.000051564907
0x343b,1377,0.000051564907
0x343c,1377,0.000051564907
0x343f,688,0.000025763730
0x3442,688,0.000025763730
0x3445,688,0.000025763730
0x3448,688,0.000025763730
0x344b,688,0.000025763730
0x3452,689,0.000025801177
0x3455,689,0.000025801177
0x3458,689,0.000025801177
0x345b,689,0.000025801177
0x3474,688,0.000025763730
0x3477,2752,0.000103054919
0x3478,2752,0.000103054919
0x347b,2752,0.000103054919
0x347c,2752,0.000103054919
0x347d,2752,0.000103054919
0x347f,2752,0.000103054919
0x3480,2752,0.000103054919
0x3482,2752,0.000103054919
0x3485,688,0.000025763730
0x3486,689,0.000025801177
0x3489,2756,0.000103204708
0x348a,2756,0.000103204708
0x348d,2756,0.000103204708
0x348e,2756,0.000103204708
0x348f,2756,0.000103204708
0x3491,2756,0.000103204708
0x3492,2756,0.000103204708
0x3494,2756,0.000103204708
0x3497,689,0.000025801177
0x3498,688,0.000025763730
0x349b,2752,0.000103054919
0x349c,2752,0.000103054919
0x349f,2752,0.000103054919
0x34a0,2752,0.000103054919
0x34a1,2752,0.000103054919
0x34a3,2752,0.000103054919
0x34a4,2752,0.000103054919
0x34a6,2752,0.000103054919
0x34a9,688,0.000025763730
0x34aa,689,0.000025801177
0x34ad,2756,0.000103204708
0x34ae,2756,0.000103204708
0x34b1,2756,0.000103204708
0x34b2,2756,0.000103204708
0x34b3,2756,0.000103204708
0x34b5,2756,0.000103204708
0x34b6,2756,0.000103204708
0x34b8,2756,0.000103204708
0x34bb,689,0.000025801177
0x34c0,6036,0.000226031792
0x34c1,6036,0.000226031792
0x34c2,6036,0.000226031792
0x34c3,4976,0.000186337674
0x34c4,4976,0.000186337674
0x34c6,4976,0.000186337674
0x34c7,4976,0.000186337674
0x34c9,4976,0.000186337674
0x34ca,4976,0.000186337674
0x34cb,4976,0.000186337674
0x34cc,4976,0.000186337674
0x34cd,4976,0.000186337674
0x34ce,4976,0.000186337674
0x34cf,4976,0.000186337674
0x34d0,4976,0.000186337674
0x34d1,4976,0.000186337674
0x34d2,4976,0.000186337674
0x34d3,4976,0.000186337674
0x34d4,4976,0.000186337674
0x34d5,4976,0.000186337674
0x34d7,4976,0.000186337674
0x34d8,4976,0.000186337674
0x34da,4976,0.000186337674
0x34db,4976,0.000186337674
0x34dc,4976,0.000186337674
0x34dd,4976,0.000186337674
0x34de,4982,0.000186562358
0x34df,4982,0.000186562358
0x34e1,4982,0.000186562358
0x34e4,504,0.000018873430
0x34e5,504,0.000018873430
0x34e7,504,0.000018873430
0x34ea,202,0.000007564351
0x34ec,202,0.000007564351
0x34ed,202,0.000007564351
0x34ee,202,0.000007564351
0x34f0,202,0.000007564351
0x34f1,202,0.000007564351
0x34f3,202,0.000007564351
0x34f6,96,0.000003594939
0x34f8,96,0.000003594939
0x34f9,96,0.000003594939
0x34fa,96,0.000003594939
0x34fc,96,0.000003594939
0x34fd,96,0.000003594939
0x34ff,96,0.000003594939
0x3509,202,0.000007564351
0x350a,202,0.000007564351
0x350b,202,0.000007564351
0x350c,4982,0.000186562358
0x350e,4982,0.000186562358
0x350f,4982,0.000186562358
0x3512,4982,0.000186562358
0x3513,4982,0.000186562358
0x3515,4982,0.000186562358
0x3516,4982,0.000186562358
0x3518,4982,0.000186562358
0x3519,4982,0.000186562358
0x3520,32,0.000001198313
0x3521,32,0.000001198313
0x3522,32,0.000001198313
0x3523,32,0.000001198313
0x3524,32,0.000001198313
0x3525,32,0.000001198313
0x3526,32,0.000001198313
0x3527,32,0.000001198313
0x3528,1447,0.000054186217
0x3529,1447,0.000054186217
0x352a,1447,0.000054186217
0x352b,1447,0.000054186217
0x352c,1447,0.000054186217
0x352d,1447,0.000054186217
0x352e,1447,0.000054186217
0x352f,1447,0.000054186217
0x3530,1731,0.000064821245
0x3531,1731,0.000064821245
0x3532,1731,0.000064821245
0x3533,1731,0.000064821245
0x3534,1731,0.000064821245
0x3535,1731,0.000064821245
0x3536,1731,0.000064821245
0x3537,1731,0.000064821245
0x3538,2038,0.000076317560
0x3539,2038,0.000076317560
0x353a,2038,0.000076317560
0x353b,2038,0.000076317560
0x353c,2038,0.000076317560
0x353d,2038,0.000076317560
0x353e,2038,0.000076317560
0x353f,2038,0.000076317560
0x3540,4991,0.000186899383
0x3541,4991,0.000186899383
0x3542,4991,0.000186899383
0x3543,4991,0.000186899383
0x3544,4991,0.000186899383
0x3545,4991,0.000186899383
0x3546,4991,0.000186899383
0x3547,4991,0.000186899383
0x3548,5504,0.000206109839
0x3549,5504,0.000206109839
0x354a,5504,0.000206109839
0x354b,5504,0.000206109839
0x354c,5504,0.000206109839
0x354d,5504,0.000206109839
0x354e,5504,0.000206109839
0x354f,5504,0.000206109839
0x3550,5536,0.000207308152
0x3551,5536,0.000207308152
0x3552,5536,0.000207308152
0x3553,5536,0.000207308152
0x3554,5536,0.000207308152
0x3555,5536,0.000207308152
0x3556,5536,0.000207308152
0x3557,5536,0.000207308152
0x3558,5536,0.000207308152
0x355a,5536,0.000207308152
0x355b,5536,0.000207308152
0x355d,5536,0.000207308152
0x3560,1377,0.000051564907
0x3563,1377,0.000051564907
0x3564,1377,0.000051564907
0x3565,1377,0.000051564907
0x3566,1377,0.000051564907
0x3567,1377,0.000051564907
0x3568,1377,0.000051564907
0x3569,1377,0.000051564907
0x356a,1377,0.000051564907
0x356d,1377,0.000051564907
0x3570,1377,0.000051564907
0x3572,1377,0.000051564907
0x3577,1377,0.000051564907
0x3579,1377,0.000051564907
0x357a,1377,0.000051564907
0x357b,1377,0.000051564907
0x357e,1377,0.000051564907
0x357f,1377,0.000051564907
0x3581,1377,0.000051564907
0x3584,1377,0.000051564907
0x3586,1377,0.000051564907
0x3587,1377,0.000051564907
0x3588,1377,0.000051564907
0x3589,1377,0.000051564907
0x358c,1377,0.000051564907
0x358d,1377,0.000051564907
0x358e,1377,0.000051564907
0x3590,1377,0.000051564907
0x3591,1377,0.000051564907
0x3593,1377,0.000051564907
0x3594,1377,0.000051564907
0x3596,1377,0.000051564907
0x3597,1377,0.000051564907
0x359a,1377,0.000051564907
0x359b,1377,0.000051564907
0x359c,1377,0.000051564907
0x359d,1377,0.000051564907
0x359f,1377,0.000051564907
0x35a2,1377,0.000051564907
0x35b0,5508,0.000206259628
0x35b1,5508,0.000206259628
0x35b2,5508,0.000206259628
0x35b3,4448,0.000166565509
0x35b4,4448,0.000166565509
0x35b5,4448,0.000166565509
0x35b6,4448,0.000166565509
0x35b7,4448,0.000166565509
0x35b8,4448,0.000166565509
0x35b9,4448,0.000166565509
0x35ba,4448,0.000166565509
0x35bd,4020,0.000150538073
0x35be,4448,0.000166565509
0x35bf,4448,0.000166565509
0x35c0,4448,0.000166565509
0x35c1,4448,0.000166565509
0x35c2,4448,0.000166565509
0x35c3,4448,0.000166565509
0x35c4,4448,0.000166565509
0x35c5,4448,0.000166565509
0x35c7,4448,0.000166565509
0x35c8,4448,0.000166565509
0x35c9,4448,0.000166565509
0x35ca,4448,0.000166565509
0x35cb,4448,0.000166565509
0x35cc,4448,0.000166565509
0x35cd,4448,0.000166565509
0x35ce,4448,0.000166565509
0x35cf,4448,0.000166565509
0x35d0,4448,0.000166565509
0x35d1,4448,0.000166565509
0x35d2,4448,0.000166565509
0x35d3,4448,0.000166565509
0x35d4,4448,0.000166565509
0x35d5,4448,0.000166565509
0x35d6,4448,0.000166565509
0x35d7,4448,0.000166565509
0x35d8,4448,0.000166565509
0x35d9,4448,0.000166565509
0x35da,4448,0.000166565509
0x35db,4448,0.000166565509
0x35e0,3260,0.000122078138
0x35e1,3260,0.000122078138
0x35e2,3260,0.000122078138
0x35e3,3260,0.000122078138
0x35e5,3260,0.000122078138
0x35e8,1789,0.000066993187
0x35e9,1789,0.000066993187
0x35ea,1789,0.000066993187
0x35eb,1789,0.000066993187
0x35ec,1789,0.000066993187
0x35ed,1789,0.000066993187
0x35ee,1789,0.000066993187
0x35ef,1789,0.000066993187
0x35f0,1789,0.000066993187
0x35f1,1789,0.000066993187
0x35f3,1789,0.000066993187
0x35f6,515,0.000019285350
0x35f8,515,0.000019285350
0x35f9,515,0.000019285350
0x35fa,515,0.000019285350
0x35fb,515,0.000019285350
0x35fd,515,0.000019285350
0x35fe,515,0.000019285350
0x3601,68,0.000002546415
0x3602,68,0.000002546415
0x3603,68,0.000002546415
0x3604,515,0.000019285350
0x3605,515,0.000019285350
0x3606,515,0.000019285350
0x3607,515,0.000019285350
0x3608,515,0.000019285350
0x3609,515,0.000019285350
0x360a,515,0.000019285350
0x360b,515,0.000019285350
0x360c,515,0.000019285350
0x360e,515,0.000019285350
0x360f,515,0.000019285350
0x3612,475,0.000017787459
0x3613,475,0.000017787459
0x3614,475,0.000017787459
0x3615,475,0.000017787459
0x3616,475,0.000017787459
0x3618,475,0.000017787459
0x3619,475,0.000017787459
0x361a,475,0.000017787459
0x361b,475,0.000017787459
0x361c,319,0.000011945683
0x361f,319,0.000011945683
0x3620,319,0.000011945683
0x3621,319,0.000011945683
0x3622,117,0.000004381332
0x3623,117,0.000004381332
0x3624,117,0.000004381332
0x3628,1471,0.000055084951
0x362a,1471,0.000055084951
0x362d,1432,0.000053624507
0x362e,1432,0.000053624507
0x362f,1432,0.000053624507
0x3630,1432,0.000053624507
0x3631,1432,0.000053624507
0x3632,1432,0.000053624507
0x3633,1432,0.000053624507
0x3634,1432,0.000053624507
0x3635,1432,0.000053624507
0x3636,1432,0.000053624507
0x3637,1432,0.000053624507
0x363a,443,0.000016589146
0x363c,443,0.000016589146
0x363d,443,0.000016589146
0x363e,443,0.000016589146
0x363f,443,0.000016589146
0x3641,443,0.000016589146
0x3642,443,0.000016589146
0x3645,58,0.000002171942
0x3646,58,0.000002171942
0x3647,58,0.000002171942
0x3648,443,0.000016589146
0x3649,443,0.000016589146
0x364a,443,0.000016589146
0x364b,443,0.000016589146
0x364c,443,0.000016589146
0x364d,443,0.000016589146
0x364e,443,0.000016589146
0x364f,443,0.000016589146
0x3650,443,0.000016589146
0x3651,443,0.000016589146
0x3652,443,0.000016589146
0x3654,443,0.000016589146
0x3655,443,0.000016589146
0x3656,443,0.000016589146
0x3657,443,0.000016589146
0x365a,341,0.000012769523
0x365d,341,0.000012769523
0x365e,341,0.000012769523
0x3661,96,0.000003594939
0x3662,96,0.000003594939
0x3663,443,0.000016589146
0x3665,443,0.000016589146
0x3666,443,0.000016589146
0x366a,1274,0.000047707837
0x366b,1274,0.000047707837
0x366c,1274,0.000047707837
0x366d,45,0.000001685128
0x366e,45,0.000001685128
0x366f,45,0.000001685128
0x3670,45,0.000001685128
0x3671,45,0.000001685128
0x3672,40,0.000001497891
0x3673,40,0.000001497891
0x3674,40,0.000001497891
0x3675,40,0.000001497891
0x3676,40,0.000001497891
0x3679,40,0.000001497891
0x367b,40,0.000001497891
0x367c,40,0.000001497891
0x367f,40,0.000001497891
0x3680,40,0.000001497891
0x3683,40,0.000001497891
0x3684,40,0.000001497891
0x3686,40,0.000001497891
0x3689,40,0.000001497891
0x368a,40,0.000001497891
0x368b,40,0.000001497891
0x368d,40,0.000001497891
0x368e,37,0.000001385549
0x3690,37,0.000001385549
0x3691,29,0.000001085971
0x3692,29,0.000001085971
0x3695,989,0.000037035362
0x3696,989,0.000037035362
0x3697,989,0.000037035362
0x3698,989,0.000037035362
0x3699,989,0.000037035362
0x369a,989,0.000037035362
0x369b,989,0.000037035362
0x369c,989,0.000037035362
0x369d,24,0.000000898735
0x369e,24,0.000000898735
0x36a0,24,0.000000898735
0x36a1,24,0.000000898735
0x36a4,24,0.000000898735
0x36a6,24,0.000000898735
0x36a7,24,0.000000898735
0x36aa,22,0.000000823840
0x36ab,24,0.000000898735
0x36ae,24,0.000000898735
0x36b0,24,0.000000898735
0x36b3,24,0.000000898735
0x36b4,24,0.000000898735
0x36b6,24,0.000000898735
0x36b7,24,0.000000898735
0x36b9,24,0.000000898735
0x36ba,24,0.000000898735
0x36bb,24,0.000000898735
0x36c0,1188,0.000044487371
0x36c1,1188,0.000044487371
0x36c2,1188,0.000044487371
0x36c3,594,0.000022243685
0x36c4,594,0.000022243685
0x36c5,594,0.000022243685
0x36c6,594,0.000022243685
0x36c8,594,0.000022243685
0x36c9,594,0.000022243685
0x36d2,1732,0.000064858692
0x36d3,1732,0.000064858692
0x36d4,1732,0.000064858692
0x36d5,1732,0.000064858692
0x36d6,1732,0.000064858692
0x36d7,1732,0.000064858692
0x36d8,64,0.000002396626
0x36d9,64,0.000002396626
0x36da,64,0.000002396626
0x36db,64,0.000002396626
0x36dc,64,0.000002396626
0x36dd,64,0.000002396626
0x36de,64,0.000002396626
0x36e1,64,0.000002396626
0x36e3,64,0.000002396626
0x36e6,64,0.000002396626
0x36ea,1260,0.000047183575
0x36eb,1260,0.000047183575
0x36ec,1260,0.000047183575
0x36ed,1260,0.000047183575
0x36ee,1260,0.000047183575
0x36ef,1260,0.000047183575
0x36f0,372,0.000013930389
0x36f1,372,0.000013930389
0x36f2,372,0.000013930389
0x36f3,372,0.000013930389
0x36f5,372,0.000013930389
0x36f6,24,0.000000898735
0x36f7,24,0.000000898735
0x36f8,24,0.000000898735
0x36f9,24,0.000000898735
0x36fa,24,0.000000898735
0x36fb,24,0.000000898735
0x36fc,24,0.000000898735
0x36fd,24,0.000000898735
0x36fe,24,0.000000898735
0x3701,24,0.000000898735
0x3703,24,0.000000898735
0x3706,24,0.000000898735
0x370a,1456,0.000054523242
0x370b,1456,0.000054523242
0x370c,1456,0.000054523242
0x370d,1456,0.000054523242
0x370e,1456,0.000054523242
0x370f,1456,0.000054523242
0x3710,124,0.000004643463
0x3711,124,0.000004643463
0x3712,124,0.000004643463
0x3713,124,0.000004643463
0x3715,124,0.000004643463
0x3716,44,0.000001647680
0x3717,44,0.000001647680
0x3718,44,0.000001647680
0x3719,44,0.000001647680
0x371a,44,0.000001647680
0x371b,44,0.000001647680
0x371c,44,0.000001647680
0x371d,44,0.000001647680
0x371e,44,0.000001647680
0x3721,44,0.000001647680
0x3723,44,0.000001647680
0x3726,44,0.000001647680
0x3729,44,0.000001647680
0x372a,44,0.000001647680
0x372c,44,0.000001647680
0x372d,22,0.000000823840
0x372e,22,0.000000823840
0x3730,22,0.000000823840
0x3731,22,0.000000823840
0x3732,22,0.000000823840
0x3733,22,0.000000823840
0x3734,22,0.000000823840
0x3735,22,0.000000823840
0x3736,22,0.000000823840
0x3739,22,0.000000823840
0x373b,22,0.000000823840
0x373e,22,0.000000823840
0x3744,39,0.000001460444
0x3746,39,0.000001460444
0x3747,39,0.000001460444
0x3748,39,0.000001460444
0x3749,39,0.000001460444
0x374a,39,0.000001460444
0x374c,39,0.000001460444
0x374d,39,0.000001460444
0x374e,39,0.000001460444
0x3750,39,0.000001460444
0x3751,39,0.000001460444
0x3752,6,0.000000224684
0x3753,6,0.000000224684
0x3754,6,0.000000224684
0x3758,8458,0.000316729109
0x3759,8458,0.000316729109
0x375a,8458,0.000316729109
0x375b,32,0.000001198313
0x375c,32,0.000001198313
0x375f,30,0.000001123418
0x3760,30,0.000001123418
0x3761,30,0.000001123418
0x3764,16,0.000000599157
0x3766,16,0.000000599157
0x3767,16,0.000000599157
0x3769,16,0.000000599157
0x376a,16,0.000000599157
0x376b,16,0.000000599157
0x376c,16,0.000000599157
0x376d,16,0.000000599157
0x376e,16,0.000000599157
0x376f,16,0.000000599157
0x3770,16,0.000000599157
0x3771,16,0.000000599157
0x3772,16,0.000000599157
0x3773,16,0.000000599157
0x3774,16,0.000000599157
0x3777,16,0.000000599157
0x377a,16,0.000000599157
0x377b,16,0.000000599157
0x377c,16,0.000000599157
0x377d,16,0.000000599157
0x377e,16,0.000000599157
0x3780,16,0.000000599157
0x3781,16,0.000000599157
0x3782,16,0.000000599157
0x3783,16,0.000000599157
0x3786,16,0.000000599157
0x3787,16,0.000000599157
0x3788,16,0.000000599157
0x3789,16,0.000000599157
0x378c,16,0.000000599157
0x378e,16,0.000000599157
0x378f,16,0.000000599157
0x3791,16,0.000000599157
0x3792,16,0.000000599157
0x3796,16,0.000000599157
0x3798,16,0.000000599157
0x3799,16,0.000000599157
0x379b,16,0.000000599157
0x379e,6,0.000000224684
0x379f,16,0.000000599157
0x37a0,16,0.000000599157
0x37a1,16,0.000000599157
0x37a4,16,0.000000599157
0x37a5,16,0.000000599157
0x37a6,16,0.000000599157
0x37a7,16,0.000000599157
0x37aa,16,0.000000599157
0x37b0,14,0.000000524262
0x37b1,14,0.000000524262
0x37b2,14,0.000000524262
0x37b3,14,0.000000524262
0x37b4,14,0.000000524262
0x37b5,14,0.000000524262
0x37b6,14,0.000000524262
0x37b7,14,0.000000524262
0x37b8,14,0.000000524262
0x37b9,14,0.000000524262
0x37ba,14,0.000000524262
0x37bb,14,0.000000524262
0x37be,14,0.000000524262
0x37c0,14,0.000000524262
0x37c1,14,0.000000524262
0x37c4,14,0.000000524262
0x37c6,14,0.000000524262
0x37cc,2,0.000000074895
0x37cd,2,0.000000074895
0x37ce,2,0.000000074895
0x37cf,2,0.000000074895
0x37d0,2,0.000000074895
0x37d2,2,0.000000074895
0x37d4,2,0.000000074895
0x37d5,2,0.000000074895
0x37d7,2,0.000000074895
0x37da,2,0.000000074895
0x37dd,52,0.000001947259
0x37de,52,0.000001947259
0x37df,52,0.000001947259
0x37e0,52,0.000001947259
0x37e1,52,0.000001947259
0x37e2,52,0.000001947259
0x37e5,2,0.000000074895
0x3800,2754,0.000103129814
0x3803,2754,0.000103129814
0x3805,2754,0.000103129814
0x3806,1298,0.000048606572
0x3809,1298,0.000048606572
0x380b,1298,0.000048606572
0x380c,1298,0.000048606572
0x380f,1298,0.000048606572
0x3810,1298,0.000048606572
0x3813,1298,0.000048606572
0x3815,1298,0.000048606572
0x3816,1298,0.000048606572
0x3819,1298,0.000048606572
0x381a,1298,0.000048606572
0x381b,1298,0.000048606572
0x381d,1298,0.000048606572
0x381e,1298,0.000048606572
0x381f,1298,0.000048606572
0x3820,1298,0.000048606572
0x3822,1298,0.000048606572
0x3823,18,0.000000674051
0x3824,18,0.000000674051
0x3827,18,0.000000674051
0x3829,18,0.000000674051
0x382b,18,0.000000674051
0x382c,18,0.000000674051
0x382e,18,0.000000674051
0x382f,18,0.000000674051
0x3830,18,0.000000674051
0x3832,18,0.000000674051
0x3833,18,0.000000674051
0x3834,18,0.000000674051
0x3835,18,0.000000674051
0x3837,18,0.000000674051
0x3838,18,0.000000674051
0x3839,18,0.000000674051
0x383b,18,0.000000674051
0x383c,18,0.000000674051
0x383e,18,0.000000674051
0x3841,12,0.000000449367
0x3844,18,0.000000674051
0x3846,18,0.000000674051
0x3847,18,0.000000674051
0x3849,18,0.000000674051
0x384a,18,0.000000674051
0x384b,18,0.000000674051
0x384c,6,0.000000224684
0x384f,6,0.000000224684
0x3850,6,0.000000224684
0x3851,6,0.000000224684
0x3853,6,0.000000224684
0x3854,6,0.000000224684
0x3855,6,0.000000224684
0x3856,6,0.000000224684
0x3857,6,0.000000224684
0x3858,6,0.000000224684
0x3859,6,0.000000224684
0x385c,6,0.000000224684
0x385d,6,0.000000224684
0x385f,6,0.000000224684
0x3862,2,0.000000074895
0x3863,2,0.000000074895
0x3865,2,0.000000074895
0x3868,2,0.000000074895
0x386b,2,0.000000074895
0x386e,2,0.000000074895
0x386f,2,0.000000074895
0x3871,2,0.000000074895
0x3894,4,0.000000149789
0x3897,4,0.000000149789
0x3899,4,0.000000149789
0x389c,4,0.000000149789
0x38a1,6,0.000000224684
0x38a2,6,0.000000224684
0x38a4,6,0.000000224684
0x38a5,6,0.000000224684
0x38a6,6,0.000000224684
0x38a7,6,0.000000224684
0x38a8,6,0.000000224684
0x38a9,6,0.000000224684
0x38ac,6,0.000000224684
0x38ae,6,0.000000224684
0x38af,6,0.000000224684
0x38b1,6,0.000000224684
0x38b4,6,0.000000224684
0x38b5,6,0.000000224684
0x38bc,10,0.000000374473
0x38be,10,0.000000374473
0x38bf,10,0.000000374473
0x38c1,10,0.000000374473
0x38c2,10,0.000000374473
0x38c3,10,0.000000374473
0x38f8,4,0.000000149789
0x38fb,6,0.000000224684
0x38fc,6,0.000000224684
0x38fd,6,0.000000224684
0x3906,6,0.000000224684
0x3907,6,0.000000224684
0x3908,6,0.000000224684
0x3909,6,0.000000224684
0x390a,6,0.000000224684
0x390d,6,0.000000224684
0x390e,6,0.000000224684
0x390f,6,0.000000224684
0x3912,6,0.000000224684
0x3913,6,0.000000224684
0x3916,6,0.000000224684
0x3918,6,0.000000224684
0x391b,6,0.000000224684
0x391c,12,0.000000449367
0x391d,12,0.000000449367
0x391f,12,0.000000449367
0x3922,2,0.000000074895
0x3923,1975,0.000073958381
0x3930,688,0.000025763730
0x3933,688,0.000025763730
0x3935,688,0.000025763730
0x3937,688,0.000025763730
0x3938,688,0.000025763730
0x393a,688,0.000025763730
0x393b,688,0.000025763730
0x393c,688,0.000025763730
0x393d,688,0.000025763730
0x393f,688,0.000025763730
0x3942,344,0.000012881865
0x3945,344,0.000012881865
0x3946,344,0.000012881865
0x3947,344,0.000012881865
0x394a,344,0.000012881865
0x394b,344,0.000012881865
0x394c,2111,0.000079051212
0x394d,2111,0.000079051212
0x3950,2061,0.000077178848
0x3951,2061,0.000077178848
0x3952,2061,0.000077178848
0x3954,2061,0.000077178848
0x3955,2061,0.000077178848
0x3956,2061,0.000077178848
0x3959,294,0.000011009501
0x395c,2111,0.000079051212
0x395d,2111,0.000079051212
0x395f,2111,0.000079051212
0x3960,590,0.000022093896
0x3961,590,0.000022093896
0x3963,590,0.000022093896
0x3964,590,0.000022093896
0x3965,590,0.000022093896
0x3966,590,0.000022093896
0x3967,504,0.000018873430
0x3968,504,0.000018873430
0x3969,50,0.000001872364
0x396b,50,0.000001872364
0x396c,50,0.000001872364
0x396d,50,0.000001872364
0x396e,50,0.000001872364
0x396f,50,0.000001872364
0x3972,50,0.000001872364
0x3973,50,0.000001872364
0x3975,50,0.000001872364
0x3976,50,0.000001872364
0x3977,50,0.000001872364
0x3978,50,0.000001872364
0x397a,50,0.000001872364
0x397b,50,0.000001872364
0x3980,1377,0.000051564907
0x3983,1377,0.000051564907
0x3985,1377,0.000051564907
0x3986,6,0.000000224684
0x3988,6,0.000000224684
0x3a00,688,0.000025763730
0x3a03,688,0.000025763730
0x3a05,688,0.000025763730
0x3a06,688,0.000025763730
0x3a07,688,0.000025763730
0x3a08,688,0.000025763730
0x3a0b,688,0.000025763730
0x3a0c,688,0.000025763730
0x3a0d,688,0.000025763730
0x3a0e,344,0.000012881865
0x3a0f,344,0.000012881865
0x3a10,2359,0.000088338138
0x3a13,2359,0.000088338138
0x3a14,2359,0.000088338138
0x3a15,2359,0.000088338138
0x3a18,384,0.000014379756
0x3a1a,384,0.000014379756
0x3a1c,384,0.000014379756
0x3a1d,1975,0.000073958381
0x3a20,1975,0.000073958381
0x3a21,1975,0.000073958381
0x3a22,1975,0.000073958381
0x3a40,1975,0.000073958381
0x3a42,1975,0.000073958381
0x3a43,1975,0.000073958381
0x3a44,1975,0.000073958381
0x3a47,240,0.000008987348
0x3a49,240,0.000008987348
0x3a4c,15,0.000000561709
0x3a4e,240,0.000008987348
0x3a4f,240,0.000008987348
0x3a50,240,0.000008987348
0x3a51,240,0.000008987348
0x3a52,240,0.000008987348
0x3a53,240,0.000008987348
0x3a54,240,0.000008987348
0x3a56,240,0.000008987348
0x3a58,240,0.000008987348
0x3a5a,240,0.000008987348
0x3a5b,240,0.000008987348
0x3a5d,240,0.000008987348
0x3a5f,240,0.000008987348
0x3a62,1735,0.000064971034
0x3a64,1735,0.000064971034
0x3a65,1735,0.000064971034
0x3a66,1735,0.000064971034
0x3a82,1975,0.000073958381
0x3a85,1975,0.000073958381
0x3a86,1975,0.000073958381
0x3a88,1975,0.000073958381
0x3a89,80,0.000002995783
0x3a8b,80,0.000002995783
0x3a8c,80,0.000002995783
0x3a8e,80,0.000002995783
0x3a8f,80,0.000002995783
0x3a90,1975,0.000073958381
0x3a93,1975,0.000073958381
0x3a94,1975,0.000073958381
0x3a95,1975,0.000073958381
0x3a98,1298,0.000048606572
0x3a9b,1298,0.000048606572
0x3a9e,1298,0.000048606572
0x3aa1,20768,0.000777705147
0x3aa2,20768,0.000777705147
0x3aa3,20768,0.000777705147
0x3aa4,20768,0.000777705147
0x3aa7,10071,0.000377131574
0x3aa8,10071,0.000377131574
0x3aaa,10071,0.000377131574
0x3aad,2003,0.000075006905
0x3aae,20768,0.000777705147
0x3aaf,20768,0.000777705147
0x3ab0,20768,0.000777705147
0x3ab1,20768,0.000777705147
0x3ab2,20768,0.000777705147
0x3ab5,1298,0.000048606572
0x3ab6,1298,0.000048606572
0x3ab7,1298,0.000048606572
0x3ab8,1058,0.000039619224
0x3aba,1058,0.000039619224
0x3abd,6,0.000000224684
0x3abf,1058,0.000039619224
0x3ac1,1058,0.000039619224
0x3ac2,1058,0.000039619224
0x3ac5,1058,0.000039619224
0x3ac6,1058,0.000039619224
0x3ac8,1058,0.000039619224
0x3ac9,1058,0.000039619224
0x3aca,1058,0.000039619224
0x3b1b,1975,0.000073958381
0x3b1e,1975,0.000073958381
0x3b1f,1975,0.000073958381
0x3b20,1975,0.000073958381
0x3b33,1975,0.000073958381
0x3b36,1975,0.000073958381
0x3b37,1975,0.000073958381
0x3b38,1975,0.000073958381
0x3b43,1975,0.000073958381
0x3b46,1975,0.000073958381
0x3b47,1975,0.000073958381
0x3b49,1975,0.000073958381
0x3b4c,1975,0.000073958381
0x3b4f,1975,0.000073958381
0x3b52,1975,0.000073958381
0x3b55,1975,0.000073958381
0x3b58,1975,0.000073958381
0x3b5b,1975,0.000073958381
