pc,count,frequency
0x0000,1,0.000000054319
0x0001,1,0.000000054319
0x0002,1,0.000000054319
0x0003,1,0.000000054319
0x0004,1,0.000000054319
0x0005,1,0.000000054319
0x0006,1,0.000000054319
0x0007,1,0.000000054319
0x0008,1,0.000000054319
0x000b,1,0.000000054319
0x000d,1,0.000000054319
0x000f,1,0.000000054319
0x0012,1,0.000000054319
0x0015,1,0.000000054319
0x0017,1,0.000000054319
0x001a,10596,0.000575561515
0x001d,10595,0.000575507196
0x0020,10595,0.000575507196
0x0021,10595,0.000575507196
0x0024,2468,0.000134058684
0x0027,2468,0.000134058684
0x002a,2468,0.000134058684
0x002d,8127,0.000441448512
0x002f,8127,0.000441448512
0x0031,8127,0.000441448512
0x0032,8127,0.000441448512
0x0034,8127,0.000441448512
0x0035,8127,0.000441448512
0x0038,8127,0.000441448512
0x0039,8127,0.000441448512
0x003c,8127,0.000441448512
0x003d,8127,0.000441448512
0x0040,7,0.000000380231
0x0043,7,0.000000380231
0x0046,8120,0.000441068280
0x0049,8120,0.000441068280
0x0050,1,0.000000054319
0x0052,1,0.000000054319
0x0054,1,0.000000054319
0x0056,1,0.000000054319
0x0058,1,0.000000054319
0x005a,1,0.000000054319
0x005c,1,0.000000054319
0x005f,1,0.000000054319
0x0061,1,0.000000054319
0x0063,1,0.000000054319
0x0066,1,0.000000054319
0x0068,1,0.000000054319
0x006a,1,0.000000054319
0x006b,2,0.000000108638
0x006e,2,0.000000108638
0x0070,6130,0.000332973960
0x0072,6130,0.000332973960
0x0073,6130,0.000332973960
0x0074,6130,0.000332973960
0x0077,2,0.000000108638
0x0078,576,0.000031287602
0x007b,576,0.000031287602
0x0080,1403224,0.076221378905
0x0082,1403223,0.076221324587
0x0083,1403223,0.076221324587
0x0085,1403223,0.076221324587
0x0088,21224,0.001152861229
0x0089,21224,0.001152861229
0x008b,21224,0.001152861229
0x008e,10623,0.000577028121
0x0090,10623,0.000577028121
0x0091,10623,0.000577028121
0x0094,10623,0.000577028121
0x0095,10623,0.000577028121
0x0096,10623,0.000577028121
0x0097,10623,0.000577028121
0x0098,10623,0.000577028121
0x009a,10623,0.000577028121
0x009d,10623,0.000577028121
0x009f,10623,0.000577028121
0x00a0,10623,0.000577028121
0x00a2,10623,0.000577028121
0x00a3,10623,0.000577028121
0x00a6,10623,0.000577028121
0x00a8,10623,0.000577028121
0x00ab,10623,0.000577028121
0x00ac,1,0.000000054319
0x00ae,1,0.000000054319
0x00af,1,0.000000054319
0x00b0,1,0.000000054319
0x00b2,1,0.000000054319
0x00b5,1,0.000000054319
0x00bb,18992,0.001031621771
0x00be,18992,0.001031621771
0x00bf,18992,0.001031621771
0x00c0,18992,0.001031621771
0x00c1,18992,0.001031621771
0x00c2,18992,0.001031621771
0x00c3,18992,0.001031621771
0x00c4,1349,0.000073275999
0x00c5,1349,0.000073275999
0x00c7,1349,0.000073275999
0x00c9,1349,0.000073275999
0x00ca,1349,0.000073275999
0x00cd,1349,0.000073275999
0x00ce,1349,0.000073275999
0x00cf,1349,0.000073275999
0x00d0,1349,0.000073275999
0x00d1,1349,0.000073275999
0x00d2,1349,0.000073275999
0x00d3,1349,0.000073275999
0x00d4,1349,0.000073275999
0x00d6,1349,0.000073275999
0x00d8,1349,0.000073275999
0x00d9,1349,0.000073275999
0x00dc,1349,0.000073275999
0x00dd,1349,0.000073275999
0x00de,1349,0.000073275999
0x00e1,459,0.000024932308
0x00e3,8120,0.000441068280
0x00e6,8120,0.000441068280
0x00e9,8120,0.000441068280
0x00ec,8120,0.000441068280
0x00ef,8120,0.000441068280
0x00f2,8117,0.000440905324
0x00f5,8117,0.000440905324
0x00f8,8117,0.000440905324
0x00fb,8117,0.000440905324
0x00fe,7529,0.000408965897
0x0101,7529,0.000408965897
0x0104,7529,0.000408965897
0x0107,7527,0.000408857259
0x0109,7527,0.000408857259
0x010c,7527,0.000408857259
0x010f,7525,0.000408748622
0x0111,7525,0.000408748622
0x0114,7525,0.000408748622
0x0117,7523,0.000408639984
0x0119,7523,0.000408639984
0x011c,7523,0.000408639984
0x011f,7523,0.000408639984
0x0122,6947,0.000377352382
0x0125,6947,0.000377352382
0x0128,6947,0.000377352382
0x012b,6947,0.000377352382
0x012e,6595,0.000358232181
0x0131,6595,0.000358232181
0x0134,6595,0.000358232181
0x0137,6595,0.000358232181
0x013a,486,0.000026398914
0x0140,14,0.000000760463
0x0143,14,0.000000760463
0x0146,14,0.000000760463
0x0149,14,0.000000760463
0x014c,14,0.000000760463
0x014e,14,0.000000760463
0x014f,14,0.000000760463
0x0151,14,0.000000760463
0x0152,14,0.000000760463
0x0153,14,0.000000760463
0x0154,14,0.000000760463
0x0156,14,0.000000760463
0x0158,14,0.000000760463
0x015b,14,0.000000760463
0x015d,14,0.000000760463
0x015f,14,0.000000760463
0x0161,14,0.000000760463
0x0164,14,0.000000760463
0x0166,14,0.000000760463
0x0167,14,0.000000760463
0x0168,14,0.000000760463
0x016a,14,0.000000760463
0x016b,14,0.000000760463
0x016d,14,0.000000760463
0x016f,14,0.000000760463
0x0172,14,0.000000760463
0x0173,6106,0.000331670310
0x0174,6106,0.000331670310
0x0176,6106,0.000331670310
0x0178,6106,0.000331670310
0x017a,6106,0.000331670310
0x017b,4608,0.000250300817
0x017d,4608,0.000250300817
0x017e,4561,0.000247747836
0x0180,4561,0.000247747836
0x0182,4561,0.000247747836
0x0183,1602,0.000087018643
0x0185,1602,0.000087018643
0x0186,1555,0.000084465662
0x0188,1555,0.000084465662
0x018a,1555,0.000084465662
0x018b,49,0.000002661619
0x018d,49,0.000002661619
0x018e,49,0.000002661619
0x018f,49,0.000002661619
0x0191,49,0.000002661619
0x0192,4,0.000000217275
0x0194,4,0.000000217275
0x0196,1164,0.000063227029
0x0197,1164,0.000063227029
0x0199,1164,0.000063227029
0x019b,1164,0.000063227029
0x019c,948,0.000051494179
0x019d,948,0.000051494179
0x019e,948,0.000051494179
0x01a0,948,0.000051494179
0x01a1,948,0.000051494179
0x01a2,948,0.000051494179
0x01a3,948,0.000051494179
0x01a5,948,0.000051494179
0x01a6,948,0.000051494179
0x01a7,948,0.000051494179
0x01a8,948,0.000051494179
0x01ab,948,0.000051494179
0x01ae,948,0.000051494179
0x01af,948,0.000051494179
0x01b0,948,0.000051494179
0x01b1,948,0.000051494179
0x01b2,948,0.000051494179
0x01b3,948,0.000051494179
0x01b4,948,0.000051494179
0x01b5,948,0.000051494179
0x01b6,948,0.000051494179
0x01b7,948,0.000051494179
0x01b8,948,0.000051494179
0x01b9,948,0.000051494179
0x01ba,948,0.000051494179
0x01bb,948,0.000051494179
0x01bd,948,0.000051494179
0x01be,948,0.000051494179
0x01c1,11766,0.000639114457
0x01c4,11766,0.000639114457
0x01c5,11766,0.000639114457
0x01c8,948,0.000051494179
0x01c9,948,0.000051494179
0x01ca,948,0.000051494179
0x01d0,2366,0.000128518171
0x01d1,2366,0.000128518171
0x01d2,2366,0.000128518171
0x01d3,2366,0.000128518171
0x01d4,2366,0.000128518171
0x01d6,2366,0.000128518171
0x01d7,2366,0.000128518171
0x01d9,2366,0.000128518171
0x01dc,2366,0.000128518171
0x01dd,2366,0.000128518171
0x01e0,1395,0.000075774661
0x01e1,5,0.000000271594
0x01e4,481,0.000026127321
0x01e7,481,0.000026127321
0x01e9,481,0.000026127321
0x01ed,61516,0.003341472455
0x01ee,61516,0.003341472455
0x01ef,61516,0.003341472455
0x01f0,61516,0.003341472455
0x01f3,61516,0.003341472455
0x01f4,61516,0.003341472455
0x01f7,2366,0.000128518171
0x0200,18743,0.001018096401
0x0201,18743,0.001018096401
0x0202,64,0.000003476400
0x0203,64,0.000003476400
0x0204,64,0.000003476400
0x0205,64,0.000003476400
0x0206,948,0.000051494179
0x0207,948,0.000051494179
0x0208,948,0.000051494179
0x0209,948,0.000051494179
0x020a,948,0.000051494179
0x020b,948,0.000051494179
0x020c,948,0.000051494179
0x020d,948,0.000051494179
0x020e,948,0.000051494179
0x0210,6439,0.000349758455
0x0211,6439,0.000349758455
0x0213,6439,0.000349758455
0x0214,6439,0.000349758455
0x0215,1384,0.000075177155
0x0216,1384,0.000075177155
0x0217,122499,0.006653993015
0x0218,122499,0.006653993015
0x021a,122499,0.006653993015
0x021b,122499,0.006653993015
0x021c,17526,0.000951990478
0x021d,17526,0.000951990478
0x0220,12,0.000000651825
0x0221,12,0.000000651825
0x0222,12,0.000000651825
0x0223,12,0.000000651825
0x0224,12,0.000000651825
0x0225,12,0.000000651825
0x0226,12,0.000000651825
0x0227,12,0.000000651825
0x0228,12,0.000000651825
0x0229,12,0.000000651825
0x022a,12,0.000000651825
0x022b,12,0.000000651825
0x022c,12,0.000000651825
0x022e,12,0.000000651825
0x022f,12,0.000000651825
0x0230,12,0.000000651825
0x0231,12,0.000000651825
0x0232,12,0.000000651825
0x0258,37382,0.002030543653
0x0259,37382,0.002030543653
0x025a,37382,0.002030543653
0x025b,149,0.000008093494
0x025c,149,0.000008093494
0x025d,149,0.000008093494
0x025e,149,0.000008093494
0x025f,149,0.000008093494
0x0260,29182,0.001585129872
0x0263,29182,0.001585129872
0x0264,28004,0.001521142380
0x0267,28004,0.001521142380
0x0270,39490,0.002145047585
0x0271,39490,0.002145047585
0x0272,39490,0.002145047585
0x0273,39490,0.002145047585
0x0274,39490,0.002145047585
0x0275,39490,0.002145047585
0x0276,39490,0.002145047585
0x0277,28004,0.001521142380
0x0278,28004,0.001521142380
0x0279,28004,0.001521142380
0x027a,28004,0.001521142380
0x027b,28004,0.001521142380
0x027c,28004,0.001521142380
0x027d,28004,0.001521142380
0x0288,7,0.000000380231
0x028b,7,0.000000380231
0x028e,7,0.000000380231
0x0290,7,0.000000380231
0x0293,7,0.000000380231
0x0295,7,0.000000380231
0x0298,7,0.000000380231
0x029a,7,0.000000380231
0x02a7,7,0.000000380231
0x02aa,7,0.000000380231
0x02ab,7,0.000000380231
0x02ac,7,0.000000380231
0x02ad,1,0.000000054319
0x02b0,1,0.000000054319
0x02b3,1,0.000000054319
0x02b6,1,0.000000054319
0x02b9,1,0.000000054319
0x02bc,1,0.000000054319
0x02be,1,0.000000054319
0x02c0,1,0.000000054319
0x02c3,1,0.000000054319
0x02c5,1,0.000000054319
0x02c7,1,0.000000054319
0x02cb,1,0.000000054319
0x02cd,1,0.000000054319
0x02cf,1,0.000000054319
0x02d4,1,0.000000054319
0x02d7,1,0.000000054319
0x02d8,1,0.000000054319
0x02db,1,0.000000054319
0x02dd,1,0.000000054319
0x02e3,1,0.000000054319
0x02e5,1,0.000000054319
0x02e6,1,0.000000054319
0x02e7,1,0.000000054319
0x02e8,1,0.000000054319
0x02ea,1,0.000000054319
0x02ed,1,0.000000054319
0x02f0,1,0.000000054319
0x02f3,1,0.000000054319
0x02f6,1,0.000000054319
0x02f9,1,0.000000054319
0x02fc,1,0.000000054319
0x02fe,1,0.000000054319
0x0300,1,0.000000054319
0x0303,1,0.000000054319
0x0306,1,0.000000054319
0x0308,1,0.000000054319
0x030b,1,0.000000054319
0x030d,1,0.000000054319
0x0310,1,0.000000054319
0x0314,14,0.000000760463
0x0315,14,0.000000760463
0x0316,14,0.000000760463
0x0317,14,0.000000760463
0x0318,14,0.000000760463
0x0319,14,0.000000760463
0x031a,14,0.000000760463
0x031b,14,0.000000760463
0x031c,14,0.000000760463
0x031d,14,0.000000760463
0x031e,14,0.000000760463
0x0320,2,0.000000108638
0x0321,2,0.000000108638
0x0322,2,0.000000108638
0x0323,2,0.000000108638
0x0324,2,0.000000108638
0x0325,2,0.000000108638
0x0326,2,0.000000108638
0x0327,2,0.000000108638
0x0328,2,0.000000108638
0x0329,2,0.000000108638
0x032a,2,0.000000108638
0x032e,1,0.000000054319
0x0331,8,0.000000434550
0x0333,8,0.000000434550
0x0334,8,0.000000434550
0x0335,8,0.000000434550
0x0337,8,0.000000434550
0x033a,1,0.000000054319
0x033c,1,0.000000054319
0x033f,1,0.000000054319
0x0341,1,0.000000054319
0x0344,1,0.000000054319
0x0346,1,0.000000054319
0x0349,1,0.000000054319
0x034b,1,0.000000054319
0x034e,1,0.000000054319
0x0350,1,0.000000054319
0x0353,1,0.000000054319
0x0355,1,0.000000054319
0x0357,1,0.000000054319
0x0358,1,0.000000054319
0x035b,1,0.000000054319
0x035c,1,0.000000054319
0x035e,1,0.000000054319
0x035f,1,0.000000054319
0x0361,1,0.000000054319
0x0367,4,0.000000217275
0x0369,4,0.000000217275
0x036a,4,0.000000217275
0x036c,4,0.000000217275
0x036f,4,0.000000217275
0x0370,4,0.000000217275
0x0371,4,0.000000217275
0x0373,4,0.000000217275
0x0376,4,0.000000217275
0x0377,8127,0.000441448512
0x037a,8127,0.000441448512
0x037b,8127,0.000441448512
0x037c,8127,0.000441448512
0x037d,8127,0.000441448512
0x0380,26,0.000001412288
0x0383,26,0.000001412288
0x0386,26,0.000001412288
0x0389,9464,0.000514072685
0x038a,9464,0.000514072685
0x038b,9464,0.000514072685
0x038c,9464,0.000514072685
0x038d,9464,0.000514072685
0x038e,9464,0.000514072685
0x038f,9464,0.000514072685
0x0390,9464,0.000514072685
0x0393,676,0.000036719478
0x0394,676,0.000036719478
0x0395,676,0.000036719478
0x0396,676,0.000036719478
0x0397,676,0.000036719478
0x0398,676,0.000036719478
0x0399,676,0.000036719478
0x039a,676,0.000036719478
0x039d,26,0.000001412288
0x03a0,52,0.000002824575
0x03a3,52,0.000002824575
0x03a6,21632,0.001175023281
0x03a7,21632,0.001175023281
0x03a8,21632,0.001175023281
0x03a9,21632,0.001175023281
0x03aa,21632,0.001175023281
0x03ab,21632,0.001175023281
0x03ac,21632,0.001175023281
0x03af,52,0.000002824575
0x03b0,6109,0.000331833267
0x03b3,6109,0.000331833267
0x03b6,6109,0.000331833267
0x03b9,4201,0.000228193084
0x03bc,4201,0.000228193084
0x03bf,4199,0.000228084447
0x03c2,4199,0.000228084447
0x03c5,4199,0.000228084447
0x03c8,2480,0.000134710509
0x03cb,2480,0.000134710509
0x03ce,6106,0.000331670310
0x03d1,6106,0.000331670310
0x03d4,6106,0.000331670310
0x03d5,6106,0.000331670310
0x03d7,6106,0.000331670310
0x03d8,6106,0.000331670310
0x03d9,6106,0.000331670310
0x03e2,1,0.000000054319
0x03e5,1,0.000000054319
0x03e8,1,0.000000054319
0x03eb,2,0.000000108638
0x03ee,2,0.000000108638
0x03f1,3,0.000000162956
0x03f4,3,0.000000162956
0x03f5,3,0.000000162956
0x03f7,3,0.000000162956
0x03f8,3,0.000000162956
0x03fa,3,0.000000162956
0x03fb,3,0.000000162956
0x03fc,3,0.000000162956
0x03fd,3,0.000000162956
0x0400,8574,0.000465728995
0x0403,8574,0.000465728995
0x0406,8574,0.000465728995
0x0407,8574,0.000465728995
0x0408,8574,0.000465728995
0x0409,8574,0.000465728995
0x040a,8574,0.000465728995
0x040b,8574,0.000465728995
0x040c,8574,0.000465728995
0x040d,8574,0.000465728995
0x041e,21,0.000001140694
0x0421,21,0.000001140694
0x0423,21,0.000001140694
0x0424,21,0.000001140694
0x0427,21,0.000001140694
0x0429,21,0.000001140694
0x042a,21,0.000001140694
0x042d,21,0.000001140694
0x0430,5,0.000000271594
0x0433,5,0.000000271594
0x0435,5,0.000000271594
0x0436,5,0.000000271594
0x0438,5,0.000000271594
0x043a,5,0.000000271594
0x043b,5,0.000000271594
0x043d,5,0.000000271594
0x043f,5,0.000000271594
0x0440,2,0.000000108638
0x0441,2,0.000000108638
0x0442,2,0.000000108638
0x0443,2,0.000000108638
0x0445,2,0.000000108638
0x04ac,865,0.000046985722
0x04af,865,0.000046985722
0x04b0,865,0.000046985722
0x04b1,865,0.000046985722
0x04b2,865,0.000046985722
0x04b4,865,0.000046985722
0x04b5,865,0.000046985722
0x04b6,857,0.000046551172
0x04b8,857,0.000046551172
0x04ba,857,0.000046551172
0x04bd,852,0.000046279578
0x04bf,852,0.000046279578
0x04c1,852,0.000046279578
0x04c2,852,0.000046279578
0x04c4,852,0.000046279578
0x04c6,852,0.000046279578
0x04c9,430,0.000023357064
0x04cc,430,0.000023357064
0x04cd,430,0.000023357064
0x04d0,430,0.000023357064
0x04d1,430,0.000023357064
0x04d2,430,0.000023357064
0x04d4,430,0.000023357064
0x04d7,430,0.000023357064
0x04df,430,0.000023357064
0x04e1,430,0.000023357064
0x04e4,430,0.000023357064
0x04e6,422,0.000022922514
0x04e9,422,0.000022922514
0x04ea,422,0.000022922514
0x04eb,422,0.000022922514
0x04ee,422,0.000022922514
0x04f4,422,0.000022922514
0x04f6,422,0.000022922514
0x04f9,422,0.000022922514
0x04fb,2532,0.000137535084
0x04fd,2532,0.000137535084
0x04fe,2532,0.000137535084
0x0501,2532,0.000137535084
0x0502,2532,0.000137535084
0x0505,422,0.000022922514
0x0506,16,0.000000869100
0x0509,16,0.000000869100
0x050b,16,0.000000869100
0x050e,16,0.000000869100
0x0511,16,0.000000869100
0x0514,16,0.000000869100
0x0515,16,0.000000869100
0x0518,16,0.000000869100
0x051b,16,0.000000869100
0x051d,16,0.000000869100
0x0520,16,0.000000869100
0x0523,16,0.000000869100
0x0526,16,0.000000869100
0x0529,16,0.000000869100
0x052c,16,0.000000869100
0x052f,16,0.000000869100
0x0532,16,0.000000869100
0x0535,16,0.000000869100
0x0537,16,0.000000869100
0x053a,16,0.000000869100
0x053d,16,0.000000869100
0x0540,16,0.000000869100
0x0543,16,0.000000869100
0x0547,16,0.000000869100
0x054a,16,0.000000869100
0x054d,16,0.000000869100
0x054f,16,0.000000869100
0x0552,16,0.000000869100
0x0555,16,0.000000869100
0x0557,16,0.000000869100
0x055a,16,0.000000869100
0x0580,18,0.000000977738
0x0583,18,0.000000977738
0x0586,18,0.000000977738
0x0588,18,0.000000977738
0x0589,18,0.000000977738
0x058a,18,0.000000977738
0x058b,18,0.000000977738
0x058d,18,0.000000977738
0x0590,18,0.000000977738
0x0592,18,0.000000977738
0x0595,18,0.000000977738
0x05d8,98,0.000005323238
0x05d9,4368,0.000237264316
0x05da,4368,0.000237264316
0x05db,4368,0.000237264316
0x05dc,4368,0.000237264316
0x05df,98,0.000005323238
0x05e0,984,0.000053449654
0x05e1,984,0.000053449654
0x05e2,984,0.000053449654
0x05e3,984,0.000053449654
0x05e4,984,0.000053449654
0x05e5,984,0.000053449654
0x05e8,38,0.000002064113
0x05ec,16,0.000000869100
0x05ef,16,0.000000869100
0x05f2,16,0.000000869100
0x05f4,16,0.000000869100
0x05f5,16,0.000000869100
0x05f6,16,0.000000869100
0x05f7,16,0.000000869100
0x05f8,16,0.000000869100
0x05f9,16,0.000000869100
0x05fa,100,0.000005431875
0x05fd,100,0.000005431875
0x0600,100,0.000005431875
0x0601,100,0.000005431875
0x0602,100,0.000005431875
0x0603,1519,0.000082510187
0x0604,1519,0.000082510187
0x0605,1519,0.000082510187
0x0606,1519,0.000082510187
0x0607,1519,0.000082510187
0x0608,1519,0.000082510187
0x0609,1519,0.000082510187
0x060a,1519,0.000082510187
0x060d,96,0.000005214600
0x0610,16,0.000000869100
0x0613,16,0.000000869100
0x0616,16,0.000000869100
0x0617,16,0.000000869100
0x0619,16,0.000000869100
0x061a,16,0.000000869100
0x061b,16,0.000000869100
0x061c,16,0.000000869100
0x061d,16,0.000000869100
0x061e,16,0.000000869100
0x061f,16,0.000000869100
0x0621,16,0.000000869100
0x0624,16,0.000000869100
0x0627,16,0.000000869100
0x0628,16,0.000000869100
0x0629,16,0.000000869100
0x062a,175,0.000009505782
0x062b,175,0.000009505782
0x062c,175,0.000009505782
0x062d,175,0.000009505782
0x062e,175,0.000009505782
0x062f,175,0.000009505782
0x0630,175,0.000009505782
0x0631,175,0.000009505782
0x0632,175,0.000009505782
0x0633,175,0.000009505782
0x0634,175,0.000009505782
0x0635,175,0.000009505782
0x0638,12,0.000000651825
0x0650,16,0.000000869100
0x0653,16,0.000000869100
0x0656,16,0.000000869100
0x0658,16,0.000000869100
0x0659,16,0.000000869100
0x065a,16,0.000000869100
0x065b,16,0.000000869100
0x065c,16,0.000000869100
0x065d,16,0.000000869100
0x065e,16,0.000000869100
0x0661,16,0.000000869100
0x0664,16,0.000000869100
0x0665,16,0.000000869100
0x0666,16,0.000000869100
0x0667,175,0.000009505782
0x0668,175,0.000009505782
0x0669,175,0.000009505782
0x066a,175,0.000009505782
0x066b,175,0.000009505782
0x066c,175,0.000009505782
0x066f,12,0.000000651825
0x067a,2644,0.000143618785
0x067d,2644,0.000143618785
0x067e,2644,0.000143618785
0x067f,2644,0.000143618785
0x0682,2644,0.000143618785
0x0684,2644,0.000143618785
0x0685,335,0.000018196783
0x0688,335,0.000018196783
0x068b,335,0.000018196783
0x068c,335,0.000018196783
0x068d,335,0.000018196783
0x068e,335,0.000018196783
0x068f,335,0.000018196783
0x0691,335,0.000018196783
0x0692,335,0.000018196783
0x0693,335,0.000018196783
0x0695,335,0.000018196783
0x0696,335,0.000018196783
0x0697,335,0.000018196783
0x0698,335,0.000018196783
0x0699,8721,0.000473713851
0x069a,8721,0.000473713851
0x069b,8721,0.000473713851
0x069c,8721,0.000473713851
0x069d,8721,0.000473713851
0x069e,8721,0.000473713851
0x069f,8721,0.000473713851
0x06a2,1340,0.000072787130
0x06a3,1340,0.000072787130
0x06a4,1340,0.000072787130
0x06a5,1340,0.000072787130
0x06a8,335,0.000018196783
0x06a9,335,0.000018196783
0x06ac,335,0.000018196783
0x06b0,2511,0.000136394391
0x06b3,2511,0.000136394391
0x06b6,2511,0.000136394391
0x06b7,2511,0.000136394391
0x06b8,2511,0.000136394391
0x06b9,14,0.000000760463
0x06ba,14,0.000000760463
0x06bb,14,0.000000760463
0x06bc,14,0.000000760463
0x06bd,14,0.000000760463
0x06be,14,0.000000760463
0x06bf,14,0.000000760463
0x06c0,14,0.000000760463
0x06c1,14,0.000000760463
0x06c2,14,0.000000760463
0x06c3,14,0.000000760463
0x06c4,14,0.000000760463
0x06c5,14,0.000000760463
0x06c8,14,0.000000760463
0x06ca,14,0.000000760463
0x06cb,14,0.000000760463
0x06cc,14,0.000000760463
0x06cd,14,0.000000760463
0x06cf,14,0.000000760463
0x06d0,14,0.000000760463
0x06d1,14,0.000000760463
0x06d2,14,0.000000760463
0x06d3,14,0.000000760463
0x06d4,14,0.000000760463
0x06d5,14,0.000000760463
0x06d7,14,0.000000760463
0x06d8,14,0.000000760463
0x06da,14,0.000000760463
0x06db,14,0.000000760463
0x06de,14,0.000000760463
0x06df,14,0.000000760463
0x06e1,14,0.000000760463
0x06e2,14,0.000000760463
0x06e3,14,0.000000760463
0x06e4,14,0.000000760463
0x06e7,14,0.000000760463
0x06e8,430,0.000023357064
0x06eb,430,0.000023357064
0x06ed,430,0.000023357064
0x06f0,2511,0.000136394391
0x06f3,2511,0.000136394391
0x06f6,2511,0.000136394391
0x0700,5464,0.000296797670
0x0703,5464,0.000296797670
0x0706,16392,0.000890393011
0x0709,16392,0.000890393011
0x070a,16392,0.000890393011
0x070c,16392,0.000890393011
0x070d,16392,0.000890393011
0x070f,16392,0.000890393011
0x0710,16392,0.000890393011
0x0711,16392,0.000890393011
0x0713,16392,0.000890393011
0x0716,5464,0.000296797670
0x0718,54967,0.002985738937
0x071b,54967,0.002985738937
0x0720,54967,0.002985738937
0x0721,54967,0.002985738937
0x0722,54967,0.002985738937
0x0724,54967,0.002985738937
0x0725,22505,0.001222443553
0x0726,22505,0.001222443553
0x0728,22505,0.001222443553
0x0729,22505,0.001222443553
0x072a,22505,0.001222443553
0x072b,22505,0.001222443553
0x072c,22505,0.001222443553
0x072e,22505,0.001222443553
0x0730,22505,0.001222443553
0x0731,22505,0.001222443553
0x0733,22505,0.001222443553
0x0734,22505,0.001222443553
0x0740,54967,0.002985738937
0x0741,54967,0.002985738937
0x0742,54967,0.002985738937
0x0744,54967,0.002985738937
0x0745,23933,0.001300010733
0x0746,23933,0.001300010733
0x0748,23933,0.001300010733
0x0749,23933,0.001300010733
0x074a,23933,0.001300010733
0x074b,23933,0.001300010733
0x074c,23933,0.001300010733
0x074d,23933,0.001300010733
0x074f,23933,0.001300010733
0x0750,23933,0.001300010733
0x0751,23933,0.001300010733
0x0752,23933,0.001300010733
0x0754,23933,0.001300010733
0x0755,23933,0.001300010733
0x0757,23933,0.001300010733
0x0758,23933,0.001300010733
0x0763,3900,0.000211843140
0x0764,3900,0.000211843140
0x0765,3900,0.000211843140
0x0766,3900,0.000211843140
0x0767,3900,0.000211843140
0x0768,3900,0.000211843140
0x0769,3900,0.000211843140
0x076a,3900,0.000211843140
0x076b,3900,0.000211843140
0x076d,5265,0.000285988238
0x076e,5265,0.000285988238
0x076f,5265,0.000285988238
0x0770,5265,0.000285988238
0x0771,5265,0.000285988238
0x0772,5265,0.000285988238
0x0773,5265,0.000285988238
0x0774,5265,0.000285988238
0x0775,5265,0.000285988238
0x0776,5265,0.000285988238
0x0779,10781,0.000585610484
0x077a,10781,0.000585610484
0x077b,10781,0.000585610484
0x077c,10781,0.000585610484
0x077d,10781,0.000585610484
0x077e,10781,0.000585610484
0x077f,10781,0.000585610484
0x0780,10781,0.000585610484
0x0783,10781,0.000585610484
0x0784,10781,0.000585610484
0x0785,10781,0.000585610484
0x0786,10781,0.000585610484
0x0788,10825,0.000588000509
0x0789,10825,0.000588000509
0x078a,10825,0.000588000509
0x078b,10825,0.000588000509
0x078c,10825,0.000588000509
0x078d,10825,0.000588000509
0x078e,10825,0.000588000509
0x078f,10825,0.000588000509
0x0790,10825,0.000588000509
0x0792,10825,0.000588000509
0x0793,10825,0.000588000509
0x0794,10825,0.000588000509
0x0795,10825,0.000588000509
0x0798,10825,0.000588000509
0x0799,10825,0.000588000509
0x079a,10825,0.000588000509
0x079b,10825,0.000588000509
0x079e,989,0.000053721247
0x079f,989,0.000053721247
0x07a0,989,0.000053721247
0x07a1,989,0.000053721247
0x07a2,989,0.000053721247
0x07a3,989,0.000053721247
0x07a4,989,0.000053721247
0x07a5,989,0.000053721247
0x07a6,989,0.000053721247
0x07a7,989,0.000053721247
0x07a8,989,0.000053721247
0x07aa,994,0.000053992841
0x07ab,994,0.000053992841
0x07ac,994,0.000053992841
0x07ad,994,0.000053992841
0x07ae,994,0.000053992841
0x07af,994,0.000053992841
0x07b0,994,0.000053992841
0x07b1,994,0.000053992841
0x07b2,994,0.000053992841
0x07b4,994,0.000053992841
0x07b5,994,0.000053992841
0x07b6,994,0.000053992841
0x07b7,994,0.000053992841
0x07b8,994,0.000053992841
0x07b9,994,0.000053992841
0x07ba,994,0.000053992841
0x07bb,994,0.000053992841
0x07be,6835,0.000371268682
0x07bf,6835,0.000371268682
0x07c0,6835,0.000371268682
0x07c1,6835,0.000371268682
0x07c2,6835,0.000371268682
0x07c3,6835,0.000371268682
0x07c4,6835,0.000371268682
0x07c5,6835,0.000371268682
0x07c6,6835,0.000371268682
0x07c7,6835,0.000371268682
0x07ca,6835,0.000371268682
0x07cb,6835,0.000371268682
0x07cc,6835,0.000371268682
0x07cd,6835,0.000371268682
0x07ce,6835,0.000371268682
0x07cf,6835,0.000371268682
0x07d2,6849,0.000372029144
0x07d3,6849,0.000372029144
0x07d4,6849,0.000372029144
0x07d5,6849,0.000372029144
0x07d6,6849,0.000372029144
0x07d7,6849,0.000372029144
0x07d8,6849,0.000372029144
0x07d9,6849,0.000372029144
0x07da,6849,0.000372029144
0x07dc,6863,0.000372789607
0x07dd,6863,0.000372789607
0x07de,6863,0.000372789607
0x07df,6863,0.000372789607
0x07e0,6863,0.000372789607
0x07e1,6863,0.000372789607
0x07e2,6863,0.000372789607
0x07e3,6863,0.000372789607
0x07e4,6863,0.000372789607
0x07e7,6863,0.000372789607
0x07e8,6863,0.000372789607
0x07e9,6863,0.000372789607
0x07ea,6863,0.000372789607
0x07eb,6863,0.000372789607
0x07ec,6863,0.000372789607
0x07ed,6863,0.000372789607
0x07ee,6863,0.000372789607
0x07f0,5,0.000000271594
0x07f3,5,0.000000271594
0x07f6,5,0.000000271594
0x07f9,5,0.000000271594
0x0800,6515,0.000353886681
0x0803,6515,0.000353886681
0x0806,6515,0.000353886681
0x0807,6515,0.000353886681
0x0809,6515,0.000353886681
0x080a,6515,0.000353886681
0x080b,6515,0.000353886681
0x080c,6515,0.000353886681
0x080d,6515,0.000353886681
0x080e,6515,0.000353886681
0x080f,6515,0.000353886681
0x0834,813,0.000044161147
0x0837,813,0.000044161147
0x083a,813,0.000044161147
0x083b,813,0.000044161147
0x083c,813,0.000044161147
0x083e,813,0.000044161147
0x083f,84,0.000004562775
0x0842,84,0.000004562775
0x0845,84,0.000004562775
0x0848,155,0.000008419407
0x084b,155,0.000008419407
0x084c,155,0.000008419407
0x084d,155,0.000008419407
0x084e,5,0.000000271594
0x0850,5,0.000000271594
0x0851,5,0.000000271594
0x0853,5,0.000000271594
0x0855,5,0.000000271594
0x085a,84,0.000004562775
0x085d,84,0.000004562775
0x085f,84,0.000004562775
0x0860,68,0.000003693675
0x0862,68,0.000003693675
0x0864,68,0.000003693675
0x0865,52,0.000002824575
0x0867,52,0.000002824575
0x0869,52,0.000002824575
0x086a,36,0.000001955475
0x086c,36,0.000001955475
0x086e,36,0.000001955475
0x086f,20,0.000001086375
0x0871,20,0.000001086375
0x0876,5464,0.000296797670
0x0879,5464,0.000296797670
0x087c,5464,0.000296797670
0x087f,5464,0.000296797670
0x0882,5464,0.000296797670
0x0885,5464,0.000296797670
0x0886,5464,0.000296797670
0x0889,5464,0.000296797670
0x088b,30047,0.001632115594
0x088c,30047,0.001632115594
0x088d,30047,0.001632115594
0x088e,30047,0.001632115594
0x088f,30047,0.001632115594
0x0890,30047,0.001632115594
0x0891,30047,0.001632115594
0x0892,30047,0.001632115594
0x0893,30047,0.001632115594
0x0894,30047,0.001632115594
0x0897,8195,0.000445142187
0x08a0,5464,0.000296797670
0x08a3,5464,0.000296797670
0x08a6,5464,0.000296797670
0x08a9,5464,0.000296797670
0x08ac,5464,0.000296797670
0x08ae,5464,0.000296797670
0x08b0,5464,0.000296797670
0x08c4,5464,0.000296797670
0x08c7,5464,0.000296797670
0x08c8,5464,0.000296797670
0x08ca,5464,0.000296797670
0x08cd,5340,0.000290062145
0x08cf,5340,0.000290062145
0x08d0,5340,0.000290062145
0x08d1,5340,0.000290062145
0x08d4,4956,0.000269203744
0x08d6,4956,0.000269203744
0x08d9,4956,0.000269203744
0x08dc,2,0.000000108638
0x08de,2,0.000000108638
0x08e0,2,0.000000108638
0x08e2,2,0.000000108638
0x08e3,2,0.000000108638
0x08e5,2,0.000000108638
0x08e6,2,0.000000108638
0x08e8,2,0.000000108638
0x08ea,386,0.000020967039
0x08eb,5340,0.000290062145
0x08ed,5340,0.000290062145
0x08f0,5340,0.000290062145
0x08f3,5340,0.000290062145
0x0900,5340,0.000290062145
0x0903,5340,0.000290062145
0x0904,5340,0.000290062145
0x0906,5340,0.000290062145
0x0907,4346,0.000236069304
0x0909,4346,0.000236069304
0x090c,2166,0.000117654421
0x090d,2166,0.000117654421
0x090f,2166,0.000117654421
0x0910,2166,0.000117654421
0x0911,2166,0.000117654421
0x0913,2166,0.000117654421
0x0916,2166,0.000117654421
0x0917,2180,0.000118414883
0x0918,2180,0.000118414883
0x091a,2180,0.000118414883
0x091b,2180,0.000118414883
0x091c,2180,0.000118414883
0x091e,2180,0.000118414883
0x0921,2180,0.000118414883
0x0926,5471,0.000297177902
0x0927,5471,0.000297177902
0x0929,5471,0.000297177902
0x092a,5471,0.000297177902
0x092b,5471,0.000297177902
0x092c,5471,0.000297177902
0x092d,5471,0.000297177902
0x092e,5471,0.000297177902
0x0930,5464,0.000296797670
0x0931,5464,0.000296797670
0x0933,5464,0.000296797670
0x0936,3413,0.000185389907
0x0937,3413,0.000185389907
0x0939,3413,0.000185389907
0x093c,3413,0.000185389907
0x093d,131,0.000007115757
0x093e,131,0.000007115757
0x0940,131,0.000007115757
0x0941,131,0.000007115757
0x0942,131,0.000007115757
0x0944,131,0.000007115757
0x0945,131,0.000007115757
0x0946,131,0.000007115757
0x0947,131,0.000007115757
0x094a,131,0.000007115757
0x094c,131,0.000007115757
0x094d,131,0.000007115757
0x094e,131,0.000007115757
0x0951,131,0.000007115757
0x0953,131,0.000007115757
0x0954,131,0.000007115757
0x0955,131,0.000007115757
0x0956,131,0.000007115757
0x0959,131,0.000007115757
0x095c,131,0.000007115757
0x095e,131,0.000007115757
0x0961,131,0.000007115757
0x0964,2051,0.000111407764
0x0965,2051,0.000111407764
0x0966,2051,0.000111407764
0x0967,2051,0.000111407764
0x0968,2051,0.000111407764
0x096a,2051,0.000111407764
0x096b,2051,0.000111407764
0x096d,2051,0.000111407764
0x096e,108,0.000005866425
0x096f,108,0.000005866425
0x0970,108,0.000005866425
0x0971,108,0.000005866425
0x0972,108,0.000005866425
0x0974,108,0.000005866425
0x0975,108,0.000005866425
0x097a,5464,0.000296797670
0x097d,5464,0.000296797670
0x097e,5464,0.000296797670
0x0980,5464,0.000296797670
0x0981,5464,0.000296797670
0x0984,5464,0.000296797670
0x0985,5464,0.000296797670
0x0986,5464,0.000296797670
0x0987,5464,0.000296797670
0x0988,5464,0.000296797670
0x098b,5464,0.000296797670
0x098c,5464,0.000296797670
0x098d,5464,0.000296797670
0x098e,5464,0.000296797670
0x0991,5464,0.000296797670
0x09a0,5480,0.000297666771
0x09a3,5480,0.000297666771
0x09a6,16440,0.000893000312
0x09a9,16440,0.000893000312
0x09aa,16440,0.000893000312
0x09ab,16440,0.000893000312
0x09ac,16440,0.000893000312
0x09ad,16440,0.000893000312
0x09ae,16440,0.000893000312
0x09af,16440,0.000893000312
0x09b0,16440,0.000893000312
0x09b2,16440,0.000893000312
0x09b5,5480,0.000297666771
0x09ba,43569,0.002366613782
0x09bd,43569,0.002366613782
0x09be,43569,0.002366613782
0x09c0,43569,0.002366613782
0x09c1,43569,0.002366613782
0x09c2,43569,0.002366613782
0x09c3,43569,0.002366613782
0x09c4,43569,0.002366613782
0x09c5,43569,0.002366613782
0x09c6,43569,0.002366613782
0x09c7,43569,0.002366613782
0x09c8,43569,0.002366613782
0x09c9,43569,0.002366613782
0x09ca,43569,0.002366613782
0x09cc,43569,0.002366613782
0x09cd,43569,0.002366613782
0x09ce,43569,0.002366613782
0x09cf,43569,0.002366613782
0x09d0,43569,0.002366613782
0x09d1,43569,0.002366613782
0x0a50,1246,0.000067681167
0x0a53,1246,0.000067681167
0x0a56,24920,0.001353623343
0x0a57,24920,0.001353623343
0x0a5a,24920,0.001353623343
0x0a5b,24920,0.001353623343
0x0a5c,24920,0.001353623343
0x0a5e,24920,0.001353623343
0x0a5f,24920,0.001353623343
0x0a61,24920,0.001353623343
0x0a62,24920,0.001353623343
0x0a63,24920,0.001353623343
0x0a64,24920,0.001353623343
0x0a67,1246,0.000067681167
0x0a6c,1174,0.000063770217
0x0a6f,1174,0.000063770217
0x0a72,23480,0.001275404338
0x0a73,23480,0.001275404338
0x0a74,23480,0.001275404338
0x0a75,23480,0.001275404338
0x0a77,23480,0.001275404338
0x0a7a,13474,0.000731890888
0x0a7b,13474,0.000731890888
0x0a7c,13474,0.000731890888
0x0a7d,13474,0.000731890888
0x0a7e,13474,0.000731890888
0x0a7f,13474,0.000731890888
0x0a80,13474,0.000731890888
0x0a81,13474,0.000731890888
0x0a82,13474,0.000731890888
0x0a83,13474,0.000731890888
0x0a84,13474,0.000731890888
0x0a85,13474,0.000731890888
0x0a86,13474,0.000731890888
0x0a87,13474,0.000731890888
0x0a8a,23480,0.001275404338
0x0a8b,23480,0.001275404338
0x0a8c,23480,0.001275404338
0x0a8d,23480,0.001275404338
0x0a8f,23480,0.001275404338
0x0a90,23480,0.001275404338
0x0a91,23480,0.001275404338
0x0a93,23480,0.001275404338
0x0a94,23480,0.001275404338
0x0a96,23480,0.001275404338
0x0a99,1174,0.000063770217
0x0aa0,124,0.000006735525
0x0aa2,124,0.000006735525
0x0aa3,124,0.000006735525
0x0aa4,124,0.000006735525
0x0aa5,124,0.000006735525
0x0aa8,124,0.000006735525
0x0aa9,124,0.000006735525
0x0aac,124,0.000006735525
0x0aae,124,0.000006735525
0x0aaf,124,0.000006735525
0x0ab0,124,0.000006735525
0x0ab3,124,0.000006735525
0x0ab5,124,0.000006735525
0x0ab8,122,0.000006626888
0x0abb,122,0.000006626888
0x0abd,122,0.000006626888
0x0abe,122,0.000006626888
0x0abf,122,0.000006626888
0x0ac0,122,0.000006626888
0x0ac1,122,0.000006626888
0x0ad6,2428,0.000131885934
0x0ad7,2428,0.000131885934
0x0ad8,9712,0.000527543736
0x0ad9,9712,0.000527543736
0x0ada,9712,0.000527543736
0x0adb,9712,0.000527543736
0x0adc,9712,0.000527543736
0x0add,9712,0.000527543736
0x0ae0,2428,0.000131885934
0x0ae1,2428,0.000131885934
0x0ae2,2428,0.000131885934
0x0ae5,2428,0.000131885934
0x0ae6,2428,0.000131885934
0x0ae9,973,0.000052852147
0x0aea,692,0.000037588578
0x0aed,692,0.000037588578
0x0aee,692,0.000037588578
0x0af0,692,0.000037588578
0x0af1,692,0.000037588578
0x0af4,692,0.000037588578
0x0af6,692,0.000037588578
0x0af7,692,0.000037588578
0x0af8,692,0.000037588578
0x0af9,692,0.000037588578
0x0afc,692,0.000037588578
0x0afd,692,0.000037588578
0x0afe,692,0.000037588578
0x0b00,692,0.000037588578
0x0b01,692,0.000037588578
0x0b02,692,0.000037588578
0x0b05,685,0.000037208346
0x0b07,685,0.000037208346
0x0b0a,468,0.000025421177
0x0b0d,461,0.000025040945
0x0b15,7,0.000000380231
0x0b16,7,0.000000380231
0x0b18,7,0.000000380231
0x0b19,7,0.000000380231
0x0b1a,7,0.000000380231
0x0b1c,7,0.000000380231
0x0b1d,7,0.000000380231
0x0b1e,7,0.000000380231
0x0b1f,7,0.000000380231
0x0b20,3,0.000000162956
0x0b21,3,0.000000162956
0x0b22,3,0.000000162956
0x0b25,3,0.000000162956
0x0b26,3,0.000000162956
0x0b27,3,0.000000162956
0x0b28,3,0.000000162956
0x0b29,2,0.000000108638
0x0b2b,2,0.000000108638
0x0b2d,2,0.000000108638
0x0b48,2,0.000000108638
0x0b4b,2,0.000000108638
0x0b4e,2,0.000000108638
0x0b50,2,0.000000108638
0x0b51,2,0.000000108638
0x0b53,2,0.000000108638
0x0b54,2,0.000000108638
0x0b55,2,0.000000108638
0x0b57,2,0.000000108638
0x0b59,2,0.000000108638
0x0b5a,2,0.000000108638
0x0b60,481,0.000026127321
0x0b63,481,0.000026127321
0x0b64,481,0.000026127321
0x0b65,481,0.000026127321
0x0b67,481,0.000026127321
0x0b6a,478,0.000025964364
0x0b6d,478,0.000025964364
0x0b6f,478,0.000025964364
0x0b71,478,0.000025964364
0x0b74,2,0.000000108638
0x0b77,2,0.000000108638
0x0b79,2,0.000000108638
0x0b7b,2,0.000000108638
0x0b7c,2,0.000000108638
0x0b7d,2,0.000000108638
0x0b7e,2,0.000000108638
0x0b7f,2,0.000000108638
0x0b80,2,0.000000108638
0x0b82,2,0.000000108638
0x0b83,2,0.000000108638
0x0b84,2,0.000000108638
0x0b85,2,0.000000108638
0x0b87,2,0.000000108638
0x0b88,2,0.000000108638
0x0b89,2,0.000000108638
0x0b8a,2,0.000000108638
0x0b8b,2,0.000000108638
0x0b95,476,0.000025855727
0x0b98,476,0.000025855727
0x0b9b,476,0.000025855727
0x0ba0,217,0.000011787170
0x0ba3,217,0.000011787170
0x0ba4,217,0.000011787170
0x0ba6,217,0.000011787170
0x0ba8,217,0.000011787170
0x0ba9,62,0.000003367763
0x0bab,62,0.000003367763
0x0bac,31,0.000001683881
0x0bad,31,0.000001683881
0x0bae,31,0.000001683881
0x0baf,31,0.000001683881
0x0bb2,31,0.000001683881
0x0bba,461,0.000025040945
0x0bbb,461,0.000025040945
0x0bbc,461,0.000025040945
0x0bbf,234,0.000012710588
0x0bc0,234,0.000012710588
0x0bc1,234,0.000012710588
0x0bc4,117,0.000006355294
0x0bca,2,0.000000108638
0x0bcd,2,0.000000108638
0x0bd0,2,0.000000108638
0x0bd2,2,0.000000108638
0x0bd3,2,0.000000108638
0x0bd4,2,0.000000108638
0x0bd6,2,0.000000108638
0x0bd9,2,0.000000108638
0x0bdc,2,0.000000108638
0x0bdf,2,0.000000108638
0x0be2,2,0.000000108638
0x0be5,2,0.000000108638
0x0be8,2,0.000000108638
0x0beb,2,0.000000108638
0x0bee,2,0.000000108638
0x0bf1,2,0.000000108638
0x0c00,1,0.000000054319
0x0c01,1,0.000000054319
0x0c02,1,0.000000054319
0x0c04,1,0.000000054319
0x0c05,1,0.000000054319
0x0c07,1,0.000000054319
0x0c08,1,0.000000054319
0x0c09,1,0.000000054319
0x0c0a,1,0.000000054319
0x0c0b,1,0.000000054319
0x0c0c,1,0.000000054319
0x0c0f,1,0.000000054319
0x0c10,1,0.000000054319
0x0c11,1,0.000000054319
0x0c13,1,0.000000054319
0x0c16,1,0.000000054319
0x0c18,1,0.000000054319
0x0c40,2731,0.000148344516
0x0c43,2731,0.000148344516
0x0c45,2731,0.000148344516
0x0c48,2731,0.000148344516
0x0c4b,2731,0.000148344516
0x0c4e,2731,0.000148344516
0x0c51,2731,0.000148344516
0x0c56,2731,0.000148344516
0x0c59,13655,0.000741722582
0x0c5a,13655,0.000741722582
0x0c5d,13655,0.000741722582
0x0c5e,13655,0.000741722582
0x0c5f,13655,0.000741722582
0x0c61,13655,0.000741722582
0x0c62,13655,0.000741722582
0x0c64,13655,0.000741722582
0x0c67,2731,0.000148344516
0x0c6b,2731,0.000148344516
0x0c6e,2731,0.000148344516
0x0c71,13655,0.000741722582
0x0c74,13655,0.000741722582
0x0c75,13655,0.000741722582
0x0c76,13655,0.000741722582
0x0c77,13655,0.000741722582
0x0c78,13655,0.000741722582
0x0c79,13655,0.000741722582
0x0c7a,13655,0.000741722582
0x0c7b,13655,0.000741722582
0x0c7d,13655,0.000741722582
0x0c80,2731,0.000148344516
0x0c84,13655,0.000741722582
0x0c85,13655,0.000741722582
0x0c87,13655,0.000741722582
0x0c88,1928,0.000104726557
0x0c89,1928,0.000104726557
0x0c8a,1928,0.000104726557
0x0c8b,1928,0.000104726557
0x0c8c,1928,0.000104726557
0x0c8e,1928,0.000104726557
0x0c8f,1928,0.000104726557
0x0c90,1928,0.000104726557
0x0c91,1928,0.000104726557
0x0c92,1928,0.000104726557
0x0c94,1928,0.000104726557
0x0c95,1928,0.000104726557
0x0c97,1928,0.000104726557
0x0c9a,1876,0.000101901982
0x0c9b,1876,0.000101901982
0x0c9e,1876,0.000101901982
0x0c9f,1876,0.000101901982
0x0ca0,1876,0.000101901982
0x0ca2,1876,0.000101901982
0x0ca3,1876,0.000101901982
0x0ca4,1876,0.000101901982
0x0ca5,1876,0.000101901982
0x0ca6,1876,0.000101901982
0x0ca7,1876,0.000101901982
0x0ca8,1876,0.000101901982
0x0ca9,1876,0.000101901982
0x0caa,1876,0.000101901982
0x0cac,1876,0.000101901982
0x0caf,1870,0.000101576070
0x0cb4,1876,0.000101901982
0x0cb6,1876,0.000101901982
0x0cb7,426,0.000023139789
0x0cb9,426,0.000023139789
0x0cba,218,0.000011841488
0x0cbd,218,0.000011841488
0x0cbe,218,0.000011841488
0x0cbf,66,0.000003585038
0x0cc2,66,0.000003585038
0x0cc3,66,0.000003585038
0x0cc4,8,0.000000434550
0x0cc6,8,0.000000434550
0x0cc9,8,0.000000434550
0x0ccb,8,0.000000434550
0x0cce,8,0.000000434550
0x0cd0,8,0.000000434550
0x0cd3,8,0.000000434550
0x0cd8,2731,0.000148344516
0x0cdb,2731,0.000148344516
0x0cde,13655,0.000741722582
0x0cdf,13655,0.000741722582
0x0ce2,13655,0.000741722582
0x0ce3,13655,0.000741722582
0x0ce4,13655,0.000741722582
0x0ce6,13655,0.000741722582
0x0ce7,13655,0.000741722582
0x0ce9,13655,0.000741722582
0x0cea,13655,0.000741722582
0x0ceb,13655,0.000741722582
0x0cec,13655,0.000741722582
0x0cef,2731,0.000148344516
0x0cf4,3,0.000000162956
0x0cf5,3,0.000000162956
0x0cf6,3,0.000000162956
0x0d1c,1158,0.000062901117
0x0d1f,1158,0.000062901117
0x0d22,18528,0.001006417869
0x0d25,18528,0.001006417869
0x0d26,18528,0.001006417869
0x0d27,18528,0.001006417869
0x0d28,18528,0.001006417869
0x0d2a,18528,0.001006417869
0x0d2b,18528,0.001006417869
0x0d2e,1158,0.000062901117
0x0d30,18528,0.001006417869
0x0d31,18528,0.001006417869
0x0d32,18528,0.001006417869
0x0d33,18528,0.001006417869
0x0d34,18528,0.001006417869
0x0d35,18528,0.001006417869
0x0d37,18528,0.001006417869
0x0d38,13295,0.000722167831
0x0d39,13295,0.000722167831
0x0d3a,13295,0.000722167831
0x0d3b,13295,0.000722167831
0x0d3c,13295,0.000722167831
0x0d3e,13295,0.000722167831
0x0d3f,13295,0.000722167831
0x0d41,13295,0.000722167831
0x0d42,13295,0.000722167831
0x0d43,13295,0.000722167831
0x0d46,12273,0.000666654065
0x0d47,12273,0.000666654065
0x0d48,12273,0.000666654065
0x0d4b,1515,0.000082292912
0x0d4c,1515,0.000082292912
0x0d4d,1515,0.000082292912
0x0d4e,1515,0.000082292912
0x0d4f,2537,0.000137806678
0x0d50,2537,0.000137806678
0x0d51,2537,0.000137806678
0x0d52,2537,0.000137806678
0x0d53,2537,0.000137806678
0x0d54,2537,0.000137806678
0x0d55,2537,0.000137806678
0x0d57,2537,0.000137806678
0x0d58,2537,0.000137806678
0x0d59,1070,0.000058121067
0x0d5a,1070,0.000058121067
0x0d5e,10758,0.000584361153
0x0d5f,10758,0.000584361153
0x0d60,10758,0.000584361153
0x0d61,10758,0.000584361153
0x0d62,10758,0.000584361153
0x0d64,10758,0.000584361153
0x0d65,10758,0.000584361153
0x0d66,1619,0.000087942062
0x0d67,1619,0.000087942062
0x0d70,1158,0.000062901117
0x0d73,1158,0.000062901117
0x0d76,18528,0.001006417869
0x0d79,18528,0.001006417869
0x0d7a,18528,0.001006417869
0x0d7c,18528,0.001006417869
0x0d7d,18528,0.001006417869
0x0d7f,18528,0.001006417869
0x0d80,18528,0.001006417869
0x0d83,1158,0.000062901117
0x0d86,18528,0.001006417869
0x0d87,18528,0.001006417869
0x0d88,18528,0.001006417869
0x0d89,18528,0.001006417869
0x0d8a,18528,0.001006417869
0x0d8b,18528,0.001006417869
0x0d8d,18528,0.001006417869
0x0d8e,13287,0.000721733281
0x0d8f,13287,0.000721733281
0x0d90,13287,0.000721733281
0x0d91,13287,0.000721733281
0x0d94,13287,0.000721733281
0x0d95,13287,0.000721733281
0x0d96,13287,0.000721733281
0x0d97,13287,0.000721733281
0x0d99,13287,0.000721733281
0x0d9a,13287,0.000721733281
0x0d9c,13287,0.000721733281
0x0d9d,13287,0.000721733281
0x0d9f,13287,0.000721733281
0x0da0,13287,0.000721733281
0x0da1,13287,0.000721733281
0x0da2,13287,0.000721733281
0x0da3,13287,0.000721733281
0x0da4,13287,0.000721733281
0x0da5,13287,0.000721733281
0x0da6,13287,0.000721733281
0x0da7,13287,0.000721733281
0x0da8,13287,0.000721733281
0x0dab,12505,0.000679256016
0x0dac,12505,0.000679256016
0x0daf,1724,0.000093645531
0x0db0,1724,0.000093645531
0x0db1,1724,0.000093645531
0x0db3,1724,0.000093645531
0x0db4,1724,0.000093645531
0x0db5,1724,0.000093645531
0x0dbb,782,0.000042477265
0x0dbc,782,0.000042477265
0x0dbd,782,0.000042477265
0x0dbf,782,0.000042477265
0x0dc0,782,0.000042477265
0x0dc1,782,0.000042477265
0x0dc2,782,0.000042477265
0x0dc3,782,0.000042477265
0x0dc5,782,0.000042477265
0x0dc6,782,0.000042477265
0x0dcc,10781,0.000585610484
0x0dcd,10781,0.000585610484
0x0dce,10781,0.000585610484
0x0dcf,10781,0.000585610484
0x0dd1,10781,0.000585610484
0x0dd2,13287,0.000721733281
0x0dd3,13287,0.000721733281
0x0dd5,13287,0.000721733281
0x0dd6,13287,0.000721733281
0x0dd7,13287,0.000721733281
0x0dd8,13287,0.000721733281
0x0dd9,13287,0.000721733281
0x0dda,13287,0.000721733281
0x0dde,52,0.000002824575
0x0ddf,52,0.000002824575
0x0de0,52,0.000002824575
0x0de3,52,0.000002824575
0x0de4,52,0.000002824575
0x0de5,52,0.000002824575
0x0de6,52,0.000002824575
0x0de9,52,0.000002824575
0x0dea,52,0.000002824575
0x0deb,52,0.000002824575
0x0dec,52,0.000002824575
0x0ded,52,0.000002824575
0x0df0,4200,0.000228138766
0x0df3,4200,0.000228138766
0x0df6,4200,0.000228138766
0x0df9,4200,0.000228138766
0x0dfc,4200,0.000228138766
0x0dff,4200,0.000228138766
0x0e10,8400,0.000456277531
0x0e11,8400,0.000456277531
0x0e13,8400,0.000456277531
0x0e14,1526,0.000082890418
0x0e15,1526,0.000082890418
0x0e16,1526,0.000082890418
0x0e17,1526,0.000082890418
0x0e18,1526,0.000082890418
0x0e1a,1526,0.000082890418
0x0e1b,1526,0.000082890418
0x0e1d,1526,0.000082890418
0x0e1e,34,0.000001846838
0x0e20,34,0.000001846838
0x0e23,29,0.000001575244
0x0e25,29,0.000001575244
0x0e26,29,0.000001575244
0x0e27,29,0.000001575244
0x0e29,29,0.000001575244
0x0e2a,29,0.000001575244
0x0e2c,29,0.000001575244
0x0e2d,29,0.000001575244
0x0e2e,29,0.000001575244
0x0e2f,29,0.000001575244
0x0e31,29,0.000001575244
0x0e32,29,0.000001575244
0x0e33,27,0.000001466606
0x0e34,27,0.000001466606
0x0e35,27,0.000001466606
0x0e36,23,0.000001249331
0x0e39,5,0.000000271594
0x0e3a,5,0.000000271594
0x0e3b,5,0.000000271594
0x0e3c,5,0.000000271594
0x0e3d,5,0.000000271594
0x0e3e,5,0.000000271594
0x0e3f,5,0.000000271594
0x0e41,5,0.000000271594
0x0e42,5,0.000000271594
0x0e45,73,0.000003965269
0x0e46,73,0.000003965269
0x0e47,73,0.000003965269
0x0e48,73,0.000003965269
0x0e4a,73,0.000003965269
0x0e4d,72,0.000003910950
0x0e4e,72,0.000003910950
0x0e4f,72,0.000003910950
0x0e51,72,0.000003910950
0x0e52,72,0.000003910950
0x0e55,4,0.000000217275
0x0e58,41,0.000002227069
0x0e59,41,0.000002227069
0x0e5a,41,0.000002227069
0x0e5b,11,0.000000597506
0x0e5c,11,0.000000597506
0x0e5e,11,0.000000597506
0x0e5f,11,0.000000597506
0x0e60,4,0.000000217275
0x0e61,4,0.000000217275
0x0e62,4,0.000000217275
0x0e63,4,0.000000217275
0x0e65,4,0.000000217275
0x0e66,4,0.000000217275
0x0e67,1,0.000000054319
0x0e69,1,0.000000054319
0x0e6a,1,0.000000054319
0x0e6b,1,0.000000054319
0x0e70,23,0.000001249331
0x0e71,23,0.000001249331
0x0e72,23,0.000001249331
0x0e74,23,0.000001249331
0x0e75,23,0.000001249331
0x0e76,23,0.000001249331
0x0e77,23,0.000001249331
0x0e78,23,0.000001249331
0x0e7a,23,0.000001249331
0x0e7b,23,0.000001249331
0x0e7e,146,0.000007930538
0x0e7f,146,0.000007930538
0x0e80,146,0.000007930538
0x0e81,146,0.000007930538
0x0e83,146,0.000007930538
0x0e86,123,0.000006681207
0x0e87,123,0.000006681207
0x0e88,123,0.000006681207
0x0e8a,123,0.000006681207
0x0e8b,123,0.000006681207
0x0e90,118,0.000006409613
0x0e91,118,0.000006409613
0x0e93,118,0.000006409613
0x0e94,118,0.000006409613
0x0e95,61,0.000003313444
0x0e97,61,0.000003313444
0x0e98,61,0.000003313444
0x0e99,25,0.000001357969
0x0e9a,25,0.000001357969
0x0e9b,25,0.000001357969
0x0e9c,25,0.000001357969
0x0e9e,25,0.000001357969
0x0e9f,25,0.000001357969
0x0ea0,23,0.000001249331
0x0ea3,23,0.000001249331
0x0ea4,24,0.000001303650
0x0ea5,24,0.000001303650
0x0ea6,24,0.000001303650
0x0ea7,24,0.000001303650
0x0ea8,24,0.000001303650
0x0ea9,24,0.000001303650
0x0eaa,24,0.000001303650
0x0eac,24,0.000001303650
0x0ead,27,0.000001466606
0x0eae,27,0.000001466606
0x0eb0,27,0.000001466606
0x0eb1,27,0.000001466606
0x0eb2,27,0.000001466606
0x0eb4,27,0.000001466606
0x0eb5,27,0.000001466606
0x0eb6,27,0.000001466606
0x0eb7,27,0.000001466606
0x0eb8,27,0.000001466606
0x0ebb,27,0.000001466606
0x0ebc,27,0.000001466606
0x0ebe,27,0.000001466606
0x0ec1,27,0.000001466606
0x0ec3,27,0.000001466606
0x0ec4,27,0.000001466606
0x0ec5,27,0.000001466606
0x0ed5,27,0.000001466606
0x0ed6,27,0.000001466606
0x0ed7,27,0.000001466606
0x0ed8,27,0.000001466606
0x0ed9,27,0.000001466606
0x0eda,27,0.000001466606
0x0edb,27,0.000001466606
0x0edc,27,0.000001466606
0x0ede,27,0.000001466606
0x0ee0,27,0.000001466606
0x0ee2,27,0.000001466606
0x0ee3,27,0.000001466606
0x0ee4,27,0.000001466606
0x0ee5,27,0.000001466606
0x0f00,1162,0.000063118392
0x0f03,1162,0.000063118392
0x0f04,1162,0.000063118392
0x0f06,1162,0.000063118392
0x0f09,1162,0.000063118392
0x0f0b,1162,0.000063118392
0x0f0c,1162,0.000063118392
0x0f0d,1162,0.000063118392
0x0f0e,1162,0.000063118392
0x0f11,1162,0.000063118392
0x0f14,1162,0.000063118392
0x0f15,3,0.000000162956
0x0f16,3,0.000000162956
0x0f17,3,0.000000162956
0x0f1a,3,0.000000162956
0x0f1b,3,0.000000162956
0x0f1d,3,0.000000162956
0x0f1e,3,0.000000162956
0x0f1f,3,0.000000162956
0x0f20,3,0.000000162956
0x0f23,14,0.000000760463
0x0f24,14,0.000000760463
0x0f25,14,0.000000760463
0x0f26,14,0.000000760463
0x0f28,14,0.000000760463
0x0f2b,11,0.000000597506
0x0f2c,11,0.000000597506
0x0f2d,11,0.000000597506
0x0f2f,11,0.000000597506
0x0f30,11,0.000000597506
0x0f38,6,0.000000325913
0x0f39,6,0.000000325913
0x0f3a,6,0.000000325913
0x0f3b,6,0.000000325913
0x0f3d,6,0.000000325913
0x0f3e,4,0.000000217275
0x0f40,4,0.000000217275
0x0f41,3,0.000000162956
0x0f42,3,0.000000162956
0x0f43,3,0.000000162956
0x0f44,3,0.000000162956
0x0f45,3,0.000000162956
0x0f46,3,0.000000162956
0x0f49,3,0.000000162956
0x0f4c,3,0.000000162956
0x0f4d,3,0.000000162956
0x0f4e,3,0.000000162956
0x0f56,2322,0.000126128146
0x0f57,2322,0.000126128146
0x0f58,4642,0.000252147655
0x0f59,4642,0.000252147655
0x0f5b,4642,0.000252147655
0x0f5e,3,0.000000162956
0x0f60,3,0.000000162956
0x0f63,4639,0.000251984699
0x0f64,4639,0.000251984699
0x0f65,4639,0.000251984699
0x0f68,2319,0.000125965190
0x0f69,2319,0.000125965190
0x0f6a,2319,0.000125965190
0x0f6d,2319,0.000125965190
0x0f6e,2319,0.000125965190
0x0f71,1159,0.000062955436
0x0fc0,2957,0.000160620555
0x0fc3,2957,0.000160620555
0x0fc6,2957,0.000160620555
0x0fc9,2957,0.000160620555
0x0fcc,2957,0.000160620555
0x0fcf,2957,0.000160620555
0x0fd2,2957,0.000160620555
0x0fd5,2957,0.000160620555
0x0fd8,5914,0.000321241110
0x0fd9,5914,0.000321241110
0x0fda,5914,0.000321241110
0x0fdb,379,0.000020586808
0x0fdc,379,0.000020586808
0x0fdd,379,0.000020586808
0x0fde,379,0.000020586808
0x0fdf,379,0.000020586808
0x0fe0,379,0.000020586808
0x0fe1,379,0.000020586808
0x0fe2,379,0.000020586808
0x0fe3,379,0.000020586808
0x0fe6,379,0.000020586808
0x0fe7,379,0.000020586808
0x0fe9,379,0.000020586808
0x0fea,379,0.000020586808
0x0fec,379,0.000020586808
0x0fed,379,0.000020586808
0x0fef,379,0.000020586808
0x0ff0,379,0.000020586808
0x0ff1,379,0.000020586808
0x0ff4,379,0.000020586808
0x14e0,948,0.000051494179
0x14e1,948,0.000051494179
0x14e4,948,0.000051494179
0x14e6,948,0.000051494179
0x17e0,8134,0.000441828743
0x17e3,8134,0.000441828743
0x17e5,8134,0.000441828743
0x17e8,8134,0.000441828743
0x1df0,476,0.000025855727
0x1df3,476,0.000025855727
0x1df5,476,0.000025855727
0x1ee0,352,0.000019120201
0x1ee3,352,0.000019120201
0x1ee6,9152,0.000497125234
0x1ee7,9152,0.000497125234
0x1ee8,9152,0.000497125234
0x1ee9,9152,0.000497125234
0x1eec,9152,0.000497125234
0x1eed,9152,0.000497125234
0x1ef0,352,0.000019120201
0x1ef1,352,0.000019120201
0x1ef2,352,0.000019120201
0x1ef4,352,0.000019120201
0x1ef7,352,0.000019120201
0x1ef8,352,0.000019120201
0x1ef9,352,0.000019120201
0x1efa,352,0.000019120201
0x2000,4200,0.000228138766
0x2003,4200,0.000228138766
0x2006,4200,0.000228138766
0x2009,4200,0.000228138766
0x200c,4200,0.000228138766
0x200d,4200,0.000228138766
0x200f,4200,0.000228138766
0x2010,4200,0.000228138766
0x2011,4200,0.000228138766
0x2014,4200,0.000228138766
0x2015,4200,0.000228138766
0x2018,4200,0.000228138766
0x201a,4200,0.000228138766
0x201d,437,0.000023737295
0x201e,437,0.000023737295
0x201f,437,0.000023737295
0x2020,437,0.000023737295
0x2023,110,0.000005975063
0x2025,437,0.000023737295
0x2026,437,0.000023737295
0x2027,437,0.000023737295
0x202a,437,0.000023737295
0x2040,2511,0.000136394391
0x2043,2511,0.000136394391
0x2046,2511,0.000136394391
0x2047,2511,0.000136394391
0x2048,2511,0.000136394391
0x2049,18,0.000000977738
0x204a,18,0.000000977738
0x204b,18,0.000000977738
0x204c,18,0.000000977738
0x204d,18,0.000000977738
0x204e,18,0.000000977738
0x204f,18,0.000000977738
0x2050,18,0.000000977738
0x2051,18,0.000000977738
0x2052,18,0.000000977738
0x2055,18,0.000000977738
0x2057,18,0.000000977738
0x2058,18,0.000000977738
0x2059,18,0.000000977738
0x205a,18,0.000000977738
0x205c,18,0.000000977738
0x205d,18,0.000000977738
0x205e,18,0.000000977738
0x2060,18,0.000000977738
0x2061,18,0.000000977738
0x2062,18,0.000000977738
0x2063,18,0.000000977738
0x2064,18,0.000000977738
0x2065,18,0.000000977738
0x2066,18,0.000000977738
0x2068,18,0.000000977738
0x2069,18,0.000000977738
0x206a,18,0.000000977738
0x206b,18,0.000000977738
0x206c,18,0.000000977738
0x206d,18,0.000000977738
0x2070,117,0.000006355294
0x2071,117,0.000006355294
0x2073,117,0.000006355294
0x2075,117,0.000006355294
0x2076,117,0.000006355294
0x2077,117,0.000006355294
0x2079,117,0.000006355294
0x207a,117,0.000006355294
0x207b,117,0.000006355294
0x207e,117,0.000006355294
0x2081,117,0.000006355294
0x2085,117,0.000006355294
0x2087,117,0.000006355294
0x2088,117,0.000006355294
0x2089,117,0.000006355294
0x208a,117,0.000006355294
0x208c,117,0.000006355294
0x208d,117,0.000006355294
0x208f,117,0.000006355294
0x2090,117,0.000006355294
0x2091,133,0.000007224394
0x2093,133,0.000007224394
0x2094,133,0.000007224394
0x2096,133,0.000007224394
0x2097,133,0.000007224394
0x209a,16,0.000000869100
0x209b,16,0.000000869100
0x209c,16,0.000000869100
0x209d,16,0.000000869100
0x209f,16,0.000000869100
0x20a0,16,0.000000869100
0x20a1,16,0.000000869100
0x20a3,16,0.000000869100
0x20a4,16,0.000000869100
0x20a5,16,0.000000869100
0x20a7,16,0.000000869100
0x20a8,16,0.000000869100
0x20b0,117,0.000006355294
0x20b1,3648,0.000198154814
0x20b2,3648,0.000198154814
0x20b3,3648,0.000198154814
0x20b5,29184,0.001585238509
0x20b7,29184,0.001585238509
0x20b8,29184,0.001585238509
0x20bb,1113,0.000060456773
0x20bc,1113,0.000060456773
0x20bd,1113,0.000060456773
0x20be,1113,0.000060456773
0x20bf,29184,0.001585238509
0x20c0,29184,0.001585238509
0x20c1,29184,0.001585238509
0x20c2,29184,0.001585238509
0x20c5,3648,0.000198154814
0x20c6,3648,0.000198154814
0x20c7,3648,0.000198154814
0x20c8,3648,0.000198154814
0x20c9,3648,0.000198154814
0x20cc,1824,0.000099077407
0x20cd,1824,0.000099077407
0x20cf,1824,0.000099077407
0x20d2,1723,0.000093591213
0x20d3,1723,0.000093591213
0x20d4,1723,0.000093591213
0x20d6,1723,0.000093591213
0x20d7,1723,0.000093591213
0x20d8,1723,0.000093591213
0x20da,1723,0.000093591213
0x20db,1723,0.000093591213
0x20dc,1723,0.000093591213
0x20de,1723,0.000093591213
0x20e1,117,0.000006355294
0x20e2,117,0.000006355294
0x20e8,117,0.000006355294
0x20e9,117,0.000006355294
0x20ea,117,0.000006355294
0x20ec,117,0.000006355294
0x20ed,117,0.000006355294
0x20f0,117,0.000006355294
0x20f1,117,0.000006355294
0x20f2,117,0.000006355294
0x20f3,117,0.000006355294
0x20f4,117,0.000006355294
0x20f6,117,0.000006355294
0x20f7,117,0.000006355294
0x20f8,117,0.000006355294
0x20fa,117,0.000006355294
0x20fb,117,0.000006355294
0x20fc,117,0.000006355294
0x20fd,117,0.000006355294
0x20fe,117,0.000006355294
0x20ff,117,0.000006355294
0x2101,117,0.000006355294
0x2103,117,0.000006355294
0x2104,117,0.000006355294
0x2106,117,0.000006355294
0x2107,117,0.000006355294
0x2108,117,0.000006355294
0x2109,117,0.000006355294
0x210a,117,0.000006355294
0x210d,117,0.000006355294
0x211c,117,0.000006355294
0x211f,117,0.000006355294
0x2120,117,0.000006355294
0x2122,117,0.000006355294
0x2123,85,0.000004617094
0x2125,85,0.000004617094
0x2126,16,0.000000869100
0x2128,16,0.000000869100
0x2129,16,0.000000869100
0x212c,16,0.000000869100
0x2130,3763,0.000204401470
0x2131,3763,0.000204401470
0x2132,3763,0.000204401470
0x2135,2820,0.000153178886
0x2137,2820,0.000153178886
0x213a,1880,0.000102119257
0x213c,1880,0.000102119257
0x213f,940,0.000051059629
0x2146,437,0.000023737295
0x2147,437,0.000023737295
0x2148,437,0.000023737295
0x214b,218,0.000011841488
0x2150,943,0.000051222585
0x2153,943,0.000051222585
0x2156,943,0.000051222585
0x2160,940,0.000051059629
0x2163,940,0.000051059629
0x2166,940,0.000051059629
0x2169,940,0.000051059629
0x2170,940,0.000051059629
0x2173,940,0.000051059629
0x2180,940,0.000051059629
0x2183,940,0.000051059629
0x2186,940,0.000051059629
0x2189,940,0.000051059629
0x2190,219,0.000011895807
0x2193,219,0.000011895807
0x2196,219,0.000011895807
0x2199,219,0.000011895807
0x219c,219,0.000011895807
0x21a5,218,0.000011841488
0x21a8,218,0.000011841488
0x21ab,218,0.000011841488
0x21ae,218,0.000011841488
0x21b1,218,0.000011841488
0x21dc,352,0.000019120201
0x21dd,352,0.000019120201
0x21de,352,0.000019120201
0x21df,352,0.000019120201
0x21e2,352,0.000019120201
0x21e4,352,0.000019120201
0x21e5,352,0.000019120201
0x21e6,352,0.000019120201
0x21e8,352,0.000019120201
0x21e9,352,0.000019120201
0x21eb,352,0.000019120201
0x21ec,352,0.000019120201
0x21ed,352,0.000019120201
0x21ef,352,0.000019120201
0x21f0,352,0.000019120201
0x21f1,352,0.000019120201
0x21f2,352,0.000019120201
0x21f4,352,0.000019120201
0x21f5,352,0.000019120201
0x21f7,352,0.000019120201
0x21f8,352,0.000019120201
0x21f9,352,0.000019120201
0x21fc,352,0.000019120201
0x2230,165,0.000008962594
0x2233,165,0.000008962594
0x2234,165,0.000008962594
0x2235,165,0.000008962594
0x2236,165,0.000008962594
0x2237,165,0.000008962594
0x2239,165,0.000008962594
0x223b,165,0.000008962594
0x223e,159,0.000008636682
0x2240,159,0.000008636682
0x2243,81,0.000004399819
0x2245,81,0.000004399819
0x2247,81,0.000004399819
0x2249,81,0.000004399819
0x224c,3,0.000000162956
0x224f,3,0.000000162956
0x2250,3,0.000000162956
0x2252,3,0.000000162956
0x2254,3,0.000000162956
0x2260,156,0.000008473726
0x2261,156,0.000008473726
0x2262,156,0.000008473726
0x2263,156,0.000008473726
0x2264,156,0.000008473726
0x2265,156,0.000008473726
0x2267,156,0.000008473726
0x2268,156,0.000008473726
0x2269,156,0.000008473726
0x226b,156,0.000008473726
0x226d,156,0.000008473726
0x226e,156,0.000008473726
0x226f,156,0.000008473726
0x2271,156,0.000008473726
0x2272,156,0.000008473726
0x2273,156,0.000008473726
0x2274,156,0.000008473726
0x2275,156,0.000008473726
0x2276,156,0.000008473726
0x2277,156,0.000008473726
0x2278,156,0.000008473726
0x2279,156,0.000008473726
0x227a,2184,0.000118632158
0x227b,19656,0.001067689424
0x227c,19656,0.001067689424
0x227d,19656,0.001067689424
0x227e,19656,0.001067689424
0x227f,19656,0.001067689424
0x2280,19656,0.001067689424
0x2283,2184,0.000118632158
0x2284,2184,0.000118632158
0x2285,2184,0.000118632158
0x2286,2184,0.000118632158
0x2288,2184,0.000118632158
0x2289,2184,0.000118632158
0x228a,2184,0.000118632158
0x228c,2184,0.000118632158
0x228d,2184,0.000118632158
0x228e,2184,0.000118632158
0x2291,156,0.000008473726
0x2292,6,0.000000325913
0x2295,6,0.000000325913
0x2296,6,0.000000325913
0x2298,6,0.000000325913
0x229b,2,0.000000108638
0x229e,2,0.000000108638
0x22a1,2,0.000000108638
0x22a3,832,0.000045193203
0x22a4,832,0.000045193203
0x22a5,832,0.000045193203
0x22a6,832,0.000045193203
0x22a7,832,0.000045193203
0x22a8,832,0.000045193203
0x22a9,832,0.000045193203
0x22aa,832,0.000045193203
0x22ab,832,0.000045193203
0x22ac,832,0.000045193203
0x22ad,832,0.000045193203
0x22b0,2,0.000000108638
0x22b4,72,0.000003910950
0x22b7,72,0.000003910950
0x22ba,72,0.000003910950
0x22bb,72,0.000003910950
0x22bc,72,0.000003910950
0x22be,72,0.000003910950
0x22c1,1,0.000000054319
0x22c3,1,0.000000054319
0x22c5,1,0.000000054319
0x22ca,49,0.000002661619
0x22cd,49,0.000002661619
0x22ce,49,0.000002661619
0x22d0,49,0.000002661619
0x22d3,1,0.000000054319
0x22d5,1,0.000000054319
0x22d7,1,0.000000054319
0x22d9,1,0.000000054319
0x22db,1,0.000000054319
0x22dd,1,0.000000054319
0x22e0,2,0.000000108638
0x22e2,6,0.000000325913
0x22e5,6,0.000000325913
0x22e8,6,0.000000325913
0x22f0,4,0.000000217275
0x22f3,4,0.000000217275
0x22f4,4,0.000000217275
0x22fa,244,0.000013253776
0x22fd,244,0.000013253776
0x22ff,244,0.000013253776
0x2302,244,0.000013253776
0x2303,4392,0.000238567966
0x2304,4392,0.000238567966
0x2306,4392,0.000238567966
0x2307,4392,0.000238567966
0x2308,4392,0.000238567966
0x2309,4392,0.000238567966
0x230a,4392,0.000238567966
0x230b,4392,0.000238567966
0x230d,4392,0.000238567966
0x230e,4392,0.000238567966
0x230f,4392,0.000238567966
0x2310,4392,0.000238567966
0x2312,4392,0.000238567966
0x2313,4392,0.000238567966
0x2314,4392,0.000238567966
0x2316,4392,0.000238567966
0x2317,4392,0.000238567966
0x231a,488,0.000026507552
0x231b,4392,0.000238567966
0x231c,4392,0.000238567966
0x231f,244,0.000013253776
0x2322,732,0.000039761328
0x2325,732,0.000039761328
0x2326,732,0.000039761328
0x2327,732,0.000039761328
0x2329,732,0.000039761328
0x232a,732,0.000039761328
0x232b,732,0.000039761328
0x232c,732,0.000039761328
0x232e,732,0.000039761328
0x232f,732,0.000039761328
0x2331,732,0.000039761328
0x2334,732,0.000039761328
0x2337,732,0.000039761328
0x2351,1952,0.000106030207
0x2352,1952,0.000106030207
0x2354,1952,0.000106030207
0x2355,413,0.000022433645
0x2356,413,0.000022433645
0x2357,413,0.000022433645
0x2358,413,0.000022433645
0x235a,413,0.000022433645
0x235b,413,0.000022433645
0x235e,413,0.000022433645
0x235f,413,0.000022433645
0x2360,413,0.000022433645
0x2361,413,0.000022433645
0x2362,413,0.000022433645
0x2364,413,0.000022433645
0x2365,413,0.000022433645
0x2366,413,0.000022433645
0x2368,413,0.000022433645
0x2369,413,0.000022433645
0x236a,413,0.000022433645
0x236b,413,0.000022433645
0x236c,413,0.000022433645
0x236e,413,0.000022433645
0x2370,413,0.000022433645
0x2373,368,0.000019989301
0x2375,368,0.000019989301
0x2377,368,0.000019989301
0x237a,368,0.000019989301
0x237b,45,0.000002444344
0x237c,45,0.000002444344
0x237e,45,0.000002444344
0x237f,45,0.000002444344
0x2381,45,0.000002444344
0x2384,45,0.000002444344
0x2385,45,0.000002444344
0x2386,45,0.000002444344
0x2387,45,0.000002444344
0x2389,45,0.000002444344
0x238a,13,0.000000706144
0x238c,13,0.000000706144
0x238d,13,0.000000706144
0x238e,13,0.000000706144
0x2390,13,0.000000706144
0x2391,11,0.000000597506
0x2393,11,0.000000597506
0x23d6,1406,0.000076372168
0x23d9,1406,0.000076372168
0x23da,1406,0.000076372168
0x23dc,1406,0.000076372168
0x23de,1406,0.000076372168
0x2476,20,0.000001086375
0x2477,20,0.000001086375
0x2478,20,0.000001086375
0x247b,20,0.000001086375
0x247d,20,0.000001086375
0x247e,20,0.000001086375
0x2481,20,0.000001086375
0x2483,20,0.000001086375
0x2484,20,0.000001086375
0x2485,20,0.000001086375
0x2487,20,0.000001086375
0x2488,20,0.000001086375
0x2489,20,0.000001086375
0x248a,20,0.000001086375
0x248c,20,0.000001086375
0x248d,20,0.000001086375
0x248f,20,0.000001086375
0x2490,20,0.000001086375
0x2493,20,0.000001086375
0x2495,20,0.000001086375
0x2496,20,0.000001086375
0x2497,20,0.000001086375
0x2498,20,0.000001086375
0x2499,20,0.000001086375
0x249a,20,0.000001086375
0x249b,14,0.000000760463
0x249c,14,0.000000760463
0x249d,14,0.000000760463
0x249e,10,0.000000543188
0x249f,10,0.000000543188
0x24a0,4200,0.000228138766
0x24a3,4200,0.000228138766
0x24a5,4200,0.000228138766
0x24a7,4200,0.000228138766
0x24a8,1952,0.000106030207
0x24ab,1952,0.000106030207
0x24ae,1952,0.000106030207
0x24b1,1952,0.000106030207
0x24b4,1952,0.000106030207
0x24b6,1952,0.000106030207
0x24b8,1952,0.000106030207
0x24b9,488,0.000026507552
0x24c4,2098,0.000113960745
0x24c7,2098,0.000113960745
0x24c9,2098,0.000113960745
0x24cb,2098,0.000113960745
0x24ce,976,0.000053015104
0x24d1,976,0.000053015104
0x24d4,976,0.000053015104
0x24d5,976,0.000053015104
0x24d6,976,0.000053015104
0x24d8,976,0.000053015104
0x24db,732,0.000039761328
0x24e0,976,0.000053015104
0x24e3,976,0.000053015104
0x24e5,976,0.000053015104
0x24e6,61,0.000003313444
0x24e9,61,0.000003313444
0x24eb,61,0.000003313444
0x24ec,61,0.000003313444
0x24f2,488,0.000026507552
0x24f5,488,0.000026507552
0x24f7,488,0.000026507552
0x24f8,488,0.000026507552
0x24f9,488,0.000026507552
0x24fc,488,0.000026507552
0x24fe,488,0.000026507552
0x24ff,488,0.000026507552
0x2500,144,0.000007821901
0x2503,144,0.000007821901
0x2504,144,0.000007821901
0x2505,134,0.000007278713
0x2508,134,0.000007278713
0x2509,134,0.000007278713
0x250a,33,0.000001792519
0x250b,33,0.000001792519
0x250d,33,0.000001792519
0x250e,33,0.000001792519
0x2511,33,0.000001792519
0x2512,33,0.000001792519
0x2513,33,0.000001792519
0x2515,33,0.000001792519
0x2517,33,0.000001792519
0x2518,33,0.000001792519
0x2519,33,0.000001792519
0x251a,33,0.000001792519
0x2560,1159,0.000062955436
0x2563,1159,0.000062955436
0x2564,1159,0.000062955436
0x2566,1159,0.000062955436
0x2567,1159,0.000062955436
0x2568,1159,0.000062955436
0x2569,1159,0.000062955436
0x256a,1159,0.000062955436
0x256b,1159,0.000062955436
0x256d,1159,0.000062955436
0x256e,1159,0.000062955436
0x2570,1159,0.000062955436
0x2572,1159,0.000062955436
0x2575,1159,0.000062955436
0x2576,1159,0.000062955436
0x2577,1159,0.000062955436
0x2578,1159,0.000062955436
0x2579,1159,0.000062955436
0x257b,1159,0.000062955436
0x257c,1159,0.000062955436
0x257f,1159,0.000062955436
0x2581,1159,0.000062955436
0x2582,1159,0.000062955436
0x2585,1159,0.000062955436
0x2587,1159,0.000062955436
0x2588,9149,0.000496962278
0x2589,9149,0.000496962278
0x258c,9111,0.000494898165
0x258d,9111,0.000494898165
0x258e,9111,0.000494898165
0x2590,9111,0.000494898165
0x2591,9111,0.000494898165
0x2592,9111,0.000494898165
0x2595,1121,0.000060891323
0x2596,9149,0.000496962278
0x2597,9149,0.000496962278
0x2599,9149,0.000496962278
0x259a,6578,0.000357308762
0x259b,6578,0.000357308762
0x259c,6578,0.000357308762
0x259e,6578,0.000357308762
0x259f,6578,0.000357308762
0x25a1,6578,0.000357308762
0x25a2,6260,0.000340035398
0x25a3,6260,0.000340035398
0x25a4,6260,0.000340035398
0x25a5,6260,0.000340035398
0x25a6,4280,0.000232484266
0x25a7,4280,0.000232484266
0x25a8,996,0.000054101479
0x25a9,996,0.000054101479
0x25aa,996,0.000054101479
0x25ab,996,0.000054101479
0x25ac,951,0.000051657135
0x25ae,951,0.000051657135
0x25af,38,0.000002064113
0x25b0,38,0.000002064113
0x25b1,38,0.000002064113
0x25b2,38,0.000002064113
0x25b3,38,0.000002064113
0x25b4,38,0.000002064113
0x25b5,38,0.000002064113
0x25b6,38,0.000002064113
0x25b7,121,0.000006572569
0x25ba,121,0.000006572569
0x25bc,121,0.000006572569
0x25be,121,0.000006572569
0x25ca,121,0.000006572569
0x25cd,278,0.000015100614
0x25ce,278,0.000015100614
0x25d0,278,0.000015100614
0x25d3,205,0.000011135345
0x25d4,205,0.000011135345
0x25d6,205,0.000011135345
0x25d7,205,0.000011135345
0x25d8,205,0.000011135345
0x25db,48,0.000002607300
0x25dc,48,0.000002607300
0x25dd,48,0.000002607300
0x25e0,73,0.000003965269
0x25e1,73,0.000003965269
0x25e3,73,0.000003965269
0x25e4,73,0.000003965269
0x25e5,73,0.000003965269
0x25e7,73,0.000003965269
0x25e8,73,0.000003965269
0x25ea,73,0.000003965269
0x25eb,73,0.000003965269
0x25ec,73,0.000003965269
0x25ed,73,0.000003965269
0x25ef,73,0.000003965269
0x25f0,73,0.000003965269
0x25f1,73,0.000003965269
0x25f3,73,0.000003965269
0x25f4,73,0.000003965269
0x25f6,73,0.000003965269
0x25f7,73,0.000003965269
0x25f8,73,0.000003965269
0x25f9,73,0.000003965269
0x25fa,73,0.000003965269
0x25fb,73,0.000003965269
0x25fc,73,0.000003965269
0x25fd,73,0.000003965269
0x2600,1264,0.000068658905
0x2601,1264,0.000068658905
0x2602,1264,0.000068658905
0x2603,1264,0.000068658905
0x2604,1264,0.000068658905
0x2605,1264,0.000068658905
0x2608,1264,0.000068658905
0x2609,1264,0.000068658905
0x260a,1264,0.000068658905
0x260b,1264,0.000068658905
0x260c,1264,0.000068658905
0x260e,1264,0.000068658905
0x2611,1264,0.000068658905
0x2612,1264,0.000068658905
0x2613,1264,0.000068658905
0x2616,1264,0.000068658905
0x2617,1264,0.000068658905
0x261a,722,0.000039218140
0x261d,722,0.000039218140
0x261e,722,0.000039218140
0x2620,722,0.000039218140
0x2621,722,0.000039218140
0x2624,722,0.000039218140
0x2625,722,0.000039218140
0x2626,722,0.000039218140
0x2628,722,0.000039218140
0x2629,722,0.000039218140
0x262b,722,0.000039218140
0x262c,722,0.000039218140
0x262e,722,0.000039218140
0x262f,722,0.000039218140
0x2630,722,0.000039218140
0x2631,722,0.000039218140
0x2633,722,0.000039218140
0x2634,722,0.000039218140
0x2635,722,0.000039218140
0x2638,722,0.000039218140
0x2639,1264,0.000068658905
0x263c,1264,0.000068658905
0x263f,1264,0.000068658905
0x2642,1264,0.000068658905
0x2643,1264,0.000068658905
0x2646,632,0.000034329452
0x2649,632,0.000034329452
0x2650,542,0.000029440765
0x2651,542,0.000029440765
0x2654,542,0.000029440765
0x2655,542,0.000029440765
0x2656,542,0.000029440765
0x2658,542,0.000029440765
0x2659,542,0.000029440765
0x265b,542,0.000029440765
0x265c,542,0.000029440765
0x265e,542,0.000029440765
0x2661,542,0.000029440765
0x2662,542,0.000029440765
0x2668,632,0.000034329452
0x266b,632,0.000034329452
0x266c,632,0.000034329452
0x266d,632,0.000034329452
0x2670,632,0.000034329452
0x2672,632,0.000034329452
0x2676,632,0.000034329452
0x2678,632,0.000034329452
0x267c,632,0.000034329452
0x267f,632,0.000034329452
0x2681,632,0.000034329452
0x2684,632,0.000034329452
0x2685,632,0.000034329452
0x2688,632,0.000034329452
0x268a,632,0.000034329452
0x268b,632,0.000034329452
0x268d,632,0.000034329452
0x268e,632,0.000034329452
0x268f,632,0.000034329452
0x2692,630,0.000034220815
0x2693,632,0.000034329452
0x2694,632,0.000034329452
0x2697,632,0.000034329452
0x2699,632,0.000034329452
0x269d,632,0.000034329452
0x269f,632,0.000034329452
0x26a3,632,0.000034329452
0x26a4,632,0.000034329452
0x26a7,632,0.000034329452
0x26aa,632,0.000034329452
0x26ad,632,0.000034329452
0x26ae,632,0.000034329452
0x26af,632,0.000034329452
0x26b0,632,0.000034329452
0x26b1,126,0.000006844163
0x26b2,126,0.000006844163
0x26b4,126,0.000006844163
0x26b5,126,0.000006844163
0x26b7,126,0.000006844163
0x26b8,126,0.000006844163
0x26ba,126,0.000006844163
0x26bb,20,0.000001086375
0x26bc,20,0.000001086375
0x26bd,20,0.000001086375
0x26be,20,0.000001086375
0x26bf,20,0.000001086375
0x26c2,20,0.000001086375
0x26c4,20,0.000001086375
0x26c6,20,0.000001086375
0x26c7,20,0.000001086375
0x26c8,20,0.000001086375
0x26ca,20,0.000001086375
0x26cb,20,0.000001086375
0x26cc,20,0.000001086375
0x26d0,632,0.000034329452
0x26d3,632,0.000034329452
0x26d6,632,0.000034329452
0x26d9,5056,0.000274635619
0x26da,5056,0.000274635619
0x26db,5056,0.000274635619
0x26de,3994,0.000216949102
0x26df,3994,0.000216949102
0x26e0,3994,0.000216949102
0x26e3,632,0.000034329452
0x26e4,3994,0.000216949102
0x26e5,5056,0.000274635619
0x26e6,5056,0.000274635619
0x26e7,5056,0.000274635619
0x26e8,5056,0.000274635619
0x26e9,5056,0.000274635619
0x26eb,5056,0.000274635619
0x26ee,632,0.000034329452
0x26f1,632,0.000034329452
0x26f2,632,0.000034329452
0x26f3,632,0.000034329452
0x26f5,632,0.000034329452
0x26f8,632,0.000034329452
0x26f9,632,0.000034329452
0x26fa,632,0.000034329452
0x26fd,632,0.000034329452
0x2700,2468,0.000134058684
0x2703,2468,0.000134058684
0x2704,2468,0.000134058684
0x2705,2468,0.000134058684
0x2706,2467,0.000134004365
0x2707,2467,0.000134004365
0x2708,2467,0.000134004365
0x270a,2467,0.000134004365
0x270b,2467,0.000134004365
0x270c,2467,0.000134004365
0x270e,2467,0.000134004365
0x270f,2467,0.000134004365
0x2711,2467,0.000134004365
0x2714,2467,0.000134004365
0x2717,9868,0.000536017462
0x271a,9868,0.000536017462
0x271b,9868,0.000536017462
0x271c,9868,0.000536017462
0x271d,9868,0.000536017462
0x271e,9868,0.000536017462
0x2720,9868,0.000536017462
0x2723,2467,0.000134004365
0x2725,2467,0.000134004365
0x2728,2467,0.000134004365
0x272a,2467,0.000134004365
0x2739,2467,0.000134004365
0x273c,2467,0.000134004365
0x273d,2467,0.000134004365
0x2740,2467,0.000134004365
0x2743,2467,0.000134004365
0x2748,9868,0.000536017462
0x2749,9868,0.000536017462
0x274a,9868,0.000536017462
0x274c,9868,0.000536017462
0x274d,24,0.000001303650
0x274e,24,0.000001303650
0x274f,24,0.000001303650
0x2750,12,0.000000651825
0x2751,12,0.000000651825
0x2752,12,0.000000651825
0x2753,12,0.000000651825
0x2754,12,0.000000651825
0x2755,12,0.000000651825
0x2757,12,0.000000651825
0x2758,12,0.000000651825
0x2759,12,0.000000651825
0x275b,12,0.000000651825
0x275c,12,0.000000651825
0x275f,12,0.000000651825
0x2760,12,0.000000651825
0x2761,12,0.000000651825
0x2764,12,0.000000651825
0x2768,12,0.000000651825
0x2769,12,0.000000651825
0x276c,12,0.000000651825
0x276e,12,0.000000651825
0x2771,12,0.000000651825
0x2772,12,0.000000651825
0x2778,12,0.000000651825
0x277b,12,0.000000651825
0x277c,12,0.000000651825
0x277f,12,0.000000651825
0x2780,12,0.000000651825
0x2781,12,0.000000651825
0x2782,12,0.000000651825
0x2783,12,0.000000651825
0x2784,12,0.000000651825
0x2785,12,0.000000651825
0x2786,12,0.000000651825
0x2789,12,0.000000651825
0x27a8,2467,0.000134004365
0x27ab,2467,0.000134004365
0x27ac,2467,0.000134004365
0x27af,2467,0.000134004365
0x27b0,2467,0.000134004365
0x27b1,2467,0.000134004365
0x27b4,2467,0.000134004365
0x27b6,2467,0.000134004365
0x27b7,2467,0.000134004365
0x27b8,2467,0.000134004365
0x27ba,2467,0.000134004365
0x27bd,2083,0.000113145964
0x27c0,2083,0.000113145964
0x27c1,2083,0.000113145964
0x27c2,2083,0.000113145964
0x27c5,2035,0.000110538664
0x27c7,2035,0.000110538664
0x27c8,2035,0.000110538664
0x27c9,2035,0.000110538664
0x27ca,875,0.000047528910
0x27cc,875,0.000047528910
0x27cf,840,0.000045627753
0x27d0,840,0.000045627753
0x27d2,840,0.000045627753
0x27d3,840,0.000045627753
0x27d5,840,0.000045627753
0x27d6,840,0.000045627753
0x27d8,35,0.000001901156
0x27da,35,0.000001901156
0x27dc,35,0.000001901156
0x27dd,35,0.000001901156
0x27df,35,0.000001901156
0x27e0,35,0.000001901156
0x27e2,48,0.000002607300
0x27e4,48,0.000002607300
0x27e9,48,0.000002607300
0x27ea,48,0.000002607300
0x27ec,48,0.000002607300
0x27ee,48,0.000002607300
0x3000,1162,0.000063118392
0x3003,1162,0.000063118392
0x3004,1162,0.000063118392
0x3005,1162,0.000063118392
0x3007,1162,0.000063118392
0x300a,1162,0.000063118392
0x300b,1162,0.000063118392
0x300c,1162,0.000063118392
0x300d,1162,0.000063118392
0x300e,1162,0.000063118392
0x300f,1162,0.000063118392
0x3010,1162,0.000063118392
0x3011,1162,0.000063118392
0x3012,144,0.000007821901
0x3028,148,0.000008039176
0x302b,148,0.000008039176
0x302c,148,0.000008039176
0x302e,148,0.000008039176
0x302f,148,0.000008039176
0x3031,148,0.000008039176
0x3032,148,0.000008039176
0x3034,148,0.000008039176
0x3035,137,0.000007441669
0x3037,137,0.000007441669
0x3038,137,0.000007441669
0x3039,137,0.000007441669
0x303c,130,0.000007061438
0x303d,130,0.000007061438
0x303e,1,0.000000054319
0x303f,1,0.000000054319
0x3040,1,0.000000054319
0x3042,1,0.000000054319
0x3044,1,0.000000054319
0x3046,1,0.000000054319
0x3048,1,0.000000054319
0x3049,1,0.000000054319
0x304b,1,0.000000054319
0x304d,1,0.000000054319
0x304f,1,0.000000054319
0x3050,1,0.000000054319
0x3052,1,0.000000054319
0x3055,1,0.000000054319
0x3056,1,0.000000054319
0x3057,1,0.000000054319
0x3059,1,0.000000054319
0x305c,7,0.000000380231
0x305f,7,0.000000380231
0x3062,7,0.000000380231
0x3063,7,0.000000380231
0x3064,7,0.000000380231
0x3065,7,0.000000380231
0x3066,7,0.000000380231
0x3067,7,0.000000380231
0x3068,7,0.000000380231
0x306a,7,0.000000380231
0x306c,7,0.000000380231
0x306d,7,0.000000380231
0x3074,35,0.000001901156
0x3077,35,0.000001901156
0x3078,35,0.000001901156
0x3079,35,0.000001901156
0x307a,35,0.000001901156
0x307c,35,0.000001901156
0x307d,35,0.000001901156
0x307f,35,0.000001901156
0x3080,35,0.000001901156
0x3081,35,0.000001901156
0x3082,35,0.000001901156
0x3084,35,0.000001901156
0x3089,35,0.000001901156
0x308a,35,0.000001901156
0x308b,35,0.000001901156
0x308c,35,0.000001901156
0x308d,35,0.000001901156
0x308f,35,0.000001901156
0x3090,35,0.000001901156
0x3092,35,0.000001901156
0x3093,35,0.000001901156
0x3094,35,0.000001901156
0x3095,35,0.000001901156
0x3098,35,0.000001901156
0x309a,35,0.000001901156
0x309d,7,0.000000380231
0x309f,35,0.000001901156
0x30a0,35,0.000001901156
0x30a1,35,0.000001901156
0x30a4,35,0.000001901156
0x30a6,35,0.000001901156
0x30a7,35,0.000001901156
0x30a8,35,0.000001901156
0x30aa,1868,0.000101467432
0x30ad,1868,0.000101467432
0x30ae,1868,0.000101467432
0x30af,1868,0.000101467432
0x30b0,1868,0.000101467432
0x30b1,1868,0.000101467432
0x30b3,1868,0.000101467432
0x30b5,1868,0.000101467432
0x30b6,1868,0.000101467432
0x30b8,1868,0.000101467432
0x30ba,145,0.000007876219
0x30bd,145,0.000007876219
0x30c0,145,0.000007876219
0x30c3,145,0.000007876219
0x30c6,145,0.000007876219
0x30c8,145,0.000007876219
0x30c9,145,0.000007876219
0x30ca,145,0.000007876219
0x30cb,118,0.000006409613
0x30cd,118,0.000006409613
0x30ce,118,0.000006409613
0x30cf,118,0.000006409613
0x30d2,90,0.000004888688
0x30d3,90,0.000004888688
0x30d4,22,0.000001195013
0x30d6,22,0.000001195013
0x30d8,22,0.000001195013
0x30da,435,0.000023628658
0x30db,435,0.000023628658
0x30dc,435,0.000023628658
0x30dd,435,0.000023628658
0x30de,241,0.000013090820
0x30df,241,0.000013090820
0x30e4,28,0.000001520925
0x30e7,28,0.000001520925
0x30ea,28,0.000001520925
0x30eb,28,0.000001520925
0x30ed,28,0.000001520925
0x30f2,28,0.000001520925
0x30f3,28,0.000001520925
0x30f5,28,0.000001520925
0x30f6,28,0.000001520925
0x30f7,28,0.000001520925
0x30f8,28,0.000001520925
0x30fa,28,0.000001520925
0x30fc,28,0.000001520925
0x30ff,28,0.000001520925
0x3102,28,0.000001520925
0x3105,28,0.000001520925
0x3106,28,0.000001520925
0x3107,28,0.000001520925
0x3108,28,0.000001520925
0x310a,28,0.000001520925
0x310c,28,0.000001520925
0x310e,28,0.000001520925
0x310f,28,0.000001520925
0x3112,84,0.000004562775
0x3113,84,0.000004562775
0x3114,84,0.000004562775
0x3115,84,0.000004562775
0x3116,52,0.000002824575
0x3117,52,0.000002824575
0x3118,52,0.000002824575
0x311a,52,0.000002824575
0x311b,52,0.000002824575
0x311c,52,0.000002824575
0x311d,52,0.000002824575
0x311e,28,0.000001520925
0x311f,28,0.000001520925
0x3121,28,0.000001520925
0x3124,144,0.000007821901
0x3127,144,0.000007821901
0x3128,144,0.000007821901
0x312a,144,0.000007821901
0x312b,22,0.000001195013
0x312d,22,0.000001195013
0x312f,22,0.000001195013
0x3130,22,0.000001195013
0x3131,22,0.000001195013
0x3132,22,0.000001195013
0x3134,22,0.000001195013
0x3136,22,0.000001195013
0x3138,22,0.000001195013
0x313d,22,0.000001195013
0x313f,22,0.000001195013
0x3140,22,0.000001195013
0x3141,22,0.000001195013
0x3144,22,0.000001195013
0x3145,22,0.000001195013
0x3146,22,0.000001195013
0x3149,18,0.000000977738
0x314b,22,0.000001195013
0x314d,22,0.000001195013
0x314e,22,0.000001195013
0x315a,144,0.000007821901
0x315d,144,0.000007821901
0x315e,144,0.000007821901
0x3160,144,0.000007821901
0x3161,37,0.000002009794
0x3164,37,0.000002009794
0x3165,37,0.000002009794
0x3166,37,0.000002009794
0x3167,37,0.000002009794
0x3169,37,0.000002009794
0x316a,37,0.000002009794
0x316c,37,0.000002009794
0x316d,37,0.000002009794
0x316e,37,0.000002009794
0x316f,37,0.000002009794
0x3171,37,0.000002009794
0x3172,37,0.000002009794
0x3174,37,0.000002009794
0x3176,37,0.000002009794
0x3177,37,0.000002009794
0x3178,37,0.000002009794
0x3179,313,0.000017001770
0x317c,291,0.000015806757
0x317d,291,0.000015806757
0x317e,291,0.000015806757
0x317f,291,0.000015806757
0x3180,291,0.000015806757
0x3181,291,0.000015806757
0x3182,291,0.000015806757
0x3183,291,0.000015806757
0x3186,20,0.000001086375
0x3188,20,0.000001086375
0x318a,291,0.000015806757
0x318b,291,0.000015806757
0x318e,15,0.000000814781
0x3192,313,0.000017001770
0x3193,313,0.000017001770
0x3195,313,0.000017001770
0x3196,259,0.000014068557
0x3199,259,0.000014068557
0x319a,259,0.000014068557
0x319b,22,0.000001195013
0x319e,22,0.000001195013
0x319f,22,0.000001195013
0x31a0,22,0.000001195013
0x31a1,22,0.000001195013
0x31a2,22,0.000001195013
0x31a3,22,0.000001195013
0x31a4,22,0.000001195013
0x31a7,22,0.000001195013
0x31a9,22,0.000001195013
0x31ac,22,0.000001195013
0x31ad,22,0.000001195013
0x31b4,144,0.000007821901
0x31b7,144,0.000007821901
0x31b9,144,0.000007821901
0x31ba,22,0.000001195013
0x31bd,22,0.000001195013
0x31bf,22,0.000001195013
0x31c0,22,0.000001195013
0x31c2,22,0.000001195013
0x31c3,22,0.000001195013
0x31c5,22,0.000001195013
0x31c6,22,0.000001195013
0x31c7,22,0.000001195013
0x31c8,22,0.000001195013
0x31cb,22,0.000001195013
0x31cd,22,0.000001195013
0x31ce,22,0.000001195013
0x31d1,12,0.000000651825
0x31d2,12,0.000000651825
0x31d3,12,0.000000651825
0x31d4,12,0.000000651825
0x31d6,22,0.000001195013
0x31d7,22,0.000001195013
0x31d8,22,0.000001195013
0x31d9,22,0.000001195013
0x31da,22,0.000001195013
0x31dc,22,0.000001195013
0x31de,22,0.000001195013
0x31df,22,0.000001195013
0x31e1,22,0.000001195013
0x31e2,22,0.000001195013
0x31e3,22,0.000001195013
0x31e4,22,0.000001195013
0x31e5,22,0.000001195013
0x31e6,22,0.000001195013
0x31e7,22,0.000001195013
0x31e8,22,0.000001195013
0x31e9,22,0.000001195013
0x31ec,22,0.000001195013
0x31ed,22,0.000001195013
0x31f0,22,0.000001195013
0x31f1,22,0.000001195013
0x31f2,22,0.000001195013
0x31f4,22,0.000001195013
0x31f5,22,0.000001195013
0x31f7,22,0.000001195013
0x31f8,22,0.000001195013
0x31fb,22,0.000001195013
0x31fd,22,0.000001195013
0x31fe,22,0.000001195013
0x31ff,22,0.000001195013
0x3201,22,0.000001195013
0x3202,22,0.000001195013
0x3203,22,0.000001195013
0x3204,22,0.000001195013
0x3207,22,0.000001195013
0x3209,22,0.000001195013
0x320a,22,0.000001195013
0x320b,22,0.000001195013
0x320c,22,0.000001195013
0x320d,22,0.000001195013
0x3210,22,0.000001195013
0x3213,22,0.000001195013
0x3215,22,0.000001195013
0x3216,18,0.000000977738
0x3217,18,0.000000977738
0x3219,18,0.000000977738
0x321b,18,0.000000977738
0x321c,3,0.000000162956
0x321e,3,0.000000162956
0x3220,3,0.000000162956
0x322c,144,0.000007821901
0x322f,144,0.000007821901
0x3231,144,0.000007821901
0x3232,12,0.000000651825
0x3235,12,0.000000651825
0x3238,12,0.000000651825
0x323b,12,0.000000651825
0x323c,12,0.000000651825
0x323f,12,0.000000651825
0x3240,110,0.000005975063
0x3241,110,0.000005975063
0x3243,110,0.000005975063
0x3246,105,0.000005703469
0x3247,105,0.000005703469
0x3248,105,0.000005703469
0x3249,94,0.000005105963
0x324a,94,0.000005105963
0x324b,94,0.000005105963
0x324c,94,0.000005105963
0x324d,94,0.000005105963
0x324e,99,0.000005377557
0x324f,99,0.000005377557
0x3250,99,0.000005377557
0x3251,99,0.000005377557
0x3253,99,0.000005377557
0x3254,99,0.000005377557
0x3256,99,0.000005377557
0x3259,1,0.000000054319
0x325b,1,0.000000054319
0x325e,1,0.000000054319
0x3264,149,0.000008093494
0x3267,149,0.000008093494
0x3268,149,0.000008093494
0x326b,149,0.000008093494
0x326c,149,0.000008093494
0x326e,149,0.000008093494
0x326f,149,0.000008093494
0x3271,149,0.000008093494
0x3272,149,0.000008093494
0x3274,149,0.000008093494
0x3275,23,0.000001249331
0x3277,23,0.000001249331
0x3279,23,0.000001249331
0x327a,23,0.000001249331
0x327b,23,0.000001249331
0x327c,23,0.000001249331
0x327e,23,0.000001249331
0x3281,23,0.000001249331
0x3282,23,0.000001249331
0x3285,23,0.000001249331
0x3286,23,0.000001249331
0x3287,23,0.000001249331
0x3289,23,0.000001249331
0x328a,23,0.000001249331
0x328b,23,0.000001249331
0x328d,23,0.000001249331
0x328e,23,0.000001249331
0x328f,46,0.000002498663
0x3290,46,0.000002498663
0x3291,46,0.000002498663
0x3292,46,0.000002498663
0x3295,44,0.000002390025
0x3296,44,0.000002390025
0x3297,44,0.000002390025
0x329a,43,0.000002335706
0x329b,43,0.000002335706
0x329e,43,0.000002335706
0x329f,43,0.000002335706
0x32a0,43,0.000002335706
0x32a3,43,0.000002335706
0x32a4,46,0.000002498663
0x32a5,46,0.000002498663
0x32a6,46,0.000002498663
0x32a9,1,0.000000054319
0x32ab,46,0.000002498663
0x32ac,46,0.000002498663
0x32af,23,0.000001249331
0x32b0,16,0.000000869100
0x32b3,16,0.000000869100
0x32b5,16,0.000000869100
0x32b8,16,0.000000869100
0x32ba,16,0.000000869100
0x32bc,16,0.000000869100
0x32bf,16,0.000000869100
0x32c2,16,0.000000869100
0x32c3,16,0.000000869100
0x32c4,4,0.000000217275
0x32c5,4,0.000000217275
0x32c6,4,0.000000217275
0x32c7,4,0.000000217275
0x32c8,4,0.000000217275
0x32cb,4,0.000000217275
0x32cd,4,0.000000217275
0x32d0,4,0.000000217275
0x32d2,4,0.000000217275
0x32d4,4,0.000000217275
0x32d6,4,0.000000217275
0x32d7,4,0.000000217275
0x32d9,4,0.000000217275
0x32da,4,0.000000217275
0x32dc,4,0.000000217275
0x32dd,4,0.000000217275
0x32de,4,0.000000217275
0x32e1,4,0.000000217275
0x32e2,4,0.000000217275
0x32e3,4,0.000000217275
0x3400,1264,0.000068658905
0x3403,1264,0.000068658905
0x3406,1264,0.000068658905
0x3409,1264,0.000068658905
0x340c,1264,0.000068658905
0x340f,1264,0.000068658905
0x3412,1264,0.000068658905
0x3413,1264,0.000068658905
0x3416,1264,0.000068658905
0x3418,1264,0.000068658905
0x3438,1264,0.000068658905
0x343b,1264,0.000068658905
0x343c,1264,0.000068658905
0x343f,632,0.000034329452
0x3442,632,0.000034329452
0x3445,632,0.000034329452
0x3448,632,0.000034329452
0x344b,632,0.000034329452
0x3452,632,0.000034329452
0x3455,632,0.000034329452
0x3458,632,0.000034329452
0x345b,632,0.000034329452
0x3474,632,0.000034329452
0x3477,2528,0.000137317809
0x3478,2528,0.000137317809
0x347b,2528,0.000137317809
0x347c,2528,0.000137317809
0x347d,2528,0.000137317809
0x347f,2528,0.000137317809
0x3480,2528,0.000137317809
0x3482,2528,0.000137317809
0x3485,632,0.000034329452
0x3486,632,0.000034329452
0x3489,2528,0.000137317809
0x348a,2528,0.000137317809
0x348d,2528,0.000137317809
0x348e,2528,0.000137317809
0x348f,2528,0.000137317809
0x3491,2528,0.000137317809
0x3492,2528,0.000137317809
0x3494,2528,0.000137317809
0x3497,632,0.000034329452
0x3498,632,0.000034329452
0x349b,2528,0.000137317809
0x349c,2528,0.000137317809
0x349f,2528,0.000137317809
0x34a0,2528,0.000137317809
0x34a1,2528,0.000137317809
0x34a3,2528,0.000137317809
0x34a4,2528,0.000137317809
0x34a6,2528,0.000137317809
0x34a9,632,0.000034329452
0x34aa,632,0.000034329452
0x34ad,2528,0.000137317809
0x34ae,2528,0.000137317809
0x34b1,2528,0.000137317809
0x34b2,2528,0.000137317809
0x34b3,2528,0.000137317809
0x34b5,2528,0.000137317809
0x34b6,2528,0.000137317809
0x34b8,2528,0.000137317809
0x34bb,632,0.000034329452
0x34c0,5408,0.000293755820
0x34c1,5408,0.000293755820
0x34c2,5408,0.000293755820
0x34c3,4348,0.000236177941
0x34c4,4348,0.000236177941
0x34c6,4348,0.000236177941
0x34c7,4348,0.000236177941
0x34c9,4348,0.000236177941
0x34ca,4348,0.000236177941
0x34cb,4348,0.000236177941
0x34cc,4348,0.000236177941
0x34cd,4348,0.000236177941
0x34ce,4348,0.000236177941
0x34cf,4348,0.000236177941
0x34d0,4348,0.000236177941
0x34d1,4348,0.000236177941
0x34d2,4348,0.000236177941
0x34d3,4348,0.000236177941
0x34d4,4348,0.000236177941
0x34d5,4348,0.000236177941
0x34d7,4348,0.000236177941
0x34d8,4348,0.000236177941
0x34da,4348,0.000236177941
0x34db,4348,0.000236177941
0x34dc,4348,0.000236177941
0x34dd,4348,0.000236177941
0x34de,4354,0.000236503854
0x34df,4354,0.000236503854
0x34e1,4354,0.000236503854
0x34e4,504,0.000027376652
0x34e5,504,0.000027376652
0x34e7,504,0.000027376652
0x34ea,202,0.000010972388
0x34ec,202,0.000010972388
0x34ed,202,0.000010972388
0x34ee,202,0.000010972388
0x34f0,202,0.000010972388
0x34f1,202,0.000010972388
0x34f3,202,0.000010972388
0x34f6,96,0.000005214600
0x34f8,96,0.000005214600
0x34f9,96,0.000005214600
0x34fa,96,0.000005214600
0x34fc,96,0.000005214600
0x34fd,96,0.000005214600
0x34ff,96,0.000005214600
0x3509,202,0.000010972388
0x350a,202,0.000010972388
0x350b,202,0.000010972388
0x350c,4354,0.000236503854
0x350e,4354,0.000236503854
0x350f,4354,0.000236503854
0x3512,4354,0.000236503854
0x3513,4354,0.000236503854
0x3515,4354,0.000236503854
0x3516,4354,0.000236503854
0x3518,4354,0.000236503854
0x3519,4354,0.000236503854
0x3520,32,0.000001738200
0x3521,32,0.000001738200
0x3522,32,0.000001738200
0x3523,32,0.000001738200
0x3524,32,0.000001738200
0x3525,32,0.000001738200
0x3526,32,0.000001738200
0x3527,32,0.000001738200
0x3528,1366,0.000074199418
0x3529,1366,0.000074199418
0x352a,1366,0.000074199418
0x352b,1366,0.000074199418
0x352c,1366,0.000074199418
0x352d,1366,0.000074199418
0x352e,1366,0.000074199418
0x352f,1366,0.000074199418
0x3530,1634,0.000088756844
0x3531,1634,0.000088756844
0x3532,1634,0.000088756844
0x3533,1634,0.000088756844
0x3534,1634,0.000088756844
0x3535,1634,0.000088756844
0x3536,1634,0.000088756844
0x3537,1634,0.000088756844
0x3538,1924,0.000104509282
0x3539,1924,0.000104509282
0x353a,1924,0.000104509282
0x353b,1924,0.000104509282
0x353c,1924,0.000104509282
0x353d,1924,0.000104509282
0x353e,1924,0.000104509282
0x353f,1924,0.000104509282
0x3540,4371,0.000237427273
0x3541,4371,0.000237427273
0x3542,4371,0.000237427273
0x3543,4371,0.000237427273
0x3544,4371,0.000237427273
0x3545,4371,0.000237427273
0x3546,4371,0.000237427273
0x3547,4371,0.000237427273
0x3548,4739,0.000257416574
0x3549,4739,0.000257416574
0x354a,4739,0.000257416574
0x354b,4739,0.000257416574
0x354c,4739,0.000257416574
0x354d,4739,0.000257416574
0x354e,4739,0.000257416574
0x354f,4739,0.000257416574
0x3550,4771,0.000259154774
0x3551,4771,0.000259154774
0x3552,4771,0.000259154774
0x3553,4771,0.000259154774
0x3554,4771,0.000259154774
0x3555,4771,0.000259154774
0x3556,4771,0.000259154774
0x3557,4771,0.000259154774
0x3558,4771,0.000259154774
0x355a,4771,0.000259154774
0x355b,4771,0.000259154774
0x355d,4771,0.000259154774
0x3560,1264,0.000068658905
0x3563,1264,0.000068658905
0x3564,1264,0.000068658905
0x3565,1264,0.000068658905
0x3566,1264,0.000068658905
0x3567,1264,0.000068658905
0x3568,1264,0.000068658905
0x3569,1264,0.000068658905
0x356a,1264,0.000068658905
0x356d,1264,0.000068658905
0x3570,1264,0.000068658905
0x3572,1264,0.000068658905
0x3577,1264,0.000068658905
0x3579,1264,0.000068658905
0x357a,1264,0.000068658905
0x357b,1264,0.000068658905
0x357e,1264,0.000068658905
0x357f,1264,0.000068658905
0x3581,1264,0.000068658905
0x3584,1264,0.000068658905
0x3586,1264,0.000068658905
0x3587,1264,0.000068658905
0x3588,1264,0.000068658905
0x3589,1264,0.000068658905
0x358c,1264,0.000068658905
0x358d,1264,0.000068658905
0x358e,1264,0.000068658905
0x3590,1264,0.000068658905
0x3591,1264,0.000068658905
0x3593,1264,0.000068658905
0x3594,1264,0.000068658905
0x3596,1264,0.000068658905
0x3597,1264,0.000068658905
0x359a,1264,0.000068658905
0x359b,1264,0.000068658905
0x359c,1264,0.000068658905
0x359d,1264,0.000068658905
0x359f,1264,0.000068658905
0x35a2,1264,0.000068658905
0x35b0,5056,0.000274635619
0x35b1,5056,0.000274635619
0x35b2,5056,0.000274635619
0x35b3,3996,0.000217057740
0x35b4,3996,0.000217057740
0x35b5,3996,0.000217057740
0x35b6,3996,0.000217057740
0x35b7,3996,0.000217057740
0x35b8,3996,0.000217057740
0x35b9,3996,0.000217057740
0x35ba,3996,0.000217057740
0x35bd,3568,0.000193809313
0x35be,3996,0.000217057740
0x35bf,3996,0.000217057740
0x35c0,3996,0.000217057740
0x35c1,3996,0.000217057740
0x35c2,3996,0.000217057740
0x35c3,3996,0.000217057740
0x35c4,3996,0.000217057740
0x35c5,3996,0.000217057740
0x35c7,3996,0.000217057740
0x35c8,3996,0.000217057740
0x35c9,3996,0.000217057740
0x35ca,3996,0.000217057740
0x35cb,3996,0.000217057740
0x35cc,3996,0.000217057740
0x35cd,3996,0.000217057740
0x35ce,3996,0.000217057740
0x35cf,3996,0.000217057740
0x35d0,3996,0.000217057740
0x35d1,3996,0.000217057740
0x35d2,3996,0.000217057740
0x35d3,3996,0.000217057740
0x35d4,3996,0.000217057740
0x35d5,3996,0.000217057740
0x35d6,3996,0.000217057740
0x35d7,3996,0.000217057740
0x35d8,3996,0.000217057740
0x35d9,3996,0.000217057740
0x35da,3996,0.000217057740
0x35db,3996,0.000217057740
0x35e0,2936,0.000159479861
0x35e1,2936,0.000159479861
0x35e2,2936,0.000159479861
0x35e3,2936,0.000159479861
0x35e5,2936,0.000159479861
0x35e8,1548,0.000084085431
0x35e9,1548,0.000084085431
0x35ea,1548,0.000084085431
0x35eb,1548,0.000084085431
0x35ec,1548,0.000084085431
0x35ed,1548,0.000084085431
0x35ee,1548,0.000084085431
0x35ef,1548,0.000084085431
0x35f0,1548,0.000084085431
0x35f1,1548,0.000084085431
0x35f3,1548,0.000084085431
0x35f6,448,0.000024334802
0x35f8,448,0.000024334802
0x35f9,448,0.000024334802
0x35fa,448,0.000024334802
0x35fb,448,0.000024334802
0x35fd,448,0.000024334802
0x35fe,448,0.000024334802
0x3601,58,0.000003150488
0x3602,58,0.000003150488
0x3603,58,0.000003150488
0x3604,448,0.000024334802
0x3605,448,0.000024334802
0x3606,448,0.000024334802
0x3607,448,0.000024334802
0x3608,448,0.000024334802
0x3609,448,0.000024334802
0x360a,448,0.000024334802
0x360b,448,0.000024334802
0x360c,448,0.000024334802
0x360e,448,0.000024334802
0x360f,448,0.000024334802
0x3612,412,0.000022379327
0x3613,412,0.000022379327
0x3614,412,0.000022379327
0x3615,412,0.000022379327
0x3616,412,0.000022379327
0x3618,412,0.000022379327
0x3619,412,0.000022379327
0x361a,412,0.000022379327
0x361b,412,0.000022379327
0x361c,278,0.000015100614
0x361f,278,0.000015100614
0x3620,278,0.000015100614
0x3621,278,0.000015100614
0x3622,100,0.000005431875
0x3623,100,0.000005431875
0x3624,100,0.000005431875
0x3628,1388,0.000075394430
0x362a,1388,0.000075394430
0x362d,1354,0.000073547593
0x362e,1354,0.000073547593
0x362f,1354,0.000073547593
0x3630,1354,0.000073547593
0x3631,1354,0.000073547593
0x3632,1354,0.000073547593
0x3633,1354,0.000073547593
0x3634,1354,0.000073547593
0x3635,1354,0.000073547593
0x3636,1354,0.000073547593
0x3637,1354,0.000073547593
0x363a,420,0.000022813877
0x363c,420,0.000022813877
0x363d,420,0.000022813877
0x363e,420,0.000022813877
0x363f,420,0.000022813877
0x3641,420,0.000022813877
0x3642,420,0.000022813877
0x3645,56,0.000003041850
0x3646,56,0.000003041850
0x3647,56,0.000003041850
0x3648,420,0.000022813877
0x3649,420,0.000022813877
0x364a,420,0.000022813877
0x364b,420,0.000022813877
0x364c,420,0.000022813877
0x364d,420,0.000022813877
0x364e,420,0.000022813877
0x364f,420,0.000022813877
0x3650,420,0.000022813877
0x3651,420,0.000022813877
0x3652,420,0.000022813877
0x3654,420,0.000022813877
0x3655,420,0.000022813877
0x3656,420,0.000022813877
0x3657,420,0.000022813877
0x365a,320,0.000017382001
0x365d,320,0.000017382001
0x365e,320,0.000017382001
0x3661,88,0.000004780050
0x3662,88,0.000004780050
0x3663,420,0.000022813877
0x3665,420,0.000022813877
0x3666,420,0.000022813877
0x366a,1100,0.000059750629
0x366b,1100,0.000059750629
0x366c,1100,0.000059750629
0x366d,38,0.000002064113
0x366e,38,0.000002064113
0x366f,38,0.000002064113
0x3670,38,0.000002064113
0x3671,38,0.000002064113
0x3672,36,0.000001955475
0x3673,36,0.000001955475
0x3674,36,0.000001955475
0x3675,36,0.000001955475
0x3676,36,0.000001955475
0x3679,36,0.000001955475
0x367b,36,0.000001955475
0x367c,36,0.000001955475
0x367f,36,0.000001955475
0x3680,36,0.000001955475
0x3683,36,0.000001955475
0x3684,36,0.000001955475
0x3686,36,0.000001955475
0x3689,36,0.000001955475
0x368a,36,0.000001955475
0x368b,36,0.000001955475
0x368d,36,0.000001955475
0x368e,34,0.000001846838
0x3690,34,0.000001846838
0x3691,26,0.000001412288
0x3692,26,0.000001412288
0x3695,934,0.000050733716
0x3696,934,0.000050733716
0x3697,934,0.000050733716
0x3698,934,0.000050733716
0x3699,934,0.000050733716
0x369a,934,0.000050733716
0x369b,934,0.000050733716
0x369c,934,0.000050733716
0x369d,24,0.000001303650
0x369e,24,0.000001303650
0x36a0,24,0.000001303650
0x36a1,24,0.000001303650
0x36a4,24,0.000001303650
0x36a6,24,0.000001303650
0x36a7,24,0.000001303650
0x36aa,22,0.000001195013
0x36ab,24,0.000001303650
0x36ae,24,0.000001303650
0x36b0,24,0.000001303650
0x36b3,24,0.000001303650
0x36b4,24,0.000001303650
0x36b6,24,0.000001303650
0x36b7,24,0.000001303650
0x36b9,24,0.000001303650
0x36ba,24,0.000001303650
0x36bb,24,0.000001303650
0x36c0,1060,0.000057577879
0x36c1,1060,0.000057577879
0x36c2,1060,0.000057577879
0x36c3,530,0.000028788939
0x36c4,530,0.000028788939
0x36c5,530,0.000028788939
0x36c6,530,0.000028788939
0x36c8,530,0.000028788939
0x36c9,530,0.000028788939
0x36d2,1280,0.000069528005
0x36d3,1280,0.000069528005
0x36d4,1280,0.000069528005
0x36d5,1280,0.000069528005
0x36d6,1280,0.000069528005
0x36d7,1280,0.000069528005
0x36d8,48,0.000002607300
0x36d9,48,0.000002607300
0x36da,48,0.000002607300
0x36db,48,0.000002607300
0x36dc,48,0.000002607300
0x36dd,48,0.000002607300
0x36de,48,0.000002607300
0x36e1,48,0.000002607300
0x36e3,48,0.000002607300
0x36e6,48,0.000002607300
0x36ea,1260,0.000068441630
0x36eb,1260,0.000068441630
0x36ec,1260,0.000068441630
0x36ed,1260,0.000068441630
0x36ee,1260,0.000068441630
0x36ef,1260,0.000068441630
0x36f0,372,0.000020206576
0x36f1,372,0.000020206576
0x36f2,372,0.000020206576
0x36f3,372,0.000020206576
0x36f5,372,0.000020206576
0x36f6,24,0.000001303650
0x36f7,24,0.000001303650
0x36f8,24,0.000001303650
0x36f9,24,0.000001303650
0x36fa,24,0.000001303650
0x36fb,24,0.000001303650
0x36fc,24,0.000001303650
0x36fd,24,0.000001303650
0x36fe,24,0.000001303650
0x3701,24,0.000001303650
0x3703,24,0.000001303650
0x3706,24,0.000001303650
0x370a,1456,0.000079088105
0x370b,1456,0.000079088105
0x370c,1456,0.000079088105
0x370d,1456,0.000079088105
0x370e,1456,0.000079088105
0x370f,1456,0.000079088105
0x3710,124,0.000006735525
0x3711,124,0.000006735525
0x3712,124,0.000006735525
0x3713,124,0.000006735525
0x3715,124,0.000006735525
0x3716,44,0.000002390025
0x3717,44,0.000002390025
0x3718,44,0.000002390025
0x3719,44,0.000002390025
0x371a,44,0.000002390025
0x371b,44,0.000002390025
0x371c,44,0.000002390025
0x371d,44,0.000002390025
0x371e,44,0.000002390025
0x3721,44,0.000002390025
0x3723,44,0.000002390025
0x3726,44,0.000002390025
0x3729,44,0.000002390025
0x372a,44,0.000002390025
0x372c,44,0.000002390025
0x372d,22,0.000001195013
0x372e,22,0.000001195013
0x3730,22,0.000001195013
0x3731,22,0.000001195013
0x3732,22,0.000001195013
0x3733,22,0.000001195013
0x3734,22,0.000001195013
0x3735,22,0.000001195013
0x3736,22,0.000001195013
0x3739,22,0.000001195013
0x373b,22,0.000001195013
0x373e,22,0.000001195013
0x3744,34,0.000001846838
0x3746,34,0.000001846838
0x3747,34,0.000001846838
0x3748,34,0.000001846838
0x3749,34,0.000001846838
0x374a,34,0.000001846838
0x374c,34,0.000001846838
0x374d,34,0.000001846838
0x374e,34,0.000001846838
0x3750,34,0.000001846838
0x3751,34,0.000001846838
0x3752,4,0.000000217275
0x3753,4,0.000000217275
0x3754,4,0.000000217275
0x3758,5914,0.000321241110
0x3759,5914,0.000321241110
0x375a,5914,0.000321241110
0x375b,32,0.000001738200
0x375c,32,0.000001738200
0x375f,30,0.000001629563
0x3760,30,0.000001629563
0x3761,30,0.000001629563
0x3764,16,0.000000869100
0x3766,16,0.000000869100
0x3767,16,0.000000869100
0x3769,16,0.000000869100
0x376a,16,0.000000869100
0x376b,16,0.000000869100
0x376c,16,0.000000869100
0x376d,16,0.000000869100
0x376e,16,0.000000869100
0x376f,16,0.000000869100
0x3770,16,0.000000869100
0x3771,16,0.000000869100
0x3772,16,0.000000869100
0x3773,16,0.000000869100
0x3774,16,0.000000869100
0x3777,16,0.000000869100
0x377a,16,0.000000869100
0x377b,16,0.000000869100
0x377c,16,0.000000869100
0x377d,16,0.000000869100
0x377e,16,0.000000869100
0x3780,16,0.000000869100
0x3781,16,0.000000869100
0x3782,16,0.000000869100
0x3783,16,0.000000869100
0x3786,16,0.000000869100
0x3787,16,0.000000869100
0x3788,16,0.000000869100
0x3789,16,0.000000869100
0x378c,16,0.000000869100
0x378e,16,0.000000869100
0x378f,16,0.000000869100
0x3791,16,0.000000869100
0x3792,16,0.000000869100
0x3796,16,0.000000869100
0x3798,16,0.000000869100
0x3799,16,0.000000869100
0x379b,16,0.000000869100
0x379e,6,0.000000325913
0x379f,16,0.000000869100
0x37a0,16,0.000000869100
0x37a1,16,0.000000869100
0x37a4,16,0.000000869100
0x37a5,16,0.000000869100
0x37a6,16,0.000000869100
0x37a7,16,0.000000869100
0x37aa,16,0.000000869100
0x37b0,14,0.000000760463
0x37b1,14,0.000000760463
0x37b2,14,0.000000760463
0x37b3,14,0.000000760463
0x37b4,14,0.000000760463
0x37b5,14,0.000000760463
0x37b6,14,0.000000760463
0x37b7,14,0.000000760463
0x37b8,14,0.000000760463
0x37b9,14,0.000000760463
0x37ba,14,0.000000760463
0x37bb,14,0.000000760463
0x37be,14,0.000000760463
0x37c0,14,0.000000760463
0x37c1,14,0.000000760463
0x37c4,14,0.000000760463
0x37c6,14,0.000000760463
0x37cc,2,0.000000108638
0x37cd,2,0.000000108638
0x37ce,2,0.000000108638
0x37cf,2,0.000000108638
0x37d0,2,0.000000108638
0x37d2,2,0.000000108638
0x37d4,2,0.000000108638
0x37d5,2,0.000000108638
0x37d7,2,0.000000108638
0x37da,2,0.000000108638
0x37dd,52,0.000002824575
0x37de,52,0.000002824575
0x37df,52,0.000002824575
0x37e0,52,0.000002824575
0x37e1,52,0.000002824575
0x37e2,52,0.000002824575
0x37e5,2,0.000000108638
0x3800,2528,0.000137317809
0x3803,2528,0.000137317809
0x3805,2528,0.000137317809
0x3806,1206,0.000065508417
0x3809,1206,0.000065508417
0x380b,1206,0.000065508417
0x380c,1206,0.000065508417
0x380f,1206,0.000065508417
0x3810,1206,0.000065508417
0x3813,1206,0.000065508417
0x3815,1206,0.000065508417
0x3816,1206,0.000065508417
0x3819,1206,0.000065508417
0x381a,1206,0.000065508417
0x381b,1206,0.000065508417
0x381d,1206,0.000065508417
0x381e,1206,0.000065508417
0x381f,1206,0.000065508417
0x3820,1206,0.000065508417
0x3822,1206,0.000065508417
0x3823,18,0.000000977738
0x3824,18,0.000000977738
0x3827,18,0.000000977738
0x3829,18,0.000000977738
0x382b,18,0.000000977738
0x382c,18,0.000000977738
0x382e,18,0.000000977738
0x382f,18,0.000000977738
0x3830,18,0.000000977738
0x3832,18,0.000000977738
0x3833,18,0.000000977738
0x3834,18,0.000000977738
0x3835,18,0.000000977738
0x3837,18,0.000000977738
0x3838,18,0.000000977738
0x3839,18,0.000000977738
0x383b,18,0.000000977738
0x383c,18,0.000000977738
0x383e,18,0.000000977738
0x3841,12,0.000000651825
0x3844,18,0.000000977738
0x3846,18,0.000000977738
0x3847,18,0.000000977738
0x3849,18,0.000000977738
0x384a,18,0.000000977738
0x384b,18,0.000000977738
0x384c,6,0.000000325913
0x384f,6,0.000000325913
0x3850,6,0.000000325913
0x3851,6,0.000000325913
0x3853,6,0.000000325913
0x3854,6,0.000000325913
0x3855,6,0.000000325913
0x3856,6,0.000000325913
0x3857,6,0.000000325913
0x3858,6,0.000000325913
0x3859,6,0.000000325913
0x385c,6,0.000000325913
0x385d,6,0.000000325913
0x385f,6,0.000000325913
0x3862,2,0.000000108638
0x3863,2,0.000000108638
0x3865,2,0.000000108638
0x3868,2,0.000000108638
0x386b,2,0.000000108638
0x386e,2,0.000000108638
0x386f,2,0.000000108638
0x3871,2,0.000000108638
0x3894,4,0.000000217275
0x3897,4,0.000000217275
0x3899,4,0.000000217275
0x389c,4,0.000000217275
0x38a1,6,0.000000325913
0x38a2,6,0.000000325913
0x38a4,6,0.000000325913
0x38a5,6,0.000000325913
0x38a6,6,0.000000325913
0x38a7,6,0.000000325913
0x38a8,6,0.000000325913
0x38a9,6,0.000000325913
0x38ac,6,0.000000325913
0x38ae,6,0.000000325913
0x38af,6,0.000000325913
0x38b1,6,0.000000325913
0x38b4,6,0.000000325913
0x38b5,6,0.000000325913
0x38bc,10,0.000000543188
0x38be,10,0.000000543188
0x38bf,10,0.000000543188
0x38c1,10,0.000000543188
0x38c2,10,0.000000543188
0x38c3,10,0.000000543188
0x38f8,4,0.000000217275
0x38fb,6,0.000000325913
0x38fc,6,0.000000325913
0x38fd,6,0.000000325913
0x3906,6,0.000000325913
0x3907,6,0.000000325913
0x3908,6,0.000000325913
0x3909,6,0.000000325913
0x390a,6,0.000000325913
0x390d,6,0.000000325913
0x390e,6,0.000000325913
0x390f,6,0.000000325913
0x3912,6,0.000000325913
0x3913,6,0.000000325913
0x3916,6,0.000000325913
0x3918,6,0.000000325913
0x391b,6,0.000000325913
0x391c,12,0.000000651825
0x391d,12,0.000000651825
0x391f,12,0.000000651825
0x3922,2,0.000000108638
0x3923,2083,0.000113145964
0x3930,632,0.000034329452
0x3933,632,0.000034329452
0x3935,632,0.000034329452
0x3937,632,0.000034329452
0x3938,632,0.000034329452
0x393a,632,0.000034329452
0x393b,632,0.000034329452
0x393c,632,0.000034329452
0x393d,632,0.000034329452
0x393f,632,0.000034329452
0x3942,316,0.000017164726
0x3945,316,0.000017164726
0x3946,316,0.000017164726
0x3947,316,0.000017164726
0x394a,316,0.000017164726
0x394b,316,0.000017164726
0x394c,1944,0.000105595657
0x394d,1944,0.000105595657
0x3950,1894,0.000102879720
0x3951,1894,0.000102879720
0x3952,1894,0.000102879720
0x3954,1894,0.000102879720
0x3955,1894,0.000102879720
0x3956,1894,0.000102879720
0x3959,266,0.000014448788
0x395c,1944,0.000105595657
0x395d,1944,0.000105595657
0x395f,1944,0.000105595657
0x3960,590,0.000032048065
0x3961,590,0.000032048065
0x3963,590,0.000032048065
0x3964,590,0.000032048065
0x3965,590,0.000032048065
0x3966,590,0.000032048065
0x3967,504,0.000027376652
0x3968,504,0.000027376652
0x3969,50,0.000002715938
0x396b,50,0.000002715938
0x396c,50,0.000002715938
0x396d,50,0.000002715938
0x396e,50,0.000002715938
0x396f,50,0.000002715938
0x3972,50,0.000002715938
0x3973,50,0.000002715938
0x3975,50,0.000002715938
0x3976,50,0.000002715938
0x3977,50,0.000002715938
0x3978,50,0.000002715938
0x397a,50,0.000002715938
0x397b,50,0.000002715938
0x3980,1264,0.000068658905
0x3983,1264,0.000068658905
0x3985,1264,0.000068658905
0x3986,4,0.000000217275
0x3988,4,0.000000217275
0x3a00,632,0.000034329452
0x3a03,632,0.000034329452
0x3a05,632,0.000034329452
0x3a06,632,0.000034329452
0x3a07,632,0.000034329452
0x3a08,632,0.000034329452
0x3a0b,632,0.000034329452
0x3a0c,632,0.000034329452
0x3a0d,632,0.000034329452
0x3a0e,316,0.000017164726
0x3a0f,316,0.000017164726
0x3a10,2467,0.000134004365
0x3a13,2467,0.000134004365
0x3a14,2467,0.000134004365
0x3a15,2467,0.000134004365
0x3a18,384,0.000020858401
0x3a1a,384,0.000020858401
0x3a1c,384,0.000020858401
0x3a1d,2083,0.000113145964
0x3a20,2083,0.000113145964
0x3a21,2083,0.000113145964
0x3a22,2083,0.000113145964
0x3a40,2083,0.000113145964
0x3a42,2083,0.000113145964
0x3a43,2083,0.000113145964
0x3a44,2083,0.000113145964
0x3a47,192,0.000010429201
0x3a49,192,0.000010429201
0x3a4c,12,0.000000651825
0x3a4e,192,0.000010429201
0x3a4f,192,0.000010429201
0x3a50,192,0.000010429201
0x3a51,192,0.000010429201
0x3a52,192,0.000010429201
0x3a53,192,0.000010429201
0x3a54,192,0.000010429201
0x3a56,192,0.000010429201
0x3a58,192,0.000010429201
0x3a5a,192,0.000010429201
0x3a5b,192,0.000010429201
0x3a5d,192,0.000010429201
0x3a5f,192,0.000010429201
0x3a62,1891,0.000102716763
0x3a64,1891,0.000102716763
0x3a65,1891,0.000102716763
0x3a66,1891,0.000102716763
0x3a82,2083,0.000113145964
0x3a85,2083,0.000113145964
0x3a86,2083,0.000113145964
0x3a88,2083,0.000113145964
0x3a90,2083,0.000113145964
0x3a93,2083,0.000113145964
0x3a94,2083,0.000113145964
0x3a95,2083,0.000113145964
0x3a98,1406,0.000076372168
0x3a9b,1406,0.000076372168
0x3a9e,1406,0.000076372168
0x3aa1,22496,0.001221954684
0x3aa2,22496,0.001221954684
0x3aa3,22496,0.001221954684
0x3aa4,22496,0.001221954684
0x3aa7,10841,0.000588869609
0x3aa8,10841,0.000588869609
0x3aaa,10841,0.000588869609
0x3aad,2506,0.000136122797
0x3aae,22496,0.001221954684
0x3aaf,22496,0.001221954684
0x3ab0,22496,0.001221954684
0x3ab1,22496,0.001221954684
0x3ab2,22496,0.001221954684
0x3ab5,1406,0.000076372168
0x3ab6,1406,0.000076372168
0x3ab7,1406,0.000076372168
0x3ab8,1166,0.000063335667
0x3aba,1166,0.000063335667
0x3abd,6,0.000000325913
0x3abf,1166,0.000063335667
0x3ac1,1166,0.000063335667
0x3ac2,1166,0.000063335667
0x3ac5,1166,0.000063335667
0x3ac6,1166,0.000063335667
0x3ac8,1166,0.000063335667
0x3ac9,1166,0.000063335667
0x3aca,1166,0.000063335667
0x3b1b,2083,0.000113145964
0x3b1e,2083,0.000113145964
0x3b1f,2083,0.000113145964
0x3b20,2083,0.000113145964
0x3b33,2083,0.000113145964
0x3b36,2083,0.000113145964
0x3b37,2083,0.000113145964
0x3b38,2083,0.000113145964
0x3b43,2083,0.000113145964
0x3b46,2083,0.000113145964
0x3b47,2083,0.000113145964
0x3b49,2083,0.000113145964
0x3b4c,2083,0.000113145964
0x3b4f,2083,0.000113145964
0x3b52,2083,0.000113145964
0x3b55,2083,0.000113145964
0x3b58,2083,0.000113145964
0x3b5b,2083,0.000113145964
