pc,count,frequency
0x0000,1,0.000000028579
0x0001,1,0.000000028579
0x0002,1,0.000000028579
0x0003,1,0.000000028579
0x0004,1,0.000000028579
0x0005,1,0.000000028579
0x0006,1,0.000000028579
0x0007,1,0.000000028579
0x0008,1,0.000000028579
0x000b,1,0.000000028579
0x000d,1,0.000000028579
0x000f,1,0.000000028579
0x0012,1,0.000000028579
0x0015,1,0.000000028579
0x0017,1,0.000000028579
0x001a,19826,0.000566611229
0x001d,19826,0.000566611229
0x0020,19826,0.000566611229
0x0021,19826,0.000566611229
0x0024,5550,0.000158614563
0x0027,5550,0.000158614563
0x002a,5550,0.000158614563
0x002d,14276,0.000407996666
0x002f,14276,0.000407996666
0x0031,14276,0.000407996666
0x0032,14276,0.000407996666
0x0034,14276,0.000407996666
0x0035,14276,0.000407996666
0x0038,14276,0.000407996666
0x0039,14276,0.000407996666
0x003c,14276,0.000407996666
0x003d,14276,0.000407996666
0x0040,7,0.000000200054
0x0043,7,0.000000200054
0x0046,14269,0.000407796612
0x0049,14268,0.000407768032
0x0050,1,0.000000028579
0x0052,1,0.000000028579
0x0054,1,0.000000028579
0x0056,1,0.000000028579
0x0058,1,0.000000028579
0x005a,1,0.000000028579
0x005c,1,0.000000028579
0x005f,1,0.000000028579
0x0061,1,0.000000028579
0x0063,1,0.000000028579
0x0066,1,0.000000028579
0x0068,1,0.000000028579
0x006a,1,0.000000028579
0x006b,2,0.000000057158
0x006e,2,0.000000057158
0x0070,6130,0.000175190499
0x0072,6130,0.000175190499
0x0073,6130,0.000175190499
0x0074,6130,0.000175190499
0x0077,2,0.000000057158
0x0078,864,0.000024692429
0x007b,864,0.000024692429
0x0080,2176863,0.062213004096
0x0082,2176863,0.062213004096
0x0083,2176863,0.062213004096
0x0085,2176863,0.062213004096
0x0088,39680,0.001134022675
0x0089,39680,0.001134022675
0x008b,39680,0.001134022675
0x008e,19858,0.000567525763
0x0090,19858,0.000567525763
0x0091,19858,0.000567525763
0x0094,19858,0.000567525763
0x0095,19858,0.000567525763
0x0096,19858,0.000567525763
0x0097,19858,0.000567525763
0x0098,19858,0.000567525763
0x009a,19858,0.000567525763
0x009d,19858,0.000567525763
0x009f,19858,0.000567525763
0x00a0,19858,0.000567525763
0x00a2,19858,0.000567525763
0x00a3,19858,0.000567525763
0x00a6,19858,0.000567525763
0x00a8,19858,0.000567525763
0x00ab,19858,0.000567525763
0x00ac,1,0.000000028579
0x00ae,1,0.000000028579
0x00af,1,0.000000028579
0x00b0,1,0.000000028579
0x00b2,1,0.000000028579
0x00b5,1,0.000000028579
0x00bb,39335,0.001124162851
0x00be,39335,0.001124162851
0x00bf,39335,0.001124162851
0x00c0,39335,0.001124162851
0x00c1,39335,0.001124162851
0x00c2,39335,0.001124162851
0x00c3,39335,0.001124162851
0x00c4,2082,0.000059501895
0x00c5,2082,0.000059501895
0x00c7,2082,0.000059501895
0x00c9,2082,0.000059501895
0x00ca,2082,0.000059501895
0x00cd,2082,0.000059501895
0x00ce,2082,0.000059501895
0x00cf,2082,0.000059501895
0x00d0,2082,0.000059501895
0x00d1,2082,0.000059501895
0x00d2,2082,0.000059501895
0x00d3,2082,0.000059501895
0x00d4,2082,0.000059501895
0x00d6,2082,0.000059501895
0x00d8,2082,0.000059501895
0x00d9,2082,0.000059501895
0x00dc,2082,0.000059501895
0x00dd,2082,0.000059501895
0x00de,2082,0.000059501895
0x00e1,722,0.000020634183
0x00e3,14269,0.000407796612
0x00e6,14269,0.000407796612
0x00e9,14269,0.000407796612
0x00ec,14269,0.000407796612
0x00ef,14269,0.000407796612
0x00f2,14265,0.000407682295
0x00f5,14265,0.000407682295
0x00f8,14265,0.000407682295
0x00fb,14265,0.000407682295
0x00fe,13391,0.000382704074
0x0101,13391,0.000382704074
0x0104,13391,0.000382704074
0x0107,13388,0.000382618336
0x0109,13388,0.000382618336
0x010c,13388,0.000382618336
0x010f,13385,0.000382532598
0x0111,13385,0.000382532598
0x0114,13385,0.000382532598
0x0117,13382,0.000382446861
0x0119,13382,0.000382446861
0x011c,13382,0.000382446861
0x011f,13382,0.000382446861
0x0122,12518,0.000357754432
0x0125,12518,0.000357754432
0x0128,12518,0.000357754432
0x012b,12518,0.000357754432
0x012e,11990,0.000342664614
0x0131,11990,0.000342664614
0x0134,11990,0.000342664614
0x0137,11990,0.000342664614
0x013a,729,0.000020834237
0x0140,16,0.000000457267
0x0143,16,0.000000457267
0x0146,16,0.000000457267
0x0149,16,0.000000457267
0x014c,16,0.000000457267
0x014e,16,0.000000457267
0x014f,16,0.000000457267
0x0151,16,0.000000457267
0x0152,16,0.000000457267
0x0153,16,0.000000457267
0x0154,16,0.000000457267
0x0156,16,0.000000457267
0x0158,16,0.000000457267
0x015b,16,0.000000457267
0x015d,16,0.000000457267
0x015f,16,0.000000457267
0x0161,16,0.000000457267
0x0164,16,0.000000457267
0x0166,16,0.000000457267
0x0167,16,0.000000457267
0x0168,16,0.000000457267
0x016a,16,0.000000457267
0x016b,16,0.000000457267
0x016d,16,0.000000457267
0x016f,16,0.000000457267
0x0172,16,0.000000457267
0x0173,11255,0.000321658901
0x0174,11255,0.000321658901
0x0176,11255,0.000321658901
0x0178,11255,0.000321658901
0x017a,11255,0.000321658901
0x017b,8511,0.000243237575
0x017d,8511,0.000243237575
0x017e,8424,0.000240751185
0x0180,8424,0.000240751185
0x0182,8424,0.000240751185
0x0183,2946,0.000084194325
0x0185,2946,0.000084194325
0x0186,2859,0.000081707934
0x0188,2859,0.000081707934
0x018a,2859,0.000081707934
0x018b,90,0.000002572128
0x018d,90,0.000002572128
0x018e,90,0.000002572128
0x018f,90,0.000002572128
0x0191,90,0.000002572128
0x0192,6,0.000000171475
0x0194,6,0.000000171475
0x0196,1738,0.000049670650
0x0197,1738,0.000049670650
0x0199,1738,0.000049670650
0x019b,1738,0.000049670650
0x019c,1416,0.000040468148
0x019d,1416,0.000040468148
0x019e,1416,0.000040468148
0x01a0,1416,0.000040468148
0x01a1,1416,0.000040468148
0x01a2,1416,0.000040468148
0x01a3,1416,0.000040468148
0x01a5,1416,0.000040468148
0x01a6,1416,0.000040468148
0x01a7,1416,0.000040468148
0x01a8,1416,0.000040468148
0x01ab,1416,0.000040468148
0x01ae,1416,0.000040468148
0x01af,1416,0.000040468148
0x01b0,1416,0.000040468148
0x01b1,1416,0.000040468148
0x01b2,1416,0.000040468148
0x01b3,1416,0.000040468148
0x01b4,1416,0.000040468148
0x01b5,1416,0.000040468148
0x01b6,1416,0.000040468148
0x01b7,1416,0.000040468148
0x01b8,1416,0.000040468148
0x01b9,1416,0.000040468148
0x01ba,1416,0.000040468148
0x01bb,1416,0.000040468148
0x01bd,1416,0.000040468148
0x01be,1416,0.000040468148
0x01c1,17616,0.000503451196
0x01c4,17616,0.000503451196
0x01c5,17616,0.000503451196
0x01c8,1416,0.000040468148
0x01c9,1416,0.000040468148
0x01ca,1416,0.000040468148
0x01d0,4271,0.000122061765
0x01d1,4271,0.000122061765
0x01d2,4271,0.000122061765
0x01d3,4271,0.000122061765
0x01d4,4271,0.000122061765
0x01d6,4271,0.000122061765
0x01d7,4271,0.000122061765
0x01d9,4271,0.000122061765
0x01dc,4271,0.000122061765
0x01dd,4271,0.000122061765
0x01e0,2454,0.000070133358
0x01e1,7,0.000000200054
0x01e4,904,0.000025835597
0x01e7,904,0.000025835597
0x01e9,904,0.000025835597
0x01ed,111046,0.003173605897
0x01ee,111046,0.003173605897
0x01ef,111046,0.003173605897
0x01f0,111046,0.003173605897
0x01f3,111046,0.003173605897
0x01f4,111046,0.003173605897
0x01f7,4271,0.000122061765
0x0200,34127,0.000975322375
0x0201,34127,0.000975322375
0x0202,118,0.000003372346
0x0203,118,0.000003372346
0x0204,118,0.000003372346
0x0205,118,0.000003372346
0x0206,1416,0.000040468148
0x0207,1416,0.000040468148
0x0208,1416,0.000040468148
0x0209,1416,0.000040468148
0x020a,1416,0.000040468148
0x020b,1416,0.000040468148
0x020c,1416,0.000040468148
0x020d,1416,0.000040468148
0x020e,1416,0.000040468148
0x0210,9979,0.000285191842
0x0211,9979,0.000285191842
0x0213,9979,0.000285191842
0x0214,9979,0.000285191842
0x0215,2170,0.000062016865
0x0216,2170,0.000062016865
0x0217,224784,0.006424147001
0x0218,224784,0.006424147001
0x021a,224784,0.006424147001
0x021b,224784,0.006424147001
0x021c,32232,0.000921164790
0x021d,32232,0.000921164790
0x0220,32,0.000000914534
0x0221,32,0.000000914534
0x0222,32,0.000000914534
0x0223,32,0.000000914534
0x0224,32,0.000000914534
0x0225,32,0.000000914534
0x0226,32,0.000000914534
0x0227,32,0.000000914534
0x0228,32,0.000000914534
0x0229,32,0.000000914534
0x022a,32,0.000000914534
0x022b,32,0.000000914534
0x022c,32,0.000000914534
0x022e,32,0.000000914534
0x022f,32,0.000000914534
0x0230,32,0.000000914534
0x0231,32,0.000000914534
0x0232,32,0.000000914534
0x0258,68351,0.001953416932
0x0259,68351,0.001953416932
0x025a,68351,0.001953416932
0x025b,273,0.000007802122
0x025c,273,0.000007802122
0x025d,273,0.000007802122
0x025e,273,0.000007802122
0x025f,273,0.000007802122
0x0260,52155,0.001490548201
0x0263,52155,0.001490548201
0x0264,50388,0.001440048754
0x0267,50388,0.001440048754
0x0270,71812,0.002052329545
0x0271,71812,0.002052329545
0x0272,71812,0.002052329545
0x0273,71812,0.002052329545
0x0274,71812,0.002052329545
0x0275,71812,0.002052329545
0x0276,71812,0.002052329545
0x0277,50388,0.001440048754
0x0278,50388,0.001440048754
0x0279,50388,0.001440048754
0x027a,50388,0.001440048754
0x027b,50388,0.001440048754
0x027c,50388,0.001440048754
0x027d,50388,0.001440048754
0x0288,7,0.000000200054
0x028b,7,0.000000200054
0x028e,7,0.000000200054
0x0290,7,0.000000200054
0x0293,7,0.000000200054
0x0295,7,0.000000200054
0x0298,7,0.000000200054
0x029a,7,0.000000200054
0x02a7,7,0.000000200054
0x02aa,7,0.000000200054
0x02ab,7,0.000000200054
0x02ac,7,0.000000200054
0x02ad,1,0.000000028579
0x02b0,1,0.000000028579
0x02b3,1,0.000000028579
0x02b6,1,0.000000028579
0x02b9,1,0.000000028579
0x02bc,1,0.000000028579
0x02be,1,0.000000028579
0x02c0,1,0.000000028579
0x02c3,1,0.000000028579
0x02c5,1,0.000000028579
0x02c7,1,0.000000028579
0x02cb,1,0.000000028579
0x02cd,1,0.000000028579
0x02cf,1,0.000000028579
0x02d4,1,0.000000028579
0x02d7,1,0.000000028579
0x02d8,1,0.000000028579
0x02db,1,0.000000028579
0x02dd,1,0.000000028579
0x02e3,1,0.000000028579
0x02e5,1,0.000000028579
0x02e6,1,0.000000028579
0x02e7,1,0.000000028579
0x02e8,1,0.000000028579
0x02ea,1,0.000000028579
0x02ed,1,0.000000028579
0x02f0,1,0.000000028579
0x02f3,1,0.000000028579
0x02f6,1,0.000000028579
0x02f9,1,0.000000028579
0x02fc,1,0.000000028579
0x02fe,1,0.000000028579
0x0300,1,0.000000028579
0x0303,1,0.000000028579
0x0306,1,0.000000028579
0x0308,1,0.000000028579
0x030b,1,0.000000028579
0x030d,1,0.000000028579
0x0310,1,0.000000028579
0x0314,34,0.000000971693
0x0315,34,0.000000971693
0x0316,34,0.000000971693
0x0317,34,0.000000971693
0x0318,34,0.000000971693
0x0319,34,0.000000971693
0x031a,34,0.000000971693
0x031b,34,0.000000971693
0x031c,34,0.000000971693
0x031d,34,0.000000971693
0x031e,34,0.000000971693
0x0320,2,0.000000057158
0x0321,2,0.000000057158
0x0322,2,0.000000057158
0x0323,2,0.000000057158
0x0324,2,0.000000057158
0x0325,2,0.000000057158
0x0326,2,0.000000057158
0x0327,2,0.000000057158
0x0328,2,0.000000057158
0x0329,2,0.000000057158
0x032a,2,0.000000057158
0x032e,1,0.000000028579
0x0331,8,0.000000228634
0x0333,8,0.000000228634
0x0334,8,0.000000228634
0x0335,8,0.000000228634
0x0337,8,0.000000228634
0x033a,1,0.000000028579
0x033c,1,0.000000028579
0x033f,1,0.000000028579
0x0341,1,0.000000028579
0x0344,1,0.000000028579
0x0346,1,0.000000028579
0x0349,1,0.000000028579
0x034b,1,0.000000028579
0x034e,1,0.000000028579
0x0350,1,0.000000028579
0x0353,1,0.000000028579
0x0355,1,0.000000028579
0x0357,1,0.000000028579
0x0358,1,0.000000028579
0x035b,1,0.000000028579
0x035c,1,0.000000028579
0x035e,1,0.000000028579
0x035f,1,0.000000028579
0x0361,1,0.000000028579
0x0367,4,0.000000114317
0x0369,4,0.000000114317
0x036a,4,0.000000114317
0x036c,4,0.000000114317
0x036f,4,0.000000114317
0x0370,4,0.000000114317
0x0371,4,0.000000114317
0x0373,4,0.000000114317
0x0376,4,0.000000114317
0x0377,14276,0.000407996666
0x037a,14276,0.000407996666
0x037b,14276,0.000407996666
0x037c,14276,0.000407996666
0x037d,14276,0.000407996666
0x0380,34,0.000000971693
0x0383,34,0.000000971693
0x0386,34,0.000000971693
0x0389,12376,0.000353696185
0x038a,12376,0.000353696185
0x038b,12376,0.000353696185
0x038c,12376,0.000353696185
0x038d,12376,0.000353696185
0x038e,12376,0.000353696185
0x038f,12376,0.000353696185
0x0390,12376,0.000353696185
0x0393,884,0.000025264013
0x0394,884,0.000025264013
0x0395,884,0.000025264013
0x0396,884,0.000025264013
0x0397,884,0.000025264013
0x0398,884,0.000025264013
0x0399,884,0.000025264013
0x039a,884,0.000025264013
0x039d,34,0.000000971693
0x03a0,121,0.000003458083
0x03a3,121,0.000003458083
0x03a6,50336,0.001438562635
0x03a7,50336,0.001438562635
0x03a8,50336,0.001438562635
0x03a9,50336,0.001438562635
0x03aa,50336,0.001438562635
0x03ab,50336,0.001438562635
0x03ac,50336,0.001438562635
0x03af,121,0.000003458083
0x03b0,11261,0.000321830377
0x03b3,11261,0.000321830377
0x03b6,11261,0.000321830377
0x03b9,8399,0.000240036705
0x03bc,8399,0.000240036705
0x03bf,8396,0.000239950967
0x03c2,8396,0.000239950967
0x03c5,8396,0.000239950967
0x03c8,5519,0.000157728607
0x03cb,5519,0.000157728607
0x03ce,11255,0.000321658901
0x03d1,11255,0.000321658901
0x03d4,11255,0.000321658901
0x03d5,11255,0.000321658901
0x03d7,11255,0.000321658901
0x03d8,11255,0.000321658901
0x03d9,11255,0.000321658901
0x03e2,3,0.000000085738
0x03e5,3,0.000000085738
0x03e8,3,0.000000085738
0x03eb,3,0.000000085738
0x03ee,3,0.000000085738
0x03f1,6,0.000000171475
0x03f4,6,0.000000171475
0x03f5,6,0.000000171475
0x03f7,6,0.000000171475
0x03f8,6,0.000000171475
0x03fa,6,0.000000171475
0x03fb,6,0.000000171475
0x03fc,6,0.000000171475
0x03fd,6,0.000000171475
0x0400,16805,0.000480273464
0x0403,16805,0.000480273464
0x0406,16805,0.000480273464
0x0407,16805,0.000480273464
0x0408,16805,0.000480273464
0x0409,16805,0.000480273464
0x040a,16805,0.000480273464
0x040b,16805,0.000480273464
0x040c,16805,0.000480273464
0x040d,16805,0.000480273464
0x041e,36,0.000001028851
0x0421,36,0.000001028851
0x0423,36,0.000001028851
0x0424,36,0.000001028851
0x0427,36,0.000001028851
0x0429,36,0.000001028851
0x042a,36,0.000001028851
0x042d,36,0.000001028851
0x0430,6,0.000000171475
0x0433,6,0.000000171475
0x0435,6,0.000000171475
0x0436,6,0.000000171475
0x0438,6,0.000000171475
0x043a,6,0.000000171475
0x043b,6,0.000000171475
0x043d,6,0.000000171475
0x043f,6,0.000000171475
0x0440,2,0.000000057158
0x0441,2,0.000000057158
0x0442,2,0.000000057158
0x0443,2,0.000000057158
0x0445,2,0.000000057158
0x04ac,1290,0.000036867169
0x04af,1290,0.000036867169
0x04b0,1290,0.000036867169
0x04b1,1290,0.000036867169
0x04b2,1290,0.000036867169
0x04b4,1290,0.000036867169
0x04b5,1290,0.000036867169
0x04b6,1278,0.000036524218
0x04b8,1278,0.000036524218
0x04ba,1278,0.000036524218
0x04bd,1272,0.000036352743
0x04bf,1272,0.000036352743
0x04c1,1272,0.000036352743
0x04c2,1272,0.000036352743
0x04c4,1272,0.000036352743
0x04c6,1272,0.000036352743
0x04c9,645,0.000018433584
0x04cc,645,0.000018433584
0x04cd,645,0.000018433584
0x04d0,645,0.000018433584
0x04d1,645,0.000018433584
0x04d2,645,0.000018433584
0x04d4,645,0.000018433584
0x04d7,645,0.000018433584
0x04df,645,0.000018433584
0x04e1,645,0.000018433584
0x04e4,645,0.000018433584
0x04e6,627,0.000017919159
0x04e9,627,0.000017919159
0x04ea,627,0.000017919159
0x04eb,627,0.000017919159
0x04ee,627,0.000017919159
0x04f4,627,0.000017919159
0x04f6,627,0.000017919159
0x04f9,627,0.000017919159
0x04fb,3762,0.000107514952
0x04fd,3762,0.000107514952
0x04fe,3762,0.000107514952
0x0501,3762,0.000107514952
0x0502,3762,0.000107514952
0x0505,627,0.000017919159
0x0506,30,0.000000857376
0x0509,30,0.000000857376
0x050b,30,0.000000857376
0x050e,30,0.000000857376
0x0511,30,0.000000857376
0x0514,30,0.000000857376
0x0515,30,0.000000857376
0x0518,30,0.000000857376
0x051b,30,0.000000857376
0x051d,30,0.000000857376
0x0520,30,0.000000857376
0x0523,30,0.000000857376
0x0526,30,0.000000857376
0x0529,30,0.000000857376
0x052c,30,0.000000857376
0x052f,30,0.000000857376
0x0532,30,0.000000857376
0x0535,30,0.000000857376
0x0537,30,0.000000857376
0x053a,30,0.000000857376
0x053d,30,0.000000857376
0x0540,30,0.000000857376
0x0543,30,0.000000857376
0x0547,30,0.000000857376
0x054a,30,0.000000857376
0x054d,30,0.000000857376
0x054f,30,0.000000857376
0x0552,30,0.000000857376
0x0555,30,0.000000857376
0x0557,30,0.000000857376
0x055a,30,0.000000857376
0x0580,33,0.000000943114
0x0583,33,0.000000943114
0x0586,33,0.000000943114
0x0588,33,0.000000943114
0x0589,33,0.000000943114
0x058a,33,0.000000943114
0x058b,33,0.000000943114
0x058d,33,0.000000943114
0x0590,33,0.000000943114
0x0592,33,0.000000943114
0x0595,33,0.000000943114
0x05d8,172,0.000004915622
0x05d9,8012,0.000228976554
0x05da,8012,0.000228976554
0x05db,8012,0.000228976554
0x05dc,8012,0.000228976554
0x05df,172,0.000004915622
0x05e0,1740,0.000049727809
0x05e1,1740,0.000049727809
0x05e2,1740,0.000049727809
0x05e3,1740,0.000049727809
0x05e4,1740,0.000049727809
0x05e5,1740,0.000049727809
0x05e8,69,0.000001971965
0x05ec,30,0.000000857376
0x05ef,30,0.000000857376
0x05f2,30,0.000000857376
0x05f4,30,0.000000857376
0x05f5,30,0.000000857376
0x05f6,30,0.000000857376
0x05f7,30,0.000000857376
0x05f8,30,0.000000857376
0x05f9,30,0.000000857376
0x05fa,198,0.000005658682
0x05fd,198,0.000005658682
0x0600,198,0.000005658682
0x0601,198,0.000005658682
0x0602,198,0.000005658682
0x0603,3049,0.000087137982
0x0604,3049,0.000087137982
0x0605,3049,0.000087137982
0x0606,3049,0.000087137982
0x0607,3049,0.000087137982
0x0608,3049,0.000087137982
0x0609,3049,0.000087137982
0x060a,3049,0.000087137982
0x060d,191,0.000005458627
0x0610,30,0.000000857376
0x0613,30,0.000000857376
0x0616,30,0.000000857376
0x0617,30,0.000000857376
0x0619,30,0.000000857376
0x061a,30,0.000000857376
0x061b,30,0.000000857376
0x061c,30,0.000000857376
0x061d,30,0.000000857376
0x061e,30,0.000000857376
0x061f,30,0.000000857376
0x0621,30,0.000000857376
0x0624,30,0.000000857376
0x0627,30,0.000000857376
0x0628,30,0.000000857376
0x0629,30,0.000000857376
0x062a,361,0.000010317091
0x062b,361,0.000010317091
0x062c,361,0.000010317091
0x062d,361,0.000010317091
0x062e,361,0.000010317091
0x062f,361,0.000010317091
0x0630,361,0.000010317091
0x0631,361,0.000010317091
0x0632,361,0.000010317091
0x0633,361,0.000010317091
0x0634,361,0.000010317091
0x0635,361,0.000010317091
0x0638,23,0.000000657322
0x0650,30,0.000000857376
0x0653,30,0.000000857376
0x0656,30,0.000000857376
0x0658,30,0.000000857376
0x0659,30,0.000000857376
0x065a,30,0.000000857376
0x065b,30,0.000000857376
0x065c,30,0.000000857376
0x065d,30,0.000000857376
0x065e,30,0.000000857376
0x0661,30,0.000000857376
0x0664,30,0.000000857376
0x0665,30,0.000000857376
0x0666,30,0.000000857376
0x0667,361,0.000010317091
0x0668,361,0.000010317091
0x0669,361,0.000010317091
0x066a,361,0.000010317091
0x066b,361,0.000010317091
0x066c,361,0.000010317091
0x066f,23,0.000000657322
0x067a,5326,0.000152212822
0x067d,5326,0.000152212822
0x067e,5326,0.000152212822
0x067f,5326,0.000152212822
0x0682,5326,0.000152212822
0x0684,5326,0.000152212822
0x0685,671,0.000019176644
0x0688,671,0.000019176644
0x068b,671,0.000019176644
0x068c,671,0.000019176644
0x068d,671,0.000019176644
0x068e,671,0.000019176644
0x068f,671,0.000019176644
0x0691,671,0.000019176644
0x0692,671,0.000019176644
0x0693,671,0.000019176644
0x0695,671,0.000019176644
0x0696,671,0.000019176644
0x0697,671,0.000019176644
0x0698,671,0.000019176644
0x0699,17469,0.000499250053
0x069a,17469,0.000499250053
0x069b,17469,0.000499250053
0x069c,17469,0.000499250053
0x069d,17469,0.000499250053
0x069e,17469,0.000499250053
0x069f,17469,0.000499250053
0x06a2,2684,0.000076706574
0x06a3,2684,0.000076706574
0x06a4,2684,0.000076706574
0x06a5,2684,0.000076706574
0x06a8,671,0.000019176644
0x06a9,671,0.000019176644
0x06ac,671,0.000019176644
0x06b0,4980,0.000142324418
0x06b3,4980,0.000142324418
0x06b6,4980,0.000142324418
0x06b7,4980,0.000142324418
0x06b8,4980,0.000142324418
0x06b9,32,0.000000914534
0x06ba,32,0.000000914534
0x06bb,32,0.000000914534
0x06bc,32,0.000000914534
0x06bd,32,0.000000914534
0x06be,32,0.000000914534
0x06bf,32,0.000000914534
0x06c0,32,0.000000914534
0x06c1,32,0.000000914534
0x06c2,32,0.000000914534
0x06c3,32,0.000000914534
0x06c4,32,0.000000914534
0x06c5,32,0.000000914534
0x06c8,32,0.000000914534
0x06ca,32,0.000000914534
0x06cb,32,0.000000914534
0x06cc,32,0.000000914534
0x06cd,32,0.000000914534
0x06cf,32,0.000000914534
0x06d0,32,0.000000914534
0x06d1,32,0.000000914534
0x06d2,32,0.000000914534
0x06d3,32,0.000000914534
0x06d4,32,0.000000914534
0x06d5,32,0.000000914534
0x06d7,32,0.000000914534
0x06d8,32,0.000000914534
0x06da,32,0.000000914534
0x06db,32,0.000000914534
0x06de,32,0.000000914534
0x06df,32,0.000000914534
0x06e1,32,0.000000914534
0x06e2,32,0.000000914534
0x06e3,32,0.000000914534
0x06e4,32,0.000000914534
0x06e7,32,0.000000914534
0x06e8,645,0.000018433584
0x06eb,645,0.000018433584
0x06ed,645,0.000018433584
0x06f0,4980,0.000142324418
0x06f3,4980,0.000142324418
0x06f6,4980,0.000142324418
0x0700,11644,0.000332776210
0x0703,11644,0.000332776210
0x0706,34932,0.000998328631
0x0709,34932,0.000998328631
0x070a,34932,0.000998328631
0x070c,34932,0.000998328631
0x070d,34932,0.000998328631
0x070f,34932,0.000998328631
0x0710,34932,0.000998328631
0x0711,34932,0.000998328631
0x0713,34932,0.000998328631
0x0716,11644,0.000332776210
0x0718,129332,0.003696205157
0x071b,129332,0.003696205157
0x0720,129332,0.003696205157
0x0721,129332,0.003696205157
0x0722,129332,0.003696205157
0x0724,129332,0.003696205157
0x0725,45974,0.001313900163
0x0726,45974,0.001313900163
0x0728,45974,0.001313900163
0x0729,45974,0.001313900163
0x072a,45974,0.001313900163
0x072b,45974,0.001313900163
0x072c,45974,0.001313900163
0x072e,45974,0.001313900163
0x0730,45974,0.001313900163
0x0731,45974,0.001313900163
0x0733,45974,0.001313900163
0x0734,45974,0.001313900163
0x0740,129332,0.003696205157
0x0741,129332,0.003696205157
0x0742,129332,0.003696205157
0x0744,129332,0.003696205157
0x0745,48795,0.001394522087
0x0746,48795,0.001394522087
0x0748,48795,0.001394522087
0x0749,48795,0.001394522087
0x074a,48795,0.001394522087
0x074b,48795,0.001394522087
0x074c,48795,0.001394522087
0x074d,48795,0.001394522087
0x074f,48795,0.001394522087
0x0750,48795,0.001394522087
0x0751,48795,0.001394522087
0x0752,48795,0.001394522087
0x0754,48795,0.001394522087
0x0755,48795,0.001394522087
0x0757,48795,0.001394522087
0x0758,48795,0.001394522087
0x0763,8455,0.000241637140
0x0764,8455,0.000241637140
0x0765,8455,0.000241637140
0x0766,8455,0.000241637140
0x0767,8455,0.000241637140
0x0768,8455,0.000241637140
0x0769,8455,0.000241637140
0x076a,8455,0.000241637140
0x076b,8455,0.000241637140
0x076d,11175,0.000319372565
0x076e,11175,0.000319372565
0x076f,11175,0.000319372565
0x0770,11175,0.000319372565
0x0771,11175,0.000319372565
0x0772,11175,0.000319372565
0x0773,11175,0.000319372565
0x0774,11175,0.000319372565
0x0775,11175,0.000319372565
0x0776,11175,0.000319372565
0x0779,20570,0.000587874154
0x077a,20570,0.000587874154
0x077b,20570,0.000587874154
0x077c,20570,0.000587874154
0x077d,20570,0.000587874154
0x077e,20570,0.000587874154
0x077f,20570,0.000587874154
0x0780,20570,0.000587874154
0x0783,20570,0.000587874154
0x0784,20570,0.000587874154
0x0785,20570,0.000587874154
0x0786,20570,0.000587874154
0x0788,20645,0.000590017594
0x0789,20645,0.000590017594
0x078a,20645,0.000590017594
0x078b,20645,0.000590017594
0x078c,20645,0.000590017594
0x078d,20645,0.000590017594
0x078e,20645,0.000590017594
0x078f,20645,0.000590017594
0x0790,20645,0.000590017594
0x0792,20645,0.000590017594
0x0793,20645,0.000590017594
0x0794,20645,0.000590017594
0x0795,20645,0.000590017594
0x0798,20645,0.000590017594
0x0799,20645,0.000590017594
0x079a,20645,0.000590017594
0x079b,20645,0.000590017594
0x079e,1954,0.000055843758
0x079f,1954,0.000055843758
0x07a0,1954,0.000055843758
0x07a1,1954,0.000055843758
0x07a2,1954,0.000055843758
0x07a3,1954,0.000055843758
0x07a4,1954,0.000055843758
0x07a5,1954,0.000055843758
0x07a6,1954,0.000055843758
0x07a7,1954,0.000055843758
0x07a8,1954,0.000055843758
0x07aa,1960,0.000056015233
0x07ab,1960,0.000056015233
0x07ac,1960,0.000056015233
0x07ad,1960,0.000056015233
0x07ae,1960,0.000056015233
0x07af,1960,0.000056015233
0x07b0,1960,0.000056015233
0x07b1,1960,0.000056015233
0x07b2,1960,0.000056015233
0x07b4,1960,0.000056015233
0x07b5,1960,0.000056015233
0x07b6,1960,0.000056015233
0x07b7,1960,0.000056015233
0x07b8,1960,0.000056015233
0x07b9,1960,0.000056015233
0x07ba,1960,0.000056015233
0x07bb,1960,0.000056015233
0x07be,14995,0.000428545111
0x07bf,14995,0.000428545111
0x07c0,14995,0.000428545111
0x07c1,14995,0.000428545111
0x07c2,14995,0.000428545111
0x07c3,14995,0.000428545111
0x07c4,14995,0.000428545111
0x07c5,14995,0.000428545111
0x07c6,14995,0.000428545111
0x07c7,14995,0.000428545111
0x07ca,14995,0.000428545111
0x07cb,14995,0.000428545111
0x07cc,14995,0.000428545111
0x07cd,14995,0.000428545111
0x07ce,14995,0.000428545111
0x07cf,14995,0.000428545111
0x07d2,15015,0.000429116695
0x07d3,15015,0.000429116695
0x07d4,15015,0.000429116695
0x07d5,15015,0.000429116695
0x07d6,15015,0.000429116695
0x07d7,15015,0.000429116695
0x07d8,15015,0.000429116695
0x07d9,15015,0.000429116695
0x07da,15015,0.000429116695
0x07dc,15047,0.000430031230
0x07dd,15047,0.000430031230
0x07de,15047,0.000430031230
0x07df,15047,0.000430031230
0x07e0,15047,0.000430031230
0x07e1,15047,0.000430031230
0x07e2,15047,0.000430031230
0x07e3,15047,0.000430031230
0x07e4,15047,0.000430031230
0x07e7,15047,0.000430031230
0x07e8,15047,0.000430031230
0x07e9,15047,0.000430031230
0x07ea,15047,0.000430031230
0x07eb,15047,0.000430031230
0x07ec,15047,0.000430031230
0x07ed,15047,0.000430031230
0x07ee,15047,0.000430031230
0x07f0,6,0.000000171475
0x07f3,6,0.000000171475
0x07f6,6,0.000000171475
0x07f9,6,0.000000171475
0x0800,13517,0.000386305053
0x0803,13517,0.000386305053
0x0806,13517,0.000386305053
0x0807,13517,0.000386305053
0x0809,13517,0.000386305053
0x080a,13517,0.000386305053
0x080b,13517,0.000386305053
0x080c,13517,0.000386305053
0x080d,13517,0.000386305053
0x080e,13517,0.000386305053
0x080f,13517,0.000386305053
0x0834,1324,0.000037838861
0x0837,1324,0.000037838861
0x083a,1324,0.000037838861
0x083b,1324,0.000037838861
0x083c,1324,0.000037838861
0x083e,1324,0.000037838861
0x083f,168,0.000004801306
0x0842,168,0.000004801306
0x0845,168,0.000004801306
0x0848,381,0.000010888675
0x084b,381,0.000010888675
0x084c,381,0.000010888675
0x084d,381,0.000010888675
0x084e,11,0.000000314371
0x0850,11,0.000000314371
0x0851,11,0.000000314371
0x0853,11,0.000000314371
0x0855,11,0.000000314371
0x085a,168,0.000004801306
0x085d,168,0.000004801306
0x085f,168,0.000004801306
0x0860,136,0.000003886771
0x0862,136,0.000003886771
0x0864,136,0.000003886771
0x0865,104,0.000002972237
0x0867,104,0.000002972237
0x0869,104,0.000002972237
0x086a,72,0.000002057702
0x086c,72,0.000002057702
0x086e,72,0.000002057702
0x086f,40,0.000001143168
0x0871,40,0.000001143168
0x0876,11644,0.000332776210
0x0879,11644,0.000332776210
0x087c,11644,0.000332776210
0x087f,11644,0.000332776210
0x0882,11644,0.000332776210
0x0885,11644,0.000332776210
0x0886,11644,0.000332776210
0x0889,11644,0.000332776210
0x088b,64032,0.001829983365
0x088c,64032,0.001829983365
0x088d,64032,0.001829983365
0x088e,64032,0.001829983365
0x088f,64032,0.001829983365
0x0890,64032,0.001829983365
0x0891,64032,0.001829983365
0x0892,64032,0.001829983365
0x0893,64032,0.001829983365
0x0894,64032,0.001829983365
0x0897,17464,0.000499107157
0x08a0,11644,0.000332776210
0x08a3,11644,0.000332776210
0x08a6,11644,0.000332776210
0x08a9,11644,0.000332776210
0x08ac,11644,0.000332776210
0x08ae,11644,0.000332776210
0x08b0,11644,0.000332776210
0x08b1,2354,0.000067275438
0x08b4,2354,0.000067275438
0x08b7,2354,0.000067275438
0x08c4,11644,0.000332776210
0x08c7,11644,0.000332776210
0x08c8,11644,0.000332776210
0x08ca,11644,0.000332776210
0x08cd,11396,0.000325688569
0x08cf,11396,0.000325688569
0x08d0,11396,0.000325688569
0x08d1,11396,0.000325688569
0x08d4,10628,0.000303739743
0x08d6,10628,0.000303739743
0x08d9,10628,0.000303739743
0x08dc,4,0.000000114317
0x08de,4,0.000000114317
0x08e0,4,0.000000114317
0x08e2,4,0.000000114317
0x08e3,4,0.000000114317
0x08e5,4,0.000000114317
0x08e6,4,0.000000114317
0x08e8,4,0.000000114317
0x08ea,772,0.000022063143
0x08eb,11396,0.000325688569
0x08ed,11396,0.000325688569
0x08f0,11396,0.000325688569
0x08f3,11396,0.000325688569
0x0900,11396,0.000325688569
0x0903,11396,0.000325688569
0x0904,11396,0.000325688569
0x0906,11396,0.000325688569
0x0907,8935,0.000255355156
0x0909,8935,0.000255355156
0x090c,4250,0.000121461602
0x090d,4250,0.000121461602
0x090f,4250,0.000121461602
0x0910,4250,0.000121461602
0x0911,4250,0.000121461602
0x0913,4250,0.000121461602
0x0916,4250,0.000121461602
0x0917,4685,0.000133893554
0x0918,4685,0.000133893554
0x091a,4685,0.000133893554
0x091b,4379,0.000125148319
0x091c,4379,0.000125148319
0x091e,4379,0.000125148319
0x0921,4379,0.000125148319
0x0926,11707,0.000334576700
0x0927,11707,0.000334576700
0x0929,11707,0.000334576700
0x092a,11707,0.000334576700
0x092b,11707,0.000334576700
0x092c,11707,0.000334576700
0x092d,11707,0.000334576700
0x092e,11707,0.000334576700
0x0930,13998,0.000400051648
0x0931,13998,0.000400051648
0x0933,13998,0.000400051648
0x0936,8849,0.000252897345
0x0937,8849,0.000252897345
0x0939,8849,0.000252897345
0x093c,8849,0.000252897345
0x093d,311,0.000008888131
0x093e,311,0.000008888131
0x0940,311,0.000008888131
0x0941,311,0.000008888131
0x0942,311,0.000008888131
0x0944,311,0.000008888131
0x0945,311,0.000008888131
0x0946,311,0.000008888131
0x0947,311,0.000008888131
0x094a,311,0.000008888131
0x094c,311,0.000008888131
0x094d,311,0.000008888131
0x094e,311,0.000008888131
0x0951,311,0.000008888131
0x0953,311,0.000008888131
0x0954,311,0.000008888131
0x0955,311,0.000008888131
0x0956,311,0.000008888131
0x0959,311,0.000008888131
0x095c,311,0.000008888131
0x095e,311,0.000008888131
0x0961,311,0.000008888131
0x0964,5149,0.000147154303
0x0965,5149,0.000147154303
0x0966,5149,0.000147154303
0x0967,5149,0.000147154303
0x0968,5149,0.000147154303
0x096a,5149,0.000147154303
0x096b,5149,0.000147154303
0x096d,5149,0.000147154303
0x096e,248,0.000007087642
0x096f,248,0.000007087642
0x0970,248,0.000007087642
0x0971,248,0.000007087642
0x0972,248,0.000007087642
0x0974,248,0.000007087642
0x0975,248,0.000007087642
0x097a,11644,0.000332776210
0x097d,11644,0.000332776210
0x097e,11644,0.000332776210
0x0980,11644,0.000332776210
0x0981,11644,0.000332776210
0x0984,11644,0.000332776210
0x0985,11644,0.000332776210
0x0986,11644,0.000332776210
0x0987,11644,0.000332776210
0x0988,11644,0.000332776210
0x098b,11644,0.000332776210
0x098c,11644,0.000332776210
0x098d,11644,0.000332776210
0x098e,11644,0.000332776210
0x0991,11644,0.000332776210
0x09a0,11674,0.000333633586
0x09a3,11674,0.000333633586
0x09a6,35022,0.001000900759
0x09a9,35022,0.001000900759
0x09aa,35022,0.001000900759
0x09ab,35022,0.001000900759
0x09ac,35022,0.001000900759
0x09ad,35022,0.001000900759
0x09ae,35022,0.001000900759
0x09af,35022,0.001000900759
0x09b0,35022,0.001000900759
0x09b2,35022,0.001000900759
0x09b5,11674,0.000333633586
0x09ba,90650,0.002590704524
0x09bd,90650,0.002590704524
0x09be,90650,0.002590704524
0x09c0,90650,0.002590704524
0x09c1,90650,0.002590704524
0x09c2,90650,0.002590704524
0x09c3,90650,0.002590704524
0x09c4,90650,0.002590704524
0x09c5,90650,0.002590704524
0x09c6,90650,0.002590704524
0x09c7,90650,0.002590704524
0x09c8,90650,0.002590704524
0x09c9,90650,0.002590704524
0x09ca,90650,0.002590704524
0x09cc,90650,0.002590704524
0x09cd,90650,0.002590704524
0x09ce,90650,0.002590704524
0x09cf,90650,0.002590704524
0x09d0,90650,0.002590704524
0x09d1,90650,0.002590704524
0x0a50,3265,0.000093311090
0x0a53,3265,0.000093311090
0x0a56,65300,0.001866221791
0x0a57,65300,0.001866221791
0x0a5a,65300,0.001866221791
0x0a5b,65300,0.001866221791
0x0a5c,65300,0.001866221791
0x0a5e,65300,0.001866221791
0x0a5f,65300,0.001866221791
0x0a61,65300,0.001866221791
0x0a62,65300,0.001866221791
0x0a63,65300,0.001866221791
0x0a64,65300,0.001866221791
0x0a67,3265,0.000093311090
0x0a6c,3121,0.000089195685
0x0a6f,3121,0.000089195685
0x0a72,62420,0.001783913694
0x0a73,62420,0.001783913694
0x0a74,62420,0.001783913694
0x0a75,62420,0.001783913694
0x0a77,62420,0.001783913694
0x0a7a,26528,0.000758149030
0x0a7b,26528,0.000758149030
0x0a7c,26528,0.000758149030
0x0a7d,26528,0.000758149030
0x0a7e,26528,0.000758149030
0x0a7f,26528,0.000758149030
0x0a80,26528,0.000758149030
0x0a81,26528,0.000758149030
0x0a82,26528,0.000758149030
0x0a83,26528,0.000758149030
0x0a84,26528,0.000758149030
0x0a85,26528,0.000758149030
0x0a86,26528,0.000758149030
0x0a87,26528,0.000758149030
0x0a8a,62420,0.001783913694
0x0a8b,62420,0.001783913694
0x0a8c,62420,0.001783913694
0x0a8d,62420,0.001783913694
0x0a8f,62420,0.001783913694
0x0a90,62420,0.001783913694
0x0a91,62420,0.001783913694
0x0a93,62420,0.001783913694
0x0a94,62420,0.001783913694
0x0a96,62420,0.001783913694
0x0a99,3121,0.000089195685
0x0aa0,248,0.000007087642
0x0aa2,248,0.000007087642
0x0aa3,248,0.000007087642
0x0aa4,248,0.000007087642
0x0aa5,248,0.000007087642
0x0aa8,248,0.000007087642
0x0aa9,248,0.000007087642
0x0aac,248,0.000007087642
0x0aae,248,0.000007087642
0x0aaf,248,0.000007087642
0x0ab0,248,0.000007087642
0x0ab3,248,0.000007087642
0x0ab5,248,0.000007087642
0x0ab8,244,0.000006973325
0x0abb,244,0.000006973325
0x0abd,244,0.000006973325
0x0abe,244,0.000006973325
0x0abf,244,0.000006973325
0x0ac0,244,0.000006973325
0x0ac1,244,0.000006973325
0x0ad6,4816,0.000137637430
0x0ad7,4816,0.000137637430
0x0ad8,19264,0.000550549718
0x0ad9,19264,0.000550549718
0x0ada,19264,0.000550549718
0x0adb,19264,0.000550549718
0x0adc,19264,0.000550549718
0x0add,19264,0.000550549718
0x0ae0,4816,0.000137637430
0x0ae1,4816,0.000137637430
0x0ae2,4816,0.000137637430
0x0ae5,4816,0.000137637430
0x0ae6,4816,0.000137637430
0x0ae9,1984,0.000056701134
0x0aea,1056,0.000030179636
0x0aed,1056,0.000030179636
0x0aee,1056,0.000030179636
0x0af0,1056,0.000030179636
0x0af1,1056,0.000030179636
0x0af4,1056,0.000030179636
0x0af6,1056,0.000030179636
0x0af7,1056,0.000030179636
0x0af8,1056,0.000030179636
0x0af9,1056,0.000030179636
0x0afc,1056,0.000030179636
0x0afd,1056,0.000030179636
0x0afe,1056,0.000030179636
0x0b00,1056,0.000030179636
0x0b01,1056,0.000030179636
0x0b02,1056,0.000030179636
0x0b05,1045,0.000029865265
0x0b07,1045,0.000029865265
0x0b0a,704,0.000020119757
0x0b0d,693,0.000019805386
0x0b15,11,0.000000314371
0x0b16,11,0.000000314371
0x0b18,11,0.000000314371
0x0b19,11,0.000000314371
0x0b1a,11,0.000000314371
0x0b1c,11,0.000000314371
0x0b1d,11,0.000000314371
0x0b1e,11,0.000000314371
0x0b1f,11,0.000000314371
0x0b20,3,0.000000085738
0x0b21,3,0.000000085738
0x0b22,3,0.000000085738
0x0b25,3,0.000000085738
0x0b26,3,0.000000085738
0x0b27,3,0.000000085738
0x0b28,3,0.000000085738
0x0b29,2,0.000000057158
0x0b2b,2,0.000000057158
0x0b2d,2,0.000000057158
0x0b48,4,0.000000114317
0x0b4b,4,0.000000114317
0x0b4e,4,0.000000114317
0x0b50,4,0.000000114317
0x0b51,4,0.000000114317
0x0b53,4,0.000000114317
0x0b54,4,0.000000114317
0x0b55,4,0.000000114317
0x0b57,4,0.000000114317
0x0b59,4,0.000000114317
0x0b5a,4,0.000000114317
0x0b60,906,0.000025892756
0x0b63,906,0.000025892756
0x0b64,906,0.000025892756
0x0b65,906,0.000025892756
0x0b67,906,0.000025892756
0x0b6a,900,0.000025721280
0x0b6d,900,0.000025721280
0x0b6f,900,0.000025721280
0x0b71,900,0.000025721280
0x0b74,3,0.000000085738
0x0b77,3,0.000000085738
0x0b79,3,0.000000085738
0x0b7b,3,0.000000085738
0x0b7c,3,0.000000085738
0x0b7d,3,0.000000085738
0x0b7e,3,0.000000085738
0x0b7f,3,0.000000085738
0x0b80,3,0.000000085738
0x0b82,3,0.000000085738
0x0b83,3,0.000000085738
0x0b84,3,0.000000085738
0x0b85,3,0.000000085738
0x0b87,3,0.000000085738
0x0b88,3,0.000000085738
0x0b89,3,0.000000085738
0x0b8a,3,0.000000085738
0x0b8b,3,0.000000085738
0x0b95,897,0.000025635543
0x0b98,897,0.000025635543
0x0b9b,897,0.000025635543
0x0ba0,341,0.000009745507
0x0ba3,341,0.000009745507
0x0ba4,341,0.000009745507
0x0ba6,341,0.000009745507
0x0ba8,341,0.000009745507
0x0ba9,155,0.000004429776
0x0bab,155,0.000004429776
0x0bac,93,0.000002657866
0x0bad,93,0.000002657866
0x0bae,93,0.000002657866
0x0baf,93,0.000002657866
0x0bb2,93,0.000002657866
0x0bba,693,0.000019805386
0x0bbb,693,0.000019805386
0x0bbc,693,0.000019805386
0x0bbf,352,0.000010059879
0x0bc0,352,0.000010059879
0x0bc1,352,0.000010059879
0x0bc4,176,0.000005029939
0x0bca,3,0.000000085738
0x0bcd,3,0.000000085738
0x0bd0,3,0.000000085738
0x0bd2,3,0.000000085738
0x0bd3,3,0.000000085738
0x0bd4,3,0.000000085738
0x0bd6,3,0.000000085738
0x0bd9,3,0.000000085738
0x0bdc,3,0.000000085738
0x0bdf,3,0.000000085738
0x0be2,3,0.000000085738
0x0be5,3,0.000000085738
0x0be8,3,0.000000085738
0x0beb,3,0.000000085738
0x0bee,3,0.000000085738
0x0bf1,3,0.000000085738
0x0c00,11,0.000000314371
0x0c01,11,0.000000314371
0x0c02,11,0.000000314371
0x0c04,11,0.000000314371
0x0c05,11,0.000000314371
0x0c07,11,0.000000314371
0x0c08,11,0.000000314371
0x0c09,11,0.000000314371
0x0c0a,11,0.000000314371
0x0c0b,11,0.000000314371
0x0c0c,11,0.000000314371
0x0c0f,11,0.000000314371
0x0c10,11,0.000000314371
0x0c11,11,0.000000314371
0x0c13,11,0.000000314371
0x0c16,10,0.000000285792
0x0c18,10,0.000000285792
0x0c1b,3,0.000000085738
0x0c1e,3,0.000000085738
0x0c20,3,0.000000085738
0x0c23,3,0.000000085738
0x0c40,5820,0.000166330947
0x0c43,5820,0.000166330947
0x0c45,5820,0.000166330947
0x0c48,5820,0.000166330947
0x0c4b,5820,0.000166330947
0x0c4e,5820,0.000166330947
0x0c51,5820,0.000166330947
0x0c56,5820,0.000166330947
0x0c59,29100,0.000831654734
0x0c5a,29100,0.000831654734
0x0c5d,29100,0.000831654734
0x0c5e,29100,0.000831654734
0x0c5f,29100,0.000831654734
0x0c61,29100,0.000831654734
0x0c62,29100,0.000831654734
0x0c64,29100,0.000831654734
0x0c67,5820,0.000166330947
0x0c6b,5820,0.000166330947
0x0c6e,5820,0.000166330947
0x0c71,29100,0.000831654734
0x0c74,29100,0.000831654734
0x0c75,29100,0.000831654734
0x0c76,29100,0.000831654734
0x0c77,29100,0.000831654734
0x0c78,29100,0.000831654734
0x0c79,29100,0.000831654734
0x0c7a,29100,0.000831654734
0x0c7b,29100,0.000831654734
0x0c7d,29100,0.000831654734
0x0c80,5820,0.000166330947
0x0c84,29100,0.000831654734
0x0c85,29100,0.000831654734
0x0c87,29100,0.000831654734
0x0c88,3438,0.000098255291
0x0c89,3438,0.000098255291
0x0c8a,3438,0.000098255291
0x0c8b,3438,0.000098255291
0x0c8c,3438,0.000098255291
0x0c8e,3438,0.000098255291
0x0c8f,3438,0.000098255291
0x0c90,3438,0.000098255291
0x0c91,3438,0.000098255291
0x0c92,3438,0.000098255291
0x0c94,3438,0.000098255291
0x0c95,3438,0.000098255291
0x0c97,3438,0.000098255291
0x0c9a,3347,0.000095654584
0x0c9b,3347,0.000095654584
0x0c9e,3347,0.000095654584
0x0c9f,3347,0.000095654584
0x0ca0,3347,0.000095654584
0x0ca2,3347,0.000095654584
0x0ca3,3347,0.000095654584
0x0ca4,3347,0.000095654584
0x0ca5,3347,0.000095654584
0x0ca6,3347,0.000095654584
0x0ca7,3347,0.000095654584
0x0ca8,3347,0.000095654584
0x0ca9,3347,0.000095654584
0x0caa,3347,0.000095654584
0x0cac,3347,0.000095654584
0x0caf,3338,0.000095397371
0x0cb4,3347,0.000095654584
0x0cb6,3347,0.000095654584
0x0cb7,747,0.000021348663
0x0cb9,747,0.000021348663
0x0cba,381,0.000010888675
0x0cbd,381,0.000010888675
0x0cbe,381,0.000010888675
0x0cbf,136,0.000003886771
0x0cc2,136,0.000003886771
0x0cc3,136,0.000003886771
0x0cc4,12,0.000000342950
0x0cc6,12,0.000000342950
0x0cc9,12,0.000000342950
0x0ccb,12,0.000000342950
0x0cce,12,0.000000342950
0x0cd0,12,0.000000342950
0x0cd3,12,0.000000342950
0x0cd8,5820,0.000166330947
0x0cdb,5820,0.000166330947
0x0cde,29100,0.000831654734
0x0cdf,29100,0.000831654734
0x0ce2,29100,0.000831654734
0x0ce3,29100,0.000831654734
0x0ce4,29100,0.000831654734
0x0ce6,29100,0.000831654734
0x0ce7,29100,0.000831654734
0x0ce9,29100,0.000831654734
0x0cea,29100,0.000831654734
0x0ceb,29100,0.000831654734
0x0cec,29100,0.000831654734
0x0cef,5820,0.000166330947
0x0cf4,6,0.000000171475
0x0cf5,6,0.000000171475
0x0cf6,6,0.000000171475
0x0d1c,3092,0.000088366888
0x0d1f,3092,0.000088366888
0x0d22,49472,0.001413870206
0x0d25,49472,0.001413870206
0x0d26,49472,0.001413870206
0x0d27,49472,0.001413870206
0x0d28,49472,0.001413870206
0x0d2a,49472,0.001413870206
0x0d2b,49472,0.001413870206
0x0d2e,3092,0.000088366888
0x0d30,49472,0.001413870206
0x0d31,49472,0.001413870206
0x0d32,49472,0.001413870206
0x0d33,49472,0.001413870206
0x0d34,49472,0.001413870206
0x0d35,49472,0.001413870206
0x0d37,49472,0.001413870206
0x0d38,26168,0.000747860518
0x0d39,26168,0.000747860518
0x0d3a,26168,0.000747860518
0x0d3b,26168,0.000747860518
0x0d3c,26168,0.000747860518
0x0d3e,26168,0.000747860518
0x0d3f,26168,0.000747860518
0x0d41,26168,0.000747860518
0x0d42,26168,0.000747860518
0x0d43,26168,0.000747860518
0x0d46,24143,0.000689987637
0x0d47,24143,0.000689987637
0x0d48,24143,0.000689987637
0x0d4b,3627,0.000103656760
0x0d4c,3627,0.000103656760
0x0d4d,3627,0.000103656760
0x0d4e,3627,0.000103656760
0x0d4f,5652,0.000161529641
0x0d50,5652,0.000161529641
0x0d51,5652,0.000161529641
0x0d52,5652,0.000161529641
0x0d53,5652,0.000161529641
0x0d54,5652,0.000161529641
0x0d55,5652,0.000161529641
0x0d57,5652,0.000161529641
0x0d58,5652,0.000161529641
0x0d59,2236,0.000063903092
0x0d5a,2236,0.000063903092
0x0d5e,20516,0.000586330877
0x0d5f,20516,0.000586330877
0x0d60,20516,0.000586330877
0x0d61,20516,0.000586330877
0x0d62,20516,0.000586330877
0x0d64,20516,0.000586330877
0x0d65,20516,0.000586330877
0x0d66,3068,0.000087680987
0x0d67,3068,0.000087680987
0x0d70,3092,0.000088366888
0x0d73,3092,0.000088366888
0x0d76,49458,0.001413470097
0x0d79,49457,0.001413441518
0x0d7a,49457,0.001413441518
0x0d7c,49457,0.001413441518
0x0d7d,49457,0.001413441518
0x0d7f,49457,0.001413441518
0x0d80,49457,0.001413441518
0x0d83,3091,0.000088338309
0x0d86,49458,0.001413470097
0x0d87,49458,0.001413470097
0x0d88,49458,0.001413470097
0x0d89,49458,0.001413470097
0x0d8a,49458,0.001413470097
0x0d8b,49458,0.001413470097
0x0d8d,49458,0.001413470097
0x0d8e,26140,0.000747060301
0x0d8f,26140,0.000747060301
0x0d90,26140,0.000747060301
0x0d91,26140,0.000747060301
0x0d94,26140,0.000747060301
0x0d95,26140,0.000747060301
0x0d96,26140,0.000747060301
0x0d97,26140,0.000747060301
0x0d99,26140,0.000747060301
0x0d9a,26140,0.000747060301
0x0d9c,26140,0.000747060301
0x0d9d,26140,0.000747060301
0x0d9f,26140,0.000747060301
0x0da0,26139,0.000747031721
0x0da1,26139,0.000747031721
0x0da2,26139,0.000747031721
0x0da3,26139,0.000747031721
0x0da4,26139,0.000747031721
0x0da5,26139,0.000747031721
0x0da6,26139,0.000747031721
0x0da7,26139,0.000747031721
0x0da8,26139,0.000747031721
0x0dab,23797,0.000680099234
0x0dac,23797,0.000680099234
0x0daf,3240,0.000092596610
0x0db0,3240,0.000092596610
0x0db1,3240,0.000092596610
0x0db3,3240,0.000092596610
0x0db4,3240,0.000092596610
0x0db5,3240,0.000092596610
0x0dbb,2342,0.000066932488
0x0dbc,2342,0.000066932488
0x0dbd,2342,0.000066932488
0x0dbf,2342,0.000066932488
0x0dc0,2342,0.000066932488
0x0dc1,2342,0.000066932488
0x0dc2,2342,0.000066932488
0x0dc3,2342,0.000066932488
0x0dc5,2342,0.000066932488
0x0dc6,2342,0.000066932488
0x0dcc,20557,0.000587502624
0x0dcd,20557,0.000587502624
0x0dce,20557,0.000587502624
0x0dcf,20557,0.000587502624
0x0dd1,20557,0.000587502624
0x0dd2,26139,0.000747031721
0x0dd3,26139,0.000747031721
0x0dd5,26139,0.000747031721
0x0dd6,26139,0.000747031721
0x0dd7,26139,0.000747031721
0x0dd8,26139,0.000747031721
0x0dd9,26139,0.000747031721
0x0dda,26139,0.000747031721
0x0dde,115,0.000003286608
0x0ddf,115,0.000003286608
0x0de0,115,0.000003286608
0x0de3,115,0.000003286608
0x0de4,115,0.000003286608
0x0de5,115,0.000003286608
0x0de6,115,0.000003286608
0x0de9,115,0.000003286608
0x0dea,115,0.000003286608
0x0deb,115,0.000003286608
0x0dec,115,0.000003286608
0x0ded,115,0.000003286608
0x0df0,9748,0.000278590046
0x0df3,9748,0.000278590046
0x0df6,9748,0.000278590046
0x0df9,9748,0.000278590046
0x0dfc,9748,0.000278590046
0x0dff,9748,0.000278590046
0x0e10,19496,0.000557180093
0x0e11,19496,0.000557180093
0x0e13,19496,0.000557180093
0x0e14,4403,0.000125834220
0x0e15,4403,0.000125834220
0x0e16,4403,0.000125834220
0x0e17,4403,0.000125834220
0x0e18,4403,0.000125834220
0x0e1a,4403,0.000125834220
0x0e1b,4401,0.000125777061
0x0e1d,4401,0.000125777061
0x0e1e,80,0.000002286336
0x0e20,80,0.000002286336
0x0e23,56,0.000001600435
0x0e25,56,0.000001600435
0x0e26,56,0.000001600435
0x0e27,56,0.000001600435
0x0e29,56,0.000001600435
0x0e2a,56,0.000001600435
0x0e2c,56,0.000001600435
0x0e2d,56,0.000001600435
0x0e2e,56,0.000001600435
0x0e2f,56,0.000001600435
0x0e31,56,0.000001600435
0x0e32,56,0.000001600435
0x0e33,52,0.000001486118
0x0e34,52,0.000001486118
0x0e35,52,0.000001486118
0x0e36,39,0.000001114589
0x0e39,24,0.000000685901
0x0e3a,24,0.000000685901
0x0e3b,24,0.000000685901
0x0e3c,24,0.000000685901
0x0e3d,24,0.000000685901
0x0e3e,24,0.000000685901
0x0e3f,24,0.000000685901
0x0e41,24,0.000000685901
0x0e42,24,0.000000685901
0x0e45,293,0.000008373706
0x0e46,293,0.000008373706
0x0e47,293,0.000008373706
0x0e48,293,0.000008373706
0x0e4a,293,0.000008373706
0x0e4d,282,0.000008059335
0x0e4e,282,0.000008059335
0x0e4f,282,0.000008059335
0x0e51,282,0.000008059335
0x0e52,282,0.000008059335
0x0e55,13,0.000000371530
0x0e58,132,0.000003772454
0x0e59,132,0.000003772454
0x0e5a,132,0.000003772454
0x0e5b,65,0.000001857648
0x0e5c,65,0.000001857648
0x0e5e,65,0.000001857648
0x0e5f,65,0.000001857648
0x0e60,25,0.000000714480
0x0e61,25,0.000000714480
0x0e62,25,0.000000714480
0x0e63,25,0.000000714480
0x0e65,25,0.000000714480
0x0e66,25,0.000000714480
0x0e67,12,0.000000342950
0x0e69,12,0.000000342950
0x0e6a,12,0.000000342950
0x0e6b,11,0.000000314371
0x0e70,39,0.000001114589
0x0e71,39,0.000001114589
0x0e72,39,0.000001114589
0x0e74,39,0.000001114589
0x0e75,39,0.000001114589
0x0e76,39,0.000001114589
0x0e77,39,0.000001114589
0x0e78,39,0.000001114589
0x0e7a,39,0.000001114589
0x0e7b,39,0.000001114589
0x0e7e,272,0.000007773543
0x0e7f,272,0.000007773543
0x0e80,272,0.000007773543
0x0e81,272,0.000007773543
0x0e83,272,0.000007773543
0x0e86,233,0.000006658954
0x0e87,233,0.000006658954
0x0e88,233,0.000006658954
0x0e8a,233,0.000006658954
0x0e8b,233,0.000006658954
0x0e90,207,0.000005915894
0x0e91,207,0.000005915894
0x0e93,207,0.000005915894
0x0e94,207,0.000005915894
0x0e95,99,0.000002829341
0x0e97,99,0.000002829341
0x0e98,99,0.000002829341
0x0e99,50,0.000001428960
0x0e9a,50,0.000001428960
0x0e9b,50,0.000001428960
0x0e9c,50,0.000001428960
0x0e9e,50,0.000001428960
0x0e9f,50,0.000001428960
0x0ea0,39,0.000001114589
0x0ea3,39,0.000001114589
0x0ea4,50,0.000001428960
0x0ea5,50,0.000001428960
0x0ea6,50,0.000001428960
0x0ea7,50,0.000001428960
0x0ea8,50,0.000001428960
0x0ea9,50,0.000001428960
0x0eaa,50,0.000001428960
0x0eac,50,0.000001428960
0x0ead,55,0.000001571856
0x0eae,55,0.000001571856
0x0eb0,55,0.000001571856
0x0eb1,55,0.000001571856
0x0eb2,55,0.000001571856
0x0eb4,55,0.000001571856
0x0eb5,55,0.000001571856
0x0eb6,55,0.000001571856
0x0eb7,55,0.000001571856
0x0eb8,55,0.000001571856
0x0ebb,55,0.000001571856
0x0ebc,55,0.000001571856
0x0ebe,55,0.000001571856
0x0ec1,52,0.000001486118
0x0ec3,55,0.000001571856
0x0ec4,55,0.000001571856
0x0ec5,55,0.000001571856
0x0ed5,55,0.000001571856
0x0ed6,55,0.000001571856
0x0ed7,55,0.000001571856
0x0ed8,55,0.000001571856
0x0ed9,55,0.000001571856
0x0eda,55,0.000001571856
0x0edb,55,0.000001571856
0x0edc,55,0.000001571856
0x0ede,55,0.000001571856
0x0ee0,55,0.000001571856
0x0ee2,55,0.000001571856
0x0ee3,55,0.000001571856
0x0ee4,55,0.000001571856
0x0ee5,55,0.000001571856
0x0f00,3097,0.000088509784
0x0f03,3097,0.000088509784
0x0f04,3097,0.000088509784
0x0f06,3097,0.000088509784
0x0f09,3065,0.000087595249
0x0f0b,3065,0.000087595249
0x0f0c,3065,0.000087595249
0x0f0d,3065,0.000087595249
0x0f0e,3065,0.000087595249
0x0f11,3065,0.000087595249
0x0f14,3065,0.000087595249
0x0f15,6,0.000000171475
0x0f16,6,0.000000171475
0x0f17,6,0.000000171475
0x0f1a,6,0.000000171475
0x0f1b,6,0.000000171475
0x0f1d,6,0.000000171475
0x0f1e,6,0.000000171475
0x0f1f,6,0.000000171475
0x0f20,6,0.000000171475
0x0f23,45,0.000001286064
0x0f24,45,0.000001286064
0x0f25,45,0.000001286064
0x0f26,45,0.000001286064
0x0f28,45,0.000001286064
0x0f2b,40,0.000001143168
0x0f2c,40,0.000001143168
0x0f2d,40,0.000001143168
0x0f2f,40,0.000001143168
0x0f30,40,0.000001143168
0x0f33,1,0.000000028579
0x0f38,11,0.000000314371
0x0f39,11,0.000000314371
0x0f3a,11,0.000000314371
0x0f3b,11,0.000000314371
0x0f3d,11,0.000000314371
0x0f3e,6,0.000000171475
0x0f40,6,0.000000171475
0x0f41,6,0.000000171475
0x0f42,6,0.000000171475
0x0f43,6,0.000000171475
0x0f44,6,0.000000171475
0x0f45,6,0.000000171475
0x0f46,5,0.000000142896
0x0f49,5,0.000000142896
0x0f4c,5,0.000000142896
0x0f4d,5,0.000000142896
0x0f4e,5,0.000000142896
0x0f56,6253,0.000178705741
0x0f57,6253,0.000178705741
0x0f58,12757,0.000364584861
0x0f59,12757,0.000364584861
0x0f5b,12757,0.000364584861
0x0f5e,175,0.000005001360
0x0f60,175,0.000005001360
0x0f63,12751,0.000364413385
0x0f64,12751,0.000364413385
0x0f65,12751,0.000364413385
0x0f68,6247,0.000178534265
0x0f69,6247,0.000178534265
0x0f6a,6247,0.000178534265
0x0f6d,6247,0.000178534265
0x0f6e,6247,0.000178534265
0x0f71,3091,0.000088338309
0x0f74,32,0.000000914534
0x0f76,32,0.000000914534
0x0f77,32,0.000000914534
0x0f78,32,0.000000914534
0x0f79,32,0.000000914534
0x0f7c,32,0.000000914534
0x0f7d,32,0.000000914534
0x0f80,32,0.000000914534
0x0f83,32,0.000000914534
0x0fc0,6160,0.000176047875
0x0fc3,6160,0.000176047875
0x0fc6,6160,0.000176047875
0x0fc9,6160,0.000176047875
0x0fcc,6160,0.000176047875
0x0fcf,6160,0.000176047875
0x0fd2,6160,0.000176047875
0x0fd5,6160,0.000176047875
0x0fd8,12320,0.000352095750
0x0fd9,12320,0.000352095750
0x0fda,12320,0.000352095750
0x0fdb,707,0.000020205495
0x0fdc,707,0.000020205495
0x0fdd,707,0.000020205495
0x0fde,707,0.000020205495
0x0fdf,707,0.000020205495
0x0fe0,707,0.000020205495
0x0fe1,707,0.000020205495
0x0fe2,707,0.000020205495
0x0fe3,707,0.000020205495
0x0fe6,707,0.000020205495
0x0fe7,707,0.000020205495
0x0fe9,707,0.000020205495
0x0fea,707,0.000020205495
0x0fec,707,0.000020205495
0x0fed,707,0.000020205495
0x0fef,707,0.000020205495
0x0ff0,707,0.000020205495
0x0ff1,707,0.000020205495
0x0ff4,707,0.000020205495
0x14e0,1416,0.000040468148
0x14e1,1416,0.000040468148
0x14e4,1416,0.000040468148
0x14e6,1416,0.000040468148
0x17e0,14283,0.000408196720
0x17e3,14283,0.000408196720
0x17e5,14283,0.000408196720
0x17e8,14283,0.000408196720
0x1df0,897,0.000025635543
0x1df3,897,0.000025635543
0x1df5,897,0.000025635543
0x1ee0,528,0.000015089818
0x1ee3,528,0.000015089818
0x1ee6,13728,0.000392335264
0x1ee7,13728,0.000392335264
0x1ee8,13728,0.000392335264
0x1ee9,13728,0.000392335264
0x1eec,13728,0.000392335264
0x1eed,13728,0.000392335264
0x1ef0,528,0.000015089818
0x1ef1,528,0.000015089818
0x1ef2,528,0.000015089818
0x1ef4,528,0.000015089818
0x1ef7,528,0.000015089818
0x1ef8,528,0.000015089818
0x1ef9,528,0.000015089818
0x1efa,528,0.000015089818
0x2000,9748,0.000278590046
0x2003,9748,0.000278590046
0x2006,9748,0.000278590046
0x2009,9748,0.000278590046
0x200c,9748,0.000278590046
0x200d,9748,0.000278590046
0x200f,9748,0.000278590046
0x2010,9748,0.000278590046
0x2011,9748,0.000278590046
0x2014,9748,0.000278590046
0x2015,9748,0.000278590046
0x2018,9630,0.000275217701
0x201a,9630,0.000275217701
0x201d,2747,0.000078507064
0x201e,2747,0.000078507064
0x201f,2747,0.000078507064
0x2020,2747,0.000078507064
0x2023,687,0.000019633911
0x2025,2747,0.000078507064
0x2026,2747,0.000078507064
0x2027,2747,0.000078507064
0x202a,2743,0.000078392747
0x2040,4980,0.000142324418
0x2043,4980,0.000142324418
0x2046,4980,0.000142324418
0x2047,4980,0.000142324418
0x2048,4980,0.000142324418
0x2049,47,0.000001343222
0x204a,47,0.000001343222
0x204b,47,0.000001343222
0x204c,47,0.000001343222
0x204d,47,0.000001343222
0x204e,47,0.000001343222
0x204f,47,0.000001343222
0x2050,47,0.000001343222
0x2051,47,0.000001343222
0x2052,47,0.000001343222
0x2055,47,0.000001343222
0x2057,47,0.000001343222
0x2058,47,0.000001343222
0x2059,47,0.000001343222
0x205a,47,0.000001343222
0x205c,47,0.000001343222
0x205d,47,0.000001343222
0x205e,47,0.000001343222
0x2060,47,0.000001343222
0x2061,47,0.000001343222
0x2062,47,0.000001343222
0x2063,47,0.000001343222
0x2064,47,0.000001343222
0x2065,47,0.000001343222
0x2066,47,0.000001343222
0x2068,47,0.000001343222
0x2069,47,0.000001343222
0x206a,47,0.000001343222
0x206b,47,0.000001343222
0x206c,47,0.000001343222
0x206d,47,0.000001343222
0x2070,176,0.000005029939
0x2071,176,0.000005029939
0x2073,176,0.000005029939
0x2075,176,0.000005029939
0x2076,176,0.000005029939
0x2077,176,0.000005029939
0x2079,176,0.000005029939
0x207a,176,0.000005029939
0x207b,176,0.000005029939
0x207e,176,0.000005029939
0x2081,176,0.000005029939
0x2085,176,0.000005029939
0x2087,176,0.000005029939
0x2088,176,0.000005029939
0x2089,176,0.000005029939
0x208a,176,0.000005029939
0x208c,176,0.000005029939
0x208d,176,0.000005029939
0x208f,176,0.000005029939
0x2090,176,0.000005029939
0x2091,176,0.000005029939
0x2093,176,0.000005029939
0x2094,176,0.000005029939
0x2096,176,0.000005029939
0x2097,176,0.000005029939
0x20b0,176,0.000005029939
0x20b1,5568,0.000159128988
0x20b2,5568,0.000159128988
0x20b3,5568,0.000159128988
0x20b5,44544,0.001273031906
0x20b7,44544,0.001273031906
0x20b8,44544,0.001273031906
0x20bb,1704,0.000048698958
0x20bc,1704,0.000048698958
0x20bd,1704,0.000048698958
0x20be,1704,0.000048698958
0x20bf,44544,0.001273031906
0x20c0,44544,0.001273031906
0x20c1,44544,0.001273031906
0x20c2,44544,0.001273031906
0x20c5,5568,0.000159128988
0x20c6,5568,0.000159128988
0x20c7,5568,0.000159128988
0x20c8,5568,0.000159128988
0x20c9,5568,0.000159128988
0x20cc,2784,0.000079564494
0x20cd,2784,0.000079564494
0x20cf,2784,0.000079564494
0x20d2,2624,0.000074991822
0x20d3,2624,0.000074991822
0x20d4,2624,0.000074991822
0x20d6,2624,0.000074991822
0x20d7,2624,0.000074991822
0x20d8,2624,0.000074991822
0x20da,2624,0.000074991822
0x20db,2624,0.000074991822
0x20dc,2624,0.000074991822
0x20de,2624,0.000074991822
0x20e1,176,0.000005029939
0x20e2,176,0.000005029939
0x20e8,176,0.000005029939
0x20e9,176,0.000005029939
0x20ea,176,0.000005029939
0x20ec,176,0.000005029939
0x20ed,176,0.000005029939
0x20f0,176,0.000005029939
0x20f1,176,0.000005029939
0x20f2,176,0.000005029939
0x20f3,176,0.000005029939
0x20f4,176,0.000005029939
0x20f6,176,0.000005029939
0x20f7,176,0.000005029939
0x20f8,176,0.000005029939
0x20fa,176,0.000005029939
0x20fb,176,0.000005029939
0x20fc,176,0.000005029939
0x20fd,176,0.000005029939
0x20fe,176,0.000005029939
0x20ff,176,0.000005029939
0x2101,176,0.000005029939
0x2103,176,0.000005029939
0x2104,176,0.000005029939
0x2106,176,0.000005029939
0x2107,176,0.000005029939
0x2108,176,0.000005029939
0x2109,176,0.000005029939
0x210a,176,0.000005029939
0x210d,176,0.000005029939
0x211c,176,0.000005029939
0x211f,176,0.000005029939
0x2120,176,0.000005029939
0x2122,176,0.000005029939
0x2123,128,0.000003658138
0x2125,128,0.000003658138
0x2130,6887,0.000196824954
0x2131,6887,0.000196824954
0x2132,6887,0.000196824954
0x2135,5162,0.000147525833
0x2137,5162,0.000147525833
0x213a,3441,0.000098341029
0x213c,3441,0.000098341029
0x213f,1720,0.000049156225
0x2146,2743,0.000078392747
0x2147,2743,0.000078392747
0x2148,2743,0.000078392747
0x214b,1371,0.000039182084
0x2150,1725,0.000049299121
0x2153,1725,0.000049299121
0x2156,1725,0.000049299121
0x2160,1721,0.000049184804
0x2163,1721,0.000049184804
0x2166,1721,0.000049184804
0x2169,1721,0.000049184804
0x2170,1721,0.000049184804
0x2173,1720,0.000049156225
0x2180,1720,0.000049156225
0x2183,1720,0.000049156225
0x2186,1720,0.000049156225
0x2189,1720,0.000049156225
0x2190,1372,0.000039210663
0x2193,1372,0.000039210663
0x2196,1372,0.000039210663
0x2199,1372,0.000039210663
0x219c,1372,0.000039210663
0x21a5,1371,0.000039182084
0x21a8,1371,0.000039182084
0x21ab,1371,0.000039182084
0x21ae,1371,0.000039182084
0x21b1,1371,0.000039182084
0x21ba,118,0.000003372346
0x21bb,118,0.000003372346
0x21bc,118,0.000003372346
0x21bf,59,0.000001686173
0x21c2,59,0.000001686173
0x21c5,59,0.000001686173
0x21c8,59,0.000001686173
0x21cb,59,0.000001686173
0x21cd,59,0.000001686173
0x21cf,59,0.000001686173
0x21dc,528,0.000015089818
0x21dd,528,0.000015089818
0x21de,528,0.000015089818
0x21df,528,0.000015089818
0x21e2,528,0.000015089818
0x21e4,528,0.000015089818
0x21e5,528,0.000015089818
0x21e6,528,0.000015089818
0x21e8,528,0.000015089818
0x21e9,528,0.000015089818
0x21eb,528,0.000015089818
0x21ec,528,0.000015089818
0x21ed,528,0.000015089818
0x21ef,528,0.000015089818
0x21f0,528,0.000015089818
0x21f1,528,0.000015089818
0x21f2,528,0.000015089818
0x21f4,528,0.000015089818
0x21f5,528,0.000015089818
0x21f7,528,0.000015089818
0x21f8,528,0.000015089818
0x21f9,528,0.000015089818
0x21fc,528,0.000015089818
0x2204,118,0.000003372346
0x2207,118,0.000003372346
0x2208,118,0.000003372346
0x2209,118,0.000003372346
0x220b,118,0.000003372346
0x220c,1,0.000000028579
0x220e,1,0.000000028579
0x2210,1,0.000000028579
0x2212,1,0.000000028579
0x2214,1,0.000000028579
0x2216,1,0.000000028579
0x2217,1,0.000000028579
0x2218,1,0.000000028579
0x221a,1,0.000000028579
0x221b,1,0.000000028579
0x221d,1,0.000000028579
0x221e,1,0.000000028579
0x2220,1,0.000000028579
0x2221,1,0.000000028579
0x2222,1,0.000000028579
0x2223,1,0.000000028579
0x2224,1,0.000000028579
0x222a,1,0.000000028579
0x222b,1,0.000000028579
0x2230,330,0.000009431136
0x2233,330,0.000009431136
0x2234,330,0.000009431136
0x2235,330,0.000009431136
0x2236,330,0.000009431136
0x2237,330,0.000009431136
0x2239,330,0.000009431136
0x223b,330,0.000009431136
0x223e,318,0.000009088186
0x2240,318,0.000009088186
0x2243,162,0.000004629830
0x2245,162,0.000004629830
0x2247,162,0.000004629830
0x2249,162,0.000004629830
0x224c,6,0.000000171475
0x224f,6,0.000000171475
0x2250,6,0.000000171475
0x2252,6,0.000000171475
0x2254,6,0.000000171475
0x2260,312,0.000008916711
0x2261,312,0.000008916711
0x2262,312,0.000008916711
0x2263,312,0.000008916711
0x2264,312,0.000008916711
0x2265,312,0.000008916711
0x2267,312,0.000008916711
0x2268,312,0.000008916711
0x2269,312,0.000008916711
0x226b,312,0.000008916711
0x226d,312,0.000008916711
0x226e,312,0.000008916711
0x226f,312,0.000008916711
0x2271,312,0.000008916711
0x2272,312,0.000008916711
0x2273,312,0.000008916711
0x2274,312,0.000008916711
0x2275,312,0.000008916711
0x2276,312,0.000008916711
0x2277,312,0.000008916711
0x2278,312,0.000008916711
0x2279,312,0.000008916711
0x227a,4368,0.000124833948
0x227b,39312,0.001123505529
0x227c,39312,0.001123505529
0x227d,39312,0.001123505529
0x227e,39312,0.001123505529
0x227f,39312,0.001123505529
0x2280,39312,0.001123505529
0x2283,4368,0.000124833948
0x2284,4368,0.000124833948
0x2285,4368,0.000124833948
0x2286,4368,0.000124833948
0x2288,4368,0.000124833948
0x2289,4368,0.000124833948
0x228a,4368,0.000124833948
0x228c,4368,0.000124833948
0x228d,4368,0.000124833948
0x228e,4368,0.000124833948
0x2291,312,0.000008916711
0x2292,12,0.000000342950
0x2295,12,0.000000342950
0x2296,12,0.000000342950
0x2298,12,0.000000342950
0x229b,6,0.000000171475
0x229e,6,0.000000171475
0x22a1,6,0.000000171475
0x22a3,2496,0.000071333684
0x22a4,2496,0.000071333684
0x22a5,2496,0.000071333684
0x22a6,2496,0.000071333684
0x22a7,2496,0.000071333684
0x22a8,2496,0.000071333684
0x22a9,2496,0.000071333684
0x22aa,2496,0.000071333684
0x22ab,2496,0.000071333684
0x22ac,2496,0.000071333684
0x22ad,2496,0.000071333684
0x22b0,6,0.000000171475
0x22b4,216,0.000006173107
0x22b7,216,0.000006173107
0x22ba,216,0.000006173107
0x22bb,216,0.000006173107
0x22bc,216,0.000006173107
0x22be,216,0.000006173107
0x22c1,3,0.000000085738
0x22c3,3,0.000000085738
0x22c5,3,0.000000085738
0x22ca,147,0.000004201142
0x22cd,147,0.000004201142
0x22ce,147,0.000004201142
0x22d0,147,0.000004201142
0x22d3,3,0.000000085738
0x22d5,3,0.000000085738
0x22d7,3,0.000000085738
0x22d9,3,0.000000085738
0x22db,3,0.000000085738
0x22dd,3,0.000000085738
0x22e0,6,0.000000171475
0x22e2,12,0.000000342950
0x22e5,12,0.000000342950
0x22e8,12,0.000000342950
0x22f0,6,0.000000171475
0x22f3,6,0.000000171475
0x22f4,6,0.000000171475
0x22fa,519,0.000014832605
0x22fd,519,0.000014832605
0x22ff,519,0.000014832605
0x2302,519,0.000014832605
0x2303,9342,0.000266986891
0x2304,9342,0.000266986891
0x2306,9342,0.000266986891
0x2307,9342,0.000266986891
0x2308,9342,0.000266986891
0x2309,9342,0.000266986891
0x230a,9342,0.000266986891
0x230b,9342,0.000266986891
0x230d,9342,0.000266986891
0x230e,9342,0.000266986891
0x230f,9342,0.000266986891
0x2310,9342,0.000266986891
0x2312,9342,0.000266986891
0x2313,9342,0.000266986891
0x2314,9342,0.000266986891
0x2316,9342,0.000266986891
0x2317,9342,0.000266986891
0x231a,1038,0.000029665210
0x231b,9342,0.000266986891
0x231c,9342,0.000266986891
0x231f,519,0.000014832605
0x2322,1560,0.000044583553
0x2325,1560,0.000044583553
0x2326,1560,0.000044583553
0x2327,1560,0.000044583553
0x2329,1560,0.000044583553
0x232a,1560,0.000044583553
0x232b,1560,0.000044583553
0x232c,1560,0.000044583553
0x232e,1560,0.000044583553
0x232f,1560,0.000044583553
0x2331,1560,0.000044583553
0x2334,1560,0.000044583553
0x2337,1560,0.000044583553
0x2351,4159,0.000118860895
0x2352,4159,0.000118860895
0x2354,4159,0.000118860895
0x2355,895,0.000025578384
0x2356,895,0.000025578384
0x2357,895,0.000025578384
0x2358,895,0.000025578384
0x235a,895,0.000025578384
0x235b,895,0.000025578384
0x235e,895,0.000025578384
0x235f,895,0.000025578384
0x2360,895,0.000025578384
0x2361,895,0.000025578384
0x2362,895,0.000025578384
0x2364,895,0.000025578384
0x2365,895,0.000025578384
0x2366,895,0.000025578384
0x2368,895,0.000025578384
0x2369,895,0.000025578384
0x236a,895,0.000025578384
0x236b,895,0.000025578384
0x236c,895,0.000025578384
0x236e,895,0.000025578384
0x2370,895,0.000025578384
0x2373,799,0.000022834781
0x2375,799,0.000022834781
0x2377,799,0.000022834781
0x237a,799,0.000022834781
0x237b,96,0.000002743603
0x237c,96,0.000002743603
0x237e,96,0.000002743603
0x237f,96,0.000002743603
0x2381,96,0.000002743603
0x2384,96,0.000002743603
0x2385,96,0.000002743603
0x2386,96,0.000002743603
0x2387,96,0.000002743603
0x2389,96,0.000002743603
0x238a,27,0.000000771638
0x238c,27,0.000000771638
0x238d,27,0.000000771638
0x238e,27,0.000000771638
0x2390,27,0.000000771638
0x2391,23,0.000000657322
0x2393,23,0.000000657322
0x23d6,4486,0.000128206293
0x23d9,4486,0.000128206293
0x23da,4486,0.000128206293
0x23dc,4486,0.000128206293
0x23de,4486,0.000128206293
0x23e1,2514,0.000071848110
0x23e3,2514,0.000071848110
0x23e6,160,0.000004572672
0x23e8,160,0.000004572672
0x23eb,160,0.000004572672
0x23ed,160,0.000004572672
0x23f0,160,0.000004572672
0x23f2,160,0.000004572672
0x2476,30,0.000000857376
0x2477,30,0.000000857376
0x2478,30,0.000000857376
0x247b,30,0.000000857376
0x247d,30,0.000000857376
0x247e,30,0.000000857376
0x2481,30,0.000000857376
0x2483,30,0.000000857376
0x2484,30,0.000000857376
0x2485,30,0.000000857376
0x2487,30,0.000000857376
0x2488,30,0.000000857376
0x2489,30,0.000000857376
0x248a,30,0.000000857376
0x248c,30,0.000000857376
0x248d,30,0.000000857376
0x248f,30,0.000000857376
0x2490,30,0.000000857376
0x2493,30,0.000000857376
0x2495,30,0.000000857376
0x2496,30,0.000000857376
0x2497,30,0.000000857376
0x2498,30,0.000000857376
0x2499,30,0.000000857376
0x249a,30,0.000000857376
0x249b,21,0.000000600163
0x249c,21,0.000000600163
0x249d,21,0.000000600163
0x249e,15,0.000000428688
0x249f,15,0.000000428688
0x24a0,9748,0.000278590046
0x24a3,9748,0.000278590046
0x24a5,9748,0.000278590046
0x24a7,9748,0.000278590046
0x24a8,4159,0.000118860895
0x24ab,4159,0.000118860895
0x24ae,4159,0.000118860895
0x24b1,4159,0.000118860895
0x24b4,4159,0.000118860895
0x24b6,4159,0.000118860895
0x24b8,4159,0.000118860895
0x24b9,1040,0.000029722369
0x24c4,4871,0.000139209286
0x24c7,4871,0.000139209286
0x24c9,4871,0.000139209286
0x24cb,4871,0.000139209286
0x24ce,2079,0.000059416158
0x24d1,2079,0.000059416158
0x24d4,2079,0.000059416158
0x24d5,2079,0.000059416158
0x24d6,2079,0.000059416158
0x24d8,2079,0.000059416158
0x24db,1560,0.000044583553
0x24e0,2079,0.000059416158
0x24e3,2079,0.000059416158
0x24e5,2079,0.000059416158
0x24e6,130,0.000003715296
0x24e9,130,0.000003715296
0x24eb,130,0.000003715296
0x24ec,130,0.000003715296
0x24f2,1040,0.000029722369
0x24f5,1040,0.000029722369
0x24f7,1040,0.000029722369
0x24f8,1040,0.000029722369
0x24f9,1040,0.000029722369
0x24fc,1040,0.000029722369
0x24fe,1040,0.000029722369
0x24ff,1040,0.000029722369
0x2500,310,0.000008859552
0x2503,310,0.000008859552
0x2504,310,0.000008859552
0x2505,289,0.000008259389
0x2508,289,0.000008259389
0x2509,289,0.000008259389
0x250a,72,0.000002057702
0x250b,72,0.000002057702
0x250d,72,0.000002057702
0x250e,72,0.000002057702
0x2511,72,0.000002057702
0x2512,72,0.000002057702
0x2513,72,0.000002057702
0x2515,72,0.000002057702
0x2517,72,0.000002057702
0x2518,72,0.000002057702
0x2519,72,0.000002057702
0x251a,72,0.000002057702
0x2560,3092,0.000088366888
0x2563,3092,0.000088366888
0x2564,3092,0.000088366888
0x2566,3092,0.000088366888
0x2567,3092,0.000088366888
0x2568,3092,0.000088366888
0x2569,3092,0.000088366888
0x256a,3092,0.000088366888
0x256b,3092,0.000088366888
0x256d,3092,0.000088366888
0x256e,3092,0.000088366888
0x2570,3092,0.000088366888
0x2572,3092,0.000088366888
0x2575,3092,0.000088366888
0x2576,3092,0.000088366888
0x2577,3092,0.000088366888
0x2578,3092,0.000088366888
0x2579,3092,0.000088366888
0x257b,3092,0.000088366888
0x257c,3092,0.000088366888
0x257f,3092,0.000088366888
0x2581,3092,0.000088366888
0x2582,3092,0.000088366888
0x2585,3092,0.000088366888
0x2587,3092,0.000088366888
0x2588,24622,0.000703677074
0x2589,24622,0.000703677074
0x258c,24567,0.000702105218
0x258d,24567,0.000702105218
0x258e,24567,0.000702105218
0x2590,24567,0.000702105218
0x2591,24567,0.000702105218
0x2592,24567,0.000702105218
0x2595,3037,0.000086795032
0x2596,24622,0.000703677074
0x2597,24622,0.000703677074
0x2599,24622,0.000703677074
0x259a,12988,0.000371186656
0x259b,12988,0.000371186656
0x259c,12988,0.000371186656
0x259e,12988,0.000371186656
0x259f,12988,0.000371186656
0x25a1,12988,0.000371186656
0x25a2,11966,0.000341978713
0x25a3,11966,0.000341978713
0x25a4,11966,0.000341978713
0x25a5,11966,0.000341978713
0x25a6,7610,0.000217487716
0x25a7,7610,0.000217487716
0x25a8,1854,0.000052985838
0x25a9,1854,0.000052985838
0x25aa,1854,0.000052985838
0x25ab,1854,0.000052985838
0x25ac,1816,0.000051899828
0x25ae,1816,0.000051899828
0x25af,55,0.000001571856
0x25b0,55,0.000001571856
0x25b1,55,0.000001571856
0x25b2,55,0.000001571856
0x25b3,55,0.000001571856
0x25b4,55,0.000001571856
0x25b5,55,0.000001571856
0x25b6,55,0.000001571856
0x25b7,202,0.000005772998
0x25ba,202,0.000005772998
0x25bc,202,0.000005772998
0x25be,202,0.000005772998
0x25ca,202,0.000005772998
0x25cd,463,0.000013232170
0x25ce,463,0.000013232170
0x25d0,463,0.000013232170
0x25d3,339,0.000009688349
0x25d4,339,0.000009688349
0x25d6,339,0.000009688349
0x25d7,339,0.000009688349
0x25d8,339,0.000009688349
0x25db,78,0.000002229178
0x25dc,78,0.000002229178
0x25dd,78,0.000002229178
0x25e0,124,0.000003543821
0x25e1,124,0.000003543821
0x25e3,124,0.000003543821
0x25e4,124,0.000003543821
0x25e5,124,0.000003543821
0x25e7,124,0.000003543821
0x25e8,124,0.000003543821
0x25ea,124,0.000003543821
0x25eb,124,0.000003543821
0x25ec,124,0.000003543821
0x25ed,124,0.000003543821
0x25ef,124,0.000003543821
0x25f0,124,0.000003543821
0x25f1,124,0.000003543821
0x25f3,124,0.000003543821
0x25f4,124,0.000003543821
0x25f6,124,0.000003543821
0x25f7,124,0.000003543821
0x25f8,124,0.000003543821
0x25f9,124,0.000003543821
0x25fa,124,0.000003543821
0x25fb,124,0.000003543821
0x25fc,124,0.000003543821
0x25fd,124,0.000003543821
0x2600,1896,0.000054186164
0x2601,1896,0.000054186164
0x2602,1896,0.000054186164
0x2603,1896,0.000054186164
0x2604,1896,0.000054186164
0x2605,1896,0.000054186164
0x2608,1896,0.000054186164
0x2609,1896,0.000054186164
0x260a,1896,0.000054186164
0x260b,1896,0.000054186164
0x260c,1896,0.000054186164
0x260e,1896,0.000054186164
0x2611,1896,0.000054186164
0x2612,1896,0.000054186164
0x2613,1896,0.000054186164
0x2616,1896,0.000054186164
0x2617,1896,0.000054186164
0x261a,1083,0.000030951274
0x261d,1083,0.000030951274
0x261e,1083,0.000030951274
0x2620,1083,0.000030951274
0x2621,1083,0.000030951274
0x2624,1083,0.000030951274
0x2625,1083,0.000030951274
0x2626,1083,0.000030951274
0x2628,1083,0.000030951274
0x2629,1083,0.000030951274
0x262b,1083,0.000030951274
0x262c,1083,0.000030951274
0x262e,1083,0.000030951274
0x262f,1083,0.000030951274
0x2630,1083,0.000030951274
0x2631,1083,0.000030951274
0x2633,1083,0.000030951274
0x2634,1083,0.000030951274
0x2635,1083,0.000030951274
0x2638,1083,0.000030951274
0x2639,1896,0.000054186164
0x263c,1896,0.000054186164
0x263f,1896,0.000054186164
0x2642,1896,0.000054186164
0x2643,1896,0.000054186164
0x2646,948,0.000027093082
0x2649,948,0.000027093082
0x2650,813,0.000023234890
0x2651,813,0.000023234890
0x2654,813,0.000023234890
0x2655,813,0.000023234890
0x2656,813,0.000023234890
0x2658,813,0.000023234890
0x2659,813,0.000023234890
0x265b,813,0.000023234890
0x265c,813,0.000023234890
0x265e,813,0.000023234890
0x2661,813,0.000023234890
0x2662,813,0.000023234890
0x2668,948,0.000027093082
0x266b,948,0.000027093082
0x266c,948,0.000027093082
0x266d,948,0.000027093082
0x2670,948,0.000027093082
0x2672,948,0.000027093082
0x2676,948,0.000027093082
0x2678,948,0.000027093082
0x267c,948,0.000027093082
0x267f,948,0.000027093082
0x2681,948,0.000027093082
0x2684,948,0.000027093082
0x2685,948,0.000027093082
0x2688,948,0.000027093082
0x268a,948,0.000027093082
0x268b,948,0.000027093082
0x268d,948,0.000027093082
0x268e,948,0.000027093082
0x268f,948,0.000027093082
0x2692,945,0.000027007344
0x2693,948,0.000027093082
0x2694,948,0.000027093082
0x2697,948,0.000027093082
0x2699,948,0.000027093082
0x269d,948,0.000027093082
0x269f,948,0.000027093082
0x26a3,948,0.000027093082
0x26a4,948,0.000027093082
0x26a7,948,0.000027093082
0x26aa,948,0.000027093082
0x26ad,948,0.000027093082
0x26ae,948,0.000027093082
0x26af,948,0.000027093082
0x26b0,948,0.000027093082
0x26b1,189,0.000005401469
0x26b2,189,0.000005401469
0x26b4,189,0.000005401469
0x26b5,189,0.000005401469
0x26b7,189,0.000005401469
0x26b8,189,0.000005401469
0x26ba,189,0.000005401469
0x26bb,30,0.000000857376
0x26bc,30,0.000000857376
0x26bd,30,0.000000857376
0x26be,30,0.000000857376
0x26bf,30,0.000000857376
0x26c2,30,0.000000857376
0x26c4,30,0.000000857376
0x26c6,30,0.000000857376
0x26c7,30,0.000000857376
0x26c8,30,0.000000857376
0x26ca,30,0.000000857376
0x26cb,30,0.000000857376
0x26cc,30,0.000000857376
0x26d0,948,0.000027093082
0x26d3,948,0.000027093082
0x26d6,948,0.000027093082
0x26d9,7584,0.000216744656
0x26da,7584,0.000216744656
0x26db,7584,0.000216744656
0x26de,5991,0.000171217990
0x26df,5991,0.000171217990
0x26e0,5991,0.000171217990
0x26e3,948,0.000027093082
0x26e4,5991,0.000171217990
0x26e5,7584,0.000216744656
0x26e6,7584,0.000216744656
0x26e7,7584,0.000216744656
0x26e8,7584,0.000216744656
0x26e9,7584,0.000216744656
0x26eb,7584,0.000216744656
0x26ee,948,0.000027093082
0x26f1,948,0.000027093082
0x26f2,948,0.000027093082
0x26f3,948,0.000027093082
0x26f5,948,0.000027093082
0x26f8,948,0.000027093082
0x26f9,948,0.000027093082
0x26fa,948,0.000027093082
0x26fd,948,0.000027093082
0x2700,5550,0.000158614563
0x2703,5550,0.000158614563
0x2704,5550,0.000158614563
0x2705,5550,0.000158614563
0x2706,5549,0.000158585983
0x2707,5549,0.000158585983
0x2708,5549,0.000158585983
0x270a,5549,0.000158585983
0x270b,5549,0.000158585983
0x270c,5549,0.000158585983
0x270e,5549,0.000158585983
0x270f,5549,0.000158585983
0x2711,5549,0.000158585983
0x2714,5549,0.000158585983
0x2717,22196,0.000634343934
0x271a,22196,0.000634343934
0x271b,22196,0.000634343934
0x271c,22196,0.000634343934
0x271d,22196,0.000634343934
0x271e,22196,0.000634343934
0x2720,22196,0.000634343934
0x2723,5549,0.000158585983
0x2725,5549,0.000158585983
0x2728,5549,0.000158585983
0x272a,5549,0.000158585983
0x2739,5549,0.000158585983
0x273c,5549,0.000158585983
0x273d,5549,0.000158585983
0x2740,5549,0.000158585983
0x2743,5549,0.000158585983
0x2748,22196,0.000634343934
0x2749,22196,0.000634343934
0x274a,22196,0.000634343934
0x274c,22196,0.000634343934
0x274d,64,0.000001829069
0x274e,64,0.000001829069
0x274f,64,0.000001829069
0x2750,32,0.000000914534
0x2751,32,0.000000914534
0x2752,32,0.000000914534
0x2753,32,0.000000914534
0x2754,32,0.000000914534
0x2755,32,0.000000914534
0x2757,32,0.000000914534
0x2758,32,0.000000914534
0x2759,32,0.000000914534
0x275b,32,0.000000914534
0x275c,32,0.000000914534
0x275f,32,0.000000914534
0x2760,32,0.000000914534
0x2761,32,0.000000914534
0x2764,32,0.000000914534
0x2768,32,0.000000914534
0x2769,32,0.000000914534
0x276c,32,0.000000914534
0x276e,32,0.000000914534
0x2771,32,0.000000914534
0x2772,32,0.000000914534
0x2778,32,0.000000914534
0x277b,32,0.000000914534
0x277c,32,0.000000914534
0x277f,32,0.000000914534
0x2780,32,0.000000914534
0x2781,32,0.000000914534
0x2782,32,0.000000914534
0x2783,32,0.000000914534
0x2784,32,0.000000914534
0x2785,32,0.000000914534
0x2786,32,0.000000914534
0x2789,32,0.000000914534
0x27a8,5549,0.000158585983
0x27ab,5549,0.000158585983
0x27ac,5549,0.000158585983
0x27af,5549,0.000158585983
0x27b0,5549,0.000158585983
0x27b1,5549,0.000158585983
0x27b4,5549,0.000158585983
0x27b6,5549,0.000158585983
0x27b7,5549,0.000158585983
0x27b8,5549,0.000158585983
0x27ba,5549,0.000158585983
0x27bd,5165,0.000147611570
0x27c0,5165,0.000147611570
0x27c1,5165,0.000147611570
0x27c2,5165,0.000147611570
0x27c5,5117,0.000146239769
0x27c7,5117,0.000146239769
0x27c8,5117,0.000146239769
0x27c9,5117,0.000146239769
0x27ca,3402,0.000097226440
0x27cc,3402,0.000097226440
0x27cf,3264,0.000093282510
0x27d0,3264,0.000093282510
0x27d2,3264,0.000093282510
0x27d3,3264,0.000093282510
0x27d5,3264,0.000093282510
0x27d6,3264,0.000093282510
0x27d8,138,0.000003943930
0x27da,138,0.000003943930
0x27dc,138,0.000003943930
0x27dd,138,0.000003943930
0x27df,138,0.000003943930
0x27e0,138,0.000003943930
0x27e2,48,0.000001371802
0x27e4,48,0.000001371802
0x27e9,48,0.000001371802
0x27ea,48,0.000001371802
0x27ec,48,0.000001371802
0x27ee,48,0.000001371802
0x3000,3097,0.000088509784
0x3003,3097,0.000088509784
0x3004,3097,0.000088509784
0x3005,3097,0.000088509784
0x3007,3097,0.000088509784
0x300a,3097,0.000088509784
0x300b,3097,0.000088509784
0x300c,3097,0.000088509784
0x300d,3097,0.000088509784
0x300e,3097,0.000088509784
0x300f,3097,0.000088509784
0x3010,3097,0.000088509784
0x3011,3097,0.000088509784
0x3012,385,0.000011002992
0x3028,390,0.000011145888
0x302b,390,0.000011145888
0x302c,390,0.000011145888
0x302e,390,0.000011145888
0x302f,390,0.000011145888
0x3031,390,0.000011145888
0x3032,390,0.000011145888
0x3034,390,0.000011145888
0x3035,341,0.000009745507
0x3037,341,0.000009745507
0x3038,341,0.000009745507
0x3039,341,0.000009745507
0x303c,327,0.000009345399
0x303d,327,0.000009345399
0x303e,5,0.000000142896
0x303f,5,0.000000142896
0x3040,5,0.000000142896
0x3042,5,0.000000142896
0x3044,5,0.000000142896
0x3046,5,0.000000142896
0x3048,5,0.000000142896
0x3049,5,0.000000142896
0x304b,5,0.000000142896
0x304d,5,0.000000142896
0x304f,5,0.000000142896
0x3050,5,0.000000142896
0x3052,5,0.000000142896
0x3055,5,0.000000142896
0x3056,5,0.000000142896
0x3057,3,0.000000085738
0x3059,3,0.000000085738
0x305c,14,0.000000400109
0x305f,14,0.000000400109
0x3062,14,0.000000400109
0x3063,14,0.000000400109
0x3064,14,0.000000400109
0x3065,14,0.000000400109
0x3066,14,0.000000400109
0x3067,14,0.000000400109
0x3068,14,0.000000400109
0x306a,14,0.000000400109
0x306c,14,0.000000400109
0x306d,14,0.000000400109
0x3074,66,0.000001886227
0x3077,66,0.000001886227
0x3078,66,0.000001886227
0x3079,66,0.000001886227
0x307a,66,0.000001886227
0x307c,66,0.000001886227
0x307d,66,0.000001886227
0x307f,66,0.000001886227
0x3080,66,0.000001886227
0x3081,66,0.000001886227
0x3082,66,0.000001886227
0x3084,66,0.000001886227
0x3089,66,0.000001886227
0x308a,66,0.000001886227
0x308b,66,0.000001886227
0x308c,66,0.000001886227
0x308d,66,0.000001886227
0x308f,66,0.000001886227
0x3090,66,0.000001886227
0x3092,66,0.000001886227
0x3093,66,0.000001886227
0x3094,66,0.000001886227
0x3095,66,0.000001886227
0x3098,66,0.000001886227
0x309a,66,0.000001886227
0x309d,16,0.000000457267
0x309f,66,0.000001886227
0x30a0,66,0.000001886227
0x30a1,66,0.000001886227
0x30a4,66,0.000001886227
0x30a6,66,0.000001886227
0x30a7,66,0.000001886227
0x30a8,66,0.000001886227
0x30aa,3246,0.000092768085
0x30ad,3246,0.000092768085
0x30ae,3246,0.000092768085
0x30af,3246,0.000092768085
0x30b0,3246,0.000092768085
0x30b1,3246,0.000092768085
0x30b3,3246,0.000092768085
0x30b5,3246,0.000092768085
0x30b6,3246,0.000092768085
0x30b8,3246,0.000092768085
0x30ba,387,0.000011060151
0x30bd,387,0.000011060151
0x30c0,387,0.000011060151
0x30c3,387,0.000011060151
0x30c6,387,0.000011060151
0x30c8,387,0.000011060151
0x30c9,387,0.000011060151
0x30ca,387,0.000011060151
0x30cb,221,0.000006316003
0x30cd,221,0.000006316003
0x30ce,221,0.000006316003
0x30cf,221,0.000006316003
0x30d2,169,0.000004829885
0x30d3,169,0.000004829885
0x30d4,46,0.000001314643
0x30d6,46,0.000001314643
0x30d8,46,0.000001314643
0x30da,1161,0.000033180452
0x30db,1161,0.000033180452
0x30dc,1161,0.000033180452
0x30dd,1161,0.000033180452
0x30de,505,0.000014432496
0x30df,505,0.000014432496
0x30e4,52,0.000001486118
0x30e7,52,0.000001486118
0x30ea,52,0.000001486118
0x30eb,52,0.000001486118
0x30ed,52,0.000001486118
0x30f2,52,0.000001486118
0x30f3,52,0.000001486118
0x30f5,52,0.000001486118
0x30f6,52,0.000001486118
0x30f7,52,0.000001486118
0x30f8,52,0.000001486118
0x30fa,52,0.000001486118
0x30fc,52,0.000001486118
0x30ff,52,0.000001486118
0x3102,52,0.000001486118
0x3105,52,0.000001486118
0x3106,52,0.000001486118
0x3107,52,0.000001486118
0x3108,52,0.000001486118
0x310a,52,0.000001486118
0x310c,52,0.000001486118
0x310e,52,0.000001486118
0x310f,52,0.000001486118
0x3112,156,0.000004458355
0x3113,156,0.000004458355
0x3114,156,0.000004458355
0x3115,156,0.000004458355
0x3116,104,0.000002972237
0x3117,104,0.000002972237
0x3118,104,0.000002972237
0x311a,104,0.000002972237
0x311b,104,0.000002972237
0x311c,104,0.000002972237
0x311d,104,0.000002972237
0x311e,52,0.000001486118
0x311f,52,0.000001486118
0x3121,52,0.000001486118
0x3124,386,0.000011031571
0x3127,386,0.000011031571
0x3128,386,0.000011031571
0x312a,386,0.000011031571
0x312b,45,0.000001286064
0x312d,45,0.000001286064
0x312f,45,0.000001286064
0x3130,45,0.000001286064
0x3131,45,0.000001286064
0x3132,45,0.000001286064
0x3134,45,0.000001286064
0x3136,45,0.000001286064
0x3138,45,0.000001286064
0x313d,45,0.000001286064
0x313f,45,0.000001286064
0x3140,45,0.000001286064
0x3141,45,0.000001286064
0x3144,45,0.000001286064
0x3145,45,0.000001286064
0x3146,45,0.000001286064
0x3149,34,0.000000971693
0x314b,45,0.000001286064
0x314d,45,0.000001286064
0x314e,45,0.000001286064
0x315a,386,0.000011031571
0x315d,386,0.000011031571
0x315e,386,0.000011031571
0x3160,386,0.000011031571
0x3161,157,0.000004486934
0x3164,157,0.000004486934
0x3165,157,0.000004486934
0x3166,157,0.000004486934
0x3167,157,0.000004486934
0x3169,157,0.000004486934
0x316a,157,0.000004486934
0x316c,157,0.000004486934
0x316d,157,0.000004486934
0x316e,157,0.000004486934
0x316f,157,0.000004486934
0x3171,157,0.000004486934
0x3172,157,0.000004486934
0x3174,157,0.000004486934
0x3176,157,0.000004486934
0x3177,157,0.000004486934
0x3178,157,0.000004486934
0x3179,1986,0.000056758292
0x317c,1944,0.000055557966
0x317d,1944,0.000055557966
0x317e,1944,0.000055557966
0x317f,1944,0.000055557966
0x3180,1944,0.000055557966
0x3181,1944,0.000055557966
0x3182,1944,0.000055557966
0x3183,1944,0.000055557966
0x3186,120,0.000003429504
0x3188,120,0.000003429504
0x318a,1944,0.000055557966
0x318b,1944,0.000055557966
0x318e,115,0.000003286608
0x3192,1986,0.000056758292
0x3193,1986,0.000056758292
0x3195,1986,0.000056758292
0x3196,635,0.000018147792
0x3199,635,0.000018147792
0x319a,635,0.000018147792
0x319b,42,0.000001200326
0x319e,42,0.000001200326
0x319f,42,0.000001200326
0x31a0,42,0.000001200326
0x31a1,42,0.000001200326
0x31a2,42,0.000001200326
0x31a3,42,0.000001200326
0x31a4,42,0.000001200326
0x31a7,42,0.000001200326
0x31a9,42,0.000001200326
0x31ac,42,0.000001200326
0x31ad,42,0.000001200326
0x31b4,386,0.000011031571
0x31b7,386,0.000011031571
0x31b9,386,0.000011031571
0x31ba,42,0.000001200326
0x31bd,42,0.000001200326
0x31bf,42,0.000001200326
0x31c0,42,0.000001200326
0x31c2,42,0.000001200326
0x31c3,42,0.000001200326
0x31c5,42,0.000001200326
0x31c6,42,0.000001200326
0x31c7,42,0.000001200326
0x31c8,42,0.000001200326
0x31cb,42,0.000001200326
0x31cd,42,0.000001200326
0x31ce,42,0.000001200326
0x31d1,11,0.000000314371
0x31d2,11,0.000000314371
0x31d3,11,0.000000314371
0x31d4,11,0.000000314371
0x31d6,42,0.000001200326
0x31d7,42,0.000001200326
0x31d8,42,0.000001200326
0x31d9,42,0.000001200326
0x31da,42,0.000001200326
0x31dc,42,0.000001200326
0x31de,42,0.000001200326
0x31df,42,0.000001200326
0x31e1,42,0.000001200326
0x31e2,42,0.000001200326
0x31e3,42,0.000001200326
0x31e4,42,0.000001200326
0x31e5,42,0.000001200326
0x31e6,42,0.000001200326
0x31e7,42,0.000001200326
0x31e8,42,0.000001200326
0x31e9,42,0.000001200326
0x31ec,42,0.000001200326
0x31ed,42,0.000001200326
0x31f0,42,0.000001200326
0x31f1,42,0.000001200326
0x31f2,42,0.000001200326
0x31f4,42,0.000001200326
0x31f5,42,0.000001200326
0x31f7,42,0.000001200326
0x31f8,42,0.000001200326
0x31fb,42,0.000001200326
0x31fd,42,0.000001200326
0x31fe,42,0.000001200326
0x31ff,42,0.000001200326
0x3201,42,0.000001200326
0x3202,42,0.000001200326
0x3203,42,0.000001200326
0x3204,42,0.000001200326
0x3207,42,0.000001200326
0x3209,42,0.000001200326
0x320a,42,0.000001200326
0x320b,42,0.000001200326
0x320c,42,0.000001200326
0x320d,42,0.000001200326
0x3210,42,0.000001200326
0x3213,42,0.000001200326
0x3215,42,0.000001200326
0x3216,33,0.000000943114
0x3217,33,0.000000943114
0x3219,33,0.000000943114
0x321b,33,0.000000943114
0x321c,2,0.000000057158
0x321e,2,0.000000057158
0x3220,2,0.000000057158
0x322c,386,0.000011031571
0x322f,386,0.000011031571
0x3231,386,0.000011031571
0x3232,54,0.000001543277
0x3235,54,0.000001543277
0x3238,54,0.000001543277
0x323b,54,0.000001543277
0x323c,54,0.000001543277
0x323f,54,0.000001543277
0x3240,463,0.000013232170
0x3241,463,0.000013232170
0x3243,463,0.000013232170
0x3246,251,0.000007173379
0x3247,251,0.000007173379
0x3248,251,0.000007173379
0x3249,202,0.000005772998
0x324a,202,0.000005772998
0x324b,202,0.000005772998
0x324c,202,0.000005772998
0x324d,202,0.000005772998
0x324e,414,0.000011831789
0x324f,414,0.000011831789
0x3250,414,0.000011831789
0x3251,414,0.000011831789
0x3253,414,0.000011831789
0x3254,414,0.000011831789
0x3256,414,0.000011831789
0x3259,5,0.000000142896
0x325b,5,0.000000142896
0x325e,5,0.000000142896
0x3264,391,0.000011174467
0x3267,391,0.000011174467
0x3268,391,0.000011174467
0x326b,391,0.000011174467
0x326c,391,0.000011174467
0x326e,391,0.000011174467
0x326f,391,0.000011174467
0x3271,391,0.000011174467
0x3272,391,0.000011174467
0x3274,391,0.000011174467
0x3275,47,0.000001343222
0x3277,47,0.000001343222
0x3279,47,0.000001343222
0x327a,47,0.000001343222
0x327b,47,0.000001343222
0x327c,47,0.000001343222
0x327e,47,0.000001343222
0x3281,47,0.000001343222
0x3282,47,0.000001343222
0x3285,47,0.000001343222
0x3286,47,0.000001343222
0x3287,47,0.000001343222
0x3289,47,0.000001343222
0x328a,47,0.000001343222
0x328b,47,0.000001343222
0x328d,47,0.000001343222
0x328e,47,0.000001343222
0x328f,143,0.000004086826
0x3290,143,0.000004086826
0x3291,143,0.000004086826
0x3292,143,0.000004086826
0x3295,115,0.000003286608
0x3296,115,0.000003286608
0x3297,115,0.000003286608
0x329a,90,0.000002572128
0x329b,90,0.000002572128
0x329e,90,0.000002572128
0x329f,90,0.000002572128
0x32a0,90,0.000002572128
0x32a3,90,0.000002572128
0x32a4,143,0.000004086826
0x32a5,143,0.000004086826
0x32a6,143,0.000004086826
0x32a9,7,0.000000200054
0x32ab,143,0.000004086826
0x32ac,143,0.000004086826
0x32af,47,0.000001343222
0x32b0,30,0.000000857376
0x32b3,30,0.000000857376
0x32b5,30,0.000000857376
0x32b8,30,0.000000857376
0x32ba,30,0.000000857376
0x32bc,30,0.000000857376
0x32bf,30,0.000000857376
0x32c2,30,0.000000857376
0x32c3,30,0.000000857376
0x32c4,6,0.000000171475
0x32c5,6,0.000000171475
0x32c6,6,0.000000171475
0x32c7,6,0.000000171475
0x32c8,6,0.000000171475
0x32cb,6,0.000000171475
0x32cd,6,0.000000171475
0x32d0,6,0.000000171475
0x32d2,6,0.000000171475
0x32d4,6,0.000000171475
0x32d6,6,0.000000171475
0x32d7,6,0.000000171475
0x32d9,6,0.000000171475
0x32da,6,0.000000171475
0x32dc,6,0.000000171475
0x32dd,6,0.000000171475
0x32de,6,0.000000171475
0x32e1,6,0.000000171475
0x32e2,6,0.000000171475
0x32e3,6,0.000000171475
0x3400,1896,0.000054186164
0x3403,1896,0.000054186164
0x3406,1896,0.000054186164
0x3409,1896,0.000054186164
0x340c,1896,0.000054186164
0x340f,1896,0.000054186164
0x3412,1896,0.000054186164
0x3413,1896,0.000054186164
0x3416,1896,0.000054186164
0x3418,1896,0.000054186164
0x3438,1896,0.000054186164
0x343b,1896,0.000054186164
0x343c,1896,0.000054186164
0x343f,948,0.000027093082
0x3442,948,0.000027093082
0x3445,948,0.000027093082
0x3448,948,0.000027093082
0x344b,948,0.000027093082
0x3452,948,0.000027093082
0x3455,948,0.000027093082
0x3458,948,0.000027093082
0x345b,948,0.000027093082
0x3474,948,0.000027093082
0x3477,3792,0.000108372328
0x3478,3792,0.000108372328
0x347b,3792,0.000108372328
0x347c,3792,0.000108372328
0x347d,3792,0.000108372328
0x347f,3792,0.000108372328
0x3480,3792,0.000108372328
0x3482,3792,0.000108372328
0x3485,948,0.000027093082
0x3486,948,0.000027093082
0x3489,3792,0.000108372328
0x348a,3792,0.000108372328
0x348d,3792,0.000108372328
0x348e,3792,0.000108372328
0x348f,3792,0.000108372328
0x3491,3792,0.000108372328
0x3492,3792,0.000108372328
0x3494,3792,0.000108372328
0x3497,948,0.000027093082
0x3498,948,0.000027093082
0x349b,3792,0.000108372328
0x349c,3792,0.000108372328
0x349f,3792,0.000108372328
0x34a0,3792,0.000108372328
0x34a1,3792,0.000108372328
0x34a3,3792,0.000108372328
0x34a4,3792,0.000108372328
0x34a6,3792,0.000108372328
0x34a9,948,0.000027093082
0x34aa,948,0.000027093082
0x34ad,3792,0.000108372328
0x34ae,3792,0.000108372328
0x34b1,3792,0.000108372328
0x34b2,3792,0.000108372328
0x34b3,3792,0.000108372328
0x34b5,3792,0.000108372328
0x34b6,3792,0.000108372328
0x34b8,3792,0.000108372328
0x34bb,948,0.000027093082
0x34c0,8112,0.000231834474
0x34c1,8112,0.000231834474
0x34c2,8112,0.000231834474
0x34c3,6522,0.000186393546
0x34c4,6522,0.000186393546
0x34c6,6522,0.000186393546
0x34c7,6522,0.000186393546
0x34c9,6522,0.000186393546
0x34ca,6522,0.000186393546
0x34cb,6522,0.000186393546
0x34cc,6522,0.000186393546
0x34cd,6522,0.000186393546
0x34ce,6522,0.000186393546
0x34cf,6522,0.000186393546
0x34d0,6522,0.000186393546
0x34d1,6522,0.000186393546
0x34d2,6522,0.000186393546
0x34d3,6522,0.000186393546
0x34d4,6522,0.000186393546
0x34d5,6522,0.000186393546
0x34d7,6522,0.000186393546
0x34d8,6522,0.000186393546
0x34da,6522,0.000186393546
0x34db,6522,0.000186393546
0x34dc,6522,0.000186393546
0x34dd,6522,0.000186393546
0x34de,6531,0.000186650758
0x34df,6531,0.000186650758
0x34e1,6531,0.000186650758
0x34e4,756,0.000021605876
0x34e5,756,0.000021605876
0x34e7,756,0.000021605876
0x34ea,303,0.000008659498
0x34ec,303,0.000008659498
0x34ed,303,0.000008659498
0x34ee,303,0.000008659498
0x34f0,303,0.000008659498
0x34f1,303,0.000008659498
0x34f3,303,0.000008659498
0x34f6,144,0.000004115405
0x34f8,144,0.000004115405
0x34f9,144,0.000004115405
0x34fa,144,0.000004115405
0x34fc,144,0.000004115405
0x34fd,144,0.000004115405
0x34ff,144,0.000004115405
0x3509,303,0.000008659498
0x350a,303,0.000008659498
0x350b,303,0.000008659498
0x350c,6531,0.000186650758
0x350e,6531,0.000186650758
0x350f,6531,0.000186650758
0x3512,6531,0.000186650758
0x3513,6531,0.000186650758
0x3515,6531,0.000186650758
0x3516,6531,0.000186650758
0x3518,6531,0.000186650758
0x3519,6531,0.000186650758
0x3520,48,0.000001371802
0x3521,48,0.000001371802
0x3522,48,0.000001371802
0x3523,48,0.000001371802
0x3524,48,0.000001371802
0x3525,48,0.000001371802
0x3526,48,0.000001371802
0x3527,48,0.000001371802
0x3528,2049,0.000058558782
0x3529,2049,0.000058558782
0x352a,2049,0.000058558782
0x352b,2049,0.000058558782
0x352c,2049,0.000058558782
0x352d,2049,0.000058558782
0x352e,2049,0.000058558782
0x352f,2049,0.000058558782
0x3530,2451,0.000070047620
0x3531,2451,0.000070047620
0x3532,2451,0.000070047620
0x3533,2451,0.000070047620
0x3534,2451,0.000070047620
0x3535,2451,0.000070047620
0x3536,2451,0.000070047620
0x3537,2451,0.000070047620
0x3538,2886,0.000082479573
0x3539,2886,0.000082479573
0x353a,2886,0.000082479573
0x353b,2886,0.000082479573
0x353c,2886,0.000082479573
0x353d,2886,0.000082479573
0x353e,2886,0.000082479573
0x353f,2886,0.000082479573
0x3540,6728,0.000192280861
0x3541,6728,0.000192280861
0x3542,6728,0.000192280861
0x3543,6728,0.000192280861
0x3544,6728,0.000192280861
0x3545,6728,0.000192280861
0x3546,6728,0.000192280861
0x3547,6728,0.000192280861
0x3548,7280,0.000208056580
0x3549,7280,0.000208056580
0x354a,7280,0.000208056580
0x354b,7280,0.000208056580
0x354c,7280,0.000208056580
0x354d,7280,0.000208056580
0x354e,7280,0.000208056580
0x354f,7280,0.000208056580
0x3550,7328,0.000209428381
0x3551,7328,0.000209428381
0x3552,7328,0.000209428381
0x3553,7328,0.000209428381
0x3554,7328,0.000209428381
0x3555,7328,0.000209428381
0x3556,7328,0.000209428381
0x3557,7328,0.000209428381
0x3558,7328,0.000209428381
0x355a,7328,0.000209428381
0x355b,7328,0.000209428381
0x355d,7328,0.000209428381
0x3560,1896,0.000054186164
0x3563,1896,0.000054186164
0x3564,1896,0.000054186164
0x3565,1896,0.000054186164
0x3566,1896,0.000054186164
0x3567,1896,0.000054186164
0x3568,1896,0.000054186164
0x3569,1896,0.000054186164
0x356a,1896,0.000054186164
0x356d,1896,0.000054186164
0x3570,1896,0.000054186164
0x3572,1896,0.000054186164
0x3577,1896,0.000054186164
0x3579,1896,0.000054186164
0x357a,1896,0.000054186164
0x357b,1896,0.000054186164
0x357e,1896,0.000054186164
0x357f,1896,0.000054186164
0x3581,1896,0.000054186164
0x3584,1896,0.000054186164
0x3586,1896,0.000054186164
0x3587,1896,0.000054186164
0x3588,1896,0.000054186164
0x3589,1896,0.000054186164
0x358c,1896,0.000054186164
0x358d,1896,0.000054186164
0x358e,1896,0.000054186164
0x3590,1896,0.000054186164
0x3591,1896,0.000054186164
0x3593,1896,0.000054186164
0x3594,1896,0.000054186164
0x3596,1896,0.000054186164
0x3597,1896,0.000054186164
0x359a,1896,0.000054186164
0x359b,1896,0.000054186164
0x359c,1896,0.000054186164
0x359d,1896,0.000054186164
0x359f,1896,0.000054186164
0x35a2,1896,0.000054186164
0x35b0,7584,0.000216744656
0x35b1,7584,0.000216744656
0x35b2,7584,0.000216744656
0x35b3,5994,0.000171303728
0x35b4,5994,0.000171303728
0x35b5,5994,0.000171303728
0x35b6,5994,0.000171303728
0x35b7,5994,0.000171303728
0x35b8,5994,0.000171303728
0x35b9,5994,0.000171303728
0x35ba,5994,0.000171303728
0x35bd,5352,0.000152955881
0x35be,5994,0.000171303728
0x35bf,5994,0.000171303728
0x35c0,5994,0.000171303728
0x35c1,5994,0.000171303728
0x35c2,5994,0.000171303728
0x35c3,5994,0.000171303728
0x35c4,5994,0.000171303728
0x35c5,5994,0.000171303728
0x35c7,5994,0.000171303728
0x35c8,5994,0.000171303728
0x35c9,5994,0.000171303728
0x35ca,5994,0.000171303728
0x35cb,5994,0.000171303728
0x35cc,5994,0.000171303728
0x35cd,5994,0.000171303728
0x35ce,5994,0.000171303728
0x35cf,5994,0.000171303728
0x35d0,5994,0.000171303728
0x35d1,5994,0.000171303728
0x35d2,5994,0.000171303728
0x35d3,5994,0.000171303728
0x35d4,5994,0.000171303728
0x35d5,5994,0.000171303728
0x35d6,5994,0.000171303728
0x35d7,5994,0.000171303728
0x35d8,5994,0.000171303728
0x35d9,5994,0.000171303728
0x35da,5994,0.000171303728
0x35db,5994,0.000171303728
0x35e0,4404,0.000125862799
0x35e1,4404,0.000125862799
0x35e2,4404,0.000125862799
0x35e3,4404,0.000125862799
0x35e5,4404,0.000125862799
0x35e8,2322,0.000066360904
0x35e9,2322,0.000066360904
0x35ea,2322,0.000066360904
0x35eb,2322,0.000066360904
0x35ec,2322,0.000066360904
0x35ed,2322,0.000066360904
0x35ee,2322,0.000066360904
0x35ef,2322,0.000066360904
0x35f0,2322,0.000066360904
0x35f1,2322,0.000066360904
0x35f3,2322,0.000066360904
0x35f6,672,0.000019205223
0x35f8,672,0.000019205223
0x35f9,672,0.000019205223
0x35fa,672,0.000019205223
0x35fb,672,0.000019205223
0x35fd,672,0.000019205223
0x35fe,672,0.000019205223
0x3601,87,0.000002486390
0x3602,87,0.000002486390
0x3603,87,0.000002486390
0x3604,672,0.000019205223
0x3605,672,0.000019205223
0x3606,672,0.000019205223
0x3607,672,0.000019205223
0x3608,672,0.000019205223
0x3609,672,0.000019205223
0x360a,672,0.000019205223
0x360b,672,0.000019205223
0x360c,672,0.000019205223
0x360e,672,0.000019205223
0x360f,672,0.000019205223
0x3612,618,0.000017661946
0x3613,618,0.000017661946
0x3614,618,0.000017661946
0x3615,618,0.000017661946
0x3616,618,0.000017661946
0x3618,618,0.000017661946
0x3619,618,0.000017661946
0x361a,618,0.000017661946
0x361b,618,0.000017661946
0x361c,417,0.000011917527
0x361f,417,0.000011917527
0x3620,417,0.000011917527
0x3621,417,0.000011917527
0x3622,150,0.000004286880
0x3623,150,0.000004286880
0x3624,150,0.000004286880
0x3628,2082,0.000059501895
0x362a,2082,0.000059501895
0x362d,2031,0.000058044356
0x362e,2031,0.000058044356
0x362f,2031,0.000058044356
0x3630,2031,0.000058044356
0x3631,2031,0.000058044356
0x3632,2031,0.000058044356
0x3633,2031,0.000058044356
0x3634,2031,0.000058044356
0x3635,2031,0.000058044356
0x3636,2031,0.000058044356
0x3637,2031,0.000058044356
0x363a,630,0.000018004896
0x363c,630,0.000018004896
0x363d,630,0.000018004896
0x363e,630,0.000018004896
0x363f,630,0.000018004896
0x3641,630,0.000018004896
0x3642,630,0.000018004896
0x3645,84,0.000002400653
0x3646,84,0.000002400653
0x3647,84,0.000002400653
0x3648,630,0.000018004896
0x3649,630,0.000018004896
0x364a,630,0.000018004896
0x364b,630,0.000018004896
0x364c,630,0.000018004896
0x364d,630,0.000018004896
0x364e,630,0.000018004896
0x364f,630,0.000018004896
0x3650,630,0.000018004896
0x3651,630,0.000018004896
0x3652,630,0.000018004896
0x3654,630,0.000018004896
0x3655,630,0.000018004896
0x3656,630,0.000018004896
0x3657,630,0.000018004896
0x365a,480,0.000013718016
0x365d,480,0.000013718016
0x365e,480,0.000013718016
0x3661,132,0.000003772454
0x3662,132,0.000003772454
0x3663,630,0.000018004896
0x3665,630,0.000018004896
0x3666,630,0.000018004896
0x366a,1650,0.000047155681
0x366b,1650,0.000047155681
0x366c,1650,0.000047155681
0x366d,57,0.000001629014
0x366e,57,0.000001629014
0x366f,57,0.000001629014
0x3670,57,0.000001629014
0x3671,57,0.000001629014
0x3672,54,0.000001543277
0x3673,54,0.000001543277
0x3674,54,0.000001543277
0x3675,54,0.000001543277
0x3676,54,0.000001543277
0x3679,54,0.000001543277
0x367b,54,0.000001543277
0x367c,54,0.000001543277
0x367f,54,0.000001543277
0x3680,54,0.000001543277
0x3683,54,0.000001543277
0x3684,54,0.000001543277
0x3686,54,0.000001543277
0x3689,54,0.000001543277
0x368a,54,0.000001543277
0x368b,54,0.000001543277
0x368d,54,0.000001543277
0x368e,51,0.000001457539
0x3690,51,0.000001457539
0x3691,39,0.000001114589
0x3692,39,0.000001114589
0x3695,1401,0.000040039460
0x3696,1401,0.000040039460
0x3697,1401,0.000040039460
0x3698,1401,0.000040039460
0x3699,1401,0.000040039460
0x369a,1401,0.000040039460
0x369b,1401,0.000040039460
0x369c,1401,0.000040039460
0x369d,36,0.000001028851
0x369e,36,0.000001028851
0x36a0,36,0.000001028851
0x36a1,36,0.000001028851
0x36a4,36,0.000001028851
0x36a6,36,0.000001028851
0x36a7,36,0.000001028851
0x36aa,33,0.000000943114
0x36ab,36,0.000001028851
0x36ae,36,0.000001028851
0x36b0,36,0.000001028851
0x36b3,36,0.000001028851
0x36b4,36,0.000001028851
0x36b6,36,0.000001028851
0x36b7,36,0.000001028851
0x36b9,36,0.000001028851
0x36ba,36,0.000001028851
0x36bb,36,0.000001028851
0x36c0,1590,0.000045440929
0x36c1,1590,0.000045440929
0x36c2,1590,0.000045440929
0x36c3,795,0.000022720464
0x36c4,795,0.000022720464
0x36c5,795,0.000022720464
0x36c6,795,0.000022720464
0x36c8,795,0.000022720464
0x36c9,795,0.000022720464
0x36d2,1920,0.000054872065
0x36d3,1920,0.000054872065
0x36d4,1920,0.000054872065
0x36d5,1920,0.000054872065
0x36d6,1920,0.000054872065
0x36d7,1920,0.000054872065
0x36d8,72,0.000002057702
0x36d9,72,0.000002057702
0x36da,72,0.000002057702
0x36db,72,0.000002057702
0x36dc,72,0.000002057702
0x36dd,72,0.000002057702
0x36de,72,0.000002057702
0x36e1,72,0.000002057702
0x36e3,72,0.000002057702
0x36e6,72,0.000002057702
0x36ea,1890,0.000054014689
0x36eb,1890,0.000054014689
0x36ec,1890,0.000054014689
0x36ed,1890,0.000054014689
0x36ee,1890,0.000054014689
0x36ef,1890,0.000054014689
0x36f0,558,0.000015947194
0x36f1,558,0.000015947194
0x36f2,558,0.000015947194
0x36f3,558,0.000015947194
0x36f5,558,0.000015947194
0x36f6,36,0.000001028851
0x36f7,36,0.000001028851
0x36f8,36,0.000001028851
0x36f9,36,0.000001028851
0x36fa,36,0.000001028851
0x36fb,36,0.000001028851
0x36fc,36,0.000001028851
0x36fd,36,0.000001028851
0x36fe,36,0.000001028851
0x3701,36,0.000001028851
0x3703,36,0.000001028851
0x3706,36,0.000001028851
0x370a,2184,0.000062416974
0x370b,2184,0.000062416974
0x370c,2184,0.000062416974
0x370d,2184,0.000062416974
0x370e,2184,0.000062416974
0x370f,2184,0.000062416974
0x3710,186,0.000005315731
0x3711,186,0.000005315731
0x3712,186,0.000005315731
0x3713,186,0.000005315731
0x3715,186,0.000005315731
0x3716,66,0.000001886227
0x3717,66,0.000001886227
0x3718,66,0.000001886227
0x3719,66,0.000001886227
0x371a,66,0.000001886227
0x371b,66,0.000001886227
0x371c,66,0.000001886227
0x371d,66,0.000001886227
0x371e,66,0.000001886227
0x3721,66,0.000001886227
0x3723,66,0.000001886227
0x3726,66,0.000001886227
0x3729,66,0.000001886227
0x372a,66,0.000001886227
0x372c,66,0.000001886227
0x372d,33,0.000000943114
0x372e,33,0.000000943114
0x3730,33,0.000000943114
0x3731,33,0.000000943114
0x3732,33,0.000000943114
0x3733,33,0.000000943114
0x3734,33,0.000000943114
0x3735,33,0.000000943114
0x3736,33,0.000000943114
0x3739,33,0.000000943114
0x373b,33,0.000000943114
0x373e,33,0.000000943114
0x3744,51,0.000001457539
0x3746,51,0.000001457539
0x3747,51,0.000001457539
0x3748,51,0.000001457539
0x3749,51,0.000001457539
0x374a,51,0.000001457539
0x374c,51,0.000001457539
0x374d,51,0.000001457539
0x374e,51,0.000001457539
0x3750,51,0.000001457539
0x3751,51,0.000001457539
0x3752,6,0.000000171475
0x3753,6,0.000000171475
0x3754,6,0.000000171475
0x3758,12320,0.000352095750
0x3759,12320,0.000352095750
0x375a,12320,0.000352095750
0x375b,96,0.000002743603
0x375c,96,0.000002743603
0x375f,90,0.000002572128
0x3760,90,0.000002572128
0x3761,90,0.000002572128
0x3764,48,0.000001371802
0x3766,48,0.000001371802
0x3767,48,0.000001371802
0x3769,48,0.000001371802
0x376a,48,0.000001371802
0x376b,48,0.000001371802
0x376c,48,0.000001371802
0x376d,48,0.000001371802
0x376e,48,0.000001371802
0x376f,48,0.000001371802
0x3770,48,0.000001371802
0x3771,48,0.000001371802
0x3772,48,0.000001371802
0x3773,48,0.000001371802
0x3774,48,0.000001371802
0x3777,48,0.000001371802
0x377a,48,0.000001371802
0x377b,48,0.000001371802
0x377c,48,0.000001371802
0x377d,48,0.000001371802
0x377e,48,0.000001371802
0x3780,48,0.000001371802
0x3781,48,0.000001371802
0x3782,48,0.000001371802
0x3783,48,0.000001371802
0x3786,48,0.000001371802
0x3787,48,0.000001371802
0x3788,33,0.000000943114
0x3789,33,0.000000943114
0x378c,33,0.000000943114
0x378e,33,0.000000943114
0x378f,33,0.000000943114
0x3791,33,0.000000943114
0x3792,33,0.000000943114
0x3796,48,0.000001371802
0x3798,48,0.000001371802
0x3799,48,0.000001371802
0x379b,48,0.000001371802
0x379e,18,0.000000514426
0x379f,48,0.000001371802
0x37a0,48,0.000001371802
0x37a1,48,0.000001371802
0x37a4,48,0.000001371802
0x37a5,48,0.000001371802
0x37a6,48,0.000001371802
0x37a7,48,0.000001371802
0x37aa,48,0.000001371802
0x37b0,42,0.000001200326
0x37b1,42,0.000001200326
0x37b2,42,0.000001200326
0x37b3,42,0.000001200326
0x37b4,42,0.000001200326
0x37b5,42,0.000001200326
0x37b6,42,0.000001200326
0x37b7,42,0.000001200326
0x37b8,42,0.000001200326
0x37b9,42,0.000001200326
0x37ba,42,0.000001200326
0x37bb,42,0.000001200326
0x37be,42,0.000001200326
0x37c0,42,0.000001200326
0x37c1,42,0.000001200326
0x37c4,42,0.000001200326
0x37c6,42,0.000001200326
0x37cc,6,0.000000171475
0x37cd,6,0.000000171475
0x37ce,6,0.000000171475
0x37cf,6,0.000000171475
0x37d0,6,0.000000171475
0x37d2,6,0.000000171475
0x37d4,6,0.000000171475
0x37d5,6,0.000000171475
0x37d7,6,0.000000171475
0x37da,6,0.000000171475
0x37dd,156,0.000004458355
0x37de,156,0.000004458355
0x37df,156,0.000004458355
0x37e0,156,0.000004458355
0x37e1,156,0.000004458355
0x37e2,156,0.000004458355
0x37e5,6,0.000000171475
0x3800,3792,0.000108372328
0x3803,3792,0.000108372328
0x3805,3792,0.000108372328
0x3806,1809,0.000051699774
0x3809,1809,0.000051699774
0x380b,1809,0.000051699774
0x380c,1809,0.000051699774
0x380f,1809,0.000051699774
0x3810,1809,0.000051699774
0x3813,1809,0.000051699774
0x3815,1809,0.000051699774
0x3816,1809,0.000051699774
0x3819,1809,0.000051699774
0x381a,1809,0.000051699774
0x381b,1809,0.000051699774
0x381d,1809,0.000051699774
0x381e,1809,0.000051699774
0x381f,1809,0.000051699774
0x3820,1809,0.000051699774
0x3822,1809,0.000051699774
0x3823,27,0.000000771638
0x3824,27,0.000000771638
0x3827,27,0.000000771638
0x3829,27,0.000000771638
0x382b,27,0.000000771638
0x382c,27,0.000000771638
0x382e,27,0.000000771638
0x382f,27,0.000000771638
0x3830,27,0.000000771638
0x3832,27,0.000000771638
0x3833,27,0.000000771638
0x3834,27,0.000000771638
0x3835,27,0.000000771638
0x3837,27,0.000000771638
0x3838,27,0.000000771638
0x3839,27,0.000000771638
0x383b,27,0.000000771638
0x383c,27,0.000000771638
0x383e,27,0.000000771638
0x3841,18,0.000000514426
0x3844,27,0.000000771638
0x3846,27,0.000000771638
0x3847,27,0.000000771638
0x3849,27,0.000000771638
0x384a,27,0.000000771638
0x384b,27,0.000000771638
0x384c,9,0.000000257213
0x384f,9,0.000000257213
0x3850,9,0.000000257213
0x3851,9,0.000000257213
0x3853,9,0.000000257213
0x3854,9,0.000000257213
0x3855,9,0.000000257213
0x3856,9,0.000000257213
0x3857,9,0.000000257213
0x3858,9,0.000000257213
0x3859,9,0.000000257213
0x385c,9,0.000000257213
0x385d,9,0.000000257213
0x385f,9,0.000000257213
0x3862,3,0.000000085738
0x3863,3,0.000000085738
0x3865,3,0.000000085738
0x3868,3,0.000000085738
0x386b,3,0.000000085738
0x386e,3,0.000000085738
0x386f,3,0.000000085738
0x3871,3,0.000000085738
0x3894,6,0.000000171475
0x3897,6,0.000000171475
0x3899,6,0.000000171475
0x389c,6,0.000000171475
0x38a1,9,0.000000257213
0x38a2,9,0.000000257213
0x38a4,9,0.000000257213
0x38a5,9,0.000000257213
0x38a6,9,0.000000257213
0x38a7,9,0.000000257213
0x38a8,9,0.000000257213
0x38a9,9,0.000000257213
0x38ac,9,0.000000257213
0x38ae,9,0.000000257213
0x38af,9,0.000000257213
0x38b1,9,0.000000257213
0x38b4,9,0.000000257213
0x38b5,9,0.000000257213
0x38bc,15,0.000000428688
0x38be,15,0.000000428688
0x38bf,15,0.000000428688
0x38c1,15,0.000000428688
0x38c2,15,0.000000428688
0x38c3,15,0.000000428688
0x38f8,6,0.000000171475
0x38fb,9,0.000000257213
0x38fc,9,0.000000257213
0x38fd,9,0.000000257213
0x3906,9,0.000000257213
0x3907,9,0.000000257213
0x3908,9,0.000000257213
0x3909,9,0.000000257213
0x390a,9,0.000000257213
0x390d,9,0.000000257213
0x390e,9,0.000000257213
0x390f,9,0.000000257213
0x3912,9,0.000000257213
0x3913,9,0.000000257213
0x3916,9,0.000000257213
0x3918,9,0.000000257213
0x391b,9,0.000000257213
0x391c,18,0.000000514426
0x391d,18,0.000000514426
0x391f,18,0.000000514426
0x3922,3,0.000000085738
0x3923,5165,0.000147611570
0x3930,948,0.000027093082
0x3933,948,0.000027093082
0x3935,948,0.000027093082
0x3937,948,0.000027093082
0x3938,948,0.000027093082
0x393a,948,0.000027093082
0x393b,948,0.000027093082
0x393c,948,0.000027093082
0x393d,948,0.000027093082
0x393f,948,0.000027093082
0x3942,474,0.000013546541
0x3945,474,0.000013546541
0x3946,474,0.000013546541
0x3947,474,0.000013546541
0x394a,474,0.000013546541
0x394b,474,0.000013546541
0x394c,2916,0.000083336949
0x394d,2916,0.000083336949
0x3950,2841,0.000081193509
0x3951,2841,0.000081193509
0x3952,2841,0.000081193509
0x3954,2841,0.000081193509
0x3955,2841,0.000081193509
0x3956,2841,0.000081193509
0x3959,399,0.000011403101
0x395c,2916,0.000083336949
0x395d,2916,0.000083336949
0x395f,2916,0.000083336949
0x3960,885,0.000025292592
0x3961,885,0.000025292592
0x3963,885,0.000025292592
0x3964,885,0.000025292592
0x3965,885,0.000025292592
0x3966,885,0.000025292592
0x3967,756,0.000021605876
0x3968,756,0.000021605876
0x3969,75,0.000002143440
0x396b,75,0.000002143440
0x396c,75,0.000002143440
0x396d,75,0.000002143440
0x396e,75,0.000002143440
0x396f,75,0.000002143440
0x3972,75,0.000002143440
0x3973,75,0.000002143440
0x3975,75,0.000002143440
0x3976,75,0.000002143440
0x3977,75,0.000002143440
0x3978,75,0.000002143440
0x397a,75,0.000002143440
0x397b,75,0.000002143440
0x3980,1896,0.000054186164
0x3983,1896,0.000054186164
0x3985,1896,0.000054186164
0x3986,6,0.000000171475
0x3988,6,0.000000171475
0x3a00,948,0.000027093082
0x3a03,948,0.000027093082
0x3a05,948,0.000027093082
0x3a06,948,0.000027093082
0x3a07,948,0.000027093082
0x3a08,948,0.000027093082
0x3a0b,948,0.000027093082
0x3a0c,948,0.000027093082
0x3a0d,948,0.000027093082
0x3a0e,474,0.000013546541
0x3a0f,474,0.000013546541
0x3a10,5549,0.000158585983
0x3a13,5549,0.000158585983
0x3a14,5549,0.000158585983
0x3a15,5549,0.000158585983
0x3a18,384,0.000010974413
0x3a1a,384,0.000010974413
0x3a1c,384,0.000010974413
0x3a1d,5165,0.000147611570
0x3a20,5165,0.000147611570
0x3a21,5165,0.000147611570
0x3a22,5165,0.000147611570
0x3a25,96,0.000002743603
0x3a27,96,0.000002743603
0x3a2a,3,0.000000085738
0x3a2c,96,0.000002743603
0x3a2d,96,0.000002743603
0x3a2e,96,0.000002743603
0x3a2f,96,0.000002743603
0x3a30,96,0.000002743603
0x3a31,96,0.000002743603
0x3a32,96,0.000002743603
0x3a34,96,0.000002743603
0x3a36,96,0.000002743603
0x3a37,96,0.000002743603
0x3a39,96,0.000002743603
0x3a3b,96,0.000002743603
0x3a3d,96,0.000002743603
0x3a3f,96,0.000002743603
0x3a40,5069,0.000144867967
0x3a42,5069,0.000144867967
0x3a43,5069,0.000144867967
0x3a44,5069,0.000144867967
0x3a47,512,0.000014632551
0x3a49,512,0.000014632551
0x3a4c,32,0.000000914534
0x3a4e,512,0.000014632551
0x3a4f,512,0.000014632551
0x3a50,512,0.000014632551
0x3a51,512,0.000014632551
0x3a52,512,0.000014632551
0x3a53,512,0.000014632551
0x3a54,512,0.000014632551
0x3a56,512,0.000014632551
0x3a58,512,0.000014632551
0x3a5a,512,0.000014632551
0x3a5b,512,0.000014632551
0x3a5d,512,0.000014632551
0x3a5f,512,0.000014632551
0x3a62,4557,0.000130235417
0x3a64,4557,0.000130235417
0x3a65,4557,0.000130235417
0x3a66,4557,0.000130235417
0x3a82,5165,0.000147611570
0x3a85,5165,0.000147611570
0x3a86,5165,0.000147611570
0x3a88,5165,0.000147611570
0x3a89,2624,0.000074991822
0x3a8b,2624,0.000074991822
0x3a8c,2624,0.000074991822
0x3a8e,2624,0.000074991822
0x3a8f,2624,0.000074991822
0x3a90,5165,0.000147611570
0x3a93,5165,0.000147611570
0x3a94,5165,0.000147611570
0x3a95,5165,0.000147611570
0x3a98,4326,0.000123633621
0x3a9b,4326,0.000123633621
0x3a9e,4326,0.000123633621
0x3aa1,69216,0.001978137940
0x3aa2,69216,0.001978137940
0x3aa3,69216,0.001978137940
0x3aa4,69216,0.001978137940
0x3aa7,19395,0.000554293593
0x3aa8,19395,0.000554293593
0x3aaa,19395,0.000554293593
0x3aad,5641,0.000161215270
0x3aae,69216,0.001978137940
0x3aaf,69216,0.001978137940
0x3ab0,69216,0.001978137940
0x3ab1,69216,0.001978137940
0x3ab2,69216,0.001978137940
0x3ab5,4326,0.000123633621
0x3ab6,4326,0.000123633621
0x3ab7,4326,0.000123633621
0x3ab8,3156,0.000090195957
0x3aba,3156,0.000090195957
0x3abd,9,0.000000257213
0x3abf,3156,0.000090195957
0x3ac1,3156,0.000090195957
0x3ac2,3156,0.000090195957
0x3ac5,3156,0.000090195957
0x3ac6,3156,0.000090195957
0x3ac8,3156,0.000090195957
0x3ac9,3156,0.000090195957
0x3aca,3156,0.000090195957
0x3b1b,5165,0.000147611570
0x3b1e,5165,0.000147611570
0x3b1f,5165,0.000147611570
0x3b20,5165,0.000147611570
0x3b21,64,0.000001829069
0x3b23,64,0.000001829069
0x3b26,1,0.000000028579
0x3b28,64,0.000001829069
0x3b29,64,0.000001829069
0x3b2a,64,0.000001829069
0x3b2c,64,0.000001829069
0x3b2d,64,0.000001829069
0x3b2e,64,0.000001829069
0x3b30,64,0.000001829069
0x3b31,64,0.000001829069
0x3b33,5165,0.000147611570
0x3b36,5165,0.000147611570
0x3b37,5165,0.000147611570
0x3b38,5165,0.000147611570
0x3b43,5165,0.000147611570
0x3b46,5165,0.000147611570
0x3b47,5165,0.000147611570
0x3b49,5165,0.000147611570
0x3b4c,5165,0.000147611570
0x3b4f,5165,0.000147611570
0x3b52,5165,0.000147611570
0x3b55,5165,0.000147611570
0x3b58,5165,0.000147611570
0x3b5b,5165,0.000147611570
