pc,count,frequency
0x0000,1,0.000000017832
0x0001,1,0.000000017832
0x0002,1,0.000000017832
0x0003,1,0.000000017832
0x0004,1,0.000000017832
0x0005,1,0.000000017832
0x0006,1,0.000000017832
0x0007,1,0.000000017832
0x0008,1,0.000000017832
0x000b,1,0.000000017832
0x000d,1,0.000000017832
0x000f,1,0.000000017832
0x0012,1,0.000000017832
0x0015,1,0.000000017832
0x0017,1,0.000000017832
0x001a,31596,0.000563424264
0x001d,31596,0.000563424264
0x0020,31596,0.000563424264
0x0021,31596,0.000563424264
0x0024,11784,0.000210133926
0x0027,11784,0.000210133926
0x002a,11784,0.000210133926
0x002d,19812,0.000353290338
0x002f,19812,0.000353290338
0x0031,19812,0.000353290338
0x0032,19812,0.000353290338
0x0034,19812,0.000353290338
0x0035,19812,0.000353290338
0x0038,19812,0.000353290338
0x0039,19812,0.000353290338
0x003c,19812,0.000353290338
0x003d,19812,0.000353290338
0x0040,7,0.000000124825
0x0043,7,0.000000124825
0x0046,19805,0.000353165513
0x0049,19804,0.000353147681
0x0050,1,0.000000017832
0x0052,1,0.000000017832
0x0054,1,0.000000017832
0x0056,1,0.000000017832
0x0058,1,0.000000017832
0x005a,1,0.000000017832
0x005c,1,0.000000017832
0x005f,1,0.000000017832
0x0061,1,0.000000017832
0x0063,1,0.000000017832
0x0066,1,0.000000017832
0x0068,1,0.000000017832
0x006a,1,0.000000017832
0x006b,2,0.000000035664
0x006e,2,0.000000035664
0x0070,6130,0.000109311012
0x0072,6130,0.000109311012
0x0073,6130,0.000109311012
0x0074,6130,0.000109311012
0x0077,2,0.000000035664
0x0078,1152,0.000020542624
0x007b,1152,0.000020542624
0x0080,3005317,0.053591230525
0x0082,3005317,0.053591230525
0x0083,3005317,0.053591230525
0x0085,3005317,0.053591230525
0x0088,63237,0.001127650975
0x0089,63237,0.001127650975
0x008b,63237,0.001127650975
0x008e,31632,0.000564066221
0x0090,31632,0.000564066221
0x0091,31632,0.000564066221
0x0094,31632,0.000564066221
0x0095,31632,0.000564066221
0x0096,31632,0.000564066221
0x0097,31632,0.000564066221
0x0098,31632,0.000564066221
0x009a,31632,0.000564066221
0x009d,31632,0.000564066221
0x009f,31632,0.000564066221
0x00a0,31632,0.000564066221
0x00a2,31632,0.000564066221
0x00a3,31632,0.000564066221
0x00a6,31632,0.000564066221
0x00a8,31632,0.000564066221
0x00ab,31632,0.000564066221
0x00ac,1,0.000000017832
0x00ae,1,0.000000017832
0x00af,1,0.000000017832
0x00b0,1,0.000000017832
0x00b2,1,0.000000017832
0x00b5,1,0.000000017832
0x00bb,64054,0.001142219832
0x00be,64054,0.001142219832
0x00bf,64054,0.001142219832
0x00c0,64054,0.001142219832
0x00c1,64054,0.001142219832
0x00c2,64054,0.001142219832
0x00c3,64054,0.001142219832
0x00c4,2884,0.000051427889
0x00c5,2884,0.000051427889
0x00c7,2884,0.000051427889
0x00c9,2884,0.000051427889
0x00ca,2884,0.000051427889
0x00cd,2884,0.000051427889
0x00ce,2884,0.000051427889
0x00cf,2884,0.000051427889
0x00d0,2884,0.000051427889
0x00d1,2884,0.000051427889
0x00d2,2884,0.000051427889
0x00d3,2884,0.000051427889
0x00d4,2884,0.000051427889
0x00d6,2884,0.000051427889
0x00d8,2884,0.000051427889
0x00d9,2884,0.000051427889
0x00dc,2884,0.000051427889
0x00dd,2884,0.000051427889
0x00de,2884,0.000051427889
0x00e1,1036,0.000018474096
0x00e3,19805,0.000353165513
0x00e6,19805,0.000353165513
0x00e9,19805,0.000353165513
0x00ec,19805,0.000353165513
0x00ef,19805,0.000353165513
0x00f2,19800,0.000353076352
0x00f5,19800,0.000353076352
0x00f8,19800,0.000353076352
0x00fb,19800,0.000353076352
0x00fe,18640,0.000332391071
0x0101,18640,0.000332391071
0x0104,18640,0.000332391071
0x0107,18636,0.000332319743
0x0109,18636,0.000332319743
0x010c,18636,0.000332319743
0x010f,18632,0.000332248414
0x0111,18632,0.000332248414
0x0114,18632,0.000332248414
0x0117,18628,0.000332177086
0x0119,18628,0.000332177086
0x011c,18628,0.000332177086
0x011f,18628,0.000332177086
0x0122,17476,0.000311634461
0x0125,17476,0.000311634461
0x0128,17476,0.000311634461
0x012b,17476,0.000311634461
0x012e,16772,0.000299080636
0x0131,16772,0.000299080636
0x0134,16772,0.000299080636
0x0137,16772,0.000299080636
0x013a,972,0.000017332839
0x0140,18,0.000000320979
0x0143,18,0.000000320979
0x0146,18,0.000000320979
0x0149,18,0.000000320979
0x014c,18,0.000000320979
0x014e,18,0.000000320979
0x014f,18,0.000000320979
0x0151,18,0.000000320979
0x0152,18,0.000000320979
0x0153,18,0.000000320979
0x0154,18,0.000000320979
0x0156,18,0.000000320979
0x0158,18,0.000000320979
0x015b,18,0.000000320979
0x015d,18,0.000000320979
0x015f,18,0.000000320979
0x0161,18,0.000000320979
0x0164,18,0.000000320979
0x0166,18,0.000000320979
0x0167,18,0.000000320979
0x0168,18,0.000000320979
0x016a,18,0.000000320979
0x016b,18,0.000000320979
0x016d,18,0.000000320979
0x016f,18,0.000000320979
0x0172,18,0.000000320979
0x0173,15792,0.000281605139
0x0174,15792,0.000281605139
0x0176,15792,0.000281605139
0x0178,15792,0.000281605139
0x017a,15792,0.000281605139
0x017b,11931,0.000212755251
0x017d,11931,0.000212755251
0x017e,11808,0.000210561897
0x0180,11808,0.000210561897
0x0182,11808,0.000210561897
0x0183,4126,0.000073575406
0x0185,4126,0.000073575406
0x0186,4004,0.000071399885
0x0188,4004,0.000071399885
0x018a,4004,0.000071399885
0x018b,126,0.000002246850
0x018d,126,0.000002246850
0x018e,126,0.000002246850
0x018f,126,0.000002246850
0x0191,126,0.000002246850
0x0192,8,0.000000142657
0x0194,8,0.000000142657
0x0196,2312,0.000041227905
0x0197,2312,0.000041227905
0x0199,2312,0.000041227905
0x019b,2312,0.000041227905
0x019c,1884,0.000033595750
0x019d,1884,0.000033595750
0x019e,1884,0.000033595750
0x01a0,1884,0.000033595750
0x01a1,1884,0.000033595750
0x01a2,1884,0.000033595750
0x01a3,1884,0.000033595750
0x01a5,1884,0.000033595750
0x01a6,1884,0.000033595750
0x01a7,1884,0.000033595750
0x01a8,1884,0.000033595750
0x01ab,1884,0.000033595750
0x01ae,1884,0.000033595750
0x01af,1884,0.000033595750
0x01b0,1884,0.000033595750
0x01b1,1884,0.000033595750
0x01b2,1884,0.000033595750
0x01b3,1884,0.000033595750
0x01b4,1884,0.000033595750
0x01b5,1884,0.000033595750
0x01b6,1884,0.000033595750
0x01b7,1884,0.000033595750
0x01b8,1884,0.000033595750
0x01b9,1884,0.000033595750
0x01ba,1884,0.000033595750
0x01bb,1884,0.000033595750
0x01bd,1884,0.000033595750
0x01be,1884,0.000033595750
0x01c1,23466,0.000418448974
0x01c4,23466,0.000418448974
0x01c5,23466,0.000418448974
0x01c8,1884,0.000033595750
0x01c9,1884,0.000033595750
0x01ca,1884,0.000033595750
0x01d0,5688,0.000101429207
0x01d1,5688,0.000101429207
0x01d2,5688,0.000101429207
0x01d3,5688,0.000101429207
0x01d4,5688,0.000101429207
0x01d6,5688,0.000101429207
0x01d7,5688,0.000101429207
0x01d9,5688,0.000101429207
0x01dc,5688,0.000101429207
0x01dd,5688,0.000101429207
0x01e0,3269,0.000058293262
0x01e1,9,0.000000160489
0x01e4,1205,0.000021487728
0x01e7,1205,0.000021487728
0x01e9,1205,0.000021487728
0x01ed,147888,0.002637159374
0x01ee,147888,0.002637159374
0x01ef,147888,0.002637159374
0x01f0,147888,0.002637159374
0x01f3,147888,0.002637159374
0x01f4,147888,0.002637159374
0x01f7,5688,0.000101429207
0x0200,51437,0.000917231734
0x0201,51437,0.000917231734
0x0202,181,0.000003227617
0x0203,181,0.000003227617
0x0204,181,0.000003227617
0x0205,181,0.000003227617
0x0206,1884,0.000033595750
0x0207,1884,0.000033595750
0x0208,1884,0.000033595750
0x0209,1884,0.000033595750
0x020a,1884,0.000033595750
0x020b,1884,0.000033595750
0x020c,1884,0.000033595750
0x020d,1884,0.000033595750
0x020e,1884,0.000033595750
0x0210,13826,0.000246547154
0x0211,13826,0.000246547154
0x0213,13826,0.000246547154
0x0214,13826,0.000246547154
0x0215,2984,0.000053211103
0x0216,2984,0.000053211103
0x0217,334452,0.005963994557
0x0218,334452,0.005963994557
0x021a,334452,0.005963994557
0x021b,334452,0.005963994557
0x021c,49231,0.000877894036
0x021d,49231,0.000877894036
0x0220,61,0.000001087760
0x0221,61,0.000001087760
0x0222,61,0.000001087760
0x0223,61,0.000001087760
0x0224,61,0.000001087760
0x0225,61,0.000001087760
0x0226,61,0.000001087760
0x0227,61,0.000001087760
0x0228,61,0.000001087760
0x0229,61,0.000001087760
0x022a,61,0.000001087760
0x022b,61,0.000001087760
0x022c,61,0.000001087760
0x022e,61,0.000001087760
0x022f,61,0.000001087760
0x0230,61,0.000001087760
0x0231,61,0.000001087760
0x0232,61,0.000001087760
0x0258,95841,0.001709050035
0x0259,95841,0.001709050035
0x025a,95841,0.001709050035
0x025b,383,0.000006829709
0x025c,383,0.000006829709
0x025d,383,0.000006829709
0x025e,383,0.000006829709
0x025f,383,0.000006829709
0x0260,72676,0.001295968535
0x0263,72676,0.001295968535
0x0264,70320,0.001253956015
0x0267,70320,0.001253956015
0x0270,100456,0.001791345357
0x0271,100456,0.001791345357
0x0272,100456,0.001791345357
0x0273,100456,0.001791345357
0x0274,100456,0.001791345357
0x0275,100456,0.001791345357
0x0276,100456,0.001791345357
0x0277,70320,0.001253956015
0x0278,70320,0.001253956015
0x0279,70320,0.001253956015
0x027a,70320,0.001253956015
0x027b,70320,0.001253956015
0x027c,70320,0.001253956015
0x027d,70320,0.001253956015
0x0288,7,0.000000124825
0x028b,7,0.000000124825
0x028e,7,0.000000124825
0x0290,7,0.000000124825
0x0293,7,0.000000124825
0x0295,7,0.000000124825
0x0298,7,0.000000124825
0x029a,7,0.000000124825
0x02a7,7,0.000000124825
0x02aa,7,0.000000124825
0x02ab,7,0.000000124825
0x02ac,7,0.000000124825
0x02ad,1,0.000000017832
0x02b0,1,0.000000017832
0x02b3,1,0.000000017832
0x02b6,1,0.000000017832
0x02b9,1,0.000000017832
0x02bc,1,0.000000017832
0x02be,1,0.000000017832
0x02c0,1,0.000000017832
0x02c3,1,0.000000017832
0x02c5,1,0.000000017832
0x02c7,1,0.000000017832
0x02cb,1,0.000000017832
0x02cd,1,0.000000017832
0x02cf,1,0.000000017832
0x02d4,1,0.000000017832
0x02d7,1,0.000000017832
0x02d8,1,0.000000017832
0x02db,1,0.000000017832
0x02dd,1,0.000000017832
0x02e3,1,0.000000017832
0x02e5,1,0.000000017832
0x02e6,1,0.000000017832
0x02e7,1,0.000000017832
0x02e8,1,0.000000017832
0x02ea,1,0.000000017832
0x02ed,1,0.000000017832
0x02f0,1,0.000000017832
0x02f3,1,0.000000017832
0x02f6,1,0.000000017832
0x02f9,1,0.000000017832
0x02fc,1,0.000000017832
0x02fe,1,0.000000017832
0x0300,1,0.000000017832
0x0303,1,0.000000017832
0x0306,1,0.000000017832
0x0308,1,0.000000017832
0x030b,1,0.000000017832
0x030d,1,0.000000017832
0x0310,1,0.000000017832
0x0314,63,0.000001123425
0x0315,63,0.000001123425
0x0316,63,0.000001123425
0x0317,63,0.000001123425
0x0318,63,0.000001123425
0x0319,63,0.000001123425
0x031a,63,0.000001123425
0x031b,63,0.000001123425
0x031c,63,0.000001123425
0x031d,63,0.000001123425
0x031e,63,0.000001123425
0x0320,2,0.000000035664
0x0321,2,0.000000035664
0x0322,2,0.000000035664
0x0323,2,0.000000035664
0x0324,2,0.000000035664
0x0325,2,0.000000035664
0x0326,2,0.000000035664
0x0327,2,0.000000035664
0x0328,2,0.000000035664
0x0329,2,0.000000035664
0x032a,2,0.000000035664
0x032e,1,0.000000017832
0x0331,8,0.000000142657
0x0333,8,0.000000142657
0x0334,8,0.000000142657
0x0335,8,0.000000142657
0x0337,8,0.000000142657
0x033a,1,0.000000017832
0x033c,1,0.000000017832
0x033f,1,0.000000017832
0x0341,1,0.000000017832
0x0344,1,0.000000017832
0x0346,1,0.000000017832
0x0349,1,0.000000017832
0x034b,1,0.000000017832
0x034e,1,0.000000017832
0x0350,1,0.000000017832
0x0353,1,0.000000017832
0x0355,1,0.000000017832
0x0357,1,0.000000017832
0x0358,1,0.000000017832
0x035b,1,0.000000017832
0x035c,1,0.000000017832
0x035e,1,0.000000017832
0x035f,1,0.000000017832
0x0361,1,0.000000017832
0x0367,6,0.000000106993
0x0369,6,0.000000106993
0x036a,6,0.000000106993
0x036c,6,0.000000106993
0x036f,6,0.000000106993
0x0370,6,0.000000106993
0x0371,6,0.000000106993
0x0373,6,0.000000106993
0x0376,6,0.000000106993
0x0377,19812,0.000353290338
0x037a,19812,0.000353290338
0x037b,19812,0.000353290338
0x037c,19812,0.000353290338
0x037d,19812,0.000353290338
0x0380,45,0.000000802446
0x0383,45,0.000000802446
0x0386,45,0.000000802446
0x0389,16380,0.000292090437
0x038a,16380,0.000292090437
0x038b,16380,0.000292090437
0x038c,16380,0.000292090437
0x038d,16380,0.000292090437
0x038e,16380,0.000292090437
0x038f,16380,0.000292090437
0x0390,16380,0.000292090437
0x0393,1170,0.000020863603
0x0394,1170,0.000020863603
0x0395,1170,0.000020863603
0x0396,1170,0.000020863603
0x0397,1170,0.000020863603
0x0398,1170,0.000020863603
0x0399,1170,0.000020863603
0x039a,1170,0.000020863603
0x039d,45,0.000000802446
0x03a0,193,0.000003441603
0x03a3,193,0.000003441603
0x03a6,80288,0.001431706777
0x03a7,80288,0.001431706777
0x03a8,80288,0.001431706777
0x03a9,80288,0.001431706777
0x03aa,80288,0.001431706777
0x03ab,80288,0.001431706777
0x03ac,80288,0.001431706777
0x03af,193,0.000003441603
0x03b0,15800,0.000281747796
0x03b3,15800,0.000281747796
0x03b6,15800,0.000281747796
0x03b9,11984,0.000213700354
0x03bc,11984,0.000213700354
0x03bf,11980,0.000213629025
0x03c2,11980,0.000213629025
0x03c5,11980,0.000213629025
0x03c8,8144,0.000145224940
0x03cb,8144,0.000145224940
0x03ce,15792,0.000281605139
0x03d1,15792,0.000281605139
0x03d4,15792,0.000281605139
0x03d5,15792,0.000281605139
0x03d7,15792,0.000281605139
0x03d8,15792,0.000281605139
0x03d9,15792,0.000281605139
0x03e2,4,0.000000071329
0x03e5,4,0.000000071329
0x03e8,4,0.000000071329
0x03eb,4,0.000000071329
0x03ee,4,0.000000071329
0x03f1,8,0.000000142657
0x03f4,8,0.000000142657
0x03f5,8,0.000000142657
0x03f7,8,0.000000142657
0x03f8,8,0.000000142657
0x03fa,8,0.000000142657
0x03fb,8,0.000000142657
0x03fc,8,0.000000142657
0x03fd,8,0.000000142657
0x0400,27576,0.000491739065
0x0403,27576,0.000491739065
0x0406,27576,0.000491739065
0x0407,27576,0.000491739065
0x0408,27576,0.000491739065
0x0409,27576,0.000491739065
0x040a,27576,0.000491739065
0x040b,27576,0.000491739065
0x040c,27576,0.000491739065
0x040d,27576,0.000491739065
0x041e,55,0.000000980768
0x0421,55,0.000000980768
0x0423,55,0.000000980768
0x0424,55,0.000000980768
0x0427,55,0.000000980768
0x0429,55,0.000000980768
0x042a,55,0.000000980768
0x042d,55,0.000000980768
0x0430,8,0.000000142657
0x0433,8,0.000000142657
0x0435,8,0.000000142657
0x0436,8,0.000000142657
0x0438,8,0.000000142657
0x043a,8,0.000000142657
0x043b,8,0.000000142657
0x043d,8,0.000000142657
0x043f,8,0.000000142657
0x0440,3,0.000000053496
0x0441,3,0.000000053496
0x0442,3,0.000000053496
0x0443,3,0.000000053496
0x0445,3,0.000000053496
0x04ac,1720,0.000030671279
0x04af,1720,0.000030671279
0x04b0,1720,0.000030671279
0x04b1,1720,0.000030671279
0x04b2,1720,0.000030671279
0x04b4,1720,0.000030671279
0x04b5,1720,0.000030671279
0x04b6,1704,0.000030385965
0x04b8,1704,0.000030385965
0x04ba,1704,0.000030385965
0x04bd,1696,0.000030243308
0x04bf,1696,0.000030243308
0x04c1,1696,0.000030243308
0x04c2,1696,0.000030243308
0x04c4,1696,0.000030243308
0x04c6,1696,0.000030243308
0x04c9,860,0.000015335640
0x04cc,860,0.000015335640
0x04cd,860,0.000015335640
0x04d0,860,0.000015335640
0x04d1,860,0.000015335640
0x04d2,860,0.000015335640
0x04d4,860,0.000015335640
0x04d7,860,0.000015335640
0x04df,860,0.000015335640
0x04e1,860,0.000015335640
0x04e4,860,0.000015335640
0x04e6,836,0.000014907668
0x04e9,836,0.000014907668
0x04ea,836,0.000014907668
0x04eb,836,0.000014907668
0x04ee,836,0.000014907668
0x04f4,836,0.000014907668
0x04f6,836,0.000014907668
0x04f9,836,0.000014907668
0x04fb,5016,0.000089446009
0x04fd,5016,0.000089446009
0x04fe,5016,0.000089446009
0x0501,5016,0.000089446009
0x0502,5016,0.000089446009
0x0505,836,0.000014907668
0x0506,47,0.000000838111
0x0509,47,0.000000838111
0x050b,47,0.000000838111
0x050e,47,0.000000838111
0x0511,47,0.000000838111
0x0514,47,0.000000838111
0x0515,47,0.000000838111
0x0518,47,0.000000838111
0x051b,47,0.000000838111
0x051d,47,0.000000838111
0x0520,47,0.000000838111
0x0523,47,0.000000838111
0x0526,47,0.000000838111
0x0529,47,0.000000838111
0x052c,47,0.000000838111
0x052f,47,0.000000838111
0x0532,47,0.000000838111
0x0535,47,0.000000838111
0x0537,47,0.000000838111
0x053a,47,0.000000838111
0x053d,47,0.000000838111
0x0540,47,0.000000838111
0x0543,47,0.000000838111
0x0547,47,0.000000838111
0x054a,47,0.000000838111
0x054d,47,0.000000838111
0x054f,47,0.000000838111
0x0552,47,0.000000838111
0x0555,47,0.000000838111
0x0557,47,0.000000838111
0x055a,47,0.000000838111
0x0580,51,0.000000909439
0x0583,51,0.000000909439
0x0586,51,0.000000909439
0x0588,51,0.000000909439
0x0589,51,0.000000909439
0x058a,51,0.000000909439
0x058b,51,0.000000909439
0x058d,51,0.000000909439
0x0590,51,0.000000909439
0x0592,51,0.000000909439
0x0595,51,0.000000909439
0x05d8,266,0.000004743349
0x05d9,12726,0.000226931801
0x05da,12726,0.000226931801
0x05db,12726,0.000226931801
0x05dc,12726,0.000226931801
0x05df,266,0.000004743349
0x05e0,6898,0.000123006095
0x05e1,6898,0.000123006095
0x05e2,6898,0.000123006095
0x05e3,6898,0.000123006095
0x05e4,6898,0.000123006095
0x05e5,6898,0.000123006095
0x05e8,1536,0.000027390166
0x05ec,47,0.000000838111
0x05ef,47,0.000000838111
0x05f2,47,0.000000838111
0x05f4,47,0.000000838111
0x05f5,47,0.000000838111
0x05f6,47,0.000000838111
0x05f7,47,0.000000838111
0x05f8,47,0.000000838111
0x05f9,47,0.000000838111
0x05fa,278,0.000004957335
0x05fd,278,0.000004957335
0x0600,278,0.000004957335
0x0601,278,0.000004957335
0x0602,278,0.000004957335
0x0603,4220,0.000075251627
0x0604,4220,0.000075251627
0x0605,4220,0.000075251627
0x0606,4220,0.000075251627
0x0607,4220,0.000075251627
0x0608,4220,0.000075251627
0x0609,4220,0.000075251627
0x060a,4220,0.000075251627
0x060d,265,0.000004725517
0x0610,47,0.000000838111
0x0613,47,0.000000838111
0x0616,47,0.000000838111
0x0617,47,0.000000838111
0x0619,47,0.000000838111
0x061a,47,0.000000838111
0x061b,47,0.000000838111
0x061c,47,0.000000838111
0x061d,47,0.000000838111
0x061e,47,0.000000838111
0x061f,47,0.000000838111
0x0621,47,0.000000838111
0x0624,47,0.000000838111
0x0627,47,0.000000838111
0x0628,47,0.000000838111
0x0629,47,0.000000838111
0x062a,524,0.000009344041
0x062b,524,0.000009344041
0x062c,524,0.000009344041
0x062d,524,0.000009344041
0x062e,524,0.000009344041
0x062f,524,0.000009344041
0x0630,524,0.000009344041
0x0631,524,0.000009344041
0x0632,524,0.000009344041
0x0633,524,0.000009344041
0x0634,524,0.000009344041
0x0635,524,0.000009344041
0x0638,34,0.000000606293
0x0650,47,0.000000838111
0x0653,47,0.000000838111
0x0656,47,0.000000838111
0x0658,47,0.000000838111
0x0659,47,0.000000838111
0x065a,47,0.000000838111
0x065b,47,0.000000838111
0x065c,47,0.000000838111
0x065d,47,0.000000838111
0x065e,47,0.000000838111
0x0661,47,0.000000838111
0x0664,47,0.000000838111
0x0665,47,0.000000838111
0x0666,47,0.000000838111
0x0667,524,0.000009344041
0x0668,524,0.000009344041
0x0669,524,0.000009344041
0x066a,524,0.000009344041
0x066b,524,0.000009344041
0x066c,524,0.000009344041
0x066f,34,0.000000606293
0x067a,5986,0.000106743184
0x067d,5986,0.000106743184
0x067e,5986,0.000106743184
0x067f,5986,0.000106743184
0x0682,5986,0.000106743184
0x0684,5986,0.000106743184
0x0685,755,0.000013463265
0x0688,755,0.000013463265
0x068b,755,0.000013463265
0x068c,755,0.000013463265
0x068d,755,0.000013463265
0x068e,755,0.000013463265
0x068f,755,0.000013463265
0x0691,755,0.000013463265
0x0692,755,0.000013463265
0x0693,755,0.000013463265
0x0695,755,0.000013463265
0x0696,755,0.000013463265
0x0697,755,0.000013463265
0x0698,755,0.000013463265
0x0699,19656,0.000350508524
0x069a,19656,0.000350508524
0x069b,19656,0.000350508524
0x069c,19656,0.000350508524
0x069d,19656,0.000350508524
0x069e,19656,0.000350508524
0x069f,19656,0.000350508524
0x06a2,3020,0.000053853060
0x06a3,3020,0.000053853060
0x06a4,3020,0.000053853060
0x06a5,3020,0.000053853060
0x06a8,755,0.000013463265
0x06a9,755,0.000013463265
0x06ac,755,0.000013463265
0x06b0,5341,0.000095241454
0x06b3,5341,0.000095241454
0x06b6,5341,0.000095241454
0x06b7,5341,0.000095241454
0x06b8,5341,0.000095241454
0x06b9,34,0.000000606293
0x06ba,34,0.000000606293
0x06bb,34,0.000000606293
0x06bc,34,0.000000606293
0x06bd,34,0.000000606293
0x06be,34,0.000000606293
0x06bf,34,0.000000606293
0x06c0,34,0.000000606293
0x06c1,34,0.000000606293
0x06c2,34,0.000000606293
0x06c3,34,0.000000606293
0x06c4,34,0.000000606293
0x06c5,34,0.000000606293
0x06c8,34,0.000000606293
0x06ca,34,0.000000606293
0x06cb,34,0.000000606293
0x06cc,34,0.000000606293
0x06cd,34,0.000000606293
0x06cf,34,0.000000606293
0x06d0,34,0.000000606293
0x06d1,34,0.000000606293
0x06d2,34,0.000000606293
0x06d3,34,0.000000606293
0x06d4,34,0.000000606293
0x06d5,34,0.000000606293
0x06d7,34,0.000000606293
0x06d8,34,0.000000606293
0x06da,34,0.000000606293
0x06db,34,0.000000606293
0x06de,34,0.000000606293
0x06df,34,0.000000606293
0x06e1,34,0.000000606293
0x06e2,34,0.000000606293
0x06e3,34,0.000000606293
0x06e4,34,0.000000606293
0x06e7,34,0.000000606293
0x06e8,860,0.000015335640
0x06eb,860,0.000015335640
0x06ed,860,0.000015335640
0x06f0,5341,0.000095241454
0x06f3,5341,0.000095241454
0x06f6,5341,0.000095241454
0x0700,20508,0.000365701507
0x0703,20508,0.000365701507
0x0706,61522,0.001097068856
0x0709,61521,0.001097051024
0x070a,61521,0.001097051024
0x070c,61521,0.001097051024
0x070d,61521,0.001097051024
0x070f,61521,0.001097051024
0x0710,61521,0.001097051024
0x0711,61521,0.001097051024
0x0713,61521,0.001097051024
0x0716,20507,0.000365683675
0x0718,200717,0.003579213446
0x071b,200716,0.003579195614
0x0720,200717,0.003579213446
0x0721,200717,0.003579213446
0x0722,200717,0.003579213446
0x0724,200716,0.003579195614
0x0725,81277,0.001449342763
0x0726,81277,0.001449342763
0x0728,81277,0.001449342763
0x0729,81277,0.001449342763
0x072a,81277,0.001449342763
0x072b,81277,0.001449342763
0x072c,81277,0.001449342763
0x072e,81277,0.001449342763
0x0730,81277,0.001449342763
0x0731,81277,0.001449342763
0x0733,81277,0.001449342763
0x0734,81277,0.001449342763
0x0740,200716,0.003579195614
0x0741,200716,0.003579195614
0x0742,200716,0.003579195614
0x0744,200716,0.003579195614
0x0745,85157,0.001518531462
0x0746,85157,0.001518531462
0x0748,85157,0.001518531462
0x0749,85157,0.001518531462
0x074a,85157,0.001518531462
0x074b,85157,0.001518531462
0x074c,85157,0.001518531462
0x074d,85157,0.001518531462
0x074f,85157,0.001518531462
0x0750,85157,0.001518531462
0x0751,85157,0.001518531462
0x0752,85157,0.001518531462
0x0754,85157,0.001518531462
0x0755,85157,0.001518531462
0x0757,85157,0.001518531462
0x0758,85157,0.001518531462
0x0763,15153,0.000270210402
0x0764,15153,0.000270210402
0x0765,15153,0.000270210402
0x0766,15153,0.000270210402
0x0767,15153,0.000270210402
0x0768,15153,0.000270210402
0x0769,15153,0.000270210402
0x076a,15153,0.000270210402
0x076b,15153,0.000270210402
0x076d,18891,0.000336866938
0x076e,18891,0.000336866938
0x076f,18891,0.000336866938
0x0770,18891,0.000336866938
0x0771,18891,0.000336866938
0x0772,18891,0.000336866938
0x0773,18891,0.000336866938
0x0774,18891,0.000336866938
0x0775,18891,0.000336866938
0x0776,18891,0.000336866938
0x0779,37227,0.000663837039
0x077a,37227,0.000663837039
0x077b,37227,0.000663837039
0x077c,37227,0.000663837039
0x077d,37227,0.000663837039
0x077e,37227,0.000663837039
0x077f,37227,0.000663837039
0x0780,37227,0.000663837039
0x0783,37227,0.000663837039
0x0784,37227,0.000663837039
0x0785,37227,0.000663837039
0x0786,37227,0.000663837039
0x0788,37332,0.000665709414
0x0789,37332,0.000665709414
0x078a,37332,0.000665709414
0x078b,37332,0.000665709414
0x078c,37332,0.000665709414
0x078d,37332,0.000665709414
0x078e,37332,0.000665709414
0x078f,37332,0.000665709414
0x0790,37332,0.000665709414
0x0792,37332,0.000665709414
0x0793,37332,0.000665709414
0x0794,37332,0.000665709414
0x0795,37332,0.000665709414
0x0798,37332,0.000665709414
0x0799,37332,0.000665709414
0x079a,37332,0.000665709414
0x079b,37332,0.000665709414
0x079e,3381,0.000060290462
0x079f,3381,0.000060290462
0x07a0,3381,0.000060290462
0x07a1,3381,0.000060290462
0x07a2,3381,0.000060290462
0x07a3,3381,0.000060290462
0x07a4,3381,0.000060290462
0x07a5,3381,0.000060290462
0x07a6,3381,0.000060290462
0x07a7,3381,0.000060290462
0x07a8,3381,0.000060290462
0x07aa,3387,0.000060397455
0x07ab,3387,0.000060397455
0x07ac,3387,0.000060397455
0x07ad,3387,0.000060397455
0x07ae,3387,0.000060397455
0x07af,3387,0.000060397455
0x07b0,3387,0.000060397455
0x07b1,3387,0.000060397455
0x07b2,3387,0.000060397455
0x07b4,3387,0.000060397455
0x07b5,3387,0.000060397455
0x07b6,3387,0.000060397455
0x07b7,3387,0.000060397455
0x07b8,3387,0.000060397455
0x07b9,3387,0.000060397455
0x07ba,3387,0.000060397455
0x07bb,3387,0.000060397455
0x07be,25516,0.000455004859
0x07bf,25516,0.000455004859
0x07c0,25516,0.000455004859
0x07c1,25516,0.000455004859
0x07c2,25516,0.000455004859
0x07c3,25516,0.000455004859
0x07c4,25516,0.000455004859
0x07c5,25516,0.000455004859
0x07c6,25516,0.000455004859
0x07c7,25516,0.000455004859
0x07ca,25516,0.000455004859
0x07cb,25516,0.000455004859
0x07cc,25516,0.000455004859
0x07cd,25516,0.000455004859
0x07ce,25516,0.000455004859
0x07cf,25516,0.000455004859
0x07d2,25547,0.000455557655
0x07d3,25547,0.000455557655
0x07d4,25547,0.000455557655
0x07d5,25547,0.000455557655
0x07d6,25547,0.000455557655
0x07d7,25547,0.000455557655
0x07d8,25547,0.000455557655
0x07d9,25547,0.000455557655
0x07da,25547,0.000455557655
0x07dc,25581,0.000456163948
0x07dd,25581,0.000456163948
0x07de,25581,0.000456163948
0x07df,25581,0.000456163948
0x07e0,25581,0.000456163948
0x07e1,25581,0.000456163948
0x07e2,25581,0.000456163948
0x07e3,25581,0.000456163948
0x07e4,25581,0.000456163948
0x07e7,25581,0.000456163948
0x07e8,25581,0.000456163948
0x07e9,25581,0.000456163948
0x07ea,25581,0.000456163948
0x07eb,25581,0.000456163948
0x07ec,25581,0.000456163948
0x07ed,25581,0.000456163948
0x07ee,25581,0.000456163948
0x07f0,8,0.000000142657
0x07f3,8,0.000000142657
0x07f6,8,0.000000142657
0x07f9,8,0.000000142657
0x0800,23153,0.000412867515
0x0803,23153,0.000412867515
0x0806,23153,0.000412867515
0x0807,23153,0.000412867515
0x0809,23153,0.000412867515
0x080a,23153,0.000412867515
0x080b,23153,0.000412867515
0x080c,23153,0.000412867515
0x080d,23153,0.000412867515
0x080e,23153,0.000412867515
0x080f,23153,0.000412867515
0x0834,1675,0.000029868833
0x0837,1675,0.000029868833
0x083a,1675,0.000029868833
0x083b,1675,0.000029868833
0x083c,1675,0.000029868833
0x083e,1675,0.000029868833
0x083f,231,0.000004119224
0x0842,231,0.000004119224
0x0845,231,0.000004119224
0x0848,586,0.000010449633
0x084b,586,0.000010449633
0x084c,586,0.000010449633
0x084d,586,0.000010449633
0x084e,16,0.000000285314
0x0850,16,0.000000285314
0x0851,16,0.000000285314
0x0853,16,0.000000285314
0x0855,16,0.000000285314
0x085a,231,0.000004119224
0x085d,231,0.000004119224
0x085f,231,0.000004119224
0x0860,187,0.000003334610
0x0862,187,0.000003334610
0x0864,187,0.000003334610
0x0865,143,0.000002549996
0x0867,143,0.000002549996
0x0869,143,0.000002549996
0x086a,99,0.000001765382
0x086c,99,0.000001765382
0x086e,99,0.000001765382
0x086f,55,0.000000980768
0x0871,55,0.000000980768
0x0876,20508,0.000365701507
0x0879,20507,0.000365683675
0x087c,20507,0.000365683675
0x087f,20507,0.000365683675
0x0882,20507,0.000365683675
0x0885,20507,0.000365683675
0x0886,20507,0.000365683675
0x0889,20507,0.000365683675
0x088b,112776,0.002011037309
0x088c,112776,0.002011037309
0x088d,112776,0.002011037309
0x088e,112776,0.002011037309
0x088f,112776,0.002011037309
0x0890,112776,0.002011037309
0x0891,112776,0.002011037309
0x0892,112776,0.002011037309
0x0893,112776,0.002011037309
0x0894,112776,0.002011037309
0x0897,30758,0.000548480932
0x08a0,20507,0.000365683675
0x08a3,20507,0.000365683675
0x08a6,20507,0.000365683675
0x08a9,20507,0.000365683675
0x08ac,20507,0.000365683675
0x08ae,20507,0.000365683675
0x08b0,20507,0.000365683675
0x08b1,1280,0.000022825138
0x08b4,1280,0.000022825138
0x08b7,1280,0.000022825138
0x08c4,20507,0.000365683675
0x08c7,20507,0.000365683675
0x08c8,20507,0.000365683675
0x08ca,20507,0.000365683675
0x08cd,20073,0.000357944526
0x08cf,20073,0.000357944526
0x08d0,20073,0.000357944526
0x08d1,20073,0.000357944526
0x08d4,18903,0.000337080924
0x08d6,18903,0.000337080924
0x08d9,18903,0.000337080924
0x08dc,7,0.000000124825
0x08de,7,0.000000124825
0x08e0,7,0.000000124825
0x08e2,7,0.000000124825
0x08e3,7,0.000000124825
0x08e5,7,0.000000124825
0x08e6,7,0.000000124825
0x08e8,7,0.000000124825
0x08ea,1177,0.000020988428
0x08eb,20073,0.000357944526
0x08ed,20073,0.000357944526
0x08f0,20073,0.000357944526
0x08f3,20073,0.000357944526
0x0900,20073,0.000357944526
0x0903,20073,0.000357944526
0x0904,20073,0.000357944526
0x0906,20073,0.000357944526
0x0907,15534,0.000277004447
0x0909,15534,0.000277004447
0x090c,8141,0.000145171444
0x090d,8141,0.000145171444
0x090f,8141,0.000145171444
0x0910,7444,0.000132742443
0x0911,7444,0.000132742443
0x0913,7444,0.000132742443
0x0916,7444,0.000132742443
0x0917,7393,0.000131833004
0x0918,7393,0.000131833004
0x091a,7393,0.000131833004
0x091b,7393,0.000131833004
0x091c,7393,0.000131833004
0x091e,7393,0.000131833004
0x0921,7393,0.000131833004
0x0926,20717,0.000369428424
0x0927,20717,0.000369428424
0x0929,20717,0.000369428424
0x092a,20717,0.000369428424
0x092b,20717,0.000369428424
0x092c,20717,0.000369428424
0x092d,20717,0.000369428424
0x092e,20717,0.000369428424
0x0930,21787,0.000388508813
0x0931,21787,0.000388508813
0x0933,21787,0.000388508813
0x0936,13519,0.000241072687
0x0937,13519,0.000241072687
0x0939,13519,0.000241072687
0x093c,13519,0.000241072687
0x093d,644,0.000011483898
0x093e,644,0.000011483898
0x0940,644,0.000011483898
0x0941,644,0.000011483898
0x0942,644,0.000011483898
0x0944,644,0.000011483898
0x0945,644,0.000011483898
0x0946,644,0.000011483898
0x0947,644,0.000011483898
0x094a,644,0.000011483898
0x094c,644,0.000011483898
0x094d,644,0.000011483898
0x094e,644,0.000011483898
0x0951,644,0.000011483898
0x0953,644,0.000011483898
0x0954,644,0.000011483898
0x0955,644,0.000011483898
0x0956,644,0.000011483898
0x0959,644,0.000011483898
0x095c,644,0.000011483898
0x095e,644,0.000011483898
0x0961,644,0.000011483898
0x0964,8268,0.000147436125
0x0965,8268,0.000147436125
0x0966,8268,0.000147436125
0x0967,8268,0.000147436125
0x0968,8268,0.000147436125
0x096a,8268,0.000147436125
0x096b,8268,0.000147436125
0x096d,8268,0.000147436125
0x096e,407,0.000007257681
0x096f,407,0.000007257681
0x0970,407,0.000007257681
0x0971,407,0.000007257681
0x0972,407,0.000007257681
0x0974,407,0.000007257681
0x0975,407,0.000007257681
0x097a,20507,0.000365683675
0x097d,20507,0.000365683675
0x097e,20507,0.000365683675
0x0980,20507,0.000365683675
0x0981,20507,0.000365683675
0x0984,20507,0.000365683675
0x0985,20507,0.000365683675
0x0986,20507,0.000365683675
0x0987,20507,0.000365683675
0x0988,20507,0.000365683675
0x098b,20507,0.000365683675
0x098c,20507,0.000365683675
0x098d,20507,0.000365683675
0x098e,20507,0.000365683675
0x0991,20507,0.000365683675
0x09a0,20554,0.000366521785
0x09a3,20554,0.000366521785
0x09a6,61662,0.001099565356
0x09a9,61662,0.001099565356
0x09aa,61662,0.001099565356
0x09ab,61662,0.001099565356
0x09ac,61662,0.001099565356
0x09ad,61662,0.001099565356
0x09ae,61662,0.001099565356
0x09af,61662,0.001099565356
0x09b0,61662,0.001099565356
0x09b2,61662,0.001099565356
0x09b5,20554,0.000366521785
0x09ba,159559,0.002845278269
0x09bd,159559,0.002845278269
0x09be,159559,0.002845278269
0x09c0,159559,0.002845278269
0x09c1,159559,0.002845278269
0x09c2,159559,0.002845278269
0x09c3,159559,0.002845278269
0x09c4,159559,0.002845278269
0x09c5,159559,0.002845278269
0x09c6,159559,0.002845278269
0x09c7,159559,0.002845278269
0x09c8,159559,0.002845278269
0x09c9,159559,0.002845278269
0x09ca,159559,0.002845278269
0x09cc,159559,0.002845278269
0x09cd,159559,0.002845278269
0x09ce,159559,0.002845278269
0x09cf,159559,0.002845278269
0x09d0,159559,0.002845278269
0x09d1,159559,0.002845278269
0x0a50,4397,0.000078407915
0x0a53,4397,0.000078407915
0x0a56,87940,0.001568158305
0x0a57,87940,0.001568158305
0x0a5a,87940,0.001568158305
0x0a5b,87940,0.001568158305
0x0a5c,87940,0.001568158305
0x0a5e,87940,0.001568158305
0x0a5f,87940,0.001568158305
0x0a61,87940,0.001568158305
0x0a62,87940,0.001568158305
0x0a63,87940,0.001568158305
0x0a64,87940,0.001568158305
0x0a67,4397,0.000078407915
0x0a6c,4205,0.000074984145
0x0a6f,4205,0.000074984145
0x0a72,84100,0.001499682891
0x0a73,84100,0.001499682891
0x0a74,84100,0.001499682891
0x0a75,84100,0.001499682891
0x0a77,84100,0.001499682891
0x0a7a,46642,0.000831726628
0x0a7b,46642,0.000831726628
0x0a7c,46642,0.000831726628
0x0a7d,46642,0.000831726628
0x0a7e,46642,0.000831726628
0x0a7f,46642,0.000831726628
0x0a80,46642,0.000831726628
0x0a81,46642,0.000831726628
0x0a82,46642,0.000831726628
0x0a83,46642,0.000831726628
0x0a84,46642,0.000831726628
0x0a85,46642,0.000831726628
0x0a86,46642,0.000831726628
0x0a87,46642,0.000831726628
0x0a8a,84100,0.001499682891
0x0a8b,84100,0.001499682891
0x0a8c,84100,0.001499682891
0x0a8d,84100,0.001499682891
0x0a8f,84100,0.001499682891
0x0a90,84100,0.001499682891
0x0a91,84100,0.001499682891
0x0a93,84100,0.001499682891
0x0a94,84100,0.001499682891
0x0a96,84100,0.001499682891
0x0a99,4205,0.000074984145
0x0aa0,434,0.000007739148
0x0aa2,434,0.000007739148
0x0aa3,434,0.000007739148
0x0aa4,434,0.000007739148
0x0aa5,434,0.000007739148
0x0aa8,434,0.000007739148
0x0aa9,434,0.000007739148
0x0aac,434,0.000007739148
0x0aae,434,0.000007739148
0x0aaf,434,0.000007739148
0x0ab0,434,0.000007739148
0x0ab3,434,0.000007739148
0x0ab5,434,0.000007739148
0x0ab8,427,0.000007614323
0x0abb,427,0.000007614323
0x0abd,427,0.000007614323
0x0abe,427,0.000007614323
0x0abf,427,0.000007614323
0x0ac0,427,0.000007614323
0x0ac1,427,0.000007614323
0x0ad6,10658,0.000190054938
0x0ad7,10658,0.000190054938
0x0ad8,42632,0.000760219750
0x0ad9,42632,0.000760219750
0x0ada,42632,0.000760219750
0x0adb,42632,0.000760219750
0x0adc,42632,0.000760219750
0x0add,42632,0.000760219750
0x0ae0,10658,0.000190054938
0x0ae1,10658,0.000190054938
0x0ae2,10658,0.000190054938
0x0ae5,10658,0.000190054938
0x0ae6,10658,0.000190054938
0x0ae9,4655,0.000083008607
0x0aea,1440,0.000025678280
0x0aed,1440,0.000025678280
0x0aee,1440,0.000025678280
0x0af0,1440,0.000025678280
0x0af1,1440,0.000025678280
0x0af4,1440,0.000025678280
0x0af6,1440,0.000025678280
0x0af7,1440,0.000025678280
0x0af8,1440,0.000025678280
0x0af9,1440,0.000025678280
0x0afc,1440,0.000025678280
0x0afd,1440,0.000025678280
0x0afe,1440,0.000025678280
0x0b00,1440,0.000025678280
0x0b01,1440,0.000025678280
0x0b02,1440,0.000025678280
0x0b05,1425,0.000025410798
0x0b07,1425,0.000025410798
0x0b0a,960,0.000017118853
0x0b0d,945,0.000016851371
0x0b15,15,0.000000267482
0x0b16,15,0.000000267482
0x0b18,15,0.000000267482
0x0b19,15,0.000000267482
0x0b1a,15,0.000000267482
0x0b1c,15,0.000000267482
0x0b1d,15,0.000000267482
0x0b1e,15,0.000000267482
0x0b1f,15,0.000000267482
0x0b20,4,0.000000071329
0x0b21,4,0.000000071329
0x0b22,4,0.000000071329
0x0b25,4,0.000000071329
0x0b26,4,0.000000071329
0x0b27,4,0.000000071329
0x0b28,4,0.000000071329
0x0b29,3,0.000000053496
0x0b2b,3,0.000000053496
0x0b2d,3,0.000000053496
0x0b48,7,0.000000124825
0x0b4b,7,0.000000124825
0x0b4e,7,0.000000124825
0x0b50,7,0.000000124825
0x0b51,7,0.000000124825
0x0b53,7,0.000000124825
0x0b54,7,0.000000124825
0x0b55,7,0.000000124825
0x0b57,7,0.000000124825
0x0b59,7,0.000000124825
0x0b5a,7,0.000000124825
0x0b60,1208,0.000021541224
0x0b63,1208,0.000021541224
0x0b64,1208,0.000021541224
0x0b65,1208,0.000021541224
0x0b67,1208,0.000021541224
0x0b6a,1200,0.000021398567
0x0b6d,1200,0.000021398567
0x0b6f,1200,0.000021398567
0x0b71,1200,0.000021398567
0x0b74,4,0.000000071329
0x0b77,4,0.000000071329
0x0b79,4,0.000000071329
0x0b7b,4,0.000000071329
0x0b7c,4,0.000000071329
0x0b7d,4,0.000000071329
0x0b7e,4,0.000000071329
0x0b7f,4,0.000000071329
0x0b80,4,0.000000071329
0x0b82,4,0.000000071329
0x0b83,4,0.000000071329
0x0b84,4,0.000000071329
0x0b85,4,0.000000071329
0x0b87,4,0.000000071329
0x0b88,4,0.000000071329
0x0b89,4,0.000000071329
0x0b8a,4,0.000000071329
0x0b8b,4,0.000000071329
0x0b95,1196,0.000021327238
0x0b98,1196,0.000021327238
0x0b9b,1196,0.000021327238
0x0ba0,465,0.000008291945
0x0ba3,465,0.000008291945
0x0ba4,465,0.000008291945
0x0ba6,465,0.000008291945
0x0ba8,465,0.000008291945
0x0ba9,310,0.000005527963
0x0bab,310,0.000005527963
0x0bac,155,0.000002763982
0x0bad,155,0.000002763982
0x0bae,155,0.000002763982
0x0baf,155,0.000002763982
0x0bb2,155,0.000002763982
0x0bba,945,0.000016851371
0x0bbb,945,0.000016851371
0x0bbc,945,0.000016851371
0x0bbf,480,0.000008559427
0x0bc0,480,0.000008559427
0x0bc1,480,0.000008559427
0x0bc4,240,0.000004279713
0x0bca,4,0.000000071329
0x0bcd,4,0.000000071329
0x0bd0,4,0.000000071329
0x0bd2,4,0.000000071329
0x0bd3,4,0.000000071329
0x0bd4,4,0.000000071329
0x0bd6,4,0.000000071329
0x0bd9,4,0.000000071329
0x0bdc,4,0.000000071329
0x0bdf,4,0.000000071329
0x0be2,4,0.000000071329
0x0be5,4,0.000000071329
0x0be8,4,0.000000071329
0x0beb,4,0.000000071329
0x0bee,4,0.000000071329
0x0bf1,4,0.000000071329
0x0c00,15,0.000000267482
0x0c01,15,0.000000267482
0x0c02,15,0.000000267482
0x0c04,15,0.000000267482
0x0c05,15,0.000000267482
0x0c07,15,0.000000267482
0x0c08,15,0.000000267482
0x0c09,15,0.000000267482
0x0c0a,15,0.000000267482
0x0c0b,15,0.000000267482
0x0c0c,15,0.000000267482
0x0c0f,15,0.000000267482
0x0c10,15,0.000000267482
0x0c11,15,0.000000267482
0x0c13,15,0.000000267482
0x0c16,12,0.000000213986
0x0c18,12,0.000000213986
0x0c1b,3,0.000000053496
0x0c1e,3,0.000000053496
0x0c20,3,0.000000053496
0x0c23,3,0.000000053496
0x0c40,10251,0.000182797257
0x0c43,10251,0.000182797257
0x0c45,10251,0.000182797257
0x0c48,10251,0.000182797257
0x0c4b,10251,0.000182797257
0x0c4e,10251,0.000182797257
0x0c51,10251,0.000182797257
0x0c56,10251,0.000182797257
0x0c59,51255,0.000913986285
0x0c5a,51255,0.000913986285
0x0c5d,51255,0.000913986285
0x0c5e,51255,0.000913986285
0x0c5f,51255,0.000913986285
0x0c61,51255,0.000913986285
0x0c62,51255,0.000913986285
0x0c64,51255,0.000913986285
0x0c67,10251,0.000182797257
0x0c6b,10251,0.000182797257
0x0c6e,10251,0.000182797257
0x0c71,51255,0.000913986285
0x0c74,51255,0.000913986285
0x0c75,51255,0.000913986285
0x0c76,51255,0.000913986285
0x0c77,51255,0.000913986285
0x0c78,51255,0.000913986285
0x0c79,51255,0.000913986285
0x0c7a,51255,0.000913986285
0x0c7b,51255,0.000913986285
0x0c7d,51255,0.000913986285
0x0c80,10251,0.000182797257
0x0c84,51255,0.000913986285
0x0c85,51255,0.000913986285
0x0c87,51255,0.000913986285
0x0c88,7136,0.000127250144
0x0c89,7136,0.000127250144
0x0c8a,7136,0.000127250144
0x0c8b,7136,0.000127250144
0x0c8c,7136,0.000127250144
0x0c8e,7136,0.000127250144
0x0c8f,7136,0.000127250144
0x0c90,7136,0.000127250144
0x0c91,7136,0.000127250144
0x0c92,7136,0.000127250144
0x0c94,7136,0.000127250144
0x0c95,7136,0.000127250144
0x0c97,7136,0.000127250144
0x0c9a,6941,0.000123772877
0x0c9b,6941,0.000123772877
0x0c9e,6941,0.000123772877
0x0c9f,6941,0.000123772877
0x0ca0,6941,0.000123772877
0x0ca2,6941,0.000123772877
0x0ca3,6941,0.000123772877
0x0ca4,6941,0.000123772877
0x0ca5,6941,0.000123772877
0x0ca6,6941,0.000123772877
0x0ca7,6941,0.000123772877
0x0ca8,6941,0.000123772877
0x0ca9,6941,0.000123772877
0x0caa,6941,0.000123772877
0x0cac,6941,0.000123772877
0x0caf,6927,0.000123523227
0x0cb4,6941,0.000123772877
0x0cb6,6941,0.000123772877
0x0cb7,1574,0.000028067787
0x0cb9,1574,0.000028067787
0x0cba,794,0.000014158718
0x0cbd,794,0.000014158718
0x0cbe,794,0.000014158718
0x0cbf,290,0.000005171320
0x0cc2,290,0.000005171320
0x0cc3,290,0.000005171320
0x0cc4,15,0.000000267482
0x0cc6,15,0.000000267482
0x0cc9,15,0.000000267482
0x0ccb,15,0.000000267482
0x0cce,15,0.000000267482
0x0cd0,15,0.000000267482
0x0cd3,15,0.000000267482
0x0cd8,10251,0.000182797257
0x0cdb,10251,0.000182797257
0x0cde,51255,0.000913986285
0x0cdf,51255,0.000913986285
0x0ce2,51255,0.000913986285
0x0ce3,51255,0.000913986285
0x0ce4,51255,0.000913986285
0x0ce6,51255,0.000913986285
0x0ce7,51255,0.000913986285
0x0ce9,51255,0.000913986285
0x0cea,51255,0.000913986285
0x0ceb,51255,0.000913986285
0x0cec,51255,0.000913986285
0x0cef,10251,0.000182797257
0x0cf4,5,0.000000089161
0x0cf5,5,0.000000089161
0x0cf6,5,0.000000089161
0x0d1c,4162,0.000074217363
0x0d1f,4162,0.000074217363
0x0d22,66592,0.001187477801
0x0d25,66592,0.001187477801
0x0d26,66592,0.001187477801
0x0d27,66592,0.001187477801
0x0d28,66592,0.001187477801
0x0d2a,66592,0.001187477801
0x0d2b,66592,0.001187477801
0x0d2e,4162,0.000074217363
0x0d30,66592,0.001187477801
0x0d31,66592,0.001187477801
0x0d32,66592,0.001187477801
0x0d33,66592,0.001187477801
0x0d34,66592,0.001187477801
0x0d35,66592,0.001187477801
0x0d37,66592,0.001187477801
0x0d38,46139,0.000822757062
0x0d39,46139,0.000822757062
0x0d3a,46139,0.000822757062
0x0d3b,46139,0.000822757062
0x0d3c,46139,0.000822757062
0x0d3e,46139,0.000822757062
0x0d3f,46139,0.000822757062
0x0d41,46139,0.000822757062
0x0d42,46139,0.000822757062
0x0d43,46139,0.000822757062
0x0d46,42641,0.000760380240
0x0d47,42641,0.000760380240
0x0d48,42641,0.000760380240
0x0d4b,5490,0.000097898443
0x0d4c,5490,0.000097898443
0x0d4d,5490,0.000097898443
0x0d4e,5490,0.000097898443
0x0d4f,8988,0.000160275265
0x0d50,8988,0.000160275265
0x0d51,8988,0.000160275265
0x0d52,8988,0.000160275265
0x0d53,8988,0.000160275265
0x0d54,8988,0.000160275265
0x0d55,8988,0.000160275265
0x0d57,8988,0.000160275265
0x0d58,8988,0.000160275265
0x0d59,3695,0.000065889754
0x0d5a,3695,0.000065889754
0x0d5e,37151,0.000662481797
0x0d5f,37151,0.000662481797
0x0d60,37151,0.000662481797
0x0d61,37151,0.000662481797
0x0d62,37151,0.000662481797
0x0d64,37151,0.000662481797
0x0d65,37151,0.000662481797
0x0d66,5582,0.000099539000
0x0d67,5582,0.000099539000
0x0d70,4159,0.000074163866
0x0d73,4159,0.000074163866
0x0d76,66544,0.001186621859
0x0d79,66544,0.001186621859
0x0d7a,66544,0.001186621859
0x0d7c,66544,0.001186621859
0x0d7d,66544,0.001186621859
0x0d7f,66544,0.001186621859
0x0d80,66544,0.001186621859
0x0d83,4159,0.000074163866
0x0d86,66544,0.001186621859
0x0d87,66544,0.001186621859
0x0d88,66544,0.001186621859
0x0d89,66544,0.001186621859
0x0d8a,66544,0.001186621859
0x0d8b,66544,0.001186621859
0x0d8d,66544,0.001186621859
0x0d8e,46105,0.000822150769
0x0d8f,46105,0.000822150769
0x0d90,46105,0.000822150769
0x0d91,46105,0.000822150769
0x0d94,46105,0.000822150769
0x0d95,46105,0.000822150769
0x0d96,46105,0.000822150769
0x0d97,46105,0.000822150769
0x0d99,46105,0.000822150769
0x0d9a,46105,0.000822150769
0x0d9c,46105,0.000822150769
0x0d9d,46105,0.000822150769
0x0d9f,46105,0.000822150769
0x0da0,46105,0.000822150769
0x0da1,46105,0.000822150769
0x0da2,46105,0.000822150769
0x0da3,46105,0.000822150769
0x0da4,46105,0.000822150769
0x0da5,46105,0.000822150769
0x0da6,46105,0.000822150769
0x0da7,46105,0.000822150769
0x0da8,46105,0.000822150769
0x0dab,42935,0.000765622889
0x0dac,42935,0.000765622889
0x0daf,5702,0.000101678857
0x0db0,5702,0.000101678857
0x0db1,5702,0.000101678857
0x0db3,5702,0.000101678857
0x0db4,5702,0.000101678857
0x0db5,5702,0.000101678857
0x0dbb,3170,0.000056527881
0x0dbc,3170,0.000056527881
0x0dbd,3170,0.000056527881
0x0dbf,3170,0.000056527881
0x0dc0,3170,0.000056527881
0x0dc1,3170,0.000056527881
0x0dc2,3170,0.000056527881
0x0dc3,3170,0.000056527881
0x0dc5,3170,0.000056527881
0x0dc6,3170,0.000056527881
0x0dcc,37233,0.000663944032
0x0dcd,37233,0.000663944032
0x0dce,37233,0.000663944032
0x0dcf,37233,0.000663944032
0x0dd1,37233,0.000663944032
0x0dd2,46105,0.000822150769
0x0dd3,46105,0.000822150769
0x0dd5,46105,0.000822150769
0x0dd6,46105,0.000822150769
0x0dd7,46105,0.000822150769
0x0dd8,46105,0.000822150769
0x0dd9,46105,0.000822150769
0x0dda,46105,0.000822150769
0x0dde,228,0.000004065728
0x0ddf,228,0.000004065728
0x0de0,228,0.000004065728
0x0de3,228,0.000004065728
0x0de4,228,0.000004065728
0x0de5,228,0.000004065728
0x0de6,228,0.000004065728
0x0de9,228,0.000004065728
0x0dea,228,0.000004065728
0x0deb,228,0.000004065728
0x0dec,228,0.000004065728
0x0ded,228,0.000004065728
0x0df0,15647,0.000279019479
0x0df3,15647,0.000279019479
0x0df6,15647,0.000279019479
0x0df9,15647,0.000279019479
0x0dfc,15647,0.000279019479
0x0dff,15647,0.000279019479
0x0e10,31294,0.000558038958
0x0e11,31294,0.000558038958
0x0e13,31294,0.000558038958
0x0e14,6377,0.000113715550
0x0e15,6377,0.000113715550
0x0e16,6377,0.000113715550
0x0e17,6377,0.000113715550
0x0e18,6377,0.000113715550
0x0e1a,6377,0.000113715550
0x0e1b,6370,0.000113590726
0x0e1d,6370,0.000113590726
0x0e1e,99,0.000001765382
0x0e20,99,0.000001765382
0x0e23,71,0.000001266082
0x0e25,71,0.000001266082
0x0e26,71,0.000001266082
0x0e27,71,0.000001266082
0x0e29,71,0.000001266082
0x0e2a,71,0.000001266082
0x0e2c,71,0.000001266082
0x0e2d,71,0.000001266082
0x0e2e,71,0.000001266082
0x0e2f,71,0.000001266082
0x0e31,71,0.000001266082
0x0e32,71,0.000001266082
0x0e33,61,0.000001087760
0x0e34,61,0.000001087760
0x0e35,61,0.000001087760
0x0e36,52,0.000000927271
0x0e39,28,0.000000499300
0x0e3a,28,0.000000499300
0x0e3b,28,0.000000499300
0x0e3c,28,0.000000499300
0x0e3d,28,0.000000499300
0x0e3e,28,0.000000499300
0x0e3f,28,0.000000499300
0x0e41,28,0.000000499300
0x0e42,28,0.000000499300
0x0e45,328,0.000005848942
0x0e46,328,0.000005848942
0x0e47,328,0.000005848942
0x0e48,328,0.000005848942
0x0e4a,328,0.000005848942
0x0e4d,313,0.000005581460
0x0e4e,313,0.000005581460
0x0e4f,313,0.000005581460
0x0e51,313,0.000005581460
0x0e52,313,0.000005581460
0x0e55,13,0.000000231818
0x0e58,205,0.000003655588
0x0e59,205,0.000003655588
0x0e5a,205,0.000003655588
0x0e5b,87,0.000001551396
0x0e5c,87,0.000001551396
0x0e5e,87,0.000001551396
0x0e5f,87,0.000001551396
0x0e60,33,0.000000588461
0x0e61,33,0.000000588461
0x0e62,33,0.000000588461
0x0e63,33,0.000000588461
0x0e65,33,0.000000588461
0x0e66,33,0.000000588461
0x0e67,15,0.000000267482
0x0e69,15,0.000000267482
0x0e6a,15,0.000000267482
0x0e6b,15,0.000000267482
0x0e70,52,0.000000927271
0x0e71,52,0.000000927271
0x0e72,52,0.000000927271
0x0e74,52,0.000000927271
0x0e75,52,0.000000927271
0x0e76,52,0.000000927271
0x0e77,52,0.000000927271
0x0e78,52,0.000000927271
0x0e7a,52,0.000000927271
0x0e7b,52,0.000000927271
0x0e7e,358,0.000006383906
0x0e7f,358,0.000006383906
0x0e80,358,0.000006383906
0x0e81,358,0.000006383906
0x0e83,358,0.000006383906
0x0e86,306,0.000005456635
0x0e87,306,0.000005456635
0x0e88,306,0.000005456635
0x0e8a,306,0.000005456635
0x0e8b,306,0.000005456635
0x0e90,247,0.000004404538
0x0e91,247,0.000004404538
0x0e93,247,0.000004404538
0x0e94,247,0.000004404538
0x0e95,125,0.000002229017
0x0e97,125,0.000002229017
0x0e98,125,0.000002229017
0x0e99,67,0.000001194753
0x0e9a,67,0.000001194753
0x0e9b,67,0.000001194753
0x0e9c,67,0.000001194753
0x0e9e,67,0.000001194753
0x0e9f,67,0.000001194753
0x0ea0,52,0.000000927271
0x0ea3,52,0.000000927271
0x0ea4,67,0.000001194753
0x0ea5,67,0.000001194753
0x0ea6,67,0.000001194753
0x0ea7,67,0.000001194753
0x0ea8,67,0.000001194753
0x0ea9,67,0.000001194753
0x0eaa,67,0.000001194753
0x0eac,67,0.000001194753
0x0ead,72,0.000001283914
0x0eae,72,0.000001283914
0x0eb0,72,0.000001283914
0x0eb1,72,0.000001283914
0x0eb2,72,0.000001283914
0x0eb4,72,0.000001283914
0x0eb5,72,0.000001283914
0x0eb6,72,0.000001283914
0x0eb7,72,0.000001283914
0x0eb8,72,0.000001283914
0x0ebb,72,0.000001283914
0x0ebc,72,0.000001283914
0x0ebe,72,0.000001283914
0x0ec1,69,0.000001230418
0x0ec3,72,0.000001283914
0x0ec4,72,0.000001283914
0x0ec5,72,0.000001283914
0x0ed5,72,0.000001283914
0x0ed6,72,0.000001283914
0x0ed7,72,0.000001283914
0x0ed8,72,0.000001283914
0x0ed9,72,0.000001283914
0x0eda,72,0.000001283914
0x0edb,72,0.000001283914
0x0edc,72,0.000001283914
0x0ede,72,0.000001283914
0x0ee0,72,0.000001283914
0x0ee2,72,0.000001283914
0x0ee3,72,0.000001283914
0x0ee4,72,0.000001283914
0x0ee5,72,0.000001283914
0x0f00,4166,0.000074288691
0x0f03,4166,0.000074288691
0x0f04,4166,0.000074288691
0x0f06,4166,0.000074288691
0x0f09,4151,0.000074021209
0x0f0b,4151,0.000074021209
0x0f0c,4151,0.000074021209
0x0f0d,4151,0.000074021209
0x0f0e,4151,0.000074021209
0x0f11,4151,0.000074021209
0x0f14,4151,0.000074021209
0x0f15,4,0.000000071329
0x0f16,4,0.000000071329
0x0f17,4,0.000000071329
0x0f1a,4,0.000000071329
0x0f1b,4,0.000000071329
0x0f1d,4,0.000000071329
0x0f1e,4,0.000000071329
0x0f1f,4,0.000000071329
0x0f20,4,0.000000071329
0x0f23,20,0.000000356643
0x0f24,20,0.000000356643
0x0f25,20,0.000000356643
0x0f26,20,0.000000356643
0x0f28,20,0.000000356643
0x0f2b,16,0.000000285314
0x0f2c,16,0.000000285314
0x0f2d,16,0.000000285314
0x0f2f,16,0.000000285314
0x0f30,16,0.000000285314
0x0f38,8,0.000000142657
0x0f39,8,0.000000142657
0x0f3a,8,0.000000142657
0x0f3b,8,0.000000142657
0x0f3d,8,0.000000142657
0x0f3e,4,0.000000071329
0x0f40,4,0.000000071329
0x0f41,4,0.000000071329
0x0f42,4,0.000000071329
0x0f43,4,0.000000071329
0x0f44,4,0.000000071329
0x0f45,4,0.000000071329
0x0f46,4,0.000000071329
0x0f49,4,0.000000071329
0x0f4c,4,0.000000071329
0x0f4d,4,0.000000071329
0x0f4e,4,0.000000071329
0x0f56,8358,0.000149041018
0x0f57,8358,0.000149041018
0x0f58,16829,0.000300097067
0x0f59,16829,0.000300097067
0x0f5b,16829,0.000300097067
0x0f5e,101,0.000001801046
0x0f60,101,0.000001801046
0x0f63,16824,0.000300007907
0x0f64,16824,0.000300007907
0x0f65,16824,0.000300007907
0x0f68,8353,0.000148951857
0x0f69,8353,0.000148951857
0x0f6a,8353,0.000148951857
0x0f6d,8353,0.000148951857
0x0f6e,8353,0.000148951857
0x0f71,4161,0.000074199530
0x0f74,15,0.000000267482
0x0f76,15,0.000000267482
0x0f77,15,0.000000267482
0x0f78,15,0.000000267482
0x0f79,15,0.000000267482
0x0f7c,15,0.000000267482
0x0f7d,15,0.000000267482
0x0f80,15,0.000000267482
0x0f83,15,0.000000267482
0x0f84,1,0.000000017832
0x0f85,1,0.000000017832
0x0f86,1,0.000000017832
0x0f89,1,0.000000017832
0x0f8b,1,0.000000017832
0x0f8c,1,0.000000017832
0x0f8e,1,0.000000017832
0x0f8f,1,0.000000017832
0x0f92,5,0.000000089161
0x0f93,5,0.000000089161
0x0f94,5,0.000000089161
0x0f95,5,0.000000089161
0x0f97,5,0.000000089161
0x0f9a,4,0.000000071329
0x0f9b,4,0.000000071329
0x0f9c,4,0.000000071329
0x0f9e,4,0.000000071329
0x0f9f,4,0.000000071329
0x0fa6,2,0.000000035664
0x0fa7,2,0.000000035664
0x0fa8,2,0.000000035664
0x0fa9,2,0.000000035664
0x0fab,2,0.000000035664
0x0fac,2,0.000000035664
0x0fae,2,0.000000035664
0x0faf,2,0.000000035664
0x0fb0,2,0.000000035664
0x0fb1,2,0.000000035664
0x0fb2,1,0.000000017832
0x0fb3,1,0.000000017832
0x0fb4,1,0.000000017832
0x0fb7,1,0.000000017832
0x0fb8,1,0.000000017832
0x0fb9,1,0.000000017832
0x0fc0,10717,0.000191107034
0x0fc3,10717,0.000191107034
0x0fc6,10717,0.000191107034
0x0fc9,10717,0.000191107034
0x0fcc,10717,0.000191107034
0x0fcf,10717,0.000191107034
0x0fd2,10717,0.000191107034
0x0fd5,10717,0.000191107034
0x0fd8,21434,0.000382214068
0x0fd9,21434,0.000382214068
0x0fda,21434,0.000382214068
0x0fdb,1056,0.000018830739
0x0fdc,1056,0.000018830739
0x0fdd,1056,0.000018830739
0x0fde,1056,0.000018830739
0x0fdf,1056,0.000018830739
0x0fe0,1056,0.000018830739
0x0fe1,1056,0.000018830739
0x0fe2,1056,0.000018830739
0x0fe3,1056,0.000018830739
0x0fe6,1056,0.000018830739
0x0fe7,1056,0.000018830739
0x0fe9,1056,0.000018830739
0x0fea,1056,0.000018830739
0x0fec,1056,0.000018830739
0x0fed,1056,0.000018830739
0x0fef,1056,0.000018830739
0x0ff0,1056,0.000018830739
0x0ff1,1056,0.000018830739
0x0ff4,1056,0.000018830739
0x14e0,1884,0.000033595750
0x14e1,1884,0.000033595750
0x14e4,1884,0.000033595750
0x14e6,1884,0.000033595750
0x17e0,19819,0.000353415163
0x17e3,19819,0.000353415163
0x17e5,19819,0.000353415163
0x17e8,19819,0.000353415163
0x1df0,1196,0.000021327238
0x1df3,1196,0.000021327238
0x1df5,1196,0.000021327238
0x1ee0,704,0.000012553826
0x1ee3,704,0.000012553826
0x1ee6,18304,0.000326399473
0x1ee7,18304,0.000326399473
0x1ee8,18304,0.000326399473
0x1ee9,18304,0.000326399473
0x1eec,18304,0.000326399473
0x1eed,18304,0.000326399473
0x1ef0,704,0.000012553826
0x1ef1,704,0.000012553826
0x1ef2,704,0.000012553826
0x1ef4,704,0.000012553826
0x1ef7,704,0.000012553826
0x1ef8,704,0.000012553826
0x1ef9,704,0.000012553826
0x1efa,704,0.000012553826
0x2000,15648,0.000279037311
0x2003,15647,0.000279019479
0x2006,15647,0.000279019479
0x2009,15647,0.000279019479
0x200c,15647,0.000279019479
0x200d,15647,0.000279019479
0x200f,15647,0.000279019479
0x2010,15647,0.000279019479
0x2011,15647,0.000279019479
0x2014,15647,0.000279019479
0x2015,15647,0.000279019479
0x2018,15455,0.000275595708
0x201a,15455,0.000275595708
0x201d,1194,0.000021291574
0x201e,1194,0.000021291574
0x201f,1194,0.000021291574
0x2020,1194,0.000021291574
0x2023,298,0.000005313977
0x2025,1194,0.000021291574
0x2026,1194,0.000021291574
0x2027,1194,0.000021291574
0x202a,1190,0.000021220245
0x2030,23,0.000000410139
0x2032,23,0.000000410139
0x2034,23,0.000000410139
0x2037,23,0.000000410139
0x2040,5341,0.000095241454
0x2043,5341,0.000095241454
0x2046,5341,0.000095241454
0x2047,5341,0.000095241454
0x2048,5341,0.000095241454
0x2049,44,0.000000784614
0x204a,44,0.000000784614
0x204b,44,0.000000784614
0x204c,44,0.000000784614
0x204d,44,0.000000784614
0x204e,44,0.000000784614
0x204f,44,0.000000784614
0x2050,44,0.000000784614
0x2051,44,0.000000784614
0x2052,44,0.000000784614
0x2055,44,0.000000784614
0x2057,44,0.000000784614
0x2058,44,0.000000784614
0x2059,44,0.000000784614
0x205a,44,0.000000784614
0x205c,44,0.000000784614
0x205d,44,0.000000784614
0x205e,44,0.000000784614
0x2060,44,0.000000784614
0x2061,44,0.000000784614
0x2062,44,0.000000784614
0x2063,44,0.000000784614
0x2064,44,0.000000784614
0x2065,44,0.000000784614
0x2066,44,0.000000784614
0x2068,44,0.000000784614
0x2069,44,0.000000784614
0x206a,44,0.000000784614
0x206b,44,0.000000784614
0x206c,44,0.000000784614
0x206d,44,0.000000784614
0x2070,240,0.000004279713
0x2071,240,0.000004279713
0x2073,240,0.000004279713
0x2075,240,0.000004279713
0x2076,240,0.000004279713
0x2077,240,0.000004279713
0x2079,240,0.000004279713
0x207a,240,0.000004279713
0x207b,240,0.000004279713
0x207e,240,0.000004279713
0x2081,240,0.000004279713
0x2085,240,0.000004279713
0x2087,240,0.000004279713
0x2088,240,0.000004279713
0x2089,240,0.000004279713
0x208a,240,0.000004279713
0x208c,240,0.000004279713
0x208d,240,0.000004279713
0x208f,240,0.000004279713
0x2090,240,0.000004279713
0x2091,256,0.000004565028
0x2093,256,0.000004565028
0x2094,256,0.000004565028
0x2096,256,0.000004565028
0x2097,256,0.000004565028
0x209a,16,0.000000285314
0x209b,16,0.000000285314
0x209c,16,0.000000285314
0x209d,16,0.000000285314
0x209f,16,0.000000285314
0x20a0,16,0.000000285314
0x20a1,16,0.000000285314
0x20a3,16,0.000000285314
0x20a4,16,0.000000285314
0x20a5,16,0.000000285314
0x20a7,16,0.000000285314
0x20a8,16,0.000000285314
0x20b0,240,0.000004279713
0x20b1,7648,0.000136380199
0x20b2,7648,0.000136380199
0x20b3,7648,0.000136380199
0x20b5,61184,0.001091041593
0x20b7,61184,0.001091041593
0x20b8,61184,0.001091041593
0x20bb,2334,0.000041620212
0x20bc,2334,0.000041620212
0x20bd,2334,0.000041620212
0x20be,2334,0.000041620212
0x20bf,61184,0.001091041593
0x20c0,61184,0.001091041593
0x20c1,61184,0.001091041593
0x20c2,61184,0.001091041593
0x20c5,7648,0.000136380199
0x20c6,7648,0.000136380199
0x20c7,7648,0.000136380199
0x20c8,7648,0.000136380199
0x20c9,7648,0.000136380199
0x20cc,3824,0.000068190100
0x20cd,3824,0.000068190100
0x20cf,3824,0.000068190100
0x20d2,3584,0.000063910386
0x20d3,3584,0.000063910386
0x20d4,3584,0.000063910386
0x20d6,3584,0.000063910386
0x20d7,3584,0.000063910386
0x20d8,3584,0.000063910386
0x20da,3584,0.000063910386
0x20db,3584,0.000063910386
0x20dc,3584,0.000063910386
0x20de,3584,0.000063910386
0x20e1,240,0.000004279713
0x20e2,240,0.000004279713
0x20e8,240,0.000004279713
0x20e9,240,0.000004279713
0x20ea,240,0.000004279713
0x20ec,240,0.000004279713
0x20ed,240,0.000004279713
0x20f0,240,0.000004279713
0x20f1,240,0.000004279713
0x20f2,240,0.000004279713
0x20f3,240,0.000004279713
0x20f4,240,0.000004279713
0x20f6,240,0.000004279713
0x20f7,240,0.000004279713
0x20f8,240,0.000004279713
0x20fa,240,0.000004279713
0x20fb,240,0.000004279713
0x20fc,240,0.000004279713
0x20fd,240,0.000004279713
0x20fe,240,0.000004279713
0x20ff,240,0.000004279713
0x2101,240,0.000004279713
0x2103,240,0.000004279713
0x2104,240,0.000004279713
0x2106,240,0.000004279713
0x2107,240,0.000004279713
0x2108,240,0.000004279713
0x2109,240,0.000004279713
0x210a,240,0.000004279713
0x210d,240,0.000004279713
0x211c,240,0.000004279713
0x211f,240,0.000004279713
0x2120,240,0.000004279713
0x2122,240,0.000004279713
0x2123,176,0.000003138456
0x2125,176,0.000003138456
0x2130,14265,0.000254375463
0x2131,14265,0.000254375463
0x2132,14265,0.000254375463
0x2135,10694,0.000190696895
0x2137,10694,0.000190696895
0x213a,7127,0.000127089655
0x213c,7127,0.000127089655
0x213f,3563,0.000063535911
0x2146,1190,0.000021220245
0x2147,1190,0.000021220245
0x2148,1190,0.000021220245
0x214b,595,0.000010610123
0x2150,3571,0.000063678568
0x2153,3571,0.000063678568
0x2156,3571,0.000063678568
0x2160,3567,0.000063607240
0x2163,3567,0.000063607240
0x2166,3567,0.000063607240
0x2169,3567,0.000063607240
0x2170,3564,0.000063553743
0x2173,3564,0.000063553743
0x2180,3563,0.000063535911
0x2183,3563,0.000063535911
0x2186,3563,0.000063535911
0x2189,3563,0.000063535911
0x2190,595,0.000010610123
0x2193,595,0.000010610123
0x2196,595,0.000010610123
0x2199,595,0.000010610123
0x219c,595,0.000010610123
0x21a5,595,0.000010610123
0x21a8,595,0.000010610123
0x21ab,595,0.000010610123
0x21ae,595,0.000010610123
0x21b1,595,0.000010610123
0x21ba,192,0.000003423771
0x21bb,192,0.000003423771
0x21bc,192,0.000003423771
0x21bf,96,0.000001711885
0x21c2,96,0.000001711885
0x21c5,96,0.000001711885
0x21c8,96,0.000001711885
0x21cb,96,0.000001711885
0x21cd,96,0.000001711885
0x21cf,96,0.000001711885
0x21dc,704,0.000012553826
0x21dd,704,0.000012553826
0x21de,704,0.000012553826
0x21df,704,0.000012553826
0x21e2,704,0.000012553826
0x21e4,704,0.000012553826
0x21e5,704,0.000012553826
0x21e6,704,0.000012553826
0x21e8,704,0.000012553826
0x21e9,704,0.000012553826
0x21eb,704,0.000012553826
0x21ec,704,0.000012553826
0x21ed,704,0.000012553826
0x21ef,704,0.000012553826
0x21f0,704,0.000012553826
0x21f1,704,0.000012553826
0x21f2,704,0.000012553826
0x21f4,704,0.000012553826
0x21f5,704,0.000012553826
0x21f7,704,0.000012553826
0x21f8,704,0.000012553826
0x21f9,704,0.000012553826
0x21fc,704,0.000012553826
0x2204,384,0.000006847541
0x2207,384,0.000006847541
0x2208,384,0.000006847541
0x2209,384,0.000006847541
0x220b,384,0.000006847541
0x220c,4,0.000000071329
0x220e,4,0.000000071329
0x2210,4,0.000000071329
0x2212,4,0.000000071329
0x2214,4,0.000000071329
0x2216,4,0.000000071329
0x2217,4,0.000000071329
0x2218,4,0.000000071329
0x221a,4,0.000000071329
0x221b,4,0.000000071329
0x221d,4,0.000000071329
0x221e,4,0.000000071329
0x2220,4,0.000000071329
0x2221,4,0.000000071329
0x2222,4,0.000000071329
0x2223,4,0.000000071329
0x2224,4,0.000000071329
0x2227,2,0.000000035664
0x2228,2,0.000000035664
0x222a,4,0.000000071329
0x222b,4,0.000000071329
0x2230,605,0.000010788444
0x2233,605,0.000010788444
0x2234,605,0.000010788444
0x2235,605,0.000010788444
0x2236,605,0.000010788444
0x2237,605,0.000010788444
0x2239,605,0.000010788444
0x223b,605,0.000010788444
0x223e,583,0.000010396137
0x2240,583,0.000010396137
0x2243,297,0.000005296145
0x2245,297,0.000005296145
0x2247,297,0.000005296145
0x2249,297,0.000005296145
0x224c,11,0.000000196154
0x224f,11,0.000000196154
0x2250,11,0.000000196154
0x2252,11,0.000000196154
0x2254,11,0.000000196154
0x2260,572,0.000010199984
0x2261,572,0.000010199984
0x2262,572,0.000010199984
0x2263,572,0.000010199984
0x2264,572,0.000010199984
0x2265,572,0.000010199984
0x2267,572,0.000010199984
0x2268,572,0.000010199984
0x2269,572,0.000010199984
0x226b,572,0.000010199984
0x226d,572,0.000010199984
0x226e,572,0.000010199984
0x226f,572,0.000010199984
0x2271,572,0.000010199984
0x2272,572,0.000010199984
0x2273,572,0.000010199984
0x2274,572,0.000010199984
0x2275,572,0.000010199984
0x2276,572,0.000010199984
0x2277,572,0.000010199984
0x2278,572,0.000010199984
0x2279,572,0.000010199984
0x227a,8008,0.000142799769
0x227b,72072,0.001285197923
0x227c,72072,0.001285197923
0x227d,72072,0.001285197923
0x227e,72072,0.001285197923
0x227f,72072,0.001285197923
0x2280,72072,0.001285197923
0x2283,8008,0.000142799769
0x2284,8008,0.000142799769
0x2285,8008,0.000142799769
0x2286,8008,0.000142799769
0x2288,8008,0.000142799769
0x2289,8008,0.000142799769
0x228a,8008,0.000142799769
0x228c,8008,0.000142799769
0x228d,8008,0.000142799769
0x228e,8008,0.000142799769
0x2291,572,0.000010199984
0x2292,22,0.000000392307
0x2295,22,0.000000392307
0x2296,22,0.000000392307
0x2298,22,0.000000392307
0x229b,10,0.000000178321
0x229e,10,0.000000178321
0x22a1,10,0.000000178321
0x22a3,4160,0.000074181698
0x22a4,4160,0.000074181698
0x22a5,4160,0.000074181698
0x22a6,4160,0.000074181698
0x22a7,4160,0.000074181698
0x22a8,4160,0.000074181698
0x22a9,4160,0.000074181698
0x22aa,4160,0.000074181698
0x22ab,4160,0.000074181698
0x22ac,4160,0.000074181698
0x22ad,4160,0.000074181698
0x22b0,10,0.000000178321
0x22b4,360,0.000006419570
0x22b7,360,0.000006419570
0x22ba,360,0.000006419570
0x22bb,360,0.000006419570
0x22bc,360,0.000006419570
0x22be,360,0.000006419570
0x22c1,5,0.000000089161
0x22c3,5,0.000000089161
0x22c5,5,0.000000089161
0x22ca,245,0.000004368874
0x22cd,245,0.000004368874
0x22ce,245,0.000004368874
0x22d0,245,0.000004368874
0x22d3,5,0.000000089161
0x22d5,5,0.000000089161
0x22d7,5,0.000000089161
0x22d9,5,0.000000089161
0x22db,5,0.000000089161
0x22dd,5,0.000000089161
0x22e0,10,0.000000178321
0x22e2,22,0.000000392307
0x22e5,22,0.000000392307
0x22e8,22,0.000000392307
0x22f0,12,0.000000213986
0x22f3,12,0.000000213986
0x22f4,12,0.000000213986
0x22fa,1326,0.000023645416
0x22fd,1326,0.000023645416
0x22ff,1326,0.000023645416
0x2302,1326,0.000023645416
0x2303,23868,0.000425617494
0x2304,23868,0.000425617494
0x2306,23868,0.000425617494
0x2307,23868,0.000425617494
0x2308,23868,0.000425617494
0x2309,23868,0.000425617494
0x230a,23868,0.000425617494
0x230b,23868,0.000425617494
0x230d,23868,0.000425617494
0x230e,23868,0.000425617494
0x230f,23868,0.000425617494
0x2310,23868,0.000425617494
0x2312,23868,0.000425617494
0x2313,23868,0.000425617494
0x2314,23868,0.000425617494
0x2316,23868,0.000425617494
0x2317,23868,0.000425617494
0x231a,2652,0.000047290833
0x231b,23868,0.000425617494
0x231c,23868,0.000425617494
0x231f,1326,0.000023645416
0x2322,3981,0.000070989745
0x2325,3981,0.000070989745
0x2326,3981,0.000070989745
0x2327,3981,0.000070989745
0x2329,3981,0.000070989745
0x232a,3981,0.000070989745
0x232b,3981,0.000070989745
0x232c,3981,0.000070989745
0x232e,3981,0.000070989745
0x232f,3981,0.000070989745
0x2331,3981,0.000070989745
0x2334,3981,0.000070989745
0x2337,3981,0.000070989745
0x2351,10615,0.000189288156
0x2352,10615,0.000189288156
0x2354,10615,0.000189288156
0x2355,3482,0.000062091508
0x2356,3482,0.000062091508
0x2357,3482,0.000062091508
0x2358,3482,0.000062091508
0x235a,3482,0.000062091508
0x235b,3482,0.000062091508
0x235e,3482,0.000062091508
0x235f,3482,0.000062091508
0x2360,3482,0.000062091508
0x2361,3482,0.000062091508
0x2362,3482,0.000062091508
0x2364,3482,0.000062091508
0x2365,3482,0.000062091508
0x2366,3482,0.000062091508
0x2368,3482,0.000062091508
0x2369,3482,0.000062091508
0x236a,3482,0.000062091508
0x236b,3482,0.000062091508
0x236c,3482,0.000062091508
0x236e,3482,0.000062091508
0x2370,3482,0.000062091508
0x2373,3198,0.000057027181
0x2375,3198,0.000057027181
0x2377,3198,0.000057027181
0x237a,3146,0.000056099909
0x237b,284,0.000005064327
0x237c,284,0.000005064327
0x237e,284,0.000005064327
0x237f,284,0.000005064327
0x2381,284,0.000005064327
0x2384,284,0.000005064327
0x2385,284,0.000005064327
0x2386,284,0.000005064327
0x2387,284,0.000005064327
0x2389,284,0.000005064327
0x238a,80,0.000001426571
0x238c,80,0.000001426571
0x238d,80,0.000001426571
0x238e,80,0.000001426571
0x2390,80,0.000001426571
0x2391,65,0.000001159089
0x2393,65,0.000001159089
0x2398,52,0.000000927271
0x2399,52,0.000000927271
0x239b,52,0.000000927271
0x239c,52,0.000000927271
0x239d,52,0.000000927271
0x239e,52,0.000000927271
0x239f,52,0.000000927271
0x23a1,52,0.000000927271
0x23a2,52,0.000000927271
0x23a5,29,0.000000517132
0x23a7,29,0.000000517132
0x23a9,29,0.000000517132
0x23ac,52,0.000000927271
0x23af,42,0.000000748950
0x23b0,42,0.000000748950
0x23b2,42,0.000000748950
0x23b3,42,0.000000748950
0x23b4,42,0.000000748950
0x23b5,42,0.000000748950
0x23b6,42,0.000000748950
0x23b8,42,0.000000748950
0x23bb,42,0.000000748950
0x23c0,10,0.000000178321
0x23c1,10,0.000000178321
0x23c2,10,0.000000178321
0x23c4,10,0.000000178321
0x23c6,10,0.000000178321
0x23d6,10486,0.000186987810
0x23d9,10486,0.000186987810
0x23da,10486,0.000186987810
0x23dc,10486,0.000186987810
0x23de,10486,0.000186987810
0x23e1,8418,0.000150110946
0x23e3,8418,0.000150110946
0x23e6,7138,0.000127285808
0x23e8,7138,0.000127285808
0x23eb,5882,0.000104888642
0x23ed,5882,0.000104888642
0x23f0,4806,0.000085701260
0x23f2,4806,0.000085701260
0x23f3,4481,0.000079905815
0x23f5,4481,0.000079905815
0x23f8,4360,0.000077748126
0x23fb,4360,0.000077748126
0x2476,69,0.000001230418
0x2477,69,0.000001230418
0x2478,69,0.000001230418
0x247b,69,0.000001230418
0x247d,69,0.000001230418
0x247e,69,0.000001230418
0x2481,69,0.000001230418
0x2483,69,0.000001230418
0x2484,69,0.000001230418
0x2485,69,0.000001230418
0x2487,69,0.000001230418
0x2488,69,0.000001230418
0x2489,69,0.000001230418
0x248a,69,0.000001230418
0x248c,69,0.000001230418
0x248d,69,0.000001230418
0x248f,69,0.000001230418
0x2490,69,0.000001230418
0x2493,69,0.000001230418
0x2495,69,0.000001230418
0x2496,69,0.000001230418
0x2497,69,0.000001230418
0x2498,63,0.000001123425
0x2499,63,0.000001123425
0x249a,63,0.000001123425
0x249b,45,0.000000802446
0x249c,45,0.000000802446
0x249d,45,0.000000802446
0x249e,27,0.000000481468
0x249f,27,0.000000481468
0x24a0,15647,0.000279019479
0x24a3,15647,0.000279019479
0x24a5,15647,0.000279019479
0x24a7,15647,0.000279019479
0x24a8,10615,0.000189288156
0x24ab,10615,0.000189288156
0x24ae,10615,0.000189288156
0x24b1,10615,0.000189288156
0x24b4,10615,0.000189288156
0x24b6,10615,0.000189288156
0x24b8,10615,0.000189288156
0x24b9,2653,0.000047308665
0x24c4,7821,0.000139465159
0x24c7,7821,0.000139465159
0x24c9,7821,0.000139465159
0x24cb,7821,0.000139465159
0x24ce,5307,0.000094635162
0x24d1,5307,0.000094635162
0x24d4,5307,0.000094635162
0x24d5,5307,0.000094635162
0x24d6,5307,0.000094635162
0x24d8,5307,0.000094635162
0x24db,3981,0.000070989745
0x24e0,5307,0.000094635162
0x24e3,5307,0.000094635162
0x24e5,5307,0.000094635162
0x24e6,332,0.000005920270
0x24e9,332,0.000005920270
0x24eb,332,0.000005920270
0x24ec,285,0.000005082160
0x24f2,2653,0.000047308665
0x24f5,2653,0.000047308665
0x24f7,2653,0.000047308665
0x24f8,2653,0.000047308665
0x24f9,2653,0.000047308665
0x24fc,2653,0.000047308665
0x24fe,2653,0.000047308665
0x24ff,2653,0.000047308665
0x2500,786,0.000014016061
0x2503,786,0.000014016061
0x2504,786,0.000014016061
0x2505,704,0.000012553826
0x2508,704,0.000012553826
0x2509,704,0.000012553826
0x250a,131,0.000002336010
0x250b,131,0.000002336010
0x250d,131,0.000002336010
0x250e,131,0.000002336010
0x2511,131,0.000002336010
0x2512,131,0.000002336010
0x2513,131,0.000002336010
0x2515,131,0.000002336010
0x2517,131,0.000002336010
0x2518,131,0.000002336010
0x2519,131,0.000002336010
0x251a,131,0.000002336010
0x2560,4159,0.000074163866
0x2563,4159,0.000074163866
0x2564,4159,0.000074163866
0x2566,4159,0.000074163866
0x2567,4159,0.000074163866
0x2568,4159,0.000074163866
0x2569,4159,0.000074163866
0x256a,4159,0.000074163866
0x256b,4159,0.000074163866
0x256d,4159,0.000074163866
0x256e,4159,0.000074163866
0x2570,4159,0.000074163866
0x2572,4159,0.000074163866
0x2575,4159,0.000074163866
0x2576,4159,0.000074163866
0x2577,4159,0.000074163866
0x2578,4159,0.000074163866
0x2579,4159,0.000074163866
0x257b,4159,0.000074163866
0x257c,4159,0.000074163866
0x257f,4159,0.000074163866
0x2581,4159,0.000074163866
0x2582,4159,0.000074163866
0x2585,4159,0.000074163866
0x2587,4159,0.000074163866
0x2588,33016,0.000588745902
0x2589,33016,0.000588745902
0x258c,32929,0.000587194506
0x258d,32929,0.000587194506
0x258e,32929,0.000587194506
0x2590,32929,0.000587194506
0x2591,32929,0.000587194506
0x2592,32929,0.000587194506
0x2595,4072,0.000072612470
0x2596,33016,0.000588745902
0x2597,33016,0.000588745902
0x2599,33016,0.000588745902
0x259a,22914,0.000408605633
0x259b,22914,0.000408605633
0x259c,22914,0.000408605633
0x259e,22914,0.000408605633
0x259f,22914,0.000408605633
0x25a1,22914,0.000408605633
0x25a2,21523,0.000383801128
0x25a3,21523,0.000383801128
0x25a4,21523,0.000383801128
0x25a5,21523,0.000383801128
0x25a6,14269,0.000254446792
0x25a7,14269,0.000254446792
0x25a8,3159,0.000056331727
0x25a9,3159,0.000056331727
0x25aa,3159,0.000056331727
0x25ab,3159,0.000056331727
0x25ac,3104,0.000055350959
0x25ae,3104,0.000055350959
0x25af,87,0.000001551396
0x25b0,87,0.000001551396
0x25b1,87,0.000001551396
0x25b2,87,0.000001551396
0x25b3,87,0.000001551396
0x25b4,87,0.000001551396
0x25b5,87,0.000001551396
0x25b6,87,0.000001551396
0x25b7,448,0.000007988798
0x25ba,448,0.000007988798
0x25bc,448,0.000007988798
0x25be,448,0.000007988798
0x25ca,448,0.000007988798
0x25cd,1058,0.000018866403
0x25ce,1058,0.000018866403
0x25d0,1058,0.000018866403
0x25d3,818,0.000014586690
0x25d4,818,0.000014586690
0x25d6,818,0.000014586690
0x25d7,818,0.000014586690
0x25d8,818,0.000014586690
0x25db,208,0.000003709085
0x25dc,208,0.000003709085
0x25dd,208,0.000003709085
0x25e0,240,0.000004279713
0x25e1,240,0.000004279713
0x25e3,240,0.000004279713
0x25e4,240,0.000004279713
0x25e5,240,0.000004279713
0x25e7,240,0.000004279713
0x25e8,240,0.000004279713
0x25ea,240,0.000004279713
0x25eb,240,0.000004279713
0x25ec,240,0.000004279713
0x25ed,240,0.000004279713
0x25ef,240,0.000004279713
0x25f0,240,0.000004279713
0x25f1,240,0.000004279713
0x25f3,240,0.000004279713
0x25f4,240,0.000004279713
0x25f6,240,0.000004279713
0x25f7,240,0.000004279713
0x25f8,240,0.000004279713
0x25f9,240,0.000004279713
0x25fa,240,0.000004279713
0x25fb,240,0.000004279713
0x25fc,240,0.000004279713
0x25fd,240,0.000004279713
0x2600,4860,0.000086664196
0x2601,4860,0.000086664196
0x2602,4860,0.000086664196
0x2603,4860,0.000086664196
0x2604,4860,0.000086664196
0x2605,4860,0.000086664196
0x2608,4860,0.000086664196
0x2609,4860,0.000086664196
0x260a,4860,0.000086664196
0x260b,4860,0.000086664196
0x260c,4860,0.000086664196
0x260e,4860,0.000086664196
0x2611,4860,0.000086664196
0x2612,4860,0.000086664196
0x2613,4860,0.000086664196
0x2616,4860,0.000086664196
0x2617,4860,0.000086664196
0x261a,2684,0.000047861461
0x261d,2684,0.000047861461
0x261e,2684,0.000047861461
0x2620,2684,0.000047861461
0x2621,2684,0.000047861461
0x2624,2684,0.000047861461
0x2625,2684,0.000047861461
0x2626,2684,0.000047861461
0x2628,2684,0.000047861461
0x2629,2684,0.000047861461
0x262b,2684,0.000047861461
0x262c,2684,0.000047861461
0x262e,2684,0.000047861461
0x262f,2684,0.000047861461
0x2630,2684,0.000047861461
0x2631,2684,0.000047861461
0x2633,2684,0.000047861461
0x2634,2684,0.000047861461
0x2635,2684,0.000047861461
0x2638,2684,0.000047861461
0x2639,4860,0.000086664196
0x263c,4860,0.000086664196
0x263f,4860,0.000086664196
0x2642,4860,0.000086664196
0x2643,4860,0.000086664196
0x2646,2430,0.000043332098
0x2649,2430,0.000043332098
0x2650,2176,0.000038802734
0x2651,2176,0.000038802734
0x2654,2176,0.000038802734
0x2655,2176,0.000038802734
0x2656,2176,0.000038802734
0x2658,2176,0.000038802734
0x2659,2176,0.000038802734
0x265b,2176,0.000038802734
0x265c,2176,0.000038802734
0x265e,2176,0.000038802734
0x2661,2176,0.000038802734
0x2662,2176,0.000038802734
0x2668,2430,0.000043332098
0x266b,2430,0.000043332098
0x266c,2430,0.000043332098
0x266d,2430,0.000043332098
0x2670,2430,0.000043332098
0x2672,2430,0.000043332098
0x2676,2430,0.000043332098
0x2678,2430,0.000043332098
0x267c,2430,0.000043332098
0x267f,2430,0.000043332098
0x2681,2430,0.000043332098
0x2684,2430,0.000043332098
0x2685,2430,0.000043332098
0x2688,2430,0.000043332098
0x268a,2430,0.000043332098
0x268b,2430,0.000043332098
0x268d,2430,0.000043332098
0x268e,2430,0.000043332098
0x268f,2430,0.000043332098
0x2692,2423,0.000043207273
0x2693,2430,0.000043332098
0x2694,2430,0.000043332098
0x2697,2430,0.000043332098
0x2699,2430,0.000043332098
0x269c,678,0.000012090190
0x269d,2430,0.000043332098
0x269f,2430,0.000043332098
0x26a2,306,0.000005456635
0x26a3,2430,0.000043332098
0x26a4,2430,0.000043332098
0x26a7,2430,0.000043332098
0x26aa,2430,0.000043332098
0x26ad,2430,0.000043332098
0x26ae,2430,0.000043332098
0x26af,2430,0.000043332098
0x26b0,2430,0.000043332098
0x26b1,424,0.000007560827
0x26b2,424,0.000007560827
0x26b4,424,0.000007560827
0x26b5,424,0.000007560827
0x26b7,424,0.000007560827
0x26b8,424,0.000007560827
0x26ba,424,0.000007560827
0x26bb,69,0.000001230418
0x26bc,69,0.000001230418
0x26bd,69,0.000001230418
0x26be,69,0.000001230418
0x26bf,69,0.000001230418
0x26c2,69,0.000001230418
0x26c4,69,0.000001230418
0x26c6,69,0.000001230418
0x26c7,69,0.000001230418
0x26c8,69,0.000001230418
0x26ca,69,0.000001230418
0x26cb,69,0.000001230418
0x26cc,69,0.000001230418
0x26d0,2430,0.000043332098
0x26d3,2430,0.000043332098
0x26d6,2430,0.000043332098
0x26d9,19440,0.000346656782
0x26da,19440,0.000346656782
0x26db,19440,0.000346656782
0x26de,12267,0.000218746849
0x26df,12267,0.000218746849
0x26e0,12267,0.000218746849
0x26e3,2238,0.000039908327
0x26e4,12267,0.000218746849
0x26e5,19440,0.000346656782
0x26e6,19440,0.000346656782
0x26e7,19440,0.000346656782
0x26e8,19440,0.000346656782
0x26e9,19440,0.000346656782
0x26eb,19440,0.000346656782
0x26ee,2430,0.000043332098
0x26f1,2430,0.000043332098
0x26f2,2430,0.000043332098
0x26f3,2430,0.000043332098
0x26f5,2430,0.000043332098
0x26f8,2430,0.000043332098
0x26f9,2430,0.000043332098
0x26fa,2430,0.000043332098
0x26fd,2430,0.000043332098
0x2700,11784,0.000210133926
0x2703,11784,0.000210133926
0x2704,11784,0.000210133926
0x2705,11784,0.000210133926
0x2706,11783,0.000210116094
0x2707,11783,0.000210116094
0x2708,11783,0.000210116094
0x270a,11783,0.000210116094
0x270b,11783,0.000210116094
0x270c,11783,0.000210116094
0x270e,11783,0.000210116094
0x270f,11783,0.000210116094
0x2711,11783,0.000210116094
0x2714,11783,0.000210116094
0x2717,47132,0.000840464376
0x271a,47132,0.000840464376
0x271b,47132,0.000840464376
0x271c,47132,0.000840464376
0x271d,47132,0.000840464376
0x271e,47132,0.000840464376
0x2720,47132,0.000840464376
0x2723,11783,0.000210116094
0x2725,11783,0.000210116094
0x2728,11783,0.000210116094
0x272a,11783,0.000210116094
0x2739,11783,0.000210116094
0x273c,11783,0.000210116094
0x273d,11783,0.000210116094
0x2740,11783,0.000210116094
0x2743,11783,0.000210116094
0x2748,47132,0.000840464376
0x2749,47132,0.000840464376
0x274a,47132,0.000840464376
0x274c,47132,0.000840464376
0x274d,123,0.000002193353
0x274e,123,0.000002193353
0x274f,123,0.000002193353
0x2750,61,0.000001087760
0x2751,61,0.000001087760
0x2752,61,0.000001087760
0x2753,61,0.000001087760
0x2754,61,0.000001087760
0x2755,61,0.000001087760
0x2757,61,0.000001087760
0x2758,61,0.000001087760
0x2759,61,0.000001087760
0x275b,61,0.000001087760
0x275c,61,0.000001087760
0x275f,61,0.000001087760
0x2760,61,0.000001087760
0x2761,61,0.000001087760
0x2764,61,0.000001087760
0x2768,61,0.000001087760
0x2769,61,0.000001087760
0x276c,61,0.000001087760
0x276e,61,0.000001087760
0x2771,61,0.000001087760
0x2772,61,0.000001087760
0x2778,61,0.000001087760
0x277b,61,0.000001087760
0x277c,61,0.000001087760
0x277f,61,0.000001087760
0x2780,61,0.000001087760
0x2781,61,0.000001087760
0x2782,61,0.000001087760
0x2783,61,0.000001087760
0x2784,61,0.000001087760
0x2785,61,0.000001087760
0x2786,61,0.000001087760
0x2789,61,0.000001087760
0x278a,1,0.000000017832
0x278d,1,0.000000017832
0x278f,1,0.000000017832
0x2790,1,0.000000017832
0x2791,1,0.000000017832
0x2794,1,0.000000017832
0x2796,1,0.000000017832
0x2799,1,0.000000017832
0x279b,1,0.000000017832
0x279c,1,0.000000017832
0x279e,1,0.000000017832
0x279f,1,0.000000017832
0x27a0,1,0.000000017832
0x27a1,1,0.000000017832
0x27a2,1,0.000000017832
0x27a3,1,0.000000017832
0x27a4,1,0.000000017832
0x27a8,11783,0.000210116094
0x27ab,11783,0.000210116094
0x27ac,11783,0.000210116094
0x27af,11783,0.000210116094
0x27b0,11783,0.000210116094
0x27b1,11783,0.000210116094
0x27b4,11783,0.000210116094
0x27b6,11783,0.000210116094
0x27b7,11783,0.000210116094
0x27b8,11783,0.000210116094
0x27ba,11783,0.000210116094
0x27bd,11399,0.000203268553
0x27c0,11399,0.000203268553
0x27c1,11399,0.000203268553
0x27c2,11399,0.000203268553
0x27c5,11335,0.000202127296
0x27c7,11335,0.000202127296
0x27c8,11335,0.000202127296
0x27c9,11335,0.000202127296
0x27ca,7991,0.000142496623
0x27cc,7991,0.000142496623
0x27cf,7594,0.000135417264
0x27d0,7594,0.000135417264
0x27d2,7594,0.000135417264
0x27d3,7594,0.000135417264
0x27d5,7594,0.000135417264
0x27d6,7594,0.000135417264
0x27d8,397,0.000007079359
0x27da,397,0.000007079359
0x27dc,397,0.000007079359
0x27dd,397,0.000007079359
0x27df,397,0.000007079359
0x27e0,397,0.000007079359
0x27e2,64,0.000001141257
0x27e4,64,0.000001141257
0x27e9,64,0.000001141257
0x27ea,64,0.000001141257
0x27ec,64,0.000001141257
0x27ee,64,0.000001141257
0x3000,4166,0.000074288691
0x3003,4166,0.000074288691
0x3004,4166,0.000074288691
0x3005,4166,0.000074288691
0x3007,4166,0.000074288691
0x300a,4166,0.000074288691
0x300b,4166,0.000074288691
0x300c,4166,0.000074288691
0x300d,4166,0.000074288691
0x300e,4166,0.000074288691
0x300f,4166,0.000074288691
0x3010,4166,0.000074288691
0x3011,4166,0.000074288691
0x3012,517,0.000009219216
0x3028,526,0.000009379705
0x302b,526,0.000009379705
0x302c,526,0.000009379705
0x302e,526,0.000009379705
0x302f,526,0.000009379705
0x3031,526,0.000009379705
0x3032,526,0.000009379705
0x3034,526,0.000009379705
0x3035,418,0.000007453834
0x3037,418,0.000007453834
0x3038,418,0.000007453834
0x3039,418,0.000007453834
0x303c,399,0.000007115023
0x303d,399,0.000007115023
0x303e,6,0.000000106993
0x303f,6,0.000000106993
0x3040,6,0.000000106993
0x3042,6,0.000000106993
0x3044,6,0.000000106993
0x3046,6,0.000000106993
0x3048,6,0.000000106993
0x3049,6,0.000000106993
0x304b,6,0.000000106993
0x304d,6,0.000000106993
0x304f,6,0.000000106993
0x3050,6,0.000000106993
0x3052,6,0.000000106993
0x3055,6,0.000000106993
0x3056,6,0.000000106993
0x3057,5,0.000000089161
0x3059,5,0.000000089161
0x305c,19,0.000000338811
0x305f,19,0.000000338811
0x3062,19,0.000000338811
0x3063,19,0.000000338811
0x3064,19,0.000000338811
0x3065,19,0.000000338811
0x3066,19,0.000000338811
0x3067,19,0.000000338811
0x3068,19,0.000000338811
0x306a,19,0.000000338811
0x306c,19,0.000000338811
0x306d,19,0.000000338811
0x3074,93,0.000001658389
0x3077,93,0.000001658389
0x3078,93,0.000001658389
0x3079,93,0.000001658389
0x307a,93,0.000001658389
0x307c,93,0.000001658389
0x307d,93,0.000001658389
0x307f,93,0.000001658389
0x3080,93,0.000001658389
0x3081,93,0.000001658389
0x3082,93,0.000001658389
0x3084,93,0.000001658389
0x3089,93,0.000001658389
0x308a,93,0.000001658389
0x308b,93,0.000001658389
0x308c,93,0.000001658389
0x308d,93,0.000001658389
0x308f,93,0.000001658389
0x3090,93,0.000001658389
0x3092,93,0.000001658389
0x3093,93,0.000001658389
0x3094,93,0.000001658389
0x3095,93,0.000001658389
0x3098,93,0.000001658389
0x309a,93,0.000001658389
0x309d,5,0.000000089161
0x309f,93,0.000001658389
0x30a0,93,0.000001658389
0x30a1,93,0.000001658389
0x30a4,93,0.000001658389
0x30a6,93,0.000001658389
0x30a7,93,0.000001658389
0x30a8,93,0.000001658389
0x30aa,7502,0.000133776707
0x30ad,7502,0.000133776707
0x30ae,7502,0.000133776707
0x30af,7502,0.000133776707
0x30b0,7502,0.000133776707
0x30b1,7502,0.000133776707
0x30b3,7502,0.000133776707
0x30b5,7502,0.000133776707
0x30b6,7502,0.000133776707
0x30b8,7502,0.000133776707
0x30ba,522,0.000009308377
0x30bd,522,0.000009308377
0x30c0,522,0.000009308377
0x30c3,522,0.000009308377
0x30c6,522,0.000009308377
0x30c8,522,0.000009308377
0x30c9,522,0.000009308377
0x30ca,522,0.000009308377
0x30cb,320,0.000005706284
0x30cd,320,0.000005706284
0x30ce,320,0.000005706284
0x30cf,320,0.000005706284
0x30d2,246,0.000004386706
0x30d3,246,0.000004386706
0x30d4,65,0.000001159089
0x30d6,65,0.000001159089
0x30d8,65,0.000001159089
0x30da,1566,0.000027925130
0x30db,1566,0.000027925130
0x30dc,1566,0.000027925130
0x30dd,1566,0.000027925130
0x30de,706,0.000012589490
0x30df,706,0.000012589490
0x30e4,74,0.000001319578
0x30e7,74,0.000001319578
0x30ea,74,0.000001319578
0x30eb,74,0.000001319578
0x30ed,74,0.000001319578
0x30f2,74,0.000001319578
0x30f3,74,0.000001319578
0x30f5,74,0.000001319578
0x30f6,74,0.000001319578
0x30f7,74,0.000001319578
0x30f8,74,0.000001319578
0x30fa,74,0.000001319578
0x30fc,74,0.000001319578
0x30ff,74,0.000001319578
0x3102,74,0.000001319578
0x3105,74,0.000001319578
0x3106,74,0.000001319578
0x3107,74,0.000001319578
0x3108,74,0.000001319578
0x310a,74,0.000001319578
0x310c,74,0.000001319578
0x310e,74,0.000001319578
0x310f,74,0.000001319578
0x3112,222,0.000003958735
0x3113,222,0.000003958735
0x3114,222,0.000003958735
0x3115,222,0.000003958735
0x3116,133,0.000002371674
0x3117,133,0.000002371674
0x3118,133,0.000002371674
0x311a,133,0.000002371674
0x311b,133,0.000002371674
0x311c,133,0.000002371674
0x311d,133,0.000002371674
0x311e,72,0.000001283914
0x311f,72,0.000001283914
0x3121,72,0.000001283914
0x3124,521,0.000009290544
0x3127,521,0.000009290544
0x3128,521,0.000009290544
0x312a,521,0.000009290544
0x312b,65,0.000001159089
0x312d,65,0.000001159089
0x312f,65,0.000001159089
0x3130,65,0.000001159089
0x3131,65,0.000001159089
0x3132,65,0.000001159089
0x3134,65,0.000001159089
0x3136,65,0.000001159089
0x3138,65,0.000001159089
0x313d,65,0.000001159089
0x313f,65,0.000001159089
0x3140,65,0.000001159089
0x3141,65,0.000001159089
0x3144,65,0.000001159089
0x3145,65,0.000001159089
0x3146,65,0.000001159089
0x3149,46,0.000000820278
0x314b,65,0.000001159089
0x314d,65,0.000001159089
0x314e,65,0.000001159089
0x315a,520,0.000009272712
0x315d,520,0.000009272712
0x315e,520,0.000009272712
0x3160,520,0.000009272712
0x3161,152,0.000002710485
0x3164,152,0.000002710485
0x3165,152,0.000002710485
0x3166,152,0.000002710485
0x3167,152,0.000002710485
0x3169,152,0.000002710485
0x316a,152,0.000002710485
0x316c,152,0.000002710485
0x316d,152,0.000002710485
0x316e,152,0.000002710485
0x316f,152,0.000002710485
0x3171,152,0.000002710485
0x3172,152,0.000002710485
0x3174,152,0.000002710485
0x3176,152,0.000002710485
0x3177,152,0.000002710485
0x3178,152,0.000002710485
0x3179,1558,0.000027782473
0x317c,1494,0.000026641216
0x317d,1494,0.000026641216
0x317e,1494,0.000026641216
0x317f,1494,0.000026641216
0x3180,1494,0.000026641216
0x3181,1494,0.000026641216
0x3182,1494,0.000026641216
0x3183,1494,0.000026641216
0x3186,93,0.000001658389
0x3188,93,0.000001658389
0x318a,1494,0.000026641216
0x318b,1494,0.000026641216
0x318e,88,0.000001569228
0x3192,1558,0.000027782473
0x3193,1558,0.000027782473
0x3195,1558,0.000027782473
0x3196,1035,0.000018456264
0x3199,1035,0.000018456264
0x319a,1035,0.000018456264
0x319b,64,0.000001141257
0x319e,64,0.000001141257
0x319f,64,0.000001141257
0x31a0,64,0.000001141257
0x31a1,64,0.000001141257
0x31a2,64,0.000001141257
0x31a3,64,0.000001141257
0x31a4,64,0.000001141257
0x31a7,64,0.000001141257
0x31a9,64,0.000001141257
0x31ac,64,0.000001141257
0x31ad,64,0.000001141257
0x31b4,517,0.000009219216
0x31b7,517,0.000009219216
0x31b9,517,0.000009219216
0x31ba,62,0.000001105593
0x31bd,62,0.000001105593
0x31bf,62,0.000001105593
0x31c0,62,0.000001105593
0x31c2,62,0.000001105593
0x31c3,62,0.000001105593
0x31c5,62,0.000001105593
0x31c6,62,0.000001105593
0x31c7,62,0.000001105593
0x31c8,62,0.000001105593
0x31cb,62,0.000001105593
0x31cd,62,0.000001105593
0x31ce,62,0.000001105593
0x31d1,31,0.000000552796
0x31d2,31,0.000000552796
0x31d3,31,0.000000552796
0x31d4,31,0.000000552796
0x31d6,62,0.000001105593
0x31d7,62,0.000001105593
0x31d8,62,0.000001105593
0x31d9,62,0.000001105593
0x31da,62,0.000001105593
0x31dc,62,0.000001105593
0x31de,62,0.000001105593
0x31df,62,0.000001105593
0x31e1,62,0.000001105593
0x31e2,62,0.000001105593
0x31e3,62,0.000001105593
0x31e4,62,0.000001105593
0x31e5,62,0.000001105593
0x31e6,62,0.000001105593
0x31e7,62,0.000001105593
0x31e8,62,0.000001105593
0x31e9,62,0.000001105593
0x31ec,62,0.000001105593
0x31ed,62,0.000001105593
0x31f0,62,0.000001105593
0x31f1,62,0.000001105593
0x31f2,62,0.000001105593
0x31f4,62,0.000001105593
0x31f5,62,0.000001105593
0x31f7,62,0.000001105593
0x31f8,62,0.000001105593
0x31fb,62,0.000001105593
0x31fd,62,0.000001105593
0x31fe,62,0.000001105593
0x31ff,62,0.000001105593
0x3201,62,0.000001105593
0x3202,62,0.000001105593
0x3203,62,0.000001105593
0x3204,62,0.000001105593
0x3207,62,0.000001105593
0x3209,62,0.000001105593
0x320a,62,0.000001105593
0x320b,62,0.000001105593
0x320c,62,0.000001105593
0x320d,62,0.000001105593
0x3210,62,0.000001105593
0x3213,62,0.000001105593
0x3215,62,0.000001105593
0x3216,49,0.000000873775
0x3217,49,0.000000873775
0x3219,49,0.000000873775
0x321b,49,0.000000873775
0x321c,4,0.000000071329
0x321e,4,0.000000071329
0x3220,4,0.000000071329
0x322c,517,0.000009219216
0x322f,517,0.000009219216
0x3231,517,0.000009219216
0x3232,114,0.000002032864
0x3235,114,0.000002032864
0x3238,114,0.000002032864
0x323b,114,0.000002032864
0x323c,114,0.000002032864
0x323f,114,0.000002032864
0x3240,1233,0.000021987027
0x3241,1233,0.000021987027
0x3243,1233,0.000021987027
0x3246,652,0.000011626555
0x3247,652,0.000011626555
0x3248,652,0.000011626555
0x3249,544,0.000009700684
0x324a,544,0.000009700684
0x324b,544,0.000009700684
0x324c,544,0.000009700684
0x324d,544,0.000009700684
0x324e,1125,0.000020061156
0x324f,1125,0.000020061156
0x3250,1125,0.000020061156
0x3251,1125,0.000020061156
0x3253,1125,0.000020061156
0x3254,1125,0.000020061156
0x3256,1125,0.000020061156
0x3259,6,0.000000106993
0x325b,6,0.000000106993
0x325e,6,0.000000106993
0x3264,526,0.000009379705
0x3267,526,0.000009379705
0x3268,526,0.000009379705
0x326b,526,0.000009379705
0x326c,526,0.000009379705
0x326e,526,0.000009379705
0x326f,526,0.000009379705
0x3271,526,0.000009379705
0x3272,526,0.000009379705
0x3274,526,0.000009379705
0x3275,67,0.000001194753
0x3277,67,0.000001194753
0x3279,67,0.000001194753
0x327a,67,0.000001194753
0x327b,67,0.000001194753
0x327c,67,0.000001194753
0x327e,67,0.000001194753
0x3281,67,0.000001194753
0x3282,67,0.000001194753
0x3285,67,0.000001194753
0x3286,67,0.000001194753
0x3287,67,0.000001194753
0x3289,67,0.000001194753
0x328a,67,0.000001194753
0x328b,67,0.000001194753
0x328d,67,0.000001194753
0x328e,67,0.000001194753
0x328f,186,0.000003316778
0x3290,186,0.000003316778
0x3291,186,0.000003316778
0x3292,186,0.000003316778
0x3295,166,0.000002960135
0x3296,166,0.000002960135
0x3297,166,0.000002960135
0x329a,147,0.000002621324
0x329b,147,0.000002621324
0x329e,147,0.000002621324
0x329f,147,0.000002621324
0x32a0,147,0.000002621324
0x32a3,147,0.000002621324
0x32a4,186,0.000003316778
0x32a5,186,0.000003316778
0x32a6,186,0.000003316778
0x32a9,7,0.000000124825
0x32ab,186,0.000003316778
0x32ac,186,0.000003316778
0x32af,67,0.000001194753
0x32b0,47,0.000000838111
0x32b3,47,0.000000838111
0x32b5,47,0.000000838111
0x32b8,47,0.000000838111
0x32ba,47,0.000000838111
0x32bc,47,0.000000838111
0x32bf,47,0.000000838111
0x32c2,47,0.000000838111
0x32c3,47,0.000000838111
0x32c4,13,0.000000231818
0x32c5,13,0.000000231818
0x32c6,13,0.000000231818
0x32c7,13,0.000000231818
0x32c8,13,0.000000231818
0x32cb,13,0.000000231818
0x32cd,13,0.000000231818
0x32d0,13,0.000000231818
0x32d2,13,0.000000231818
0x32d4,13,0.000000231818
0x32d6,13,0.000000231818
0x32d7,13,0.000000231818
0x32d9,13,0.000000231818
0x32da,13,0.000000231818
0x32dc,13,0.000000231818
0x32dd,13,0.000000231818
0x32de,13,0.000000231818
0x32e1,13,0.000000231818
0x32e2,13,0.000000231818
0x32e3,13,0.000000231818
0x32e6,2,0.000000035664
0x32e7,2,0.000000035664
0x32e9,2,0.000000035664
0x32ea,2,0.000000035664
0x3400,4860,0.000086664196
0x3403,4860,0.000086664196
0x3406,4860,0.000086664196
0x3409,4860,0.000086664196
0x340c,4860,0.000086664196
0x340f,4860,0.000086664196
0x3412,4860,0.000086664196
0x3413,4860,0.000086664196
0x3416,4477,0.000079834486
0x3418,4477,0.000079834486
0x341b,975,0.000017386336
0x341e,975,0.000017386336
0x3421,975,0.000017386336
0x3424,975,0.000017386336
0x3427,975,0.000017386336
0x342a,975,0.000017386336
0x342d,975,0.000017386336
0x342e,975,0.000017386336
0x3431,488,0.000008702084
0x3434,488,0.000008702084
0x3438,3502,0.000062448151
0x343b,3502,0.000062448151
0x343c,3502,0.000062448151
0x343f,1750,0.000031206243
0x3442,1750,0.000031206243
0x3445,1750,0.000031206243
0x3448,1750,0.000031206243
0x344b,1750,0.000031206243
0x3452,1752,0.000031241908
0x3455,1752,0.000031241908
0x3458,1752,0.000031241908
0x345b,1752,0.000031241908
0x3462,383,0.000006829709
0x3465,383,0.000006829709
0x3466,383,0.000006829709
0x3467,192,0.000003423771
0x346a,192,0.000003423771
0x346d,192,0.000003423771
0x3474,2725,0.000048592579
0x3477,10900,0.000194370315
0x3478,10900,0.000194370315
0x347b,10900,0.000194370315
0x347c,10900,0.000194370315
0x347d,10900,0.000194370315
0x347f,10900,0.000194370315
0x3480,10900,0.000194370315
0x3482,10900,0.000194370315
0x3485,2725,0.000048592579
0x3486,2727,0.000048628243
0x3489,10908,0.000194512972
0x348a,10908,0.000194512972
0x348d,10908,0.000194512972
0x348e,10908,0.000194512972
0x348f,10908,0.000194512972
0x3491,10908,0.000194512972
0x3492,10908,0.000194512972
0x3494,10908,0.000194512972
0x3497,2727,0.000048628243
0x3498,2725,0.000048592579
0x349b,10900,0.000194370315
0x349c,10900,0.000194370315
0x349f,10900,0.000194370315
0x34a0,10900,0.000194370315
0x34a1,10900,0.000194370315
0x34a3,10900,0.000194370315
0x34a4,10900,0.000194370315
0x34a6,10900,0.000194370315
0x34a9,2725,0.000048592579
0x34aa,2727,0.000048628243
0x34ad,10908,0.000194512972
0x34ae,10908,0.000194512972
0x34b1,10908,0.000194512972
0x34b2,10908,0.000194512972
0x34b3,10908,0.000194512972
0x34b5,10908,0.000194512972
0x34b6,10908,0.000194512972
0x34b8,10908,0.000194512972
0x34bb,2727,0.000048628243
0x34c0,22512,0.000401437113
0x34c1,22512,0.000401437113
0x34c2,22512,0.000401437113
0x34c3,14101,0.000251450992
0x34c4,14101,0.000251450992
0x34c6,14101,0.000251450992
0x34c7,14101,0.000251450992
0x34c9,14101,0.000251450992
0x34ca,14101,0.000251450992
0x34cb,14101,0.000251450992
0x34cc,14101,0.000251450992
0x34cd,14101,0.000251450992
0x34ce,14101,0.000251450992
0x34cf,14101,0.000251450992
0x34d0,14101,0.000251450992
0x34d1,14101,0.000251450992
0x34d2,14101,0.000251450992
0x34d3,14101,0.000251450992
0x34d4,14101,0.000251450992
0x34d5,14101,0.000251450992
0x34d7,14101,0.000251450992
0x34d8,14101,0.000251450992
0x34da,14101,0.000251450992
0x34db,14101,0.000251450992
0x34dc,14101,0.000251450992
0x34dd,14101,0.000251450992
0x34de,14133,0.000252021621
0x34df,14133,0.000252021621
0x34e1,14133,0.000252021621
0x34e4,2452,0.000043724405
0x34e5,2452,0.000043724405
0x34e7,2452,0.000043724405
0x34ea,1073,0.000019133885
0x34ec,1073,0.000019133885
0x34ed,1073,0.000019133885
0x34ee,1073,0.000019133885
0x34f0,1073,0.000019133885
0x34f1,1073,0.000019133885
0x34f3,1073,0.000019133885
0x34f6,636,0.000011341240
0x34f8,636,0.000011341240
0x34f9,636,0.000011341240
0x34fa,636,0.000011341240
0x34fc,636,0.000011341240
0x34fd,636,0.000011341240
0x34ff,636,0.000011341240
0x3509,1073,0.000019133885
0x350a,1073,0.000019133885
0x350b,1073,0.000019133885
0x350c,14133,0.000252021621
0x350e,14133,0.000252021621
0x350f,14133,0.000252021621
0x3512,14133,0.000252021621
0x3513,14133,0.000252021621
0x3515,14133,0.000252021621
0x3516,14133,0.000252021621
0x3518,14133,0.000252021621
0x3519,14133,0.000252021621
0x3520,975,0.000017386336
0x3521,975,0.000017386336
0x3522,975,0.000017386336
0x3523,975,0.000017386336
0x3524,975,0.000017386336
0x3525,975,0.000017386336
0x3526,975,0.000017386336
0x3527,975,0.000017386336
0x3528,4487,0.000080012808
0x3529,4487,0.000080012808
0x352a,4487,0.000080012808
0x352b,4487,0.000080012808
0x352c,4487,0.000080012808
0x352d,4487,0.000080012808
0x352e,4487,0.000080012808
0x352f,4487,0.000080012808
0x3530,5556,0.000099075364
0x3531,5556,0.000099075364
0x3532,5556,0.000099075364
0x3533,5556,0.000099075364
0x3534,5556,0.000099075364
0x3535,5556,0.000099075364
0x3536,5556,0.000099075364
0x3537,5556,0.000099075364
0x3538,6467,0.000115320443
0x3539,6467,0.000115320443
0x353a,6467,0.000115320443
0x353b,6467,0.000115320443
0x353c,6467,0.000115320443
0x353d,6467,0.000115320443
0x353e,6467,0.000115320443
0x353f,6467,0.000115320443
0x3540,14125,0.000251878964
0x3541,14125,0.000251878964
0x3542,14125,0.000251878964
0x3543,14125,0.000251878964
0x3544,14125,0.000251878964
0x3545,14125,0.000251878964
0x3546,14125,0.000251878964
0x3547,14125,0.000251878964
0x3548,15278,0.000272439420
0x3549,15278,0.000272439420
0x354a,15278,0.000272439420
0x354b,15278,0.000272439420
0x354c,15278,0.000272439420
0x354d,15278,0.000272439420
0x354e,15278,0.000272439420
0x354f,15278,0.000272439420
0x3550,15402,0.000274650605
0x3551,15402,0.000274650605
0x3552,15402,0.000274650605
0x3553,15402,0.000274650605
0x3554,15402,0.000274650605
0x3555,15402,0.000274650605
0x3556,15402,0.000274650605
0x3557,15402,0.000274650605
0x3558,15402,0.000274650605
0x355a,15402,0.000274650605
0x355b,15402,0.000274650605
0x355d,15402,0.000274650605
0x3560,4477,0.000079834486
0x3563,4477,0.000079834486
0x3564,4477,0.000079834486
0x3565,4477,0.000079834486
0x3566,4477,0.000079834486
0x3567,4477,0.000079834486
0x3568,4477,0.000079834486
0x3569,4477,0.000079834486
0x356a,4477,0.000079834486
0x356d,4477,0.000079834486
0x3570,4477,0.000079834486
0x3572,4477,0.000079834486
0x3577,4477,0.000079834486
0x3579,4477,0.000079834486
0x357a,4477,0.000079834486
0x357b,4477,0.000079834486
0x357e,4477,0.000079834486
0x357f,4477,0.000079834486
0x3581,4477,0.000079834486
0x3584,3343,0.000059612841
0x3586,4477,0.000079834486
0x3587,4477,0.000079834486
0x3588,4477,0.000079834486
0x3589,4477,0.000079834486
0x358c,4477,0.000079834486
0x358d,4477,0.000079834486
0x358e,4477,0.000079834486
0x3590,4477,0.000079834486
0x3591,4477,0.000079834486
0x3593,4477,0.000079834486
0x3594,4477,0.000079834486
0x3596,4477,0.000079834486
0x3597,4477,0.000079834486
0x359a,4477,0.000079834486
0x359b,4477,0.000079834486
0x359c,4477,0.000079834486
0x359d,4477,0.000079834486
0x359f,4477,0.000079834486
0x35a2,4477,0.000079834486
0x35b0,21808,0.000388883288
0x35b1,21808,0.000388883288
0x35b2,21808,0.000388883288
0x35b3,13397,0.000238897166
0x35b4,13397,0.000238897166
0x35b5,13397,0.000238897166
0x35b6,13397,0.000238897166
0x35b7,13397,0.000238897166
0x35b8,13397,0.000238897166
0x35b9,13397,0.000238897166
0x35ba,13397,0.000238897166
0x35bd,12076,0.000215340911
0x35be,13397,0.000238897166
0x35bf,13397,0.000238897166
0x35c0,13397,0.000238897166
0x35c1,13397,0.000238897166
0x35c2,13397,0.000238897166
0x35c3,13397,0.000238897166
0x35c4,13397,0.000238897166
0x35c5,13397,0.000238897166
0x35c7,13397,0.000238897166
0x35c8,13397,0.000238897166
0x35c9,13397,0.000238897166
0x35ca,13397,0.000238897166
0x35cb,13397,0.000238897166
0x35cc,13397,0.000238897166
0x35cd,13397,0.000238897166
0x35ce,13397,0.000238897166
0x35cf,13397,0.000238897166
0x35d0,13397,0.000238897166
0x35d1,13397,0.000238897166
0x35d2,13397,0.000238897166
0x35d3,13397,0.000238897166
0x35d4,13397,0.000238897166
0x35d5,13397,0.000238897166
0x35d6,13397,0.000238897166
0x35d7,13397,0.000238897166
0x35d8,13397,0.000238897166
0x35d9,13397,0.000238897166
0x35da,13397,0.000238897166
0x35db,13397,0.000238897166
0x35e0,10334,0.000184277325
0x35e1,10334,0.000184277325
0x35e2,10334,0.000184277325
0x35e3,10334,0.000184277325
0x35e5,10334,0.000184277325
0x35e8,5275,0.000094064533
0x35e9,5275,0.000094064533
0x35ea,5275,0.000094064533
0x35eb,5275,0.000094064533
0x35ec,5275,0.000094064533
0x35ed,5275,0.000094064533
0x35ee,5275,0.000094064533
0x35ef,5275,0.000094064533
0x35f0,5275,0.000094064533
0x35f1,5275,0.000094064533
0x35f3,5275,0.000094064533
0x35f6,1527,0.000027229676
0x35f8,1527,0.000027229676
0x35f9,1527,0.000027229676
0x35fa,1527,0.000027229676
0x35fb,1527,0.000027229676
0x35fd,1527,0.000027229676
0x35fe,1527,0.000027229676
0x3601,196,0.000003495099
0x3602,196,0.000003495099
0x3603,196,0.000003495099
0x3604,1527,0.000027229676
0x3605,1527,0.000027229676
0x3606,1527,0.000027229676
0x3607,1527,0.000027229676
0x3608,1527,0.000027229676
0x3609,1527,0.000027229676
0x360a,1527,0.000027229676
0x360b,1527,0.000027229676
0x360c,1527,0.000027229676
0x360e,1527,0.000027229676
0x360f,1527,0.000027229676
0x3612,1406,0.000025071987
0x3613,1406,0.000025071987
0x3614,1406,0.000025071987
0x3615,1406,0.000025071987
0x3616,1406,0.000025071987
0x3618,1406,0.000025071987
0x3619,1406,0.000025071987
0x361a,1406,0.000025071987
0x361b,1406,0.000025071987
0x361c,948,0.000016904868
0x361f,948,0.000016904868
0x3620,948,0.000016904868
0x3621,948,0.000016904868
0x3622,347,0.000006187752
0x3623,347,0.000006187752
0x3624,347,0.000006187752
0x3628,5059,0.000090212791
0x362a,5059,0.000090212791
0x362d,4938,0.000088055102
0x362e,4938,0.000088055102
0x362f,4938,0.000088055102
0x3630,4938,0.000088055102
0x3631,4938,0.000088055102
0x3632,4938,0.000088055102
0x3633,4938,0.000088055102
0x3634,4938,0.000088055102
0x3635,4938,0.000088055102
0x3636,4938,0.000088055102
0x3637,4938,0.000088055102
0x363a,1531,0.000027301005
0x363c,1531,0.000027301005
0x363d,1531,0.000027301005
0x363e,1531,0.000027301005
0x363f,1531,0.000027301005
0x3641,1531,0.000027301005
0x3642,1531,0.000027301005
0x3645,200,0.000003566428
0x3646,200,0.000003566428
0x3647,200,0.000003566428
0x3648,1531,0.000027301005
0x3649,1531,0.000027301005
0x364a,1531,0.000027301005
0x364b,1531,0.000027301005
0x364c,1531,0.000027301005
0x364d,1531,0.000027301005
0x364e,1531,0.000027301005
0x364f,1531,0.000027301005
0x3650,1531,0.000027301005
0x3651,1531,0.000027301005
0x3652,1531,0.000027301005
0x3654,1531,0.000027301005
0x3655,1531,0.000027301005
0x3656,1531,0.000027301005
0x3657,1531,0.000027301005
0x365a,1140,0.000020328638
0x365d,1140,0.000020328638
0x365e,1140,0.000020328638
0x3661,328,0.000005848942
0x3662,328,0.000005848942
0x3663,1531,0.000027301005
0x3665,1531,0.000027301005
0x3666,1531,0.000027301005
0x366a,3748,0.000066834857
0x366b,3748,0.000066834857
0x366c,3748,0.000066834857
0x366d,131,0.000002336010
0x366e,131,0.000002336010
0x366f,131,0.000002336010
0x3670,131,0.000002336010
0x3671,131,0.000002336010
0x3672,121,0.000002157689
0x3673,121,0.000002157689
0x3674,121,0.000002157689
0x3675,121,0.000002157689
0x3676,121,0.000002157689
0x3679,121,0.000002157689
0x367b,121,0.000002157689
0x367c,121,0.000002157689
0x367f,121,0.000002157689
0x3680,121,0.000002157689
0x3683,121,0.000002157689
0x3684,121,0.000002157689
0x3686,121,0.000002157689
0x3689,121,0.000002157689
0x368a,121,0.000002157689
0x368b,121,0.000002157689
0x368d,121,0.000002157689
0x368e,97,0.000001729717
0x3690,97,0.000001729717
0x3691,78,0.000001390907
0x3692,78,0.000001390907
0x3695,3407,0.000060754098
0x3696,3407,0.000060754098
0x3697,3407,0.000060754098
0x3698,3407,0.000060754098
0x3699,3407,0.000060754098
0x369a,3407,0.000060754098
0x369b,3407,0.000060754098
0x369c,3407,0.000060754098
0x369d,92,0.000001640557
0x369e,92,0.000001640557
0x36a0,92,0.000001640557
0x36a1,92,0.000001640557
0x36a4,92,0.000001640557
0x36a6,92,0.000001640557
0x36a7,92,0.000001640557
0x36aa,86,0.000001533564
0x36ab,92,0.000001640557
0x36ae,92,0.000001640557
0x36b0,92,0.000001640557
0x36b3,92,0.000001640557
0x36b4,92,0.000001640557
0x36b6,92,0.000001640557
0x36b7,89,0.000001587060
0x36b9,89,0.000001587060
0x36ba,87,0.000001551396
0x36bb,87,0.000001551396
0x36c0,3063,0.000054619842
0x36c1,3063,0.000054619842
0x36c2,3063,0.000054619842
0x36c3,1531,0.000027301005
0x36c4,1531,0.000027301005
0x36c5,1531,0.000027301005
0x36c6,1531,0.000027301005
0x36c8,1531,0.000027301005
0x36c9,1531,0.000027301005
0x36cc,211,0.000003762581
0x36cd,211,0.000003762581
0x36ce,211,0.000003762581
0x36cf,211,0.000003762581
0x36d2,4071,0.000072594638
0x36d3,4071,0.000072594638
0x36d4,4071,0.000072594638
0x36d5,4071,0.000072594638
0x36d6,4071,0.000072594638
0x36d7,4071,0.000072594638
0x36d8,152,0.000002710485
0x36d9,152,0.000002710485
0x36da,152,0.000002710485
0x36db,152,0.000002710485
0x36dc,152,0.000002710485
0x36dd,152,0.000002710485
0x36de,152,0.000002710485
0x36e1,152,0.000002710485
0x36e3,152,0.000002710485
0x36e6,152,0.000002710485
0x36ea,4935,0.000088001606
0x36eb,4935,0.000088001606
0x36ec,4935,0.000088001606
0x36ed,4935,0.000088001606
0x36ee,4935,0.000088001606
0x36ef,4935,0.000088001606
0x36f0,1119,0.000019954164
0x36f1,1119,0.000019954164
0x36f2,1119,0.000019954164
0x36f3,1119,0.000019954164
0x36f5,1119,0.000019954164
0x36f6,77,0.000001373075
0x36f7,77,0.000001373075
0x36f8,77,0.000001373075
0x36f9,77,0.000001373075
0x36fa,77,0.000001373075
0x36fb,77,0.000001373075
0x36fc,77,0.000001373075
0x36fd,77,0.000001373075
0x36fe,77,0.000001373075
0x3701,77,0.000001373075
0x3703,77,0.000001373075
0x3706,77,0.000001373075
0x370a,4180,0.000074538341
0x370b,4180,0.000074538341
0x370c,4180,0.000074538341
0x370d,4180,0.000074538341
0x370e,4180,0.000074538341
0x370f,4180,0.000074538341
0x3710,360,0.000006419570
0x3711,360,0.000006419570
0x3712,360,0.000006419570
0x3713,360,0.000006419570
0x3715,360,0.000006419570
0x3716,118,0.000002104192
0x3717,118,0.000002104192
0x3718,118,0.000002104192
0x3719,118,0.000002104192
0x371a,118,0.000002104192
0x371b,118,0.000002104192
0x371c,118,0.000002104192
0x371d,118,0.000002104192
0x371e,118,0.000002104192
0x3721,118,0.000002104192
0x3723,118,0.000002104192
0x3726,118,0.000002104192
0x3729,118,0.000002104192
0x372a,118,0.000002104192
0x372c,118,0.000002104192
0x372d,57,0.000001016432
0x372e,57,0.000001016432
0x3730,57,0.000001016432
0x3731,57,0.000001016432
0x3732,57,0.000001016432
0x3733,57,0.000001016432
0x3734,57,0.000001016432
0x3735,57,0.000001016432
0x3736,57,0.000001016432
0x3739,57,0.000001016432
0x373b,57,0.000001016432
0x373e,57,0.000001016432
0x3744,121,0.000002157689
0x3746,121,0.000002157689
0x3747,121,0.000002157689
0x3748,121,0.000002157689
0x3749,121,0.000002157689
0x374a,121,0.000002157689
0x374c,121,0.000002157689
0x374d,121,0.000002157689
0x374e,121,0.000002157689
0x3750,121,0.000002157689
0x3751,121,0.000002157689
0x3752,17,0.000000303146
0x3753,17,0.000000303146
0x3754,17,0.000000303146
0x3758,21434,0.000382214068
0x3759,21434,0.000382214068
0x375a,21434,0.000382214068
0x375b,256,0.000004565028
0x375c,256,0.000004565028
0x375f,240,0.000004279713
0x3760,240,0.000004279713
0x3761,240,0.000004279713
0x3764,128,0.000002282514
0x3766,128,0.000002282514
0x3767,128,0.000002282514
0x3769,128,0.000002282514
0x376a,128,0.000002282514
0x376b,128,0.000002282514
0x376c,128,0.000002282514
0x376d,128,0.000002282514
0x376e,128,0.000002282514
0x376f,128,0.000002282514
0x3770,128,0.000002282514
0x3771,128,0.000002282514
0x3772,128,0.000002282514
0x3773,128,0.000002282514
0x3774,128,0.000002282514
0x3777,128,0.000002282514
0x377a,128,0.000002282514
0x377b,128,0.000002282514
0x377c,128,0.000002282514
0x377d,128,0.000002282514
0x377e,128,0.000002282514
0x3780,128,0.000002282514
0x3781,128,0.000002282514
0x3782,128,0.000002282514
0x3783,128,0.000002282514
0x3786,128,0.000002282514
0x3787,128,0.000002282514
0x3788,112,0.000001997200
0x3789,112,0.000001997200
0x378c,112,0.000001997200
0x378e,112,0.000001997200
0x378f,112,0.000001997200
0x3791,112,0.000001997200
0x3792,112,0.000001997200
0x3796,128,0.000002282514
0x3798,128,0.000002282514
0x3799,128,0.000002282514
0x379b,128,0.000002282514
0x379e,48,0.000000855943
0x379f,128,0.000002282514
0x37a0,128,0.000002282514
0x37a1,128,0.000002282514
0x37a4,128,0.000002282514
0x37a5,128,0.000002282514
0x37a6,89,0.000001587060
0x37a7,89,0.000001587060
0x37aa,89,0.000001587060
0x37b0,112,0.000001997200
0x37b1,112,0.000001997200
0x37b2,112,0.000001997200
0x37b3,112,0.000001997200
0x37b4,112,0.000001997200
0x37b5,112,0.000001997200
0x37b6,112,0.000001997200
0x37b7,112,0.000001997200
0x37b8,112,0.000001997200
0x37b9,112,0.000001997200
0x37ba,112,0.000001997200
0x37bb,112,0.000001997200
0x37be,112,0.000001997200
0x37c0,112,0.000001997200
0x37c1,112,0.000001997200
0x37c4,112,0.000001997200
0x37c6,112,0.000001997200
0x37cc,16,0.000000285314
0x37cd,16,0.000000285314
0x37ce,16,0.000000285314
0x37cf,16,0.000000285314
0x37d0,16,0.000000285314
0x37d2,16,0.000000285314
0x37d4,16,0.000000285314
0x37d5,16,0.000000285314
0x37d7,16,0.000000285314
0x37da,16,0.000000285314
0x37dd,416,0.000007418170
0x37de,416,0.000007418170
0x37df,416,0.000007418170
0x37e0,416,0.000007418170
0x37e1,416,0.000007418170
0x37e2,416,0.000007418170
0x37e5,16,0.000000285314
0x3800,10290,0.000183492710
0x3803,10290,0.000183492710
0x3805,10290,0.000183492710
0x3806,5212,0.000092941109
0x3809,5212,0.000092941109
0x380b,5212,0.000092941109
0x380c,5212,0.000092941109
0x380f,5212,0.000092941109
0x3810,5212,0.000092941109
0x3813,5212,0.000092941109
0x3815,5212,0.000092941109
0x3816,5212,0.000092941109
0x3819,5212,0.000092941109
0x381a,5212,0.000092941109
0x381b,5212,0.000092941109
0x381d,5212,0.000092941109
0x381e,5212,0.000092941109
0x381f,5212,0.000092941109
0x3820,5212,0.000092941109
0x3822,5212,0.000092941109
0x3823,75,0.000001337410
0x3824,75,0.000001337410
0x3827,75,0.000001337410
0x3829,75,0.000001337410
0x382b,75,0.000001337410
0x382c,75,0.000001337410
0x382e,75,0.000001337410
0x382f,75,0.000001337410
0x3830,75,0.000001337410
0x3832,75,0.000001337410
0x3833,75,0.000001337410
0x3834,75,0.000001337410
0x3835,75,0.000001337410
0x3837,75,0.000001337410
0x3838,75,0.000001337410
0x3839,75,0.000001337410
0x383b,75,0.000001337410
0x383c,75,0.000001337410
0x383e,75,0.000001337410
0x3841,47,0.000000838111
0x3844,56,0.000000998600
0x3846,56,0.000000998600
0x3847,56,0.000000998600
0x3849,56,0.000000998600
0x384a,56,0.000000998600
0x384b,56,0.000000998600
0x384c,28,0.000000499300
0x384f,28,0.000000499300
0x3850,28,0.000000499300
0x3851,28,0.000000499300
0x3853,28,0.000000499300
0x3854,28,0.000000499300
0x3855,28,0.000000499300
0x3856,28,0.000000499300
0x3857,28,0.000000499300
0x3858,28,0.000000499300
0x3859,28,0.000000499300
0x385c,28,0.000000499300
0x385d,28,0.000000499300
0x385f,28,0.000000499300
0x3862,13,0.000000231818
0x3863,13,0.000000231818
0x3865,13,0.000000231818
0x3868,13,0.000000231818
0x386b,13,0.000000231818
0x386e,13,0.000000231818
0x386f,13,0.000000231818
0x3871,13,0.000000231818
0x3874,6,0.000000106993
0x3875,6,0.000000106993
0x3876,6,0.000000106993
0x3878,6,0.000000106993
0x387a,6,0.000000106993
0x387b,6,0.000000106993
0x387c,6,0.000000106993
0x387e,6,0.000000106993
0x3881,6,0.000000106993
0x3882,6,0.000000106993
0x3883,6,0.000000106993
0x3884,6,0.000000106993
0x3885,6,0.000000106993
0x3887,6,0.000000106993
0x388a,5,0.000000089161
0x388b,5,0.000000089161
0x388c,5,0.000000089161
0x388d,5,0.000000089161
0x3894,15,0.000000267482
0x3897,15,0.000000267482
0x3899,15,0.000000267482
0x389c,15,0.000000267482
0x38a1,32,0.000000570628
0x38a2,32,0.000000570628
0x38a4,32,0.000000570628
0x38a5,32,0.000000570628
0x38a6,32,0.000000570628
0x38a7,32,0.000000570628
0x38a8,32,0.000000570628
0x38a9,32,0.000000570628
0x38ac,32,0.000000570628
0x38ae,32,0.000000570628
0x38af,32,0.000000570628
0x38b1,32,0.000000570628
0x38b4,32,0.000000570628
0x38b5,32,0.000000570628
0x38bc,41,0.000000731118
0x38be,41,0.000000731118
0x38bf,41,0.000000731118
0x38c1,41,0.000000731118
0x38c2,41,0.000000731118
0x38c3,41,0.000000731118
0x38c4,4,0.000000071329
0x38c7,4,0.000000071329
0x38c8,4,0.000000071329
0x38ca,4,0.000000071329
0x38cd,4,0.000000071329
0x38cf,4,0.000000071329
0x38d2,2,0.000000035664
0x38d3,2,0.000000035664
0x38d4,2,0.000000035664
0x38d5,2,0.000000035664
0x38d7,2,0.000000035664
0x38d8,2,0.000000035664
0x38db,2,0.000000035664
0x38dc,2,0.000000035664
0x38dd,2,0.000000035664
0x38de,2,0.000000035664
0x38df,2,0.000000035664
0x38e1,2,0.000000035664
0x38e2,2,0.000000035664
0x38e4,2,0.000000035664
0x38e5,2,0.000000035664
0x38e7,2,0.000000035664
0x38e8,2,0.000000035664
0x38e9,4,0.000000071329
0x38eb,4,0.000000071329
0x38ee,4,0.000000071329
0x38f1,4,0.000000071329
0x38f8,19,0.000000338811
0x38fb,32,0.000000570628
0x38fc,32,0.000000570628
0x38fd,32,0.000000570628
0x3900,1,0.000000017832
0x3901,1,0.000000017832
0x3902,1,0.000000017832
0x3903,1,0.000000017832
0x3904,1,0.000000017832
0x3905,1,0.000000017832
0x3906,32,0.000000570628
0x3907,32,0.000000570628
0x3908,32,0.000000570628
0x3909,32,0.000000570628
0x390a,32,0.000000570628
0x390d,32,0.000000570628
0x390e,32,0.000000570628
0x390f,32,0.000000570628
0x3912,32,0.000000570628
0x3913,32,0.000000570628
0x3916,32,0.000000570628
0x3918,32,0.000000570628
0x391b,32,0.000000570628
0x391c,47,0.000000838111
0x391d,47,0.000000838111
0x391f,47,0.000000838111
0x3922,6,0.000000106993
0x3923,11399,0.000203268553
0x3930,2238,0.000039908327
0x3933,2238,0.000039908327
0x3935,2238,0.000039908327
0x3937,2238,0.000039908327
0x3938,2238,0.000039908327
0x393a,2238,0.000039908327
0x393b,2238,0.000039908327
0x393c,2238,0.000039908327
0x393d,2238,0.000039908327
0x393f,2238,0.000039908327
0x3942,1119,0.000019954164
0x3945,1119,0.000019954164
0x3946,1119,0.000019954164
0x3947,1119,0.000019954164
0x394a,1119,0.000019954164
0x394b,1119,0.000019954164
0x394c,7050,0.000125716580
0x394d,7050,0.000125716580
0x3950,6820,0.000121615188
0x3951,6820,0.000121615188
0x3952,6820,0.000121615188
0x3954,6820,0.000121615188
0x3955,6820,0.000121615188
0x3956,6820,0.000121615188
0x3959,889,0.000015852772
0x395c,7050,0.000125716580
0x395d,7050,0.000125716580
0x395f,7050,0.000125716580
0x3960,1816,0.000032383164
0x3961,1816,0.000032383164
0x3963,1816,0.000032383164
0x3964,1816,0.000032383164
0x3965,1816,0.000032383164
0x3966,1816,0.000032383164
0x3967,1405,0.000025054155
0x3968,1405,0.000025054155
0x3969,230,0.000004101392
0x396b,230,0.000004101392
0x396c,230,0.000004101392
0x396d,230,0.000004101392
0x396e,230,0.000004101392
0x396f,230,0.000004101392
0x3972,230,0.000004101392
0x3973,230,0.000004101392
0x3975,230,0.000004101392
0x3976,230,0.000004101392
0x3977,230,0.000004101392
0x3978,230,0.000004101392
0x397a,230,0.000004101392
0x397b,230,0.000004101392
0x3980,4860,0.000086664196
0x3983,4860,0.000086664196
0x3985,4860,0.000086664196
0x3986,299,0.000005331810
0x3988,299,0.000005331810
0x3989,285,0.000005082160
0x398c,285,0.000005082160
0x398f,285,0.000005082160
0x3991,285,0.000005082160
0x3994,285,0.000005082160
0x3996,285,0.000005082160
0x3998,285,0.000005082160
0x399b,285,0.000005082160
0x399d,285,0.000005082160
0x39a0,285,0.000005082160
0x39a2,285,0.000005082160
0x39a5,285,0.000005082160
0x39a7,285,0.000005082160
0x39a9,285,0.000005082160
0x39ac,285,0.000005082160
0x39af,285,0.000005082160
0x39b0,285,0.000005082160
0x39b3,144,0.000002567828
0x39b4,144,0.000002567828
0x39b6,144,0.000002567828
0x39b7,144,0.000002567828
0x39b9,144,0.000002567828
0x39ba,144,0.000002567828
0x39bb,144,0.000002567828
0x39bc,144,0.000002567828
0x39be,144,0.000002567828
0x39bf,285,0.000005082160
0x39c0,285,0.000005082160
0x39c3,570,0.000010164319
0x39c6,570,0.000010164319
0x39c9,570,0.000010164319
0x39ca,570,0.000010164319
0x39cc,570,0.000010164319
0x39cf,570,0.000010164319
0x39d2,570,0.000010164319
0x39d3,570,0.000010164319
0x39d4,570,0.000010164319
0x39d6,570,0.000010164319
0x39d8,570,0.000010164319
0x39db,285,0.000005082160
0x39de,285,0.000005082160
0x39e1,285,0.000005082160
0x39e3,285,0.000005082160
0x39e6,285,0.000005082160
0x39e8,285,0.000005082160
0x39ea,285,0.000005082160
0x3a00,2238,0.000039908327
0x3a03,2238,0.000039908327
0x3a05,2238,0.000039908327
0x3a06,2238,0.000039908327
0x3a07,2238,0.000039908327
0x3a08,2238,0.000039908327
0x3a0b,2238,0.000039908327
0x3a0c,2238,0.000039908327
0x3a0d,2238,0.000039908327
0x3a0e,1119,0.000019954164
0x3a0f,1119,0.000019954164
0x3a10,11783,0.000210116094
0x3a13,11783,0.000210116094
0x3a14,11783,0.000210116094
0x3a15,11783,0.000210116094
0x3a18,384,0.000006847541
0x3a1a,384,0.000006847541
0x3a1c,384,0.000006847541
0x3a1d,11399,0.000203268553
0x3a20,11399,0.000203268553
0x3a21,11399,0.000203268553
0x3a22,11399,0.000203268553
0x3a25,384,0.000006847541
0x3a27,384,0.000006847541
0x3a2a,12,0.000000213986
0x3a2c,384,0.000006847541
0x3a2d,384,0.000006847541
0x3a2e,384,0.000006847541
0x3a2f,384,0.000006847541
0x3a30,384,0.000006847541
0x3a31,384,0.000006847541
0x3a32,384,0.000006847541
0x3a34,384,0.000006847541
0x3a36,384,0.000006847541
0x3a37,384,0.000006847541
0x3a39,384,0.000006847541
0x3a3b,384,0.000006847541
0x3a3d,384,0.000006847541
0x3a3f,384,0.000006847541
0x3a40,11015,0.000196421011
0x3a42,11015,0.000196421011
0x3a43,11015,0.000196421011
0x3a44,11015,0.000196421011
0x3a47,768,0.000013695083
0x3a49,768,0.000013695083
0x3a4c,48,0.000000855943
0x3a4e,768,0.000013695083
0x3a4f,768,0.000013695083
0x3a50,768,0.000013695083
0x3a51,768,0.000013695083
0x3a52,768,0.000013695083
0x3a53,768,0.000013695083
0x3a54,768,0.000013695083
0x3a56,768,0.000013695083
0x3a58,768,0.000013695083
0x3a5a,768,0.000013695083
0x3a5b,768,0.000013695083
0x3a5d,768,0.000013695083
0x3a5f,768,0.000013695083
0x3a62,10247,0.000182725928
0x3a64,10247,0.000182725928
0x3a65,10247,0.000182725928
0x3a66,10247,0.000182725928
0x3a67,964,0.000017190182
0x3a69,964,0.000017190182
0x3a6c,184,0.000003281114
0x3a6e,184,0.000003281114
0x3a71,184,0.000003281114
0x3a73,184,0.000003281114
0x3a76,180,0.000003209785
0x3a78,964,0.000017190182
0x3a79,964,0.000017190182
0x3a7b,964,0.000017190182
0x3a7c,964,0.000017190182
0x3a7e,964,0.000017190182
0x3a80,964,0.000017190182
0x3a81,964,0.000017190182
0x3a82,11399,0.000203268553
0x3a85,11399,0.000203268553
0x3a86,11399,0.000203268553
0x3a88,11399,0.000203268553
0x3a89,5077,0.000090533770
0x3a8b,5077,0.000090533770
0x3a8c,5077,0.000090533770
0x3a8e,5077,0.000090533770
0x3a8f,5077,0.000090533770
0x3a90,11399,0.000203268553
0x3a93,11399,0.000203268553
0x3a94,11399,0.000203268553
0x3a95,11399,0.000203268553
0x3a98,7708,0.000137450128
0x3a9b,7708,0.000137450128
0x3a9e,7708,0.000137450128
0x3aa1,123328,0.002199202040
0x3aa2,123328,0.002199202040
0x3aa3,123328,0.002199202040
0x3aa4,123328,0.002199202040
0x3aa7,64323,0.001147016678
0x3aa8,64323,0.001147016678
0x3aaa,64323,0.001147016678
0x3aad,16099,0.000287079606
0x3aae,123328,0.002199202040
0x3aaf,123328,0.002199202040
0x3ab0,123328,0.002199202040
0x3ab1,123328,0.002199202040
0x3ab2,123328,0.002199202040
0x3ab5,7708,0.000137450128
0x3ab6,7708,0.000137450128
0x3ab7,7708,0.000137450128
0x3ab8,5635,0.000100484103
0x3aba,5635,0.000100484103
0x3abd,261,0.000004654188
0x3abf,5635,0.000100484103
0x3ac1,5635,0.000100484103
0x3ac2,5635,0.000100484103
0x3ac5,5635,0.000100484103
0x3ac6,5635,0.000100484103
0x3ac8,5635,0.000100484103
0x3ac9,5635,0.000100484103
0x3aca,5635,0.000100484103
0x3ad0,2332,0.000041584548
0x3ad3,2332,0.000041584548
0x3ad4,2332,0.000041584548
0x3ad6,2332,0.000041584548
0x3ad7,2332,0.000041584548
0x3ad8,2332,0.000041584548
0x3ada,2332,0.000041584548
0x3adb,2332,0.000041584548
0x3adc,2332,0.000041584548
0x3add,2332,0.000041584548
0x3adf,2332,0.000041584548
0x3ae0,2332,0.000041584548
0x3ae1,2332,0.000041584548
0x3ae3,2332,0.000041584548
0x3ae4,2332,0.000041584548
0x3ae5,2332,0.000041584548
0x3ae6,2332,0.000041584548
0x3ae9,2266,0.000040407627
0x3aec,2266,0.000040407627
0x3aee,2266,0.000040407627
0x3aef,2266,0.000040407627
0x3af1,2266,0.000040407627
0x3af2,2266,0.000040407627
0x3af3,2266,0.000040407627
0x3af4,63,0.000001123425
0x3af6,63,0.000001123425
0x3af8,66,0.000001176921
0x3afa,66,0.000001176921
0x3afb,66,0.000001176921
0x3afc,66,0.000001176921
0x3afd,66,0.000001176921
0x3aff,66,0.000001176921
0x3b00,66,0.000001176921
0x3b02,4481,0.000079905815
0x3b05,4481,0.000079905815
0x3b06,4481,0.000079905815
0x3b08,4481,0.000079905815
0x3b09,1027,0.000018313607
0x3b0a,1027,0.000018313607
0x3b0b,1027,0.000018313607
0x3b0c,1027,0.000018313607
0x3b0e,1027,0.000018313607
0x3b10,1027,0.000018313607
0x3b12,1027,0.000018313607
0x3b13,298,0.000005313977
0x3b14,298,0.000005313977
0x3b16,298,0.000005313977
0x3b18,298,0.000005313977
0x3b19,298,0.000005313977
0x3b1b,11399,0.000203268553
0x3b1e,11399,0.000203268553
0x3b1f,11399,0.000203268553
0x3b20,11399,0.000203268553
0x3b21,192,0.000003423771
0x3b23,192,0.000003423771
0x3b26,3,0.000000053496
0x3b28,192,0.000003423771
0x3b29,192,0.000003423771
0x3b2a,192,0.000003423771
0x3b2c,192,0.000003423771
0x3b2d,192,0.000003423771
0x3b2e,192,0.000003423771
0x3b30,192,0.000003423771
0x3b31,192,0.000003423771
0x3b33,11399,0.000203268553
0x3b36,11399,0.000203268553
0x3b37,11399,0.000203268553
0x3b38,11399,0.000203268553
0x3b39,255,0.000004547195
0x3b3a,255,0.000004547195
0x3b3c,255,0.000004547195
0x3b3e,255,0.000004547195
0x3b40,255,0.000004547195
0x3b41,255,0.000004547195
0x3b43,11399,0.000203268553
0x3b46,11399,0.000203268553
0x3b47,11399,0.000203268553
0x3b49,11399,0.000203268553
0x3b4c,11399,0.000203268553
0x3b4f,11399,0.000203268553
0x3b52,11399,0.000203268553
0x3b55,11399,0.000203268553
0x3b58,11399,0.000203268553
0x3b5b,11399,0.000203268553
