pc,count,frequency
0x0000,1,0.000000025501
0x0001,1,0.000000025501
0x0002,1,0.000000025501
0x0003,1,0.000000025501
0x0004,1,0.000000025501
0x0005,1,0.000000025501
0x0006,1,0.000000025501
0x0007,1,0.000000025501
0x0008,1,0.000000025501
0x000b,1,0.000000025501
0x000d,1,0.000000025501
0x000f,1,0.000000025501
0x0012,1,0.000000025501
0x0015,1,0.000000025501
0x0017,1,0.000000025501
0x001a,22209,0.000566341765
0x001d,22208,0.000566316264
0x0020,22208,0.000566316264
0x0021,22208,0.000566316264
0x0024,5773,0.000147214688
0x0027,5773,0.000147214688
0x002a,5773,0.000147214688
0x002d,16435,0.000419101576
0x002f,16435,0.000419101576
0x0031,16435,0.000419101576
0x0032,16435,0.000419101576
0x0034,16435,0.000419101576
0x0035,16435,0.000419101576
0x0038,16435,0.000419101576
0x0039,16435,0.000419101576
0x003c,16435,0.000419101576
0x003d,16435,0.000419101576
0x0040,7,0.000000178504
0x0043,7,0.000000178504
0x0046,16428,0.000418923072
0x0049,16428,0.000418923072
0x0050,1,0.000000025501
0x0052,1,0.000000025501
0x0054,1,0.000000025501
0x0056,1,0.000000025501
0x0058,1,0.000000025501
0x005a,1,0.000000025501
0x005c,1,0.000000025501
0x005f,1,0.000000025501
0x0061,1,0.000000025501
0x0063,1,0.000000025501
0x0066,1,0.000000025501
0x0068,1,0.000000025501
0x006a,1,0.000000025501
0x006b,2,0.000000051001
0x006e,2,0.000000051001
0x0070,6130,0.000156318385
0x0072,6130,0.000156318385
0x0073,6130,0.000156318385
0x0074,6130,0.000156318385
0x0077,2,0.000000051001
0x0078,864,0.000022032477
0x007b,864,0.000022032477
0x0080,2316435,0.059070371758
0x0082,2316435,0.059070371758
0x0083,2316434,0.059070346257
0x0085,2316434,0.059070346257
0x0088,44421,0.001132760032
0x0089,44421,0.001132760032
0x008b,44421,0.001132760032
0x008e,22242,0.000567183283
0x0090,22242,0.000567183283
0x0091,22242,0.000567183283
0x0094,22242,0.000567183283
0x0095,22242,0.000567183283
0x0096,22242,0.000567183283
0x0097,22242,0.000567183283
0x0098,22242,0.000567183283
0x009a,22242,0.000567183283
0x009d,22242,0.000567183283
0x009f,22242,0.000567183283
0x00a0,22242,0.000567183283
0x00a2,22242,0.000567183283
0x00a3,22242,0.000567183283
0x00a6,22242,0.000567183283
0x00a8,22242,0.000567183283
0x00ab,22242,0.000567183283
0x00ac,1,0.000000025501
0x00ae,1,0.000000025501
0x00af,1,0.000000025501
0x00b0,1,0.000000025501
0x00b2,1,0.000000025501
0x00b5,1,0.000000025501
0x00bb,44567,0.001136483112
0x00be,44567,0.001136483112
0x00bf,44567,0.001136483112
0x00c0,44567,0.001136483112
0x00c1,44567,0.001136483112
0x00c2,44567,0.001136483112
0x00c3,44567,0.001136483112
0x00c4,2130,0.000054316176
0x00c5,2130,0.000054316176
0x00c7,2130,0.000054316176
0x00c9,2130,0.000054316176
0x00ca,2130,0.000054316176
0x00cd,2130,0.000054316176
0x00ce,2130,0.000054316176
0x00cf,2130,0.000054316176
0x00d0,2130,0.000054316176
0x00d1,2130,0.000054316176
0x00d2,2130,0.000054316176
0x00d3,2130,0.000054316176
0x00d4,2130,0.000054316176
0x00d6,2130,0.000054316176
0x00d8,2130,0.000054316176
0x00d9,2130,0.000054316176
0x00dc,2130,0.000054316176
0x00dd,2130,0.000054316176
0x00de,2130,0.000054316176
0x00e1,752,0.000019176415
0x00e3,16428,0.000418923072
0x00e6,16428,0.000418923072
0x00e9,16428,0.000418923072
0x00ec,16428,0.000418923072
0x00ef,16428,0.000418923072
0x00f2,16423,0.000418795570
0x00f5,16423,0.000418795570
0x00f8,16423,0.000418795570
0x00fb,16423,0.000418795570
0x00fe,15312,0.000390464456
0x0101,15312,0.000390464456
0x0104,15312,0.000390464456
0x0107,15309,0.000390387954
0x0109,15309,0.000390387954
0x010c,15309,0.000390387954
0x010f,15306,0.000390311453
0x0111,15306,0.000390311453
0x0114,15306,0.000390311453
0x0117,15303,0.000390234951
0x0119,15303,0.000390234951
0x011c,15303,0.000390234951
0x011f,15303,0.000390234951
0x0122,14439,0.000368202474
0x0125,14439,0.000368202474
0x0128,14439,0.000368202474
0x012b,14439,0.000368202474
0x012e,13911,0.000354738182
0x0131,13911,0.000354738182
0x0134,13911,0.000354738182
0x0137,13911,0.000354738182
0x013a,729,0.000018589903
0x0140,17,0.000000433509
0x0143,17,0.000000433509
0x0146,17,0.000000433509
0x0149,17,0.000000433509
0x014c,17,0.000000433509
0x014e,17,0.000000433509
0x014f,17,0.000000433509
0x0151,17,0.000000433509
0x0152,17,0.000000433509
0x0153,17,0.000000433509
0x0154,17,0.000000433509
0x0156,17,0.000000433509
0x0158,17,0.000000433509
0x015b,17,0.000000433509
0x015d,17,0.000000433509
0x015f,17,0.000000433509
0x0161,17,0.000000433509
0x0164,17,0.000000433509
0x0166,17,0.000000433509
0x0167,17,0.000000433509
0x0168,17,0.000000433509
0x016a,17,0.000000433509
0x016b,17,0.000000433509
0x016d,17,0.000000433509
0x016f,17,0.000000433509
0x0172,17,0.000000433509
0x0173,13176,0.000335995276
0x0174,13176,0.000335995276
0x0176,13176,0.000335995276
0x0178,13176,0.000335995276
0x017a,13176,0.000335995276
0x017b,9966,0.000254138504
0x017d,9966,0.000254138504
0x017e,9864,0.000251537447
0x0180,9864,0.000251537447
0x0182,9864,0.000251537447
0x0183,3441,0.000087747400
0x0185,3441,0.000087747400
0x0186,3339,0.000085146344
0x0188,3339,0.000085146344
0x018a,3339,0.000085146344
0x018b,105,0.000002677558
0x018d,105,0.000002677558
0x018e,105,0.000002677558
0x018f,105,0.000002677558
0x0191,105,0.000002677558
0x0192,6,0.000000153003
0x0194,6,0.000000153003
0x0196,1975,0.000050363591
0x0197,1975,0.000050363591
0x0199,1975,0.000050363591
0x019b,1975,0.000050363591
0x019c,1607,0.000040979387
0x019d,1607,0.000040979387
0x019e,1607,0.000040979387
0x01a0,1607,0.000040979387
0x01a1,1607,0.000040979387
0x01a2,1607,0.000040979387
0x01a3,1607,0.000040979387
0x01a5,1607,0.000040979387
0x01a6,1607,0.000040979387
0x01a7,1607,0.000040979387
0x01a8,1607,0.000040979387
0x01ab,1607,0.000040979387
0x01ae,1607,0.000040979387
0x01af,1607,0.000040979387
0x01b0,1607,0.000040979387
0x01b1,1607,0.000040979387
0x01b2,1607,0.000040979387
0x01b3,1607,0.000040979387
0x01b4,1607,0.000040979387
0x01b5,1607,0.000040979387
0x01b6,1607,0.000040979387
0x01b7,1607,0.000040979387
0x01b8,1607,0.000040979387
0x01b9,1607,0.000040979387
0x01ba,1607,0.000040979387
0x01bb,1607,0.000040979387
0x01bd,1607,0.000040979387
0x01be,1607,0.000040979387
0x01c1,19927,0.000508149505
0x01c4,19927,0.000508149505
0x01c5,19927,0.000508149505
0x01c8,1607,0.000040979387
0x01c9,1607,0.000040979387
0x01ca,1607,0.000040979387
0x01d0,4778,0.000121841639
0x01d1,4778,0.000121841639
0x01d2,4778,0.000121841639
0x01d3,4778,0.000121841639
0x01d4,4778,0.000121841639
0x01d6,4778,0.000121841639
0x01d7,4778,0.000121841639
0x01d9,4778,0.000121841639
0x01dc,4778,0.000121841639
0x01dd,4778,0.000121841639
0x01e0,2707,0.000069029995
0x01e1,8,0.000000204004
0x01e4,1031,0.000026291069
0x01e7,1031,0.000026291069
0x01e9,1031,0.000026291069
0x01ed,124228,0.003167882605
0x01ee,124228,0.003167882605
0x01ef,124228,0.003167882605
0x01f0,124228,0.003167882605
0x01f3,124228,0.003167882605
0x01f4,124228,0.003167882605
0x01f7,4778,0.000121841639
0x0200,38670,0.000986106356
0x0201,38670,0.000986106356
0x0202,136,0.000003468075
0x0203,136,0.000003468075
0x0204,136,0.000003468075
0x0205,136,0.000003468075
0x0206,1607,0.000040979387
0x0207,1607,0.000040979387
0x0208,1607,0.000040979387
0x0209,1607,0.000040979387
0x020a,1607,0.000040979387
0x020b,1607,0.000040979387
0x020c,1607,0.000040979387
0x020d,1607,0.000040979387
0x020e,1607,0.000040979387
0x0210,10200,0.000260105633
0x0211,10200,0.000260105633
0x0213,10200,0.000260105633
0x0214,10200,0.000260105633
0x0215,2282,0.000058192260
0x0216,2282,0.000058192260
0x0217,255384,0.006512433037
0x0218,255384,0.006512433037
0x021a,255384,0.006512433037
0x021b,255384,0.006512433037
0x021c,37577,0.000958234252
0x021d,37577,0.000958234252
0x0220,41,0.000001045523
0x0221,41,0.000001045523
0x0222,41,0.000001045523
0x0223,41,0.000001045523
0x0224,41,0.000001045523
0x0225,41,0.000001045523
0x0226,41,0.000001045523
0x0227,41,0.000001045523
0x0228,41,0.000001045523
0x0229,41,0.000001045523
0x022a,41,0.000001045523
0x022b,41,0.000001045523
0x022c,41,0.000001045523
0x022e,41,0.000001045523
0x022f,41,0.000001045523
0x0230,41,0.000001045523
0x0231,41,0.000001045523
0x0232,41,0.000001045523
0x0258,80115,0.002042976744
0x0259,80115,0.002042976744
0x025a,80115,0.002042976744
0x025b,320,0.000008160177
0x025c,320,0.000008160177
0x025d,320,0.000008160177
0x025e,320,0.000008160177
0x025f,320,0.000008160177
0x0260,60076,0.001531971177
0x0263,60076,0.001531971177
0x0264,58309,0.001486911701
0x0267,58309,0.001486911701
0x0270,83575,0.002131208655
0x0271,83575,0.002131208655
0x0272,83575,0.002131208655
0x0273,83575,0.002131208655
0x0274,83575,0.002131208655
0x0275,83575,0.002131208655
0x0276,83575,0.002131208655
0x0277,58309,0.001486911701
0x0278,58309,0.001486911701
0x0279,58309,0.001486911701
0x027a,58309,0.001486911701
0x027b,58309,0.001486911701
0x027c,58309,0.001486911701
0x027d,58309,0.001486911701
0x0288,7,0.000000178504
0x028b,7,0.000000178504
0x028e,7,0.000000178504
0x0290,7,0.000000178504
0x0293,7,0.000000178504
0x0295,7,0.000000178504
0x0298,7,0.000000178504
0x029a,7,0.000000178504
0x02a7,7,0.000000178504
0x02aa,7,0.000000178504
0x02ab,7,0.000000178504
0x02ac,7,0.000000178504
0x02ad,1,0.000000025501
0x02b0,1,0.000000025501
0x02b3,1,0.000000025501
0x02b6,1,0.000000025501
0x02b9,1,0.000000025501
0x02bc,1,0.000000025501
0x02be,1,0.000000025501
0x02c0,1,0.000000025501
0x02c3,1,0.000000025501
0x02c5,1,0.000000025501
0x02c7,1,0.000000025501
0x02cb,1,0.000000025501
0x02cd,1,0.000000025501
0x02cf,1,0.000000025501
0x02d4,1,0.000000025501
0x02d7,1,0.000000025501
0x02d8,1,0.000000025501
0x02db,1,0.000000025501
0x02dd,1,0.000000025501
0x02e3,1,0.000000025501
0x02e5,1,0.000000025501
0x02e6,1,0.000000025501
0x02e7,1,0.000000025501
0x02e8,1,0.000000025501
0x02ea,1,0.000000025501
0x02ed,1,0.000000025501
0x02f0,1,0.000000025501
0x02f3,1,0.000000025501
0x02f6,1,0.000000025501
0x02f9,1,0.000000025501
0x02fc,1,0.000000025501
0x02fe,1,0.000000025501
0x0300,1,0.000000025501
0x0303,1,0.000000025501
0x0306,1,0.000000025501
0x0308,1,0.000000025501
0x030b,1,0.000000025501
0x030d,1,0.000000025501
0x0310,1,0.000000025501
0x0314,43,0.000001096524
0x0315,43,0.000001096524
0x0316,43,0.000001096524
0x0317,43,0.000001096524
0x0318,43,0.000001096524
0x0319,43,0.000001096524
0x031a,43,0.000001096524
0x031b,43,0.000001096524
0x031c,43,0.000001096524
0x031d,43,0.000001096524
0x031e,43,0.000001096524
0x0320,2,0.000000051001
0x0321,2,0.000000051001
0x0322,2,0.000000051001
0x0323,2,0.000000051001
0x0324,2,0.000000051001
0x0325,2,0.000000051001
0x0326,2,0.000000051001
0x0327,2,0.000000051001
0x0328,2,0.000000051001
0x0329,2,0.000000051001
0x032a,2,0.000000051001
0x032e,1,0.000000025501
0x0331,8,0.000000204004
0x0333,8,0.000000204004
0x0334,8,0.000000204004
0x0335,8,0.000000204004
0x0337,8,0.000000204004
0x033a,1,0.000000025501
0x033c,1,0.000000025501
0x033f,1,0.000000025501
0x0341,1,0.000000025501
0x0344,1,0.000000025501
0x0346,1,0.000000025501
0x0349,1,0.000000025501
0x034b,1,0.000000025501
0x034e,1,0.000000025501
0x0350,1,0.000000025501
0x0353,1,0.000000025501
0x0355,1,0.000000025501
0x0357,1,0.000000025501
0x0358,1,0.000000025501
0x035b,1,0.000000025501
0x035c,1,0.000000025501
0x035e,1,0.000000025501
0x035f,1,0.000000025501
0x0361,1,0.000000025501
0x0367,4,0.000000102002
0x0369,4,0.000000102002
0x036a,4,0.000000102002
0x036c,4,0.000000102002
0x036f,4,0.000000102002
0x0370,4,0.000000102002
0x0371,4,0.000000102002
0x0373,4,0.000000102002
0x0376,4,0.000000102002
0x0377,16435,0.000419101576
0x037a,16435,0.000419101576
0x037b,16435,0.000419101576
0x037c,16435,0.000419101576
0x037d,16435,0.000419101576
0x0380,37,0.000000943520
0x0383,37,0.000000943520
0x0386,37,0.000000943520
0x0389,13468,0.000343441438
0x038a,13468,0.000343441438
0x038b,13468,0.000343441438
0x038c,13468,0.000343441438
0x038d,13468,0.000343441438
0x038e,13468,0.000343441438
0x038f,13468,0.000343441438
0x0390,13468,0.000343441438
0x0393,962,0.000024531531
0x0394,962,0.000024531531
0x0395,962,0.000024531531
0x0396,962,0.000024531531
0x0397,962,0.000024531531
0x0398,962,0.000024531531
0x0399,962,0.000024531531
0x039a,962,0.000024531531
0x039d,37,0.000000943520
0x03a0,187,0.000004768603
0x03a3,187,0.000004768603
0x03a6,77792,0.001983738961
0x03a7,77792,0.001983738961
0x03a8,77792,0.001983738961
0x03a9,77792,0.001983738961
0x03aa,77792,0.001983738961
0x03ab,77792,0.001983738961
0x03ac,77792,0.001983738961
0x03af,187,0.000004768603
0x03b0,13182,0.000336148280
0x03b3,13182,0.000336148280
0x03b6,13182,0.000336148280
0x03b9,10320,0.000263165699
0x03bc,10320,0.000263165699
0x03bf,10317,0.000263089198
0x03c2,10317,0.000263089198
0x03c5,10317,0.000263089198
0x03c8,7440,0.000189724109
0x03cb,7440,0.000189724109
0x03ce,13176,0.000335995276
0x03d1,13176,0.000335995276
0x03d4,13176,0.000335995276
0x03d5,13176,0.000335995276
0x03d7,13176,0.000335995276
0x03d8,13176,0.000335995276
0x03d9,13176,0.000335995276
0x03e2,3,0.000000076502
0x03e5,3,0.000000076502
0x03e8,3,0.000000076502
0x03eb,3,0.000000076502
0x03ee,3,0.000000076502
0x03f1,6,0.000000153003
0x03f4,6,0.000000153003
0x03f5,6,0.000000153003
0x03f7,6,0.000000153003
0x03f8,6,0.000000153003
0x03fa,6,0.000000153003
0x03fb,6,0.000000153003
0x03fc,6,0.000000153003
0x03fd,6,0.000000153003
0x0400,18949,0.000483209965
0x0403,18949,0.000483209965
0x0406,18949,0.000483209965
0x0407,18949,0.000483209965
0x0408,18949,0.000483209965
0x0409,18949,0.000483209965
0x040a,18949,0.000483209965
0x040b,18949,0.000483209965
0x040c,18949,0.000483209965
0x040d,18949,0.000483209965
0x041e,38,0.000000969021
0x0421,38,0.000000969021
0x0423,38,0.000000969021
0x0424,38,0.000000969021
0x0427,38,0.000000969021
0x0429,38,0.000000969021
0x042a,38,0.000000969021
0x042d,38,0.000000969021
0x0430,6,0.000000153003
0x0433,6,0.000000153003
0x0435,6,0.000000153003
0x0436,6,0.000000153003
0x0438,6,0.000000153003
0x043a,6,0.000000153003
0x043b,6,0.000000153003
0x043d,6,0.000000153003
0x043f,6,0.000000153003
0x0440,2,0.000000051001
0x0441,2,0.000000051001
0x0442,2,0.000000051001
0x0443,2,0.000000051001
0x0445,2,0.000000051001
0x04ac,1290,0.000032895712
0x04af,1290,0.000032895712
0x04b0,1290,0.000032895712
0x04b1,1290,0.000032895712
0x04b2,1290,0.000032895712
0x04b4,1290,0.000032895712
0x04b5,1290,0.000032895712
0x04b6,1278,0.000032589706
0x04b8,1278,0.000032589706
0x04ba,1278,0.000032589706
0x04bd,1272,0.000032436702
0x04bf,1272,0.000032436702
0x04c1,1272,0.000032436702
0x04c2,1272,0.000032436702
0x04c4,1272,0.000032436702
0x04c6,1272,0.000032436702
0x04c9,645,0.000016447856
0x04cc,645,0.000016447856
0x04cd,645,0.000016447856
0x04d0,645,0.000016447856
0x04d1,645,0.000016447856
0x04d2,645,0.000016447856
0x04d4,645,0.000016447856
0x04d7,645,0.000016447856
0x04df,645,0.000016447856
0x04e1,645,0.000016447856
0x04e4,645,0.000016447856
0x04e6,627,0.000015988846
0x04e9,627,0.000015988846
0x04ea,627,0.000015988846
0x04eb,627,0.000015988846
0x04ee,627,0.000015988846
0x04f4,627,0.000015988846
0x04f6,627,0.000015988846
0x04f9,627,0.000015988846
0x04fb,3762,0.000095933078
0x04fd,3762,0.000095933078
0x04fe,3762,0.000095933078
0x0501,3762,0.000095933078
0x0502,3762,0.000095933078
0x0505,627,0.000015988846
0x0506,32,0.000000816018
0x0509,32,0.000000816018
0x050b,32,0.000000816018
0x050e,32,0.000000816018
0x0511,32,0.000000816018
0x0514,32,0.000000816018
0x0515,32,0.000000816018
0x0518,32,0.000000816018
0x051b,32,0.000000816018
0x051d,32,0.000000816018
0x0520,32,0.000000816018
0x0523,32,0.000000816018
0x0526,32,0.000000816018
0x0529,32,0.000000816018
0x052c,32,0.000000816018
0x052f,32,0.000000816018
0x0532,32,0.000000816018
0x0535,32,0.000000816018
0x0537,32,0.000000816018
0x053a,32,0.000000816018
0x053d,32,0.000000816018
0x0540,32,0.000000816018
0x0543,32,0.000000816018
0x0547,32,0.000000816018
0x054a,32,0.000000816018
0x054d,32,0.000000816018
0x054f,32,0.000000816018
0x0552,32,0.000000816018
0x0555,32,0.000000816018
0x0557,32,0.000000816018
0x055a,32,0.000000816018
0x0580,35,0.000000892519
0x0583,35,0.000000892519
0x0586,35,0.000000892519
0x0588,35,0.000000892519
0x0589,35,0.000000892519
0x058a,35,0.000000892519
0x058b,35,0.000000892519
0x058d,35,0.000000892519
0x0590,35,0.000000892519
0x0592,35,0.000000892519
0x0595,35,0.000000892519
0x05d8,186,0.000004743103
0x05d9,8712,0.000222160811
0x05da,8712,0.000222160811
0x05db,8712,0.000222160811
0x05dc,8712,0.000222160811
0x05df,186,0.000004743103
0x05e0,1996,0.000050899102
0x05e1,1996,0.000050899102
0x05e2,1996,0.000050899102
0x05e3,1996,0.000050899102
0x05e4,1996,0.000050899102
0x05e5,1996,0.000050899102
0x05e8,76,0.000001938042
0x05ec,32,0.000000816018
0x05ef,32,0.000000816018
0x05f2,32,0.000000816018
0x05f4,32,0.000000816018
0x05f5,32,0.000000816018
0x05f6,32,0.000000816018
0x05f7,32,0.000000816018
0x05f8,32,0.000000816018
0x05f9,32,0.000000816018
0x05fa,200,0.000005100110
0x05fd,200,0.000005100110
0x0600,200,0.000005100110
0x0601,200,0.000005100110
0x0602,200,0.000005100110
0x0603,3045,0.000077649182
0x0604,3045,0.000077649182
0x0605,3045,0.000077649182
0x0606,3045,0.000077649182
0x0607,3045,0.000077649182
0x0608,3045,0.000077649182
0x0609,3045,0.000077649182
0x060a,3045,0.000077649182
0x060d,191,0.000004870605
0x0610,32,0.000000816018
0x0613,32,0.000000816018
0x0616,32,0.000000816018
0x0617,32,0.000000816018
0x0619,32,0.000000816018
0x061a,32,0.000000816018
0x061b,32,0.000000816018
0x061c,32,0.000000816018
0x061d,32,0.000000816018
0x061e,32,0.000000816018
0x061f,32,0.000000816018
0x0621,32,0.000000816018
0x0624,32,0.000000816018
0x0627,32,0.000000816018
0x0628,32,0.000000816018
0x0629,32,0.000000816018
0x062a,357,0.000009103697
0x062b,357,0.000009103697
0x062c,357,0.000009103697
0x062d,357,0.000009103697
0x062e,357,0.000009103697
0x062f,357,0.000009103697
0x0630,357,0.000009103697
0x0631,357,0.000009103697
0x0632,357,0.000009103697
0x0633,357,0.000009103697
0x0634,357,0.000009103697
0x0635,357,0.000009103697
0x0638,23,0.000000586513
0x0650,32,0.000000816018
0x0653,32,0.000000816018
0x0656,32,0.000000816018
0x0658,32,0.000000816018
0x0659,32,0.000000816018
0x065a,32,0.000000816018
0x065b,32,0.000000816018
0x065c,32,0.000000816018
0x065d,32,0.000000816018
0x065e,32,0.000000816018
0x0661,32,0.000000816018
0x0664,32,0.000000816018
0x0665,32,0.000000816018
0x0666,32,0.000000816018
0x0667,357,0.000009103697
0x0668,357,0.000009103697
0x0669,357,0.000009103697
0x066a,357,0.000009103697
0x066b,357,0.000009103697
0x066c,357,0.000009103697
0x066f,23,0.000000586513
0x067a,4891,0.000124723201
0x067d,4891,0.000124723201
0x067e,4891,0.000124723201
0x067f,4891,0.000124723201
0x0682,4891,0.000124723201
0x0684,4891,0.000124723201
0x0685,616,0.000015708340
0x0688,616,0.000015708340
0x068b,616,0.000015708340
0x068c,616,0.000015708340
0x068d,616,0.000015708340
0x068e,616,0.000015708340
0x068f,616,0.000015708340
0x0691,616,0.000015708340
0x0692,616,0.000015708340
0x0693,616,0.000015708340
0x0695,616,0.000015708340
0x0696,616,0.000015708340
0x0697,616,0.000015708340
0x0698,616,0.000015708340
0x0699,16037,0.000408952356
0x069a,16037,0.000408952356
0x069b,16037,0.000408952356
0x069c,16037,0.000408952356
0x069d,16037,0.000408952356
0x069e,16037,0.000408952356
0x069f,16037,0.000408952356
0x06a2,2464,0.000062833361
0x06a3,2464,0.000062833361
0x06a4,2464,0.000062833361
0x06a5,2464,0.000062833361
0x06a8,616,0.000015708340
0x06a9,616,0.000015708340
0x06ac,616,0.000015708340
0x06b0,4492,0.000114548481
0x06b3,4492,0.000114548481
0x06b6,4492,0.000114548481
0x06b7,4492,0.000114548481
0x06b8,4492,0.000114548481
0x06b9,29,0.000000739516
0x06ba,29,0.000000739516
0x06bb,29,0.000000739516
0x06bc,29,0.000000739516
0x06bd,29,0.000000739516
0x06be,29,0.000000739516
0x06bf,29,0.000000739516
0x06c0,29,0.000000739516
0x06c1,29,0.000000739516
0x06c2,29,0.000000739516
0x06c3,29,0.000000739516
0x06c4,29,0.000000739516
0x06c5,29,0.000000739516
0x06c8,29,0.000000739516
0x06ca,29,0.000000739516
0x06cb,29,0.000000739516
0x06cc,29,0.000000739516
0x06cd,29,0.000000739516
0x06cf,29,0.000000739516
0x06d0,29,0.000000739516
0x06d1,29,0.000000739516
0x06d2,29,0.000000739516
0x06d3,29,0.000000739516
0x06d4,29,0.000000739516
0x06d5,29,0.000000739516
0x06d7,29,0.000000739516
0x06d8,29,0.000000739516
0x06da,29,0.000000739516
0x06db,29,0.000000739516
0x06de,29,0.000000739516
0x06df,29,0.000000739516
0x06e1,29,0.000000739516
0x06e2,29,0.000000739516
0x06e3,29,0.000000739516
0x06e4,29,0.000000739516
0x06e7,29,0.000000739516
0x06e8,645,0.000016447856
0x06eb,645,0.000016447856
0x06ed,645,0.000016447856
0x06f0,4492,0.000114548481
0x06f3,4492,0.000114548481
0x06f6,4492,0.000114548481
0x0700,13507,0.000344435959
0x0703,13507,0.000344435959
0x0706,40521,0.001033307878
0x0709,40521,0.001033307878
0x070a,40521,0.001033307878
0x070c,40521,0.001033307878
0x070d,40521,0.001033307878
0x070f,40521,0.001033307878
0x0710,40521,0.001033307878
0x0711,40521,0.001033307878
0x0713,40521,0.001033307878
0x0716,13507,0.000344435959
0x0718,135021,0.003443110066
0x071b,135021,0.003443110066
0x0720,135021,0.003443110066
0x0721,135021,0.003443110066
0x0722,135021,0.003443110066
0x0724,135021,0.003443110066
0x0725,55148,0.001406304456
0x0726,55148,0.001406304456
0x0728,55148,0.001406304456
0x0729,55148,0.001406304456
0x072a,55148,0.001406304456
0x072b,55148,0.001406304456
0x072c,55148,0.001406304456
0x072e,55148,0.001406304456
0x0730,55148,0.001406304456
0x0731,55148,0.001406304456
0x0733,55148,0.001406304456
0x0734,55148,0.001406304456
0x0740,135021,0.003443110066
0x0741,135021,0.003443110066
0x0742,135021,0.003443110066
0x0744,135021,0.003443110066
0x0745,57964,0.001478114011
0x0746,57964,0.001478114011
0x0748,57964,0.001478114011
0x0749,57964,0.001478114011
0x074a,57964,0.001478114011
0x074b,57964,0.001478114011
0x074c,57964,0.001478114011
0x074d,57964,0.001478114011
0x074f,57964,0.001478114011
0x0750,57964,0.001478114011
0x0751,57964,0.001478114011
0x0752,57964,0.001478114011
0x0754,57964,0.001478114011
0x0755,57964,0.001478114011
0x0757,57964,0.001478114011
0x0758,57964,0.001478114011
0x0763,9782,0.000249446402
0x0764,9782,0.000249446402
0x0765,9782,0.000249446402
0x0766,9782,0.000249446402
0x0767,9782,0.000249446402
0x0768,9782,0.000249446402
0x0769,9782,0.000249446402
0x076a,9782,0.000249446402
0x076b,9782,0.000249446402
0x076d,12502,0.000318807904
0x076e,12502,0.000318807904
0x076f,12502,0.000318807904
0x0770,12502,0.000318807904
0x0771,12502,0.000318807904
0x0772,12502,0.000318807904
0x0773,12502,0.000318807904
0x0774,12502,0.000318807904
0x0775,12502,0.000318807904
0x0776,12502,0.000318807904
0x0779,25341,0.000646209495
0x077a,25341,0.000646209495
0x077b,25341,0.000646209495
0x077c,25341,0.000646209495
0x077d,25341,0.000646209495
0x077e,25341,0.000646209495
0x077f,25341,0.000646209495
0x0780,25341,0.000646209495
0x0783,25341,0.000646209495
0x0784,25341,0.000646209495
0x0785,25341,0.000646209495
0x0786,25341,0.000646209495
0x0788,25413,0.000648045534
0x0789,25413,0.000648045534
0x078a,25413,0.000648045534
0x078b,25413,0.000648045534
0x078c,25413,0.000648045534
0x078d,25413,0.000648045534
0x078e,25413,0.000648045534
0x078f,25413,0.000648045534
0x0790,25413,0.000648045534
0x0792,25413,0.000648045534
0x0793,25413,0.000648045534
0x0794,25413,0.000648045534
0x0795,25413,0.000648045534
0x0798,25413,0.000648045534
0x0799,25413,0.000648045534
0x079a,25413,0.000648045534
0x079b,25413,0.000648045534
0x079e,2526,0.000064414395
0x079f,2526,0.000064414395
0x07a0,2526,0.000064414395
0x07a1,2526,0.000064414395
0x07a2,2526,0.000064414395
0x07a3,2526,0.000064414395
0x07a4,2526,0.000064414395
0x07a5,2526,0.000064414395
0x07a6,2526,0.000064414395
0x07a7,2526,0.000064414395
0x07a8,2526,0.000064414395
0x07aa,2529,0.000064490897
0x07ab,2529,0.000064490897
0x07ac,2529,0.000064490897
0x07ad,2529,0.000064490897
0x07ae,2529,0.000064490897
0x07af,2529,0.000064490897
0x07b0,2529,0.000064490897
0x07b1,2529,0.000064490897
0x07b2,2529,0.000064490897
0x07b4,2529,0.000064490897
0x07b5,2529,0.000064490897
0x07b6,2529,0.000064490897
0x07b7,2529,0.000064490897
0x07b8,2529,0.000064490897
0x07b9,2529,0.000064490897
0x07ba,2529,0.000064490897
0x07bb,2529,0.000064490897
0x07be,17499,0.000446234164
0x07bf,17499,0.000446234164
0x07c0,17499,0.000446234164
0x07c1,17499,0.000446234164
0x07c2,17499,0.000446234164
0x07c3,17499,0.000446234164
0x07c4,17499,0.000446234164
0x07c5,17499,0.000446234164
0x07c6,17499,0.000446234164
0x07c7,17499,0.000446234164
0x07ca,17499,0.000446234164
0x07cb,17499,0.000446234164
0x07cc,17499,0.000446234164
0x07cd,17499,0.000446234164
0x07ce,17499,0.000446234164
0x07cf,17499,0.000446234164
0x07d2,17520,0.000446769675
0x07d3,17520,0.000446769675
0x07d4,17520,0.000446769675
0x07d5,17520,0.000446769675
0x07d6,17520,0.000446769675
0x07d7,17520,0.000446769675
0x07d8,17520,0.000446769675
0x07d9,17520,0.000446769675
0x07da,17520,0.000446769675
0x07dc,17549,0.000447509191
0x07dd,17549,0.000447509191
0x07de,17549,0.000447509191
0x07df,17549,0.000447509191
0x07e0,17549,0.000447509191
0x07e1,17549,0.000447509191
0x07e2,17549,0.000447509191
0x07e3,17549,0.000447509191
0x07e4,17549,0.000447509191
0x07e7,17549,0.000447509191
0x07e8,17549,0.000447509191
0x07e9,17549,0.000447509191
0x07ea,17549,0.000447509191
0x07eb,17549,0.000447509191
0x07ec,17549,0.000447509191
0x07ed,17549,0.000447509191
0x07ee,17549,0.000447509191
0x07f0,6,0.000000153003
0x07f3,6,0.000000153003
0x07f6,6,0.000000153003
0x07f9,6,0.000000153003
0x0800,15435,0.000393601024
0x0803,15435,0.000393601024
0x0806,15435,0.000393601024
0x0807,15435,0.000393601024
0x0809,15435,0.000393601024
0x080a,15435,0.000393601024
0x080b,15435,0.000393601024
0x080c,15435,0.000393601024
0x080d,15435,0.000393601024
0x080e,15435,0.000393601024
0x080f,15435,0.000393601024
0x0834,1324,0.000033762731
0x0837,1324,0.000033762731
0x083a,1324,0.000033762731
0x083b,1324,0.000033762731
0x083c,1324,0.000033762731
0x083e,1324,0.000033762731
0x083f,168,0.000004284093
0x0842,168,0.000004284093
0x0845,168,0.000004284093
0x0848,381,0.000009715710
0x084b,381,0.000009715710
0x084c,381,0.000009715710
0x084d,381,0.000009715710
0x084e,11,0.000000280506
0x0850,11,0.000000280506
0x0851,11,0.000000280506
0x0853,11,0.000000280506
0x0855,11,0.000000280506
0x085a,168,0.000004284093
0x085d,168,0.000004284093
0x085f,168,0.000004284093
0x0860,136,0.000003468075
0x0862,136,0.000003468075
0x0864,136,0.000003468075
0x0865,104,0.000002652057
0x0867,104,0.000002652057
0x0869,104,0.000002652057
0x086a,72,0.000001836040
0x086c,72,0.000001836040
0x086e,72,0.000001836040
0x086f,40,0.000001020022
0x0871,40,0.000001020022
0x0876,13507,0.000344435959
0x0879,13507,0.000344435959
0x087c,13507,0.000344435959
0x087f,13507,0.000344435959
0x0882,13507,0.000344435959
0x0885,13507,0.000344435959
0x0886,13507,0.000344435959
0x0889,13507,0.000344435959
0x088b,74281,0.001894206522
0x088c,74281,0.001894206522
0x088d,74281,0.001894206522
0x088e,74281,0.001894206522
0x088f,74281,0.001894206522
0x0890,74281,0.001894206522
0x0891,74281,0.001894206522
0x0892,74281,0.001894206522
0x0893,74281,0.001894206522
0x0894,74281,0.001894206522
0x0897,20259,0.000516615688
0x08a0,13507,0.000344435959
0x08a3,13507,0.000344435959
0x08a6,13507,0.000344435959
0x08a9,13507,0.000344435959
0x08ac,13507,0.000344435959
0x08ae,13507,0.000344435959
0x08b0,13507,0.000344435959
0x08b1,1280,0.000032640707
0x08b4,1280,0.000032640707
0x08b7,1280,0.000032640707
0x08c4,13507,0.000344435959
0x08c7,13507,0.000344435959
0x08c8,13507,0.000344435959
0x08ca,13507,0.000344435959
0x08cd,13321,0.000339692857
0x08cf,13321,0.000339692857
0x08d0,13321,0.000339692857
0x08d1,13321,0.000339692857
0x08d4,12745,0.000325004538
0x08d6,12745,0.000325004538
0x08d9,12745,0.000325004538
0x08dc,3,0.000000076502
0x08de,3,0.000000076502
0x08e0,3,0.000000076502
0x08e2,3,0.000000076502
0x08e3,3,0.000000076502
0x08e5,3,0.000000076502
0x08e6,3,0.000000076502
0x08e8,3,0.000000076502
0x08ea,579,0.000014764820
0x08eb,13321,0.000339692857
0x08ed,13321,0.000339692857
0x08f0,13321,0.000339692857
0x08f3,13321,0.000339692857
0x0900,13321,0.000339692857
0x0903,13321,0.000339692857
0x0904,13321,0.000339692857
0x0906,13321,0.000339692857
0x0907,10226,0.000260768647
0x0909,10226,0.000260768647
0x090c,5213,0.000132934379
0x090d,5213,0.000132934379
0x090f,5213,0.000132934379
0x0910,5112,0.000130358823
0x0911,5112,0.000130358823
0x0913,5112,0.000130358823
0x0916,5112,0.000130358823
0x0917,5013,0.000127834268
0x0918,5013,0.000127834268
0x091a,5013,0.000127834268
0x091b,5013,0.000127834268
0x091c,5013,0.000127834268
0x091e,5013,0.000127834268
0x0921,5013,0.000127834268
0x0926,13662,0.000348388545
0x0927,13662,0.000348388545
0x0929,13662,0.000348388545
0x092a,13662,0.000348388545
0x092b,13662,0.000348388545
0x092c,13662,0.000348388545
0x092d,13662,0.000348388545
0x092e,13662,0.000348388545
0x0930,14787,0.000377076666
0x0931,14787,0.000377076666
0x0933,14787,0.000377076666
0x0936,9580,0.000244295291
0x0937,9580,0.000244295291
0x0939,9580,0.000244295291
0x093c,9580,0.000244295291
0x093d,341,0.000008695688
0x093e,341,0.000008695688
0x0940,341,0.000008695688
0x0941,341,0.000008695688
0x0942,341,0.000008695688
0x0944,341,0.000008695688
0x0945,341,0.000008695688
0x0946,341,0.000008695688
0x0947,341,0.000008695688
0x094a,341,0.000008695688
0x094c,341,0.000008695688
0x094d,341,0.000008695688
0x094e,341,0.000008695688
0x0951,341,0.000008695688
0x0953,341,0.000008695688
0x0954,341,0.000008695688
0x0955,341,0.000008695688
0x0956,341,0.000008695688
0x0959,341,0.000008695688
0x095c,341,0.000008695688
0x095e,341,0.000008695688
0x0961,341,0.000008695688
0x0964,5207,0.000132781376
0x0965,5207,0.000132781376
0x0966,5207,0.000132781376
0x0967,5207,0.000132781376
0x0968,5207,0.000132781376
0x096a,5207,0.000132781376
0x096b,5207,0.000132781376
0x096d,5207,0.000132781376
0x096e,265,0.000006757646
0x096f,265,0.000006757646
0x0970,265,0.000006757646
0x0971,265,0.000006757646
0x0972,265,0.000006757646
0x0974,265,0.000006757646
0x0975,265,0.000006757646
0x097a,13507,0.000344435959
0x097d,13507,0.000344435959
0x097e,13507,0.000344435959
0x0980,13507,0.000344435959
0x0981,13507,0.000344435959
0x0984,13507,0.000344435959
0x0985,13507,0.000344435959
0x0986,13507,0.000344435959
0x0987,13507,0.000344435959
0x0988,13507,0.000344435959
0x098b,13507,0.000344435959
0x098c,13507,0.000344435959
0x098d,13507,0.000344435959
0x098e,13507,0.000344435959
0x0991,13507,0.000344435959
0x09a0,13539,0.000345251977
0x09a3,13539,0.000345251977
0x09a6,40617,0.001035755931
0x09a9,40617,0.001035755931
0x09aa,40617,0.001035755931
0x09ab,40617,0.001035755931
0x09ac,40617,0.001035755931
0x09ad,40617,0.001035755931
0x09ae,40617,0.001035755931
0x09af,40617,0.001035755931
0x09b0,40617,0.001035755931
0x09b2,40617,0.001035755931
0x09b5,13539,0.000345251977
0x09ba,106840,0.002724479003
0x09bd,106840,0.002724479003
0x09be,106840,0.002724479003
0x09c0,106840,0.002724479003
0x09c1,106840,0.002724479003
0x09c2,106840,0.002724479003
0x09c3,106840,0.002724479003
0x09c4,106840,0.002724479003
0x09c5,106840,0.002724479003
0x09c6,106840,0.002724479003
0x09c7,106840,0.002724479003
0x09c8,106840,0.002724479003
0x09c9,106840,0.002724479003
0x09ca,106840,0.002724479003
0x09cc,106840,0.002724479003
0x09cd,106840,0.002724479003
0x09ce,106840,0.002724479003
0x09cf,106840,0.002724479003
0x09d0,106840,0.002724479003
0x09d1,106840,0.002724479003
0x0a50,3037,0.000077445177
0x0a53,3037,0.000077445177
0x0a56,60740,0.001548903544
0x0a57,60740,0.001548903544
0x0a5a,60740,0.001548903544
0x0a5b,60740,0.001548903544
0x0a5c,60740,0.001548903544
0x0a5e,60740,0.001548903544
0x0a5f,60740,0.001548903544
0x0a61,60740,0.001548903544
0x0a62,60740,0.001548903544
0x0a63,60740,0.001548903544
0x0a64,60740,0.001548903544
0x0a67,3037,0.000077445177
0x0a6c,2897,0.000073875100
0x0a6f,2897,0.000073875100
0x0a72,57940,0.001477501998
0x0a73,57940,0.001477501998
0x0a74,57940,0.001477501998
0x0a75,57940,0.001477501998
0x0a77,57940,0.001477501998
0x0a7a,32463,0.000827824428
0x0a7b,32463,0.000827824428
0x0a7c,32463,0.000827824428
0x0a7d,32463,0.000827824428
0x0a7e,32463,0.000827824428
0x0a7f,32463,0.000827824428
0x0a80,32463,0.000827824428
0x0a81,32463,0.000827824428
0x0a82,32463,0.000827824428
0x0a83,32463,0.000827824428
0x0a84,32463,0.000827824428
0x0a85,32463,0.000827824428
0x0a86,32463,0.000827824428
0x0a87,32463,0.000827824428
0x0a8a,57940,0.001477501998
0x0a8b,57940,0.001477501998
0x0a8c,57940,0.001477501998
0x0a8d,57940,0.001477501998
0x0a8f,57940,0.001477501998
0x0a90,57940,0.001477501998
0x0a91,57940,0.001477501998
0x0a93,57940,0.001477501998
0x0a94,57940,0.001477501998
0x0a96,57940,0.001477501998
0x0a99,2897,0.000073875100
0x0aa0,186,0.000004743103
0x0aa2,186,0.000004743103
0x0aa3,186,0.000004743103
0x0aa4,186,0.000004743103
0x0aa5,186,0.000004743103
0x0aa8,186,0.000004743103
0x0aa9,186,0.000004743103
0x0aac,186,0.000004743103
0x0aae,186,0.000004743103
0x0aaf,186,0.000004743103
0x0ab0,186,0.000004743103
0x0ab3,186,0.000004743103
0x0ab5,186,0.000004743103
0x0ab8,183,0.000004666601
0x0abb,183,0.000004666601
0x0abd,183,0.000004666601
0x0abe,183,0.000004666601
0x0abf,183,0.000004666601
0x0ac0,183,0.000004666601
0x0ac1,183,0.000004666601
0x0ad6,5904,0.000150555260
0x0ad7,5904,0.000150555260
0x0ad8,23616,0.000602221042
0x0ad9,23616,0.000602221042
0x0ada,23616,0.000602221042
0x0adb,23616,0.000602221042
0x0adc,23616,0.000602221042
0x0add,23616,0.000602221042
0x0ae0,5904,0.000150555260
0x0ae1,5904,0.000150555260
0x0ae2,5904,0.000150555260
0x0ae5,5904,0.000150555260
0x0ae6,5904,0.000150555260
0x0ae9,2574,0.000065638421
0x0aea,1152,0.000029376636
0x0aed,1152,0.000029376636
0x0aee,1152,0.000029376636
0x0af0,1152,0.000029376636
0x0af1,1152,0.000029376636
0x0af4,1152,0.000029376636
0x0af6,1152,0.000029376636
0x0af7,1152,0.000029376636
0x0af8,1152,0.000029376636
0x0af9,1152,0.000029376636
0x0afc,1152,0.000029376636
0x0afd,1152,0.000029376636
0x0afe,1152,0.000029376636
0x0b00,1152,0.000029376636
0x0b01,1152,0.000029376636
0x0b02,1152,0.000029376636
0x0b05,1140,0.000029070630
0x0b07,1140,0.000029070630
0x0b0a,768,0.000019584424
0x0b0d,756,0.000019278418
0x0b15,12,0.000000306007
0x0b16,12,0.000000306007
0x0b18,12,0.000000306007
0x0b19,12,0.000000306007
0x0b1a,12,0.000000306007
0x0b1c,12,0.000000306007
0x0b1d,12,0.000000306007
0x0b1e,12,0.000000306007
0x0b1f,12,0.000000306007
0x0b20,3,0.000000076502
0x0b21,3,0.000000076502
0x0b22,3,0.000000076502
0x0b25,3,0.000000076502
0x0b26,3,0.000000076502
0x0b27,3,0.000000076502
0x0b28,3,0.000000076502
0x0b29,2,0.000000051001
0x0b2b,2,0.000000051001
0x0b2d,2,0.000000051001
0x0b48,3,0.000000076502
0x0b4b,3,0.000000076502
0x0b4e,3,0.000000076502
0x0b50,3,0.000000076502
0x0b51,3,0.000000076502
0x0b53,3,0.000000076502
0x0b54,3,0.000000076502
0x0b55,3,0.000000076502
0x0b57,3,0.000000076502
0x0b59,3,0.000000076502
0x0b5a,3,0.000000076502
0x0b60,1034,0.000026367571
0x0b63,1034,0.000026367571
0x0b64,1034,0.000026367571
0x0b65,1034,0.000026367571
0x0b67,1034,0.000026367571
0x0b6a,1027,0.000026189067
0x0b6d,1027,0.000026189067
0x0b6f,1027,0.000026189067
0x0b71,1027,0.000026189067
0x0b74,4,0.000000102002
0x0b77,4,0.000000102002
0x0b79,4,0.000000102002
0x0b7b,4,0.000000102002
0x0b7c,4,0.000000102002
0x0b7d,4,0.000000102002
0x0b7e,4,0.000000102002
0x0b7f,4,0.000000102002
0x0b80,4,0.000000102002
0x0b82,4,0.000000102002
0x0b83,4,0.000000102002
0x0b84,4,0.000000102002
0x0b85,4,0.000000102002
0x0b87,4,0.000000102002
0x0b88,4,0.000000102002
0x0b89,4,0.000000102002
0x0b8a,4,0.000000102002
0x0b8b,4,0.000000102002
0x0b95,1023,0.000026087065
0x0b98,1023,0.000026087065
0x0b9b,1023,0.000026087065
0x0ba0,372,0.000009486205
0x0ba3,372,0.000009486205
0x0ba4,372,0.000009486205
0x0ba6,372,0.000009486205
0x0ba8,372,0.000009486205
0x0ba9,248,0.000006324137
0x0bab,248,0.000006324137
0x0bac,155,0.000003952586
0x0bad,155,0.000003952586
0x0bae,155,0.000003952586
0x0baf,155,0.000003952586
0x0bb2,155,0.000003952586
0x0bba,756,0.000019278418
0x0bbb,756,0.000019278418
0x0bbc,756,0.000019278418
0x0bbf,384,0.000009792212
0x0bc0,384,0.000009792212
0x0bc1,384,0.000009792212
0x0bc4,192,0.000004896106
0x0bca,3,0.000000076502
0x0bcd,3,0.000000076502
0x0bd0,3,0.000000076502
0x0bd2,3,0.000000076502
0x0bd3,3,0.000000076502
0x0bd4,3,0.000000076502
0x0bd6,3,0.000000076502
0x0bd9,3,0.000000076502
0x0bdc,3,0.000000076502
0x0bdf,3,0.000000076502
0x0be2,3,0.000000076502
0x0be5,3,0.000000076502
0x0be8,3,0.000000076502
0x0beb,3,0.000000076502
0x0bee,3,0.000000076502
0x0bf1,3,0.000000076502
0x0c00,11,0.000000280506
0x0c01,11,0.000000280506
0x0c02,11,0.000000280506
0x0c04,11,0.000000280506
0x0c05,11,0.000000280506
0x0c07,11,0.000000280506
0x0c08,11,0.000000280506
0x0c09,11,0.000000280506
0x0c0a,11,0.000000280506
0x0c0b,11,0.000000280506
0x0c0c,11,0.000000280506
0x0c0f,11,0.000000280506
0x0c10,11,0.000000280506
0x0c11,11,0.000000280506
0x0c13,11,0.000000280506
0x0c16,9,0.000000229505
0x0c18,9,0.000000229505
0x0c1b,3,0.000000076502
0x0c1e,3,0.000000076502
0x0c20,3,0.000000076502
0x0c23,3,0.000000076502
0x0c40,6752,0.000172179729
0x0c43,6752,0.000172179729
0x0c45,6752,0.000172179729
0x0c48,6752,0.000172179729
0x0c4b,6752,0.000172179729
0x0c4e,6752,0.000172179729
0x0c51,6752,0.000172179729
0x0c56,6752,0.000172179729
0x0c59,33760,0.000860898644
0x0c5a,33760,0.000860898644
0x0c5d,33760,0.000860898644
0x0c5e,33760,0.000860898644
0x0c5f,33760,0.000860898644
0x0c61,33760,0.000860898644
0x0c62,33760,0.000860898644
0x0c64,33760,0.000860898644
0x0c67,6752,0.000172179729
0x0c6b,6752,0.000172179729
0x0c6e,6752,0.000172179729
0x0c71,33760,0.000860898644
0x0c74,33760,0.000860898644
0x0c75,33760,0.000860898644
0x0c76,33760,0.000860898644
0x0c77,33760,0.000860898644
0x0c78,33760,0.000860898644
0x0c79,33760,0.000860898644
0x0c7a,33760,0.000860898644
0x0c7b,33760,0.000860898644
0x0c7d,33760,0.000860898644
0x0c80,6752,0.000172179729
0x0c84,33760,0.000860898644
0x0c85,33760,0.000860898644
0x0c87,33760,0.000860898644
0x0c88,4744,0.000120974620
0x0c89,4744,0.000120974620
0x0c8a,4744,0.000120974620
0x0c8b,4744,0.000120974620
0x0c8c,4744,0.000120974620
0x0c8e,4744,0.000120974620
0x0c8f,4744,0.000120974620
0x0c90,4744,0.000120974620
0x0c91,4744,0.000120974620
0x0c92,4744,0.000120974620
0x0c94,4744,0.000120974620
0x0c95,4744,0.000120974620
0x0c97,4744,0.000120974620
0x0c9a,4616,0.000117710549
0x0c9b,4616,0.000117710549
0x0c9e,4616,0.000117710549
0x0c9f,4616,0.000117710549
0x0ca0,4616,0.000117710549
0x0ca2,4616,0.000117710549
0x0ca3,4616,0.000117710549
0x0ca4,4616,0.000117710549
0x0ca5,4616,0.000117710549
0x0ca6,4616,0.000117710549
0x0ca7,4616,0.000117710549
0x0ca8,4616,0.000117710549
0x0ca9,4616,0.000117710549
0x0caa,4616,0.000117710549
0x0cac,4616,0.000117710549
0x0caf,4607,0.000117481044
0x0cb4,4616,0.000117710549
0x0cb6,4616,0.000117710549
0x0cb7,1039,0.000026495074
0x0cb9,1039,0.000026495074
0x0cba,527,0.000013438791
0x0cbd,527,0.000013438791
0x0cbe,527,0.000013438791
0x0cbf,143,0.000003646579
0x0cc2,143,0.000003646579
0x0cc3,143,0.000003646579
0x0cc4,12,0.000000306007
0x0cc6,12,0.000000306007
0x0cc9,12,0.000000306007
0x0ccb,12,0.000000306007
0x0cce,12,0.000000306007
0x0cd0,12,0.000000306007
0x0cd3,12,0.000000306007
0x0cd8,6752,0.000172179729
0x0cdb,6752,0.000172179729
0x0cde,33760,0.000860898644
0x0cdf,33760,0.000860898644
0x0ce2,33760,0.000860898644
0x0ce3,33760,0.000860898644
0x0ce4,33760,0.000860898644
0x0ce6,33760,0.000860898644
0x0ce7,33760,0.000860898644
0x0ce9,33760,0.000860898644
0x0cea,33760,0.000860898644
0x0ceb,33760,0.000860898644
0x0cec,33760,0.000860898644
0x0cef,6752,0.000172179729
0x0cf4,3,0.000000076502
0x0cf5,3,0.000000076502
0x0cf6,3,0.000000076502
0x0d1c,2866,0.000073084583
0x0d1f,2866,0.000073084583
0x0d22,45856,0.001169353324
0x0d25,45856,0.001169353324
0x0d26,45856,0.001169353324
0x0d27,45856,0.001169353324
0x0d28,45856,0.001169353324
0x0d2a,45856,0.001169353324
0x0d2b,45856,0.001169353324
0x0d2e,2866,0.000073084583
0x0d30,45856,0.001169353324
0x0d31,45856,0.001169353324
0x0d32,45856,0.001169353324
0x0d33,45856,0.001169353324
0x0d34,45856,0.001169353324
0x0d35,45856,0.001169353324
0x0d37,45856,0.001169353324
0x0d38,32101,0.000818593228
0x0d39,32101,0.000818593228
0x0d3a,32101,0.000818593228
0x0d3b,32101,0.000818593228
0x0d3c,32101,0.000818593228
0x0d3e,32101,0.000818593228
0x0d3f,32101,0.000818593228
0x0d41,32101,0.000818593228
0x0d42,32101,0.000818593228
0x0d43,32101,0.000818593228
0x0d46,29493,0.000752087788
0x0d47,29493,0.000752087788
0x0d48,29493,0.000752087788
0x0d4b,4213,0.000107433827
0x0d4c,4213,0.000107433827
0x0d4d,4213,0.000107433827
0x0d4e,4213,0.000107433827
0x0d4f,6821,0.000173939267
0x0d50,6821,0.000173939267
0x0d51,6821,0.000173939267
0x0d52,6821,0.000173939267
0x0d53,6821,0.000173939267
0x0d54,6821,0.000173939267
0x0d55,6821,0.000173939267
0x0d57,6821,0.000173939267
0x0d58,6821,0.000173939267
0x0d59,2797,0.000071325045
0x0d5a,2797,0.000071325045
0x0d5e,25280,0.000644653961
0x0d5f,25280,0.000644653961
0x0d60,25280,0.000644653961
0x0d61,25280,0.000644653961
0x0d62,25280,0.000644653961
0x0d64,25280,0.000644653961
0x0d65,25280,0.000644653961
0x0d66,3861,0.000098457632
0x0d67,3861,0.000098457632
0x0d70,2865,0.000073059082
0x0d73,2865,0.000073059082
0x0d76,45840,0.001168945315
0x0d79,45840,0.001168945315
0x0d7a,45840,0.001168945315
0x0d7c,45840,0.001168945315
0x0d7d,45840,0.001168945315
0x0d7f,45840,0.001168945315
0x0d80,45840,0.001168945315
0x0d83,2865,0.000073059082
0x0d86,45840,0.001168945315
0x0d87,45840,0.001168945315
0x0d88,45840,0.001168945315
0x0d89,45840,0.001168945315
0x0d8a,45840,0.001168945315
0x0d8b,45840,0.001168945315
0x0d8d,45840,0.001168945315
0x0d8e,32085,0.000818185219
0x0d8f,32085,0.000818185219
0x0d90,32085,0.000818185219
0x0d91,32085,0.000818185219
0x0d94,32085,0.000818185219
0x0d95,32085,0.000818185219
0x0d96,32085,0.000818185219
0x0d97,32085,0.000818185219
0x0d99,32085,0.000818185219
0x0d9a,32085,0.000818185219
0x0d9c,32085,0.000818185219
0x0d9d,32085,0.000818185219
0x0d9f,32085,0.000818185219
0x0da0,32085,0.000818185219
0x0da1,32085,0.000818185219
0x0da2,32085,0.000818185219
0x0da3,32085,0.000818185219
0x0da4,32085,0.000818185219
0x0da5,32085,0.000818185219
0x0da6,32085,0.000818185219
0x0da7,32085,0.000818185219
0x0da8,32085,0.000818185219
0x0dab,29644,0.000755938371
0x0dac,29644,0.000755938371
0x0daf,4295,0.000109524872
0x0db0,4295,0.000109524872
0x0db1,4295,0.000109524872
0x0db3,4295,0.000109524872
0x0db4,4295,0.000109524872
0x0db5,4295,0.000109524872
0x0dbb,2441,0.000062246848
0x0dbc,2441,0.000062246848
0x0dbd,2441,0.000062246848
0x0dbf,2441,0.000062246848
0x0dc0,2441,0.000062246848
0x0dc1,2441,0.000062246848
0x0dc2,2441,0.000062246848
0x0dc3,2441,0.000062246848
0x0dc5,2441,0.000062246848
0x0dc6,2441,0.000062246848
0x0dcc,25349,0.000646413499
0x0dcd,25349,0.000646413499
0x0dce,25349,0.000646413499
0x0dcf,25349,0.000646413499
0x0dd1,25349,0.000646413499
0x0dd2,32085,0.000818185219
0x0dd3,32085,0.000818185219
0x0dd5,32085,0.000818185219
0x0dd6,32085,0.000818185219
0x0dd7,32085,0.000818185219
0x0dd8,32085,0.000818185219
0x0dd9,32085,0.000818185219
0x0dda,32085,0.000818185219
0x0dde,162,0.000004131089
0x0ddf,162,0.000004131089
0x0de0,162,0.000004131089
0x0de3,162,0.000004131089
0x0de4,162,0.000004131089
0x0de5,162,0.000004131089
0x0de6,162,0.000004131089
0x0de9,162,0.000004131089
0x0dea,162,0.000004131089
0x0deb,162,0.000004131089
0x0dec,162,0.000004131089
0x0ded,162,0.000004131089
0x0df0,10467,0.000266914280
0x0df3,10467,0.000266914280
0x0df6,10467,0.000266914280
0x0df9,10467,0.000266914280
0x0dfc,10467,0.000266914280
0x0dff,10467,0.000266914280
0x0e10,20934,0.000533828561
0x0e11,20934,0.000533828561
0x0e13,20934,0.000533828561
0x0e14,3935,0.000100344673
0x0e15,3935,0.000100344673
0x0e16,3935,0.000100344673
0x0e17,3935,0.000100344673
0x0e18,3935,0.000100344673
0x0e1a,3935,0.000100344673
0x0e1b,3935,0.000100344673
0x0e1d,3935,0.000100344673
0x0e1e,78,0.000001989043
0x0e20,78,0.000001989043
0x0e23,55,0.000001402530
0x0e25,55,0.000001402530
0x0e26,55,0.000001402530
0x0e27,55,0.000001402530
0x0e29,55,0.000001402530
0x0e2a,55,0.000001402530
0x0e2c,55,0.000001402530
0x0e2d,55,0.000001402530
0x0e2e,55,0.000001402530
0x0e2f,55,0.000001402530
0x0e31,55,0.000001402530
0x0e32,55,0.000001402530
0x0e33,48,0.000001224027
0x0e34,48,0.000001224027
0x0e35,48,0.000001224027
0x0e36,42,0.000001071023
0x0e39,23,0.000000586513
0x0e3a,23,0.000000586513
0x0e3b,23,0.000000586513
0x0e3c,23,0.000000586513
0x0e3d,23,0.000000586513
0x0e3e,23,0.000000586513
0x0e3f,23,0.000000586513
0x0e41,23,0.000000586513
0x0e42,23,0.000000586513
0x0e45,270,0.000006885149
0x0e46,270,0.000006885149
0x0e47,270,0.000006885149
0x0e48,270,0.000006885149
0x0e4a,270,0.000006885149
0x0e4d,259,0.000006604643
0x0e4e,259,0.000006604643
0x0e4f,259,0.000006604643
0x0e51,259,0.000006604643
0x0e52,259,0.000006604643
0x0e55,12,0.000000306007
0x0e58,161,0.000004105589
0x0e59,161,0.000004105589
0x0e5a,161,0.000004105589
0x0e5b,69,0.000001759538
0x0e5c,69,0.000001759538
0x0e5e,69,0.000001759538
0x0e5f,69,0.000001759538
0x0e60,26,0.000000663014
0x0e61,26,0.000000663014
0x0e62,26,0.000000663014
0x0e63,26,0.000000663014
0x0e65,26,0.000000663014
0x0e66,26,0.000000663014
0x0e67,11,0.000000280506
0x0e69,11,0.000000280506
0x0e6a,11,0.000000280506
0x0e6b,11,0.000000280506
0x0e70,42,0.000001071023
0x0e71,42,0.000001071023
0x0e72,42,0.000001071023
0x0e74,42,0.000001071023
0x0e75,42,0.000001071023
0x0e76,42,0.000001071023
0x0e77,42,0.000001071023
0x0e78,42,0.000001071023
0x0e7a,42,0.000001071023
0x0e7b,42,0.000001071023
0x0e7e,300,0.000007650166
0x0e7f,300,0.000007650166
0x0e80,300,0.000007650166
0x0e81,300,0.000007650166
0x0e83,300,0.000007650166
0x0e86,258,0.000006579142
0x0e87,258,0.000006579142
0x0e88,258,0.000006579142
0x0e8a,258,0.000006579142
0x0e8b,258,0.000006579142
0x0e90,198,0.000005049109
0x0e91,198,0.000005049109
0x0e93,198,0.000005049109
0x0e94,198,0.000005049109
0x0e95,96,0.000002448053
0x0e97,96,0.000002448053
0x0e98,96,0.000002448053
0x0e99,56,0.000001428031
0x0e9a,56,0.000001428031
0x0e9b,56,0.000001428031
0x0e9c,56,0.000001428031
0x0e9e,56,0.000001428031
0x0e9f,56,0.000001428031
0x0ea0,42,0.000001071023
0x0ea3,42,0.000001071023
0x0ea4,53,0.000001351529
0x0ea5,53,0.000001351529
0x0ea6,53,0.000001351529
0x0ea7,53,0.000001351529
0x0ea8,53,0.000001351529
0x0ea9,53,0.000001351529
0x0eaa,53,0.000001351529
0x0eac,53,0.000001351529
0x0ead,56,0.000001428031
0x0eae,56,0.000001428031
0x0eb0,56,0.000001428031
0x0eb1,56,0.000001428031
0x0eb2,56,0.000001428031
0x0eb4,56,0.000001428031
0x0eb5,56,0.000001428031
0x0eb6,56,0.000001428031
0x0eb7,56,0.000001428031
0x0eb8,56,0.000001428031
0x0ebb,56,0.000001428031
0x0ebc,56,0.000001428031
0x0ebe,56,0.000001428031
0x0ec1,53,0.000001351529
0x0ec3,56,0.000001428031
0x0ec4,56,0.000001428031
0x0ec5,56,0.000001428031
0x0ed5,56,0.000001428031
0x0ed6,56,0.000001428031
0x0ed7,56,0.000001428031
0x0ed8,56,0.000001428031
0x0ed9,56,0.000001428031
0x0eda,56,0.000001428031
0x0edb,56,0.000001428031
0x0edc,56,0.000001428031
0x0ede,56,0.000001428031
0x0ee0,56,0.000001428031
0x0ee2,56,0.000001428031
0x0ee3,56,0.000001428031
0x0ee4,56,0.000001428031
0x0ee5,56,0.000001428031
0x0f00,2869,0.000073161084
0x0f03,2869,0.000073161084
0x0f04,2869,0.000073161084
0x0f06,2869,0.000073161084
0x0f09,2869,0.000073161084
0x0f0b,2869,0.000073161084
0x0f0c,2869,0.000073161084
0x0f0d,2869,0.000073161084
0x0f0e,2869,0.000073161084
0x0f11,2869,0.000073161084
0x0f14,2869,0.000073161084
0x0f15,3,0.000000076502
0x0f16,3,0.000000076502
0x0f17,3,0.000000076502
0x0f1a,3,0.000000076502
0x0f1b,3,0.000000076502
0x0f1d,3,0.000000076502
0x0f1e,3,0.000000076502
0x0f1f,3,0.000000076502
0x0f20,3,0.000000076502
0x0f23,15,0.000000382508
0x0f24,15,0.000000382508
0x0f25,15,0.000000382508
0x0f26,15,0.000000382508
0x0f28,15,0.000000382508
0x0f2b,12,0.000000306007
0x0f2c,12,0.000000306007
0x0f2d,12,0.000000306007
0x0f2f,12,0.000000306007
0x0f30,12,0.000000306007
0x0f38,6,0.000000153003
0x0f39,6,0.000000153003
0x0f3a,6,0.000000153003
0x0f3b,6,0.000000153003
0x0f3d,6,0.000000153003
0x0f3e,3,0.000000076502
0x0f40,3,0.000000076502
0x0f41,3,0.000000076502
0x0f42,3,0.000000076502
0x0f43,3,0.000000076502
0x0f44,3,0.000000076502
0x0f45,3,0.000000076502
0x0f46,3,0.000000076502
0x0f49,3,0.000000076502
0x0f4c,3,0.000000076502
0x0f4d,3,0.000000076502
0x0f4e,3,0.000000076502
0x0f56,5735,0.000146245667
0x0f57,5735,0.000146245667
0x0f58,11467,0.000292414833
0x0f59,11467,0.000292414833
0x0f5b,11467,0.000292414833
0x0f5e,3,0.000000076502
0x0f60,3,0.000000076502
0x0f63,11464,0.000292338331
0x0f64,11464,0.000292338331
0x0f65,11464,0.000292338331
0x0f68,5732,0.000146169166
0x0f69,5732,0.000146169166
0x0f6a,5732,0.000146169166
0x0f6d,5732,0.000146169166
0x0f6e,5732,0.000146169166
0x0f71,2866,0.000073084583
0x0fc0,7124,0.000181665934
0x0fc3,7124,0.000181665934
0x0fc6,7124,0.000181665934
0x0fc9,7124,0.000181665934
0x0fcc,7124,0.000181665934
0x0fcf,7124,0.000181665934
0x0fd2,7124,0.000181665934
0x0fd5,7124,0.000181665934
0x0fd8,14248,0.000363331868
0x0fd9,14248,0.000363331868
0x0fda,14248,0.000363331868
0x0fdb,777,0.000019813929
0x0fdc,777,0.000019813929
0x0fdd,777,0.000019813929
0x0fde,777,0.000019813929
0x0fdf,777,0.000019813929
0x0fe0,777,0.000019813929
0x0fe1,777,0.000019813929
0x0fe2,777,0.000019813929
0x0fe3,777,0.000019813929
0x0fe6,777,0.000019813929
0x0fe7,777,0.000019813929
0x0fe9,777,0.000019813929
0x0fea,777,0.000019813929
0x0fec,777,0.000019813929
0x0fed,777,0.000019813929
0x0fef,777,0.000019813929
0x0ff0,777,0.000019813929
0x0ff1,777,0.000019813929
0x0ff4,777,0.000019813929
0x14e0,1607,0.000040979387
0x14e1,1607,0.000040979387
0x14e4,1607,0.000040979387
0x14e6,1607,0.000040979387
0x17e0,16442,0.000419280080
0x17e3,16442,0.000419280080
0x17e5,16442,0.000419280080
0x17e8,16442,0.000419280080
0x1df0,1023,0.000026087065
0x1df3,1023,0.000026087065
0x1df5,1023,0.000026087065
0x1ee0,528,0.000013464292
0x1ee3,528,0.000013464292
0x1ee6,13728,0.000350071581
0x1ee7,13728,0.000350071581
0x1ee8,13728,0.000350071581
0x1ee9,13728,0.000350071581
0x1eec,13728,0.000350071581
0x1eed,13728,0.000350071581
0x1ef0,528,0.000013464292
0x1ef1,528,0.000013464292
0x1ef2,528,0.000013464292
0x1ef4,528,0.000013464292
0x1ef7,528,0.000013464292
0x1ef8,528,0.000013464292
0x1ef9,528,0.000013464292
0x1efa,528,0.000013464292
0x2000,10467,0.000266914280
0x2003,10467,0.000266914280
0x2006,10467,0.000266914280
0x2009,10467,0.000266914280
0x200c,10467,0.000266914280
0x200d,10467,0.000266914280
0x200f,10467,0.000266914280
0x2010,10467,0.000266914280
0x2011,10467,0.000266914280
0x2014,10467,0.000266914280
0x2015,10467,0.000266914280
0x2018,10275,0.000262018174
0x201a,10275,0.000262018174
0x201d,1194,0.000030447659
0x201e,1194,0.000030447659
0x201f,1194,0.000030447659
0x2020,1194,0.000030447659
0x2023,298,0.000007599165
0x2025,1194,0.000030447659
0x2026,1194,0.000030447659
0x2027,1194,0.000030447659
0x202a,1190,0.000030345657
0x2040,4492,0.000114548481
0x2043,4492,0.000114548481
0x2046,4492,0.000114548481
0x2047,4492,0.000114548481
0x2048,4492,0.000114548481
0x2049,39,0.000000994522
0x204a,39,0.000000994522
0x204b,39,0.000000994522
0x204c,39,0.000000994522
0x204d,39,0.000000994522
0x204e,39,0.000000994522
0x204f,39,0.000000994522
0x2050,39,0.000000994522
0x2051,39,0.000000994522
0x2052,39,0.000000994522
0x2055,39,0.000000994522
0x2057,39,0.000000994522
0x2058,39,0.000000994522
0x2059,39,0.000000994522
0x205a,39,0.000000994522
0x205c,39,0.000000994522
0x205d,39,0.000000994522
0x205e,39,0.000000994522
0x2060,39,0.000000994522
0x2061,39,0.000000994522
0x2062,39,0.000000994522
0x2063,39,0.000000994522
0x2064,39,0.000000994522
0x2065,39,0.000000994522
0x2066,39,0.000000994522
0x2068,39,0.000000994522
0x2069,39,0.000000994522
0x206a,39,0.000000994522
0x206b,39,0.000000994522
0x206c,39,0.000000994522
0x206d,39,0.000000994522
0x2070,192,0.000004896106
0x2071,192,0.000004896106
0x2073,192,0.000004896106
0x2075,192,0.000004896106
0x2076,192,0.000004896106
0x2077,192,0.000004896106
0x2079,192,0.000004896106
0x207a,192,0.000004896106
0x207b,192,0.000004896106
0x207e,192,0.000004896106
0x2081,192,0.000004896106
0x2085,192,0.000004896106
0x2087,192,0.000004896106
0x2088,192,0.000004896106
0x2089,192,0.000004896106
0x208a,192,0.000004896106
0x208c,192,0.000004896106
0x208d,192,0.000004896106
0x208f,192,0.000004896106
0x2090,192,0.000004896106
0x2091,288,0.000007344159
0x2093,288,0.000007344159
0x2094,288,0.000007344159
0x2096,288,0.000007344159
0x2097,288,0.000007344159
0x209a,96,0.000002448053
0x209b,96,0.000002448053
0x209c,96,0.000002448053
0x209d,96,0.000002448053
0x209f,96,0.000002448053
0x20a0,96,0.000002448053
0x20a1,96,0.000002448053
0x20a3,96,0.000002448053
0x20a4,96,0.000002448053
0x20a5,96,0.000002448053
0x20a7,96,0.000002448053
0x20a8,96,0.000002448053
0x20b0,192,0.000004896106
0x20b1,5952,0.000151779287
0x20b2,5952,0.000151779287
0x20b3,5952,0.000151779287
0x20b5,47616,0.001214234296
0x20b7,47616,0.001214234296
0x20b8,47616,0.001214234296
0x20bb,1824,0.000046513007
0x20bc,1824,0.000046513007
0x20bd,1824,0.000046513007
0x20be,1824,0.000046513007
0x20bf,47616,0.001214234296
0x20c0,47616,0.001214234296
0x20c1,47616,0.001214234296
0x20c2,47616,0.001214234296
0x20c5,5952,0.000151779287
0x20c6,5952,0.000151779287
0x20c7,5952,0.000151779287
0x20c8,5952,0.000151779287
0x20c9,5952,0.000151779287
0x20cc,2976,0.000075889644
0x20cd,2976,0.000075889644
0x20cf,2976,0.000075889644
0x20d2,2784,0.000070993537
0x20d3,2784,0.000070993537
0x20d4,2784,0.000070993537
0x20d6,2784,0.000070993537
0x20d7,2784,0.000070993537
0x20d8,2784,0.000070993537
0x20da,2784,0.000070993537
0x20db,2784,0.000070993537
0x20dc,2784,0.000070993537
0x20de,2784,0.000070993537
0x20e1,192,0.000004896106
0x20e2,192,0.000004896106
0x20e8,192,0.000004896106
0x20e9,192,0.000004896106
0x20ea,192,0.000004896106
0x20ec,192,0.000004896106
0x20ed,192,0.000004896106
0x20f0,192,0.000004896106
0x20f1,192,0.000004896106
0x20f2,192,0.000004896106
0x20f3,192,0.000004896106
0x20f4,192,0.000004896106
0x20f6,192,0.000004896106
0x20f7,192,0.000004896106
0x20f8,192,0.000004896106
0x20fa,192,0.000004896106
0x20fb,192,0.000004896106
0x20fc,192,0.000004896106
0x20fd,192,0.000004896106
0x20fe,192,0.000004896106
0x20ff,192,0.000004896106
0x2101,192,0.000004896106
0x2103,192,0.000004896106
0x2104,192,0.000004896106
0x2106,192,0.000004896106
0x2107,192,0.000004896106
0x2108,192,0.000004896106
0x2109,192,0.000004896106
0x210a,192,0.000004896106
0x210d,192,0.000004896106
0x211c,192,0.000004896106
0x211f,192,0.000004896106
0x2120,192,0.000004896106
0x2122,192,0.000004896106
0x2123,144,0.000003672080
0x2125,144,0.000003672080
0x2130,9085,0.000231672517
0x2131,9085,0.000231672517
0x2132,9085,0.000231672517
0x2135,6811,0.000173684261
0x2137,6811,0.000173684261
0x213a,4540,0.000115772507
0x213c,4540,0.000115772507
0x213f,2270,0.000057886254
0x2146,1190,0.000030345657
0x2147,1190,0.000030345657
0x2148,1190,0.000030345657
0x214b,595,0.000015172829
0x2150,2274,0.000057988256
0x2153,2274,0.000057988256
0x2156,2274,0.000057988256
0x2160,2271,0.000057911754
0x2163,2271,0.000057911754
0x2166,2271,0.000057911754
0x2169,2271,0.000057911754
0x2170,2270,0.000057886254
0x2173,2270,0.000057886254
0x2180,2270,0.000057886254
0x2183,2270,0.000057886254
0x2186,2270,0.000057886254
0x2189,2270,0.000057886254
0x2190,595,0.000015172829
0x2193,595,0.000015172829
0x2196,595,0.000015172829
0x2199,595,0.000015172829
0x219c,595,0.000015172829
0x21a5,595,0.000015172829
0x21a8,595,0.000015172829
0x21ab,595,0.000015172829
0x21ae,595,0.000015172829
0x21b1,595,0.000015172829
0x21ba,192,0.000004896106
0x21bb,192,0.000004896106
0x21bc,192,0.000004896106
0x21bf,96,0.000002448053
0x21c2,96,0.000002448053
0x21c5,96,0.000002448053
0x21c8,96,0.000002448053
0x21cb,96,0.000002448053
0x21cd,96,0.000002448053
0x21cf,96,0.000002448053
0x21dc,528,0.000013464292
0x21dd,528,0.000013464292
0x21de,528,0.000013464292
0x21df,528,0.000013464292
0x21e2,528,0.000013464292
0x21e4,528,0.000013464292
0x21e5,528,0.000013464292
0x21e6,528,0.000013464292
0x21e8,528,0.000013464292
0x21e9,528,0.000013464292
0x21eb,528,0.000013464292
0x21ec,528,0.000013464292
0x21ed,528,0.000013464292
0x21ef,528,0.000013464292
0x21f0,528,0.000013464292
0x21f1,528,0.000013464292
0x21f2,528,0.000013464292
0x21f4,528,0.000013464292
0x21f5,528,0.000013464292
0x21f7,528,0.000013464292
0x21f8,528,0.000013464292
0x21f9,528,0.000013464292
0x21fc,528,0.000013464292
0x2204,192,0.000004896106
0x2207,192,0.000004896106
0x2208,192,0.000004896106
0x2209,192,0.000004896106
0x220b,192,0.000004896106
0x220c,2,0.000000051001
0x220e,2,0.000000051001
0x2210,2,0.000000051001
0x2212,2,0.000000051001
0x2214,2,0.000000051001
0x2216,2,0.000000051001
0x2217,2,0.000000051001
0x2218,2,0.000000051001
0x221a,2,0.000000051001
0x221b,2,0.000000051001
0x221d,2,0.000000051001
0x221e,2,0.000000051001
0x2220,2,0.000000051001
0x2221,2,0.000000051001
0x2222,2,0.000000051001
0x2223,2,0.000000051001
0x2224,2,0.000000051001
0x2227,1,0.000000025501
0x2228,1,0.000000025501
0x222a,2,0.000000051001
0x222b,2,0.000000051001
0x2230,385,0.000009817713
0x2233,385,0.000009817713
0x2234,385,0.000009817713
0x2235,385,0.000009817713
0x2236,385,0.000009817713
0x2237,385,0.000009817713
0x2239,385,0.000009817713
0x223b,385,0.000009817713
0x223e,371,0.000009460705
0x2240,371,0.000009460705
0x2243,189,0.000004819604
0x2245,189,0.000004819604
0x2247,189,0.000004819604
0x2249,189,0.000004819604
0x224c,7,0.000000178504
0x224f,7,0.000000178504
0x2250,7,0.000000178504
0x2252,7,0.000000178504
0x2254,7,0.000000178504
0x2260,364,0.000009282201
0x2261,364,0.000009282201
0x2262,364,0.000009282201
0x2263,364,0.000009282201
0x2264,364,0.000009282201
0x2265,364,0.000009282201
0x2267,364,0.000009282201
0x2268,364,0.000009282201
0x2269,364,0.000009282201
0x226b,364,0.000009282201
0x226d,364,0.000009282201
0x226e,364,0.000009282201
0x226f,364,0.000009282201
0x2271,364,0.000009282201
0x2272,364,0.000009282201
0x2273,364,0.000009282201
0x2274,364,0.000009282201
0x2275,364,0.000009282201
0x2276,364,0.000009282201
0x2277,364,0.000009282201
0x2278,364,0.000009282201
0x2279,364,0.000009282201
0x227a,5096,0.000129950814
0x227b,45864,0.001169557329
0x227c,45864,0.001169557329
0x227d,45864,0.001169557329
0x227e,45864,0.001169557329
0x227f,45864,0.001169557329
0x2280,45864,0.001169557329
0x2283,5096,0.000129950814
0x2284,5096,0.000129950814
0x2285,5096,0.000129950814
0x2286,5096,0.000129950814
0x2288,5096,0.000129950814
0x2289,5096,0.000129950814
0x228a,5096,0.000129950814
0x228c,5096,0.000129950814
0x228d,5096,0.000129950814
0x228e,5096,0.000129950814
0x2291,364,0.000009282201
0x2292,14,0.000000357008
0x2295,14,0.000000357008
0x2296,14,0.000000357008
0x2298,14,0.000000357008
0x229b,6,0.000000153003
0x229e,6,0.000000153003
0x22a1,6,0.000000153003
0x22a3,2496,0.000063649378
0x22a4,2496,0.000063649378
0x22a5,2496,0.000063649378
0x22a6,2496,0.000063649378
0x22a7,2496,0.000063649378
0x22a8,2496,0.000063649378
0x22a9,2496,0.000063649378
0x22aa,2496,0.000063649378
0x22ab,2496,0.000063649378
0x22ac,2496,0.000063649378
0x22ad,2496,0.000063649378
0x22b0,6,0.000000153003
0x22b4,216,0.000005508119
0x22b7,216,0.000005508119
0x22ba,216,0.000005508119
0x22bb,216,0.000005508119
0x22bc,216,0.000005508119
0x22be,216,0.000005508119
0x22c1,3,0.000000076502
0x22c3,3,0.000000076502
0x22c5,3,0.000000076502
0x22ca,147,0.000003748581
0x22cd,147,0.000003748581
0x22ce,147,0.000003748581
0x22d0,147,0.000003748581
0x22d3,3,0.000000076502
0x22d5,3,0.000000076502
0x22d7,3,0.000000076502
0x22d9,3,0.000000076502
0x22db,3,0.000000076502
0x22dd,3,0.000000076502
0x22e0,6,0.000000153003
0x22e2,14,0.000000357008
0x22e5,14,0.000000357008
0x22e8,14,0.000000357008
0x22f0,8,0.000000204004
0x22f3,8,0.000000204004
0x22f4,8,0.000000204004
0x22fa,732,0.000018666404
0x22fd,732,0.000018666404
0x22ff,732,0.000018666404
0x2302,732,0.000018666404
0x2303,13176,0.000335995276
0x2304,13176,0.000335995276
0x2306,13176,0.000335995276
0x2307,13176,0.000335995276
0x2308,13176,0.000335995276
0x2309,13176,0.000335995276
0x230a,13176,0.000335995276
0x230b,13176,0.000335995276
0x230d,13176,0.000335995276
0x230e,13176,0.000335995276
0x230f,13176,0.000335995276
0x2310,13176,0.000335995276
0x2312,13176,0.000335995276
0x2313,13176,0.000335995276
0x2314,13176,0.000335995276
0x2316,13176,0.000335995276
0x2317,13176,0.000335995276
0x231a,1464,0.000037332808
0x231b,13176,0.000335995276
0x231c,13176,0.000335995276
0x231f,732,0.000018666404
0x2322,2196,0.000055999213
0x2325,2196,0.000055999213
0x2326,2196,0.000055999213
0x2327,2196,0.000055999213
0x2329,2196,0.000055999213
0x232a,2196,0.000055999213
0x232b,2196,0.000055999213
0x232c,2196,0.000055999213
0x232e,2196,0.000055999213
0x232f,2196,0.000055999213
0x2331,2196,0.000055999213
0x2334,2196,0.000055999213
0x2337,2196,0.000055999213
0x2351,5856,0.000149331234
0x2352,5856,0.000149331234
0x2354,5856,0.000149331234
0x2355,1239,0.000031595184
0x2356,1239,0.000031595184
0x2357,1239,0.000031595184
0x2358,1239,0.000031595184
0x235a,1239,0.000031595184
0x235b,1239,0.000031595184
0x235e,1239,0.000031595184
0x235f,1239,0.000031595184
0x2360,1239,0.000031595184
0x2361,1239,0.000031595184
0x2362,1239,0.000031595184
0x2364,1239,0.000031595184
0x2365,1239,0.000031595184
0x2366,1239,0.000031595184
0x2368,1239,0.000031595184
0x2369,1239,0.000031595184
0x236a,1239,0.000031595184
0x236b,1239,0.000031595184
0x236c,1239,0.000031595184
0x236e,1239,0.000031595184
0x2370,1239,0.000031595184
0x2373,1104,0.000028152610
0x2375,1104,0.000028152610
0x2377,1104,0.000028152610
0x237a,1104,0.000028152610
0x237b,135,0.000003442575
0x237c,135,0.000003442575
0x237e,135,0.000003442575
0x237f,135,0.000003442575
0x2381,135,0.000003442575
0x2384,135,0.000003442575
0x2385,135,0.000003442575
0x2386,135,0.000003442575
0x2387,135,0.000003442575
0x2389,135,0.000003442575
0x238a,39,0.000000994522
0x238c,39,0.000000994522
0x238d,39,0.000000994522
0x238e,39,0.000000994522
0x2390,39,0.000000994522
0x2391,33,0.000000841518
0x2393,33,0.000000841518
0x23d6,4707,0.000120031099
0x23d9,4707,0.000120031099
0x23da,4707,0.000120031099
0x23dc,4707,0.000120031099
0x23de,4707,0.000120031099
0x23e1,2639,0.000067295957
0x23e3,2639,0.000067295957
0x23e6,1359,0.000034655251
0x23e8,1359,0.000034655251
0x23eb,215,0.000005482619
0x23ed,215,0.000005482619
0x23f0,215,0.000005482619
0x23f2,215,0.000005482619
0x2476,46,0.000001173025
0x2477,46,0.000001173025
0x2478,46,0.000001173025
0x247b,46,0.000001173025
0x247d,46,0.000001173025
0x247e,46,0.000001173025
0x2481,46,0.000001173025
0x2483,46,0.000001173025
0x2484,46,0.000001173025
0x2485,46,0.000001173025
0x2487,46,0.000001173025
0x2488,46,0.000001173025
0x2489,46,0.000001173025
0x248a,46,0.000001173025
0x248c,46,0.000001173025
0x248d,46,0.000001173025
0x248f,46,0.000001173025
0x2490,46,0.000001173025
0x2493,46,0.000001173025
0x2495,46,0.000001173025
0x2496,46,0.000001173025
0x2497,46,0.000001173025
0x2498,43,0.000001096524
0x2499,43,0.000001096524
0x249a,43,0.000001096524
0x249b,30,0.000000765017
0x249c,30,0.000000765017
0x249d,30,0.000000765017
0x249e,20,0.000000510011
0x249f,20,0.000000510011
0x24a0,10467,0.000266914280
0x24a3,10467,0.000266914280
0x24a5,10467,0.000266914280
0x24a7,10467,0.000266914280
0x24a8,5856,0.000149331234
0x24ab,5856,0.000149331234
0x24ae,5856,0.000149331234
0x24b1,5856,0.000149331234
0x24b4,5856,0.000149331234
0x24b6,5856,0.000149331234
0x24b8,5856,0.000149331234
0x24b9,1464,0.000037332808
0x24c4,5232,0.000133418889
0x24c7,5232,0.000133418889
0x24c9,5232,0.000133418889
0x24cb,5232,0.000133418889
0x24ce,2928,0.000074665617
0x24d1,2928,0.000074665617
0x24d4,2928,0.000074665617
0x24d5,2928,0.000074665617
0x24d6,2928,0.000074665617
0x24d8,2928,0.000074665617
0x24db,2196,0.000055999213
0x24e0,2928,0.000074665617
0x24e3,2928,0.000074665617
0x24e5,2928,0.000074665617
0x24e6,183,0.000004666601
0x24e9,183,0.000004666601
0x24eb,183,0.000004666601
0x24ec,183,0.000004666601
0x24f2,1464,0.000037332808
0x24f5,1464,0.000037332808
0x24f7,1464,0.000037332808
0x24f8,1464,0.000037332808
0x24f9,1464,0.000037332808
0x24fc,1464,0.000037332808
0x24fe,1464,0.000037332808
0x24ff,1464,0.000037332808
0x2500,432,0.000011016239
0x2503,432,0.000011016239
0x2504,432,0.000011016239
0x2505,402,0.000010251222
0x2508,402,0.000010251222
0x2509,402,0.000010251222
0x250a,99,0.000002524555
0x250b,99,0.000002524555
0x250d,99,0.000002524555
0x250e,99,0.000002524555
0x2511,99,0.000002524555
0x2512,99,0.000002524555
0x2513,99,0.000002524555
0x2515,99,0.000002524555
0x2517,99,0.000002524555
0x2518,99,0.000002524555
0x2519,99,0.000002524555
0x251a,99,0.000002524555
0x2560,2865,0.000073059082
0x2563,2865,0.000073059082
0x2564,2865,0.000073059082
0x2566,2865,0.000073059082
0x2567,2865,0.000073059082
0x2568,2865,0.000073059082
0x2569,2865,0.000073059082
0x256a,2865,0.000073059082
0x256b,2865,0.000073059082
0x256d,2865,0.000073059082
0x256e,2865,0.000073059082
0x2570,2865,0.000073059082
0x2572,2865,0.000073059082
0x2575,2865,0.000073059082
0x2576,2865,0.000073059082
0x2577,2865,0.000073059082
0x2578,2865,0.000073059082
0x2579,2865,0.000073059082
0x257b,2865,0.000073059082
0x257c,2865,0.000073059082
0x257f,2865,0.000073059082
0x2581,2865,0.000073059082
0x2582,2865,0.000073059082
0x2585,2865,0.000073059082
0x2587,2865,0.000073059082
0x2588,22757,0.000580316068
0x2589,22757,0.000580316068
0x258c,22696,0.000578760534
0x258d,22696,0.000578760534
0x258e,22696,0.000578760534
0x2590,22696,0.000578760534
0x2591,22696,0.000578760534
0x2592,22696,0.000578760534
0x2595,2804,0.000071503549
0x2596,22757,0.000580316068
0x2597,22757,0.000580316068
0x2599,22757,0.000580316068
0x259a,15940,0.000406478803
0x259b,15940,0.000406478803
0x259c,15940,0.000406478803
0x259e,15940,0.000406478803
0x259f,15940,0.000406478803
0x25a1,15940,0.000406478803
0x25a2,14845,0.000378555698
0x25a3,14845,0.000378555698
0x25a4,14845,0.000378555698
0x25a5,14845,0.000378555698
0x25a6,10034,0.000255872541
0x25a7,10034,0.000255872541
0x25a8,2414,0.000061558333
0x25a9,2414,0.000061558333
0x25aa,2414,0.000061558333
0x25ab,2414,0.000061558333
0x25ac,2376,0.000060589312
0x25ae,2376,0.000060589312
0x25af,61,0.000001555534
0x25b0,61,0.000001555534
0x25b1,61,0.000001555534
0x25b2,61,0.000001555534
0x25b3,61,0.000001555534
0x25b4,61,0.000001555534
0x25b5,61,0.000001555534
0x25b6,61,0.000001555534
0x25b7,276,0.000007038152
0x25ba,276,0.000007038152
0x25bc,276,0.000007038152
0x25be,276,0.000007038152
0x25ca,276,0.000007038152
0x25cd,637,0.000016243852
0x25ce,637,0.000016243852
0x25d0,637,0.000016243852
0x25d3,475,0.000012112762
0x25d4,475,0.000012112762
0x25d6,475,0.000012112762
0x25d7,475,0.000012112762
0x25d8,475,0.000012112762
0x25db,114,0.000002907063
0x25dc,114,0.000002907063
0x25dd,114,0.000002907063
0x25e0,162,0.000004131089
0x25e1,162,0.000004131089
0x25e3,162,0.000004131089
0x25e4,162,0.000004131089
0x25e5,162,0.000004131089
0x25e7,162,0.000004131089
0x25e8,162,0.000004131089
0x25ea,162,0.000004131089
0x25eb,162,0.000004131089
0x25ec,162,0.000004131089
0x25ed,162,0.000004131089
0x25ef,162,0.000004131089
0x25f0,162,0.000004131089
0x25f1,162,0.000004131089
0x25f3,162,0.000004131089
0x25f4,162,0.000004131089
0x25f6,162,0.000004131089
0x25f7,162,0.000004131089
0x25f8,162,0.000004131089
0x25f9,162,0.000004131089
0x25fa,162,0.000004131089
0x25fb,162,0.000004131089
0x25fc,162,0.000004131089
0x25fd,162,0.000004131089
0x2600,3040,0.000077521679
0x2601,3040,0.000077521679
0x2602,3040,0.000077521679
0x2603,3040,0.000077521679
0x2604,3040,0.000077521679
0x2605,3040,0.000077521679
0x2608,3040,0.000077521679
0x2609,3040,0.000077521679
0x260a,3040,0.000077521679
0x260b,3040,0.000077521679
0x260c,3040,0.000077521679
0x260e,3040,0.000077521679
0x2611,3040,0.000077521679
0x2612,3040,0.000077521679
0x2613,3040,0.000077521679
0x2616,3040,0.000077521679
0x2617,3040,0.000077521679
0x261a,1773,0.000045212479
0x261d,1773,0.000045212479
0x261e,1773,0.000045212479
0x2620,1773,0.000045212479
0x2621,1773,0.000045212479
0x2624,1773,0.000045212479
0x2625,1773,0.000045212479
0x2626,1773,0.000045212479
0x2628,1773,0.000045212479
0x2629,1773,0.000045212479
0x262b,1773,0.000045212479
0x262c,1773,0.000045212479
0x262e,1773,0.000045212479
0x262f,1773,0.000045212479
0x2630,1773,0.000045212479
0x2631,1773,0.000045212479
0x2633,1773,0.000045212479
0x2634,1773,0.000045212479
0x2635,1773,0.000045212479
0x2638,1773,0.000045212479
0x2639,3040,0.000077521679
0x263c,3040,0.000077521679
0x263f,3040,0.000077521679
0x2642,3040,0.000077521679
0x2643,3040,0.000077521679
0x2646,1520,0.000038760839
0x2649,1520,0.000038760839
0x2650,1267,0.000032309200
0x2651,1267,0.000032309200
0x2654,1267,0.000032309200
0x2655,1267,0.000032309200
0x2656,1267,0.000032309200
0x2658,1267,0.000032309200
0x2659,1267,0.000032309200
0x265b,1267,0.000032309200
0x265c,1267,0.000032309200
0x265e,1267,0.000032309200
0x2661,1267,0.000032309200
0x2662,1267,0.000032309200
0x2668,1520,0.000038760839
0x266b,1520,0.000038760839
0x266c,1520,0.000038760839
0x266d,1520,0.000038760839
0x2670,1520,0.000038760839
0x2672,1520,0.000038760839
0x2676,1520,0.000038760839
0x2678,1520,0.000038760839
0x267c,1520,0.000038760839
0x267f,1520,0.000038760839
0x2681,1520,0.000038760839
0x2684,1520,0.000038760839
0x2685,1520,0.000038760839
0x2688,1520,0.000038760839
0x268a,1520,0.000038760839
0x268b,1520,0.000038760839
0x268d,1520,0.000038760839
0x268e,1520,0.000038760839
0x268f,1520,0.000038760839
0x2692,1515,0.000038633337
0x2693,1520,0.000038760839
0x2694,1520,0.000038760839
0x2697,1520,0.000038760839
0x2699,1520,0.000038760839
0x269c,168,0.000004284093
0x269d,1520,0.000038760839
0x269f,1520,0.000038760839
0x26a3,1520,0.000038760839
0x26a4,1520,0.000038760839
0x26a7,1520,0.000038760839
0x26aa,1520,0.000038760839
0x26ad,1520,0.000038760839
0x26ae,1520,0.000038760839
0x26af,1520,0.000038760839
0x26b0,1520,0.000038760839
0x26b1,331,0.000008440683
0x26b2,331,0.000008440683
0x26b4,331,0.000008440683
0x26b5,331,0.000008440683
0x26b7,331,0.000008440683
0x26b8,331,0.000008440683
0x26ba,331,0.000008440683
0x26bb,46,0.000001173025
0x26bc,46,0.000001173025
0x26bd,46,0.000001173025
0x26be,46,0.000001173025
0x26bf,46,0.000001173025
0x26c2,46,0.000001173025
0x26c4,46,0.000001173025
0x26c6,46,0.000001173025
0x26c7,46,0.000001173025
0x26c8,46,0.000001173025
0x26ca,46,0.000001173025
0x26cb,46,0.000001173025
0x26cc,46,0.000001173025
0x26d0,1520,0.000038760839
0x26d3,1520,0.000038760839
0x26d6,1520,0.000038760839
0x26d9,12160,0.000310086715
0x26da,12160,0.000310086715
0x26db,12160,0.000310086715
0x26de,8893,0.000226776411
0x26df,8893,0.000226776411
0x26e0,8893,0.000226776411
0x26e3,1520,0.000038760839
0x26e4,8893,0.000226776411
0x26e5,12160,0.000310086715
0x26e6,12160,0.000310086715
0x26e7,12160,0.000310086715
0x26e8,12160,0.000310086715
0x26e9,12160,0.000310086715
0x26eb,12160,0.000310086715
0x26ee,1520,0.000038760839
0x26f1,1520,0.000038760839
0x26f2,1520,0.000038760839
0x26f3,1520,0.000038760839
0x26f5,1520,0.000038760839
0x26f8,1520,0.000038760839
0x26f9,1520,0.000038760839
0x26fa,1520,0.000038760839
0x26fd,1520,0.000038760839
0x2700,5773,0.000147214688
0x2703,5773,0.000147214688
0x2704,5773,0.000147214688
0x2705,5773,0.000147214688
0x2706,5772,0.000147189188
0x2707,5772,0.000147189188
0x2708,5772,0.000147189188
0x270a,5772,0.000147189188
0x270b,5772,0.000147189188
0x270c,5772,0.000147189188
0x270e,5772,0.000147189188
0x270f,5772,0.000147189188
0x2711,5772,0.000147189188
0x2714,5772,0.000147189188
0x2717,23088,0.000588756750
0x271a,23088,0.000588756750
0x271b,23088,0.000588756750
0x271c,23088,0.000588756750
0x271d,23088,0.000588756750
0x271e,23088,0.000588756750
0x2720,23088,0.000588756750
0x2723,5772,0.000147189188
0x2725,5772,0.000147189188
0x2728,5772,0.000147189188
0x272a,5772,0.000147189188
0x2739,5772,0.000147189188
0x273c,5772,0.000147189188
0x273d,5772,0.000147189188
0x2740,5772,0.000147189188
0x2743,5772,0.000147189188
0x2748,23088,0.000588756750
0x2749,23088,0.000588756750
0x274a,23088,0.000588756750
0x274c,23088,0.000588756750
0x274d,82,0.000002091045
0x274e,82,0.000002091045
0x274f,82,0.000002091045
0x2750,41,0.000001045523
0x2751,41,0.000001045523
0x2752,41,0.000001045523
0x2753,41,0.000001045523
0x2754,41,0.000001045523
0x2755,41,0.000001045523
0x2757,41,0.000001045523
0x2758,41,0.000001045523
0x2759,41,0.000001045523
0x275b,41,0.000001045523
0x275c,41,0.000001045523
0x275f,41,0.000001045523
0x2760,41,0.000001045523
0x2761,41,0.000001045523
0x2764,41,0.000001045523
0x2768,41,0.000001045523
0x2769,41,0.000001045523
0x276c,41,0.000001045523
0x276e,41,0.000001045523
0x2771,41,0.000001045523
0x2772,41,0.000001045523
0x2778,41,0.000001045523
0x277b,41,0.000001045523
0x277c,41,0.000001045523
0x277f,41,0.000001045523
0x2780,41,0.000001045523
0x2781,41,0.000001045523
0x2782,41,0.000001045523
0x2783,41,0.000001045523
0x2784,41,0.000001045523
0x2785,41,0.000001045523
0x2786,41,0.000001045523
0x2789,41,0.000001045523
0x27a8,5772,0.000147189188
0x27ab,5772,0.000147189188
0x27ac,5772,0.000147189188
0x27af,5772,0.000147189188
0x27b0,5772,0.000147189188
0x27b1,5772,0.000147189188
0x27b4,5772,0.000147189188
0x27b6,5772,0.000147189188
0x27b7,5772,0.000147189188
0x27b8,5772,0.000147189188
0x27ba,5772,0.000147189188
0x27bd,5388,0.000137396976
0x27c0,5388,0.000137396976
0x27c1,5388,0.000137396976
0x27c2,5388,0.000137396976
0x27c5,5340,0.000136172949
0x27c7,5340,0.000136172949
0x27c8,5340,0.000136172949
0x27c9,5340,0.000136172949
0x27ca,3193,0.000081423263
0x27cc,3193,0.000081423263
0x27cf,3065,0.000078159193
0x27d0,3065,0.000078159193
0x27d2,3065,0.000078159193
0x27d3,3065,0.000078159193
0x27d5,3065,0.000078159193
0x27d6,3065,0.000078159193
0x27d8,128,0.000003264071
0x27da,128,0.000003264071
0x27dc,128,0.000003264071
0x27dd,128,0.000003264071
0x27df,128,0.000003264071
0x27e0,128,0.000003264071
0x27e2,48,0.000001224027
0x27e4,48,0.000001224027
0x27e9,48,0.000001224027
0x27ea,48,0.000001224027
0x27ec,48,0.000001224027
0x27ee,48,0.000001224027
0x3000,2869,0.000073161084
0x3003,2869,0.000073161084
0x3004,2869,0.000073161084
0x3005,2869,0.000073161084
0x3007,2869,0.000073161084
0x300a,2869,0.000073161084
0x300b,2869,0.000073161084
0x300c,2869,0.000073161084
0x300d,2869,0.000073161084
0x300e,2869,0.000073161084
0x300f,2869,0.000073161084
0x3010,2869,0.000073161084
0x3011,2869,0.000073161084
0x3012,356,0.000009078197
0x3028,362,0.000009231200
0x302b,362,0.000009231200
0x302c,362,0.000009231200
0x302e,362,0.000009231200
0x302f,362,0.000009231200
0x3031,362,0.000009231200
0x3032,362,0.000009231200
0x3034,362,0.000009231200
0x3035,298,0.000007599165
0x3037,298,0.000007599165
0x3038,298,0.000007599165
0x3039,298,0.000007599165
0x303c,285,0.000007267657
0x303d,285,0.000007267657
0x303e,4,0.000000102002
0x303f,4,0.000000102002
0x3040,4,0.000000102002
0x3042,4,0.000000102002
0x3044,4,0.000000102002
0x3046,4,0.000000102002
0x3048,4,0.000000102002
0x3049,4,0.000000102002
0x304b,4,0.000000102002
0x304d,4,0.000000102002
0x304f,4,0.000000102002
0x3050,4,0.000000102002
0x3052,4,0.000000102002
0x3055,4,0.000000102002
0x3056,4,0.000000102002
0x3057,3,0.000000076502
0x3059,3,0.000000076502
0x305c,13,0.000000331507
0x305f,13,0.000000331507
0x3062,13,0.000000331507
0x3063,13,0.000000331507
0x3064,13,0.000000331507
0x3065,13,0.000000331507
0x3066,13,0.000000331507
0x3067,13,0.000000331507
0x3068,13,0.000000331507
0x306a,13,0.000000331507
0x306c,13,0.000000331507
0x306d,13,0.000000331507
0x3074,65,0.000001657536
0x3077,65,0.000001657536
0x3078,65,0.000001657536
0x3079,65,0.000001657536
0x307a,65,0.000001657536
0x307c,65,0.000001657536
0x307d,65,0.000001657536
0x307f,65,0.000001657536
0x3080,65,0.000001657536
0x3081,65,0.000001657536
0x3082,65,0.000001657536
0x3084,65,0.000001657536
0x3089,65,0.000001657536
0x308a,65,0.000001657536
0x308b,65,0.000001657536
0x308c,65,0.000001657536
0x308d,65,0.000001657536
0x308f,65,0.000001657536
0x3090,65,0.000001657536
0x3092,65,0.000001657536
0x3093,65,0.000001657536
0x3094,65,0.000001657536
0x3095,65,0.000001657536
0x3098,65,0.000001657536
0x309a,65,0.000001657536
0x309d,5,0.000000127503
0x309f,65,0.000001657536
0x30a0,65,0.000001657536
0x30a1,65,0.000001657536
0x30a4,65,0.000001657536
0x30a6,65,0.000001657536
0x30a7,65,0.000001657536
0x30a8,65,0.000001657536
0x30aa,4764,0.000121484631
0x30ad,4764,0.000121484631
0x30ae,4764,0.000121484631
0x30af,4764,0.000121484631
0x30b0,4764,0.000121484631
0x30b1,4764,0.000121484631
0x30b3,4764,0.000121484631
0x30b5,4764,0.000121484631
0x30b6,4764,0.000121484631
0x30b8,4764,0.000121484631
0x30ba,359,0.000009154698
0x30bd,359,0.000009154698
0x30c0,359,0.000009154698
0x30c3,359,0.000009154698
0x30c6,359,0.000009154698
0x30c8,359,0.000009154698
0x30c9,359,0.000009154698
0x30ca,359,0.000009154698
0x30cb,229,0.000005839626
0x30cd,229,0.000005839626
0x30ce,229,0.000005839626
0x30cf,229,0.000005839626
0x30d2,177,0.000004513598
0x30d3,177,0.000004513598
0x30d4,45,0.000001147525
0x30d6,45,0.000001147525
0x30d8,45,0.000001147525
0x30da,1077,0.000027464095
0x30db,1077,0.000027464095
0x30dc,1077,0.000027464095
0x30dd,1077,0.000027464095
0x30de,504,0.000012852278
0x30df,504,0.000012852278
0x30e4,52,0.000001326029
0x30e7,52,0.000001326029
0x30ea,52,0.000001326029
0x30eb,52,0.000001326029
0x30ed,52,0.000001326029
0x30f2,52,0.000001326029
0x30f3,52,0.000001326029
0x30f5,52,0.000001326029
0x30f6,52,0.000001326029
0x30f7,52,0.000001326029
0x30f8,52,0.000001326029
0x30fa,52,0.000001326029
0x30fc,52,0.000001326029
0x30ff,52,0.000001326029
0x3102,52,0.000001326029
0x3105,52,0.000001326029
0x3106,52,0.000001326029
0x3107,52,0.000001326029
0x3108,52,0.000001326029
0x310a,52,0.000001326029
0x310c,52,0.000001326029
0x310e,52,0.000001326029
0x310f,52,0.000001326029
0x3112,156,0.000003978086
0x3113,156,0.000003978086
0x3114,156,0.000003978086
0x3115,156,0.000003978086
0x3116,95,0.000002422552
0x3117,95,0.000002422552
0x3118,95,0.000002422552
0x311a,95,0.000002422552
0x311b,95,0.000002422552
0x311c,95,0.000002422552
0x311d,95,0.000002422552
0x311e,52,0.000001326029
0x311f,52,0.000001326029
0x3121,52,0.000001326029
0x3124,359,0.000009154698
0x3127,359,0.000009154698
0x3128,359,0.000009154698
0x312a,359,0.000009154698
0x312b,45,0.000001147525
0x312d,45,0.000001147525
0x312f,45,0.000001147525
0x3130,45,0.000001147525
0x3131,45,0.000001147525
0x3132,45,0.000001147525
0x3134,45,0.000001147525
0x3136,45,0.000001147525
0x3138,45,0.000001147525
0x313d,45,0.000001147525
0x313f,45,0.000001147525
0x3140,45,0.000001147525
0x3141,45,0.000001147525
0x3144,45,0.000001147525
0x3145,45,0.000001147525
0x3146,45,0.000001147525
0x3149,32,0.000000816018
0x314b,45,0.000001147525
0x314d,45,0.000001147525
0x314e,45,0.000001147525
0x315a,359,0.000009154698
0x315d,359,0.000009154698
0x315e,359,0.000009154698
0x3160,359,0.000009154698
0x3161,107,0.000002728559
0x3164,107,0.000002728559
0x3165,107,0.000002728559
0x3166,107,0.000002728559
0x3167,107,0.000002728559
0x3169,107,0.000002728559
0x316a,107,0.000002728559
0x316c,107,0.000002728559
0x316d,107,0.000002728559
0x316e,107,0.000002728559
0x316f,107,0.000002728559
0x3171,107,0.000002728559
0x3172,107,0.000002728559
0x3174,107,0.000002728559
0x3176,107,0.000002728559
0x3177,107,0.000002728559
0x3178,107,0.000002728559
0x3179,1114,0.000028407615
0x317c,1069,0.000027260090
0x317d,1069,0.000027260090
0x317e,1069,0.000027260090
0x317f,1069,0.000027260090
0x3180,1069,0.000027260090
0x3181,1069,0.000027260090
0x3182,1069,0.000027260090
0x3183,1069,0.000027260090
0x3186,66,0.000001683036
0x3188,66,0.000001683036
0x318a,1069,0.000027260090
0x318b,1069,0.000027260090
0x318e,62,0.000001581034
0x3192,1114,0.000028407615
0x3193,1114,0.000028407615
0x3195,1114,0.000028407615
0x3196,779,0.000019864930
0x3199,779,0.000019864930
0x319a,779,0.000019864930
0x319b,45,0.000001147525
0x319e,45,0.000001147525
0x319f,45,0.000001147525
0x31a0,45,0.000001147525
0x31a1,45,0.000001147525
0x31a2,45,0.000001147525
0x31a3,45,0.000001147525
0x31a4,45,0.000001147525
0x31a7,45,0.000001147525
0x31a9,45,0.000001147525
0x31ac,45,0.000001147525
0x31ad,45,0.000001147525
0x31b4,356,0.000009078197
0x31b7,356,0.000009078197
0x31b9,356,0.000009078197
0x31ba,43,0.000001096524
0x31bd,43,0.000001096524
0x31bf,43,0.000001096524
0x31c0,43,0.000001096524
0x31c2,43,0.000001096524
0x31c3,43,0.000001096524
0x31c5,43,0.000001096524
0x31c6,43,0.000001096524
0x31c7,43,0.000001096524
0x31c8,43,0.000001096524
0x31cb,43,0.000001096524
0x31cd,43,0.000001096524
0x31ce,43,0.000001096524
0x31d1,20,0.000000510011
0x31d2,20,0.000000510011
0x31d3,20,0.000000510011
0x31d4,20,0.000000510011
0x31d6,43,0.000001096524
0x31d7,43,0.000001096524
0x31d8,43,0.000001096524
0x31d9,43,0.000001096524
0x31da,43,0.000001096524
0x31dc,43,0.000001096524
0x31de,43,0.000001096524
0x31df,43,0.000001096524
0x31e1,43,0.000001096524
0x31e2,43,0.000001096524
0x31e3,43,0.000001096524
0x31e4,43,0.000001096524
0x31e5,43,0.000001096524
0x31e6,43,0.000001096524
0x31e7,43,0.000001096524
0x31e8,43,0.000001096524
0x31e9,43,0.000001096524
0x31ec,43,0.000001096524
0x31ed,43,0.000001096524
0x31f0,43,0.000001096524
0x31f1,43,0.000001096524
0x31f2,43,0.000001096524
0x31f4,43,0.000001096524
0x31f5,43,0.000001096524
0x31f7,43,0.000001096524
0x31f8,43,0.000001096524
0x31fb,43,0.000001096524
0x31fd,43,0.000001096524
0x31fe,43,0.000001096524
0x31ff,43,0.000001096524
0x3201,43,0.000001096524
0x3202,43,0.000001096524
0x3203,43,0.000001096524
0x3204,43,0.000001096524
0x3207,43,0.000001096524
0x3209,43,0.000001096524
0x320a,43,0.000001096524
0x320b,43,0.000001096524
0x320c,43,0.000001096524
0x320d,43,0.000001096524
0x3210,43,0.000001096524
0x3213,43,0.000001096524
0x3215,43,0.000001096524
0x3216,33,0.000000841518
0x3217,33,0.000000841518
0x3219,33,0.000000841518
0x321b,33,0.000000841518
0x321c,2,0.000000051001
0x321e,2,0.000000051001
0x3220,2,0.000000051001
0x322c,356,0.000009078197
0x322f,356,0.000009078197
0x3231,356,0.000009078197
0x3232,68,0.000001734038
0x3235,68,0.000001734038
0x3238,68,0.000001734038
0x323b,68,0.000001734038
0x323c,68,0.000001734038
0x323f,68,0.000001734038
0x3240,801,0.000020425942
0x3241,801,0.000020425942
0x3243,801,0.000020425942
0x3246,373,0.000009511706
0x3247,373,0.000009511706
0x3248,373,0.000009511706
0x3249,309,0.000007879671
0x324a,309,0.000007879671
0x324b,309,0.000007879671
0x324c,309,0.000007879671
0x324d,309,0.000007879671
0x324e,737,0.000018793907
0x324f,737,0.000018793907
0x3250,737,0.000018793907
0x3251,737,0.000018793907
0x3253,737,0.000018793907
0x3254,737,0.000018793907
0x3256,737,0.000018793907
0x3259,4,0.000000102002
0x325b,4,0.000000102002
0x325e,4,0.000000102002
0x3264,362,0.000009231200
0x3267,362,0.000009231200
0x3268,362,0.000009231200
0x326b,362,0.000009231200
0x326c,362,0.000009231200
0x326e,362,0.000009231200
0x326f,362,0.000009231200
0x3271,362,0.000009231200
0x3272,362,0.000009231200
0x3274,362,0.000009231200
0x3275,47,0.000001198526
0x3277,47,0.000001198526
0x3279,47,0.000001198526
0x327a,47,0.000001198526
0x327b,47,0.000001198526
0x327c,47,0.000001198526
0x327e,47,0.000001198526
0x3281,47,0.000001198526
0x3282,47,0.000001198526
0x3285,47,0.000001198526
0x3286,47,0.000001198526
0x3287,47,0.000001198526
0x3289,47,0.000001198526
0x328a,47,0.000001198526
0x328b,47,0.000001198526
0x328d,47,0.000001198526
0x328e,47,0.000001198526
0x328f,130,0.000003315072
0x3290,130,0.000003315072
0x3291,130,0.000003315072
0x3292,130,0.000003315072
0x3295,122,0.000003111067
0x3296,122,0.000003111067
0x3297,122,0.000003111067
0x329a,108,0.000002754060
0x329b,108,0.000002754060
0x329e,108,0.000002754060
0x329f,108,0.000002754060
0x32a0,108,0.000002754060
0x32a3,108,0.000002754060
0x32a4,130,0.000003315072
0x32a5,130,0.000003315072
0x32a6,130,0.000003315072
0x32a9,4,0.000000102002
0x32ab,130,0.000003315072
0x32ac,130,0.000003315072
0x32af,47,0.000001198526
0x32b0,32,0.000000816018
0x32b3,32,0.000000816018
0x32b5,32,0.000000816018
0x32b8,32,0.000000816018
0x32ba,32,0.000000816018
0x32bc,32,0.000000816018
0x32bf,32,0.000000816018
0x32c2,32,0.000000816018
0x32c3,32,0.000000816018
0x32c4,9,0.000000229505
0x32c5,9,0.000000229505
0x32c6,9,0.000000229505
0x32c7,9,0.000000229505
0x32c8,9,0.000000229505
0x32cb,9,0.000000229505
0x32cd,9,0.000000229505
0x32d0,9,0.000000229505
0x32d2,9,0.000000229505
0x32d4,9,0.000000229505
0x32d6,9,0.000000229505
0x32d7,9,0.000000229505
0x32d9,9,0.000000229505
0x32da,9,0.000000229505
0x32dc,9,0.000000229505
0x32dd,9,0.000000229505
0x32de,9,0.000000229505
0x32e1,9,0.000000229505
0x32e2,9,0.000000229505
0x32e3,9,0.000000229505
0x3400,3040,0.000077521679
0x3403,3040,0.000077521679
0x3406,3040,0.000077521679
0x3409,3040,0.000077521679
0x340c,3040,0.000077521679
0x340f,3040,0.000077521679
0x3412,3040,0.000077521679
0x3413,3040,0.000077521679
0x3416,3040,0.000077521679
0x3418,3040,0.000077521679
0x341b,336,0.000008568186
0x341e,336,0.000008568186
0x3421,336,0.000008568186
0x3424,336,0.000008568186
0x3427,336,0.000008568186
0x342a,336,0.000008568186
0x342d,336,0.000008568186
0x342e,336,0.000008568186
0x3431,168,0.000004284093
0x3434,168,0.000004284093
0x3438,2704,0.000068953493
0x343b,2704,0.000068953493
0x343c,2704,0.000068953493
0x343f,1352,0.000034476747
0x3442,1352,0.000034476747
0x3445,1352,0.000034476747
0x3448,1352,0.000034476747
0x344b,1352,0.000034476747
0x3452,1352,0.000034476747
0x3455,1352,0.000034476747
0x3458,1352,0.000034476747
0x345b,1352,0.000034476747
0x3474,1688,0.000043044932
0x3477,6752,0.000172179729
0x3478,6752,0.000172179729
0x347b,6752,0.000172179729
0x347c,6752,0.000172179729
0x347d,6752,0.000172179729
0x347f,6752,0.000172179729
0x3480,6752,0.000172179729
0x3482,6752,0.000172179729
0x3485,1688,0.000043044932
0x3486,1688,0.000043044932
0x3489,6752,0.000172179729
0x348a,6752,0.000172179729
0x348d,6752,0.000172179729
0x348e,6752,0.000172179729
0x348f,6752,0.000172179729
0x3491,6752,0.000172179729
0x3492,6752,0.000172179729
0x3494,6752,0.000172179729
0x3497,1688,0.000043044932
0x3498,1688,0.000043044932
0x349b,6752,0.000172179729
0x349c,6752,0.000172179729
0x349f,6752,0.000172179729
0x34a0,6752,0.000172179729
0x34a1,6752,0.000172179729
0x34a3,6752,0.000172179729
0x34a4,6752,0.000172179729
0x34a6,6752,0.000172179729
0x34a9,1688,0.000043044932
0x34aa,1688,0.000043044932
0x34ad,6752,0.000172179729
0x34ae,6752,0.000172179729
0x34b1,6752,0.000172179729
0x34b2,6752,0.000172179729
0x34b3,6752,0.000172179729
0x34b5,6752,0.000172179729
0x34b6,6752,0.000172179729
0x34b8,6752,0.000172179729
0x34bb,1688,0.000043044932
0x34c0,14032,0.000357823749
0x34c1,14032,0.000357823749
0x34c2,14032,0.000357823749
0x34c3,9798,0.000249854411
0x34c4,9798,0.000249854411
0x34c6,9798,0.000249854411
0x34c7,9798,0.000249854411
0x34c9,9798,0.000249854411
0x34ca,9798,0.000249854411
0x34cb,9798,0.000249854411
0x34cc,9798,0.000249854411
0x34cd,9798,0.000249854411
0x34ce,9798,0.000249854411
0x34cf,9798,0.000249854411
0x34d0,9798,0.000249854411
0x34d1,9798,0.000249854411
0x34d2,9798,0.000249854411
0x34d3,9798,0.000249854411
0x34d4,9798,0.000249854411
0x34d5,9798,0.000249854411
0x34d7,9798,0.000249854411
0x34d8,9798,0.000249854411
0x34da,9798,0.000249854411
0x34db,9798,0.000249854411
0x34dc,9798,0.000249854411
0x34dd,9798,0.000249854411
0x34de,9816,0.000250313421
0x34df,9816,0.000250313421
0x34e1,9816,0.000250313421
0x34e4,1457,0.000037154305
0x34e5,1457,0.000037154305
0x34e7,1457,0.000037154305
0x34ea,746,0.000019023412
0x34ec,746,0.000019023412
0x34ed,746,0.000019023412
0x34ee,746,0.000019023412
0x34f0,746,0.000019023412
0x34f1,746,0.000019023412
0x34f3,746,0.000019023412
0x34f6,420,0.000010710232
0x34f8,420,0.000010710232
0x34f9,420,0.000010710232
0x34fa,420,0.000010710232
0x34fc,420,0.000010710232
0x34fd,420,0.000010710232
0x34ff,420,0.000010710232
0x3509,746,0.000019023412
0x350a,746,0.000019023412
0x350b,746,0.000019023412
0x350c,9816,0.000250313421
0x350e,9816,0.000250313421
0x350f,9816,0.000250313421
0x3512,9816,0.000250313421
0x3513,9816,0.000250313421
0x3515,9816,0.000250313421
0x3516,9816,0.000250313421
0x3518,9816,0.000250313421
0x3519,9816,0.000250313421
0x3520,272,0.000006936150
0x3521,272,0.000006936150
0x3522,272,0.000006936150
0x3523,272,0.000006936150
0x3524,272,0.000006936150
0x3525,272,0.000006936150
0x3526,272,0.000006936150
0x3527,272,0.000006936150
0x3528,2929,0.000074691118
0x3529,2929,0.000074691118
0x352a,2929,0.000074691118
0x352b,2929,0.000074691118
0x352c,2929,0.000074691118
0x352d,2929,0.000074691118
0x352e,2929,0.000074691118
0x352f,2929,0.000074691118
0x3530,3566,0.000090934969
0x3531,3566,0.000090934969
0x3532,3566,0.000090934969
0x3533,3566,0.000090934969
0x3534,3566,0.000090934969
0x3535,3566,0.000090934969
0x3536,3566,0.000090934969
0x3537,3566,0.000090934969
0x3538,4257,0.000108555851
0x3539,4257,0.000108555851
0x353a,4257,0.000108555851
0x353b,4257,0.000108555851
0x353c,4257,0.000108555851
0x353d,4257,0.000108555851
0x353e,4257,0.000108555851
0x353f,4257,0.000108555851
0x3540,9771,0.000249165896
0x3541,9771,0.000249165896
0x3542,9771,0.000249165896
0x3543,9771,0.000249165896
0x3544,9771,0.000249165896
0x3545,9771,0.000249165896
0x3546,9771,0.000249165896
0x3547,9771,0.000249165896
0x3548,10622,0.000270866866
0x3549,10622,0.000270866866
0x354a,10622,0.000270866866
0x354b,10622,0.000270866866
0x354c,10622,0.000270866866
0x354d,10622,0.000270866866
0x354e,10622,0.000270866866
0x354f,10622,0.000270866866
0x3550,10732,0.000273671927
0x3551,10732,0.000273671927
0x3552,10732,0.000273671927
0x3553,10732,0.000273671927
0x3554,10732,0.000273671927
0x3555,10732,0.000273671927
0x3556,10732,0.000273671927
0x3557,10732,0.000273671927
0x3558,10732,0.000273671927
0x355a,10732,0.000273671927
0x355b,10732,0.000273671927
0x355d,10732,0.000273671927
0x3560,3040,0.000077521679
0x3563,3040,0.000077521679
0x3564,3040,0.000077521679
0x3565,3040,0.000077521679
0x3566,3040,0.000077521679
0x3567,3040,0.000077521679
0x3568,3040,0.000077521679
0x3569,3040,0.000077521679
0x356a,3040,0.000077521679
0x356d,3040,0.000077521679
0x3570,3040,0.000077521679
0x3572,3040,0.000077521679
0x3577,3040,0.000077521679
0x3579,3040,0.000077521679
0x357a,3040,0.000077521679
0x357b,3040,0.000077521679
0x357e,3040,0.000077521679
0x357f,3040,0.000077521679
0x3581,3040,0.000077521679
0x3584,2476,0.000063139367
0x3586,3040,0.000077521679
0x3587,3040,0.000077521679
0x3588,3040,0.000077521679
0x3589,3040,0.000077521679
0x358c,3040,0.000077521679
0x358d,3040,0.000077521679
0x358e,3040,0.000077521679
0x3590,3040,0.000077521679
0x3591,3040,0.000077521679
0x3593,3040,0.000077521679
0x3594,3040,0.000077521679
0x3596,3040,0.000077521679
0x3597,3040,0.000077521679
0x359a,3040,0.000077521679
0x359b,3040,0.000077521679
0x359c,3040,0.000077521679
0x359d,3040,0.000077521679
0x359f,3040,0.000077521679
0x35a2,3040,0.000077521679
0x35b0,13504,0.000344359458
0x35b1,13504,0.000344359458
0x35b2,13504,0.000344359458
0x35b3,9270,0.000236390119
0x35b4,9270,0.000236390119
0x35b5,9270,0.000236390119
0x35b6,9270,0.000236390119
0x35b7,9270,0.000236390119
0x35b8,9270,0.000236390119
0x35b9,9270,0.000236390119
0x35ba,9270,0.000236390119
0x35bd,8216,0.000209512537
0x35be,9270,0.000236390119
0x35bf,9270,0.000236390119
0x35c0,9270,0.000236390119
0x35c1,9270,0.000236390119
0x35c2,9270,0.000236390119
0x35c3,9270,0.000236390119
0x35c4,9270,0.000236390119
0x35c5,9270,0.000236390119
0x35c7,9270,0.000236390119
0x35c8,9270,0.000236390119
0x35c9,9270,0.000236390119
0x35ca,9270,0.000236390119
0x35cb,9270,0.000236390119
0x35cc,9270,0.000236390119
0x35cd,9270,0.000236390119
0x35ce,9270,0.000236390119
0x35cf,9270,0.000236390119
0x35d0,9270,0.000236390119
0x35d1,9270,0.000236390119
0x35d2,9270,0.000236390119
0x35d3,9270,0.000236390119
0x35d4,9270,0.000236390119
0x35d5,9270,0.000236390119
0x35d6,9270,0.000236390119
0x35d7,9270,0.000236390119
0x35d8,9270,0.000236390119
0x35d9,9270,0.000236390119
0x35da,9270,0.000236390119
0x35db,9270,0.000236390119
0x35e0,7040,0.000179523888
0x35e1,7040,0.000179523888
0x35e2,7040,0.000179523888
0x35e3,7040,0.000179523888
0x35e5,7040,0.000179523888
0x35e8,3622,0.000092363000
0x35e9,3622,0.000092363000
0x35ea,3622,0.000092363000
0x35eb,3622,0.000092363000
0x35ec,3622,0.000092363000
0x35ed,3622,0.000092363000
0x35ee,3622,0.000092363000
0x35ef,3622,0.000092363000
0x35f0,3622,0.000092363000
0x35f1,3622,0.000092363000
0x35f3,3622,0.000092363000
0x35f6,1057,0.000026954084
0x35f8,1057,0.000026954084
0x35f9,1057,0.000026954084
0x35fa,1057,0.000026954084
0x35fb,1057,0.000026954084
0x35fd,1057,0.000026954084
0x35fe,1057,0.000026954084
0x3601,132,0.000003366073
0x3602,132,0.000003366073
0x3603,132,0.000003366073
0x3604,1057,0.000026954084
0x3605,1057,0.000026954084
0x3606,1057,0.000026954084
0x3607,1057,0.000026954084
0x3608,1057,0.000026954084
0x3609,1057,0.000026954084
0x360a,1057,0.000026954084
0x360b,1057,0.000026954084
0x360c,1057,0.000026954084
0x360e,1057,0.000026954084
0x360f,1057,0.000026954084
0x3612,974,0.000024837538
0x3613,974,0.000024837538
0x3614,974,0.000024837538
0x3615,974,0.000024837538
0x3616,974,0.000024837538
0x3618,974,0.000024837538
0x3619,974,0.000024837538
0x361a,974,0.000024837538
0x361b,974,0.000024837538
0x361c,658,0.000016779363
0x361f,658,0.000016779363
0x3620,658,0.000016779363
0x3621,658,0.000016779363
0x3622,237,0.000006043631
0x3623,237,0.000006043631
0x3624,237,0.000006043631
0x3628,3418,0.000087160888
0x362a,3418,0.000087160888
0x362d,3337,0.000085095343
0x362e,3337,0.000085095343
0x362f,3337,0.000085095343
0x3630,3337,0.000085095343
0x3631,3337,0.000085095343
0x3632,3337,0.000085095343
0x3633,3337,0.000085095343
0x3634,3337,0.000085095343
0x3635,3337,0.000085095343
0x3636,3337,0.000085095343
0x3637,3337,0.000085095343
0x363a,1066,0.000027183589
0x363c,1066,0.000027183589
0x363d,1066,0.000027183589
0x363e,1066,0.000027183589
0x363f,1066,0.000027183589
0x3641,1066,0.000027183589
0x3642,1066,0.000027183589
0x3645,137,0.000003493576
0x3646,137,0.000003493576
0x3647,137,0.000003493576
0x3648,1066,0.000027183589
0x3649,1066,0.000027183589
0x364a,1066,0.000027183589
0x364b,1066,0.000027183589
0x364c,1066,0.000027183589
0x364d,1066,0.000027183589
0x364e,1066,0.000027183589
0x364f,1066,0.000027183589
0x3650,1066,0.000027183589
0x3651,1066,0.000027183589
0x3652,1066,0.000027183589
0x3654,1066,0.000027183589
0x3655,1066,0.000027183589
0x3656,1066,0.000027183589
0x3657,1066,0.000027183589
0x365a,817,0.000020833951
0x365d,817,0.000020833951
0x365e,817,0.000020833951
0x3661,220,0.000005610121
0x3662,220,0.000005610121
0x3663,1066,0.000027183589
0x3665,1066,0.000027183589
0x3666,1066,0.000027183589
0x366a,2565,0.000065408917
0x366b,2565,0.000065408917
0x366c,2565,0.000065408917
0x366d,89,0.000002269549
0x366e,89,0.000002269549
0x366f,89,0.000002269549
0x3670,89,0.000002269549
0x3671,89,0.000002269549
0x3672,83,0.000002116546
0x3673,83,0.000002116546
0x3674,83,0.000002116546
0x3675,83,0.000002116546
0x3676,83,0.000002116546
0x3679,83,0.000002116546
0x367b,83,0.000002116546
0x367c,83,0.000002116546
0x367f,83,0.000002116546
0x3680,83,0.000002116546
0x3683,83,0.000002116546
0x3684,83,0.000002116546
0x3686,83,0.000002116546
0x3689,83,0.000002116546
0x368a,83,0.000002116546
0x368b,83,0.000002116546
0x368d,83,0.000002116546
0x368e,71,0.000001810539
0x3690,71,0.000001810539
0x3691,59,0.000001504533
0x3692,59,0.000001504533
0x3695,2271,0.000057911754
0x3696,2271,0.000057911754
0x3697,2271,0.000057911754
0x3698,2271,0.000057911754
0x3699,2271,0.000057911754
0x369a,2271,0.000057911754
0x369b,2271,0.000057911754
0x369c,2271,0.000057911754
0x369d,56,0.000001428031
0x369e,56,0.000001428031
0x36a0,56,0.000001428031
0x36a1,56,0.000001428031
0x36a4,56,0.000001428031
0x36a6,56,0.000001428031
0x36a7,56,0.000001428031
0x36aa,52,0.000001326029
0x36ab,56,0.000001428031
0x36ae,56,0.000001428031
0x36b0,56,0.000001428031
0x36b3,56,0.000001428031
0x36b4,56,0.000001428031
0x36b6,56,0.000001428031
0x36b7,56,0.000001428031
0x36b9,56,0.000001428031
0x36ba,56,0.000001428031
0x36bb,56,0.000001428031
0x36c0,2230,0.000056866232
0x36c1,2230,0.000056866232
0x36c2,2230,0.000056866232
0x36c3,1115,0.000028433116
0x36c4,1115,0.000028433116
0x36c5,1115,0.000028433116
0x36c6,1115,0.000028433116
0x36c8,1115,0.000028433116
0x36c9,1115,0.000028433116
0x36cc,24,0.000000612013
0x36cd,24,0.000000612013
0x36ce,24,0.000000612013
0x36cf,24,0.000000612013
0x36d2,2902,0.000074002603
0x36d3,2902,0.000074002603
0x36d4,2902,0.000074002603
0x36d5,2902,0.000074002603
0x36d6,2902,0.000074002603
0x36d7,2902,0.000074002603
0x36d8,109,0.000002779560
0x36d9,109,0.000002779560
0x36da,109,0.000002779560
0x36db,109,0.000002779560
0x36dc,109,0.000002779560
0x36dd,109,0.000002779560
0x36de,109,0.000002779560
0x36e1,109,0.000002779560
0x36e3,109,0.000002779560
0x36e6,109,0.000002779560
0x36ea,3154,0.000080428742
0x36eb,3154,0.000080428742
0x36ec,3154,0.000080428742
0x36ed,3154,0.000080428742
0x36ee,3154,0.000080428742
0x36ef,3154,0.000080428742
0x36f0,872,0.000022236482
0x36f1,872,0.000022236482
0x36f2,872,0.000022236482
0x36f3,872,0.000022236482
0x36f5,872,0.000022236482
0x36f6,56,0.000001428031
0x36f7,56,0.000001428031
0x36f8,56,0.000001428031
0x36f9,56,0.000001428031
0x36fa,56,0.000001428031
0x36fb,56,0.000001428031
0x36fc,56,0.000001428031
0x36fd,56,0.000001428031
0x36fe,56,0.000001428031
0x3701,56,0.000001428031
0x3703,56,0.000001428031
0x3706,56,0.000001428031
0x370a,3190,0.000081346762
0x370b,3190,0.000081346762
0x370c,3190,0.000081346762
0x370d,3190,0.000081346762
0x370e,3190,0.000081346762
0x370f,3190,0.000081346762
0x3710,326,0.000008313180
0x3711,326,0.000008313180
0x3712,326,0.000008313180
0x3713,326,0.000008313180
0x3715,326,0.000008313180
0x3716,85,0.000002167547
0x3717,85,0.000002167547
0x3718,85,0.000002167547
0x3719,85,0.000002167547
0x371a,85,0.000002167547
0x371b,85,0.000002167547
0x371c,85,0.000002167547
0x371d,85,0.000002167547
0x371e,85,0.000002167547
0x3721,85,0.000002167547
0x3723,85,0.000002167547
0x3726,85,0.000002167547
0x3729,85,0.000002167547
0x372a,85,0.000002167547
0x372c,85,0.000002167547
0x372d,44,0.000001122024
0x372e,44,0.000001122024
0x3730,44,0.000001122024
0x3731,44,0.000001122024
0x3732,44,0.000001122024
0x3733,44,0.000001122024
0x3734,44,0.000001122024
0x3735,44,0.000001122024
0x3736,44,0.000001122024
0x3739,44,0.000001122024
0x373b,44,0.000001122024
0x373e,44,0.000001122024
0x3744,81,0.000002065545
0x3746,81,0.000002065545
0x3747,81,0.000002065545
0x3748,81,0.000002065545
0x3749,81,0.000002065545
0x374a,81,0.000002065545
0x374c,81,0.000002065545
0x374d,81,0.000002065545
0x374e,81,0.000002065545
0x3750,81,0.000002065545
0x3751,81,0.000002065545
0x3752,9,0.000000229505
0x3753,9,0.000000229505
0x3754,9,0.000000229505
0x3758,14248,0.000363331868
0x3759,14248,0.000363331868
0x375a,14248,0.000363331868
0x375b,144,0.000003672080
0x375c,144,0.000003672080
0x375f,135,0.000003442575
0x3760,135,0.000003442575
0x3761,135,0.000003442575
0x3764,72,0.000001836040
0x3766,72,0.000001836040
0x3767,72,0.000001836040
0x3769,72,0.000001836040
0x376a,72,0.000001836040
0x376b,72,0.000001836040
0x376c,72,0.000001836040
0x376d,72,0.000001836040
0x376e,72,0.000001836040
0x376f,72,0.000001836040
0x3770,72,0.000001836040
0x3771,72,0.000001836040
0x3772,72,0.000001836040
0x3773,72,0.000001836040
0x3774,72,0.000001836040
0x3777,72,0.000001836040
0x377a,72,0.000001836040
0x377b,72,0.000001836040
0x377c,72,0.000001836040
0x377d,72,0.000001836040
0x377e,72,0.000001836040
0x3780,72,0.000001836040
0x3781,72,0.000001836040
0x3782,72,0.000001836040
0x3783,72,0.000001836040
0x3786,72,0.000001836040
0x3787,72,0.000001836040
0x3788,70,0.000001785039
0x3789,70,0.000001785039
0x378c,70,0.000001785039
0x378e,70,0.000001785039
0x378f,70,0.000001785039
0x3791,70,0.000001785039
0x3792,70,0.000001785039
0x3796,72,0.000001836040
0x3798,72,0.000001836040
0x3799,72,0.000001836040
0x379b,72,0.000001836040
0x379e,27,0.000000688515
0x379f,72,0.000001836040
0x37a0,72,0.000001836040
0x37a1,72,0.000001836040
0x37a4,72,0.000001836040
0x37a5,72,0.000001836040
0x37a6,60,0.000001530033
0x37a7,60,0.000001530033
0x37aa,60,0.000001530033
0x37b0,63,0.000001606535
0x37b1,63,0.000001606535
0x37b2,63,0.000001606535
0x37b3,63,0.000001606535
0x37b4,63,0.000001606535
0x37b5,63,0.000001606535
0x37b6,63,0.000001606535
0x37b7,63,0.000001606535
0x37b8,63,0.000001606535
0x37b9,63,0.000001606535
0x37ba,63,0.000001606535
0x37bb,63,0.000001606535
0x37be,63,0.000001606535
0x37c0,63,0.000001606535
0x37c1,63,0.000001606535
0x37c4,63,0.000001606535
0x37c6,63,0.000001606535
0x37cc,9,0.000000229505
0x37cd,9,0.000000229505
0x37ce,9,0.000000229505
0x37cf,9,0.000000229505
0x37d0,9,0.000000229505
0x37d2,9,0.000000229505
0x37d4,9,0.000000229505
0x37d5,9,0.000000229505
0x37d7,9,0.000000229505
0x37da,9,0.000000229505
0x37dd,234,0.000005967129
0x37de,234,0.000005967129
0x37df,234,0.000005967129
0x37e0,234,0.000005967129
0x37e1,234,0.000005967129
0x37e2,234,0.000005967129
0x37e5,9,0.000000229505
0x3800,6080,0.000155043358
0x3803,6080,0.000155043358
0x3805,6080,0.000155043358
0x3806,2952,0.000075277630
0x3809,2952,0.000075277630
0x380b,2952,0.000075277630
0x380c,2952,0.000075277630
0x380f,2952,0.000075277630
0x3810,2952,0.000075277630
0x3813,2952,0.000075277630
0x3815,2952,0.000075277630
0x3816,2952,0.000075277630
0x3819,2952,0.000075277630
0x381a,2952,0.000075277630
0x381b,2952,0.000075277630
0x381d,2952,0.000075277630
0x381e,2952,0.000075277630
0x381f,2952,0.000075277630
0x3820,2952,0.000075277630
0x3822,2952,0.000075277630
0x3823,51,0.000001300528
0x3824,51,0.000001300528
0x3827,51,0.000001300528
0x3829,51,0.000001300528
0x382b,51,0.000001300528
0x382c,51,0.000001300528
0x382e,51,0.000001300528
0x382f,51,0.000001300528
0x3830,51,0.000001300528
0x3832,51,0.000001300528
0x3833,51,0.000001300528
0x3834,51,0.000001300528
0x3835,51,0.000001300528
0x3837,51,0.000001300528
0x3838,51,0.000001300528
0x3839,51,0.000001300528
0x383b,51,0.000001300528
0x383c,51,0.000001300528
0x383e,51,0.000001300528
0x3841,36,0.000000918020
0x3844,47,0.000001198526
0x3846,47,0.000001198526
0x3847,47,0.000001198526
0x3849,47,0.000001198526
0x384a,47,0.000001198526
0x384b,47,0.000001198526
0x384c,15,0.000000382508
0x384f,15,0.000000382508
0x3850,15,0.000000382508
0x3851,15,0.000000382508
0x3853,15,0.000000382508
0x3854,15,0.000000382508
0x3855,15,0.000000382508
0x3856,15,0.000000382508
0x3857,15,0.000000382508
0x3858,15,0.000000382508
0x3859,15,0.000000382508
0x385c,15,0.000000382508
0x385d,15,0.000000382508
0x385f,15,0.000000382508
0x3862,6,0.000000153003
0x3863,6,0.000000153003
0x3865,6,0.000000153003
0x3868,6,0.000000153003
0x386b,6,0.000000153003
0x386e,6,0.000000153003
0x386f,6,0.000000153003
0x3871,6,0.000000153003
0x3894,9,0.000000229505
0x3897,9,0.000000229505
0x3899,9,0.000000229505
0x389c,9,0.000000229505
0x38a1,18,0.000000459010
0x38a2,18,0.000000459010
0x38a4,18,0.000000459010
0x38a5,18,0.000000459010
0x38a6,18,0.000000459010
0x38a7,18,0.000000459010
0x38a8,18,0.000000459010
0x38a9,18,0.000000459010
0x38ac,18,0.000000459010
0x38ae,18,0.000000459010
0x38af,18,0.000000459010
0x38b1,18,0.000000459010
0x38b4,18,0.000000459010
0x38b5,18,0.000000459010
0x38bc,28,0.000000714015
0x38be,28,0.000000714015
0x38bf,28,0.000000714015
0x38c1,28,0.000000714015
0x38c2,28,0.000000714015
0x38c3,28,0.000000714015
0x38c4,3,0.000000076502
0x38c7,3,0.000000076502
0x38c8,3,0.000000076502
0x38ca,3,0.000000076502
0x38cd,3,0.000000076502
0x38cf,3,0.000000076502
0x38d2,1,0.000000025501
0x38d3,1,0.000000025501
0x38d4,1,0.000000025501
0x38d5,1,0.000000025501
0x38d7,1,0.000000025501
0x38d8,1,0.000000025501
0x38db,1,0.000000025501
0x38dc,1,0.000000025501
0x38dd,1,0.000000025501
0x38de,1,0.000000025501
0x38df,1,0.000000025501
0x38e1,1,0.000000025501
0x38e2,1,0.000000025501
0x38e4,1,0.000000025501
0x38e5,1,0.000000025501
0x38e7,1,0.000000025501
0x38e8,1,0.000000025501
0x38e9,3,0.000000076502
0x38eb,3,0.000000076502
0x38ee,3,0.000000076502
0x38f1,3,0.000000076502
0x38f8,12,0.000000306007
0x38fb,18,0.000000459010
0x38fc,18,0.000000459010
0x38fd,18,0.000000459010
0x3906,18,0.000000459010
0x3907,18,0.000000459010
0x3908,18,0.000000459010
0x3909,18,0.000000459010
0x390a,18,0.000000459010
0x390d,18,0.000000459010
0x390e,18,0.000000459010
0x390f,18,0.000000459010
0x3912,18,0.000000459010
0x3913,18,0.000000459010
0x3916,18,0.000000459010
0x3918,18,0.000000459010
0x391b,18,0.000000459010
0x391c,36,0.000000918020
0x391d,36,0.000000918020
0x391f,36,0.000000918020
0x3922,8,0.000000204004
0x3923,5388,0.000137396976
0x3930,1520,0.000038760839
0x3933,1520,0.000038760839
0x3935,1520,0.000038760839
0x3937,1520,0.000038760839
0x3938,1520,0.000038760839
0x393a,1520,0.000038760839
0x393b,1520,0.000038760839
0x393c,1520,0.000038760839
0x393d,1520,0.000038760839
0x393f,1520,0.000038760839
0x3942,760,0.000019380420
0x3945,760,0.000019380420
0x3946,760,0.000019380420
0x3947,760,0.000019380420
0x394a,760,0.000019380420
0x394b,760,0.000019380420
0x394c,4788,0.000122096644
0x394d,4788,0.000122096644
0x3950,4672,0.000119138580
0x3951,4672,0.000119138580
0x3952,4672,0.000119138580
0x3954,4672,0.000119138580
0x3955,4672,0.000119138580
0x3956,4672,0.000119138580
0x3959,644,0.000016422356
0x395c,4788,0.000122096644
0x395d,4788,0.000122096644
0x395f,4788,0.000122096644
0x3960,1248,0.000031824689
0x3961,1248,0.000031824689
0x3963,1248,0.000031824689
0x3964,1248,0.000031824689
0x3965,1248,0.000031824689
0x3966,1248,0.000031824689
0x3967,1041,0.000026546075
0x3968,1041,0.000026546075
0x3969,116,0.000002958064
0x396b,116,0.000002958064
0x396c,116,0.000002958064
0x396d,116,0.000002958064
0x396e,116,0.000002958064
0x396f,116,0.000002958064
0x3972,116,0.000002958064
0x3973,116,0.000002958064
0x3975,116,0.000002958064
0x3976,116,0.000002958064
0x3977,116,0.000002958064
0x3978,116,0.000002958064
0x397a,116,0.000002958064
0x397b,116,0.000002958064
0x3980,3040,0.000077521679
0x3983,3040,0.000077521679
0x3985,3040,0.000077521679
0x3986,30,0.000000765017
0x3988,30,0.000000765017
0x3a00,1520,0.000038760839
0x3a03,1520,0.000038760839
0x3a05,1520,0.000038760839
0x3a06,1520,0.000038760839
0x3a07,1520,0.000038760839
0x3a08,1520,0.000038760839
0x3a0b,1520,0.000038760839
0x3a0c,1520,0.000038760839
0x3a0d,1520,0.000038760839
0x3a0e,760,0.000019380420
0x3a0f,760,0.000019380420
0x3a10,5772,0.000147189188
0x3a13,5772,0.000147189188
0x3a14,5772,0.000147189188
0x3a15,5772,0.000147189188
0x3a18,384,0.000009792212
0x3a1a,384,0.000009792212
0x3a1c,384,0.000009792212
0x3a1d,5388,0.000137396976
0x3a20,5388,0.000137396976
0x3a21,5388,0.000137396976
0x3a22,5388,0.000137396976
0x3a25,192,0.000004896106
0x3a27,192,0.000004896106
0x3a2a,6,0.000000153003
0x3a2c,192,0.000004896106
0x3a2d,192,0.000004896106
0x3a2e,192,0.000004896106
0x3a2f,192,0.000004896106
0x3a30,192,0.000004896106
0x3a31,192,0.000004896106
0x3a32,192,0.000004896106
0x3a34,192,0.000004896106
0x3a36,192,0.000004896106
0x3a37,192,0.000004896106
0x3a39,192,0.000004896106
0x3a3b,192,0.000004896106
0x3a3d,192,0.000004896106
0x3a3f,192,0.000004896106
0x3a40,5196,0.000132500870
0x3a42,5196,0.000132500870
0x3a43,5196,0.000132500870
0x3a44,5196,0.000132500870
0x3a47,560,0.000014280309
0x3a49,560,0.000014280309
0x3a4c,35,0.000000892519
0x3a4e,560,0.000014280309
0x3a4f,560,0.000014280309
0x3a50,560,0.000014280309
0x3a51,560,0.000014280309
0x3a52,560,0.000014280309
0x3a53,560,0.000014280309
0x3a54,560,0.000014280309
0x3a56,560,0.000014280309
0x3a58,560,0.000014280309
0x3a5a,560,0.000014280309
0x3a5b,560,0.000014280309
0x3a5d,560,0.000014280309
0x3a5f,560,0.000014280309
0x3a62,4636,0.000118220560
0x3a64,4636,0.000118220560
0x3a65,4636,0.000118220560
0x3a66,4636,0.000118220560
0x3a67,48,0.000001224027
0x3a69,48,0.000001224027
0x3a6c,3,0.000000076502
0x3a6e,3,0.000000076502
0x3a71,3,0.000000076502
0x3a73,3,0.000000076502
0x3a78,48,0.000001224027
0x3a79,48,0.000001224027
0x3a7b,48,0.000001224027
0x3a7c,48,0.000001224027
0x3a7e,48,0.000001224027
0x3a80,48,0.000001224027
0x3a81,48,0.000001224027
0x3a82,5388,0.000137396976
0x3a85,5388,0.000137396976
0x3a86,5388,0.000137396976
0x3a88,5388,0.000137396976
0x3a89,1482,0.000037791818
0x3a8b,1482,0.000037791818
0x3a8c,1482,0.000037791818
0x3a8e,1482,0.000037791818
0x3a8f,1482,0.000037791818
0x3a90,5388,0.000137396976
0x3a93,5388,0.000137396976
0x3a94,5388,0.000137396976
0x3a95,5388,0.000137396976
0x3a98,3348,0.000085375849
0x3a9b,3348,0.000085375849
0x3a9e,3348,0.000085375849
0x3aa1,53568,0.001366013583
0x3aa2,53568,0.001366013583
0x3aa3,53568,0.001366013583
0x3aa4,53568,0.001366013583
0x3aa7,19877,0.000506874477
0x3aa8,19877,0.000506874477
0x3aaa,19877,0.000506874477
0x3aad,5825,0.000148540717
0x3aae,53568,0.001366013583
0x3aaf,53568,0.001366013583
0x3ab0,53568,0.001366013583
0x3ab1,53568,0.001366013583
0x3ab2,53568,0.001366013583
0x3ab5,3348,0.000085375849
0x3ab6,3348,0.000085375849
0x3ab7,3348,0.000085375849
0x3ab8,2475,0.000063113867
0x3aba,2475,0.000063113867
0x3abd,6,0.000000153003
0x3abf,2475,0.000063113867
0x3ac1,2475,0.000063113867
0x3ac2,2475,0.000063113867
0x3ac5,2475,0.000063113867
0x3ac6,2475,0.000063113867
0x3ac8,2475,0.000063113867
0x3ac9,2475,0.000063113867
0x3aca,2475,0.000063113867
0x3ad0,1144,0.000029172632
0x3ad3,1144,0.000029172632
0x3ad4,1144,0.000029172632
0x3ad6,1144,0.000029172632
0x3ad7,1144,0.000029172632
0x3ad8,1144,0.000029172632
0x3ada,1144,0.000029172632
0x3adb,1144,0.000029172632
0x3adc,1144,0.000029172632
0x3add,1144,0.000029172632
0x3adf,1144,0.000029172632
0x3ae0,1144,0.000029172632
0x3ae1,1144,0.000029172632
0x3ae3,1144,0.000029172632
0x3ae4,1144,0.000029172632
0x3ae5,1144,0.000029172632
0x3ae6,1144,0.000029172632
0x3ae9,1117,0.000028484117
0x3aec,1117,0.000028484117
0x3aee,1117,0.000028484117
0x3aef,1117,0.000028484117
0x3af1,1117,0.000028484117
0x3af2,1117,0.000028484117
0x3af3,1117,0.000028484117
0x3af4,25,0.000000637514
0x3af6,25,0.000000637514
0x3af8,27,0.000000688515
0x3afa,27,0.000000688515
0x3afb,27,0.000000688515
0x3afc,27,0.000000688515
0x3afd,27,0.000000688515
0x3aff,27,0.000000688515
0x3b00,27,0.000000688515
0x3b1b,5388,0.000137396976
0x3b1e,5388,0.000137396976
0x3b1f,5388,0.000137396976
0x3b20,5388,0.000137396976
0x3b33,5388,0.000137396976
0x3b36,5388,0.000137396976
0x3b37,5388,0.000137396976
0x3b38,5388,0.000137396976
0x3b43,5388,0.000137396976
0x3b46,5388,0.000137396976
0x3b47,5388,0.000137396976
0x3b49,5388,0.000137396976
0x3b4c,5388,0.000137396976
0x3b4f,5388,0.000137396976
0x3b52,5388,0.000137396976
0x3b55,5388,0.000137396976
0x3b58,5388,0.000137396976
0x3b5b,5388,0.000137396976
