pc,count,frequency
0x0000,1,0.000000028522
0x0001,1,0.000000028522
0x0002,1,0.000000028522
0x0003,1,0.000000028522
0x0004,1,0.000000028522
0x0005,1,0.000000028522
0x0006,1,0.000000028522
0x0007,1,0.000000028522
0x0008,1,0.000000028522
0x000b,1,0.000000028522
0x000d,1,0.000000028522
0x000f,1,0.000000028522
0x0012,1,0.000000028522
0x0015,1,0.000000028522
0x0017,1,0.000000028522
0x001a,19795,0.000564583569
0x001d,19795,0.000564583569
0x0020,19795,0.000564583569
0x0021,19795,0.000564583569
0x0024,4320,0.000123212984
0x0027,4320,0.000123212984
0x002a,4320,0.000123212984
0x002d,15475,0.000441370585
0x002f,15475,0.000441370585
0x0031,15475,0.000441370585
0x0032,15475,0.000441370585
0x0034,15475,0.000441370585
0x0035,15475,0.000441370585
0x0038,15475,0.000441370585
0x0039,15475,0.000441370585
0x003c,15475,0.000441370585
0x003d,15475,0.000441370585
0x0040,7,0.000000199651
0x0043,7,0.000000199651
0x0046,15468,0.000441170934
0x0049,15467,0.000441142413
0x0050,1,0.000000028522
0x0052,1,0.000000028522
0x0054,1,0.000000028522
0x0056,1,0.000000028522
0x0058,1,0.000000028522
0x005a,1,0.000000028522
0x005c,1,0.000000028522
0x005f,1,0.000000028522
0x0061,1,0.000000028522
0x0063,1,0.000000028522
0x0066,1,0.000000028522
0x0068,1,0.000000028522
0x006a,1,0.000000028522
0x006b,2,0.000000057043
0x006e,2,0.000000057043
0x0070,6130,0.000174836942
0x0072,6130,0.000174836942
0x0073,6130,0.000174836942
0x0074,6130,0.000174836942
0x0077,2,0.000000057043
0x0078,864,0.000024642597
0x007b,864,0.000024642597
0x0080,2175764,0.062056105260
0x0082,2175764,0.062056105260
0x0083,2175764,0.062056105260
0x0085,2175764,0.062056105260
0x0088,39604,0.001129566439
0x0089,39604,0.001129566439
0x008b,39604,0.001129566439
0x008e,19827,0.000565496257
0x0090,19827,0.000565496257
0x0091,19827,0.000565496257
0x0094,19827,0.000565496257
0x0095,19827,0.000565496257
0x0096,19827,0.000565496257
0x0097,19827,0.000565496257
0x0098,19827,0.000565496257
0x009a,19827,0.000565496257
0x009d,19827,0.000565496257
0x009f,19827,0.000565496257
0x00a0,19827,0.000565496257
0x00a2,19827,0.000565496257
0x00a3,19827,0.000565496257
0x00a6,19827,0.000565496257
0x00a8,19827,0.000565496257
0x00ab,19827,0.000565496257
0x00ac,1,0.000000028522
0x00ae,1,0.000000028522
0x00af,1,0.000000028522
0x00b0,1,0.000000028522
0x00b2,1,0.000000028522
0x00b5,1,0.000000028522
0x00bb,38531,0.001098962843
0x00be,38531,0.001098962843
0x00bf,38531,0.001098962843
0x00c0,38531,0.001098962843
0x00c1,38531,0.001098962843
0x00c2,38531,0.001098962843
0x00c3,38531,0.001098962843
0x00c4,2058,0.000058697297
0x00c5,2058,0.000058697297
0x00c7,2058,0.000058697297
0x00c9,2058,0.000058697297
0x00ca,2058,0.000058697297
0x00cd,2058,0.000058697297
0x00ce,2058,0.000058697297
0x00cf,2058,0.000058697297
0x00d0,2058,0.000058697297
0x00d1,2058,0.000058697297
0x00d2,2058,0.000058697297
0x00d3,2058,0.000058697297
0x00d4,2058,0.000058697297
0x00d6,2058,0.000058697297
0x00d8,2058,0.000058697297
0x00d9,2058,0.000058697297
0x00dc,2058,0.000058697297
0x00dd,2058,0.000058697297
0x00de,2058,0.000058697297
0x00e1,700,0.000019965067
0x00e3,15468,0.000441170934
0x00e6,15468,0.000441170934
0x00e9,15468,0.000441170934
0x00ec,15468,0.000441170934
0x00ef,15468,0.000441170934
0x00f2,15464,0.000441056848
0x00f5,15464,0.000441056848
0x00f8,15464,0.000441056848
0x00fb,15464,0.000441056848
0x00fe,14590,0.000416129036
0x0101,14590,0.000416129036
0x0104,14590,0.000416129036
0x0107,14587,0.000416043471
0x0109,14587,0.000416043471
0x010c,14587,0.000416043471
0x010f,14584,0.000415957907
0x0111,14584,0.000415957907
0x0114,14584,0.000415957907
0x0117,14581,0.000415872342
0x0119,14581,0.000415872342
0x011c,14581,0.000415872342
0x011f,14581,0.000415872342
0x0122,13717,0.000391229745
0x0125,13717,0.000391229745
0x0128,13717,0.000391229745
0x012b,13717,0.000391229745
0x012e,13189,0.000376170381
0x0131,13189,0.000376170381
0x0134,13189,0.000376170381
0x0137,13189,0.000376170381
0x013a,729,0.000020792191
0x0140,16,0.000000456344
0x0143,16,0.000000456344
0x0146,16,0.000000456344
0x0149,16,0.000000456344
0x014c,16,0.000000456344
0x014e,16,0.000000456344
0x014f,16,0.000000456344
0x0151,16,0.000000456344
0x0152,16,0.000000456344
0x0153,16,0.000000456344
0x0154,16,0.000000456344
0x0156,16,0.000000456344
0x0158,16,0.000000456344
0x015b,16,0.000000456344
0x015d,16,0.000000456344
0x015f,16,0.000000456344
0x0161,16,0.000000456344
0x0164,16,0.000000456344
0x0166,16,0.000000456344
0x0167,16,0.000000456344
0x0168,16,0.000000456344
0x016a,16,0.000000456344
0x016b,16,0.000000456344
0x016d,16,0.000000456344
0x016f,16,0.000000456344
0x0172,16,0.000000456344
0x0173,12454,0.000355207061
0x0174,12454,0.000355207061
0x0176,12454,0.000355207061
0x0178,12454,0.000355207061
0x017a,12454,0.000355207061
0x017b,9415,0.000268530149
0x017d,9415,0.000268530149
0x017e,9318,0.000265763561
0x0180,9318,0.000265763561
0x0182,9318,0.000265763561
0x0183,3243,0.000092495303
0x0185,3243,0.000092495303
0x0186,3147,0.000089757236
0x0188,3147,0.000089757236
0x018a,3147,0.000089757236
0x018b,99,0.000002823631
0x018d,99,0.000002823631
0x018e,99,0.000002823631
0x018f,99,0.000002823631
0x0191,99,0.000002823631
0x0192,6,0.000000171129
0x0194,6,0.000000171129
0x0196,1738,0.000049570409
0x0197,1738,0.000049570409
0x0199,1738,0.000049570409
0x019b,1738,0.000049570409
0x019c,1416,0.000040386478
0x019d,1416,0.000040386478
0x019e,1416,0.000040386478
0x01a0,1416,0.000040386478
0x01a1,1416,0.000040386478
0x01a2,1416,0.000040386478
0x01a3,1416,0.000040386478
0x01a5,1416,0.000040386478
0x01a6,1416,0.000040386478
0x01a7,1416,0.000040386478
0x01a8,1416,0.000040386478
0x01ab,1416,0.000040386478
0x01ae,1416,0.000040386478
0x01af,1416,0.000040386478
0x01b0,1416,0.000040386478
0x01b1,1416,0.000040386478
0x01b2,1416,0.000040386478
0x01b3,1416,0.000040386478
0x01b4,1416,0.000040386478
0x01b5,1416,0.000040386478
0x01b6,1416,0.000040386478
0x01b7,1416,0.000040386478
0x01b8,1416,0.000040386478
0x01b9,1416,0.000040386478
0x01ba,1416,0.000040386478
0x01bb,1416,0.000040386478
0x01bd,1416,0.000040386478
0x01be,1416,0.000040386478
0x01c1,17616,0.000502435168
0x01c4,17616,0.000502435168
0x01c5,17616,0.000502435168
0x01c8,1416,0.000040386478
0x01c9,1416,0.000040386478
0x01ca,1416,0.000040386478
0x01d0,4271,0.000121815429
0x01d1,4271,0.000121815429
0x01d2,4271,0.000121815429
0x01d3,4271,0.000121815429
0x01d4,4271,0.000121815429
0x01d6,4271,0.000121815429
0x01d7,4271,0.000121815429
0x01d9,4271,0.000121815429
0x01dc,4271,0.000121815429
0x01dd,4271,0.000121815429
0x01e0,2454,0.000069991820
0x01e1,7,0.000000199651
0x01e4,904,0.000025783458
0x01e7,904,0.000025783458
0x01e9,904,0.000025783458
0x01ed,111046,0.003167201160
0x01ee,111046,0.003167201160
0x01ef,111046,0.003167201160
0x01f0,111046,0.003167201160
0x01f3,111046,0.003167201160
0x01f4,111046,0.003167201160
0x01f7,4271,0.000121815429
0x0200,35295,0.001006667191
0x0201,35295,0.001006667191
0x0202,124,0.000003536669
0x0203,124,0.000003536669
0x0204,124,0.000003536669
0x0205,124,0.000003536669
0x0206,1416,0.000040386478
0x0207,1416,0.000040386478
0x0208,1416,0.000040386478
0x0209,1416,0.000040386478
0x020a,1416,0.000040386478
0x020b,1416,0.000040386478
0x020c,1416,0.000040386478
0x020d,1416,0.000040386478
0x020e,1416,0.000040386478
0x0210,9945,0.000283646557
0x0211,9945,0.000283646557
0x0213,9945,0.000283646557
0x0214,9945,0.000283646557
0x0215,2124,0.000060579717
0x0216,2124,0.000060579717
0x0217,231855,0.006612857959
0x0218,231855,0.006612857959
0x021a,231855,0.006612857959
0x021b,231855,0.006612857959
0x021c,32863,0.000937302845
0x021d,32863,0.000937302845
0x0220,31,0.000000884167
0x0221,31,0.000000884167
0x0222,31,0.000000884167
0x0223,31,0.000000884167
0x0224,31,0.000000884167
0x0225,31,0.000000884167
0x0226,31,0.000000884167
0x0227,31,0.000000884167
0x0228,31,0.000000884167
0x0229,31,0.000000884167
0x022a,31,0.000000884167
0x022b,31,0.000000884167
0x022c,31,0.000000884167
0x022e,31,0.000000884167
0x022f,31,0.000000884167
0x0230,31,0.000000884167
0x0231,31,0.000000884167
0x0232,31,0.000000884167
0x0258,75545,0.002154658535
0x0259,75545,0.002154658535
0x025a,75545,0.002154658535
0x025b,302,0.000008613500
0x025c,302,0.000008613500
0x025d,302,0.000008613500
0x025e,302,0.000008613500
0x025f,302,0.000008613500
0x0260,56951,0.001624329316
0x0263,56951,0.001624329316
0x0264,55184,0.001573931783
0x0267,55184,0.001573931783
0x0270,79006,0.002253371529
0x0271,79006,0.002253371529
0x0272,79006,0.002253371529
0x0273,79006,0.002253371529
0x0274,79006,0.002253371529
0x0275,79006,0.002253371529
0x0276,79006,0.002253371529
0x0277,55184,0.001573931783
0x0278,55184,0.001573931783
0x0279,55184,0.001573931783
0x027a,55184,0.001573931783
0x027b,55184,0.001573931783
0x027c,55184,0.001573931783
0x027d,55184,0.001573931783
0x0288,7,0.000000199651
0x028b,7,0.000000199651
0x028e,7,0.000000199651
0x0290,7,0.000000199651
0x0293,7,0.000000199651
0x0295,7,0.000000199651
0x0298,7,0.000000199651
0x029a,7,0.000000199651
0x02a7,7,0.000000199651
0x02aa,7,0.000000199651
0x02ab,7,0.000000199651
0x02ac,7,0.000000199651
0x02ad,1,0.000000028522
0x02b0,1,0.000000028522
0x02b3,1,0.000000028522
0x02b6,1,0.000000028522
0x02b9,1,0.000000028522
0x02bc,1,0.000000028522
0x02be,1,0.000000028522
0x02c0,1,0.000000028522
0x02c3,1,0.000000028522
0x02c5,1,0.000000028522
0x02c7,1,0.000000028522
0x02cb,1,0.000000028522
0x02cd,1,0.000000028522
0x02cf,1,0.000000028522
0x02d4,1,0.000000028522
0x02d7,1,0.000000028522
0x02d8,1,0.000000028522
0x02db,1,0.000000028522
0x02dd,1,0.000000028522
0x02e3,1,0.000000028522
0x02e5,1,0.000000028522
0x02e6,1,0.000000028522
0x02e7,1,0.000000028522
0x02e8,1,0.000000028522
0x02ea,1,0.000000028522
0x02ed,1,0.000000028522
0x02f0,1,0.000000028522
0x02f3,1,0.000000028522
0x02f6,1,0.000000028522
0x02f9,1,0.000000028522
0x02fc,1,0.000000028522
0x02fe,1,0.000000028522
0x0300,1,0.000000028522
0x0303,1,0.000000028522
0x0306,1,0.000000028522
0x0308,1,0.000000028522
0x030b,1,0.000000028522
0x030d,1,0.000000028522
0x0310,1,0.000000028522
0x0314,33,0.000000941210
0x0315,33,0.000000941210
0x0316,33,0.000000941210
0x0317,33,0.000000941210
0x0318,33,0.000000941210
0x0319,33,0.000000941210
0x031a,33,0.000000941210
0x031b,33,0.000000941210
0x031c,33,0.000000941210
0x031d,33,0.000000941210
0x031e,33,0.000000941210
0x0320,2,0.000000057043
0x0321,2,0.000000057043
0x0322,2,0.000000057043
0x0323,2,0.000000057043
0x0324,2,0.000000057043
0x0325,2,0.000000057043
0x0326,2,0.000000057043
0x0327,2,0.000000057043
0x0328,2,0.000000057043
0x0329,2,0.000000057043
0x032a,2,0.000000057043
0x032e,1,0.000000028522
0x0331,8,0.000000228172
0x0333,8,0.000000228172
0x0334,8,0.000000228172
0x0335,8,0.000000228172
0x0337,8,0.000000228172
0x033a,1,0.000000028522
0x033c,1,0.000000028522
0x033f,1,0.000000028522
0x0341,1,0.000000028522
0x0344,1,0.000000028522
0x0346,1,0.000000028522
0x0349,1,0.000000028522
0x034b,1,0.000000028522
0x034e,1,0.000000028522
0x0350,1,0.000000028522
0x0353,1,0.000000028522
0x0355,1,0.000000028522
0x0357,1,0.000000028522
0x0358,1,0.000000028522
0x035b,1,0.000000028522
0x035c,1,0.000000028522
0x035e,1,0.000000028522
0x035f,1,0.000000028522
0x0361,1,0.000000028522
0x0367,4,0.000000114086
0x0369,4,0.000000114086
0x036a,4,0.000000114086
0x036c,4,0.000000114086
0x036f,4,0.000000114086
0x0370,4,0.000000114086
0x0371,4,0.000000114086
0x0373,4,0.000000114086
0x0376,4,0.000000114086
0x0377,15475,0.000441370585
0x037a,15475,0.000441370585
0x037b,15475,0.000441370585
0x037c,15475,0.000441370585
0x037d,15475,0.000441370585
0x0380,34,0.000000969732
0x0383,34,0.000000969732
0x0386,34,0.000000969732
0x0389,12376,0.000352982382
0x038a,12376,0.000352982382
0x038b,12376,0.000352982382
0x038c,12376,0.000352982382
0x038d,12376,0.000352982382
0x038e,12376,0.000352982382
0x038f,12376,0.000352982382
0x0390,12376,0.000352982382
0x0393,884,0.000025213027
0x0394,884,0.000025213027
0x0395,884,0.000025213027
0x0396,884,0.000025213027
0x0397,884,0.000025213027
0x0398,884,0.000025213027
0x0399,884,0.000025213027
0x039a,884,0.000025213027
0x039d,34,0.000000969732
0x03a0,121,0.000003451104
0x03a3,121,0.000003451104
0x03a6,50336,0.001435659435
0x03a7,50336,0.001435659435
0x03a8,50336,0.001435659435
0x03a9,50336,0.001435659435
0x03aa,50336,0.001435659435
0x03ab,50336,0.001435659435
0x03ac,50336,0.001435659435
0x03af,121,0.000003451104
0x03b0,12460,0.000355378190
0x03b3,12460,0.000355378190
0x03b6,12460,0.000355378190
0x03b9,9598,0.000273749588
0x03bc,9598,0.000273749588
0x03bf,9595,0.000273664023
0x03c2,9595,0.000273664023
0x03c5,9595,0.000273664023
0x03c8,6718,0.000191607599
0x03cb,6718,0.000191607599
0x03ce,12454,0.000355207061
0x03d1,12454,0.000355207061
0x03d4,12454,0.000355207061
0x03d5,12454,0.000355207061
0x03d7,12454,0.000355207061
0x03d8,12454,0.000355207061
0x03d9,12454,0.000355207061
0x03e2,3,0.000000085565
0x03e5,3,0.000000085565
0x03e8,3,0.000000085565
0x03eb,3,0.000000085565
0x03ee,3,0.000000085565
0x03f1,6,0.000000171129
0x03f4,6,0.000000171129
0x03f5,6,0.000000171129
0x03f7,6,0.000000171129
0x03f8,6,0.000000171129
0x03fa,6,0.000000171129
0x03fb,6,0.000000171129
0x03fc,6,0.000000171129
0x03fd,6,0.000000171129
0x0400,16774,0.000478420044
0x0403,16774,0.000478420044
0x0406,16774,0.000478420044
0x0407,16774,0.000478420044
0x0408,16774,0.000478420044
0x0409,16774,0.000478420044
0x040a,16774,0.000478420044
0x040b,16774,0.000478420044
0x040c,16774,0.000478420044
0x040d,16774,0.000478420044
0x041e,36,0.000001026775
0x0421,36,0.000001026775
0x0423,36,0.000001026775
0x0424,36,0.000001026775
0x0427,36,0.000001026775
0x0429,36,0.000001026775
0x042a,36,0.000001026775
0x042d,36,0.000001026775
0x0430,6,0.000000171129
0x0433,6,0.000000171129
0x0435,6,0.000000171129
0x0436,6,0.000000171129
0x0438,6,0.000000171129
0x043a,6,0.000000171129
0x043b,6,0.000000171129
0x043d,6,0.000000171129
0x043f,6,0.000000171129
0x0440,2,0.000000057043
0x0441,2,0.000000057043
0x0442,2,0.000000057043
0x0443,2,0.000000057043
0x0445,2,0.000000057043
0x04ac,1290,0.000036792766
0x04af,1290,0.000036792766
0x04b0,1290,0.000036792766
0x04b1,1290,0.000036792766
0x04b2,1290,0.000036792766
0x04b4,1290,0.000036792766
0x04b5,1290,0.000036792766
0x04b6,1278,0.000036450508
0x04b8,1278,0.000036450508
0x04ba,1278,0.000036450508
0x04bd,1272,0.000036279379
0x04bf,1272,0.000036279379
0x04c1,1272,0.000036279379
0x04c2,1272,0.000036279379
0x04c4,1272,0.000036279379
0x04c6,1272,0.000036279379
0x04c9,645,0.000018396383
0x04cc,645,0.000018396383
0x04cd,645,0.000018396383
0x04d0,645,0.000018396383
0x04d1,645,0.000018396383
0x04d2,645,0.000018396383
0x04d4,645,0.000018396383
0x04d7,645,0.000018396383
0x04df,645,0.000018396383
0x04e1,645,0.000018396383
0x04e4,645,0.000018396383
0x04e6,627,0.000017882996
0x04e9,627,0.000017882996
0x04ea,627,0.000017882996
0x04eb,627,0.000017882996
0x04ee,627,0.000017882996
0x04f4,627,0.000017882996
0x04f6,627,0.000017882996
0x04f9,627,0.000017882996
0x04fb,3762,0.000107297973
0x04fd,3762,0.000107297973
0x04fe,3762,0.000107297973
0x0501,3762,0.000107297973
0x0502,3762,0.000107297973
0x0505,627,0.000017882996
0x0506,30,0.000000855646
0x0509,30,0.000000855646
0x050b,30,0.000000855646
0x050e,30,0.000000855646
0x0511,30,0.000000855646
0x0514,30,0.000000855646
0x0515,30,0.000000855646
0x0518,30,0.000000855646
0x051b,30,0.000000855646
0x051d,30,0.000000855646
0x0520,30,0.000000855646
0x0523,30,0.000000855646
0x0526,30,0.000000855646
0x0529,30,0.000000855646
0x052c,30,0.000000855646
0x052f,30,0.000000855646
0x0532,30,0.000000855646
0x0535,30,0.000000855646
0x0537,30,0.000000855646
0x053a,30,0.000000855646
0x053d,30,0.000000855646
0x0540,30,0.000000855646
0x0543,30,0.000000855646
0x0547,30,0.000000855646
0x054a,30,0.000000855646
0x054d,30,0.000000855646
0x054f,30,0.000000855646
0x0552,30,0.000000855646
0x0555,30,0.000000855646
0x0557,30,0.000000855646
0x055a,30,0.000000855646
0x0580,33,0.000000941210
0x0583,33,0.000000941210
0x0586,33,0.000000941210
0x0588,33,0.000000941210
0x0589,33,0.000000941210
0x058a,33,0.000000941210
0x058b,33,0.000000941210
0x058d,33,0.000000941210
0x0590,33,0.000000941210
0x0592,33,0.000000941210
0x0595,33,0.000000941210
0x05d8,172,0.000004905702
0x05d9,8012,0.000228514451
0x05da,8012,0.000228514451
0x05db,8012,0.000228514451
0x05dc,8012,0.000228514451
0x05df,172,0.000004905702
0x05e0,1740,0.000049627452
0x05e1,1740,0.000049627452
0x05e2,1740,0.000049627452
0x05e3,1740,0.000049627452
0x05e4,1740,0.000049627452
0x05e5,1740,0.000049627452
0x05e8,69,0.000001967985
0x05ec,30,0.000000855646
0x05ef,30,0.000000855646
0x05f2,30,0.000000855646
0x05f4,30,0.000000855646
0x05f5,30,0.000000855646
0x05f6,30,0.000000855646
0x05f7,30,0.000000855646
0x05f8,30,0.000000855646
0x05f9,30,0.000000855646
0x05fa,198,0.000005647262
0x05fd,198,0.000005647262
0x0600,198,0.000005647262
0x0601,198,0.000005647262
0x0602,198,0.000005647262
0x0603,3046,0.000086876562
0x0604,3046,0.000086876562
0x0605,3046,0.000086876562
0x0606,3046,0.000086876562
0x0607,3046,0.000086876562
0x0608,3046,0.000086876562
0x0609,3046,0.000086876562
0x060a,3046,0.000086876562
0x060d,191,0.000005447611
0x0610,30,0.000000855646
0x0613,30,0.000000855646
0x0616,30,0.000000855646
0x0617,30,0.000000855646
0x0619,30,0.000000855646
0x061a,30,0.000000855646
0x061b,30,0.000000855646
0x061c,30,0.000000855646
0x061d,30,0.000000855646
0x061e,30,0.000000855646
0x061f,30,0.000000855646
0x0621,30,0.000000855646
0x0624,30,0.000000855646
0x0627,30,0.000000855646
0x0628,30,0.000000855646
0x0629,30,0.000000855646
0x062a,358,0.000010210706
0x062b,358,0.000010210706
0x062c,358,0.000010210706
0x062d,358,0.000010210706
0x062e,358,0.000010210706
0x062f,358,0.000010210706
0x0630,358,0.000010210706
0x0631,358,0.000010210706
0x0632,358,0.000010210706
0x0633,358,0.000010210706
0x0634,358,0.000010210706
0x0635,358,0.000010210706
0x0638,23,0.000000655995
0x0650,30,0.000000855646
0x0653,30,0.000000855646
0x0656,30,0.000000855646
0x0658,30,0.000000855646
0x0659,30,0.000000855646
0x065a,30,0.000000855646
0x065b,30,0.000000855646
0x065c,30,0.000000855646
0x065d,30,0.000000855646
0x065e,30,0.000000855646
0x0661,30,0.000000855646
0x0664,30,0.000000855646
0x0665,30,0.000000855646
0x0666,30,0.000000855646
0x0667,358,0.000010210706
0x0668,358,0.000010210706
0x0669,358,0.000010210706
0x066a,358,0.000010210706
0x066b,358,0.000010210706
0x066c,358,0.000010210706
0x066f,23,0.000000655995
0x067a,4749,0.000135448718
0x067d,4749,0.000135448718
0x067e,4749,0.000135448718
0x067f,4749,0.000135448718
0x0682,4749,0.000135448718
0x0684,4749,0.000135448718
0x0685,599,0.000017084393
0x0688,599,0.000017084393
0x068b,599,0.000017084393
0x068c,599,0.000017084393
0x068d,599,0.000017084393
0x068e,599,0.000017084393
0x068f,599,0.000017084393
0x0691,599,0.000017084393
0x0692,599,0.000017084393
0x0693,599,0.000017084393
0x0695,599,0.000017084393
0x0696,599,0.000017084393
0x0697,599,0.000017084393
0x0698,599,0.000017084393
0x0699,15594,0.000444764646
0x069a,15594,0.000444764646
0x069b,15594,0.000444764646
0x069c,15594,0.000444764646
0x069d,15594,0.000444764646
0x069e,15594,0.000444764646
0x069f,15594,0.000444764646
0x06a2,2396,0.000068337572
0x06a3,2396,0.000068337572
0x06a4,2396,0.000068337572
0x06a5,2396,0.000068337572
0x06a8,599,0.000017084393
0x06a9,599,0.000017084393
0x06ac,599,0.000017084393
0x06b0,4365,0.000124496452
0x06b3,4365,0.000124496452
0x06b6,4365,0.000124496452
0x06b7,4365,0.000124496452
0x06b8,4365,0.000124496452
0x06b9,25,0.000000713038
0x06ba,25,0.000000713038
0x06bb,25,0.000000713038
0x06bc,25,0.000000713038
0x06bd,25,0.000000713038
0x06be,25,0.000000713038
0x06bf,25,0.000000713038
0x06c0,25,0.000000713038
0x06c1,25,0.000000713038
0x06c2,25,0.000000713038
0x06c3,25,0.000000713038
0x06c4,25,0.000000713038
0x06c5,25,0.000000713038
0x06c8,25,0.000000713038
0x06ca,25,0.000000713038
0x06cb,25,0.000000713038
0x06cc,25,0.000000713038
0x06cd,25,0.000000713038
0x06cf,25,0.000000713038
0x06d0,25,0.000000713038
0x06d1,25,0.000000713038
0x06d2,25,0.000000713038
0x06d3,25,0.000000713038
0x06d4,25,0.000000713038
0x06d5,25,0.000000713038
0x06d7,25,0.000000713038
0x06d8,25,0.000000713038
0x06da,25,0.000000713038
0x06db,25,0.000000713038
0x06de,25,0.000000713038
0x06df,25,0.000000713038
0x06e1,25,0.000000713038
0x06e2,25,0.000000713038
0x06e3,25,0.000000713038
0x06e4,25,0.000000713038
0x06e7,25,0.000000713038
0x06e8,645,0.000018396383
0x06eb,645,0.000018396383
0x06ed,645,0.000018396383
0x06f0,4365,0.000124496452
0x06f3,4365,0.000124496452
0x06f6,4365,0.000124496452
0x0700,11613,0.000331220459
0x0703,11613,0.000331220459
0x0706,34839,0.000993661376
0x0709,34839,0.000993661376
0x070a,34839,0.000993661376
0x070c,34839,0.000993661376
0x070d,34839,0.000993661376
0x070f,34839,0.000993661376
0x0710,34839,0.000993661376
0x0711,34839,0.000993661376
0x0713,34839,0.000993661376
0x0716,11613,0.000331220459
0x0718,123007,0.003508347109
0x071b,123007,0.003508347109
0x0720,123007,0.003508347109
0x0721,123007,0.003508347109
0x0722,123007,0.003508347109
0x0724,123007,0.003508347109
0x0725,49857,0.001421997625
0x0726,49857,0.001421997625
0x0728,49857,0.001421997625
0x0729,49857,0.001421997625
0x072a,49857,0.001421997625
0x072b,49857,0.001421997625
0x072c,49857,0.001421997625
0x072e,49857,0.001421997625
0x0730,49857,0.001421997625
0x0731,49857,0.001421997625
0x0733,49857,0.001421997625
0x0734,49857,0.001421997625
0x0740,123006,0.003508318588
0x0741,123006,0.003508318588
0x0742,123006,0.003508318588
0x0744,123006,0.003508318588
0x0745,52673,0.001502314236
0x0746,52673,0.001502314236
0x0748,52673,0.001502314236
0x0749,52673,0.001502314236
0x074a,52673,0.001502314236
0x074b,52673,0.001502314236
0x074c,52673,0.001502314236
0x074d,52673,0.001502314236
0x074f,52673,0.001502314236
0x0750,52673,0.001502314236
0x0751,52673,0.001502314236
0x0752,52673,0.001502314236
0x0754,52673,0.001502314236
0x0755,52673,0.001502314236
0x0757,52673,0.001502314236
0x0758,52673,0.001502314236
0x0763,8602,0.000245342150
0x0764,8602,0.000245342150
0x0765,8602,0.000245342150
0x0766,8602,0.000245342150
0x0767,8602,0.000245342150
0x0768,8602,0.000245342150
0x0769,8602,0.000245342150
0x076a,8602,0.000245342150
0x076b,8602,0.000245342150
0x076d,11322,0.000322920695
0x076e,11322,0.000322920695
0x076f,11322,0.000322920695
0x0770,11322,0.000322920695
0x0771,11322,0.000322920695
0x0772,11322,0.000322920695
0x0773,11322,0.000322920695
0x0774,11322,0.000322920695
0x0775,11322,0.000322920695
0x0776,11322,0.000322920695
0x0779,23779,0.000678213320
0x077a,23779,0.000678213320
0x077b,23779,0.000678213320
0x077c,23779,0.000678213320
0x077d,23779,0.000678213320
0x077e,23779,0.000678213320
0x077f,23779,0.000678213320
0x0780,23779,0.000678213320
0x0783,23779,0.000678213320
0x0784,23779,0.000678213320
0x0785,23779,0.000678213320
0x0786,23779,0.000678213320
0x0788,23836,0.000679839047
0x0789,23836,0.000679839047
0x078a,23836,0.000679839047
0x078b,23836,0.000679839047
0x078c,23836,0.000679839047
0x078d,23836,0.000679839047
0x078e,23836,0.000679839047
0x078f,23836,0.000679839047
0x0790,23836,0.000679839047
0x0792,23836,0.000679839047
0x0793,23836,0.000679839047
0x0794,23836,0.000679839047
0x0795,23836,0.000679839047
0x0798,23836,0.000679839047
0x0799,23836,0.000679839047
0x079a,23836,0.000679839047
0x079b,23836,0.000679839047
0x079e,2280,0.000065029075
0x079f,2280,0.000065029075
0x07a0,2280,0.000065029075
0x07a1,2280,0.000065029075
0x07a2,2280,0.000065029075
0x07a3,2280,0.000065029075
0x07a4,2280,0.000065029075
0x07a5,2280,0.000065029075
0x07a6,2280,0.000065029075
0x07a7,2280,0.000065029075
0x07a8,2280,0.000065029075
0x07aa,2284,0.000065143161
0x07ab,2284,0.000065143161
0x07ac,2284,0.000065143161
0x07ad,2284,0.000065143161
0x07ae,2284,0.000065143161
0x07af,2284,0.000065143161
0x07b0,2284,0.000065143161
0x07b1,2284,0.000065143161
0x07b2,2284,0.000065143161
0x07b4,2284,0.000065143161
0x07b5,2284,0.000065143161
0x07b6,2284,0.000065143161
0x07b7,2284,0.000065143161
0x07b8,2284,0.000065143161
0x07b9,2284,0.000065143161
0x07ba,2284,0.000065143161
0x07bb,2284,0.000065143161
0x07be,15196,0.000433413080
0x07bf,15196,0.000433413080
0x07c0,15196,0.000433413080
0x07c1,15196,0.000433413080
0x07c2,15196,0.000433413080
0x07c3,15196,0.000433413080
0x07c4,15196,0.000433413080
0x07c5,15196,0.000433413080
0x07c6,15196,0.000433413080
0x07c7,15196,0.000433413080
0x07ca,15196,0.000433413080
0x07cb,15196,0.000433413080
0x07cc,15196,0.000433413080
0x07cd,15196,0.000433413080
0x07ce,15196,0.000433413080
0x07cf,15196,0.000433413080
0x07d2,15231,0.000434411333
0x07d3,15231,0.000434411333
0x07d4,15231,0.000434411333
0x07d5,15231,0.000434411333
0x07d6,15231,0.000434411333
0x07d7,15231,0.000434411333
0x07d8,15231,0.000434411333
0x07d9,15231,0.000434411333
0x07da,15231,0.000434411333
0x07dc,15256,0.000435124371
0x07dd,15256,0.000435124371
0x07de,15256,0.000435124371
0x07df,15256,0.000435124371
0x07e0,15256,0.000435124371
0x07e1,15256,0.000435124371
0x07e2,15256,0.000435124371
0x07e3,15256,0.000435124371
0x07e4,15256,0.000435124371
0x07e7,15256,0.000435124371
0x07e8,15256,0.000435124371
0x07e9,15256,0.000435124371
0x07ea,15256,0.000435124371
0x07eb,15256,0.000435124371
0x07ec,15256,0.000435124371
0x07ed,15256,0.000435124371
0x07ee,15256,0.000435124371
0x07f0,6,0.000000171129
0x07f3,6,0.000000171129
0x07f6,6,0.000000171129
0x07f9,6,0.000000171129
0x0800,13486,0.000384641273
0x0803,13486,0.000384641273
0x0806,13486,0.000384641273
0x0807,13486,0.000384641273
0x0809,13486,0.000384641273
0x080a,13486,0.000384641273
0x080b,13486,0.000384641273
0x080c,13486,0.000384641273
0x080d,13486,0.000384641273
0x080e,13486,0.000384641273
0x080f,13486,0.000384641273
0x0834,1324,0.000037762498
0x0837,1324,0.000037762498
0x083a,1324,0.000037762498
0x083b,1324,0.000037762498
0x083c,1324,0.000037762498
0x083e,1324,0.000037762498
0x083f,168,0.000004791616
0x0842,168,0.000004791616
0x0845,168,0.000004791616
0x0848,381,0.000010866701
0x084b,381,0.000010866701
0x084c,381,0.000010866701
0x084d,381,0.000010866701
0x084e,11,0.000000313737
0x0850,11,0.000000313737
0x0851,11,0.000000313737
0x0853,11,0.000000313737
0x0855,11,0.000000313737
0x085a,168,0.000004791616
0x085d,168,0.000004791616
0x085f,168,0.000004791616
0x0860,136,0.000003878927
0x0862,136,0.000003878927
0x0864,136,0.000003878927
0x0865,104,0.000002966239
0x0867,104,0.000002966239
0x0869,104,0.000002966239
0x086a,72,0.000002053550
0x086c,72,0.000002053550
0x086e,72,0.000002053550
0x086f,40,0.000001140861
0x0871,40,0.000001140861
0x0876,11613,0.000331220459
0x0879,11613,0.000331220459
0x087c,11613,0.000331220459
0x087f,11613,0.000331220459
0x0882,11613,0.000331220459
0x0885,11613,0.000331220459
0x0886,11613,0.000331220459
0x0889,11613,0.000331220459
0x088b,63869,0.001821641220
0x088c,63869,0.001821641220
0x088d,63869,0.001821641220
0x088e,63869,0.001821641220
0x088f,63869,0.001821641220
0x0890,63869,0.001821641220
0x0891,63869,0.001821641220
0x0892,63869,0.001821641220
0x0893,63869,0.001821641220
0x0894,63869,0.001821641220
0x0897,17419,0.000496816427
0x08a0,11613,0.000331220459
0x08a3,11613,0.000331220459
0x08a6,11613,0.000331220459
0x08a9,11613,0.000331220459
0x08ac,11613,0.000331220459
0x08ae,11613,0.000331220459
0x08b0,11613,0.000331220459
0x08b1,1005,0.000028664132
0x08b4,1005,0.000028664132
0x08b7,1005,0.000028664132
0x08c4,11613,0.000331220459
0x08c7,11613,0.000331220459
0x08c8,11613,0.000331220459
0x08ca,11613,0.000331220459
0x08cd,11365,0.000324147121
0x08cf,11365,0.000324147121
0x08d0,11365,0.000324147121
0x08d1,11365,0.000324147121
0x08d4,10597,0.000302242590
0x08d6,10597,0.000302242590
0x08d9,10597,0.000302242590
0x08dc,4,0.000000114086
0x08de,4,0.000000114086
0x08e0,4,0.000000114086
0x08e2,4,0.000000114086
0x08e3,4,0.000000114086
0x08e5,4,0.000000114086
0x08e6,4,0.000000114086
0x08e8,4,0.000000114086
0x08ea,772,0.000022018617
0x08eb,11365,0.000324147121
0x08ed,11365,0.000324147121
0x08f0,11365,0.000324147121
0x08f3,11365,0.000324147121
0x0900,11365,0.000324147121
0x0903,11365,0.000324147121
0x0904,11365,0.000324147121
0x0906,11365,0.000324147121
0x0907,9275,0.000264537136
0x0909,9275,0.000264537136
0x090c,4571,0.000130371886
0x090d,4571,0.000130371886
0x090f,4571,0.000130371886
0x0910,4571,0.000130371886
0x0911,4571,0.000130371886
0x0913,4571,0.000130371886
0x0916,4571,0.000130371886
0x0917,4704,0.000134165249
0x0918,4704,0.000134165249
0x091a,4704,0.000134165249
0x091b,4648,0.000132568044
0x091c,4648,0.000132568044
0x091e,4648,0.000132568044
0x0921,4648,0.000132568044
0x0926,11664,0.000332675057
0x0927,11664,0.000332675057
0x0929,11664,0.000332675057
0x092a,11664,0.000332675057
0x092b,11664,0.000332675057
0x092c,11664,0.000332675057
0x092d,11664,0.000332675057
0x092e,11664,0.000332675057
0x0930,12618,0.000359884591
0x0931,12618,0.000359884591
0x0933,12618,0.000359884591
0x0936,8107,0.000231223996
0x0937,8107,0.000231223996
0x0939,8107,0.000231223996
0x093c,8107,0.000231223996
0x093d,299,0.000008527936
0x093e,299,0.000008527936
0x0940,299,0.000008527936
0x0941,299,0.000008527936
0x0942,299,0.000008527936
0x0944,299,0.000008527936
0x0945,299,0.000008527936
0x0946,299,0.000008527936
0x0947,299,0.000008527936
0x094a,299,0.000008527936
0x094c,299,0.000008527936
0x094d,299,0.000008527936
0x094e,299,0.000008527936
0x0951,299,0.000008527936
0x0953,299,0.000008527936
0x0954,299,0.000008527936
0x0955,299,0.000008527936
0x0956,299,0.000008527936
0x0959,299,0.000008527936
0x095c,299,0.000008527936
0x095e,299,0.000008527936
0x0961,299,0.000008527936
0x0964,4511,0.000128660595
0x0965,4511,0.000128660595
0x0966,4511,0.000128660595
0x0967,4511,0.000128660595
0x0968,4511,0.000128660595
0x096a,4511,0.000128660595
0x096b,4511,0.000128660595
0x096d,4511,0.000128660595
0x096e,234,0.000006674037
0x096f,234,0.000006674037
0x0970,234,0.000006674037
0x0971,234,0.000006674037
0x0972,234,0.000006674037
0x0974,234,0.000006674037
0x0975,234,0.000006674037
0x097a,11613,0.000331220459
0x097d,11613,0.000331220459
0x097e,11613,0.000331220459
0x0980,11613,0.000331220459
0x0981,11613,0.000331220459
0x0984,11613,0.000331220459
0x0985,11613,0.000331220459
0x0986,11613,0.000331220459
0x0987,11613,0.000331220459
0x0988,11613,0.000331220459
0x098b,11613,0.000331220459
0x098c,11613,0.000331220459
0x098d,11613,0.000331220459
0x098e,11613,0.000331220459
0x0991,11613,0.000331220459
0x09a0,11643,0.000332076105
0x09a3,11643,0.000332076105
0x09a6,34929,0.000996228314
0x09a9,34929,0.000996228314
0x09aa,34929,0.000996228314
0x09ab,34929,0.000996228314
0x09ac,34929,0.000996228314
0x09ad,34929,0.000996228314
0x09ae,34929,0.000996228314
0x09af,34929,0.000996228314
0x09b0,34929,0.000996228314
0x09b2,34929,0.000996228314
0x09b5,11643,0.000332076105
0x09ba,94256,0.002688324771
0x09bd,94256,0.002688324771
0x09be,94256,0.002688324771
0x09c0,94256,0.002688324771
0x09c1,94256,0.002688324771
0x09c2,94256,0.002688324771
0x09c3,94256,0.002688324771
0x09c4,94256,0.002688324771
0x09c5,94256,0.002688324771
0x09c6,94256,0.002688324771
0x09c7,94256,0.002688324771
0x09c8,94256,0.002688324771
0x09c9,94256,0.002688324771
0x09ca,94256,0.002688324771
0x09cc,94256,0.002688324771
0x09cd,94256,0.002688324771
0x09ce,94256,0.002688324771
0x09cf,94256,0.002688324771
0x09d0,94256,0.002688324771
0x09d1,94256,0.002688324771
0x0a50,2957,0.000084338147
0x0a53,2957,0.000084338147
0x0a56,59140,0.001686762933
0x0a57,59140,0.001686762933
0x0a5a,59140,0.001686762933
0x0a5b,59140,0.001686762933
0x0a5c,59140,0.001686762933
0x0a5e,59140,0.001686762933
0x0a5f,59140,0.001686762933
0x0a61,59140,0.001686762933
0x0a62,59140,0.001686762933
0x0a63,59140,0.001686762933
0x0a64,59140,0.001686762933
0x0a67,2957,0.000084338147
0x0a6c,2813,0.000080231047
0x0a6f,2813,0.000080231047
0x0a72,56260,0.001604620943
0x0a73,56260,0.001604620943
0x0a74,56260,0.001604620943
0x0a75,56260,0.001604620943
0x0a77,56260,0.001604620943
0x0a7a,30297,0.000864116614
0x0a7b,30297,0.000864116614
0x0a7c,30297,0.000864116614
0x0a7d,30297,0.000864116614
0x0a7e,30297,0.000864116614
0x0a7f,30297,0.000864116614
0x0a80,30297,0.000864116614
0x0a81,30297,0.000864116614
0x0a82,30297,0.000864116614
0x0a83,30297,0.000864116614
0x0a84,30297,0.000864116614
0x0a85,30297,0.000864116614
0x0a86,30297,0.000864116614
0x0a87,30297,0.000864116614
0x0a8a,56260,0.001604620943
0x0a8b,56260,0.001604620943
0x0a8c,56260,0.001604620943
0x0a8d,56260,0.001604620943
0x0a8f,56260,0.001604620943
0x0a90,56260,0.001604620943
0x0a91,56260,0.001604620943
0x0a93,56260,0.001604620943
0x0a94,56260,0.001604620943
0x0a96,56260,0.001604620943
0x0a99,2813,0.000080231047
0x0aa0,248,0.000007073338
0x0aa2,248,0.000007073338
0x0aa3,248,0.000007073338
0x0aa4,248,0.000007073338
0x0aa5,248,0.000007073338
0x0aa8,248,0.000007073338
0x0aa9,248,0.000007073338
0x0aac,248,0.000007073338
0x0aae,248,0.000007073338
0x0aaf,248,0.000007073338
0x0ab0,248,0.000007073338
0x0ab3,248,0.000007073338
0x0ab5,248,0.000007073338
0x0ab8,244,0.000006959252
0x0abb,244,0.000006959252
0x0abd,244,0.000006959252
0x0abe,244,0.000006959252
0x0abf,244,0.000006959252
0x0ac0,244,0.000006959252
0x0ac1,244,0.000006959252
0x0ad6,5716,0.000163029031
0x0ad7,5716,0.000163029031
0x0ad8,22864,0.000652116126
0x0ad9,22864,0.000652116126
0x0ada,22864,0.000652116126
0x0adb,22864,0.000652116126
0x0adc,22864,0.000652116126
0x0add,22864,0.000652116126
0x0ae0,5716,0.000163029031
0x0ae1,5716,0.000163029031
0x0ae2,5716,0.000163029031
0x0ae5,5716,0.000163029031
0x0ae6,5716,0.000163029031
0x0ae9,2434,0.000069421390
0x0aea,1056,0.000030118729
0x0aed,1056,0.000030118729
0x0aee,1056,0.000030118729
0x0af0,1056,0.000030118729
0x0af1,1056,0.000030118729
0x0af4,1056,0.000030118729
0x0af6,1056,0.000030118729
0x0af7,1056,0.000030118729
0x0af8,1056,0.000030118729
0x0af9,1056,0.000030118729
0x0afc,1056,0.000030118729
0x0afd,1056,0.000030118729
0x0afe,1056,0.000030118729
0x0b00,1056,0.000030118729
0x0b01,1056,0.000030118729
0x0b02,1056,0.000030118729
0x0b05,1045,0.000029804993
0x0b07,1045,0.000029804993
0x0b0a,704,0.000020079153
0x0b0d,693,0.000019765416
0x0b15,11,0.000000313737
0x0b16,11,0.000000313737
0x0b18,11,0.000000313737
0x0b19,11,0.000000313737
0x0b1a,11,0.000000313737
0x0b1c,11,0.000000313737
0x0b1d,11,0.000000313737
0x0b1e,11,0.000000313737
0x0b1f,11,0.000000313737
0x0b20,3,0.000000085565
0x0b21,3,0.000000085565
0x0b22,3,0.000000085565
0x0b25,3,0.000000085565
0x0b26,3,0.000000085565
0x0b27,3,0.000000085565
0x0b28,3,0.000000085565
0x0b29,2,0.000000057043
0x0b2b,2,0.000000057043
0x0b2d,2,0.000000057043
0x0b48,4,0.000000114086
0x0b4b,4,0.000000114086
0x0b4e,4,0.000000114086
0x0b50,4,0.000000114086
0x0b51,4,0.000000114086
0x0b53,4,0.000000114086
0x0b54,4,0.000000114086
0x0b55,4,0.000000114086
0x0b57,4,0.000000114086
0x0b59,4,0.000000114086
0x0b5a,4,0.000000114086
0x0b60,906,0.000025840501
0x0b63,906,0.000025840501
0x0b64,906,0.000025840501
0x0b65,906,0.000025840501
0x0b67,906,0.000025840501
0x0b6a,900,0.000025669372
0x0b6d,900,0.000025669372
0x0b6f,900,0.000025669372
0x0b71,900,0.000025669372
0x0b74,3,0.000000085565
0x0b77,3,0.000000085565
0x0b79,3,0.000000085565
0x0b7b,3,0.000000085565
0x0b7c,3,0.000000085565
0x0b7d,3,0.000000085565
0x0b7e,3,0.000000085565
0x0b7f,3,0.000000085565
0x0b80,3,0.000000085565
0x0b82,3,0.000000085565
0x0b83,3,0.000000085565
0x0b84,3,0.000000085565
0x0b85,3,0.000000085565
0x0b87,3,0.000000085565
0x0b88,3,0.000000085565
0x0b89,3,0.000000085565
0x0b8a,3,0.000000085565
0x0b8b,3,0.000000085565
0x0b95,897,0.000025583807
0x0b98,897,0.000025583807
0x0b9b,897,0.000025583807
0x0ba0,341,0.000009725840
0x0ba3,341,0.000009725840
0x0ba4,341,0.000009725840
0x0ba6,341,0.000009725840
0x0ba8,341,0.000009725840
0x0ba9,155,0.000004420836
0x0bab,155,0.000004420836
0x0bac,93,0.000002652502
0x0bad,93,0.000002652502
0x0bae,93,0.000002652502
0x0baf,93,0.000002652502
0x0bb2,93,0.000002652502
0x0bba,693,0.000019765416
0x0bbb,693,0.000019765416
0x0bbc,693,0.000019765416
0x0bbf,352,0.000010039576
0x0bc0,352,0.000010039576
0x0bc1,352,0.000010039576
0x0bc4,176,0.000005019788
0x0bca,3,0.000000085565
0x0bcd,3,0.000000085565
0x0bd0,3,0.000000085565
0x0bd2,3,0.000000085565
0x0bd3,3,0.000000085565
0x0bd4,3,0.000000085565
0x0bd6,3,0.000000085565
0x0bd9,3,0.000000085565
0x0bdc,3,0.000000085565
0x0bdf,3,0.000000085565
0x0be2,3,0.000000085565
0x0be5,3,0.000000085565
0x0be8,3,0.000000085565
0x0beb,3,0.000000085565
0x0bee,3,0.000000085565
0x0bf1,3,0.000000085565
0x0c00,10,0.000000285215
0x0c01,10,0.000000285215
0x0c02,10,0.000000285215
0x0c04,10,0.000000285215
0x0c05,10,0.000000285215
0x0c07,10,0.000000285215
0x0c08,10,0.000000285215
0x0c09,10,0.000000285215
0x0c0a,10,0.000000285215
0x0c0b,10,0.000000285215
0x0c0c,10,0.000000285215
0x0c0f,10,0.000000285215
0x0c10,10,0.000000285215
0x0c11,10,0.000000285215
0x0c13,10,0.000000285215
0x0c16,7,0.000000199651
0x0c18,7,0.000000199651
0x0c40,5806,0.000165595969
0x0c43,5806,0.000165595969
0x0c45,5806,0.000165595969
0x0c48,5806,0.000165595969
0x0c4b,5806,0.000165595969
0x0c4e,5806,0.000165595969
0x0c51,5805,0.000165567447
0x0c56,5806,0.000165595969
0x0c59,29030,0.000827979843
0x0c5a,29030,0.000827979843
0x0c5d,29030,0.000827979843
0x0c5e,29030,0.000827979843
0x0c5f,29030,0.000827979843
0x0c61,29030,0.000827979843
0x0c62,29030,0.000827979843
0x0c64,29030,0.000827979843
0x0c67,5806,0.000165595969
0x0c6b,5806,0.000165595969
0x0c6e,5806,0.000165595969
0x0c71,29030,0.000827979843
0x0c74,29030,0.000827979843
0x0c75,29030,0.000827979843
0x0c76,29030,0.000827979843
0x0c77,29030,0.000827979843
0x0c78,29030,0.000827979843
0x0c79,29030,0.000827979843
0x0c7a,29030,0.000827979843
0x0c7b,29030,0.000827979843
0x0c7d,29030,0.000827979843
0x0c80,5806,0.000165595969
0x0c84,29030,0.000827979843
0x0c85,29030,0.000827979843
0x0c87,29030,0.000827979843
0x0c88,4251,0.000121244999
0x0c89,4251,0.000121244999
0x0c8a,4251,0.000121244999
0x0c8b,4251,0.000121244999
0x0c8c,4251,0.000121244999
0x0c8e,4251,0.000121244999
0x0c8f,4251,0.000121244999
0x0c90,4251,0.000121244999
0x0c91,4251,0.000121244999
0x0c92,4251,0.000121244999
0x0c94,4251,0.000121244999
0x0c95,4251,0.000121244999
0x0c97,4251,0.000121244999
0x0c9a,4133,0.000117879459
0x0c9b,4133,0.000117879459
0x0c9e,4133,0.000117879459
0x0c9f,4133,0.000117879459
0x0ca0,4133,0.000117879459
0x0ca2,4133,0.000117879459
0x0ca3,4133,0.000117879459
0x0ca4,4133,0.000117879459
0x0ca5,4133,0.000117879459
0x0ca6,4133,0.000117879459
0x0ca7,4133,0.000117879459
0x0ca8,4133,0.000117879459
0x0ca9,4133,0.000117879459
0x0caa,4133,0.000117879459
0x0cac,4133,0.000117879459
0x0caf,4124,0.000117622765
0x0cb4,4133,0.000117879459
0x0cb6,4133,0.000117879459
0x0cb7,957,0.000027295099
0x0cb9,957,0.000027295099
0x0cba,485,0.000013832939
0x0cbd,485,0.000013832939
0x0cbe,485,0.000013832939
0x0cbf,153,0.000004363793
0x0cc2,153,0.000004363793
0x0cc3,153,0.000004363793
0x0cc4,11,0.000000313737
0x0cc6,11,0.000000313737
0x0cc9,11,0.000000313737
0x0ccb,11,0.000000313737
0x0cce,11,0.000000313737
0x0cd0,11,0.000000313737
0x0cd3,11,0.000000313737
0x0cd8,5806,0.000165595969
0x0cdb,5806,0.000165595969
0x0cde,29028,0.000827922800
0x0cdf,29028,0.000827922800
0x0ce2,29027,0.000827894279
0x0ce3,29027,0.000827894279
0x0ce4,29027,0.000827894279
0x0ce6,29027,0.000827894279
0x0ce7,29027,0.000827894279
0x0ce9,29027,0.000827894279
0x0cea,29027,0.000827894279
0x0ceb,29027,0.000827894279
0x0cec,29027,0.000827894279
0x0cef,5805,0.000165567447
0x0cf4,5,0.000000142608
0x0cf5,5,0.000000142608
0x0cf6,5,0.000000142608
0x0d1c,2783,0.000079375401
0x0d1f,2783,0.000079375401
0x0d22,44528,0.001270006423
0x0d25,44528,0.001270006423
0x0d26,44528,0.001270006423
0x0d27,44528,0.001270006423
0x0d28,44528,0.001270006423
0x0d2a,44528,0.001270006423
0x0d2b,44528,0.001270006423
0x0d2e,2783,0.000079375401
0x0d30,44528,0.001270006423
0x0d31,44528,0.001270006423
0x0d32,44528,0.001270006423
0x0d33,44528,0.001270006423
0x0d34,44528,0.001270006423
0x0d35,44528,0.001270006423
0x0d37,44528,0.001270006423
0x0d38,29921,0.000853392521
0x0d39,29921,0.000853392521
0x0d3a,29921,0.000853392521
0x0d3b,29921,0.000853392521
0x0d3c,29921,0.000853392521
0x0d3e,29921,0.000853392521
0x0d3f,29921,0.000853392521
0x0d41,29921,0.000853392521
0x0d42,29921,0.000853392521
0x0d43,29921,0.000853392521
0x0d46,27559,0.000786024681
0x0d47,27559,0.000786024681
0x0d48,27559,0.000786024681
0x0d4b,3863,0.000110178647
0x0d4c,3863,0.000110178647
0x0d4d,3863,0.000110178647
0x0d4e,3863,0.000110178647
0x0d4f,6225,0.000177546487
0x0d50,6225,0.000177546487
0x0d51,6225,0.000177546487
0x0d52,6225,0.000177546487
0x0d53,6225,0.000177546487
0x0d54,6225,0.000177546487
0x0d55,6225,0.000177546487
0x0d57,6225,0.000177546487
0x0d58,6225,0.000177546487
0x0d59,2513,0.000071674590
0x0d5a,2513,0.000071674590
0x0d5e,23696,0.000675846034
0x0d5f,23696,0.000675846034
0x0d60,23696,0.000675846034
0x0d61,23696,0.000675846034
0x0d62,23696,0.000675846034
0x0d64,23696,0.000675846034
0x0d65,23696,0.000675846034
0x0d66,3491,0.000099568640
0x0d67,3491,0.000099568640
0x0d70,2783,0.000079375401
0x0d73,2783,0.000079375401
0x0d76,44528,0.001270006423
0x0d79,44528,0.001270006423
0x0d7a,44528,0.001270006423
0x0d7c,44528,0.001270006423
0x0d7d,44528,0.001270006423
0x0d7f,44528,0.001270006423
0x0d80,44528,0.001270006423
0x0d83,2783,0.000079375401
0x0d86,44528,0.001270006423
0x0d87,44528,0.001270006423
0x0d88,44528,0.001270006423
0x0d89,44528,0.001270006423
0x0d8a,44528,0.001270006423
0x0d8b,44528,0.001270006423
0x0d8d,44528,0.001270006423
0x0d8e,29906,0.000852964698
0x0d8f,29906,0.000852964698
0x0d90,29906,0.000852964698
0x0d91,29906,0.000852964698
0x0d94,29906,0.000852964698
0x0d95,29906,0.000852964698
0x0d96,29906,0.000852964698
0x0d97,29906,0.000852964698
0x0d99,29906,0.000852964698
0x0d9a,29906,0.000852964698
0x0d9c,29906,0.000852964698
0x0d9d,29906,0.000852964698
0x0d9f,29906,0.000852964698
0x0da0,29906,0.000852964698
0x0da1,29906,0.000852964698
0x0da2,29906,0.000852964698
0x0da3,29906,0.000852964698
0x0da4,29906,0.000852964698
0x0da5,29906,0.000852964698
0x0da6,29906,0.000852964698
0x0da7,29906,0.000852964698
0x0da8,29906,0.000852964698
0x0dab,27562,0.000786110246
0x0dac,27562,0.000786110246
0x0daf,3811,0.000108695528
0x0db0,3811,0.000108695528
0x0db1,3811,0.000108695528
0x0db3,3811,0.000108695528
0x0db4,3811,0.000108695528
0x0db5,3811,0.000108695528
0x0dbb,2344,0.000066854452
0x0dbc,2344,0.000066854452
0x0dbd,2344,0.000066854452
0x0dbf,2344,0.000066854452
0x0dc0,2344,0.000066854452
0x0dc1,2344,0.000066854452
0x0dc2,2344,0.000066854452
0x0dc3,2344,0.000066854452
0x0dc5,2344,0.000066854452
0x0dc6,2344,0.000066854452
0x0dcc,23751,0.000677414718
0x0dcd,23751,0.000677414718
0x0dce,23751,0.000677414718
0x0dcf,23751,0.000677414718
0x0dd1,23751,0.000677414718
0x0dd2,29906,0.000852964698
0x0dd3,29906,0.000852964698
0x0dd5,29906,0.000852964698
0x0dd6,29906,0.000852964698
0x0dd7,29906,0.000852964698
0x0dd8,29906,0.000852964698
0x0dd9,29906,0.000852964698
0x0dda,29906,0.000852964698
0x0dde,145,0.000004135621
0x0ddf,145,0.000004135621
0x0de0,145,0.000004135621
0x0de3,145,0.000004135621
0x0de4,145,0.000004135621
0x0de5,145,0.000004135621
0x0de6,145,0.000004135621
0x0de9,145,0.000004135621
0x0dea,145,0.000004135621
0x0deb,145,0.000004135621
0x0dec,145,0.000004135621
0x0ded,145,0.000004135621
0x0df0,9717,0.000277143649
0x0df3,9717,0.000277143649
0x0df6,9717,0.000277143649
0x0df9,9717,0.000277143649
0x0dfc,9717,0.000277143649
0x0dff,9717,0.000277143649
0x0e10,19434,0.000554287298
0x0e11,19434,0.000554287298
0x0e13,19434,0.000554287298
0x0e14,3794,0.000108210662
0x0e15,3794,0.000108210662
0x0e16,3794,0.000108210662
0x0e17,3794,0.000108210662
0x0e18,3794,0.000108210662
0x0e1a,3794,0.000108210662
0x0e1b,3792,0.000108153619
0x0e1d,3792,0.000108153619
0x0e1e,59,0.000001682770
0x0e20,59,0.000001682770
0x0e23,46,0.000001311990
0x0e25,46,0.000001311990
0x0e26,46,0.000001311990
0x0e27,46,0.000001311990
0x0e29,46,0.000001311990
0x0e2a,46,0.000001311990
0x0e2c,46,0.000001311990
0x0e2d,46,0.000001311990
0x0e2e,46,0.000001311990
0x0e2f,46,0.000001311990
0x0e31,46,0.000001311990
0x0e32,46,0.000001311990
0x0e33,46,0.000001311990
0x0e34,46,0.000001311990
0x0e35,46,0.000001311990
0x0e36,41,0.000001169382
0x0e39,13,0.000000370780
0x0e3a,13,0.000000370780
0x0e3b,13,0.000000370780
0x0e3c,13,0.000000370780
0x0e3d,13,0.000000370780
0x0e3e,13,0.000000370780
0x0e3f,13,0.000000370780
0x0e41,13,0.000000370780
0x0e42,13,0.000000370780
0x0e45,124,0.000003536669
0x0e46,124,0.000003536669
0x0e47,124,0.000003536669
0x0e48,124,0.000003536669
0x0e4a,124,0.000003536669
0x0e4d,114,0.000003251454
0x0e4e,114,0.000003251454
0x0e4f,114,0.000003251454
0x0e51,114,0.000003251454
0x0e52,114,0.000003251454
0x0e55,3,0.000000085565
0x0e58,100,0.000002852152
0x0e59,100,0.000002852152
0x0e5a,100,0.000002852152
0x0e5b,46,0.000001311990
0x0e5c,46,0.000001311990
0x0e5e,46,0.000001311990
0x0e5f,46,0.000001311990
0x0e60,21,0.000000598952
0x0e61,21,0.000000598952
0x0e62,21,0.000000598952
0x0e63,21,0.000000598952
0x0e65,21,0.000000598952
0x0e66,21,0.000000598952
0x0e67,10,0.000000285215
0x0e69,10,0.000000285215
0x0e6a,10,0.000000285215
0x0e6b,10,0.000000285215
0x0e70,41,0.000001169382
0x0e71,41,0.000001169382
0x0e72,41,0.000001169382
0x0e74,41,0.000001169382
0x0e75,41,0.000001169382
0x0e76,41,0.000001169382
0x0e77,41,0.000001169382
0x0e78,41,0.000001169382
0x0e7a,41,0.000001169382
0x0e7b,41,0.000001169382
0x0e7e,277,0.000007900462
0x0e7f,277,0.000007900462
0x0e80,277,0.000007900462
0x0e81,277,0.000007900462
0x0e83,277,0.000007900462
0x0e86,236,0.000006731080
0x0e87,236,0.000006731080
0x0e88,236,0.000006731080
0x0e8a,236,0.000006731080
0x0e8b,236,0.000006731080
0x0e90,200,0.000005704305
0x0e91,200,0.000005704305
0x0e93,200,0.000005704305
0x0e94,200,0.000005704305
0x0e95,108,0.000003080325
0x0e97,108,0.000003080325
0x0e98,108,0.000003080325
0x0e99,51,0.000001454598
0x0e9a,51,0.000001454598
0x0e9b,51,0.000001454598
0x0e9c,51,0.000001454598
0x0e9e,51,0.000001454598
0x0e9f,51,0.000001454598
0x0ea0,41,0.000001169382
0x0ea3,41,0.000001169382
0x0ea4,51,0.000001454598
0x0ea5,51,0.000001454598
0x0ea6,51,0.000001454598
0x0ea7,51,0.000001454598
0x0ea8,51,0.000001454598
0x0ea9,51,0.000001454598
0x0eaa,51,0.000001454598
0x0eac,51,0.000001454598
0x0ead,55,0.000001568684
0x0eae,55,0.000001568684
0x0eb0,55,0.000001568684
0x0eb1,55,0.000001568684
0x0eb2,55,0.000001568684
0x0eb4,55,0.000001568684
0x0eb5,55,0.000001568684
0x0eb6,55,0.000001568684
0x0eb7,55,0.000001568684
0x0eb8,55,0.000001568684
0x0ebb,55,0.000001568684
0x0ebc,55,0.000001568684
0x0ebe,55,0.000001568684
0x0ec1,55,0.000001568684
0x0ec3,55,0.000001568684
0x0ec4,55,0.000001568684
0x0ec5,55,0.000001568684
0x0ec8,3,0.000000085565
0x0ec9,3,0.000000085565
0x0eca,3,0.000000085565
0x0ecb,3,0.000000085565
0x0ecc,3,0.000000085565
0x0ecd,3,0.000000085565
0x0ece,3,0.000000085565
0x0ed5,55,0.000001568684
0x0ed6,55,0.000001568684
0x0ed7,55,0.000001568684
0x0ed8,55,0.000001568684
0x0ed9,55,0.000001568684
0x0eda,55,0.000001568684
0x0edb,55,0.000001568684
0x0edc,55,0.000001568684
0x0ede,55,0.000001568684
0x0ee0,55,0.000001568684
0x0ee2,55,0.000001568684
0x0ee3,55,0.000001568684
0x0ee4,55,0.000001568684
0x0ee5,55,0.000001568684
0x0f00,2789,0.000079546531
0x0f03,2789,0.000079546531
0x0f04,2789,0.000079546531
0x0f06,2789,0.000079546531
0x0f09,2758,0.000078662363
0x0f0b,2758,0.000078662363
0x0f0c,2758,0.000078662363
0x0f0d,2758,0.000078662363
0x0f0e,2758,0.000078662363
0x0f11,2758,0.000078662363
0x0f14,2758,0.000078662363
0x0f15,5,0.000000142608
0x0f16,5,0.000000142608
0x0f17,5,0.000000142608
0x0f1a,5,0.000000142608
0x0f1b,5,0.000000142608
0x0f1d,5,0.000000142608
0x0f1e,5,0.000000142608
0x0f1f,5,0.000000142608
0x0f20,5,0.000000142608
0x0f23,36,0.000001026775
0x0f24,36,0.000001026775
0x0f25,36,0.000001026775
0x0f26,36,0.000001026775
0x0f28,36,0.000001026775
0x0f2b,32,0.000000912689
0x0f2c,32,0.000000912689
0x0f2d,32,0.000000912689
0x0f2f,32,0.000000912689
0x0f30,32,0.000000912689
0x0f33,1,0.000000028522
0x0f38,8,0.000000228172
0x0f39,8,0.000000228172
0x0f3a,8,0.000000228172
0x0f3b,8,0.000000228172
0x0f3d,8,0.000000228172
0x0f3e,5,0.000000142608
0x0f40,5,0.000000142608
0x0f41,5,0.000000142608
0x0f42,5,0.000000142608
0x0f43,5,0.000000142608
0x0f44,5,0.000000142608
0x0f45,5,0.000000142608
0x0f46,4,0.000000114086
0x0f49,4,0.000000114086
0x0f4c,4,0.000000114086
0x0f4d,4,0.000000114086
0x0f4e,4,0.000000114086
0x0f56,5635,0.000160718788
0x0f57,5635,0.000160718788
0x0f58,11515,0.000328425349
0x0f59,11515,0.000328425349
0x0f5b,11515,0.000328425349
0x0f5e,179,0.000005105353
0x0f60,179,0.000005105353
0x0f63,11510,0.000328282742
0x0f64,11510,0.000328282742
0x0f65,11510,0.000328282742
0x0f68,5630,0.000160576180
0x0f69,5630,0.000160576180
0x0f6a,5630,0.000160576180
0x0f6d,5630,0.000160576180
0x0f6e,5630,0.000160576180
0x0f71,2784,0.000079403923
0x0f74,31,0.000000884167
0x0f76,31,0.000000884167
0x0f77,31,0.000000884167
0x0f78,31,0.000000884167
0x0f79,31,0.000000884167
0x0f7c,31,0.000000884167
0x0f7d,31,0.000000884167
0x0f80,31,0.000000884167
0x0f83,31,0.000000884167
0x0fc0,6144,0.000175236244
0x0fc3,6144,0.000175236244
0x0fc6,6144,0.000175236244
0x0fc9,6144,0.000175236244
0x0fcc,6144,0.000175236244
0x0fcf,6144,0.000175236244
0x0fd2,6144,0.000175236244
0x0fd5,6144,0.000175236244
0x0fd8,12288,0.000350472488
0x0fd9,12288,0.000350472488
0x0fda,12288,0.000350472488
0x0fdb,742,0.000021162971
0x0fdc,742,0.000021162971
0x0fdd,742,0.000021162971
0x0fde,742,0.000021162971
0x0fdf,742,0.000021162971
0x0fe0,742,0.000021162971
0x0fe1,742,0.000021162971
0x0fe2,742,0.000021162971
0x0fe3,742,0.000021162971
0x0fe6,742,0.000021162971
0x0fe7,742,0.000021162971
0x0fe9,742,0.000021162971
0x0fea,742,0.000021162971
0x0fec,742,0.000021162971
0x0fed,742,0.000021162971
0x0fef,742,0.000021162971
0x0ff0,742,0.000021162971
0x0ff1,742,0.000021162971
0x0ff4,742,0.000021162971
0x14e0,1416,0.000040386478
0x14e1,1416,0.000040386478
0x14e4,1416,0.000040386478
0x14e6,1416,0.000040386478
0x17e0,15482,0.000441570235
0x17e3,15482,0.000441570235
0x17e5,15482,0.000441570235
0x17e8,15482,0.000441570235
0x1df0,897,0.000025583807
0x1df3,897,0.000025583807
0x1df5,897,0.000025583807
0x1ee0,528,0.000015059365
0x1ee3,528,0.000015059365
0x1ee6,13728,0.000391543482
0x1ee7,13728,0.000391543482
0x1ee8,13728,0.000391543482
0x1ee9,13728,0.000391543482
0x1eec,13728,0.000391543482
0x1eed,13728,0.000391543482
0x1ef0,528,0.000015059365
0x1ef1,528,0.000015059365
0x1ef2,528,0.000015059365
0x1ef4,528,0.000015059365
0x1ef7,528,0.000015059365
0x1ef8,528,0.000015059365
0x1ef9,528,0.000015059365
0x1efa,528,0.000015059365
0x2000,9717,0.000277143649
0x2003,9717,0.000277143649
0x2006,9717,0.000277143649
0x2009,9717,0.000277143649
0x200c,9717,0.000277143649
0x200d,9717,0.000277143649
0x200f,9717,0.000277143649
0x2010,9717,0.000277143649
0x2011,9717,0.000277143649
0x2014,9717,0.000277143649
0x2015,9717,0.000277143649
0x2018,9621,0.000274405583
0x201a,9621,0.000274405583
0x201d,1524,0.000043466803
0x201e,1524,0.000043466803
0x201f,1524,0.000043466803
0x2020,1524,0.000043466803
0x2023,381,0.000010866701
0x2025,1524,0.000043466803
0x2026,1524,0.000043466803
0x2027,1524,0.000043466803
0x202a,1520,0.000043352717
0x2040,4365,0.000124496452
0x2043,4365,0.000124496452
0x2046,4365,0.000124496452
0x2047,4365,0.000124496452
0x2048,4365,0.000124496452
0x2049,35,0.000000998253
0x204a,35,0.000000998253
0x204b,35,0.000000998253
0x204c,35,0.000000998253
0x204d,35,0.000000998253
0x204e,35,0.000000998253
0x204f,35,0.000000998253
0x2050,35,0.000000998253
0x2051,35,0.000000998253
0x2052,35,0.000000998253
0x2055,35,0.000000998253
0x2057,35,0.000000998253
0x2058,35,0.000000998253
0x2059,35,0.000000998253
0x205a,35,0.000000998253
0x205c,35,0.000000998253
0x205d,35,0.000000998253
0x205e,35,0.000000998253
0x2060,35,0.000000998253
0x2061,35,0.000000998253
0x2062,35,0.000000998253
0x2063,35,0.000000998253
0x2064,35,0.000000998253
0x2065,35,0.000000998253
0x2066,35,0.000000998253
0x2068,35,0.000000998253
0x2069,35,0.000000998253
0x206a,35,0.000000998253
0x206b,35,0.000000998253
0x206c,35,0.000000998253
0x206d,35,0.000000998253
0x2070,176,0.000005019788
0x2071,176,0.000005019788
0x2073,176,0.000005019788
0x2075,176,0.000005019788
0x2076,176,0.000005019788
0x2077,176,0.000005019788
0x2079,176,0.000005019788
0x207a,176,0.000005019788
0x207b,176,0.000005019788
0x207e,176,0.000005019788
0x2081,176,0.000005019788
0x2085,176,0.000005019788
0x2087,176,0.000005019788
0x2088,176,0.000005019788
0x2089,176,0.000005019788
0x208a,176,0.000005019788
0x208c,176,0.000005019788
0x208d,176,0.000005019788
0x208f,176,0.000005019788
0x2090,176,0.000005019788
0x2091,176,0.000005019788
0x2093,176,0.000005019788
0x2094,176,0.000005019788
0x2096,176,0.000005019788
0x2097,176,0.000005019788
0x20b0,176,0.000005019788
0x20b1,5408,0.000154244402
0x20b2,5408,0.000154244402
0x20b3,5408,0.000154244402
0x20b5,43264,0.001233955217
0x20b7,43264,0.001233955217
0x20b8,43264,0.001233955217
0x20bb,1652,0.000047117558
0x20bc,1652,0.000047117558
0x20bd,1652,0.000047117558
0x20be,1652,0.000047117558
0x20bf,43264,0.001233955217
0x20c0,43264,0.001233955217
0x20c1,43264,0.001233955217
0x20c2,43264,0.001233955217
0x20c5,5408,0.000154244402
0x20c6,5408,0.000154244402
0x20c7,5408,0.000154244402
0x20c8,5408,0.000154244402
0x20c9,5408,0.000154244402
0x20cc,2704,0.000077122201
0x20cd,2704,0.000077122201
0x20cf,2704,0.000077122201
0x20d2,2544,0.000072558757
0x20d3,2544,0.000072558757
0x20d4,2544,0.000072558757
0x20d6,2544,0.000072558757
0x20d7,2544,0.000072558757
0x20d8,2544,0.000072558757
0x20da,2544,0.000072558757
0x20db,2544,0.000072558757
0x20dc,2544,0.000072558757
0x20de,2544,0.000072558757
0x20e1,176,0.000005019788
0x20e2,176,0.000005019788
0x20e8,176,0.000005019788
0x20e9,176,0.000005019788
0x20ea,176,0.000005019788
0x20ec,176,0.000005019788
0x20ed,176,0.000005019788
0x20f0,176,0.000005019788
0x20f1,176,0.000005019788
0x20f2,176,0.000005019788
0x20f3,176,0.000005019788
0x20f4,176,0.000005019788
0x20f6,176,0.000005019788
0x20f7,176,0.000005019788
0x20f8,176,0.000005019788
0x20fa,176,0.000005019788
0x20fb,176,0.000005019788
0x20fc,176,0.000005019788
0x20fd,176,0.000005019788
0x20fe,176,0.000005019788
0x20ff,176,0.000005019788
0x2101,176,0.000005019788
0x2103,176,0.000005019788
0x2104,176,0.000005019788
0x2106,176,0.000005019788
0x2107,176,0.000005019788
0x2108,176,0.000005019788
0x2109,176,0.000005019788
0x210a,176,0.000005019788
0x210d,176,0.000005019788
0x211c,176,0.000005019788
0x211f,176,0.000005019788
0x2120,176,0.000005019788
0x2122,176,0.000005019788
0x2123,128,0.000003650755
0x2125,128,0.000003650755
0x2126,16,0.000000456344
0x2128,16,0.000000456344
0x2129,16,0.000000456344
0x212c,16,0.000000456344
0x2130,8101,0.000231052866
0x2131,8101,0.000231052866
0x2132,8101,0.000231052866
0x2135,6073,0.000173211216
0x2137,6073,0.000173211216
0x213a,4048,0.000115455129
0x213c,4048,0.000115455129
0x213f,2024,0.000057727565
0x2146,1520,0.000043352717
0x2147,1520,0.000043352717
0x2148,1520,0.000043352717
0x214b,759,0.000021647837
0x2150,2028,0.000057841651
0x2153,2028,0.000057841651
0x2156,2028,0.000057841651
0x2160,2025,0.000057756086
0x2163,2025,0.000057756086
0x2166,2024,0.000057727565
0x2169,2024,0.000057727565
0x2170,2024,0.000057727565
0x2173,2024,0.000057727565
0x2180,2024,0.000057727565
0x2183,2024,0.000057727565
0x2186,2024,0.000057727565
0x2189,2024,0.000057727565
0x2190,761,0.000021704880
0x2193,761,0.000021704880
0x2196,761,0.000021704880
0x2199,761,0.000021704880
0x219c,761,0.000021704880
0x21a5,759,0.000021647837
0x21a8,759,0.000021647837
0x21ab,759,0.000021647837
0x21ae,759,0.000021647837
0x21b1,759,0.000021647837
0x21ba,96,0.000002738066
0x21bb,96,0.000002738066
0x21bc,96,0.000002738066
0x21bf,48,0.000001369033
0x21c2,48,0.000001369033
0x21c5,48,0.000001369033
0x21c8,48,0.000001369033
0x21cb,48,0.000001369033
0x21cd,48,0.000001369033
0x21cf,48,0.000001369033
0x21dc,528,0.000015059365
0x21dd,528,0.000015059365
0x21de,528,0.000015059365
0x21df,528,0.000015059365
0x21e2,528,0.000015059365
0x21e4,528,0.000015059365
0x21e5,528,0.000015059365
0x21e6,528,0.000015059365
0x21e8,528,0.000015059365
0x21e9,528,0.000015059365
0x21eb,528,0.000015059365
0x21ec,528,0.000015059365
0x21ed,528,0.000015059365
0x21ef,528,0.000015059365
0x21f0,528,0.000015059365
0x21f1,528,0.000015059365
0x21f2,528,0.000015059365
0x21f4,528,0.000015059365
0x21f5,528,0.000015059365
0x21f7,528,0.000015059365
0x21f8,528,0.000015059365
0x21f9,528,0.000015059365
0x21fc,528,0.000015059365
0x2204,96,0.000002738066
0x2207,96,0.000002738066
0x2208,96,0.000002738066
0x2209,96,0.000002738066
0x220b,96,0.000002738066
0x220c,1,0.000000028522
0x220e,1,0.000000028522
0x2210,1,0.000000028522
0x2212,1,0.000000028522
0x2214,1,0.000000028522
0x2216,1,0.000000028522
0x2217,1,0.000000028522
0x2218,1,0.000000028522
0x221a,1,0.000000028522
0x221b,1,0.000000028522
0x221d,1,0.000000028522
0x221e,1,0.000000028522
0x2220,1,0.000000028522
0x2221,1,0.000000028522
0x2222,1,0.000000028522
0x2223,1,0.000000028522
0x2224,1,0.000000028522
0x222a,1,0.000000028522
0x222b,1,0.000000028522
0x2230,330,0.000009412103
0x2233,330,0.000009412103
0x2234,330,0.000009412103
0x2235,330,0.000009412103
0x2236,330,0.000009412103
0x2237,330,0.000009412103
0x2239,330,0.000009412103
0x223b,330,0.000009412103
0x223e,318,0.000009069845
0x2240,318,0.000009069845
0x2243,162,0.000004620487
0x2245,162,0.000004620487
0x2247,162,0.000004620487
0x2249,162,0.000004620487
0x224c,6,0.000000171129
0x224f,6,0.000000171129
0x2250,6,0.000000171129
0x2252,6,0.000000171129
0x2254,6,0.000000171129
0x2260,312,0.000008898716
0x2261,312,0.000008898716
0x2262,312,0.000008898716
0x2263,312,0.000008898716
0x2264,312,0.000008898716
0x2265,312,0.000008898716
0x2267,312,0.000008898716
0x2268,312,0.000008898716
0x2269,312,0.000008898716
0x226b,312,0.000008898716
0x226d,312,0.000008898716
0x226e,312,0.000008898716
0x226f,312,0.000008898716
0x2271,312,0.000008898716
0x2272,312,0.000008898716
0x2273,312,0.000008898716
0x2274,312,0.000008898716
0x2275,312,0.000008898716
0x2276,312,0.000008898716
0x2277,312,0.000008898716
0x2278,312,0.000008898716
0x2279,312,0.000008898716
0x227a,4368,0.000124582017
0x227b,39312,0.001121238154
0x227c,39312,0.001121238154
0x227d,39312,0.001121238154
0x227e,39312,0.001121238154
0x227f,39312,0.001121238154
0x2280,39312,0.001121238154
0x2283,4368,0.000124582017
0x2284,4368,0.000124582017
0x2285,4368,0.000124582017
0x2286,4368,0.000124582017
0x2288,4368,0.000124582017
0x2289,4368,0.000124582017
0x228a,4368,0.000124582017
0x228c,4368,0.000124582017
0x228d,4368,0.000124582017
0x228e,4368,0.000124582017
0x2291,312,0.000008898716
0x2292,12,0.000000342258
0x2295,12,0.000000342258
0x2296,12,0.000000342258
0x2298,12,0.000000342258
0x229b,6,0.000000171129
0x229e,6,0.000000171129
0x22a1,6,0.000000171129
0x22a3,2496,0.000071189724
0x22a4,2496,0.000071189724
0x22a5,2496,0.000071189724
0x22a6,2496,0.000071189724
0x22a7,2496,0.000071189724
0x22a8,2496,0.000071189724
0x22a9,2496,0.000071189724
0x22aa,2496,0.000071189724
0x22ab,2496,0.000071189724
0x22ac,2496,0.000071189724
0x22ad,2496,0.000071189724
0x22b0,6,0.000000171129
0x22b4,216,0.000006160649
0x22b7,216,0.000006160649
0x22ba,216,0.000006160649
0x22bb,216,0.000006160649
0x22bc,216,0.000006160649
0x22be,216,0.000006160649
0x22c1,3,0.000000085565
0x22c3,3,0.000000085565
0x22c5,3,0.000000085565
0x22ca,147,0.000004192664
0x22cd,147,0.000004192664
0x22ce,147,0.000004192664
0x22d0,147,0.000004192664
0x22d3,3,0.000000085565
0x22d5,3,0.000000085565
0x22d7,3,0.000000085565
0x22d9,3,0.000000085565
0x22db,3,0.000000085565
0x22dd,3,0.000000085565
0x22e0,6,0.000000171129
0x22e2,12,0.000000342258
0x22e5,12,0.000000342258
0x22e8,12,0.000000342258
0x22f0,6,0.000000171129
0x22f3,6,0.000000171129
0x22f4,6,0.000000171129
0x22fa,669,0.000019080900
0x22fd,669,0.000019080900
0x22ff,669,0.000019080900
0x2302,669,0.000019080900
0x2303,12042,0.000343456193
0x2304,12042,0.000343456193
0x2306,12042,0.000343456193
0x2307,12042,0.000343456193
0x2308,12042,0.000343456193
0x2309,12042,0.000343456193
0x230a,12042,0.000343456193
0x230b,12042,0.000343456193
0x230d,12042,0.000343456193
0x230e,12042,0.000343456193
0x230f,12042,0.000343456193
0x2310,12042,0.000343456193
0x2312,12042,0.000343456193
0x2313,12042,0.000343456193
0x2314,12042,0.000343456193
0x2316,12042,0.000343456193
0x2317,12042,0.000343456193
0x231a,1338,0.000038161799
0x231b,12042,0.000343456193
0x231c,12042,0.000343456193
0x231f,669,0.000019080900
0x2322,2010,0.000057328263
0x2325,2010,0.000057328263
0x2326,2010,0.000057328263
0x2327,2010,0.000057328263
0x2329,2010,0.000057328263
0x232a,2010,0.000057328263
0x232b,2010,0.000057328263
0x232c,2010,0.000057328263
0x232e,2010,0.000057328263
0x232f,2010,0.000057328263
0x2331,2010,0.000057328263
0x2334,2010,0.000057328263
0x2337,2010,0.000057328263
0x2351,5358,0.000152818326
0x2352,5358,0.000152818326
0x2354,5358,0.000152818326
0x2355,1159,0.000033056446
0x2356,1159,0.000033056446
0x2357,1159,0.000033056446
0x2358,1159,0.000033056446
0x235a,1159,0.000033056446
0x235b,1159,0.000033056446
0x235e,1159,0.000033056446
0x235f,1159,0.000033056446
0x2360,1159,0.000033056446
0x2361,1159,0.000033056446
0x2362,1159,0.000033056446
0x2364,1159,0.000033056446
0x2365,1159,0.000033056446
0x2366,1159,0.000033056446
0x2368,1159,0.000033056446
0x2369,1159,0.000033056446
0x236a,1159,0.000033056446
0x236b,1159,0.000033056446
0x236c,1159,0.000033056446
0x236e,1159,0.000033056446
0x2370,1159,0.000033056446
0x2373,1036,0.000029548299
0x2375,1036,0.000029548299
0x2377,1036,0.000029548299
0x237a,1036,0.000029548299
0x237b,123,0.000003508147
0x237c,123,0.000003508147
0x237e,123,0.000003508147
0x237f,123,0.000003508147
0x2381,123,0.000003508147
0x2384,123,0.000003508147
0x2385,123,0.000003508147
0x2386,123,0.000003508147
0x2387,123,0.000003508147
0x2389,123,0.000003508147
0x238a,36,0.000001026775
0x238c,36,0.000001026775
0x238d,36,0.000001026775
0x238e,36,0.000001026775
0x2390,36,0.000001026775
0x2391,31,0.000000884167
0x2393,31,0.000000884167
0x23d6,3256,0.000092866082
0x23d9,3256,0.000092866082
0x23da,3256,0.000092866082
0x23dc,3256,0.000092866082
0x23de,3256,0.000092866082
0x23e1,1165,0.000033227576
0x23e3,1165,0.000033227576
0x23e6,160,0.000004563444
0x23e8,160,0.000004563444
0x23eb,160,0.000004563444
0x23ed,160,0.000004563444
0x23f0,160,0.000004563444
0x23f2,160,0.000004563444
0x2476,30,0.000000855646
0x2477,30,0.000000855646
0x2478,30,0.000000855646
0x247b,30,0.000000855646
0x247d,30,0.000000855646
0x247e,30,0.000000855646
0x2481,30,0.000000855646
0x2483,30,0.000000855646
0x2484,30,0.000000855646
0x2485,30,0.000000855646
0x2487,30,0.000000855646
0x2488,30,0.000000855646
0x2489,30,0.000000855646
0x248a,30,0.000000855646
0x248c,30,0.000000855646
0x248d,30,0.000000855646
0x248f,30,0.000000855646
0x2490,30,0.000000855646
0x2493,30,0.000000855646
0x2495,30,0.000000855646
0x2496,30,0.000000855646
0x2497,30,0.000000855646
0x2498,30,0.000000855646
0x2499,30,0.000000855646
0x249a,30,0.000000855646
0x249b,21,0.000000598952
0x249c,21,0.000000598952
0x249d,21,0.000000598952
0x249e,15,0.000000427823
0x249f,15,0.000000427823
0x24a0,9717,0.000277143649
0x24a3,9717,0.000277143649
0x24a5,9717,0.000277143649
0x24a7,9717,0.000277143649
0x24a8,5358,0.000152818326
0x24ab,5358,0.000152818326
0x24ae,5358,0.000152818326
0x24b1,5358,0.000152818326
0x24b4,5358,0.000152818326
0x24b6,5358,0.000152818326
0x24b8,5358,0.000152818326
0x24b9,1339,0.000038190321
0x24c4,4856,0.000138500521
0x24c7,4856,0.000138500521
0x24c9,4856,0.000138500521
0x24cb,4856,0.000138500521
0x24ce,2679,0.000076409163
0x24d1,2679,0.000076409163
0x24d4,2679,0.000076409163
0x24d5,2679,0.000076409163
0x24d6,2679,0.000076409163
0x24d8,2679,0.000076409163
0x24db,2010,0.000057328263
0x24e0,2679,0.000076409163
0x24e3,2679,0.000076409163
0x24e5,2679,0.000076409163
0x24e6,168,0.000004791616
0x24e9,168,0.000004791616
0x24eb,168,0.000004791616
0x24ec,168,0.000004791616
0x24f2,1339,0.000038190321
0x24f5,1339,0.000038190321
0x24f7,1339,0.000038190321
0x24f8,1339,0.000038190321
0x24f9,1339,0.000038190321
0x24fc,1339,0.000038190321
0x24fe,1339,0.000038190321
0x24ff,1339,0.000038190321
0x2500,399,0.000011380088
0x2503,399,0.000011380088
0x2504,399,0.000011380088
0x2505,370,0.000010552964
0x2508,370,0.000010552964
0x2509,370,0.000010552964
0x250a,93,0.000002652502
0x250b,93,0.000002652502
0x250d,93,0.000002652502
0x250e,93,0.000002652502
0x2511,93,0.000002652502
0x2512,93,0.000002652502
0x2513,93,0.000002652502
0x2515,93,0.000002652502
0x2517,93,0.000002652502
0x2518,93,0.000002652502
0x2519,93,0.000002652502
0x251a,93,0.000002652502
0x2560,2785,0.000079432444
0x2563,2785,0.000079432444
0x2564,2785,0.000079432444
0x2566,2785,0.000079432444
0x2567,2785,0.000079432444
0x2568,2785,0.000079432444
0x2569,2785,0.000079432444
0x256a,2785,0.000079432444
0x256b,2785,0.000079432444
0x256d,2785,0.000079432444
0x256e,2785,0.000079432444
0x2570,2785,0.000079432444
0x2572,2785,0.000079432444
0x2575,2785,0.000079432444
0x2576,2785,0.000079432444
0x2577,2785,0.000079432444
0x2578,2785,0.000079432444
0x2579,2785,0.000079432444
0x257b,2785,0.000079432444
0x257c,2785,0.000079432444
0x257f,2785,0.000079432444
0x2581,2785,0.000079432444
0x2582,2785,0.000079432444
0x2585,2785,0.000079432444
0x2587,2785,0.000079432444
0x2588,22096,0.000630211595
0x2589,22096,0.000630211595
0x258c,22025,0.000628186567
0x258d,22025,0.000628186567
0x258e,22025,0.000628186567
0x2590,22025,0.000628186567
0x2591,22025,0.000628186567
0x2592,22025,0.000628186567
0x2595,2714,0.000077407416
0x2596,22096,0.000630211595
0x2597,22096,0.000630211595
0x2599,22096,0.000630211595
0x259a,14860,0.000423829847
0x259b,14860,0.000423829847
0x259c,14860,0.000423829847
0x259e,14860,0.000423829847
0x259f,14860,0.000423829847
0x25a1,14860,0.000423829847
0x25a2,13822,0.000394224505
0x25a3,13822,0.000394224505
0x25a4,13822,0.000394224505
0x25a5,13822,0.000394224505
0x25a6,9135,0.000260544122
0x25a7,9135,0.000260544122
0x25a8,2208,0.000062975525
0x25a9,2208,0.000062975525
0x25aa,2208,0.000062975525
0x25ab,2208,0.000062975525
0x25ac,2180,0.000062176922
0x25ae,2180,0.000062176922
0x25af,71,0.000002025028
0x25b0,71,0.000002025028
0x25b1,71,0.000002025028
0x25b2,71,0.000002025028
0x25b3,71,0.000002025028
0x25b4,71,0.000002025028
0x25b5,71,0.000002025028
0x25b6,71,0.000002025028
0x25b7,239,0.000006816644
0x25ba,239,0.000006816644
0x25bc,239,0.000006816644
0x25be,239,0.000006816644
0x25ca,239,0.000006816644
0x25cd,540,0.000015401623
0x25ce,540,0.000015401623
0x25d0,540,0.000015401623
0x25d3,390,0.000011123394
0x25d4,390,0.000011123394
0x25d6,390,0.000011123394
0x25d7,390,0.000011123394
0x25d8,390,0.000011123394
0x25db,89,0.000002538416
0x25dc,89,0.000002538416
0x25dd,89,0.000002538416
0x25e0,150,0.000004278229
0x25e1,150,0.000004278229
0x25e3,150,0.000004278229
0x25e4,150,0.000004278229
0x25e5,150,0.000004278229
0x25e7,150,0.000004278229
0x25e8,150,0.000004278229
0x25ea,150,0.000004278229
0x25eb,150,0.000004278229
0x25ec,150,0.000004278229
0x25ed,150,0.000004278229
0x25ef,150,0.000004278229
0x25f0,150,0.000004278229
0x25f1,150,0.000004278229
0x25f3,150,0.000004278229
0x25f4,150,0.000004278229
0x25f6,150,0.000004278229
0x25f7,150,0.000004278229
0x25f8,150,0.000004278229
0x25f9,150,0.000004278229
0x25fa,150,0.000004278229
0x25fb,150,0.000004278229
0x25fc,150,0.000004278229
0x25fd,150,0.000004278229
0x2600,1896,0.000054076810
0x2601,1896,0.000054076810
0x2602,1896,0.000054076810
0x2603,1896,0.000054076810
0x2604,1896,0.000054076810
0x2605,1896,0.000054076810
0x2608,1896,0.000054076810
0x2609,1896,0.000054076810
0x260a,1896,0.000054076810
0x260b,1896,0.000054076810
0x260c,1896,0.000054076810
0x260e,1896,0.000054076810
0x2611,1896,0.000054076810
0x2612,1896,0.000054076810
0x2613,1896,0.000054076810
0x2616,1896,0.000054076810
0x2617,1896,0.000054076810
0x261a,1083,0.000030888811
0x261d,1083,0.000030888811
0x261e,1083,0.000030888811
0x2620,1083,0.000030888811
0x2621,1083,0.000030888811
0x2624,1083,0.000030888811
0x2625,1083,0.000030888811
0x2626,1083,0.000030888811
0x2628,1083,0.000030888811
0x2629,1083,0.000030888811
0x262b,1083,0.000030888811
0x262c,1083,0.000030888811
0x262e,1083,0.000030888811
0x262f,1083,0.000030888811
0x2630,1083,0.000030888811
0x2631,1083,0.000030888811
0x2633,1083,0.000030888811
0x2634,1083,0.000030888811
0x2635,1083,0.000030888811
0x2638,1083,0.000030888811
0x2639,1896,0.000054076810
0x263c,1896,0.000054076810
0x263f,1896,0.000054076810
0x2642,1896,0.000054076810
0x2643,1896,0.000054076810
0x2646,948,0.000027038405
0x2649,948,0.000027038405
0x2650,813,0.000023187999
0x2651,813,0.000023187999
0x2654,813,0.000023187999
0x2655,813,0.000023187999
0x2656,813,0.000023187999
0x2658,813,0.000023187999
0x2659,813,0.000023187999
0x265b,813,0.000023187999
0x265c,813,0.000023187999
0x265e,813,0.000023187999
0x2661,813,0.000023187999
0x2662,813,0.000023187999
0x2668,948,0.000027038405
0x266b,948,0.000027038405
0x266c,948,0.000027038405
0x266d,948,0.000027038405
0x2670,948,0.000027038405
0x2672,948,0.000027038405
0x2676,948,0.000027038405
0x2678,948,0.000027038405
0x267c,948,0.000027038405
0x267f,948,0.000027038405
0x2681,948,0.000027038405
0x2684,948,0.000027038405
0x2685,948,0.000027038405
0x2688,948,0.000027038405
0x268a,948,0.000027038405
0x268b,948,0.000027038405
0x268d,948,0.000027038405
0x268e,948,0.000027038405
0x268f,948,0.000027038405
0x2692,945,0.000026952840
0x2693,948,0.000027038405
0x2694,948,0.000027038405
0x2697,948,0.000027038405
0x2699,948,0.000027038405
0x269d,948,0.000027038405
0x269f,948,0.000027038405
0x26a3,948,0.000027038405
0x26a4,948,0.000027038405
0x26a7,948,0.000027038405
0x26aa,948,0.000027038405
0x26ad,948,0.000027038405
0x26ae,948,0.000027038405
0x26af,948,0.000027038405
0x26b0,948,0.000027038405
0x26b1,189,0.000005390568
0x26b2,189,0.000005390568
0x26b4,189,0.000005390568
0x26b5,189,0.000005390568
0x26b7,189,0.000005390568
0x26b8,189,0.000005390568
0x26ba,189,0.000005390568
0x26bb,30,0.000000855646
0x26bc,30,0.000000855646
0x26bd,30,0.000000855646
0x26be,30,0.000000855646
0x26bf,30,0.000000855646
0x26c2,30,0.000000855646
0x26c4,30,0.000000855646
0x26c6,30,0.000000855646
0x26c7,30,0.000000855646
0x26c8,30,0.000000855646
0x26ca,30,0.000000855646
0x26cb,30,0.000000855646
0x26cc,30,0.000000855646
0x26d0,948,0.000027038405
0x26d3,948,0.000027038405
0x26d6,948,0.000027038405
0x26d9,7584,0.000216307238
0x26da,7584,0.000216307238
0x26db,7584,0.000216307238
0x26de,5991,0.000170872451
0x26df,5991,0.000170872451
0x26e0,5991,0.000170872451
0x26e3,948,0.000027038405
0x26e4,5991,0.000170872451
0x26e5,7584,0.000216307238
0x26e6,7584,0.000216307238
0x26e7,7584,0.000216307238
0x26e8,7584,0.000216307238
0x26e9,7584,0.000216307238
0x26eb,7584,0.000216307238
0x26ee,948,0.000027038405
0x26f1,948,0.000027038405
0x26f2,948,0.000027038405
0x26f3,948,0.000027038405
0x26f5,948,0.000027038405
0x26f8,948,0.000027038405
0x26f9,948,0.000027038405
0x26fa,948,0.000027038405
0x26fd,948,0.000027038405
0x2700,4320,0.000123212984
0x2703,4320,0.000123212984
0x2704,4320,0.000123212984
0x2705,4320,0.000123212984
0x2706,4319,0.000123184462
0x2707,4319,0.000123184462
0x2708,4319,0.000123184462
0x270a,4319,0.000123184462
0x270b,4319,0.000123184462
0x270c,4319,0.000123184462
0x270e,4319,0.000123184462
0x270f,4319,0.000123184462
0x2711,4319,0.000123184462
0x2714,4319,0.000123184462
0x2717,17276,0.000492737850
0x271a,17276,0.000492737850
0x271b,17276,0.000492737850
0x271c,17276,0.000492737850
0x271d,17276,0.000492737850
0x271e,17276,0.000492737850
0x2720,17276,0.000492737850
0x2723,4319,0.000123184462
0x2725,4319,0.000123184462
0x2728,4319,0.000123184462
0x272a,4319,0.000123184462
0x2739,4319,0.000123184462
0x273c,4319,0.000123184462
0x273d,4319,0.000123184462
0x2740,4319,0.000123184462
0x2743,4319,0.000123184462
0x2748,17276,0.000492737850
0x2749,17276,0.000492737850
0x274a,17276,0.000492737850
0x274c,17276,0.000492737850
0x274d,62,0.000001768334
0x274e,62,0.000001768334
0x274f,62,0.000001768334
0x2750,31,0.000000884167
0x2751,31,0.000000884167
0x2752,31,0.000000884167
0x2753,31,0.000000884167
0x2754,31,0.000000884167
0x2755,31,0.000000884167
0x2757,31,0.000000884167
0x2758,31,0.000000884167
0x2759,31,0.000000884167
0x275b,31,0.000000884167
0x275c,31,0.000000884167
0x275f,31,0.000000884167
0x2760,31,0.000000884167
0x2761,31,0.000000884167
0x2764,31,0.000000884167
0x2768,31,0.000000884167
0x2769,31,0.000000884167
0x276c,31,0.000000884167
0x276e,31,0.000000884167
0x2771,31,0.000000884167
0x2772,31,0.000000884167
0x2778,31,0.000000884167
0x277b,31,0.000000884167
0x277c,31,0.000000884167
0x277f,31,0.000000884167
0x2780,31,0.000000884167
0x2781,31,0.000000884167
0x2782,31,0.000000884167
0x2783,31,0.000000884167
0x2784,31,0.000000884167
0x2785,31,0.000000884167
0x2786,31,0.000000884167
0x2789,31,0.000000884167
0x27a8,4319,0.000123184462
0x27ab,4319,0.000123184462
0x27ac,4319,0.000123184462
0x27af,4319,0.000123184462
0x27b0,4319,0.000123184462
0x27b1,4319,0.000123184462
0x27b4,4319,0.000123184462
0x27b6,4319,0.000123184462
0x27b7,4319,0.000123184462
0x27b8,4319,0.000123184462
0x27ba,4319,0.000123184462
0x27bd,3935,0.000112232197
0x27c0,3935,0.000112232197
0x27c1,3935,0.000112232197
0x27c2,3935,0.000112232197
0x27c5,3887,0.000110863164
0x27c7,3887,0.000110863164
0x27c8,3887,0.000110863164
0x27c9,3887,0.000110863164
0x27ca,2409,0.000068708351
0x27cc,2409,0.000068708351
0x27cf,2311,0.000065913242
0x27d0,2311,0.000065913242
0x27d2,2311,0.000065913242
0x27d3,2311,0.000065913242
0x27d5,2311,0.000065913242
0x27d6,2311,0.000065913242
0x27d8,98,0.000002795109
0x27da,98,0.000002795109
0x27dc,98,0.000002795109
0x27dd,98,0.000002795109
0x27df,98,0.000002795109
0x27e0,98,0.000002795109
0x27e2,48,0.000001369033
0x27e4,48,0.000001369033
0x27e9,48,0.000001369033
0x27ea,48,0.000001369033
0x27ec,48,0.000001369033
0x27ee,48,0.000001369033
0x3000,2789,0.000079546531
0x3003,2789,0.000079546531
0x3004,2789,0.000079546531
0x3005,2789,0.000079546531
0x3007,2789,0.000079546531
0x300a,2789,0.000079546531
0x300b,2789,0.000079546531
0x300c,2789,0.000079546531
0x300d,2789,0.000079546531
0x300e,2789,0.000079546531
0x300f,2789,0.000079546531
0x3010,2789,0.000079546531
0x3011,2789,0.000079546531
0x3012,347,0.000009896969
0x3028,352,0.000010039576
0x302b,352,0.000010039576
0x302c,352,0.000010039576
0x302e,352,0.000010039576
0x302f,352,0.000010039576
0x3031,352,0.000010039576
0x3032,352,0.000010039576
0x3034,352,0.000010039576
0x3035,293,0.000008356807
0x3037,293,0.000008356807
0x3038,293,0.000008356807
0x3039,293,0.000008356807
0x303c,280,0.000007986027
0x303d,280,0.000007986027
0x303e,5,0.000000142608
0x303f,5,0.000000142608
0x3040,5,0.000000142608
0x3042,5,0.000000142608
0x3044,5,0.000000142608
0x3046,5,0.000000142608
0x3048,5,0.000000142608
0x3049,5,0.000000142608
0x304b,5,0.000000142608
0x304d,5,0.000000142608
0x304f,5,0.000000142608
0x3050,5,0.000000142608
0x3052,5,0.000000142608
0x3055,5,0.000000142608
0x3056,5,0.000000142608
0x3057,3,0.000000085565
0x3059,3,0.000000085565
0x305c,13,0.000000370780
0x305f,13,0.000000370780
0x3062,13,0.000000370780
0x3063,13,0.000000370780
0x3064,13,0.000000370780
0x3065,13,0.000000370780
0x3066,13,0.000000370780
0x3067,13,0.000000370780
0x3068,13,0.000000370780
0x306a,13,0.000000370780
0x306c,13,0.000000370780
0x306d,13,0.000000370780
0x3074,62,0.000001768334
0x3077,62,0.000001768334
0x3078,62,0.000001768334
0x3079,62,0.000001768334
0x307a,62,0.000001768334
0x307c,62,0.000001768334
0x307d,62,0.000001768334
0x307f,62,0.000001768334
0x3080,62,0.000001768334
0x3081,62,0.000001768334
0x3082,62,0.000001768334
0x3084,62,0.000001768334
0x3089,62,0.000001768334
0x308a,62,0.000001768334
0x308b,62,0.000001768334
0x308c,62,0.000001768334
0x308d,62,0.000001768334
0x308f,62,0.000001768334
0x3090,62,0.000001768334
0x3092,62,0.000001768334
0x3093,62,0.000001768334
0x3094,62,0.000001768334
0x3095,62,0.000001768334
0x3098,62,0.000001768334
0x309a,62,0.000001768334
0x309d,8,0.000000228172
0x309f,62,0.000001768334
0x30a0,62,0.000001768334
0x30a1,62,0.000001768334
0x30a4,62,0.000001768334
0x30a6,62,0.000001768334
0x30a7,62,0.000001768334
0x30a8,62,0.000001768334
0x30aa,3483,0.000099340468
0x30ad,3483,0.000099340468
0x30ae,3483,0.000099340468
0x30af,3483,0.000099340468
0x30b0,3483,0.000099340468
0x30b1,3483,0.000099340468
0x30b3,3483,0.000099340468
0x30b5,3483,0.000099340468
0x30b6,3483,0.000099340468
0x30b8,3483,0.000099340468
0x30ba,348,0.000009925490
0x30bd,348,0.000009925490
0x30c0,348,0.000009925490
0x30c3,348,0.000009925490
0x30c6,348,0.000009925490
0x30c8,348,0.000009925490
0x30c9,348,0.000009925490
0x30ca,348,0.000009925490
0x30cb,226,0.000006445864
0x30cd,226,0.000006445864
0x30ce,226,0.000006445864
0x30cf,226,0.000006445864
0x30d2,177,0.000005048310
0x30d3,177,0.000005048310
0x30d4,44,0.000001254947
0x30d6,44,0.000001254947
0x30d8,44,0.000001254947
0x30da,1044,0.000029776471
0x30db,1044,0.000029776471
0x30dc,1044,0.000029776471
0x30dd,1044,0.000029776471
0x30de,499,0.000014232241
0x30df,499,0.000014232241
0x30e4,49,0.000001397555
0x30e7,49,0.000001397555
0x30ea,49,0.000001397555
0x30eb,49,0.000001397555
0x30ed,49,0.000001397555
0x30f2,49,0.000001397555
0x30f3,49,0.000001397555
0x30f5,49,0.000001397555
0x30f6,49,0.000001397555
0x30f7,49,0.000001397555
0x30f8,49,0.000001397555
0x30fa,49,0.000001397555
0x30fc,49,0.000001397555
0x30ff,49,0.000001397555
0x3102,49,0.000001397555
0x3105,49,0.000001397555
0x3106,49,0.000001397555
0x3107,49,0.000001397555
0x3108,49,0.000001397555
0x310a,49,0.000001397555
0x310c,49,0.000001397555
0x310e,49,0.000001397555
0x310f,49,0.000001397555
0x3112,147,0.000004192664
0x3113,147,0.000004192664
0x3114,147,0.000004192664
0x3115,147,0.000004192664
0x3116,91,0.000002595459
0x3117,91,0.000002595459
0x3118,91,0.000002595459
0x311a,91,0.000002595459
0x311b,91,0.000002595459
0x311c,91,0.000002595459
0x311d,91,0.000002595459
0x311e,49,0.000001397555
0x311f,49,0.000001397555
0x3121,49,0.000001397555
0x3124,348,0.000009925490
0x3127,348,0.000009925490
0x3128,348,0.000009925490
0x312a,348,0.000009925490
0x312b,44,0.000001254947
0x312d,44,0.000001254947
0x312f,44,0.000001254947
0x3130,44,0.000001254947
0x3131,44,0.000001254947
0x3132,44,0.000001254947
0x3134,44,0.000001254947
0x3136,44,0.000001254947
0x3138,44,0.000001254947
0x313d,44,0.000001254947
0x313f,44,0.000001254947
0x3140,44,0.000001254947
0x3141,44,0.000001254947
0x3144,44,0.000001254947
0x3145,44,0.000001254947
0x3146,44,0.000001254947
0x3149,31,0.000000884167
0x314b,44,0.000001254947
0x314d,44,0.000001254947
0x314e,44,0.000001254947
0x315a,347,0.000009896969
0x315d,347,0.000009896969
0x315e,347,0.000009896969
0x3160,347,0.000009896969
0x3161,101,0.000002880674
0x3164,101,0.000002880674
0x3165,101,0.000002880674
0x3166,101,0.000002880674
0x3167,101,0.000002880674
0x3169,101,0.000002880674
0x316a,101,0.000002880674
0x316c,101,0.000002880674
0x316d,101,0.000002880674
0x316e,101,0.000002880674
0x316f,101,0.000002880674
0x3171,101,0.000002880674
0x3172,101,0.000002880674
0x3174,101,0.000002880674
0x3176,101,0.000002880674
0x3177,101,0.000002880674
0x3178,101,0.000002880674
0x3179,1108,0.000031601849
0x317c,1067,0.000030432466
0x317d,1067,0.000030432466
0x317e,1067,0.000030432466
0x317f,1067,0.000030432466
0x3180,1067,0.000030432466
0x3181,1067,0.000030432466
0x3182,1067,0.000030432466
0x3183,1067,0.000030432466
0x3186,65,0.000001853899
0x3188,65,0.000001853899
0x318a,1067,0.000030432466
0x318b,1067,0.000030432466
0x318e,60,0.000001711291
0x3192,1108,0.000031601849
0x3193,1108,0.000031601849
0x3195,1108,0.000031601849
0x3196,616,0.000017569259
0x3199,616,0.000017569259
0x319a,616,0.000017569259
0x319b,43,0.000001226426
0x319e,43,0.000001226426
0x319f,43,0.000001226426
0x31a0,43,0.000001226426
0x31a1,43,0.000001226426
0x31a2,43,0.000001226426
0x31a3,41,0.000001169382
0x31a4,41,0.000001169382
0x31a7,41,0.000001169382
0x31a9,41,0.000001169382
0x31ac,41,0.000001169382
0x31ad,41,0.000001169382
0x31b4,347,0.000009896969
0x31b7,347,0.000009896969
0x31b9,347,0.000009896969
0x31ba,41,0.000001169382
0x31bd,41,0.000001169382
0x31bf,41,0.000001169382
0x31c0,41,0.000001169382
0x31c2,41,0.000001169382
0x31c3,41,0.000001169382
0x31c5,41,0.000001169382
0x31c6,41,0.000001169382
0x31c7,41,0.000001169382
0x31c8,41,0.000001169382
0x31cb,41,0.000001169382
0x31cd,41,0.000001169382
0x31ce,41,0.000001169382
0x31d1,18,0.000000513387
0x31d2,18,0.000000513387
0x31d3,18,0.000000513387
0x31d4,18,0.000000513387
0x31d6,41,0.000001169382
0x31d7,41,0.000001169382
0x31d8,41,0.000001169382
0x31d9,41,0.000001169382
0x31da,41,0.000001169382
0x31dc,41,0.000001169382
0x31de,41,0.000001169382
0x31df,41,0.000001169382
0x31e1,41,0.000001169382
0x31e2,41,0.000001169382
0x31e3,41,0.000001169382
0x31e4,41,0.000001169382
0x31e5,41,0.000001169382
0x31e6,41,0.000001169382
0x31e7,41,0.000001169382
0x31e8,41,0.000001169382
0x31e9,41,0.000001169382
0x31ec,41,0.000001169382
0x31ed,41,0.000001169382
0x31f0,41,0.000001169382
0x31f1,41,0.000001169382
0x31f2,41,0.000001169382
0x31f4,41,0.000001169382
0x31f5,41,0.000001169382
0x31f7,41,0.000001169382
0x31f8,41,0.000001169382
0x31fb,41,0.000001169382
0x31fd,41,0.000001169382
0x31fe,41,0.000001169382
0x31ff,41,0.000001169382
0x3201,41,0.000001169382
0x3202,41,0.000001169382
0x3203,41,0.000001169382
0x3204,41,0.000001169382
0x3207,41,0.000001169382
0x3209,41,0.000001169382
0x320a,41,0.000001169382
0x320b,41,0.000001169382
0x320c,41,0.000001169382
0x320d,41,0.000001169382
0x3210,41,0.000001169382
0x3213,41,0.000001169382
0x3215,41,0.000001169382
0x3216,28,0.000000798603
0x3217,28,0.000000798603
0x3219,28,0.000000798603
0x321b,28,0.000000798603
0x321c,3,0.000000085565
0x321e,3,0.000000085565
0x3220,3,0.000000085565
0x322c,347,0.000009896969
0x322f,347,0.000009896969
0x3231,347,0.000009896969
0x3232,64,0.000001825378
0x3235,64,0.000001825378
0x3238,64,0.000001825378
0x323b,64,0.000001825378
0x323c,64,0.000001825378
0x323f,64,0.000001825378
0x3240,515,0.000014688585
0x3241,515,0.000014688585
0x3243,515,0.000014688585
0x3246,343,0.000009782883
0x3247,343,0.000009782883
0x3248,343,0.000009782883
0x3249,283,0.000008071591
0x324a,283,0.000008071591
0x324b,283,0.000008071591
0x324c,283,0.000008071591
0x324d,283,0.000008071591
0x324e,455,0.000012977293
0x324f,455,0.000012977293
0x3250,455,0.000012977293
0x3251,455,0.000012977293
0x3253,455,0.000012977293
0x3254,455,0.000012977293
0x3256,455,0.000012977293
0x3259,4,0.000000114086
0x325b,4,0.000000114086
0x325e,4,0.000000114086
0x3264,353,0.000010068098
0x3267,353,0.000010068098
0x3268,353,0.000010068098
0x326b,353,0.000010068098
0x326c,353,0.000010068098
0x326e,353,0.000010068098
0x326f,353,0.000010068098
0x3271,353,0.000010068098
0x3272,353,0.000010068098
0x3274,353,0.000010068098
0x3275,45,0.000001283469
0x3277,45,0.000001283469
0x3279,45,0.000001283469
0x327a,45,0.000001283469
0x327b,45,0.000001283469
0x327c,45,0.000001283469
0x327e,45,0.000001283469
0x3281,45,0.000001283469
0x3282,45,0.000001283469
0x3285,45,0.000001283469
0x3286,45,0.000001283469
0x3287,45,0.000001283469
0x3289,45,0.000001283469
0x328a,45,0.000001283469
0x328b,45,0.000001283469
0x328d,45,0.000001283469
0x328e,45,0.000001283469
0x328f,138,0.000003935970
0x3290,138,0.000003935970
0x3291,138,0.000003935970
0x3292,138,0.000003935970
0x3295,115,0.000003279975
0x3296,115,0.000003279975
0x3297,115,0.000003279975
0x329a,106,0.000003023282
0x329b,106,0.000003023282
0x329e,106,0.000003023282
0x329f,106,0.000003023282
0x32a0,106,0.000003023282
0x32a3,106,0.000003023282
0x32a4,138,0.000003935970
0x32a5,138,0.000003935970
0x32a6,138,0.000003935970
0x32a9,4,0.000000114086
0x32ab,138,0.000003935970
0x32ac,138,0.000003935970
0x32af,45,0.000001283469
0x32b0,30,0.000000855646
0x32b3,30,0.000000855646
0x32b5,30,0.000000855646
0x32b8,30,0.000000855646
0x32ba,30,0.000000855646
0x32bc,30,0.000000855646
0x32bf,30,0.000000855646
0x32c2,30,0.000000855646
0x32c3,30,0.000000855646
0x32c4,6,0.000000171129
0x32c5,6,0.000000171129
0x32c6,6,0.000000171129
0x32c7,6,0.000000171129
0x32c8,6,0.000000171129
0x32cb,6,0.000000171129
0x32cd,6,0.000000171129
0x32d0,6,0.000000171129
0x32d2,6,0.000000171129
0x32d4,6,0.000000171129
0x32d6,6,0.000000171129
0x32d7,6,0.000000171129
0x32d9,6,0.000000171129
0x32da,6,0.000000171129
0x32dc,6,0.000000171129
0x32dd,6,0.000000171129
0x32de,6,0.000000171129
0x32e1,6,0.000000171129
0x32e2,6,0.000000171129
0x32e3,6,0.000000171129
0x3400,1896,0.000054076810
0x3403,1896,0.000054076810
0x3406,1896,0.000054076810
0x3409,1896,0.000054076810
0x340c,1896,0.000054076810
0x340f,1896,0.000054076810
0x3412,1896,0.000054076810
0x3413,1896,0.000054076810
0x3416,1896,0.000054076810
0x3418,1896,0.000054076810
0x3438,1896,0.000054076810
0x343b,1896,0.000054076810
0x343c,1896,0.000054076810
0x343f,948,0.000027038405
0x3442,948,0.000027038405
0x3445,948,0.000027038405
0x3448,948,0.000027038405
0x344b,948,0.000027038405
0x3452,948,0.000027038405
0x3455,948,0.000027038405
0x3458,948,0.000027038405
0x345b,948,0.000027038405
0x3474,948,0.000027038405
0x3477,3792,0.000108153619
0x3478,3792,0.000108153619
0x347b,3792,0.000108153619
0x347c,3792,0.000108153619
0x347d,3792,0.000108153619
0x347f,3792,0.000108153619
0x3480,3792,0.000108153619
0x3482,3792,0.000108153619
0x3485,948,0.000027038405
0x3486,948,0.000027038405
0x3489,3792,0.000108153619
0x348a,3792,0.000108153619
0x348d,3792,0.000108153619
0x348e,3792,0.000108153619
0x348f,3792,0.000108153619
0x3491,3792,0.000108153619
0x3492,3792,0.000108153619
0x3494,3792,0.000108153619
0x3497,948,0.000027038405
0x3498,948,0.000027038405
0x349b,3792,0.000108153619
0x349c,3792,0.000108153619
0x349f,3792,0.000108153619
0x34a0,3792,0.000108153619
0x34a1,3792,0.000108153619
0x34a3,3792,0.000108153619
0x34a4,3792,0.000108153619
0x34a6,3792,0.000108153619
0x34a9,948,0.000027038405
0x34aa,948,0.000027038405
0x34ad,3792,0.000108153619
0x34ae,3792,0.000108153619
0x34b1,3792,0.000108153619
0x34b2,3792,0.000108153619
0x34b3,3792,0.000108153619
0x34b5,3792,0.000108153619
0x34b6,3792,0.000108153619
0x34b8,3792,0.000108153619
0x34bb,948,0.000027038405
0x34c0,8112,0.000231366603
0x34c1,8112,0.000231366603
0x34c2,8112,0.000231366603
0x34c3,6522,0.000186017380
0x34c4,6522,0.000186017380
0x34c6,6522,0.000186017380
0x34c7,6522,0.000186017380
0x34c9,6522,0.000186017380
0x34ca,6522,0.000186017380
0x34cb,6522,0.000186017380
0x34cc,6522,0.000186017380
0x34cd,6522,0.000186017380
0x34ce,6522,0.000186017380
0x34cf,6522,0.000186017380
0x34d0,6522,0.000186017380
0x34d1,6522,0.000186017380
0x34d2,6522,0.000186017380
0x34d3,6522,0.000186017380
0x34d4,6522,0.000186017380
0x34d5,6522,0.000186017380
0x34d7,6522,0.000186017380
0x34d8,6522,0.000186017380
0x34da,6522,0.000186017380
0x34db,6522,0.000186017380
0x34dc,6522,0.000186017380
0x34dd,6522,0.000186017380
0x34de,6531,0.000186274074
0x34df,6531,0.000186274074
0x34e1,6531,0.000186274074
0x34e4,756,0.000021562272
0x34e5,756,0.000021562272
0x34e7,756,0.000021562272
0x34ea,303,0.000008642022
0x34ec,303,0.000008642022
0x34ed,303,0.000008642022
0x34ee,303,0.000008642022
0x34f0,303,0.000008642022
0x34f1,303,0.000008642022
0x34f3,303,0.000008642022
0x34f6,144,0.000004107099
0x34f8,144,0.000004107099
0x34f9,144,0.000004107099
0x34fa,144,0.000004107099
0x34fc,144,0.000004107099
0x34fd,144,0.000004107099
0x34ff,144,0.000004107099
0x3509,303,0.000008642022
0x350a,303,0.000008642022
0x350b,303,0.000008642022
0x350c,6531,0.000186274074
0x350e,6531,0.000186274074
0x350f,6531,0.000186274074
0x3512,6531,0.000186274074
0x3513,6531,0.000186274074
0x3515,6531,0.000186274074
0x3516,6531,0.000186274074
0x3518,6531,0.000186274074
0x3519,6531,0.000186274074
0x3520,48,0.000001369033
0x3521,48,0.000001369033
0x3522,48,0.000001369033
0x3523,48,0.000001369033
0x3524,48,0.000001369033
0x3525,48,0.000001369033
0x3526,48,0.000001369033
0x3527,48,0.000001369033
0x3528,2049,0.000058440603
0x3529,2049,0.000058440603
0x352a,2049,0.000058440603
0x352b,2049,0.000058440603
0x352c,2049,0.000058440603
0x352d,2049,0.000058440603
0x352e,2049,0.000058440603
0x352f,2049,0.000058440603
0x3530,2451,0.000069906255
0x3531,2451,0.000069906255
0x3532,2451,0.000069906255
0x3533,2451,0.000069906255
0x3534,2451,0.000069906255
0x3535,2451,0.000069906255
0x3536,2451,0.000069906255
0x3537,2451,0.000069906255
0x3538,2886,0.000082313118
0x3539,2886,0.000082313118
0x353a,2886,0.000082313118
0x353b,2886,0.000082313118
0x353c,2886,0.000082313118
0x353d,2886,0.000082313118
0x353e,2886,0.000082313118
0x353f,2886,0.000082313118
0x3540,6730,0.000191949857
0x3541,6730,0.000191949857
0x3542,6730,0.000191949857
0x3543,6730,0.000191949857
0x3544,6730,0.000191949857
0x3545,6730,0.000191949857
0x3546,6730,0.000191949857
0x3547,6730,0.000191949857
0x3548,7282,0.000207693738
0x3549,7282,0.000207693738
0x354a,7282,0.000207693738
0x354b,7282,0.000207693738
0x354c,7282,0.000207693738
0x354d,7282,0.000207693738
0x354e,7282,0.000207693738
0x354f,7282,0.000207693738
0x3550,7330,0.000209062771
0x3551,7330,0.000209062771
0x3552,7330,0.000209062771
0x3553,7330,0.000209062771
0x3554,7330,0.000209062771
0x3555,7330,0.000209062771
0x3556,7330,0.000209062771
0x3557,7330,0.000209062771
0x3558,7330,0.000209062771
0x355a,7330,0.000209062771
0x355b,7330,0.000209062771
0x355d,7330,0.000209062771
0x3560,1896,0.000054076810
0x3563,1896,0.000054076810
0x3564,1896,0.000054076810
0x3565,1896,0.000054076810
0x3566,1896,0.000054076810
0x3567,1896,0.000054076810
0x3568,1896,0.000054076810
0x3569,1896,0.000054076810
0x356a,1896,0.000054076810
0x356d,1896,0.000054076810
0x3570,1896,0.000054076810
0x3572,1896,0.000054076810
0x3577,1896,0.000054076810
0x3579,1896,0.000054076810
0x357a,1896,0.000054076810
0x357b,1896,0.000054076810
0x357e,1896,0.000054076810
0x357f,1896,0.000054076810
0x3581,1896,0.000054076810
0x3584,1896,0.000054076810
0x3586,1896,0.000054076810
0x3587,1896,0.000054076810
0x3588,1896,0.000054076810
0x3589,1896,0.000054076810
0x358c,1896,0.000054076810
0x358d,1896,0.000054076810
0x358e,1896,0.000054076810
0x3590,1896,0.000054076810
0x3591,1896,0.000054076810
0x3593,1896,0.000054076810
0x3594,1896,0.000054076810
0x3596,1896,0.000054076810
0x3597,1896,0.000054076810
0x359a,1896,0.000054076810
0x359b,1896,0.000054076810
0x359c,1896,0.000054076810
0x359d,1896,0.000054076810
0x359f,1896,0.000054076810
0x35a2,1896,0.000054076810
0x35b0,7584,0.000216307238
0x35b1,7584,0.000216307238
0x35b2,7584,0.000216307238
0x35b3,5994,0.000170958015
0x35b4,5994,0.000170958015
0x35b5,5994,0.000170958015
0x35b6,5994,0.000170958015
0x35b7,5994,0.000170958015
0x35b8,5994,0.000170958015
0x35b9,5994,0.000170958015
0x35ba,5994,0.000170958015
0x35bd,5352,0.000152647197
0x35be,5994,0.000170958015
0x35bf,5994,0.000170958015
0x35c0,5994,0.000170958015
0x35c1,5994,0.000170958015
0x35c2,5994,0.000170958015
0x35c3,5994,0.000170958015
0x35c4,5994,0.000170958015
0x35c5,5994,0.000170958015
0x35c7,5994,0.000170958015
0x35c8,5994,0.000170958015
0x35c9,5994,0.000170958015
0x35ca,5994,0.000170958015
0x35cb,5994,0.000170958015
0x35cc,5994,0.000170958015
0x35cd,5994,0.000170958015
0x35ce,5994,0.000170958015
0x35cf,5994,0.000170958015
0x35d0,5994,0.000170958015
0x35d1,5994,0.000170958015
0x35d2,5994,0.000170958015
0x35d3,5994,0.000170958015
0x35d4,5994,0.000170958015
0x35d5,5994,0.000170958015
0x35d6,5994,0.000170958015
0x35d7,5994,0.000170958015
0x35d8,5994,0.000170958015
0x35d9,5994,0.000170958015
0x35da,5994,0.000170958015
0x35db,5994,0.000170958015
0x35e0,4404,0.000125608792
0x35e1,4404,0.000125608792
0x35e2,4404,0.000125608792
0x35e3,4404,0.000125608792
0x35e5,4404,0.000125608792
0x35e8,2322,0.000066226979
0x35e9,2322,0.000066226979
0x35ea,2322,0.000066226979
0x35eb,2322,0.000066226979
0x35ec,2322,0.000066226979
0x35ed,2322,0.000066226979
0x35ee,2322,0.000066226979
0x35ef,2322,0.000066226979
0x35f0,2322,0.000066226979
0x35f1,2322,0.000066226979
0x35f3,2322,0.000066226979
0x35f6,672,0.000019166464
0x35f8,672,0.000019166464
0x35f9,672,0.000019166464
0x35fa,672,0.000019166464
0x35fb,672,0.000019166464
0x35fd,672,0.000019166464
0x35fe,672,0.000019166464
0x3601,87,0.000002481373
0x3602,87,0.000002481373
0x3603,87,0.000002481373
0x3604,672,0.000019166464
0x3605,672,0.000019166464
0x3606,672,0.000019166464
0x3607,672,0.000019166464
0x3608,672,0.000019166464
0x3609,672,0.000019166464
0x360a,672,0.000019166464
0x360b,672,0.000019166464
0x360c,672,0.000019166464
0x360e,672,0.000019166464
0x360f,672,0.000019166464
0x3612,618,0.000017626302
0x3613,618,0.000017626302
0x3614,618,0.000017626302
0x3615,618,0.000017626302
0x3616,618,0.000017626302
0x3618,618,0.000017626302
0x3619,618,0.000017626302
0x361a,618,0.000017626302
0x361b,618,0.000017626302
0x361c,417,0.000011893476
0x361f,417,0.000011893476
0x3620,417,0.000011893476
0x3621,417,0.000011893476
0x3622,150,0.000004278229
0x3623,150,0.000004278229
0x3624,150,0.000004278229
0x3628,2082,0.000059381813
0x362a,2082,0.000059381813
0x362d,2031,0.000057927215
0x362e,2031,0.000057927215
0x362f,2031,0.000057927215
0x3630,2031,0.000057927215
0x3631,2031,0.000057927215
0x3632,2031,0.000057927215
0x3633,2031,0.000057927215
0x3634,2031,0.000057927215
0x3635,2031,0.000057927215
0x3636,2031,0.000057927215
0x3637,2031,0.000057927215
0x363a,630,0.000017968560
0x363c,630,0.000017968560
0x363d,630,0.000017968560
0x363e,630,0.000017968560
0x363f,630,0.000017968560
0x3641,630,0.000017968560
0x3642,630,0.000017968560
0x3645,84,0.000002395808
0x3646,84,0.000002395808
0x3647,84,0.000002395808
0x3648,630,0.000017968560
0x3649,630,0.000017968560
0x364a,630,0.000017968560
0x364b,630,0.000017968560
0x364c,630,0.000017968560
0x364d,630,0.000017968560
0x364e,630,0.000017968560
0x364f,630,0.000017968560
0x3650,630,0.000017968560
0x3651,630,0.000017968560
0x3652,630,0.000017968560
0x3654,630,0.000017968560
0x3655,630,0.000017968560
0x3656,630,0.000017968560
0x3657,630,0.000017968560
0x365a,480,0.000013690332
0x365d,480,0.000013690332
0x365e,480,0.000013690332
0x3661,132,0.000003764841
0x3662,132,0.000003764841
0x3663,630,0.000017968560
0x3665,630,0.000017968560
0x3666,630,0.000017968560
0x366a,1650,0.000047060515
0x366b,1650,0.000047060515
0x366c,1650,0.000047060515
0x366d,57,0.000001625727
0x366e,57,0.000001625727
0x366f,57,0.000001625727
0x3670,57,0.000001625727
0x3671,57,0.000001625727
0x3672,54,0.000001540162
0x3673,54,0.000001540162
0x3674,54,0.000001540162
0x3675,54,0.000001540162
0x3676,54,0.000001540162
0x3679,54,0.000001540162
0x367b,54,0.000001540162
0x367c,54,0.000001540162
0x367f,54,0.000001540162
0x3680,54,0.000001540162
0x3683,54,0.000001540162
0x3684,54,0.000001540162
0x3686,54,0.000001540162
0x3689,54,0.000001540162
0x368a,54,0.000001540162
0x368b,54,0.000001540162
0x368d,54,0.000001540162
0x368e,51,0.000001454598
0x3690,51,0.000001454598
0x3691,39,0.000001112339
0x3692,39,0.000001112339
0x3695,1401,0.000039958655
0x3696,1401,0.000039958655
0x3697,1401,0.000039958655
0x3698,1401,0.000039958655
0x3699,1401,0.000039958655
0x369a,1401,0.000039958655
0x369b,1401,0.000039958655
0x369c,1401,0.000039958655
0x369d,36,0.000001026775
0x369e,36,0.000001026775
0x36a0,36,0.000001026775
0x36a1,36,0.000001026775
0x36a4,36,0.000001026775
0x36a6,36,0.000001026775
0x36a7,36,0.000001026775
0x36aa,33,0.000000941210
0x36ab,36,0.000001026775
0x36ae,36,0.000001026775
0x36b0,36,0.000001026775
0x36b3,36,0.000001026775
0x36b4,36,0.000001026775
0x36b6,36,0.000001026775
0x36b7,36,0.000001026775
0x36b9,36,0.000001026775
0x36ba,36,0.000001026775
0x36bb,36,0.000001026775
0x36c0,1590,0.000045349223
0x36c1,1590,0.000045349223
0x36c2,1590,0.000045349223
0x36c3,795,0.000022674612
0x36c4,795,0.000022674612
0x36c5,795,0.000022674612
0x36c6,795,0.000022674612
0x36c8,795,0.000022674612
0x36c9,795,0.000022674612
0x36d2,1920,0.000054761326
0x36d3,1920,0.000054761326
0x36d4,1920,0.000054761326
0x36d5,1920,0.000054761326
0x36d6,1920,0.000054761326
0x36d7,1920,0.000054761326
0x36d8,72,0.000002053550
0x36d9,72,0.000002053550
0x36da,72,0.000002053550
0x36db,72,0.000002053550
0x36dc,72,0.000002053550
0x36dd,72,0.000002053550
0x36de,72,0.000002053550
0x36e1,72,0.000002053550
0x36e3,72,0.000002053550
0x36e6,72,0.000002053550
0x36ea,1890,0.000053905680
0x36eb,1890,0.000053905680
0x36ec,1890,0.000053905680
0x36ed,1890,0.000053905680
0x36ee,1890,0.000053905680
0x36ef,1890,0.000053905680
0x36f0,558,0.000015915010
0x36f1,558,0.000015915010
0x36f2,558,0.000015915010
0x36f3,558,0.000015915010
0x36f5,558,0.000015915010
0x36f6,36,0.000001026775
0x36f7,36,0.000001026775
0x36f8,36,0.000001026775
0x36f9,36,0.000001026775
0x36fa,36,0.000001026775
0x36fb,36,0.000001026775
0x36fc,36,0.000001026775
0x36fd,36,0.000001026775
0x36fe,36,0.000001026775
0x3701,36,0.000001026775
0x3703,36,0.000001026775
0x3706,36,0.000001026775
0x370a,2184,0.000062291009
0x370b,2184,0.000062291009
0x370c,2184,0.000062291009
0x370d,2184,0.000062291009
0x370e,2184,0.000062291009
0x370f,2184,0.000062291009
0x3710,186,0.000005305003
0x3711,186,0.000005305003
0x3712,186,0.000005305003
0x3713,186,0.000005305003
0x3715,186,0.000005305003
0x3716,66,0.000001882421
0x3717,66,0.000001882421
0x3718,66,0.000001882421
0x3719,66,0.000001882421
0x371a,66,0.000001882421
0x371b,66,0.000001882421
0x371c,66,0.000001882421
0x371d,66,0.000001882421
0x371e,66,0.000001882421
0x3721,66,0.000001882421
0x3723,66,0.000001882421
0x3726,66,0.000001882421
0x3729,66,0.000001882421
0x372a,66,0.000001882421
0x372c,66,0.000001882421
0x372d,33,0.000000941210
0x372e,33,0.000000941210
0x3730,33,0.000000941210
0x3731,33,0.000000941210
0x3732,33,0.000000941210
0x3733,33,0.000000941210
0x3734,33,0.000000941210
0x3735,33,0.000000941210
0x3736,33,0.000000941210
0x3739,33,0.000000941210
0x373b,33,0.000000941210
0x373e,33,0.000000941210
0x3744,51,0.000001454598
0x3746,51,0.000001454598
0x3747,51,0.000001454598
0x3748,51,0.000001454598
0x3749,51,0.000001454598
0x374a,51,0.000001454598
0x374c,51,0.000001454598
0x374d,51,0.000001454598
0x374e,51,0.000001454598
0x3750,51,0.000001454598
0x3751,51,0.000001454598
0x3752,6,0.000000171129
0x3753,6,0.000000171129
0x3754,6,0.000000171129
0x3758,12288,0.000350472488
0x3759,12288,0.000350472488
0x375a,12288,0.000350472488
0x375b,48,0.000001369033
0x375c,48,0.000001369033
0x375f,45,0.000001283469
0x3760,45,0.000001283469
0x3761,45,0.000001283469
0x3764,24,0.000000684517
0x3766,24,0.000000684517
0x3767,24,0.000000684517
0x3769,24,0.000000684517
0x376a,24,0.000000684517
0x376b,24,0.000000684517
0x376c,24,0.000000684517
0x376d,24,0.000000684517
0x376e,24,0.000000684517
0x376f,24,0.000000684517
0x3770,24,0.000000684517
0x3771,24,0.000000684517
0x3772,24,0.000000684517
0x3773,24,0.000000684517
0x3774,24,0.000000684517
0x3777,24,0.000000684517
0x377a,24,0.000000684517
0x377b,24,0.000000684517
0x377c,24,0.000000684517
0x377d,24,0.000000684517
0x377e,24,0.000000684517
0x3780,24,0.000000684517
0x3781,24,0.000000684517
0x3782,24,0.000000684517
0x3783,24,0.000000684517
0x3786,24,0.000000684517
0x3787,24,0.000000684517
0x3788,24,0.000000684517
0x3789,24,0.000000684517
0x378c,24,0.000000684517
0x378e,24,0.000000684517
0x378f,24,0.000000684517
0x3791,24,0.000000684517
0x3792,24,0.000000684517
0x3796,24,0.000000684517
0x3798,24,0.000000684517
0x3799,24,0.000000684517
0x379b,24,0.000000684517
0x379e,9,0.000000256694
0x379f,24,0.000000684517
0x37a0,24,0.000000684517
0x37a1,24,0.000000684517
0x37a4,24,0.000000684517
0x37a5,24,0.000000684517
0x37a6,24,0.000000684517
0x37a7,24,0.000000684517
0x37aa,24,0.000000684517
0x37b0,21,0.000000598952
0x37b1,21,0.000000598952
0x37b2,21,0.000000598952
0x37b3,21,0.000000598952
0x37b4,21,0.000000598952
0x37b5,21,0.000000598952
0x37b6,21,0.000000598952
0x37b7,21,0.000000598952
0x37b8,21,0.000000598952
0x37b9,21,0.000000598952
0x37ba,21,0.000000598952
0x37bb,21,0.000000598952
0x37be,21,0.000000598952
0x37c0,21,0.000000598952
0x37c1,21,0.000000598952
0x37c4,21,0.000000598952
0x37c6,21,0.000000598952
0x37cc,3,0.000000085565
0x37cd,3,0.000000085565
0x37ce,3,0.000000085565
0x37cf,3,0.000000085565
0x37d0,3,0.000000085565
0x37d2,3,0.000000085565
0x37d4,3,0.000000085565
0x37d5,3,0.000000085565
0x37d7,3,0.000000085565
0x37da,3,0.000000085565
0x37dd,78,0.000002224679
0x37de,78,0.000002224679
0x37df,78,0.000002224679
0x37e0,78,0.000002224679
0x37e1,78,0.000002224679
0x37e2,78,0.000002224679
0x37e5,3,0.000000085565
0x3800,3792,0.000108153619
0x3803,3792,0.000108153619
0x3805,3792,0.000108153619
0x3806,1809,0.000051595437
0x3809,1809,0.000051595437
0x380b,1809,0.000051595437
0x380c,1809,0.000051595437
0x380f,1809,0.000051595437
0x3810,1809,0.000051595437
0x3813,1809,0.000051595437
0x3815,1809,0.000051595437
0x3816,1809,0.000051595437
0x3819,1809,0.000051595437
0x381a,1809,0.000051595437
0x381b,1809,0.000051595437
0x381d,1809,0.000051595437
0x381e,1809,0.000051595437
0x381f,1809,0.000051595437
0x3820,1809,0.000051595437
0x3822,1809,0.000051595437
0x3823,27,0.000000770081
0x3824,27,0.000000770081
0x3827,27,0.000000770081
0x3829,27,0.000000770081
0x382b,27,0.000000770081
0x382c,27,0.000000770081
0x382e,27,0.000000770081
0x382f,27,0.000000770081
0x3830,27,0.000000770081
0x3832,27,0.000000770081
0x3833,27,0.000000770081
0x3834,27,0.000000770081
0x3835,27,0.000000770081
0x3837,27,0.000000770081
0x3838,27,0.000000770081
0x3839,27,0.000000770081
0x383b,27,0.000000770081
0x383c,27,0.000000770081
0x383e,27,0.000000770081
0x3841,18,0.000000513387
0x3844,27,0.000000770081
0x3846,27,0.000000770081
0x3847,27,0.000000770081
0x3849,27,0.000000770081
0x384a,27,0.000000770081
0x384b,27,0.000000770081
0x384c,9,0.000000256694
0x384f,9,0.000000256694
0x3850,9,0.000000256694
0x3851,9,0.000000256694
0x3853,9,0.000000256694
0x3854,9,0.000000256694
0x3855,9,0.000000256694
0x3856,9,0.000000256694
0x3857,9,0.000000256694
0x3858,9,0.000000256694
0x3859,9,0.000000256694
0x385c,9,0.000000256694
0x385d,9,0.000000256694
0x385f,9,0.000000256694
0x3862,3,0.000000085565
0x3863,3,0.000000085565
0x3865,3,0.000000085565
0x3868,3,0.000000085565
0x386b,3,0.000000085565
0x386e,3,0.000000085565
0x386f,3,0.000000085565
0x3871,3,0.000000085565
0x3894,6,0.000000171129
0x3897,6,0.000000171129
0x3899,6,0.000000171129
0x389c,6,0.000000171129
0x38a1,9,0.000000256694
0x38a2,9,0.000000256694
0x38a4,9,0.000000256694
0x38a5,9,0.000000256694
0x38a6,9,0.000000256694
0x38a7,9,0.000000256694
0x38a8,9,0.000000256694
0x38a9,9,0.000000256694
0x38ac,9,0.000000256694
0x38ae,9,0.000000256694
0x38af,9,0.000000256694
0x38b1,9,0.000000256694
0x38b4,9,0.000000256694
0x38b5,9,0.000000256694
0x38bc,15,0.000000427823
0x38be,15,0.000000427823
0x38bf,15,0.000000427823
0x38c1,15,0.000000427823
0x38c2,15,0.000000427823
0x38c3,15,0.000000427823
0x38f8,6,0.000000171129
0x38fb,9,0.000000256694
0x38fc,9,0.000000256694
0x38fd,9,0.000000256694
0x3906,9,0.000000256694
0x3907,9,0.000000256694
0x3908,9,0.000000256694
0x3909,9,0.000000256694
0x390a,9,0.000000256694
0x390d,9,0.000000256694
0x390e,9,0.000000256694
0x390f,9,0.000000256694
0x3912,9,0.000000256694
0x3913,9,0.000000256694
0x3916,9,0.000000256694
0x3918,9,0.000000256694
0x391b,9,0.000000256694
0x391c,18,0.000000513387
0x391d,18,0.000000513387
0x391f,18,0.000000513387
0x3922,3,0.000000085565
0x3923,3935,0.000112232197
0x3930,948,0.000027038405
0x3933,948,0.000027038405
0x3935,948,0.000027038405
0x3937,948,0.000027038405
0x3938,948,0.000027038405
0x393a,948,0.000027038405
0x393b,948,0.000027038405
0x393c,948,0.000027038405
0x393d,948,0.000027038405
0x393f,948,0.000027038405
0x3942,474,0.000013519202
0x3945,474,0.000013519202
0x3946,474,0.000013519202
0x3947,474,0.000013519202
0x394a,474,0.000013519202
0x394b,474,0.000013519202
0x394c,2916,0.000083168764
0x394d,2916,0.000083168764
0x3950,2841,0.000081029650
0x3951,2841,0.000081029650
0x3952,2841,0.000081029650
0x3954,2841,0.000081029650
0x3955,2841,0.000081029650
0x3956,2841,0.000081029650
0x3959,399,0.000011380088
0x395c,2916,0.000083168764
0x395d,2916,0.000083168764
0x395f,2916,0.000083168764
0x3960,885,0.000025241549
0x3961,885,0.000025241549
0x3963,885,0.000025241549
0x3964,885,0.000025241549
0x3965,885,0.000025241549
0x3966,885,0.000025241549
0x3967,756,0.000021562272
0x3968,756,0.000021562272
0x3969,75,0.000002139114
0x396b,75,0.000002139114
0x396c,75,0.000002139114
0x396d,75,0.000002139114
0x396e,75,0.000002139114
0x396f,75,0.000002139114
0x3972,75,0.000002139114
0x3973,75,0.000002139114
0x3975,75,0.000002139114
0x3976,75,0.000002139114
0x3977,75,0.000002139114
0x3978,75,0.000002139114
0x397a,75,0.000002139114
0x397b,75,0.000002139114
0x3980,1896,0.000054076810
0x3983,1896,0.000054076810
0x3985,1896,0.000054076810
0x3986,6,0.000000171129
0x3988,6,0.000000171129
0x3a00,948,0.000027038405
0x3a03,948,0.000027038405
0x3a05,948,0.000027038405
0x3a06,948,0.000027038405
0x3a07,948,0.000027038405
0x3a08,948,0.000027038405
0x3a0b,948,0.000027038405
0x3a0c,948,0.000027038405
0x3a0d,948,0.000027038405
0x3a0e,474,0.000013519202
0x3a0f,474,0.000013519202
0x3a10,4319,0.000123184462
0x3a13,4319,0.000123184462
0x3a14,4319,0.000123184462
0x3a15,4319,0.000123184462
0x3a18,384,0.000010952265
0x3a1a,384,0.000010952265
0x3a1c,384,0.000010952265
0x3a1d,3935,0.000112232197
0x3a20,3935,0.000112232197
0x3a21,3935,0.000112232197
0x3a22,3935,0.000112232197
0x3a40,3935,0.000112232197
0x3a42,3935,0.000112232197
0x3a43,3935,0.000112232197
0x3a44,3935,0.000112232197
0x3a47,496,0.000014146676
0x3a49,496,0.000014146676
0x3a4c,31,0.000000884167
0x3a4e,496,0.000014146676
0x3a4f,496,0.000014146676
0x3a50,496,0.000014146676
0x3a51,496,0.000014146676
0x3a52,496,0.000014146676
0x3a53,496,0.000014146676
0x3a54,496,0.000014146676
0x3a56,496,0.000014146676
0x3a58,496,0.000014146676
0x3a5a,496,0.000014146676
0x3a5b,496,0.000014146676
0x3a5d,496,0.000014146676
0x3a5f,496,0.000014146676
0x3a62,3439,0.000098085521
0x3a64,3439,0.000098085521
0x3a65,3439,0.000098085521
0x3a66,3439,0.000098085521
0x3a82,3935,0.000112232197
0x3a85,3935,0.000112232197
0x3a86,3935,0.000112232197
0x3a88,3935,0.000112232197
0x3a89,1118,0.000031887064
0x3a8b,1118,0.000031887064
0x3a8c,1118,0.000031887064
0x3a8e,1118,0.000031887064
0x3a8f,1118,0.000031887064
0x3a90,3935,0.000112232197
0x3a93,3935,0.000112232197
0x3a94,3935,0.000112232197
0x3a95,3935,0.000112232197
0x3a98,3096,0.000088302638
0x3a9b,3096,0.000088302638
0x3a9e,3096,0.000088302638
0x3aa1,49536,0.001412842216
0x3aa2,49536,0.001412842216
0x3aa3,49536,0.001412842216
0x3aa4,49536,0.001412842216
0x3aa7,18376,0.000524111526
0x3aa8,18376,0.000524111526
0x3aaa,18376,0.000524111526
0x3aad,4273,0.000121872472
0x3aae,49536,0.001412842216
0x3aaf,49536,0.001412842216
0x3ab0,49536,0.001412842216
0x3ab1,49536,0.001412842216
0x3ab2,49536,0.001412842216
0x3ab5,3096,0.000088302638
0x3ab6,3096,0.000088302638
0x3ab7,3096,0.000088302638
0x3ab8,2305,0.000065742113
0x3aba,2305,0.000065742113
0x3abd,6,0.000000171129
0x3abf,2305,0.000065742113
0x3ac1,2305,0.000065742113
0x3ac2,2305,0.000065742113
0x3ac5,2305,0.000065742113
0x3ac6,2305,0.000065742113
0x3ac8,2305,0.000065742113
0x3ac9,2305,0.000065742113
0x3aca,2305,0.000065742113
0x3b1b,3935,0.000112232197
0x3b1e,3935,0.000112232197
0x3b1f,3935,0.000112232197
0x3b20,3935,0.000112232197
0x3b21,64,0.000001825378
0x3b23,64,0.000001825378
0x3b26,1,0.000000028522
0x3b28,64,0.000001825378
0x3b29,64,0.000001825378
0x3b2a,64,0.000001825378
0x3b2c,64,0.000001825378
0x3b2d,64,0.000001825378
0x3b2e,64,0.000001825378
0x3b30,64,0.000001825378
0x3b31,64,0.000001825378
0x3b33,3935,0.000112232197
0x3b36,3935,0.000112232197
0x3b37,3935,0.000112232197
0x3b38,3935,0.000112232197
0x3b43,3935,0.000112232197
0x3b46,3935,0.000112232197
0x3b47,3935,0.000112232197
0x3b49,3935,0.000112232197
0x3b4c,3935,0.000112232197
0x3b4f,3935,0.000112232197
0x3b52,3935,0.000112232197
0x3b55,3935,0.000112232197
0x3b58,3935,0.000112232197
0x3b5b,3935,0.000112232197
