pc,count,frequency
0x0000,1,0.000000021310
0x0001,1,0.000000021310
0x0002,1,0.000000021310
0x0003,1,0.000000021310
0x0004,1,0.000000021310
0x0005,1,0.000000021310
0x0006,1,0.000000021310
0x0007,1,0.000000021310
0x0008,1,0.000000021310
0x000b,1,0.000000021310
0x000d,1,0.000000021310
0x000f,1,0.000000021310
0x0012,1,0.000000021310
0x0015,1,0.000000021310
0x0017,1,0.000000021310
0x001a,26189,0.000558098480
0x001d,26189,0.000558098480
0x0020,26189,0.000558098480
0x0021,26189,0.000558098480
0x0024,11778,0.000250994078
0x0027,11778,0.000250994078
0x002a,11778,0.000250994078
0x002d,14411,0.000307104402
0x002f,14411,0.000307104402
0x0031,14411,0.000307104402
0x0032,14411,0.000307104402
0x0034,14411,0.000307104402
0x0035,14411,0.000307104402
0x0038,14411,0.000307104402
0x0039,14411,0.000307104402
0x003c,14411,0.000307104402
0x003d,14411,0.000307104402
0x0040,7,0.000000149173
0x0043,7,0.000000149173
0x0046,14404,0.000306955230
0x0049,14403,0.000306933919
0x0050,1,0.000000021310
0x0052,1,0.000000021310
0x0054,1,0.000000021310
0x0056,1,0.000000021310
0x0058,1,0.000000021310
0x005a,1,0.000000021310
0x005c,1,0.000000021310
0x005f,1,0.000000021310
0x0061,1,0.000000021310
0x0063,1,0.000000021310
0x0066,1,0.000000021310
0x0068,1,0.000000021310
0x006a,1,0.000000021310
0x006b,2,0.000000042621
0x006e,2,0.000000042621
0x0070,6130,0.000130632849
0x0072,6130,0.000130632849
0x0073,6130,0.000130632849
0x0074,6130,0.000130632849
0x0077,2,0.000000042621
0x0078,864,0.000018412199
0x007b,864,0.000018412199
0x0080,2392391,0.050982847033
0x0082,2392391,0.050982847033
0x0083,2392391,0.050982847033
0x0085,2392391,0.050982847033
0x0088,52417,0.001117028066
0x0089,52417,0.001117028066
0x008b,52417,0.001117028066
0x008e,26221,0.000558780413
0x0090,26221,0.000558780413
0x0091,26221,0.000558780413
0x0094,26221,0.000558780413
0x0095,26221,0.000558780413
0x0096,26221,0.000558780413
0x0097,26221,0.000558780413
0x0098,26221,0.000558780413
0x009a,26221,0.000558780413
0x009d,26221,0.000558780413
0x009f,26221,0.000558780413
0x00a0,26221,0.000558780413
0x00a2,26221,0.000558780413
0x00a3,26221,0.000558780413
0x00a6,26221,0.000558780413
0x00a8,26221,0.000558780413
0x00ab,26221,0.000558780413
0x00ac,1,0.000000021310
0x00ae,1,0.000000021310
0x00af,1,0.000000021310
0x00b0,1,0.000000021310
0x00b2,1,0.000000021310
0x00b5,1,0.000000021310
0x00bb,54610,0.001163761808
0x00be,54610,0.001163761808
0x00bf,54610,0.001163761808
0x00c0,54610,0.001163761808
0x00c1,54610,0.001163761808
0x00c2,54610,0.001163761808
0x00c3,54610,0.001163761808
0x00c4,2422,0.000051613827
0x00c5,2422,0.000051613827
0x00c7,2422,0.000051613827
0x00c9,2422,0.000051613827
0x00ca,2422,0.000051613827
0x00cd,2422,0.000051613827
0x00ce,2422,0.000051613827
0x00cf,2422,0.000051613827
0x00d0,2422,0.000051613827
0x00d1,2422,0.000051613827
0x00d2,2422,0.000051613827
0x00d3,2422,0.000051613827
0x00d4,2422,0.000051613827
0x00d6,2422,0.000051613827
0x00d8,2422,0.000051613827
0x00d9,2422,0.000051613827
0x00dc,2422,0.000051613827
0x00dd,2422,0.000051613827
0x00de,2422,0.000051613827
0x00e1,882,0.000018795787
0x00e3,14404,0.000306955230
0x00e6,14404,0.000306955230
0x00e9,14404,0.000306955230
0x00ec,14404,0.000306955230
0x00ef,14404,0.000306955230
0x00f2,14400,0.000306869988
0x00f5,14400,0.000306869988
0x00f8,14400,0.000306869988
0x00fb,14400,0.000306869988
0x00fe,13526,0.000288244684
0x0101,13526,0.000288244684
0x0104,13526,0.000288244684
0x0107,13523,0.000288180753
0x0109,13523,0.000288180753
0x010c,13523,0.000288180753
0x010f,13520,0.000288116822
0x0111,13520,0.000288116822
0x0114,13520,0.000288116822
0x0117,13517,0.000288052891
0x0119,13517,0.000288052891
0x011c,13517,0.000288052891
0x011f,13517,0.000288052891
0x0122,12653,0.000269640691
0x0125,12653,0.000269640691
0x0128,12653,0.000269640691
0x012b,12653,0.000269640691
0x012e,12125,0.000258388792
0x0131,12125,0.000258388792
0x0134,12125,0.000258388792
0x0137,12125,0.000258388792
0x013a,729,0.000015535293
0x0140,16,0.000000340967
0x0143,16,0.000000340967
0x0146,16,0.000000340967
0x0149,16,0.000000340967
0x014c,16,0.000000340967
0x014e,16,0.000000340967
0x014f,16,0.000000340967
0x0151,16,0.000000340967
0x0152,16,0.000000340967
0x0153,16,0.000000340967
0x0154,16,0.000000340967
0x0156,16,0.000000340967
0x0158,16,0.000000340967
0x015b,16,0.000000340967
0x015d,16,0.000000340967
0x015f,16,0.000000340967
0x0161,16,0.000000340967
0x0164,16,0.000000340967
0x0166,16,0.000000340967
0x0167,16,0.000000340967
0x0168,16,0.000000340967
0x016a,16,0.000000340967
0x016b,16,0.000000340967
0x016d,16,0.000000340967
0x016f,16,0.000000340967
0x0172,16,0.000000340967
0x0173,11390,0.000242725636
0x0174,11390,0.000242725636
0x0176,11390,0.000242725636
0x0178,11390,0.000242725636
0x017a,11390,0.000242725636
0x017b,8608,0.000183440059
0x017d,8608,0.000183440059
0x017e,8520,0.000181564743
0x0180,8520,0.000181564743
0x0182,8520,0.000181564743
0x0183,2979,0.000063483729
0x0185,2979,0.000063483729
0x0186,2891,0.000061608412
0x0188,2891,0.000061608412
0x018a,2891,0.000061608412
0x018b,91,0.000001939248
0x018d,91,0.000001939248
0x018e,91,0.000001939248
0x018f,91,0.000001939248
0x0191,91,0.000001939248
0x0192,6,0.000000127862
0x0194,6,0.000000127862
0x0196,1738,0.000037037503
0x0197,1738,0.000037037503
0x0199,1738,0.000037037503
0x019b,1738,0.000037037503
0x019c,1416,0.000030175549
0x019d,1416,0.000030175549
0x019e,1416,0.000030175549
0x01a0,1416,0.000030175549
0x01a1,1416,0.000030175549
0x01a2,1416,0.000030175549
0x01a3,1416,0.000030175549
0x01a5,1416,0.000030175549
0x01a6,1416,0.000030175549
0x01a7,1416,0.000030175549
0x01a8,1416,0.000030175549
0x01ab,1416,0.000030175549
0x01ae,1416,0.000030175549
0x01af,1416,0.000030175549
0x01b0,1416,0.000030175549
0x01b1,1416,0.000030175549
0x01b2,1416,0.000030175549
0x01b3,1416,0.000030175549
0x01b4,1416,0.000030175549
0x01b5,1416,0.000030175549
0x01b6,1416,0.000030175549
0x01b7,1416,0.000030175549
0x01b8,1416,0.000030175549
0x01b9,1416,0.000030175549
0x01ba,1416,0.000030175549
0x01bb,1416,0.000030175549
0x01bd,1416,0.000030175549
0x01be,1416,0.000030175549
0x01c1,17616,0.000375404285
0x01c4,17616,0.000375404285
0x01c5,17616,0.000375404285
0x01c8,1416,0.000030175549
0x01c9,1416,0.000030175549
0x01ca,1416,0.000030175549
0x01d0,4334,0.000092359342
0x01d1,4334,0.000092359342
0x01d2,4334,0.000092359342
0x01d3,4334,0.000092359342
0x01d4,4334,0.000092359342
0x01d6,4334,0.000092359342
0x01d7,4334,0.000092359342
0x01d9,4334,0.000092359342
0x01dc,4334,0.000092359342
0x01dd,4334,0.000092359342
0x01e0,2517,0.000053638317
0x01e1,7,0.000000149173
0x01e4,904,0.000019264616
0x01e7,904,0.000019264616
0x01e9,904,0.000019264616
0x01ed,112684,0.002401342897
0x01ee,112684,0.002401342897
0x01ef,112684,0.002401342897
0x01f0,112684,0.002401342897
0x01f3,112684,0.002401342897
0x01f4,112684,0.002401342897
0x01f7,4334,0.000092359342
0x0200,40625,0.000865735643
0x0201,40625,0.000865735643
0x0202,142,0.000003026079
0x0203,142,0.000003026079
0x0204,142,0.000003026079
0x0205,142,0.000003026079
0x0206,1416,0.000030175549
0x0207,1416,0.000030175549
0x0208,1416,0.000030175549
0x0209,1416,0.000030175549
0x020a,1416,0.000030175549
0x020b,1416,0.000030175549
0x020c,1416,0.000030175549
0x020d,1416,0.000030175549
0x020e,1416,0.000030175549
0x0210,11580,0.000246774615
0x0211,11580,0.000246774615
0x0213,11580,0.000246774615
0x0214,11580,0.000246774615
0x0215,2413,0.000051422033
0x0216,2413,0.000051422033
0x0217,269313,0.005739172018
0x0218,269313,0.005739172018
0x021a,269313,0.005739172018
0x021b,269313,0.005739172018
0x021c,41315,0.000880439830
0x021d,41315,0.000880439830
0x0220,59,0.000001257315
0x0221,59,0.000001257315
0x0222,59,0.000001257315
0x0223,59,0.000001257315
0x0224,59,0.000001257315
0x0225,59,0.000001257315
0x0226,59,0.000001257315
0x0227,59,0.000001257315
0x0228,59,0.000001257315
0x0229,59,0.000001257315
0x022a,59,0.000001257315
0x022b,59,0.000001257315
0x022c,59,0.000001257315
0x022e,59,0.000001257315
0x022f,59,0.000001257315
0x0230,59,0.000001257315
0x0231,59,0.000001257315
0x0232,59,0.000001257315
0x0258,69161,0.001473849669
0x0259,69161,0.001473849669
0x025a,69161,0.001473849669
0x025b,277,0.000005902985
0x025c,277,0.000005902985
0x025d,277,0.000005902985
0x025e,277,0.000005902985
0x025f,277,0.000005902985
0x0260,52695,0.001122952362
0x0263,52695,0.001122952362
0x0264,50928,0.001085296857
0x0267,50928,0.001085296857
0x0270,72622,0.001547605018
0x0271,72622,0.001547605018
0x0272,72622,0.001547605018
0x0273,72622,0.001547605018
0x0274,72622,0.001547605018
0x0275,72622,0.001547605018
0x0276,72622,0.001547605018
0x0277,50928,0.001085296857
0x0278,50928,0.001085296857
0x0279,50928,0.001085296857
0x027a,50928,0.001085296857
0x027b,50928,0.001085296857
0x027c,50928,0.001085296857
0x027d,50928,0.001085296857
0x0288,7,0.000000149173
0x028b,7,0.000000149173
0x028e,7,0.000000149173
0x0290,7,0.000000149173
0x0293,7,0.000000149173
0x0295,7,0.000000149173
0x0298,7,0.000000149173
0x029a,7,0.000000149173
0x02a7,7,0.000000149173
0x02aa,7,0.000000149173
0x02ab,7,0.000000149173
0x02ac,7,0.000000149173
0x02ad,1,0.000000021310
0x02b0,1,0.000000021310
0x02b3,1,0.000000021310
0x02b6,1,0.000000021310
0x02b9,1,0.000000021310
0x02bc,1,0.000000021310
0x02be,1,0.000000021310
0x02c0,1,0.000000021310
0x02c3,1,0.000000021310
0x02c5,1,0.000000021310
0x02c7,1,0.000000021310
0x02cb,1,0.000000021310
0x02cd,1,0.000000021310
0x02cf,1,0.000000021310
0x02d4,1,0.000000021310
0x02d7,1,0.000000021310
0x02d8,1,0.000000021310
0x02db,1,0.000000021310
0x02dd,1,0.000000021310
0x02e3,1,0.000000021310
0x02e5,1,0.000000021310
0x02e6,1,0.000000021310
0x02e7,1,0.000000021310
0x02e8,1,0.000000021310
0x02ea,1,0.000000021310
0x02ed,1,0.000000021310
0x02f0,1,0.000000021310
0x02f3,1,0.000000021310
0x02f6,1,0.000000021310
0x02f9,1,0.000000021310
0x02fc,1,0.000000021310
0x02fe,1,0.000000021310
0x0300,1,0.000000021310
0x0303,1,0.000000021310
0x0306,1,0.000000021310
0x0308,1,0.000000021310
0x030b,1,0.000000021310
0x030d,1,0.000000021310
0x0310,1,0.000000021310
0x0314,61,0.000001299935
0x0315,61,0.000001299935
0x0316,61,0.000001299935
0x0317,61,0.000001299935
0x0318,61,0.000001299935
0x0319,61,0.000001299935
0x031a,61,0.000001299935
0x031b,61,0.000001299935
0x031c,61,0.000001299935
0x031d,61,0.000001299935
0x031e,61,0.000001299935
0x0320,2,0.000000042621
0x0321,2,0.000000042621
0x0322,2,0.000000042621
0x0323,2,0.000000042621
0x0324,2,0.000000042621
0x0325,2,0.000000042621
0x0326,2,0.000000042621
0x0327,2,0.000000042621
0x0328,2,0.000000042621
0x0329,2,0.000000042621
0x032a,2,0.000000042621
0x032e,1,0.000000021310
0x0331,8,0.000000170483
0x0333,8,0.000000170483
0x0334,8,0.000000170483
0x0335,8,0.000000170483
0x0337,8,0.000000170483
0x033a,1,0.000000021310
0x033c,1,0.000000021310
0x033f,1,0.000000021310
0x0341,1,0.000000021310
0x0344,1,0.000000021310
0x0346,1,0.000000021310
0x0349,1,0.000000021310
0x034b,1,0.000000021310
0x034e,1,0.000000021310
0x0350,1,0.000000021310
0x0353,1,0.000000021310
0x0355,1,0.000000021310
0x0357,1,0.000000021310
0x0358,1,0.000000021310
0x035b,1,0.000000021310
0x035c,1,0.000000021310
0x035e,1,0.000000021310
0x035f,1,0.000000021310
0x0361,1,0.000000021310
0x0367,6,0.000000127862
0x0369,6,0.000000127862
0x036a,6,0.000000127862
0x036c,6,0.000000127862
0x036f,6,0.000000127862
0x0370,6,0.000000127862
0x0371,6,0.000000127862
0x0373,6,0.000000127862
0x0376,6,0.000000127862
0x0377,14411,0.000307104402
0x037a,14411,0.000307104402
0x037b,14411,0.000307104402
0x037c,14411,0.000307104402
0x037d,14411,0.000307104402
0x0380,39,0.000000831106
0x0383,39,0.000000831106
0x0386,39,0.000000831106
0x0389,14196,0.000302522663
0x038a,14196,0.000302522663
0x038b,14196,0.000302522663
0x038c,14196,0.000302522663
0x038d,14196,0.000302522663
0x038e,14196,0.000302522663
0x038f,14196,0.000302522663
0x0390,14196,0.000302522663
0x0393,1014,0.000021608762
0x0394,1014,0.000021608762
0x0395,1014,0.000021608762
0x0396,1014,0.000021608762
0x0397,1014,0.000021608762
0x0398,1014,0.000021608762
0x0399,1014,0.000021608762
0x039a,1014,0.000021608762
0x039d,39,0.000000831106
0x03a0,156,0.000003324425
0x03a3,156,0.000003324425
0x03a6,64896,0.001382960746
0x03a7,64896,0.001382960746
0x03a8,64896,0.001382960746
0x03a9,64896,0.001382960746
0x03aa,64896,0.001382960746
0x03ab,64896,0.001382960746
0x03ac,64896,0.001382960746
0x03af,156,0.000003324425
0x03b0,11396,0.000242853499
0x03b3,11396,0.000242853499
0x03b6,11396,0.000242853499
0x03b9,8534,0.000181863089
0x03bc,8534,0.000181863089
0x03bf,8531,0.000181799157
0x03c2,8531,0.000181799157
0x03c5,8531,0.000181799157
0x03c8,5654,0.000120489091
0x03cb,5654,0.000120489091
0x03ce,11390,0.000242725636
0x03d1,11390,0.000242725636
0x03d4,11390,0.000242725636
0x03d5,11390,0.000242725636
0x03d7,11390,0.000242725636
0x03d8,11390,0.000242725636
0x03d9,11390,0.000242725636
0x03e2,3,0.000000063931
0x03e5,3,0.000000063931
0x03e8,3,0.000000063931
0x03eb,3,0.000000063931
0x03ee,3,0.000000063931
0x03f1,6,0.000000127862
0x03f4,6,0.000000127862
0x03f5,6,0.000000127862
0x03f7,6,0.000000127862
0x03f8,6,0.000000127862
0x03fa,6,0.000000127862
0x03fb,6,0.000000127862
0x03fc,6,0.000000127862
0x03fd,6,0.000000127862
0x0400,23168,0.000493719714
0x0403,23168,0.000493719714
0x0406,23168,0.000493719714
0x0407,23168,0.000493719714
0x0408,23168,0.000493719714
0x0409,23168,0.000493719714
0x040a,23168,0.000493719714
0x040b,23168,0.000493719714
0x040c,23168,0.000493719714
0x040d,23168,0.000493719714
0x041e,46,0.000000980279
0x0421,46,0.000000980279
0x0423,46,0.000000980279
0x0424,46,0.000000980279
0x0427,46,0.000000980279
0x0429,46,0.000000980279
0x042a,46,0.000000980279
0x042d,46,0.000000980279
0x0430,7,0.000000149173
0x0433,7,0.000000149173
0x0435,7,0.000000149173
0x0436,7,0.000000149173
0x0438,7,0.000000149173
0x043a,7,0.000000149173
0x043b,7,0.000000149173
0x043d,7,0.000000149173
0x043f,7,0.000000149173
0x0440,3,0.000000063931
0x0441,3,0.000000063931
0x0442,3,0.000000063931
0x0443,3,0.000000063931
0x0445,3,0.000000063931
0x04ac,1418,0.000030218170
0x04af,1418,0.000030218170
0x04b0,1418,0.000030218170
0x04b1,1418,0.000030218170
0x04b2,1418,0.000030218170
0x04b4,1418,0.000030218170
0x04b5,1418,0.000030218170
0x04b6,1405,0.000029941134
0x04b8,1405,0.000029941134
0x04ba,1405,0.000029941134
0x04bd,1398,0.000029791961
0x04bf,1398,0.000029791961
0x04c1,1398,0.000029791961
0x04c2,1398,0.000029791961
0x04c4,1398,0.000029791961
0x04c6,1398,0.000029791961
0x04c9,708,0.000015087774
0x04cc,708,0.000015087774
0x04cd,708,0.000015087774
0x04d0,708,0.000015087774
0x04d1,708,0.000015087774
0x04d2,708,0.000015087774
0x04d4,708,0.000015087774
0x04d7,708,0.000015087774
0x04df,708,0.000015087774
0x04e1,708,0.000015087774
0x04e4,708,0.000015087774
0x04e6,690,0.000014704187
0x04e9,690,0.000014704187
0x04ea,690,0.000014704187
0x04eb,690,0.000014704187
0x04ee,690,0.000014704187
0x04f4,690,0.000014704187
0x04f6,690,0.000014704187
0x04f9,690,0.000014704187
0x04fb,4140,0.000088225122
0x04fd,4140,0.000088225122
0x04fe,4140,0.000088225122
0x0501,4140,0.000088225122
0x0502,4140,0.000088225122
0x0505,690,0.000014704187
0x0506,39,0.000000831106
0x0509,39,0.000000831106
0x050b,39,0.000000831106
0x050e,39,0.000000831106
0x0511,39,0.000000831106
0x0514,39,0.000000831106
0x0515,39,0.000000831106
0x0518,39,0.000000831106
0x051b,39,0.000000831106
0x051d,39,0.000000831106
0x0520,39,0.000000831106
0x0523,39,0.000000831106
0x0526,39,0.000000831106
0x0529,39,0.000000831106
0x052c,39,0.000000831106
0x052f,39,0.000000831106
0x0532,39,0.000000831106
0x0535,39,0.000000831106
0x0537,39,0.000000831106
0x053a,39,0.000000831106
0x053d,39,0.000000831106
0x0540,39,0.000000831106
0x0543,39,0.000000831106
0x0547,39,0.000000831106
0x054a,39,0.000000831106
0x054d,39,0.000000831106
0x054f,39,0.000000831106
0x0552,39,0.000000831106
0x0555,39,0.000000831106
0x0557,39,0.000000831106
0x055a,39,0.000000831106
0x0580,42,0.000000895037
0x0583,42,0.000000895037
0x0586,42,0.000000895037
0x0588,42,0.000000895037
0x0589,42,0.000000895037
0x058a,42,0.000000895037
0x058b,42,0.000000895037
0x058d,42,0.000000895037
0x0590,42,0.000000895037
0x0592,42,0.000000895037
0x0595,42,0.000000895037
0x05d8,222,0.000004730912
0x05d9,10582,0.000225506820
0x05da,10582,0.000225506820
0x05db,10582,0.000225506820
0x05dc,10582,0.000225506820
0x05df,222,0.000004730912
0x05e0,6406,0.000136514524
0x05e1,6406,0.000136514524
0x05e2,6406,0.000136514524
0x05e3,6406,0.000136514524
0x05e4,6406,0.000136514524
0x05e5,6406,0.000136514524
0x05e8,1517,0.000032327901
0x05ec,39,0.000000831106
0x05ef,39,0.000000831106
0x05f2,39,0.000000831106
0x05f4,39,0.000000831106
0x05f5,39,0.000000831106
0x05f6,39,0.000000831106
0x05f7,39,0.000000831106
0x05f8,39,0.000000831106
0x05f9,39,0.000000831106
0x05fa,228,0.000004858775
0x05fd,228,0.000004858775
0x0600,228,0.000004858775
0x0601,228,0.000004858775
0x0602,228,0.000004858775
0x0603,3459,0.000073712728
0x0604,3459,0.000073712728
0x0605,3459,0.000073712728
0x0606,3459,0.000073712728
0x0607,3459,0.000073712728
0x0608,3459,0.000073712728
0x0609,3459,0.000073712728
0x060a,3459,0.000073712728
0x060d,217,0.000004624360
0x0610,39,0.000000831106
0x0613,39,0.000000831106
0x0616,39,0.000000831106
0x0617,39,0.000000831106
0x0619,39,0.000000831106
0x061a,39,0.000000831106
0x061b,39,0.000000831106
0x061c,39,0.000000831106
0x061d,39,0.000000831106
0x061e,39,0.000000831106
0x061f,39,0.000000831106
0x0621,39,0.000000831106
0x0624,39,0.000000831106
0x0627,39,0.000000831106
0x0628,39,0.000000831106
0x0629,39,0.000000831106
0x062a,435,0.000009270031
0x062b,435,0.000009270031
0x062c,435,0.000009270031
0x062d,435,0.000009270031
0x062e,435,0.000009270031
0x062f,435,0.000009270031
0x0630,435,0.000009270031
0x0631,435,0.000009270031
0x0632,435,0.000009270031
0x0633,435,0.000009270031
0x0634,435,0.000009270031
0x0635,435,0.000009270031
0x0638,28,0.000000596692
0x0650,39,0.000000831106
0x0653,39,0.000000831106
0x0656,39,0.000000831106
0x0658,39,0.000000831106
0x0659,39,0.000000831106
0x065a,39,0.000000831106
0x065b,39,0.000000831106
0x065c,39,0.000000831106
0x065d,39,0.000000831106
0x065e,39,0.000000831106
0x0661,39,0.000000831106
0x0664,39,0.000000831106
0x0665,39,0.000000831106
0x0666,39,0.000000831106
0x0667,435,0.000009270031
0x0668,435,0.000009270031
0x0669,435,0.000009270031
0x066a,435,0.000009270031
0x066b,435,0.000009270031
0x066c,435,0.000009270031
0x066f,28,0.000000596692
0x067a,5052,0.000107660221
0x067d,5052,0.000107660221
0x067e,5052,0.000107660221
0x067f,5052,0.000107660221
0x0682,5052,0.000107660221
0x0684,5052,0.000107660221
0x0685,637,0.000013574735
0x0688,637,0.000013574735
0x068b,637,0.000013574735
0x068c,637,0.000013574735
0x068d,637,0.000013574735
0x068e,637,0.000013574735
0x068f,637,0.000013574735
0x0691,637,0.000013574735
0x0692,637,0.000013574735
0x0693,637,0.000013574735
0x0695,637,0.000013574735
0x0696,637,0.000013574735
0x0697,637,0.000013574735
0x0698,637,0.000013574735
0x0699,16584,0.000353411936
0x069a,16584,0.000353411936
0x069b,16584,0.000353411936
0x069c,16584,0.000353411936
0x069d,16584,0.000353411936
0x069e,16584,0.000353411936
0x069f,16584,0.000353411936
0x06a2,2548,0.000054298940
0x06a3,2548,0.000054298940
0x06a4,2548,0.000054298940
0x06a5,2548,0.000054298940
0x06a8,637,0.000013574735
0x06a9,637,0.000013574735
0x06ac,637,0.000013574735
0x06b0,4540,0.000096749288
0x06b3,4540,0.000096749288
0x06b6,4540,0.000096749288
0x06b7,4540,0.000096749288
0x06b8,4540,0.000096749288
0x06b9,29,0.000000618002
0x06ba,29,0.000000618002
0x06bb,29,0.000000618002
0x06bc,29,0.000000618002
0x06bd,29,0.000000618002
0x06be,29,0.000000618002
0x06bf,29,0.000000618002
0x06c0,29,0.000000618002
0x06c1,29,0.000000618002
0x06c2,29,0.000000618002
0x06c3,29,0.000000618002
0x06c4,29,0.000000618002
0x06c5,29,0.000000618002
0x06c8,29,0.000000618002
0x06ca,29,0.000000618002
0x06cb,29,0.000000618002
0x06cc,29,0.000000618002
0x06cd,29,0.000000618002
0x06cf,29,0.000000618002
0x06d0,29,0.000000618002
0x06d1,29,0.000000618002
0x06d2,29,0.000000618002
0x06d3,29,0.000000618002
0x06d4,29,0.000000618002
0x06d5,29,0.000000618002
0x06d7,29,0.000000618002
0x06d8,29,0.000000618002
0x06da,29,0.000000618002
0x06db,29,0.000000618002
0x06de,29,0.000000618002
0x06df,29,0.000000618002
0x06e1,29,0.000000618002
0x06e2,29,0.000000618002
0x06e3,29,0.000000618002
0x06e4,29,0.000000618002
0x06e7,29,0.000000618002
0x06e8,708,0.000015087774
0x06eb,708,0.000015087774
0x06ed,708,0.000015087774
0x06f0,4540,0.000096749288
0x06f3,4540,0.000096749288
0x06f6,4540,0.000096749288
0x0700,17487,0.000372655242
0x0703,17487,0.000372655242
0x0706,52461,0.001117965725
0x0709,52461,0.001117965725
0x070a,52461,0.001117965725
0x070c,52461,0.001117965725
0x070d,52461,0.001117965725
0x070f,52461,0.001117965725
0x0710,52461,0.001117965725
0x0711,52461,0.001117965725
0x0713,52461,0.001117965725
0x0716,17487,0.000372655242
0x0718,171321,0.003650921750
0x071b,171321,0.003650921750
0x0720,171321,0.003650921750
0x0721,171321,0.003650921750
0x0722,171321,0.003650921750
0x0724,171321,0.003650921750
0x0725,68856,0.001467349992
0x0726,68856,0.001467349992
0x0728,68856,0.001467349992
0x0729,68856,0.001467349992
0x072a,68856,0.001467349992
0x072b,68856,0.001467349992
0x072c,68856,0.001467349992
0x072e,68856,0.001467349992
0x0730,68856,0.001467349992
0x0731,68856,0.001467349992
0x0733,68856,0.001467349992
0x0734,68856,0.001467349992
0x0740,171321,0.003650921750
0x0741,171321,0.003650921750
0x0742,171321,0.003650921750
0x0744,171321,0.003650921750
0x0745,72034,0.001535074494
0x0746,72034,0.001535074494
0x0748,72034,0.001535074494
0x0749,72034,0.001535074494
0x074a,72034,0.001535074494
0x074b,72034,0.001535074494
0x074c,72034,0.001535074494
0x074d,72034,0.001535074494
0x074f,72034,0.001535074494
0x0750,72034,0.001535074494
0x0751,72034,0.001535074494
0x0752,72034,0.001535074494
0x0754,72034,0.001535074494
0x0755,72034,0.001535074494
0x0757,72034,0.001535074494
0x0758,72034,0.001535074494
0x0763,11357,0.000242022393
0x0764,11357,0.000242022393
0x0765,11357,0.000242022393
0x0766,11357,0.000242022393
0x0767,11357,0.000242022393
0x0768,11357,0.000242022393
0x0769,11357,0.000242022393
0x076a,11357,0.000242022393
0x076b,11357,0.000242022393
0x076d,14410,0.000307083092
0x076e,14410,0.000307083092
0x076f,14410,0.000307083092
0x0770,14410,0.000307083092
0x0771,14410,0.000307083092
0x0772,14410,0.000307083092
0x0773,14410,0.000307083092
0x0774,14410,0.000307083092
0x0775,14410,0.000307083092
0x0776,14410,0.000307083092
0x0779,32261,0.000687495325
0x077a,32261,0.000687495325
0x077b,32261,0.000687495325
0x077c,32261,0.000687495325
0x077d,32261,0.000687495325
0x077e,32261,0.000687495325
0x077f,32261,0.000687495325
0x0780,32261,0.000687495325
0x0783,32261,0.000687495325
0x0784,32261,0.000687495325
0x0785,32261,0.000687495325
0x0786,32261,0.000687495325
0x0788,32353,0.000689455883
0x0789,32353,0.000689455883
0x078a,32353,0.000689455883
0x078b,32353,0.000689455883
0x078c,32353,0.000689455883
0x078d,32353,0.000689455883
0x078e,32353,0.000689455883
0x078f,32353,0.000689455883
0x0790,32353,0.000689455883
0x0792,32353,0.000689455883
0x0793,32353,0.000689455883
0x0794,32353,0.000689455883
0x0795,32353,0.000689455883
0x0798,32353,0.000689455883
0x0799,32353,0.000689455883
0x079a,32353,0.000689455883
0x079b,32353,0.000689455883
0x079e,3091,0.000065870495
0x079f,3091,0.000065870495
0x07a0,3091,0.000065870495
0x07a1,3091,0.000065870495
0x07a2,3091,0.000065870495
0x07a3,3091,0.000065870495
0x07a4,3091,0.000065870495
0x07a5,3091,0.000065870495
0x07a6,3091,0.000065870495
0x07a7,3091,0.000065870495
0x07a8,3091,0.000065870495
0x07aa,3094,0.000065934427
0x07ab,3094,0.000065934427
0x07ac,3094,0.000065934427
0x07ad,3094,0.000065934427
0x07ae,3094,0.000065934427
0x07af,3094,0.000065934427
0x07b0,3094,0.000065934427
0x07b1,3094,0.000065934427
0x07b2,3094,0.000065934427
0x07b4,3094,0.000065934427
0x07b5,3094,0.000065934427
0x07b6,3094,0.000065934427
0x07b7,3094,0.000065934427
0x07b8,3094,0.000065934427
0x07b9,3094,0.000065934427
0x07ba,3094,0.000065934427
0x07bb,3094,0.000065934427
0x07be,22147,0.000471961779
0x07bf,22147,0.000471961779
0x07c0,22147,0.000471961779
0x07c1,22147,0.000471961779
0x07c2,22147,0.000471961779
0x07c3,22147,0.000471961779
0x07c4,22147,0.000471961779
0x07c5,22147,0.000471961779
0x07c6,22147,0.000471961779
0x07c7,22147,0.000471961779
0x07ca,22147,0.000471961779
0x07cb,22147,0.000471961779
0x07cc,22147,0.000471961779
0x07cd,22147,0.000471961779
0x07ce,22147,0.000471961779
0x07cf,22147,0.000471961779
0x07d2,22177,0.000472601092
0x07d3,22177,0.000472601092
0x07d4,22177,0.000472601092
0x07d5,22177,0.000472601092
0x07d6,22177,0.000472601092
0x07d7,22177,0.000472601092
0x07d8,22177,0.000472601092
0x07d9,22177,0.000472601092
0x07da,22177,0.000472601092
0x07dc,22206,0.000473219094
0x07dd,22206,0.000473219094
0x07de,22206,0.000473219094
0x07df,22206,0.000473219094
0x07e0,22206,0.000473219094
0x07e1,22206,0.000473219094
0x07e2,22206,0.000473219094
0x07e3,22206,0.000473219094
0x07e4,22206,0.000473219094
0x07e7,22206,0.000473219094
0x07e8,22206,0.000473219094
0x07e9,22206,0.000473219094
0x07ea,22206,0.000473219094
0x07eb,22206,0.000473219094
0x07ec,22206,0.000473219094
0x07ed,22206,0.000473219094
0x07ee,22206,0.000473219094
0x07f0,7,0.000000149173
0x07f3,7,0.000000149173
0x07f6,7,0.000000149173
0x07f9,7,0.000000149173
0x0800,19646,0.000418664429
0x0803,19646,0.000418664429
0x0806,19646,0.000418664429
0x0807,19646,0.000418664429
0x0809,19646,0.000418664429
0x080a,19646,0.000418664429
0x080b,19646,0.000418664429
0x080c,19646,0.000418664429
0x080d,19646,0.000418664429
0x080e,19646,0.000418664429
0x080f,19646,0.000418664429
0x0834,1372,0.000029237891
0x0837,1372,0.000029237891
0x083a,1372,0.000029237891
0x083b,1372,0.000029237891
0x083c,1372,0.000029237891
0x083e,1372,0.000029237891
0x083f,189,0.000004027669
0x0842,189,0.000004027669
0x0845,189,0.000004027669
0x0848,473,0.000010079827
0x084b,473,0.000010079827
0x084c,473,0.000010079827
0x084d,473,0.000010079827
0x084e,13,0.000000277035
0x0850,13,0.000000277035
0x0851,13,0.000000277035
0x0853,13,0.000000277035
0x0855,13,0.000000277035
0x085a,189,0.000004027669
0x085d,189,0.000004027669
0x085f,189,0.000004027669
0x0860,153,0.000003260494
0x0862,153,0.000003260494
0x0864,153,0.000003260494
0x0865,117,0.000002493319
0x0867,117,0.000002493319
0x0869,117,0.000002493319
0x086a,81,0.000001726144
0x086c,81,0.000001726144
0x086e,81,0.000001726144
0x086f,45,0.000000958969
0x0871,45,0.000000958969
0x0876,17487,0.000372655242
0x0879,17487,0.000372655242
0x087c,17487,0.000372655242
0x087f,17487,0.000372655242
0x0882,17486,0.000372633931
0x0885,17486,0.000372633931
0x0886,17487,0.000372655242
0x0889,17487,0.000372655242
0x088b,96161,0.002049230896
0x088c,96161,0.002049230896
0x088d,96161,0.002049230896
0x088e,96161,0.002049230896
0x088f,96161,0.002049230896
0x0890,96161,0.002049230896
0x0891,96161,0.002049230896
0x0892,96161,0.002049230896
0x0893,96161,0.002049230896
0x0894,96161,0.002049230896
0x0897,26227,0.000558908276
0x08a0,17487,0.000372655242
0x08a3,17487,0.000372655242
0x08a6,17487,0.000372655242
0x08a9,17487,0.000372655242
0x08ac,17487,0.000372655242
0x08ae,17487,0.000372655242
0x08b0,17487,0.000372655242
0x08b1,1280,0.000027277332
0x08b4,1280,0.000027277332
0x08b7,1280,0.000027277332
0x08c4,17487,0.000372655242
0x08c7,17487,0.000372655242
0x08c8,17487,0.000372655242
0x08ca,17487,0.000372655242
0x08cd,17053,0.000363406521
0x08cf,17053,0.000363406521
0x08d0,17053,0.000363406521
0x08d1,17053,0.000363406521
0x08d4,15883,0.000338473335
0x08d6,15883,0.000338473335
0x08d9,15883,0.000338473335
0x08dc,7,0.000000149173
0x08de,7,0.000000149173
0x08e0,7,0.000000149173
0x08e2,7,0.000000149173
0x08e3,7,0.000000149173
0x08e5,7,0.000000149173
0x08e6,7,0.000000149173
0x08e8,7,0.000000149173
0x08ea,1177,0.000025082359
0x08eb,17053,0.000363406521
0x08ed,17053,0.000363406521
0x08f0,17053,0.000363406521
0x08f3,17053,0.000363406521
0x0900,17053,0.000363406521
0x0903,17053,0.000363406521
0x0904,17053,0.000363406521
0x0906,17053,0.000363406521
0x0907,10652,0.000226998549
0x0909,10652,0.000226998549
0x090c,5567,0.000118635085
0x090d,5567,0.000118635085
0x090f,5567,0.000118635085
0x0910,4821,0.000102737515
0x0911,4821,0.000102737515
0x0913,4821,0.000102737515
0x0916,4821,0.000102737515
0x0917,5085,0.000108363464
0x0918,5085,0.000108363464
0x091a,5085,0.000108363464
0x091b,4765,0.000101544131
0x091c,4765,0.000101544131
0x091e,4765,0.000101544131
0x0921,4765,0.000101544131
0x0926,17438,0.000371611031
0x0927,17438,0.000371611031
0x0929,17438,0.000371611031
0x092a,17438,0.000371611031
0x092b,17438,0.000371611031
0x092c,17438,0.000371611031
0x092d,17438,0.000371611031
0x092e,17438,0.000371611031
0x0930,18767,0.000399932574
0x0931,18767,0.000399932574
0x0933,18767,0.000399932574
0x0936,12506,0.000266508060
0x0937,12506,0.000266508060
0x0939,12506,0.000266508060
0x093c,12506,0.000266508060
0x093d,385,0.000008204510
0x093e,385,0.000008204510
0x0940,385,0.000008204510
0x0941,385,0.000008204510
0x0942,385,0.000008204510
0x0944,385,0.000008204510
0x0945,385,0.000008204510
0x0946,385,0.000008204510
0x0947,385,0.000008204510
0x094a,385,0.000008204510
0x094c,385,0.000008204510
0x094d,385,0.000008204510
0x094e,385,0.000008204510
0x0951,385,0.000008204510
0x0953,385,0.000008204510
0x0954,385,0.000008204510
0x0955,385,0.000008204510
0x0956,385,0.000008204510
0x0959,385,0.000008204510
0x095c,385,0.000008204510
0x095e,385,0.000008204510
0x0961,385,0.000008204510
0x0964,6261,0.000133424513
0x0965,6261,0.000133424513
0x0966,6261,0.000133424513
0x0967,6261,0.000133424513
0x0968,6261,0.000133424513
0x096a,6261,0.000133424513
0x096b,6261,0.000133424513
0x096d,6261,0.000133424513
0x096e,322,0.000006861954
0x096f,322,0.000006861954
0x0970,322,0.000006861954
0x0971,322,0.000006861954
0x0972,322,0.000006861954
0x0974,322,0.000006861954
0x0975,322,0.000006861954
0x097a,17486,0.000372633931
0x097d,17486,0.000372633931
0x097e,17486,0.000372633931
0x0980,17486,0.000372633931
0x0981,17486,0.000372633931
0x0984,17486,0.000372633931
0x0985,17486,0.000372633931
0x0986,17486,0.000372633931
0x0987,17486,0.000372633931
0x0988,17486,0.000372633931
0x098b,17486,0.000372633931
0x098c,17486,0.000372633931
0x098d,17486,0.000372633931
0x098e,17486,0.000372633931
0x0991,17486,0.000372633931
0x09a0,17526,0.000373486348
0x09a3,17526,0.000373486348
0x09a6,52576,0.001120416423
0x09a9,52576,0.001120416423
0x09aa,52576,0.001120416423
0x09ab,52576,0.001120416423
0x09ac,52576,0.001120416423
0x09ad,52576,0.001120416423
0x09ae,52576,0.001120416423
0x09af,52576,0.001120416423
0x09b0,52576,0.001120416423
0x09b2,52575,0.001120395112
0x09b5,17525,0.000373465037
0x09ba,137206,0.002923916914
0x09bd,137206,0.002923916914
0x09be,137206,0.002923916914
0x09c0,137206,0.002923916914
0x09c1,137206,0.002923916914
0x09c2,137206,0.002923916914
0x09c3,137206,0.002923916914
0x09c4,137206,0.002923916914
0x09c5,137206,0.002923916914
0x09c6,137206,0.002923916914
0x09c7,137206,0.002923916914
0x09c8,137206,0.002923916914
0x09c9,137206,0.002923916914
0x09ca,137206,0.002923916914
0x09cc,137206,0.002923916914
0x09cd,137206,0.002923916914
0x09ce,137206,0.002923916914
0x09cf,137206,0.002923916914
0x09d0,137206,0.002923916914
0x09d1,137206,0.002923916914
0x0a50,3758,0.000080084543
0x0a53,3758,0.000080084543
0x0a56,75160,0.001601690854
0x0a57,75160,0.001601690854
0x0a5a,75160,0.001601690854
0x0a5b,75160,0.001601690854
0x0a5c,75160,0.001601690854
0x0a5e,75160,0.001601690854
0x0a5f,75160,0.001601690854
0x0a61,75160,0.001601690854
0x0a62,75160,0.001601690854
0x0a63,75160,0.001601690854
0x0a64,75160,0.001601690854
0x0a67,3758,0.000080084543
0x0a6c,3601,0.000076738807
0x0a6f,3601,0.000076738807
0x0a72,72020,0.001534776148
0x0a73,72020,0.001534776148
0x0a74,72020,0.001534776148
0x0a75,72020,0.001534776148
0x0a77,72020,0.001534776148
0x0a7a,40930,0.000872235320
0x0a7b,40930,0.000872235320
0x0a7c,40930,0.000872235320
0x0a7d,40930,0.000872235320
0x0a7e,40930,0.000872235320
0x0a7f,40930,0.000872235320
0x0a80,40930,0.000872235320
0x0a81,40930,0.000872235320
0x0a82,40930,0.000872235320
0x0a83,40930,0.000872235320
0x0a84,40930,0.000872235320
0x0a85,40930,0.000872235320
0x0a86,40930,0.000872235320
0x0a87,40930,0.000872235320
0x0a8a,72020,0.001534776148
0x0a8b,72020,0.001534776148
0x0a8c,72020,0.001534776148
0x0a8d,72020,0.001534776148
0x0a8f,72020,0.001534776148
0x0a90,72020,0.001534776148
0x0a91,72020,0.001534776148
0x0a93,72020,0.001534776148
0x0a94,72020,0.001534776148
0x0a96,72020,0.001534776148
0x0a99,3601,0.000076738807
0x0aa0,434,0.000009248720
0x0aa2,434,0.000009248720
0x0aa3,434,0.000009248720
0x0aa4,434,0.000009248720
0x0aa5,434,0.000009248720
0x0aa8,434,0.000009248720
0x0aa9,434,0.000009248720
0x0aac,434,0.000009248720
0x0aae,434,0.000009248720
0x0aaf,434,0.000009248720
0x0ab0,434,0.000009248720
0x0ab3,434,0.000009248720
0x0ab5,434,0.000009248720
0x0ab8,427,0.000009099548
0x0abb,427,0.000009099548
0x0abd,427,0.000009099548
0x0abe,427,0.000009099548
0x0abf,427,0.000009099548
0x0ac0,427,0.000009099548
0x0ac1,427,0.000009099548
0x0ad6,8988,0.000191538017
0x0ad7,8988,0.000191538017
0x0ad8,35952,0.000766152070
0x0ad9,35952,0.000766152070
0x0ada,35952,0.000766152070
0x0adb,35952,0.000766152070
0x0adc,35952,0.000766152070
0x0add,35952,0.000766152070
0x0ae0,8988,0.000191538017
0x0ae1,8988,0.000191538017
0x0ae2,8988,0.000191538017
0x0ae5,8988,0.000191538017
0x0ae6,8988,0.000191538017
0x0ae9,3868,0.000082428688
0x0aea,1152,0.000024549599
0x0aed,1152,0.000024549599
0x0aee,1152,0.000024549599
0x0af0,1152,0.000024549599
0x0af1,1152,0.000024549599
0x0af4,1152,0.000024549599
0x0af6,1152,0.000024549599
0x0af7,1152,0.000024549599
0x0af8,1152,0.000024549599
0x0af9,1152,0.000024549599
0x0afc,1152,0.000024549599
0x0afd,1152,0.000024549599
0x0afe,1152,0.000024549599
0x0b00,1152,0.000024549599
0x0b01,1152,0.000024549599
0x0b02,1152,0.000024549599
0x0b05,1140,0.000024293874
0x0b07,1140,0.000024293874
0x0b0a,768,0.000016366399
0x0b0d,756,0.000016110674
0x0b15,12,0.000000255725
0x0b16,12,0.000000255725
0x0b18,12,0.000000255725
0x0b19,12,0.000000255725
0x0b1a,12,0.000000255725
0x0b1c,12,0.000000255725
0x0b1d,12,0.000000255725
0x0b1e,12,0.000000255725
0x0b1f,12,0.000000255725
0x0b20,4,0.000000085242
0x0b21,4,0.000000085242
0x0b22,4,0.000000085242
0x0b25,4,0.000000085242
0x0b26,4,0.000000085242
0x0b27,4,0.000000085242
0x0b28,4,0.000000085242
0x0b29,3,0.000000063931
0x0b2b,3,0.000000063931
0x0b2d,3,0.000000063931
0x0b48,7,0.000000149173
0x0b4b,7,0.000000149173
0x0b4e,7,0.000000149173
0x0b50,7,0.000000149173
0x0b51,7,0.000000149173
0x0b53,7,0.000000149173
0x0b54,7,0.000000149173
0x0b55,7,0.000000149173
0x0b57,7,0.000000149173
0x0b59,7,0.000000149173
0x0b5a,7,0.000000149173
0x0b60,906,0.000019307237
0x0b63,906,0.000019307237
0x0b64,906,0.000019307237
0x0b65,906,0.000019307237
0x0b67,906,0.000019307237
0x0b6a,900,0.000019179374
0x0b6d,900,0.000019179374
0x0b6f,900,0.000019179374
0x0b71,900,0.000019179374
0x0b74,3,0.000000063931
0x0b77,3,0.000000063931
0x0b79,3,0.000000063931
0x0b7b,3,0.000000063931
0x0b7c,3,0.000000063931
0x0b7d,3,0.000000063931
0x0b7e,3,0.000000063931
0x0b7f,3,0.000000063931
0x0b80,3,0.000000063931
0x0b82,3,0.000000063931
0x0b83,3,0.000000063931
0x0b84,3,0.000000063931
0x0b85,3,0.000000063931
0x0b87,3,0.000000063931
0x0b88,3,0.000000063931
0x0b89,3,0.000000063931
0x0b8a,3,0.000000063931
0x0b8b,3,0.000000063931
0x0b95,897,0.000019115443
0x0b98,897,0.000019115443
0x0b9b,897,0.000019115443
0x0ba0,372,0.000007927475
0x0ba3,372,0.000007927475
0x0ba4,372,0.000007927475
0x0ba6,372,0.000007927475
0x0ba8,372,0.000007927475
0x0ba9,248,0.000005284983
0x0bab,248,0.000005284983
0x0bac,124,0.000002642492
0x0bad,124,0.000002642492
0x0bae,124,0.000002642492
0x0baf,124,0.000002642492
0x0bb2,124,0.000002642492
0x0bba,756,0.000016110674
0x0bbb,756,0.000016110674
0x0bbc,756,0.000016110674
0x0bbf,384,0.000008183200
0x0bc0,384,0.000008183200
0x0bc1,384,0.000008183200
0x0bc4,192,0.000004091600
0x0bca,3,0.000000063931
0x0bcd,3,0.000000063931
0x0bd0,3,0.000000063931
0x0bd2,3,0.000000063931
0x0bd3,3,0.000000063931
0x0bd4,3,0.000000063931
0x0bd6,3,0.000000063931
0x0bd9,3,0.000000063931
0x0bdc,3,0.000000063931
0x0bdf,3,0.000000063931
0x0be2,3,0.000000063931
0x0be5,3,0.000000063931
0x0be8,3,0.000000063931
0x0beb,3,0.000000063931
0x0bee,3,0.000000063931
0x0bf1,3,0.000000063931
0x0c00,15,0.000000319656
0x0c01,15,0.000000319656
0x0c02,15,0.000000319656
0x0c04,15,0.000000319656
0x0c05,15,0.000000319656
0x0c07,15,0.000000319656
0x0c08,15,0.000000319656
0x0c09,15,0.000000319656
0x0c0a,15,0.000000319656
0x0c0b,15,0.000000319656
0x0c0c,15,0.000000319656
0x0c0f,15,0.000000319656
0x0c10,15,0.000000319656
0x0c11,15,0.000000319656
0x0c13,15,0.000000319656
0x0c16,13,0.000000277035
0x0c18,13,0.000000277035
0x0c1b,4,0.000000085242
0x0c1e,4,0.000000085242
0x0c20,4,0.000000085242
0x0c23,4,0.000000085242
0x0c40,8740,0.000186253034
0x0c43,8740,0.000186253034
0x0c45,8740,0.000186253034
0x0c48,8740,0.000186253034
0x0c4b,8740,0.000186253034
0x0c4e,8740,0.000186253034
0x0c51,8740,0.000186253034
0x0c56,8740,0.000186253034
0x0c59,43700,0.000931265172
0x0c5a,43700,0.000931265172
0x0c5d,43700,0.000931265172
0x0c5e,43700,0.000931265172
0x0c5f,43700,0.000931265172
0x0c61,43700,0.000931265172
0x0c62,43700,0.000931265172
0x0c64,43700,0.000931265172
0x0c67,8740,0.000186253034
0x0c6b,8740,0.000186253034
0x0c6e,8740,0.000186253034
0x0c71,43700,0.000931265172
0x0c74,43700,0.000931265172
0x0c75,43700,0.000931265172
0x0c76,43700,0.000931265172
0x0c77,43700,0.000931265172
0x0c78,43700,0.000931265172
0x0c79,43700,0.000931265172
0x0c7a,43700,0.000931265172
0x0c7b,43700,0.000931265172
0x0c7d,43700,0.000931265172
0x0c80,8740,0.000186253034
0x0c84,43700,0.000931265172
0x0c85,43700,0.000931265172
0x0c87,43700,0.000931265172
0x0c88,5277,0.000112455064
0x0c89,5277,0.000112455064
0x0c8a,5277,0.000112455064
0x0c8b,5277,0.000112455064
0x0c8c,5277,0.000112455064
0x0c8e,5277,0.000112455064
0x0c8f,5277,0.000112455064
0x0c90,5277,0.000112455064
0x0c91,5277,0.000112455064
0x0c92,5277,0.000112455064
0x0c94,5277,0.000112455064
0x0c95,5277,0.000112455064
0x0c97,5277,0.000112455064
0x0c9a,5134,0.000109407675
0x0c9b,5134,0.000109407675
0x0c9e,5134,0.000109407675
0x0c9f,5134,0.000109407675
0x0ca0,5134,0.000109407675
0x0ca2,5134,0.000109407675
0x0ca3,5134,0.000109407675
0x0ca4,5134,0.000109407675
0x0ca5,5134,0.000109407675
0x0ca6,5134,0.000109407675
0x0ca7,5134,0.000109407675
0x0ca8,5134,0.000109407675
0x0ca9,5134,0.000109407675
0x0caa,5134,0.000109407675
0x0cac,5134,0.000109407675
0x0caf,5125,0.000109215881
0x0cb4,5134,0.000109407675
0x0cb6,5134,0.000109407675
0x0cb7,1153,0.000024570909
0x0cb9,1153,0.000024570909
0x0cba,581,0.000012381352
0x0cbd,581,0.000012381352
0x0cbe,581,0.000012381352
0x0cbf,221,0.000004709602
0x0cc2,221,0.000004709602
0x0cc3,221,0.000004709602
0x0cc4,12,0.000000255725
0x0cc6,12,0.000000255725
0x0cc9,12,0.000000255725
0x0ccb,12,0.000000255725
0x0cce,12,0.000000255725
0x0cd0,12,0.000000255725
0x0cd3,12,0.000000255725
0x0cd8,8740,0.000186253034
0x0cdb,8740,0.000186253034
0x0cde,43700,0.000931265172
0x0cdf,43700,0.000931265172
0x0ce2,43700,0.000931265172
0x0ce3,43700,0.000931265172
0x0ce4,43700,0.000931265172
0x0ce6,43700,0.000931265172
0x0ce7,43700,0.000931265172
0x0ce9,43700,0.000931265172
0x0cea,43700,0.000931265172
0x0ceb,43700,0.000931265172
0x0cec,43700,0.000931265172
0x0cef,8740,0.000186253034
0x0cf4,5,0.000000106552
0x0cf5,5,0.000000106552
0x0cf6,5,0.000000106552
0x0d1c,3563,0.000075929012
0x0d1f,3563,0.000075929012
0x0d22,57008,0.001214864186
0x0d25,57008,0.001214864186
0x0d26,57008,0.001214864186
0x0d27,57008,0.001214864186
0x0d28,57008,0.001214864186
0x0d2a,57008,0.001214864186
0x0d2b,57008,0.001214864186
0x0d2e,3563,0.000075929012
0x0d30,57008,0.001214864186
0x0d31,57008,0.001214864186
0x0d32,57008,0.001214864186
0x0d33,57008,0.001214864186
0x0d34,57008,0.001214864186
0x0d35,57008,0.001214864186
0x0d37,57008,0.001214864186
0x0d38,40489,0.000862837426
0x0d39,40489,0.000862837426
0x0d3a,40489,0.000862837426
0x0d3b,40489,0.000862837426
0x0d3c,40489,0.000862837426
0x0d3e,40489,0.000862837426
0x0d3f,40489,0.000862837426
0x0d41,40489,0.000862837426
0x0d42,40489,0.000862837426
0x0d43,40489,0.000862837426
0x0d46,37298,0.000794835890
0x0d47,37298,0.000794835890
0x0d48,37298,0.000794835890
0x0d4b,5139,0.000109514227
0x0d4c,5139,0.000109514227
0x0d4d,5139,0.000109514227
0x0d4e,5139,0.000109514227
0x0d4f,8330,0.000177515764
0x0d50,8330,0.000177515764
0x0d51,8330,0.000177515764
0x0d52,8330,0.000177515764
0x0d53,8330,0.000177515764
0x0d54,8330,0.000177515764
0x0d55,8330,0.000177515764
0x0d57,8330,0.000177515764
0x0d58,8330,0.000177515764
0x0d59,3341,0.000071198099
0x0d5a,3341,0.000071198099
0x0d5e,32159,0.000685321663
0x0d5f,32159,0.000685321663
0x0d60,32159,0.000685321663
0x0d61,32159,0.000685321663
0x0d62,32159,0.000685321663
0x0d64,32159,0.000685321663
0x0d65,32159,0.000685321663
0x0d66,4792,0.000102119513
0x0d67,4792,0.000102119513
0x0d70,3562,0.000075907701
0x0d73,3562,0.000075907701
0x0d76,56992,0.001214523219
0x0d79,56992,0.001214523219
0x0d7a,56992,0.001214523219
0x0d7c,56992,0.001214523219
0x0d7d,56992,0.001214523219
0x0d7f,56992,0.001214523219
0x0d80,56992,0.001214523219
0x0d83,3562,0.000075907701
0x0d86,56992,0.001214523219
0x0d87,56992,0.001214523219
0x0d88,56992,0.001214523219
0x0d89,56992,0.001214523219
0x0d8a,56992,0.001214523219
0x0d8b,56992,0.001214523219
0x0d8d,56992,0.001214523219
0x0d8e,40473,0.000862496460
0x0d8f,40473,0.000862496460
0x0d90,40473,0.000862496460
0x0d91,40473,0.000862496460
0x0d94,40473,0.000862496460
0x0d95,40473,0.000862496460
0x0d96,40473,0.000862496460
0x0d97,40473,0.000862496460
0x0d99,40473,0.000862496460
0x0d9a,40473,0.000862496460
0x0d9c,40473,0.000862496460
0x0d9d,40473,0.000862496460
0x0d9f,40473,0.000862496460
0x0da0,40473,0.000862496460
0x0da1,40473,0.000862496460
0x0da2,40473,0.000862496460
0x0da3,40473,0.000862496460
0x0da4,40473,0.000862496460
0x0da5,40473,0.000862496460
0x0da6,40473,0.000862496460
0x0da7,40473,0.000862496460
0x0da8,40473,0.000862496460
0x0dab,37207,0.000792896642
0x0dac,37207,0.000792896642
0x0daf,4961,0.000105720973
0x0db0,4961,0.000105720973
0x0db1,4961,0.000105720973
0x0db3,4961,0.000105720973
0x0db4,4961,0.000105720973
0x0db5,4961,0.000105720973
0x0dbb,3266,0.000069599818
0x0dbc,3266,0.000069599818
0x0dbd,3266,0.000069599818
0x0dbf,3266,0.000069599818
0x0dc0,3266,0.000069599818
0x0dc1,3266,0.000069599818
0x0dc2,3266,0.000069599818
0x0dc3,3266,0.000069599818
0x0dc5,3266,0.000069599818
0x0dc6,3266,0.000069599818
0x0dcc,32246,0.000687175669
0x0dcd,32246,0.000687175669
0x0dce,32246,0.000687175669
0x0dcf,32246,0.000687175669
0x0dd1,32246,0.000687175669
0x0dd2,40473,0.000862496460
0x0dd3,40473,0.000862496460
0x0dd5,40473,0.000862496460
0x0dd6,40473,0.000862496460
0x0dd7,40473,0.000862496460
0x0dd8,40473,0.000862496460
0x0dd9,40473,0.000862496460
0x0dda,40473,0.000862496460
0x0dde,211,0.000004496498
0x0ddf,211,0.000004496498
0x0de0,211,0.000004496498
0x0de3,211,0.000004496498
0x0de4,211,0.000004496498
0x0de5,211,0.000004496498
0x0de6,211,0.000004496498
0x0de9,211,0.000004496498
0x0dea,211,0.000004496498
0x0deb,211,0.000004496498
0x0dec,211,0.000004496498
0x0ded,211,0.000004496498
0x0df0,13258,0.000282533493
0x0df3,13258,0.000282533493
0x0df6,13258,0.000282533493
0x0df9,13258,0.000282533493
0x0dfc,13258,0.000282533493
0x0dff,13258,0.000282533493
0x0e10,26516,0.000565066986
0x0e11,26516,0.000565066986
0x0e13,26516,0.000565066986
0x0e14,4442,0.000094660867
0x0e15,4442,0.000094660867
0x0e16,4442,0.000094660867
0x0e17,4442,0.000094660867
0x0e18,4442,0.000094660867
0x0e1a,4442,0.000094660867
0x0e1b,4442,0.000094660867
0x0e1d,4442,0.000094660867
0x0e1e,81,0.000001726144
0x0e20,81,0.000001726144
0x0e23,55,0.000001172073
0x0e25,55,0.000001172073
0x0e26,55,0.000001172073
0x0e27,55,0.000001172073
0x0e29,55,0.000001172073
0x0e2a,55,0.000001172073
0x0e2c,55,0.000001172073
0x0e2d,55,0.000001172073
0x0e2e,55,0.000001172073
0x0e2f,55,0.000001172073
0x0e31,55,0.000001172073
0x0e32,55,0.000001172073
0x0e33,48,0.000001022900
0x0e34,48,0.000001022900
0x0e35,48,0.000001022900
0x0e36,42,0.000000895037
0x0e39,26,0.000000554071
0x0e3a,26,0.000000554071
0x0e3b,26,0.000000554071
0x0e3c,26,0.000000554071
0x0e3d,26,0.000000554071
0x0e3e,26,0.000000554071
0x0e3f,26,0.000000554071
0x0e41,26,0.000000554071
0x0e42,26,0.000000554071
0x0e45,283,0.000006030848
0x0e46,283,0.000006030848
0x0e47,283,0.000006030848
0x0e48,283,0.000006030848
0x0e4a,283,0.000006030848
0x0e4d,268,0.000005711191
0x0e4e,268,0.000005711191
0x0e4f,268,0.000005711191
0x0e51,268,0.000005711191
0x0e52,268,0.000005711191
0x0e55,11,0.000000234415
0x0e58,173,0.000003686702
0x0e59,173,0.000003686702
0x0e5a,173,0.000003686702
0x0e5b,89,0.000001896627
0x0e5c,89,0.000001896627
0x0e5e,89,0.000001896627
0x0e5f,89,0.000001896627
0x0e60,27,0.000000575381
0x0e61,27,0.000000575381
0x0e62,27,0.000000575381
0x0e63,27,0.000000575381
0x0e65,27,0.000000575381
0x0e66,27,0.000000575381
0x0e67,15,0.000000319656
0x0e69,15,0.000000319656
0x0e6a,15,0.000000319656
0x0e6b,15,0.000000319656
0x0e70,42,0.000000895037
0x0e71,42,0.000000895037
0x0e72,42,0.000000895037
0x0e74,42,0.000000895037
0x0e75,42,0.000000895037
0x0e76,42,0.000000895037
0x0e77,42,0.000000895037
0x0e78,42,0.000000895037
0x0e7a,42,0.000000895037
0x0e7b,42,0.000000895037
0x0e7e,300,0.000006393125
0x0e7f,300,0.000006393125
0x0e80,300,0.000006393125
0x0e81,300,0.000006393125
0x0e83,300,0.000006393125
0x0e86,258,0.000005498087
0x0e87,258,0.000005498087
0x0e88,258,0.000005498087
0x0e8a,258,0.000005498087
0x0e8b,258,0.000005498087
0x0e90,198,0.000004219462
0x0e91,198,0.000004219462
0x0e93,198,0.000004219462
0x0e94,198,0.000004219462
0x0e95,96,0.000002045800
0x0e97,96,0.000002045800
0x0e98,96,0.000002045800
0x0e99,56,0.000001193383
0x0e9a,56,0.000001193383
0x0e9b,56,0.000001193383
0x0e9c,56,0.000001193383
0x0e9e,56,0.000001193383
0x0e9f,56,0.000001193383
0x0ea0,42,0.000000895037
0x0ea3,42,0.000000895037
0x0ea4,57,0.000001214694
0x0ea5,57,0.000001214694
0x0ea6,57,0.000001214694
0x0ea7,57,0.000001214694
0x0ea8,57,0.000001214694
0x0ea9,57,0.000001214694
0x0eaa,57,0.000001214694
0x0eac,57,0.000001214694
0x0ead,62,0.000001321246
0x0eae,62,0.000001321246
0x0eb0,62,0.000001321246
0x0eb1,62,0.000001321246
0x0eb2,62,0.000001321246
0x0eb4,62,0.000001321246
0x0eb5,62,0.000001321246
0x0eb6,62,0.000001321246
0x0eb7,62,0.000001321246
0x0eb8,62,0.000001321246
0x0ebb,62,0.000001321246
0x0ebc,62,0.000001321246
0x0ebe,62,0.000001321246
0x0ec1,58,0.000001236004
0x0ec3,62,0.000001321246
0x0ec4,62,0.000001321246
0x0ec5,62,0.000001321246
0x0ed5,62,0.000001321246
0x0ed6,62,0.000001321246
0x0ed7,62,0.000001321246
0x0ed8,62,0.000001321246
0x0ed9,62,0.000001321246
0x0eda,62,0.000001321246
0x0edb,62,0.000001321246
0x0edc,62,0.000001321246
0x0ede,62,0.000001321246
0x0ee0,62,0.000001321246
0x0ee2,62,0.000001321246
0x0ee3,62,0.000001321246
0x0ee4,62,0.000001321246
0x0ee5,62,0.000001321246
0x0f00,3569,0.000076056874
0x0f03,3569,0.000076056874
0x0f04,3569,0.000076056874
0x0f06,3569,0.000076056874
0x0f09,3539,0.000075417562
0x0f0b,3539,0.000075417562
0x0f0c,3539,0.000075417562
0x0f0d,3539,0.000075417562
0x0f0e,3539,0.000075417562
0x0f11,3539,0.000075417562
0x0f14,3539,0.000075417562
0x0f15,5,0.000000106552
0x0f16,5,0.000000106552
0x0f17,5,0.000000106552
0x0f1a,5,0.000000106552
0x0f1b,5,0.000000106552
0x0f1d,5,0.000000106552
0x0f1e,5,0.000000106552
0x0f1f,5,0.000000106552
0x0f20,5,0.000000106552
0x0f23,26,0.000000554071
0x0f24,26,0.000000554071
0x0f25,26,0.000000554071
0x0f26,26,0.000000554071
0x0f28,26,0.000000554071
0x0f2b,21,0.000000447519
0x0f2c,21,0.000000447519
0x0f2d,21,0.000000447519
0x0f2f,21,0.000000447519
0x0f30,21,0.000000447519
0x0f38,15,0.000000319656
0x0f39,15,0.000000319656
0x0f3a,15,0.000000319656
0x0f3b,15,0.000000319656
0x0f3d,15,0.000000319656
0x0f3e,5,0.000000106552
0x0f40,5,0.000000106552
0x0f41,5,0.000000106552
0x0f42,5,0.000000106552
0x0f43,5,0.000000106552
0x0f44,5,0.000000106552
0x0f45,5,0.000000106552
0x0f46,5,0.000000106552
0x0f49,5,0.000000106552
0x0f4c,5,0.000000106552
0x0f4d,5,0.000000106552
0x0f4e,5,0.000000106552
0x0f56,7193,0.000153285821
0x0f57,7193,0.000153285821
0x0f58,14621,0.000311579590
0x0f59,14621,0.000311579590
0x0f5b,14621,0.000311579590
0x0f5e,177,0.000003771944
0x0f60,177,0.000003771944
0x0f63,14616,0.000311473038
0x0f64,14616,0.000311473038
0x0f65,14616,0.000311473038
0x0f68,7188,0.000153179269
0x0f69,7188,0.000153179269
0x0f6a,7188,0.000153179269
0x0f6d,7188,0.000153179269
0x0f6e,7188,0.000153179269
0x0f71,3564,0.000075950322
0x0f74,30,0.000000639312
0x0f76,30,0.000000639312
0x0f77,30,0.000000639312
0x0f78,30,0.000000639312
0x0f79,30,0.000000639312
0x0f7c,30,0.000000639312
0x0f7d,30,0.000000639312
0x0f80,30,0.000000639312
0x0f83,30,0.000000639312
0x0fc0,9113,0.000194201819
0x0fc3,9113,0.000194201819
0x0fc6,9113,0.000194201819
0x0fc9,9113,0.000194201819
0x0fcc,9113,0.000194201819
0x0fcf,9113,0.000194201819
0x0fd2,9113,0.000194201819
0x0fd5,9113,0.000194201819
0x0fd8,18226,0.000388403639
0x0fd9,18226,0.000388403639
0x0fda,18226,0.000388403639
0x0fdb,898,0.000019136753
0x0fdc,898,0.000019136753
0x0fdd,898,0.000019136753
0x0fde,898,0.000019136753
0x0fdf,898,0.000019136753
0x0fe0,898,0.000019136753
0x0fe1,898,0.000019136753
0x0fe2,898,0.000019136753
0x0fe3,898,0.000019136753
0x0fe6,898,0.000019136753
0x0fe7,898,0.000019136753
0x0fe9,898,0.000019136753
0x0fea,898,0.000019136753
0x0fec,898,0.000019136753
0x0fed,898,0.000019136753
0x0fef,898,0.000019136753
0x0ff0,898,0.000019136753
0x0ff1,898,0.000019136753
0x0ff4,898,0.000019136753
0x14e0,1416,0.000030175549
0x14e1,1416,0.000030175549
0x14e4,1416,0.000030175549
0x14e6,1416,0.000030175549
0x17e0,14418,0.000307253575
0x17e3,14418,0.000307253575
0x17e5,14418,0.000307253575
0x17e8,14418,0.000307253575
0x1df0,897,0.000019115443
0x1df3,897,0.000019115443
0x1df5,897,0.000019115443
0x1ee0,528,0.000011251900
0x1ee3,528,0.000011251900
0x1ee6,13728,0.000292549388
0x1ee7,13728,0.000292549388
0x1ee8,13728,0.000292549388
0x1ee9,13728,0.000292549388
0x1eec,13728,0.000292549388
0x1eed,13728,0.000292549388
0x1ef0,528,0.000011251900
0x1ef1,528,0.000011251900
0x1ef2,528,0.000011251900
0x1ef4,528,0.000011251900
0x1ef7,528,0.000011251900
0x1ef8,528,0.000011251900
0x1ef9,528,0.000011251900
0x1efa,528,0.000011251900
0x2000,13259,0.000282554803
0x2003,13258,0.000282533493
0x2006,13258,0.000282533493
0x2009,13258,0.000282533493
0x200c,13258,0.000282533493
0x200d,13258,0.000282533493
0x200f,13258,0.000282533493
0x2010,13258,0.000282533493
0x2011,13258,0.000282533493
0x2014,13258,0.000282533493
0x2015,13258,0.000282533493
0x2018,13066,0.000278441893
0x201a,13066,0.000278441893
0x201d,1194,0.000025444636
0x201e,1194,0.000025444636
0x201f,1194,0.000025444636
0x2020,1194,0.000025444636
0x2023,298,0.000006350504
0x2025,1194,0.000025444636
0x2026,1194,0.000025444636
0x2027,1194,0.000025444636
0x202a,1190,0.000025359395
0x2040,4540,0.000096749288
0x2043,4540,0.000096749288
0x2046,4540,0.000096749288
0x2047,4540,0.000096749288
0x2048,4540,0.000096749288
0x2049,39,0.000000831106
0x204a,39,0.000000831106
0x204b,39,0.000000831106
0x204c,39,0.000000831106
0x204d,39,0.000000831106
0x204e,39,0.000000831106
0x204f,39,0.000000831106
0x2050,39,0.000000831106
0x2051,39,0.000000831106
0x2052,39,0.000000831106
0x2055,39,0.000000831106
0x2057,39,0.000000831106
0x2058,39,0.000000831106
0x2059,39,0.000000831106
0x205a,39,0.000000831106
0x205c,39,0.000000831106
0x205d,39,0.000000831106
0x205e,39,0.000000831106
0x2060,39,0.000000831106
0x2061,39,0.000000831106
0x2062,39,0.000000831106
0x2063,39,0.000000831106
0x2064,39,0.000000831106
0x2065,39,0.000000831106
0x2066,39,0.000000831106
0x2068,39,0.000000831106
0x2069,39,0.000000831106
0x206a,39,0.000000831106
0x206b,39,0.000000831106
0x206c,39,0.000000831106
0x206d,39,0.000000831106
0x2070,192,0.000004091600
0x2071,192,0.000004091600
0x2073,192,0.000004091600
0x2075,192,0.000004091600
0x2076,192,0.000004091600
0x2077,192,0.000004091600
0x2079,192,0.000004091600
0x207a,192,0.000004091600
0x207b,192,0.000004091600
0x207e,192,0.000004091600
0x2081,192,0.000004091600
0x2085,192,0.000004091600
0x2087,192,0.000004091600
0x2088,192,0.000004091600
0x2089,192,0.000004091600
0x208a,192,0.000004091600
0x208c,192,0.000004091600
0x208d,192,0.000004091600
0x208f,192,0.000004091600
0x2090,192,0.000004091600
0x2091,304,0.000006478366
0x2093,304,0.000006478366
0x2094,304,0.000006478366
0x2096,304,0.000006478366
0x2097,304,0.000006478366
0x209a,112,0.000002386767
0x209b,112,0.000002386767
0x209c,112,0.000002386767
0x209d,112,0.000002386767
0x209f,112,0.000002386767
0x20a0,112,0.000002386767
0x20a1,112,0.000002386767
0x20a3,112,0.000002386767
0x20a4,112,0.000002386767
0x20a5,112,0.000002386767
0x20a7,112,0.000002386767
0x20a8,112,0.000002386767
0x20b0,192,0.000004091600
0x20b1,5696,0.000121384129
0x20b2,5696,0.000121384129
0x20b3,5696,0.000121384129
0x20b5,45568,0.000971073028
0x20b7,45568,0.000971073028
0x20b8,45568,0.000971073028
0x20bb,1754,0.000037378469
0x20bc,1754,0.000037378469
0x20bd,1754,0.000037378469
0x20be,1754,0.000037378469
0x20bf,45568,0.000971073028
0x20c0,45568,0.000971073028
0x20c1,45568,0.000971073028
0x20c2,45568,0.000971073028
0x20c5,5696,0.000121384129
0x20c6,5696,0.000121384129
0x20c7,5696,0.000121384129
0x20c8,5696,0.000121384129
0x20c9,5696,0.000121384129
0x20cc,2848,0.000060692064
0x20cd,2848,0.000060692064
0x20cf,2848,0.000060692064
0x20d2,2672,0.000056941431
0x20d3,2672,0.000056941431
0x20d4,2672,0.000056941431
0x20d6,2672,0.000056941431
0x20d7,2672,0.000056941431
0x20d8,2672,0.000056941431
0x20da,2672,0.000056941431
0x20db,2672,0.000056941431
0x20dc,2672,0.000056941431
0x20de,2672,0.000056941431
0x20e1,192,0.000004091600
0x20e2,192,0.000004091600
0x20e8,192,0.000004091600
0x20e9,192,0.000004091600
0x20ea,192,0.000004091600
0x20ec,192,0.000004091600
0x20ed,192,0.000004091600
0x20f0,192,0.000004091600
0x20f1,192,0.000004091600
0x20f2,192,0.000004091600
0x20f3,192,0.000004091600
0x20f4,192,0.000004091600
0x20f6,192,0.000004091600
0x20f7,192,0.000004091600
0x20f8,192,0.000004091600
0x20fa,192,0.000004091600
0x20fb,192,0.000004091600
0x20fc,192,0.000004091600
0x20fd,192,0.000004091600
0x20fe,192,0.000004091600
0x20ff,192,0.000004091600
0x2101,192,0.000004091600
0x2103,192,0.000004091600
0x2104,192,0.000004091600
0x2106,192,0.000004091600
0x2107,192,0.000004091600
0x2108,192,0.000004091600
0x2109,192,0.000004091600
0x210a,192,0.000004091600
0x210d,192,0.000004091600
0x211c,192,0.000004091600
0x211f,192,0.000004091600
0x2120,192,0.000004091600
0x2122,192,0.000004091600
0x2123,144,0.000003068700
0x2125,144,0.000003068700
0x2130,11876,0.000253082498
0x2131,11876,0.000253082498
0x2132,11876,0.000253082498
0x2135,8902,0.000189705322
0x2137,8902,0.000189705322
0x213a,5934,0.000126456008
0x213c,5934,0.000126456008
0x213f,2967,0.000063228004
0x2146,1190,0.000025359395
0x2147,1190,0.000025359395
0x2148,1190,0.000025359395
0x214b,595,0.000012679697
0x2150,2974,0.000063377177
0x2153,2974,0.000063377177
0x2156,2974,0.000063377177
0x2160,2968,0.000063249314
0x2163,2968,0.000063249314
0x2166,2968,0.000063249314
0x2169,2968,0.000063249314
0x2170,2967,0.000063228004
0x2173,2967,0.000063228004
0x2180,2967,0.000063228004
0x2183,2967,0.000063228004
0x2186,2967,0.000063228004
0x2189,2967,0.000063228004
0x2190,595,0.000012679697
0x2193,595,0.000012679697
0x2196,595,0.000012679697
0x2199,595,0.000012679697
0x219c,595,0.000012679697
0x21a5,595,0.000012679697
0x21a8,595,0.000012679697
0x21ab,595,0.000012679697
0x21ae,595,0.000012679697
0x21b1,595,0.000012679697
0x21ba,192,0.000004091600
0x21bb,192,0.000004091600
0x21bc,192,0.000004091600
0x21bf,96,0.000002045800
0x21c2,96,0.000002045800
0x21c5,96,0.000002045800
0x21c8,96,0.000002045800
0x21cb,96,0.000002045800
0x21cd,96,0.000002045800
0x21cf,96,0.000002045800
0x21dc,528,0.000011251900
0x21dd,528,0.000011251900
0x21de,528,0.000011251900
0x21df,528,0.000011251900
0x21e2,528,0.000011251900
0x21e4,528,0.000011251900
0x21e5,528,0.000011251900
0x21e6,528,0.000011251900
0x21e8,528,0.000011251900
0x21e9,528,0.000011251900
0x21eb,528,0.000011251900
0x21ec,528,0.000011251900
0x21ed,528,0.000011251900
0x21ef,528,0.000011251900
0x21f0,528,0.000011251900
0x21f1,528,0.000011251900
0x21f2,528,0.000011251900
0x21f4,528,0.000011251900
0x21f5,528,0.000011251900
0x21f7,528,0.000011251900
0x21f8,528,0.000011251900
0x21f9,528,0.000011251900
0x21fc,528,0.000011251900
0x2204,384,0.000008183200
0x2207,384,0.000008183200
0x2208,384,0.000008183200
0x2209,384,0.000008183200
0x220b,384,0.000008183200
0x220c,4,0.000000085242
0x220e,4,0.000000085242
0x2210,4,0.000000085242
0x2212,4,0.000000085242
0x2214,4,0.000000085242
0x2216,4,0.000000085242
0x2217,4,0.000000085242
0x2218,4,0.000000085242
0x221a,4,0.000000085242
0x221b,4,0.000000085242
0x221d,4,0.000000085242
0x221e,4,0.000000085242
0x2220,4,0.000000085242
0x2221,4,0.000000085242
0x2222,4,0.000000085242
0x2223,4,0.000000085242
0x2224,4,0.000000085242
0x2227,2,0.000000042621
0x2228,2,0.000000042621
0x222a,4,0.000000085242
0x222b,4,0.000000085242
0x2230,495,0.000010548656
0x2233,495,0.000010548656
0x2234,495,0.000010548656
0x2235,495,0.000010548656
0x2236,495,0.000010548656
0x2237,495,0.000010548656
0x2239,495,0.000010548656
0x223b,495,0.000010548656
0x223e,477,0.000010165068
0x2240,477,0.000010165068
0x2243,243,0.000005178431
0x2245,243,0.000005178431
0x2247,243,0.000005178431
0x2249,243,0.000005178431
0x224c,9,0.000000191794
0x224f,9,0.000000191794
0x2250,9,0.000000191794
0x2252,9,0.000000191794
0x2254,9,0.000000191794
0x2260,468,0.000009973275
0x2261,468,0.000009973275
0x2262,468,0.000009973275
0x2263,468,0.000009973275
0x2264,468,0.000009973275
0x2265,468,0.000009973275
0x2267,468,0.000009973275
0x2268,468,0.000009973275
0x2269,468,0.000009973275
0x226b,468,0.000009973275
0x226d,468,0.000009973275
0x226e,468,0.000009973275
0x226f,468,0.000009973275
0x2271,468,0.000009973275
0x2272,468,0.000009973275
0x2273,468,0.000009973275
0x2274,468,0.000009973275
0x2275,468,0.000009973275
0x2276,468,0.000009973275
0x2277,468,0.000009973275
0x2278,468,0.000009973275
0x2279,468,0.000009973275
0x227a,6552,0.000139625845
0x227b,58968,0.001256632601
0x227c,58968,0.001256632601
0x227d,58968,0.001256632601
0x227e,58968,0.001256632601
0x227f,58968,0.001256632601
0x2280,58968,0.001256632601
0x2283,6552,0.000139625845
0x2284,6552,0.000139625845
0x2285,6552,0.000139625845
0x2286,6552,0.000139625845
0x2288,6552,0.000139625845
0x2289,6552,0.000139625845
0x228a,6552,0.000139625845
0x228c,6552,0.000139625845
0x228d,6552,0.000139625845
0x228e,6552,0.000139625845
0x2291,468,0.000009973275
0x2292,18,0.000000383587
0x2295,18,0.000000383587
0x2296,18,0.000000383587
0x2298,18,0.000000383587
0x229b,8,0.000000170483
0x229e,8,0.000000170483
0x22a1,8,0.000000170483
0x22a3,3328,0.000070921064
0x22a4,3328,0.000070921064
0x22a5,3328,0.000070921064
0x22a6,3328,0.000070921064
0x22a7,3328,0.000070921064
0x22a8,3328,0.000070921064
0x22a9,3328,0.000070921064
0x22aa,3328,0.000070921064
0x22ab,3328,0.000070921064
0x22ac,3328,0.000070921064
0x22ad,3328,0.000070921064
0x22b0,8,0.000000170483
0x22b4,288,0.000006137400
0x22b7,288,0.000006137400
0x22ba,288,0.000006137400
0x22bb,288,0.000006137400
0x22bc,288,0.000006137400
0x22be,288,0.000006137400
0x22c1,4,0.000000085242
0x22c3,4,0.000000085242
0x22c5,4,0.000000085242
0x22ca,196,0.000004176842
0x22cd,196,0.000004176842
0x22ce,196,0.000004176842
0x22d0,196,0.000004176842
0x22d3,4,0.000000085242
0x22d5,4,0.000000085242
0x22d7,4,0.000000085242
0x22d9,4,0.000000085242
0x22db,4,0.000000085242
0x22dd,4,0.000000085242
0x22e0,8,0.000000170483
0x22e2,18,0.000000383587
0x22e5,18,0.000000383587
0x22e8,18,0.000000383587
0x22f0,10,0.000000213104
0x22f3,10,0.000000213104
0x22f4,10,0.000000213104
0x22fa,1080,0.000023015249
0x22fd,1080,0.000023015249
0x22ff,1080,0.000023015249
0x2302,1080,0.000023015249
0x2303,19440,0.000414274484
0x2304,19440,0.000414274484
0x2306,19440,0.000414274484
0x2307,19440,0.000414274484
0x2308,19440,0.000414274484
0x2309,19440,0.000414274484
0x230a,19440,0.000414274484
0x230b,19440,0.000414274484
0x230d,19440,0.000414274484
0x230e,19440,0.000414274484
0x230f,19440,0.000414274484
0x2310,19440,0.000414274484
0x2312,19440,0.000414274484
0x2313,19440,0.000414274484
0x2314,19440,0.000414274484
0x2316,19440,0.000414274484
0x2317,19440,0.000414274484
0x231a,2160,0.000046030498
0x231b,19440,0.000414274484
0x231c,19440,0.000414274484
0x231f,1080,0.000023015249
0x2322,3242,0.000069088368
0x2325,3242,0.000069088368
0x2326,3242,0.000069088368
0x2327,3242,0.000069088368
0x2329,3242,0.000069088368
0x232a,3242,0.000069088368
0x232b,3242,0.000069088368
0x232c,3242,0.000069088368
0x232e,3242,0.000069088368
0x232f,3242,0.000069088368
0x2331,3242,0.000069088368
0x2334,3242,0.000069088368
0x2337,3242,0.000069088368
0x2351,8647,0.000184271166
0x2352,8647,0.000184271166
0x2354,8647,0.000184271166
0x2355,1742,0.000037122744
0x2356,1742,0.000037122744
0x2357,1742,0.000037122744
0x2358,1742,0.000037122744
0x235a,1742,0.000037122744
0x235b,1742,0.000037122744
0x235e,1742,0.000037122744
0x235f,1742,0.000037122744
0x2360,1742,0.000037122744
0x2361,1742,0.000037122744
0x2362,1742,0.000037122744
0x2364,1742,0.000037122744
0x2365,1742,0.000037122744
0x2366,1742,0.000037122744
0x2368,1742,0.000037122744
0x2369,1742,0.000037122744
0x236a,1742,0.000037122744
0x236b,1742,0.000037122744
0x236c,1742,0.000037122744
0x236e,1742,0.000037122744
0x2370,1742,0.000037122744
0x2373,1623,0.000034586805
0x2375,1623,0.000034586805
0x2377,1623,0.000034586805
0x237a,1622,0.000034565494
0x237b,119,0.000002535939
0x237c,119,0.000002535939
0x237e,119,0.000002535939
0x237f,119,0.000002535939
0x2381,119,0.000002535939
0x2384,119,0.000002535939
0x2385,119,0.000002535939
0x2386,119,0.000002535939
0x2387,119,0.000002535939
0x2389,119,0.000002535939
0x238a,32,0.000000681933
0x238c,32,0.000000681933
0x238d,32,0.000000681933
0x238e,32,0.000000681933
0x2390,32,0.000000681933
0x2391,28,0.000000596692
0x2393,28,0.000000596692
0x2398,1,0.000000021310
0x2399,1,0.000000021310
0x239b,1,0.000000021310
0x239c,1,0.000000021310
0x239d,1,0.000000021310
0x239e,1,0.000000021310
0x239f,1,0.000000021310
0x23a1,1,0.000000021310
0x23a2,1,0.000000021310
0x23a5,1,0.000000021310
0x23a7,1,0.000000021310
0x23a9,1,0.000000021310
0x23ac,1,0.000000021310
0x23af,1,0.000000021310
0x23b0,1,0.000000021310
0x23b2,1,0.000000021310
0x23b3,1,0.000000021310
0x23b4,1,0.000000021310
0x23b5,1,0.000000021310
0x23b6,1,0.000000021310
0x23b8,1,0.000000021310
0x23bb,1,0.000000021310
0x23d6,10480,0.000223333158
0x23d9,10480,0.000223333158
0x23da,10480,0.000223333158
0x23dc,10480,0.000223333158
0x23de,10480,0.000223333158
0x23e1,8412,0.000179263218
0x23e3,8412,0.000179263218
0x23e6,7132,0.000151985886
0x23e8,7132,0.000151985886
0x23eb,5876,0.000125220003
0x23ed,5876,0.000125220003
0x23f0,4800,0.000102289996
0x23f2,4800,0.000102289996
0x23f3,4475,0.000095364111
0x23f5,4475,0.000095364111
0x23f8,4354,0.000092785551
0x23fb,4354,0.000092785551
0x2476,59,0.000001257315
0x2477,59,0.000001257315
0x2478,59,0.000001257315
0x247b,59,0.000001257315
0x247d,59,0.000001257315
0x247e,59,0.000001257315
0x2481,59,0.000001257315
0x2483,59,0.000001257315
0x2484,59,0.000001257315
0x2485,59,0.000001257315
0x2487,59,0.000001257315
0x2488,59,0.000001257315
0x2489,59,0.000001257315
0x248a,59,0.000001257315
0x248c,59,0.000001257315
0x248d,59,0.000001257315
0x248f,59,0.000001257315
0x2490,59,0.000001257315
0x2493,59,0.000001257315
0x2495,59,0.000001257315
0x2496,59,0.000001257315
0x2497,59,0.000001257315
0x2498,53,0.000001129452
0x2499,53,0.000001129452
0x249a,53,0.000001129452
0x249b,38,0.000000809796
0x249c,38,0.000000809796
0x249d,38,0.000000809796
0x249e,22,0.000000468829
0x249f,22,0.000000468829
0x24a0,13258,0.000282533493
0x24a3,13258,0.000282533493
0x24a5,13258,0.000282533493
0x24a7,13258,0.000282533493
0x24a8,8647,0.000184271166
0x24ab,8647,0.000184271166
0x24ae,8647,0.000184271166
0x24b1,8647,0.000184271166
0x24b4,8647,0.000184271166
0x24b6,8647,0.000184271166
0x24b8,8647,0.000184271166
0x24b9,2161,0.000046051809
0x24c4,6626,0.000141202815
0x24c7,6626,0.000141202815
0x24c9,6626,0.000141202815
0x24cb,6626,0.000141202815
0x24ce,4322,0.000092103617
0x24d1,4322,0.000092103617
0x24d4,4322,0.000092103617
0x24d5,4322,0.000092103617
0x24d6,4322,0.000092103617
0x24d8,4322,0.000092103617
0x24db,3242,0.000069088368
0x24e0,4322,0.000092103617
0x24e3,4322,0.000092103617
0x24e5,4322,0.000092103617
0x24e6,271,0.000005775123
0x24e9,271,0.000005775123
0x24eb,271,0.000005775123
0x24ec,224,0.000004773533
0x24f2,2161,0.000046051809
0x24f5,2161,0.000046051809
0x24f7,2161,0.000046051809
0x24f8,2161,0.000046051809
0x24f9,2161,0.000046051809
0x24fc,2161,0.000046051809
0x24fe,2161,0.000046051809
0x24ff,2161,0.000046051809
0x2500,668,0.000014235358
0x2503,668,0.000014235358
0x2504,668,0.000014235358
0x2505,513,0.000010932243
0x2508,513,0.000010932243
0x2509,513,0.000010932243
0x250a,81,0.000001726144
0x250b,81,0.000001726144
0x250d,81,0.000001726144
0x250e,81,0.000001726144
0x2511,81,0.000001726144
0x2512,81,0.000001726144
0x2513,81,0.000001726144
0x2515,81,0.000001726144
0x2517,81,0.000001726144
0x2518,81,0.000001726144
0x2519,81,0.000001726144
0x251a,81,0.000001726144
0x2560,3562,0.000075907701
0x2563,3562,0.000075907701
0x2564,3562,0.000075907701
0x2566,3562,0.000075907701
0x2567,3562,0.000075907701
0x2568,3562,0.000075907701
0x2569,3562,0.000075907701
0x256a,3562,0.000075907701
0x256b,3562,0.000075907701
0x256d,3562,0.000075907701
0x256e,3562,0.000075907701
0x2570,3562,0.000075907701
0x2572,3562,0.000075907701
0x2575,3562,0.000075907701
0x2576,3562,0.000075907701
0x2577,3562,0.000075907701
0x2578,3562,0.000075907701
0x2579,3562,0.000075907701
0x257b,3562,0.000075907701
0x257c,3562,0.000075907701
0x257f,3562,0.000075907701
0x2581,3562,0.000075907701
0x2582,3562,0.000075907701
0x2585,3562,0.000075907701
0x2587,3562,0.000075907701
0x2588,28333,0.000603788012
0x2589,28333,0.000603788012
0x258c,28277,0.000602594628
0x258d,28277,0.000602594628
0x258e,28277,0.000602594628
0x2590,28277,0.000602594628
0x2591,28277,0.000602594628
0x2592,28277,0.000602594628
0x2595,3506,0.000074714318
0x2596,28333,0.000603788012
0x2597,28333,0.000603788012
0x2599,28333,0.000603788012
0x259a,20134,0.000429063912
0x259b,20134,0.000429063912
0x259c,20134,0.000429063912
0x259e,20134,0.000429063912
0x259f,20134,0.000429063912
0x25a1,20134,0.000429063912
0x25a2,18704,0.000398590018
0x25a3,18704,0.000398590018
0x25a4,18704,0.000398590018
0x25a5,18704,0.000398590018
0x25a6,10061,0.000214404094
0x25a7,10061,0.000214404094
0x25a8,2353,0.000050143408
0x25a9,2353,0.000050143408
0x25aa,2353,0.000050143408
0x25ab,2353,0.000050143408
0x25ac,2307,0.000049163129
0x25ae,2307,0.000049163129
0x25af,56,0.000001193383
0x25b0,56,0.000001193383
0x25b1,56,0.000001193383
0x25b2,56,0.000001193383
0x25b3,56,0.000001193383
0x25b4,56,0.000001193383
0x25b5,56,0.000001193383
0x25b6,56,0.000001193383
0x25b7,342,0.000007288162
0x25ba,342,0.000007288162
0x25bc,342,0.000007288162
0x25be,342,0.000007288162
0x25ca,342,0.000007288162
0x25cd,822,0.000017517162
0x25ce,822,0.000017517162
0x25d0,822,0.000017517162
0x25d3,650,0.000013851770
0x25d4,650,0.000013851770
0x25d6,650,0.000013851770
0x25d7,650,0.000013851770
0x25d8,650,0.000013851770
0x25db,170,0.000003622771
0x25dc,170,0.000003622771
0x25dd,170,0.000003622771
0x25e0,172,0.000003665392
0x25e1,172,0.000003665392
0x25e3,172,0.000003665392
0x25e4,172,0.000003665392
0x25e5,172,0.000003665392
0x25e7,172,0.000003665392
0x25e8,172,0.000003665392
0x25ea,172,0.000003665392
0x25eb,172,0.000003665392
0x25ec,172,0.000003665392
0x25ed,172,0.000003665392
0x25ef,172,0.000003665392
0x25f0,172,0.000003665392
0x25f1,172,0.000003665392
0x25f3,172,0.000003665392
0x25f4,172,0.000003665392
0x25f6,172,0.000003665392
0x25f7,172,0.000003665392
0x25f8,172,0.000003665392
0x25f9,172,0.000003665392
0x25fa,172,0.000003665392
0x25fb,172,0.000003665392
0x25fc,172,0.000003665392
0x25fd,172,0.000003665392
0x2600,4228,0.000090100438
0x2601,4228,0.000090100438
0x2602,4228,0.000090100438
0x2603,4228,0.000090100438
0x2604,4228,0.000090100438
0x2605,4228,0.000090100438
0x2608,4228,0.000090100438
0x2609,4228,0.000090100438
0x260a,4228,0.000090100438
0x260b,4228,0.000090100438
0x260c,4228,0.000090100438
0x260e,4228,0.000090100438
0x2611,4228,0.000090100438
0x2612,4228,0.000090100438
0x2613,4228,0.000090100438
0x2616,4228,0.000090100438
0x2617,4228,0.000090100438
0x261a,2323,0.000049504096
0x261d,2323,0.000049504096
0x261e,2323,0.000049504096
0x2620,2323,0.000049504096
0x2621,2323,0.000049504096
0x2624,2323,0.000049504096
0x2625,2323,0.000049504096
0x2626,2323,0.000049504096
0x2628,2323,0.000049504096
0x2629,2323,0.000049504096
0x262b,2323,0.000049504096
0x262c,2323,0.000049504096
0x262e,2323,0.000049504096
0x262f,2323,0.000049504096
0x2630,2323,0.000049504096
0x2631,2323,0.000049504096
0x2633,2323,0.000049504096
0x2634,2323,0.000049504096
0x2635,2323,0.000049504096
0x2638,2323,0.000049504096
0x2639,4228,0.000090100438
0x263c,4228,0.000090100438
0x263f,4228,0.000090100438
0x2642,4228,0.000090100438
0x2643,4228,0.000090100438
0x2646,2114,0.000045050219
0x2649,2114,0.000045050219
0x2650,1905,0.000040596342
0x2651,1905,0.000040596342
0x2654,1905,0.000040596342
0x2655,1905,0.000040596342
0x2656,1905,0.000040596342
0x2658,1905,0.000040596342
0x2659,1905,0.000040596342
0x265b,1905,0.000040596342
0x265c,1905,0.000040596342
0x265e,1905,0.000040596342
0x2661,1905,0.000040596342
0x2662,1905,0.000040596342
0x2668,2114,0.000045050219
0x266b,2114,0.000045050219
0x266c,2114,0.000045050219
0x266d,2114,0.000045050219
0x2670,2114,0.000045050219
0x2672,2114,0.000045050219
0x2676,2114,0.000045050219
0x2678,2114,0.000045050219
0x267c,2114,0.000045050219
0x267f,2114,0.000045050219
0x2681,2114,0.000045050219
0x2684,2114,0.000045050219
0x2685,2114,0.000045050219
0x2688,2114,0.000045050219
0x268a,2114,0.000045050219
0x268b,2114,0.000045050219
0x268d,2114,0.000045050219
0x268e,2114,0.000045050219
0x268f,2114,0.000045050219
0x2692,2108,0.000044922357
0x2693,2114,0.000045050219
0x2694,2114,0.000045050219
0x2697,2114,0.000045050219
0x2699,2114,0.000045050219
0x269c,678,0.000014448462
0x269d,2114,0.000045050219
0x269f,2114,0.000045050219
0x26a2,306,0.000006520987
0x26a3,2114,0.000045050219
0x26a4,2114,0.000045050219
0x26a7,2114,0.000045050219
0x26aa,2114,0.000045050219
0x26ad,2114,0.000045050219
0x26ae,2114,0.000045050219
0x26af,2114,0.000045050219
0x26b0,2114,0.000045050219
0x26b1,361,0.000007693060
0x26b2,361,0.000007693060
0x26b4,361,0.000007693060
0x26b5,361,0.000007693060
0x26b7,361,0.000007693060
0x26b8,361,0.000007693060
0x26ba,361,0.000007693060
0x26bb,59,0.000001257315
0x26bc,59,0.000001257315
0x26bd,59,0.000001257315
0x26be,59,0.000001257315
0x26bf,59,0.000001257315
0x26c2,59,0.000001257315
0x26c4,59,0.000001257315
0x26c6,59,0.000001257315
0x26c7,59,0.000001257315
0x26c8,59,0.000001257315
0x26ca,59,0.000001257315
0x26cb,59,0.000001257315
0x26cc,59,0.000001257315
0x26d0,2114,0.000045050219
0x26d3,2114,0.000045050219
0x26d6,2114,0.000045050219
0x26d9,16912,0.000360401752
0x26da,16912,0.000360401752
0x26db,16912,0.000360401752
0x26de,10270,0.000218857971
0x26df,10270,0.000218857971
0x26e0,10270,0.000218857971
0x26e3,1922,0.000040958619
0x26e4,10270,0.000218857971
0x26e5,16912,0.000360401752
0x26e6,16912,0.000360401752
0x26e7,16912,0.000360401752
0x26e8,16912,0.000360401752
0x26e9,16912,0.000360401752
0x26eb,16912,0.000360401752
0x26ee,2114,0.000045050219
0x26f1,2114,0.000045050219
0x26f2,2114,0.000045050219
0x26f3,2114,0.000045050219
0x26f5,2114,0.000045050219
0x26f8,2114,0.000045050219
0x26f9,2114,0.000045050219
0x26fa,2114,0.000045050219
0x26fd,2114,0.000045050219
0x2700,11778,0.000250994078
0x2703,11778,0.000250994078
0x2704,11778,0.000250994078
0x2705,11778,0.000250994078
0x2706,11777,0.000250972767
0x2707,11777,0.000250972767
0x2708,11777,0.000250972767
0x270a,11777,0.000250972767
0x270b,11777,0.000250972767
0x270c,11777,0.000250972767
0x270e,11777,0.000250972767
0x270f,11777,0.000250972767
0x2711,11777,0.000250972767
0x2714,11777,0.000250972767
0x2717,47108,0.001003891069
0x271a,47108,0.001003891069
0x271b,47108,0.001003891069
0x271c,47108,0.001003891069
0x271d,47108,0.001003891069
0x271e,47108,0.001003891069
0x2720,47108,0.001003891069
0x2723,11777,0.000250972767
0x2725,11777,0.000250972767
0x2728,11777,0.000250972767
0x272a,11777,0.000250972767
0x2739,11777,0.000250972767
0x273c,11777,0.000250972767
0x273d,11777,0.000250972767
0x2740,11777,0.000250972767
0x2743,11777,0.000250972767
0x2748,47108,0.001003891069
0x2749,47108,0.001003891069
0x274a,47108,0.001003891069
0x274c,47108,0.001003891069
0x274d,119,0.000002535939
0x274e,119,0.000002535939
0x274f,119,0.000002535939
0x2750,59,0.000001257315
0x2751,59,0.000001257315
0x2752,59,0.000001257315
0x2753,59,0.000001257315
0x2754,59,0.000001257315
0x2755,59,0.000001257315
0x2757,59,0.000001257315
0x2758,59,0.000001257315
0x2759,59,0.000001257315
0x275b,59,0.000001257315
0x275c,59,0.000001257315
0x275f,59,0.000001257315
0x2760,59,0.000001257315
0x2761,59,0.000001257315
0x2764,59,0.000001257315
0x2768,59,0.000001257315
0x2769,59,0.000001257315
0x276c,59,0.000001257315
0x276e,59,0.000001257315
0x2771,59,0.000001257315
0x2772,59,0.000001257315
0x2778,59,0.000001257315
0x277b,59,0.000001257315
0x277c,59,0.000001257315
0x277f,59,0.000001257315
0x2780,59,0.000001257315
0x2781,59,0.000001257315
0x2782,59,0.000001257315
0x2783,59,0.000001257315
0x2784,59,0.000001257315
0x2785,59,0.000001257315
0x2786,59,0.000001257315
0x2789,59,0.000001257315
0x278a,1,0.000000021310
0x278d,1,0.000000021310
0x278f,1,0.000000021310
0x2790,1,0.000000021310
0x2791,1,0.000000021310
0x2794,1,0.000000021310
0x2796,1,0.000000021310
0x2799,1,0.000000021310
0x279b,1,0.000000021310
0x279c,1,0.000000021310
0x279e,1,0.000000021310
0x279f,1,0.000000021310
0x27a0,1,0.000000021310
0x27a1,1,0.000000021310
0x27a2,1,0.000000021310
0x27a3,1,0.000000021310
0x27a4,1,0.000000021310
0x27a8,11777,0.000250972767
0x27ab,11777,0.000250972767
0x27ac,11777,0.000250972767
0x27af,11777,0.000250972767
0x27b0,11777,0.000250972767
0x27b1,11777,0.000250972767
0x27b4,11777,0.000250972767
0x27b6,11777,0.000250972767
0x27b7,11777,0.000250972767
0x27b8,11777,0.000250972767
0x27ba,11777,0.000250972767
0x27bd,11393,0.000242789568
0x27c0,11393,0.000242789568
0x27c1,11393,0.000242789568
0x27c2,11393,0.000242789568
0x27c5,11329,0.000241425701
0x27c7,11329,0.000241425701
0x27c8,11329,0.000241425701
0x27c9,11329,0.000241425701
0x27ca,5195,0.000110707610
0x27cc,5195,0.000110707610
0x27cf,4986,0.000106253733
0x27d0,4986,0.000106253733
0x27d2,4986,0.000106253733
0x27d3,4986,0.000106253733
0x27d5,4986,0.000106253733
0x27d6,4986,0.000106253733
0x27d8,209,0.000004453877
0x27da,209,0.000004453877
0x27dc,209,0.000004453877
0x27dd,209,0.000004453877
0x27df,209,0.000004453877
0x27e0,209,0.000004453877
0x27e2,64,0.000001363867
0x27e4,64,0.000001363867
0x27e9,64,0.000001363867
0x27ea,64,0.000001363867
0x27ec,64,0.000001363867
0x27ee,64,0.000001363867
0x3000,3569,0.000076056874
0x3003,3569,0.000076056874
0x3004,3569,0.000076056874
0x3005,3569,0.000076056874
0x3007,3569,0.000076056874
0x300a,3569,0.000076056874
0x300b,3569,0.000076056874
0x300c,3569,0.000076056874
0x300d,3569,0.000076056874
0x300e,3569,0.000076056874
0x300f,3569,0.000076056874
0x3010,3569,0.000076056874
0x3011,3569,0.000076056874
0x3012,442,0.000009419204
0x3028,451,0.000009610998
0x302b,451,0.000009610998
0x302c,451,0.000009610998
0x302e,451,0.000009610998
0x302f,451,0.000009610998
0x3031,451,0.000009610998
0x3032,451,0.000009610998
0x3034,451,0.000009610998
0x3035,371,0.000007906164
0x3037,371,0.000007906164
0x3038,371,0.000007906164
0x3039,371,0.000007906164
0x303c,355,0.000007565198
0x303d,355,0.000007565198
0x303e,5,0.000000106552
0x303f,5,0.000000106552
0x3040,5,0.000000106552
0x3042,5,0.000000106552
0x3044,5,0.000000106552
0x3046,5,0.000000106552
0x3048,5,0.000000106552
0x3049,5,0.000000106552
0x304b,5,0.000000106552
0x304d,5,0.000000106552
0x304f,5,0.000000106552
0x3050,5,0.000000106552
0x3052,5,0.000000106552
0x3055,5,0.000000106552
0x3056,5,0.000000106552
0x3057,3,0.000000063931
0x3059,3,0.000000063931
0x305c,16,0.000000340967
0x305f,16,0.000000340967
0x3062,16,0.000000340967
0x3063,16,0.000000340967
0x3064,16,0.000000340967
0x3065,16,0.000000340967
0x3066,16,0.000000340967
0x3067,16,0.000000340967
0x3068,16,0.000000340967
0x306a,16,0.000000340967
0x306c,16,0.000000340967
0x306d,16,0.000000340967
0x3074,82,0.000001747454
0x3077,82,0.000001747454
0x3078,82,0.000001747454
0x3079,82,0.000001747454
0x307a,82,0.000001747454
0x307c,82,0.000001747454
0x307d,82,0.000001747454
0x307f,82,0.000001747454
0x3080,82,0.000001747454
0x3081,82,0.000001747454
0x3082,82,0.000001747454
0x3084,82,0.000001747454
0x3089,82,0.000001747454
0x308a,82,0.000001747454
0x308b,82,0.000001747454
0x308c,82,0.000001747454
0x308d,82,0.000001747454
0x308f,82,0.000001747454
0x3090,82,0.000001747454
0x3092,82,0.000001747454
0x3093,82,0.000001747454
0x3094,82,0.000001747454
0x3095,82,0.000001747454
0x3098,82,0.000001747454
0x309a,82,0.000001747454
0x309d,5,0.000000106552
0x309f,82,0.000001747454
0x30a0,82,0.000001747454
0x30a1,82,0.000001747454
0x30a4,82,0.000001747454
0x30a6,82,0.000001747454
0x30a7,82,0.000001747454
0x30a8,82,0.000001747454
0x30aa,6331,0.000134916243
0x30ad,6331,0.000134916243
0x30ae,6331,0.000134916243
0x30af,6331,0.000134916243
0x30b0,6331,0.000134916243
0x30b1,6331,0.000134916243
0x30b3,6331,0.000134916243
0x30b5,6331,0.000134916243
0x30b6,6331,0.000134916243
0x30b8,6331,0.000134916243
0x30ba,447,0.000009525756
0x30bd,447,0.000009525756
0x30c0,447,0.000009525756
0x30c3,447,0.000009525756
0x30c6,447,0.000009525756
0x30c8,447,0.000009525756
0x30c9,447,0.000009525756
0x30ca,447,0.000009525756
0x30cb,288,0.000006137400
0x30cd,288,0.000006137400
0x30ce,288,0.000006137400
0x30cf,288,0.000006137400
0x30d2,222,0.000004730912
0x30d3,222,0.000004730912
0x30d4,57,0.000001214694
0x30d6,57,0.000001214694
0x30d8,57,0.000001214694
0x30da,1341,0.000028577268
0x30db,1341,0.000028577268
0x30dc,1341,0.000028577268
0x30dd,1341,0.000028577268
0x30de,639,0.000013617356
0x30df,639,0.000013617356
0x30e4,66,0.000001406487
0x30e7,66,0.000001406487
0x30ea,66,0.000001406487
0x30eb,66,0.000001406487
0x30ed,66,0.000001406487
0x30f2,66,0.000001406487
0x30f3,66,0.000001406487
0x30f5,66,0.000001406487
0x30f6,66,0.000001406487
0x30f7,66,0.000001406487
0x30f8,66,0.000001406487
0x30fa,66,0.000001406487
0x30fc,66,0.000001406487
0x30ff,66,0.000001406487
0x3102,66,0.000001406487
0x3105,66,0.000001406487
0x3106,66,0.000001406487
0x3107,66,0.000001406487
0x3108,66,0.000001406487
0x310a,66,0.000001406487
0x310c,66,0.000001406487
0x310e,66,0.000001406487
0x310f,66,0.000001406487
0x3112,198,0.000004219462
0x3113,198,0.000004219462
0x3114,198,0.000004219462
0x3115,198,0.000004219462
0x3116,119,0.000002535939
0x3117,119,0.000002535939
0x3118,119,0.000002535939
0x311a,119,0.000002535939
0x311b,119,0.000002535939
0x311c,119,0.000002535939
0x311d,119,0.000002535939
0x311e,66,0.000001406487
0x311f,66,0.000001406487
0x3121,66,0.000001406487
0x3124,447,0.000009525756
0x3127,447,0.000009525756
0x3128,447,0.000009525756
0x312a,447,0.000009525756
0x312b,57,0.000001214694
0x312d,57,0.000001214694
0x312f,57,0.000001214694
0x3130,57,0.000001214694
0x3131,57,0.000001214694
0x3132,57,0.000001214694
0x3134,57,0.000001214694
0x3136,57,0.000001214694
0x3138,57,0.000001214694
0x313d,57,0.000001214694
0x313f,57,0.000001214694
0x3140,57,0.000001214694
0x3141,57,0.000001214694
0x3144,57,0.000001214694
0x3145,57,0.000001214694
0x3146,57,0.000001214694
0x3149,37,0.000000788485
0x314b,57,0.000001214694
0x314d,57,0.000001214694
0x314e,57,0.000001214694
0x315a,446,0.000009504445
0x315d,446,0.000009504445
0x315e,446,0.000009504445
0x3160,446,0.000009504445
0x3161,131,0.000002791664
0x3164,131,0.000002791664
0x3165,131,0.000002791664
0x3166,131,0.000002791664
0x3167,131,0.000002791664
0x3169,131,0.000002791664
0x316a,131,0.000002791664
0x316c,131,0.000002791664
0x316d,131,0.000002791664
0x316e,131,0.000002791664
0x316f,131,0.000002791664
0x3171,131,0.000002791664
0x3172,131,0.000002791664
0x3174,131,0.000002791664
0x3176,131,0.000002791664
0x3177,131,0.000002791664
0x3178,131,0.000002791664
0x3179,1313,0.000027980576
0x317c,1256,0.000026765882
0x317d,1256,0.000026765882
0x317e,1256,0.000026765882
0x317f,1256,0.000026765882
0x3180,1256,0.000026765882
0x3181,1256,0.000026765882
0x3182,1256,0.000026765882
0x3183,1256,0.000026765882
0x3186,78,0.000001662212
0x3188,78,0.000001662212
0x318a,1256,0.000026765882
0x318b,1256,0.000026765882
0x318e,74,0.000001576971
0x3192,1313,0.000027980576
0x3193,1313,0.000027980576
0x3195,1313,0.000027980576
0x3196,891,0.000018987581
0x3199,891,0.000018987581
0x319a,891,0.000018987581
0x319b,57,0.000001214694
0x319e,57,0.000001214694
0x319f,57,0.000001214694
0x31a0,57,0.000001214694
0x31a1,57,0.000001214694
0x31a2,57,0.000001214694
0x31a3,57,0.000001214694
0x31a4,57,0.000001214694
0x31a7,57,0.000001214694
0x31a9,57,0.000001214694
0x31ac,57,0.000001214694
0x31ad,57,0.000001214694
0x31b4,443,0.000009440514
0x31b7,443,0.000009440514
0x31b9,443,0.000009440514
0x31ba,55,0.000001172073
0x31bd,55,0.000001172073
0x31bf,55,0.000001172073
0x31c0,55,0.000001172073
0x31c2,55,0.000001172073
0x31c3,55,0.000001172073
0x31c5,55,0.000001172073
0x31c6,55,0.000001172073
0x31c7,55,0.000001172073
0x31c8,55,0.000001172073
0x31cb,55,0.000001172073
0x31cd,55,0.000001172073
0x31ce,55,0.000001172073
0x31d1,25,0.000000532760
0x31d2,25,0.000000532760
0x31d3,25,0.000000532760
0x31d4,25,0.000000532760
0x31d6,55,0.000001172073
0x31d7,55,0.000001172073
0x31d8,55,0.000001172073
0x31d9,55,0.000001172073
0x31da,55,0.000001172073
0x31dc,55,0.000001172073
0x31de,55,0.000001172073
0x31df,55,0.000001172073
0x31e1,55,0.000001172073
0x31e2,55,0.000001172073
0x31e3,55,0.000001172073
0x31e4,55,0.000001172073
0x31e5,55,0.000001172073
0x31e6,55,0.000001172073
0x31e7,55,0.000001172073
0x31e8,55,0.000001172073
0x31e9,55,0.000001172073
0x31ec,55,0.000001172073
0x31ed,55,0.000001172073
0x31f0,55,0.000001172073
0x31f1,55,0.000001172073
0x31f2,55,0.000001172073
0x31f4,55,0.000001172073
0x31f5,55,0.000001172073
0x31f7,55,0.000001172073
0x31f8,55,0.000001172073
0x31fb,55,0.000001172073
0x31fd,55,0.000001172073
0x31fe,55,0.000001172073
0x31ff,55,0.000001172073
0x3201,55,0.000001172073
0x3202,55,0.000001172073
0x3203,55,0.000001172073
0x3204,55,0.000001172073
0x3207,55,0.000001172073
0x3209,55,0.000001172073
0x320a,55,0.000001172073
0x320b,55,0.000001172073
0x320c,55,0.000001172073
0x320d,55,0.000001172073
0x3210,55,0.000001172073
0x3213,55,0.000001172073
0x3215,55,0.000001172073
0x3216,39,0.000000831106
0x3217,39,0.000000831106
0x3219,39,0.000000831106
0x321b,39,0.000000831106
0x321c,3,0.000000063931
0x321e,3,0.000000063931
0x3220,3,0.000000063931
0x322c,442,0.000009419204
0x322f,442,0.000009419204
0x3231,442,0.000009419204
0x3232,85,0.000001811385
0x3235,85,0.000001811385
0x3238,85,0.000001811385
0x323b,85,0.000001811385
0x323c,85,0.000001811385
0x323f,85,0.000001811385
0x3240,907,0.000019328547
0x3241,907,0.000019328547
0x3243,907,0.000019328547
0x3246,455,0.000009696239
0x3247,455,0.000009696239
0x3248,455,0.000009696239
0x3249,375,0.000007991406
0x324a,375,0.000007991406
0x324b,375,0.000007991406
0x324c,375,0.000007991406
0x324d,375,0.000007991406
0x324e,827,0.000017623714
0x324f,827,0.000017623714
0x3250,827,0.000017623714
0x3251,827,0.000017623714
0x3253,827,0.000017623714
0x3254,827,0.000017623714
0x3256,827,0.000017623714
0x3259,5,0.000000106552
0x325b,5,0.000000106552
0x325e,5,0.000000106552
0x3264,451,0.000009610998
0x3267,451,0.000009610998
0x3268,451,0.000009610998
0x326b,451,0.000009610998
0x326c,451,0.000009610998
0x326e,451,0.000009610998
0x326f,451,0.000009610998
0x3271,451,0.000009610998
0x3272,451,0.000009610998
0x3274,451,0.000009610998
0x3275,60,0.000001278625
0x3277,60,0.000001278625
0x3279,60,0.000001278625
0x327a,60,0.000001278625
0x327b,60,0.000001278625
0x327c,60,0.000001278625
0x327e,60,0.000001278625
0x3281,60,0.000001278625
0x3282,60,0.000001278625
0x3285,60,0.000001278625
0x3286,60,0.000001278625
0x3287,60,0.000001278625
0x3289,60,0.000001278625
0x328a,60,0.000001278625
0x328b,60,0.000001278625
0x328d,60,0.000001278625
0x328e,60,0.000001278625
0x328f,176,0.000003750633
0x3290,176,0.000003750633
0x3291,176,0.000003750633
0x3292,176,0.000003750633
0x3295,151,0.000003217873
0x3296,151,0.000003217873
0x3297,151,0.000003217873
0x329a,137,0.000002919527
0x329b,137,0.000002919527
0x329e,137,0.000002919527
0x329f,137,0.000002919527
0x32a0,137,0.000002919527
0x32a3,137,0.000002919527
0x32a4,176,0.000003750633
0x32a5,176,0.000003750633
0x32a6,176,0.000003750633
0x32a9,5,0.000000106552
0x32ab,176,0.000003750633
0x32ac,176,0.000003750633
0x32af,60,0.000001278625
0x32b0,39,0.000000831106
0x32b3,39,0.000000831106
0x32b5,39,0.000000831106
0x32b8,39,0.000000831106
0x32ba,39,0.000000831106
0x32bc,39,0.000000831106
0x32bf,39,0.000000831106
0x32c2,39,0.000000831106
0x32c3,39,0.000000831106
0x32c4,11,0.000000234415
0x32c5,11,0.000000234415
0x32c6,11,0.000000234415
0x32c7,11,0.000000234415
0x32c8,11,0.000000234415
0x32cb,11,0.000000234415
0x32cd,11,0.000000234415
0x32d0,11,0.000000234415
0x32d2,11,0.000000234415
0x32d4,11,0.000000234415
0x32d6,11,0.000000234415
0x32d7,11,0.000000234415
0x32d9,11,0.000000234415
0x32da,11,0.000000234415
0x32dc,11,0.000000234415
0x32dd,11,0.000000234415
0x32de,11,0.000000234415
0x32e1,11,0.000000234415
0x32e2,11,0.000000234415
0x32e3,11,0.000000234415
0x32e6,2,0.000000042621
0x32e7,2,0.000000042621
0x32e9,2,0.000000042621
0x32ea,2,0.000000042621
0x3400,4228,0.000090100438
0x3403,4228,0.000090100438
0x3406,4228,0.000090100438
0x3409,4228,0.000090100438
0x340c,4228,0.000090100438
0x340f,4228,0.000090100438
0x3412,4228,0.000090100438
0x3413,4228,0.000090100438
0x3416,3845,0.000081938549
0x3418,3845,0.000081938549
0x341b,975,0.000020777655
0x341e,975,0.000020777655
0x3421,975,0.000020777655
0x3424,975,0.000020777655
0x3427,975,0.000020777655
0x342a,975,0.000020777655
0x342d,975,0.000020777655
0x342e,975,0.000020777655
0x3431,488,0.000010399483
0x3434,488,0.000010399483
0x3438,2870,0.000061160893
0x343b,2870,0.000061160893
0x343c,2870,0.000061160893
0x343f,1434,0.000030559136
0x3442,1434,0.000030559136
0x3445,1434,0.000030559136
0x3448,1434,0.000030559136
0x344b,1434,0.000030559136
0x3452,1436,0.000030601757
0x3455,1436,0.000030601757
0x3458,1436,0.000030601757
0x345b,1436,0.000030601757
0x3462,383,0.000008161889
0x3465,383,0.000008161889
0x3466,383,0.000008161889
0x3467,192,0.000004091600
0x346a,192,0.000004091600
0x346d,192,0.000004091600
0x3474,2409,0.000051336792
0x3477,9636,0.000205347167
0x3478,9636,0.000205347167
0x347b,9636,0.000205347167
0x347c,9636,0.000205347167
0x347d,9636,0.000205347167
0x347f,9636,0.000205347167
0x3480,9636,0.000205347167
0x3482,9636,0.000205347167
0x3485,2409,0.000051336792
0x3486,2411,0.000051379413
0x3489,9644,0.000205517650
0x348a,9644,0.000205517650
0x348d,9644,0.000205517650
0x348e,9644,0.000205517650
0x348f,9644,0.000205517650
0x3491,9644,0.000205517650
0x3492,9644,0.000205517650
0x3494,9644,0.000205517650
0x3497,2411,0.000051379413
0x3498,2409,0.000051336792
0x349b,9636,0.000205347167
0x349c,9636,0.000205347167
0x349f,9636,0.000205347167
0x34a0,9636,0.000205347167
0x34a1,9636,0.000205347167
0x34a3,9636,0.000205347167
0x34a4,9636,0.000205347167
0x34a6,9636,0.000205347167
0x34a9,2409,0.000051336792
0x34aa,2411,0.000051379413
0x34ad,9644,0.000205517650
0x34ae,9644,0.000205517650
0x34b1,9644,0.000205517650
0x34b2,9644,0.000205517650
0x34b3,9644,0.000205517650
0x34b5,9644,0.000205517650
0x34b6,9644,0.000205517650
0x34b8,9644,0.000205517650
0x34bb,2411,0.000051379413
0x34c0,19808,0.000422116717
0x34c1,19808,0.000422116717
0x34c2,19808,0.000422116717
0x34c3,11927,0.000254169330
0x34c4,11927,0.000254169330
0x34c6,11927,0.000254169330
0x34c7,11927,0.000254169330
0x34c9,11927,0.000254169330
0x34ca,11927,0.000254169330
0x34cb,11927,0.000254169330
0x34cc,11927,0.000254169330
0x34cd,11927,0.000254169330
0x34ce,11927,0.000254169330
0x34cf,11927,0.000254169330
0x34d0,11927,0.000254169330
0x34d1,11927,0.000254169330
0x34d2,11927,0.000254169330
0x34d3,11927,0.000254169330
0x34d4,11927,0.000254169330
0x34d5,11927,0.000254169330
0x34d7,11927,0.000254169330
0x34d8,11927,0.000254169330
0x34da,11927,0.000254169330
0x34db,11927,0.000254169330
0x34dc,11927,0.000254169330
0x34dd,11927,0.000254169330
0x34de,11956,0.000254787332
0x34df,11956,0.000254787332
0x34e1,11956,0.000254787332
0x34e4,2200,0.000046882915
0x34e5,2200,0.000046882915
0x34e7,2200,0.000046882915
0x34ea,972,0.000020713724
0x34ec,972,0.000020713724
0x34ed,972,0.000020713724
0x34ee,972,0.000020713724
0x34f0,972,0.000020713724
0x34f1,972,0.000020713724
0x34f3,972,0.000020713724
0x34f6,588,0.000012530525
0x34f8,588,0.000012530525
0x34f9,588,0.000012530525
0x34fa,588,0.000012530525
0x34fc,588,0.000012530525
0x34fd,588,0.000012530525
0x34ff,588,0.000012530525
0x3509,972,0.000020713724
0x350a,972,0.000020713724
0x350b,972,0.000020713724
0x350c,11956,0.000254787332
0x350e,11956,0.000254787332
0x350f,11956,0.000254787332
0x3512,11956,0.000254787332
0x3513,11956,0.000254787332
0x3515,11956,0.000254787332
0x3516,11956,0.000254787332
0x3518,11956,0.000254787332
0x3519,11956,0.000254787332
0x3520,959,0.000020436689
0x3521,959,0.000020436689
0x3522,959,0.000020436689
0x3523,959,0.000020436689
0x3524,959,0.000020436689
0x3525,959,0.000020436689
0x3526,959,0.000020436689
0x3527,959,0.000020436689
0x3528,3804,0.000081064822
0x3529,3804,0.000081064822
0x352a,3804,0.000081064822
0x352b,3804,0.000081064822
0x352c,3804,0.000081064822
0x352d,3804,0.000081064822
0x352e,3804,0.000081064822
0x352f,3804,0.000081064822
0x3530,4739,0.000100990061
0x3531,4739,0.000100990061
0x3532,4739,0.000100990061
0x3533,4739,0.000100990061
0x3534,4739,0.000100990061
0x3535,4739,0.000100990061
0x3536,4739,0.000100990061
0x3537,4739,0.000100990061
0x3538,5505,0.000117313839
0x3539,5505,0.000117313839
0x353a,5505,0.000117313839
0x353b,5505,0.000117313839
0x353c,5505,0.000117313839
0x353d,5505,0.000117313839
0x353e,5505,0.000117313839
0x353f,5505,0.000117313839
0x3540,11979,0.000255277471
0x3541,11979,0.000255277471
0x3542,11979,0.000255277471
0x3543,11979,0.000255277471
0x3544,11979,0.000255277471
0x3545,11979,0.000255277471
0x3546,11979,0.000255277471
0x3547,11979,0.000255277471
0x3548,12948,0.000275927264
0x3549,12948,0.000275927264
0x354a,12948,0.000275927264
0x354b,12948,0.000275927264
0x354c,12948,0.000275927264
0x354d,12948,0.000275927264
0x354e,12948,0.000275927264
0x354f,12948,0.000275927264
0x3550,13056,0.000278228789
0x3551,13056,0.000278228789
0x3552,13056,0.000278228789
0x3553,13056,0.000278228789
0x3554,13056,0.000278228789
0x3555,13056,0.000278228789
0x3556,13056,0.000278228789
0x3557,13056,0.000278228789
0x3558,13056,0.000278228789
0x355a,13056,0.000278228789
0x355b,13056,0.000278228789
0x355d,13056,0.000278228789
0x3560,3845,0.000081938549
0x3563,3845,0.000081938549
0x3564,3845,0.000081938549
0x3565,3845,0.000081938549
0x3566,3845,0.000081938549
0x3567,3845,0.000081938549
0x3568,3845,0.000081938549
0x3569,3845,0.000081938549
0x356a,3845,0.000081938549
0x356d,3845,0.000081938549
0x3570,3845,0.000081938549
0x3572,3845,0.000081938549
0x3577,3845,0.000081938549
0x3579,3845,0.000081938549
0x357a,3845,0.000081938549
0x357b,3845,0.000081938549
0x357e,3845,0.000081938549
0x357f,3845,0.000081938549
0x3581,3845,0.000081938549
0x3584,2711,0.000057772537
0x3586,3845,0.000081938549
0x3587,3845,0.000081938549
0x3588,3845,0.000081938549
0x3589,3845,0.000081938549
0x358c,3845,0.000081938549
0x358d,3845,0.000081938549
0x358e,3845,0.000081938549
0x3590,3845,0.000081938549
0x3591,3845,0.000081938549
0x3593,3845,0.000081938549
0x3594,3845,0.000081938549
0x3596,3845,0.000081938549
0x3597,3845,0.000081938549
0x359a,3845,0.000081938549
0x359b,3845,0.000081938549
0x359c,3845,0.000081938549
0x359d,3845,0.000081938549
0x359f,3845,0.000081938549
0x35a2,3845,0.000081938549
0x35b0,19280,0.000410864817
0x35b1,19280,0.000410864817
0x35b2,19280,0.000410864817
0x35b3,11399,0.000242917430
0x35b4,11399,0.000242917430
0x35b5,11399,0.000242917430
0x35b6,11399,0.000242917430
0x35b7,11399,0.000242917430
0x35b8,11399,0.000242917430
0x35b9,11399,0.000242917430
0x35ba,11399,0.000242917430
0x35bd,10292,0.000219326800
0x35be,11399,0.000242917430
0x35bf,11399,0.000242917430
0x35c0,11399,0.000242917430
0x35c1,11399,0.000242917430
0x35c2,11399,0.000242917430
0x35c3,11399,0.000242917430
0x35c4,11399,0.000242917430
0x35c5,11399,0.000242917430
0x35c7,11399,0.000242917430
0x35c8,11399,0.000242917430
0x35c9,11399,0.000242917430
0x35ca,11399,0.000242917430
0x35cb,11399,0.000242917430
0x35cc,11399,0.000242917430
0x35cd,11399,0.000242917430
0x35ce,11399,0.000242917430
0x35cf,11399,0.000242917430
0x35d0,11399,0.000242917430
0x35d1,11399,0.000242917430
0x35d2,11399,0.000242917430
0x35d3,11399,0.000242917430
0x35d4,11399,0.000242917430
0x35d5,11399,0.000242917430
0x35d6,11399,0.000242917430
0x35d7,11399,0.000242917430
0x35d8,11399,0.000242917430
0x35d9,11399,0.000242917430
0x35da,11399,0.000242917430
0x35db,11399,0.000242917430
0x35e0,8866,0.000188938147
0x35e1,8866,0.000188938147
0x35e2,8866,0.000188938147
0x35e3,8866,0.000188938147
0x35e5,8866,0.000188938147
0x35e8,4501,0.000095918182
0x35e9,4501,0.000095918182
0x35ea,4501,0.000095918182
0x35eb,4501,0.000095918182
0x35ec,4501,0.000095918182
0x35ed,4501,0.000095918182
0x35ee,4501,0.000095918182
0x35ef,4501,0.000095918182
0x35f0,4501,0.000095918182
0x35f1,4501,0.000095918182
0x35f3,4501,0.000095918182
0x35f6,1303,0.000027767472
0x35f8,1303,0.000027767472
0x35f9,1303,0.000027767472
0x35fa,1303,0.000027767472
0x35fb,1303,0.000027767472
0x35fd,1303,0.000027767472
0x35fe,1303,0.000027767472
0x3601,167,0.000003558839
0x3602,167,0.000003558839
0x3603,167,0.000003558839
0x3604,1303,0.000027767472
0x3605,1303,0.000027767472
0x3606,1303,0.000027767472
0x3607,1303,0.000027767472
0x3608,1303,0.000027767472
0x3609,1303,0.000027767472
0x360a,1303,0.000027767472
0x360b,1303,0.000027767472
0x360c,1303,0.000027767472
0x360e,1303,0.000027767472
0x360f,1303,0.000027767472
0x3612,1200,0.000025572499
0x3613,1200,0.000025572499
0x3614,1200,0.000025572499
0x3615,1200,0.000025572499
0x3616,1200,0.000025572499
0x3618,1200,0.000025572499
0x3619,1200,0.000025572499
0x361a,1200,0.000025572499
0x361b,1200,0.000025572499
0x361c,809,0.000017240126
0x361f,809,0.000017240126
0x3620,809,0.000017240126
0x3621,809,0.000017240126
0x3622,297,0.000006329194
0x3623,297,0.000006329194
0x3624,297,0.000006329194
0x3628,4365,0.000093019965
0x362a,4365,0.000093019965
0x362d,4261,0.000090803682
0x362e,4261,0.000090803682
0x362f,4261,0.000090803682
0x3630,4261,0.000090803682
0x3631,4261,0.000090803682
0x3632,4261,0.000090803682
0x3633,4261,0.000090803682
0x3634,4261,0.000090803682
0x3635,4261,0.000090803682
0x3636,4261,0.000090803682
0x3637,4261,0.000090803682
0x363a,1321,0.000028151059
0x363c,1321,0.000028151059
0x363d,1321,0.000028151059
0x363e,1321,0.000028151059
0x363f,1321,0.000028151059
0x3641,1321,0.000028151059
0x3642,1321,0.000028151059
0x3645,172,0.000003665392
0x3646,172,0.000003665392
0x3647,172,0.000003665392
0x3648,1321,0.000028151059
0x3649,1321,0.000028151059
0x364a,1321,0.000028151059
0x364b,1321,0.000028151059
0x364c,1321,0.000028151059
0x364d,1321,0.000028151059
0x364e,1321,0.000028151059
0x364f,1321,0.000028151059
0x3650,1321,0.000028151059
0x3651,1321,0.000028151059
0x3652,1321,0.000028151059
0x3654,1321,0.000028151059
0x3655,1321,0.000028151059
0x3656,1321,0.000028151059
0x3657,1321,0.000028151059
0x365a,980,0.000020884208
0x365d,980,0.000020884208
0x365e,980,0.000020884208
0x3661,284,0.000006052158
0x3662,284,0.000006052158
0x3663,1321,0.000028151059
0x3665,1321,0.000028151059
0x3666,1321,0.000028151059
0x366a,3198,0.000068150710
0x366b,3198,0.000068150710
0x366c,3198,0.000068150710
0x366d,112,0.000002386767
0x366e,112,0.000002386767
0x366f,112,0.000002386767
0x3670,112,0.000002386767
0x3671,112,0.000002386767
0x3672,103,0.000002194973
0x3673,103,0.000002194973
0x3674,103,0.000002194973
0x3675,103,0.000002194973
0x3676,103,0.000002194973
0x3679,103,0.000002194973
0x367b,103,0.000002194973
0x367c,103,0.000002194973
0x367f,103,0.000002194973
0x3680,103,0.000002194973
0x3683,103,0.000002194973
0x3684,103,0.000002194973
0x3686,103,0.000002194973
0x3689,103,0.000002194973
0x368a,103,0.000002194973
0x368b,103,0.000002194973
0x368d,103,0.000002194973
0x368e,80,0.000001704833
0x3690,80,0.000001704833
0x3691,65,0.000001385177
0x3692,65,0.000001385177
0x3695,2940,0.000062652623
0x3696,2940,0.000062652623
0x3697,2940,0.000062652623
0x3698,2940,0.000062652623
0x3699,2940,0.000062652623
0x369a,2940,0.000062652623
0x369b,2940,0.000062652623
0x369c,2940,0.000062652623
0x369d,80,0.000001704833
0x369e,80,0.000001704833
0x36a0,80,0.000001704833
0x36a1,80,0.000001704833
0x36a4,80,0.000001704833
0x36a6,80,0.000001704833
0x36a7,80,0.000001704833
0x36aa,75,0.000001598281
0x36ab,80,0.000001704833
0x36ae,80,0.000001704833
0x36b0,80,0.000001704833
0x36b3,80,0.000001704833
0x36b4,80,0.000001704833
0x36b6,80,0.000001704833
0x36b7,77,0.000001640902
0x36b9,77,0.000001640902
0x36ba,75,0.000001598281
0x36bb,75,0.000001598281
0x36c0,2533,0.000053979283
0x36c1,2533,0.000053979283
0x36c2,2533,0.000053979283
0x36c3,1266,0.000026978986
0x36c4,1266,0.000026978986
0x36c5,1266,0.000026978986
0x36c6,1266,0.000026978986
0x36c8,1266,0.000026978986
0x36c9,1266,0.000026978986
0x36cc,211,0.000004496498
0x36cd,211,0.000004496498
0x36ce,211,0.000004496498
0x36cf,211,0.000004496498
0x36d2,3431,0.000073116037
0x36d3,3431,0.000073116037
0x36d4,3431,0.000073116037
0x36d5,3431,0.000073116037
0x36d6,3431,0.000073116037
0x36d7,3431,0.000073116037
0x36d8,128,0.000002727733
0x36d9,128,0.000002727733
0x36da,128,0.000002727733
0x36db,128,0.000002727733
0x36dc,128,0.000002727733
0x36dd,128,0.000002727733
0x36de,128,0.000002727733
0x36e1,128,0.000002727733
0x36e3,128,0.000002727733
0x36e6,128,0.000002727733
0x36ea,4305,0.000091741340
0x36eb,4305,0.000091741340
0x36ec,4305,0.000091741340
0x36ed,4305,0.000091741340
0x36ee,4305,0.000091741340
0x36ef,4305,0.000091741340
0x36f0,933,0.000019882618
0x36f1,933,0.000019882618
0x36f2,933,0.000019882618
0x36f3,933,0.000019882618
0x36f5,933,0.000019882618
0x36f6,65,0.000001385177
0x36f7,65,0.000001385177
0x36f8,65,0.000001385177
0x36f9,65,0.000001385177
0x36fa,65,0.000001385177
0x36fb,65,0.000001385177
0x36fc,65,0.000001385177
0x36fd,65,0.000001385177
0x36fe,65,0.000001385177
0x3701,65,0.000001385177
0x3703,65,0.000001385177
0x3706,65,0.000001385177
0x370a,3452,0.000073563555
0x370b,3452,0.000073563555
0x370c,3452,0.000073563555
0x370d,3452,0.000073563555
0x370e,3452,0.000073563555
0x370f,3452,0.000073563555
0x3710,298,0.000006350504
0x3711,298,0.000006350504
0x3712,298,0.000006350504
0x3713,298,0.000006350504
0x3715,298,0.000006350504
0x3716,96,0.000002045800
0x3717,96,0.000002045800
0x3718,96,0.000002045800
0x3719,96,0.000002045800
0x371a,96,0.000002045800
0x371b,96,0.000002045800
0x371c,96,0.000002045800
0x371d,96,0.000002045800
0x371e,96,0.000002045800
0x3721,96,0.000002045800
0x3723,96,0.000002045800
0x3726,96,0.000002045800
0x3729,96,0.000002045800
0x372a,96,0.000002045800
0x372c,96,0.000002045800
0x372d,46,0.000000980279
0x372e,46,0.000000980279
0x3730,46,0.000000980279
0x3731,46,0.000000980279
0x3732,46,0.000000980279
0x3733,46,0.000000980279
0x3734,46,0.000000980279
0x3735,46,0.000000980279
0x3736,46,0.000000980279
0x3739,46,0.000000980279
0x373b,46,0.000000980279
0x373e,46,0.000000980279
0x3744,104,0.000002216283
0x3746,104,0.000002216283
0x3747,104,0.000002216283
0x3748,104,0.000002216283
0x3749,104,0.000002216283
0x374a,104,0.000002216283
0x374c,104,0.000002216283
0x374d,104,0.000002216283
0x374e,104,0.000002216283
0x3750,104,0.000002216283
0x3751,104,0.000002216283
0x3752,15,0.000000319656
0x3753,15,0.000000319656
0x3754,15,0.000000319656
0x3758,18226,0.000388403639
0x3759,18226,0.000388403639
0x375a,18226,0.000388403639
0x375b,256,0.000005455466
0x375c,256,0.000005455466
0x375f,240,0.000005114500
0x3760,240,0.000005114500
0x3761,240,0.000005114500
0x3764,128,0.000002727733
0x3766,128,0.000002727733
0x3767,128,0.000002727733
0x3769,128,0.000002727733
0x376a,128,0.000002727733
0x376b,128,0.000002727733
0x376c,128,0.000002727733
0x376d,128,0.000002727733
0x376e,128,0.000002727733
0x376f,128,0.000002727733
0x3770,128,0.000002727733
0x3771,128,0.000002727733
0x3772,128,0.000002727733
0x3773,128,0.000002727733
0x3774,128,0.000002727733
0x3777,128,0.000002727733
0x377a,128,0.000002727733
0x377b,128,0.000002727733
0x377c,128,0.000002727733
0x377d,128,0.000002727733
0x377e,128,0.000002727733
0x3780,128,0.000002727733
0x3781,128,0.000002727733
0x3782,128,0.000002727733
0x3783,128,0.000002727733
0x3786,128,0.000002727733
0x3787,128,0.000002727733
0x3788,104,0.000002216283
0x3789,104,0.000002216283
0x378c,104,0.000002216283
0x378e,104,0.000002216283
0x378f,104,0.000002216283
0x3791,104,0.000002216283
0x3792,104,0.000002216283
0x3796,128,0.000002727733
0x3798,128,0.000002727733
0x3799,128,0.000002727733
0x379b,128,0.000002727733
0x379e,48,0.000001022900
0x379f,128,0.000002727733
0x37a0,128,0.000002727733
0x37a1,128,0.000002727733
0x37a4,128,0.000002727733
0x37a5,128,0.000002727733
0x37a6,89,0.000001896627
0x37a7,89,0.000001896627
0x37aa,89,0.000001896627
0x37b0,112,0.000002386767
0x37b1,112,0.000002386767
0x37b2,112,0.000002386767
0x37b3,112,0.000002386767
0x37b4,112,0.000002386767
0x37b5,112,0.000002386767
0x37b6,112,0.000002386767
0x37b7,112,0.000002386767
0x37b8,112,0.000002386767
0x37b9,112,0.000002386767
0x37ba,112,0.000002386767
0x37bb,112,0.000002386767
0x37be,112,0.000002386767
0x37c0,112,0.000002386767
0x37c1,112,0.000002386767
0x37c4,112,0.000002386767
0x37c6,112,0.000002386767
0x37cc,16,0.000000340967
0x37cd,16,0.000000340967
0x37ce,16,0.000000340967
0x37cf,16,0.000000340967
0x37d0,16,0.000000340967
0x37d2,16,0.000000340967
0x37d4,16,0.000000340967
0x37d5,16,0.000000340967
0x37d7,16,0.000000340967
0x37da,16,0.000000340967
0x37dd,416,0.000008865133
0x37de,416,0.000008865133
0x37df,416,0.000008865133
0x37e0,416,0.000008865133
0x37e1,416,0.000008865133
0x37e2,416,0.000008865133
0x37e5,16,0.000000340967
0x3800,9026,0.000192347813
0x3803,9026,0.000192347813
0x3805,9026,0.000192347813
0x3806,4609,0.000098219707
0x3809,4609,0.000098219707
0x380b,4609,0.000098219707
0x380c,4609,0.000098219707
0x380f,4609,0.000098219707
0x3810,4609,0.000098219707
0x3813,4609,0.000098219707
0x3815,4609,0.000098219707
0x3816,4609,0.000098219707
0x3819,4609,0.000098219707
0x381a,4609,0.000098219707
0x381b,4609,0.000098219707
0x381d,4609,0.000098219707
0x381e,4609,0.000098219707
0x381f,4609,0.000098219707
0x3820,4609,0.000098219707
0x3822,4609,0.000098219707
0x3823,66,0.000001406487
0x3824,66,0.000001406487
0x3827,66,0.000001406487
0x3829,66,0.000001406487
0x382b,66,0.000001406487
0x382c,66,0.000001406487
0x382e,66,0.000001406487
0x382f,66,0.000001406487
0x3830,66,0.000001406487
0x3832,66,0.000001406487
0x3833,66,0.000001406487
0x3834,66,0.000001406487
0x3835,66,0.000001406487
0x3837,66,0.000001406487
0x3838,66,0.000001406487
0x3839,66,0.000001406487
0x383b,66,0.000001406487
0x383c,66,0.000001406487
0x383e,66,0.000001406487
0x3841,41,0.000000873727
0x3844,47,0.000001001590
0x3846,47,0.000001001590
0x3847,47,0.000001001590
0x3849,47,0.000001001590
0x384a,47,0.000001001590
0x384b,47,0.000001001590
0x384c,25,0.000000532760
0x384f,25,0.000000532760
0x3850,25,0.000000532760
0x3851,25,0.000000532760
0x3853,25,0.000000532760
0x3854,25,0.000000532760
0x3855,25,0.000000532760
0x3856,25,0.000000532760
0x3857,25,0.000000532760
0x3858,25,0.000000532760
0x3859,25,0.000000532760
0x385c,25,0.000000532760
0x385d,25,0.000000532760
0x385f,25,0.000000532760
0x3862,12,0.000000255725
0x3863,12,0.000000255725
0x3865,12,0.000000255725
0x3868,12,0.000000255725
0x386b,12,0.000000255725
0x386e,12,0.000000255725
0x386f,12,0.000000255725
0x3871,12,0.000000255725
0x3874,6,0.000000127862
0x3875,6,0.000000127862
0x3876,6,0.000000127862
0x3878,6,0.000000127862
0x387a,6,0.000000127862
0x387b,6,0.000000127862
0x387c,6,0.000000127862
0x387e,6,0.000000127862
0x3881,6,0.000000127862
0x3882,6,0.000000127862
0x3883,6,0.000000127862
0x3884,6,0.000000127862
0x3885,6,0.000000127862
0x3887,6,0.000000127862
0x388a,5,0.000000106552
0x388b,5,0.000000106552
0x388c,5,0.000000106552
0x388d,5,0.000000106552
0x3894,13,0.000000277035
0x3897,13,0.000000277035
0x3899,13,0.000000277035
0x389c,13,0.000000277035
0x38a1,29,0.000000618002
0x38a2,29,0.000000618002
0x38a4,29,0.000000618002
0x38a5,29,0.000000618002
0x38a6,29,0.000000618002
0x38a7,29,0.000000618002
0x38a8,29,0.000000618002
0x38a9,29,0.000000618002
0x38ac,29,0.000000618002
0x38ae,29,0.000000618002
0x38af,29,0.000000618002
0x38b1,29,0.000000618002
0x38b4,29,0.000000618002
0x38b5,29,0.000000618002
0x38bc,36,0.000000767175
0x38be,36,0.000000767175
0x38bf,36,0.000000767175
0x38c1,36,0.000000767175
0x38c2,36,0.000000767175
0x38c3,36,0.000000767175
0x38c4,4,0.000000085242
0x38c7,4,0.000000085242
0x38c8,4,0.000000085242
0x38ca,4,0.000000085242
0x38cd,4,0.000000085242
0x38cf,4,0.000000085242
0x38d2,2,0.000000042621
0x38d3,2,0.000000042621
0x38d4,2,0.000000042621
0x38d5,2,0.000000042621
0x38d7,2,0.000000042621
0x38d8,2,0.000000042621
0x38db,2,0.000000042621
0x38dc,2,0.000000042621
0x38dd,2,0.000000042621
0x38de,2,0.000000042621
0x38df,2,0.000000042621
0x38e1,2,0.000000042621
0x38e2,2,0.000000042621
0x38e4,2,0.000000042621
0x38e5,2,0.000000042621
0x38e7,2,0.000000042621
0x38e8,2,0.000000042621
0x38e9,4,0.000000085242
0x38eb,4,0.000000085242
0x38ee,4,0.000000085242
0x38f1,4,0.000000085242
0x38f8,17,0.000000362277
0x38fb,29,0.000000618002
0x38fc,29,0.000000618002
0x38fd,29,0.000000618002
0x3900,1,0.000000021310
0x3901,1,0.000000021310
0x3902,1,0.000000021310
0x3903,1,0.000000021310
0x3904,1,0.000000021310
0x3905,1,0.000000021310
0x3906,29,0.000000618002
0x3907,29,0.000000618002
0x3908,29,0.000000618002
0x3909,29,0.000000618002
0x390a,29,0.000000618002
0x390d,29,0.000000618002
0x390e,29,0.000000618002
0x390f,29,0.000000618002
0x3912,29,0.000000618002
0x3913,29,0.000000618002
0x3916,29,0.000000618002
0x3918,29,0.000000618002
0x391b,29,0.000000618002
0x391c,41,0.000000873727
0x391d,41,0.000000873727
0x391f,41,0.000000873727
0x3922,5,0.000000106552
0x3923,11393,0.000242789568
0x3930,1922,0.000040958619
0x3933,1922,0.000040958619
0x3935,1922,0.000040958619
0x3937,1922,0.000040958619
0x3938,1922,0.000040958619
0x393a,1922,0.000040958619
0x393b,1922,0.000040958619
0x393c,1922,0.000040958619
0x393d,1922,0.000040958619
0x393f,1922,0.000040958619
0x3942,961,0.000020479310
0x3945,961,0.000020479310
0x3946,961,0.000020479310
0x3947,961,0.000020479310
0x394a,961,0.000020479310
0x394b,961,0.000020479310
0x394c,6078,0.000129524707
0x394d,6078,0.000129524707
0x3950,5873,0.000125156072
0x3951,5873,0.000125156072
0x3952,5873,0.000125156072
0x3954,5873,0.000125156072
0x3955,5873,0.000125156072
0x3956,5873,0.000125156072
0x3959,756,0.000016110674
0x395c,6078,0.000129524707
0x395d,6078,0.000129524707
0x395f,6078,0.000129524707
0x3960,1521,0.000032413142
0x3961,1521,0.000032413142
0x3963,1521,0.000032413142
0x3964,1521,0.000032413142
0x3965,1521,0.000032413142
0x3966,1521,0.000032413142
0x3967,1153,0.000024570909
0x3968,1153,0.000024570909
0x3969,205,0.000004368635
0x396b,205,0.000004368635
0x396c,205,0.000004368635
0x396d,205,0.000004368635
0x396e,205,0.000004368635
0x396f,205,0.000004368635
0x3972,205,0.000004368635
0x3973,205,0.000004368635
0x3975,205,0.000004368635
0x3976,205,0.000004368635
0x3977,205,0.000004368635
0x3978,205,0.000004368635
0x397a,205,0.000004368635
0x397b,205,0.000004368635
0x3980,4228,0.000090100438
0x3983,4228,0.000090100438
0x3985,4228,0.000090100438
0x3986,297,0.000006329194
0x3988,297,0.000006329194
0x3989,285,0.000006073469
0x398c,285,0.000006073469
0x398f,285,0.000006073469
0x3991,285,0.000006073469
0x3994,285,0.000006073469
0x3996,285,0.000006073469
0x3998,285,0.000006073469
0x399b,285,0.000006073469
0x399d,285,0.000006073469
0x39a0,285,0.000006073469
0x39a2,285,0.000006073469
0x39a5,285,0.000006073469
0x39a7,285,0.000006073469
0x39a9,285,0.000006073469
0x39ac,285,0.000006073469
0x39af,285,0.000006073469
0x39b0,285,0.000006073469
0x39b3,144,0.000003068700
0x39b4,144,0.000003068700
0x39b6,144,0.000003068700
0x39b7,144,0.000003068700
0x39b9,144,0.000003068700
0x39ba,144,0.000003068700
0x39bb,144,0.000003068700
0x39bc,144,0.000003068700
0x39be,144,0.000003068700
0x39bf,285,0.000006073469
0x39c0,285,0.000006073469
0x39c3,570,0.000012146937
0x39c6,570,0.000012146937
0x39c9,570,0.000012146937
0x39ca,570,0.000012146937
0x39cc,570,0.000012146937
0x39cf,570,0.000012146937
0x39d2,570,0.000012146937
0x39d3,570,0.000012146937
0x39d4,570,0.000012146937
0x39d6,570,0.000012146937
0x39d8,570,0.000012146937
0x39db,285,0.000006073469
0x39de,285,0.000006073469
0x39e1,285,0.000006073469
0x39e3,285,0.000006073469
0x39e6,285,0.000006073469
0x39e8,285,0.000006073469
0x39ea,285,0.000006073469
0x3a00,1922,0.000040958619
0x3a03,1922,0.000040958619
0x3a05,1922,0.000040958619
0x3a06,1922,0.000040958619
0x3a07,1922,0.000040958619
0x3a08,1922,0.000040958619
0x3a0b,1922,0.000040958619
0x3a0c,1922,0.000040958619
0x3a0d,1922,0.000040958619
0x3a0e,961,0.000020479310
0x3a0f,961,0.000020479310
0x3a10,11777,0.000250972767
0x3a13,11777,0.000250972767
0x3a14,11777,0.000250972767
0x3a15,11777,0.000250972767
0x3a18,384,0.000008183200
0x3a1a,384,0.000008183200
0x3a1c,384,0.000008183200
0x3a1d,11393,0.000242789568
0x3a20,11393,0.000242789568
0x3a21,11393,0.000242789568
0x3a22,11393,0.000242789568
0x3a25,416,0.000008865133
0x3a27,416,0.000008865133
0x3a2a,13,0.000000277035
0x3a2c,416,0.000008865133
0x3a2d,416,0.000008865133
0x3a2e,416,0.000008865133
0x3a2f,416,0.000008865133
0x3a30,416,0.000008865133
0x3a31,416,0.000008865133
0x3a32,416,0.000008865133
0x3a34,416,0.000008865133
0x3a36,416,0.000008865133
0x3a37,416,0.000008865133
0x3a39,416,0.000008865133
0x3a3b,416,0.000008865133
0x3a3d,416,0.000008865133
0x3a3f,416,0.000008865133
0x3a40,10977,0.000233924435
0x3a42,10977,0.000233924435
0x3a43,10977,0.000233924435
0x3a44,10977,0.000233924435
0x3a47,736,0.000015684466
0x3a49,736,0.000015684466
0x3a4c,46,0.000000980279
0x3a4e,736,0.000015684466
0x3a4f,736,0.000015684466
0x3a50,736,0.000015684466
0x3a51,736,0.000015684466
0x3a52,736,0.000015684466
0x3a53,736,0.000015684466
0x3a54,736,0.000015684466
0x3a56,736,0.000015684466
0x3a58,736,0.000015684466
0x3a5a,736,0.000015684466
0x3a5b,736,0.000015684466
0x3a5d,736,0.000015684466
0x3a5f,736,0.000015684466
0x3a62,10241,0.000218239968
0x3a64,10241,0.000218239968
0x3a65,10241,0.000218239968
0x3a66,10241,0.000218239968
0x3a67,169,0.000003601460
0x3a69,169,0.000003601460
0x3a6c,25,0.000000532760
0x3a6e,25,0.000000532760
0x3a71,25,0.000000532760
0x3a73,25,0.000000532760
0x3a76,21,0.000000447519
0x3a78,169,0.000003601460
0x3a79,169,0.000003601460
0x3a7b,169,0.000003601460
0x3a7c,169,0.000003601460
0x3a7e,169,0.000003601460
0x3a80,169,0.000003601460
0x3a81,169,0.000003601460
0x3a82,11393,0.000242789568
0x3a85,11393,0.000242789568
0x3a86,11393,0.000242789568
0x3a88,11393,0.000242789568
0x3a89,4921,0.000104868556
0x3a8b,4921,0.000104868556
0x3a8c,4921,0.000104868556
0x3a8e,4921,0.000104868556
0x3a8f,4921,0.000104868556
0x3a90,11393,0.000242789568
0x3a93,11393,0.000242789568
0x3a94,11393,0.000242789568
0x3a95,11393,0.000242789568
0x3a98,7702,0.000164132823
0x3a9b,7702,0.000164132823
0x3a9e,7702,0.000164132823
0x3aa1,123232,0.002626125163
0x3aa2,123232,0.002626125163
0x3aa3,123232,0.002626125163
0x3aa4,123232,0.002626125163
0x3aa7,77289,0.001647060729
0x3aa8,77289,0.001647060729
0x3aaa,77289,0.001647060729
0x3aad,20943,0.000446304039
0x3aae,123232,0.002626125163
0x3aaf,123232,0.002626125163
0x3ab0,123232,0.002626125163
0x3ab1,123232,0.002626125163
0x3ab2,123232,0.002626125163
0x3ab5,7702,0.000164132823
0x3ab6,7702,0.000164132823
0x3ab7,7702,0.000164132823
0x3ab8,5853,0.000124729864
0x3aba,5853,0.000124729864
0x3abd,426,0.000009078237
0x3abf,5853,0.000124729864
0x3ac1,5853,0.000124729864
0x3ac2,5853,0.000124729864
0x3ac5,5853,0.000124729864
0x3ac6,5853,0.000124729864
0x3ac8,5853,0.000124729864
0x3ac9,5853,0.000124729864
0x3aca,5853,0.000124729864
0x3ad0,2332,0.000049695890
0x3ad3,2332,0.000049695890
0x3ad4,2332,0.000049695890
0x3ad6,2332,0.000049695890
0x3ad7,2332,0.000049695890
0x3ad8,2332,0.000049695890
0x3ada,2332,0.000049695890
0x3adb,2332,0.000049695890
0x3adc,2332,0.000049695890
0x3add,2332,0.000049695890
0x3adf,2332,0.000049695890
0x3ae0,2332,0.000049695890
0x3ae1,2332,0.000049695890
0x3ae3,2332,0.000049695890
0x3ae4,2332,0.000049695890
0x3ae5,2332,0.000049695890
0x3ae6,2332,0.000049695890
0x3ae9,2266,0.000048289402
0x3aec,2266,0.000048289402
0x3aee,2266,0.000048289402
0x3aef,2266,0.000048289402
0x3af1,2266,0.000048289402
0x3af2,2266,0.000048289402
0x3af3,2266,0.000048289402
0x3af4,63,0.000001342556
0x3af6,63,0.000001342556
0x3af8,66,0.000001406487
0x3afa,66,0.000001406487
0x3afb,66,0.000001406487
0x3afc,66,0.000001406487
0x3afd,66,0.000001406487
0x3aff,66,0.000001406487
0x3b00,66,0.000001406487
0x3b02,4475,0.000095364111
0x3b05,4475,0.000095364111
0x3b06,4475,0.000095364111
0x3b08,4475,0.000095364111
0x3b09,1145,0.000024400426
0x3b0a,1145,0.000024400426
0x3b0b,1145,0.000024400426
0x3b0c,1145,0.000024400426
0x3b0e,1145,0.000024400426
0x3b10,1145,0.000024400426
0x3b12,1145,0.000024400426
0x3b13,320,0.000006819333
0x3b14,320,0.000006819333
0x3b16,320,0.000006819333
0x3b18,320,0.000006819333
0x3b19,320,0.000006819333
0x3b1b,11393,0.000242789568
0x3b1e,11393,0.000242789568
0x3b1f,11393,0.000242789568
0x3b20,11393,0.000242789568
0x3b21,256,0.000005455466
0x3b23,256,0.000005455466
0x3b26,4,0.000000085242
0x3b28,256,0.000005455466
0x3b29,256,0.000005455466
0x3b2a,256,0.000005455466
0x3b2c,256,0.000005455466
0x3b2d,256,0.000005455466
0x3b2e,256,0.000005455466
0x3b30,256,0.000005455466
0x3b31,256,0.000005455466
0x3b33,11393,0.000242789568
0x3b36,11393,0.000242789568
0x3b37,11393,0.000242789568
0x3b38,11393,0.000242789568
0x3b39,202,0.000004304704
0x3b3a,202,0.000004304704
0x3b3c,202,0.000004304704
0x3b3e,202,0.000004304704
0x3b40,202,0.000004304704
0x3b41,202,0.000004304704
0x3b43,11393,0.000242789568
0x3b46,11393,0.000242789568
0x3b47,11393,0.000242789568
0x3b49,11393,0.000242789568
0x3b4c,11393,0.000242789568
0x3b4f,11393,0.000242789568
0x3b52,11393,0.000242789568
0x3b55,11393,0.000242789568
0x3b58,11393,0.000242789568
0x3b5b,11393,0.000242789568
