pc,count,frequency
0x0000,1,0.000000046854
0x0001,1,0.000000046854
0x0002,1,0.000000046854
0x0003,1,0.000000046854
0x0004,1,0.000000046854
0x0005,1,0.000000046854
0x0006,1,0.000000046854
0x0007,1,0.000000046854
0x0008,1,0.000000046854
0x000b,1,0.000000046854
0x000d,1,0.000000046854
0x000f,1,0.000000046854
0x0012,1,0.000000046854
0x0015,1,0.000000046854
0x0017,1,0.000000046854
0x001a,11730,0.000549593891
0x001d,11730,0.000549593891
0x0020,11730,0.000549593891
0x0021,11730,0.000549593891
0x0024,11706,0.000548469402
0x0027,11705,0.000548422548
0x002a,11705,0.000548422548
0x002d,24,0.000001124489
0x002f,24,0.000001124489
0x0031,24,0.000001124489
0x0032,24,0.000001124489
0x0034,24,0.000001124489
0x0035,24,0.000001124489
0x0038,24,0.000001124489
0x0039,24,0.000001124489
0x003c,24,0.000001124489
0x003d,24,0.000001124489
0x0040,7,0.000000327976
0x0043,7,0.000000327976
0x0046,17,0.000000796513
0x0049,17,0.000000796513
0x0050,1,0.000000046854
0x0052,1,0.000000046854
0x0054,1,0.000000046854
0x0056,1,0.000000046854
0x0058,1,0.000000046854
0x005a,1,0.000000046854
0x005c,1,0.000000046854
0x005f,1,0.000000046854
0x0061,1,0.000000046854
0x0063,1,0.000000046854
0x0066,1,0.000000046854
0x0068,1,0.000000046854
0x006a,1,0.000000046854
0x006b,2,0.000000093707
0x006e,2,0.000000093707
0x0070,6130,0.000287213176
0x0072,6130,0.000287213176
0x0073,6130,0.000287213176
0x0074,6130,0.000287213176
0x0077,2,0.000000093707
0x0080,637079,0.029849507793
0x0082,637079,0.029849507793
0x0083,637079,0.029849507793
0x0085,637079,0.029849507793
0x0088,23520,0.001101999004
0x0089,23520,0.001101999004
0x008b,23520,0.001101999004
0x008e,11750,0.000550530965
0x0090,11750,0.000550530965
0x0091,11750,0.000550530965
0x0094,11750,0.000550530965
0x0095,11750,0.000550530965
0x0096,11750,0.000550530965
0x0097,11750,0.000550530965
0x0098,11750,0.000550530965
0x009a,11750,0.000550530965
0x009d,11750,0.000550530965
0x009f,11750,0.000550530965
0x00a0,11750,0.000550530965
0x00a2,11750,0.000550530965
0x00a3,11750,0.000550530965
0x00a6,11750,0.000550530965
0x00a8,11750,0.000550530965
0x00ab,11750,0.000550530965
0x00ac,1,0.000000046854
0x00ae,1,0.000000046854
0x00af,1,0.000000046854
0x00b0,1,0.000000046854
0x00b2,1,0.000000046854
0x00b5,1,0.000000046854
0x00bb,26788,0.001255116892
0x00be,26788,0.001255116892
0x00bf,26788,0.001255116892
0x00c0,26788,0.001255116892
0x00c1,26788,0.001255116892
0x00c2,26788,0.001255116892
0x00c3,26788,0.001255116892
0x00c4,1340,0.000062783957
0x00c5,1340,0.000062783957
0x00c7,1340,0.000062783957
0x00c9,1340,0.000062783957
0x00ca,1340,0.000062783957
0x00cd,1340,0.000062783957
0x00ce,1340,0.000062783957
0x00cf,1340,0.000062783957
0x00d0,1340,0.000062783957
0x00d1,1340,0.000062783957
0x00d2,1340,0.000062783957
0x00d3,1340,0.000062783957
0x00d4,1340,0.000062783957
0x00d6,1340,0.000062783957
0x00d8,1340,0.000062783957
0x00d9,1340,0.000062783957
0x00dc,1340,0.000062783957
0x00dd,1340,0.000062783957
0x00de,1340,0.000062783957
0x00e1,503,0.000023567411
0x00e3,17,0.000000796513
0x00e6,17,0.000000796513
0x00e9,17,0.000000796513
0x00ec,17,0.000000796513
0x00ef,17,0.000000796513
0x00f2,16,0.000000749659
0x00f5,16,0.000000749659
0x00f8,16,0.000000749659
0x00fb,16,0.000000749659
0x0140,10,0.000000468537
0x0143,10,0.000000468537
0x0146,10,0.000000468537
0x0149,10,0.000000468537
0x014c,10,0.000000468537
0x014e,10,0.000000468537
0x014f,10,0.000000468537
0x0151,10,0.000000468537
0x0152,10,0.000000468537
0x0153,10,0.000000468537
0x0154,10,0.000000468537
0x0156,10,0.000000468537
0x0158,10,0.000000468537
0x015b,10,0.000000468537
0x015d,10,0.000000468537
0x015f,10,0.000000468537
0x0161,10,0.000000468537
0x0164,10,0.000000468537
0x0166,10,0.000000468537
0x0167,10,0.000000468537
0x0168,10,0.000000468537
0x016a,10,0.000000468537
0x016b,10,0.000000468537
0x016d,10,0.000000468537
0x016f,10,0.000000468537
0x0172,10,0.000000468537
0x0196,16,0.000000749659
0x0197,16,0.000000749659
0x0199,16,0.000000749659
0x019b,16,0.000000749659
0x019c,12,0.000000562244
0x019d,12,0.000000562244
0x019e,12,0.000000562244
0x01a0,12,0.000000562244
0x01a1,12,0.000000562244
0x01a2,12,0.000000562244
0x01a3,12,0.000000562244
0x01a5,12,0.000000562244
0x01a6,12,0.000000562244
0x01a7,12,0.000000562244
0x01a8,12,0.000000562244
0x01ab,12,0.000000562244
0x01ae,12,0.000000562244
0x01af,12,0.000000562244
0x01b0,12,0.000000562244
0x01b1,12,0.000000562244
0x01b2,12,0.000000562244
0x01b3,12,0.000000562244
0x01b4,12,0.000000562244
0x01b5,12,0.000000562244
0x01b6,12,0.000000562244
0x01b7,12,0.000000562244
0x01b8,12,0.000000562244
0x01b9,12,0.000000562244
0x01ba,12,0.000000562244
0x01bb,12,0.000000562244
0x01bd,12,0.000000562244
0x01be,12,0.000000562244
0x01c1,66,0.000003092344
0x01c4,66,0.000003092344
0x01c5,66,0.000003092344
0x01c8,12,0.000000562244
0x01c9,12,0.000000562244
0x01ca,12,0.000000562244
0x01d0,272,0.000012744206
0x01d1,272,0.000012744206
0x01d2,272,0.000012744206
0x01d3,272,0.000012744206
0x01d4,272,0.000012744206
0x01d6,272,0.000012744206
0x01d7,272,0.000012744206
0x01d9,272,0.000012744206
0x01dc,272,0.000012744206
0x01dd,272,0.000012744206
0x01e0,261,0.000012228815
0x01e1,1,0.000000046854
0x01e4,1,0.000000046854
0x01e7,1,0.000000046854
0x01e9,1,0.000000046854
0x01ed,7072,0.000331349360
0x01ee,7072,0.000331349360
0x01ef,7072,0.000331349360
0x01f0,7072,0.000331349360
0x01f3,7072,0.000331349360
0x01f4,7072,0.000331349360
0x01f7,272,0.000012744206
0x0200,11767,0.000551327478
0x0201,11767,0.000551327478
0x0202,39,0.000001827294
0x0203,39,0.000001827294
0x0204,39,0.000001827294
0x0205,39,0.000001827294
0x0206,12,0.000000562244
0x0207,12,0.000000562244
0x0208,12,0.000000562244
0x0209,12,0.000000562244
0x020a,12,0.000000562244
0x020b,12,0.000000562244
0x020c,12,0.000000562244
0x020d,12,0.000000562244
0x020e,12,0.000000562244
0x0210,5398,0.000252916268
0x0211,5398,0.000252916268
0x0213,5398,0.000252916268
0x0214,5398,0.000252916268
0x0215,814,0.000038138911
0x0216,814,0.000038138911
0x0217,66017,0.003093140656
0x0218,66017,0.003093140656
0x021a,66017,0.003093140656
0x021b,66017,0.003093140656
0x021c,10769,0.000504567486
0x021d,10769,0.000504567486
0x0220,163,0.000007637153
0x0221,163,0.000007637153
0x0222,163,0.000007637153
0x0223,163,0.000007637153
0x0224,163,0.000007637153
0x0225,163,0.000007637153
0x0226,163,0.000007637153
0x0227,163,0.000007637153
0x0228,163,0.000007637153
0x0229,163,0.000007637153
0x022a,163,0.000007637153
0x022b,163,0.000007637153
0x022c,163,0.000007637153
0x022e,163,0.000007637153
0x022f,163,0.000007637153
0x0230,163,0.000007637153
0x0231,163,0.000007637153
0x0232,163,0.000007637153
0x0258,17,0.000000796513
0x0259,17,0.000000796513
0x025a,17,0.000000796513
0x025b,1,0.000000046854
0x025c,1,0.000000046854
0x025d,1,0.000000046854
0x025e,1,0.000000046854
0x025f,1,0.000000046854
0x0260,16,0.000000749659
0x0263,16,0.000000749659
0x0264,16,0.000000749659
0x0267,16,0.000000749659
0x0270,16,0.000000749659
0x0271,16,0.000000749659
0x0272,16,0.000000749659
0x0273,16,0.000000749659
0x0274,16,0.000000749659
0x0275,16,0.000000749659
0x0276,16,0.000000749659
0x0277,16,0.000000749659
0x0278,16,0.000000749659
0x0279,16,0.000000749659
0x027a,16,0.000000749659
0x027b,16,0.000000749659
0x027c,16,0.000000749659
0x027d,16,0.000000749659
0x0288,7,0.000000327976
0x028b,7,0.000000327976
0x028e,7,0.000000327976
0x0290,7,0.000000327976
0x0293,7,0.000000327976
0x0295,7,0.000000327976
0x0298,7,0.000000327976
0x029a,7,0.000000327976
0x02a7,7,0.000000327976
0x02aa,7,0.000000327976
0x02ab,7,0.000000327976
0x02ac,7,0.000000327976
0x02ad,1,0.000000046854
0x02b0,1,0.000000046854
0x02b3,1,0.000000046854
0x02b6,1,0.000000046854
0x02b9,1,0.000000046854
0x02bc,1,0.000000046854
0x02be,1,0.000000046854
0x02c0,1,0.000000046854
0x02c3,1,0.000000046854
0x02c5,1,0.000000046854
0x02c7,1,0.000000046854
0x02cb,1,0.000000046854
0x02cd,1,0.000000046854
0x02cf,1,0.000000046854
0x02d4,1,0.000000046854
0x02d7,1,0.000000046854
0x02d8,1,0.000000046854
0x02db,1,0.000000046854
0x02dd,1,0.000000046854
0x02e3,1,0.000000046854
0x02e5,1,0.000000046854
0x02e6,1,0.000000046854
0x02e7,1,0.000000046854
0x02e8,1,0.000000046854
0x02ea,1,0.000000046854
0x02ed,1,0.000000046854
0x02f0,1,0.000000046854
0x02f3,1,0.000000046854
0x02f6,1,0.000000046854
0x02f9,1,0.000000046854
0x02fc,1,0.000000046854
0x02fe,1,0.000000046854
0x0300,1,0.000000046854
0x0303,1,0.000000046854
0x0306,1,0.000000046854
0x0308,1,0.000000046854
0x030b,1,0.000000046854
0x030d,1,0.000000046854
0x0310,1,0.000000046854
0x0314,165,0.000007730860
0x0315,165,0.000007730860
0x0316,165,0.000007730860
0x0317,165,0.000007730860
0x0318,165,0.000007730860
0x0319,165,0.000007730860
0x031a,165,0.000007730860
0x031b,165,0.000007730860
0x031c,165,0.000007730860
0x031d,165,0.000007730860
0x031e,165,0.000007730860
0x0320,2,0.000000093707
0x0321,2,0.000000093707
0x0322,2,0.000000093707
0x0323,2,0.000000093707
0x0324,2,0.000000093707
0x0325,2,0.000000093707
0x0326,2,0.000000093707
0x0327,2,0.000000093707
0x0328,2,0.000000093707
0x0329,2,0.000000093707
0x032a,2,0.000000093707
0x032e,1,0.000000046854
0x0331,8,0.000000374830
0x0333,8,0.000000374830
0x0334,8,0.000000374830
0x0335,8,0.000000374830
0x0337,8,0.000000374830
0x033a,1,0.000000046854
0x033c,1,0.000000046854
0x033f,1,0.000000046854
0x0341,1,0.000000046854
0x0344,1,0.000000046854
0x0346,1,0.000000046854
0x0349,1,0.000000046854
0x034b,1,0.000000046854
0x034e,1,0.000000046854
0x0350,1,0.000000046854
0x0353,1,0.000000046854
0x0355,1,0.000000046854
0x0357,1,0.000000046854
0x0358,1,0.000000046854
0x035b,1,0.000000046854
0x035c,1,0.000000046854
0x035e,1,0.000000046854
0x035f,1,0.000000046854
0x0361,1,0.000000046854
0x0367,5,0.000000234268
0x0369,5,0.000000234268
0x036a,5,0.000000234268
0x036c,5,0.000000234268
0x036f,5,0.000000234268
0x0370,5,0.000000234268
0x0371,5,0.000000234268
0x0373,5,0.000000234268
0x0376,5,0.000000234268
0x0377,24,0.000001124489
0x037a,24,0.000001124489
0x037b,24,0.000001124489
0x037c,24,0.000001124489
0x037d,24,0.000001124489
0x0380,23,0.000001077635
0x0383,23,0.000001077635
0x0386,23,0.000001077635
0x0389,8372,0.000392259169
0x038a,8372,0.000392259169
0x038b,8372,0.000392259169
0x038c,8372,0.000392259169
0x038d,8372,0.000392259169
0x038e,8372,0.000392259169
0x038f,8372,0.000392259169
0x0390,8372,0.000392259169
0x0393,598,0.000028018512
0x0394,598,0.000028018512
0x0395,598,0.000028018512
0x0396,598,0.000028018512
0x0397,598,0.000028018512
0x0398,598,0.000028018512
0x0399,598,0.000028018512
0x039a,598,0.000028018512
0x039d,23,0.000001077635
0x03a0,45,0.000002108416
0x03a3,45,0.000002108416
0x03a6,18720,0.000877101248
0x03a7,18720,0.000877101248
0x03a8,18720,0.000877101248
0x03a9,18720,0.000877101248
0x03aa,18720,0.000877101248
0x03ab,18720,0.000877101248
0x03ac,18720,0.000877101248
0x03af,45,0.000002108416
0x0400,11705,0.000548422548
0x0403,11705,0.000548422548
0x0406,11705,0.000548422548
0x0407,11705,0.000548422548
0x0408,11705,0.000548422548
0x0409,11705,0.000548422548
0x040a,11705,0.000548422548
0x040b,11705,0.000548422548
0x040c,11705,0.000548422548
0x040d,11705,0.000548422548
0x041e,21,0.000000983928
0x0421,21,0.000000983928
0x0423,21,0.000000983928
0x0424,21,0.000000983928
0x0427,21,0.000000983928
0x0429,21,0.000000983928
0x042a,21,0.000000983928
0x042d,21,0.000000983928
0x0430,4,0.000000187415
0x0433,4,0.000000187415
0x0435,4,0.000000187415
0x0436,4,0.000000187415
0x0438,4,0.000000187415
0x043a,4,0.000000187415
0x043b,4,0.000000187415
0x043d,4,0.000000187415
0x043f,4,0.000000187415
0x0440,3,0.000000140561
0x0441,3,0.000000140561
0x0442,3,0.000000140561
0x0443,3,0.000000140561
0x0445,3,0.000000140561
0x04ac,512,0.000023989094
0x04af,512,0.000023989094
0x04b0,512,0.000023989094
0x04b1,512,0.000023989094
0x04b2,512,0.000023989094
0x04b4,512,0.000023989094
0x04b5,512,0.000023989094
0x04b6,508,0.000023801679
0x04b8,508,0.000023801679
0x04ba,508,0.000023801679
0x04bd,504,0.000023614264
0x04bf,504,0.000023614264
0x04c1,504,0.000023614264
0x04c2,504,0.000023614264
0x04c4,504,0.000023614264
0x04c6,504,0.000023614264
0x04c9,252,0.000011807132
0x04cc,252,0.000011807132
0x04cd,252,0.000011807132
0x04d0,252,0.000011807132
0x04d1,252,0.000011807132
0x04d2,252,0.000011807132
0x04d4,252,0.000011807132
0x04d7,252,0.000011807132
0x04df,252,0.000011807132
0x04e1,252,0.000011807132
0x04e4,252,0.000011807132
0x04e6,252,0.000011807132
0x04e9,252,0.000011807132
0x04ea,252,0.000011807132
0x04eb,252,0.000011807132
0x04ee,252,0.000011807132
0x04f4,252,0.000011807132
0x04f6,252,0.000011807132
0x04f9,252,0.000011807132
0x04fb,1512,0.000070842793
0x04fd,1512,0.000070842793
0x04fe,1512,0.000070842793
0x0501,1512,0.000070842793
0x0502,1512,0.000070842793
0x0505,252,0.000011807132
0x0506,17,0.000000796513
0x0509,17,0.000000796513
0x050b,17,0.000000796513
0x050e,17,0.000000796513
0x0511,17,0.000000796513
0x0514,17,0.000000796513
0x0515,17,0.000000796513
0x0518,17,0.000000796513
0x051b,17,0.000000796513
0x051d,17,0.000000796513
0x0520,17,0.000000796513
0x0523,17,0.000000796513
0x0526,17,0.000000796513
0x0529,17,0.000000796513
0x052c,17,0.000000796513
0x052f,17,0.000000796513
0x0532,17,0.000000796513
0x0535,17,0.000000796513
0x0537,17,0.000000796513
0x053a,17,0.000000796513
0x053d,17,0.000000796513
0x0540,17,0.000000796513
0x0543,17,0.000000796513
0x0547,17,0.000000796513
0x054a,17,0.000000796513
0x054d,17,0.000000796513
0x054f,17,0.000000796513
0x0552,17,0.000000796513
0x0555,17,0.000000796513
0x0557,17,0.000000796513
0x055a,17,0.000000796513
0x0580,17,0.000000796513
0x0583,17,0.000000796513
0x0586,17,0.000000796513
0x0588,17,0.000000796513
0x0589,17,0.000000796513
0x058a,17,0.000000796513
0x058b,17,0.000000796513
0x058d,17,0.000000796513
0x0590,17,0.000000796513
0x0592,17,0.000000796513
0x0595,17,0.000000796513
0x05d8,100,0.000004685370
0x05d9,4650,0.000217869701
0x05da,4650,0.000217869701
0x05db,4650,0.000217869701
0x05dc,4650,0.000217869701
0x05df,100,0.000004685370
0x05e0,5018,0.000235111862
0x05e1,5018,0.000235111862
0x05e2,5018,0.000235111862
0x05e3,5018,0.000235111862
0x05e4,5018,0.000235111862
0x05e5,5018,0.000235111862
0x05e8,1464,0.000068593816
0x05ec,17,0.000000796513
0x05ef,17,0.000000796513
0x05f2,17,0.000000796513
0x05f4,17,0.000000796513
0x05f5,17,0.000000796513
0x05f6,17,0.000000796513
0x05f7,17,0.000000796513
0x05f8,17,0.000000796513
0x05f9,17,0.000000796513
0x05fa,101,0.000004732224
0x05fd,101,0.000004732224
0x0600,101,0.000004732224
0x0601,101,0.000004732224
0x0602,101,0.000004732224
0x0603,1516,0.000071030208
0x0604,1516,0.000071030208
0x0605,1516,0.000071030208
0x0606,1516,0.000071030208
0x0607,1516,0.000071030208
0x0608,1516,0.000071030208
0x0609,1516,0.000071030208
0x060a,1516,0.000071030208
0x060d,96,0.000004497955
0x0610,17,0.000000796513
0x0613,17,0.000000796513
0x0616,17,0.000000796513
0x0617,17,0.000000796513
0x0619,17,0.000000796513
0x061a,17,0.000000796513
0x061b,17,0.000000796513
0x061c,17,0.000000796513
0x061d,17,0.000000796513
0x061e,17,0.000000796513
0x061f,17,0.000000796513
0x0621,17,0.000000796513
0x0624,17,0.000000796513
0x0627,17,0.000000796513
0x0628,17,0.000000796513
0x0629,17,0.000000796513
0x062a,172,0.000008058836
0x062b,172,0.000008058836
0x062c,172,0.000008058836
0x062d,172,0.000008058836
0x062e,172,0.000008058836
0x062f,172,0.000008058836
0x0630,172,0.000008058836
0x0631,172,0.000008058836
0x0632,172,0.000008058836
0x0633,172,0.000008058836
0x0634,172,0.000008058836
0x0635,172,0.000008058836
0x0638,12,0.000000562244
0x0650,17,0.000000796513
0x0653,17,0.000000796513
0x0656,17,0.000000796513
0x0658,17,0.000000796513
0x0659,17,0.000000796513
0x065a,17,0.000000796513
0x065b,17,0.000000796513
0x065c,17,0.000000796513
0x065d,17,0.000000796513
0x065e,17,0.000000796513
0x0661,17,0.000000796513
0x0664,17,0.000000796513
0x0665,17,0.000000796513
0x0666,17,0.000000796513
0x0667,172,0.000008058836
0x0668,172,0.000008058836
0x0669,172,0.000008058836
0x066a,172,0.000008058836
0x066b,172,0.000008058836
0x066c,172,0.000008058836
0x066f,12,0.000000562244
0x067a,2716,0.000127254647
0x067d,2716,0.000127254647
0x067e,2716,0.000127254647
0x067f,2716,0.000127254647
0x0682,2716,0.000127254647
0x0684,2716,0.000127254647
0x0685,342,0.000016023965
0x0688,342,0.000016023965
0x068b,342,0.000016023965
0x068c,342,0.000016023965
0x068d,342,0.000016023965
0x068e,342,0.000016023965
0x068f,342,0.000016023965
0x0691,342,0.000016023965
0x0692,342,0.000016023965
0x0693,342,0.000016023965
0x0695,342,0.000016023965
0x0696,342,0.000016023965
0x0697,342,0.000016023965
0x0698,342,0.000016023965
0x0699,8904,0.000417185337
0x069a,8904,0.000417185337
0x069b,8904,0.000417185337
0x069c,8904,0.000417185337
0x069d,8904,0.000417185337
0x069e,8904,0.000417185337
0x069f,8904,0.000417185337
0x06a2,1368,0.000064095860
0x06a3,1368,0.000064095860
0x06a4,1368,0.000064095860
0x06a5,1368,0.000064095860
0x06a8,342,0.000016023965
0x06a9,342,0.000016023965
0x06ac,342,0.000016023965
0x06b0,2554,0.000119664348
0x06b3,2554,0.000119664348
0x06b6,2554,0.000119664348
0x06b7,2554,0.000119664348
0x06b8,2554,0.000119664348
0x06b9,15,0.000000702805
0x06ba,15,0.000000702805
0x06bb,15,0.000000702805
0x06bc,15,0.000000702805
0x06bd,15,0.000000702805
0x06be,15,0.000000702805
0x06bf,15,0.000000702805
0x06c0,15,0.000000702805
0x06c1,15,0.000000702805
0x06c2,15,0.000000702805
0x06c3,15,0.000000702805
0x06c4,15,0.000000702805
0x06c5,15,0.000000702805
0x06c8,15,0.000000702805
0x06ca,15,0.000000702805
0x06cb,15,0.000000702805
0x06cc,15,0.000000702805
0x06cd,15,0.000000702805
0x06cf,15,0.000000702805
0x06d0,15,0.000000702805
0x06d1,15,0.000000702805
0x06d2,15,0.000000702805
0x06d3,15,0.000000702805
0x06d4,15,0.000000702805
0x06d5,15,0.000000702805
0x06d7,15,0.000000702805
0x06d8,15,0.000000702805
0x06da,15,0.000000702805
0x06db,15,0.000000702805
0x06de,15,0.000000702805
0x06df,15,0.000000702805
0x06e1,15,0.000000702805
0x06e2,15,0.000000702805
0x06e3,15,0.000000702805
0x06e4,15,0.000000702805
0x06e7,15,0.000000702805
0x06e8,252,0.000011807132
0x06eb,252,0.000011807132
0x06ed,252,0.000011807132
0x06f0,2554,0.000119664348
0x06f3,2554,0.000119664348
0x06f6,2554,0.000119664348
0x0700,9768,0.000457666933
0x0703,9768,0.000457666933
0x0706,29304,0.001373000800
0x0709,29304,0.001373000800
0x070a,29304,0.001373000800
0x070c,29304,0.001373000800
0x070d,29304,0.001373000800
0x070f,29304,0.001373000800
0x0710,29304,0.001373000800
0x0711,29304,0.001373000800
0x0713,29304,0.001373000800
0x0716,9768,0.000457666933
0x0718,97584,0.004572171377
0x071b,97584,0.004572171377
0x0720,97584,0.004572171377
0x0721,97584,0.004572171377
0x0722,97584,0.004572171377
0x0724,97584,0.004572171377
0x0725,33717,0.001579766174
0x0726,33717,0.001579766174
0x0728,33717,0.001579766174
0x0729,33717,0.001579766174
0x072a,33717,0.001579766174
0x072b,33717,0.001579766174
0x072c,33717,0.001579766174
0x072e,33717,0.001579766174
0x0730,33717,0.001579766174
0x0731,33717,0.001579766174
0x0733,33717,0.001579766174
0x0734,33717,0.001579766174
0x0740,97584,0.004572171377
0x0741,97584,0.004572171377
0x0742,97584,0.004572171377
0x0744,97584,0.004572171377
0x0745,35115,0.001645267645
0x0746,35115,0.001645267645
0x0748,35115,0.001645267645
0x0749,35115,0.001645267645
0x074a,35115,0.001645267645
0x074b,35115,0.001645267645
0x074c,35115,0.001645267645
0x074d,35115,0.001645267645
0x074f,35115,0.001645267645
0x0750,35115,0.001645267645
0x0751,35115,0.001645267645
0x0752,35115,0.001645267645
0x0754,35115,0.001645267645
0x0755,35115,0.001645267645
0x0757,35115,0.001645267645
0x0758,35115,0.001645267645
0x0763,7535,0.000353042623
0x0764,7535,0.000353042623
0x0765,7535,0.000353042623
0x0766,7535,0.000353042623
0x0767,7535,0.000353042623
0x0768,7535,0.000353042623
0x0769,7535,0.000353042623
0x076a,7535,0.000353042623
0x076b,7535,0.000353042623
0x076d,8893,0.000416669946
0x076e,8893,0.000416669946
0x076f,8893,0.000416669946
0x0770,8893,0.000416669946
0x0771,8893,0.000416669946
0x0772,8893,0.000416669946
0x0773,8893,0.000416669946
0x0774,8893,0.000416669946
0x0775,8893,0.000416669946
0x0776,8893,0.000416669946
0x0779,13385,0.000627136763
0x077a,13385,0.000627136763
0x077b,13385,0.000627136763
0x077c,13385,0.000627136763
0x077d,13385,0.000627136763
0x077e,13385,0.000627136763
0x077f,13385,0.000627136763
0x0780,13385,0.000627136763
0x0783,13385,0.000627136763
0x0784,13385,0.000627136763
0x0785,13385,0.000627136763
0x0786,13385,0.000627136763
0x0788,13410,0.000628308105
0x0789,13410,0.000628308105
0x078a,13410,0.000628308105
0x078b,13410,0.000628308105
0x078c,13410,0.000628308105
0x078d,13410,0.000628308105
0x078e,13410,0.000628308105
0x078f,13410,0.000628308105
0x0790,13410,0.000628308105
0x0792,13410,0.000628308105
0x0793,13410,0.000628308105
0x0794,13410,0.000628308105
0x0795,13410,0.000628308105
0x0798,13410,0.000628308105
0x0799,13410,0.000628308105
0x079a,13410,0.000628308105
0x079b,13410,0.000628308105
0x079e,1213,0.000056833537
0x079f,1213,0.000056833537
0x07a0,1213,0.000056833537
0x07a1,1213,0.000056833537
0x07a2,1213,0.000056833537
0x07a3,1213,0.000056833537
0x07a4,1213,0.000056833537
0x07a5,1213,0.000056833537
0x07a6,1213,0.000056833537
0x07a7,1213,0.000056833537
0x07a8,1213,0.000056833537
0x07aa,1217,0.000057020952
0x07ab,1217,0.000057020952
0x07ac,1217,0.000057020952
0x07ad,1217,0.000057020952
0x07ae,1217,0.000057020952
0x07af,1217,0.000057020952
0x07b0,1217,0.000057020952
0x07b1,1217,0.000057020952
0x07b2,1217,0.000057020952
0x07b4,1217,0.000057020952
0x07b5,1217,0.000057020952
0x07b6,1217,0.000057020952
0x07b7,1217,0.000057020952
0x07b8,1217,0.000057020952
0x07b9,1217,0.000057020952
0x07ba,1217,0.000057020952
0x07bb,1217,0.000057020952
0x07be,11584,0.000542753251
0x07bf,11584,0.000542753251
0x07c0,11584,0.000542753251
0x07c1,11584,0.000542753251
0x07c2,11584,0.000542753251
0x07c3,11584,0.000542753251
0x07c4,11584,0.000542753251
0x07c5,11584,0.000542753251
0x07c6,11584,0.000542753251
0x07c7,11584,0.000542753251
0x07ca,11584,0.000542753251
0x07cb,11584,0.000542753251
0x07cc,11584,0.000542753251
0x07cd,11584,0.000542753251
0x07ce,11584,0.000542753251
0x07cf,11584,0.000542753251
0x07d2,11595,0.000543268641
0x07d3,11595,0.000543268641
0x07d4,11595,0.000543268641
0x07d5,11595,0.000543268641
0x07d6,11595,0.000543268641
0x07d7,11595,0.000543268641
0x07d8,11595,0.000543268641
0x07d9,11595,0.000543268641
0x07da,11595,0.000543268641
0x07dc,11610,0.000543971447
0x07dd,11610,0.000543971447
0x07de,11610,0.000543971447
0x07df,11610,0.000543971447
0x07e0,11610,0.000543971447
0x07e1,11610,0.000543971447
0x07e2,11610,0.000543971447
0x07e3,11610,0.000543971447
0x07e4,11610,0.000543971447
0x07e7,11610,0.000543971447
0x07e8,11610,0.000543971447
0x07e9,11610,0.000543971447
0x07ea,11610,0.000543971447
0x07eb,11610,0.000543971447
0x07ec,11610,0.000543971447
0x07ed,11610,0.000543971447
0x07ee,11610,0.000543971447
0x07f0,4,0.000000187415
0x07f3,4,0.000000187415
0x07f6,4,0.000000187415
0x07f9,4,0.000000187415
0x0800,10724,0.000502459070
0x0803,10724,0.000502459070
0x0806,10724,0.000502459070
0x0807,10724,0.000502459070
0x0809,10724,0.000502459070
0x080a,10724,0.000502459070
0x080b,10724,0.000502459070
0x080c,10724,0.000502459070
0x080d,10724,0.000502459070
0x080e,10724,0.000502459070
0x080f,10724,0.000502459070
0x0834,718,0.000033640956
0x0837,718,0.000033640956
0x083a,718,0.000033640956
0x083b,718,0.000033640956
0x083c,718,0.000033640956
0x083e,718,0.000033640956
0x083f,84,0.000003935711
0x0842,84,0.000003935711
0x0845,84,0.000003935711
0x0848,155,0.000007262323
0x084b,155,0.000007262323
0x084c,155,0.000007262323
0x084d,155,0.000007262323
0x084e,5,0.000000234268
0x0850,5,0.000000234268
0x0851,5,0.000000234268
0x0853,5,0.000000234268
0x0855,5,0.000000234268
0x085a,84,0.000003935711
0x085d,84,0.000003935711
0x085f,84,0.000003935711
0x0860,68,0.000003186052
0x0862,68,0.000003186052
0x0864,68,0.000003186052
0x0865,52,0.000002436392
0x0867,52,0.000002436392
0x0869,52,0.000002436392
0x086a,36,0.000001686733
0x086c,36,0.000001686733
0x086e,36,0.000001686733
0x086f,20,0.000000937074
0x0871,20,0.000000937074
0x0876,9768,0.000457666933
0x0879,9768,0.000457666933
0x087c,9768,0.000457666933
0x087f,9768,0.000457666933
0x0882,9768,0.000457666933
0x0885,9768,0.000457666933
0x0886,9768,0.000457666933
0x0889,9768,0.000457666933
0x088b,53724,0.002517168132
0x088c,53724,0.002517168132
0x088d,53724,0.002517168132
0x088e,53724,0.002517168132
0x088f,53724,0.002517168132
0x0890,53724,0.002517168132
0x0891,53724,0.002517168132
0x0892,53724,0.002517168132
0x0893,53724,0.002517168132
0x0894,53724,0.002517168132
0x0897,14652,0.000686500400
0x08a0,9768,0.000457666933
0x08a3,9768,0.000457666933
0x08a6,9768,0.000457666933
0x08a9,9768,0.000457666933
0x08ac,9768,0.000457666933
0x08ae,9768,0.000457666933
0x08b0,9768,0.000457666933
0x08b1,1280,0.000059972735
0x08b4,1280,0.000059972735
0x08b7,1280,0.000059972735
0x08c4,9768,0.000457666933
0x08c7,9768,0.000457666933
0x08c8,9768,0.000457666933
0x08ca,9768,0.000457666933
0x08cd,9582,0.000448952145
0x08cf,9582,0.000448952145
0x08d0,9582,0.000448952145
0x08d1,9582,0.000448952145
0x08d4,9180,0.000430116958
0x08d6,9180,0.000430116958
0x08d9,9180,0.000430116958
0x08dc,3,0.000000140561
0x08de,3,0.000000140561
0x08e0,3,0.000000140561
0x08e2,3,0.000000140561
0x08e3,3,0.000000140561
0x08e5,3,0.000000140561
0x08e6,3,0.000000140561
0x08e8,3,0.000000140561
0x08ea,405,0.000018975748
0x08eb,9582,0.000448952145
0x08ed,9582,0.000448952145
0x08f0,9582,0.000448952145
0x08f3,9582,0.000448952145
0x0900,9582,0.000448952145
0x0903,9582,0.000448952145
0x0904,9582,0.000448952145
0x0906,9582,0.000448952145
0x0907,5382,0.000252166609
0x0909,5382,0.000252166609
0x090c,3107,0.000145574443
0x090d,3107,0.000145574443
0x090f,3107,0.000145574443
0x0910,2354,0.000110293608
0x0911,2354,0.000110293608
0x0913,2354,0.000110293608
0x0916,2354,0.000110293608
0x0917,2275,0.000106592166
0x0918,2275,0.000106592166
0x091a,2275,0.000106592166
0x091b,2275,0.000106592166
0x091c,2275,0.000106592166
0x091e,2275,0.000106592166
0x0921,2275,0.000106592166
0x0926,9943,0.000465866331
0x0927,9943,0.000465866331
0x0929,9943,0.000465866331
0x092a,9943,0.000465866331
0x092b,9943,0.000465866331
0x092c,9943,0.000465866331
0x092d,9943,0.000465866331
0x092e,9943,0.000465866331
0x0930,11048,0.000517639668
0x0931,11048,0.000517639668
0x0933,11048,0.000517639668
0x0936,5858,0.000274468970
0x0937,5858,0.000274468970
0x0939,5858,0.000274468970
0x093c,5858,0.000274468970
0x093d,361,0.000016914185
0x093e,361,0.000016914185
0x0940,361,0.000016914185
0x0941,361,0.000016914185
0x0942,361,0.000016914185
0x0944,361,0.000016914185
0x0945,361,0.000016914185
0x0946,361,0.000016914185
0x0947,361,0.000016914185
0x094a,361,0.000016914185
0x094c,361,0.000016914185
0x094d,361,0.000016914185
0x094e,361,0.000016914185
0x0951,361,0.000016914185
0x0953,361,0.000016914185
0x0954,361,0.000016914185
0x0955,361,0.000016914185
0x0956,361,0.000016914185
0x0959,361,0.000016914185
0x095c,361,0.000016914185
0x095e,361,0.000016914185
0x0961,361,0.000016914185
0x0964,5190,0.000243170699
0x0965,5190,0.000243170699
0x0966,5190,0.000243170699
0x0967,5190,0.000243170699
0x0968,5190,0.000243170699
0x096a,5190,0.000243170699
0x096b,5190,0.000243170699
0x096d,5190,0.000243170699
0x096e,217,0.000010167253
0x096f,217,0.000010167253
0x0970,217,0.000010167253
0x0971,217,0.000010167253
0x0972,217,0.000010167253
0x0974,217,0.000010167253
0x0975,217,0.000010167253
0x097a,9768,0.000457666933
0x097d,9768,0.000457666933
0x097e,9768,0.000457666933
0x0980,9768,0.000457666933
0x0981,9768,0.000457666933
0x0984,9768,0.000457666933
0x0985,9768,0.000457666933
0x0986,9768,0.000457666933
0x0987,9768,0.000457666933
0x0988,9768,0.000457666933
0x098b,9768,0.000457666933
0x098c,9768,0.000457666933
0x098d,9768,0.000457666933
0x098e,9768,0.000457666933
0x0991,9768,0.000457666933
0x09a0,9785,0.000458463446
0x09a3,9785,0.000458463446
0x09a6,29355,0.001375390338
0x09a9,29355,0.001375390338
0x09aa,29355,0.001375390338
0x09ab,29355,0.001375390338
0x09ac,29355,0.001375390338
0x09ad,29355,0.001375390338
0x09ae,29355,0.001375390338
0x09af,29355,0.001375390338
0x09b0,29355,0.001375390338
0x09b2,29355,0.001375390338
0x09b5,9785,0.000458463446
0x09ba,70582,0.003307027792
0x09bd,70582,0.003307027792
0x09be,70582,0.003307027792
0x09c0,70582,0.003307027792
0x09c1,70582,0.003307027792
0x09c2,70582,0.003307027792
0x09c3,70582,0.003307027792
0x09c4,70582,0.003307027792
0x09c5,70582,0.003307027792
0x09c6,70582,0.003307027792
0x09c7,70582,0.003307027792
0x09c8,70582,0.003307027792
0x09c9,70582,0.003307027792
0x09ca,70582,0.003307027792
0x09cc,70582,0.003307027792
0x09cd,70582,0.003307027792
0x09ce,70582,0.003307027792
0x09cf,70582,0.003307027792
0x09d0,70582,0.003307027792
0x09d1,70582,0.003307027792
0x0a50,2193,0.000102750162
0x0a53,2193,0.000102750162
0x0a56,43860,0.002055003244
0x0a57,43860,0.002055003244
0x0a5a,43860,0.002055003244
0x0a5b,43860,0.002055003244
0x0a5c,43860,0.002055003244
0x0a5e,43860,0.002055003244
0x0a5f,43860,0.002055003244
0x0a61,43860,0.002055003244
0x0a62,43860,0.002055003244
0x0a63,43860,0.002055003244
0x0a64,43860,0.002055003244
0x0a67,2193,0.000102750162
0x0a6c,2125,0.000099564111
0x0a6f,2125,0.000099564111
0x0a72,42500,0.001991282213
0x0a73,42500,0.001991282213
0x0a74,42500,0.001991282213
0x0a75,42500,0.001991282213
0x0a77,42500,0.001991282213
0x0a7a,16807,0.000787470121
0x0a7b,16807,0.000787470121
0x0a7c,16807,0.000787470121
0x0a7d,16807,0.000787470121
0x0a7e,16807,0.000787470121
0x0a7f,16807,0.000787470121
0x0a80,16807,0.000787470121
0x0a81,16807,0.000787470121
0x0a82,16807,0.000787470121
0x0a83,16807,0.000787470121
0x0a84,16807,0.000787470121
0x0a85,16807,0.000787470121
0x0a86,16807,0.000787470121
0x0a87,16807,0.000787470121
0x0a8a,42500,0.001991282213
0x0a8b,42500,0.001991282213
0x0a8c,42500,0.001991282213
0x0a8d,42500,0.001991282213
0x0a8f,42500,0.001991282213
0x0a90,42500,0.001991282213
0x0a91,42500,0.001991282213
0x0a93,42500,0.001991282213
0x0a94,42500,0.001991282213
0x0a96,42500,0.001991282213
0x0a99,2125,0.000099564111
0x0aa0,186,0.000008714788
0x0aa2,186,0.000008714788
0x0aa3,186,0.000008714788
0x0aa4,186,0.000008714788
0x0aa5,186,0.000008714788
0x0aa8,186,0.000008714788
0x0aa9,186,0.000008714788
0x0aac,186,0.000008714788
0x0aae,186,0.000008714788
0x0aaf,186,0.000008714788
0x0ab0,186,0.000008714788
0x0ab3,186,0.000008714788
0x0ab5,186,0.000008714788
0x0ab8,183,0.000008574227
0x0abb,183,0.000008574227
0x0abd,183,0.000008574227
0x0abe,183,0.000008574227
0x0abf,183,0.000008574227
0x0ac0,183,0.000008574227
0x0ac1,183,0.000008574227
0x0ad6,4552,0.000213278038
0x0ad7,4552,0.000213278038
0x0ad8,21308,0.000998358621
0x0ad9,21308,0.000998358621
0x0ada,21308,0.000998358621
0x0adb,21308,0.000998358621
0x0adc,21308,0.000998358621
0x0add,21308,0.000998358621
0x0ae0,4552,0.000213278038
0x0ae1,4552,0.000213278038
0x0ae2,4552,0.000213278038
0x0ae5,4552,0.000213278038
0x0ae6,4552,0.000213278038
0x0ae9,1732,0.000081150607
0x0aea,288,0.000013493865
0x0aed,288,0.000013493865
0x0aee,288,0.000013493865
0x0af0,288,0.000013493865
0x0af1,288,0.000013493865
0x0af4,288,0.000013493865
0x0af6,288,0.000013493865
0x0af7,288,0.000013493865
0x0af8,288,0.000013493865
0x0af9,288,0.000013493865
0x0afc,288,0.000013493865
0x0afd,288,0.000013493865
0x0afe,288,0.000013493865
0x0b00,288,0.000013493865
0x0b01,288,0.000013493865
0x0b02,288,0.000013493865
0x0b05,285,0.000013353304
0x0b07,285,0.000013353304
0x0b0a,192,0.000008995910
0x0b0d,189,0.000008855349
0x0b15,3,0.000000140561
0x0b16,3,0.000000140561
0x0b18,3,0.000000140561
0x0b19,3,0.000000140561
0x0b1a,3,0.000000140561
0x0b1c,3,0.000000140561
0x0b1d,3,0.000000140561
0x0b1e,3,0.000000140561
0x0b1f,3,0.000000140561
0x0b20,3,0.000000140561
0x0b21,3,0.000000140561
0x0b22,3,0.000000140561
0x0b25,3,0.000000140561
0x0b26,3,0.000000140561
0x0b27,3,0.000000140561
0x0b28,3,0.000000140561
0x0b29,3,0.000000140561
0x0b2b,3,0.000000140561
0x0b2d,3,0.000000140561
0x0b48,3,0.000000140561
0x0b4b,3,0.000000140561
0x0b4e,3,0.000000140561
0x0b50,3,0.000000140561
0x0b51,3,0.000000140561
0x0b53,3,0.000000140561
0x0b54,3,0.000000140561
0x0b55,3,0.000000140561
0x0b57,3,0.000000140561
0x0b59,3,0.000000140561
0x0b5a,3,0.000000140561
0x0ba0,93,0.000004357394
0x0ba3,93,0.000004357394
0x0ba4,93,0.000004357394
0x0ba6,93,0.000004357394
0x0ba8,93,0.000004357394
0x0ba9,62,0.000002904929
0x0bab,62,0.000002904929
0x0bac,31,0.000001452465
0x0bad,31,0.000001452465
0x0bae,31,0.000001452465
0x0baf,31,0.000001452465
0x0bb2,31,0.000001452465
0x0bba,189,0.000008855349
0x0bbb,189,0.000008855349
0x0bbc,189,0.000008855349
0x0bbf,96,0.000004497955
0x0bc0,96,0.000004497955
0x0bc1,96,0.000004497955
0x0bc4,48,0.000002248978
0x0c00,13,0.000000609098
0x0c01,13,0.000000609098
0x0c02,13,0.000000609098
0x0c04,13,0.000000609098
0x0c05,13,0.000000609098
0x0c07,13,0.000000609098
0x0c08,13,0.000000609098
0x0c09,13,0.000000609098
0x0c0a,13,0.000000609098
0x0c0b,13,0.000000609098
0x0c0c,13,0.000000609098
0x0c0f,13,0.000000609098
0x0c10,13,0.000000609098
0x0c11,13,0.000000609098
0x0c13,13,0.000000609098
0x0c16,10,0.000000468537
0x0c18,10,0.000000468537
0x0c1b,3,0.000000140561
0x0c1e,3,0.000000140561
0x0c20,3,0.000000140561
0x0c23,3,0.000000140561
0x0c40,4884,0.000228833467
0x0c43,4884,0.000228833467
0x0c45,4884,0.000228833467
0x0c48,4884,0.000228833467
0x0c4b,4884,0.000228833467
0x0c4e,4884,0.000228833467
0x0c51,4884,0.000228833467
0x0c56,4884,0.000228833467
0x0c59,24420,0.001144167333
0x0c5a,24420,0.001144167333
0x0c5d,24420,0.001144167333
0x0c5e,24420,0.001144167333
0x0c5f,24420,0.001144167333
0x0c61,24420,0.001144167333
0x0c62,24420,0.001144167333
0x0c64,24420,0.001144167333
0x0c67,4884,0.000228833467
0x0c6b,4884,0.000228833467
0x0c6e,4884,0.000228833467
0x0c71,24420,0.001144167333
0x0c74,24420,0.001144167333
0x0c75,24420,0.001144167333
0x0c76,24420,0.001144167333
0x0c77,24420,0.001144167333
0x0c78,24420,0.001144167333
0x0c79,24420,0.001144167333
0x0c7a,24420,0.001144167333
0x0c7b,24420,0.001144167333
0x0c7d,24420,0.001144167333
0x0c80,4884,0.000228833467
0x0c84,24420,0.001144167333
0x0c85,24420,0.001144167333
0x0c87,24420,0.001144167333
0x0c88,2432,0.000113948196
0x0c89,2432,0.000113948196
0x0c8a,2432,0.000113948196
0x0c8b,2432,0.000113948196
0x0c8c,2432,0.000113948196
0x0c8e,2432,0.000113948196
0x0c8f,2432,0.000113948196
0x0c90,2432,0.000113948196
0x0c91,2432,0.000113948196
0x0c92,2432,0.000113948196
0x0c94,2432,0.000113948196
0x0c95,2432,0.000113948196
0x0c97,2432,0.000113948196
0x0c9a,2361,0.000110621584
0x0c9b,2361,0.000110621584
0x0c9e,2361,0.000110621584
0x0c9f,2361,0.000110621584
0x0ca0,2361,0.000110621584
0x0ca2,2361,0.000110621584
0x0ca3,2361,0.000110621584
0x0ca4,2361,0.000110621584
0x0ca5,2361,0.000110621584
0x0ca6,2361,0.000110621584
0x0ca7,2361,0.000110621584
0x0ca8,2361,0.000110621584
0x0ca9,2361,0.000110621584
0x0caa,2361,0.000110621584
0x0cac,2361,0.000110621584
0x0caf,2359,0.000110527876
0x0cb4,2361,0.000110621584
0x0cb6,2361,0.000110621584
0x0cb7,571,0.000026753462
0x0cb9,571,0.000026753462
0x0cba,287,0.000013447012
0x0cbd,287,0.000013447012
0x0cbe,287,0.000013447012
0x0cbf,135,0.000006325249
0x0cc2,135,0.000006325249
0x0cc3,135,0.000006325249
0x0cc4,3,0.000000140561
0x0cc6,3,0.000000140561
0x0cc9,3,0.000000140561
0x0ccb,3,0.000000140561
0x0cce,3,0.000000140561
0x0cd0,3,0.000000140561
0x0cd3,3,0.000000140561
0x0cd8,4884,0.000228833467
0x0cdb,4884,0.000228833467
0x0cde,24420,0.001144167333
0x0cdf,24420,0.001144167333
0x0ce2,24420,0.001144167333
0x0ce3,24420,0.001144167333
0x0ce4,24420,0.001144167333
0x0ce6,24420,0.001144167333
0x0ce7,24420,0.001144167333
0x0ce9,24420,0.001144167333
0x0cea,24420,0.001144167333
0x0ceb,24420,0.001144167333
0x0cec,24420,0.001144167333
0x0cef,4884,0.000228833467
0x0cf4,5,0.000000234268
0x0cf5,5,0.000000234268
0x0cf6,5,0.000000234268
0x0d1c,2109,0.000098814451
0x0d1f,2109,0.000098814451
0x0d22,33744,0.001581031224
0x0d25,33744,0.001581031224
0x0d26,33744,0.001581031224
0x0d27,33744,0.001581031224
0x0d28,33744,0.001581031224
0x0d2a,33744,0.001581031224
0x0d2b,33744,0.001581031224
0x0d2e,2109,0.000098814451
0x0d30,33744,0.001581031224
0x0d31,33744,0.001581031224
0x0d32,33744,0.001581031224
0x0d33,33744,0.001581031224
0x0d34,33744,0.001581031224
0x0d35,33744,0.001581031224
0x0d37,33744,0.001581031224
0x0d38,16628,0.000779083309
0x0d39,16628,0.000779083309
0x0d3a,16628,0.000779083309
0x0d3b,16628,0.000779083309
0x0d3c,16628,0.000779083309
0x0d3e,16628,0.000779083309
0x0d3f,16628,0.000779083309
0x0d41,16628,0.000779083309
0x0d42,16628,0.000779083309
0x0d43,16628,0.000779083309
0x0d46,15373,0.000720281917
0x0d47,15373,0.000720281917
0x0d48,15373,0.000720281917
0x0d4b,2024,0.000094831887
0x0d4c,2024,0.000094831887
0x0d4d,2024,0.000094831887
0x0d4e,2024,0.000094831887
0x0d4f,3279,0.000153633279
0x0d50,3279,0.000153633279
0x0d51,3279,0.000153633279
0x0d52,3279,0.000153633279
0x0d53,3279,0.000153633279
0x0d54,3279,0.000153633279
0x0d55,3279,0.000153633279
0x0d57,3279,0.000153633279
0x0d58,3279,0.000153633279
0x0d59,1338,0.000062690249
0x0d5a,1338,0.000062690249
0x0d5e,13349,0.000625450030
0x0d5f,13349,0.000625450030
0x0d60,13349,0.000625450030
0x0d61,13349,0.000625450030
0x0d62,13349,0.000625450030
0x0d64,13349,0.000625450030
0x0d65,13349,0.000625450030
0x0d66,1978,0.000092676617
0x0d67,1978,0.000092676617
0x0d70,2108,0.000098767598
0x0d73,2108,0.000098767598
0x0d76,33728,0.001580281564
0x0d79,33728,0.001580281564
0x0d7a,33728,0.001580281564
0x0d7c,33728,0.001580281564
0x0d7d,33728,0.001580281564
0x0d7f,33728,0.001580281564
0x0d80,33728,0.001580281564
0x0d83,2108,0.000098767598
0x0d86,33728,0.001580281564
0x0d87,33728,0.001580281564
0x0d88,33728,0.001580281564
0x0d89,33728,0.001580281564
0x0d8a,33728,0.001580281564
0x0d8b,33728,0.001580281564
0x0d8d,33728,0.001580281564
0x0d8e,16617,0.000778567919
0x0d8f,16617,0.000778567919
0x0d90,16617,0.000778567919
0x0d91,16617,0.000778567919
0x0d94,16617,0.000778567919
0x0d95,16617,0.000778567919
0x0d96,16617,0.000778567919
0x0d97,16617,0.000778567919
0x0d99,16617,0.000778567919
0x0d9a,16617,0.000778567919
0x0d9c,16617,0.000778567919
0x0d9d,16617,0.000778567919
0x0d9f,16617,0.000778567919
0x0da0,16617,0.000778567919
0x0da1,16617,0.000778567919
0x0da2,16617,0.000778567919
0x0da3,16617,0.000778567919
0x0da4,16617,0.000778567919
0x0da5,16617,0.000778567919
0x0da6,16617,0.000778567919
0x0da7,16617,0.000778567919
0x0da8,16617,0.000778567919
0x0dab,15426,0.000722765163
0x0dac,15426,0.000722765163
0x0daf,2050,0.000096050083
0x0db0,2050,0.000096050083
0x0db1,2050,0.000096050083
0x0db3,2050,0.000096050083
0x0db4,2050,0.000096050083
0x0db5,2050,0.000096050083
0x0dbb,1191,0.000055802756
0x0dbc,1191,0.000055802756
0x0dbd,1191,0.000055802756
0x0dbf,1191,0.000055802756
0x0dc0,1191,0.000055802756
0x0dc1,1191,0.000055802756
0x0dc2,1191,0.000055802756
0x0dc3,1191,0.000055802756
0x0dc5,1191,0.000055802756
0x0dc6,1191,0.000055802756
0x0dcc,13376,0.000626715080
0x0dcd,13376,0.000626715080
0x0dce,13376,0.000626715080
0x0dcf,13376,0.000626715080
0x0dd1,13376,0.000626715080
0x0dd2,16617,0.000778567919
0x0dd3,16617,0.000778567919
0x0dd5,16617,0.000778567919
0x0dd6,16617,0.000778567919
0x0dd7,16617,0.000778567919
0x0dd8,16617,0.000778567919
0x0dd9,16617,0.000778567919
0x0dda,16617,0.000778567919
0x0dde,83,0.000003888857
0x0ddf,83,0.000003888857
0x0de0,83,0.000003888857
0x0de3,83,0.000003888857
0x0de4,83,0.000003888857
0x0de5,83,0.000003888857
0x0de6,83,0.000003888857
0x0de9,83,0.000003888857
0x0dea,83,0.000003888857
0x0deb,83,0.000003888857
0x0dec,83,0.000003888857
0x0ded,83,0.000003888857
0x0df0,7436,0.000348404107
0x0df3,7436,0.000348404107
0x0df6,7436,0.000348404107
0x0df9,7436,0.000348404107
0x0dfc,7436,0.000348404107
0x0dff,7436,0.000348404107
0x0e10,14872,0.000696808214
0x0e11,14872,0.000696808214
0x0e13,14872,0.000696808214
0x0e14,4282,0.000200627540
0x0e15,4282,0.000200627540
0x0e16,4282,0.000200627540
0x0e17,4282,0.000200627540
0x0e18,4282,0.000200627540
0x0e1a,4282,0.000200627540
0x0e1b,4274,0.000200252710
0x0e1d,4274,0.000200252710
0x0e1e,74,0.000003467174
0x0e20,74,0.000003467174
0x0e23,49,0.000002295831
0x0e25,49,0.000002295831
0x0e26,49,0.000002295831
0x0e27,49,0.000002295831
0x0e29,49,0.000002295831
0x0e2a,49,0.000002295831
0x0e2c,49,0.000002295831
0x0e2d,49,0.000002295831
0x0e2e,49,0.000002295831
0x0e2f,49,0.000002295831
0x0e31,49,0.000002295831
0x0e32,49,0.000002295831
0x0e33,38,0.000001780441
0x0e34,38,0.000001780441
0x0e35,38,0.000001780441
0x0e36,33,0.000001546172
0x0e39,25,0.000001171342
0x0e3a,25,0.000001171342
0x0e3b,25,0.000001171342
0x0e3c,25,0.000001171342
0x0e3d,25,0.000001171342
0x0e3e,25,0.000001171342
0x0e3f,25,0.000001171342
0x0e41,25,0.000001171342
0x0e42,25,0.000001171342
0x0e45,291,0.000013634426
0x0e46,291,0.000013634426
0x0e47,291,0.000013634426
0x0e48,291,0.000013634426
0x0e4a,291,0.000013634426
0x0e4d,278,0.000013025328
0x0e4e,278,0.000013025328
0x0e4f,278,0.000013025328
0x0e51,278,0.000013025328
0x0e52,278,0.000013025328
0x0e55,12,0.000000562244
0x0e58,157,0.000007356031
0x0e59,157,0.000007356031
0x0e5a,157,0.000007356031
0x0e5b,67,0.000003139198
0x0e5c,67,0.000003139198
0x0e5e,67,0.000003139198
0x0e5f,67,0.000003139198
0x0e60,24,0.000001124489
0x0e61,24,0.000001124489
0x0e62,24,0.000001124489
0x0e63,24,0.000001124489
0x0e65,24,0.000001124489
0x0e66,24,0.000001124489
0x0e67,14,0.000000655952
0x0e69,14,0.000000655952
0x0e6a,14,0.000000655952
0x0e6b,13,0.000000609098
0x0e70,33,0.000001546172
0x0e71,33,0.000001546172
0x0e72,33,0.000001546172
0x0e74,33,0.000001546172
0x0e75,33,0.000001546172
0x0e76,33,0.000001546172
0x0e77,33,0.000001546172
0x0e78,33,0.000001546172
0x0e7a,33,0.000001546172
0x0e7b,33,0.000001546172
0x0e7e,234,0.000010963766
0x0e7f,234,0.000010963766
0x0e80,234,0.000010963766
0x0e81,234,0.000010963766
0x0e83,234,0.000010963766
0x0e86,201,0.000009417594
0x0e87,201,0.000009417594
0x0e88,201,0.000009417594
0x0e8a,201,0.000009417594
0x0e8b,201,0.000009417594
0x0e90,148,0.000006934347
0x0e91,148,0.000006934347
0x0e93,148,0.000006934347
0x0e94,148,0.000006934347
0x0e95,106,0.000004966492
0x0e97,106,0.000004966492
0x0e98,106,0.000004966492
0x0e99,44,0.000002061563
0x0e9a,44,0.000002061563
0x0e9b,44,0.000002061563
0x0e9c,44,0.000002061563
0x0e9e,44,0.000002061563
0x0e9f,44,0.000002061563
0x0ea0,33,0.000001546172
0x0ea3,33,0.000001546172
0x0ea4,46,0.000002155270
0x0ea5,46,0.000002155270
0x0ea6,46,0.000002155270
0x0ea7,46,0.000002155270
0x0ea8,46,0.000002155270
0x0ea9,46,0.000002155270
0x0eaa,46,0.000002155270
0x0eac,46,0.000002155270
0x0ead,47,0.000002202124
0x0eae,47,0.000002202124
0x0eb0,47,0.000002202124
0x0eb1,47,0.000002202124
0x0eb2,47,0.000002202124
0x0eb4,47,0.000002202124
0x0eb5,47,0.000002202124
0x0eb6,47,0.000002202124
0x0eb7,47,0.000002202124
0x0eb8,47,0.000002202124
0x0ebb,47,0.000002202124
0x0ebc,47,0.000002202124
0x0ebe,47,0.000002202124
0x0ec1,44,0.000002061563
0x0ec3,47,0.000002202124
0x0ec4,47,0.000002202124
0x0ec5,47,0.000002202124
0x0ec8,2,0.000000093707
0x0ec9,2,0.000000093707
0x0eca,2,0.000000093707
0x0ecb,2,0.000000093707
0x0ecc,2,0.000000093707
0x0ecd,2,0.000000093707
0x0ece,2,0.000000093707
0x0ed5,47,0.000002202124
0x0ed6,47,0.000002202124
0x0ed7,47,0.000002202124
0x0ed8,47,0.000002202124
0x0ed9,47,0.000002202124
0x0eda,47,0.000002202124
0x0edb,47,0.000002202124
0x0edc,47,0.000002202124
0x0ede,47,0.000002202124
0x0ee0,47,0.000002202124
0x0ee2,47,0.000002202124
0x0ee3,47,0.000002202124
0x0ee4,47,0.000002202124
0x0ee5,47,0.000002202124
0x0f00,2109,0.000098814451
0x0f03,2109,0.000098814451
0x0f04,2109,0.000098814451
0x0f06,2109,0.000098814451
0x0f09,2094,0.000098111646
0x0f0b,2094,0.000098111646
0x0f0c,2094,0.000098111646
0x0f0d,2094,0.000098111646
0x0f0e,2094,0.000098111646
0x0f11,2094,0.000098111646
0x0f14,2094,0.000098111646
0x0f15,4,0.000000187415
0x0f16,4,0.000000187415
0x0f17,4,0.000000187415
0x0f1a,4,0.000000187415
0x0f1b,4,0.000000187415
0x0f1d,4,0.000000187415
0x0f1e,4,0.000000187415
0x0f1f,4,0.000000187415
0x0f20,4,0.000000187415
0x0f23,64,0.000002998637
0x0f24,64,0.000002998637
0x0f25,64,0.000002998637
0x0f26,64,0.000002998637
0x0f28,64,0.000002998637
0x0f2b,64,0.000002998637
0x0f2c,64,0.000002998637
0x0f2d,64,0.000002998637
0x0f2f,64,0.000002998637
0x0f30,64,0.000002998637
0x0f33,4,0.000000187415
0x0f38,28,0.000001311904
0x0f39,28,0.000001311904
0x0f3a,28,0.000001311904
0x0f3b,28,0.000001311904
0x0f3d,28,0.000001311904
0x0f3e,4,0.000000187415
0x0f40,4,0.000000187415
0x0f41,4,0.000000187415
0x0f42,4,0.000000187415
0x0f43,4,0.000000187415
0x0f44,4,0.000000187415
0x0f45,4,0.000000187415
0x0f56,4244,0.000198847099
0x0f57,4244,0.000198847099
0x0f58,8601,0.000402988666
0x0f59,8601,0.000402988666
0x0f5b,8601,0.000402988666
0x0f5e,101,0.000004732224
0x0f60,101,0.000004732224
0x0f63,8596,0.000402754398
0x0f64,8596,0.000402754398
0x0f65,8596,0.000402754398
0x0f68,4239,0.000198612831
0x0f69,4239,0.000198612831
0x0f6a,4239,0.000198612831
0x0f6d,4239,0.000198612831
0x0f6e,4239,0.000198612831
0x0f71,2104,0.000098580183
0x0f74,15,0.000000702805
0x0f76,15,0.000000702805
0x0f77,15,0.000000702805
0x0f78,15,0.000000702805
0x0f79,15,0.000000702805
0x0f7c,15,0.000000702805
0x0f7d,15,0.000000702805
0x0f80,15,0.000000702805
0x0f83,15,0.000000702805
0x0f84,1,0.000000046854
0x0f85,1,0.000000046854
0x0f86,1,0.000000046854
0x0f89,1,0.000000046854
0x0f8b,1,0.000000046854
0x0f8c,1,0.000000046854
0x0f8e,1,0.000000046854
0x0f8f,1,0.000000046854
0x0f92,5,0.000000234268
0x0f93,5,0.000000234268
0x0f94,5,0.000000234268
0x0f95,5,0.000000234268
0x0f97,5,0.000000234268
0x0f9a,4,0.000000187415
0x0f9b,4,0.000000187415
0x0f9c,4,0.000000187415
0x0f9e,4,0.000000187415
0x0f9f,4,0.000000187415
0x0fa6,2,0.000000093707
0x0fa7,2,0.000000093707
0x0fa8,2,0.000000093707
0x0fa9,2,0.000000093707
0x0fab,2,0.000000093707
0x0fac,2,0.000000093707
0x0fae,2,0.000000093707
0x0faf,2,0.000000093707
0x0fb0,2,0.000000093707
0x0fb1,2,0.000000093707
0x0fb2,1,0.000000046854
0x0fb3,1,0.000000046854
0x0fb4,1,0.000000046854
0x0fb7,1,0.000000046854
0x0fb8,1,0.000000046854
0x0fb9,1,0.000000046854
0x0fc0,4978,0.000233237714
0x0fc3,4978,0.000233237714
0x0fc6,4978,0.000233237714
0x0fc9,4978,0.000233237714
0x0fcc,4978,0.000233237714
0x0fcf,4978,0.000233237714
0x0fd2,4978,0.000233237714
0x0fd5,4978,0.000233237714
0x0fd8,9956,0.000466475429
0x0fd9,9956,0.000466475429
0x0fda,9956,0.000466475429
0x0fdb,648,0.000030361197
0x0fdc,648,0.000030361197
0x0fdd,648,0.000030361197
0x0fde,648,0.000030361197
0x0fdf,648,0.000030361197
0x0fe0,648,0.000030361197
0x0fe1,648,0.000030361197
0x0fe2,648,0.000030361197
0x0fe3,648,0.000030361197
0x0fe6,648,0.000030361197
0x0fe7,648,0.000030361197
0x0fe9,648,0.000030361197
0x0fea,648,0.000030361197
0x0fec,648,0.000030361197
0x0fed,648,0.000030361197
0x0fef,648,0.000030361197
0x0ff0,648,0.000030361197
0x0ff1,648,0.000030361197
0x0ff4,648,0.000030361197
0x14e0,12,0.000000562244
0x14e1,12,0.000000562244
0x14e4,12,0.000000562244
0x14e6,12,0.000000562244
0x17e0,31,0.000001452465
0x17e3,31,0.000001452465
0x17e5,31,0.000001452465
0x17e8,31,0.000001452465
0x2000,7436,0.000348404107
0x2003,7436,0.000348404107
0x2006,7436,0.000348404107
0x2009,7436,0.000348404107
0x200c,7436,0.000348404107
0x200d,7436,0.000348404107
0x200f,7436,0.000348404107
0x2010,7436,0.000348404107
0x2011,7436,0.000348404107
0x2014,7436,0.000348404107
0x2015,7436,0.000348404107
0x2018,7244,0.000339408197
0x201a,7244,0.000339408197
0x201d,1194,0.000055943317
0x201e,1194,0.000055943317
0x201f,1194,0.000055943317
0x2020,1194,0.000055943317
0x2023,298,0.000013962402
0x2025,1194,0.000055943317
0x2026,1194,0.000055943317
0x2027,1194,0.000055943317
0x202a,1190,0.000055755902
0x2030,15,0.000000702805
0x2032,15,0.000000702805
0x2034,15,0.000000702805
0x2037,15,0.000000702805
0x2040,2554,0.000119664348
0x2043,2554,0.000119664348
0x2046,2554,0.000119664348
0x2047,2554,0.000119664348
0x2048,2554,0.000119664348
0x2049,30,0.000001405611
0x204a,30,0.000001405611
0x204b,30,0.000001405611
0x204c,30,0.000001405611
0x204d,30,0.000001405611
0x204e,30,0.000001405611
0x204f,30,0.000001405611
0x2050,30,0.000001405611
0x2051,30,0.000001405611
0x2052,30,0.000001405611
0x2055,30,0.000001405611
0x2057,30,0.000001405611
0x2058,30,0.000001405611
0x2059,30,0.000001405611
0x205a,30,0.000001405611
0x205c,30,0.000001405611
0x205d,30,0.000001405611
0x205e,30,0.000001405611
0x2060,30,0.000001405611
0x2061,30,0.000001405611
0x2062,30,0.000001405611
0x2063,30,0.000001405611
0x2064,30,0.000001405611
0x2065,30,0.000001405611
0x2066,30,0.000001405611
0x2068,30,0.000001405611
0x2069,30,0.000001405611
0x206a,30,0.000001405611
0x206b,30,0.000001405611
0x206c,30,0.000001405611
0x206d,30,0.000001405611
0x2070,48,0.000002248978
0x2071,48,0.000002248978
0x2073,48,0.000002248978
0x2075,48,0.000002248978
0x2076,48,0.000002248978
0x2077,48,0.000002248978
0x2079,48,0.000002248978
0x207a,48,0.000002248978
0x207b,48,0.000002248978
0x207e,48,0.000002248978
0x2081,48,0.000002248978
0x2085,80,0.000003748296
0x2087,80,0.000003748296
0x2088,80,0.000003748296
0x2089,80,0.000003748296
0x208a,80,0.000003748296
0x208c,80,0.000003748296
0x208d,80,0.000003748296
0x208f,80,0.000003748296
0x2090,80,0.000003748296
0x2091,96,0.000004497955
0x2093,96,0.000004497955
0x2094,96,0.000004497955
0x2096,96,0.000004497955
0x2097,96,0.000004497955
0x209a,16,0.000000749659
0x209b,16,0.000000749659
0x209c,16,0.000000749659
0x209d,16,0.000000749659
0x209f,16,0.000000749659
0x20a0,16,0.000000749659
0x20a1,16,0.000000749659
0x20a3,16,0.000000749659
0x20a4,16,0.000000749659
0x20a5,16,0.000000749659
0x20a7,16,0.000000749659
0x20a8,16,0.000000749659
0x20b0,80,0.000003748296
0x20b1,2528,0.000118446151
0x20b2,2528,0.000118446151
0x20b3,2528,0.000118446151
0x20b5,20224,0.000947569211
0x20b7,20224,0.000947569211
0x20b8,20224,0.000947569211
0x20bb,1070,0.000050133458
0x20bc,1070,0.000050133458
0x20bd,1070,0.000050133458
0x20be,1070,0.000050133458
0x20bf,20224,0.000947569211
0x20c0,20224,0.000947569211
0x20c1,20224,0.000947569211
0x20c2,20224,0.000947569211
0x20c5,2528,0.000118446151
0x20c6,2528,0.000118446151
0x20c7,2528,0.000118446151
0x20c8,2528,0.000118446151
0x20c9,2528,0.000118446151
0x20cc,1264,0.000059223076
0x20cd,1264,0.000059223076
0x20cf,1264,0.000059223076
0x20d2,1184,0.000055474780
0x20d3,1184,0.000055474780
0x20d4,1184,0.000055474780
0x20d6,1184,0.000055474780
0x20d7,1184,0.000055474780
0x20d8,1184,0.000055474780
0x20da,1184,0.000055474780
0x20db,1184,0.000055474780
0x20dc,1184,0.000055474780
0x20de,1184,0.000055474780
0x20e1,80,0.000003748296
0x20e2,80,0.000003748296
0x20e8,79,0.000003701442
0x20e9,79,0.000003701442
0x20ea,79,0.000003701442
0x20ec,79,0.000003701442
0x20ed,79,0.000003701442
0x20f0,79,0.000003701442
0x20f1,79,0.000003701442
0x20f2,79,0.000003701442
0x20f3,79,0.000003701442
0x20f4,79,0.000003701442
0x20f6,79,0.000003701442
0x20f7,79,0.000003701442
0x20f8,79,0.000003701442
0x20fa,79,0.000003701442
0x20fb,79,0.000003701442
0x20fc,79,0.000003701442
0x20fd,79,0.000003701442
0x20fe,79,0.000003701442
0x20ff,79,0.000003701442
0x2101,79,0.000003701442
0x2103,79,0.000003701442
0x2104,79,0.000003701442
0x2106,79,0.000003701442
0x2107,79,0.000003701442
0x2108,79,0.000003701442
0x2109,79,0.000003701442
0x210a,79,0.000003701442
0x210d,79,0.000003701442
0x211c,79,0.000003701442
0x211f,79,0.000003701442
0x2120,79,0.000003701442
0x2122,79,0.000003701442
0x2123,79,0.000003701442
0x2125,79,0.000003701442
0x2130,6054,0.000283652295
0x2131,6054,0.000283652295
0x2132,6054,0.000283652295
0x2135,4540,0.000212715794
0x2137,4540,0.000212715794
0x213a,3026,0.000141779294
0x213c,3026,0.000141779294
0x213f,1513,0.000070889647
0x2146,1190,0.000055755902
0x2147,1190,0.000055755902
0x2148,1190,0.000055755902
0x214b,595,0.000027877951
0x2150,1514,0.000070936500
0x2153,1514,0.000070936500
0x2156,1514,0.000070936500
0x2160,1514,0.000070936500
0x2163,1514,0.000070936500
0x2166,1514,0.000070936500
0x2169,1514,0.000070936500
0x2170,1513,0.000070889647
0x2173,1513,0.000070889647
0x2180,1513,0.000070889647
0x2183,1513,0.000070889647
0x2186,1513,0.000070889647
0x2189,1513,0.000070889647
0x2190,595,0.000027877951
0x2193,595,0.000027877951
0x2196,595,0.000027877951
0x2199,595,0.000027877951
0x219c,595,0.000027877951
0x21a5,595,0.000027877951
0x21a8,595,0.000027877951
0x21ab,595,0.000027877951
0x21ae,595,0.000027877951
0x21b1,595,0.000027877951
0x21ba,192,0.000008995910
0x21bb,192,0.000008995910
0x21bc,192,0.000008995910
0x21bf,96,0.000004497955
0x21c2,96,0.000004497955
0x21c5,96,0.000004497955
0x21c8,96,0.000004497955
0x21cb,96,0.000004497955
0x21cd,96,0.000004497955
0x21cf,96,0.000004497955
0x2204,384,0.000017991820
0x2207,384,0.000017991820
0x2208,384,0.000017991820
0x2209,384,0.000017991820
0x220b,384,0.000017991820
0x220c,4,0.000000187415
0x220e,4,0.000000187415
0x2210,4,0.000000187415
0x2212,4,0.000000187415
0x2214,4,0.000000187415
0x2216,4,0.000000187415
0x2217,4,0.000000187415
0x2218,4,0.000000187415
0x221a,4,0.000000187415
0x221b,4,0.000000187415
0x221d,4,0.000000187415
0x221e,4,0.000000187415
0x2220,4,0.000000187415
0x2221,4,0.000000187415
0x2222,4,0.000000187415
0x2223,4,0.000000187415
0x2224,4,0.000000187415
0x2227,2,0.000000093707
0x2228,2,0.000000093707
0x222a,4,0.000000187415
0x222b,4,0.000000187415
0x2230,165,0.000007730860
0x2233,165,0.000007730860
0x2234,165,0.000007730860
0x2235,165,0.000007730860
0x2236,165,0.000007730860
0x2237,165,0.000007730860
0x2239,165,0.000007730860
0x223b,165,0.000007730860
0x223e,159,0.000007449738
0x2240,159,0.000007449738
0x2243,81,0.000003795150
0x2245,81,0.000003795150
0x2247,81,0.000003795150
0x2249,81,0.000003795150
0x224c,3,0.000000140561
0x224f,3,0.000000140561
0x2250,3,0.000000140561
0x2252,3,0.000000140561
0x2254,3,0.000000140561
0x2260,156,0.000007309177
0x2261,156,0.000007309177
0x2262,156,0.000007309177
0x2263,156,0.000007309177
0x2264,156,0.000007309177
0x2265,156,0.000007309177
0x2267,156,0.000007309177
0x2268,156,0.000007309177
0x2269,156,0.000007309177
0x226b,156,0.000007309177
0x226d,156,0.000007309177
0x226e,156,0.000007309177
0x226f,156,0.000007309177
0x2271,156,0.000007309177
0x2272,156,0.000007309177
0x2273,156,0.000007309177
0x2274,156,0.000007309177
0x2275,156,0.000007309177
0x2276,156,0.000007309177
0x2277,156,0.000007309177
0x2278,156,0.000007309177
0x2279,156,0.000007309177
0x227a,2184,0.000102328479
0x227b,19656,0.000920956310
0x227c,19656,0.000920956310
0x227d,19656,0.000920956310
0x227e,19656,0.000920956310
0x227f,19656,0.000920956310
0x2280,19656,0.000920956310
0x2283,2184,0.000102328479
0x2284,2184,0.000102328479
0x2285,2184,0.000102328479
0x2286,2184,0.000102328479
0x2288,2184,0.000102328479
0x2289,2184,0.000102328479
0x228a,2184,0.000102328479
0x228c,2184,0.000102328479
0x228d,2184,0.000102328479
0x228e,2184,0.000102328479
0x2291,156,0.000007309177
0x2292,6,0.000000281122
0x2295,6,0.000000281122
0x2296,6,0.000000281122
0x2298,6,0.000000281122
0x229b,2,0.000000093707
0x229e,2,0.000000093707
0x22a1,2,0.000000093707
0x22a3,832,0.000038982278
0x22a4,832,0.000038982278
0x22a5,832,0.000038982278
0x22a6,832,0.000038982278
0x22a7,832,0.000038982278
0x22a8,832,0.000038982278
0x22a9,832,0.000038982278
0x22aa,832,0.000038982278
0x22ab,832,0.000038982278
0x22ac,832,0.000038982278
0x22ad,832,0.000038982278
0x22b0,2,0.000000093707
0x22b4,72,0.000003373466
0x22b7,72,0.000003373466
0x22ba,72,0.000003373466
0x22bb,72,0.000003373466
0x22bc,72,0.000003373466
0x22be,72,0.000003373466
0x22c1,1,0.000000046854
0x22c3,1,0.000000046854
0x22c5,1,0.000000046854
0x22ca,49,0.000002295831
0x22cd,49,0.000002295831
0x22ce,49,0.000002295831
0x22d0,49,0.000002295831
0x22d3,1,0.000000046854
0x22d5,1,0.000000046854
0x22d7,1,0.000000046854
0x22d9,1,0.000000046854
0x22db,1,0.000000046854
0x22dd,1,0.000000046854
0x22e0,2,0.000000093707
0x22e2,6,0.000000281122
0x22e5,6,0.000000281122
0x22e8,6,0.000000281122
0x22f0,4,0.000000187415
0x22f3,4,0.000000187415
0x22f4,4,0.000000187415
0x22fa,478,0.000022396068
0x22fd,478,0.000022396068
0x22ff,478,0.000022396068
0x2302,478,0.000022396068
0x2303,8604,0.000403129227
0x2304,8604,0.000403129227
0x2306,8604,0.000403129227
0x2307,8604,0.000403129227
0x2308,8604,0.000403129227
0x2309,8604,0.000403129227
0x230a,8604,0.000403129227
0x230b,8604,0.000403129227
0x230d,8604,0.000403129227
0x230e,8604,0.000403129227
0x230f,8604,0.000403129227
0x2310,8604,0.000403129227
0x2312,8604,0.000403129227
0x2313,8604,0.000403129227
0x2314,8604,0.000403129227
0x2316,8604,0.000403129227
0x2317,8604,0.000403129227
0x231a,956,0.000044792136
0x231b,8604,0.000403129227
0x231c,8604,0.000403129227
0x231f,478,0.000022396068
0x2322,1436,0.000067281912
0x2325,1436,0.000067281912
0x2326,1436,0.000067281912
0x2327,1436,0.000067281912
0x2329,1436,0.000067281912
0x232a,1436,0.000067281912
0x232b,1436,0.000067281912
0x232c,1436,0.000067281912
0x232e,1436,0.000067281912
0x232f,1436,0.000067281912
0x2331,1436,0.000067281912
0x2334,1436,0.000067281912
0x2337,1436,0.000067281912
0x2351,3828,0.000179355960
0x2352,3828,0.000179355960
0x2354,3828,0.000179355960
0x2355,1984,0.000092957739
0x2356,1984,0.000092957739
0x2357,1984,0.000092957739
0x2358,1984,0.000092957739
0x235a,1984,0.000092957739
0x235b,1984,0.000092957739
0x235e,1984,0.000092957739
0x235f,1984,0.000092957739
0x2360,1984,0.000092957739
0x2361,1984,0.000092957739
0x2362,1984,0.000092957739
0x2364,1984,0.000092957739
0x2365,1984,0.000092957739
0x2366,1984,0.000092957739
0x2368,1984,0.000092957739
0x2369,1984,0.000092957739
0x236a,1984,0.000092957739
0x236b,1984,0.000092957739
0x236c,1984,0.000092957739
0x236e,1984,0.000092957739
0x2370,1984,0.000092957739
0x2373,1869,0.000087569564
0x2375,1869,0.000087569564
0x2377,1869,0.000087569564
0x237a,1836,0.000086023392
0x237b,115,0.000005388175
0x237c,115,0.000005388175
0x237e,115,0.000005388175
0x237f,115,0.000005388175
0x2381,115,0.000005388175
0x2384,115,0.000005388175
0x2385,115,0.000005388175
0x2386,115,0.000005388175
0x2387,115,0.000005388175
0x2389,115,0.000005388175
0x238a,31,0.000001452465
0x238c,31,0.000001452465
0x238d,31,0.000001452465
0x238e,31,0.000001452465
0x2390,31,0.000001452465
0x2391,25,0.000001171342
0x2393,25,0.000001171342
0x2398,33,0.000001546172
0x2399,33,0.000001546172
0x239b,33,0.000001546172
0x239c,33,0.000001546172
0x239d,33,0.000001546172
0x239e,33,0.000001546172
0x239f,33,0.000001546172
0x23a1,33,0.000001546172
0x23a2,33,0.000001546172
0x23a5,18,0.000000843367
0x23a7,18,0.000000843367
0x23a9,18,0.000000843367
0x23ac,33,0.000001546172
0x23af,31,0.000001452465
0x23b0,31,0.000001452465
0x23b2,31,0.000001452465
0x23b3,31,0.000001452465
0x23b4,31,0.000001452465
0x23b5,31,0.000001452465
0x23b6,31,0.000001452465
0x23b8,31,0.000001452465
0x23bb,31,0.000001452465
0x23c0,2,0.000000093707
0x23c1,2,0.000000093707
0x23c2,2,0.000000093707
0x23c4,2,0.000000093707
0x23c6,2,0.000000093707
0x23c7,1,0.000000046854
0x23ca,1,0.000000046854
0x23cc,1,0.000000046854
0x23cd,1,0.000000046854
0x23cf,1,0.000000046854
0x23d1,1,0.000000046854
0x23d3,1,0.000000046854
0x23d6,10470,0.000490558230
0x23d9,10470,0.000490558230
0x23da,10470,0.000490558230
0x23dc,10470,0.000490558230
0x23de,10470,0.000490558230
0x23e1,8141,0.000381435965
0x23e3,8141,0.000381435965
0x23e6,6861,0.000321463230
0x23e8,6861,0.000321463230
0x23eb,5605,0.000262614984
0x23ed,5605,0.000262614984
0x23f0,4529,0.000212200403
0x23f2,4529,0.000212200403
0x23f3,3949,0.000185025258
0x23f5,3949,0.000185025258
0x23f8,3828,0.000179355960
0x23fb,3828,0.000179355960
0x2400,96,0.000004497955
0x2403,96,0.000004497955
0x2406,95,0.000004451101
0x2408,95,0.000004451101
0x240b,64,0.000002998637
0x240e,63,0.000002951783
0x240f,63,0.000002951783
0x2410,63,0.000002951783
0x2411,63,0.000002951783
0x2412,63,0.000002951783
0x2415,32,0.000001499318
0x2416,32,0.000001499318
0x2418,32,0.000001499318
0x241a,32,0.000001499318
0x241b,32,0.000001499318
0x241c,32,0.000001499318
0x241e,32,0.000001499318
0x241f,32,0.000001499318
0x2420,32,0.000001499318
0x2423,32,0.000001499318
0x2426,32,0.000001499318
0x242c,96,0.000004497955
0x242f,96,0.000004497955
0x2430,96,0.000004497955
0x2432,96,0.000004497955
0x2433,96,0.000004497955
0x2436,96,0.000004497955
0x2439,96,0.000004497955
0x243a,96,0.000004497955
0x243b,96,0.000004497955
0x243c,96,0.000004497955
0x243d,96,0.000004497955
0x243e,96,0.000004497955
0x243f,96,0.000004497955
0x2441,96,0.000004497955
0x2442,96,0.000004497955
0x2443,96,0.000004497955
0x2445,96,0.000004497955
0x2446,96,0.000004497955
0x2447,96,0.000004497955
0x2449,96,0.000004497955
0x244a,96,0.000004497955
0x244b,96,0.000004497955
0x244c,64,0.000002998637
0x244f,64,0.000002998637
0x2450,64,0.000002998637
0x2451,64,0.000002998637
0x2452,64,0.000002998637
0x2455,32,0.000001499318
0x2456,32,0.000001499318
0x2457,1,0.000000046854
0x2458,1,0.000000046854
0x245a,1,0.000000046854
0x245c,1,0.000000046854
0x245d,1,0.000000046854
0x245f,1,0.000000046854
0x2461,1,0.000000046854
0x2462,1,0.000000046854
0x2464,1,0.000000046854
0x2466,1,0.000000046854
0x246a,31,0.000001452465
0x246d,31,0.000001452465
0x2470,31,0.000001452465
0x2473,31,0.000001452465
0x2476,29,0.000001358757
0x2477,29,0.000001358757
0x2478,29,0.000001358757
0x247b,29,0.000001358757
0x247d,29,0.000001358757
0x247e,29,0.000001358757
0x2481,29,0.000001358757
0x2483,29,0.000001358757
0x2484,29,0.000001358757
0x2485,29,0.000001358757
0x2487,29,0.000001358757
0x2488,29,0.000001358757
0x2489,29,0.000001358757
0x248a,29,0.000001358757
0x248c,29,0.000001358757
0x248d,29,0.000001358757
0x248f,29,0.000001358757
0x2490,29,0.000001358757
0x2493,29,0.000001358757
0x2495,29,0.000001358757
0x2496,29,0.000001358757
0x2497,29,0.000001358757
0x2498,23,0.000001077635
0x2499,23,0.000001077635
0x249a,23,0.000001077635
0x249b,17,0.000000796513
0x249c,17,0.000000796513
0x249d,17,0.000000796513
0x249e,7,0.000000327976
0x249f,7,0.000000327976
0x24a0,7436,0.000348404107
0x24a3,7436,0.000348404107
0x24a5,7436,0.000348404107
0x24a7,7436,0.000348404107
0x24a8,3828,0.000179355960
0x24ab,3828,0.000179355960
0x24ae,3828,0.000179355960
0x24b1,3828,0.000179355960
0x24b4,3828,0.000179355960
0x24b6,3828,0.000179355960
0x24b8,3828,0.000179355960
0x24b9,957,0.000044838990
0x24c4,3718,0.000174202053
0x24c7,3718,0.000174202053
0x24c9,3718,0.000174202053
0x24cb,3718,0.000174202053
0x24ce,1914,0.000089677980
0x24d1,1914,0.000089677980
0x24d4,1914,0.000089677980
0x24d5,1914,0.000089677980
0x24d6,1914,0.000089677980
0x24d8,1914,0.000089677980
0x24db,1436,0.000067281912
0x24e0,1914,0.000089677980
0x24e3,1914,0.000089677980
0x24e5,1914,0.000089677980
0x24e6,120,0.000005622444
0x24e9,120,0.000005622444
0x24eb,120,0.000005622444
0x24ec,90,0.000004216833
0x24f2,957,0.000044838990
0x24f5,957,0.000044838990
0x24f7,957,0.000044838990
0x24f8,957,0.000044838990
0x24f9,957,0.000044838990
0x24fc,957,0.000044838990
0x24fe,957,0.000044838990
0x24ff,957,0.000044838990
0x2500,276,0.000012931621
0x2503,276,0.000012931621
0x2504,276,0.000012931621
0x2505,235,0.000011010619
0x2508,235,0.000011010619
0x2509,235,0.000011010619
0x250a,26,0.000001218196
0x250b,26,0.000001218196
0x250d,26,0.000001218196
0x250e,26,0.000001218196
0x2511,26,0.000001218196
0x2512,26,0.000001218196
0x2513,26,0.000001218196
0x2515,26,0.000001218196
0x2517,26,0.000001218196
0x2518,26,0.000001218196
0x2519,26,0.000001218196
0x251a,26,0.000001218196
0x2520,1,0.000000046854
0x2521,1,0.000000046854
0x2524,1,0.000000046854
0x2525,1,0.000000046854
0x2528,1,0.000000046854
0x252a,1,0.000000046854
0x252b,1,0.000000046854
0x252c,1,0.000000046854
0x252f,1,0.000000046854
0x2531,1,0.000000046854
0x2532,1,0.000000046854
0x2534,1,0.000000046854
0x2537,1,0.000000046854
0x2539,1,0.000000046854
0x253c,1,0.000000046854
0x253d,1,0.000000046854
0x253e,1,0.000000046854
0x253f,1,0.000000046854
0x2540,1,0.000000046854
0x2543,1,0.000000046854
0x2544,1,0.000000046854
0x2545,1,0.000000046854
0x2547,1,0.000000046854
0x2548,1,0.000000046854
0x254a,1,0.000000046854
0x254b,1,0.000000046854
0x254d,1,0.000000046854
0x2552,1,0.000000046854
0x2554,1,0.000000046854
0x2556,1,0.000000046854
0x2557,1,0.000000046854
0x2559,1,0.000000046854
0x255b,1,0.000000046854
0x255d,1,0.000000046854
0x2560,2108,0.000098767598
0x2563,2108,0.000098767598
0x2564,2108,0.000098767598
0x2566,2108,0.000098767598
0x2567,2108,0.000098767598
0x2568,2108,0.000098767598
0x2569,2108,0.000098767598
0x256a,2108,0.000098767598
0x256b,2108,0.000098767598
0x256d,2108,0.000098767598
0x256e,2108,0.000098767598
0x2570,2108,0.000098767598
0x2572,2108,0.000098767598
0x2575,2108,0.000098767598
0x2576,2108,0.000098767598
0x2577,2108,0.000098767598
0x2578,2108,0.000098767598
0x2579,2108,0.000098767598
0x257b,2108,0.000098767598
0x257c,2108,0.000098767598
0x257f,2108,0.000098767598
0x2581,2108,0.000098767598
0x2582,2108,0.000098767598
0x2585,2108,0.000098767598
0x2587,2108,0.000098767598
0x2588,16734,0.000784049801
0x2589,16734,0.000784049801
0x258c,16705,0.000782691044
0x258d,16705,0.000782691044
0x258e,16705,0.000782691044
0x2590,16705,0.000782691044
0x2591,16705,0.000782691044
0x2592,16705,0.000782691044
0x2595,2079,0.000097408841
0x2596,16734,0.000784049801
0x2597,16734,0.000784049801
0x2599,16734,0.000784049801
0x259a,8260,0.000387011555
0x259b,8260,0.000387011555
0x259c,8260,0.000387011555
0x259e,8260,0.000387011555
0x259f,8260,0.000387011555
0x25a1,8260,0.000387011555
0x25a2,7730,0.000362179094
0x25a3,7730,0.000362179094
0x25a4,7730,0.000362179094
0x25a5,7730,0.000362179094
0x25a6,4832,0.000226397074
0x25a7,4832,0.000226397074
0x25a8,856,0.000040106766
0x25a9,856,0.000040106766
0x25aa,856,0.000040106766
0x25ab,856,0.000040106766
0x25ac,826,0.000038701155
0x25ae,826,0.000038701155
0x25af,29,0.000001358757
0x25b0,29,0.000001358757
0x25b1,29,0.000001358757
0x25b2,29,0.000001358757
0x25b3,29,0.000001358757
0x25b4,29,0.000001358757
0x25b5,29,0.000001358757
0x25b6,29,0.000001358757
0x25b7,185,0.000008667934
0x25ba,185,0.000008667934
0x25bc,185,0.000008667934
0x25be,185,0.000008667934
0x25c1,1,0.000000046854
0x25c3,1,0.000000046854
0x25c5,1,0.000000046854
0x25ca,185,0.000008667934
0x25cd,457,0.000021412141
0x25ce,457,0.000021412141
0x25d0,457,0.000021412141
0x25d3,374,0.000017523283
0x25d4,374,0.000017523283
0x25d6,374,0.000017523283
0x25d7,374,0.000017523283
0x25d8,374,0.000017523283
0x25db,102,0.000004779077
0x25dc,102,0.000004779077
0x25dd,102,0.000004779077
0x25e0,83,0.000003888857
0x25e1,83,0.000003888857
0x25e3,83,0.000003888857
0x25e4,83,0.000003888857
0x25e5,83,0.000003888857
0x25e7,83,0.000003888857
0x25e8,83,0.000003888857
0x25ea,83,0.000003888857
0x25eb,83,0.000003888857
0x25ec,83,0.000003888857
0x25ed,83,0.000003888857
0x25ef,83,0.000003888857
0x25f0,83,0.000003888857
0x25f1,83,0.000003888857
0x25f3,83,0.000003888857
0x25f4,83,0.000003888857
0x25f6,83,0.000003888857
0x25f7,83,0.000003888857
0x25f8,83,0.000003888857
0x25f9,83,0.000003888857
0x25fa,83,0.000003888857
0x25fb,83,0.000003888857
0x25fc,83,0.000003888857
0x25fd,83,0.000003888857
0x2600,2332,0.000109262826
0x2601,2332,0.000109262826
0x2602,2332,0.000109262826
0x2603,2332,0.000109262826
0x2604,2332,0.000109262826
0x2605,2332,0.000109262826
0x2608,2332,0.000109262826
0x2609,2332,0.000109262826
0x260a,2332,0.000109262826
0x260b,2332,0.000109262826
0x260c,2332,0.000109262826
0x260e,2332,0.000109262826
0x2611,2332,0.000109262826
0x2612,2332,0.000109262826
0x2613,2332,0.000109262826
0x2616,2332,0.000109262826
0x2617,2332,0.000109262826
0x261a,1240,0.000058098587
0x261d,1240,0.000058098587
0x261e,1240,0.000058098587
0x2620,1240,0.000058098587
0x2621,1240,0.000058098587
0x2624,1240,0.000058098587
0x2625,1240,0.000058098587
0x2626,1240,0.000058098587
0x2628,1240,0.000058098587
0x2629,1240,0.000058098587
0x262b,1240,0.000058098587
0x262c,1240,0.000058098587
0x262e,1240,0.000058098587
0x262f,1240,0.000058098587
0x2630,1240,0.000058098587
0x2631,1240,0.000058098587
0x2633,1240,0.000058098587
0x2634,1240,0.000058098587
0x2635,1240,0.000058098587
0x2638,1240,0.000058098587
0x2639,2332,0.000109262826
0x263c,2332,0.000109262826
0x263f,2332,0.000109262826
0x2642,2332,0.000109262826
0x2643,2332,0.000109262826
0x2646,1166,0.000054631413
0x2649,1166,0.000054631413
0x2650,1092,0.000051164239
0x2651,1092,0.000051164239
0x2654,1092,0.000051164239
0x2655,1092,0.000051164239
0x2656,1092,0.000051164239
0x2658,1092,0.000051164239
0x2659,1092,0.000051164239
0x265b,1092,0.000051164239
0x265c,1092,0.000051164239
0x265e,1092,0.000051164239
0x2661,1092,0.000051164239
0x2662,1092,0.000051164239
0x2668,1166,0.000054631413
0x266b,1166,0.000054631413
0x266c,1166,0.000054631413
0x266d,1166,0.000054631413
0x2670,1166,0.000054631413
0x2672,1166,0.000054631413
0x2676,1166,0.000054631413
0x2678,1166,0.000054631413
0x267c,1166,0.000054631413
0x267f,1166,0.000054631413
0x2681,1166,0.000054631413
0x2684,1166,0.000054631413
0x2685,1166,0.000054631413
0x2688,1166,0.000054631413
0x268a,1166,0.000054631413
0x268b,1166,0.000054631413
0x268d,1166,0.000054631413
0x268e,1166,0.000054631413
0x268f,1166,0.000054631413
0x2692,1163,0.000054490852
0x2693,1166,0.000054631413
0x2694,1166,0.000054631413
0x2697,1166,0.000054631413
0x2699,1166,0.000054631413
0x269c,678,0.000031766808
0x269d,1166,0.000054631413
0x269f,1166,0.000054631413
0x26a2,306,0.000014337232
0x26a3,1166,0.000054631413
0x26a4,1166,0.000054631413
0x26a7,1166,0.000054631413
0x26aa,1166,0.000054631413
0x26ad,1166,0.000054631413
0x26ae,1166,0.000054631413
0x26af,1166,0.000054631413
0x26b0,1166,0.000054631413
0x26b1,172,0.000008058836
0x26b2,172,0.000008058836
0x26b4,172,0.000008058836
0x26b5,172,0.000008058836
0x26b7,172,0.000008058836
0x26b8,172,0.000008058836
0x26ba,172,0.000008058836
0x26bb,29,0.000001358757
0x26bc,29,0.000001358757
0x26bd,29,0.000001358757
0x26be,29,0.000001358757
0x26bf,29,0.000001358757
0x26c2,29,0.000001358757
0x26c4,29,0.000001358757
0x26c6,29,0.000001358757
0x26c7,29,0.000001358757
0x26c8,29,0.000001358757
0x26ca,29,0.000001358757
0x26cb,29,0.000001358757
0x26cc,29,0.000001358757
0x26d0,1166,0.000054631413
0x26d3,1166,0.000054631413
0x26d6,1166,0.000054631413
0x26d9,9328,0.000437051306
0x26da,9328,0.000437051306
0x26db,9328,0.000437051306
0x26de,4279,0.000200486979
0x26df,4279,0.000200486979
0x26e0,4279,0.000200486979
0x26e3,974,0.000045635503
0x26e4,4279,0.000200486979
0x26e5,9328,0.000437051306
0x26e6,9328,0.000437051306
0x26e7,9328,0.000437051306
0x26e8,9328,0.000437051306
0x26e9,9328,0.000437051306
0x26eb,9328,0.000437051306
0x26ee,1166,0.000054631413
0x26f1,1166,0.000054631413
0x26f2,1166,0.000054631413
0x26f3,1166,0.000054631413
0x26f5,1166,0.000054631413
0x26f8,1166,0.000054631413
0x26f9,1166,0.000054631413
0x26fa,1166,0.000054631413
0x26fd,1166,0.000054631413
0x2700,11705,0.000548422548
0x2703,11705,0.000548422548
0x2704,11705,0.000548422548
0x2705,11705,0.000548422548
0x2706,11705,0.000548422548
0x2707,11705,0.000548422548
0x2708,11705,0.000548422548
0x270a,11705,0.000548422548
0x270b,11705,0.000548422548
0x270c,11705,0.000548422548
0x270e,11705,0.000548422548
0x270f,11705,0.000548422548
0x2711,11705,0.000548422548
0x2714,11705,0.000548422548
0x2717,46820,0.002193690194
0x271a,46820,0.002193690194
0x271b,46820,0.002193690194
0x271c,46820,0.002193690194
0x271d,46820,0.002193690194
0x271e,46820,0.002193690194
0x2720,46820,0.002193690194
0x2723,11705,0.000548422548
0x2725,11705,0.000548422548
0x2728,11705,0.000548422548
0x272a,11705,0.000548422548
0x272d,96,0.000004497955
0x272e,96,0.000004497955
0x272f,96,0.000004497955
0x2731,96,0.000004497955
0x2734,96,0.000004497955
0x2735,96,0.000004497955
0x2736,96,0.000004497955
0x2739,11705,0.000548422548
0x273c,11705,0.000548422548
0x273d,11705,0.000548422548
0x2740,11705,0.000548422548
0x2743,11705,0.000548422548
0x2748,46820,0.002193690194
0x2749,46820,0.002193690194
0x274a,46820,0.002193690194
0x274c,46820,0.002193690194
0x274d,135,0.000006325249
0x274e,135,0.000006325249
0x274f,135,0.000006325249
0x2750,67,0.000003139198
0x2751,67,0.000003139198
0x2752,67,0.000003139198
0x2753,67,0.000003139198
0x2754,67,0.000003139198
0x2755,67,0.000003139198
0x2757,67,0.000003139198
0x2758,67,0.000003139198
0x2759,67,0.000003139198
0x275b,67,0.000003139198
0x275c,67,0.000003139198
0x275f,67,0.000003139198
0x2760,67,0.000003139198
0x2761,67,0.000003139198
0x2764,67,0.000003139198
0x2768,163,0.000007637153
0x2769,163,0.000007637153
0x276c,163,0.000007637153
0x276e,163,0.000007637153
0x2771,163,0.000007637153
0x2772,163,0.000007637153
0x2778,163,0.000007637153
0x277b,163,0.000007637153
0x277c,163,0.000007637153
0x277f,163,0.000007637153
0x2780,163,0.000007637153
0x2781,163,0.000007637153
0x2782,163,0.000007637153
0x2783,163,0.000007637153
0x2784,163,0.000007637153
0x2785,163,0.000007637153
0x2786,163,0.000007637153
0x2789,163,0.000007637153
0x278a,1,0.000000046854
0x278d,1,0.000000046854
0x278f,1,0.000000046854
0x2790,1,0.000000046854
0x2791,1,0.000000046854
0x2794,1,0.000000046854
0x2796,1,0.000000046854
0x2799,1,0.000000046854
0x279b,1,0.000000046854
0x279c,1,0.000000046854
0x279e,1,0.000000046854
0x279f,1,0.000000046854
0x27a0,1,0.000000046854
0x27a1,1,0.000000046854
0x27a2,1,0.000000046854
0x27a3,1,0.000000046854
0x27a4,1,0.000000046854
0x27a8,11705,0.000548422548
0x27ab,11705,0.000548422548
0x27ac,11705,0.000548422548
0x27af,11705,0.000548422548
0x27b0,11705,0.000548422548
0x27b1,11705,0.000548422548
0x27b4,11705,0.000548422548
0x27b6,11705,0.000548422548
0x27b7,11705,0.000548422548
0x27b8,11705,0.000548422548
0x27ba,11705,0.000548422548
0x27bd,11321,0.000530430728
0x27c0,11321,0.000530430728
0x27c1,11321,0.000530430728
0x27c2,11321,0.000530430728
0x27c5,11209,0.000525183114
0x27c7,11209,0.000525183114
0x27c8,11209,0.000525183114
0x27c9,11209,0.000525183114
0x27ca,7608,0.000356462943
0x27cc,7608,0.000356462943
0x27cf,7247,0.000339548758
0x27d0,7247,0.000339548758
0x27d2,7247,0.000339548758
0x27d3,7247,0.000339548758
0x27d5,7247,0.000339548758
0x27d6,7247,0.000339548758
0x27d8,361,0.000016914185
0x27da,361,0.000016914185
0x27dc,361,0.000016914185
0x27dd,361,0.000016914185
0x27df,361,0.000016914185
0x27e0,361,0.000016914185
0x27e2,112,0.000005247614
0x27e4,112,0.000005247614
0x27e7,1,0.000000046854
0x27e9,112,0.000005247614
0x27ea,112,0.000005247614
0x27ec,112,0.000005247614
0x27ee,112,0.000005247614
0x3000,2109,0.000098814451
0x3003,2109,0.000098814451
0x3004,2109,0.000098814451
0x3005,2109,0.000098814451
0x3007,2109,0.000098814451
0x300a,2109,0.000098814451
0x300b,2109,0.000098814451
0x300c,2109,0.000098814451
0x300d,2109,0.000098814451
0x300e,2109,0.000098814451
0x300f,2109,0.000098814451
0x3010,2109,0.000098814451
0x3011,2109,0.000098814451
0x3012,261,0.000012228815
0x3028,265,0.000012416230
0x302b,265,0.000012416230
0x302c,265,0.000012416230
0x302e,265,0.000012416230
0x302f,265,0.000012416230
0x3031,265,0.000012416230
0x3032,265,0.000012416230
0x3034,265,0.000012416230
0x3035,190,0.000008902203
0x3037,190,0.000008902203
0x3038,190,0.000008902203
0x3039,190,0.000008902203
0x303c,181,0.000008480520
0x303d,181,0.000008480520
0x303e,3,0.000000140561
0x303f,3,0.000000140561
0x3040,3,0.000000140561
0x3042,3,0.000000140561
0x3044,3,0.000000140561
0x3046,3,0.000000140561
0x3048,3,0.000000140561
0x3049,3,0.000000140561
0x304b,3,0.000000140561
0x304d,3,0.000000140561
0x304f,3,0.000000140561
0x3050,3,0.000000140561
0x3052,3,0.000000140561
0x3055,3,0.000000140561
0x3056,3,0.000000140561
0x3057,2,0.000000093707
0x3059,2,0.000000093707
0x305c,9,0.000000421683
0x305f,9,0.000000421683
0x3062,9,0.000000421683
0x3063,9,0.000000421683
0x3064,9,0.000000421683
0x3065,9,0.000000421683
0x3066,9,0.000000421683
0x3067,9,0.000000421683
0x3068,9,0.000000421683
0x306a,9,0.000000421683
0x306c,9,0.000000421683
0x306d,9,0.000000421683
0x3074,45,0.000002108416
0x3077,45,0.000002108416
0x3078,45,0.000002108416
0x3079,45,0.000002108416
0x307a,45,0.000002108416
0x307c,45,0.000002108416
0x307d,45,0.000002108416
0x307f,45,0.000002108416
0x3080,45,0.000002108416
0x3081,45,0.000002108416
0x3082,45,0.000002108416
0x3084,45,0.000002108416
0x3089,45,0.000002108416
0x308a,45,0.000002108416
0x308b,45,0.000002108416
0x308c,45,0.000002108416
0x308d,45,0.000002108416
0x308f,45,0.000002108416
0x3090,45,0.000002108416
0x3092,45,0.000002108416
0x3093,45,0.000002108416
0x3094,45,0.000002108416
0x3095,45,0.000002108416
0x3098,45,0.000002108416
0x309a,45,0.000002108416
0x309d,5,0.000000234268
0x309f,45,0.000002108416
0x30a0,45,0.000002108416
0x30a1,45,0.000002108416
0x30a4,45,0.000002108416
0x30a6,45,0.000002108416
0x30a7,45,0.000002108416
0x30a8,45,0.000002108416
0x30aa,3081,0.000144356247
0x30ad,3081,0.000144356247
0x30ae,3081,0.000144356247
0x30af,3081,0.000144356247
0x30b0,3081,0.000144356247
0x30b1,3081,0.000144356247
0x30b3,3081,0.000144356247
0x30b5,3081,0.000144356247
0x30b6,3081,0.000144356247
0x30b8,3081,0.000144356247
0x30ba,265,0.000012416230
0x30bd,265,0.000012416230
0x30c0,265,0.000012416230
0x30c3,265,0.000012416230
0x30c6,265,0.000012416230
0x30c8,265,0.000012416230
0x30c9,265,0.000012416230
0x30ca,265,0.000012416230
0x30cb,152,0.000007121762
0x30cd,152,0.000007121762
0x30ce,152,0.000007121762
0x30cf,152,0.000007121762
0x30d2,116,0.000005435029
0x30d3,116,0.000005435029
0x30d4,33,0.000001546172
0x30d6,33,0.000001546172
0x30d8,33,0.000001546172
0x30da,795,0.000037248691
0x30db,795,0.000037248691
0x30dc,795,0.000037248691
0x30dd,795,0.000037248691
0x30de,340,0.000015930258
0x30df,340,0.000015930258
0x30e4,36,0.000001686733
0x30e7,36,0.000001686733
0x30ea,36,0.000001686733
0x30eb,36,0.000001686733
0x30ed,36,0.000001686733
0x30f2,36,0.000001686733
0x30f3,36,0.000001686733
0x30f5,36,0.000001686733
0x30f6,36,0.000001686733
0x30f7,36,0.000001686733
0x30f8,36,0.000001686733
0x30fa,36,0.000001686733
0x30fc,36,0.000001686733
0x30ff,36,0.000001686733
0x3102,36,0.000001686733
0x3105,36,0.000001686733
0x3106,36,0.000001686733
0x3107,36,0.000001686733
0x3108,36,0.000001686733
0x310a,36,0.000001686733
0x310c,36,0.000001686733
0x310e,36,0.000001686733
0x310f,36,0.000001686733
0x3112,108,0.000005060200
0x3113,108,0.000005060200
0x3114,108,0.000005060200
0x3115,108,0.000005060200
0x3116,61,0.000002858076
0x3117,61,0.000002858076
0x3118,61,0.000002858076
0x311a,61,0.000002858076
0x311b,61,0.000002858076
0x311c,61,0.000002858076
0x311d,61,0.000002858076
0x311e,35,0.000001639879
0x311f,35,0.000001639879
0x3121,35,0.000001639879
0x3124,265,0.000012416230
0x3127,265,0.000012416230
0x3128,265,0.000012416230
0x312a,265,0.000012416230
0x312b,33,0.000001546172
0x312d,33,0.000001546172
0x312f,33,0.000001546172
0x3130,33,0.000001546172
0x3131,33,0.000001546172
0x3132,33,0.000001546172
0x3134,33,0.000001546172
0x3136,33,0.000001546172
0x3138,33,0.000001546172
0x313d,33,0.000001546172
0x313f,33,0.000001546172
0x3140,33,0.000001546172
0x3141,33,0.000001546172
0x3144,33,0.000001546172
0x3145,33,0.000001546172
0x3146,33,0.000001546172
0x3149,21,0.000000983928
0x314b,33,0.000001546172
0x314d,33,0.000001546172
0x314e,33,0.000001546172
0x315a,264,0.000012369377
0x315d,264,0.000012369377
0x315e,264,0.000012369377
0x3160,264,0.000012369377
0x3161,67,0.000003139198
0x3164,67,0.000003139198
0x3165,67,0.000003139198
0x3166,67,0.000003139198
0x3167,67,0.000003139198
0x3169,67,0.000003139198
0x316a,67,0.000003139198
0x316c,67,0.000003139198
0x316d,67,0.000003139198
0x316e,67,0.000003139198
0x316f,67,0.000003139198
0x3171,67,0.000003139198
0x3172,67,0.000003139198
0x3174,67,0.000003139198
0x3176,67,0.000003139198
0x3177,67,0.000003139198
0x3178,67,0.000003139198
0x3179,656,0.000030736027
0x317c,624,0.000029236708
0x317d,624,0.000029236708
0x317e,624,0.000029236708
0x317f,624,0.000029236708
0x3180,624,0.000029236708
0x3181,624,0.000029236708
0x3182,624,0.000029236708
0x3183,624,0.000029236708
0x3186,41,0.000001921002
0x3188,41,0.000001921002
0x318a,624,0.000029236708
0x318b,624,0.000029236708
0x318e,35,0.000001639879
0x3192,656,0.000030736027
0x3193,656,0.000030736027
0x3195,656,0.000030736027
0x3196,248,0.000011619717
0x3199,248,0.000011619717
0x319a,248,0.000011619717
0x319b,32,0.000001499318
0x319e,32,0.000001499318
0x319f,32,0.000001499318
0x31a0,32,0.000001499318
0x31a1,32,0.000001499318
0x31a2,32,0.000001499318
0x31a3,32,0.000001499318
0x31a4,32,0.000001499318
0x31a7,32,0.000001499318
0x31a9,32,0.000001499318
0x31ac,32,0.000001499318
0x31ad,32,0.000001499318
0x31b4,261,0.000012228815
0x31b7,261,0.000012228815
0x31b9,261,0.000012228815
0x31ba,30,0.000001405611
0x31bd,30,0.000001405611
0x31bf,30,0.000001405611
0x31c0,30,0.000001405611
0x31c2,30,0.000001405611
0x31c3,30,0.000001405611
0x31c5,30,0.000001405611
0x31c6,30,0.000001405611
0x31c7,30,0.000001405611
0x31c8,30,0.000001405611
0x31cb,30,0.000001405611
0x31cd,30,0.000001405611
0x31ce,30,0.000001405611
0x31d1,18,0.000000843367
0x31d2,18,0.000000843367
0x31d3,18,0.000000843367
0x31d4,18,0.000000843367
0x31d6,30,0.000001405611
0x31d7,30,0.000001405611
0x31d8,30,0.000001405611
0x31d9,30,0.000001405611
0x31da,30,0.000001405611
0x31dc,30,0.000001405611
0x31de,30,0.000001405611
0x31df,30,0.000001405611
0x31e1,30,0.000001405611
0x31e2,30,0.000001405611
0x31e3,30,0.000001405611
0x31e4,30,0.000001405611
0x31e5,30,0.000001405611
0x31e6,30,0.000001405611
0x31e7,30,0.000001405611
0x31e8,30,0.000001405611
0x31e9,30,0.000001405611
0x31ec,30,0.000001405611
0x31ed,30,0.000001405611
0x31f0,30,0.000001405611
0x31f1,30,0.000001405611
0x31f2,30,0.000001405611
0x31f4,30,0.000001405611
0x31f5,30,0.000001405611
0x31f7,30,0.000001405611
0x31f8,30,0.000001405611
0x31fb,30,0.000001405611
0x31fd,30,0.000001405611
0x31fe,30,0.000001405611
0x31ff,30,0.000001405611
0x3201,30,0.000001405611
0x3202,30,0.000001405611
0x3203,30,0.000001405611
0x3204,30,0.000001405611
0x3207,30,0.000001405611
0x3209,30,0.000001405611
0x320a,30,0.000001405611
0x320b,30,0.000001405611
0x320c,30,0.000001405611
0x320d,30,0.000001405611
0x3210,30,0.000001405611
0x3213,30,0.000001405611
0x3215,30,0.000001405611
0x3216,23,0.000001077635
0x3217,23,0.000001077635
0x3219,23,0.000001077635
0x321b,23,0.000001077635
0x321c,2,0.000000093707
0x321e,2,0.000000093707
0x3220,2,0.000000093707
0x322c,261,0.000012228815
0x322f,261,0.000012228815
0x3231,261,0.000012228815
0x3232,78,0.000003654589
0x3235,78,0.000003654589
0x3238,78,0.000003654589
0x323b,78,0.000003654589
0x323c,78,0.000003654589
0x323f,78,0.000003654589
0x3240,903,0.000042308890
0x3241,903,0.000042308890
0x3243,903,0.000042308890
0x3246,337,0.000015789697
0x3247,337,0.000015789697
0x3248,337,0.000015789697
0x3249,262,0.000012275669
0x324a,262,0.000012275669
0x324b,262,0.000012275669
0x324c,262,0.000012275669
0x324d,262,0.000012275669
0x324e,828,0.000038794863
0x324f,828,0.000038794863
0x3250,828,0.000038794863
0x3251,828,0.000038794863
0x3253,828,0.000038794863
0x3254,828,0.000038794863
0x3256,828,0.000038794863
0x3259,3,0.000000140561
0x325b,3,0.000000140561
0x325e,3,0.000000140561
0x3264,267,0.000012509938
0x3267,267,0.000012509938
0x3268,267,0.000012509938
0x326b,267,0.000012509938
0x326c,267,0.000012509938
0x326e,267,0.000012509938
0x326f,267,0.000012509938
0x3271,267,0.000012509938
0x3272,267,0.000012509938
0x3274,267,0.000012509938
0x3275,33,0.000001546172
0x3277,33,0.000001546172
0x3279,33,0.000001546172
0x327a,33,0.000001546172
0x327b,33,0.000001546172
0x327c,33,0.000001546172
0x327e,33,0.000001546172
0x3281,33,0.000001546172
0x3282,33,0.000001546172
0x3285,33,0.000001546172
0x3286,33,0.000001546172
0x3287,33,0.000001546172
0x3289,33,0.000001546172
0x328a,33,0.000001546172
0x328b,33,0.000001546172
0x328d,33,0.000001546172
0x328e,33,0.000001546172
0x328f,90,0.000004216833
0x3290,90,0.000004216833
0x3291,90,0.000004216833
0x3292,90,0.000004216833
0x3295,78,0.000003654589
0x3296,78,0.000003654589
0x3297,78,0.000003654589
0x329a,58,0.000002717515
0x329b,58,0.000002717515
0x329e,58,0.000002717515
0x329f,58,0.000002717515
0x32a0,58,0.000002717515
0x32a3,58,0.000002717515
0x32a4,90,0.000004216833
0x32a5,90,0.000004216833
0x32a6,90,0.000004216833
0x32a9,4,0.000000187415
0x32ab,90,0.000004216833
0x32ac,90,0.000004216833
0x32af,33,0.000001546172
0x32b0,17,0.000000796513
0x32b3,17,0.000000796513
0x32b5,17,0.000000796513
0x32b8,17,0.000000796513
0x32ba,17,0.000000796513
0x32bc,17,0.000000796513
0x32bf,17,0.000000796513
0x32c2,17,0.000000796513
0x32c3,17,0.000000796513
0x32c4,5,0.000000234268
0x32c5,5,0.000000234268
0x32c6,5,0.000000234268
0x32c7,5,0.000000234268
0x32c8,5,0.000000234268
0x32cb,5,0.000000234268
0x32cd,5,0.000000234268
0x32d0,5,0.000000234268
0x32d2,5,0.000000234268
0x32d4,5,0.000000234268
0x32d6,5,0.000000234268
0x32d7,5,0.000000234268
0x32d9,5,0.000000234268
0x32da,5,0.000000234268
0x32dc,5,0.000000234268
0x32dd,5,0.000000234268
0x32de,5,0.000000234268
0x32e1,5,0.000000234268
0x32e2,5,0.000000234268
0x32e3,5,0.000000234268
0x32e6,2,0.000000093707
0x32e7,2,0.000000093707
0x32e9,2,0.000000093707
0x32ea,2,0.000000093707
0x3400,2332,0.000109262826
0x3403,2332,0.000109262826
0x3406,2332,0.000109262826
0x3409,2332,0.000109262826
0x340c,2332,0.000109262826
0x340f,2332,0.000109262826
0x3412,2332,0.000109262826
0x3413,2332,0.000109262826
0x3416,1949,0.000091317860
0x3418,1949,0.000091317860
0x341b,975,0.000045682357
0x341e,975,0.000045682357
0x3421,975,0.000045682357
0x3424,975,0.000045682357
0x3427,975,0.000045682357
0x342a,975,0.000045682357
0x342d,975,0.000045682357
0x342e,975,0.000045682357
0x3431,488,0.000022864605
0x3434,488,0.000022864605
0x3438,974,0.000045635503
0x343b,974,0.000045635503
0x343c,974,0.000045635503
0x343f,486,0.000022770898
0x3442,486,0.000022770898
0x3445,486,0.000022770898
0x3448,486,0.000022770898
0x344b,486,0.000022770898
0x3452,488,0.000022864605
0x3455,488,0.000022864605
0x3458,488,0.000022864605
0x345b,488,0.000022864605
0x3462,383,0.000017944967
0x3465,383,0.000017944967
0x3466,383,0.000017944967
0x3467,192,0.000008995910
0x346a,192,0.000008995910
0x346d,192,0.000008995910
0x3474,1461,0.000068453254
0x3477,5844,0.000273813018
0x3478,5844,0.000273813018
0x347b,5844,0.000273813018
0x347c,5844,0.000273813018
0x347d,5844,0.000273813018
0x347f,5844,0.000273813018
0x3480,5844,0.000273813018
0x3482,5844,0.000273813018
0x3485,1461,0.000068453254
0x3486,1463,0.000068546962
0x3489,5852,0.000274187847
0x348a,5852,0.000274187847
0x348d,5852,0.000274187847
0x348e,5852,0.000274187847
0x348f,5852,0.000274187847
0x3491,5852,0.000274187847
0x3492,5852,0.000274187847
0x3494,5852,0.000274187847
0x3497,1463,0.000068546962
0x3498,1461,0.000068453254
0x349b,5844,0.000273813018
0x349c,5844,0.000273813018
0x349f,5844,0.000273813018
0x34a0,5844,0.000273813018
0x34a1,5844,0.000273813018
0x34a3,5844,0.000273813018
0x34a4,5844,0.000273813018
0x34a6,5844,0.000273813018
0x34a9,1461,0.000068453254
0x34aa,1463,0.000068546962
0x34ad,5852,0.000274187847
0x34ae,5852,0.000274187847
0x34b1,5852,0.000274187847
0x34b2,5852,0.000274187847
0x34b3,5852,0.000274187847
0x34b5,5852,0.000274187847
0x34b6,5852,0.000274187847
0x34b8,5852,0.000274187847
0x34bb,1463,0.000068546962
0x34c0,11696,0.000548000865
0x34c1,11696,0.000548000865
0x34c2,11696,0.000548000865
0x34c3,5405,0.000253244244
0x34c4,5405,0.000253244244
0x34c6,5405,0.000253244244
0x34c7,5405,0.000253244244
0x34c9,5405,0.000253244244
0x34ca,5405,0.000253244244
0x34cb,5405,0.000253244244
0x34cc,5405,0.000253244244
0x34cd,5405,0.000253244244
0x34ce,5405,0.000253244244
0x34cf,5405,0.000253244244
0x34d0,5405,0.000253244244
0x34d1,5405,0.000253244244
0x34d2,5405,0.000253244244
0x34d3,5405,0.000253244244
0x34d4,5405,0.000253244244
0x34d5,5405,0.000253244244
0x34d7,5405,0.000253244244
0x34d8,5405,0.000253244244
0x34da,5405,0.000253244244
0x34db,5405,0.000253244244
0x34dc,5405,0.000253244244
0x34dd,5405,0.000253244244
0x34de,5425,0.000254181318
0x34df,5425,0.000254181318
0x34e1,5425,0.000254181318
0x34e4,1444,0.000067656742
0x34e5,1444,0.000067656742
0x34e7,1444,0.000067656742
0x34ea,669,0.000031345125
0x34ec,669,0.000031345125
0x34ed,669,0.000031345125
0x34ee,669,0.000031345125
0x34f0,669,0.000031345125
0x34f1,669,0.000031345125
0x34f3,669,0.000031345125
0x34f6,444,0.000020803042
0x34f8,444,0.000020803042
0x34f9,444,0.000020803042
0x34fa,444,0.000020803042
0x34fc,444,0.000020803042
0x34fd,444,0.000020803042
0x34ff,444,0.000020803042
0x3509,669,0.000031345125
0x350a,669,0.000031345125
0x350b,669,0.000031345125
0x350c,5425,0.000254181318
0x350e,5425,0.000254181318
0x350f,5425,0.000254181318
0x3512,5425,0.000254181318
0x3513,5425,0.000254181318
0x3515,5425,0.000254181318
0x3516,5425,0.000254181318
0x3518,5425,0.000254181318
0x3519,5425,0.000254181318
0x3520,911,0.000042683720
0x3521,911,0.000042683720
0x3522,911,0.000042683720
0x3523,911,0.000042683720
0x3524,911,0.000042683720
0x3525,911,0.000042683720
0x3526,911,0.000042683720
0x3527,911,0.000042683720
0x3528,1755,0.000082228242
0x3529,1755,0.000082228242
0x352a,1755,0.000082228242
0x352b,1755,0.000082228242
0x352c,1755,0.000082228242
0x352d,1755,0.000082228242
0x352e,1755,0.000082228242
0x352f,1755,0.000082228242
0x3530,2288,0.000107201264
0x3531,2288,0.000107201264
0x3532,2288,0.000107201264
0x3533,2288,0.000107201264
0x3534,2288,0.000107201264
0x3535,2288,0.000107201264
0x3536,2288,0.000107201264
0x3537,2288,0.000107201264
0x3538,2619,0.000122709838
0x3539,2619,0.000122709838
0x353a,2619,0.000122709838
0x353b,2619,0.000122709838
0x353c,2619,0.000122709838
0x353d,2619,0.000122709838
0x353e,2619,0.000122709838
0x353f,2619,0.000122709838
0x3540,5733,0.000268612257
0x3541,5733,0.000268612257
0x3542,5733,0.000268612257
0x3543,5733,0.000268612257
0x3544,5733,0.000268612257
0x3545,5733,0.000268612257
0x3546,5733,0.000268612257
0x3547,5733,0.000268612257
0x3548,6150,0.000288150250
0x3549,6150,0.000288150250
0x354a,6150,0.000288150250
0x354b,6150,0.000288150250
0x354c,6150,0.000288150250
0x354d,6150,0.000288150250
0x354e,6150,0.000288150250
0x354f,6150,0.000288150250
0x3550,6210,0.000290961472
0x3551,6210,0.000290961472
0x3552,6210,0.000290961472
0x3553,6210,0.000290961472
0x3554,6210,0.000290961472
0x3555,6210,0.000290961472
0x3556,6210,0.000290961472
0x3557,6210,0.000290961472
0x3558,6210,0.000290961472
0x355a,6210,0.000290961472
0x355b,6210,0.000290961472
0x355d,6210,0.000290961472
0x3560,1949,0.000091317860
0x3563,1949,0.000091317860
0x3564,1949,0.000091317860
0x3565,1949,0.000091317860
0x3566,1949,0.000091317860
0x3567,1949,0.000091317860
0x3568,1949,0.000091317860
0x3569,1949,0.000091317860
0x356a,1949,0.000091317860
0x356d,1949,0.000091317860
0x3570,1949,0.000091317860
0x3572,1949,0.000091317860
0x3577,1949,0.000091317860
0x3579,1949,0.000091317860
0x357a,1949,0.000091317860
0x357b,1949,0.000091317860
0x357e,1949,0.000091317860
0x357f,1949,0.000091317860
0x3581,1949,0.000091317860
0x3584,815,0.000038185765
0x3586,1949,0.000091317860
0x3587,1949,0.000091317860
0x3588,1949,0.000091317860
0x3589,1949,0.000091317860
0x358c,1949,0.000091317860
0x358d,1949,0.000091317860
0x358e,1949,0.000091317860
0x3590,1949,0.000091317860
0x3591,1949,0.000091317860
0x3593,1949,0.000091317860
0x3594,1949,0.000091317860
0x3596,1949,0.000091317860
0x3597,1949,0.000091317860
0x359a,1949,0.000091317860
0x359b,1949,0.000091317860
0x359c,1949,0.000091317860
0x359d,1949,0.000091317860
0x359f,1949,0.000091317860
0x35a2,1949,0.000091317860
0x35b0,11696,0.000548000865
0x35b1,11696,0.000548000865
0x35b2,11696,0.000548000865
0x35b3,5405,0.000253244244
0x35b4,5405,0.000253244244
0x35b5,5405,0.000253244244
0x35b6,5405,0.000253244244
0x35b7,5405,0.000253244244
0x35b8,5405,0.000253244244
0x35b9,5405,0.000253244244
0x35ba,5405,0.000253244244
0x35bd,4940,0.000231457274
0x35be,5405,0.000253244244
0x35bf,5405,0.000253244244
0x35c0,5405,0.000253244244
0x35c1,5405,0.000253244244
0x35c2,5405,0.000253244244
0x35c3,5405,0.000253244244
0x35c4,5405,0.000253244244
0x35c5,5405,0.000253244244
0x35c7,5405,0.000253244244
0x35c8,5405,0.000253244244
0x35c9,5405,0.000253244244
0x35ca,5405,0.000253244244
0x35cb,5405,0.000253244244
0x35cc,5405,0.000253244244
0x35cd,5405,0.000253244244
0x35ce,5405,0.000253244244
0x35cf,5405,0.000253244244
0x35d0,5405,0.000253244244
0x35d1,5405,0.000253244244
0x35d2,5405,0.000253244244
0x35d3,5405,0.000253244244
0x35d4,5405,0.000253244244
0x35d5,5405,0.000253244244
0x35d6,5405,0.000253244244
0x35d7,5405,0.000253244244
0x35d8,5405,0.000253244244
0x35d9,5405,0.000253244244
0x35da,5405,0.000253244244
0x35db,5405,0.000253244244
0x35e0,4462,0.000209061206
0x35e1,4462,0.000209061206
0x35e2,4462,0.000209061206
0x35e3,4462,0.000209061206
0x35e5,4462,0.000209061206
0x35e8,2179,0.000102094210
0x35e9,2179,0.000102094210
0x35ea,2179,0.000102094210
0x35eb,2179,0.000102094210
0x35ec,2179,0.000102094210
0x35ed,2179,0.000102094210
0x35ee,2179,0.000102094210
0x35ef,2179,0.000102094210
0x35f0,2179,0.000102094210
0x35f1,2179,0.000102094210
0x35f3,2179,0.000102094210
0x35f6,631,0.000029564684
0x35f8,631,0.000029564684
0x35f9,631,0.000029564684
0x35fa,631,0.000029564684
0x35fb,631,0.000029564684
0x35fd,631,0.000029564684
0x35fe,631,0.000029564684
0x3601,80,0.000003748296
0x3602,80,0.000003748296
0x3603,80,0.000003748296
0x3604,631,0.000029564684
0x3605,631,0.000029564684
0x3606,631,0.000029564684
0x3607,631,0.000029564684
0x3608,631,0.000029564684
0x3609,631,0.000029564684
0x360a,631,0.000029564684
0x360b,631,0.000029564684
0x360c,631,0.000029564684
0x360e,631,0.000029564684
0x360f,631,0.000029564684
0x3612,582,0.000027268853
0x3613,582,0.000027268853
0x3614,582,0.000027268853
0x3615,582,0.000027268853
0x3616,582,0.000027268853
0x3618,582,0.000027268853
0x3619,582,0.000027268853
0x361a,582,0.000027268853
0x361b,582,0.000027268853
0x361c,392,0.000018366650
0x361f,392,0.000018366650
0x3620,392,0.000018366650
0x3621,392,0.000018366650
0x3622,147,0.000006887494
0x3623,147,0.000006887494
0x3624,147,0.000006887494
0x3628,2283,0.000106966995
0x362a,2283,0.000106966995
0x362d,2230,0.000104483749
0x362e,2230,0.000104483749
0x362f,2230,0.000104483749
0x3630,2230,0.000104483749
0x3631,2230,0.000104483749
0x3632,2230,0.000104483749
0x3633,2230,0.000104483749
0x3634,2230,0.000104483749
0x3635,2230,0.000104483749
0x3636,2230,0.000104483749
0x3637,2230,0.000104483749
0x363a,691,0.000032375906
0x363c,691,0.000032375906
0x363d,691,0.000032375906
0x363e,691,0.000032375906
0x363f,691,0.000032375906
0x3641,691,0.000032375906
0x3642,691,0.000032375906
0x3645,88,0.000004123126
0x3646,88,0.000004123126
0x3647,88,0.000004123126
0x3648,691,0.000032375906
0x3649,691,0.000032375906
0x364a,691,0.000032375906
0x364b,691,0.000032375906
0x364c,691,0.000032375906
0x364d,691,0.000032375906
0x364e,691,0.000032375906
0x364f,691,0.000032375906
0x3650,691,0.000032375906
0x3651,691,0.000032375906
0x3652,691,0.000032375906
0x3654,691,0.000032375906
0x3655,691,0.000032375906
0x3656,691,0.000032375906
0x3657,691,0.000032375906
0x365a,500,0.000023426850
0x365d,500,0.000023426850
0x365e,500,0.000023426850
0x3661,152,0.000007121762
0x3662,152,0.000007121762
0x3663,691,0.000032375906
0x3665,691,0.000032375906
0x3666,691,0.000032375906
0x366a,1548,0.000072529526
0x366b,1548,0.000072529526
0x366c,1548,0.000072529526
0x366d,55,0.000002576953
0x366e,55,0.000002576953
0x366f,55,0.000002576953
0x3670,55,0.000002576953
0x3671,55,0.000002576953
0x3672,49,0.000002295831
0x3673,49,0.000002295831
0x3674,49,0.000002295831
0x3675,49,0.000002295831
0x3676,49,0.000002295831
0x3679,49,0.000002295831
0x367b,49,0.000002295831
0x367c,49,0.000002295831
0x367f,49,0.000002295831
0x3680,49,0.000002295831
0x3683,49,0.000002295831
0x3684,49,0.000002295831
0x3686,49,0.000002295831
0x3689,49,0.000002295831
0x368a,49,0.000002295831
0x368b,49,0.000002295831
0x368d,49,0.000002295831
0x368e,29,0.000001358757
0x3690,29,0.000001358757
0x3691,26,0.000001218196
0x3692,26,0.000001218196
0x3695,1539,0.000072107843
0x3696,1539,0.000072107843
0x3697,1539,0.000072107843
0x3698,1539,0.000072107843
0x3699,1539,0.000072107843
0x369a,1539,0.000072107843
0x369b,1539,0.000072107843
0x369c,1539,0.000072107843
0x369d,44,0.000002061563
0x369e,44,0.000002061563
0x36a0,44,0.000002061563
0x36a1,44,0.000002061563
0x36a4,44,0.000002061563
0x36a6,44,0.000002061563
0x36a7,44,0.000002061563
0x36aa,42,0.000001967855
0x36ab,44,0.000002061563
0x36ae,44,0.000002061563
0x36b0,44,0.000002061563
0x36b3,44,0.000002061563
0x36b4,44,0.000002061563
0x36b6,44,0.000002061563
0x36b7,41,0.000001921002
0x36b9,41,0.000001921002
0x36ba,39,0.000001827294
0x36bb,39,0.000001827294
0x36c0,943,0.000044183038
0x36c1,943,0.000044183038
0x36c2,943,0.000044183038
0x36c3,471,0.000022068092
0x36c4,471,0.000022068092
0x36c5,471,0.000022068092
0x36c6,471,0.000022068092
0x36c8,471,0.000022068092
0x36c9,471,0.000022068092
0x36cc,211,0.000009886131
0x36cd,211,0.000009886131
0x36ce,211,0.000009886131
0x36cf,211,0.000009886131
0x36d2,1511,0.000070795939
0x36d3,1511,0.000070795939
0x36d4,1511,0.000070795939
0x36d5,1511,0.000070795939
0x36d6,1511,0.000070795939
0x36d7,1511,0.000070795939
0x36d8,56,0.000002623807
0x36d9,56,0.000002623807
0x36da,56,0.000002623807
0x36db,56,0.000002623807
0x36dc,56,0.000002623807
0x36dd,56,0.000002623807
0x36de,56,0.000002623807
0x36e1,56,0.000002623807
0x36e3,56,0.000002623807
0x36e6,56,0.000002623807
0x36ea,2415,0.000113151683
0x36eb,2415,0.000113151683
0x36ec,2415,0.000113151683
0x36ed,2415,0.000113151683
0x36ee,2415,0.000113151683
0x36ef,2415,0.000113151683
0x36f0,375,0.000017570137
0x36f1,375,0.000017570137
0x36f2,375,0.000017570137
0x36f3,375,0.000017570137
0x36f5,375,0.000017570137
0x36f6,29,0.000001358757
0x36f7,29,0.000001358757
0x36f8,29,0.000001358757
0x36f9,29,0.000001358757
0x36fa,29,0.000001358757
0x36fb,29,0.000001358757
0x36fc,29,0.000001358757
0x36fd,29,0.000001358757
0x36fe,29,0.000001358757
0x3701,29,0.000001358757
0x3703,29,0.000001358757
0x3706,29,0.000001358757
0x370a,1268,0.000059410491
0x370b,1268,0.000059410491
0x370c,1268,0.000059410491
0x370d,1268,0.000059410491
0x370e,1268,0.000059410491
0x370f,1268,0.000059410491
0x3710,112,0.000005247614
0x3711,112,0.000005247614
0x3712,112,0.000005247614
0x3713,112,0.000005247614
0x3715,112,0.000005247614
0x3716,30,0.000001405611
0x3717,30,0.000001405611
0x3718,30,0.000001405611
0x3719,30,0.000001405611
0x371a,30,0.000001405611
0x371b,30,0.000001405611
0x371c,30,0.000001405611
0x371d,30,0.000001405611
0x371e,30,0.000001405611
0x3721,30,0.000001405611
0x3723,30,0.000001405611
0x3726,30,0.000001405611
0x3729,30,0.000001405611
0x372a,30,0.000001405611
0x372c,30,0.000001405611
0x372d,13,0.000000609098
0x372e,13,0.000000609098
0x3730,13,0.000000609098
0x3731,13,0.000000609098
0x3732,13,0.000000609098
0x3733,13,0.000000609098
0x3734,13,0.000000609098
0x3735,13,0.000000609098
0x3736,13,0.000000609098
0x3739,13,0.000000609098
0x373b,13,0.000000609098
0x373e,13,0.000000609098
0x3744,53,0.000002483246
0x3746,53,0.000002483246
0x3747,53,0.000002483246
0x3748,53,0.000002483246
0x3749,53,0.000002483246
0x374a,53,0.000002483246
0x374c,53,0.000002483246
0x374d,53,0.000002483246
0x374e,53,0.000002483246
0x3750,53,0.000002483246
0x3751,53,0.000002483246
0x3752,9,0.000000421683
0x3753,9,0.000000421683
0x3754,9,0.000000421683
0x3758,9956,0.000466475429
0x3759,9956,0.000466475429
0x375a,9956,0.000466475429
0x375b,192,0.000008995910
0x375c,192,0.000008995910
0x375f,180,0.000008433666
0x3760,180,0.000008433666
0x3761,180,0.000008433666
0x3764,96,0.000004497955
0x3766,96,0.000004497955
0x3767,96,0.000004497955
0x3769,96,0.000004497955
0x376a,96,0.000004497955
0x376b,96,0.000004497955
0x376c,96,0.000004497955
0x376d,96,0.000004497955
0x376e,96,0.000004497955
0x376f,96,0.000004497955
0x3770,96,0.000004497955
0x3771,96,0.000004497955
0x3772,96,0.000004497955
0x3773,96,0.000004497955
0x3774,96,0.000004497955
0x3777,96,0.000004497955
0x377a,96,0.000004497955
0x377b,96,0.000004497955
0x377c,96,0.000004497955
0x377d,96,0.000004497955
0x377e,96,0.000004497955
0x3780,96,0.000004497955
0x3781,96,0.000004497955
0x3782,96,0.000004497955
0x3783,96,0.000004497955
0x3786,96,0.000004497955
0x3787,96,0.000004497955
0x3788,80,0.000003748296
0x3789,80,0.000003748296
0x378c,80,0.000003748296
0x378e,80,0.000003748296
0x378f,80,0.000003748296
0x3791,80,0.000003748296
0x3792,80,0.000003748296
0x3796,96,0.000004497955
0x3798,96,0.000004497955
0x3799,96,0.000004497955
0x379b,96,0.000004497955
0x379e,36,0.000001686733
0x379f,96,0.000004497955
0x37a0,96,0.000004497955
0x37a1,96,0.000004497955
0x37a4,96,0.000004497955
0x37a5,96,0.000004497955
0x37a6,57,0.000002670661
0x37a7,57,0.000002670661
0x37aa,57,0.000002670661
0x37b0,84,0.000003935711
0x37b1,84,0.000003935711
0x37b2,84,0.000003935711
0x37b3,84,0.000003935711
0x37b4,84,0.000003935711
0x37b5,84,0.000003935711
0x37b6,84,0.000003935711
0x37b7,84,0.000003935711
0x37b8,84,0.000003935711
0x37b9,84,0.000003935711
0x37ba,84,0.000003935711
0x37bb,84,0.000003935711
0x37be,84,0.000003935711
0x37c0,84,0.000003935711
0x37c1,84,0.000003935711
0x37c4,84,0.000003935711
0x37c6,84,0.000003935711
0x37cc,12,0.000000562244
0x37cd,12,0.000000562244
0x37ce,12,0.000000562244
0x37cf,12,0.000000562244
0x37d0,12,0.000000562244
0x37d2,12,0.000000562244
0x37d4,12,0.000000562244
0x37d5,12,0.000000562244
0x37d7,12,0.000000562244
0x37da,12,0.000000562244
0x37dd,312,0.000014618354
0x37de,312,0.000014618354
0x37df,312,0.000014618354
0x37e0,312,0.000014618354
0x37e1,312,0.000014618354
0x37e2,312,0.000014618354
0x37e5,12,0.000000562244
0x3800,5234,0.000245232261
0x3803,5234,0.000245232261
0x3805,5234,0.000245232261
0x3806,2800,0.000131190358
0x3809,2800,0.000131190358
0x380b,2800,0.000131190358
0x380c,2800,0.000131190358
0x380f,2800,0.000131190358
0x3810,2800,0.000131190358
0x3813,2800,0.000131190358
0x3815,2800,0.000131190358
0x3816,2800,0.000131190358
0x3819,2800,0.000131190358
0x381a,2800,0.000131190358
0x381b,2800,0.000131190358
0x381d,2800,0.000131190358
0x381e,2800,0.000131190358
0x381f,2800,0.000131190358
0x3820,2800,0.000131190358
0x3822,2800,0.000131190358
0x3823,39,0.000001827294
0x3824,39,0.000001827294
0x3827,39,0.000001827294
0x3829,39,0.000001827294
0x382b,39,0.000001827294
0x382c,39,0.000001827294
0x382e,39,0.000001827294
0x382f,39,0.000001827294
0x3830,39,0.000001827294
0x3832,39,0.000001827294
0x3833,39,0.000001827294
0x3834,39,0.000001827294
0x3835,39,0.000001827294
0x3837,39,0.000001827294
0x3838,39,0.000001827294
0x3839,39,0.000001827294
0x383b,39,0.000001827294
0x383c,39,0.000001827294
0x383e,39,0.000001827294
0x3841,23,0.000001077635
0x3844,20,0.000000937074
0x3846,20,0.000000937074
0x3847,20,0.000000937074
0x3849,20,0.000000937074
0x384a,20,0.000000937074
0x384b,20,0.000000937074
0x384c,16,0.000000749659
0x384f,16,0.000000749659
0x3850,16,0.000000749659
0x3851,16,0.000000749659
0x3853,16,0.000000749659
0x3854,16,0.000000749659
0x3855,16,0.000000749659
0x3856,16,0.000000749659
0x3857,16,0.000000749659
0x3858,16,0.000000749659
0x3859,16,0.000000749659
0x385c,16,0.000000749659
0x385d,16,0.000000749659
0x385f,16,0.000000749659
0x3862,9,0.000000421683
0x3863,9,0.000000421683
0x3865,9,0.000000421683
0x3868,9,0.000000421683
0x386b,9,0.000000421683
0x386e,9,0.000000421683
0x386f,9,0.000000421683
0x3871,9,0.000000421683
0x3874,6,0.000000281122
0x3875,6,0.000000281122
0x3876,6,0.000000281122
0x3878,6,0.000000281122
0x387a,6,0.000000281122
0x387b,6,0.000000281122
0x387c,6,0.000000281122
0x387e,6,0.000000281122
0x3881,6,0.000000281122
0x3882,6,0.000000281122
0x3883,6,0.000000281122
0x3884,6,0.000000281122
0x3885,6,0.000000281122
0x3887,6,0.000000281122
0x388a,5,0.000000234268
0x388b,5,0.000000234268
0x388c,5,0.000000234268
0x388d,5,0.000000234268
0x3894,7,0.000000327976
0x3897,7,0.000000327976
0x3899,7,0.000000327976
0x389c,7,0.000000327976
0x38a1,20,0.000000937074
0x38a2,20,0.000000937074
0x38a4,20,0.000000937074
0x38a5,20,0.000000937074
0x38a6,20,0.000000937074
0x38a7,20,0.000000937074
0x38a8,20,0.000000937074
0x38a9,20,0.000000937074
0x38ac,20,0.000000937074
0x38ae,20,0.000000937074
0x38af,20,0.000000937074
0x38b1,20,0.000000937074
0x38b4,20,0.000000937074
0x38b5,20,0.000000937074
0x38bc,21,0.000000983928
0x38be,21,0.000000983928
0x38bf,21,0.000000983928
0x38c1,21,0.000000983928
0x38c2,21,0.000000983928
0x38c3,21,0.000000983928
0x38c4,4,0.000000187415
0x38c7,4,0.000000187415
0x38c8,4,0.000000187415
0x38ca,4,0.000000187415
0x38cd,4,0.000000187415
0x38cf,4,0.000000187415
0x38d2,2,0.000000093707
0x38d3,2,0.000000093707
0x38d4,2,0.000000093707
0x38d5,2,0.000000093707
0x38d7,2,0.000000093707
0x38d8,2,0.000000093707
0x38db,2,0.000000093707
0x38dc,2,0.000000093707
0x38dd,2,0.000000093707
0x38de,2,0.000000093707
0x38df,2,0.000000093707
0x38e1,2,0.000000093707
0x38e2,2,0.000000093707
0x38e4,2,0.000000093707
0x38e5,2,0.000000093707
0x38e7,2,0.000000093707
0x38e8,2,0.000000093707
0x38e9,4,0.000000187415
0x38eb,4,0.000000187415
0x38ee,4,0.000000187415
0x38f1,4,0.000000187415
0x38f8,11,0.000000515391
0x38fb,20,0.000000937074
0x38fc,20,0.000000937074
0x38fd,20,0.000000937074
0x3900,1,0.000000046854
0x3901,1,0.000000046854
0x3902,1,0.000000046854
0x3903,1,0.000000046854
0x3904,1,0.000000046854
0x3905,1,0.000000046854
0x3906,20,0.000000937074
0x3907,20,0.000000937074
0x3908,20,0.000000937074
0x3909,20,0.000000937074
0x390a,20,0.000000937074
0x390d,20,0.000000937074
0x390e,20,0.000000937074
0x390f,20,0.000000937074
0x3912,20,0.000000937074
0x3913,20,0.000000937074
0x3916,20,0.000000937074
0x3918,20,0.000000937074
0x391b,20,0.000000937074
0x391c,23,0.000001077635
0x391d,23,0.000001077635
0x391f,23,0.000001077635
0x3922,2,0.000000093707
0x3923,11321,0.000530430728
0x3924,65,0.000003045490
0x3925,65,0.000003045490
0x3927,65,0.000003045490
0x3928,65,0.000003045490
0x392a,65,0.000003045490
0x392c,65,0.000003045490
0x392d,65,0.000003045490
0x3930,974,0.000045635503
0x3933,974,0.000045635503
0x3935,974,0.000045635503
0x3937,974,0.000045635503
0x3938,974,0.000045635503
0x393a,974,0.000045635503
0x393b,974,0.000045635503
0x393c,974,0.000045635503
0x393d,974,0.000045635503
0x393f,974,0.000045635503
0x3942,487,0.000022817751
0x3945,487,0.000022817751
0x3946,487,0.000022817751
0x3947,487,0.000022817751
0x394a,487,0.000022817751
0x394b,487,0.000022817751
0x394c,3162,0.000148151397
0x394d,3162,0.000148151397
0x3950,3032,0.000142060416
0x3951,3032,0.000142060416
0x3952,3032,0.000142060416
0x3954,3032,0.000142060416
0x3955,3032,0.000142060416
0x3956,3032,0.000142060416
0x3959,357,0.000016726771
0x395c,3162,0.000148151397
0x395d,3162,0.000148151397
0x395f,3162,0.000148151397
0x3960,636,0.000029798953
0x3961,636,0.000029798953
0x3963,636,0.000029798953
0x3964,636,0.000029798953
0x3965,636,0.000029798953
0x3966,636,0.000029798953
0x3967,397,0.000018600919
0x3968,397,0.000018600919
0x3969,130,0.000006090981
0x396b,130,0.000006090981
0x396c,130,0.000006090981
0x396d,130,0.000006090981
0x396e,130,0.000006090981
0x396f,130,0.000006090981
0x3972,130,0.000006090981
0x3973,130,0.000006090981
0x3975,130,0.000006090981
0x3976,130,0.000006090981
0x3977,130,0.000006090981
0x3978,130,0.000006090981
0x397a,130,0.000006090981
0x397b,130,0.000006090981
0x3980,2332,0.000109262826
0x3983,2332,0.000109262826
0x3985,2332,0.000109262826
0x3986,291,0.000013634426
0x3988,291,0.000013634426
0x3989,285,0.000013353304
0x398c,285,0.000013353304
0x398f,285,0.000013353304
0x3991,285,0.000013353304
0x3994,285,0.000013353304
0x3996,285,0.000013353304
0x3998,285,0.000013353304
0x399b,285,0.000013353304
0x399d,285,0.000013353304
0x39a0,285,0.000013353304
0x39a2,285,0.000013353304
0x39a5,285,0.000013353304
0x39a7,285,0.000013353304
0x39a9,285,0.000013353304
0x39ac,285,0.000013353304
0x39af,285,0.000013353304
0x39b0,285,0.000013353304
0x39b3,144,0.000006746933
0x39b4,144,0.000006746933
0x39b6,144,0.000006746933
0x39b7,144,0.000006746933
0x39b9,144,0.000006746933
0x39ba,144,0.000006746933
0x39bb,144,0.000006746933
0x39bc,144,0.000006746933
0x39be,144,0.000006746933
0x39bf,285,0.000013353304
0x39c0,285,0.000013353304
0x39c3,570,0.000026706609
0x39c6,570,0.000026706609
0x39c9,570,0.000026706609
0x39ca,570,0.000026706609
0x39cc,570,0.000026706609
0x39cf,570,0.000026706609
0x39d2,570,0.000026706609
0x39d3,570,0.000026706609
0x39d4,570,0.000026706609
0x39d6,570,0.000026706609
0x39d8,570,0.000026706609
0x39db,285,0.000013353304
0x39de,285,0.000013353304
0x39e1,285,0.000013353304
0x39e3,285,0.000013353304
0x39e6,285,0.000013353304
0x39e8,285,0.000013353304
0x39ea,285,0.000013353304
0x3a00,974,0.000045635503
0x3a03,974,0.000045635503
0x3a05,974,0.000045635503
0x3a06,974,0.000045635503
0x3a07,974,0.000045635503
0x3a08,974,0.000045635503
0x3a0b,974,0.000045635503
0x3a0c,974,0.000045635503
0x3a0d,974,0.000045635503
0x3a0e,487,0.000022817751
0x3a0f,487,0.000022817751
0x3a10,11705,0.000548422548
0x3a13,11705,0.000548422548
0x3a14,11705,0.000548422548
0x3a15,11705,0.000548422548
0x3a18,384,0.000017991820
0x3a1a,384,0.000017991820
0x3a1c,384,0.000017991820
0x3a1d,11321,0.000530430728
0x3a20,11321,0.000530430728
0x3a21,11321,0.000530430728
0x3a22,11321,0.000530430728
0x3a25,384,0.000017991820
0x3a27,384,0.000017991820
0x3a2a,12,0.000000562244
0x3a2c,384,0.000017991820
0x3a2d,384,0.000017991820
0x3a2e,384,0.000017991820
0x3a2f,384,0.000017991820
0x3a30,384,0.000017991820
0x3a31,384,0.000017991820
0x3a32,384,0.000017991820
0x3a34,384,0.000017991820
0x3a36,384,0.000017991820
0x3a37,384,0.000017991820
0x3a39,384,0.000017991820
0x3a3b,384,0.000017991820
0x3a3d,384,0.000017991820
0x3a3f,384,0.000017991820
0x3a40,10937,0.000512438907
0x3a42,10937,0.000512438907
0x3a43,10937,0.000512438907
0x3a44,10937,0.000512438907
0x3a47,855,0.000040059913
0x3a49,855,0.000040059913
0x3a4c,54,0.000002530100
0x3a4e,855,0.000040059913
0x3a4f,855,0.000040059913
0x3a50,855,0.000040059913
0x3a51,855,0.000040059913
0x3a52,855,0.000040059913
0x3a53,855,0.000040059913
0x3a54,855,0.000040059913
0x3a56,855,0.000040059913
0x3a58,855,0.000040059913
0x3a5a,855,0.000040059913
0x3a5b,855,0.000040059913
0x3a5d,855,0.000040059913
0x3a5f,855,0.000040059913
0x3a62,10082,0.000472378995
0x3a64,10082,0.000472378995
0x3a65,10082,0.000472378995
0x3a66,10082,0.000472378995
0x3a67,784,0.000036733300
0x3a69,784,0.000036733300
0x3a6c,148,0.000006934347
0x3a6e,148,0.000006934347
0x3a71,148,0.000006934347
0x3a73,148,0.000006934347
0x3a76,144,0.000006746933
0x3a78,784,0.000036733300
0x3a79,784,0.000036733300
0x3a7b,784,0.000036733300
0x3a7c,784,0.000036733300
0x3a7e,784,0.000036733300
0x3a80,784,0.000036733300
0x3a81,784,0.000036733300
0x3a82,11321,0.000530430728
0x3a85,11321,0.000530430728
0x3a86,11321,0.000530430728
0x3a88,11321,0.000530430728
0x3a89,4743,0.000222227095
0x3a8b,4743,0.000222227095
0x3a8c,4743,0.000222227095
0x3a8e,4743,0.000222227095
0x3a8f,4743,0.000222227095
0x3a90,11321,0.000530430728
0x3a93,11321,0.000530430728
0x3a94,11321,0.000530430728
0x3a95,11321,0.000530430728
0x3a98,7437,0.000348450960
0x3a9b,7437,0.000348450960
0x3a9e,7437,0.000348450960
0x3aa1,118992,0.005575215368
0x3aa2,118992,0.005575215368
0x3aa3,118992,0.005575215368
0x3aa4,118992,0.005575215368
0x3aa7,63976,0.002997512256
0x3aa8,63976,0.002997512256
0x3aaa,63976,0.002997512256
0x3aad,15293,0.000716533621
0x3aae,118992,0.005575215368
0x3aaf,118992,0.005575215368
0x3ab0,118992,0.005575215368
0x3ab1,118992,0.005575215368
0x3ab2,118992,0.005575215368
0x3ab5,7437,0.000348450960
0x3ab6,7437,0.000348450960
0x3ab7,7437,0.000348450960
0x3ab8,5459,0.000255774344
0x3aba,5459,0.000255774344
0x3abd,264,0.000012369377
0x3abf,5459,0.000255774344
0x3ac1,5459,0.000255774344
0x3ac2,5459,0.000255774344
0x3ac5,5459,0.000255774344
0x3ac6,5459,0.000255774344
0x3ac8,5459,0.000255774344
0x3ac9,5459,0.000255774344
0x3aca,5459,0.000255774344
0x3ad0,2332,0.000109262826
0x3ad3,2332,0.000109262826
0x3ad4,2332,0.000109262826
0x3ad6,2332,0.000109262826
0x3ad7,2332,0.000109262826
0x3ad8,2332,0.000109262826
0x3ada,2332,0.000109262826
0x3adb,2332,0.000109262826
0x3adc,2332,0.000109262826
0x3add,2332,0.000109262826
0x3adf,2332,0.000109262826
0x3ae0,2332,0.000109262826
0x3ae1,2332,0.000109262826
0x3ae3,2332,0.000109262826
0x3ae4,2332,0.000109262826
0x3ae5,2332,0.000109262826
0x3ae6,2332,0.000109262826
0x3ae9,2266,0.000106170482
0x3aec,2266,0.000106170482
0x3aee,2266,0.000106170482
0x3aef,2266,0.000106170482
0x3af1,2266,0.000106170482
0x3af2,2266,0.000106170482
0x3af3,2266,0.000106170482
0x3af4,63,0.000002951783
0x3af6,63,0.000002951783
0x3af8,66,0.000003092344
0x3afa,66,0.000003092344
0x3afb,66,0.000003092344
0x3afc,66,0.000003092344
0x3afd,66,0.000003092344
0x3aff,66,0.000003092344
0x3b00,66,0.000003092344
0x3b02,3949,0.000185025258
0x3b05,3949,0.000185025258
0x3b06,3949,0.000185025258
0x3b08,3949,0.000185025258
0x3b09,829,0.000038841717
0x3b0a,829,0.000038841717
0x3b0b,829,0.000038841717
0x3b0c,829,0.000038841717
0x3b0e,829,0.000038841717
0x3b10,829,0.000038841717
0x3b12,829,0.000038841717
0x3b13,256,0.000011994547
0x3b14,256,0.000011994547
0x3b16,256,0.000011994547
0x3b18,256,0.000011994547
0x3b19,256,0.000011994547
0x3b1b,11321,0.000530430728
0x3b1e,11321,0.000530430728
0x3b1f,11321,0.000530430728
0x3b20,11321,0.000530430728
0x3b21,192,0.000008995910
0x3b23,192,0.000008995910
0x3b26,3,0.000000140561
0x3b28,192,0.000008995910
0x3b29,192,0.000008995910
0x3b2a,192,0.000008995910
0x3b2c,192,0.000008995910
0x3b2d,192,0.000008995910
0x3b2e,192,0.000008995910
0x3b30,192,0.000008995910
0x3b31,192,0.000008995910
0x3b33,11321,0.000530430728
0x3b36,11321,0.000530430728
0x3b37,11321,0.000530430728
0x3b38,11321,0.000530430728
0x3b39,255,0.000011947693
0x3b3a,255,0.000011947693
0x3b3c,255,0.000011947693
0x3b3e,255,0.000011947693
0x3b40,255,0.000011947693
0x3b41,255,0.000011947693
0x3b43,11321,0.000530430728
0x3b46,11321,0.000530430728
0x3b47,11321,0.000530430728
0x3b49,11321,0.000530430728
0x3b4c,11321,0.000530430728
0x3b4f,11321,0.000530430728
0x3b52,11321,0.000530430728
0x3b55,11321,0.000530430728
0x3b58,11321,0.000530430728
0x3b5b,11321,0.000530430728
