pc,count,frequency
0x0000,1,0.000000019259
0x0001,1,0.000000019259
0x0002,1,0.000000019259
0x0003,1,0.000000019259
0x0004,1,0.000000019259
0x0005,1,0.000000019259
0x0006,1,0.000000019259
0x0007,1,0.000000019259
0x0008,1,0.000000019259
0x000b,1,0.000000019259
0x000d,1,0.000000019259
0x000f,1,0.000000019259
0x0012,1,0.000000019259
0x0015,1,0.000000019259
0x0017,1,0.000000019259
0x001a,29126,0.000560927986
0x001d,29126,0.000560927986
0x0020,29126,0.000560927986
0x0021,29126,0.000560927986
0x0024,10074,0.000194011829
0x0027,10074,0.000194011829
0x002a,10074,0.000194011829
0x002d,19052,0.000366916157
0x002f,19052,0.000366916157
0x0031,19052,0.000366916157
0x0032,19052,0.000366916157
0x0034,19052,0.000366916157
0x0035,19052,0.000366916157
0x0038,19052,0.000366916157
0x0039,19052,0.000366916157
0x003c,19052,0.000366916157
0x003d,19052,0.000366916157
0x0040,7,0.000000134811
0x0043,7,0.000000134811
0x0046,19045,0.000366781346
0x0049,19044,0.000366762088
0x0050,1,0.000000019259
0x0052,1,0.000000019259
0x0054,1,0.000000019259
0x0056,1,0.000000019259
0x0058,1,0.000000019259
0x005a,1,0.000000019259
0x005c,1,0.000000019259
0x005f,1,0.000000019259
0x0061,1,0.000000019259
0x0063,1,0.000000019259
0x0066,1,0.000000019259
0x0068,1,0.000000019259
0x006a,1,0.000000019259
0x006b,2,0.000000038517
0x006e,2,0.000000038517
0x0070,6130,0.000118055639
0x0072,6130,0.000118055639
0x0073,6130,0.000118055639
0x0074,6130,0.000118055639
0x0077,2,0.000000038517
0x0078,1152,0.000022185986
0x007b,1152,0.000022185986
0x0080,2925631,0.056343758301
0x0082,2925631,0.056343758301
0x0083,2925631,0.056343758301
0x0085,2925631,0.056343758301
0x0088,58321,0.001123184820
0x0089,58321,0.001123184820
0x008b,58321,0.001123184820
0x008e,29162,0.000561621298
0x0090,29162,0.000561621298
0x0091,29162,0.000561621298
0x0094,29162,0.000561621298
0x0095,29162,0.000561621298
0x0096,29162,0.000561621298
0x0097,29162,0.000561621298
0x0098,29162,0.000561621298
0x009a,29162,0.000561621298
0x009d,29162,0.000561621298
0x009f,29162,0.000561621298
0x00a0,29162,0.000561621298
0x00a2,29162,0.000561621298
0x00a3,29162,0.000561621298
0x00a6,29162,0.000561621298
0x00a8,29162,0.000561621298
0x00ab,29162,0.000561621298
0x00ac,1,0.000000019259
0x00ae,1,0.000000019259
0x00af,1,0.000000019259
0x00b0,1,0.000000019259
0x00b2,1,0.000000019259
0x00b5,1,0.000000019259
0x00bb,58149,0.001119872329
0x00be,58149,0.001119872329
0x00bf,58149,0.001119872329
0x00c0,58149,0.001119872329
0x00c1,58149,0.001119872329
0x00c2,58149,0.001119872329
0x00c3,58149,0.001119872329
0x00c4,2677,0.000051555456
0x00c5,2677,0.000051555456
0x00c7,2677,0.000051555456
0x00c9,2677,0.000051555456
0x00ca,2677,0.000051555456
0x00cd,2677,0.000051555456
0x00ce,2677,0.000051555456
0x00cf,2677,0.000051555456
0x00d0,2677,0.000051555456
0x00d1,2677,0.000051555456
0x00d2,2677,0.000051555456
0x00d3,2677,0.000051555456
0x00d4,2677,0.000051555456
0x00d6,2677,0.000051555456
0x00d8,2677,0.000051555456
0x00d9,2677,0.000051555456
0x00dc,2677,0.000051555456
0x00dd,2677,0.000051555456
0x00de,2677,0.000051555456
0x00e1,967,0.000018623133
0x00e3,19045,0.000366781346
0x00e6,19045,0.000366781346
0x00e9,19045,0.000366781346
0x00ec,19045,0.000366781346
0x00ef,19045,0.000366781346
0x00f2,19040,0.000366685053
0x00f5,19040,0.000366685053
0x00f8,19040,0.000366685053
0x00fb,19040,0.000366685053
0x00fe,17880,0.000344344997
0x0101,17880,0.000344344997
0x0104,17880,0.000344344997
0x0107,17876,0.000344267962
0x0109,17876,0.000344267962
0x010c,17876,0.000344267962
0x010f,17872,0.000344190928
0x0111,17872,0.000344190928
0x0114,17872,0.000344190928
0x0117,17868,0.000344113893
0x0119,17868,0.000344113893
0x011c,17868,0.000344113893
0x011f,17868,0.000344113893
0x0122,16716,0.000321927907
0x0125,16716,0.000321927907
0x0128,16716,0.000321927907
0x012b,16716,0.000321927907
0x012e,16012,0.000308369804
0x0131,16012,0.000308369804
0x0134,16012,0.000308369804
0x0137,16012,0.000308369804
0x013a,972,0.000018719426
0x0140,18,0.000000346656
0x0143,18,0.000000346656
0x0146,18,0.000000346656
0x0149,18,0.000000346656
0x014c,18,0.000000346656
0x014e,18,0.000000346656
0x014f,18,0.000000346656
0x0151,18,0.000000346656
0x0152,18,0.000000346656
0x0153,18,0.000000346656
0x0154,18,0.000000346656
0x0156,18,0.000000346656
0x0158,18,0.000000346656
0x015b,18,0.000000346656
0x015d,18,0.000000346656
0x015f,18,0.000000346656
0x0161,18,0.000000346656
0x0164,18,0.000000346656
0x0166,18,0.000000346656
0x0167,18,0.000000346656
0x0168,18,0.000000346656
0x016a,18,0.000000346656
0x016b,18,0.000000346656
0x016d,18,0.000000346656
0x016f,18,0.000000346656
0x0172,18,0.000000346656
0x0173,15033,0.000289515567
0x0174,15033,0.000289515567
0x0176,15033,0.000289515567
0x0178,15033,0.000289515567
0x017a,15033,0.000289515567
0x017b,11358,0.000218739960
0x017d,11358,0.000218739960
0x017e,11241,0.000216486695
0x0180,11241,0.000216486695
0x0182,11241,0.000216486695
0x0183,3929,0.000075667310
0x0185,3929,0.000075667310
0x0186,3813,0.000073433304
0x0188,3813,0.000073433304
0x018a,3813,0.000073433304
0x018b,120,0.000002311040
0x018d,120,0.000002311040
0x018e,120,0.000002311040
0x018f,120,0.000002311040
0x0191,120,0.000002311040
0x0192,8,0.000000154069
0x0194,8,0.000000154069
0x0196,2312,0.000044526042
0x0197,2312,0.000044526042
0x0199,2312,0.000044526042
0x019b,2312,0.000044526042
0x019c,1884,0.000036283332
0x019d,1884,0.000036283332
0x019e,1884,0.000036283332
0x01a0,1884,0.000036283332
0x01a1,1884,0.000036283332
0x01a2,1884,0.000036283332
0x01a3,1884,0.000036283332
0x01a5,1884,0.000036283332
0x01a6,1884,0.000036283332
0x01a7,1884,0.000036283332
0x01a8,1884,0.000036283332
0x01ab,1884,0.000036283332
0x01ae,1884,0.000036283332
0x01af,1884,0.000036283332
0x01b0,1884,0.000036283332
0x01b1,1884,0.000036283332
0x01b2,1884,0.000036283332
0x01b3,1884,0.000036283332
0x01b4,1884,0.000036283332
0x01b5,1884,0.000036283332
0x01b6,1884,0.000036283332
0x01b7,1884,0.000036283332
0x01b8,1884,0.000036283332
0x01b9,1884,0.000036283332
0x01ba,1884,0.000036283332
0x01bb,1884,0.000036283332
0x01bd,1884,0.000036283332
0x01be,1884,0.000036283332
0x01c1,23466,0.000451923921
0x01c4,23466,0.000451923921
0x01c5,23466,0.000451923921
0x01c8,1884,0.000036283332
0x01c9,1884,0.000036283332
0x01ca,1884,0.000036283332
0x01d0,5400,0.000103996811
0x01d1,5400,0.000103996811
0x01d2,5400,0.000103996811
0x01d3,5400,0.000103996811
0x01d4,5400,0.000103996811
0x01d6,5400,0.000103996811
0x01d7,5400,0.000103996811
0x01d9,5400,0.000103996811
0x01dc,5399,0.000103977553
0x01dd,5399,0.000103977553
0x01e0,3093,0.000059567062
0x01e1,9,0.000000173328
0x01e4,1149,0.000022128210
0x01e7,1149,0.000022128210
0x01e9,1149,0.000022128210
0x01ed,140391,0.002703743764
0x01ee,140390,0.002703724505
0x01ef,140390,0.002703724505
0x01f0,140390,0.002703724505
0x01f3,140390,0.002703724505
0x01f4,140390,0.002703724505
0x01f7,5399,0.000103977553
0x0200,48207,0.000928402644
0x0201,48207,0.000928402644
0x0202,171,0.000003293232
0x0203,171,0.000003293232
0x0204,171,0.000003293232
0x0205,171,0.000003293232
0x0206,1884,0.000036283332
0x0207,1884,0.000036283332
0x0208,1884,0.000036283332
0x0209,1884,0.000036283332
0x020a,1884,0.000036283332
0x020b,1884,0.000036283332
0x020c,1884,0.000036283332
0x020d,1884,0.000036283332
0x020e,1884,0.000036283332
0x0210,12985,0.000250073814
0x0211,12985,0.000250073814
0x0213,12985,0.000250073814
0x0214,12985,0.000250073814
0x0215,2928,0.000056389382
0x0216,2928,0.000056389382
0x0217,314077,0.006048704904
0x0218,314077,0.006048704904
0x021a,314077,0.006048704904
0x021b,314077,0.006048704904
0x021c,45717,0.000880448559
0x021d,45717,0.000880448559
0x0220,55,0.000001059227
0x0221,55,0.000001059227
0x0222,55,0.000001059227
0x0223,55,0.000001059227
0x0224,55,0.000001059227
0x0225,55,0.000001059227
0x0226,55,0.000001059227
0x0227,55,0.000001059227
0x0228,55,0.000001059227
0x0229,55,0.000001059227
0x022a,55,0.000001059227
0x022b,55,0.000001059227
0x022c,55,0.000001059227
0x022e,55,0.000001059227
0x022f,55,0.000001059227
0x0230,55,0.000001059227
0x0231,55,0.000001059227
0x0232,55,0.000001059227
0x0258,91337,0.001759029027
0x0259,91337,0.001759029027
0x025a,91337,0.001759029027
0x025b,366,0.000007048673
0x025c,366,0.000007048673
0x025d,366,0.000007048673
0x025e,366,0.000007048673
0x025f,366,0.000007048673
0x0260,69636,0.001341096657
0x0263,69636,0.001341096657
0x0264,67280,0.001295723233
0x0267,67280,0.001295723233
0x0270,95896,0.001846829298
0x0271,95896,0.001846829298
0x0272,95896,0.001846829298
0x0273,95896,0.001846829298
0x0274,95896,0.001846829298
0x0275,95896,0.001846829298
0x0276,95896,0.001846829298
0x0277,67280,0.001295723233
0x0278,67280,0.001295723233
0x0279,67280,0.001295723233
0x027a,67280,0.001295723233
0x027b,67280,0.001295723233
0x027c,67280,0.001295723233
0x027d,67280,0.001295723233
0x0288,7,0.000000134811
0x028b,7,0.000000134811
0x028e,7,0.000000134811
0x0290,7,0.000000134811
0x0293,7,0.000000134811
0x0295,7,0.000000134811
0x0298,7,0.000000134811
0x029a,7,0.000000134811
0x02a7,7,0.000000134811
0x02aa,7,0.000000134811
0x02ab,7,0.000000134811
0x02ac,7,0.000000134811
0x02ad,1,0.000000019259
0x02b0,1,0.000000019259
0x02b3,1,0.000000019259
0x02b6,1,0.000000019259
0x02b9,1,0.000000019259
0x02bc,1,0.000000019259
0x02be,1,0.000000019259
0x02c0,1,0.000000019259
0x02c3,1,0.000000019259
0x02c5,1,0.000000019259
0x02c7,1,0.000000019259
0x02cb,1,0.000000019259
0x02cd,1,0.000000019259
0x02cf,1,0.000000019259
0x02d4,1,0.000000019259
0x02d7,1,0.000000019259
0x02d8,1,0.000000019259
0x02db,1,0.000000019259
0x02dd,1,0.000000019259
0x02e3,1,0.000000019259
0x02e5,1,0.000000019259
0x02e6,1,0.000000019259
0x02e7,1,0.000000019259
0x02e8,1,0.000000019259
0x02ea,1,0.000000019259
0x02ed,1,0.000000019259
0x02f0,1,0.000000019259
0x02f3,1,0.000000019259
0x02f6,1,0.000000019259
0x02f9,1,0.000000019259
0x02fc,1,0.000000019259
0x02fe,1,0.000000019259
0x0300,1,0.000000019259
0x0303,1,0.000000019259
0x0306,1,0.000000019259
0x0308,1,0.000000019259
0x030b,1,0.000000019259
0x030d,1,0.000000019259
0x0310,1,0.000000019259
0x0314,57,0.000001097744
0x0315,57,0.000001097744
0x0316,57,0.000001097744
0x0317,57,0.000001097744
0x0318,57,0.000001097744
0x0319,57,0.000001097744
0x031a,57,0.000001097744
0x031b,57,0.000001097744
0x031c,57,0.000001097744
0x031d,57,0.000001097744
0x031e,57,0.000001097744
0x0320,2,0.000000038517
0x0321,2,0.000000038517
0x0322,2,0.000000038517
0x0323,2,0.000000038517
0x0324,2,0.000000038517
0x0325,2,0.000000038517
0x0326,2,0.000000038517
0x0327,2,0.000000038517
0x0328,2,0.000000038517
0x0329,2,0.000000038517
0x032a,2,0.000000038517
0x032e,1,0.000000019259
0x0331,8,0.000000154069
0x0333,8,0.000000154069
0x0334,8,0.000000154069
0x0335,8,0.000000154069
0x0337,8,0.000000154069
0x033a,1,0.000000019259
0x033c,1,0.000000019259
0x033f,1,0.000000019259
0x0341,1,0.000000019259
0x0344,1,0.000000019259
0x0346,1,0.000000019259
0x0349,1,0.000000019259
0x034b,1,0.000000019259
0x034e,1,0.000000019259
0x0350,1,0.000000019259
0x0353,1,0.000000019259
0x0355,1,0.000000019259
0x0357,1,0.000000019259
0x0358,1,0.000000019259
0x035b,1,0.000000019259
0x035c,1,0.000000019259
0x035e,1,0.000000019259
0x035f,1,0.000000019259
0x0361,1,0.000000019259
0x0367,6,0.000000115552
0x0369,6,0.000000115552
0x036a,6,0.000000115552
0x036c,6,0.000000115552
0x036f,6,0.000000115552
0x0370,6,0.000000115552
0x0371,6,0.000000115552
0x0373,6,0.000000115552
0x0376,6,0.000000115552
0x0377,19052,0.000366916157
0x037a,19052,0.000366916157
0x037b,19052,0.000366916157
0x037c,19052,0.000366916157
0x037d,19052,0.000366916157
0x0380,45,0.000000866640
0x0383,45,0.000000866640
0x0386,45,0.000000866640
0x0389,16380,0.000315456994
0x038a,16380,0.000315456994
0x038b,16380,0.000315456994
0x038c,16380,0.000315456994
0x038d,16380,0.000315456994
0x038e,16380,0.000315456994
0x038f,16380,0.000315456994
0x0390,16380,0.000315456994
0x0393,1170,0.000022532642
0x0394,1170,0.000022532642
0x0395,1170,0.000022532642
0x0396,1170,0.000022532642
0x0397,1170,0.000022532642
0x0398,1170,0.000022532642
0x0399,1170,0.000022532642
0x039a,1170,0.000022532642
0x039d,45,0.000000866640
0x03a0,193,0.000003716923
0x03a3,193,0.000003716923
0x03a6,80288,0.001546239996
0x03a7,80288,0.001546239996
0x03a8,80288,0.001546239996
0x03a9,80288,0.001546239996
0x03aa,80288,0.001546239996
0x03ab,80288,0.001546239996
0x03ac,80288,0.001546239996
0x03af,193,0.000003716923
0x03b0,15040,0.000289650378
0x03b3,15040,0.000289650378
0x03b6,15040,0.000289650378
0x03b9,11224,0.000216159298
0x03bc,11224,0.000216159298
0x03bf,11220,0.000216082263
0x03c2,11220,0.000216082263
0x03c5,11220,0.000216082263
0x03c8,7440,0.000143284495
0x03cb,7440,0.000143284495
0x03ce,15033,0.000289515567
0x03d1,15033,0.000289515567
0x03d4,15033,0.000289515567
0x03d5,15033,0.000289515567
0x03d7,15033,0.000289515567
0x03d8,15033,0.000289515567
0x03d9,15033,0.000289515567
0x03e2,3,0.000000057776
0x03e5,3,0.000000057776
0x03e8,3,0.000000057776
0x03eb,4,0.000000077035
0x03ee,4,0.000000077035
0x03f1,7,0.000000134811
0x03f4,7,0.000000134811
0x03f5,7,0.000000134811
0x03f7,7,0.000000134811
0x03f8,7,0.000000134811
0x03fa,7,0.000000134811
0x03fb,7,0.000000134811
0x03fc,7,0.000000134811
0x03fd,7,0.000000134811
0x0400,25107,0.000483527396
0x0403,25107,0.000483527396
0x0406,25107,0.000483527396
0x0407,25107,0.000483527396
0x0408,25107,0.000483527396
0x0409,25107,0.000483527396
0x040a,25107,0.000483527396
0x040b,25107,0.000483527396
0x040c,25107,0.000483527396
0x040d,25107,0.000483527396
0x041e,51,0.000000982192
0x0421,51,0.000000982192
0x0423,51,0.000000982192
0x0424,51,0.000000982192
0x0427,51,0.000000982192
0x0429,51,0.000000982192
0x042a,51,0.000000982192
0x042d,51,0.000000982192
0x0430,8,0.000000154069
0x0433,8,0.000000154069
0x0435,8,0.000000154069
0x0436,8,0.000000154069
0x0438,8,0.000000154069
0x043a,8,0.000000154069
0x043b,8,0.000000154069
0x043d,8,0.000000154069
0x043f,8,0.000000154069
0x0440,3,0.000000057776
0x0441,3,0.000000057776
0x0442,3,0.000000057776
0x0443,3,0.000000057776
0x0445,3,0.000000057776
0x04ac,1597,0.000030756094
0x04af,1597,0.000030756094
0x04b0,1597,0.000030756094
0x04b1,1597,0.000030756094
0x04b2,1597,0.000030756094
0x04b4,1597,0.000030756094
0x04b5,1597,0.000030756094
0x04b6,1582,0.000030467214
0x04b8,1582,0.000030467214
0x04ba,1582,0.000030467214
0x04bd,1574,0.000030313145
0x04bf,1574,0.000030313145
0x04c1,1574,0.000030313145
0x04c2,1574,0.000030313145
0x04c4,1574,0.000030313145
0x04c6,1574,0.000030313145
0x04c9,797,0.000015349159
0x04cc,797,0.000015349159
0x04cd,797,0.000015349159
0x04d0,797,0.000015349159
0x04d1,797,0.000015349159
0x04d2,797,0.000015349159
0x04d4,797,0.000015349159
0x04d7,797,0.000015349159
0x04df,797,0.000015349159
0x04e1,797,0.000015349159
0x04e4,797,0.000015349159
0x04e6,777,0.000014963986
0x04e9,777,0.000014963986
0x04ea,777,0.000014963986
0x04eb,777,0.000014963986
0x04ee,777,0.000014963986
0x04f4,777,0.000014963986
0x04f6,777,0.000014963986
0x04f9,777,0.000014963986
0x04fb,4662,0.000089783914
0x04fd,4662,0.000089783914
0x04fe,4662,0.000089783914
0x0501,4662,0.000089783914
0x0502,4662,0.000089783914
0x0505,777,0.000014963986
0x0506,43,0.000000828123
0x0509,43,0.000000828123
0x050b,43,0.000000828123
0x050e,43,0.000000828123
0x0511,43,0.000000828123
0x0514,43,0.000000828123
0x0515,43,0.000000828123
0x0518,43,0.000000828123
0x051b,43,0.000000828123
0x051d,43,0.000000828123
0x0520,43,0.000000828123
0x0523,43,0.000000828123
0x0526,43,0.000000828123
0x0529,43,0.000000828123
0x052c,43,0.000000828123
0x052f,43,0.000000828123
0x0532,43,0.000000828123
0x0535,43,0.000000828123
0x0537,43,0.000000828123
0x053a,43,0.000000828123
0x053d,43,0.000000828123
0x0540,43,0.000000828123
0x0543,43,0.000000828123
0x0547,43,0.000000828123
0x054a,43,0.000000828123
0x054d,43,0.000000828123
0x054f,43,0.000000828123
0x0552,43,0.000000828123
0x0555,43,0.000000828123
0x0557,43,0.000000828123
0x055a,43,0.000000828123
0x0580,47,0.000000905157
0x0583,47,0.000000905157
0x0586,47,0.000000905157
0x0588,47,0.000000905157
0x0589,47,0.000000905157
0x058a,47,0.000000905157
0x058b,47,0.000000905157
0x058d,47,0.000000905157
0x0590,47,0.000000905157
0x0592,47,0.000000905157
0x0595,47,0.000000905157
0x05d8,246,0.000004737633
0x05d9,11726,0.000225827150
0x05da,11726,0.000225827150
0x05db,11726,0.000225827150
0x05dc,11726,0.000225827150
0x05df,246,0.000004737633
0x05e0,6722,0.000129456771
0x05e1,6722,0.000129456771
0x05e2,6722,0.000129456771
0x05e3,6722,0.000129456771
0x05e4,6722,0.000129456771
0x05e5,6722,0.000129456771
0x05e8,1528,0.000029427246
0x05ec,43,0.000000828123
0x05ef,43,0.000000828123
0x05f2,43,0.000000828123
0x05f4,43,0.000000828123
0x05f5,43,0.000000828123
0x05f6,43,0.000000828123
0x05f7,43,0.000000828123
0x05f8,43,0.000000828123
0x05f9,43,0.000000828123
0x05fa,253,0.000004872443
0x05fd,253,0.000004872443
0x0600,253,0.000004872443
0x0601,253,0.000004872443
0x0602,253,0.000004872443
0x0603,3826,0.000073683667
0x0604,3826,0.000073683667
0x0605,3826,0.000073683667
0x0606,3826,0.000073683667
0x0607,3826,0.000073683667
0x0608,3826,0.000073683667
0x0609,3826,0.000073683667
0x060a,3826,0.000073683667
0x060d,240,0.000004622080
0x0610,43,0.000000828123
0x0613,43,0.000000828123
0x0616,43,0.000000828123
0x0617,43,0.000000828123
0x0619,43,0.000000828123
0x061a,43,0.000000828123
0x061b,43,0.000000828123
0x061c,43,0.000000828123
0x061d,43,0.000000828123
0x061e,43,0.000000828123
0x061f,43,0.000000828123
0x0621,43,0.000000828123
0x0624,43,0.000000828123
0x0627,43,0.000000828123
0x0628,43,0.000000828123
0x0629,43,0.000000828123
0x062a,466,0.000008974540
0x062b,466,0.000008974540
0x062c,466,0.000008974540
0x062d,466,0.000008974540
0x062e,466,0.000008974540
0x062f,466,0.000008974540
0x0630,466,0.000008974540
0x0631,466,0.000008974540
0x0632,466,0.000008974540
0x0633,466,0.000008974540
0x0634,466,0.000008974540
0x0635,466,0.000008974540
0x0638,30,0.000000577760
0x0650,43,0.000000828123
0x0653,43,0.000000828123
0x0656,43,0.000000828123
0x0658,43,0.000000828123
0x0659,43,0.000000828123
0x065a,43,0.000000828123
0x065b,43,0.000000828123
0x065c,43,0.000000828123
0x065d,43,0.000000828123
0x065e,43,0.000000828123
0x0661,43,0.000000828123
0x0664,43,0.000000828123
0x0665,43,0.000000828123
0x0666,43,0.000000828123
0x0667,466,0.000008974540
0x0668,466,0.000008974540
0x0669,466,0.000008974540
0x066a,466,0.000008974540
0x066b,466,0.000008974540
0x066c,466,0.000008974540
0x066f,30,0.000000577760
0x067a,5847,0.000112605436
0x067d,5847,0.000112605436
0x067e,5847,0.000112605436
0x067f,5847,0.000112605436
0x0682,5847,0.000112605436
0x0684,5847,0.000112605436
0x0685,737,0.000014193639
0x0688,737,0.000014193639
0x068b,737,0.000014193639
0x068c,737,0.000014193639
0x068d,737,0.000014193639
0x068e,737,0.000014193639
0x068f,737,0.000014193639
0x0691,737,0.000014193639
0x0692,737,0.000014193639
0x0693,737,0.000014193639
0x0695,737,0.000014193639
0x0696,737,0.000014193639
0x0697,737,0.000014193639
0x0698,737,0.000014193639
0x0699,19187,0.000369516077
0x069a,19187,0.000369516077
0x069b,19187,0.000369516077
0x069c,19187,0.000369516077
0x069d,19187,0.000369516077
0x069e,19187,0.000369516077
0x069f,19187,0.000369516077
0x06a2,2948,0.000056774555
0x06a3,2948,0.000056774555
0x06a4,2948,0.000056774555
0x06a5,2948,0.000056774555
0x06a8,737,0.000014193639
0x06a9,737,0.000014193639
0x06ac,737,0.000014193639
0x06b0,5293,0.000101936134
0x06b3,5293,0.000101936134
0x06b6,5293,0.000101936134
0x06b7,5293,0.000101936134
0x06b8,5293,0.000101936134
0x06b9,34,0.000000654795
0x06ba,34,0.000000654795
0x06bb,34,0.000000654795
0x06bc,34,0.000000654795
0x06bd,34,0.000000654795
0x06be,34,0.000000654795
0x06bf,34,0.000000654795
0x06c0,34,0.000000654795
0x06c1,34,0.000000654795
0x06c2,34,0.000000654795
0x06c3,34,0.000000654795
0x06c4,34,0.000000654795
0x06c5,34,0.000000654795
0x06c8,34,0.000000654795
0x06ca,34,0.000000654795
0x06cb,34,0.000000654795
0x06cc,34,0.000000654795
0x06cd,34,0.000000654795
0x06cf,34,0.000000654795
0x06d0,34,0.000000654795
0x06d1,34,0.000000654795
0x06d2,34,0.000000654795
0x06d3,34,0.000000654795
0x06d4,34,0.000000654795
0x06d5,34,0.000000654795
0x06d7,34,0.000000654795
0x06d8,34,0.000000654795
0x06da,34,0.000000654795
0x06db,34,0.000000654795
0x06de,34,0.000000654795
0x06df,34,0.000000654795
0x06e1,34,0.000000654795
0x06e2,34,0.000000654795
0x06e3,34,0.000000654795
0x06e4,34,0.000000654795
0x06e7,34,0.000000654795
0x06e8,797,0.000015349159
0x06eb,797,0.000015349159
0x06ed,797,0.000015349159
0x06f0,5293,0.000101936134
0x06f3,5293,0.000101936134
0x06f6,5293,0.000101936134
0x0700,18398,0.000354320988
0x0703,18398,0.000354320988
0x0706,55194,0.001062962963
0x0709,55194,0.001062962963
0x070a,55194,0.001062962963
0x070c,55194,0.001062962963
0x070d,55194,0.001062962963
0x070f,55194,0.001062962963
0x0710,55194,0.001062962963
0x0711,55194,0.001062962963
0x0713,55194,0.001062962963
0x0716,18398,0.000354320988
0x0718,178139,0.003430719992
0x071b,178139,0.003430719992
0x0720,178139,0.003430719992
0x0721,178139,0.003430719992
0x0722,178139,0.003430719992
0x0724,178139,0.003430719992
0x0725,75045,0.001445266796
0x0726,75045,0.001445266796
0x0728,75045,0.001445266796
0x0729,75045,0.001445266796
0x072a,75045,0.001445266796
0x072b,75045,0.001445266796
0x072c,75045,0.001445266796
0x072e,75045,0.001445266796
0x0730,75045,0.001445266796
0x0731,75045,0.001445266796
0x0733,75045,0.001445266796
0x0734,75045,0.001445266796
0x0740,178139,0.003430719992
0x0741,178139,0.003430719992
0x0742,178139,0.003430719992
0x0744,178139,0.003430719992
0x0745,78582,0.001513384707
0x0746,78582,0.001513384707
0x0748,78582,0.001513384707
0x0749,78582,0.001513384707
0x074a,78582,0.001513384707
0x074b,78582,0.001513384707
0x074c,78582,0.001513384707
0x074d,78582,0.001513384707
0x074f,78582,0.001513384707
0x0750,78582,0.001513384707
0x0751,78582,0.001513384707
0x0752,78582,0.001513384707
0x0754,78582,0.001513384707
0x0755,78582,0.001513384707
0x0757,78582,0.001513384707
0x0758,78582,0.001513384707
0x0763,14260,0.000274628616
0x0764,14260,0.000274628616
0x0765,14260,0.000274628616
0x0766,14260,0.000274628616
0x0767,14260,0.000274628616
0x0768,14260,0.000274628616
0x0769,14260,0.000274628616
0x076a,14260,0.000274628616
0x076b,14260,0.000274628616
0x076d,17660,0.000340108090
0x076e,17660,0.000340108090
0x076f,17660,0.000340108090
0x0770,17660,0.000340108090
0x0771,17660,0.000340108090
0x0772,17660,0.000340108090
0x0773,17660,0.000340108090
0x0774,17660,0.000340108090
0x0775,17660,0.000340108090
0x0776,17660,0.000340108090
0x0779,34765,0.000669527619
0x077a,34765,0.000669527619
0x077b,34765,0.000669527619
0x077c,34765,0.000669527619
0x077d,34765,0.000669527619
0x077e,34765,0.000669527619
0x077f,34765,0.000669527619
0x0780,34765,0.000669527619
0x0783,34765,0.000669527619
0x0784,34765,0.000669527619
0x0785,34765,0.000669527619
0x0786,34765,0.000669527619
0x0788,34865,0.000671453486
0x0789,34865,0.000671453486
0x078a,34865,0.000671453486
0x078b,34865,0.000671453486
0x078c,34865,0.000671453486
0x078d,34865,0.000671453486
0x078e,34865,0.000671453486
0x078f,34865,0.000671453486
0x0790,34865,0.000671453486
0x0792,34865,0.000671453486
0x0793,34865,0.000671453486
0x0794,34865,0.000671453486
0x0795,34865,0.000671453486
0x0798,34865,0.000671453486
0x0799,34865,0.000671453486
0x079a,34865,0.000671453486
0x079b,34865,0.000671453486
0x079e,3161,0.000060876652
0x079f,3161,0.000060876652
0x07a0,3161,0.000060876652
0x07a1,3161,0.000060876652
0x07a2,3161,0.000060876652
0x07a3,3161,0.000060876652
0x07a4,3161,0.000060876652
0x07a5,3161,0.000060876652
0x07a6,3161,0.000060876652
0x07a7,3161,0.000060876652
0x07a8,3161,0.000060876652
0x07aa,3167,0.000060992204
0x07ab,3167,0.000060992204
0x07ac,3167,0.000060992204
0x07ad,3167,0.000060992204
0x07ae,3167,0.000060992204
0x07af,3167,0.000060992204
0x07b0,3167,0.000060992204
0x07b1,3167,0.000060992204
0x07b2,3167,0.000060992204
0x07b4,3167,0.000060992204
0x07b5,3167,0.000060992204
0x07b6,3167,0.000060992204
0x07b7,3167,0.000060992204
0x07b8,3167,0.000060992204
0x07b9,3167,0.000060992204
0x07ba,3167,0.000060992204
0x07bb,3167,0.000060992204
0x07be,22859,0.000440233909
0x07bf,22859,0.000440233909
0x07c0,22859,0.000440233909
0x07c1,22859,0.000440233909
0x07c2,22859,0.000440233909
0x07c3,22859,0.000440233909
0x07c4,22859,0.000440233909
0x07c5,22859,0.000440233909
0x07c6,22859,0.000440233909
0x07c7,22859,0.000440233909
0x07ca,22859,0.000440233909
0x07cb,22859,0.000440233909
0x07cc,22859,0.000440233909
0x07cd,22859,0.000440233909
0x07ce,22859,0.000440233909
0x07cf,22859,0.000440233909
0x07d2,22890,0.000440830928
0x07d3,22890,0.000440830928
0x07d4,22890,0.000440830928
0x07d5,22890,0.000440830928
0x07d6,22890,0.000440830928
0x07d7,22890,0.000440830928
0x07d8,22890,0.000440830928
0x07d9,22890,0.000440830928
0x07da,22890,0.000440830928
0x07dc,22924,0.000441485722
0x07dd,22924,0.000441485722
0x07de,22924,0.000441485722
0x07df,22924,0.000441485722
0x07e0,22924,0.000441485722
0x07e1,22924,0.000441485722
0x07e2,22924,0.000441485722
0x07e3,22924,0.000441485722
0x07e4,22924,0.000441485722
0x07e7,22924,0.000441485722
0x07e8,22924,0.000441485722
0x07e9,22924,0.000441485722
0x07ea,22924,0.000441485722
0x07eb,22924,0.000441485722
0x07ec,22924,0.000441485722
0x07ed,22924,0.000441485722
0x07ee,22924,0.000441485722
0x07f0,8,0.000000154069
0x07f3,8,0.000000154069
0x07f6,8,0.000000154069
0x07f9,8,0.000000154069
0x0800,20867,0.000401870641
0x0803,20867,0.000401870641
0x0806,20867,0.000401870641
0x0807,20867,0.000401870641
0x0809,20867,0.000401870641
0x080a,20867,0.000401870641
0x080b,20867,0.000401870641
0x080c,20867,0.000401870641
0x080d,20867,0.000401870641
0x080e,20867,0.000401870641
0x080f,20867,0.000401870641
0x0834,1627,0.000031333854
0x0837,1627,0.000031333854
0x083a,1627,0.000031333854
0x083b,1627,0.000031333854
0x083c,1627,0.000031333854
0x083e,1627,0.000031333854
0x083f,210,0.000004044320
0x0842,210,0.000004044320
0x0845,210,0.000004044320
0x0848,494,0.000009513782
0x084b,494,0.000009513782
0x084c,494,0.000009513782
0x084d,494,0.000009513782
0x084e,14,0.000000269621
0x0850,14,0.000000269621
0x0851,14,0.000000269621
0x0853,14,0.000000269621
0x0855,14,0.000000269621
0x085a,210,0.000004044320
0x085d,210,0.000004044320
0x085f,210,0.000004044320
0x0860,170,0.000003273974
0x0862,170,0.000003273974
0x0864,170,0.000003273974
0x0865,130,0.000002503627
0x0867,130,0.000002503627
0x0869,130,0.000002503627
0x086a,90,0.000001733280
0x086c,90,0.000001733280
0x086e,90,0.000001733280
0x086f,50,0.000000962933
0x0871,50,0.000000962933
0x0876,18398,0.000354320988
0x0879,18398,0.000354320988
0x087c,18398,0.000354320988
0x087f,18398,0.000354320988
0x0882,18398,0.000354320988
0x0885,18398,0.000354320988
0x0886,18398,0.000354320988
0x0889,18398,0.000354320988
0x088b,101179,0.001948572845
0x088c,101179,0.001948572845
0x088d,101179,0.001948572845
0x088e,101179,0.001948572845
0x088f,101179,0.001948572845
0x0890,101179,0.001948572845
0x0891,101179,0.001948572845
0x0892,101179,0.001948572845
0x0893,101179,0.001948572845
0x0894,101179,0.001948572845
0x0897,27595,0.000531442964
0x08a0,18398,0.000354320988
0x08a3,18398,0.000354320988
0x08a6,18398,0.000354320988
0x08a9,18398,0.000354320988
0x08ac,18398,0.000354320988
0x08ae,18398,0.000354320988
0x08b0,18398,0.000354320988
0x08b1,1280,0.000024651096
0x08b4,1280,0.000024651096
0x08b7,1280,0.000024651096
0x08c4,18398,0.000354320988
0x08c7,18398,0.000354320988
0x08c8,18398,0.000354320988
0x08ca,18398,0.000354320988
0x08cd,17964,0.000345962725
0x08cf,17964,0.000345962725
0x08d0,17964,0.000345962725
0x08d1,17964,0.000345962725
0x08d4,16794,0.000323430083
0x08d6,16794,0.000323430083
0x08d9,16794,0.000323430083
0x08dc,7,0.000000134811
0x08de,7,0.000000134811
0x08e0,7,0.000000134811
0x08e2,7,0.000000134811
0x08e3,7,0.000000134811
0x08e5,7,0.000000134811
0x08e6,7,0.000000134811
0x08e8,7,0.000000134811
0x08ea,1177,0.000022667453
0x08eb,17964,0.000345962725
0x08ed,17964,0.000345962725
0x08f0,17964,0.000345962725
0x08f3,17964,0.000345962725
0x0900,17964,0.000345962725
0x0903,17964,0.000345962725
0x0904,17964,0.000345962725
0x0906,17964,0.000345962725
0x0907,13656,0.000262996380
0x0909,13656,0.000262996380
0x090c,7035,0.000135484735
0x090d,7035,0.000135484735
0x090f,7035,0.000135484735
0x0910,6805,0.000131055241
0x0911,6805,0.000131055241
0x0913,6805,0.000131055241
0x0916,6805,0.000131055241
0x0917,6621,0.000127511646
0x0918,6621,0.000127511646
0x091a,6621,0.000127511646
0x091b,6621,0.000127511646
0x091c,6621,0.000127511646
0x091e,6621,0.000127511646
0x0921,6621,0.000127511646
0x0926,18525,0.000356766839
0x0927,18525,0.000356766839
0x0929,18525,0.000356766839
0x092a,18525,0.000356766839
0x092b,18525,0.000356766839
0x092c,18525,0.000356766839
0x092d,18525,0.000356766839
0x092e,18525,0.000356766839
0x0930,19678,0.000378972084
0x0931,19678,0.000378972084
0x0933,19678,0.000378972084
0x0936,12193,0.000234820948
0x0937,12193,0.000234820948
0x0939,12193,0.000234820948
0x093c,12193,0.000234820948
0x093d,561,0.000010804113
0x093e,561,0.000010804113
0x0940,561,0.000010804113
0x0941,561,0.000010804113
0x0942,561,0.000010804113
0x0944,561,0.000010804113
0x0945,561,0.000010804113
0x0946,561,0.000010804113
0x0947,561,0.000010804113
0x094a,561,0.000010804113
0x094c,561,0.000010804113
0x094d,561,0.000010804113
0x094e,561,0.000010804113
0x0951,561,0.000010804113
0x0953,561,0.000010804113
0x0954,561,0.000010804113
0x0955,561,0.000010804113
0x0956,561,0.000010804113
0x0959,561,0.000010804113
0x095c,561,0.000010804113
0x095e,561,0.000010804113
0x0961,561,0.000010804113
0x0964,7485,0.000144151136
0x0965,7485,0.000144151136
0x0966,7485,0.000144151136
0x0967,7485,0.000144151136
0x0968,7485,0.000144151136
0x096a,7485,0.000144151136
0x096b,7485,0.000144151136
0x096d,7485,0.000144151136
0x096e,367,0.000007067931
0x096f,367,0.000007067931
0x0970,367,0.000007067931
0x0971,367,0.000007067931
0x0972,367,0.000007067931
0x0974,367,0.000007067931
0x0975,367,0.000007067931
0x097a,18398,0.000354320988
0x097d,18398,0.000354320988
0x097e,18398,0.000354320988
0x0980,18398,0.000354320988
0x0981,18398,0.000354320988
0x0984,18398,0.000354320988
0x0985,18398,0.000354320988
0x0986,18398,0.000354320988
0x0987,18398,0.000354320988
0x0988,18398,0.000354320988
0x098b,18398,0.000354320988
0x098c,18398,0.000354320988
0x098d,18398,0.000354320988
0x098e,18398,0.000354320988
0x0991,18398,0.000354320988
0x09a0,18441,0.000355149110
0x09a3,18441,0.000355149110
0x09a6,55323,0.001065447331
0x09a9,55323,0.001065447331
0x09aa,55323,0.001065447331
0x09ab,55323,0.001065447331
0x09ac,55323,0.001065447331
0x09ad,55323,0.001065447331
0x09ae,55323,0.001065447331
0x09af,55323,0.001065447331
0x09b0,55323,0.001065447331
0x09b2,55323,0.001065447331
0x09b5,18441,0.000355149110
0x09ba,144674,0.002786228642
0x09bd,144674,0.002786228642
0x09be,144674,0.002786228642
0x09c0,144674,0.002786228642
0x09c1,144674,0.002786228642
0x09c2,144674,0.002786228642
0x09c3,144674,0.002786228642
0x09c4,144674,0.002786228642
0x09c5,144674,0.002786228642
0x09c6,144674,0.002786228642
0x09c7,144674,0.002786228642
0x09c8,144674,0.002786228642
0x09c9,144674,0.002786228642
0x09ca,144674,0.002786228642
0x09cc,144674,0.002786228642
0x09cd,144674,0.002786228642
0x09ce,144674,0.002786228642
0x09cf,144674,0.002786228642
0x09d0,144674,0.002786228642
0x09d1,144674,0.002786228642
0x0a50,3848,0.000074107357
0x0a53,3848,0.000074107357
0x0a56,76960,0.001482147147
0x0a57,76960,0.001482147147
0x0a5a,76960,0.001482147147
0x0a5b,76960,0.001482147147
0x0a5c,76960,0.001482147147
0x0a5e,76960,0.001482147147
0x0a5f,76960,0.001482147147
0x0a61,76960,0.001482147147
0x0a62,76960,0.001482147147
0x0a63,76960,0.001482147147
0x0a64,76960,0.001482147147
0x0a67,3848,0.000074107357
0x0a6c,3675,0.000070775608
0x0a6f,3675,0.000070775608
0x0a72,73500,0.001415512153
0x0a73,73500,0.001415512153
0x0a74,73500,0.001415512153
0x0a75,73500,0.001415512153
0x0a77,73500,0.001415512153
0x0a7a,43366,0.000835171429
0x0a7b,43366,0.000835171429
0x0a7c,43366,0.000835171429
0x0a7d,43366,0.000835171429
0x0a7e,43366,0.000835171429
0x0a7f,43366,0.000835171429
0x0a80,43366,0.000835171429
0x0a81,43366,0.000835171429
0x0a82,43366,0.000835171429
0x0a83,43366,0.000835171429
0x0a84,43366,0.000835171429
0x0a85,43366,0.000835171429
0x0a86,43366,0.000835171429
0x0a87,43366,0.000835171429
0x0a8a,73500,0.001415512153
0x0a8b,73500,0.001415512153
0x0a8c,73500,0.001415512153
0x0a8d,73500,0.001415512153
0x0a8f,73500,0.001415512153
0x0a90,73500,0.001415512153
0x0a91,73500,0.001415512153
0x0a93,73500,0.001415512153
0x0a94,73500,0.001415512153
0x0a96,73500,0.001415512153
0x0a99,3675,0.000070775608
0x0aa0,434,0.000008358262
0x0aa2,434,0.000008358262
0x0aa3,434,0.000008358262
0x0aa4,434,0.000008358262
0x0aa5,434,0.000008358262
0x0aa8,434,0.000008358262
0x0aa9,434,0.000008358262
0x0aac,434,0.000008358262
0x0aae,434,0.000008358262
0x0aaf,434,0.000008358262
0x0ab0,434,0.000008358262
0x0ab3,434,0.000008358262
0x0ab5,434,0.000008358262
0x0ab8,427,0.000008223452
0x0abb,427,0.000008223452
0x0abd,427,0.000008223452
0x0abe,427,0.000008223452
0x0abf,427,0.000008223452
0x0ac0,427,0.000008223452
0x0ac1,427,0.000008223452
0x0ad6,9076,0.000174791678
0x0ad7,9076,0.000174791678
0x0ad8,36304,0.000699166710
0x0ad9,36304,0.000699166710
0x0ada,36304,0.000699166710
0x0adb,36304,0.000699166710
0x0adc,36304,0.000699166710
0x0add,36304,0.000699166710
0x0ae0,9076,0.000174791678
0x0ae1,9076,0.000174791678
0x0ae2,9076,0.000174791678
0x0ae5,9076,0.000174791678
0x0ae6,9076,0.000174791678
0x0ae9,3864,0.000074415496
0x0aea,1440,0.000027732483
0x0aed,1440,0.000027732483
0x0aee,1440,0.000027732483
0x0af0,1440,0.000027732483
0x0af1,1440,0.000027732483
0x0af4,1440,0.000027732483
0x0af6,1440,0.000027732483
0x0af7,1440,0.000027732483
0x0af8,1440,0.000027732483
0x0af9,1440,0.000027732483
0x0afc,1440,0.000027732483
0x0afd,1440,0.000027732483
0x0afe,1440,0.000027732483
0x0b00,1440,0.000027732483
0x0b01,1440,0.000027732483
0x0b02,1440,0.000027732483
0x0b05,1425,0.000027443603
0x0b07,1425,0.000027443603
0x0b0a,960,0.000018488322
0x0b0d,945,0.000018199442
0x0b15,15,0.000000288880
0x0b16,15,0.000000288880
0x0b18,15,0.000000288880
0x0b19,15,0.000000288880
0x0b1a,15,0.000000288880
0x0b1c,15,0.000000288880
0x0b1d,15,0.000000288880
0x0b1e,15,0.000000288880
0x0b1f,15,0.000000288880
0x0b20,4,0.000000077035
0x0b21,4,0.000000077035
0x0b22,4,0.000000077035
0x0b25,4,0.000000077035
0x0b26,4,0.000000077035
0x0b27,4,0.000000077035
0x0b28,4,0.000000077035
0x0b29,3,0.000000057776
0x0b2b,3,0.000000057776
0x0b2d,3,0.000000057776
0x0b48,7,0.000000134811
0x0b4b,7,0.000000134811
0x0b4e,7,0.000000134811
0x0b50,7,0.000000134811
0x0b51,7,0.000000134811
0x0b53,7,0.000000134811
0x0b54,7,0.000000134811
0x0b55,7,0.000000134811
0x0b57,7,0.000000134811
0x0b59,7,0.000000134811
0x0b5a,7,0.000000134811
0x0b60,1152,0.000022185986
0x0b63,1152,0.000022185986
0x0b64,1152,0.000022185986
0x0b65,1152,0.000022185986
0x0b67,1152,0.000022185986
0x0b6a,1144,0.000022031917
0x0b6d,1144,0.000022031917
0x0b6f,1144,0.000022031917
0x0b71,1144,0.000022031917
0x0b74,4,0.000000077035
0x0b77,4,0.000000077035
0x0b79,4,0.000000077035
0x0b7b,4,0.000000077035
0x0b7c,4,0.000000077035
0x0b7d,4,0.000000077035
0x0b7e,4,0.000000077035
0x0b7f,4,0.000000077035
0x0b80,4,0.000000077035
0x0b82,4,0.000000077035
0x0b83,4,0.000000077035
0x0b84,4,0.000000077035
0x0b85,4,0.000000077035
0x0b87,4,0.000000077035
0x0b88,4,0.000000077035
0x0b89,4,0.000000077035
0x0b8a,4,0.000000077035
0x0b8b,4,0.000000077035
0x0b95,1140,0.000021954882
0x0b98,1140,0.000021954882
0x0b9b,1139,0.000021935624
0x0ba0,465,0.000008955281
0x0ba3,465,0.000008955281
0x0ba4,465,0.000008955281
0x0ba6,465,0.000008955281
0x0ba8,465,0.000008955281
0x0ba9,310,0.000005970187
0x0bab,310,0.000005970187
0x0bac,155,0.000002985094
0x0bad,155,0.000002985094
0x0bae,155,0.000002985094
0x0baf,155,0.000002985094
0x0bb2,155,0.000002985094
0x0bba,945,0.000018199442
0x0bbb,945,0.000018199442
0x0bbc,945,0.000018199442
0x0bbf,480,0.000009244161
0x0bc0,480,0.000009244161
0x0bc1,480,0.000009244161
0x0bc4,240,0.000004622080
0x0bca,4,0.000000077035
0x0bcd,4,0.000000077035
0x0bd0,4,0.000000077035
0x0bd2,4,0.000000077035
0x0bd3,4,0.000000077035
0x0bd4,4,0.000000077035
0x0bd6,4,0.000000077035
0x0bd9,4,0.000000077035
0x0bdc,4,0.000000077035
0x0bdf,4,0.000000077035
0x0be2,4,0.000000077035
0x0be5,4,0.000000077035
0x0be8,4,0.000000077035
0x0beb,4,0.000000077035
0x0bee,4,0.000000077035
0x0bf1,4,0.000000077035
0x0c00,14,0.000000269621
0x0c01,14,0.000000269621
0x0c02,14,0.000000269621
0x0c04,14,0.000000269621
0x0c05,14,0.000000269621
0x0c07,14,0.000000269621
0x0c08,14,0.000000269621
0x0c09,14,0.000000269621
0x0c0a,14,0.000000269621
0x0c0b,14,0.000000269621
0x0c0c,14,0.000000269621
0x0c0f,14,0.000000269621
0x0c10,14,0.000000269621
0x0c11,14,0.000000269621
0x0c13,14,0.000000269621
0x0c16,11,0.000000211845
0x0c18,11,0.000000211845
0x0c1b,3,0.000000057776
0x0c1e,3,0.000000057776
0x0c20,3,0.000000057776
0x0c23,3,0.000000057776
0x0c40,9197,0.000177121976
0x0c43,9197,0.000177121976
0x0c45,9197,0.000177121976
0x0c48,9197,0.000177121976
0x0c4b,9197,0.000177121976
0x0c4e,9197,0.000177121976
0x0c51,9197,0.000177121976
0x0c56,9197,0.000177121976
0x0c59,45985,0.000885609882
0x0c5a,45985,0.000885609882
0x0c5d,45985,0.000885609882
0x0c5e,45985,0.000885609882
0x0c5f,45985,0.000885609882
0x0c61,45985,0.000885609882
0x0c62,45985,0.000885609882
0x0c64,45985,0.000885609882
0x0c67,9197,0.000177121976
0x0c6b,9197,0.000177121976
0x0c6e,9197,0.000177121976
0x0c71,45985,0.000885609882
0x0c74,45985,0.000885609882
0x0c75,45985,0.000885609882
0x0c76,45985,0.000885609882
0x0c77,45985,0.000885609882
0x0c78,45985,0.000885609882
0x0c79,45985,0.000885609882
0x0c7a,45985,0.000885609882
0x0c7b,45985,0.000885609882
0x0c7d,45985,0.000885609882
0x0c80,9197,0.000177121976
0x0c84,45985,0.000885609882
0x0c85,45985,0.000885609882
0x0c87,45985,0.000885609882
0x0c88,7020,0.000135195855
0x0c89,7020,0.000135195855
0x0c8a,7020,0.000135195855
0x0c8b,7020,0.000135195855
0x0c8c,7020,0.000135195855
0x0c8e,7020,0.000135195855
0x0c8f,7020,0.000135195855
0x0c90,7020,0.000135195855
0x0c91,7020,0.000135195855
0x0c92,7020,0.000135195855
0x0c94,7020,0.000135195855
0x0c95,7020,0.000135195855
0x0c97,7020,0.000135195855
0x0c9a,6827,0.000131478932
0x0c9b,6827,0.000131478932
0x0c9e,6827,0.000131478932
0x0c9f,6827,0.000131478932
0x0ca0,6827,0.000131478932
0x0ca2,6827,0.000131478932
0x0ca3,6827,0.000131478932
0x0ca4,6827,0.000131478932
0x0ca5,6827,0.000131478932
0x0ca6,6827,0.000131478932
0x0ca7,6827,0.000131478932
0x0ca8,6827,0.000131478932
0x0ca9,6827,0.000131478932
0x0caa,6827,0.000131478932
0x0cac,6827,0.000131478932
0x0caf,6815,0.000131247828
0x0cb4,6827,0.000131478932
0x0cb6,6827,0.000131478932
0x0cb7,1566,0.000030159075
0x0cb9,1566,0.000030159075
0x0cba,790,0.000015214348
0x0cbd,790,0.000015214348
0x0cbe,790,0.000015214348
0x0cbf,314,0.000006047222
0x0cc2,314,0.000006047222
0x0cc3,314,0.000006047222
0x0cc4,15,0.000000288880
0x0cc6,15,0.000000288880
0x0cc9,15,0.000000288880
0x0ccb,15,0.000000288880
0x0cce,15,0.000000288880
0x0cd0,15,0.000000288880
0x0cd3,15,0.000000288880
0x0cd8,9197,0.000177121976
0x0cdb,9197,0.000177121976
0x0cde,45985,0.000885609882
0x0cdf,45985,0.000885609882
0x0ce2,45985,0.000885609882
0x0ce3,45985,0.000885609882
0x0ce4,45985,0.000885609882
0x0ce6,45985,0.000885609882
0x0ce7,45985,0.000885609882
0x0ce9,45985,0.000885609882
0x0cea,45985,0.000885609882
0x0ceb,45985,0.000885609882
0x0cec,45985,0.000885609882
0x0cef,9197,0.000177121976
0x0cf4,4,0.000000077035
0x0cf5,4,0.000000077035
0x0cf6,4,0.000000077035
0x0d1c,3634,0.000069986002
0x0d1f,3634,0.000069986002
0x0d22,58144,0.001119776036
0x0d25,58144,0.001119776036
0x0d26,58144,0.001119776036
0x0d27,58144,0.001119776036
0x0d28,58144,0.001119776036
0x0d2a,58144,0.001119776036
0x0d2b,58144,0.001119776036
0x0d2e,3634,0.000069986002
0x0d30,58144,0.001119776036
0x0d31,58144,0.001119776036
0x0d32,58144,0.001119776036
0x0d33,58144,0.001119776036
0x0d34,58144,0.001119776036
0x0d35,58144,0.001119776036
0x0d37,58144,0.001119776036
0x0d38,42907,0.000826331700
0x0d39,42907,0.000826331700
0x0d3a,42907,0.000826331700
0x0d3b,42907,0.000826331700
0x0d3c,42907,0.000826331700
0x0d3e,42907,0.000826331700
0x0d3f,42907,0.000826331700
0x0d41,42907,0.000826331700
0x0d42,42907,0.000826331700
0x0d43,42907,0.000826331700
0x0d46,39641,0.000763432888
0x0d47,39641,0.000763432888
0x0d48,39641,0.000763432888
0x0d4b,4945,0.000095234117
0x0d4c,4945,0.000095234117
0x0d4d,4945,0.000095234117
0x0d4e,4945,0.000095234117
0x0d4f,8211,0.000158132929
0x0d50,8211,0.000158132929
0x0d51,8211,0.000158132929
0x0d52,8211,0.000158132929
0x0d53,8211,0.000158132929
0x0d54,8211,0.000158132929
0x0d55,8211,0.000158132929
0x0d57,8211,0.000158132929
0x0d58,8211,0.000158132929
0x0d59,3426,0.000065980199
0x0d5a,3426,0.000065980199
0x0d5e,34696,0.000668198771
0x0d5f,34696,0.000668198771
0x0d60,34696,0.000668198771
0x0d61,34696,0.000668198771
0x0d62,34696,0.000668198771
0x0d64,34696,0.000668198771
0x0d65,34696,0.000668198771
0x0d66,5241,0.000100934683
0x0d67,5241,0.000100934683
0x0d70,3632,0.000069947485
0x0d73,3632,0.000069947485
0x0d76,58112,0.001119159758
0x0d79,58112,0.001119159758
0x0d7a,58112,0.001119159758
0x0d7c,58112,0.001119159758
0x0d7d,58112,0.001119159758
0x0d7f,58112,0.001119159758
0x0d80,58112,0.001119159758
0x0d83,3632,0.000069947485
0x0d86,58112,0.001119159758
0x0d87,58112,0.001119159758
0x0d88,58112,0.001119159758
0x0d89,58112,0.001119159758
0x0d8a,58112,0.001119159758
0x0d8b,58112,0.001119159758
0x0d8d,58112,0.001119159758
0x0d8e,42876,0.000825734681
0x0d8f,42876,0.000825734681
0x0d90,42876,0.000825734681
0x0d91,42876,0.000825734681
0x0d94,42876,0.000825734681
0x0d95,42876,0.000825734681
0x0d96,42876,0.000825734681
0x0d97,42876,0.000825734681
0x0d99,42876,0.000825734681
0x0d9a,42876,0.000825734681
0x0d9c,42876,0.000825734681
0x0d9d,42876,0.000825734681
0x0d9f,42876,0.000825734681
0x0da0,42876,0.000825734681
0x0da1,42876,0.000825734681
0x0da2,42876,0.000825734681
0x0da3,42876,0.000825734681
0x0da4,42876,0.000825734681
0x0da5,42876,0.000825734681
0x0da6,42876,0.000825734681
0x0da7,42876,0.000825734681
0x0da8,42876,0.000825734681
0x0dab,40175,0.000773717017
0x0dac,40175,0.000773717017
0x0daf,5403,0.000104054587
0x0db0,5403,0.000104054587
0x0db1,5403,0.000104054587
0x0db3,5403,0.000104054587
0x0db4,5403,0.000104054587
0x0db5,5403,0.000104054587
0x0dbb,2701,0.000052017664
0x0dbc,2701,0.000052017664
0x0dbd,2701,0.000052017664
0x0dbf,2701,0.000052017664
0x0dc0,2701,0.000052017664
0x0dc1,2701,0.000052017664
0x0dc2,2701,0.000052017664
0x0dc3,2701,0.000052017664
0x0dc5,2701,0.000052017664
0x0dc6,2701,0.000052017664
0x0dcc,34772,0.000669662430
0x0dcd,34772,0.000669662430
0x0dce,34772,0.000669662430
0x0dcf,34772,0.000669662430
0x0dd1,34772,0.000669662430
0x0dd2,42876,0.000825734681
0x0dd3,42876,0.000825734681
0x0dd5,42876,0.000825734681
0x0dd6,42876,0.000825734681
0x0dd7,42876,0.000825734681
0x0dd8,42876,0.000825734681
0x0dd9,42876,0.000825734681
0x0dda,42876,0.000825734681
0x0dde,219,0.000004217648
0x0ddf,219,0.000004217648
0x0de0,219,0.000004217648
0x0de3,219,0.000004217648
0x0de4,219,0.000004217648
0x0de5,219,0.000004217648
0x0de6,219,0.000004217648
0x0de9,219,0.000004217648
0x0dea,219,0.000004217648
0x0deb,219,0.000004217648
0x0dec,219,0.000004217648
0x0ded,219,0.000004217648
0x0df0,13538,0.000260723857
0x0df3,13538,0.000260723857
0x0df6,13538,0.000260723857
0x0df9,13538,0.000260723857
0x0dfc,13538,0.000260723857
0x0dff,13538,0.000260723857
0x0e10,27076,0.000521447715
0x0e11,27076,0.000521447715
0x0e13,27076,0.000521447715
0x0e14,5547,0.000106827836
0x0e15,5547,0.000106827836
0x0e16,5547,0.000106827836
0x0e17,5547,0.000106827836
0x0e18,5547,0.000106827836
0x0e1a,5547,0.000106827836
0x0e1b,5544,0.000106770060
0x0e1d,5544,0.000106770060
0x0e1e,97,0.000001868091
0x0e20,97,0.000001868091
0x0e23,62,0.000001194037
0x0e25,62,0.000001194037
0x0e26,62,0.000001194037
0x0e27,62,0.000001194037
0x0e29,62,0.000001194037
0x0e2a,62,0.000001194037
0x0e2c,62,0.000001194037
0x0e2d,62,0.000001194037
0x0e2e,62,0.000001194037
0x0e2f,62,0.000001194037
0x0e31,62,0.000001194037
0x0e32,62,0.000001194037
0x0e33,55,0.000001059227
0x0e34,55,0.000001059227
0x0e35,55,0.000001059227
0x0e36,48,0.000000924416
0x0e39,35,0.000000674053
0x0e3a,35,0.000000674053
0x0e3b,35,0.000000674053
0x0e3c,35,0.000000674053
0x0e3d,35,0.000000674053
0x0e3e,35,0.000000674053
0x0e3f,35,0.000000674053
0x0e41,35,0.000000674053
0x0e42,35,0.000000674053
0x0e45,437,0.000008416038
0x0e46,437,0.000008416038
0x0e47,437,0.000008416038
0x0e48,437,0.000008416038
0x0e4a,437,0.000008416038
0x0e4d,423,0.000008146417
0x0e4e,423,0.000008146417
0x0e4f,423,0.000008146417
0x0e51,423,0.000008146417
0x0e52,423,0.000008146417
0x0e55,21,0.000000404432
0x0e58,314,0.000006047222
0x0e59,314,0.000006047222
0x0e5a,314,0.000006047222
0x0e5b,165,0.000003177680
0x0e5c,165,0.000003177680
0x0e5e,165,0.000003177680
0x0e5f,165,0.000003177680
0x0e60,42,0.000000808864
0x0e61,42,0.000000808864
0x0e62,42,0.000000808864
0x0e63,42,0.000000808864
0x0e65,42,0.000000808864
0x0e66,42,0.000000808864
0x0e67,14,0.000000269621
0x0e69,14,0.000000269621
0x0e6a,14,0.000000269621
0x0e6b,14,0.000000269621
0x0e70,48,0.000000924416
0x0e71,48,0.000000924416
0x0e72,48,0.000000924416
0x0e74,48,0.000000924416
0x0e75,48,0.000000924416
0x0e76,48,0.000000924416
0x0e77,48,0.000000924416
0x0e78,48,0.000000924416
0x0e7a,48,0.000000924416
0x0e7b,48,0.000000924416
0x0e7e,339,0.000006528689
0x0e7f,339,0.000006528689
0x0e80,339,0.000006528689
0x0e81,339,0.000006528689
0x0e83,339,0.000006528689
0x0e86,291,0.000005604273
0x0e87,291,0.000005604273
0x0e88,291,0.000005604273
0x0e8a,291,0.000005604273
0x0e8b,291,0.000005604273
0x0e90,229,0.000004410235
0x0e91,229,0.000004410235
0x0e93,229,0.000004410235
0x0e94,229,0.000004410235
0x0e95,107,0.000002060678
0x0e97,107,0.000002060678
0x0e98,107,0.000002060678
0x0e99,63,0.000001213296
0x0e9a,63,0.000001213296
0x0e9b,63,0.000001213296
0x0e9c,63,0.000001213296
0x0e9e,63,0.000001213296
0x0e9f,63,0.000001213296
0x0ea0,48,0.000000924416
0x0ea3,48,0.000000924416
0x0ea4,62,0.000001194037
0x0ea5,62,0.000001194037
0x0ea6,62,0.000001194037
0x0ea7,62,0.000001194037
0x0ea8,62,0.000001194037
0x0ea9,62,0.000001194037
0x0eaa,62,0.000001194037
0x0eac,62,0.000001194037
0x0ead,66,0.000001271072
0x0eae,66,0.000001271072
0x0eb0,66,0.000001271072
0x0eb1,66,0.000001271072
0x0eb2,66,0.000001271072
0x0eb4,66,0.000001271072
0x0eb5,66,0.000001271072
0x0eb6,66,0.000001271072
0x0eb7,66,0.000001271072
0x0eb8,66,0.000001271072
0x0ebb,66,0.000001271072
0x0ebc,66,0.000001271072
0x0ebe,66,0.000001271072
0x0ec1,63,0.000001213296
0x0ec3,66,0.000001271072
0x0ec4,66,0.000001271072
0x0ec5,66,0.000001271072
0x0ed5,66,0.000001271072
0x0ed6,66,0.000001271072
0x0ed7,66,0.000001271072
0x0ed8,66,0.000001271072
0x0ed9,66,0.000001271072
0x0eda,66,0.000001271072
0x0edb,66,0.000001271072
0x0edc,66,0.000001271072
0x0ede,66,0.000001271072
0x0ee0,66,0.000001271072
0x0ee2,66,0.000001271072
0x0ee3,66,0.000001271072
0x0ee4,66,0.000001271072
0x0ee5,66,0.000001271072
0x0f00,3638,0.000070063037
0x0f03,3638,0.000070063037
0x0f04,3638,0.000070063037
0x0f06,3638,0.000070063037
0x0f09,3622,0.000069754898
0x0f0b,3622,0.000069754898
0x0f0c,3622,0.000069754898
0x0f0d,3622,0.000069754898
0x0f0e,3622,0.000069754898
0x0f11,3622,0.000069754898
0x0f14,3622,0.000069754898
0x0f15,4,0.000000077035
0x0f16,4,0.000000077035
0x0f17,4,0.000000077035
0x0f1a,4,0.000000077035
0x0f1b,4,0.000000077035
0x0f1d,4,0.000000077035
0x0f1e,4,0.000000077035
0x0f1f,4,0.000000077035
0x0f20,4,0.000000077035
0x0f23,20,0.000000385173
0x0f24,20,0.000000385173
0x0f25,20,0.000000385173
0x0f26,20,0.000000385173
0x0f28,20,0.000000385173
0x0f2b,16,0.000000308139
0x0f2c,16,0.000000308139
0x0f2d,16,0.000000308139
0x0f2f,16,0.000000308139
0x0f30,16,0.000000308139
0x0f38,8,0.000000154069
0x0f39,8,0.000000154069
0x0f3a,8,0.000000154069
0x0f3b,8,0.000000154069
0x0f3d,8,0.000000154069
0x0f3e,4,0.000000077035
0x0f40,4,0.000000077035
0x0f41,4,0.000000077035
0x0f42,4,0.000000077035
0x0f43,4,0.000000077035
0x0f44,4,0.000000077035
0x0f45,4,0.000000077035
0x0f46,4,0.000000077035
0x0f49,4,0.000000077035
0x0f4c,4,0.000000077035
0x0f4d,4,0.000000077035
0x0f4e,4,0.000000077035
0x0f56,7304,0.000140665317
0x0f57,7304,0.000140665317
0x0f58,14732,0.000283718708
0x0f59,14732,0.000283718708
0x0f5b,14732,0.000283718708
0x0f5e,86,0.000001656246
0x0f60,86,0.000001656246
0x0f63,14728,0.000283641673
0x0f64,14728,0.000283641673
0x0f65,14728,0.000283641673
0x0f68,7300,0.000140588282
0x0f69,7300,0.000140588282
0x0f6a,7300,0.000140588282
0x0f6d,7300,0.000140588282
0x0f6e,7300,0.000140588282
0x0f71,3634,0.000069986002
0x0f74,16,0.000000308139
0x0f76,16,0.000000308139
0x0f77,16,0.000000308139
0x0f78,16,0.000000308139
0x0f79,16,0.000000308139
0x0f7c,16,0.000000308139
0x0f7d,16,0.000000308139
0x0f80,16,0.000000308139
0x0f83,16,0.000000308139
0x0fc0,9663,0.000186096516
0x0fc3,9663,0.000186096516
0x0fc6,9663,0.000186096516
0x0fc9,9663,0.000186096516
0x0fcc,9663,0.000186096516
0x0fcf,9663,0.000186096516
0x0fd2,9663,0.000186096516
0x0fd5,9663,0.000186096516
0x0fd8,19326,0.000372193032
0x0fd9,19326,0.000372193032
0x0fda,19326,0.000372193032
0x0fdb,983,0.000018931271
0x0fdc,983,0.000018931271
0x0fdd,983,0.000018931271
0x0fde,983,0.000018931271
0x0fdf,983,0.000018931271
0x0fe0,983,0.000018931271
0x0fe1,983,0.000018931271
0x0fe2,983,0.000018931271
0x0fe3,983,0.000018931271
0x0fe6,983,0.000018931271
0x0fe7,983,0.000018931271
0x0fe9,983,0.000018931271
0x0fea,983,0.000018931271
0x0fec,983,0.000018931271
0x0fed,983,0.000018931271
0x0fef,983,0.000018931271
0x0ff0,983,0.000018931271
0x0ff1,983,0.000018931271
0x0ff4,983,0.000018931271
0x14e0,1884,0.000036283332
0x14e1,1884,0.000036283332
0x14e4,1884,0.000036283332
0x14e6,1884,0.000036283332
0x17e0,19059,0.000367050968
0x17e3,19059,0.000367050968
0x17e5,19059,0.000367050968
0x17e8,19059,0.000367050968
0x1df0,1139,0.000021935624
0x1df3,1139,0.000021935624
0x1df5,1139,0.000021935624
0x1ee0,704,0.000013558103
0x1ee3,704,0.000013558103
0x1ee6,18304,0.000352510673
0x1ee7,18304,0.000352510673
0x1ee8,18304,0.000352510673
0x1ee9,18304,0.000352510673
0x1eec,18304,0.000352510673
0x1eed,18304,0.000352510673
0x1ef0,704,0.000013558103
0x1ef1,704,0.000013558103
0x1ef2,704,0.000013558103
0x1ef4,704,0.000013558103
0x1ef7,704,0.000013558103
0x1ef8,704,0.000013558103
0x1ef9,704,0.000013558103
0x1efa,704,0.000013558103
0x2000,13538,0.000260723857
0x2003,13538,0.000260723857
0x2006,13538,0.000260723857
0x2009,13538,0.000260723857
0x200c,13538,0.000260723857
0x200d,13538,0.000260723857
0x200f,13538,0.000260723857
0x2010,13538,0.000260723857
0x2011,13538,0.000260723857
0x2014,13538,0.000260723857
0x2015,13538,0.000260723857
0x2018,13346,0.000257026193
0x201a,13346,0.000257026193
0x201d,1194,0.000022994850
0x201e,1194,0.000022994850
0x201f,1194,0.000022994850
0x2020,1194,0.000022994850
0x2023,298,0.000005739083
0x2025,1194,0.000022994850
0x2026,1194,0.000022994850
0x2027,1194,0.000022994850
0x202a,1190,0.000022917816
0x2030,5,0.000000096293
0x2032,5,0.000000096293
0x2034,5,0.000000096293
0x2037,5,0.000000096293
0x2040,5293,0.000101936134
0x2043,5293,0.000101936134
0x2046,5293,0.000101936134
0x2047,5293,0.000101936134
0x2048,5293,0.000101936134
0x2049,44,0.000000847381
0x204a,44,0.000000847381
0x204b,44,0.000000847381
0x204c,44,0.000000847381
0x204d,44,0.000000847381
0x204e,44,0.000000847381
0x204f,44,0.000000847381
0x2050,44,0.000000847381
0x2051,44,0.000000847381
0x2052,44,0.000000847381
0x2055,44,0.000000847381
0x2057,44,0.000000847381
0x2058,44,0.000000847381
0x2059,44,0.000000847381
0x205a,44,0.000000847381
0x205c,44,0.000000847381
0x205d,44,0.000000847381
0x205e,44,0.000000847381
0x2060,44,0.000000847381
0x2061,44,0.000000847381
0x2062,44,0.000000847381
0x2063,44,0.000000847381
0x2064,44,0.000000847381
0x2065,44,0.000000847381
0x2066,44,0.000000847381
0x2068,44,0.000000847381
0x2069,44,0.000000847381
0x206a,44,0.000000847381
0x206b,44,0.000000847381
0x206c,44,0.000000847381
0x206d,44,0.000000847381
0x2070,240,0.000004622080
0x2071,240,0.000004622080
0x2073,240,0.000004622080
0x2075,240,0.000004622080
0x2076,240,0.000004622080
0x2077,240,0.000004622080
0x2079,240,0.000004622080
0x207a,240,0.000004622080
0x207b,240,0.000004622080
0x207e,240,0.000004622080
0x2081,240,0.000004622080
0x2085,240,0.000004622080
0x2087,240,0.000004622080
0x2088,240,0.000004622080
0x2089,240,0.000004622080
0x208a,240,0.000004622080
0x208c,240,0.000004622080
0x208d,240,0.000004622080
0x208f,240,0.000004622080
0x2090,240,0.000004622080
0x2091,336,0.000006470913
0x2093,336,0.000006470913
0x2094,336,0.000006470913
0x2096,336,0.000006470913
0x2097,336,0.000006470913
0x209a,96,0.000001848832
0x209b,96,0.000001848832
0x209c,96,0.000001848832
0x209d,96,0.000001848832
0x209f,96,0.000001848832
0x20a0,96,0.000001848832
0x20a1,96,0.000001848832
0x20a3,96,0.000001848832
0x20a4,96,0.000001848832
0x20a5,96,0.000001848832
0x20a7,96,0.000001848832
0x20a8,96,0.000001848832
0x20b0,240,0.000004622080
0x20b1,7488,0.000144208912
0x20b2,7488,0.000144208912
0x20b3,7488,0.000144208912
0x20b5,59904,0.001153671293
0x20b7,59904,0.001153671293
0x20b8,59904,0.001153671293
0x20bb,2298,0.000044256421
0x20bc,2298,0.000044256421
0x20bd,2298,0.000044256421
0x20be,2298,0.000044256421
0x20bf,59904,0.001153671293
0x20c0,59904,0.001153671293
0x20c1,59904,0.001153671293
0x20c2,59904,0.001153671293
0x20c5,7488,0.000144208912
0x20c6,7488,0.000144208912
0x20c7,7488,0.000144208912
0x20c8,7488,0.000144208912
0x20c9,7488,0.000144208912
0x20cc,3744,0.000072104456
0x20cd,3744,0.000072104456
0x20cf,3744,0.000072104456
0x20d2,3504,0.000067482375
0x20d3,3504,0.000067482375
0x20d4,3504,0.000067482375
0x20d6,3504,0.000067482375
0x20d7,3504,0.000067482375
0x20d8,3504,0.000067482375
0x20da,3504,0.000067482375
0x20db,3504,0.000067482375
0x20dc,3504,0.000067482375
0x20de,3504,0.000067482375
0x20e1,240,0.000004622080
0x20e2,240,0.000004622080
0x20e8,240,0.000004622080
0x20e9,240,0.000004622080
0x20ea,240,0.000004622080
0x20ec,240,0.000004622080
0x20ed,240,0.000004622080
0x20f0,240,0.000004622080
0x20f1,240,0.000004622080
0x20f2,240,0.000004622080
0x20f3,240,0.000004622080
0x20f4,240,0.000004622080
0x20f6,240,0.000004622080
0x20f7,240,0.000004622080
0x20f8,240,0.000004622080
0x20fa,240,0.000004622080
0x20fb,240,0.000004622080
0x20fc,240,0.000004622080
0x20fd,240,0.000004622080
0x20fe,240,0.000004622080
0x20ff,240,0.000004622080
0x2101,240,0.000004622080
0x2103,240,0.000004622080
0x2104,240,0.000004622080
0x2106,240,0.000004622080
0x2107,240,0.000004622080
0x2108,240,0.000004622080
0x2109,240,0.000004622080
0x210a,240,0.000004622080
0x210d,240,0.000004622080
0x211c,240,0.000004622080
0x211f,240,0.000004622080
0x2120,240,0.000004622080
0x2122,240,0.000004622080
0x2123,176,0.000003389526
0x2125,176,0.000003389526
0x2130,12156,0.000234108377
0x2131,12156,0.000234108377
0x2132,12156,0.000234108377
0x2135,9113,0.000175504248
0x2137,9113,0.000175504248
0x213a,6074,0.000116977154
0x213c,6074,0.000116977154
0x213f,3037,0.000058488577
0x2146,1190,0.000022917816
0x2147,1190,0.000022917816
0x2148,1190,0.000022917816
0x214b,595,0.000011458908
0x2150,3043,0.000058604129
0x2153,3043,0.000058604129
0x2156,3043,0.000058604129
0x2160,3039,0.000058527094
0x2163,3039,0.000058527094
0x2166,3039,0.000058527094
0x2169,3039,0.000058527094
0x2170,3037,0.000058488577
0x2173,3037,0.000058488577
0x2180,3037,0.000058488577
0x2183,3037,0.000058488577
0x2186,3037,0.000058488577
0x2189,3037,0.000058488577
0x2190,595,0.000011458908
0x2193,595,0.000011458908
0x2196,595,0.000011458908
0x2199,595,0.000011458908
0x219c,595,0.000011458908
0x21a5,595,0.000011458908
0x21a8,595,0.000011458908
0x21ab,595,0.000011458908
0x21ae,595,0.000011458908
0x21b1,595,0.000011458908
0x21ba,192,0.000003697664
0x21bb,192,0.000003697664
0x21bc,192,0.000003697664
0x21bf,96,0.000001848832
0x21c2,96,0.000001848832
0x21c5,96,0.000001848832
0x21c8,96,0.000001848832
0x21cb,96,0.000001848832
0x21cd,96,0.000001848832
0x21cf,96,0.000001848832
0x21dc,704,0.000013558103
0x21dd,704,0.000013558103
0x21de,704,0.000013558103
0x21df,704,0.000013558103
0x21e2,704,0.000013558103
0x21e4,704,0.000013558103
0x21e5,704,0.000013558103
0x21e6,704,0.000013558103
0x21e8,704,0.000013558103
0x21e9,704,0.000013558103
0x21eb,704,0.000013558103
0x21ec,704,0.000013558103
0x21ed,704,0.000013558103
0x21ef,704,0.000013558103
0x21f0,704,0.000013558103
0x21f1,704,0.000013558103
0x21f2,704,0.000013558103
0x21f4,704,0.000013558103
0x21f5,704,0.000013558103
0x21f7,704,0.000013558103
0x21f8,704,0.000013558103
0x21f9,704,0.000013558103
0x21fc,704,0.000013558103
0x2204,384,0.000007395329
0x2207,384,0.000007395329
0x2208,384,0.000007395329
0x2209,384,0.000007395329
0x220b,384,0.000007395329
0x220c,4,0.000000077035
0x220e,4,0.000000077035
0x2210,4,0.000000077035
0x2212,4,0.000000077035
0x2214,4,0.000000077035
0x2216,4,0.000000077035
0x2217,4,0.000000077035
0x2218,4,0.000000077035
0x221a,4,0.000000077035
0x221b,4,0.000000077035
0x221d,4,0.000000077035
0x221e,4,0.000000077035
0x2220,4,0.000000077035
0x2221,4,0.000000077035
0x2222,4,0.000000077035
0x2223,4,0.000000077035
0x2224,4,0.000000077035
0x2227,2,0.000000038517
0x2228,2,0.000000038517
0x222a,4,0.000000077035
0x222b,4,0.000000077035
0x2230,550,0.000010592268
0x2233,550,0.000010592268
0x2234,550,0.000010592268
0x2235,550,0.000010592268
0x2236,550,0.000010592268
0x2237,550,0.000010592268
0x2239,550,0.000010592268
0x223b,550,0.000010592268
0x223e,530,0.000010207094
0x2240,530,0.000010207094
0x2243,270,0.000005199841
0x2245,270,0.000005199841
0x2247,270,0.000005199841
0x2249,270,0.000005199841
0x224c,10,0.000000192587
0x224f,10,0.000000192587
0x2250,10,0.000000192587
0x2252,10,0.000000192587
0x2254,10,0.000000192587
0x2260,520,0.000010014508
0x2261,520,0.000010014508
0x2262,520,0.000010014508
0x2263,520,0.000010014508
0x2264,520,0.000010014508
0x2265,520,0.000010014508
0x2267,520,0.000010014508
0x2268,520,0.000010014508
0x2269,520,0.000010014508
0x226b,520,0.000010014508
0x226d,520,0.000010014508
0x226e,520,0.000010014508
0x226f,520,0.000010014508
0x2271,520,0.000010014508
0x2272,520,0.000010014508
0x2273,520,0.000010014508
0x2274,520,0.000010014508
0x2275,520,0.000010014508
0x2276,520,0.000010014508
0x2277,520,0.000010014508
0x2278,520,0.000010014508
0x2279,520,0.000010014508
0x227a,7280,0.000140203108
0x227b,65520,0.001261827976
0x227c,65520,0.001261827976
0x227d,65520,0.001261827976
0x227e,65520,0.001261827976
0x227f,65520,0.001261827976
0x2280,65520,0.001261827976
0x2283,7280,0.000140203108
0x2284,7280,0.000140203108
0x2285,7280,0.000140203108
0x2286,7280,0.000140203108
0x2288,7280,0.000140203108
0x2289,7280,0.000140203108
0x228a,7280,0.000140203108
0x228c,7280,0.000140203108
0x228d,7280,0.000140203108
0x228e,7280,0.000140203108
0x2291,520,0.000010014508
0x2292,20,0.000000385173
0x2295,20,0.000000385173
0x2296,20,0.000000385173
0x2298,20,0.000000385173
0x229b,8,0.000000154069
0x229e,8,0.000000154069
0x22a1,8,0.000000154069
0x22a3,3328,0.000064092850
0x22a4,3328,0.000064092850
0x22a5,3328,0.000064092850
0x22a6,3328,0.000064092850
0x22a7,3328,0.000064092850
0x22a8,3328,0.000064092850
0x22a9,3328,0.000064092850
0x22aa,3328,0.000064092850
0x22ab,3328,0.000064092850
0x22ac,3328,0.000064092850
0x22ad,3328,0.000064092850
0x22b0,8,0.000000154069
0x22b4,288,0.000005546497
0x22b7,288,0.000005546497
0x22ba,288,0.000005546497
0x22bb,288,0.000005546497
0x22bc,288,0.000005546497
0x22be,288,0.000005546497
0x22c1,4,0.000000077035
0x22c3,4,0.000000077035
0x22c5,4,0.000000077035
0x22ca,196,0.000003774699
0x22cd,196,0.000003774699
0x22ce,196,0.000003774699
0x22d0,196,0.000003774699
0x22d3,4,0.000000077035
0x22d5,4,0.000000077035
0x22d7,4,0.000000077035
0x22d9,4,0.000000077035
0x22db,4,0.000000077035
0x22dd,4,0.000000077035
0x22e0,8,0.000000154069
0x22e2,20,0.000000385173
0x22e5,20,0.000000385173
0x22e8,20,0.000000385173
0x22f0,12,0.000000231104
0x22f3,12,0.000000231104
0x22f4,12,0.000000231104
0x22fa,1063,0.000020471965
0x22fd,1063,0.000020471965
0x22ff,1063,0.000020471965
0x2302,1063,0.000020471965
0x2303,19134,0.000368495368
0x2304,19134,0.000368495368
0x2306,19134,0.000368495368
0x2307,19134,0.000368495368
0x2308,19134,0.000368495368
0x2309,19134,0.000368495368
0x230a,19134,0.000368495368
0x230b,19134,0.000368495368
0x230d,19134,0.000368495368
0x230e,19134,0.000368495368
0x230f,19134,0.000368495368
0x2310,19134,0.000368495368
0x2312,19134,0.000368495368
0x2313,19134,0.000368495368
0x2314,19134,0.000368495368
0x2316,19134,0.000368495368
0x2317,19134,0.000368495368
0x231a,2126,0.000040943930
0x231b,19134,0.000368495368
0x231c,19134,0.000368495368
0x231f,1063,0.000020471965
0x2322,3190,0.000061435153
0x2325,3190,0.000061435153
0x2326,3190,0.000061435153
0x2327,3190,0.000061435153
0x2329,3190,0.000061435153
0x232a,3190,0.000061435153
0x232b,3190,0.000061435153
0x232c,3190,0.000061435153
0x232e,3190,0.000061435153
0x232f,3190,0.000061435153
0x2331,3190,0.000061435153
0x2334,3190,0.000061435153
0x2337,3190,0.000061435153
0x2351,8506,0.000163814236
0x2352,8506,0.000163814236
0x2354,8506,0.000163814236
0x2355,2657,0.000051170283
0x2356,2657,0.000051170283
0x2357,2657,0.000051170283
0x2358,2657,0.000051170283
0x235a,2657,0.000051170283
0x235b,2657,0.000051170283
0x235e,2657,0.000051170283
0x235f,2657,0.000051170283
0x2360,2657,0.000051170283
0x2361,2657,0.000051170283
0x2362,2657,0.000051170283
0x2364,2657,0.000051170283
0x2365,2657,0.000051170283
0x2366,2657,0.000051170283
0x2368,2657,0.000051170283
0x2369,2657,0.000051170283
0x236a,2657,0.000051170283
0x236b,2657,0.000051170283
0x236c,2657,0.000051170283
0x236e,2657,0.000051170283
0x2370,2657,0.000051170283
0x2373,2373,0.000045700821
0x2375,2373,0.000045700821
0x2377,2373,0.000045700821
0x237a,2363,0.000045508234
0x237b,284,0.000005469462
0x237c,284,0.000005469462
0x237e,284,0.000005469462
0x237f,284,0.000005469462
0x2381,284,0.000005469462
0x2384,284,0.000005469462
0x2385,284,0.000005469462
0x2386,284,0.000005469462
0x2387,284,0.000005469462
0x2389,284,0.000005469462
0x238a,76,0.000001463659
0x238c,76,0.000001463659
0x238d,76,0.000001463659
0x238e,76,0.000001463659
0x2390,76,0.000001463659
0x2391,65,0.000001251813
0x2393,65,0.000001251813
0x2398,10,0.000000192587
0x2399,10,0.000000192587
0x239b,10,0.000000192587
0x239c,10,0.000000192587
0x239d,10,0.000000192587
0x239e,10,0.000000192587
0x239f,10,0.000000192587
0x23a1,10,0.000000192587
0x23a2,10,0.000000192587
0x23a5,5,0.000000096293
0x23a7,5,0.000000096293
0x23a9,5,0.000000096293
0x23ac,10,0.000000192587
0x23af,10,0.000000192587
0x23b0,10,0.000000192587
0x23b2,10,0.000000192587
0x23b3,10,0.000000192587
0x23b4,10,0.000000192587
0x23b5,10,0.000000192587
0x23b6,10,0.000000192587
0x23b8,10,0.000000192587
0x23bb,10,0.000000192587
0x23d6,8776,0.000169014077
0x23d9,8776,0.000169014077
0x23da,8776,0.000169014077
0x23dc,8776,0.000169014077
0x23de,8776,0.000169014077
0x23e1,6708,0.000129187150
0x23e3,6708,0.000129187150
0x23e6,5428,0.000104536054
0x23e8,5428,0.000104536054
0x23eb,4172,0.000080347166
0x23ed,4172,0.000080347166
0x23f0,3096,0.000059624838
0x23f2,3096,0.000059624838
0x23f3,2771,0.000053365771
0x23f5,2771,0.000053365771
0x23f8,2650,0.000051035472
0x23fb,2650,0.000051035472
0x2476,69,0.000001328848
0x2477,69,0.000001328848
0x2478,69,0.000001328848
0x247b,69,0.000001328848
0x247d,69,0.000001328848
0x247e,69,0.000001328848
0x2481,69,0.000001328848
0x2483,69,0.000001328848
0x2484,69,0.000001328848
0x2485,69,0.000001328848
0x2487,69,0.000001328848
0x2488,69,0.000001328848
0x2489,69,0.000001328848
0x248a,69,0.000001328848
0x248c,69,0.000001328848
0x248d,69,0.000001328848
0x248f,69,0.000001328848
0x2490,69,0.000001328848
0x2493,69,0.000001328848
0x2495,69,0.000001328848
0x2496,69,0.000001328848
0x2497,69,0.000001328848
0x2498,63,0.000001213296
0x2499,63,0.000001213296
0x249a,63,0.000001213296
0x249b,45,0.000000866640
0x249c,45,0.000000866640
0x249d,45,0.000000866640
0x249e,27,0.000000519984
0x249f,27,0.000000519984
0x24a0,13538,0.000260723857
0x24a3,13538,0.000260723857
0x24a5,13538,0.000260723857
0x24a7,13538,0.000260723857
0x24a8,8506,0.000163814236
0x24ab,8506,0.000163814236
0x24ae,8506,0.000163814236
0x24b1,8506,0.000163814236
0x24b4,8506,0.000163814236
0x24b6,8506,0.000163814236
0x24b8,8506,0.000163814236
0x24b9,2126,0.000040943930
0x24c4,6767,0.000130323411
0x24c7,6767,0.000130323411
0x24c9,6767,0.000130323411
0x24cb,6767,0.000130323411
0x24ce,4253,0.000081907118
0x24d1,4253,0.000081907118
0x24d4,4253,0.000081907118
0x24d5,4253,0.000081907118
0x24d6,4253,0.000081907118
0x24d8,4253,0.000081907118
0x24db,3190,0.000061435153
0x24e0,4253,0.000081907118
0x24e3,4253,0.000081907118
0x24e5,4253,0.000081907118
0x24e6,266,0.000005122806
0x24e9,266,0.000005122806
0x24eb,266,0.000005122806
0x24ec,266,0.000005122806
0x24f2,2126,0.000040943930
0x24f5,2126,0.000040943930
0x24f7,2126,0.000040943930
0x24f8,2126,0.000040943930
0x24f9,2126,0.000040943930
0x24fc,2126,0.000040943930
0x24fe,2126,0.000040943930
0x24ff,2126,0.000040943930
0x2500,611,0.000011767047
0x2503,611,0.000011767047
0x2504,611,0.000011767047
0x2505,500,0.000009629334
0x2508,500,0.000009629334
0x2509,500,0.000009629334
0x250a,131,0.000002522886
0x250b,131,0.000002522886
0x250d,131,0.000002522886
0x250e,131,0.000002522886
0x2511,131,0.000002522886
0x2512,131,0.000002522886
0x2513,131,0.000002522886
0x2515,131,0.000002522886
0x2517,131,0.000002522886
0x2518,131,0.000002522886
0x2519,131,0.000002522886
0x251a,131,0.000002522886
0x2560,3632,0.000069947485
0x2563,3632,0.000069947485
0x2564,3632,0.000069947485
0x2566,3632,0.000069947485
0x2567,3632,0.000069947485
0x2568,3632,0.000069947485
0x2569,3632,0.000069947485
0x256a,3632,0.000069947485
0x256b,3632,0.000069947485
0x256d,3632,0.000069947485
0x256e,3632,0.000069947485
0x2570,3632,0.000069947485
0x2572,3632,0.000069947485
0x2575,3632,0.000069947485
0x2576,3632,0.000069947485
0x2577,3632,0.000069947485
0x2578,3632,0.000069947485
0x2579,3632,0.000069947485
0x257b,3632,0.000069947485
0x257c,3632,0.000069947485
0x257f,3632,0.000069947485
0x2581,3632,0.000069947485
0x2582,3632,0.000069947485
0x2585,3632,0.000069947485
0x2587,3632,0.000069947485
0x2588,28820,0.000555034833
0x2589,28820,0.000555034833
0x258c,28741,0.000553513398
0x258d,28741,0.000553513398
0x258e,28741,0.000553513398
0x2590,28741,0.000553513398
0x2591,28741,0.000553513398
0x2592,28741,0.000553513398
0x2595,3553,0.000068426050
0x2596,28820,0.000555034833
0x2597,28820,0.000555034833
0x2599,28820,0.000555034833
0x259a,21279,0.000409805212
0x259b,21279,0.000409805212
0x259c,21279,0.000409805212
0x259e,21279,0.000409805212
0x259f,21279,0.000409805212
0x25a1,21279,0.000409805212
0x25a2,20074,0.000386598516
0x25a3,20074,0.000386598516
0x25a4,20074,0.000386598516
0x25a5,20074,0.000386598516
0x25a6,12985,0.000250073814
0x25a7,12985,0.000250073814
0x25a8,3175,0.000061146273
0x25a9,3175,0.000061146273
0x25aa,3175,0.000061146273
0x25ab,3175,0.000061146273
0x25ac,3130,0.000060279633
0x25ae,3130,0.000060279633
0x25af,79,0.000001521435
0x25b0,79,0.000001521435
0x25b1,79,0.000001521435
0x25b2,79,0.000001521435
0x25b3,79,0.000001521435
0x25b4,79,0.000001521435
0x25b5,79,0.000001521435
0x25b6,79,0.000001521435
0x25b7,440,0.000008473814
0x25ba,440,0.000008473814
0x25bc,440,0.000008473814
0x25be,440,0.000008473814
0x25ca,440,0.000008473814
0x25cd,1043,0.000020086792
0x25ce,1043,0.000020086792
0x25d0,1043,0.000020086792
0x25d3,809,0.000015580263
0x25d4,809,0.000015580263
0x25d6,809,0.000015580263
0x25d7,809,0.000015580263
0x25d8,809,0.000015580263
0x25db,206,0.000003967286
0x25dc,206,0.000003967286
0x25dd,206,0.000003967286
0x25e0,234,0.000004506528
0x25e1,234,0.000004506528
0x25e3,234,0.000004506528
0x25e4,234,0.000004506528
0x25e5,234,0.000004506528
0x25e7,234,0.000004506528
0x25e8,234,0.000004506528
0x25ea,234,0.000004506528
0x25eb,234,0.000004506528
0x25ec,234,0.000004506528
0x25ed,234,0.000004506528
0x25ef,234,0.000004506528
0x25f0,234,0.000004506528
0x25f1,234,0.000004506528
0x25f3,234,0.000004506528
0x25f4,234,0.000004506528
0x25f6,234,0.000004506528
0x25f7,234,0.000004506528
0x25f8,234,0.000004506528
0x25f9,234,0.000004506528
0x25fa,234,0.000004506528
0x25fb,234,0.000004506528
0x25fc,234,0.000004506528
0x25fd,234,0.000004506528
0x2600,4860,0.000093597130
0x2601,4860,0.000093597130
0x2602,4860,0.000093597130
0x2603,4860,0.000093597130
0x2604,4860,0.000093597130
0x2605,4860,0.000093597130
0x2608,4860,0.000093597130
0x2609,4860,0.000093597130
0x260a,4860,0.000093597130
0x260b,4860,0.000093597130
0x260c,4860,0.000093597130
0x260e,4860,0.000093597130
0x2611,4860,0.000093597130
0x2612,4860,0.000093597130
0x2613,4860,0.000093597130
0x2616,4860,0.000093597130
0x2617,4860,0.000093597130
0x261a,2684,0.000051690267
0x261d,2684,0.000051690267
0x261e,2684,0.000051690267
0x2620,2684,0.000051690267
0x2621,2684,0.000051690267
0x2624,2684,0.000051690267
0x2625,2684,0.000051690267
0x2626,2684,0.000051690267
0x2628,2684,0.000051690267
0x2629,2684,0.000051690267
0x262b,2684,0.000051690267
0x262c,2684,0.000051690267
0x262e,2684,0.000051690267
0x262f,2684,0.000051690267
0x2630,2684,0.000051690267
0x2631,2684,0.000051690267
0x2633,2684,0.000051690267
0x2634,2684,0.000051690267
0x2635,2684,0.000051690267
0x2638,2684,0.000051690267
0x2639,4860,0.000093597130
0x263c,4860,0.000093597130
0x263f,4860,0.000093597130
0x2642,4860,0.000093597130
0x2643,4860,0.000093597130
0x2646,2430,0.000046798565
0x2649,2430,0.000046798565
0x2650,2176,0.000041906863
0x2651,2176,0.000041906863
0x2654,2176,0.000041906863
0x2655,2176,0.000041906863
0x2656,2176,0.000041906863
0x2658,2176,0.000041906863
0x2659,2176,0.000041906863
0x265b,2176,0.000041906863
0x265c,2176,0.000041906863
0x265e,2176,0.000041906863
0x2661,2176,0.000041906863
0x2662,2176,0.000041906863
0x2668,2430,0.000046798565
0x266b,2430,0.000046798565
0x266c,2430,0.000046798565
0x266d,2430,0.000046798565
0x2670,2430,0.000046798565
0x2672,2430,0.000046798565
0x2676,2430,0.000046798565
0x2678,2430,0.000046798565
0x267c,2430,0.000046798565
0x267f,2430,0.000046798565
0x2681,2430,0.000046798565
0x2684,2430,0.000046798565
0x2685,2430,0.000046798565
0x2688,2430,0.000046798565
0x268a,2430,0.000046798565
0x268b,2430,0.000046798565
0x268d,2430,0.000046798565
0x268e,2430,0.000046798565
0x268f,2430,0.000046798565
0x2692,2423,0.000046663754
0x2693,2430,0.000046798565
0x2694,2430,0.000046798565
0x2697,2430,0.000046798565
0x2699,2430,0.000046798565
0x269c,678,0.000013057377
0x269d,2430,0.000046798565
0x269f,2430,0.000046798565
0x26a2,306,0.000005893153
0x26a3,2430,0.000046798565
0x26a4,2430,0.000046798565
0x26a7,2430,0.000046798565
0x26aa,2430,0.000046798565
0x26ad,2430,0.000046798565
0x26ae,2430,0.000046798565
0x26af,2430,0.000046798565
0x26b0,2430,0.000046798565
0x26b1,424,0.000008165676
0x26b2,424,0.000008165676
0x26b4,424,0.000008165676
0x26b5,424,0.000008165676
0x26b7,424,0.000008165676
0x26b8,424,0.000008165676
0x26ba,424,0.000008165676
0x26bb,69,0.000001328848
0x26bc,69,0.000001328848
0x26bd,69,0.000001328848
0x26be,69,0.000001328848
0x26bf,69,0.000001328848
0x26c2,69,0.000001328848
0x26c4,69,0.000001328848
0x26c6,69,0.000001328848
0x26c7,69,0.000001328848
0x26c8,69,0.000001328848
0x26ca,69,0.000001328848
0x26cb,69,0.000001328848
0x26cc,69,0.000001328848
0x26d0,2430,0.000046798565
0x26d3,2430,0.000046798565
0x26d6,2430,0.000046798565
0x26d9,19440,0.000374388520
0x26da,19440,0.000374388520
0x26db,19440,0.000374388520
0x26de,12267,0.000236246090
0x26df,12267,0.000236246090
0x26e0,12267,0.000236246090
0x26e3,2238,0.000043100901
0x26e4,12267,0.000236246090
0x26e5,19440,0.000374388520
0x26e6,19440,0.000374388520
0x26e7,19440,0.000374388520
0x26e8,19440,0.000374388520
0x26e9,19440,0.000374388520
0x26eb,19440,0.000374388520
0x26ee,2430,0.000046798565
0x26f1,2430,0.000046798565
0x26f2,2430,0.000046798565
0x26f3,2430,0.000046798565
0x26f5,2430,0.000046798565
0x26f8,2430,0.000046798565
0x26f9,2430,0.000046798565
0x26fa,2430,0.000046798565
0x26fd,2430,0.000046798565
0x2700,10074,0.000194011829
0x2703,10074,0.000194011829
0x2704,10074,0.000194011829
0x2705,10074,0.000194011829
0x2706,10073,0.000193992570
0x2707,10073,0.000193992570
0x2708,10073,0.000193992570
0x270a,10073,0.000193992570
0x270b,10073,0.000193992570
0x270c,10073,0.000193992570
0x270e,10073,0.000193992570
0x270f,10073,0.000193992570
0x2711,10073,0.000193992570
0x2714,10073,0.000193992570
0x2717,40292,0.000775970281
0x271a,40292,0.000775970281
0x271b,40292,0.000775970281
0x271c,40292,0.000775970281
0x271d,40292,0.000775970281
0x271e,40292,0.000775970281
0x2720,40292,0.000775970281
0x2723,10073,0.000193992570
0x2725,10073,0.000193992570
0x2728,10073,0.000193992570
0x272a,10073,0.000193992570
0x2739,10073,0.000193992570
0x273c,10073,0.000193992570
0x273d,10073,0.000193992570
0x2740,10073,0.000193992570
0x2743,10073,0.000193992570
0x2748,40292,0.000775970281
0x2749,40292,0.000775970281
0x274a,40292,0.000775970281
0x274c,40292,0.000775970281
0x274d,111,0.000002137712
0x274e,111,0.000002137712
0x274f,111,0.000002137712
0x2750,55,0.000001059227
0x2751,55,0.000001059227
0x2752,55,0.000001059227
0x2753,55,0.000001059227
0x2754,55,0.000001059227
0x2755,55,0.000001059227
0x2757,55,0.000001059227
0x2758,55,0.000001059227
0x2759,55,0.000001059227
0x275b,55,0.000001059227
0x275c,55,0.000001059227
0x275f,55,0.000001059227
0x2760,55,0.000001059227
0x2761,55,0.000001059227
0x2764,55,0.000001059227
0x2768,55,0.000001059227
0x2769,55,0.000001059227
0x276c,55,0.000001059227
0x276e,55,0.000001059227
0x2771,55,0.000001059227
0x2772,55,0.000001059227
0x2778,55,0.000001059227
0x277b,55,0.000001059227
0x277c,55,0.000001059227
0x277f,55,0.000001059227
0x2780,55,0.000001059227
0x2781,55,0.000001059227
0x2782,55,0.000001059227
0x2783,55,0.000001059227
0x2784,55,0.000001059227
0x2785,55,0.000001059227
0x2786,55,0.000001059227
0x2789,55,0.000001059227
0x278a,1,0.000000019259
0x278d,1,0.000000019259
0x278f,1,0.000000019259
0x2790,1,0.000000019259
0x2791,1,0.000000019259
0x2794,1,0.000000019259
0x2796,1,0.000000019259
0x2799,1,0.000000019259
0x279b,1,0.000000019259
0x279c,1,0.000000019259
0x279e,1,0.000000019259
0x279f,1,0.000000019259
0x27a0,1,0.000000019259
0x27a1,1,0.000000019259
0x27a2,1,0.000000019259
0x27a3,1,0.000000019259
0x27a4,1,0.000000019259
0x27a8,10073,0.000193992570
0x27ab,10073,0.000193992570
0x27ac,10073,0.000193992570
0x27af,10073,0.000193992570
0x27b0,10073,0.000193992570
0x27b1,10073,0.000193992570
0x27b4,10073,0.000193992570
0x27b6,10073,0.000193992570
0x27b7,10073,0.000193992570
0x27b8,10073,0.000193992570
0x27ba,10073,0.000193992570
0x27bd,9689,0.000186597241
0x27c0,9689,0.000186597241
0x27c1,9689,0.000186597241
0x27c2,9689,0.000186597241
0x27c5,9625,0.000185364687
0x27c7,9625,0.000185364687
0x27c8,9625,0.000185364687
0x27c9,9625,0.000185364687
0x27ca,6482,0.000124834691
0x27cc,6482,0.000124834691
0x27cf,6159,0.000118614141
0x27d0,6159,0.000118614141
0x27d2,6159,0.000118614141
0x27d3,6159,0.000118614141
0x27d5,6159,0.000118614141
0x27d6,6159,0.000118614141
0x27d8,323,0.000006220550
0x27da,323,0.000006220550
0x27dc,323,0.000006220550
0x27dd,323,0.000006220550
0x27df,323,0.000006220550
0x27e0,323,0.000006220550
0x27e2,64,0.000001232555
0x27e4,64,0.000001232555
0x27e9,64,0.000001232555
0x27ea,64,0.000001232555
0x27ec,64,0.000001232555
0x27ee,64,0.000001232555
0x3000,3638,0.000070063037
0x3003,3638,0.000070063037
0x3004,3638,0.000070063037
0x3005,3638,0.000070063037
0x3007,3638,0.000070063037
0x300a,3638,0.000070063037
0x300b,3638,0.000070063037
0x300c,3638,0.000070063037
0x300d,3638,0.000070063037
0x300e,3638,0.000070063037
0x300f,3638,0.000070063037
0x3010,3638,0.000070063037
0x3011,3638,0.000070063037
0x3012,451,0.000008685660
0x3028,460,0.000008858988
0x302b,460,0.000008858988
0x302c,460,0.000008858988
0x302e,460,0.000008858988
0x302f,460,0.000008858988
0x3031,460,0.000008858988
0x3032,460,0.000008858988
0x3034,460,0.000008858988
0x3035,381,0.000007337553
0x3037,381,0.000007337553
0x3038,381,0.000007337553
0x3039,381,0.000007337553
0x303c,364,0.000007010155
0x303d,364,0.000007010155
0x303e,5,0.000000096293
0x303f,5,0.000000096293
0x3040,5,0.000000096293
0x3042,5,0.000000096293
0x3044,5,0.000000096293
0x3046,5,0.000000096293
0x3048,5,0.000000096293
0x3049,5,0.000000096293
0x304b,5,0.000000096293
0x304d,5,0.000000096293
0x304f,5,0.000000096293
0x3050,5,0.000000096293
0x3052,5,0.000000096293
0x3055,5,0.000000096293
0x3056,5,0.000000096293
0x3057,4,0.000000077035
0x3059,4,0.000000077035
0x305c,17,0.000000327397
0x305f,17,0.000000327397
0x3062,17,0.000000327397
0x3063,17,0.000000327397
0x3064,17,0.000000327397
0x3065,17,0.000000327397
0x3066,17,0.000000327397
0x3067,17,0.000000327397
0x3068,17,0.000000327397
0x306a,17,0.000000327397
0x306c,17,0.000000327397
0x306d,17,0.000000327397
0x3074,85,0.000001636987
0x3077,85,0.000001636987
0x3078,85,0.000001636987
0x3079,85,0.000001636987
0x307a,85,0.000001636987
0x307c,85,0.000001636987
0x307d,85,0.000001636987
0x307f,85,0.000001636987
0x3080,85,0.000001636987
0x3081,85,0.000001636987
0x3082,85,0.000001636987
0x3084,85,0.000001636987
0x3089,85,0.000001636987
0x308a,85,0.000001636987
0x308b,85,0.000001636987
0x308c,85,0.000001636987
0x308d,85,0.000001636987
0x308f,85,0.000001636987
0x3090,85,0.000001636987
0x3092,85,0.000001636987
0x3093,85,0.000001636987
0x3094,85,0.000001636987
0x3095,85,0.000001636987
0x3098,85,0.000001636987
0x309a,85,0.000001636987
0x309d,5,0.000000096293
0x309f,85,0.000001636987
0x30a0,85,0.000001636987
0x30a1,85,0.000001636987
0x30a4,85,0.000001636987
0x30a6,85,0.000001636987
0x30a7,85,0.000001636987
0x30a8,85,0.000001636987
0x30aa,6938,0.000133616644
0x30ad,6938,0.000133616644
0x30ae,6938,0.000133616644
0x30af,6938,0.000133616644
0x30b0,6938,0.000133616644
0x30b1,6938,0.000133616644
0x30b3,6938,0.000133616644
0x30b5,6938,0.000133616644
0x30b6,6938,0.000133616644
0x30b8,6938,0.000133616644
0x30ba,455,0.000008762694
0x30bd,455,0.000008762694
0x30c0,455,0.000008762694
0x30c3,455,0.000008762694
0x30c6,455,0.000008762694
0x30c8,455,0.000008762694
0x30c9,455,0.000008762694
0x30ca,455,0.000008762694
0x30cb,296,0.000005700566
0x30cd,296,0.000005700566
0x30ce,296,0.000005700566
0x30cf,296,0.000005700566
0x30d2,228,0.000004390976
0x30d3,228,0.000004390976
0x30d4,59,0.000001136261
0x30d6,59,0.000001136261
0x30d8,59,0.000001136261
0x30da,1365,0.000026288083
0x30db,1365,0.000026288083
0x30dc,1365,0.000026288083
0x30dd,1365,0.000026288083
0x30de,648,0.000012479617
0x30df,648,0.000012479617
0x30e4,68,0.000001309589
0x30e7,68,0.000001309589
0x30ea,68,0.000001309589
0x30eb,68,0.000001309589
0x30ed,68,0.000001309589
0x30f2,68,0.000001309589
0x30f3,68,0.000001309589
0x30f5,68,0.000001309589
0x30f6,68,0.000001309589
0x30f7,68,0.000001309589
0x30f8,68,0.000001309589
0x30fa,68,0.000001309589
0x30fc,68,0.000001309589
0x30ff,68,0.000001309589
0x3102,68,0.000001309589
0x3105,68,0.000001309589
0x3106,68,0.000001309589
0x3107,68,0.000001309589
0x3108,68,0.000001309589
0x310a,68,0.000001309589
0x310c,68,0.000001309589
0x310e,68,0.000001309589
0x310f,68,0.000001309589
0x3112,204,0.000003928768
0x3113,204,0.000003928768
0x3114,204,0.000003928768
0x3115,204,0.000003928768
0x3116,124,0.000002388075
0x3117,124,0.000002388075
0x3118,124,0.000002388075
0x311a,124,0.000002388075
0x311b,124,0.000002388075
0x311c,124,0.000002388075
0x311d,124,0.000002388075
0x311e,68,0.000001309589
0x311f,68,0.000001309589
0x3121,68,0.000001309589
0x3124,455,0.000008762694
0x3127,455,0.000008762694
0x3128,455,0.000008762694
0x312a,455,0.000008762694
0x312b,59,0.000001136261
0x312d,59,0.000001136261
0x312f,59,0.000001136261
0x3130,59,0.000001136261
0x3131,59,0.000001136261
0x3132,59,0.000001136261
0x3134,59,0.000001136261
0x3136,59,0.000001136261
0x3138,59,0.000001136261
0x313d,59,0.000001136261
0x313f,59,0.000001136261
0x3140,59,0.000001136261
0x3141,59,0.000001136261
0x3144,59,0.000001136261
0x3145,59,0.000001136261
0x3146,59,0.000001136261
0x3149,43,0.000000828123
0x314b,59,0.000001136261
0x314d,59,0.000001136261
0x314e,59,0.000001136261
0x315a,455,0.000008762694
0x315d,455,0.000008762694
0x315e,455,0.000008762694
0x3160,455,0.000008762694
0x3161,134,0.000002580662
0x3164,134,0.000002580662
0x3165,134,0.000002580662
0x3166,134,0.000002580662
0x3167,134,0.000002580662
0x3169,134,0.000002580662
0x316a,134,0.000002580662
0x316c,134,0.000002580662
0x316d,134,0.000002580662
0x316e,134,0.000002580662
0x316f,134,0.000002580662
0x3171,134,0.000002580662
0x3172,134,0.000002580662
0x3174,134,0.000002580662
0x3176,134,0.000002580662
0x3177,134,0.000002580662
0x3178,134,0.000002580662
0x3179,1338,0.000025768099
0x317c,1279,0.000024631837
0x317d,1279,0.000024631837
0x317e,1279,0.000024631837
0x317f,1279,0.000024631837
0x3180,1279,0.000024631837
0x3181,1279,0.000024631837
0x3182,1279,0.000024631837
0x3183,1279,0.000024631837
0x3186,80,0.000001540693
0x3188,80,0.000001540693
0x318a,1279,0.000024631837
0x318b,1279,0.000024631837
0x318e,75,0.000001444400
0x3192,1338,0.000025768099
0x3193,1338,0.000025768099
0x3195,1338,0.000025768099
0x3196,975,0.000018777202
0x3199,975,0.000018777202
0x319a,975,0.000018777202
0x319b,59,0.000001136261
0x319e,59,0.000001136261
0x319f,59,0.000001136261
0x31a0,59,0.000001136261
0x31a1,59,0.000001136261
0x31a2,59,0.000001136261
0x31a3,59,0.000001136261
0x31a4,59,0.000001136261
0x31a7,59,0.000001136261
0x31a9,59,0.000001136261
0x31ac,59,0.000001136261
0x31ad,59,0.000001136261
0x31b4,451,0.000008685660
0x31b7,451,0.000008685660
0x31b9,451,0.000008685660
0x31ba,57,0.000001097744
0x31bd,57,0.000001097744
0x31bf,57,0.000001097744
0x31c0,57,0.000001097744
0x31c2,57,0.000001097744
0x31c3,57,0.000001097744
0x31c5,57,0.000001097744
0x31c6,57,0.000001097744
0x31c7,57,0.000001097744
0x31c8,57,0.000001097744
0x31cb,57,0.000001097744
0x31cd,57,0.000001097744
0x31ce,57,0.000001097744
0x31d1,27,0.000000519984
0x31d2,27,0.000000519984
0x31d3,27,0.000000519984
0x31d4,27,0.000000519984
0x31d6,57,0.000001097744
0x31d7,57,0.000001097744
0x31d8,57,0.000001097744
0x31d9,57,0.000001097744
0x31da,57,0.000001097744
0x31dc,57,0.000001097744
0x31de,57,0.000001097744
0x31df,57,0.000001097744
0x31e1,57,0.000001097744
0x31e2,57,0.000001097744
0x31e3,57,0.000001097744
0x31e4,57,0.000001097744
0x31e5,57,0.000001097744
0x31e6,57,0.000001097744
0x31e7,57,0.000001097744
0x31e8,57,0.000001097744
0x31e9,57,0.000001097744
0x31ec,57,0.000001097744
0x31ed,57,0.000001097744
0x31f0,57,0.000001097744
0x31f1,57,0.000001097744
0x31f2,57,0.000001097744
0x31f4,57,0.000001097744
0x31f5,57,0.000001097744
0x31f7,57,0.000001097744
0x31f8,57,0.000001097744
0x31fb,57,0.000001097744
0x31fd,57,0.000001097744
0x31fe,57,0.000001097744
0x31ff,57,0.000001097744
0x3201,57,0.000001097744
0x3202,57,0.000001097744
0x3203,57,0.000001097744
0x3204,57,0.000001097744
0x3207,57,0.000001097744
0x3209,57,0.000001097744
0x320a,57,0.000001097744
0x320b,57,0.000001097744
0x320c,57,0.000001097744
0x320d,57,0.000001097744
0x3210,57,0.000001097744
0x3213,57,0.000001097744
0x3215,57,0.000001097744
0x3216,46,0.000000885899
0x3217,46,0.000000885899
0x3219,46,0.000000885899
0x321b,46,0.000000885899
0x321c,2,0.000000038517
0x321e,2,0.000000038517
0x3220,2,0.000000038517
0x322c,451,0.000008685660
0x322f,451,0.000008685660
0x3231,451,0.000008685660
0x3232,84,0.000001617728
0x3235,84,0.000001617728
0x3238,84,0.000001617728
0x323b,84,0.000001617728
0x323c,84,0.000001617728
0x323f,84,0.000001617728
0x3240,937,0.000018045373
0x3241,937,0.000018045373
0x3243,937,0.000018045373
0x3246,492,0.000009475265
0x3247,492,0.000009475265
0x3248,492,0.000009475265
0x3249,413,0.000007953830
0x324a,413,0.000007953830
0x324b,413,0.000007953830
0x324c,413,0.000007953830
0x324d,413,0.000007953830
0x324e,858,0.000016523938
0x324f,858,0.000016523938
0x3250,858,0.000016523938
0x3251,858,0.000016523938
0x3253,858,0.000016523938
0x3254,858,0.000016523938
0x3256,858,0.000016523938
0x3259,5,0.000000096293
0x325b,5,0.000000096293
0x325e,5,0.000000096293
0x3264,460,0.000008858988
0x3267,460,0.000008858988
0x3268,460,0.000008858988
0x326b,460,0.000008858988
0x326c,460,0.000008858988
0x326e,460,0.000008858988
0x326f,460,0.000008858988
0x3271,460,0.000008858988
0x3272,460,0.000008858988
0x3274,460,0.000008858988
0x3275,62,0.000001194037
0x3277,62,0.000001194037
0x3279,62,0.000001194037
0x327a,62,0.000001194037
0x327b,62,0.000001194037
0x327c,62,0.000001194037
0x327e,62,0.000001194037
0x3281,62,0.000001194037
0x3282,62,0.000001194037
0x3285,62,0.000001194037
0x3286,62,0.000001194037
0x3287,62,0.000001194037
0x3289,62,0.000001194037
0x328a,62,0.000001194037
0x328b,62,0.000001194037
0x328d,62,0.000001194037
0x328e,62,0.000001194037
0x328f,162,0.000003119904
0x3290,162,0.000003119904
0x3291,162,0.000003119904
0x3292,162,0.000003119904
0x3295,152,0.000002927318
0x3296,152,0.000002927318
0x3297,152,0.000002927318
0x329a,138,0.000002657696
0x329b,138,0.000002657696
0x329e,138,0.000002657696
0x329f,138,0.000002657696
0x32a0,138,0.000002657696
0x32a3,138,0.000002657696
0x32a4,162,0.000003119904
0x32a5,162,0.000003119904
0x32a6,162,0.000003119904
0x32a9,5,0.000000096293
0x32ab,162,0.000003119904
0x32ac,162,0.000003119904
0x32af,62,0.000001194037
0x32b0,43,0.000000828123
0x32b3,43,0.000000828123
0x32b5,43,0.000000828123
0x32b8,43,0.000000828123
0x32ba,43,0.000000828123
0x32bc,43,0.000000828123
0x32bf,43,0.000000828123
0x32c2,43,0.000000828123
0x32c3,43,0.000000828123
0x32c4,13,0.000000250363
0x32c5,13,0.000000250363
0x32c6,13,0.000000250363
0x32c7,13,0.000000250363
0x32c8,13,0.000000250363
0x32cb,13,0.000000250363
0x32cd,13,0.000000250363
0x32d0,13,0.000000250363
0x32d2,13,0.000000250363
0x32d4,13,0.000000250363
0x32d6,13,0.000000250363
0x32d7,13,0.000000250363
0x32d9,13,0.000000250363
0x32da,13,0.000000250363
0x32dc,13,0.000000250363
0x32dd,13,0.000000250363
0x32de,13,0.000000250363
0x32e1,13,0.000000250363
0x32e2,13,0.000000250363
0x32e3,13,0.000000250363
0x32e6,2,0.000000038517
0x32e7,2,0.000000038517
0x32e9,2,0.000000038517
0x32ea,2,0.000000038517
0x3400,4860,0.000093597130
0x3403,4860,0.000093597130
0x3406,4860,0.000093597130
0x3409,4860,0.000093597130
0x340c,4860,0.000093597130
0x340f,4860,0.000093597130
0x3412,4860,0.000093597130
0x3413,4860,0.000093597130
0x3416,4477,0.000086221060
0x3418,4477,0.000086221060
0x341b,975,0.000018777202
0x341e,975,0.000018777202
0x3421,975,0.000018777202
0x3424,975,0.000018777202
0x3427,975,0.000018777202
0x342a,975,0.000018777202
0x342d,975,0.000018777202
0x342e,975,0.000018777202
0x3431,488,0.000009398230
0x3434,488,0.000009398230
0x3438,3502,0.000067443858
0x343b,3502,0.000067443858
0x343c,3502,0.000067443858
0x343f,1750,0.000033702670
0x3442,1750,0.000033702670
0x3445,1750,0.000033702670
0x3448,1750,0.000033702670
0x344b,1750,0.000033702670
0x3452,1752,0.000033741188
0x3455,1752,0.000033741188
0x3458,1752,0.000033741188
0x345b,1752,0.000033741188
0x3462,383,0.000007376070
0x3465,383,0.000007376070
0x3466,383,0.000007376070
0x3467,192,0.000003697664
0x346a,192,0.000003697664
0x346d,192,0.000003697664
0x3474,2725,0.000052479872
0x3477,10900,0.000209919489
0x3478,10900,0.000209919489
0x347b,10900,0.000209919489
0x347c,10900,0.000209919489
0x347d,10900,0.000209919489
0x347f,10900,0.000209919489
0x3480,10900,0.000209919489
0x3482,10900,0.000209919489
0x3485,2725,0.000052479872
0x3486,2727,0.000052518390
0x3489,10908,0.000210073559
0x348a,10908,0.000210073559
0x348d,10908,0.000210073559
0x348e,10908,0.000210073559
0x348f,10908,0.000210073559
0x3491,10908,0.000210073559
0x3492,10908,0.000210073559
0x3494,10908,0.000210073559
0x3497,2727,0.000052518390
0x3498,2725,0.000052479872
0x349b,10900,0.000209919489
0x349c,10900,0.000209919489
0x349f,10900,0.000209919489
0x34a0,10900,0.000209919489
0x34a1,10900,0.000209919489
0x34a3,10900,0.000209919489
0x34a4,10900,0.000209919489
0x34a6,10900,0.000209919489
0x34a9,2725,0.000052479872
0x34aa,2727,0.000052518390
0x34ad,10908,0.000210073559
0x34ae,10908,0.000210073559
0x34b1,10908,0.000210073559
0x34b2,10908,0.000210073559
0x34b3,10908,0.000210073559
0x34b5,10908,0.000210073559
0x34b6,10908,0.000210073559
0x34b8,10908,0.000210073559
0x34bb,2727,0.000052518390
0x34c0,22512,0.000433551151
0x34c1,22512,0.000433551151
0x34c2,22512,0.000433551151
0x34c3,14101,0.000271566488
0x34c4,14101,0.000271566488
0x34c6,14101,0.000271566488
0x34c7,14101,0.000271566488
0x34c9,14101,0.000271566488
0x34ca,14101,0.000271566488
0x34cb,14101,0.000271566488
0x34cc,14101,0.000271566488
0x34cd,14101,0.000271566488
0x34ce,14101,0.000271566488
0x34cf,14101,0.000271566488
0x34d0,14101,0.000271566488
0x34d1,14101,0.000271566488
0x34d2,14101,0.000271566488
0x34d3,14101,0.000271566488
0x34d4,14101,0.000271566488
0x34d5,14101,0.000271566488
0x34d7,14101,0.000271566488
0x34d8,14101,0.000271566488
0x34da,14101,0.000271566488
0x34db,14101,0.000271566488
0x34dc,14101,0.000271566488
0x34dd,14101,0.000271566488
0x34de,14133,0.000272182765
0x34df,14133,0.000272182765
0x34e1,14133,0.000272182765
0x34e4,2452,0.000047222256
0x34e5,2452,0.000047222256
0x34e7,2452,0.000047222256
0x34ea,1073,0.000020664552
0x34ec,1073,0.000020664552
0x34ed,1073,0.000020664552
0x34ee,1073,0.000020664552
0x34f0,1073,0.000020664552
0x34f1,1073,0.000020664552
0x34f3,1073,0.000020664552
0x34f6,636,0.000012248513
0x34f8,636,0.000012248513
0x34f9,636,0.000012248513
0x34fa,636,0.000012248513
0x34fc,636,0.000012248513
0x34fd,636,0.000012248513
0x34ff,636,0.000012248513
0x3509,1073,0.000020664552
0x350a,1073,0.000020664552
0x350b,1073,0.000020664552
0x350c,14133,0.000272182765
0x350e,14133,0.000272182765
0x350f,14133,0.000272182765
0x3512,14133,0.000272182765
0x3513,14133,0.000272182765
0x3515,14133,0.000272182765
0x3516,14133,0.000272182765
0x3518,14133,0.000272182765
0x3519,14133,0.000272182765
0x3520,975,0.000018777202
0x3521,975,0.000018777202
0x3522,975,0.000018777202
0x3523,975,0.000018777202
0x3524,975,0.000018777202
0x3525,975,0.000018777202
0x3526,975,0.000018777202
0x3527,975,0.000018777202
0x3528,4487,0.000086413647
0x3529,4487,0.000086413647
0x352a,4487,0.000086413647
0x352b,4487,0.000086413647
0x352c,4487,0.000086413647
0x352d,4487,0.000086413647
0x352e,4487,0.000086413647
0x352f,4487,0.000086413647
0x3530,5556,0.000107001164
0x3531,5556,0.000107001164
0x3532,5556,0.000107001164
0x3533,5556,0.000107001164
0x3534,5556,0.000107001164
0x3535,5556,0.000107001164
0x3536,5556,0.000107001164
0x3537,5556,0.000107001164
0x3538,6467,0.000124545811
0x3539,6467,0.000124545811
0x353a,6467,0.000124545811
0x353b,6467,0.000124545811
0x353c,6467,0.000124545811
0x353d,6467,0.000124545811
0x353e,6467,0.000124545811
0x353f,6467,0.000124545811
0x3540,14052,0.000270622813
0x3541,14052,0.000270622813
0x3542,14052,0.000270622813
0x3543,14052,0.000270622813
0x3544,14052,0.000270622813
0x3545,14052,0.000270622813
0x3546,14052,0.000270622813
0x3547,14052,0.000270622813
0x3548,15205,0.000292828058
0x3549,15205,0.000292828058
0x354a,15205,0.000292828058
0x354b,15205,0.000292828058
0x354c,15205,0.000292828058
0x354d,15205,0.000292828058
0x354e,15205,0.000292828058
0x354f,15205,0.000292828058
0x3550,15329,0.000295216133
0x3551,15329,0.000295216133
0x3552,15329,0.000295216133
0x3553,15329,0.000295216133
0x3554,15329,0.000295216133
0x3555,15329,0.000295216133
0x3556,15329,0.000295216133
0x3557,15329,0.000295216133
0x3558,15329,0.000295216133
0x355a,15329,0.000295216133
0x355b,15329,0.000295216133
0x355d,15329,0.000295216133
0x3560,4477,0.000086221060
0x3563,4477,0.000086221060
0x3564,4477,0.000086221060
0x3565,4477,0.000086221060
0x3566,4477,0.000086221060
0x3567,4477,0.000086221060
0x3568,4477,0.000086221060
0x3569,4477,0.000086221060
0x356a,4477,0.000086221060
0x356d,4477,0.000086221060
0x3570,4477,0.000086221060
0x3572,4477,0.000086221060
0x3577,4477,0.000086221060
0x3579,4477,0.000086221060
0x357a,4477,0.000086221060
0x357b,4477,0.000086221060
0x357e,4477,0.000086221060
0x357f,4477,0.000086221060
0x3581,4477,0.000086221060
0x3584,3343,0.000064381730
0x3586,4477,0.000086221060
0x3587,4477,0.000086221060
0x3588,4477,0.000086221060
0x3589,4477,0.000086221060
0x358c,4477,0.000086221060
0x358d,4477,0.000086221060
0x358e,4477,0.000086221060
0x3590,4477,0.000086221060
0x3591,4477,0.000086221060
0x3593,4477,0.000086221060
0x3594,4477,0.000086221060
0x3596,4477,0.000086221060
0x3597,4477,0.000086221060
0x359a,4477,0.000086221060
0x359b,4477,0.000086221060
0x359c,4477,0.000086221060
0x359d,4477,0.000086221060
0x359f,4477,0.000086221060
0x35a2,4477,0.000086221060
0x35b0,21808,0.000419993048
0x35b1,21808,0.000419993048
0x35b2,21808,0.000419993048
0x35b3,13397,0.000258008385
0x35b4,13397,0.000258008385
0x35b5,13397,0.000258008385
0x35b6,13397,0.000258008385
0x35b7,13397,0.000258008385
0x35b8,13397,0.000258008385
0x35b9,13397,0.000258008385
0x35ba,13397,0.000258008385
0x35bd,12076,0.000232567684
0x35be,13397,0.000258008385
0x35bf,13397,0.000258008385
0x35c0,13397,0.000258008385
0x35c1,13397,0.000258008385
0x35c2,13397,0.000258008385
0x35c3,13397,0.000258008385
0x35c4,13397,0.000258008385
0x35c5,13397,0.000258008385
0x35c7,13397,0.000258008385
0x35c8,13397,0.000258008385
0x35c9,13397,0.000258008385
0x35ca,13397,0.000258008385
0x35cb,13397,0.000258008385
0x35cc,13397,0.000258008385
0x35cd,13397,0.000258008385
0x35ce,13397,0.000258008385
0x35cf,13397,0.000258008385
0x35d0,13397,0.000258008385
0x35d1,13397,0.000258008385
0x35d2,13397,0.000258008385
0x35d3,13397,0.000258008385
0x35d4,13397,0.000258008385
0x35d5,13397,0.000258008385
0x35d6,13397,0.000258008385
0x35d7,13397,0.000258008385
0x35d8,13397,0.000258008385
0x35d9,13397,0.000258008385
0x35da,13397,0.000258008385
0x35db,13397,0.000258008385
0x35e0,10334,0.000199019083
0x35e1,10334,0.000199019083
0x35e2,10334,0.000199019083
0x35e3,10334,0.000199019083
0x35e5,10334,0.000199019083
0x35e8,5275,0.000101589478
0x35e9,5275,0.000101589478
0x35ea,5275,0.000101589478
0x35eb,5275,0.000101589478
0x35ec,5275,0.000101589478
0x35ed,5275,0.000101589478
0x35ee,5275,0.000101589478
0x35ef,5275,0.000101589478
0x35f0,5275,0.000101589478
0x35f1,5275,0.000101589478
0x35f3,5275,0.000101589478
0x35f6,1527,0.000029407987
0x35f8,1527,0.000029407987
0x35f9,1527,0.000029407987
0x35fa,1527,0.000029407987
0x35fb,1527,0.000029407987
0x35fd,1527,0.000029407987
0x35fe,1527,0.000029407987
0x3601,196,0.000003774699
0x3602,196,0.000003774699
0x3603,196,0.000003774699
0x3604,1527,0.000029407987
0x3605,1527,0.000029407987
0x3606,1527,0.000029407987
0x3607,1527,0.000029407987
0x3608,1527,0.000029407987
0x3609,1527,0.000029407987
0x360a,1527,0.000029407987
0x360b,1527,0.000029407987
0x360c,1527,0.000029407987
0x360e,1527,0.000029407987
0x360f,1527,0.000029407987
0x3612,1406,0.000027077688
0x3613,1406,0.000027077688
0x3614,1406,0.000027077688
0x3615,1406,0.000027077688
0x3616,1406,0.000027077688
0x3618,1406,0.000027077688
0x3619,1406,0.000027077688
0x361a,1406,0.000027077688
0x361b,1406,0.000027077688
0x361c,948,0.000018257218
0x361f,948,0.000018257218
0x3620,948,0.000018257218
0x3621,948,0.000018257218
0x3622,347,0.000006682758
0x3623,347,0.000006682758
0x3624,347,0.000006682758
0x3628,5059,0.000097429605
0x362a,5059,0.000097429605
0x362d,4938,0.000095099306
0x362e,4938,0.000095099306
0x362f,4938,0.000095099306
0x3630,4938,0.000095099306
0x3631,4938,0.000095099306
0x3632,4938,0.000095099306
0x3633,4938,0.000095099306
0x3634,4938,0.000095099306
0x3635,4938,0.000095099306
0x3636,4938,0.000095099306
0x3637,4938,0.000095099306
0x363a,1531,0.000029485022
0x363c,1531,0.000029485022
0x363d,1531,0.000029485022
0x363e,1531,0.000029485022
0x363f,1531,0.000029485022
0x3641,1531,0.000029485022
0x3642,1531,0.000029485022
0x3645,200,0.000003851734
0x3646,200,0.000003851734
0x3647,200,0.000003851734
0x3648,1531,0.000029485022
0x3649,1531,0.000029485022
0x364a,1531,0.000029485022
0x364b,1531,0.000029485022
0x364c,1531,0.000029485022
0x364d,1531,0.000029485022
0x364e,1531,0.000029485022
0x364f,1531,0.000029485022
0x3650,1531,0.000029485022
0x3651,1531,0.000029485022
0x3652,1531,0.000029485022
0x3654,1531,0.000029485022
0x3655,1531,0.000029485022
0x3656,1531,0.000029485022
0x3657,1531,0.000029485022
0x365a,1140,0.000021954882
0x365d,1140,0.000021954882
0x365e,1140,0.000021954882
0x3661,328,0.000006316843
0x3662,328,0.000006316843
0x3663,1531,0.000029485022
0x3665,1531,0.000029485022
0x3666,1531,0.000029485022
0x366a,3748,0.000072181490
0x366b,3748,0.000072181490
0x366c,3748,0.000072181490
0x366d,131,0.000002522886
0x366e,131,0.000002522886
0x366f,131,0.000002522886
0x3670,131,0.000002522886
0x3671,131,0.000002522886
0x3672,121,0.000002330299
0x3673,121,0.000002330299
0x3674,121,0.000002330299
0x3675,121,0.000002330299
0x3676,121,0.000002330299
0x3679,121,0.000002330299
0x367b,121,0.000002330299
0x367c,121,0.000002330299
0x367f,121,0.000002330299
0x3680,121,0.000002330299
0x3683,121,0.000002330299
0x3684,121,0.000002330299
0x3686,121,0.000002330299
0x3689,121,0.000002330299
0x368a,121,0.000002330299
0x368b,121,0.000002330299
0x368d,121,0.000002330299
0x368e,97,0.000001868091
0x3690,97,0.000001868091
0x3691,78,0.000001502176
0x3692,78,0.000001502176
0x3695,3407,0.000065614284
0x3696,3407,0.000065614284
0x3697,3407,0.000065614284
0x3698,3407,0.000065614284
0x3699,3407,0.000065614284
0x369a,3407,0.000065614284
0x369b,3407,0.000065614284
0x369c,3407,0.000065614284
0x369d,92,0.000001771798
0x369e,92,0.000001771798
0x36a0,92,0.000001771798
0x36a1,92,0.000001771798
0x36a4,92,0.000001771798
0x36a6,92,0.000001771798
0x36a7,92,0.000001771798
0x36aa,86,0.000001656246
0x36ab,92,0.000001771798
0x36ae,92,0.000001771798
0x36b0,92,0.000001771798
0x36b3,92,0.000001771798
0x36b4,92,0.000001771798
0x36b6,92,0.000001771798
0x36b7,89,0.000001714022
0x36b9,89,0.000001714022
0x36ba,87,0.000001675504
0x36bb,87,0.000001675504
0x36c0,3063,0.000058989302
0x36c1,3063,0.000058989302
0x36c2,3063,0.000058989302
0x36c3,1531,0.000029485022
0x36c4,1531,0.000029485022
0x36c5,1531,0.000029485022
0x36c6,1531,0.000029485022
0x36c8,1531,0.000029485022
0x36c9,1531,0.000029485022
0x36cc,211,0.000004063579
0x36cd,211,0.000004063579
0x36ce,211,0.000004063579
0x36cf,211,0.000004063579
0x36d2,4071,0.000078402040
0x36d3,4071,0.000078402040
0x36d4,4071,0.000078402040
0x36d5,4071,0.000078402040
0x36d6,4071,0.000078402040
0x36d7,4071,0.000078402040
0x36d8,152,0.000002927318
0x36d9,152,0.000002927318
0x36da,152,0.000002927318
0x36db,152,0.000002927318
0x36dc,152,0.000002927318
0x36dd,152,0.000002927318
0x36de,152,0.000002927318
0x36e1,152,0.000002927318
0x36e3,152,0.000002927318
0x36e6,152,0.000002927318
0x36ea,4935,0.000095041530
0x36eb,4935,0.000095041530
0x36ec,4935,0.000095041530
0x36ed,4935,0.000095041530
0x36ee,4935,0.000095041530
0x36ef,4935,0.000095041530
0x36f0,1119,0.000021550450
0x36f1,1119,0.000021550450
0x36f2,1119,0.000021550450
0x36f3,1119,0.000021550450
0x36f5,1119,0.000021550450
0x36f6,77,0.000001482917
0x36f7,77,0.000001482917
0x36f8,77,0.000001482917
0x36f9,77,0.000001482917
0x36fa,77,0.000001482917
0x36fb,77,0.000001482917
0x36fc,77,0.000001482917
0x36fd,77,0.000001482917
0x36fe,77,0.000001482917
0x3701,77,0.000001482917
0x3703,77,0.000001482917
0x3706,77,0.000001482917
0x370a,4180,0.000080501235
0x370b,4180,0.000080501235
0x370c,4180,0.000080501235
0x370d,4180,0.000080501235
0x370e,4180,0.000080501235
0x370f,4180,0.000080501235
0x3710,360,0.000006933121
0x3711,360,0.000006933121
0x3712,360,0.000006933121
0x3713,360,0.000006933121
0x3715,360,0.000006933121
0x3716,118,0.000002272523
0x3717,118,0.000002272523
0x3718,118,0.000002272523
0x3719,118,0.000002272523
0x371a,118,0.000002272523
0x371b,118,0.000002272523
0x371c,118,0.000002272523
0x371d,118,0.000002272523
0x371e,118,0.000002272523
0x3721,118,0.000002272523
0x3723,118,0.000002272523
0x3726,118,0.000002272523
0x3729,118,0.000002272523
0x372a,118,0.000002272523
0x372c,118,0.000002272523
0x372d,57,0.000001097744
0x372e,57,0.000001097744
0x3730,57,0.000001097744
0x3731,57,0.000001097744
0x3732,57,0.000001097744
0x3733,57,0.000001097744
0x3734,57,0.000001097744
0x3735,57,0.000001097744
0x3736,57,0.000001097744
0x3739,57,0.000001097744
0x373b,57,0.000001097744
0x373e,57,0.000001097744
0x3744,121,0.000002330299
0x3746,121,0.000002330299
0x3747,121,0.000002330299
0x3748,121,0.000002330299
0x3749,121,0.000002330299
0x374a,121,0.000002330299
0x374c,121,0.000002330299
0x374d,121,0.000002330299
0x374e,121,0.000002330299
0x3750,121,0.000002330299
0x3751,121,0.000002330299
0x3752,17,0.000000327397
0x3753,17,0.000000327397
0x3754,17,0.000000327397
0x3758,19326,0.000372193032
0x3759,19326,0.000372193032
0x375a,19326,0.000372193032
0x375b,256,0.000004930219
0x375c,256,0.000004930219
0x375f,240,0.000004622080
0x3760,240,0.000004622080
0x3761,240,0.000004622080
0x3764,128,0.000002465110
0x3766,128,0.000002465110
0x3767,128,0.000002465110
0x3769,128,0.000002465110
0x376a,128,0.000002465110
0x376b,128,0.000002465110
0x376c,128,0.000002465110
0x376d,128,0.000002465110
0x376e,128,0.000002465110
0x376f,128,0.000002465110
0x3770,128,0.000002465110
0x3771,128,0.000002465110
0x3772,128,0.000002465110
0x3773,128,0.000002465110
0x3774,128,0.000002465110
0x3777,128,0.000002465110
0x377a,128,0.000002465110
0x377b,128,0.000002465110
0x377c,128,0.000002465110
0x377d,128,0.000002465110
0x377e,128,0.000002465110
0x3780,128,0.000002465110
0x3781,128,0.000002465110
0x3782,128,0.000002465110
0x3783,128,0.000002465110
0x3786,128,0.000002465110
0x3787,128,0.000002465110
0x3788,112,0.000002156971
0x3789,112,0.000002156971
0x378c,112,0.000002156971
0x378e,112,0.000002156971
0x378f,112,0.000002156971
0x3791,112,0.000002156971
0x3792,112,0.000002156971
0x3796,128,0.000002465110
0x3798,128,0.000002465110
0x3799,128,0.000002465110
0x379b,128,0.000002465110
0x379e,48,0.000000924416
0x379f,128,0.000002465110
0x37a0,128,0.000002465110
0x37a1,128,0.000002465110
0x37a4,128,0.000002465110
0x37a5,128,0.000002465110
0x37a6,89,0.000001714022
0x37a7,89,0.000001714022
0x37aa,89,0.000001714022
0x37b0,112,0.000002156971
0x37b1,112,0.000002156971
0x37b2,112,0.000002156971
0x37b3,112,0.000002156971
0x37b4,112,0.000002156971
0x37b5,112,0.000002156971
0x37b6,112,0.000002156971
0x37b7,112,0.000002156971
0x37b8,112,0.000002156971
0x37b9,112,0.000002156971
0x37ba,112,0.000002156971
0x37bb,112,0.000002156971
0x37be,112,0.000002156971
0x37c0,112,0.000002156971
0x37c1,112,0.000002156971
0x37c4,112,0.000002156971
0x37c6,112,0.000002156971
0x37cc,16,0.000000308139
0x37cd,16,0.000000308139
0x37ce,16,0.000000308139
0x37cf,16,0.000000308139
0x37d0,16,0.000000308139
0x37d2,16,0.000000308139
0x37d4,16,0.000000308139
0x37d5,16,0.000000308139
0x37d7,16,0.000000308139
0x37da,16,0.000000308139
0x37dd,416,0.000008011606
0x37de,416,0.000008011606
0x37df,416,0.000008011606
0x37e0,416,0.000008011606
0x37e1,416,0.000008011606
0x37e2,416,0.000008011606
0x37e5,16,0.000000308139
0x3800,10290,0.000198171701
0x3803,10290,0.000198171701
0x3805,10290,0.000198171701
0x3806,5212,0.000100376182
0x3809,5212,0.000100376182
0x380b,5212,0.000100376182
0x380c,5212,0.000100376182
0x380f,5212,0.000100376182
0x3810,5212,0.000100376182
0x3813,5212,0.000100376182
0x3815,5212,0.000100376182
0x3816,5212,0.000100376182
0x3819,5212,0.000100376182
0x381a,5212,0.000100376182
0x381b,5212,0.000100376182
0x381d,5212,0.000100376182
0x381e,5212,0.000100376182
0x381f,5212,0.000100376182
0x3820,5212,0.000100376182
0x3822,5212,0.000100376182
0x3823,75,0.000001444400
0x3824,75,0.000001444400
0x3827,75,0.000001444400
0x3829,75,0.000001444400
0x382b,75,0.000001444400
0x382c,75,0.000001444400
0x382e,75,0.000001444400
0x382f,75,0.000001444400
0x3830,75,0.000001444400
0x3832,75,0.000001444400
0x3833,75,0.000001444400
0x3834,75,0.000001444400
0x3835,75,0.000001444400
0x3837,75,0.000001444400
0x3838,75,0.000001444400
0x3839,75,0.000001444400
0x383b,75,0.000001444400
0x383c,75,0.000001444400
0x383e,75,0.000001444400
0x3841,47,0.000000905157
0x3844,56,0.000001078485
0x3846,56,0.000001078485
0x3847,56,0.000001078485
0x3849,56,0.000001078485
0x384a,56,0.000001078485
0x384b,56,0.000001078485
0x384c,28,0.000000539243
0x384f,28,0.000000539243
0x3850,28,0.000000539243
0x3851,28,0.000000539243
0x3853,28,0.000000539243
0x3854,28,0.000000539243
0x3855,28,0.000000539243
0x3856,28,0.000000539243
0x3857,28,0.000000539243
0x3858,28,0.000000539243
0x3859,28,0.000000539243
0x385c,28,0.000000539243
0x385d,28,0.000000539243
0x385f,28,0.000000539243
0x3862,13,0.000000250363
0x3863,13,0.000000250363
0x3865,13,0.000000250363
0x3868,13,0.000000250363
0x386b,13,0.000000250363
0x386e,13,0.000000250363
0x386f,13,0.000000250363
0x3871,13,0.000000250363
0x3874,6,0.000000115552
0x3875,6,0.000000115552
0x3876,6,0.000000115552
0x3878,6,0.000000115552
0x387a,6,0.000000115552
0x387b,6,0.000000115552
0x387c,6,0.000000115552
0x387e,6,0.000000115552
0x3881,6,0.000000115552
0x3882,6,0.000000115552
0x3883,6,0.000000115552
0x3884,6,0.000000115552
0x3885,6,0.000000115552
0x3887,6,0.000000115552
0x388a,5,0.000000096293
0x388b,5,0.000000096293
0x388c,5,0.000000096293
0x388d,5,0.000000096293
0x3894,15,0.000000288880
0x3897,15,0.000000288880
0x3899,15,0.000000288880
0x389c,15,0.000000288880
0x38a1,32,0.000000616277
0x38a2,32,0.000000616277
0x38a4,32,0.000000616277
0x38a5,32,0.000000616277
0x38a6,32,0.000000616277
0x38a7,32,0.000000616277
0x38a8,32,0.000000616277
0x38a9,32,0.000000616277
0x38ac,32,0.000000616277
0x38ae,32,0.000000616277
0x38af,32,0.000000616277
0x38b1,32,0.000000616277
0x38b4,32,0.000000616277
0x38b5,32,0.000000616277
0x38bc,41,0.000000789605
0x38be,41,0.000000789605
0x38bf,41,0.000000789605
0x38c1,41,0.000000789605
0x38c2,41,0.000000789605
0x38c3,41,0.000000789605
0x38c4,4,0.000000077035
0x38c7,4,0.000000077035
0x38c8,4,0.000000077035
0x38ca,4,0.000000077035
0x38cd,4,0.000000077035
0x38cf,4,0.000000077035
0x38d2,2,0.000000038517
0x38d3,2,0.000000038517
0x38d4,2,0.000000038517
0x38d5,2,0.000000038517
0x38d7,2,0.000000038517
0x38d8,2,0.000000038517
0x38db,2,0.000000038517
0x38dc,2,0.000000038517
0x38dd,2,0.000000038517
0x38de,2,0.000000038517
0x38df,2,0.000000038517
0x38e1,2,0.000000038517
0x38e2,2,0.000000038517
0x38e4,2,0.000000038517
0x38e5,2,0.000000038517
0x38e7,2,0.000000038517
0x38e8,2,0.000000038517
0x38e9,4,0.000000077035
0x38eb,4,0.000000077035
0x38ee,4,0.000000077035
0x38f1,4,0.000000077035
0x38f8,19,0.000000365915
0x38fb,32,0.000000616277
0x38fc,32,0.000000616277
0x38fd,32,0.000000616277
0x3900,1,0.000000019259
0x3901,1,0.000000019259
0x3902,1,0.000000019259
0x3903,1,0.000000019259
0x3904,1,0.000000019259
0x3905,1,0.000000019259
0x3906,32,0.000000616277
0x3907,32,0.000000616277
0x3908,32,0.000000616277
0x3909,32,0.000000616277
0x390a,32,0.000000616277
0x390d,32,0.000000616277
0x390e,32,0.000000616277
0x390f,32,0.000000616277
0x3912,32,0.000000616277
0x3913,32,0.000000616277
0x3916,32,0.000000616277
0x3918,32,0.000000616277
0x391b,32,0.000000616277
0x391c,47,0.000000905157
0x391d,47,0.000000905157
0x391f,47,0.000000905157
0x3922,6,0.000000115552
0x3923,9689,0.000186597241
0x3930,2238,0.000043100901
0x3933,2238,0.000043100901
0x3935,2238,0.000043100901
0x3937,2238,0.000043100901
0x3938,2238,0.000043100901
0x393a,2238,0.000043100901
0x393b,2238,0.000043100901
0x393c,2238,0.000043100901
0x393d,2238,0.000043100901
0x393f,2238,0.000043100901
0x3942,1119,0.000021550450
0x3945,1119,0.000021550450
0x3946,1119,0.000021550450
0x3947,1119,0.000021550450
0x394a,1119,0.000021550450
0x394b,1119,0.000021550450
0x394c,7050,0.000135773615
0x394d,7050,0.000135773615
0x3950,6820,0.000131344121
0x3951,6820,0.000131344121
0x3952,6820,0.000131344121
0x3954,6820,0.000131344121
0x3955,6820,0.000131344121
0x3956,6820,0.000131344121
0x3959,889,0.000017120957
0x395c,7050,0.000135773615
0x395d,7050,0.000135773615
0x395f,7050,0.000135773615
0x3960,1816,0.000034973742
0x3961,1816,0.000034973742
0x3963,1816,0.000034973742
0x3964,1816,0.000034973742
0x3965,1816,0.000034973742
0x3966,1816,0.000034973742
0x3967,1405,0.000027058430
0x3968,1405,0.000027058430
0x3969,230,0.000004429494
0x396b,230,0.000004429494
0x396c,230,0.000004429494
0x396d,230,0.000004429494
0x396e,230,0.000004429494
0x396f,230,0.000004429494
0x3972,230,0.000004429494
0x3973,230,0.000004429494
0x3975,230,0.000004429494
0x3976,230,0.000004429494
0x3977,230,0.000004429494
0x3978,230,0.000004429494
0x397a,230,0.000004429494
0x397b,230,0.000004429494
0x3980,4860,0.000093597130
0x3983,4860,0.000093597130
0x3985,4860,0.000093597130
0x3986,299,0.000005758342
0x3988,299,0.000005758342
0x3989,285,0.000005488721
0x398c,285,0.000005488721
0x398f,285,0.000005488721
0x3991,285,0.000005488721
0x3994,285,0.000005488721
0x3996,285,0.000005488721
0x3998,285,0.000005488721
0x399b,285,0.000005488721
0x399d,285,0.000005488721
0x39a0,285,0.000005488721
0x39a2,285,0.000005488721
0x39a5,285,0.000005488721
0x39a7,285,0.000005488721
0x39a9,285,0.000005488721
0x39ac,285,0.000005488721
0x39af,285,0.000005488721
0x39b0,285,0.000005488721
0x39b3,144,0.000002773248
0x39b4,144,0.000002773248
0x39b6,144,0.000002773248
0x39b7,144,0.000002773248
0x39b9,144,0.000002773248
0x39ba,144,0.000002773248
0x39bb,144,0.000002773248
0x39bc,144,0.000002773248
0x39be,144,0.000002773248
0x39bf,285,0.000005488721
0x39c0,285,0.000005488721
0x39c3,570,0.000010977441
0x39c6,570,0.000010977441
0x39c9,570,0.000010977441
0x39ca,570,0.000010977441
0x39cc,570,0.000010977441
0x39cf,570,0.000010977441
0x39d2,570,0.000010977441
0x39d3,570,0.000010977441
0x39d4,570,0.000010977441
0x39d6,570,0.000010977441
0x39d8,570,0.000010977441
0x39db,285,0.000005488721
0x39de,285,0.000005488721
0x39e1,285,0.000005488721
0x39e3,285,0.000005488721
0x39e6,285,0.000005488721
0x39e8,285,0.000005488721
0x39ea,285,0.000005488721
0x3a00,2238,0.000043100901
0x3a03,2238,0.000043100901
0x3a05,2238,0.000043100901
0x3a06,2238,0.000043100901
0x3a07,2238,0.000043100901
0x3a08,2238,0.000043100901
0x3a0b,2238,0.000043100901
0x3a0c,2238,0.000043100901
0x3a0d,2238,0.000043100901
0x3a0e,1119,0.000021550450
0x3a0f,1119,0.000021550450
0x3a10,10073,0.000193992570
0x3a13,10073,0.000193992570
0x3a14,10073,0.000193992570
0x3a15,10073,0.000193992570
0x3a18,384,0.000007395329
0x3a1a,384,0.000007395329
0x3a1c,384,0.000007395329
0x3a1d,9689,0.000186597241
0x3a20,9689,0.000186597241
0x3a21,9689,0.000186597241
0x3a22,9689,0.000186597241
0x3a25,384,0.000007395329
0x3a27,384,0.000007395329
0x3a2a,12,0.000000231104
0x3a2c,384,0.000007395329
0x3a2d,384,0.000007395329
0x3a2e,384,0.000007395329
0x3a2f,384,0.000007395329
0x3a30,384,0.000007395329
0x3a31,384,0.000007395329
0x3a32,384,0.000007395329
0x3a34,384,0.000007395329
0x3a36,384,0.000007395329
0x3a37,384,0.000007395329
0x3a39,384,0.000007395329
0x3a3b,384,0.000007395329
0x3a3d,384,0.000007395329
0x3a3f,384,0.000007395329
0x3a40,9305,0.000179201913
0x3a42,9305,0.000179201913
0x3a43,9305,0.000179201913
0x3a44,9305,0.000179201913
0x3a47,672,0.000012941825
0x3a49,672,0.000012941825
0x3a4c,42,0.000000808864
0x3a4e,672,0.000012941825
0x3a4f,672,0.000012941825
0x3a50,672,0.000012941825
0x3a51,672,0.000012941825
0x3a52,672,0.000012941825
0x3a53,672,0.000012941825
0x3a54,672,0.000012941825
0x3a56,672,0.000012941825
0x3a58,672,0.000012941825
0x3a5a,672,0.000012941825
0x3a5b,672,0.000012941825
0x3a5d,672,0.000012941825
0x3a5f,672,0.000012941825
0x3a62,8633,0.000166260087
0x3a64,8633,0.000166260087
0x3a65,8633,0.000166260087
0x3a66,8633,0.000166260087
0x3a67,859,0.000016543196
0x3a69,859,0.000016543196
0x3a6c,163,0.000003139163
0x3a6e,163,0.000003139163
0x3a71,163,0.000003139163
0x3a73,163,0.000003139163
0x3a76,159,0.000003062128
0x3a78,859,0.000016543196
0x3a79,859,0.000016543196
0x3a7b,859,0.000016543196
0x3a7c,859,0.000016543196
0x3a7e,859,0.000016543196
0x3a80,859,0.000016543196
0x3a81,859,0.000016543196
0x3a82,9689,0.000186597241
0x3a85,9689,0.000186597241
0x3a86,9689,0.000186597241
0x3a88,9689,0.000186597241
0x3a89,3325,0.000064035074
0x3a8b,3325,0.000064035074
0x3a8c,3325,0.000064035074
0x3a8e,3325,0.000064035074
0x3a8f,3325,0.000064035074
0x3a90,9689,0.000186597241
0x3a93,9689,0.000186597241
0x3a94,9689,0.000186597241
0x3a95,9689,0.000186597241
0x3a98,5998,0.000115513495
0x3a9b,5998,0.000115513495
0x3a9e,5998,0.000115513495
0x3aa1,95968,0.001848215922
0x3aa2,95968,0.001848215922
0x3aa3,95968,0.001848215922
0x3aa4,95968,0.001848215922
0x3aa7,57793,0.001113016243
0x3aa8,57793,0.001113016243
0x3aaa,57793,0.001113016243
0x3aad,13136,0.000252981873
0x3aae,95968,0.001848215922
0x3aaf,95968,0.001848215922
0x3ab0,95968,0.001848215922
0x3ab1,95968,0.001848215922
0x3ab2,95968,0.001848215922
0x3ab5,5998,0.000115513495
0x3ab6,5998,0.000115513495
0x3ab7,5998,0.000115513495
0x3ab8,4605,0.000088686170
0x3aba,4605,0.000088686170
0x3abd,264,0.000005084289
0x3abf,4605,0.000088686170
0x3ac1,4605,0.000088686170
0x3ac2,4605,0.000088686170
0x3ac5,4605,0.000088686170
0x3ac6,4605,0.000088686170
0x3ac8,4605,0.000088686170
0x3ac9,4605,0.000088686170
0x3aca,4605,0.000088686170
0x3ad0,2332,0.000044911216
0x3ad3,2332,0.000044911216
0x3ad4,2332,0.000044911216
0x3ad6,2332,0.000044911216
0x3ad7,2332,0.000044911216
0x3ad8,2332,0.000044911216
0x3ada,2332,0.000044911216
0x3adb,2332,0.000044911216
0x3adc,2332,0.000044911216
0x3add,2332,0.000044911216
0x3adf,2332,0.000044911216
0x3ae0,2332,0.000044911216
0x3ae1,2332,0.000044911216
0x3ae3,2332,0.000044911216
0x3ae4,2332,0.000044911216
0x3ae5,2332,0.000044911216
0x3ae6,2332,0.000044911216
0x3ae9,2266,0.000043640143
0x3aec,2266,0.000043640143
0x3aee,2266,0.000043640143
0x3aef,2266,0.000043640143
0x3af1,2266,0.000043640143
0x3af2,2266,0.000043640143
0x3af3,2266,0.000043640143
0x3af4,63,0.000001213296
0x3af6,63,0.000001213296
0x3af8,66,0.000001271072
0x3afa,66,0.000001271072
0x3afb,66,0.000001271072
0x3afc,66,0.000001271072
0x3afd,66,0.000001271072
0x3aff,66,0.000001271072
0x3b00,66,0.000001271072
0x3b02,2771,0.000053365771
0x3b05,2771,0.000053365771
0x3b06,2771,0.000053365771
0x3b08,2771,0.000053365771
0x3b09,1069,0.000020587517
0x3b0a,1069,0.000020587517
0x3b0b,1069,0.000020587517
0x3b0c,1069,0.000020587517
0x3b0e,1069,0.000020587517
0x3b10,1069,0.000020587517
0x3b12,1069,0.000020587517
0x3b13,320,0.000006162774
0x3b14,320,0.000006162774
0x3b16,320,0.000006162774
0x3b18,320,0.000006162774
0x3b19,320,0.000006162774
0x3b1b,9689,0.000186597241
0x3b1e,9689,0.000186597241
0x3b1f,9689,0.000186597241
0x3b20,9689,0.000186597241
0x3b21,192,0.000003697664
0x3b23,192,0.000003697664
0x3b26,3,0.000000057776
0x3b28,192,0.000003697664
0x3b29,192,0.000003697664
0x3b2a,192,0.000003697664
0x3b2c,192,0.000003697664
0x3b2d,192,0.000003697664
0x3b2e,192,0.000003697664
0x3b30,192,0.000003697664
0x3b31,192,0.000003697664
0x3b33,9689,0.000186597241
0x3b36,9689,0.000186597241
0x3b37,9689,0.000186597241
0x3b38,9689,0.000186597241
0x3b39,255,0.000004910961
0x3b3a,255,0.000004910961
0x3b3c,255,0.000004910961
0x3b3e,255,0.000004910961
0x3b40,255,0.000004910961
0x3b41,255,0.000004910961
0x3b43,9689,0.000186597241
0x3b46,9689,0.000186597241
0x3b47,9689,0.000186597241
0x3b49,9689,0.000186597241
0x3b4c,9689,0.000186597241
0x3b4f,9689,0.000186597241
0x3b52,9689,0.000186597241
0x3b55,9689,0.000186597241
0x3b58,9689,0.000186597241
0x3b5b,9689,0.000186597241
