pc,count,frequency
0x0000,1,0.000000025411
0x0001,1,0.000000025411
0x0002,1,0.000000025411
0x0003,1,0.000000025411
0x0004,1,0.000000025411
0x0005,1,0.000000025411
0x0006,1,0.000000025411
0x0007,1,0.000000025411
0x0008,1,0.000000025411
0x000b,1,0.000000025411
0x000d,1,0.000000025411
0x000f,1,0.000000025411
0x0012,1,0.000000025411
0x0015,1,0.000000025411
0x0017,1,0.000000025411
0x001a,22273,0.000565982354
0x001d,22273,0.000565982354
0x0020,22273,0.000565982354
0x0021,22273,0.000565982354
0x0024,6586,0.000167357778
0x0027,6586,0.000167357778
0x002a,6586,0.000167357778
0x002d,15687,0.000398624576
0x002f,15687,0.000398624576
0x0031,15687,0.000398624576
0x0032,15687,0.000398624576
0x0034,15687,0.000398624576
0x0035,15687,0.000398624576
0x0038,15687,0.000398624576
0x0039,15687,0.000398624576
0x003c,15687,0.000398624576
0x003d,15687,0.000398624576
0x0040,7,0.000000177878
0x0043,7,0.000000177878
0x0046,15680,0.000398446698
0x0049,15679,0.000398421287
0x0050,1,0.000000025411
0x0052,1,0.000000025411
0x0054,1,0.000000025411
0x0056,1,0.000000025411
0x0058,1,0.000000025411
0x005a,1,0.000000025411
0x005c,1,0.000000025411
0x005f,1,0.000000025411
0x0061,1,0.000000025411
0x0063,1,0.000000025411
0x0066,1,0.000000025411
0x0068,1,0.000000025411
0x006a,1,0.000000025411
0x006b,2,0.000000050822
0x006e,2,0.000000050822
0x0070,6130,0.000155770297
0x0072,6130,0.000155770297
0x0073,6130,0.000155770297
0x0074,6130,0.000155770297
0x0077,2,0.000000050822
0x0078,864,0.000021955226
0x007b,864,0.000021955226
0x0080,2239708,0.056913536838
0x0082,2239708,0.056913536838
0x0083,2239708,0.056913536838
0x0085,2239708,0.056913536838
0x0088,44555,0.001132193408
0x0089,44555,0.001132193408
0x008b,44555,0.001132193408
0x008e,22305,0.000566795510
0x0090,22305,0.000566795510
0x0091,22305,0.000566795510
0x0094,22305,0.000566795510
0x0095,22305,0.000566795510
0x0096,22305,0.000566795510
0x0097,22305,0.000566795510
0x0098,22305,0.000566795510
0x009a,22305,0.000566795510
0x009d,22305,0.000566795510
0x009f,22305,0.000566795510
0x00a0,22305,0.000566795510
0x00a2,22305,0.000566795510
0x00a3,22305,0.000566795510
0x00a6,22305,0.000566795510
0x00a8,22305,0.000566795510
0x00ab,22305,0.000566795510
0x00ac,1,0.000000025411
0x00ae,1,0.000000025411
0x00af,1,0.000000025411
0x00b0,1,0.000000025411
0x00b2,1,0.000000025411
0x00b5,1,0.000000025411
0x00bb,44791,0.001138190438
0x00be,44791,0.001138190438
0x00bf,44791,0.001138190438
0x00c0,44791,0.001138190438
0x00c1,44791,0.001138190438
0x00c2,44791,0.001138190438
0x00c3,44791,0.001138190438
0x00c4,2178,0.000055345466
0x00c5,2178,0.000055345466
0x00c7,2178,0.000055345466
0x00c9,2178,0.000055345466
0x00ca,2178,0.000055345466
0x00cd,2178,0.000055345466
0x00ce,2178,0.000055345466
0x00cf,2178,0.000055345466
0x00d0,2178,0.000055345466
0x00d1,2178,0.000055345466
0x00d2,2178,0.000055345466
0x00d3,2178,0.000055345466
0x00d4,2178,0.000055345466
0x00d6,2178,0.000055345466
0x00d8,2178,0.000055345466
0x00d9,2178,0.000055345466
0x00dc,2178,0.000055345466
0x00dd,2178,0.000055345466
0x00de,2178,0.000055345466
0x00e1,782,0.000019871513
0x00e3,15680,0.000398446698
0x00e6,15680,0.000398446698
0x00e9,15680,0.000398446698
0x00ec,15680,0.000398446698
0x00ef,15680,0.000398446698
0x00f2,15676,0.000398345054
0x00f5,15676,0.000398345054
0x00f8,15676,0.000398345054
0x00fb,15676,0.000398345054
0x00fe,14802,0.000376135716
0x0101,14802,0.000376135716
0x0104,14802,0.000376135716
0x0107,14799,0.000376059483
0x0109,14799,0.000376059483
0x010c,14799,0.000376059483
0x010f,14796,0.000375983249
0x0111,14796,0.000375983249
0x0114,14796,0.000375983249
0x0117,14793,0.000375907016
0x0119,14793,0.000375907016
0x011c,14793,0.000375907016
0x011f,14793,0.000375907016
0x0122,13929,0.000353951790
0x0125,13929,0.000353951790
0x0128,13929,0.000353951790
0x012b,13929,0.000353951790
0x012e,13401,0.000340534707
0x0131,13401,0.000340534707
0x0134,13401,0.000340534707
0x0137,13401,0.000340534707
0x013a,729,0.000018524722
0x0140,16,0.000000406578
0x0143,16,0.000000406578
0x0146,16,0.000000406578
0x0149,16,0.000000406578
0x014c,16,0.000000406578
0x014e,16,0.000000406578
0x014f,16,0.000000406578
0x0151,16,0.000000406578
0x0152,16,0.000000406578
0x0153,16,0.000000406578
0x0154,16,0.000000406578
0x0156,16,0.000000406578
0x0158,16,0.000000406578
0x015b,16,0.000000406578
0x015d,16,0.000000406578
0x015f,16,0.000000406578
0x0161,16,0.000000406578
0x0164,16,0.000000406578
0x0166,16,0.000000406578
0x0167,16,0.000000406578
0x0168,16,0.000000406578
0x016a,16,0.000000406578
0x016b,16,0.000000406578
0x016d,16,0.000000406578
0x016f,16,0.000000406578
0x0172,16,0.000000406578
0x0173,12666,0.000321857518
0x0174,12666,0.000321857518
0x0176,12666,0.000321857518
0x0178,12666,0.000321857518
0x017a,12666,0.000321857518
0x017b,9578,0.000243387913
0x017d,9578,0.000243387913
0x017e,9480,0.000240897621
0x0180,9480,0.000240897621
0x0182,9480,0.000240897621
0x0183,3309,0.000084085467
0x0185,3309,0.000084085467
0x0186,3211,0.000081595175
0x0188,3211,0.000081595175
0x018a,3211,0.000081595175
0x018b,101,0.000002566525
0x018d,101,0.000002566525
0x018e,101,0.000002566525
0x018f,101,0.000002566525
0x0191,101,0.000002566525
0x0192,6,0.000000152467
0x0194,6,0.000000152467
0x0196,1738,0.000044164564
0x0197,1738,0.000044164564
0x0199,1738,0.000044164564
0x019b,1738,0.000044164564
0x019c,1416,0.000035982176
0x019d,1416,0.000035982176
0x019e,1416,0.000035982176
0x01a0,1416,0.000035982176
0x01a1,1416,0.000035982176
0x01a2,1416,0.000035982176
0x01a3,1416,0.000035982176
0x01a5,1416,0.000035982176
0x01a6,1416,0.000035982176
0x01a7,1416,0.000035982176
0x01a8,1416,0.000035982176
0x01ab,1416,0.000035982176
0x01ae,1416,0.000035982176
0x01af,1416,0.000035982176
0x01b0,1416,0.000035982176
0x01b1,1416,0.000035982176
0x01b2,1416,0.000035982176
0x01b3,1416,0.000035982176
0x01b4,1416,0.000035982176
0x01b5,1416,0.000035982176
0x01b6,1416,0.000035982176
0x01b7,1416,0.000035982176
0x01b8,1416,0.000035982176
0x01b9,1416,0.000035982176
0x01ba,1416,0.000035982176
0x01bb,1416,0.000035982176
0x01bd,1416,0.000035982176
0x01be,1416,0.000035982176
0x01c1,17616,0.000447642668
0x01c4,17616,0.000447642668
0x01c5,17616,0.000447642668
0x01c8,1416,0.000035982176
0x01c9,1416,0.000035982176
0x01ca,1416,0.000035982176
0x01d0,4271,0.000108530985
0x01d1,4271,0.000108530985
0x01d2,4271,0.000108530985
0x01d3,4271,0.000108530985
0x01d4,4271,0.000108530985
0x01d6,4271,0.000108530985
0x01d7,4271,0.000108530985
0x01d9,4271,0.000108530985
0x01dc,4271,0.000108530985
0x01dd,4271,0.000108530985
0x01e0,2454,0.000062358941
0x01e1,7,0.000000177878
0x01e4,904,0.000022971672
0x01e7,904,0.000022971672
0x01e9,904,0.000022971672
0x01ed,111046,0.002821805616
0x01ee,111046,0.002821805616
0x01ef,111046,0.002821805616
0x01f0,111046,0.002821805616
0x01f3,111046,0.002821805616
0x01f4,111046,0.002821805616
0x01f7,4271,0.000108530985
0x0200,37985,0.000965242209
0x0201,37985,0.000965242209
0x0202,134,0.000003405093
0x0203,134,0.000003405093
0x0204,134,0.000003405093
0x0205,134,0.000003405093
0x0206,1416,0.000035982176
0x0207,1416,0.000035982176
0x0208,1416,0.000035982176
0x0209,1416,0.000035982176
0x020a,1416,0.000035982176
0x020b,1416,0.000035982176
0x020c,1416,0.000035982176
0x020d,1416,0.000035982176
0x020e,1416,0.000035982176
0x0210,10355,0.000263132370
0x0211,10355,0.000263132370
0x0213,10355,0.000263132370
0x0214,10355,0.000263132370
0x0215,2167,0.000055065944
0x0216,2167,0.000055065944
0x0217,238459,0.006059515384
0x0218,238459,0.006059515384
0x021a,238459,0.006059515384
0x021b,238459,0.006059515384
0x021c,34069,0.000865732179
0x021d,34069,0.000865732179
0x0220,50,0.000001270557
0x0221,50,0.000001270557
0x0222,50,0.000001270557
0x0223,50,0.000001270557
0x0224,50,0.000001270557
0x0225,50,0.000001270557
0x0226,50,0.000001270557
0x0227,50,0.000001270557
0x0228,50,0.000001270557
0x0229,50,0.000001270557
0x022a,50,0.000001270557
0x022b,50,0.000001270557
0x022c,50,0.000001270557
0x022e,50,0.000001270557
0x022f,50,0.000001270557
0x0230,50,0.000001270557
0x0231,50,0.000001270557
0x0232,50,0.000001270557
0x0258,76817,0.001952007654
0x0259,76817,0.001952007654
0x025a,76817,0.001952007654
0x025b,307,0.000007801220
0x025c,307,0.000007801220
0x025d,307,0.000007801220
0x025e,307,0.000007801220
0x025f,307,0.000007801220
0x0260,57799,0.001468738566
0x0263,57799,0.001468738566
0x0264,56032,0.001423837079
0x0267,56032,0.001423837079
0x0270,80278,0.002039955615
0x0271,80278,0.002039955615
0x0272,80278,0.002039955615
0x0273,80278,0.002039955615
0x0274,80278,0.002039955615
0x0275,80278,0.002039955615
0x0276,80278,0.002039955615
0x0277,56032,0.001423837079
0x0278,56032,0.001423837079
0x0279,56032,0.001423837079
0x027a,56032,0.001423837079
0x027b,56032,0.001423837079
0x027c,56032,0.001423837079
0x027d,56032,0.001423837079
0x0288,7,0.000000177878
0x028b,7,0.000000177878
0x028e,7,0.000000177878
0x0290,7,0.000000177878
0x0293,7,0.000000177878
0x0295,7,0.000000177878
0x0298,7,0.000000177878
0x029a,7,0.000000177878
0x02a7,7,0.000000177878
0x02aa,7,0.000000177878
0x02ab,7,0.000000177878
0x02ac,7,0.000000177878
0x02ad,1,0.000000025411
0x02b0,1,0.000000025411
0x02b3,1,0.000000025411
0x02b6,1,0.000000025411
0x02b9,1,0.000000025411
0x02bc,1,0.000000025411
0x02be,1,0.000000025411
0x02c0,1,0.000000025411
0x02c3,1,0.000000025411
0x02c5,1,0.000000025411
0x02c7,1,0.000000025411
0x02cb,1,0.000000025411
0x02cd,1,0.000000025411
0x02cf,1,0.000000025411
0x02d4,1,0.000000025411
0x02d7,1,0.000000025411
0x02d8,1,0.000000025411
0x02db,1,0.000000025411
0x02dd,1,0.000000025411
0x02e3,1,0.000000025411
0x02e5,1,0.000000025411
0x02e6,1,0.000000025411
0x02e7,1,0.000000025411
0x02e8,1,0.000000025411
0x02ea,1,0.000000025411
0x02ed,1,0.000000025411
0x02f0,1,0.000000025411
0x02f3,1,0.000000025411
0x02f6,1,0.000000025411
0x02f9,1,0.000000025411
0x02fc,1,0.000000025411
0x02fe,1,0.000000025411
0x0300,1,0.000000025411
0x0303,1,0.000000025411
0x0306,1,0.000000025411
0x0308,1,0.000000025411
0x030b,1,0.000000025411
0x030d,1,0.000000025411
0x0310,1,0.000000025411
0x0314,52,0.000001321379
0x0315,52,0.000001321379
0x0316,52,0.000001321379
0x0317,52,0.000001321379
0x0318,52,0.000001321379
0x0319,52,0.000001321379
0x031a,52,0.000001321379
0x031b,52,0.000001321379
0x031c,52,0.000001321379
0x031d,52,0.000001321379
0x031e,52,0.000001321379
0x0320,2,0.000000050822
0x0321,2,0.000000050822
0x0322,2,0.000000050822
0x0323,2,0.000000050822
0x0324,2,0.000000050822
0x0325,2,0.000000050822
0x0326,2,0.000000050822
0x0327,2,0.000000050822
0x0328,2,0.000000050822
0x0329,2,0.000000050822
0x032a,2,0.000000050822
0x032e,1,0.000000025411
0x0331,8,0.000000203289
0x0333,8,0.000000203289
0x0334,8,0.000000203289
0x0335,8,0.000000203289
0x0337,8,0.000000203289
0x033a,1,0.000000025411
0x033c,1,0.000000025411
0x033f,1,0.000000025411
0x0341,1,0.000000025411
0x0344,1,0.000000025411
0x0346,1,0.000000025411
0x0349,1,0.000000025411
0x034b,1,0.000000025411
0x034e,1,0.000000025411
0x0350,1,0.000000025411
0x0353,1,0.000000025411
0x0355,1,0.000000025411
0x0357,1,0.000000025411
0x0358,1,0.000000025411
0x035b,1,0.000000025411
0x035c,1,0.000000025411
0x035e,1,0.000000025411
0x035f,1,0.000000025411
0x0361,1,0.000000025411
0x0367,4,0.000000101645
0x0369,4,0.000000101645
0x036a,4,0.000000101645
0x036c,4,0.000000101645
0x036f,4,0.000000101645
0x0370,4,0.000000101645
0x0371,4,0.000000101645
0x0373,4,0.000000101645
0x0376,4,0.000000101645
0x0377,15687,0.000398624576
0x037a,15687,0.000398624576
0x037b,15687,0.000398624576
0x037c,15687,0.000398624576
0x037d,15687,0.000398624576
0x0380,36,0.000000914801
0x0383,36,0.000000914801
0x0386,36,0.000000914801
0x0389,13104,0.000332987598
0x038a,13104,0.000332987598
0x038b,13104,0.000332987598
0x038c,13104,0.000332987598
0x038d,13104,0.000332987598
0x038e,13104,0.000332987598
0x038f,13104,0.000332987598
0x0390,13104,0.000332987598
0x0393,936,0.000023784828
0x0394,936,0.000023784828
0x0395,936,0.000023784828
0x0396,936,0.000023784828
0x0397,936,0.000023784828
0x0398,936,0.000023784828
0x0399,936,0.000023784828
0x039a,936,0.000023784828
0x039d,36,0.000000914801
0x03a0,187,0.000004751883
0x03a3,187,0.000004751883
0x03a6,77792,0.001976783517
0x03a7,77792,0.001976783517
0x03a8,77792,0.001976783517
0x03a9,77792,0.001976783517
0x03aa,77792,0.001976783517
0x03ab,77792,0.001976783517
0x03ac,77792,0.001976783517
0x03af,187,0.000004751883
0x03b0,12672,0.000322009985
0x03b3,12672,0.000322009985
0x03b6,12672,0.000322009985
0x03b9,9810,0.000249283298
0x03bc,9810,0.000249283298
0x03bf,9807,0.000249207064
0x03c2,9807,0.000249207064
0x03c5,9807,0.000249207064
0x03c8,6930,0.000176099210
0x03cb,6930,0.000176099210
0x03ce,12666,0.000321857518
0x03d1,12666,0.000321857518
0x03d4,12666,0.000321857518
0x03d5,12666,0.000321857518
0x03d7,12666,0.000321857518
0x03d8,12666,0.000321857518
0x03d9,12666,0.000321857518
0x03e2,3,0.000000076233
0x03e5,3,0.000000076233
0x03e8,3,0.000000076233
0x03eb,3,0.000000076233
0x03ee,3,0.000000076233
0x03f1,6,0.000000152467
0x03f4,6,0.000000152467
0x03f5,6,0.000000152467
0x03f7,6,0.000000152467
0x03f8,6,0.000000152467
0x03fa,6,0.000000152467
0x03fb,6,0.000000152467
0x03fc,6,0.000000152467
0x03fd,6,0.000000152467
0x0400,19252,0.000489215296
0x0403,19252,0.000489215296
0x0406,19252,0.000489215296
0x0407,19252,0.000489215296
0x0408,19252,0.000489215296
0x0409,19252,0.000489215296
0x040a,19252,0.000489215296
0x040b,19252,0.000489215296
0x040c,19252,0.000489215296
0x040d,19252,0.000489215296
0x041e,40,0.000001016446
0x0421,40,0.000001016446
0x0423,40,0.000001016446
0x0424,40,0.000001016446
0x0427,40,0.000001016446
0x0429,40,0.000001016446
0x042a,40,0.000001016446
0x042d,40,0.000001016446
0x0430,6,0.000000152467
0x0433,6,0.000000152467
0x0435,6,0.000000152467
0x0436,6,0.000000152467
0x0438,6,0.000000152467
0x043a,6,0.000000152467
0x043b,6,0.000000152467
0x043d,6,0.000000152467
0x043f,6,0.000000152467
0x0440,2,0.000000050822
0x0441,2,0.000000050822
0x0442,2,0.000000050822
0x0443,2,0.000000050822
0x0445,2,0.000000050822
0x04ac,1290,0.000032780372
0x04af,1290,0.000032780372
0x04b0,1290,0.000032780372
0x04b1,1290,0.000032780372
0x04b2,1290,0.000032780372
0x04b4,1290,0.000032780372
0x04b5,1290,0.000032780372
0x04b6,1278,0.000032475439
0x04b8,1278,0.000032475439
0x04ba,1278,0.000032475439
0x04bd,1272,0.000032322972
0x04bf,1272,0.000032322972
0x04c1,1272,0.000032322972
0x04c2,1272,0.000032322972
0x04c4,1272,0.000032322972
0x04c6,1272,0.000032322972
0x04c9,645,0.000016390186
0x04cc,645,0.000016390186
0x04cd,645,0.000016390186
0x04d0,645,0.000016390186
0x04d1,645,0.000016390186
0x04d2,645,0.000016390186
0x04d4,645,0.000016390186
0x04d7,645,0.000016390186
0x04df,645,0.000016390186
0x04e1,645,0.000016390186
0x04e4,645,0.000016390186
0x04e6,627,0.000015932786
0x04e9,627,0.000015932786
0x04ea,627,0.000015932786
0x04eb,627,0.000015932786
0x04ee,627,0.000015932786
0x04f4,627,0.000015932786
0x04f6,627,0.000015932786
0x04f9,627,0.000015932786
0x04fb,3762,0.000095596714
0x04fd,3762,0.000095596714
0x04fe,3762,0.000095596714
0x0501,3762,0.000095596714
0x0502,3762,0.000095596714
0x0505,627,0.000015932786
0x0506,34,0.000000863979
0x0509,34,0.000000863979
0x050b,34,0.000000863979
0x050e,34,0.000000863979
0x0511,34,0.000000863979
0x0514,34,0.000000863979
0x0515,34,0.000000863979
0x0518,34,0.000000863979
0x051b,34,0.000000863979
0x051d,34,0.000000863979
0x0520,34,0.000000863979
0x0523,34,0.000000863979
0x0526,34,0.000000863979
0x0529,34,0.000000863979
0x052c,34,0.000000863979
0x052f,34,0.000000863979
0x0532,34,0.000000863979
0x0535,34,0.000000863979
0x0537,34,0.000000863979
0x053a,34,0.000000863979
0x053d,34,0.000000863979
0x0540,34,0.000000863979
0x0543,34,0.000000863979
0x0547,34,0.000000863979
0x054a,34,0.000000863979
0x054d,34,0.000000863979
0x054f,34,0.000000863979
0x0552,34,0.000000863979
0x0555,34,0.000000863979
0x0557,34,0.000000863979
0x055a,34,0.000000863979
0x0580,37,0.000000940212
0x0583,37,0.000000940212
0x0586,37,0.000000940212
0x0588,37,0.000000940212
0x0589,37,0.000000940212
0x058a,37,0.000000940212
0x058b,37,0.000000940212
0x058d,37,0.000000940212
0x0590,37,0.000000940212
0x0592,37,0.000000940212
0x0595,37,0.000000940212
0x05d8,197,0.000005005995
0x05d9,9332,0.000237136772
0x05da,9332,0.000237136772
0x05db,9332,0.000237136772
0x05dc,9332,0.000237136772
0x05df,197,0.000005005995
0x05e0,4212,0.000107031728
0x05e1,4212,0.000107031728
0x05e2,4212,0.000107031728
0x05e3,4212,0.000107031728
0x05e4,4212,0.000107031728
0x05e5,4212,0.000107031728
0x05e8,802,0.000020379735
0x05ec,34,0.000000863979
0x05ef,34,0.000000863979
0x05f2,34,0.000000863979
0x05f4,34,0.000000863979
0x05f5,34,0.000000863979
0x05f6,34,0.000000863979
0x05f7,34,0.000000863979
0x05f8,34,0.000000863979
0x05f9,34,0.000000863979
0x05fa,202,0.000005133051
0x05fd,202,0.000005133051
0x0600,202,0.000005133051
0x0601,202,0.000005133051
0x0602,202,0.000005133051
0x0603,3045,0.000077376926
0x0604,3045,0.000077376926
0x0605,3045,0.000077376926
0x0606,3045,0.000077376926
0x0607,3045,0.000077376926
0x0608,3045,0.000077376926
0x0609,3045,0.000077376926
0x060a,3045,0.000077376926
0x060d,191,0.000004853528
0x0610,34,0.000000863979
0x0613,34,0.000000863979
0x0616,34,0.000000863979
0x0617,34,0.000000863979
0x0619,34,0.000000863979
0x061a,34,0.000000863979
0x061b,34,0.000000863979
0x061c,34,0.000000863979
0x061d,34,0.000000863979
0x061e,34,0.000000863979
0x061f,34,0.000000863979
0x0621,34,0.000000863979
0x0624,34,0.000000863979
0x0627,34,0.000000863979
0x0628,34,0.000000863979
0x0629,34,0.000000863979
0x062a,357,0.000009071778
0x062b,357,0.000009071778
0x062c,357,0.000009071778
0x062d,357,0.000009071778
0x062e,357,0.000009071778
0x062f,357,0.000009071778
0x0630,357,0.000009071778
0x0631,357,0.000009071778
0x0632,357,0.000009071778
0x0633,357,0.000009071778
0x0634,357,0.000009071778
0x0635,357,0.000009071778
0x0638,23,0.000000584456
0x0650,34,0.000000863979
0x0653,34,0.000000863979
0x0656,34,0.000000863979
0x0658,34,0.000000863979
0x0659,34,0.000000863979
0x065a,34,0.000000863979
0x065b,34,0.000000863979
0x065c,34,0.000000863979
0x065d,34,0.000000863979
0x065e,34,0.000000863979
0x0661,34,0.000000863979
0x0664,34,0.000000863979
0x0665,34,0.000000863979
0x0666,34,0.000000863979
0x0667,357,0.000009071778
0x0668,357,0.000009071778
0x0669,357,0.000009071778
0x066a,357,0.000009071778
0x066b,357,0.000009071778
0x066c,357,0.000009071778
0x066f,23,0.000000584456
0x067a,4883,0.000124082604
0x067d,4883,0.000124082604
0x067e,4883,0.000124082604
0x067f,4883,0.000124082604
0x0682,4883,0.000124082604
0x0684,4883,0.000124082604
0x0685,615,0.000015627852
0x0688,615,0.000015627852
0x068b,615,0.000015627852
0x068c,615,0.000015627852
0x068d,615,0.000015627852
0x068e,615,0.000015627852
0x068f,615,0.000015627852
0x0691,615,0.000015627852
0x0692,615,0.000015627852
0x0693,615,0.000015627852
0x0695,615,0.000015627852
0x0696,615,0.000015627852
0x0697,615,0.000015627852
0x0698,615,0.000015627852
0x0699,16011,0.000406857786
0x069a,16011,0.000406857786
0x069b,16011,0.000406857786
0x069c,16011,0.000406857786
0x069d,16011,0.000406857786
0x069e,16011,0.000406857786
0x069f,16011,0.000406857786
0x06a2,2460,0.000062511408
0x06a3,2460,0.000062511408
0x06a4,2460,0.000062511408
0x06a5,2460,0.000062511408
0x06a8,615,0.000015627852
0x06a9,615,0.000015627852
0x06ac,615,0.000015627852
0x06b0,4492,0.000114146847
0x06b3,4492,0.000114146847
0x06b6,4492,0.000114146847
0x06b7,4492,0.000114146847
0x06b8,4492,0.000114146847
0x06b9,29,0.000000736923
0x06ba,29,0.000000736923
0x06bb,29,0.000000736923
0x06bc,29,0.000000736923
0x06bd,29,0.000000736923
0x06be,29,0.000000736923
0x06bf,29,0.000000736923
0x06c0,29,0.000000736923
0x06c1,29,0.000000736923
0x06c2,29,0.000000736923
0x06c3,29,0.000000736923
0x06c4,29,0.000000736923
0x06c5,29,0.000000736923
0x06c8,29,0.000000736923
0x06ca,29,0.000000736923
0x06cb,29,0.000000736923
0x06cc,29,0.000000736923
0x06cd,29,0.000000736923
0x06cf,29,0.000000736923
0x06d0,29,0.000000736923
0x06d1,29,0.000000736923
0x06d2,29,0.000000736923
0x06d3,29,0.000000736923
0x06d4,29,0.000000736923
0x06d5,29,0.000000736923
0x06d7,29,0.000000736923
0x06d8,29,0.000000736923
0x06da,29,0.000000736923
0x06db,29,0.000000736923
0x06de,29,0.000000736923
0x06df,29,0.000000736923
0x06e1,29,0.000000736923
0x06e2,29,0.000000736923
0x06e3,29,0.000000736923
0x06e4,29,0.000000736923
0x06e7,29,0.000000736923
0x06e8,645,0.000016390186
0x06eb,645,0.000016390186
0x06ed,645,0.000016390186
0x06f0,4492,0.000114146847
0x06f3,4492,0.000114146847
0x06f6,4492,0.000114146847
0x0700,13977,0.000355171524
0x0703,13977,0.000355171524
0x0706,41931,0.001065514573
0x0709,41931,0.001065514573
0x070a,41931,0.001065514573
0x070c,41931,0.001065514573
0x070d,41931,0.001065514573
0x070f,41931,0.001065514573
0x0710,41931,0.001065514573
0x0711,41931,0.001065514573
0x0713,41931,0.001065514573
0x0716,13977,0.000355171524
0x0718,136184,0.003460590890
0x071b,136184,0.003460590890
0x0720,136184,0.003460590890
0x0721,136184,0.003460590890
0x0722,136184,0.003460590890
0x0724,136184,0.003460590890
0x0725,55476,0.001409708484
0x0726,55476,0.001409708484
0x0728,55476,0.001409708484
0x0729,55476,0.001409708484
0x072a,55476,0.001409708484
0x072b,55476,0.001409708484
0x072c,55476,0.001409708484
0x072e,55476,0.001409708484
0x0730,55476,0.001409708484
0x0731,55476,0.001409708484
0x0733,55476,0.001409708484
0x0734,55476,0.001409708484
0x0740,136184,0.003460590890
0x0741,136184,0.003460590890
0x0742,136184,0.003460590890
0x0744,136184,0.003460590890
0x0745,58291,0.001481240847
0x0746,58291,0.001481240847
0x0748,58291,0.001481240847
0x0749,58291,0.001481240847
0x074a,58291,0.001481240847
0x074b,58291,0.001481240847
0x074c,58291,0.001481240847
0x074d,58291,0.001481240847
0x074f,58291,0.001481240847
0x0750,58291,0.001481240847
0x0751,58291,0.001481240847
0x0752,58291,0.001481240847
0x0754,58291,0.001481240847
0x0755,58291,0.001481240847
0x0757,58291,0.001481240847
0x0758,58291,0.001481240847
0x0763,10768,0.000273627171
0x0764,10768,0.000273627171
0x0765,10768,0.000273627171
0x0766,10768,0.000273627171
0x0767,10768,0.000273627171
0x0768,10768,0.000273627171
0x0769,10768,0.000273627171
0x076a,10768,0.000273627171
0x076b,10768,0.000273627171
0x076d,13486,0.000342694654
0x076e,13486,0.000342694654
0x076f,13486,0.000342694654
0x0770,13486,0.000342694654
0x0771,13486,0.000342694654
0x0772,13486,0.000342694654
0x0773,13486,0.000342694654
0x0774,13486,0.000342694654
0x0775,13486,0.000342694654
0x0776,13486,0.000342694654
0x0779,24301,0.000617516149
0x077a,24301,0.000617516149
0x077b,24301,0.000617516149
0x077c,24301,0.000617516149
0x077d,24301,0.000617516149
0x077e,24301,0.000617516149
0x077f,24301,0.000617516149
0x0780,24301,0.000617516149
0x0783,24301,0.000617516149
0x0784,24301,0.000617516149
0x0785,24301,0.000617516149
0x0786,24301,0.000617516149
0x0788,24374,0.000619371162
0x0789,24374,0.000619371162
0x078a,24374,0.000619371162
0x078b,24374,0.000619371162
0x078c,24374,0.000619371162
0x078d,24374,0.000619371162
0x078e,24374,0.000619371162
0x078f,24374,0.000619371162
0x0790,24374,0.000619371162
0x0792,24374,0.000619371162
0x0793,24374,0.000619371162
0x0794,24374,0.000619371162
0x0795,24374,0.000619371162
0x0798,24374,0.000619371162
0x0799,24374,0.000619371162
0x079a,24374,0.000619371162
0x079b,24374,0.000619371162
0x079e,2509,0.000063756554
0x079f,2509,0.000063756554
0x07a0,2509,0.000063756554
0x07a1,2509,0.000063756554
0x07a2,2509,0.000063756554
0x07a3,2509,0.000063756554
0x07a4,2509,0.000063756554
0x07a5,2509,0.000063756554
0x07a6,2509,0.000063756554
0x07a7,2509,0.000063756554
0x07a8,2509,0.000063756554
0x07aa,2512,0.000063832787
0x07ab,2512,0.000063832787
0x07ac,2512,0.000063832787
0x07ad,2512,0.000063832787
0x07ae,2512,0.000063832787
0x07af,2512,0.000063832787
0x07b0,2512,0.000063832787
0x07b1,2512,0.000063832787
0x07b2,2512,0.000063832787
0x07b4,2512,0.000063832787
0x07b5,2512,0.000063832787
0x07b6,2512,0.000063832787
0x07b7,2512,0.000063832787
0x07b8,2512,0.000063832787
0x07b9,2512,0.000063832787
0x07ba,2512,0.000063832787
0x07bb,2512,0.000063832787
0x07be,17898,0.000454808610
0x07bf,17898,0.000454808610
0x07c0,17898,0.000454808610
0x07c1,17898,0.000454808610
0x07c2,17898,0.000454808610
0x07c3,17898,0.000454808610
0x07c4,17898,0.000454808610
0x07c5,17898,0.000454808610
0x07c6,17898,0.000454808610
0x07c7,17898,0.000454808610
0x07ca,17898,0.000454808610
0x07cb,17898,0.000454808610
0x07cc,17898,0.000454808610
0x07cd,17898,0.000454808610
0x07ce,17898,0.000454808610
0x07cf,17898,0.000454808610
0x07d2,17919,0.000455342244
0x07d3,17919,0.000455342244
0x07d4,17919,0.000455342244
0x07d5,17919,0.000455342244
0x07d6,17919,0.000455342244
0x07d7,17919,0.000455342244
0x07d8,17919,0.000455342244
0x07d9,17919,0.000455342244
0x07da,17919,0.000455342244
0x07dc,17948,0.000456079167
0x07dd,17948,0.000456079167
0x07de,17948,0.000456079167
0x07df,17948,0.000456079167
0x07e0,17948,0.000456079167
0x07e1,17948,0.000456079167
0x07e2,17948,0.000456079167
0x07e3,17948,0.000456079167
0x07e4,17948,0.000456079167
0x07e7,17948,0.000456079167
0x07e8,17948,0.000456079167
0x07e9,17948,0.000456079167
0x07ea,17948,0.000456079167
0x07eb,17948,0.000456079167
0x07ec,17948,0.000456079167
0x07ed,17948,0.000456079167
0x07ee,17948,0.000456079167
0x07f0,6,0.000000152467
0x07f3,6,0.000000152467
0x07f6,6,0.000000152467
0x07f9,6,0.000000152467
0x0800,15960,0.000405561818
0x0803,15960,0.000405561818
0x0806,15960,0.000405561818
0x0807,15960,0.000405561818
0x0809,15960,0.000405561818
0x080a,15960,0.000405561818
0x080b,15960,0.000405561818
0x080c,15960,0.000405561818
0x080d,15960,0.000405561818
0x080e,15960,0.000405561818
0x080f,15960,0.000405561818
0x0834,1324,0.000033644351
0x0837,1324,0.000033644351
0x083a,1324,0.000033644351
0x083b,1324,0.000033644351
0x083c,1324,0.000033644351
0x083e,1324,0.000033644351
0x083f,168,0.000004269072
0x0842,168,0.000004269072
0x0845,168,0.000004269072
0x0848,381,0.000009681645
0x084b,381,0.000009681645
0x084c,381,0.000009681645
0x084d,381,0.000009681645
0x084e,11,0.000000279523
0x0850,11,0.000000279523
0x0851,11,0.000000279523
0x0853,11,0.000000279523
0x0855,11,0.000000279523
0x085a,168,0.000004269072
0x085d,168,0.000004269072
0x085f,168,0.000004269072
0x0860,136,0.000003455915
0x0862,136,0.000003455915
0x0864,136,0.000003455915
0x0865,104,0.000002642759
0x0867,104,0.000002642759
0x0869,104,0.000002642759
0x086a,72,0.000001829602
0x086c,72,0.000001829602
0x086e,72,0.000001829602
0x086f,40,0.000001016446
0x0871,40,0.000001016446
0x0876,13977,0.000355171524
0x0879,13977,0.000355171524
0x087c,13977,0.000355171524
0x087f,13977,0.000355171524
0x0882,13977,0.000355171524
0x0885,13977,0.000355171524
0x0886,13977,0.000355171524
0x0889,13977,0.000355171524
0x088b,76866,0.001953252800
0x088c,76866,0.001953252800
0x088d,76866,0.001953252800
0x088e,76866,0.001953252800
0x088f,76866,0.001953252800
0x0890,76866,0.001953252800
0x0891,76866,0.001953252800
0x0892,76866,0.001953252800
0x0893,76866,0.001953252800
0x0894,76866,0.001953252800
0x0897,20964,0.000532719170
0x08a0,13977,0.000355171524
0x08a3,13977,0.000355171524
0x08a6,13977,0.000355171524
0x08a9,13977,0.000355171524
0x08ac,13977,0.000355171524
0x08ae,13977,0.000355171524
0x08b0,13977,0.000355171524
0x08b1,1280,0.000032526261
0x08b4,1280,0.000032526261
0x08b7,1280,0.000032526261
0x08c4,13977,0.000355171524
0x08c7,13977,0.000355171524
0x08c8,13977,0.000355171524
0x08ca,13977,0.000355171524
0x08cd,13729,0.000348869561
0x08cf,13729,0.000348869561
0x08d0,13729,0.000348869561
0x08d1,13729,0.000348869561
0x08d4,12961,0.000329353805
0x08d6,12961,0.000329353805
0x08d9,12961,0.000329353805
0x08dc,4,0.000000101645
0x08de,4,0.000000101645
0x08e0,4,0.000000101645
0x08e2,4,0.000000101645
0x08e3,4,0.000000101645
0x08e5,4,0.000000101645
0x08e6,4,0.000000101645
0x08e8,4,0.000000101645
0x08ea,772,0.000019617401
0x08eb,13729,0.000348869561
0x08ed,13729,0.000348869561
0x08f0,13729,0.000348869561
0x08f3,13729,0.000348869561
0x0900,13729,0.000348869561
0x0903,13729,0.000348869561
0x0904,13729,0.000348869561
0x0906,13729,0.000348869561
0x0907,9936,0.000252485102
0x0909,9936,0.000252485102
0x090c,5013,0.000127386052
0x090d,5013,0.000127386052
0x090f,5013,0.000127386052
0x0910,4964,0.000126140906
0x0911,4964,0.000126140906
0x0913,4964,0.000126140906
0x0916,4964,0.000126140906
0x0917,4923,0.000125099049
0x0918,4923,0.000125099049
0x091a,4923,0.000125099049
0x091b,4923,0.000125099049
0x091c,4923,0.000125099049
0x091e,4923,0.000125099049
0x0921,4923,0.000125099049
0x0926,14091,0.000358068394
0x0927,14091,0.000358068394
0x0929,14091,0.000358068394
0x092a,14091,0.000358068394
0x092b,14091,0.000358068394
0x092c,14091,0.000358068394
0x092d,14091,0.000358068394
0x092e,14091,0.000358068394
0x0930,15257,0.000387697785
0x0931,15257,0.000387697785
0x0933,15257,0.000387697785
0x0936,9525,0.000242041122
0x0937,9525,0.000242041122
0x0939,9525,0.000242041122
0x093c,9525,0.000242041122
0x093d,362,0.000009198833
0x093e,362,0.000009198833
0x0940,362,0.000009198833
0x0941,362,0.000009198833
0x0942,362,0.000009198833
0x0944,362,0.000009198833
0x0945,362,0.000009198833
0x0946,362,0.000009198833
0x0947,362,0.000009198833
0x094a,362,0.000009198833
0x094c,362,0.000009198833
0x094d,362,0.000009198833
0x094e,362,0.000009198833
0x0951,362,0.000009198833
0x0953,362,0.000009198833
0x0954,362,0.000009198833
0x0955,362,0.000009198833
0x0956,362,0.000009198833
0x0959,362,0.000009198833
0x095c,362,0.000009198833
0x095e,362,0.000009198833
0x0961,362,0.000009198833
0x0964,5732,0.000145656663
0x0965,5732,0.000145656663
0x0966,5732,0.000145656663
0x0967,5732,0.000145656663
0x0968,5732,0.000145656663
0x096a,5732,0.000145656663
0x096b,5732,0.000145656663
0x096d,5732,0.000145656663
0x096e,297,0.000007547109
0x096f,297,0.000007547109
0x0970,297,0.000007547109
0x0971,297,0.000007547109
0x0972,297,0.000007547109
0x0974,297,0.000007547109
0x0975,297,0.000007547109
0x097a,13977,0.000355171524
0x097d,13977,0.000355171524
0x097e,13977,0.000355171524
0x0980,13977,0.000355171524
0x0981,13977,0.000355171524
0x0984,13977,0.000355171524
0x0985,13977,0.000355171524
0x0986,13977,0.000355171524
0x0987,13977,0.000355171524
0x0988,13977,0.000355171524
0x098b,13977,0.000355171524
0x098c,13977,0.000355171524
0x098d,13977,0.000355171524
0x098e,13977,0.000355171524
0x0991,13977,0.000355171524
0x09a0,14011,0.000356035503
0x09a3,14011,0.000356035503
0x09a6,42033,0.001068106509
0x09a9,42033,0.001068106509
0x09aa,42033,0.001068106509
0x09ab,42033,0.001068106509
0x09ac,42033,0.001068106509
0x09ad,42033,0.001068106509
0x09ae,42033,0.001068106509
0x09af,42033,0.001068106509
0x09b0,42033,0.001068106509
0x09b2,42033,0.001068106509
0x09b5,14011,0.000356035503
0x09ba,108351,0.002753322589
0x09bd,108351,0.002753322589
0x09be,108351,0.002753322589
0x09c0,108351,0.002753322589
0x09c1,108351,0.002753322589
0x09c2,108351,0.002753322589
0x09c3,108351,0.002753322589
0x09c4,108351,0.002753322589
0x09c5,108351,0.002753322589
0x09c6,108351,0.002753322589
0x09c7,108351,0.002753322589
0x09c8,108351,0.002753322589
0x09c9,108351,0.002753322589
0x09ca,108351,0.002753322589
0x09cc,108351,0.002753322589
0x09cd,108351,0.002753322589
0x09ce,108351,0.002753322589
0x09cf,108351,0.002753322589
0x09d0,108351,0.002753322589
0x09d1,108351,0.002753322589
0x0a50,2966,0.000075369446
0x0a53,2966,0.000075369446
0x0a56,59320,0.001507388912
0x0a57,59320,0.001507388912
0x0a5a,59320,0.001507388912
0x0a5b,59320,0.001507388912
0x0a5c,59320,0.001507388912
0x0a5e,59320,0.001507388912
0x0a5f,59320,0.001507388912
0x0a61,59320,0.001507388912
0x0a62,59320,0.001507388912
0x0a63,59320,0.001507388912
0x0a64,59320,0.001507388912
0x0a67,2966,0.000075369446
0x0a6c,2827,0.000071837297
0x0a6f,2827,0.000071837297
0x0a72,56540,0.001436745939
0x0a73,56540,0.001436745939
0x0a74,56540,0.001436745939
0x0a75,56540,0.001436745939
0x0a77,56540,0.001436745939
0x0a7a,31383,0.000797477853
0x0a7b,31383,0.000797477853
0x0a7c,31383,0.000797477853
0x0a7d,31383,0.000797477853
0x0a7e,31383,0.000797477853
0x0a7f,31383,0.000797477853
0x0a80,31383,0.000797477853
0x0a81,31383,0.000797477853
0x0a82,31383,0.000797477853
0x0a83,31383,0.000797477853
0x0a84,31383,0.000797477853
0x0a85,31383,0.000797477853
0x0a86,31383,0.000797477853
0x0a87,31383,0.000797477853
0x0a8a,56540,0.001436745939
0x0a8b,56540,0.001436745939
0x0a8c,56540,0.001436745939
0x0a8d,56540,0.001436745939
0x0a8f,56540,0.001436745939
0x0a90,56540,0.001436745939
0x0a91,56540,0.001436745939
0x0a93,56540,0.001436745939
0x0a94,56540,0.001436745939
0x0a96,56540,0.001436745939
0x0a99,2827,0.000071837297
0x0aa0,248,0.000006301963
0x0aa2,248,0.000006301963
0x0aa3,248,0.000006301963
0x0aa4,248,0.000006301963
0x0aa5,248,0.000006301963
0x0aa8,248,0.000006301963
0x0aa9,248,0.000006301963
0x0aac,248,0.000006301963
0x0aae,248,0.000006301963
0x0aaf,248,0.000006301963
0x0ab0,248,0.000006301963
0x0ab3,248,0.000006301963
0x0ab5,248,0.000006301963
0x0ab8,244,0.000006200319
0x0abb,244,0.000006200319
0x0abd,244,0.000006200319
0x0abe,244,0.000006200319
0x0abf,244,0.000006200319
0x0ac0,244,0.000006200319
0x0ac1,244,0.000006200319
0x0ad6,5874,0.000149265045
0x0ad7,5874,0.000149265045
0x0ad8,23496,0.000597060180
0x0ad9,23496,0.000597060180
0x0ada,23496,0.000597060180
0x0adb,23496,0.000597060180
0x0adc,23496,0.000597060180
0x0add,23496,0.000597060180
0x0ae0,5874,0.000149265045
0x0ae1,5874,0.000149265045
0x0ae2,5874,0.000149265045
0x0ae5,5874,0.000149265045
0x0ae6,5874,0.000149265045
0x0ae9,2513,0.000063858199
0x0aea,1056,0.000026834165
0x0aed,1056,0.000026834165
0x0aee,1056,0.000026834165
0x0af0,1056,0.000026834165
0x0af1,1056,0.000026834165
0x0af4,1056,0.000026834165
0x0af6,1056,0.000026834165
0x0af7,1056,0.000026834165
0x0af8,1056,0.000026834165
0x0af9,1056,0.000026834165
0x0afc,1056,0.000026834165
0x0afd,1056,0.000026834165
0x0afe,1056,0.000026834165
0x0b00,1056,0.000026834165
0x0b01,1056,0.000026834165
0x0b02,1056,0.000026834165
0x0b05,1045,0.000026554643
0x0b07,1045,0.000026554643
0x0b0a,704,0.000017889444
0x0b0d,693,0.000017609921
0x0b15,11,0.000000279523
0x0b16,11,0.000000279523
0x0b18,11,0.000000279523
0x0b19,11,0.000000279523
0x0b1a,11,0.000000279523
0x0b1c,11,0.000000279523
0x0b1d,11,0.000000279523
0x0b1e,11,0.000000279523
0x0b1f,11,0.000000279523
0x0b20,3,0.000000076233
0x0b21,3,0.000000076233
0x0b22,3,0.000000076233
0x0b25,3,0.000000076233
0x0b26,3,0.000000076233
0x0b27,3,0.000000076233
0x0b28,3,0.000000076233
0x0b29,2,0.000000050822
0x0b2b,2,0.000000050822
0x0b2d,2,0.000000050822
0x0b48,4,0.000000101645
0x0b4b,4,0.000000101645
0x0b4e,4,0.000000101645
0x0b50,4,0.000000101645
0x0b51,4,0.000000101645
0x0b53,4,0.000000101645
0x0b54,4,0.000000101645
0x0b55,4,0.000000101645
0x0b57,4,0.000000101645
0x0b59,4,0.000000101645
0x0b5a,4,0.000000101645
0x0b60,906,0.000023022494
0x0b63,906,0.000023022494
0x0b64,906,0.000023022494
0x0b65,906,0.000023022494
0x0b67,906,0.000023022494
0x0b6a,900,0.000022870027
0x0b6d,900,0.000022870027
0x0b6f,900,0.000022870027
0x0b71,900,0.000022870027
0x0b74,3,0.000000076233
0x0b77,3,0.000000076233
0x0b79,3,0.000000076233
0x0b7b,3,0.000000076233
0x0b7c,3,0.000000076233
0x0b7d,3,0.000000076233
0x0b7e,3,0.000000076233
0x0b7f,3,0.000000076233
0x0b80,3,0.000000076233
0x0b82,3,0.000000076233
0x0b83,3,0.000000076233
0x0b84,3,0.000000076233
0x0b85,3,0.000000076233
0x0b87,3,0.000000076233
0x0b88,3,0.000000076233
0x0b89,3,0.000000076233
0x0b8a,3,0.000000076233
0x0b8b,3,0.000000076233
0x0b95,897,0.000022793794
0x0b98,897,0.000022793794
0x0b9b,897,0.000022793794
0x0ba0,341,0.000008665199
0x0ba3,341,0.000008665199
0x0ba4,341,0.000008665199
0x0ba6,341,0.000008665199
0x0ba8,341,0.000008665199
0x0ba9,217,0.000005514218
0x0bab,217,0.000005514218
0x0bac,155,0.000003938727
0x0bad,155,0.000003938727
0x0bae,155,0.000003938727
0x0baf,155,0.000003938727
0x0bb2,155,0.000003938727
0x0bba,693,0.000017609921
0x0bbb,693,0.000017609921
0x0bbc,693,0.000017609921
0x0bbf,352,0.000008944722
0x0bc0,352,0.000008944722
0x0bc1,352,0.000008944722
0x0bc4,176,0.000004472361
0x0bca,3,0.000000076233
0x0bcd,3,0.000000076233
0x0bd0,3,0.000000076233
0x0bd2,3,0.000000076233
0x0bd3,3,0.000000076233
0x0bd4,3,0.000000076233
0x0bd6,3,0.000000076233
0x0bd9,3,0.000000076233
0x0bdc,3,0.000000076233
0x0bdf,3,0.000000076233
0x0be2,3,0.000000076233
0x0be5,3,0.000000076233
0x0be8,3,0.000000076233
0x0beb,3,0.000000076233
0x0bee,3,0.000000076233
0x0bf1,3,0.000000076233
0x0c00,11,0.000000279523
0x0c01,11,0.000000279523
0x0c02,11,0.000000279523
0x0c04,11,0.000000279523
0x0c05,11,0.000000279523
0x0c07,11,0.000000279523
0x0c08,11,0.000000279523
0x0c09,11,0.000000279523
0x0c0a,11,0.000000279523
0x0c0b,11,0.000000279523
0x0c0c,11,0.000000279523
0x0c0f,11,0.000000279523
0x0c10,11,0.000000279523
0x0c11,11,0.000000279523
0x0c13,11,0.000000279523
0x0c16,9,0.000000228700
0x0c18,9,0.000000228700
0x0c1b,3,0.000000076233
0x0c1e,3,0.000000076233
0x0c20,3,0.000000076233
0x0c23,3,0.000000076233
0x0c40,6987,0.000177547645
0x0c43,6987,0.000177547645
0x0c45,6987,0.000177547645
0x0c48,6987,0.000177547645
0x0c4b,6987,0.000177547645
0x0c4e,6987,0.000177547645
0x0c51,6986,0.000177522234
0x0c56,6987,0.000177547645
0x0c59,34935,0.000887738227
0x0c5a,34935,0.000887738227
0x0c5d,34935,0.000887738227
0x0c5e,34935,0.000887738227
0x0c5f,34935,0.000887738227
0x0c61,34935,0.000887738227
0x0c62,34935,0.000887738227
0x0c64,34935,0.000887738227
0x0c67,6987,0.000177547645
0x0c6b,6987,0.000177547645
0x0c6e,6987,0.000177547645
0x0c71,34935,0.000887738227
0x0c74,34935,0.000887738227
0x0c75,34935,0.000887738227
0x0c76,34935,0.000887738227
0x0c77,34935,0.000887738227
0x0c78,34935,0.000887738227
0x0c79,34935,0.000887738227
0x0c7a,34935,0.000887738227
0x0c7b,34935,0.000887738227
0x0c7d,34935,0.000887738227
0x0c80,6987,0.000177547645
0x0c84,34935,0.000887738227
0x0c85,34935,0.000887738227
0x0c87,34935,0.000887738227
0x0c88,5217,0.000132569925
0x0c89,5217,0.000132569925
0x0c8a,5217,0.000132569925
0x0c8b,5217,0.000132569925
0x0c8c,5217,0.000132569925
0x0c8e,5217,0.000132569925
0x0c8f,5217,0.000132569925
0x0c90,5217,0.000132569925
0x0c91,5217,0.000132569925
0x0c92,5217,0.000132569925
0x0c94,5217,0.000132569925
0x0c95,5217,0.000132569925
0x0c97,5217,0.000132569925
0x0c9a,5075,0.000128961543
0x0c9b,5075,0.000128961543
0x0c9e,5075,0.000128961543
0x0c9f,5075,0.000128961543
0x0ca0,5075,0.000128961543
0x0ca2,5075,0.000128961543
0x0ca3,5075,0.000128961543
0x0ca4,5075,0.000128961543
0x0ca5,5075,0.000128961543
0x0ca6,5075,0.000128961543
0x0ca7,5075,0.000128961543
0x0ca8,5075,0.000128961543
0x0ca9,5075,0.000128961543
0x0caa,5075,0.000128961543
0x0cac,5075,0.000128961543
0x0caf,5066,0.000128732843
0x0cb4,5075,0.000128961543
0x0cb6,5075,0.000128961543
0x0cb7,1150,0.000029222813
0x0cb9,1150,0.000029222813
0x0cba,582,0.000014789284
0x0cbd,582,0.000014789284
0x0cbe,582,0.000014789284
0x0cbf,181,0.000004599417
0x0cc2,181,0.000004599417
0x0cc3,181,0.000004599417
0x0cc4,11,0.000000279523
0x0cc6,11,0.000000279523
0x0cc9,11,0.000000279523
0x0ccb,11,0.000000279523
0x0cce,11,0.000000279523
0x0cd0,11,0.000000279523
0x0cd3,11,0.000000279523
0x0cd8,6987,0.000177547645
0x0cdb,6987,0.000177547645
0x0cde,34934,0.000887712816
0x0cdf,34934,0.000887712816
0x0ce2,34933,0.000887687405
0x0ce3,34933,0.000887687405
0x0ce4,34933,0.000887687405
0x0ce6,34933,0.000887687405
0x0ce7,34933,0.000887687405
0x0ce9,34933,0.000887687405
0x0cea,34933,0.000887687405
0x0ceb,34933,0.000887687405
0x0cec,34933,0.000887687405
0x0cef,6986,0.000177522234
0x0cf4,3,0.000000076233
0x0cf5,3,0.000000076233
0x0cf6,3,0.000000076233
0x0d1c,2794,0.000070998729
0x0d1f,2794,0.000070998729
0x0d22,44704,0.001135979668
0x0d25,44704,0.001135979668
0x0d26,44704,0.001135979668
0x0d27,44704,0.001135979668
0x0d28,44704,0.001135979668
0x0d2a,44704,0.001135979668
0x0d2b,44704,0.001135979668
0x0d2e,2794,0.000070998729
0x0d30,44704,0.001135979668
0x0d31,44704,0.001135979668
0x0d32,44704,0.001135979668
0x0d33,44704,0.001135979668
0x0d34,44704,0.001135979668
0x0d35,44704,0.001135979668
0x0d37,44704,0.001135979668
0x0d38,31021,0.000788279020
0x0d39,31021,0.000788279020
0x0d3a,31021,0.000788279020
0x0d3b,31021,0.000788279020
0x0d3c,31021,0.000788279020
0x0d3e,31021,0.000788279020
0x0d3f,31021,0.000788279020
0x0d41,31021,0.000788279020
0x0d42,31021,0.000788279020
0x0d43,31021,0.000788279020
0x0d46,28431,0.000722464163
0x0d47,28431,0.000722464163
0x0d48,28431,0.000722464163
0x0d4b,4203,0.000106803028
0x0d4c,4203,0.000106803028
0x0d4d,4203,0.000106803028
0x0d4e,4203,0.000106803028
0x0d4f,6793,0.000172617884
0x0d50,6793,0.000172617884
0x0d51,6793,0.000172617884
0x0d52,6793,0.000172617884
0x0d53,6793,0.000172617884
0x0d54,6793,0.000172617884
0x0d55,6793,0.000172617884
0x0d57,6793,0.000172617884
0x0d58,6793,0.000172617884
0x0d59,2783,0.000070719207
0x0d5a,2783,0.000070719207
0x0d5e,24228,0.000615661136
0x0d5f,24228,0.000615661136
0x0d60,24228,0.000615661136
0x0d61,24228,0.000615661136
0x0d62,24228,0.000615661136
0x0d64,24228,0.000615661136
0x0d65,24228,0.000615661136
0x0d66,3725,0.000094656502
0x0d67,3725,0.000094656502
0x0d70,2793,0.000070973318
0x0d73,2793,0.000070973318
0x0d76,44688,0.001135573090
0x0d79,44688,0.001135573090
0x0d7a,44688,0.001135573090
0x0d7c,44688,0.001135573090
0x0d7d,44688,0.001135573090
0x0d7f,44688,0.001135573090
0x0d80,44688,0.001135573090
0x0d83,2793,0.000070973318
0x0d86,44688,0.001135573090
0x0d87,44688,0.001135573090
0x0d88,44688,0.001135573090
0x0d89,44688,0.001135573090
0x0d8a,44688,0.001135573090
0x0d8b,44688,0.001135573090
0x0d8d,44688,0.001135573090
0x0d8e,31005,0.000787872441
0x0d8f,31005,0.000787872441
0x0d90,31005,0.000787872441
0x0d91,31005,0.000787872441
0x0d94,31005,0.000787872441
0x0d95,31005,0.000787872441
0x0d96,31005,0.000787872441
0x0d97,31005,0.000787872441
0x0d99,31005,0.000787872441
0x0d9a,31005,0.000787872441
0x0d9c,31005,0.000787872441
0x0d9d,31005,0.000787872441
0x0d9f,31005,0.000787872441
0x0da0,31005,0.000787872441
0x0da1,31005,0.000787872441
0x0da2,31005,0.000787872441
0x0da3,31005,0.000787872441
0x0da4,31005,0.000787872441
0x0da5,31005,0.000787872441
0x0da6,31005,0.000787872441
0x0da7,31005,0.000787872441
0x0da8,31005,0.000787872441
0x0dab,28564,0.000725843845
0x0dac,28564,0.000725843845
0x0daf,4268,0.000108454752
0x0db0,4268,0.000108454752
0x0db1,4268,0.000108454752
0x0db3,4268,0.000108454752
0x0db4,4268,0.000108454752
0x0db5,4268,0.000108454752
0x0dbb,2441,0.000062028596
0x0dbc,2441,0.000062028596
0x0dbd,2441,0.000062028596
0x0dbf,2441,0.000062028596
0x0dc0,2441,0.000062028596
0x0dc1,2441,0.000062028596
0x0dc2,2441,0.000062028596
0x0dc3,2441,0.000062028596
0x0dc5,2441,0.000062028596
0x0dc6,2441,0.000062028596
0x0dcc,24296,0.000617389093
0x0dcd,24296,0.000617389093
0x0dce,24296,0.000617389093
0x0dcf,24296,0.000617389093
0x0dd1,24296,0.000617389093
0x0dd2,31005,0.000787872441
0x0dd3,31005,0.000787872441
0x0dd5,31005,0.000787872441
0x0dd6,31005,0.000787872441
0x0dd7,31005,0.000787872441
0x0dd8,31005,0.000787872441
0x0dd9,31005,0.000787872441
0x0dda,31005,0.000787872441
0x0dde,147,0.000003735438
0x0ddf,147,0.000003735438
0x0de0,147,0.000003735438
0x0de3,147,0.000003735438
0x0de4,147,0.000003735438
0x0de5,147,0.000003735438
0x0de6,147,0.000003735438
0x0de9,147,0.000003735438
0x0dea,147,0.000003735438
0x0deb,147,0.000003735438
0x0dec,147,0.000003735438
0x0ded,147,0.000003735438
0x0df0,10181,0.000258710831
0x0df3,10181,0.000258710831
0x0df6,10181,0.000258710831
0x0df9,10181,0.000258710831
0x0dfc,10181,0.000258710831
0x0dff,10181,0.000258710831
0x0e10,20362,0.000517421663
0x0e11,20362,0.000517421663
0x0e13,20362,0.000517421663
0x0e14,3892,0.000098900163
0x0e15,3892,0.000098900163
0x0e16,3892,0.000098900163
0x0e17,3892,0.000098900163
0x0e18,3892,0.000098900163
0x0e1a,3892,0.000098900163
0x0e1b,3892,0.000098900163
0x0e1d,3892,0.000098900163
0x0e1e,78,0.000001982069
0x0e20,78,0.000001982069
0x0e23,55,0.000001397613
0x0e25,55,0.000001397613
0x0e26,55,0.000001397613
0x0e27,55,0.000001397613
0x0e29,55,0.000001397613
0x0e2a,55,0.000001397613
0x0e2c,55,0.000001397613
0x0e2d,55,0.000001397613
0x0e2e,55,0.000001397613
0x0e2f,55,0.000001397613
0x0e31,55,0.000001397613
0x0e32,55,0.000001397613
0x0e33,48,0.000001219735
0x0e34,48,0.000001219735
0x0e35,48,0.000001219735
0x0e36,42,0.000001067268
0x0e39,23,0.000000584456
0x0e3a,23,0.000000584456
0x0e3b,23,0.000000584456
0x0e3c,23,0.000000584456
0x0e3d,23,0.000000584456
0x0e3e,23,0.000000584456
0x0e3f,23,0.000000584456
0x0e41,23,0.000000584456
0x0e42,23,0.000000584456
0x0e45,270,0.000006861008
0x0e46,270,0.000006861008
0x0e47,270,0.000006861008
0x0e48,270,0.000006861008
0x0e4a,270,0.000006861008
0x0e4d,259,0.000006581486
0x0e4e,259,0.000006581486
0x0e4f,259,0.000006581486
0x0e51,259,0.000006581486
0x0e52,259,0.000006581486
0x0e55,12,0.000000304934
0x0e58,161,0.000004091194
0x0e59,161,0.000004091194
0x0e5a,161,0.000004091194
0x0e5b,69,0.000001753369
0x0e5c,69,0.000001753369
0x0e5e,69,0.000001753369
0x0e5f,69,0.000001753369
0x0e60,26,0.000000660690
0x0e61,26,0.000000660690
0x0e62,26,0.000000660690
0x0e63,26,0.000000660690
0x0e65,26,0.000000660690
0x0e66,26,0.000000660690
0x0e67,11,0.000000279523
0x0e69,11,0.000000279523
0x0e6a,11,0.000000279523
0x0e6b,11,0.000000279523
0x0e70,42,0.000001067268
0x0e71,42,0.000001067268
0x0e72,42,0.000001067268
0x0e74,42,0.000001067268
0x0e75,42,0.000001067268
0x0e76,42,0.000001067268
0x0e77,42,0.000001067268
0x0e78,42,0.000001067268
0x0e7a,42,0.000001067268
0x0e7b,42,0.000001067268
0x0e7e,300,0.000007623342
0x0e7f,300,0.000007623342
0x0e80,300,0.000007623342
0x0e81,300,0.000007623342
0x0e83,300,0.000007623342
0x0e86,258,0.000006556074
0x0e87,258,0.000006556074
0x0e88,258,0.000006556074
0x0e8a,258,0.000006556074
0x0e8b,258,0.000006556074
0x0e90,198,0.000005031406
0x0e91,198,0.000005031406
0x0e93,198,0.000005031406
0x0e94,198,0.000005031406
0x0e95,96,0.000002439470
0x0e97,96,0.000002439470
0x0e98,96,0.000002439470
0x0e99,56,0.000001423024
0x0e9a,56,0.000001423024
0x0e9b,56,0.000001423024
0x0e9c,56,0.000001423024
0x0e9e,56,0.000001423024
0x0e9f,56,0.000001423024
0x0ea0,42,0.000001067268
0x0ea3,42,0.000001067268
0x0ea4,53,0.000001346790
0x0ea5,53,0.000001346790
0x0ea6,53,0.000001346790
0x0ea7,53,0.000001346790
0x0ea8,53,0.000001346790
0x0ea9,53,0.000001346790
0x0eaa,53,0.000001346790
0x0eac,53,0.000001346790
0x0ead,56,0.000001423024
0x0eae,56,0.000001423024
0x0eb0,56,0.000001423024
0x0eb1,56,0.000001423024
0x0eb2,56,0.000001423024
0x0eb4,56,0.000001423024
0x0eb5,56,0.000001423024
0x0eb6,56,0.000001423024
0x0eb7,56,0.000001423024
0x0eb8,56,0.000001423024
0x0ebb,56,0.000001423024
0x0ebc,56,0.000001423024
0x0ebe,56,0.000001423024
0x0ec1,53,0.000001346790
0x0ec3,56,0.000001423024
0x0ec4,56,0.000001423024
0x0ec5,56,0.000001423024
0x0ed5,56,0.000001423024
0x0ed6,56,0.000001423024
0x0ed7,56,0.000001423024
0x0ed8,56,0.000001423024
0x0ed9,56,0.000001423024
0x0eda,56,0.000001423024
0x0edb,56,0.000001423024
0x0edc,56,0.000001423024
0x0ede,56,0.000001423024
0x0ee0,56,0.000001423024
0x0ee2,56,0.000001423024
0x0ee3,56,0.000001423024
0x0ee4,56,0.000001423024
0x0ee5,56,0.000001423024
0x0f00,2798,0.000071100374
0x0f03,2798,0.000071100374
0x0f04,2798,0.000071100374
0x0f06,2798,0.000071100374
0x0f09,2798,0.000071100374
0x0f0b,2798,0.000071100374
0x0f0c,2798,0.000071100374
0x0f0d,2798,0.000071100374
0x0f0e,2798,0.000071100374
0x0f11,2798,0.000071100374
0x0f14,2798,0.000071100374
0x0f15,3,0.000000076233
0x0f16,3,0.000000076233
0x0f17,3,0.000000076233
0x0f1a,3,0.000000076233
0x0f1b,3,0.000000076233
0x0f1d,3,0.000000076233
0x0f1e,3,0.000000076233
0x0f1f,3,0.000000076233
0x0f20,3,0.000000076233
0x0f23,15,0.000000381167
0x0f24,15,0.000000381167
0x0f25,15,0.000000381167
0x0f26,15,0.000000381167
0x0f28,15,0.000000381167
0x0f2b,12,0.000000304934
0x0f2c,12,0.000000304934
0x0f2d,12,0.000000304934
0x0f2f,12,0.000000304934
0x0f30,12,0.000000304934
0x0f38,6,0.000000152467
0x0f39,6,0.000000152467
0x0f3a,6,0.000000152467
0x0f3b,6,0.000000152467
0x0f3d,6,0.000000152467
0x0f3e,3,0.000000076233
0x0f40,3,0.000000076233
0x0f41,3,0.000000076233
0x0f42,3,0.000000076233
0x0f43,3,0.000000076233
0x0f44,3,0.000000076233
0x0f45,3,0.000000076233
0x0f46,3,0.000000076233
0x0f49,3,0.000000076233
0x0f4c,3,0.000000076233
0x0f4d,3,0.000000076233
0x0f4e,3,0.000000076233
0x0f56,5593,0.000142124514
0x0f57,5593,0.000142124514
0x0f58,11183,0.000284172795
0x0f59,11183,0.000284172795
0x0f5b,11183,0.000284172795
0x0f5e,3,0.000000076233
0x0f60,3,0.000000076233
0x0f63,11180,0.000284096562
0x0f64,11180,0.000284096562
0x0f65,11180,0.000284096562
0x0f68,5590,0.000142048281
0x0f69,5590,0.000142048281
0x0f6a,5590,0.000142048281
0x0f6d,5590,0.000142048281
0x0f6e,5590,0.000142048281
0x0f71,2795,0.000071024140
0x0fc0,7328,0.000186212845
0x0fc3,7328,0.000186212845
0x0fc6,7328,0.000186212845
0x0fc9,7328,0.000186212845
0x0fcc,7328,0.000186212845
0x0fcf,7328,0.000186212845
0x0fd2,7328,0.000186212845
0x0fd5,7328,0.000186212845
0x0fd8,14656,0.000372425689
0x0fd9,14656,0.000372425689
0x0fda,14656,0.000372425689
0x0fdb,849,0.000021574059
0x0fdc,849,0.000021574059
0x0fdd,849,0.000021574059
0x0fde,849,0.000021574059
0x0fdf,849,0.000021574059
0x0fe0,849,0.000021574059
0x0fe1,849,0.000021574059
0x0fe2,849,0.000021574059
0x0fe3,849,0.000021574059
0x0fe6,849,0.000021574059
0x0fe7,849,0.000021574059
0x0fe9,849,0.000021574059
0x0fea,849,0.000021574059
0x0fec,849,0.000021574059
0x0fed,849,0.000021574059
0x0fef,849,0.000021574059
0x0ff0,849,0.000021574059
0x0ff1,849,0.000021574059
0x0ff4,849,0.000021574059
0x14e0,1416,0.000035982176
0x14e1,1416,0.000035982176
0x14e4,1416,0.000035982176
0x14e6,1416,0.000035982176
0x17e0,15694,0.000398802454
0x17e3,15694,0.000398802454
0x17e5,15694,0.000398802454
0x17e8,15694,0.000398802454
0x1df0,897,0.000022793794
0x1df3,897,0.000022793794
0x1df5,897,0.000022793794
0x1ee0,528,0.000013417083
0x1ee3,528,0.000013417083
0x1ee6,13728,0.000348844150
0x1ee7,13728,0.000348844150
0x1ee8,13728,0.000348844150
0x1ee9,13728,0.000348844150
0x1eec,13728,0.000348844150
0x1eed,13728,0.000348844150
0x1ef0,528,0.000013417083
0x1ef1,528,0.000013417083
0x1ef2,528,0.000013417083
0x1ef4,528,0.000013417083
0x1ef7,528,0.000013417083
0x1ef8,528,0.000013417083
0x1ef9,528,0.000013417083
0x1efa,528,0.000013417083
0x2000,10181,0.000258710831
0x2003,10181,0.000258710831
0x2006,10181,0.000258710831
0x2009,10181,0.000258710831
0x200c,10181,0.000258710831
0x200d,10181,0.000258710831
0x200f,10181,0.000258710831
0x2010,10181,0.000258710831
0x2011,10181,0.000258710831
0x2014,10181,0.000258710831
0x2015,10181,0.000258710831
0x2018,9989,0.000253831892
0x201a,9989,0.000253831892
0x201d,1194,0.000030340903
0x201e,1194,0.000030340903
0x201f,1194,0.000030340903
0x2020,1194,0.000030340903
0x2023,298,0.000007572520
0x2025,1194,0.000030340903
0x2026,1194,0.000030340903
0x2027,1194,0.000030340903
0x202a,1190,0.000030239258
0x2040,4492,0.000114146847
0x2043,4492,0.000114146847
0x2046,4492,0.000114146847
0x2047,4492,0.000114146847
0x2048,4492,0.000114146847
0x2049,39,0.000000991035
0x204a,39,0.000000991035
0x204b,39,0.000000991035
0x204c,39,0.000000991035
0x204d,39,0.000000991035
0x204e,39,0.000000991035
0x204f,39,0.000000991035
0x2050,39,0.000000991035
0x2051,39,0.000000991035
0x2052,39,0.000000991035
0x2055,39,0.000000991035
0x2057,39,0.000000991035
0x2058,39,0.000000991035
0x2059,39,0.000000991035
0x205a,39,0.000000991035
0x205c,39,0.000000991035
0x205d,39,0.000000991035
0x205e,39,0.000000991035
0x2060,39,0.000000991035
0x2061,39,0.000000991035
0x2062,39,0.000000991035
0x2063,39,0.000000991035
0x2064,39,0.000000991035
0x2065,39,0.000000991035
0x2066,39,0.000000991035
0x2068,39,0.000000991035
0x2069,39,0.000000991035
0x206a,39,0.000000991035
0x206b,39,0.000000991035
0x206c,39,0.000000991035
0x206d,39,0.000000991035
0x2070,176,0.000004472361
0x2071,176,0.000004472361
0x2073,176,0.000004472361
0x2075,176,0.000004472361
0x2076,176,0.000004472361
0x2077,176,0.000004472361
0x2079,176,0.000004472361
0x207a,176,0.000004472361
0x207b,176,0.000004472361
0x207e,176,0.000004472361
0x2081,176,0.000004472361
0x2085,176,0.000004472361
0x2087,176,0.000004472361
0x2088,176,0.000004472361
0x2089,176,0.000004472361
0x208a,176,0.000004472361
0x208c,176,0.000004472361
0x208d,176,0.000004472361
0x208f,176,0.000004472361
0x2090,176,0.000004472361
0x2091,224,0.000005692096
0x2093,224,0.000005692096
0x2094,224,0.000005692096
0x2096,224,0.000005692096
0x2097,224,0.000005692096
0x209a,48,0.000001219735
0x209b,48,0.000001219735
0x209c,48,0.000001219735
0x209d,48,0.000001219735
0x209f,48,0.000001219735
0x20a0,48,0.000001219735
0x20a1,48,0.000001219735
0x20a3,48,0.000001219735
0x20a4,48,0.000001219735
0x20a5,48,0.000001219735
0x20a7,48,0.000001219735
0x20a8,48,0.000001219735
0x20b0,176,0.000004472361
0x20b1,5536,0.000140676079
0x20b2,5536,0.000140676079
0x20b3,5536,0.000140676079
0x20b5,44288,0.001125408633
0x20b7,44288,0.001125408633
0x20b8,44288,0.001125408633
0x20bb,1700,0.000043198940
0x20bc,1700,0.000043198940
0x20bd,1700,0.000043198940
0x20be,1700,0.000043198940
0x20bf,44288,0.001125408633
0x20c0,44288,0.001125408633
0x20c1,44288,0.001125408633
0x20c2,44288,0.001125408633
0x20c5,5536,0.000140676079
0x20c6,5536,0.000140676079
0x20c7,5536,0.000140676079
0x20c8,5536,0.000140676079
0x20c9,5536,0.000140676079
0x20cc,2768,0.000070338040
0x20cd,2768,0.000070338040
0x20cf,2768,0.000070338040
0x20d2,2592,0.000065865679
0x20d3,2592,0.000065865679
0x20d4,2592,0.000065865679
0x20d6,2592,0.000065865679
0x20d7,2592,0.000065865679
0x20d8,2592,0.000065865679
0x20da,2592,0.000065865679
0x20db,2592,0.000065865679
0x20dc,2592,0.000065865679
0x20de,2592,0.000065865679
0x20e1,176,0.000004472361
0x20e2,176,0.000004472361
0x20e8,176,0.000004472361
0x20e9,176,0.000004472361
0x20ea,176,0.000004472361
0x20ec,176,0.000004472361
0x20ed,176,0.000004472361
0x20f0,176,0.000004472361
0x20f1,176,0.000004472361
0x20f2,176,0.000004472361
0x20f3,176,0.000004472361
0x20f4,176,0.000004472361
0x20f6,176,0.000004472361
0x20f7,176,0.000004472361
0x20f8,176,0.000004472361
0x20fa,176,0.000004472361
0x20fb,176,0.000004472361
0x20fc,176,0.000004472361
0x20fd,176,0.000004472361
0x20fe,176,0.000004472361
0x20ff,176,0.000004472361
0x2101,176,0.000004472361
0x2103,176,0.000004472361
0x2104,176,0.000004472361
0x2106,176,0.000004472361
0x2107,176,0.000004472361
0x2108,176,0.000004472361
0x2109,176,0.000004472361
0x210a,176,0.000004472361
0x210d,176,0.000004472361
0x211c,176,0.000004472361
0x211f,176,0.000004472361
0x2120,176,0.000004472361
0x2122,176,0.000004472361
0x2123,128,0.000003252626
0x2125,128,0.000003252626
0x2130,8799,0.000223592634
0x2131,8799,0.000223592634
0x2132,8799,0.000223592634
0x2135,6596,0.000167611889
0x2137,6596,0.000167611889
0x213a,4396,0.000111707378
0x213c,4396,0.000111707378
0x213f,2198,0.000055853689
0x2146,1190,0.000030239258
0x2147,1190,0.000030239258
0x2148,1190,0.000030239258
0x214b,595,0.000015119629
0x2150,2203,0.000055980745
0x2153,2203,0.000055980745
0x2156,2203,0.000055980745
0x2160,2200,0.000055904511
0x2163,2200,0.000055904511
0x2166,2199,0.000055879100
0x2169,2199,0.000055879100
0x2170,2198,0.000055853689
0x2173,2198,0.000055853689
0x2180,2198,0.000055853689
0x2183,2198,0.000055853689
0x2186,2198,0.000055853689
0x2189,2198,0.000055853689
0x2190,595,0.000015119629
0x2193,595,0.000015119629
0x2196,595,0.000015119629
0x2199,595,0.000015119629
0x219c,595,0.000015119629
0x21a5,595,0.000015119629
0x21a8,595,0.000015119629
0x21ab,595,0.000015119629
0x21ae,595,0.000015119629
0x21b1,595,0.000015119629
0x21ba,192,0.000004878939
0x21bb,192,0.000004878939
0x21bc,192,0.000004878939
0x21bf,96,0.000002439470
0x21c2,96,0.000002439470
0x21c5,96,0.000002439470
0x21c8,96,0.000002439470
0x21cb,96,0.000002439470
0x21cd,96,0.000002439470
0x21cf,96,0.000002439470
0x21dc,528,0.000013417083
0x21dd,528,0.000013417083
0x21de,528,0.000013417083
0x21df,528,0.000013417083
0x21e2,528,0.000013417083
0x21e4,528,0.000013417083
0x21e5,528,0.000013417083
0x21e6,528,0.000013417083
0x21e8,528,0.000013417083
0x21e9,528,0.000013417083
0x21eb,528,0.000013417083
0x21ec,528,0.000013417083
0x21ed,528,0.000013417083
0x21ef,528,0.000013417083
0x21f0,528,0.000013417083
0x21f1,528,0.000013417083
0x21f2,528,0.000013417083
0x21f4,528,0.000013417083
0x21f5,528,0.000013417083
0x21f7,528,0.000013417083
0x21f8,528,0.000013417083
0x21f9,528,0.000013417083
0x21fc,528,0.000013417083
0x2204,288,0.000007318409
0x2207,288,0.000007318409
0x2208,288,0.000007318409
0x2209,288,0.000007318409
0x220b,288,0.000007318409
0x220c,3,0.000000076233
0x220e,3,0.000000076233
0x2210,3,0.000000076233
0x2212,3,0.000000076233
0x2214,3,0.000000076233
0x2216,3,0.000000076233
0x2217,3,0.000000076233
0x2218,3,0.000000076233
0x221a,3,0.000000076233
0x221b,3,0.000000076233
0x221d,3,0.000000076233
0x221e,3,0.000000076233
0x2220,3,0.000000076233
0x2221,3,0.000000076233
0x2222,3,0.000000076233
0x2223,3,0.000000076233
0x2224,3,0.000000076233
0x2227,2,0.000000050822
0x2228,2,0.000000050822
0x222a,3,0.000000076233
0x222b,3,0.000000076233
0x2230,440,0.000011180902
0x2233,440,0.000011180902
0x2234,440,0.000011180902
0x2235,440,0.000011180902
0x2236,440,0.000011180902
0x2237,440,0.000011180902
0x2239,440,0.000011180902
0x223b,440,0.000011180902
0x223e,424,0.000010774324
0x2240,424,0.000010774324
0x2243,216,0.000005488807
0x2245,216,0.000005488807
0x2247,216,0.000005488807
0x2249,216,0.000005488807
0x224c,8,0.000000203289
0x224f,8,0.000000203289
0x2250,8,0.000000203289
0x2252,8,0.000000203289
0x2254,8,0.000000203289
0x2260,416,0.000010571035
0x2261,416,0.000010571035
0x2262,416,0.000010571035
0x2263,416,0.000010571035
0x2264,416,0.000010571035
0x2265,416,0.000010571035
0x2267,416,0.000010571035
0x2268,416,0.000010571035
0x2269,416,0.000010571035
0x226b,416,0.000010571035
0x226d,416,0.000010571035
0x226e,416,0.000010571035
0x226f,416,0.000010571035
0x2271,416,0.000010571035
0x2272,416,0.000010571035
0x2273,416,0.000010571035
0x2274,416,0.000010571035
0x2275,416,0.000010571035
0x2276,416,0.000010571035
0x2277,416,0.000010571035
0x2278,416,0.000010571035
0x2279,416,0.000010571035
0x227a,5824,0.000147994488
0x227b,52416,0.001331950391
0x227c,52416,0.001331950391
0x227d,52416,0.001331950391
0x227e,52416,0.001331950391
0x227f,52416,0.001331950391
0x2280,52416,0.001331950391
0x2283,5824,0.000147994488
0x2284,5824,0.000147994488
0x2285,5824,0.000147994488
0x2286,5824,0.000147994488
0x2288,5824,0.000147994488
0x2289,5824,0.000147994488
0x228a,5824,0.000147994488
0x228c,5824,0.000147994488
0x228d,5824,0.000147994488
0x228e,5824,0.000147994488
0x2291,416,0.000010571035
0x2292,16,0.000000406578
0x2295,16,0.000000406578
0x2296,16,0.000000406578
0x2298,16,0.000000406578
0x229b,6,0.000000152467
0x229e,6,0.000000152467
0x22a1,6,0.000000152467
0x22a3,2496,0.000063426209
0x22a4,2496,0.000063426209
0x22a5,2496,0.000063426209
0x22a6,2496,0.000063426209
0x22a7,2496,0.000063426209
0x22a8,2496,0.000063426209
0x22a9,2496,0.000063426209
0x22aa,2496,0.000063426209
0x22ab,2496,0.000063426209
0x22ac,2496,0.000063426209
0x22ad,2496,0.000063426209
0x22b0,6,0.000000152467
0x22b4,216,0.000005488807
0x22b7,216,0.000005488807
0x22ba,216,0.000005488807
0x22bb,216,0.000005488807
0x22bc,216,0.000005488807
0x22be,216,0.000005488807
0x22c1,3,0.000000076233
0x22c3,3,0.000000076233
0x22c5,3,0.000000076233
0x22ca,147,0.000003735438
0x22cd,147,0.000003735438
0x22ce,147,0.000003735438
0x22d0,147,0.000003735438
0x22d3,3,0.000000076233
0x22d5,3,0.000000076233
0x22d7,3,0.000000076233
0x22d9,3,0.000000076233
0x22db,3,0.000000076233
0x22dd,3,0.000000076233
0x22e0,6,0.000000152467
0x22e2,16,0.000000406578
0x22e5,16,0.000000406578
0x22e8,16,0.000000406578
0x22f0,10,0.000000254111
0x22f3,10,0.000000254111
0x22f4,10,0.000000254111
0x22fa,696,0.000017686154
0x22fd,696,0.000017686154
0x22ff,696,0.000017686154
0x2302,696,0.000017686154
0x2303,12528,0.000318350780
0x2304,12528,0.000318350780
0x2306,12528,0.000318350780
0x2307,12528,0.000318350780
0x2308,12528,0.000318350780
0x2309,12528,0.000318350780
0x230a,12528,0.000318350780
0x230b,12528,0.000318350780
0x230d,12528,0.000318350780
0x230e,12528,0.000318350780
0x230f,12528,0.000318350780
0x2310,12528,0.000318350780
0x2312,12528,0.000318350780
0x2313,12528,0.000318350780
0x2314,12528,0.000318350780
0x2316,12528,0.000318350780
0x2317,12528,0.000318350780
0x231a,1392,0.000035372309
0x231b,12528,0.000318350780
0x231c,12528,0.000318350780
0x231f,696,0.000017686154
0x2322,2089,0.000053083875
0x2325,2089,0.000053083875
0x2326,2089,0.000053083875
0x2327,2089,0.000053083875
0x2329,2089,0.000053083875
0x232a,2089,0.000053083875
0x232b,2089,0.000053083875
0x232c,2089,0.000053083875
0x232e,2089,0.000053083875
0x232f,2089,0.000053083875
0x2331,2089,0.000053083875
0x2334,2089,0.000053083875
0x2337,2089,0.000053083875
0x2351,5570,0.000141540058
0x2352,5570,0.000141540058
0x2354,5570,0.000141540058
0x2355,1196,0.000030391725
0x2356,1196,0.000030391725
0x2357,1196,0.000030391725
0x2358,1196,0.000030391725
0x235a,1196,0.000030391725
0x235b,1196,0.000030391725
0x235e,1196,0.000030391725
0x235f,1196,0.000030391725
0x2360,1196,0.000030391725
0x2361,1196,0.000030391725
0x2362,1196,0.000030391725
0x2364,1196,0.000030391725
0x2365,1196,0.000030391725
0x2366,1196,0.000030391725
0x2368,1196,0.000030391725
0x2369,1196,0.000030391725
0x236a,1196,0.000030391725
0x236b,1196,0.000030391725
0x236c,1196,0.000030391725
0x236e,1196,0.000030391725
0x2370,1196,0.000030391725
0x2373,1068,0.000027139099
0x2375,1068,0.000027139099
0x2377,1068,0.000027139099
0x237a,1068,0.000027139099
0x237b,128,0.000003252626
0x237c,128,0.000003252626
0x237e,128,0.000003252626
0x237f,128,0.000003252626
0x2381,128,0.000003252626
0x2384,128,0.000003252626
0x2385,128,0.000003252626
0x2386,128,0.000003252626
0x2387,128,0.000003252626
0x2389,128,0.000003252626
0x238a,36,0.000000914801
0x238c,36,0.000000914801
0x238d,36,0.000000914801
0x238e,36,0.000000914801
0x2390,36,0.000000914801
0x2391,31,0.000000787745
0x2393,31,0.000000787745
0x23d6,5518,0.000140218679
0x23d9,5518,0.000140218679
0x23da,5518,0.000140218679
0x23dc,5518,0.000140218679
0x23de,5518,0.000140218679
0x23e1,3450,0.000087668438
0x23e3,3450,0.000087668438
0x23e6,2170,0.000055142177
0x23e8,2170,0.000055142177
0x23eb,914,0.000023225783
0x23ed,914,0.000023225783
0x23f0,270,0.000006861008
0x23f2,270,0.000006861008
0x2476,55,0.000001397613
0x2477,55,0.000001397613
0x2478,55,0.000001397613
0x247b,55,0.000001397613
0x247d,55,0.000001397613
0x247e,55,0.000001397613
0x2481,55,0.000001397613
0x2483,55,0.000001397613
0x2484,55,0.000001397613
0x2485,55,0.000001397613
0x2487,55,0.000001397613
0x2488,55,0.000001397613
0x2489,55,0.000001397613
0x248a,55,0.000001397613
0x248c,55,0.000001397613
0x248d,55,0.000001397613
0x248f,55,0.000001397613
0x2490,55,0.000001397613
0x2493,55,0.000001397613
0x2495,55,0.000001397613
0x2496,55,0.000001397613
0x2497,55,0.000001397613
0x2498,50,0.000001270557
0x2499,50,0.000001270557
0x249a,50,0.000001270557
0x249b,36,0.000000914801
0x249c,36,0.000000914801
0x249d,36,0.000000914801
0x249e,19,0.000000482812
0x249f,19,0.000000482812
0x24a0,10181,0.000258710831
0x24a3,10181,0.000258710831
0x24a5,10181,0.000258710831
0x24a7,10181,0.000258710831
0x24a8,5570,0.000141540058
0x24ab,5570,0.000141540058
0x24ae,5570,0.000141540058
0x24b1,5570,0.000141540058
0x24b4,5570,0.000141540058
0x24b6,5570,0.000141540058
0x24b8,5570,0.000141540058
0x24b9,1392,0.000035372309
0x24c4,5089,0.000129317299
0x24c7,5089,0.000129317299
0x24c9,5089,0.000129317299
0x24cb,5089,0.000129317299
0x24ce,2785,0.000070770029
0x24d1,2785,0.000070770029
0x24d4,2785,0.000070770029
0x24d5,2785,0.000070770029
0x24d6,2785,0.000070770029
0x24d8,2785,0.000070770029
0x24db,2089,0.000053083875
0x24e0,2785,0.000070770029
0x24e3,2785,0.000070770029
0x24e5,2785,0.000070770029
0x24e6,175,0.000004446950
0x24e9,175,0.000004446950
0x24eb,175,0.000004446950
0x24ec,175,0.000004446950
0x24f2,1392,0.000035372309
0x24f5,1392,0.000035372309
0x24f7,1392,0.000035372309
0x24f8,1392,0.000035372309
0x24f9,1392,0.000035372309
0x24fc,1392,0.000035372309
0x24fe,1392,0.000035372309
0x24ff,1392,0.000035372309
0x2500,411,0.000010443979
0x2503,411,0.000010443979
0x2504,411,0.000010443979
0x2505,381,0.000009681645
0x2508,381,0.000009681645
0x2509,381,0.000009681645
0x250a,94,0.000002388647
0x250b,94,0.000002388647
0x250d,94,0.000002388647
0x250e,94,0.000002388647
0x2511,94,0.000002388647
0x2512,94,0.000002388647
0x2513,94,0.000002388647
0x2515,94,0.000002388647
0x2517,94,0.000002388647
0x2518,94,0.000002388647
0x2519,94,0.000002388647
0x251a,94,0.000002388647
0x2560,2793,0.000070973318
0x2563,2793,0.000070973318
0x2564,2793,0.000070973318
0x2566,2793,0.000070973318
0x2567,2793,0.000070973318
0x2568,2793,0.000070973318
0x2569,2793,0.000070973318
0x256a,2793,0.000070973318
0x256b,2793,0.000070973318
0x256d,2793,0.000070973318
0x256e,2793,0.000070973318
0x2570,2793,0.000070973318
0x2572,2793,0.000070973318
0x2575,2793,0.000070973318
0x2576,2793,0.000070973318
0x2577,2793,0.000070973318
0x2578,2793,0.000070973318
0x2579,2793,0.000070973318
0x257b,2793,0.000070973318
0x257c,2793,0.000070973318
0x257f,2793,0.000070973318
0x2581,2793,0.000070973318
0x2582,2793,0.000070973318
0x2585,2793,0.000070973318
0x2587,2793,0.000070973318
0x2588,22196,0.000564025696
0x2589,22196,0.000564025696
0x258c,22140,0.000562602672
0x258d,22140,0.000562602672
0x258e,22140,0.000562602672
0x2590,22140,0.000562602672
0x2591,22140,0.000562602672
0x2592,22140,0.000562602672
0x2595,2737,0.000069550294
0x2596,22196,0.000564025696
0x2597,22196,0.000564025696
0x2599,22196,0.000564025696
0x259a,15415,0.000391712746
0x259b,15415,0.000391712746
0x259c,15415,0.000391712746
0x259e,15415,0.000391712746
0x259f,15415,0.000391712746
0x25a1,15415,0.000391712746
0x25a2,14320,0.000363887546
0x25a3,14320,0.000363887546
0x25a4,14320,0.000363887546
0x25a5,14320,0.000363887546
0x25a6,9708,0.000246691361
0x25a7,9708,0.000246691361
0x25a8,2310,0.000058699737
0x25a9,2310,0.000058699737
0x25aa,2310,0.000058699737
0x25ab,2310,0.000058699737
0x25ac,2272,0.000057734113
0x25ae,2272,0.000057734113
0x25af,56,0.000001423024
0x25b0,56,0.000001423024
0x25b1,56,0.000001423024
0x25b2,56,0.000001423024
0x25b3,56,0.000001423024
0x25b4,56,0.000001423024
0x25b5,56,0.000001423024
0x25b6,56,0.000001423024
0x25b7,302,0.000007674165
0x25ba,302,0.000007674165
0x25bc,302,0.000007674165
0x25be,302,0.000007674165
0x25ca,302,0.000007674165
0x25cd,705,0.000017914855
0x25ce,705,0.000017914855
0x25d0,705,0.000017914855
0x25d3,532,0.000013518727
0x25d4,532,0.000013518727
0x25d6,532,0.000013518727
0x25d7,532,0.000013518727
0x25d8,532,0.000013518727
0x25db,129,0.000003278037
0x25dc,129,0.000003278037
0x25dd,129,0.000003278037
0x25e0,173,0.000004396127
0x25e1,173,0.000004396127
0x25e3,173,0.000004396127
0x25e4,173,0.000004396127
0x25e5,173,0.000004396127
0x25e7,173,0.000004396127
0x25e8,173,0.000004396127
0x25ea,173,0.000004396127
0x25eb,173,0.000004396127
0x25ec,173,0.000004396127
0x25ed,173,0.000004396127
0x25ef,173,0.000004396127
0x25f0,173,0.000004396127
0x25f1,173,0.000004396127
0x25f3,173,0.000004396127
0x25f4,173,0.000004396127
0x25f6,173,0.000004396127
0x25f7,173,0.000004396127
0x25f8,173,0.000004396127
0x25f9,173,0.000004396127
0x25fa,173,0.000004396127
0x25fb,173,0.000004396127
0x25fc,173,0.000004396127
0x25fd,173,0.000004396127
0x2600,3796,0.000096460693
0x2601,3796,0.000096460693
0x2602,3796,0.000096460693
0x2603,3796,0.000096460693
0x2604,3796,0.000096460693
0x2605,3796,0.000096460693
0x2608,3796,0.000096460693
0x2609,3796,0.000096460693
0x260a,3796,0.000096460693
0x260b,3796,0.000096460693
0x260c,3796,0.000096460693
0x260e,3796,0.000096460693
0x2611,3796,0.000096460693
0x2612,3796,0.000096460693
0x2613,3796,0.000096460693
0x2616,3796,0.000096460693
0x2617,3796,0.000096460693
0x261a,2238,0.000056870135
0x261d,2238,0.000056870135
0x261e,2238,0.000056870135
0x2620,2238,0.000056870135
0x2621,2238,0.000056870135
0x2624,2238,0.000056870135
0x2625,2238,0.000056870135
0x2626,2238,0.000056870135
0x2628,2238,0.000056870135
0x2629,2238,0.000056870135
0x262b,2238,0.000056870135
0x262c,2238,0.000056870135
0x262e,2238,0.000056870135
0x262f,2238,0.000056870135
0x2630,2238,0.000056870135
0x2631,2238,0.000056870135
0x2633,2238,0.000056870135
0x2634,2238,0.000056870135
0x2635,2238,0.000056870135
0x2638,2238,0.000056870135
0x2639,3796,0.000096460693
0x263c,3796,0.000096460693
0x263f,3796,0.000096460693
0x2642,3796,0.000096460693
0x2643,3796,0.000096460693
0x2646,1898,0.000048230347
0x2649,1898,0.000048230347
0x2650,1558,0.000039590558
0x2651,1558,0.000039590558
0x2654,1558,0.000039590558
0x2655,1558,0.000039590558
0x2656,1558,0.000039590558
0x2658,1558,0.000039590558
0x2659,1558,0.000039590558
0x265b,1558,0.000039590558
0x265c,1558,0.000039590558
0x265e,1558,0.000039590558
0x2661,1558,0.000039590558
0x2662,1558,0.000039590558
0x2668,1898,0.000048230347
0x266b,1898,0.000048230347
0x266c,1898,0.000048230347
0x266d,1898,0.000048230347
0x2670,1898,0.000048230347
0x2672,1898,0.000048230347
0x2676,1898,0.000048230347
0x2678,1898,0.000048230347
0x267c,1898,0.000048230347
0x267f,1898,0.000048230347
0x2681,1898,0.000048230347
0x2684,1898,0.000048230347
0x2685,1898,0.000048230347
0x2688,1898,0.000048230347
0x268a,1898,0.000048230347
0x268b,1898,0.000048230347
0x268d,1898,0.000048230347
0x268e,1898,0.000048230347
0x268f,1898,0.000048230347
0x2692,1892,0.000048077880
0x2693,1898,0.000048230347
0x2694,1898,0.000048230347
0x2697,1898,0.000048230347
0x2699,1898,0.000048230347
0x269c,550,0.000013976128
0x269d,1898,0.000048230347
0x269f,1898,0.000048230347
0x26a2,137,0.000003481326
0x26a3,1898,0.000048230347
0x26a4,1898,0.000048230347
0x26a7,1898,0.000048230347
0x26aa,1898,0.000048230347
0x26ad,1898,0.000048230347
0x26ae,1898,0.000048230347
0x26af,1898,0.000048230347
0x26b0,1898,0.000048230347
0x26b1,377,0.000009580000
0x26b2,377,0.000009580000
0x26b4,377,0.000009580000
0x26b5,377,0.000009580000
0x26b7,377,0.000009580000
0x26b8,377,0.000009580000
0x26ba,377,0.000009580000
0x26bb,55,0.000001397613
0x26bc,55,0.000001397613
0x26bd,55,0.000001397613
0x26be,55,0.000001397613
0x26bf,55,0.000001397613
0x26c2,55,0.000001397613
0x26c4,55,0.000001397613
0x26c6,55,0.000001397613
0x26c7,55,0.000001397613
0x26c8,55,0.000001397613
0x26ca,55,0.000001397613
0x26cb,55,0.000001397613
0x26cc,55,0.000001397613
0x26d0,1898,0.000048230347
0x26d3,1898,0.000048230347
0x26d6,1898,0.000048230347
0x26d9,15184,0.000385842772
0x26da,15184,0.000385842772
0x26db,15184,0.000385842772
0x26de,9786,0.000248673430
0x26df,9786,0.000248673430
0x26e0,9786,0.000248673430
0x26e3,1802,0.000045790877
0x26e4,9786,0.000248673430
0x26e5,15184,0.000385842772
0x26e6,15184,0.000385842772
0x26e7,15184,0.000385842772
0x26e8,15184,0.000385842772
0x26e9,15184,0.000385842772
0x26eb,15184,0.000385842772
0x26ee,1898,0.000048230347
0x26f1,1898,0.000048230347
0x26f2,1898,0.000048230347
0x26f3,1898,0.000048230347
0x26f5,1898,0.000048230347
0x26f8,1898,0.000048230347
0x26f9,1898,0.000048230347
0x26fa,1898,0.000048230347
0x26fd,1898,0.000048230347
0x2700,6586,0.000167357778
0x2703,6586,0.000167357778
0x2704,6586,0.000167357778
0x2705,6586,0.000167357778
0x2706,6585,0.000167332367
0x2707,6585,0.000167332367
0x2708,6585,0.000167332367
0x270a,6585,0.000167332367
0x270b,6585,0.000167332367
0x270c,6585,0.000167332367
0x270e,6585,0.000167332367
0x270f,6585,0.000167332367
0x2711,6585,0.000167332367
0x2714,6585,0.000167332367
0x2717,26340,0.000669329466
0x271a,26340,0.000669329466
0x271b,26340,0.000669329466
0x271c,26340,0.000669329466
0x271d,26340,0.000669329466
0x271e,26340,0.000669329466
0x2720,26340,0.000669329466
0x2723,6585,0.000167332367
0x2725,6585,0.000167332367
0x2728,6585,0.000167332367
0x272a,6585,0.000167332367
0x2739,6585,0.000167332367
0x273c,6585,0.000167332367
0x273d,6585,0.000167332367
0x2740,6585,0.000167332367
0x2743,6585,0.000167332367
0x2748,26340,0.000669329466
0x2749,26340,0.000669329466
0x274a,26340,0.000669329466
0x274c,26340,0.000669329466
0x274d,101,0.000002566525
0x274e,101,0.000002566525
0x274f,101,0.000002566525
0x2750,50,0.000001270557
0x2751,50,0.000001270557
0x2752,50,0.000001270557
0x2753,50,0.000001270557
0x2754,50,0.000001270557
0x2755,50,0.000001270557
0x2757,50,0.000001270557
0x2758,50,0.000001270557
0x2759,50,0.000001270557
0x275b,50,0.000001270557
0x275c,50,0.000001270557
0x275f,50,0.000001270557
0x2760,50,0.000001270557
0x2761,50,0.000001270557
0x2764,50,0.000001270557
0x2768,50,0.000001270557
0x2769,50,0.000001270557
0x276c,50,0.000001270557
0x276e,50,0.000001270557
0x2771,50,0.000001270557
0x2772,50,0.000001270557
0x2778,50,0.000001270557
0x277b,50,0.000001270557
0x277c,50,0.000001270557
0x277f,50,0.000001270557
0x2780,50,0.000001270557
0x2781,50,0.000001270557
0x2782,50,0.000001270557
0x2783,50,0.000001270557
0x2784,50,0.000001270557
0x2785,50,0.000001270557
0x2786,50,0.000001270557
0x2789,50,0.000001270557
0x27a8,6585,0.000167332367
0x27ab,6585,0.000167332367
0x27ac,6585,0.000167332367
0x27af,6585,0.000167332367
0x27b0,6585,0.000167332367
0x27b1,6585,0.000167332367
0x27b4,6585,0.000167332367
0x27b6,6585,0.000167332367
0x27b7,6585,0.000167332367
0x27b8,6585,0.000167332367
0x27ba,6585,0.000167332367
0x27bd,6201,0.000157574488
0x27c0,6201,0.000157574488
0x27c1,6201,0.000157574488
0x27c2,6201,0.000157574488
0x27c5,6153,0.000156354753
0x27c7,6153,0.000156354753
0x27c8,6153,0.000156354753
0x27c9,6153,0.000156354753
0x27ca,3886,0.000098747696
0x27cc,3886,0.000098747696
0x27cf,3730,0.000094783558
0x27d0,3730,0.000094783558
0x27d2,3730,0.000094783558
0x27d3,3730,0.000094783558
0x27d5,3730,0.000094783558
0x27d6,3730,0.000094783558
0x27d8,156,0.000003964138
0x27da,156,0.000003964138
0x27dc,156,0.000003964138
0x27dd,156,0.000003964138
0x27df,156,0.000003964138
0x27e0,156,0.000003964138
0x27e2,48,0.000001219735
0x27e4,48,0.000001219735
0x27e9,48,0.000001219735
0x27ea,48,0.000001219735
0x27ec,48,0.000001219735
0x27ee,48,0.000001219735
0x3000,2798,0.000071100374
0x3003,2798,0.000071100374
0x3004,2798,0.000071100374
0x3005,2798,0.000071100374
0x3007,2798,0.000071100374
0x300a,2798,0.000071100374
0x300b,2798,0.000071100374
0x300c,2798,0.000071100374
0x300d,2798,0.000071100374
0x300e,2798,0.000071100374
0x300f,2798,0.000071100374
0x3010,2798,0.000071100374
0x3011,2798,0.000071100374
0x3012,347,0.000008817666
0x3028,353,0.000008970133
0x302b,353,0.000008970133
0x302c,353,0.000008970133
0x302e,353,0.000008970133
0x302f,353,0.000008970133
0x3031,353,0.000008970133
0x3032,353,0.000008970133
0x3034,353,0.000008970133
0x3035,289,0.000007343820
0x3037,289,0.000007343820
0x3038,289,0.000007343820
0x3039,289,0.000007343820
0x303c,276,0.000007013475
0x303d,276,0.000007013475
0x303e,4,0.000000101645
0x303f,4,0.000000101645
0x3040,4,0.000000101645
0x3042,4,0.000000101645
0x3044,4,0.000000101645
0x3046,4,0.000000101645
0x3048,4,0.000000101645
0x3049,4,0.000000101645
0x304b,4,0.000000101645
0x304d,4,0.000000101645
0x304f,4,0.000000101645
0x3050,4,0.000000101645
0x3052,4,0.000000101645
0x3055,4,0.000000101645
0x3056,4,0.000000101645
0x3057,3,0.000000076233
0x3059,3,0.000000076233
0x305c,13,0.000000330345
0x305f,13,0.000000330345
0x3062,13,0.000000330345
0x3063,13,0.000000330345
0x3064,13,0.000000330345
0x3065,13,0.000000330345
0x3066,13,0.000000330345
0x3067,13,0.000000330345
0x3068,13,0.000000330345
0x306a,13,0.000000330345
0x306c,13,0.000000330345
0x306d,13,0.000000330345
0x3074,63,0.000001600902
0x3077,63,0.000001600902
0x3078,63,0.000001600902
0x3079,63,0.000001600902
0x307a,63,0.000001600902
0x307c,63,0.000001600902
0x307d,63,0.000001600902
0x307f,63,0.000001600902
0x3080,63,0.000001600902
0x3081,63,0.000001600902
0x3082,63,0.000001600902
0x3084,63,0.000001600902
0x3089,63,0.000001600902
0x308a,63,0.000001600902
0x308b,63,0.000001600902
0x308c,63,0.000001600902
0x308d,63,0.000001600902
0x308f,63,0.000001600902
0x3090,63,0.000001600902
0x3092,63,0.000001600902
0x3093,63,0.000001600902
0x3094,63,0.000001600902
0x3095,63,0.000001600902
0x3098,63,0.000001600902
0x309a,63,0.000001600902
0x309d,5,0.000000127056
0x309f,63,0.000001600902
0x30a0,63,0.000001600902
0x30a1,63,0.000001600902
0x30a4,63,0.000001600902
0x30a6,63,0.000001600902
0x30a7,63,0.000001600902
0x30a8,63,0.000001600902
0x30aa,5246,0.000133306848
0x30ad,5246,0.000133306848
0x30ae,5246,0.000133306848
0x30af,5246,0.000133306848
0x30b0,5246,0.000133306848
0x30b1,5246,0.000133306848
0x30b3,5246,0.000133306848
0x30b5,5246,0.000133306848
0x30b6,5246,0.000133306848
0x30b8,5246,0.000133306848
0x30ba,350,0.000008893900
0x30bd,350,0.000008893900
0x30c0,350,0.000008893900
0x30c3,350,0.000008893900
0x30c6,350,0.000008893900
0x30c8,350,0.000008893900
0x30c9,350,0.000008893900
0x30ca,350,0.000008893900
0x30cb,225,0.000005717507
0x30cd,225,0.000005717507
0x30ce,225,0.000005717507
0x30cf,225,0.000005717507
0x30d2,175,0.000004446950
0x30d3,175,0.000004446950
0x30d4,44,0.000001118090
0x30d6,44,0.000001118090
0x30d8,44,0.000001118090
0x30da,1050,0.000026681699
0x30db,1050,0.000026681699
0x30dc,1050,0.000026681699
0x30dd,1050,0.000026681699
0x30de,501,0.000012730982
0x30df,501,0.000012730982
0x30e4,50,0.000001270557
0x30e7,50,0.000001270557
0x30ea,50,0.000001270557
0x30eb,50,0.000001270557
0x30ed,50,0.000001270557
0x30f2,50,0.000001270557
0x30f3,50,0.000001270557
0x30f5,50,0.000001270557
0x30f6,50,0.000001270557
0x30f7,50,0.000001270557
0x30f8,50,0.000001270557
0x30fa,50,0.000001270557
0x30fc,50,0.000001270557
0x30ff,50,0.000001270557
0x3102,50,0.000001270557
0x3105,50,0.000001270557
0x3106,50,0.000001270557
0x3107,50,0.000001270557
0x3108,50,0.000001270557
0x310a,50,0.000001270557
0x310c,50,0.000001270557
0x310e,50,0.000001270557
0x310f,50,0.000001270557
0x3112,150,0.000003811671
0x3113,150,0.000003811671
0x3114,150,0.000003811671
0x3115,150,0.000003811671
0x3116,90,0.000002287003
0x3117,90,0.000002287003
0x3118,90,0.000002287003
0x311a,90,0.000002287003
0x311b,90,0.000002287003
0x311c,90,0.000002287003
0x311d,90,0.000002287003
0x311e,50,0.000001270557
0x311f,50,0.000001270557
0x3121,50,0.000001270557
0x3124,350,0.000008893900
0x3127,350,0.000008893900
0x3128,350,0.000008893900
0x312a,350,0.000008893900
0x312b,44,0.000001118090
0x312d,44,0.000001118090
0x312f,44,0.000001118090
0x3130,44,0.000001118090
0x3131,44,0.000001118090
0x3132,44,0.000001118090
0x3134,44,0.000001118090
0x3136,44,0.000001118090
0x3138,44,0.000001118090
0x313d,44,0.000001118090
0x313f,44,0.000001118090
0x3140,44,0.000001118090
0x3141,44,0.000001118090
0x3144,44,0.000001118090
0x3145,44,0.000001118090
0x3146,44,0.000001118090
0x3149,31,0.000000787745
0x314b,44,0.000001118090
0x314d,44,0.000001118090
0x314e,44,0.000001118090
0x315a,350,0.000008893900
0x315d,350,0.000008893900
0x315e,350,0.000008893900
0x3160,350,0.000008893900
0x3161,101,0.000002566525
0x3164,101,0.000002566525
0x3165,101,0.000002566525
0x3166,101,0.000002566525
0x3167,101,0.000002566525
0x3169,101,0.000002566525
0x316a,101,0.000002566525
0x316c,101,0.000002566525
0x316d,101,0.000002566525
0x316e,101,0.000002566525
0x316f,101,0.000002566525
0x3171,101,0.000002566525
0x3172,101,0.000002566525
0x3174,101,0.000002566525
0x3176,101,0.000002566525
0x3177,101,0.000002566525
0x3178,101,0.000002566525
0x3179,1048,0.000026630876
0x317c,1005,0.000025538197
0x317d,1005,0.000025538197
0x317e,1005,0.000025538197
0x317f,1005,0.000025538197
0x3180,1005,0.000025538197
0x3181,1005,0.000025538197
0x3182,1005,0.000025538197
0x3183,1005,0.000025538197
0x3186,62,0.000001575491
0x3188,62,0.000001575491
0x318a,1005,0.000025538197
0x318b,1005,0.000025538197
0x318e,58,0.000001473846
0x3192,1048,0.000026630876
0x3193,1048,0.000026630876
0x3195,1048,0.000026630876
0x3196,717,0.000018219788
0x3199,717,0.000018219788
0x319a,717,0.000018219788
0x319b,43,0.000001092679
0x319e,43,0.000001092679
0x319f,43,0.000001092679
0x31a0,43,0.000001092679
0x31a1,43,0.000001092679
0x31a2,43,0.000001092679
0x31a3,43,0.000001092679
0x31a4,43,0.000001092679
0x31a7,43,0.000001092679
0x31a9,43,0.000001092679
0x31ac,43,0.000001092679
0x31ad,43,0.000001092679
0x31b4,347,0.000008817666
0x31b7,347,0.000008817666
0x31b9,347,0.000008817666
0x31ba,41,0.000001041857
0x31bd,41,0.000001041857
0x31bf,41,0.000001041857
0x31c0,41,0.000001041857
0x31c2,41,0.000001041857
0x31c3,41,0.000001041857
0x31c5,41,0.000001041857
0x31c6,41,0.000001041857
0x31c7,41,0.000001041857
0x31c8,41,0.000001041857
0x31cb,41,0.000001041857
0x31cd,41,0.000001041857
0x31ce,41,0.000001041857
0x31d1,19,0.000000482812
0x31d2,19,0.000000482812
0x31d3,19,0.000000482812
0x31d4,19,0.000000482812
0x31d6,41,0.000001041857
0x31d7,41,0.000001041857
0x31d8,41,0.000001041857
0x31d9,41,0.000001041857
0x31da,41,0.000001041857
0x31dc,41,0.000001041857
0x31de,41,0.000001041857
0x31df,41,0.000001041857
0x31e1,41,0.000001041857
0x31e2,41,0.000001041857
0x31e3,41,0.000001041857
0x31e4,41,0.000001041857
0x31e5,41,0.000001041857
0x31e6,41,0.000001041857
0x31e7,41,0.000001041857
0x31e8,41,0.000001041857
0x31e9,41,0.000001041857
0x31ec,41,0.000001041857
0x31ed,41,0.000001041857
0x31f0,41,0.000001041857
0x31f1,41,0.000001041857
0x31f2,41,0.000001041857
0x31f4,41,0.000001041857
0x31f5,41,0.000001041857
0x31f7,41,0.000001041857
0x31f8,41,0.000001041857
0x31fb,41,0.000001041857
0x31fd,41,0.000001041857
0x31fe,41,0.000001041857
0x31ff,41,0.000001041857
0x3201,41,0.000001041857
0x3202,41,0.000001041857
0x3203,41,0.000001041857
0x3204,41,0.000001041857
0x3207,41,0.000001041857
0x3209,41,0.000001041857
0x320a,41,0.000001041857
0x320b,41,0.000001041857
0x320c,41,0.000001041857
0x320d,41,0.000001041857
0x3210,41,0.000001041857
0x3213,41,0.000001041857
0x3215,41,0.000001041857
0x3216,31,0.000000787745
0x3217,31,0.000000787745
0x3219,31,0.000000787745
0x321b,31,0.000000787745
0x321c,2,0.000000050822
0x321e,2,0.000000050822
0x3220,2,0.000000050822
0x322c,347,0.000008817666
0x322f,347,0.000008817666
0x3231,347,0.000008817666
0x3232,68,0.000001727958
0x3235,68,0.000001727958
0x3238,68,0.000001727958
0x323b,68,0.000001727958
0x323c,68,0.000001727958
0x323f,68,0.000001727958
0x3240,801,0.000020354324
0x3241,801,0.000020354324
0x3243,801,0.000020354324
0x3246,373,0.000009478356
0x3247,373,0.000009478356
0x3248,373,0.000009478356
0x3249,309,0.000007852043
0x324a,309,0.000007852043
0x324b,309,0.000007852043
0x324c,309,0.000007852043
0x324d,309,0.000007852043
0x324e,737,0.000018728011
0x324f,737,0.000018728011
0x3250,737,0.000018728011
0x3251,737,0.000018728011
0x3253,737,0.000018728011
0x3254,737,0.000018728011
0x3256,737,0.000018728011
0x3259,4,0.000000101645
0x325b,4,0.000000101645
0x325e,4,0.000000101645
0x3264,354,0.000008995544
0x3267,354,0.000008995544
0x3268,354,0.000008995544
0x326b,354,0.000008995544
0x326c,354,0.000008995544
0x326e,354,0.000008995544
0x326f,354,0.000008995544
0x3271,354,0.000008995544
0x3272,354,0.000008995544
0x3274,354,0.000008995544
0x3275,45,0.000001143501
0x3277,45,0.000001143501
0x3279,45,0.000001143501
0x327a,45,0.000001143501
0x327b,45,0.000001143501
0x327c,45,0.000001143501
0x327e,45,0.000001143501
0x3281,45,0.000001143501
0x3282,45,0.000001143501
0x3285,45,0.000001143501
0x3286,45,0.000001143501
0x3287,45,0.000001143501
0x3289,45,0.000001143501
0x328a,45,0.000001143501
0x328b,45,0.000001143501
0x328d,45,0.000001143501
0x328e,45,0.000001143501
0x328f,128,0.000003252626
0x3290,128,0.000003252626
0x3291,128,0.000003252626
0x3292,128,0.000003252626
0x3295,120,0.000003049337
0x3296,120,0.000003049337
0x3297,120,0.000003049337
0x329a,106,0.000002693581
0x329b,106,0.000002693581
0x329e,106,0.000002693581
0x329f,106,0.000002693581
0x32a0,106,0.000002693581
0x32a3,106,0.000002693581
0x32a4,128,0.000003252626
0x32a5,128,0.000003252626
0x32a6,128,0.000003252626
0x32a9,4,0.000000101645
0x32ab,128,0.000003252626
0x32ac,128,0.000003252626
0x32af,45,0.000001143501
0x32b0,34,0.000000863979
0x32b3,34,0.000000863979
0x32b5,34,0.000000863979
0x32b8,34,0.000000863979
0x32ba,34,0.000000863979
0x32bc,34,0.000000863979
0x32bf,34,0.000000863979
0x32c2,34,0.000000863979
0x32c3,34,0.000000863979
0x32c4,11,0.000000279523
0x32c5,11,0.000000279523
0x32c6,11,0.000000279523
0x32c7,11,0.000000279523
0x32c8,11,0.000000279523
0x32cb,11,0.000000279523
0x32cd,11,0.000000279523
0x32d0,11,0.000000279523
0x32d2,11,0.000000279523
0x32d4,11,0.000000279523
0x32d6,11,0.000000279523
0x32d7,11,0.000000279523
0x32d9,11,0.000000279523
0x32da,11,0.000000279523
0x32dc,11,0.000000279523
0x32dd,11,0.000000279523
0x32de,11,0.000000279523
0x32e1,11,0.000000279523
0x32e2,11,0.000000279523
0x32e3,11,0.000000279523
0x32e6,2,0.000000050822
0x32e7,2,0.000000050822
0x32e9,2,0.000000050822
0x32ea,2,0.000000050822
0x3400,3796,0.000096460693
0x3403,3796,0.000096460693
0x3406,3796,0.000096460693
0x3409,3796,0.000096460693
0x340c,3796,0.000096460693
0x340f,3796,0.000096460693
0x3412,3796,0.000096460693
0x3413,3796,0.000096460693
0x3416,3605,0.000091607165
0x3418,3605,0.000091607165
0x341b,910,0.000023124139
0x341e,910,0.000023124139
0x3421,910,0.000023124139
0x3424,910,0.000023124139
0x3427,910,0.000023124139
0x342a,910,0.000023124139
0x342d,910,0.000023124139
0x342e,910,0.000023124139
0x3431,455,0.000011562069
0x3434,455,0.000011562069
0x3438,2695,0.000068483026
0x343b,2695,0.000068483026
0x343c,2695,0.000068483026
0x343f,1347,0.000034228808
0x3442,1347,0.000034228808
0x3445,1347,0.000034228808
0x3448,1347,0.000034228808
0x344b,1347,0.000034228808
0x3452,1348,0.000034254219
0x3455,1348,0.000034254219
0x3458,1348,0.000034254219
0x345b,1348,0.000034254219
0x3462,191,0.000004853528
0x3465,191,0.000004853528
0x3466,191,0.000004853528
0x3467,96,0.000002439470
0x346a,96,0.000002439470
0x346d,96,0.000002439470
0x3474,2257,0.000057352946
0x3477,9028,0.000229411785
0x3478,9028,0.000229411785
0x347b,9028,0.000229411785
0x347c,9028,0.000229411785
0x347d,9028,0.000229411785
0x347f,9028,0.000229411785
0x3480,9028,0.000229411785
0x3482,9028,0.000229411785
0x3485,2257,0.000057352946
0x3486,2258,0.000057378357
0x3489,9032,0.000229513430
0x348a,9032,0.000229513430
0x348d,9032,0.000229513430
0x348e,9032,0.000229513430
0x348f,9032,0.000229513430
0x3491,9032,0.000229513430
0x3492,9032,0.000229513430
0x3494,9032,0.000229513430
0x3497,2258,0.000057378357
0x3498,2257,0.000057352946
0x349b,9028,0.000229411785
0x349c,9028,0.000229411785
0x349f,9028,0.000229411785
0x34a0,9028,0.000229411785
0x34a1,9028,0.000229411785
0x34a3,9028,0.000229411785
0x34a4,9028,0.000229411785
0x34a6,9028,0.000229411785
0x34a9,2257,0.000057352946
0x34aa,2258,0.000057378357
0x34ad,9032,0.000229513430
0x34ae,9032,0.000229513430
0x34b1,9032,0.000229513430
0x34b2,9032,0.000229513430
0x34b3,9032,0.000229513430
0x34b5,9032,0.000229513430
0x34b6,9032,0.000229513430
0x34b8,9032,0.000229513430
0x34bb,2258,0.000057378357
0x34c0,18588,0.000472342298
0x34c1,18588,0.000472342298
0x34c2,18588,0.000472342298
0x34c3,11517,0.000292660116
0x34c4,11517,0.000292660116
0x34c6,11517,0.000292660116
0x34c7,11517,0.000292660116
0x34c9,11517,0.000292660116
0x34ca,11517,0.000292660116
0x34cb,11517,0.000292660116
0x34cc,11517,0.000292660116
0x34cd,11517,0.000292660116
0x34ce,11517,0.000292660116
0x34cf,11517,0.000292660116
0x34d0,11517,0.000292660116
0x34d1,11517,0.000292660116
0x34d2,11517,0.000292660116
0x34d3,11517,0.000292660116
0x34d4,11517,0.000292660116
0x34d5,11517,0.000292660116
0x34d7,11517,0.000292660116
0x34d8,11517,0.000292660116
0x34da,11517,0.000292660116
0x34db,11517,0.000292660116
0x34dc,11517,0.000292660116
0x34dd,11517,0.000292660116
0x34de,11544,0.000293346217
0x34df,11544,0.000293346217
0x34e1,11544,0.000293346217
0x34e4,1576,0.000040047959
0x34e5,1576,0.000040047959
0x34e7,1576,0.000040047959
0x34ea,634,0.000016110664
0x34ec,634,0.000016110664
0x34ed,634,0.000016110664
0x34ee,634,0.000016110664
0x34f0,634,0.000016110664
0x34f1,634,0.000016110664
0x34f3,634,0.000016110664
0x34f6,370,0.000009402122
0x34f8,370,0.000009402122
0x34f9,370,0.000009402122
0x34fa,370,0.000009402122
0x34fc,370,0.000009402122
0x34fd,370,0.000009402122
0x34ff,370,0.000009402122
0x3509,634,0.000016110664
0x350a,634,0.000016110664
0x350b,634,0.000016110664
0x350c,11544,0.000293346217
0x350e,11544,0.000293346217
0x350f,11544,0.000293346217
0x3512,11544,0.000293346217
0x3513,11544,0.000293346217
0x3515,11544,0.000293346217
0x3516,11544,0.000293346217
0x3518,11544,0.000293346217
0x3519,11544,0.000293346217
0x3520,711,0.000018067322
0x3521,711,0.000018067322
0x3522,711,0.000018067322
0x3523,711,0.000018067322
0x3524,711,0.000018067322
0x3525,711,0.000018067322
0x3526,711,0.000018067322
0x3527,711,0.000018067322
0x3528,3582,0.000091022709
0x3529,3582,0.000091022709
0x352a,3582,0.000091022709
0x352b,3582,0.000091022709
0x352c,3582,0.000091022709
0x352d,3582,0.000091022709
0x352e,3582,0.000091022709
0x352f,3582,0.000091022709
0x3530,4476,0.000113740269
0x3531,4476,0.000113740269
0x3532,4476,0.000113740269
0x3533,4476,0.000113740269
0x3534,4476,0.000113740269
0x3535,4476,0.000113740269
0x3536,4476,0.000113740269
0x3537,4476,0.000113740269
0x3538,5293,0.000134501172
0x3539,5293,0.000134501172
0x353a,5293,0.000134501172
0x353b,5293,0.000134501172
0x353c,5293,0.000134501172
0x353d,5293,0.000134501172
0x353e,5293,0.000134501172
0x353f,5293,0.000134501172
0x3540,11623,0.000295353697
0x3541,11623,0.000295353697
0x3542,11623,0.000295353697
0x3543,11623,0.000295353697
0x3544,11623,0.000295353697
0x3545,11623,0.000295353697
0x3546,11623,0.000295353697
0x3547,11623,0.000295353697
0x3548,12502,0.000317690091
0x3549,12502,0.000317690091
0x354a,12502,0.000317690091
0x354b,12502,0.000317690091
0x354c,12502,0.000317690091
0x354d,12502,0.000317690091
0x354e,12502,0.000317690091
0x354f,12502,0.000317690091
0x3550,12566,0.000319316404
0x3551,12566,0.000319316404
0x3552,12566,0.000319316404
0x3553,12566,0.000319316404
0x3554,12566,0.000319316404
0x3555,12566,0.000319316404
0x3556,12566,0.000319316404
0x3557,12566,0.000319316404
0x3558,12566,0.000319316404
0x355a,12566,0.000319316404
0x355b,12566,0.000319316404
0x355d,12566,0.000319316404
0x3560,3605,0.000091607165
0x3563,3605,0.000091607165
0x3564,3605,0.000091607165
0x3565,3605,0.000091607165
0x3566,3605,0.000091607165
0x3567,3605,0.000091607165
0x3568,3605,0.000091607165
0x3569,3605,0.000091607165
0x356a,3605,0.000091607165
0x356d,3605,0.000091607165
0x3570,3605,0.000091607165
0x3572,3605,0.000091607165
0x3577,3605,0.000091607165
0x3579,3605,0.000091607165
0x357a,3605,0.000091607165
0x357b,3605,0.000091607165
0x357e,3605,0.000091607165
0x357f,3605,0.000091607165
0x3581,3605,0.000091607165
0x3584,2574,0.000065408278
0x3586,3605,0.000091607165
0x3587,3605,0.000091607165
0x3588,3605,0.000091607165
0x3589,3605,0.000091607165
0x358c,3605,0.000091607165
0x358d,3605,0.000091607165
0x358e,3605,0.000091607165
0x3590,3605,0.000091607165
0x3591,3605,0.000091607165
0x3593,3605,0.000091607165
0x3594,3605,0.000091607165
0x3596,3605,0.000091607165
0x3597,3605,0.000091607165
0x359a,3605,0.000091607165
0x359b,3605,0.000091607165
0x359c,3605,0.000091607165
0x359d,3605,0.000091607165
0x359f,3605,0.000091607165
0x35a2,3605,0.000091607165
0x35b0,18060,0.000458925215
0x35b1,18060,0.000458925215
0x35b2,18060,0.000458925215
0x35b3,10989,0.000279243034
0x35b4,10989,0.000279243034
0x35b5,10989,0.000279243034
0x35b6,10989,0.000279243034
0x35b7,10989,0.000279243034
0x35b8,10989,0.000279243034
0x35b9,10989,0.000279243034
0x35ba,10989,0.000279243034
0x35bd,9902,0.000251621123
0x35be,10989,0.000279243034
0x35bf,10989,0.000279243034
0x35c0,10989,0.000279243034
0x35c1,10989,0.000279243034
0x35c2,10989,0.000279243034
0x35c3,10989,0.000279243034
0x35c4,10989,0.000279243034
0x35c5,10989,0.000279243034
0x35c7,10989,0.000279243034
0x35c8,10989,0.000279243034
0x35c9,10989,0.000279243034
0x35ca,10989,0.000279243034
0x35cb,10989,0.000279243034
0x35cc,10989,0.000279243034
0x35cd,10989,0.000279243034
0x35ce,10989,0.000279243034
0x35cf,10989,0.000279243034
0x35d0,10989,0.000279243034
0x35d1,10989,0.000279243034
0x35d2,10989,0.000279243034
0x35d3,10989,0.000279243034
0x35d4,10989,0.000279243034
0x35d5,10989,0.000279243034
0x35d6,10989,0.000279243034
0x35d7,10989,0.000279243034
0x35d8,10989,0.000279243034
0x35d9,10989,0.000279243034
0x35da,10989,0.000279243034
0x35db,10989,0.000279243034
0x35e0,8440,0.000214470034
0x35e1,8440,0.000214470034
0x35e2,8440,0.000214470034
0x35e3,8440,0.000214470034
0x35e5,8440,0.000214470034
0x35e8,4336,0.000110182709
0x35e9,4336,0.000110182709
0x35ea,4336,0.000110182709
0x35eb,4336,0.000110182709
0x35ec,4336,0.000110182709
0x35ed,4336,0.000110182709
0x35ee,4336,0.000110182709
0x35ef,4336,0.000110182709
0x35f0,4336,0.000110182709
0x35f1,4336,0.000110182709
0x35f3,4336,0.000110182709
0x35f6,1267,0.000032195916
0x35f8,1267,0.000032195916
0x35f9,1267,0.000032195916
0x35fa,1267,0.000032195916
0x35fb,1267,0.000032195916
0x35fd,1267,0.000032195916
0x35fe,1267,0.000032195916
0x3601,167,0.000004243661
0x3602,167,0.000004243661
0x3603,167,0.000004243661
0x3604,1267,0.000032195916
0x3605,1267,0.000032195916
0x3606,1267,0.000032195916
0x3607,1267,0.000032195916
0x3608,1267,0.000032195916
0x3609,1267,0.000032195916
0x360a,1267,0.000032195916
0x360b,1267,0.000032195916
0x360c,1267,0.000032195916
0x360e,1267,0.000032195916
0x360f,1267,0.000032195916
0x3612,1171,0.000029756447
0x3613,1171,0.000029756447
0x3614,1171,0.000029756447
0x3615,1171,0.000029756447
0x3616,1171,0.000029756447
0x3618,1171,0.000029756447
0x3619,1171,0.000029756447
0x361a,1171,0.000029756447
0x361b,1171,0.000029756447
0x361c,802,0.000020379735
0x361f,802,0.000020379735
0x3620,802,0.000020379735
0x3621,802,0.000020379735
0x3622,286,0.000007267586
0x3623,286,0.000007267586
0x3624,286,0.000007267586
0x3628,4104,0.000104287325
0x362a,4104,0.000104287325
0x362d,4007,0.000101822444
0x362e,4007,0.000101822444
0x362f,4007,0.000101822444
0x3630,4007,0.000101822444
0x3631,4007,0.000101822444
0x3632,4007,0.000101822444
0x3633,4007,0.000101822444
0x3634,4007,0.000101822444
0x3635,4007,0.000101822444
0x3636,4007,0.000101822444
0x3637,4007,0.000101822444
0x363a,1244,0.000031611460
0x363c,1244,0.000031611460
0x363d,1244,0.000031611460
0x363e,1244,0.000031611460
0x363f,1244,0.000031611460
0x3641,1244,0.000031611460
0x3642,1244,0.000031611460
0x3645,161,0.000004091194
0x3646,161,0.000004091194
0x3647,161,0.000004091194
0x3648,1244,0.000031611460
0x3649,1244,0.000031611460
0x364a,1244,0.000031611460
0x364b,1244,0.000031611460
0x364c,1244,0.000031611460
0x364d,1244,0.000031611460
0x364e,1244,0.000031611460
0x364f,1244,0.000031611460
0x3650,1244,0.000031611460
0x3651,1244,0.000031611460
0x3652,1244,0.000031611460
0x3654,1244,0.000031611460
0x3655,1244,0.000031611460
0x3656,1244,0.000031611460
0x3657,1244,0.000031611460
0x365a,930,0.000023632362
0x365d,930,0.000023632362
0x365e,930,0.000023632362
0x3661,265,0.000006733952
0x3662,265,0.000006733952
0x3663,1244,0.000031611460
0x3665,1244,0.000031611460
0x3666,1244,0.000031611460
0x366a,3069,0.000077986793
0x366b,3069,0.000077986793
0x366c,3069,0.000077986793
0x366d,109,0.000002769814
0x366e,109,0.000002769814
0x366f,109,0.000002769814
0x3670,109,0.000002769814
0x3671,109,0.000002769814
0x3672,96,0.000002439470
0x3673,96,0.000002439470
0x3674,96,0.000002439470
0x3675,96,0.000002439470
0x3676,96,0.000002439470
0x3679,96,0.000002439470
0x367b,96,0.000002439470
0x367c,96,0.000002439470
0x367f,96,0.000002439470
0x3680,96,0.000002439470
0x3683,96,0.000002439470
0x3684,96,0.000002439470
0x3686,96,0.000002439470
0x3689,96,0.000002439470
0x368a,96,0.000002439470
0x368b,96,0.000002439470
0x368d,96,0.000002439470
0x368e,85,0.000002159947
0x3690,85,0.000002159947
0x3691,71,0.000001804191
0x3692,71,0.000001804191
0x3695,2763,0.000070210984
0x3696,2763,0.000070210984
0x3697,2763,0.000070210984
0x3698,2763,0.000070210984
0x3699,2763,0.000070210984
0x369a,2763,0.000070210984
0x369b,2763,0.000070210984
0x369c,2763,0.000070210984
0x369d,76,0.000001931247
0x369e,76,0.000001931247
0x36a0,76,0.000001931247
0x36a1,76,0.000001931247
0x36a4,76,0.000001931247
0x36a6,76,0.000001931247
0x36a7,76,0.000001931247
0x36aa,73,0.000001855013
0x36ab,76,0.000001931247
0x36ae,76,0.000001931247
0x36b0,76,0.000001931247
0x36b3,76,0.000001931247
0x36b4,76,0.000001931247
0x36b6,76,0.000001931247
0x36b7,73,0.000001855013
0x36b9,73,0.000001855013
0x36ba,71,0.000001804191
0x36bb,71,0.000001804191
0x36c0,2549,0.000064773000
0x36c1,2549,0.000064773000
0x36c2,2549,0.000064773000
0x36c3,1274,0.000032373794
0x36c4,1274,0.000032373794
0x36c5,1274,0.000032373794
0x36c6,1274,0.000032373794
0x36c8,1274,0.000032373794
0x36c9,1274,0.000032373794
0x36cc,211,0.000005361751
0x36cd,211,0.000005361751
0x36ce,211,0.000005361751
0x36cf,211,0.000005361751
0x36d2,3431,0.000087185626
0x36d3,3431,0.000087185626
0x36d4,3431,0.000087185626
0x36d5,3431,0.000087185626
0x36d6,3431,0.000087185626
0x36d7,3431,0.000087185626
0x36d8,128,0.000003252626
0x36d9,128,0.000003252626
0x36da,128,0.000003252626
0x36db,128,0.000003252626
0x36dc,128,0.000003252626
0x36dd,128,0.000003252626
0x36de,128,0.000003252626
0x36e1,128,0.000003252626
0x36e3,128,0.000003252626
0x36e6,128,0.000003252626
0x36ea,3878,0.000098544407
0x36eb,3878,0.000098544407
0x36ec,3878,0.000098544407
0x36ed,3878,0.000098544407
0x36ee,3878,0.000098544407
0x36ef,3878,0.000098544407
0x36f0,869,0.000022082282
0x36f1,869,0.000022082282
0x36f2,869,0.000022082282
0x36f3,869,0.000022082282
0x36f5,869,0.000022082282
0x36f6,62,0.000001575491
0x36f7,62,0.000001575491
0x36f8,62,0.000001575491
0x36f9,62,0.000001575491
0x36fa,62,0.000001575491
0x36fb,62,0.000001575491
0x36fc,62,0.000001575491
0x36fd,62,0.000001575491
0x36fe,62,0.000001575491
0x3701,62,0.000001575491
0x3703,62,0.000001575491
0x3706,62,0.000001575491
0x370a,3469,0.000088151250
0x370b,3469,0.000088151250
0x370c,3469,0.000088151250
0x370d,3469,0.000088151250
0x370e,3469,0.000088151250
0x370f,3469,0.000088151250
0x3710,342,0.000008690610
0x3711,342,0.000008690610
0x3712,342,0.000008690610
0x3713,342,0.000008690610
0x3715,342,0.000008690610
0x3716,98,0.000002490292
0x3717,98,0.000002490292
0x3718,98,0.000002490292
0x3719,98,0.000002490292
0x371a,98,0.000002490292
0x371b,98,0.000002490292
0x371c,98,0.000002490292
0x371d,98,0.000002490292
0x371e,98,0.000002490292
0x3721,98,0.000002490292
0x3723,98,0.000002490292
0x3726,98,0.000002490292
0x3729,98,0.000002490292
0x372a,98,0.000002490292
0x372c,98,0.000002490292
0x372d,49,0.000001245146
0x372e,49,0.000001245146
0x3730,49,0.000001245146
0x3731,49,0.000001245146
0x3732,49,0.000001245146
0x3733,49,0.000001245146
0x3734,49,0.000001245146
0x3735,49,0.000001245146
0x3736,49,0.000001245146
0x3739,49,0.000001245146
0x373b,49,0.000001245146
0x373e,49,0.000001245146
0x3744,97,0.000002464881
0x3746,97,0.000002464881
0x3747,97,0.000002464881
0x3748,97,0.000002464881
0x3749,97,0.000002464881
0x374a,97,0.000002464881
0x374c,97,0.000002464881
0x374d,97,0.000002464881
0x374e,97,0.000002464881
0x3750,97,0.000002464881
0x3751,97,0.000002464881
0x3752,20,0.000000508223
0x3753,20,0.000000508223
0x3754,20,0.000000508223
0x3758,14656,0.000372425689
0x3759,14656,0.000372425689
0x375a,14656,0.000372425689
0x375b,192,0.000004878939
0x375c,192,0.000004878939
0x375f,180,0.000004574005
0x3760,180,0.000004574005
0x3761,180,0.000004574005
0x3764,96,0.000002439470
0x3766,96,0.000002439470
0x3767,96,0.000002439470
0x3769,96,0.000002439470
0x376a,96,0.000002439470
0x376b,96,0.000002439470
0x376c,96,0.000002439470
0x376d,96,0.000002439470
0x376e,96,0.000002439470
0x376f,96,0.000002439470
0x3770,96,0.000002439470
0x3771,96,0.000002439470
0x3772,96,0.000002439470
0x3773,96,0.000002439470
0x3774,96,0.000002439470
0x3777,96,0.000002439470
0x377a,96,0.000002439470
0x377b,96,0.000002439470
0x377c,96,0.000002439470
0x377d,96,0.000002439470
0x377e,96,0.000002439470
0x3780,96,0.000002439470
0x3781,96,0.000002439470
0x3782,96,0.000002439470
0x3783,96,0.000002439470
0x3786,96,0.000002439470
0x3787,96,0.000002439470
0x3788,80,0.000002032891
0x3789,80,0.000002032891
0x378c,80,0.000002032891
0x378e,80,0.000002032891
0x378f,80,0.000002032891
0x3791,80,0.000002032891
0x3792,80,0.000002032891
0x3796,96,0.000002439470
0x3798,96,0.000002439470
0x3799,96,0.000002439470
0x379b,96,0.000002439470
0x379e,36,0.000000914801
0x379f,96,0.000002439470
0x37a0,96,0.000002439470
0x37a1,96,0.000002439470
0x37a4,96,0.000002439470
0x37a5,96,0.000002439470
0x37a6,84,0.000002134536
0x37a7,84,0.000002134536
0x37aa,84,0.000002134536
0x37b0,84,0.000002134536
0x37b1,84,0.000002134536
0x37b2,84,0.000002134536
0x37b3,84,0.000002134536
0x37b4,84,0.000002134536
0x37b5,84,0.000002134536
0x37b6,84,0.000002134536
0x37b7,84,0.000002134536
0x37b8,84,0.000002134536
0x37b9,84,0.000002134536
0x37ba,84,0.000002134536
0x37bb,84,0.000002134536
0x37be,84,0.000002134536
0x37c0,84,0.000002134536
0x37c1,84,0.000002134536
0x37c4,84,0.000002134536
0x37c6,84,0.000002134536
0x37cc,12,0.000000304934
0x37cd,12,0.000000304934
0x37ce,12,0.000000304934
0x37cf,12,0.000000304934
0x37d0,12,0.000000304934
0x37d2,12,0.000000304934
0x37d4,12,0.000000304934
0x37d5,12,0.000000304934
0x37d7,12,0.000000304934
0x37da,12,0.000000304934
0x37dd,312,0.000007928276
0x37de,312,0.000007928276
0x37df,312,0.000007928276
0x37e0,312,0.000007928276
0x37e1,312,0.000007928276
0x37e2,312,0.000007928276
0x37e5,12,0.000000304934
0x3800,7880,0.000200239795
0x3803,7880,0.000200239795
0x3805,7880,0.000200239795
0x3806,4373,0.000111122922
0x3809,4373,0.000111122922
0x380b,4373,0.000111122922
0x380c,4373,0.000111122922
0x380f,4373,0.000111122922
0x3810,4373,0.000111122922
0x3813,4373,0.000111122922
0x3815,4373,0.000111122922
0x3816,4373,0.000111122922
0x3819,4373,0.000111122922
0x381a,4373,0.000111122922
0x381b,4373,0.000111122922
0x381d,4373,0.000111122922
0x381e,4373,0.000111122922
0x381f,4373,0.000111122922
0x3820,4373,0.000111122922
0x3822,4373,0.000111122922
0x3823,58,0.000001473846
0x3824,58,0.000001473846
0x3827,58,0.000001473846
0x3829,58,0.000001473846
0x382b,58,0.000001473846
0x382c,58,0.000001473846
0x382e,58,0.000001473846
0x382f,58,0.000001473846
0x3830,58,0.000001473846
0x3832,58,0.000001473846
0x3833,58,0.000001473846
0x3834,58,0.000001473846
0x3835,58,0.000001473846
0x3837,58,0.000001473846
0x3838,58,0.000001473846
0x3839,58,0.000001473846
0x383b,58,0.000001473846
0x383c,58,0.000001473846
0x383e,58,0.000001473846
0x3841,35,0.000000889390
0x3844,50,0.000001270557
0x3846,50,0.000001270557
0x3847,50,0.000001270557
0x3849,50,0.000001270557
0x384a,50,0.000001270557
0x384b,50,0.000001270557
0x384c,23,0.000000584456
0x384f,23,0.000000584456
0x3850,23,0.000000584456
0x3851,23,0.000000584456
0x3853,23,0.000000584456
0x3854,23,0.000000584456
0x3855,23,0.000000584456
0x3856,23,0.000000584456
0x3857,23,0.000000584456
0x3858,23,0.000000584456
0x3859,23,0.000000584456
0x385c,23,0.000000584456
0x385d,23,0.000000584456
0x385f,23,0.000000584456
0x3862,9,0.000000228700
0x3863,9,0.000000228700
0x3865,9,0.000000228700
0x3868,9,0.000000228700
0x386b,9,0.000000228700
0x386e,9,0.000000228700
0x386f,9,0.000000228700
0x3871,9,0.000000228700
0x3874,3,0.000000076233
0x3875,3,0.000000076233
0x3876,3,0.000000076233
0x3878,3,0.000000076233
0x387a,3,0.000000076233
0x387b,3,0.000000076233
0x387c,3,0.000000076233
0x387e,3,0.000000076233
0x3881,3,0.000000076233
0x3882,3,0.000000076233
0x3883,3,0.000000076233
0x3884,3,0.000000076233
0x3885,3,0.000000076233
0x3887,3,0.000000076233
0x388a,2,0.000000050822
0x388b,2,0.000000050822
0x388c,2,0.000000050822
0x388d,2,0.000000050822
0x3894,14,0.000000355756
0x3897,14,0.000000355756
0x3899,14,0.000000355756
0x389c,14,0.000000355756
0x38a1,27,0.000000686101
0x38a2,27,0.000000686101
0x38a4,27,0.000000686101
0x38a5,27,0.000000686101
0x38a6,27,0.000000686101
0x38a7,27,0.000000686101
0x38a8,27,0.000000686101
0x38a9,27,0.000000686101
0x38ac,27,0.000000686101
0x38ae,27,0.000000686101
0x38af,27,0.000000686101
0x38b1,27,0.000000686101
0x38b4,27,0.000000686101
0x38b5,27,0.000000686101
0x38bc,26,0.000000660690
0x38be,26,0.000000660690
0x38bf,26,0.000000660690
0x38c1,26,0.000000660690
0x38c2,26,0.000000660690
0x38c3,26,0.000000660690
0x38c4,4,0.000000101645
0x38c7,4,0.000000101645
0x38c8,4,0.000000101645
0x38ca,4,0.000000101645
0x38cd,3,0.000000076233
0x38cf,3,0.000000076233
0x38d2,2,0.000000050822
0x38d3,2,0.000000050822
0x38d4,2,0.000000050822
0x38d5,2,0.000000050822
0x38d7,2,0.000000050822
0x38d8,2,0.000000050822
0x38db,2,0.000000050822
0x38dc,2,0.000000050822
0x38dd,2,0.000000050822
0x38de,2,0.000000050822
0x38df,2,0.000000050822
0x38e1,2,0.000000050822
0x38e2,2,0.000000050822
0x38e4,2,0.000000050822
0x38e5,2,0.000000050822
0x38e7,2,0.000000050822
0x38e8,2,0.000000050822
0x38e9,4,0.000000101645
0x38eb,4,0.000000101645
0x38ee,4,0.000000101645
0x38f1,4,0.000000101645
0x38f8,18,0.000000457401
0x38fb,27,0.000000686101
0x38fc,27,0.000000686101
0x38fd,27,0.000000686101
0x3900,1,0.000000025411
0x3901,1,0.000000025411
0x3902,1,0.000000025411
0x3903,1,0.000000025411
0x3904,1,0.000000025411
0x3905,1,0.000000025411
0x3906,27,0.000000686101
0x3907,27,0.000000686101
0x3908,27,0.000000686101
0x3909,27,0.000000686101
0x390a,27,0.000000686101
0x390d,27,0.000000686101
0x390e,27,0.000000686101
0x390f,27,0.000000686101
0x3912,27,0.000000686101
0x3913,27,0.000000686101
0x3916,27,0.000000686101
0x3918,27,0.000000686101
0x391b,27,0.000000686101
0x391c,35,0.000000889390
0x391d,35,0.000000889390
0x391f,35,0.000000889390
0x3922,9,0.000000228700
0x3923,6201,0.000157574488
0x3930,1802,0.000045790877
0x3933,1802,0.000045790877
0x3935,1802,0.000045790877
0x3937,1802,0.000045790877
0x3938,1802,0.000045790877
0x393a,1802,0.000045790877
0x393b,1802,0.000045790877
0x393c,1802,0.000045790877
0x393d,1802,0.000045790877
0x393f,1802,0.000045790877
0x3942,901,0.000022895438
0x3945,901,0.000022895438
0x3946,901,0.000022895438
0x3947,901,0.000022895438
0x394a,901,0.000022895438
0x394b,901,0.000022895438
0x394c,5797,0.000147308387
0x394d,5797,0.000147308387
0x3950,5645,0.000143445894
0x3951,5645,0.000143445894
0x3952,5645,0.000143445894
0x3954,5645,0.000143445894
0x3955,5645,0.000143445894
0x3956,5645,0.000143445894
0x3959,749,0.000019032945
0x395c,5797,0.000147308387
0x395d,5797,0.000147308387
0x395f,5797,0.000147308387
0x3960,1453,0.000036922389
0x3961,1453,0.000036922389
0x3963,1453,0.000036922389
0x3964,1453,0.000036922389
0x3965,1453,0.000036922389
0x3966,1453,0.000036922389
0x3967,1052,0.000026732521
0x3968,1052,0.000026732521
0x3969,152,0.000003862494
0x396b,152,0.000003862494
0x396c,152,0.000003862494
0x396d,152,0.000003862494
0x396e,152,0.000003862494
0x396f,152,0.000003862494
0x3972,152,0.000003862494
0x3973,152,0.000003862494
0x3975,152,0.000003862494
0x3976,152,0.000003862494
0x3977,152,0.000003862494
0x3978,152,0.000003862494
0x397a,152,0.000003862494
0x397b,152,0.000003862494
0x3980,3796,0.000096460693
0x3983,3796,0.000096460693
0x3985,3796,0.000096460693
0x3986,160,0.000004065783
0x3988,160,0.000004065783
0x3989,144,0.000003659204
0x398c,144,0.000003659204
0x398f,144,0.000003659204
0x3991,144,0.000003659204
0x3994,144,0.000003659204
0x3996,144,0.000003659204
0x3998,144,0.000003659204
0x399b,144,0.000003659204
0x399d,144,0.000003659204
0x39a0,144,0.000003659204
0x39a2,144,0.000003659204
0x39a5,144,0.000003659204
0x39a7,144,0.000003659204
0x39a9,144,0.000003659204
0x39ac,144,0.000003659204
0x39af,144,0.000003659204
0x39b0,144,0.000003659204
0x39b3,73,0.000001855013
0x39b4,73,0.000001855013
0x39b6,73,0.000001855013
0x39b7,73,0.000001855013
0x39b9,73,0.000001855013
0x39ba,73,0.000001855013
0x39bb,73,0.000001855013
0x39bc,73,0.000001855013
0x39be,73,0.000001855013
0x39bf,144,0.000003659204
0x39c0,144,0.000003659204
0x39c3,288,0.000007318409
0x39c6,288,0.000007318409
0x39c9,288,0.000007318409
0x39ca,288,0.000007318409
0x39cc,288,0.000007318409
0x39cf,288,0.000007318409
0x39d2,288,0.000007318409
0x39d3,288,0.000007318409
0x39d4,288,0.000007318409
0x39d6,288,0.000007318409
0x39d8,288,0.000007318409
0x39db,144,0.000003659204
0x39de,144,0.000003659204
0x39e1,144,0.000003659204
0x39e3,144,0.000003659204
0x39e6,144,0.000003659204
0x39e8,144,0.000003659204
0x39ea,144,0.000003659204
0x3a00,1802,0.000045790877
0x3a03,1802,0.000045790877
0x3a05,1802,0.000045790877
0x3a06,1802,0.000045790877
0x3a07,1802,0.000045790877
0x3a08,1802,0.000045790877
0x3a0b,1802,0.000045790877
0x3a0c,1802,0.000045790877
0x3a0d,1802,0.000045790877
0x3a0e,901,0.000022895438
0x3a0f,901,0.000022895438
0x3a10,6585,0.000167332367
0x3a13,6585,0.000167332367
0x3a14,6585,0.000167332367
0x3a15,6585,0.000167332367
0x3a18,384,0.000009757878
0x3a1a,384,0.000009757878
0x3a1c,384,0.000009757878
0x3a1d,6201,0.000157574488
0x3a20,6201,0.000157574488
0x3a21,6201,0.000157574488
0x3a22,6201,0.000157574488
0x3a25,288,0.000007318409
0x3a27,288,0.000007318409
0x3a2a,9,0.000000228700
0x3a2c,288,0.000007318409
0x3a2d,288,0.000007318409
0x3a2e,288,0.000007318409
0x3a2f,288,0.000007318409
0x3a30,288,0.000007318409
0x3a31,288,0.000007318409
0x3a32,288,0.000007318409
0x3a34,288,0.000007318409
0x3a36,288,0.000007318409
0x3a37,288,0.000007318409
0x3a39,288,0.000007318409
0x3a3b,288,0.000007318409
0x3a3d,288,0.000007318409
0x3a3f,288,0.000007318409
0x3a40,5913,0.000150256080
0x3a42,5913,0.000150256080
0x3a43,5913,0.000150256080
0x3a44,5913,0.000150256080
0x3a47,640,0.000016263131
0x3a49,640,0.000016263131
0x3a4c,40,0.000001016446
0x3a4e,640,0.000016263131
0x3a4f,640,0.000016263131
0x3a50,640,0.000016263131
0x3a51,640,0.000016263131
0x3a52,640,0.000016263131
0x3a53,640,0.000016263131
0x3a54,640,0.000016263131
0x3a56,640,0.000016263131
0x3a58,640,0.000016263131
0x3a5a,640,0.000016263131
0x3a5b,640,0.000016263131
0x3a5d,640,0.000016263131
0x3a5f,640,0.000016263131
0x3a62,5273,0.000133992949
0x3a64,5273,0.000133992949
0x3a65,5273,0.000133992949
0x3a66,5273,0.000133992949
0x3a67,64,0.000001626313
0x3a69,64,0.000001626313
0x3a6c,4,0.000000101645
0x3a6e,4,0.000000101645
0x3a71,4,0.000000101645
0x3a73,4,0.000000101645
0x3a78,64,0.000001626313
0x3a79,64,0.000001626313
0x3a7b,64,0.000001626313
0x3a7c,64,0.000001626313
0x3a7e,64,0.000001626313
0x3a80,64,0.000001626313
0x3a81,64,0.000001626313
0x3a82,6201,0.000157574488
0x3a85,6201,0.000157574488
0x3a86,6201,0.000157574488
0x3a88,6201,0.000157574488
0x3a89,1571,0.000039920903
0x3a8b,1571,0.000039920903
0x3a8c,1571,0.000039920903
0x3a8e,1571,0.000039920903
0x3a8f,1571,0.000039920903
0x3a90,6201,0.000157574488
0x3a93,6201,0.000157574488
0x3a94,6201,0.000157574488
0x3a95,6201,0.000157574488
0x3a98,3348,0.000085076502
0x3a9b,3348,0.000085076502
0x3a9e,3348,0.000085076502
0x3aa1,53568,0.001361224026
0x3aa2,53568,0.001361224026
0x3aa3,53568,0.001361224026
0x3aa4,53568,0.001361224026
0x3aa7,19877,0.000505097259
0x3aa8,19877,0.000505097259
0x3aaa,19877,0.000505097259
0x3aad,5825,0.000148019899
0x3aae,53568,0.001361224026
0x3aaf,53568,0.001361224026
0x3ab0,53568,0.001361224026
0x3ab1,53568,0.001361224026
0x3ab2,53568,0.001361224026
0x3ab5,3348,0.000085076502
0x3ab6,3348,0.000085076502
0x3ab7,3348,0.000085076502
0x3ab8,2475,0.000062892575
0x3aba,2475,0.000062892575
0x3abd,6,0.000000152467
0x3abf,2475,0.000062892575
0x3ac1,2475,0.000062892575
0x3ac2,2475,0.000062892575
0x3ac5,2475,0.000062892575
0x3ac6,2475,0.000062892575
0x3ac8,2475,0.000062892575
0x3ac9,2475,0.000062892575
0x3aca,2475,0.000062892575
0x3ad0,1900,0.000048281169
0x3ad3,1900,0.000048281169
0x3ad4,1900,0.000048281169
0x3ad6,1900,0.000048281169
0x3ad7,1900,0.000048281169
0x3ad8,1900,0.000048281169
0x3ada,1900,0.000048281169
0x3adb,1900,0.000048281169
0x3adc,1900,0.000048281169
0x3add,1900,0.000048281169
0x3adf,1900,0.000048281169
0x3ae0,1900,0.000048281169
0x3ae1,1900,0.000048281169
0x3ae3,1900,0.000048281169
0x3ae4,1900,0.000048281169
0x3ae5,1900,0.000048281169
0x3ae6,1900,0.000048281169
0x3ae9,1847,0.000046934378
0x3aec,1847,0.000046934378
0x3aee,1847,0.000046934378
0x3aef,1847,0.000046934378
0x3af1,1847,0.000046934378
0x3af2,1847,0.000046934378
0x3af3,1847,0.000046934378
0x3af4,50,0.000001270557
0x3af6,50,0.000001270557
0x3af8,53,0.000001346790
0x3afa,53,0.000001346790
0x3afb,53,0.000001346790
0x3afc,53,0.000001346790
0x3afd,53,0.000001346790
0x3aff,53,0.000001346790
0x3b00,53,0.000001346790
0x3b1b,6201,0.000157574488
0x3b1e,6201,0.000157574488
0x3b1f,6201,0.000157574488
0x3b20,6201,0.000157574488
0x3b21,64,0.000001626313
0x3b23,64,0.000001626313
0x3b26,1,0.000000025411
0x3b28,64,0.000001626313
0x3b29,64,0.000001626313
0x3b2a,64,0.000001626313
0x3b2c,64,0.000001626313
0x3b2d,64,0.000001626313
0x3b2e,64,0.000001626313
0x3b30,64,0.000001626313
0x3b31,64,0.000001626313
0x3b33,6201,0.000157574488
0x3b36,6201,0.000157574488
0x3b37,6201,0.000157574488
0x3b38,6201,0.000157574488
0x3b43,6201,0.000157574488
0x3b46,6201,0.000157574488
0x3b47,6201,0.000157574488
0x3b49,6201,0.000157574488
0x3b4c,6201,0.000157574488
0x3b4f,6201,0.000157574488
0x3b52,6201,0.000157574488
0x3b55,6201,0.000157574488
0x3b58,6201,0.000157574488
0x3b5b,6201,0.000157574488
