pc,count,frequency
0x0000,1,0.000000025488
0x0001,1,0.000000025488
0x0002,1,0.000000025488
0x0003,1,0.000000025488
0x0004,1,0.000000025488
0x0005,1,0.000000025488
0x0006,1,0.000000025488
0x0007,1,0.000000025488
0x0008,1,0.000000025488
0x000b,1,0.000000025488
0x000d,1,0.000000025488
0x000f,1,0.000000025488
0x0012,1,0.000000025488
0x0015,1,0.000000025488
0x0017,1,0.000000025488
0x001a,22223,0.000566422096
0x001d,22222,0.000566396608
0x0020,22222,0.000566396608
0x0021,22222,0.000566396608
0x0024,5693,0.000145103766
0x0027,5693,0.000145103766
0x002a,5693,0.000145103766
0x002d,16529,0.000421292842
0x002f,16529,0.000421292842
0x0031,16529,0.000421292842
0x0032,16529,0.000421292842
0x0034,16529,0.000421292842
0x0035,16529,0.000421292842
0x0038,16529,0.000421292842
0x0039,16529,0.000421292842
0x003c,16529,0.000421292842
0x003d,16529,0.000421292842
0x0040,7,0.000000178417
0x0043,7,0.000000178417
0x0046,16522,0.000421114425
0x0049,16522,0.000421114425
0x0050,1,0.000000025488
0x0052,1,0.000000025488
0x0054,1,0.000000025488
0x0056,1,0.000000025488
0x0058,1,0.000000025488
0x005a,1,0.000000025488
0x005c,1,0.000000025488
0x005f,1,0.000000025488
0x0061,1,0.000000025488
0x0063,1,0.000000025488
0x0066,1,0.000000025488
0x0068,1,0.000000025488
0x006a,1,0.000000025488
0x006b,2,0.000000050976
0x006e,2,0.000000050976
0x0070,6130,0.000156242067
0x0072,6130,0.000156242067
0x0073,6130,0.000156242067
0x0074,6130,0.000156242067
0x0077,2,0.000000050976
0x0078,864,0.000022021720
0x007b,864,0.000022021720
0x0080,2358054,0.060102321477
0x0082,2358054,0.060102321477
0x0083,2358054,0.060102321477
0x0085,2358053,0.060102295989
0x0088,44452,0.001132997121
0x0089,44452,0.001132997121
0x008b,44452,0.001132997121
0x008e,22256,0.000567263204
0x0090,22256,0.000567263204
0x0091,22256,0.000567263204
0x0094,22256,0.000567263204
0x0095,22256,0.000567263204
0x0096,22256,0.000567263204
0x0097,22256,0.000567263204
0x0098,22256,0.000567263204
0x009a,22256,0.000567263204
0x009d,22256,0.000567263204
0x009f,22256,0.000567263204
0x00a0,22256,0.000567263204
0x00a2,22256,0.000567263204
0x00a3,22256,0.000567263204
0x00a6,22256,0.000567263204
0x00a8,22256,0.000567263204
0x00ab,22256,0.000567263204
0x00ac,1,0.000000025488
0x00ae,1,0.000000025488
0x00af,1,0.000000025488
0x00b0,1,0.000000025488
0x00b2,1,0.000000025488
0x00b5,1,0.000000025488
0x00bb,44322,0.001129683668
0x00be,44322,0.001129683668
0x00bf,44322,0.001129683668
0x00c0,44322,0.001129683668
0x00c1,44322,0.001129683668
0x00c2,44322,0.001129683668
0x00c3,44322,0.001129683668
0x00c4,2144,0.000054646491
0x00c5,2144,0.000054646491
0x00c7,2144,0.000054646491
0x00c9,2144,0.000054646491
0x00ca,2144,0.000054646491
0x00cd,2144,0.000054646491
0x00ce,2144,0.000054646491
0x00cf,2144,0.000054646491
0x00d0,2144,0.000054646491
0x00d1,2144,0.000054646491
0x00d2,2144,0.000054646491
0x00d3,2144,0.000054646491
0x00d4,2144,0.000054646491
0x00d6,2144,0.000054646491
0x00d8,2144,0.000054646491
0x00d9,2144,0.000054646491
0x00dc,2144,0.000054646491
0x00dd,2144,0.000054646491
0x00de,2144,0.000054646491
0x00e1,766,0.000019523886
0x00e3,16522,0.000421114425
0x00e6,16522,0.000421114425
0x00e9,16522,0.000421114425
0x00ec,16522,0.000421114425
0x00ef,16522,0.000421114425
0x00f2,16517,0.000420986985
0x00f5,16517,0.000420986985
0x00f8,16517,0.000420986985
0x00fb,16517,0.000420986985
0x00fe,15357,0.000391420786
0x0101,15357,0.000391420786
0x0104,15357,0.000391420786
0x0107,15353,0.000391318834
0x0109,15353,0.000391318834
0x010c,15353,0.000391318834
0x010f,15350,0.000391242370
0x0111,15350,0.000391242370
0x0114,15350,0.000391242370
0x0117,15347,0.000391165905
0x0119,15347,0.000391165905
0x011c,15347,0.000391165905
0x011f,15347,0.000391165905
0x0122,14483,0.000369144185
0x0125,14483,0.000369144185
0x0128,14483,0.000369144185
0x012b,14483,0.000369144185
0x012e,13955,0.000355686467
0x0131,13955,0.000355686467
0x0134,13955,0.000355686467
0x0137,13955,0.000355686467
0x013a,773,0.000019702303
0x0140,17,0.000000433298
0x0143,17,0.000000433298
0x0146,17,0.000000433298
0x0149,17,0.000000433298
0x014c,17,0.000000433298
0x014e,17,0.000000433298
0x014f,17,0.000000433298
0x0151,17,0.000000433298
0x0152,17,0.000000433298
0x0153,17,0.000000433298
0x0154,17,0.000000433298
0x0156,17,0.000000433298
0x0158,17,0.000000433298
0x015b,17,0.000000433298
0x015d,17,0.000000433298
0x015f,17,0.000000433298
0x0161,17,0.000000433298
0x0164,17,0.000000433298
0x0166,17,0.000000433298
0x0167,17,0.000000433298
0x0168,17,0.000000433298
0x016a,17,0.000000433298
0x016b,17,0.000000433298
0x016d,17,0.000000433298
0x016f,17,0.000000433298
0x0172,17,0.000000433298
0x0173,13176,0.000335831235
0x0174,13176,0.000335831235
0x0176,13176,0.000335831235
0x0178,13176,0.000335831235
0x017a,13176,0.000335831235
0x017b,9966,0.000254014427
0x017d,9966,0.000254014427
0x017e,9864,0.000251414641
0x0180,9864,0.000251414641
0x0182,9864,0.000251414641
0x0183,3441,0.000087704560
0x0185,3441,0.000087704560
0x0186,3339,0.000085104773
0x0188,3339,0.000085104773
0x018a,3339,0.000085104773
0x018b,105,0.000002676251
0x018d,105,0.000002676251
0x018e,105,0.000002676251
0x018f,105,0.000002676251
0x0191,105,0.000002676251
0x0192,6,0.000000152929
0x0194,6,0.000000152929
0x0196,2024,0.000051587919
0x0197,2024,0.000051587919
0x0199,2024,0.000051587919
0x019b,2024,0.000051587919
0x019c,1650,0.000042055369
0x019d,1650,0.000042055369
0x019e,1650,0.000042055369
0x01a0,1650,0.000042055369
0x01a1,1650,0.000042055369
0x01a2,1650,0.000042055369
0x01a3,1650,0.000042055369
0x01a5,1650,0.000042055369
0x01a6,1650,0.000042055369
0x01a7,1650,0.000042055369
0x01a8,1650,0.000042055369
0x01ab,1650,0.000042055369
0x01ae,1650,0.000042055369
0x01af,1650,0.000042055369
0x01b0,1650,0.000042055369
0x01b1,1650,0.000042055369
0x01b2,1650,0.000042055369
0x01b3,1650,0.000042055369
0x01b4,1650,0.000042055369
0x01b5,1650,0.000042055369
0x01b6,1650,0.000042055369
0x01b7,1650,0.000042055369
0x01b8,1650,0.000042055369
0x01b9,1650,0.000042055369
0x01ba,1650,0.000042055369
0x01bb,1650,0.000042055369
0x01bd,1650,0.000042055369
0x01be,1650,0.000042055369
0x01c1,20541,0.000523551108
0x01c4,20541,0.000523551108
0x01c5,20541,0.000523551108
0x01c8,1650,0.000042055369
0x01c9,1650,0.000042055369
0x01ca,1650,0.000042055369
0x01d0,4778,0.000121782153
0x01d1,4778,0.000121782153
0x01d2,4778,0.000121782153
0x01d3,4778,0.000121782153
0x01d4,4778,0.000121782153
0x01d6,4778,0.000121782153
0x01d7,4778,0.000121782153
0x01d9,4778,0.000121782153
0x01dc,4778,0.000121782153
0x01dd,4778,0.000121782153
0x01e0,2707,0.000068996293
0x01e1,8,0.000000203905
0x01e4,1031,0.000026278233
0x01e7,1031,0.000026278233
0x01e9,1031,0.000026278233
0x01ed,124228,0.003166335967
0x01ee,124228,0.003166335967
0x01ef,124228,0.003166335967
0x01f0,124228,0.003166335967
0x01f3,124228,0.003166335967
0x01f4,124228,0.003166335967
0x01f7,4778,0.000121782153
0x0200,38778,0.000988377629
0x0201,38778,0.000988377629
0x0202,137,0.000003491870
0x0203,137,0.000003491870
0x0204,137,0.000003491870
0x0205,137,0.000003491870
0x0206,1650,0.000042055369
0x0207,1650,0.000042055369
0x0208,1650,0.000042055369
0x0209,1650,0.000042055369
0x020a,1650,0.000042055369
0x020b,1650,0.000042055369
0x020c,1650,0.000042055369
0x020d,1650,0.000042055369
0x020e,1650,0.000042055369
0x0210,10222,0.000260539381
0x0211,10222,0.000260539381
0x0213,10222,0.000260539381
0x0214,10222,0.000260539381
0x0215,2288,0.000058316778
0x0216,2288,0.000058316778
0x0217,255852,0.006521181938
0x0218,255852,0.006521181938
0x021a,255852,0.006521181938
0x021b,255852,0.006521181938
0x021c,37156,0.000947035927
0x021d,37156,0.000947035927
0x0220,41,0.000001045012
0x0221,41,0.000001045012
0x0222,41,0.000001045012
0x0223,41,0.000001045012
0x0224,41,0.000001045012
0x0225,41,0.000001045012
0x0226,41,0.000001045012
0x0227,41,0.000001045012
0x0228,41,0.000001045012
0x0229,41,0.000001045012
0x022a,41,0.000001045012
0x022b,41,0.000001045012
0x022c,41,0.000001045012
0x022e,41,0.000001045012
0x022f,41,0.000001045012
0x0230,41,0.000001045012
0x0231,41,0.000001045012
0x0232,41,0.000001045012
0x0258,80342,0.002047765111
0x0259,80342,0.002047765111
0x025a,80342,0.002047765111
0x025b,322,0.000008207169
0x025c,322,0.000008207169
0x025d,322,0.000008207169
0x025e,322,0.000008207169
0x025f,322,0.000008207169
0x0260,60302,0.001536983542
0x0263,60302,0.001536983542
0x0264,58403,0.001488581636
0x0267,58403,0.001488581636
0x0270,83801,0.002135928457
0x0271,83801,0.002135928457
0x0272,83801,0.002135928457
0x0273,83801,0.002135928457
0x0274,83801,0.002135928457
0x0275,83801,0.002135928457
0x0276,83801,0.002135928457
0x0277,58403,0.001488581636
0x0278,58403,0.001488581636
0x0279,58403,0.001488581636
0x027a,58403,0.001488581636
0x027b,58403,0.001488581636
0x027c,58403,0.001488581636
0x027d,58403,0.001488581636
0x0288,7,0.000000178417
0x028b,7,0.000000178417
0x028e,7,0.000000178417
0x0290,7,0.000000178417
0x0293,7,0.000000178417
0x0295,7,0.000000178417
0x0298,7,0.000000178417
0x029a,7,0.000000178417
0x02a7,7,0.000000178417
0x02aa,7,0.000000178417
0x02ab,7,0.000000178417
0x02ac,7,0.000000178417
0x02ad,1,0.000000025488
0x02b0,1,0.000000025488
0x02b3,1,0.000000025488
0x02b6,1,0.000000025488
0x02b9,1,0.000000025488
0x02bc,1,0.000000025488
0x02be,1,0.000000025488
0x02c0,1,0.000000025488
0x02c3,1,0.000000025488
0x02c5,1,0.000000025488
0x02c7,1,0.000000025488
0x02cb,1,0.000000025488
0x02cd,1,0.000000025488
0x02cf,1,0.000000025488
0x02d4,1,0.000000025488
0x02d7,1,0.000000025488
0x02d8,1,0.000000025488
0x02db,1,0.000000025488
0x02dd,1,0.000000025488
0x02e3,1,0.000000025488
0x02e5,1,0.000000025488
0x02e6,1,0.000000025488
0x02e7,1,0.000000025488
0x02e8,1,0.000000025488
0x02ea,1,0.000000025488
0x02ed,1,0.000000025488
0x02f0,1,0.000000025488
0x02f3,1,0.000000025488
0x02f6,1,0.000000025488
0x02f9,1,0.000000025488
0x02fc,1,0.000000025488
0x02fe,1,0.000000025488
0x0300,1,0.000000025488
0x0303,1,0.000000025488
0x0306,1,0.000000025488
0x0308,1,0.000000025488
0x030b,1,0.000000025488
0x030d,1,0.000000025488
0x0310,1,0.000000025488
0x0314,43,0.000001095988
0x0315,43,0.000001095988
0x0316,43,0.000001095988
0x0317,43,0.000001095988
0x0318,43,0.000001095988
0x0319,43,0.000001095988
0x031a,43,0.000001095988
0x031b,43,0.000001095988
0x031c,43,0.000001095988
0x031d,43,0.000001095988
0x031e,43,0.000001095988
0x0320,2,0.000000050976
0x0321,2,0.000000050976
0x0322,2,0.000000050976
0x0323,2,0.000000050976
0x0324,2,0.000000050976
0x0325,2,0.000000050976
0x0326,2,0.000000050976
0x0327,2,0.000000050976
0x0328,2,0.000000050976
0x0329,2,0.000000050976
0x032a,2,0.000000050976
0x032e,1,0.000000025488
0x0331,8,0.000000203905
0x0333,8,0.000000203905
0x0334,8,0.000000203905
0x0335,8,0.000000203905
0x0337,8,0.000000203905
0x033a,1,0.000000025488
0x033c,1,0.000000025488
0x033f,1,0.000000025488
0x0341,1,0.000000025488
0x0344,1,0.000000025488
0x0346,1,0.000000025488
0x0349,1,0.000000025488
0x034b,1,0.000000025488
0x034e,1,0.000000025488
0x0350,1,0.000000025488
0x0353,1,0.000000025488
0x0355,1,0.000000025488
0x0357,1,0.000000025488
0x0358,1,0.000000025488
0x035b,1,0.000000025488
0x035c,1,0.000000025488
0x035e,1,0.000000025488
0x035f,1,0.000000025488
0x0361,1,0.000000025488
0x0367,4,0.000000101952
0x0369,4,0.000000101952
0x036a,4,0.000000101952
0x036c,4,0.000000101952
0x036f,4,0.000000101952
0x0370,4,0.000000101952
0x0371,4,0.000000101952
0x0373,4,0.000000101952
0x0376,4,0.000000101952
0x0377,16529,0.000421292842
0x037a,16529,0.000421292842
0x037b,16529,0.000421292842
0x037c,16529,0.000421292842
0x037d,16529,0.000421292842
0x0380,37,0.000000943060
0x0383,37,0.000000943060
0x0386,37,0.000000943060
0x0389,13468,0.000343273761
0x038a,13468,0.000343273761
0x038b,13468,0.000343273761
0x038c,13468,0.000343273761
0x038d,13468,0.000343273761
0x038e,13468,0.000343273761
0x038f,13468,0.000343273761
0x0390,13468,0.000343273761
0x0393,962,0.000024519554
0x0394,962,0.000024519554
0x0395,962,0.000024519554
0x0396,962,0.000024519554
0x0397,962,0.000024519554
0x0398,962,0.000024519554
0x0399,962,0.000024519554
0x039a,962,0.000024519554
0x039d,37,0.000000943060
0x03a0,187,0.000004766275
0x03a3,187,0.000004766275
0x03a6,77792,0.001982770451
0x03a7,77792,0.001982770451
0x03a8,77792,0.001982770451
0x03a9,77792,0.001982770451
0x03aa,77792,0.001982770451
0x03ab,77792,0.001982770451
0x03ac,77792,0.001982770451
0x03af,187,0.000004766275
0x03b0,13182,0.000335984164
0x03b3,13182,0.000335984164
0x03b6,13182,0.000335984164
0x03b9,10320,0.000263037215
0x03bc,10320,0.000263037215
0x03bf,10317,0.000262960751
0x03c2,10317,0.000262960751
0x03c5,10317,0.000262960751
0x03c8,7440,0.000189631481
0x03cb,7440,0.000189631481
0x03ce,13176,0.000335831235
0x03d1,13176,0.000335831235
0x03d4,13176,0.000335831235
0x03d5,13176,0.000335831235
0x03d7,13176,0.000335831235
0x03d8,13176,0.000335831235
0x03d9,13176,0.000335831235
0x03e2,3,0.000000076464
0x03e5,3,0.000000076464
0x03e8,3,0.000000076464
0x03eb,3,0.000000076464
0x03ee,3,0.000000076464
0x03f1,6,0.000000152929
0x03f4,6,0.000000152929
0x03f5,6,0.000000152929
0x03f7,6,0.000000152929
0x03f8,6,0.000000152929
0x03fa,6,0.000000152929
0x03fb,6,0.000000152929
0x03fc,6,0.000000152929
0x03fd,6,0.000000152929
0x0400,18869,0.000480935001
0x0403,18869,0.000480935001
0x0406,18869,0.000480935001
0x0407,18869,0.000480935001
0x0408,18869,0.000480935001
0x0409,18869,0.000480935001
0x040a,18869,0.000480935001
0x040b,18869,0.000480935001
0x040c,18869,0.000480935001
0x040d,18869,0.000480935001
0x041e,38,0.000000968548
0x0421,38,0.000000968548
0x0423,38,0.000000968548
0x0424,38,0.000000968548
0x0427,38,0.000000968548
0x0429,38,0.000000968548
0x042a,38,0.000000968548
0x042d,38,0.000000968548
0x0430,6,0.000000152929
0x0433,6,0.000000152929
0x0435,6,0.000000152929
0x0436,6,0.000000152929
0x0438,6,0.000000152929
0x043a,6,0.000000152929
0x043b,6,0.000000152929
0x043d,6,0.000000152929
0x043f,6,0.000000152929
0x0440,2,0.000000050976
0x0441,2,0.000000050976
0x0442,2,0.000000050976
0x0443,2,0.000000050976
0x0445,2,0.000000050976
0x04ac,1290,0.000032879652
0x04af,1290,0.000032879652
0x04b0,1290,0.000032879652
0x04b1,1290,0.000032879652
0x04b2,1290,0.000032879652
0x04b4,1290,0.000032879652
0x04b5,1290,0.000032879652
0x04b6,1278,0.000032573795
0x04b8,1278,0.000032573795
0x04ba,1278,0.000032573795
0x04bd,1272,0.000032420866
0x04bf,1272,0.000032420866
0x04c1,1272,0.000032420866
0x04c2,1272,0.000032420866
0x04c4,1272,0.000032420866
0x04c6,1272,0.000032420866
0x04c9,645,0.000016439826
0x04cc,645,0.000016439826
0x04cd,645,0.000016439826
0x04d0,645,0.000016439826
0x04d1,645,0.000016439826
0x04d2,645,0.000016439826
0x04d4,645,0.000016439826
0x04d7,645,0.000016439826
0x04df,645,0.000016439826
0x04e1,645,0.000016439826
0x04e4,645,0.000016439826
0x04e6,627,0.000015981040
0x04e9,627,0.000015981040
0x04ea,627,0.000015981040
0x04eb,627,0.000015981040
0x04ee,627,0.000015981040
0x04f4,627,0.000015981040
0x04f6,627,0.000015981040
0x04f9,627,0.000015981040
0x04fb,3762,0.000095886241
0x04fd,3762,0.000095886241
0x04fe,3762,0.000095886241
0x0501,3762,0.000095886241
0x0502,3762,0.000095886241
0x0505,627,0.000015981040
0x0506,32,0.000000815619
0x0509,32,0.000000815619
0x050b,32,0.000000815619
0x050e,32,0.000000815619
0x0511,32,0.000000815619
0x0514,32,0.000000815619
0x0515,32,0.000000815619
0x0518,32,0.000000815619
0x051b,32,0.000000815619
0x051d,32,0.000000815619
0x0520,32,0.000000815619
0x0523,32,0.000000815619
0x0526,32,0.000000815619
0x0529,32,0.000000815619
0x052c,32,0.000000815619
0x052f,32,0.000000815619
0x0532,32,0.000000815619
0x0535,32,0.000000815619
0x0537,32,0.000000815619
0x053a,32,0.000000815619
0x053d,32,0.000000815619
0x0540,32,0.000000815619
0x0543,32,0.000000815619
0x0547,32,0.000000815619
0x054a,32,0.000000815619
0x054d,32,0.000000815619
0x054f,32,0.000000815619
0x0552,32,0.000000815619
0x0555,32,0.000000815619
0x0557,32,0.000000815619
0x055a,32,0.000000815619
0x0580,35,0.000000892084
0x0583,35,0.000000892084
0x0586,35,0.000000892084
0x0588,35,0.000000892084
0x0589,35,0.000000892084
0x058a,35,0.000000892084
0x058b,35,0.000000892084
0x058d,35,0.000000892084
0x0590,35,0.000000892084
0x0592,35,0.000000892084
0x0595,35,0.000000892084
0x05d8,186,0.000004740787
0x05d9,8712,0.000222052347
0x05da,8712,0.000222052347
0x05db,8712,0.000222052347
0x05dc,8712,0.000222052347
0x05df,186,0.000004740787
0x05e0,1988,0.000050670347
0x05e1,1988,0.000050670347
0x05e2,1988,0.000050670347
0x05e3,1988,0.000050670347
0x05e4,1988,0.000050670347
0x05e5,1988,0.000050670347
0x05e8,76,0.000001937096
0x05ec,32,0.000000815619
0x05ef,32,0.000000815619
0x05f2,32,0.000000815619
0x05f4,32,0.000000815619
0x05f5,32,0.000000815619
0x05f6,32,0.000000815619
0x05f7,32,0.000000815619
0x05f8,32,0.000000815619
0x05f9,32,0.000000815619
0x05fa,200,0.000005097620
0x05fd,200,0.000005097620
0x0600,200,0.000005097620
0x0601,200,0.000005097620
0x0602,200,0.000005097620
0x0603,3045,0.000077611271
0x0604,3045,0.000077611271
0x0605,3045,0.000077611271
0x0606,3045,0.000077611271
0x0607,3045,0.000077611271
0x0608,3045,0.000077611271
0x0609,3045,0.000077611271
0x060a,3045,0.000077611271
0x060d,191,0.000004868228
0x0610,32,0.000000815619
0x0613,32,0.000000815619
0x0616,32,0.000000815619
0x0617,32,0.000000815619
0x0619,32,0.000000815619
0x061a,32,0.000000815619
0x061b,32,0.000000815619
0x061c,32,0.000000815619
0x061d,32,0.000000815619
0x061e,32,0.000000815619
0x061f,32,0.000000815619
0x0621,32,0.000000815619
0x0624,32,0.000000815619
0x0627,32,0.000000815619
0x0628,32,0.000000815619
0x0629,32,0.000000815619
0x062a,357,0.000009099253
0x062b,357,0.000009099253
0x062c,357,0.000009099253
0x062d,357,0.000009099253
0x062e,357,0.000009099253
0x062f,357,0.000009099253
0x0630,357,0.000009099253
0x0631,357,0.000009099253
0x0632,357,0.000009099253
0x0633,357,0.000009099253
0x0634,357,0.000009099253
0x0635,357,0.000009099253
0x0638,23,0.000000586226
0x0650,32,0.000000815619
0x0653,32,0.000000815619
0x0656,32,0.000000815619
0x0658,32,0.000000815619
0x0659,32,0.000000815619
0x065a,32,0.000000815619
0x065b,32,0.000000815619
0x065c,32,0.000000815619
0x065d,32,0.000000815619
0x065e,32,0.000000815619
0x0661,32,0.000000815619
0x0664,32,0.000000815619
0x0665,32,0.000000815619
0x0666,32,0.000000815619
0x0667,357,0.000009099253
0x0668,357,0.000009099253
0x0669,357,0.000009099253
0x066a,357,0.000009099253
0x066b,357,0.000009099253
0x066c,357,0.000009099253
0x066f,23,0.000000586226
0x067a,4891,0.000124662308
0x067d,4891,0.000124662308
0x067e,4891,0.000124662308
0x067f,4891,0.000124662308
0x0682,4891,0.000124662308
0x0684,4891,0.000124662308
0x0685,616,0.000015700671
0x0688,616,0.000015700671
0x068b,616,0.000015700671
0x068c,616,0.000015700671
0x068d,616,0.000015700671
0x068e,616,0.000015700671
0x068f,616,0.000015700671
0x0691,616,0.000015700671
0x0692,616,0.000015700671
0x0693,616,0.000015700671
0x0695,616,0.000015700671
0x0696,616,0.000015700671
0x0697,616,0.000015700671
0x0698,616,0.000015700671
0x0699,16037,0.000408752696
0x069a,16037,0.000408752696
0x069b,16037,0.000408752696
0x069c,16037,0.000408752696
0x069d,16037,0.000408752696
0x069e,16037,0.000408752696
0x069f,16037,0.000408752696
0x06a2,2464,0.000062802684
0x06a3,2464,0.000062802684
0x06a4,2464,0.000062802684
0x06a5,2464,0.000062802684
0x06a8,616,0.000015700671
0x06a9,616,0.000015700671
0x06ac,616,0.000015700671
0x06b0,4492,0.000114492555
0x06b3,4492,0.000114492555
0x06b6,4492,0.000114492555
0x06b7,4492,0.000114492555
0x06b8,4492,0.000114492555
0x06b9,29,0.000000739155
0x06ba,29,0.000000739155
0x06bb,29,0.000000739155
0x06bc,29,0.000000739155
0x06bd,29,0.000000739155
0x06be,29,0.000000739155
0x06bf,29,0.000000739155
0x06c0,29,0.000000739155
0x06c1,29,0.000000739155
0x06c2,29,0.000000739155
0x06c3,29,0.000000739155
0x06c4,29,0.000000739155
0x06c5,29,0.000000739155
0x06c8,29,0.000000739155
0x06ca,29,0.000000739155
0x06cb,29,0.000000739155
0x06cc,29,0.000000739155
0x06cd,29,0.000000739155
0x06cf,29,0.000000739155
0x06d0,29,0.000000739155
0x06d1,29,0.000000739155
0x06d2,29,0.000000739155
0x06d3,29,0.000000739155
0x06d4,29,0.000000739155
0x06d5,29,0.000000739155
0x06d7,29,0.000000739155
0x06d8,29,0.000000739155
0x06da,29,0.000000739155
0x06db,29,0.000000739155
0x06de,29,0.000000739155
0x06df,29,0.000000739155
0x06e1,29,0.000000739155
0x06e2,29,0.000000739155
0x06e3,29,0.000000739155
0x06e4,29,0.000000739155
0x06e7,29,0.000000739155
0x06e8,645,0.000016439826
0x06eb,645,0.000016439826
0x06ed,645,0.000016439826
0x06f0,4492,0.000114492555
0x06f3,4492,0.000114492555
0x06f6,4492,0.000114492555
0x0700,13427,0.000342228749
0x0703,13427,0.000342228749
0x0706,40281,0.001026686247
0x0709,40281,0.001026686247
0x070a,40281,0.001026686247
0x070c,40281,0.001026686247
0x070d,40281,0.001026686247
0x070f,40281,0.001026686247
0x0710,40281,0.001026686247
0x0711,40281,0.001026686247
0x0713,40281,0.001026686247
0x0716,13427,0.000342228749
0x0718,134581,0.003430214290
0x071b,134581,0.003430214290
0x0720,134581,0.003430214290
0x0721,134581,0.003430214290
0x0722,134581,0.003430214290
0x0724,134581,0.003430214290
0x0725,55160,0.001405923720
0x0726,55160,0.001405923720
0x0728,55160,0.001405923720
0x0729,55160,0.001405923720
0x072a,55160,0.001405923720
0x072b,55160,0.001405923720
0x072c,55160,0.001405923720
0x072e,55160,0.001405923720
0x0730,55160,0.001405923720
0x0731,55160,0.001405923720
0x0733,55160,0.001405923720
0x0734,55160,0.001405923720
0x0740,134581,0.003430214290
0x0741,134581,0.003430214290
0x0742,134581,0.003430214290
0x0744,134581,0.003430214290
0x0745,57976,0.001477698216
0x0746,57976,0.001477698216
0x0748,57976,0.001477698216
0x0749,57976,0.001477698216
0x074a,57976,0.001477698216
0x074b,57976,0.001477698216
0x074c,57976,0.001477698216
0x074d,57976,0.001477698216
0x074f,57976,0.001477698216
0x0750,57976,0.001477698216
0x0751,57976,0.001477698216
0x0752,57976,0.001477698216
0x0754,57976,0.001477698216
0x0755,57976,0.001477698216
0x0757,57976,0.001477698216
0x0758,57976,0.001477698216
0x0763,9874,0.000251669522
0x0764,9874,0.000251669522
0x0765,9874,0.000251669522
0x0766,9874,0.000251669522
0x0767,9874,0.000251669522
0x0768,9874,0.000251669522
0x0769,9874,0.000251669522
0x076a,9874,0.000251669522
0x076b,9874,0.000251669522
0x076d,12594,0.000320997160
0x076e,12594,0.000320997160
0x076f,12594,0.000320997160
0x0770,12594,0.000320997160
0x0771,12594,0.000320997160
0x0772,12594,0.000320997160
0x0773,12594,0.000320997160
0x0774,12594,0.000320997160
0x0775,12594,0.000320997160
0x0776,12594,0.000320997160
0x0779,25341,0.000645893999
0x077a,25341,0.000645893999
0x077b,25341,0.000645893999
0x077c,25341,0.000645893999
0x077d,25341,0.000645893999
0x077e,25341,0.000645893999
0x077f,25341,0.000645893999
0x0780,25341,0.000645893999
0x0783,25341,0.000645893999
0x0784,25341,0.000645893999
0x0785,25341,0.000645893999
0x0786,25341,0.000645893999
0x0788,25413,0.000647729143
0x0789,25413,0.000647729143
0x078a,25413,0.000647729143
0x078b,25413,0.000647729143
0x078c,25413,0.000647729143
0x078d,25413,0.000647729143
0x078e,25413,0.000647729143
0x078f,25413,0.000647729143
0x0790,25413,0.000647729143
0x0792,25413,0.000647729143
0x0793,25413,0.000647729143
0x0794,25413,0.000647729143
0x0795,25413,0.000647729143
0x0798,25413,0.000647729143
0x0799,25413,0.000647729143
0x079a,25413,0.000647729143
0x079b,25413,0.000647729143
0x079e,2526,0.000064382946
0x079f,2526,0.000064382946
0x07a0,2526,0.000064382946
0x07a1,2526,0.000064382946
0x07a2,2526,0.000064382946
0x07a3,2526,0.000064382946
0x07a4,2526,0.000064382946
0x07a5,2526,0.000064382946
0x07a6,2526,0.000064382946
0x07a7,2526,0.000064382946
0x07a8,2526,0.000064382946
0x07aa,2529,0.000064459411
0x07ab,2529,0.000064459411
0x07ac,2529,0.000064459411
0x07ad,2529,0.000064459411
0x07ae,2529,0.000064459411
0x07af,2529,0.000064459411
0x07b0,2529,0.000064459411
0x07b1,2529,0.000064459411
0x07b2,2529,0.000064459411
0x07b4,2529,0.000064459411
0x07b5,2529,0.000064459411
0x07b6,2529,0.000064459411
0x07b7,2529,0.000064459411
0x07b8,2529,0.000064459411
0x07b9,2529,0.000064459411
0x07ba,2529,0.000064459411
0x07bb,2529,0.000064459411
0x07be,17419,0.000443977253
0x07bf,17419,0.000443977253
0x07c0,17419,0.000443977253
0x07c1,17419,0.000443977253
0x07c2,17419,0.000443977253
0x07c3,17419,0.000443977253
0x07c4,17419,0.000443977253
0x07c5,17419,0.000443977253
0x07c6,17419,0.000443977253
0x07c7,17419,0.000443977253
0x07ca,17419,0.000443977253
0x07cb,17419,0.000443977253
0x07cc,17419,0.000443977253
0x07cd,17419,0.000443977253
0x07ce,17419,0.000443977253
0x07cf,17419,0.000443977253
0x07d2,17440,0.000444512503
0x07d3,17440,0.000444512503
0x07d4,17440,0.000444512503
0x07d5,17440,0.000444512503
0x07d6,17440,0.000444512503
0x07d7,17440,0.000444512503
0x07d8,17440,0.000444512503
0x07d9,17440,0.000444512503
0x07da,17440,0.000444512503
0x07dc,17469,0.000445251658
0x07dd,17469,0.000445251658
0x07de,17469,0.000445251658
0x07df,17469,0.000445251658
0x07e0,17469,0.000445251658
0x07e1,17469,0.000445251658
0x07e2,17469,0.000445251658
0x07e3,17469,0.000445251658
0x07e4,17469,0.000445251658
0x07e7,17469,0.000445251658
0x07e8,17469,0.000445251658
0x07e9,17469,0.000445251658
0x07ea,17469,0.000445251658
0x07eb,17469,0.000445251658
0x07ec,17469,0.000445251658
0x07ed,17469,0.000445251658
0x07ee,17469,0.000445251658
0x07f0,6,0.000000152929
0x07f3,6,0.000000152929
0x07f6,6,0.000000152929
0x07f9,6,0.000000152929
0x0800,15355,0.000391369810
0x0803,15355,0.000391369810
0x0806,15355,0.000391369810
0x0807,15355,0.000391369810
0x0809,15355,0.000391369810
0x080a,15355,0.000391369810
0x080b,15355,0.000391369810
0x080c,15355,0.000391369810
0x080d,15355,0.000391369810
0x080e,15355,0.000391369810
0x080f,15355,0.000391369810
0x0834,1324,0.000033746247
0x0837,1324,0.000033746247
0x083a,1324,0.000033746247
0x083b,1324,0.000033746247
0x083c,1324,0.000033746247
0x083e,1324,0.000033746247
0x083f,168,0.000004282001
0x0842,168,0.000004282001
0x0845,168,0.000004282001
0x0848,381,0.000009710967
0x084b,381,0.000009710967
0x084c,381,0.000009710967
0x084d,381,0.000009710967
0x084e,11,0.000000280369
0x0850,11,0.000000280369
0x0851,11,0.000000280369
0x0853,11,0.000000280369
0x0855,11,0.000000280369
0x085a,168,0.000004282001
0x085d,168,0.000004282001
0x085f,168,0.000004282001
0x0860,136,0.000003466382
0x0862,136,0.000003466382
0x0864,136,0.000003466382
0x0865,104,0.000002650763
0x0867,104,0.000002650763
0x0869,104,0.000002650763
0x086a,72,0.000001835143
0x086c,72,0.000001835143
0x086e,72,0.000001835143
0x086f,40,0.000001019524
0x0871,40,0.000001019524
0x0876,13427,0.000342228749
0x0879,13427,0.000342228749
0x087c,13427,0.000342228749
0x087f,13427,0.000342228749
0x0882,13427,0.000342228749
0x0885,13427,0.000342228749
0x0886,13427,0.000342228749
0x0889,13427,0.000342228749
0x088b,73841,0.001882066959
0x088c,73841,0.001882066959
0x088d,73841,0.001882066959
0x088e,73841,0.001882066959
0x088f,73841,0.001882066959
0x0890,73841,0.001882066959
0x0891,73841,0.001882066959
0x0892,73841,0.001882066959
0x0893,73841,0.001882066959
0x0894,73841,0.001882066959
0x0897,20139,0.000513304891
0x08a0,13427,0.000342228749
0x08a3,13427,0.000342228749
0x08a6,13427,0.000342228749
0x08a9,13427,0.000342228749
0x08ac,13427,0.000342228749
0x08ae,13427,0.000342228749
0x08b0,13427,0.000342228749
0x08b1,1280,0.000032624771
0x08b4,1280,0.000032624771
0x08b7,1280,0.000032624771
0x08c4,13427,0.000342228749
0x08c7,13427,0.000342228749
0x08c8,13427,0.000342228749
0x08ca,13427,0.000342228749
0x08cd,13241,0.000337487962
0x08cf,13241,0.000337487962
0x08d0,13241,0.000337487962
0x08d1,13241,0.000337487962
0x08d4,12665,0.000322806815
0x08d6,12665,0.000322806815
0x08d9,12665,0.000322806815
0x08dc,3,0.000000076464
0x08de,3,0.000000076464
0x08e0,3,0.000000076464
0x08e2,3,0.000000076464
0x08e3,3,0.000000076464
0x08e5,3,0.000000076464
0x08e6,3,0.000000076464
0x08e8,3,0.000000076464
0x08ea,579,0.000014757611
0x08eb,13241,0.000337487962
0x08ed,13241,0.000337487962
0x08f0,13241,0.000337487962
0x08f3,13241,0.000337487962
0x0900,13241,0.000337487962
0x0903,13241,0.000337487962
0x0904,13241,0.000337487962
0x0906,13241,0.000337487962
0x0907,10155,0.000258831678
0x0909,10155,0.000258831678
0x090c,5113,0.000130320667
0x090d,5113,0.000130320667
0x090f,5113,0.000130320667
0x0910,5038,0.000128409059
0x0911,5038,0.000128409059
0x0913,5038,0.000128409059
0x0916,5038,0.000128409059
0x0917,5042,0.000128511012
0x0918,5042,0.000128511012
0x091a,5042,0.000128511012
0x091b,5042,0.000128511012
0x091c,5042,0.000128511012
0x091e,5042,0.000128511012
0x0921,5042,0.000128511012
0x0926,13586,0.000346281357
0x0927,13586,0.000346281357
0x0929,13586,0.000346281357
0x092a,13586,0.000346281357
0x092b,13586,0.000346281357
0x092c,13586,0.000346281357
0x092d,13586,0.000346281357
0x092e,13586,0.000346281357
0x0930,14707,0.000374853520
0x0931,14707,0.000374853520
0x0933,14707,0.000374853520
0x0936,9401,0.000239613649
0x0937,9401,0.000239613649
0x0939,9401,0.000239613649
0x093c,9401,0.000239613649
0x093d,345,0.000008793395
0x093e,345,0.000008793395
0x0940,345,0.000008793395
0x0941,345,0.000008793395
0x0942,345,0.000008793395
0x0944,345,0.000008793395
0x0945,345,0.000008793395
0x0946,345,0.000008793395
0x0947,345,0.000008793395
0x094a,345,0.000008793395
0x094c,345,0.000008793395
0x094d,345,0.000008793395
0x094e,345,0.000008793395
0x0951,345,0.000008793395
0x0953,345,0.000008793395
0x0954,345,0.000008793395
0x0955,345,0.000008793395
0x0956,345,0.000008793395
0x0959,345,0.000008793395
0x095c,345,0.000008793395
0x095e,345,0.000008793395
0x0961,345,0.000008793395
0x0964,5306,0.000135239871
0x0965,5306,0.000135239871
0x0966,5306,0.000135239871
0x0967,5306,0.000135239871
0x0968,5306,0.000135239871
0x096a,5306,0.000135239871
0x096b,5306,0.000135239871
0x096d,5306,0.000135239871
0x096e,269,0.000006856300
0x096f,269,0.000006856300
0x0970,269,0.000006856300
0x0971,269,0.000006856300
0x0972,269,0.000006856300
0x0974,269,0.000006856300
0x0975,269,0.000006856300
0x097a,13427,0.000342228749
0x097d,13427,0.000342228749
0x097e,13427,0.000342228749
0x0980,13427,0.000342228749
0x0981,13427,0.000342228749
0x0984,13427,0.000342228749
0x0985,13427,0.000342228749
0x0986,13427,0.000342228749
0x0987,13427,0.000342228749
0x0988,13427,0.000342228749
0x098b,13427,0.000342228749
0x098c,13427,0.000342228749
0x098d,13427,0.000342228749
0x098e,13427,0.000342228749
0x0991,13427,0.000342228749
0x09a0,13459,0.000343044368
0x09a3,13459,0.000343044368
0x09a6,40377,0.001029133105
0x09a9,40377,0.001029133105
0x09aa,40377,0.001029133105
0x09ab,40377,0.001029133105
0x09ac,40377,0.001029133105
0x09ad,40377,0.001029133105
0x09ae,40377,0.001029133105
0x09af,40377,0.001029133105
0x09b0,40377,0.001029133105
0x09b2,40377,0.001029133105
0x09b5,13459,0.000343044368
0x09ba,106400,0.002711934080
0x09bd,106400,0.002711934080
0x09be,106400,0.002711934080
0x09c0,106400,0.002711934080
0x09c1,106400,0.002711934080
0x09c2,106400,0.002711934080
0x09c3,106400,0.002711934080
0x09c4,106400,0.002711934080
0x09c5,106400,0.002711934080
0x09c6,106400,0.002711934080
0x09c7,106400,0.002711934080
0x09c8,106400,0.002711934080
0x09c9,106400,0.002711934080
0x09ca,106400,0.002711934080
0x09cc,106400,0.002711934080
0x09cd,106400,0.002711934080
0x09ce,106400,0.002711934080
0x09cf,106400,0.002711934080
0x09d0,106400,0.002711934080
0x09d1,106400,0.002711934080
0x0a50,3037,0.000077407367
0x0a53,3037,0.000077407367
0x0a56,60740,0.001548147331
0x0a57,60740,0.001548147331
0x0a5a,60740,0.001548147331
0x0a5b,60740,0.001548147331
0x0a5c,60740,0.001548147331
0x0a5e,60740,0.001548147331
0x0a5f,60740,0.001548147331
0x0a61,60740,0.001548147331
0x0a62,60740,0.001548147331
0x0a63,60740,0.001548147331
0x0a64,60740,0.001548147331
0x0a67,3037,0.000077407367
0x0a6c,2897,0.000073839032
0x0a6f,2897,0.000073839032
0x0a72,57940,0.001476780645
0x0a73,57940,0.001476780645
0x0a74,57940,0.001476780645
0x0a75,57940,0.001476780645
0x0a77,57940,0.001476780645
0x0a7a,32463,0.000827420264
0x0a7b,32463,0.000827420264
0x0a7c,32463,0.000827420264
0x0a7d,32463,0.000827420264
0x0a7e,32463,0.000827420264
0x0a7f,32463,0.000827420264
0x0a80,32463,0.000827420264
0x0a81,32463,0.000827420264
0x0a82,32463,0.000827420264
0x0a83,32463,0.000827420264
0x0a84,32463,0.000827420264
0x0a85,32463,0.000827420264
0x0a86,32463,0.000827420264
0x0a87,32463,0.000827420264
0x0a8a,57940,0.001476780645
0x0a8b,57940,0.001476780645
0x0a8c,57940,0.001476780645
0x0a8d,57940,0.001476780645
0x0a8f,57940,0.001476780645
0x0a90,57940,0.001476780645
0x0a91,57940,0.001476780645
0x0a93,57940,0.001476780645
0x0a94,57940,0.001476780645
0x0a96,57940,0.001476780645
0x0a99,2897,0.000073839032
0x0aa0,186,0.000004740787
0x0aa2,186,0.000004740787
0x0aa3,186,0.000004740787
0x0aa4,186,0.000004740787
0x0aa5,186,0.000004740787
0x0aa8,186,0.000004740787
0x0aa9,186,0.000004740787
0x0aac,186,0.000004740787
0x0aae,186,0.000004740787
0x0aaf,186,0.000004740787
0x0ab0,186,0.000004740787
0x0ab3,186,0.000004740787
0x0ab5,186,0.000004740787
0x0ab8,183,0.000004664323
0x0abb,183,0.000004664323
0x0abd,183,0.000004664323
0x0abe,183,0.000004664323
0x0abf,183,0.000004664323
0x0ac0,183,0.000004664323
0x0ac1,183,0.000004664323
0x0ad6,5904,0.000150481756
0x0ad7,5904,0.000150481756
0x0ad8,23616,0.000601927023
0x0ad9,23616,0.000601927023
0x0ada,23616,0.000601927023
0x0adb,23616,0.000601927023
0x0adc,23616,0.000601927023
0x0add,23616,0.000601927023
0x0ae0,5904,0.000150481756
0x0ae1,5904,0.000150481756
0x0ae2,5904,0.000150481756
0x0ae5,5904,0.000150481756
0x0ae6,5904,0.000150481756
0x0ae9,2574,0.000065606375
0x0aea,1152,0.000029362294
0x0aed,1152,0.000029362294
0x0aee,1152,0.000029362294
0x0af0,1152,0.000029362294
0x0af1,1152,0.000029362294
0x0af4,1152,0.000029362294
0x0af6,1152,0.000029362294
0x0af7,1152,0.000029362294
0x0af8,1152,0.000029362294
0x0af9,1152,0.000029362294
0x0afc,1152,0.000029362294
0x0afd,1152,0.000029362294
0x0afe,1152,0.000029362294
0x0b00,1152,0.000029362294
0x0b01,1152,0.000029362294
0x0b02,1152,0.000029362294
0x0b05,1140,0.000029056437
0x0b07,1140,0.000029056437
0x0b0a,768,0.000019574863
0x0b0d,756,0.000019269005
0x0b15,12,0.000000305857
0x0b16,12,0.000000305857
0x0b18,12,0.000000305857
0x0b19,12,0.000000305857
0x0b1a,12,0.000000305857
0x0b1c,12,0.000000305857
0x0b1d,12,0.000000305857
0x0b1e,12,0.000000305857
0x0b1f,12,0.000000305857
0x0b20,3,0.000000076464
0x0b21,3,0.000000076464
0x0b22,3,0.000000076464
0x0b25,3,0.000000076464
0x0b26,3,0.000000076464
0x0b27,3,0.000000076464
0x0b28,3,0.000000076464
0x0b29,2,0.000000050976
0x0b2b,2,0.000000050976
0x0b2d,2,0.000000050976
0x0b48,3,0.000000076464
0x0b4b,3,0.000000076464
0x0b4e,3,0.000000076464
0x0b50,3,0.000000076464
0x0b51,3,0.000000076464
0x0b53,3,0.000000076464
0x0b54,3,0.000000076464
0x0b55,3,0.000000076464
0x0b57,3,0.000000076464
0x0b59,3,0.000000076464
0x0b5a,3,0.000000076464
0x0b60,1034,0.000026354698
0x0b63,1034,0.000026354698
0x0b64,1034,0.000026354698
0x0b65,1034,0.000026354698
0x0b67,1034,0.000026354698
0x0b6a,1027,0.000026176281
0x0b6d,1027,0.000026176281
0x0b6f,1027,0.000026176281
0x0b71,1027,0.000026176281
0x0b74,4,0.000000101952
0x0b77,4,0.000000101952
0x0b79,4,0.000000101952
0x0b7b,4,0.000000101952
0x0b7c,4,0.000000101952
0x0b7d,4,0.000000101952
0x0b7e,4,0.000000101952
0x0b7f,4,0.000000101952
0x0b80,4,0.000000101952
0x0b82,4,0.000000101952
0x0b83,4,0.000000101952
0x0b84,4,0.000000101952
0x0b85,4,0.000000101952
0x0b87,4,0.000000101952
0x0b88,4,0.000000101952
0x0b89,4,0.000000101952
0x0b8a,4,0.000000101952
0x0b8b,4,0.000000101952
0x0b95,1023,0.000026074329
0x0b98,1023,0.000026074329
0x0b9b,1023,0.000026074329
0x0ba0,372,0.000009481574
0x0ba3,372,0.000009481574
0x0ba4,372,0.000009481574
0x0ba6,372,0.000009481574
0x0ba8,372,0.000009481574
0x0ba9,248,0.000006321049
0x0bab,248,0.000006321049
0x0bac,155,0.000003950656
0x0bad,155,0.000003950656
0x0bae,155,0.000003950656
0x0baf,155,0.000003950656
0x0bb2,155,0.000003950656
0x0bba,756,0.000019269005
0x0bbb,756,0.000019269005
0x0bbc,756,0.000019269005
0x0bbf,384,0.000009787431
0x0bc0,384,0.000009787431
0x0bc1,384,0.000009787431
0x0bc4,192,0.000004893716
0x0bca,4,0.000000101952
0x0bcd,4,0.000000101952
0x0bd0,4,0.000000101952
0x0bd2,4,0.000000101952
0x0bd3,4,0.000000101952
0x0bd4,4,0.000000101952
0x0bd6,4,0.000000101952
0x0bd9,4,0.000000101952
0x0bdc,4,0.000000101952
0x0bdf,4,0.000000101952
0x0be2,4,0.000000101952
0x0be5,4,0.000000101952
0x0be8,4,0.000000101952
0x0beb,4,0.000000101952
0x0bee,4,0.000000101952
0x0bf1,4,0.000000101952
0x0c00,11,0.000000280369
0x0c01,11,0.000000280369
0x0c02,11,0.000000280369
0x0c04,11,0.000000280369
0x0c05,11,0.000000280369
0x0c07,11,0.000000280369
0x0c08,11,0.000000280369
0x0c09,11,0.000000280369
0x0c0a,11,0.000000280369
0x0c0b,11,0.000000280369
0x0c0c,11,0.000000280369
0x0c0f,11,0.000000280369
0x0c10,11,0.000000280369
0x0c11,11,0.000000280369
0x0c13,11,0.000000280369
0x0c16,9,0.000000229393
0x0c18,9,0.000000229393
0x0c1b,3,0.000000076464
0x0c1e,3,0.000000076464
0x0c20,3,0.000000076464
0x0c23,3,0.000000076464
0x0c40,6712,0.000171076142
0x0c43,6712,0.000171076142
0x0c45,6712,0.000171076142
0x0c48,6712,0.000171076142
0x0c4b,6712,0.000171076142
0x0c4e,6712,0.000171076142
0x0c51,6712,0.000171076142
0x0c56,6712,0.000171076142
0x0c59,33560,0.000855380712
0x0c5a,33560,0.000855380712
0x0c5d,33560,0.000855380712
0x0c5e,33560,0.000855380712
0x0c5f,33560,0.000855380712
0x0c61,33560,0.000855380712
0x0c62,33560,0.000855380712
0x0c64,33560,0.000855380712
0x0c67,6712,0.000171076142
0x0c6b,6712,0.000171076142
0x0c6e,6712,0.000171076142
0x0c71,33560,0.000855380712
0x0c74,33560,0.000855380712
0x0c75,33560,0.000855380712
0x0c76,33560,0.000855380712
0x0c77,33560,0.000855380712
0x0c78,33560,0.000855380712
0x0c79,33560,0.000855380712
0x0c7a,33560,0.000855380712
0x0c7b,33560,0.000855380712
0x0c7d,33560,0.000855380712
0x0c80,6712,0.000171076142
0x0c84,33560,0.000855380712
0x0c85,33560,0.000855380712
0x0c87,33560,0.000855380712
0x0c88,4738,0.000120762628
0x0c89,4738,0.000120762628
0x0c8a,4738,0.000120762628
0x0c8b,4738,0.000120762628
0x0c8c,4738,0.000120762628
0x0c8e,4738,0.000120762628
0x0c8f,4738,0.000120762628
0x0c90,4738,0.000120762628
0x0c91,4738,0.000120762628
0x0c92,4738,0.000120762628
0x0c94,4738,0.000120762628
0x0c95,4738,0.000120762628
0x0c97,4738,0.000120762628
0x0c9a,4609,0.000117474663
0x0c9b,4609,0.000117474663
0x0c9e,4609,0.000117474663
0x0c9f,4609,0.000117474663
0x0ca0,4609,0.000117474663
0x0ca2,4609,0.000117474663
0x0ca3,4609,0.000117474663
0x0ca4,4609,0.000117474663
0x0ca5,4609,0.000117474663
0x0ca6,4609,0.000117474663
0x0ca7,4609,0.000117474663
0x0ca8,4609,0.000117474663
0x0ca9,4609,0.000117474663
0x0caa,4609,0.000117474663
0x0cac,4609,0.000117474663
0x0caf,4600,0.000117245270
0x0cb4,4609,0.000117474663
0x0cb6,4609,0.000117474663
0x0cb7,1047,0.000026686043
0x0cb9,1047,0.000026686043
0x0cba,531,0.000013534182
0x0cbd,531,0.000013534182
0x0cbe,531,0.000013534182
0x0cbf,175,0.000004460418
0x0cc2,175,0.000004460418
0x0cc3,175,0.000004460418
0x0cc4,12,0.000000305857
0x0cc6,12,0.000000305857
0x0cc9,12,0.000000305857
0x0ccb,12,0.000000305857
0x0cce,12,0.000000305857
0x0cd0,12,0.000000305857
0x0cd3,12,0.000000305857
0x0cd8,6712,0.000171076142
0x0cdb,6712,0.000171076142
0x0cde,33560,0.000855380712
0x0cdf,33560,0.000855380712
0x0ce2,33560,0.000855380712
0x0ce3,33560,0.000855380712
0x0ce4,33560,0.000855380712
0x0ce6,33560,0.000855380712
0x0ce7,33560,0.000855380712
0x0ce9,33560,0.000855380712
0x0cea,33560,0.000855380712
0x0ceb,33560,0.000855380712
0x0cec,33560,0.000855380712
0x0cef,6712,0.000171076142
0x0cf4,3,0.000000076464
0x0cf5,3,0.000000076464
0x0cf6,3,0.000000076464
0x0d1c,2866,0.000073048901
0x0d1f,2866,0.000073048901
0x0d22,45856,0.001168782417
0x0d25,45856,0.001168782417
0x0d26,45856,0.001168782417
0x0d27,45856,0.001168782417
0x0d28,45856,0.001168782417
0x0d2a,45856,0.001168782417
0x0d2b,45856,0.001168782417
0x0d2e,2866,0.000073048901
0x0d30,45856,0.001168782417
0x0d31,45856,0.001168782417
0x0d32,45856,0.001168782417
0x0d33,45856,0.001168782417
0x0d34,45856,0.001168782417
0x0d35,45856,0.001168782417
0x0d37,45856,0.001168782417
0x0d38,32101,0.000818193571
0x0d39,32101,0.000818193571
0x0d3a,32101,0.000818193571
0x0d3b,32101,0.000818193571
0x0d3c,32101,0.000818193571
0x0d3e,32101,0.000818193571
0x0d3f,32101,0.000818193571
0x0d41,32101,0.000818193571
0x0d42,32101,0.000818193571
0x0d43,32101,0.000818193571
0x0d46,29493,0.000751720600
0x0d47,29493,0.000751720600
0x0d48,29493,0.000751720600
0x0d4b,4213,0.000107381375
0x0d4c,4213,0.000107381375
0x0d4d,4213,0.000107381375
0x0d4e,4213,0.000107381375
0x0d4f,6821,0.000173854345
0x0d50,6821,0.000173854345
0x0d51,6821,0.000173854345
0x0d52,6821,0.000173854345
0x0d53,6821,0.000173854345
0x0d54,6821,0.000173854345
0x0d55,6821,0.000173854345
0x0d57,6821,0.000173854345
0x0d58,6821,0.000173854345
0x0d59,2797,0.000071290222
0x0d5a,2797,0.000071290222
0x0d5e,25280,0.000644339225
0x0d5f,25280,0.000644339225
0x0d60,25280,0.000644339225
0x0d61,25280,0.000644339225
0x0d62,25280,0.000644339225
0x0d64,25280,0.000644339225
0x0d65,25280,0.000644339225
0x0d66,3861,0.000098409563
0x0d67,3861,0.000098409563
0x0d70,2865,0.000073023413
0x0d73,2865,0.000073023413
0x0d76,45840,0.001168374607
0x0d79,45840,0.001168374607
0x0d7a,45840,0.001168374607
0x0d7c,45840,0.001168374607
0x0d7d,45840,0.001168374607
0x0d7f,45840,0.001168374607
0x0d80,45840,0.001168374607
0x0d83,2865,0.000073023413
0x0d86,45840,0.001168374607
0x0d87,45840,0.001168374607
0x0d88,45840,0.001168374607
0x0d89,45840,0.001168374607
0x0d8a,45840,0.001168374607
0x0d8b,45840,0.001168374607
0x0d8d,45840,0.001168374607
0x0d8e,32085,0.000817785761
0x0d8f,32085,0.000817785761
0x0d90,32085,0.000817785761
0x0d91,32085,0.000817785761
0x0d94,32085,0.000817785761
0x0d95,32085,0.000817785761
0x0d96,32085,0.000817785761
0x0d97,32085,0.000817785761
0x0d99,32085,0.000817785761
0x0d9a,32085,0.000817785761
0x0d9c,32085,0.000817785761
0x0d9d,32085,0.000817785761
0x0d9f,32085,0.000817785761
0x0da0,32085,0.000817785761
0x0da1,32085,0.000817785761
0x0da2,32085,0.000817785761
0x0da3,32085,0.000817785761
0x0da4,32085,0.000817785761
0x0da5,32085,0.000817785761
0x0da6,32085,0.000817785761
0x0da7,32085,0.000817785761
0x0da8,32085,0.000817785761
0x0dab,29644,0.000755569303
0x0dac,29644,0.000755569303
0x0daf,4295,0.000109471399
0x0db0,4295,0.000109471399
0x0db1,4295,0.000109471399
0x0db3,4295,0.000109471399
0x0db4,4295,0.000109471399
0x0db5,4295,0.000109471399
0x0dbb,2441,0.000062216458
0x0dbc,2441,0.000062216458
0x0dbd,2441,0.000062216458
0x0dbf,2441,0.000062216458
0x0dc0,2441,0.000062216458
0x0dc1,2441,0.000062216458
0x0dc2,2441,0.000062216458
0x0dc3,2441,0.000062216458
0x0dc5,2441,0.000062216458
0x0dc6,2441,0.000062216458
0x0dcc,25349,0.000646097904
0x0dcd,25349,0.000646097904
0x0dce,25349,0.000646097904
0x0dcf,25349,0.000646097904
0x0dd1,25349,0.000646097904
0x0dd2,32085,0.000817785761
0x0dd3,32085,0.000817785761
0x0dd5,32085,0.000817785761
0x0dd6,32085,0.000817785761
0x0dd7,32085,0.000817785761
0x0dd8,32085,0.000817785761
0x0dd9,32085,0.000817785761
0x0dda,32085,0.000817785761
0x0dde,162,0.000004129073
0x0ddf,162,0.000004129073
0x0de0,162,0.000004129073
0x0de3,162,0.000004129073
0x0de4,162,0.000004129073
0x0de5,162,0.000004129073
0x0de6,162,0.000004129073
0x0de9,162,0.000004129073
0x0dea,162,0.000004129073
0x0deb,162,0.000004129073
0x0dec,162,0.000004129073
0x0ded,162,0.000004129073
0x0df0,10467,0.000266783966
0x0df3,10467,0.000266783966
0x0df6,10467,0.000266783966
0x0df9,10467,0.000266783966
0x0dfc,10467,0.000266783966
0x0dff,10467,0.000266783966
0x0e10,20934,0.000533567933
0x0e11,20934,0.000533567933
0x0e13,20934,0.000533567933
0x0e14,3935,0.000100295682
0x0e15,3935,0.000100295682
0x0e16,3935,0.000100295682
0x0e17,3935,0.000100295682
0x0e18,3935,0.000100295682
0x0e1a,3935,0.000100295682
0x0e1b,3935,0.000100295682
0x0e1d,3935,0.000100295682
0x0e1e,78,0.000001988072
0x0e20,78,0.000001988072
0x0e23,55,0.000001401846
0x0e25,55,0.000001401846
0x0e26,55,0.000001401846
0x0e27,55,0.000001401846
0x0e29,55,0.000001401846
0x0e2a,55,0.000001401846
0x0e2c,55,0.000001401846
0x0e2d,55,0.000001401846
0x0e2e,55,0.000001401846
0x0e2f,55,0.000001401846
0x0e31,55,0.000001401846
0x0e32,55,0.000001401846
0x0e33,48,0.000001223429
0x0e34,48,0.000001223429
0x0e35,48,0.000001223429
0x0e36,42,0.000001070500
0x0e39,23,0.000000586226
0x0e3a,23,0.000000586226
0x0e3b,23,0.000000586226
0x0e3c,23,0.000000586226
0x0e3d,23,0.000000586226
0x0e3e,23,0.000000586226
0x0e3f,23,0.000000586226
0x0e41,23,0.000000586226
0x0e42,23,0.000000586226
0x0e45,270,0.000006881788
0x0e46,270,0.000006881788
0x0e47,270,0.000006881788
0x0e48,270,0.000006881788
0x0e4a,270,0.000006881788
0x0e4d,259,0.000006601418
0x0e4e,259,0.000006601418
0x0e4f,259,0.000006601418
0x0e51,259,0.000006601418
0x0e52,259,0.000006601418
0x0e55,12,0.000000305857
0x0e58,161,0.000004103584
0x0e59,161,0.000004103584
0x0e5a,161,0.000004103584
0x0e5b,69,0.000001758679
0x0e5c,69,0.000001758679
0x0e5e,69,0.000001758679
0x0e5f,69,0.000001758679
0x0e60,26,0.000000662691
0x0e61,26,0.000000662691
0x0e62,26,0.000000662691
0x0e63,26,0.000000662691
0x0e65,26,0.000000662691
0x0e66,26,0.000000662691
0x0e67,11,0.000000280369
0x0e69,11,0.000000280369
0x0e6a,11,0.000000280369
0x0e6b,11,0.000000280369
0x0e70,42,0.000001070500
0x0e71,42,0.000001070500
0x0e72,42,0.000001070500
0x0e74,42,0.000001070500
0x0e75,42,0.000001070500
0x0e76,42,0.000001070500
0x0e77,42,0.000001070500
0x0e78,42,0.000001070500
0x0e7a,42,0.000001070500
0x0e7b,42,0.000001070500
0x0e7e,300,0.000007646431
0x0e7f,300,0.000007646431
0x0e80,300,0.000007646431
0x0e81,300,0.000007646431
0x0e83,300,0.000007646431
0x0e86,258,0.000006575930
0x0e87,258,0.000006575930
0x0e88,258,0.000006575930
0x0e8a,258,0.000006575930
0x0e8b,258,0.000006575930
0x0e90,198,0.000005046644
0x0e91,198,0.000005046644
0x0e93,198,0.000005046644
0x0e94,198,0.000005046644
0x0e95,96,0.000002446858
0x0e97,96,0.000002446858
0x0e98,96,0.000002446858
0x0e99,56,0.000001427334
0x0e9a,56,0.000001427334
0x0e9b,56,0.000001427334
0x0e9c,56,0.000001427334
0x0e9e,56,0.000001427334
0x0e9f,56,0.000001427334
0x0ea0,42,0.000001070500
0x0ea3,42,0.000001070500
0x0ea4,53,0.000001350869
0x0ea5,53,0.000001350869
0x0ea6,53,0.000001350869
0x0ea7,53,0.000001350869
0x0ea8,53,0.000001350869
0x0ea9,53,0.000001350869
0x0eaa,53,0.000001350869
0x0eac,53,0.000001350869
0x0ead,56,0.000001427334
0x0eae,56,0.000001427334
0x0eb0,56,0.000001427334
0x0eb1,56,0.000001427334
0x0eb2,56,0.000001427334
0x0eb4,56,0.000001427334
0x0eb5,56,0.000001427334
0x0eb6,56,0.000001427334
0x0eb7,56,0.000001427334
0x0eb8,56,0.000001427334
0x0ebb,56,0.000001427334
0x0ebc,56,0.000001427334
0x0ebe,56,0.000001427334
0x0ec1,53,0.000001350869
0x0ec3,56,0.000001427334
0x0ec4,56,0.000001427334
0x0ec5,56,0.000001427334
0x0ed5,56,0.000001427334
0x0ed6,56,0.000001427334
0x0ed7,56,0.000001427334
0x0ed8,56,0.000001427334
0x0ed9,56,0.000001427334
0x0eda,56,0.000001427334
0x0edb,56,0.000001427334
0x0edc,56,0.000001427334
0x0ede,56,0.000001427334
0x0ee0,56,0.000001427334
0x0ee2,56,0.000001427334
0x0ee3,56,0.000001427334
0x0ee4,56,0.000001427334
0x0ee5,56,0.000001427334
0x0f00,2869,0.000073125365
0x0f03,2869,0.000073125365
0x0f04,2869,0.000073125365
0x0f06,2869,0.000073125365
0x0f09,2869,0.000073125365
0x0f0b,2869,0.000073125365
0x0f0c,2869,0.000073125365
0x0f0d,2869,0.000073125365
0x0f0e,2869,0.000073125365
0x0f11,2869,0.000073125365
0x0f14,2869,0.000073125365
0x0f15,3,0.000000076464
0x0f16,3,0.000000076464
0x0f17,3,0.000000076464
0x0f1a,3,0.000000076464
0x0f1b,3,0.000000076464
0x0f1d,3,0.000000076464
0x0f1e,3,0.000000076464
0x0f1f,3,0.000000076464
0x0f20,3,0.000000076464
0x0f23,15,0.000000382322
0x0f24,15,0.000000382322
0x0f25,15,0.000000382322
0x0f26,15,0.000000382322
0x0f28,15,0.000000382322
0x0f2b,12,0.000000305857
0x0f2c,12,0.000000305857
0x0f2d,12,0.000000305857
0x0f2f,12,0.000000305857
0x0f30,12,0.000000305857
0x0f38,6,0.000000152929
0x0f39,6,0.000000152929
0x0f3a,6,0.000000152929
0x0f3b,6,0.000000152929
0x0f3d,6,0.000000152929
0x0f3e,3,0.000000076464
0x0f40,3,0.000000076464
0x0f41,3,0.000000076464
0x0f42,3,0.000000076464
0x0f43,3,0.000000076464
0x0f44,3,0.000000076464
0x0f45,3,0.000000076464
0x0f46,3,0.000000076464
0x0f49,3,0.000000076464
0x0f4c,3,0.000000076464
0x0f4d,3,0.000000076464
0x0f4e,3,0.000000076464
0x0f56,5735,0.000146174266
0x0f57,5735,0.000146174266
0x0f58,11467,0.000292272069
0x0f59,11467,0.000292272069
0x0f5b,11467,0.000292272069
0x0f5e,3,0.000000076464
0x0f60,3,0.000000076464
0x0f63,11464,0.000292195604
0x0f64,11464,0.000292195604
0x0f65,11464,0.000292195604
0x0f68,5732,0.000146097802
0x0f69,5732,0.000146097802
0x0f6a,5732,0.000146097802
0x0f6d,5732,0.000146097802
0x0f6e,5732,0.000146097802
0x0f71,2866,0.000073048901
0x0fc0,7084,0.000180557716
0x0fc3,7084,0.000180557716
0x0fc6,7084,0.000180557716
0x0fc9,7084,0.000180557716
0x0fcc,7084,0.000180557716
0x0fcf,7084,0.000180557716
0x0fd2,7084,0.000180557716
0x0fd5,7084,0.000180557716
0x0fd8,14168,0.000361115433
0x0fd9,14168,0.000361115433
0x0fda,14168,0.000361115433
0x0fdb,757,0.000019294493
0x0fdc,757,0.000019294493
0x0fdd,757,0.000019294493
0x0fde,757,0.000019294493
0x0fdf,757,0.000019294493
0x0fe0,757,0.000019294493
0x0fe1,757,0.000019294493
0x0fe2,757,0.000019294493
0x0fe3,757,0.000019294493
0x0fe6,757,0.000019294493
0x0fe7,757,0.000019294493
0x0fe9,757,0.000019294493
0x0fea,757,0.000019294493
0x0fec,757,0.000019294493
0x0fed,757,0.000019294493
0x0fef,757,0.000019294493
0x0ff0,757,0.000019294493
0x0ff1,757,0.000019294493
0x0ff4,757,0.000019294493
0x14e0,1650,0.000042055369
0x14e1,1650,0.000042055369
0x14e4,1650,0.000042055369
0x14e6,1650,0.000042055369
0x17e0,16536,0.000421471259
0x17e3,16536,0.000421471259
0x17e5,16536,0.000421471259
0x17e8,16536,0.000421471259
0x1df0,1023,0.000026074329
0x1df3,1023,0.000026074329
0x1df5,1023,0.000026074329
0x1ee0,528,0.000013457718
0x1ee3,528,0.000013457718
0x1ee6,13728,0.000349900668
0x1ee7,13728,0.000349900668
0x1ee8,13728,0.000349900668
0x1ee9,13728,0.000349900668
0x1eec,13728,0.000349900668
0x1eed,13728,0.000349900668
0x1ef0,528,0.000013457718
0x1ef1,528,0.000013457718
0x1ef2,528,0.000013457718
0x1ef4,528,0.000013457718
0x1ef7,528,0.000013457718
0x1ef8,528,0.000013457718
0x1ef9,528,0.000013457718
0x1efa,528,0.000013457718
0x2000,10467,0.000266783966
0x2003,10467,0.000266783966
0x2006,10467,0.000266783966
0x2009,10467,0.000266783966
0x200c,10467,0.000266783966
0x200d,10467,0.000266783966
0x200f,10467,0.000266783966
0x2010,10467,0.000266783966
0x2011,10467,0.000266783966
0x2014,10467,0.000266783966
0x2015,10467,0.000266783966
0x2018,10275,0.000261890251
0x201a,10275,0.000261890251
0x201d,1194,0.000030432794
0x201e,1194,0.000030432794
0x201f,1194,0.000030432794
0x2020,1194,0.000030432794
0x2023,298,0.000007595454
0x2025,1194,0.000030432794
0x2026,1194,0.000030432794
0x2027,1194,0.000030432794
0x202a,1190,0.000030330842
0x2040,4492,0.000114492555
0x2043,4492,0.000114492555
0x2046,4492,0.000114492555
0x2047,4492,0.000114492555
0x2048,4492,0.000114492555
0x2049,39,0.000000994036
0x204a,39,0.000000994036
0x204b,39,0.000000994036
0x204c,39,0.000000994036
0x204d,39,0.000000994036
0x204e,39,0.000000994036
0x204f,39,0.000000994036
0x2050,39,0.000000994036
0x2051,39,0.000000994036
0x2052,39,0.000000994036
0x2055,39,0.000000994036
0x2057,39,0.000000994036
0x2058,39,0.000000994036
0x2059,39,0.000000994036
0x205a,39,0.000000994036
0x205c,39,0.000000994036
0x205d,39,0.000000994036
0x205e,39,0.000000994036
0x2060,39,0.000000994036
0x2061,39,0.000000994036
0x2062,39,0.000000994036
0x2063,39,0.000000994036
0x2064,39,0.000000994036
0x2065,39,0.000000994036
0x2066,39,0.000000994036
0x2068,39,0.000000994036
0x2069,39,0.000000994036
0x206a,39,0.000000994036
0x206b,39,0.000000994036
0x206c,39,0.000000994036
0x206d,39,0.000000994036
0x2070,192,0.000004893716
0x2071,192,0.000004893716
0x2073,192,0.000004893716
0x2075,192,0.000004893716
0x2076,192,0.000004893716
0x2077,192,0.000004893716
0x2079,192,0.000004893716
0x207a,192,0.000004893716
0x207b,192,0.000004893716
0x207e,192,0.000004893716
0x2081,192,0.000004893716
0x2085,192,0.000004893716
0x2087,192,0.000004893716
0x2088,192,0.000004893716
0x2089,192,0.000004893716
0x208a,192,0.000004893716
0x208c,192,0.000004893716
0x208d,192,0.000004893716
0x208f,192,0.000004893716
0x2090,192,0.000004893716
0x2091,240,0.000006117145
0x2093,240,0.000006117145
0x2094,240,0.000006117145
0x2096,240,0.000006117145
0x2097,240,0.000006117145
0x209a,48,0.000001223429
0x209b,48,0.000001223429
0x209c,48,0.000001223429
0x209d,48,0.000001223429
0x209f,48,0.000001223429
0x20a0,48,0.000001223429
0x20a1,48,0.000001223429
0x20a3,48,0.000001223429
0x20a4,48,0.000001223429
0x20a5,48,0.000001223429
0x20a7,48,0.000001223429
0x20a8,48,0.000001223429
0x20b0,192,0.000004893716
0x20b1,5824,0.000148442708
0x20b2,5824,0.000148442708
0x20b3,5824,0.000148442708
0x20b5,46592,0.001187541660
0x20b7,46592,0.001187541660
0x20b8,46592,0.001187541660
0x20bb,1790,0.000045623703
0x20bc,1790,0.000045623703
0x20bd,1790,0.000045623703
0x20be,1790,0.000045623703
0x20bf,46592,0.001187541660
0x20c0,46592,0.001187541660
0x20c1,46592,0.001187541660
0x20c2,46592,0.001187541660
0x20c5,5824,0.000148442708
0x20c6,5824,0.000148442708
0x20c7,5824,0.000148442708
0x20c8,5824,0.000148442708
0x20c9,5824,0.000148442708
0x20cc,2912,0.000074221354
0x20cd,2912,0.000074221354
0x20cf,2912,0.000074221354
0x20d2,2736,0.000069735448
0x20d3,2736,0.000069735448
0x20d4,2736,0.000069735448
0x20d6,2736,0.000069735448
0x20d7,2736,0.000069735448
0x20d8,2736,0.000069735448
0x20da,2736,0.000069735448
0x20db,2736,0.000069735448
0x20dc,2736,0.000069735448
0x20de,2736,0.000069735448
0x20e1,192,0.000004893716
0x20e2,192,0.000004893716
0x20e8,192,0.000004893716
0x20e9,192,0.000004893716
0x20ea,192,0.000004893716
0x20ec,192,0.000004893716
0x20ed,192,0.000004893716
0x20f0,192,0.000004893716
0x20f1,192,0.000004893716
0x20f2,192,0.000004893716
0x20f3,192,0.000004893716
0x20f4,192,0.000004893716
0x20f6,192,0.000004893716
0x20f7,192,0.000004893716
0x20f8,192,0.000004893716
0x20fa,192,0.000004893716
0x20fb,192,0.000004893716
0x20fc,192,0.000004893716
0x20fd,192,0.000004893716
0x20fe,192,0.000004893716
0x20ff,192,0.000004893716
0x2101,192,0.000004893716
0x2103,192,0.000004893716
0x2104,192,0.000004893716
0x2106,192,0.000004893716
0x2107,192,0.000004893716
0x2108,192,0.000004893716
0x2109,192,0.000004893716
0x210a,192,0.000004893716
0x210d,192,0.000004893716
0x211c,192,0.000004893716
0x211f,192,0.000004893716
0x2120,192,0.000004893716
0x2122,192,0.000004893716
0x2123,144,0.000003670287
0x2125,144,0.000003670287
0x2130,9085,0.000231559409
0x2131,9085,0.000231559409
0x2132,9085,0.000231559409
0x2135,6811,0.000173599464
0x2137,6811,0.000173599464
0x213a,4540,0.000115715984
0x213c,4540,0.000115715984
0x213f,2270,0.000057857992
0x2146,1190,0.000030330842
0x2147,1190,0.000030330842
0x2148,1190,0.000030330842
0x214b,595,0.000015165421
0x2150,2274,0.000057959945
0x2153,2274,0.000057959945
0x2156,2274,0.000057959945
0x2160,2271,0.000057883480
0x2163,2271,0.000057883480
0x2166,2271,0.000057883480
0x2169,2271,0.000057883480
0x2170,2270,0.000057857992
0x2173,2270,0.000057857992
0x2180,2270,0.000057857992
0x2183,2270,0.000057857992
0x2186,2270,0.000057857992
0x2189,2270,0.000057857992
0x2190,595,0.000015165421
0x2193,595,0.000015165421
0x2196,595,0.000015165421
0x2199,595,0.000015165421
0x219c,595,0.000015165421
0x21a5,595,0.000015165421
0x21a8,595,0.000015165421
0x21ab,595,0.000015165421
0x21ae,595,0.000015165421
0x21b1,595,0.000015165421
0x21ba,192,0.000004893716
0x21bb,192,0.000004893716
0x21bc,192,0.000004893716
0x21bf,96,0.000002446858
0x21c2,96,0.000002446858
0x21c5,96,0.000002446858
0x21c8,96,0.000002446858
0x21cb,96,0.000002446858
0x21cd,96,0.000002446858
0x21cf,96,0.000002446858
0x21dc,528,0.000013457718
0x21dd,528,0.000013457718
0x21de,528,0.000013457718
0x21df,528,0.000013457718
0x21e2,528,0.000013457718
0x21e4,528,0.000013457718
0x21e5,528,0.000013457718
0x21e6,528,0.000013457718
0x21e8,528,0.000013457718
0x21e9,528,0.000013457718
0x21eb,528,0.000013457718
0x21ec,528,0.000013457718
0x21ed,528,0.000013457718
0x21ef,528,0.000013457718
0x21f0,528,0.000013457718
0x21f1,528,0.000013457718
0x21f2,528,0.000013457718
0x21f4,528,0.000013457718
0x21f5,528,0.000013457718
0x21f7,528,0.000013457718
0x21f8,528,0.000013457718
0x21f9,528,0.000013457718
0x21fc,528,0.000013457718
0x2204,192,0.000004893716
0x2207,192,0.000004893716
0x2208,192,0.000004893716
0x2209,192,0.000004893716
0x220b,192,0.000004893716
0x220c,2,0.000000050976
0x220e,2,0.000000050976
0x2210,2,0.000000050976
0x2212,2,0.000000050976
0x2214,2,0.000000050976
0x2216,2,0.000000050976
0x2217,2,0.000000050976
0x2218,2,0.000000050976
0x221a,2,0.000000050976
0x221b,2,0.000000050976
0x221d,2,0.000000050976
0x221e,2,0.000000050976
0x2220,2,0.000000050976
0x2221,2,0.000000050976
0x2222,2,0.000000050976
0x2223,2,0.000000050976
0x2224,2,0.000000050976
0x2227,1,0.000000025488
0x2228,1,0.000000025488
0x222a,2,0.000000050976
0x222b,2,0.000000050976
0x2230,385,0.000009812919
0x2233,385,0.000009812919
0x2234,385,0.000009812919
0x2235,385,0.000009812919
0x2236,385,0.000009812919
0x2237,385,0.000009812919
0x2239,385,0.000009812919
0x223b,385,0.000009812919
0x223e,371,0.000009456086
0x2240,371,0.000009456086
0x2243,189,0.000004817251
0x2245,189,0.000004817251
0x2247,189,0.000004817251
0x2249,189,0.000004817251
0x224c,7,0.000000178417
0x224f,7,0.000000178417
0x2250,7,0.000000178417
0x2252,7,0.000000178417
0x2254,7,0.000000178417
0x2260,364,0.000009277669
0x2261,364,0.000009277669
0x2262,364,0.000009277669
0x2263,364,0.000009277669
0x2264,364,0.000009277669
0x2265,364,0.000009277669
0x2267,364,0.000009277669
0x2268,364,0.000009277669
0x2269,364,0.000009277669
0x226b,364,0.000009277669
0x226d,364,0.000009277669
0x226e,364,0.000009277669
0x226f,364,0.000009277669
0x2271,364,0.000009277669
0x2272,364,0.000009277669
0x2273,364,0.000009277669
0x2274,364,0.000009277669
0x2275,364,0.000009277669
0x2276,364,0.000009277669
0x2277,364,0.000009277669
0x2278,364,0.000009277669
0x2279,364,0.000009277669
0x227a,5096,0.000129887369
0x227b,45864,0.001168986322
0x227c,45864,0.001168986322
0x227d,45864,0.001168986322
0x227e,45864,0.001168986322
0x227f,45864,0.001168986322
0x2280,45864,0.001168986322
0x2283,5096,0.000129887369
0x2284,5096,0.000129887369
0x2285,5096,0.000129887369
0x2286,5096,0.000129887369
0x2288,5096,0.000129887369
0x2289,5096,0.000129887369
0x228a,5096,0.000129887369
0x228c,5096,0.000129887369
0x228d,5096,0.000129887369
0x228e,5096,0.000129887369
0x2291,364,0.000009277669
0x2292,14,0.000000356833
0x2295,14,0.000000356833
0x2296,14,0.000000356833
0x2298,14,0.000000356833
0x229b,6,0.000000152929
0x229e,6,0.000000152929
0x22a1,6,0.000000152929
0x22a3,2496,0.000063618303
0x22a4,2496,0.000063618303
0x22a5,2496,0.000063618303
0x22a6,2496,0.000063618303
0x22a7,2496,0.000063618303
0x22a8,2496,0.000063618303
0x22a9,2496,0.000063618303
0x22aa,2496,0.000063618303
0x22ab,2496,0.000063618303
0x22ac,2496,0.000063618303
0x22ad,2496,0.000063618303
0x22b0,6,0.000000152929
0x22b4,216,0.000005505430
0x22b7,216,0.000005505430
0x22ba,216,0.000005505430
0x22bb,216,0.000005505430
0x22bc,216,0.000005505430
0x22be,216,0.000005505430
0x22c1,3,0.000000076464
0x22c3,3,0.000000076464
0x22c5,3,0.000000076464
0x22ca,147,0.000003746751
0x22cd,147,0.000003746751
0x22ce,147,0.000003746751
0x22d0,147,0.000003746751
0x22d3,3,0.000000076464
0x22d5,3,0.000000076464
0x22d7,3,0.000000076464
0x22d9,3,0.000000076464
0x22db,3,0.000000076464
0x22dd,3,0.000000076464
0x22e0,6,0.000000152929
0x22e2,14,0.000000356833
0x22e5,14,0.000000356833
0x22e8,14,0.000000356833
0x22f0,8,0.000000203905
0x22f3,8,0.000000203905
0x22f4,8,0.000000203905
0x22fa,732,0.000018657291
0x22fd,732,0.000018657291
0x22ff,732,0.000018657291
0x2302,732,0.000018657291
0x2303,13176,0.000335831235
0x2304,13176,0.000335831235
0x2306,13176,0.000335831235
0x2307,13176,0.000335831235
0x2308,13176,0.000335831235
0x2309,13176,0.000335831235
0x230a,13176,0.000335831235
0x230b,13176,0.000335831235
0x230d,13176,0.000335831235
0x230e,13176,0.000335831235
0x230f,13176,0.000335831235
0x2310,13176,0.000335831235
0x2312,13176,0.000335831235
0x2313,13176,0.000335831235
0x2314,13176,0.000335831235
0x2316,13176,0.000335831235
0x2317,13176,0.000335831235
0x231a,1464,0.000037314582
0x231b,13176,0.000335831235
0x231c,13176,0.000335831235
0x231f,732,0.000018657291
0x2322,2196,0.000055971873
0x2325,2196,0.000055971873
0x2326,2196,0.000055971873
0x2327,2196,0.000055971873
0x2329,2196,0.000055971873
0x232a,2196,0.000055971873
0x232b,2196,0.000055971873
0x232c,2196,0.000055971873
0x232e,2196,0.000055971873
0x232f,2196,0.000055971873
0x2331,2196,0.000055971873
0x2334,2196,0.000055971873
0x2337,2196,0.000055971873
0x2351,5856,0.000149258327
0x2352,5856,0.000149258327
0x2354,5856,0.000149258327
0x2355,1239,0.000031579759
0x2356,1239,0.000031579759
0x2357,1239,0.000031579759
0x2358,1239,0.000031579759
0x235a,1239,0.000031579759
0x235b,1239,0.000031579759
0x235e,1239,0.000031579759
0x235f,1239,0.000031579759
0x2360,1239,0.000031579759
0x2361,1239,0.000031579759
0x2362,1239,0.000031579759
0x2364,1239,0.000031579759
0x2365,1239,0.000031579759
0x2366,1239,0.000031579759
0x2368,1239,0.000031579759
0x2369,1239,0.000031579759
0x236a,1239,0.000031579759
0x236b,1239,0.000031579759
0x236c,1239,0.000031579759
0x236e,1239,0.000031579759
0x2370,1239,0.000031579759
0x2373,1104,0.000028138865
0x2375,1104,0.000028138865
0x2377,1104,0.000028138865
0x237a,1104,0.000028138865
0x237b,135,0.000003440894
0x237c,135,0.000003440894
0x237e,135,0.000003440894
0x237f,135,0.000003440894
0x2381,135,0.000003440894
0x2384,135,0.000003440894
0x2385,135,0.000003440894
0x2386,135,0.000003440894
0x2387,135,0.000003440894
0x2389,135,0.000003440894
0x238a,39,0.000000994036
0x238c,39,0.000000994036
0x238d,39,0.000000994036
0x238e,39,0.000000994036
0x2390,39,0.000000994036
0x2391,33,0.000000841107
0x2393,33,0.000000841107
0x23d6,4627,0.000117933449
0x23d9,4627,0.000117933449
0x23da,4627,0.000117933449
0x23dc,4627,0.000117933449
0x23de,4627,0.000117933449
0x23e1,2559,0.000065224054
0x23e3,2559,0.000065224054
0x23e6,1279,0.000032599283
0x23e8,1279,0.000032599283
0x23eb,215,0.000005479942
0x23ed,215,0.000005479942
0x23f0,215,0.000005479942
0x23f2,215,0.000005479942
0x2476,41,0.000001045012
0x2477,41,0.000001045012
0x2478,41,0.000001045012
0x247b,41,0.000001045012
0x247d,41,0.000001045012
0x247e,41,0.000001045012
0x2481,41,0.000001045012
0x2483,41,0.000001045012
0x2484,41,0.000001045012
0x2485,41,0.000001045012
0x2487,41,0.000001045012
0x2488,41,0.000001045012
0x2489,41,0.000001045012
0x248a,41,0.000001045012
0x248c,41,0.000001045012
0x248d,41,0.000001045012
0x248f,41,0.000001045012
0x2490,41,0.000001045012
0x2493,41,0.000001045012
0x2495,41,0.000001045012
0x2496,41,0.000001045012
0x2497,41,0.000001045012
0x2498,40,0.000001019524
0x2499,40,0.000001019524
0x249a,40,0.000001019524
0x249b,30,0.000000764643
0x249c,30,0.000000764643
0x249d,30,0.000000764643
0x249e,20,0.000000509762
0x249f,20,0.000000509762
0x24a0,10467,0.000266783966
0x24a3,10467,0.000266783966
0x24a5,10467,0.000266783966
0x24a7,10467,0.000266783966
0x24a8,5856,0.000149258327
0x24ab,5856,0.000149258327
0x24ae,5856,0.000149258327
0x24b1,5856,0.000149258327
0x24b4,5856,0.000149258327
0x24b6,5856,0.000149258327
0x24b8,5856,0.000149258327
0x24b9,1464,0.000037314582
0x24c4,5232,0.000133353751
0x24c7,5232,0.000133353751
0x24c9,5232,0.000133353751
0x24cb,5232,0.000133353751
0x24ce,2928,0.000074629163
0x24d1,2928,0.000074629163
0x24d4,2928,0.000074629163
0x24d5,2928,0.000074629163
0x24d6,2928,0.000074629163
0x24d8,2928,0.000074629163
0x24db,2196,0.000055971873
0x24e0,2928,0.000074629163
0x24e3,2928,0.000074629163
0x24e5,2928,0.000074629163
0x24e6,183,0.000004664323
0x24e9,183,0.000004664323
0x24eb,183,0.000004664323
0x24ec,183,0.000004664323
0x24f2,1464,0.000037314582
0x24f5,1464,0.000037314582
0x24f7,1464,0.000037314582
0x24f8,1464,0.000037314582
0x24f9,1464,0.000037314582
0x24fc,1464,0.000037314582
0x24fe,1464,0.000037314582
0x24ff,1464,0.000037314582
0x2500,432,0.000011010860
0x2503,432,0.000011010860
0x2504,432,0.000011010860
0x2505,402,0.000010246217
0x2508,402,0.000010246217
0x2509,402,0.000010246217
0x250a,99,0.000002523322
0x250b,99,0.000002523322
0x250d,99,0.000002523322
0x250e,99,0.000002523322
0x2511,99,0.000002523322
0x2512,99,0.000002523322
0x2513,99,0.000002523322
0x2515,99,0.000002523322
0x2517,99,0.000002523322
0x2518,99,0.000002523322
0x2519,99,0.000002523322
0x251a,99,0.000002523322
0x2560,2865,0.000073023413
0x2563,2865,0.000073023413
0x2564,2865,0.000073023413
0x2566,2865,0.000073023413
0x2567,2865,0.000073023413
0x2568,2865,0.000073023413
0x2569,2865,0.000073023413
0x256a,2865,0.000073023413
0x256b,2865,0.000073023413
0x256d,2865,0.000073023413
0x256e,2865,0.000073023413
0x2570,2865,0.000073023413
0x2572,2865,0.000073023413
0x2575,2865,0.000073023413
0x2576,2865,0.000073023413
0x2577,2865,0.000073023413
0x2578,2865,0.000073023413
0x2579,2865,0.000073023413
0x257b,2865,0.000073023413
0x257c,2865,0.000073023413
0x257f,2865,0.000073023413
0x2581,2865,0.000073023413
0x2582,2865,0.000073023413
0x2585,2865,0.000073023413
0x2587,2865,0.000073023413
0x2588,22757,0.000580032743
0x2589,22757,0.000580032743
0x258c,22696,0.000578477969
0x258d,22696,0.000578477969
0x258e,22696,0.000578477969
0x2590,22696,0.000578477969
0x2591,22696,0.000578477969
0x2592,22696,0.000578477969
0x2595,2804,0.000071468639
0x2596,22757,0.000580032743
0x2597,22757,0.000580032743
0x2599,22757,0.000580032743
0x259a,15940,0.000406280350
0x259b,15940,0.000406280350
0x259c,15940,0.000406280350
0x259e,15940,0.000406280350
0x259f,15940,0.000406280350
0x25a1,15940,0.000406280350
0x25a2,14845,0.000378370878
0x25a3,14845,0.000378370878
0x25a4,14845,0.000378370878
0x25a5,14845,0.000378370878
0x25a6,10034,0.000255747618
0x25a7,10034,0.000255747618
0x25a8,2414,0.000061528279
0x25a9,2414,0.000061528279
0x25aa,2414,0.000061528279
0x25ab,2414,0.000061528279
0x25ac,2376,0.000060559731
0x25ae,2376,0.000060559731
0x25af,61,0.000001554774
0x25b0,61,0.000001554774
0x25b1,61,0.000001554774
0x25b2,61,0.000001554774
0x25b3,61,0.000001554774
0x25b4,61,0.000001554774
0x25b5,61,0.000001554774
0x25b6,61,0.000001554774
0x25b7,299,0.000007620943
0x25ba,299,0.000007620943
0x25bc,299,0.000007620943
0x25be,299,0.000007620943
0x25ca,299,0.000007620943
0x25cd,706,0.000017994600
0x25ce,706,0.000017994600
0x25d0,706,0.000017994600
0x25d3,544,0.000013865528
0x25d4,544,0.000013865528
0x25d6,544,0.000013865528
0x25d7,544,0.000013865528
0x25d8,544,0.000013865528
0x25db,137,0.000003491870
0x25dc,137,0.000003491870
0x25dd,137,0.000003491870
0x25e0,162,0.000004129073
0x25e1,162,0.000004129073
0x25e3,162,0.000004129073
0x25e4,162,0.000004129073
0x25e5,162,0.000004129073
0x25e7,162,0.000004129073
0x25e8,162,0.000004129073
0x25ea,162,0.000004129073
0x25eb,162,0.000004129073
0x25ec,162,0.000004129073
0x25ed,162,0.000004129073
0x25ef,162,0.000004129073
0x25f0,162,0.000004129073
0x25f1,162,0.000004129073
0x25f3,162,0.000004129073
0x25f4,162,0.000004129073
0x25f6,162,0.000004129073
0x25f7,162,0.000004129073
0x25f8,162,0.000004129073
0x25f9,162,0.000004129073
0x25fa,162,0.000004129073
0x25fb,162,0.000004129073
0x25fc,162,0.000004129073
0x25fd,162,0.000004129073
0x2600,2960,0.000075444783
0x2601,2960,0.000075444783
0x2602,2960,0.000075444783
0x2603,2960,0.000075444783
0x2604,2960,0.000075444783
0x2605,2960,0.000075444783
0x2608,2960,0.000075444783
0x2609,2960,0.000075444783
0x260a,2960,0.000075444783
0x260b,2960,0.000075444783
0x260c,2960,0.000075444783
0x260e,2960,0.000075444783
0x2611,2960,0.000075444783
0x2612,2960,0.000075444783
0x2613,2960,0.000075444783
0x2616,2960,0.000075444783
0x2617,2960,0.000075444783
0x261a,1657,0.000042233785
0x261d,1657,0.000042233785
0x261e,1657,0.000042233785
0x2620,1657,0.000042233785
0x2621,1657,0.000042233785
0x2624,1657,0.000042233785
0x2625,1657,0.000042233785
0x2626,1657,0.000042233785
0x2628,1657,0.000042233785
0x2629,1657,0.000042233785
0x262b,1657,0.000042233785
0x262c,1657,0.000042233785
0x262e,1657,0.000042233785
0x262f,1657,0.000042233785
0x2630,1657,0.000042233785
0x2631,1657,0.000042233785
0x2633,1657,0.000042233785
0x2634,1657,0.000042233785
0x2635,1657,0.000042233785
0x2638,1657,0.000042233785
0x2639,2960,0.000075444783
0x263c,2960,0.000075444783
0x263f,2960,0.000075444783
0x2642,2960,0.000075444783
0x2643,2960,0.000075444783
0x2646,1480,0.000037722391
0x2649,1480,0.000037722391
0x2650,1303,0.000033210997
0x2651,1303,0.000033210997
0x2654,1303,0.000033210997
0x2655,1303,0.000033210997
0x2656,1303,0.000033210997
0x2658,1303,0.000033210997
0x2659,1303,0.000033210997
0x265b,1303,0.000033210997
0x265c,1303,0.000033210997
0x265e,1303,0.000033210997
0x2661,1303,0.000033210997
0x2662,1303,0.000033210997
0x2668,1480,0.000037722391
0x266b,1480,0.000037722391
0x266c,1480,0.000037722391
0x266d,1480,0.000037722391
0x2670,1480,0.000037722391
0x2672,1480,0.000037722391
0x2676,1480,0.000037722391
0x2678,1480,0.000037722391
0x267c,1480,0.000037722391
0x267f,1480,0.000037722391
0x2681,1480,0.000037722391
0x2684,1480,0.000037722391
0x2685,1480,0.000037722391
0x2688,1480,0.000037722391
0x268a,1480,0.000037722391
0x268b,1480,0.000037722391
0x268d,1480,0.000037722391
0x268e,1480,0.000037722391
0x268f,1480,0.000037722391
0x2692,1475,0.000037594951
0x2693,1480,0.000037722391
0x2694,1480,0.000037722391
0x2697,1480,0.000037722391
0x2699,1480,0.000037722391
0x269c,97,0.000002472346
0x269d,1480,0.000037722391
0x269f,1480,0.000037722391
0x26a2,8,0.000000203905
0x26a3,1480,0.000037722391
0x26a4,1480,0.000037722391
0x26a7,1480,0.000037722391
0x26aa,1480,0.000037722391
0x26ad,1480,0.000037722391
0x26ae,1480,0.000037722391
0x26af,1480,0.000037722391
0x26b0,1480,0.000037722391
0x26b1,330,0.000008411074
0x26b2,330,0.000008411074
0x26b4,330,0.000008411074
0x26b5,330,0.000008411074
0x26b7,330,0.000008411074
0x26b8,330,0.000008411074
0x26ba,330,0.000008411074
0x26bb,41,0.000001045012
0x26bc,41,0.000001045012
0x26bd,41,0.000001045012
0x26be,41,0.000001045012
0x26bf,41,0.000001045012
0x26c2,41,0.000001045012
0x26c4,41,0.000001045012
0x26c6,41,0.000001045012
0x26c7,41,0.000001045012
0x26c8,41,0.000001045012
0x26ca,41,0.000001045012
0x26cb,41,0.000001045012
0x26cc,41,0.000001045012
0x26d0,1480,0.000037722391
0x26d3,1480,0.000037722391
0x26d6,1480,0.000037722391
0x26d9,11840,0.000301779131
0x26da,11840,0.000301779131
0x26db,11840,0.000301779131
0x26de,8652,0.000220523061
0x26df,8652,0.000220523061
0x26e0,8652,0.000220523061
0x26e3,1480,0.000037722391
0x26e4,8652,0.000220523061
0x26e5,11840,0.000301779131
0x26e6,11840,0.000301779131
0x26e7,11840,0.000301779131
0x26e8,11840,0.000301779131
0x26e9,11840,0.000301779131
0x26eb,11840,0.000301779131
0x26ee,1480,0.000037722391
0x26f1,1480,0.000037722391
0x26f2,1480,0.000037722391
0x26f3,1480,0.000037722391
0x26f5,1480,0.000037722391
0x26f8,1480,0.000037722391
0x26f9,1480,0.000037722391
0x26fa,1480,0.000037722391
0x26fd,1480,0.000037722391
0x2700,5693,0.000145103766
0x2703,5693,0.000145103766
0x2704,5693,0.000145103766
0x2705,5693,0.000145103766
0x2706,5692,0.000145078278
0x2707,5692,0.000145078278
0x2708,5692,0.000145078278
0x270a,5692,0.000145078278
0x270b,5692,0.000145078278
0x270c,5692,0.000145078278
0x270e,5692,0.000145078278
0x270f,5692,0.000145078278
0x2711,5692,0.000145078278
0x2714,5692,0.000145078278
0x2717,22768,0.000580313112
0x271a,22768,0.000580313112
0x271b,22768,0.000580313112
0x271c,22768,0.000580313112
0x271d,22768,0.000580313112
0x271e,22768,0.000580313112
0x2720,22768,0.000580313112
0x2723,5692,0.000145078278
0x2725,5692,0.000145078278
0x2728,5692,0.000145078278
0x272a,5692,0.000145078278
0x2739,5692,0.000145078278
0x273c,5692,0.000145078278
0x273d,5692,0.000145078278
0x2740,5692,0.000145078278
0x2743,5692,0.000145078278
0x2748,22768,0.000580313112
0x2749,22768,0.000580313112
0x274a,22768,0.000580313112
0x274c,22768,0.000580313112
0x274d,82,0.000002090024
0x274e,82,0.000002090024
0x274f,82,0.000002090024
0x2750,41,0.000001045012
0x2751,41,0.000001045012
0x2752,41,0.000001045012
0x2753,41,0.000001045012
0x2754,41,0.000001045012
0x2755,41,0.000001045012
0x2757,41,0.000001045012
0x2758,41,0.000001045012
0x2759,41,0.000001045012
0x275b,41,0.000001045012
0x275c,41,0.000001045012
0x275f,41,0.000001045012
0x2760,41,0.000001045012
0x2761,41,0.000001045012
0x2764,41,0.000001045012
0x2768,41,0.000001045012
0x2769,41,0.000001045012
0x276c,41,0.000001045012
0x276e,41,0.000001045012
0x2771,41,0.000001045012
0x2772,41,0.000001045012
0x2778,41,0.000001045012
0x277b,41,0.000001045012
0x277c,41,0.000001045012
0x277f,41,0.000001045012
0x2780,41,0.000001045012
0x2781,41,0.000001045012
0x2782,41,0.000001045012
0x2783,41,0.000001045012
0x2784,41,0.000001045012
0x2785,41,0.000001045012
0x2786,41,0.000001045012
0x2789,41,0.000001045012
0x27a8,5692,0.000145078278
0x27ab,5692,0.000145078278
0x27ac,5692,0.000145078278
0x27af,5692,0.000145078278
0x27b0,5692,0.000145078278
0x27b1,5692,0.000145078278
0x27b4,5692,0.000145078278
0x27b6,5692,0.000145078278
0x27b7,5692,0.000145078278
0x27b8,5692,0.000145078278
0x27ba,5692,0.000145078278
0x27bd,5308,0.000135290847
0x27c0,5308,0.000135290847
0x27c1,5308,0.000135290847
0x27c2,5308,0.000135290847
0x27c5,5260,0.000134067418
0x27c7,5260,0.000134067418
0x27c8,5260,0.000134067418
0x27c9,5260,0.000134067418
0x27ca,3286,0.000083753904
0x27cc,3286,0.000083753904
0x27cf,3154,0.000080389475
0x27d0,3154,0.000080389475
0x27d2,3154,0.000080389475
0x27d3,3154,0.000080389475
0x27d5,3154,0.000080389475
0x27d6,3154,0.000080389475
0x27d8,132,0.000003364429
0x27da,132,0.000003364429
0x27dc,132,0.000003364429
0x27dd,132,0.000003364429
0x27df,132,0.000003364429
0x27e0,132,0.000003364429
0x27e2,48,0.000001223429
0x27e4,48,0.000001223429
0x27e9,48,0.000001223429
0x27ea,48,0.000001223429
0x27ec,48,0.000001223429
0x27ee,48,0.000001223429
0x3000,2869,0.000073125365
0x3003,2869,0.000073125365
0x3004,2869,0.000073125365
0x3005,2869,0.000073125365
0x3007,2869,0.000073125365
0x300a,2869,0.000073125365
0x300b,2869,0.000073125365
0x300c,2869,0.000073125365
0x300d,2869,0.000073125365
0x300e,2869,0.000073125365
0x300f,2869,0.000073125365
0x3010,2869,0.000073125365
0x3011,2869,0.000073125365
0x3012,356,0.000009073764
0x3028,362,0.000009226693
0x302b,362,0.000009226693
0x302c,362,0.000009226693
0x302e,362,0.000009226693
0x302f,362,0.000009226693
0x3031,362,0.000009226693
0x3032,362,0.000009226693
0x3034,362,0.000009226693
0x3035,298,0.000007595454
0x3037,298,0.000007595454
0x3038,298,0.000007595454
0x3039,298,0.000007595454
0x303c,285,0.000007264109
0x303d,285,0.000007264109
0x303e,4,0.000000101952
0x303f,4,0.000000101952
0x3040,4,0.000000101952
0x3042,4,0.000000101952
0x3044,4,0.000000101952
0x3046,4,0.000000101952
0x3048,4,0.000000101952
0x3049,4,0.000000101952
0x304b,4,0.000000101952
0x304d,4,0.000000101952
0x304f,4,0.000000101952
0x3050,4,0.000000101952
0x3052,4,0.000000101952
0x3055,4,0.000000101952
0x3056,4,0.000000101952
0x3057,3,0.000000076464
0x3059,3,0.000000076464
0x305c,13,0.000000331345
0x305f,13,0.000000331345
0x3062,13,0.000000331345
0x3063,13,0.000000331345
0x3064,13,0.000000331345
0x3065,13,0.000000331345
0x3066,13,0.000000331345
0x3067,13,0.000000331345
0x3068,13,0.000000331345
0x306a,13,0.000000331345
0x306c,13,0.000000331345
0x306d,13,0.000000331345
0x3074,65,0.000001656727
0x3077,65,0.000001656727
0x3078,65,0.000001656727
0x3079,65,0.000001656727
0x307a,65,0.000001656727
0x307c,65,0.000001656727
0x307d,65,0.000001656727
0x307f,65,0.000001656727
0x3080,65,0.000001656727
0x3081,65,0.000001656727
0x3082,65,0.000001656727
0x3084,65,0.000001656727
0x3089,65,0.000001656727
0x308a,65,0.000001656727
0x308b,65,0.000001656727
0x308c,65,0.000001656727
0x308d,65,0.000001656727
0x308f,65,0.000001656727
0x3090,65,0.000001656727
0x3092,65,0.000001656727
0x3093,65,0.000001656727
0x3094,65,0.000001656727
0x3095,65,0.000001656727
0x3098,65,0.000001656727
0x309a,65,0.000001656727
0x309d,5,0.000000127441
0x309f,65,0.000001656727
0x30a0,65,0.000001656727
0x30a1,65,0.000001656727
0x30a4,65,0.000001656727
0x30a6,65,0.000001656727
0x30a7,65,0.000001656727
0x30a8,65,0.000001656727
0x30aa,4684,0.000119386271
0x30ad,4684,0.000119386271
0x30ae,4684,0.000119386271
0x30af,4684,0.000119386271
0x30b0,4684,0.000119386271
0x30b1,4684,0.000119386271
0x30b3,4684,0.000119386271
0x30b5,4684,0.000119386271
0x30b6,4684,0.000119386271
0x30b8,4684,0.000119386271
0x30ba,359,0.000009150229
0x30bd,359,0.000009150229
0x30c0,359,0.000009150229
0x30c3,359,0.000009150229
0x30c6,359,0.000009150229
0x30c8,359,0.000009150229
0x30c9,359,0.000009150229
0x30ca,359,0.000009150229
0x30cb,229,0.000005836775
0x30cd,229,0.000005836775
0x30ce,229,0.000005836775
0x30cf,229,0.000005836775
0x30d2,177,0.000004511394
0x30d3,177,0.000004511394
0x30d4,45,0.000001146965
0x30d6,45,0.000001146965
0x30d8,45,0.000001146965
0x30da,1077,0.000027450686
0x30db,1077,0.000027450686
0x30dc,1077,0.000027450686
0x30dd,1077,0.000027450686
0x30de,504,0.000012846004
0x30df,504,0.000012846004
0x30e4,52,0.000001325381
0x30e7,52,0.000001325381
0x30ea,52,0.000001325381
0x30eb,52,0.000001325381
0x30ed,52,0.000001325381
0x30f2,52,0.000001325381
0x30f3,52,0.000001325381
0x30f5,52,0.000001325381
0x30f6,52,0.000001325381
0x30f7,52,0.000001325381
0x30f8,52,0.000001325381
0x30fa,52,0.000001325381
0x30fc,52,0.000001325381
0x30ff,52,0.000001325381
0x3102,52,0.000001325381
0x3105,52,0.000001325381
0x3106,52,0.000001325381
0x3107,52,0.000001325381
0x3108,52,0.000001325381
0x310a,52,0.000001325381
0x310c,52,0.000001325381
0x310e,52,0.000001325381
0x310f,52,0.000001325381
0x3112,156,0.000003976144
0x3113,156,0.000003976144
0x3114,156,0.000003976144
0x3115,156,0.000003976144
0x3116,95,0.000002421370
0x3117,95,0.000002421370
0x3118,95,0.000002421370
0x311a,95,0.000002421370
0x311b,95,0.000002421370
0x311c,95,0.000002421370
0x311d,95,0.000002421370
0x311e,52,0.000001325381
0x311f,52,0.000001325381
0x3121,52,0.000001325381
0x3124,359,0.000009150229
0x3127,359,0.000009150229
0x3128,359,0.000009150229
0x312a,359,0.000009150229
0x312b,45,0.000001146965
0x312d,45,0.000001146965
0x312f,45,0.000001146965
0x3130,45,0.000001146965
0x3131,45,0.000001146965
0x3132,45,0.000001146965
0x3134,45,0.000001146965
0x3136,45,0.000001146965
0x3138,45,0.000001146965
0x313d,45,0.000001146965
0x313f,45,0.000001146965
0x3140,45,0.000001146965
0x3141,45,0.000001146965
0x3144,45,0.000001146965
0x3145,45,0.000001146965
0x3146,45,0.000001146965
0x3149,32,0.000000815619
0x314b,45,0.000001146965
0x314d,45,0.000001146965
0x314e,45,0.000001146965
0x315a,359,0.000009150229
0x315d,359,0.000009150229
0x315e,359,0.000009150229
0x3160,359,0.000009150229
0x3161,107,0.000002727227
0x3164,107,0.000002727227
0x3165,107,0.000002727227
0x3166,107,0.000002727227
0x3167,107,0.000002727227
0x3169,107,0.000002727227
0x316a,107,0.000002727227
0x316c,107,0.000002727227
0x316d,107,0.000002727227
0x316e,107,0.000002727227
0x316f,107,0.000002727227
0x3171,107,0.000002727227
0x3172,107,0.000002727227
0x3174,107,0.000002727227
0x3176,107,0.000002727227
0x3177,107,0.000002727227
0x3178,107,0.000002727227
0x3179,1114,0.000028393746
0x317c,1069,0.000027246781
0x317d,1069,0.000027246781
0x317e,1069,0.000027246781
0x317f,1069,0.000027246781
0x3180,1069,0.000027246781
0x3181,1069,0.000027246781
0x3182,1069,0.000027246781
0x3183,1069,0.000027246781
0x3186,66,0.000001682215
0x3188,66,0.000001682215
0x318a,1069,0.000027246781
0x318b,1069,0.000027246781
0x318e,62,0.000001580262
0x3192,1114,0.000028393746
0x3193,1114,0.000028393746
0x3195,1114,0.000028393746
0x3196,779,0.000019855232
0x3199,779,0.000019855232
0x319a,779,0.000019855232
0x319b,45,0.000001146965
0x319e,45,0.000001146965
0x319f,45,0.000001146965
0x31a0,45,0.000001146965
0x31a1,45,0.000001146965
0x31a2,45,0.000001146965
0x31a3,45,0.000001146965
0x31a4,45,0.000001146965
0x31a7,45,0.000001146965
0x31a9,45,0.000001146965
0x31ac,45,0.000001146965
0x31ad,45,0.000001146965
0x31b4,356,0.000009073764
0x31b7,356,0.000009073764
0x31b9,356,0.000009073764
0x31ba,43,0.000001095988
0x31bd,43,0.000001095988
0x31bf,43,0.000001095988
0x31c0,43,0.000001095988
0x31c2,43,0.000001095988
0x31c3,43,0.000001095988
0x31c5,43,0.000001095988
0x31c6,43,0.000001095988
0x31c7,43,0.000001095988
0x31c8,43,0.000001095988
0x31cb,43,0.000001095988
0x31cd,43,0.000001095988
0x31ce,43,0.000001095988
0x31d1,20,0.000000509762
0x31d2,20,0.000000509762
0x31d3,20,0.000000509762
0x31d4,20,0.000000509762
0x31d6,43,0.000001095988
0x31d7,43,0.000001095988
0x31d8,43,0.000001095988
0x31d9,43,0.000001095988
0x31da,43,0.000001095988
0x31dc,43,0.000001095988
0x31de,43,0.000001095988
0x31df,43,0.000001095988
0x31e1,43,0.000001095988
0x31e2,43,0.000001095988
0x31e3,43,0.000001095988
0x31e4,43,0.000001095988
0x31e5,43,0.000001095988
0x31e6,43,0.000001095988
0x31e7,43,0.000001095988
0x31e8,43,0.000001095988
0x31e9,43,0.000001095988
0x31ec,43,0.000001095988
0x31ed,43,0.000001095988
0x31f0,43,0.000001095988
0x31f1,43,0.000001095988
0x31f2,43,0.000001095988
0x31f4,43,0.000001095988
0x31f5,43,0.000001095988
0x31f7,43,0.000001095988
0x31f8,43,0.000001095988
0x31fb,43,0.000001095988
0x31fd,43,0.000001095988
0x31fe,43,0.000001095988
0x31ff,43,0.000001095988
0x3201,43,0.000001095988
0x3202,43,0.000001095988
0x3203,43,0.000001095988
0x3204,43,0.000001095988
0x3207,43,0.000001095988
0x3209,43,0.000001095988
0x320a,43,0.000001095988
0x320b,43,0.000001095988
0x320c,43,0.000001095988
0x320d,43,0.000001095988
0x3210,43,0.000001095988
0x3213,43,0.000001095988
0x3215,43,0.000001095988
0x3216,33,0.000000841107
0x3217,33,0.000000841107
0x3219,33,0.000000841107
0x321b,33,0.000000841107
0x321c,2,0.000000050976
0x321e,2,0.000000050976
0x3220,2,0.000000050976
0x322c,356,0.000009073764
0x322f,356,0.000009073764
0x3231,356,0.000009073764
0x3232,68,0.000001733191
0x3235,68,0.000001733191
0x3238,68,0.000001733191
0x323b,68,0.000001733191
0x323c,68,0.000001733191
0x323f,68,0.000001733191
0x3240,801,0.000020415970
0x3241,801,0.000020415970
0x3243,801,0.000020415970
0x3246,373,0.000009507062
0x3247,373,0.000009507062
0x3248,373,0.000009507062
0x3249,309,0.000007875824
0x324a,309,0.000007875824
0x324b,309,0.000007875824
0x324c,309,0.000007875824
0x324d,309,0.000007875824
0x324e,737,0.000018784731
0x324f,737,0.000018784731
0x3250,737,0.000018784731
0x3251,737,0.000018784731
0x3253,737,0.000018784731
0x3254,737,0.000018784731
0x3256,737,0.000018784731
0x3259,4,0.000000101952
0x325b,4,0.000000101952
0x325e,4,0.000000101952
0x3264,362,0.000009226693
0x3267,362,0.000009226693
0x3268,362,0.000009226693
0x326b,362,0.000009226693
0x326c,362,0.000009226693
0x326e,362,0.000009226693
0x326f,362,0.000009226693
0x3271,362,0.000009226693
0x3272,362,0.000009226693
0x3274,362,0.000009226693
0x3275,47,0.000001197941
0x3277,47,0.000001197941
0x3279,47,0.000001197941
0x327a,47,0.000001197941
0x327b,47,0.000001197941
0x327c,47,0.000001197941
0x327e,47,0.000001197941
0x3281,47,0.000001197941
0x3282,47,0.000001197941
0x3285,47,0.000001197941
0x3286,47,0.000001197941
0x3287,47,0.000001197941
0x3289,47,0.000001197941
0x328a,47,0.000001197941
0x328b,47,0.000001197941
0x328d,47,0.000001197941
0x328e,47,0.000001197941
0x328f,130,0.000003313453
0x3290,130,0.000003313453
0x3291,130,0.000003313453
0x3292,130,0.000003313453
0x3295,122,0.000003109548
0x3296,122,0.000003109548
0x3297,122,0.000003109548
0x329a,108,0.000002752715
0x329b,108,0.000002752715
0x329e,108,0.000002752715
0x329f,108,0.000002752715
0x32a0,108,0.000002752715
0x32a3,108,0.000002752715
0x32a4,130,0.000003313453
0x32a5,130,0.000003313453
0x32a6,130,0.000003313453
0x32a9,4,0.000000101952
0x32ab,130,0.000003313453
0x32ac,130,0.000003313453
0x32af,47,0.000001197941
0x32b0,32,0.000000815619
0x32b3,32,0.000000815619
0x32b5,32,0.000000815619
0x32b8,32,0.000000815619
0x32ba,32,0.000000815619
0x32bc,32,0.000000815619
0x32bf,32,0.000000815619
0x32c2,32,0.000000815619
0x32c3,32,0.000000815619
0x32c4,9,0.000000229393
0x32c5,9,0.000000229393
0x32c6,9,0.000000229393
0x32c7,9,0.000000229393
0x32c8,9,0.000000229393
0x32cb,9,0.000000229393
0x32cd,9,0.000000229393
0x32d0,9,0.000000229393
0x32d2,9,0.000000229393
0x32d4,9,0.000000229393
0x32d6,9,0.000000229393
0x32d7,9,0.000000229393
0x32d9,9,0.000000229393
0x32da,9,0.000000229393
0x32dc,9,0.000000229393
0x32dd,9,0.000000229393
0x32de,9,0.000000229393
0x32e1,9,0.000000229393
0x32e2,9,0.000000229393
0x32e3,9,0.000000229393
0x3400,2960,0.000075444783
0x3403,2960,0.000075444783
0x3406,2960,0.000075444783
0x3409,2960,0.000075444783
0x340c,2960,0.000075444783
0x340f,2960,0.000075444783
0x3412,2960,0.000075444783
0x3413,2960,0.000075444783
0x3416,2960,0.000075444783
0x3418,2960,0.000075444783
0x341b,195,0.000004970180
0x341e,195,0.000004970180
0x3421,195,0.000004970180
0x3424,195,0.000004970180
0x3427,195,0.000004970180
0x342a,195,0.000004970180
0x342d,195,0.000004970180
0x342e,195,0.000004970180
0x3431,98,0.000002497834
0x3434,98,0.000002497834
0x3438,2765,0.000070474603
0x343b,2765,0.000070474603
0x343c,2765,0.000070474603
0x343f,1382,0.000035224557
0x3442,1382,0.000035224557
0x3445,1382,0.000035224557
0x3448,1382,0.000035224557
0x344b,1382,0.000035224557
0x3452,1383,0.000035250045
0x3455,1383,0.000035250045
0x3458,1383,0.000035250045
0x345b,1383,0.000035250045
0x3474,1577,0.000040194737
0x3477,6308,0.000160778949
0x3478,6308,0.000160778949
0x347b,6308,0.000160778949
0x347c,6308,0.000160778949
0x347d,6308,0.000160778949
0x347f,6308,0.000160778949
0x3480,6308,0.000160778949
0x3482,6308,0.000160778949
0x3485,1577,0.000040194737
0x3486,1578,0.000040220225
0x3489,6312,0.000160880901
0x348a,6312,0.000160880901
0x348d,6312,0.000160880901
0x348e,6312,0.000160880901
0x348f,6312,0.000160880901
0x3491,6312,0.000160880901
0x3492,6312,0.000160880901
0x3494,6312,0.000160880901
0x3497,1578,0.000040220225
0x3498,1577,0.000040194737
0x349b,6308,0.000160778949
0x349c,6308,0.000160778949
0x349f,6308,0.000160778949
0x34a0,6308,0.000160778949
0x34a1,6308,0.000160778949
0x34a3,6308,0.000160778949
0x34a4,6308,0.000160778949
0x34a6,6308,0.000160778949
0x34a9,1577,0.000040194737
0x34aa,1578,0.000040220225
0x34ad,6312,0.000160880901
0x34ae,6312,0.000160880901
0x34b1,6312,0.000160880901
0x34b2,6312,0.000160880901
0x34b3,6312,0.000160880901
0x34b5,6312,0.000160880901
0x34b6,6312,0.000160880901
0x34b8,6312,0.000160880901
0x34bb,1578,0.000040220225
0x34c0,13148,0.000335117568
0x34c1,13148,0.000335117568
0x34c2,13148,0.000335117568
0x34c3,9419,0.000240072435
0x34c4,9419,0.000240072435
0x34c6,9419,0.000240072435
0x34c7,9419,0.000240072435
0x34c9,9419,0.000240072435
0x34ca,9419,0.000240072435
0x34cb,9419,0.000240072435
0x34cc,9419,0.000240072435
0x34cd,9419,0.000240072435
0x34ce,9419,0.000240072435
0x34cf,9419,0.000240072435
0x34d0,9419,0.000240072435
0x34d1,9419,0.000240072435
0x34d2,9419,0.000240072435
0x34d3,9419,0.000240072435
0x34d4,9419,0.000240072435
0x34d5,9419,0.000240072435
0x34d7,9419,0.000240072435
0x34d8,9419,0.000240072435
0x34da,9419,0.000240072435
0x34db,9419,0.000240072435
0x34dc,9419,0.000240072435
0x34dd,9419,0.000240072435
0x34de,9437,0.000240531221
0x34df,9437,0.000240531221
0x34e1,9437,0.000240531221
0x34e4,1323,0.000033720759
0x34e5,1323,0.000033720759
0x34e7,1323,0.000033720759
0x34ea,696,0.000017739719
0x34ec,696,0.000017739719
0x34ed,696,0.000017739719
0x34ee,696,0.000017739719
0x34f0,696,0.000017739719
0x34f1,696,0.000017739719
0x34f3,696,0.000017739719
0x34f6,461,0.000011750015
0x34f8,461,0.000011750015
0x34f9,461,0.000011750015
0x34fa,461,0.000011750015
0x34fc,461,0.000011750015
0x34fd,461,0.000011750015
0x34ff,461,0.000011750015
0x3509,696,0.000017739719
0x350a,696,0.000017739719
0x350b,696,0.000017739719
0x350c,9437,0.000240531221
0x350e,9437,0.000240531221
0x350f,9437,0.000240531221
0x3512,9437,0.000240531221
0x3513,9437,0.000240531221
0x3515,9437,0.000240531221
0x3516,9437,0.000240531221
0x3518,9437,0.000240531221
0x3519,9437,0.000240531221
0x3520,376,0.000009583526
0x3521,376,0.000009583526
0x3522,376,0.000009583526
0x3523,376,0.000009583526
0x3524,376,0.000009583526
0x3525,376,0.000009583526
0x3526,376,0.000009583526
0x3527,376,0.000009583526
0x3528,2772,0.000070653019
0x3529,2772,0.000070653019
0x352a,2772,0.000070653019
0x352b,2772,0.000070653019
0x352c,2772,0.000070653019
0x352d,2772,0.000070653019
0x352e,2772,0.000070653019
0x352f,2772,0.000070653019
0x3530,3316,0.000084518547
0x3531,3316,0.000084518547
0x3532,3316,0.000084518547
0x3533,3316,0.000084518547
0x3534,3316,0.000084518547
0x3535,3316,0.000084518547
0x3536,3316,0.000084518547
0x3537,3316,0.000084518547
0x3538,3943,0.000100499587
0x3539,3943,0.000100499587
0x353a,3943,0.000100499587
0x353b,3943,0.000100499587
0x353c,3943,0.000100499587
0x353d,3943,0.000100499587
0x353e,3943,0.000100499587
0x353f,3943,0.000100499587
0x3540,9332,0.000237854970
0x3541,9332,0.000237854970
0x3542,9332,0.000237854970
0x3543,9332,0.000237854970
0x3544,9332,0.000237854970
0x3545,9332,0.000237854970
0x3546,9332,0.000237854970
0x3547,9332,0.000237854970
0x3548,10189,0.000259698274
0x3549,10189,0.000259698274
0x354a,10189,0.000259698274
0x354b,10189,0.000259698274
0x354c,10189,0.000259698274
0x354d,10189,0.000259698274
0x354e,10189,0.000259698274
0x354f,10189,0.000259698274
0x3550,10345,0.000263674418
0x3551,10345,0.000263674418
0x3552,10345,0.000263674418
0x3553,10345,0.000263674418
0x3554,10345,0.000263674418
0x3555,10345,0.000263674418
0x3556,10345,0.000263674418
0x3557,10345,0.000263674418
0x3558,10345,0.000263674418
0x355a,10345,0.000263674418
0x355b,10345,0.000263674418
0x355d,10345,0.000263674418
0x3560,2960,0.000075444783
0x3563,2960,0.000075444783
0x3564,2960,0.000075444783
0x3565,2960,0.000075444783
0x3566,2960,0.000075444783
0x3567,2960,0.000075444783
0x3568,2960,0.000075444783
0x3569,2960,0.000075444783
0x356a,2960,0.000075444783
0x356d,2960,0.000075444783
0x3570,2960,0.000075444783
0x3572,2960,0.000075444783
0x3577,2960,0.000075444783
0x3579,2960,0.000075444783
0x357a,2960,0.000075444783
0x357b,2960,0.000075444783
0x357e,2960,0.000075444783
0x357f,2960,0.000075444783
0x3581,2960,0.000075444783
0x3584,2332,0.000059438254
0x3586,2960,0.000075444783
0x3587,2960,0.000075444783
0x3588,2960,0.000075444783
0x3589,2960,0.000075444783
0x358c,2960,0.000075444783
0x358d,2960,0.000075444783
0x358e,2960,0.000075444783
0x3590,2960,0.000075444783
0x3591,2960,0.000075444783
0x3593,2960,0.000075444783
0x3594,2960,0.000075444783
0x3596,2960,0.000075444783
0x3597,2960,0.000075444783
0x359a,2960,0.000075444783
0x359b,2960,0.000075444783
0x359c,2960,0.000075444783
0x359d,2960,0.000075444783
0x359f,2960,0.000075444783
0x35a2,2960,0.000075444783
0x35b0,12620,0.000321659850
0x35b1,12620,0.000321659850
0x35b2,12620,0.000321659850
0x35b3,8891,0.000226614717
0x35b4,8891,0.000226614717
0x35b5,8891,0.000226614717
0x35b6,8891,0.000226614717
0x35b7,8891,0.000226614717
0x35b8,8891,0.000226614717
0x35b9,8891,0.000226614717
0x35ba,8891,0.000226614717
0x35bd,8062,0.000205485080
0x35be,8891,0.000226614717
0x35bf,8891,0.000226614717
0x35c0,8891,0.000226614717
0x35c1,8891,0.000226614717
0x35c2,8891,0.000226614717
0x35c3,8891,0.000226614717
0x35c4,8891,0.000226614717
0x35c5,8891,0.000226614717
0x35c7,8891,0.000226614717
0x35c8,8891,0.000226614717
0x35c9,8891,0.000226614717
0x35ca,8891,0.000226614717
0x35cb,8891,0.000226614717
0x35cc,8891,0.000226614717
0x35cd,8891,0.000226614717
0x35ce,8891,0.000226614717
0x35cf,8891,0.000226614717
0x35d0,8891,0.000226614717
0x35d1,8891,0.000226614717
0x35d2,8891,0.000226614717
0x35d3,8891,0.000226614717
0x35d4,8891,0.000226614717
0x35d5,8891,0.000226614717
0x35d6,8891,0.000226614717
0x35d7,8891,0.000226614717
0x35d8,8891,0.000226614717
0x35d9,8891,0.000226614717
0x35da,8891,0.000226614717
0x35db,8891,0.000226614717
0x35e0,6605,0.000168348915
0x35e1,6605,0.000168348915
0x35e2,6605,0.000168348915
0x35e3,6605,0.000168348915
0x35e5,6605,0.000168348915
0x35e8,3427,0.000087347726
0x35e9,3427,0.000087347726
0x35ea,3427,0.000087347726
0x35eb,3427,0.000087347726
0x35ec,3427,0.000087347726
0x35ed,3427,0.000087347726
0x35ee,3427,0.000087347726
0x35ef,3427,0.000087347726
0x35f0,3427,0.000087347726
0x35f1,3427,0.000087347726
0x35f3,3427,0.000087347726
0x35f6,969,0.000024697971
0x35f8,969,0.000024697971
0x35f9,969,0.000024697971
0x35fa,969,0.000024697971
0x35fb,969,0.000024697971
0x35fd,969,0.000024697971
0x35fe,969,0.000024697971
0x3601,124,0.000003160525
0x3602,124,0.000003160525
0x3603,124,0.000003160525
0x3604,969,0.000024697971
0x3605,969,0.000024697971
0x3606,969,0.000024697971
0x3607,969,0.000024697971
0x3608,969,0.000024697971
0x3609,969,0.000024697971
0x360a,969,0.000024697971
0x360b,969,0.000024697971
0x360c,969,0.000024697971
0x360e,969,0.000024697971
0x360f,969,0.000024697971
0x3612,890,0.000022684411
0x3613,890,0.000022684411
0x3614,890,0.000022684411
0x3615,890,0.000022684411
0x3616,890,0.000022684411
0x3618,890,0.000022684411
0x3619,890,0.000022684411
0x361a,890,0.000022684411
0x361b,890,0.000022684411
0x361c,591,0.000015063468
0x361f,591,0.000015063468
0x3620,591,0.000015063468
0x3621,591,0.000015063468
0x3622,231,0.000005887752
0x3623,231,0.000005887752
0x3624,231,0.000005887752
0x3628,3178,0.000081001189
0x362a,3178,0.000081001189
0x362d,3102,0.000079064093
0x362e,3102,0.000079064093
0x362f,3102,0.000079064093
0x3630,3102,0.000079064093
0x3631,3102,0.000079064093
0x3632,3102,0.000079064093
0x3633,3102,0.000079064093
0x3634,3102,0.000079064093
0x3635,3102,0.000079064093
0x3636,3102,0.000079064093
0x3637,3102,0.000079064093
0x363a,953,0.000024290161
0x363c,953,0.000024290161
0x363d,953,0.000024290161
0x363e,953,0.000024290161
0x363f,953,0.000024290161
0x3641,953,0.000024290161
0x3642,953,0.000024290161
0x3645,126,0.000003211501
0x3646,126,0.000003211501
0x3647,126,0.000003211501
0x3648,953,0.000024290161
0x3649,953,0.000024290161
0x364a,953,0.000024290161
0x364b,953,0.000024290161
0x364c,953,0.000024290161
0x364d,953,0.000024290161
0x364e,953,0.000024290161
0x364f,953,0.000024290161
0x3650,953,0.000024290161
0x3651,953,0.000024290161
0x3652,953,0.000024290161
0x3654,953,0.000024290161
0x3655,953,0.000024290161
0x3656,953,0.000024290161
0x3657,953,0.000024290161
0x365a,717,0.000018274969
0x365d,717,0.000018274969
0x365e,717,0.000018274969
0x3661,200,0.000005097620
0x3662,200,0.000005097620
0x3663,953,0.000024290161
0x3665,953,0.000024290161
0x3666,953,0.000024290161
0x366a,2458,0.000062649755
0x366b,2458,0.000062649755
0x366c,2458,0.000062649755
0x366d,90,0.000002293929
0x366e,90,0.000002293929
0x366f,90,0.000002293929
0x3670,90,0.000002293929
0x3671,90,0.000002293929
0x3672,79,0.000002013560
0x3673,79,0.000002013560
0x3674,79,0.000002013560
0x3675,79,0.000002013560
0x3676,79,0.000002013560
0x3679,79,0.000002013560
0x367b,79,0.000002013560
0x367c,79,0.000002013560
0x367f,79,0.000002013560
0x3680,79,0.000002013560
0x3683,79,0.000002013560
0x3684,79,0.000002013560
0x3686,79,0.000002013560
0x3689,79,0.000002013560
0x368a,79,0.000002013560
0x368b,79,0.000002013560
0x368d,79,0.000002013560
0x368e,66,0.000001682215
0x3690,66,0.000001682215
0x3691,51,0.000001299893
0x3692,51,0.000001299893
0x3695,2149,0.000054773932
0x3696,2149,0.000054773932
0x3697,2149,0.000054773932
0x3698,2149,0.000054773932
0x3699,2149,0.000054773932
0x369a,2149,0.000054773932
0x369b,2149,0.000054773932
0x369c,2149,0.000054773932
0x369d,59,0.000001503798
0x369e,59,0.000001503798
0x36a0,59,0.000001503798
0x36a1,59,0.000001503798
0x36a4,59,0.000001503798
0x36a6,59,0.000001503798
0x36a7,59,0.000001503798
0x36aa,56,0.000001427334
0x36ab,59,0.000001503798
0x36ae,59,0.000001503798
0x36b0,59,0.000001503798
0x36b3,59,0.000001503798
0x36b4,59,0.000001503798
0x36b6,59,0.000001503798
0x36b7,56,0.000001427334
0x36b9,56,0.000001427334
0x36ba,53,0.000001350869
0x36bb,53,0.000001350869
0x36c0,2286,0.000058265802
0x36c1,2286,0.000058265802
0x36c2,2286,0.000058265802
0x36c3,1143,0.000029132901
0x36c4,1143,0.000029132901
0x36c5,1143,0.000029132901
0x36c6,1143,0.000029132901
0x36c8,1143,0.000029132901
0x36c9,1143,0.000029132901
0x36d2,2880,0.000073405734
0x36d3,2880,0.000073405734
0x36d4,2880,0.000073405734
0x36d5,2880,0.000073405734
0x36d6,2880,0.000073405734
0x36d7,2880,0.000073405734
0x36d8,108,0.000002752715
0x36d9,108,0.000002752715
0x36da,108,0.000002752715
0x36db,108,0.000002752715
0x36dc,108,0.000002752715
0x36dd,108,0.000002752715
0x36de,108,0.000002752715
0x36e1,108,0.000002752715
0x36e3,108,0.000002752715
0x36e6,108,0.000002752715
0x36ea,3150,0.000080287522
0x36eb,3150,0.000080287522
0x36ec,3150,0.000080287522
0x36ed,3150,0.000080287522
0x36ee,3150,0.000080287522
0x36ef,3150,0.000080287522
0x36f0,768,0.000019574863
0x36f1,768,0.000019574863
0x36f2,768,0.000019574863
0x36f3,768,0.000019574863
0x36f5,768,0.000019574863
0x36f6,58,0.000001478310
0x36f7,58,0.000001478310
0x36f8,58,0.000001478310
0x36f9,58,0.000001478310
0x36fa,58,0.000001478310
0x36fb,58,0.000001478310
0x36fc,58,0.000001478310
0x36fd,58,0.000001478310
0x36fe,58,0.000001478310
0x3701,58,0.000001478310
0x3703,58,0.000001478310
0x3706,58,0.000001478310
0x370a,2861,0.000072921461
0x370b,2861,0.000072921461
0x370c,2861,0.000072921461
0x370d,2861,0.000072921461
0x370e,2861,0.000072921461
0x370f,2861,0.000072921461
0x3710,206,0.000005250549
0x3711,206,0.000005250549
0x3712,206,0.000005250549
0x3713,206,0.000005250549
0x3715,206,0.000005250549
0x3716,86,0.000002191977
0x3717,86,0.000002191977
0x3718,86,0.000002191977
0x3719,86,0.000002191977
0x371a,86,0.000002191977
0x371b,86,0.000002191977
0x371c,86,0.000002191977
0x371d,86,0.000002191977
0x371e,86,0.000002191977
0x3721,86,0.000002191977
0x3723,86,0.000002191977
0x3726,86,0.000002191977
0x3729,86,0.000002191977
0x372a,86,0.000002191977
0x372c,86,0.000002191977
0x372d,46,0.000001172453
0x372e,46,0.000001172453
0x3730,46,0.000001172453
0x3731,46,0.000001172453
0x3732,46,0.000001172453
0x3733,46,0.000001172453
0x3734,46,0.000001172453
0x3735,46,0.000001172453
0x3736,46,0.000001172453
0x3739,46,0.000001172453
0x373b,46,0.000001172453
0x373e,46,0.000001172453
0x3744,76,0.000001937096
0x3746,76,0.000001937096
0x3747,76,0.000001937096
0x3748,76,0.000001937096
0x3749,76,0.000001937096
0x374a,76,0.000001937096
0x374c,76,0.000001937096
0x374d,76,0.000001937096
0x374e,76,0.000001937096
0x3750,76,0.000001937096
0x3751,76,0.000001937096
0x3752,8,0.000000203905
0x3753,8,0.000000203905
0x3754,8,0.000000203905
0x3758,14168,0.000361115433
0x3759,14168,0.000361115433
0x375a,14168,0.000361115433
0x375b,176,0.000004485906
0x375c,176,0.000004485906
0x375f,165,0.000004205537
0x3760,165,0.000004205537
0x3761,165,0.000004205537
0x3764,88,0.000002242953
0x3766,88,0.000002242953
0x3767,88,0.000002242953
0x3769,88,0.000002242953
0x376a,88,0.000002242953
0x376b,88,0.000002242953
0x376c,88,0.000002242953
0x376d,88,0.000002242953
0x376e,88,0.000002242953
0x376f,88,0.000002242953
0x3770,88,0.000002242953
0x3771,88,0.000002242953
0x3772,88,0.000002242953
0x3773,88,0.000002242953
0x3774,88,0.000002242953
0x3777,88,0.000002242953
0x377a,88,0.000002242953
0x377b,88,0.000002242953
0x377c,88,0.000002242953
0x377d,88,0.000002242953
0x377e,88,0.000002242953
0x3780,88,0.000002242953
0x3781,88,0.000002242953
0x3782,88,0.000002242953
0x3783,88,0.000002242953
0x3786,88,0.000002242953
0x3787,88,0.000002242953
0x3788,72,0.000001835143
0x3789,72,0.000001835143
0x378c,72,0.000001835143
0x378e,72,0.000001835143
0x378f,72,0.000001835143
0x3791,72,0.000001835143
0x3792,72,0.000001835143
0x3796,88,0.000002242953
0x3798,88,0.000002242953
0x3799,88,0.000002242953
0x379b,88,0.000002242953
0x379e,33,0.000000841107
0x379f,88,0.000002242953
0x37a0,88,0.000002242953
0x37a1,88,0.000002242953
0x37a4,88,0.000002242953
0x37a5,88,0.000002242953
0x37a6,67,0.000001707703
0x37a7,67,0.000001707703
0x37aa,67,0.000001707703
0x37b0,77,0.000001962584
0x37b1,77,0.000001962584
0x37b2,77,0.000001962584
0x37b3,77,0.000001962584
0x37b4,77,0.000001962584
0x37b5,77,0.000001962584
0x37b6,77,0.000001962584
0x37b7,77,0.000001962584
0x37b8,77,0.000001962584
0x37b9,77,0.000001962584
0x37ba,77,0.000001962584
0x37bb,77,0.000001962584
0x37be,77,0.000001962584
0x37c0,77,0.000001962584
0x37c1,77,0.000001962584
0x37c4,77,0.000001962584
0x37c6,77,0.000001962584
0x37cc,11,0.000000280369
0x37cd,11,0.000000280369
0x37ce,11,0.000000280369
0x37cf,11,0.000000280369
0x37d0,11,0.000000280369
0x37d2,11,0.000000280369
0x37d4,11,0.000000280369
0x37d5,11,0.000000280369
0x37d7,11,0.000000280369
0x37da,11,0.000000280369
0x37dd,286,0.000007289597
0x37de,286,0.000007289597
0x37df,286,0.000007289597
0x37e0,286,0.000007289597
0x37e1,286,0.000007289597
0x37e2,286,0.000007289597
0x37e5,11,0.000000280369
0x3800,5920,0.000150889565
0x3803,5920,0.000150889565
0x3805,5920,0.000150889565
0x3806,3152,0.000080338498
0x3809,3152,0.000080338498
0x380b,3152,0.000080338498
0x380c,3152,0.000080338498
0x380f,3152,0.000080338498
0x3810,3152,0.000080338498
0x3813,3152,0.000080338498
0x3815,3152,0.000080338498
0x3816,3152,0.000080338498
0x3819,3152,0.000080338498
0x381a,3152,0.000080338498
0x381b,3152,0.000080338498
0x381d,3152,0.000080338498
0x381e,3152,0.000080338498
0x381f,3152,0.000080338498
0x3820,3152,0.000080338498
0x3822,3152,0.000080338498
0x3823,47,0.000001197941
0x3824,47,0.000001197941
0x3827,47,0.000001197941
0x3829,47,0.000001197941
0x382b,47,0.000001197941
0x382c,47,0.000001197941
0x382e,47,0.000001197941
0x382f,47,0.000001197941
0x3830,47,0.000001197941
0x3832,47,0.000001197941
0x3833,47,0.000001197941
0x3834,47,0.000001197941
0x3835,47,0.000001197941
0x3837,47,0.000001197941
0x3838,47,0.000001197941
0x3839,47,0.000001197941
0x383b,47,0.000001197941
0x383c,47,0.000001197941
0x383e,47,0.000001197941
0x3841,31,0.000000790131
0x3844,41,0.000001045012
0x3846,41,0.000001045012
0x3847,41,0.000001045012
0x3849,41,0.000001045012
0x384a,41,0.000001045012
0x384b,41,0.000001045012
0x384c,16,0.000000407810
0x384f,16,0.000000407810
0x3850,16,0.000000407810
0x3851,16,0.000000407810
0x3853,16,0.000000407810
0x3854,16,0.000000407810
0x3855,16,0.000000407810
0x3856,16,0.000000407810
0x3857,16,0.000000407810
0x3858,16,0.000000407810
0x3859,16,0.000000407810
0x385c,16,0.000000407810
0x385d,16,0.000000407810
0x385f,16,0.000000407810
0x3862,8,0.000000203905
0x3863,8,0.000000203905
0x3865,8,0.000000203905
0x3868,8,0.000000203905
0x386b,8,0.000000203905
0x386e,8,0.000000203905
0x386f,8,0.000000203905
0x3871,8,0.000000203905
0x3874,1,0.000000025488
0x3875,1,0.000000025488
0x3876,1,0.000000025488
0x3878,1,0.000000025488
0x387a,1,0.000000025488
0x387b,1,0.000000025488
0x387c,1,0.000000025488
0x387e,1,0.000000025488
0x3881,1,0.000000025488
0x3882,1,0.000000025488
0x3883,1,0.000000025488
0x3884,1,0.000000025488
0x3885,1,0.000000025488
0x3887,1,0.000000025488
0x388a,1,0.000000025488
0x388b,1,0.000000025488
0x388c,1,0.000000025488
0x388d,1,0.000000025488
0x3894,8,0.000000203905
0x3897,8,0.000000203905
0x3899,8,0.000000203905
0x389c,8,0.000000203905
0x38a1,18,0.000000458786
0x38a2,18,0.000000458786
0x38a4,18,0.000000458786
0x38a5,18,0.000000458786
0x38a6,18,0.000000458786
0x38a7,18,0.000000458786
0x38a8,18,0.000000458786
0x38a9,18,0.000000458786
0x38ac,18,0.000000458786
0x38ae,18,0.000000458786
0x38af,18,0.000000458786
0x38b1,18,0.000000458786
0x38b4,18,0.000000458786
0x38b5,18,0.000000458786
0x38bc,24,0.000000611714
0x38be,24,0.000000611714
0x38bf,24,0.000000611714
0x38c1,24,0.000000611714
0x38c2,24,0.000000611714
0x38c3,24,0.000000611714
0x38c4,2,0.000000050976
0x38c7,2,0.000000050976
0x38c8,2,0.000000050976
0x38ca,2,0.000000050976
0x38cd,1,0.000000025488
0x38cf,1,0.000000025488
0x38e9,2,0.000000050976
0x38eb,2,0.000000050976
0x38ee,2,0.000000050976
0x38f1,2,0.000000050976
0x38f8,10,0.000000254881
0x38fb,18,0.000000458786
0x38fc,18,0.000000458786
0x38fd,18,0.000000458786
0x3900,1,0.000000025488
0x3901,1,0.000000025488
0x3902,1,0.000000025488
0x3903,1,0.000000025488
0x3904,1,0.000000025488
0x3905,1,0.000000025488
0x3906,18,0.000000458786
0x3907,18,0.000000458786
0x3908,18,0.000000458786
0x3909,18,0.000000458786
0x390a,18,0.000000458786
0x390d,18,0.000000458786
0x390e,18,0.000000458786
0x390f,18,0.000000458786
0x3912,18,0.000000458786
0x3913,18,0.000000458786
0x3916,18,0.000000458786
0x3918,18,0.000000458786
0x391b,18,0.000000458786
0x391c,31,0.000000790131
0x391d,31,0.000000790131
0x391f,31,0.000000790131
0x3922,7,0.000000178417
0x3923,5308,0.000135290847
0x3930,1480,0.000037722391
0x3933,1480,0.000037722391
0x3935,1480,0.000037722391
0x3937,1480,0.000037722391
0x3938,1480,0.000037722391
0x393a,1480,0.000037722391
0x393b,1480,0.000037722391
0x393c,1480,0.000037722391
0x393d,1480,0.000037722391
0x393f,1480,0.000037722391
0x3942,740,0.000018861196
0x3945,740,0.000018861196
0x3946,740,0.000018861196
0x3947,740,0.000018861196
0x394a,740,0.000018861196
0x394b,740,0.000018861196
0x394c,4571,0.000116506115
0x394d,4571,0.000116506115
0x3950,4432,0.000112963269
0x3951,4432,0.000112963269
0x3952,4432,0.000112963269
0x3954,4432,0.000112963269
0x3955,4432,0.000112963269
0x3956,4432,0.000112963269
0x3959,601,0.000015318349
0x395c,4571,0.000116506115
0x395d,4571,0.000116506115
0x395f,4571,0.000116506115
0x3960,1127,0.000028725091
0x3961,1127,0.000028725091
0x3963,1127,0.000028725091
0x3964,1127,0.000028725091
0x3965,1127,0.000028725091
0x3966,1127,0.000028725091
0x3967,931,0.000023729423
0x3968,931,0.000023729423
0x3969,139,0.000003542846
0x396b,139,0.000003542846
0x396c,139,0.000003542846
0x396d,139,0.000003542846
0x396e,139,0.000003542846
0x396f,139,0.000003542846
0x3972,139,0.000003542846
0x3973,139,0.000003542846
0x3975,139,0.000003542846
0x3976,139,0.000003542846
0x3977,139,0.000003542846
0x3978,139,0.000003542846
0x397a,139,0.000003542846
0x397b,139,0.000003542846
0x3980,2960,0.000075444783
0x3983,2960,0.000075444783
0x3985,2960,0.000075444783
0x3986,10,0.000000254881
0x3988,10,0.000000254881
0x3a00,1480,0.000037722391
0x3a03,1480,0.000037722391
0x3a05,1480,0.000037722391
0x3a06,1480,0.000037722391
0x3a07,1480,0.000037722391
0x3a08,1480,0.000037722391
0x3a0b,1480,0.000037722391
0x3a0c,1480,0.000037722391
0x3a0d,1480,0.000037722391
0x3a0e,740,0.000018861196
0x3a0f,740,0.000018861196
0x3a10,5692,0.000145078278
0x3a13,5692,0.000145078278
0x3a14,5692,0.000145078278
0x3a15,5692,0.000145078278
0x3a18,384,0.000009787431
0x3a1a,384,0.000009787431
0x3a1c,384,0.000009787431
0x3a1d,5308,0.000135290847
0x3a20,5308,0.000135290847
0x3a21,5308,0.000135290847
0x3a22,5308,0.000135290847
0x3a25,246,0.000006270073
0x3a27,246,0.000006270073
0x3a2a,8,0.000000203905
0x3a2c,246,0.000006270073
0x3a2d,246,0.000006270073
0x3a2e,246,0.000006270073
0x3a2f,246,0.000006270073
0x3a30,246,0.000006270073
0x3a31,246,0.000006270073
0x3a32,246,0.000006270073
0x3a34,246,0.000006270073
0x3a36,246,0.000006270073
0x3a37,246,0.000006270073
0x3a39,246,0.000006270073
0x3a3b,246,0.000006270073
0x3a3d,246,0.000006270073
0x3a3f,246,0.000006270073
0x3a40,5062,0.000129020774
0x3a42,5062,0.000129020774
0x3a43,5062,0.000129020774
0x3a44,5062,0.000129020774
0x3a47,544,0.000013865528
0x3a49,544,0.000013865528
0x3a4c,34,0.000000866595
0x3a4e,544,0.000013865528
0x3a4f,544,0.000013865528
0x3a50,544,0.000013865528
0x3a51,544,0.000013865528
0x3a52,544,0.000013865528
0x3a53,544,0.000013865528
0x3a54,544,0.000013865528
0x3a56,544,0.000013865528
0x3a58,544,0.000013865528
0x3a5a,544,0.000013865528
0x3a5b,544,0.000013865528
0x3a5d,544,0.000013865528
0x3a5f,544,0.000013865528
0x3a62,4518,0.000115155246
0x3a64,4518,0.000115155246
0x3a65,4518,0.000115155246
0x3a66,4518,0.000115155246
0x3a67,16,0.000000407810
0x3a69,16,0.000000407810
0x3a6c,1,0.000000025488
0x3a6e,1,0.000000025488
0x3a71,1,0.000000025488
0x3a73,1,0.000000025488
0x3a78,16,0.000000407810
0x3a79,16,0.000000407810
0x3a7b,16,0.000000407810
0x3a7c,16,0.000000407810
0x3a7e,16,0.000000407810
0x3a80,16,0.000000407810
0x3a81,16,0.000000407810
0x3a82,5308,0.000135290847
0x3a85,5308,0.000135290847
0x3a86,5308,0.000135290847
0x3a88,5308,0.000135290847
0x3a89,1462,0.000037263605
0x3a8b,1462,0.000037263605
0x3a8c,1462,0.000037263605
0x3a8e,1462,0.000037263605
0x3a8f,1462,0.000037263605
0x3a90,5308,0.000135290847
0x3a93,5308,0.000135290847
0x3a94,5308,0.000135290847
0x3a95,5308,0.000135290847
0x3a98,3348,0.000085334166
0x3a9b,3348,0.000085334166
0x3a9e,3348,0.000085334166
0x3aa1,53568,0.001365346662
0x3aa2,53568,0.001365346662
0x3aa3,53568,0.001365346662
0x3aa4,53568,0.001365346662
0x3aa7,19877,0.000506627009
0x3aa8,19877,0.000506627009
0x3aaa,19877,0.000506627009
0x3aad,5825,0.000148468196
0x3aae,53568,0.001365346662
0x3aaf,53568,0.001365346662
0x3ab0,53568,0.001365346662
0x3ab1,53568,0.001365346662
0x3ab2,53568,0.001365346662
0x3ab5,3348,0.000085334166
0x3ab6,3348,0.000085334166
0x3ab7,3348,0.000085334166
0x3ab8,2475,0.000063083053
0x3aba,2475,0.000063083053
0x3abd,6,0.000000152929
0x3abf,2475,0.000063083053
0x3ac1,2475,0.000063083053
0x3ac2,2475,0.000063083053
0x3ac5,2475,0.000063083053
0x3ac6,2475,0.000063083053
0x3ac8,2475,0.000063083053
0x3ac9,2475,0.000063083053
0x3aca,2475,0.000063083053
0x3ad0,1064,0.000027119341
0x3ad3,1064,0.000027119341
0x3ad4,1064,0.000027119341
0x3ad6,1064,0.000027119341
0x3ad7,1064,0.000027119341
0x3ad8,1064,0.000027119341
0x3ada,1064,0.000027119341
0x3adb,1064,0.000027119341
0x3adc,1064,0.000027119341
0x3add,1064,0.000027119341
0x3adf,1064,0.000027119341
0x3ae0,1064,0.000027119341
0x3ae1,1064,0.000027119341
0x3ae3,1064,0.000027119341
0x3ae4,1064,0.000027119341
0x3ae5,1064,0.000027119341
0x3ae6,1064,0.000027119341
0x3ae9,1043,0.000026584091
0x3aec,1043,0.000026584091
0x3aee,1043,0.000026584091
0x3aef,1043,0.000026584091
0x3af1,1043,0.000026584091
0x3af2,1043,0.000026584091
0x3af3,1043,0.000026584091
0x3af4,19,0.000000484274
0x3af6,19,0.000000484274
0x3af8,21,0.000000535250
0x3afa,21,0.000000535250
0x3afb,21,0.000000535250
0x3afc,21,0.000000535250
0x3afd,21,0.000000535250
0x3aff,21,0.000000535250
0x3b00,21,0.000000535250
0x3b1b,5308,0.000135290847
0x3b1e,5308,0.000135290847
0x3b1f,5308,0.000135290847
0x3b20,5308,0.000135290847
0x3b33,5308,0.000135290847
0x3b36,5308,0.000135290847
0x3b37,5308,0.000135290847
0x3b38,5308,0.000135290847
0x3b43,5308,0.000135290847
0x3b46,5308,0.000135290847
0x3b47,5308,0.000135290847
0x3b49,5308,0.000135290847
0x3b4c,5308,0.000135290847
0x3b4f,5308,0.000135290847
0x3b52,5308,0.000135290847
0x3b55,5308,0.000135290847
0x3b58,5308,0.000135290847
0x3b5b,5308,0.000135290847
