pc,count,frequency
0x0000,1,0.000000033930
0x0001,1,0.000000033930
0x0002,1,0.000000033930
0x0003,1,0.000000033930
0x0004,1,0.000000033930
0x0005,1,0.000000033930
0x0006,1,0.000000033930
0x0007,1,0.000000033930
0x0008,1,0.000000033930
0x000b,1,0.000000033930
0x000d,1,0.000000033930
0x000f,1,0.000000033930
0x0012,1,0.000000033930
0x0015,1,0.000000033930
0x0017,1,0.000000033930
0x001a,16535,0.000561024674
0x001d,16535,0.000561024674
0x0020,16535,0.000561024674
0x0021,16535,0.000561024674
0x0024,8277,0.000280834668
0x0027,8277,0.000280834668
0x002a,8277,0.000280834668
0x002d,8258,0.000280190007
0x002f,8258,0.000280190007
0x0031,8258,0.000280190007
0x0032,8258,0.000280190007
0x0034,8258,0.000280190007
0x0035,8258,0.000280190007
0x0038,8258,0.000280190007
0x0039,8258,0.000280190007
0x003c,8258,0.000280190007
0x003d,8258,0.000280190007
0x0040,95,0.000003223305
0x0043,95,0.000003223305
0x0046,8163,0.000276966702
0x0049,8162,0.000276932772
0x0050,1,0.000000033930
0x0052,1,0.000000033930
0x0054,1,0.000000033930
0x0056,1,0.000000033930
0x0058,1,0.000000033930
0x005a,1,0.000000033930
0x005c,1,0.000000033930
0x005f,1,0.000000033930
0x0061,1,0.000000033930
0x0063,1,0.000000033930
0x0066,1,0.000000033930
0x0068,1,0.000000033930
0x006a,1,0.000000033930
0x006b,2,0.000000067859
0x006e,2,0.000000067859
0x0070,6130,0.000207987980
0x0072,6130,0.000207987980
0x0073,6130,0.000207987980
0x0074,6130,0.000207987980
0x0077,2,0.000000067859
0x0078,576,0.000019543406
0x007b,576,0.000019543406
0x0080,1881171,0.063827236023
0x0082,1881171,0.063827236023
0x0083,1881171,0.063827236023
0x0085,1881171,0.063827236023
0x0088,33371,0.001132262135
0x0089,33371,0.001132262135
0x008b,33371,0.001132262135
0x008e,16739,0.000567946297
0x0090,16739,0.000567946297
0x0091,16739,0.000567946297
0x0094,16739,0.000567946297
0x0095,16739,0.000567946297
0x0096,16739,0.000567946297
0x0097,16739,0.000567946297
0x0098,16739,0.000567946297
0x009a,16739,0.000567946297
0x009d,16739,0.000567946297
0x009f,16739,0.000567946297
0x00a0,16739,0.000567946297
0x00a2,16739,0.000567946297
0x00a3,16739,0.000567946297
0x00a6,16739,0.000567946297
0x00a8,16739,0.000567946297
0x00ab,16739,0.000567946297
0x00ac,2,0.000000067859
0x00ae,2,0.000000067859
0x00af,2,0.000000067859
0x00b0,2,0.000000067859
0x00b2,2,0.000000067859
0x00b5,2,0.000000067859
0x00bb,31784,0.001078415981
0x00be,31784,0.001078415981
0x00bf,31784,0.001078415981
0x00c0,31784,0.001078415981
0x00c1,31784,0.001078415981
0x00c2,31784,0.001078415981
0x00c3,31784,0.001078415981
0x00c4,2134,0.000072405604
0x00c5,2134,0.000072405604
0x00c7,2134,0.000072405604
0x00c9,2134,0.000072405604
0x00ca,2134,0.000072405604
0x00cd,2134,0.000072405604
0x00ce,2134,0.000072405604
0x00cf,2134,0.000072405604
0x00d0,2134,0.000072405604
0x00d1,2134,0.000072405604
0x00d2,2134,0.000072405604
0x00d3,2134,0.000072405604
0x00d4,2134,0.000072405604
0x00d6,2134,0.000072405604
0x00d8,2134,0.000072405604
0x00d9,2134,0.000072405604
0x00dc,2134,0.000072405604
0x00dd,2134,0.000072405604
0x00de,2134,0.000072405604
0x00e1,766,0.000025990015
0x00e3,8163,0.000276966702
0x00e6,8163,0.000276966702
0x00e9,8163,0.000276966702
0x00ec,8163,0.000276966702
0x00ef,8163,0.000276966702
0x00f2,8160,0.000276864913
0x00f5,8160,0.000276864913
0x00f8,8160,0.000276864913
0x00fb,8160,0.000276864913
0x00fe,7399,0.000251044546
0x0101,7399,0.000251044546
0x0104,7399,0.000251044546
0x0107,7397,0.000250976687
0x0109,7397,0.000250976687
0x010c,7397,0.000250976687
0x010f,7395,0.000250908828
0x0111,7395,0.000250908828
0x0114,7395,0.000250908828
0x0117,7393,0.000250840969
0x0119,7393,0.000250840969
0x011c,7393,0.000250840969
0x011f,7393,0.000250840969
0x0122,6817,0.000231297563
0x0125,6817,0.000231297563
0x0128,6817,0.000231297563
0x012b,6817,0.000231297563
0x012e,6465,0.000219354371
0x0131,6465,0.000219354371
0x0134,6465,0.000219354371
0x0137,6465,0.000219354371
0x013a,486,0.000016489749
0x0140,102,0.000003460811
0x0143,102,0.000003460811
0x0146,102,0.000003460811
0x0149,102,0.000003460811
0x014c,102,0.000003460811
0x014e,102,0.000003460811
0x014f,102,0.000003460811
0x0151,102,0.000003460811
0x0152,102,0.000003460811
0x0153,102,0.000003460811
0x0154,102,0.000003460811
0x0156,102,0.000003460811
0x0158,102,0.000003460811
0x015b,102,0.000003460811
0x015d,102,0.000003460811
0x015f,102,0.000003460811
0x0161,102,0.000003460811
0x0164,102,0.000003460811
0x0166,102,0.000003460811
0x0167,102,0.000003460811
0x0168,102,0.000003460811
0x016a,102,0.000003460811
0x016b,102,0.000003460811
0x016d,102,0.000003460811
0x016f,102,0.000003460811
0x0172,102,0.000003460811
0x0173,5976,0.000202762834
0x0174,5976,0.000202762834
0x0176,5976,0.000202762834
0x0178,5976,0.000202762834
0x017a,5976,0.000202762834
0x017b,4511,0.000153056081
0x017d,4511,0.000153056081
0x017e,4465,0.000151495323
0x0180,4465,0.000151495323
0x0182,4465,0.000151495323
0x0183,1569,0.000053235423
0x0185,1569,0.000053235423
0x0186,1523,0.000051674665
0x0188,1523,0.000051674665
0x018a,1523,0.000051674665
0x018b,48,0.000001628617
0x018d,48,0.000001628617
0x018e,48,0.000001628617
0x018f,48,0.000001628617
0x0191,48,0.000001628617
0x0192,4,0.000000135718
0x0194,4,0.000000135718
0x0196,1337,0.000045363773
0x0197,1337,0.000045363773
0x0199,1337,0.000045363773
0x019b,1337,0.000045363773
0x019c,1091,0.000037017110
0x019d,1091,0.000037017110
0x019e,1091,0.000037017110
0x01a0,1091,0.000037017110
0x01a1,1091,0.000037017110
0x01a2,1091,0.000037017110
0x01a3,1091,0.000037017110
0x01a5,1091,0.000037017110
0x01a6,1091,0.000037017110
0x01a7,1091,0.000037017110
0x01a8,1091,0.000037017110
0x01ab,1091,0.000037017110
0x01ae,1091,0.000037017110
0x01af,1091,0.000037017110
0x01b0,1091,0.000037017110
0x01b1,1091,0.000037017110
0x01b2,1091,0.000037017110
0x01b3,1091,0.000037017110
0x01b4,1091,0.000037017110
0x01b5,1091,0.000037017110
0x01b6,1091,0.000037017110
0x01b7,1091,0.000037017110
0x01b8,1091,0.000037017110
0x01b9,1091,0.000037017110
0x01ba,1091,0.000037017110
0x01bb,1091,0.000037017110
0x01bd,1091,0.000037017110
0x01be,1091,0.000037017110
0x01c1,13625,0.000462289760
0x01c4,13625,0.000462289760
0x01c5,13625,0.000462289760
0x01c8,1091,0.000037017110
0x01c9,1091,0.000037017110
0x01ca,1091,0.000037017110
0x01d0,3321,0.000112679948
0x01d1,3321,0.000112679948
0x01d2,3321,0.000112679948
0x01d3,3321,0.000112679948
0x01d4,3321,0.000112679948
0x01d6,3321,0.000112679948
0x01d7,3321,0.000112679948
0x01d9,3321,0.000112679948
0x01dc,3321,0.000112679948
0x01dd,3321,0.000112679948
0x01e0,2010,0.000068198343
0x01e1,5,0.000000169648
0x01e4,607,0.000020595221
0x01e7,607,0.000020595221
0x01e9,607,0.000020595221
0x01ed,86346,0.002929678653
0x01ee,86346,0.002929678653
0x01ef,86346,0.002929678653
0x01f0,86346,0.002929678653
0x01f3,86346,0.002929678653
0x01f4,86346,0.002929678653
0x01f7,3321,0.000112679948
0x0200,24902,0.000844912999
0x0201,24902,0.000844912999
0x0202,84,0.000002850080
0x0203,84,0.000002850080
0x0204,84,0.000002850080
0x0205,84,0.000002850080
0x0206,1091,0.000037017110
0x0207,1091,0.000037017110
0x0208,1091,0.000037017110
0x0209,1091,0.000037017110
0x020a,1091,0.000037017110
0x020b,1091,0.000037017110
0x020c,1091,0.000037017110
0x020d,1091,0.000037017110
0x020e,1091,0.000037017110
0x0210,9945,0.000337429113
0x0211,9945,0.000337429113
0x0213,9945,0.000337429113
0x0214,9945,0.000337429113
0x0215,1566,0.000053133634
0x0216,1566,0.000053133634
0x0217,167696,0.005689845406
0x0218,167696,0.005689845406
0x021a,167696,0.005689845406
0x021b,167696,0.005689845406
0x021c,26804,0.000909446953
0x021d,26804,0.000909446953
0x0220,63,0.000002137560
0x0221,63,0.000002137560
0x0222,63,0.000002137560
0x0223,63,0.000002137560
0x0224,63,0.000002137560
0x0225,63,0.000002137560
0x0226,63,0.000002137560
0x0227,63,0.000002137560
0x0228,63,0.000002137560
0x0229,63,0.000002137560
0x022a,63,0.000002137560
0x022b,63,0.000002137560
0x022c,63,0.000002137560
0x022e,63,0.000002137560
0x022f,63,0.000002137560
0x0230,63,0.000002137560
0x0231,63,0.000002137560
0x0232,63,0.000002137560
0x0258,36905,0.001252169072
0x0259,36905,0.001252169072
0x025a,36905,0.001252169072
0x025b,148,0.000005021570
0x025c,148,0.000005021570
0x025d,148,0.000005021570
0x025e,148,0.000005021570
0x025f,148,0.000005021570
0x0260,28835,0.000978357816
0x0263,28835,0.000978357816
0x0264,27657,0.000938388837
0x0267,27657,0.000938388837
0x0270,38883,0.001319281670
0x0271,38883,0.001319281670
0x0272,38883,0.001319281670
0x0273,38883,0.001319281670
0x0274,38883,0.001319281670
0x0275,38883,0.001319281670
0x0276,38883,0.001319281670
0x0277,27657,0.000938388837
0x0278,27657,0.000938388837
0x0279,27657,0.000938388837
0x027a,27657,0.000938388837
0x027b,27657,0.000938388837
0x027c,27657,0.000938388837
0x027d,27657,0.000938388837
0x0288,95,0.000003223305
0x028b,95,0.000003223305
0x028e,95,0.000003223305
0x0290,95,0.000003223305
0x0293,95,0.000003223305
0x0295,95,0.000003223305
0x0298,95,0.000003223305
0x029a,95,0.000003223305
0x029d,86,0.000002917939
0x02a0,86,0.000002917939
0x02a2,86,0.000002917939
0x02a5,86,0.000002917939
0x02a7,95,0.000003223305
0x02aa,95,0.000003223305
0x02ab,95,0.000003223305
0x02ac,95,0.000003223305
0x02ad,1,0.000000033930
0x02b0,1,0.000000033930
0x02b3,1,0.000000033930
0x02b6,1,0.000000033930
0x02b9,1,0.000000033930
0x02bc,1,0.000000033930
0x02be,1,0.000000033930
0x02c0,1,0.000000033930
0x02c3,1,0.000000033930
0x02c5,1,0.000000033930
0x02c7,1,0.000000033930
0x02cb,1,0.000000033930
0x02cd,1,0.000000033930
0x02cf,1,0.000000033930
0x02d2,1,0.000000033930
0x02d4,1,0.000000033930
0x02d7,1,0.000000033930
0x02d8,1,0.000000033930
0x02db,1,0.000000033930
0x02dd,1,0.000000033930
0x02e3,1,0.000000033930
0x02e5,1,0.000000033930
0x02e6,1,0.000000033930
0x02e7,1,0.000000033930
0x02e8,1,0.000000033930
0x02ea,1,0.000000033930
0x02ed,1,0.000000033930
0x02f0,1,0.000000033930
0x02f3,1,0.000000033930
0x02f6,1,0.000000033930
0x02f9,1,0.000000033930
0x02fc,1,0.000000033930
0x02fe,1,0.000000033930
0x0300,1,0.000000033930
0x0303,1,0.000000033930
0x0306,1,0.000000033930
0x0308,1,0.000000033930
0x030b,1,0.000000033930
0x030d,1,0.000000033930
0x0310,1,0.000000033930
0x0314,64,0.000002171490
0x0315,64,0.000002171490
0x0316,64,0.000002171490
0x0317,64,0.000002171490
0x0318,64,0.000002171490
0x0319,64,0.000002171490
0x031a,64,0.000002171490
0x031b,64,0.000002171490
0x031c,64,0.000002171490
0x031d,64,0.000002171490
0x031e,64,0.000002171490
0x0320,2,0.000000067859
0x0321,2,0.000000067859
0x0322,2,0.000000067859
0x0323,2,0.000000067859
0x0324,2,0.000000067859
0x0325,2,0.000000067859
0x0326,2,0.000000067859
0x0327,2,0.000000067859
0x0328,2,0.000000067859
0x0329,2,0.000000067859
0x032a,2,0.000000067859
0x032e,1,0.000000033930
0x0331,8,0.000000271436
0x0333,8,0.000000271436
0x0334,8,0.000000271436
0x0335,8,0.000000271436
0x0337,8,0.000000271436
0x033a,1,0.000000033930
0x033c,1,0.000000033930
0x033f,1,0.000000033930
0x0341,1,0.000000033930
0x0344,1,0.000000033930
0x0346,1,0.000000033930
0x0349,1,0.000000033930
0x034b,1,0.000000033930
0x034e,1,0.000000033930
0x0350,1,0.000000033930
0x0353,1,0.000000033930
0x0355,1,0.000000033930
0x0357,1,0.000000033930
0x0358,1,0.000000033930
0x035b,1,0.000000033930
0x035c,1,0.000000033930
0x035e,1,0.000000033930
0x035f,1,0.000000033930
0x0361,1,0.000000033930
0x0364,1,0.000000033930
0x0366,1,0.000000033930
0x0367,7,0.000000237507
0x0369,7,0.000000237507
0x036a,7,0.000000237507
0x036c,7,0.000000237507
0x036f,7,0.000000237507
0x0370,7,0.000000237507
0x0371,7,0.000000237507
0x0373,7,0.000000237507
0x0376,7,0.000000237507
0x0377,8258,0.000280190007
0x037a,8258,0.000280190007
0x037b,8258,0.000280190007
0x037c,8258,0.000280190007
0x037d,8258,0.000280190007
0x0380,123,0.000004173331
0x0383,123,0.000004173331
0x0386,123,0.000004173331
0x0389,44772,0.001519092635
0x038a,44772,0.001519092635
0x038b,44772,0.001519092635
0x038c,44772,0.001519092635
0x038d,44772,0.001519092635
0x038e,44772,0.001519092635
0x038f,44772,0.001519092635
0x0390,44772,0.001519092635
0x0393,3198,0.000108506617
0x0394,3198,0.000108506617
0x0395,3198,0.000108506617
0x0396,3198,0.000108506617
0x0397,3198,0.000108506617
0x0398,3198,0.000108506617
0x0399,3198,0.000108506617
0x039a,3198,0.000108506617
0x039d,123,0.000004173331
0x03a0,238,0.000008075227
0x03a3,238,0.000008075227
0x03a6,99008,0.003359294282
0x03a7,99008,0.003359294282
0x03a8,99008,0.003359294282
0x03a9,99008,0.003359294282
0x03aa,99008,0.003359294282
0x03ab,99008,0.003359294282
0x03ac,99008,0.003359294282
0x03af,238,0.000008075227
0x03b0,5979,0.000202864622
0x03b3,5979,0.000202864622
0x03b6,5979,0.000202864622
0x03b9,4071,0.000138127091
0x03bc,4071,0.000138127091
0x03bf,4069,0.000138059232
0x03c2,4069,0.000138059232
0x03c5,4069,0.000138059232
0x03c8,2480,0.000084145219
0x03cb,2480,0.000084145219
0x03ce,5976,0.000202762834
0x03d1,5976,0.000202762834
0x03d4,5976,0.000202762834
0x03d5,5976,0.000202762834
0x03d7,5976,0.000202762834
0x03d8,5976,0.000202762834
0x03d9,5976,0.000202762834
0x03e2,1,0.000000033930
0x03e5,1,0.000000033930
0x03e8,1,0.000000033930
0x03eb,2,0.000000067859
0x03ee,2,0.000000067859
0x03f1,3,0.000000101789
0x03f4,3,0.000000101789
0x03f5,3,0.000000101789
0x03f7,3,0.000000101789
0x03f8,3,0.000000101789
0x03fa,3,0.000000101789
0x03fb,3,0.000000101789
0x03fc,3,0.000000101789
0x03fd,3,0.000000101789
0x0400,14253,0.000483597501
0x0403,14253,0.000483597501
0x0406,14253,0.000483597501
0x0407,14253,0.000483597501
0x0408,14253,0.000483597501
0x0409,14253,0.000483597501
0x040a,14253,0.000483597501
0x040b,14253,0.000483597501
0x040c,14253,0.000483597501
0x040d,14253,0.000483597501
0x041e,34,0.000001153604
0x0421,34,0.000001153604
0x0423,34,0.000001153604
0x0424,34,0.000001153604
0x0427,34,0.000001153604
0x0429,34,0.000001153604
0x042a,34,0.000001153604
0x042d,34,0.000001153604
0x0430,8,0.000000271436
0x0433,8,0.000000271436
0x0435,8,0.000000271436
0x0436,8,0.000000271436
0x0438,8,0.000000271436
0x043a,8,0.000000271436
0x043b,8,0.000000271436
0x043d,8,0.000000271436
0x043f,8,0.000000271436
0x0440,5,0.000000169648
0x0441,5,0.000000169648
0x0442,5,0.000000169648
0x0443,5,0.000000169648
0x0445,5,0.000000169648
0x0446,5,0.000000169648
0x0447,5,0.000000169648
0x0448,5,0.000000169648
0x0449,5,0.000000169648
0x044c,2,0.000000067859
0x044e,2,0.000000067859
0x044f,2,0.000000067859
0x0450,2,0.000000067859
0x0451,2,0.000000067859
0x0453,2,0.000000067859
0x0455,2,0.000000067859
0x0458,2,0.000000067859
0x045b,2,0.000000067859
0x0460,6,0.000000203577
0x0463,6,0.000000203577
0x0466,624,0.000021172023
0x0467,624,0.000021172023
0x0468,624,0.000021172023
0x0469,624,0.000021172023
0x046a,624,0.000021172023
0x046b,624,0.000021172023
0x046c,624,0.000021172023
0x046e,624,0.000021172023
0x0471,156,0.000005293006
0x0472,156,0.000005293006
0x0474,156,0.000005293006
0x0476,156,0.000005293006
0x0477,156,0.000005293006
0x047a,24,0.000000814309
0x047b,24,0.000000814309
0x047c,24,0.000000814309
0x047e,24,0.000000814309
0x0481,6,0.000000203577
0x0484,336,0.000011400320
0x0485,336,0.000011400320
0x0486,336,0.000011400320
0x0487,336,0.000011400320
0x0488,336,0.000011400320
0x0489,336,0.000011400320
0x048a,336,0.000011400320
0x048c,336,0.000011400320
0x048f,6,0.000000203577
0x0492,384,0.000013028937
0x0493,384,0.000013028937
0x0494,384,0.000013028937
0x0495,384,0.000013028937
0x0496,384,0.000013028937
0x0497,384,0.000013028937
0x0498,384,0.000013028937
0x049a,384,0.000013028937
0x049d,6,0.000000203577
0x04a0,3,0.000000101789
0x04a2,3,0.000000101789
0x04a4,3,0.000000101789
0x04a7,3,0.000000101789
0x04aa,3,0.000000101789
0x04ac,1249,0.000042377975
0x04af,1249,0.000042377975
0x04b0,1249,0.000042377975
0x04b1,1249,0.000042377975
0x04b2,1249,0.000042377975
0x04b4,1249,0.000042377975
0x04b5,1249,0.000042377975
0x04b6,1238,0.000042004750
0x04b8,1238,0.000042004750
0x04ba,1238,0.000042004750
0x04bd,1230,0.000041733314
0x04bf,1230,0.000041733314
0x04c1,1230,0.000041733314
0x04c2,1230,0.000041733314
0x04c4,1230,0.000041733314
0x04c6,1230,0.000041733314
0x04c9,619,0.000021002375
0x04cc,619,0.000021002375
0x04cd,619,0.000021002375
0x04d0,619,0.000021002375
0x04d1,619,0.000021002375
0x04d2,619,0.000021002375
0x04d4,619,0.000021002375
0x04d7,619,0.000021002375
0x04da,189,0.000006412680
0x04dc,189,0.000006412680
0x04df,619,0.000021002375
0x04e1,619,0.000021002375
0x04e4,619,0.000021002375
0x04e6,611,0.000020730939
0x04e9,611,0.000020730939
0x04ea,611,0.000020730939
0x04eb,611,0.000020730939
0x04ee,611,0.000020730939
0x04f1,189,0.000006412680
0x04f4,611,0.000020730939
0x04f6,611,0.000020730939
0x04f9,611,0.000020730939
0x04fb,3666,0.000124385634
0x04fd,3666,0.000124385634
0x04fe,3666,0.000124385634
0x0501,3666,0.000124385634
0x0502,3666,0.000124385634
0x0505,611,0.000020730939
0x0506,26,0.000000882168
0x0509,26,0.000000882168
0x050b,26,0.000000882168
0x050e,26,0.000000882168
0x0511,26,0.000000882168
0x0514,26,0.000000882168
0x0515,26,0.000000882168
0x0518,26,0.000000882168
0x051b,26,0.000000882168
0x051d,26,0.000000882168
0x0520,26,0.000000882168
0x0523,26,0.000000882168
0x0526,26,0.000000882168
0x0529,26,0.000000882168
0x052c,26,0.000000882168
0x052f,26,0.000000882168
0x0532,26,0.000000882168
0x0535,26,0.000000882168
0x0537,26,0.000000882168
0x053a,26,0.000000882168
0x053d,26,0.000000882168
0x0540,26,0.000000882168
0x0543,26,0.000000882168
0x0547,26,0.000000882168
0x054a,26,0.000000882168
0x054d,26,0.000000882168
0x054f,26,0.000000882168
0x0552,26,0.000000882168
0x0555,26,0.000000882168
0x0557,26,0.000000882168
0x055a,26,0.000000882168
0x0580,28,0.000000950027
0x0583,28,0.000000950027
0x0586,28,0.000000950027
0x0588,28,0.000000950027
0x0589,28,0.000000950027
0x058a,28,0.000000950027
0x058b,28,0.000000950027
0x058d,28,0.000000950027
0x0590,28,0.000000950027
0x0592,28,0.000000950027
0x0595,28,0.000000950027
0x05d8,242,0.000008210945
0x05d9,7956,0.000269943291
0x05da,7956,0.000269943291
0x05db,7956,0.000269943291
0x05dc,7956,0.000269943291
0x05df,242,0.000008210945
0x05e0,1744,0.000059173089
0x05e1,1744,0.000059173089
0x05e2,1744,0.000059173089
0x05e3,1744,0.000059173089
0x05e4,1744,0.000059173089
0x05e5,1744,0.000059173089
0x05e8,64,0.000002171490
0x05ec,26,0.000000882168
0x05ef,26,0.000000882168
0x05f2,26,0.000000882168
0x05f4,26,0.000000882168
0x05f5,26,0.000000882168
0x05f6,26,0.000000882168
0x05f7,26,0.000000882168
0x05f8,26,0.000000882168
0x05f9,26,0.000000882168
0x05fa,152,0.000005157288
0x05fd,152,0.000005157288
0x0600,152,0.000005157288
0x0601,152,0.000005157288
0x0602,152,0.000005157288
0x0603,2256,0.000076545005
0x0604,2256,0.000076545005
0x0605,2256,0.000076545005
0x0606,2256,0.000076545005
0x0607,2256,0.000076545005
0x0608,2256,0.000076545005
0x0609,2256,0.000076545005
0x060a,2256,0.000076545005
0x060d,142,0.000004817992
0x0610,26,0.000000882168
0x0613,26,0.000000882168
0x0616,26,0.000000882168
0x0617,26,0.000000882168
0x0619,26,0.000000882168
0x061a,26,0.000000882168
0x061b,26,0.000000882168
0x061c,26,0.000000882168
0x061d,26,0.000000882168
0x061e,26,0.000000882168
0x061f,26,0.000000882168
0x0621,26,0.000000882168
0x0624,26,0.000000882168
0x0627,26,0.000000882168
0x0628,26,0.000000882168
0x0629,26,0.000000882168
0x062a,240,0.000008143086
0x062b,240,0.000008143086
0x062c,240,0.000008143086
0x062d,240,0.000008143086
0x062e,240,0.000008143086
0x062f,240,0.000008143086
0x0630,240,0.000008143086
0x0631,240,0.000008143086
0x0632,240,0.000008143086
0x0633,240,0.000008143086
0x0634,240,0.000008143086
0x0635,240,0.000008143086
0x0638,16,0.000000542872
0x0650,26,0.000000882168
0x0653,26,0.000000882168
0x0656,26,0.000000882168
0x0658,26,0.000000882168
0x0659,26,0.000000882168
0x065a,26,0.000000882168
0x065b,26,0.000000882168
0x065c,26,0.000000882168
0x065d,26,0.000000882168
0x065e,26,0.000000882168
0x0661,26,0.000000882168
0x0664,26,0.000000882168
0x0665,26,0.000000882168
0x0666,26,0.000000882168
0x0667,240,0.000008143086
0x0668,240,0.000008143086
0x0669,240,0.000008143086
0x066a,240,0.000008143086
0x066b,240,0.000008143086
0x066c,240,0.000008143086
0x066f,16,0.000000542872
0x067a,4200,0.000142504000
0x067d,4200,0.000142504000
0x067e,4200,0.000142504000
0x067f,4200,0.000142504000
0x0682,4200,0.000142504000
0x0684,4200,0.000142504000
0x0685,528,0.000017914789
0x0688,528,0.000017914789
0x068b,528,0.000017914789
0x068c,528,0.000017914789
0x068d,528,0.000017914789
0x068e,528,0.000017914789
0x068f,528,0.000017914789
0x0691,528,0.000017914789
0x0692,528,0.000017914789
0x0693,528,0.000017914789
0x0695,528,0.000017914789
0x0696,528,0.000017914789
0x0697,528,0.000017914789
0x0698,528,0.000017914789
0x0699,13745,0.000466361303
0x069a,13745,0.000466361303
0x069b,13745,0.000466361303
0x069c,13745,0.000466361303
0x069d,13745,0.000466361303
0x069e,13745,0.000466361303
0x069f,13745,0.000466361303
0x06a2,2112,0.000071659154
0x06a3,2112,0.000071659154
0x06a4,2112,0.000071659154
0x06a5,2112,0.000071659154
0x06a8,528,0.000017914789
0x06a9,528,0.000017914789
0x06ac,528,0.000017914789
0x06b0,4067,0.000137991373
0x06b3,4067,0.000137991373
0x06b6,4067,0.000137991373
0x06b7,4067,0.000137991373
0x06b8,4067,0.000137991373
0x06b9,25,0.000000848238
0x06ba,25,0.000000848238
0x06bb,25,0.000000848238
0x06bc,25,0.000000848238
0x06bd,25,0.000000848238
0x06be,25,0.000000848238
0x06bf,25,0.000000848238
0x06c0,25,0.000000848238
0x06c1,25,0.000000848238
0x06c2,25,0.000000848238
0x06c3,25,0.000000848238
0x06c4,25,0.000000848238
0x06c5,25,0.000000848238
0x06c8,25,0.000000848238
0x06ca,25,0.000000848238
0x06cb,25,0.000000848238
0x06cc,25,0.000000848238
0x06cd,25,0.000000848238
0x06cf,25,0.000000848238
0x06d0,25,0.000000848238
0x06d1,25,0.000000848238
0x06d2,25,0.000000848238
0x06d3,25,0.000000848238
0x06d4,25,0.000000848238
0x06d5,25,0.000000848238
0x06d7,25,0.000000848238
0x06d8,25,0.000000848238
0x06da,25,0.000000848238
0x06db,25,0.000000848238
0x06de,25,0.000000848238
0x06df,25,0.000000848238
0x06e1,25,0.000000848238
0x06e2,25,0.000000848238
0x06e3,25,0.000000848238
0x06e4,25,0.000000848238
0x06e7,25,0.000000848238
0x06e8,619,0.000021002375
0x06eb,619,0.000021002375
0x06ed,619,0.000021002375
0x06f0,4067,0.000137991373
0x06f3,4067,0.000137991373
0x06f6,4067,0.000137991373
0x0700,9825,0.000333357570
0x0703,9825,0.000333357570
0x0706,29475,0.001000072711
0x0709,29475,0.001000072711
0x070a,29475,0.001000072711
0x070c,29475,0.001000072711
0x070d,29475,0.001000072711
0x070f,29475,0.001000072711
0x0710,29475,0.001000072711
0x0711,29475,0.001000072711
0x0713,29475,0.001000072711
0x0716,9825,0.000333357570
0x0718,95170,0.003229072770
0x071b,95170,0.003229072770
0x0720,95170,0.003229072770
0x0721,95170,0.003229072770
0x0722,95170,0.003229072770
0x0724,95170,0.003229072770
0x0725,35011,0.001187906554
0x0726,35011,0.001187906554
0x0728,35011,0.001187906554
0x0729,35011,0.001187906554
0x072a,35011,0.001187906554
0x072b,35011,0.001187906554
0x072c,35011,0.001187906554
0x072e,35011,0.001187906554
0x0730,35011,0.001187906554
0x0731,35011,0.001187906554
0x0733,35011,0.001187906554
0x0734,35011,0.001187906554
0x0740,95170,0.003229072770
0x0741,95170,0.003229072770
0x0742,95170,0.003229072770
0x0744,95170,0.003229072770
0x0745,37132,0.001259871074
0x0746,37132,0.001259871074
0x0748,37132,0.001259871074
0x0749,37132,0.001259871074
0x074a,37132,0.001259871074
0x074b,37132,0.001259871074
0x074c,37132,0.001259871074
0x074d,37132,0.001259871074
0x074f,37132,0.001259871074
0x0750,37132,0.001259871074
0x0751,37132,0.001259871074
0x0752,37132,0.001259871074
0x0754,37132,0.001259871074
0x0755,37132,0.001259871074
0x0757,37132,0.001259871074
0x0758,37132,0.001259871074
0x0763,7886,0.000267568224
0x0764,7886,0.000267568224
0x0765,7886,0.000267568224
0x0766,7886,0.000267568224
0x0767,7886,0.000267568224
0x0768,7886,0.000267568224
0x0769,7886,0.000267568224
0x076a,7886,0.000267568224
0x076b,7886,0.000267568224
0x076d,9936,0.000337123747
0x076e,9936,0.000337123747
0x076f,9936,0.000337123747
0x0770,9936,0.000337123747
0x0771,9936,0.000337123747
0x0772,9936,0.000337123747
0x0773,9936,0.000337123747
0x0774,9936,0.000337123747
0x0775,9936,0.000337123747
0x0776,9936,0.000337123747
0x0779,13949,0.000473282926
0x077a,13949,0.000473282926
0x077b,13949,0.000473282926
0x077c,13949,0.000473282926
0x077d,13949,0.000473282926
0x077e,13949,0.000473282926
0x077f,13949,0.000473282926
0x0780,13949,0.000473282926
0x0783,13949,0.000473282926
0x0784,13949,0.000473282926
0x0785,13949,0.000473282926
0x0786,13949,0.000473282926
0x0788,13993,0.000474775825
0x0789,13993,0.000474775825
0x078a,13993,0.000474775825
0x078b,13993,0.000474775825
0x078c,13993,0.000474775825
0x078d,13993,0.000474775825
0x078e,13993,0.000474775825
0x078f,13993,0.000474775825
0x0790,13993,0.000474775825
0x0792,13993,0.000474775825
0x0793,13993,0.000474775825
0x0794,13993,0.000474775825
0x0795,13993,0.000474775825
0x0798,13993,0.000474775825
0x0799,13993,0.000474775825
0x079a,13993,0.000474775825
0x079b,13993,0.000474775825
0x079e,1154,0.000039154670
0x079f,1154,0.000039154670
0x07a0,1154,0.000039154670
0x07a1,1154,0.000039154670
0x07a2,1154,0.000039154670
0x07a3,1154,0.000039154670
0x07a4,1154,0.000039154670
0x07a5,1154,0.000039154670
0x07a6,1154,0.000039154670
0x07a7,1154,0.000039154670
0x07a8,1154,0.000039154670
0x07aa,1159,0.000039324318
0x07ab,1159,0.000039324318
0x07ac,1159,0.000039324318
0x07ad,1159,0.000039324318
0x07ae,1159,0.000039324318
0x07af,1159,0.000039324318
0x07b0,1159,0.000039324318
0x07b1,1159,0.000039324318
0x07b2,1159,0.000039324318
0x07b4,1159,0.000039324318
0x07b5,1159,0.000039324318
0x07b6,1159,0.000039324318
0x07b7,1159,0.000039324318
0x07b8,1159,0.000039324318
0x07b9,1159,0.000039324318
0x07ba,1159,0.000039324318
0x07bb,1159,0.000039324318
0x07be,12022,0.000407900734
0x07bf,12022,0.000407900734
0x07c0,12022,0.000407900734
0x07c1,12022,0.000407900734
0x07c2,12022,0.000407900734
0x07c3,12022,0.000407900734
0x07c4,12022,0.000407900734
0x07c5,12022,0.000407900734
0x07c6,12022,0.000407900734
0x07c7,12022,0.000407900734
0x07ca,12022,0.000407900734
0x07cb,12022,0.000407900734
0x07cc,12022,0.000407900734
0x07cd,12022,0.000407900734
0x07ce,12022,0.000407900734
0x07cf,12022,0.000407900734
0x07d2,12044,0.000408647183
0x07d3,12044,0.000408647183
0x07d4,12044,0.000408647183
0x07d5,12044,0.000408647183
0x07d6,12044,0.000408647183
0x07d7,12044,0.000408647183
0x07d8,12044,0.000408647183
0x07d9,12044,0.000408647183
0x07da,12044,0.000408647183
0x07dc,12069,0.000409495421
0x07dd,12069,0.000409495421
0x07de,12069,0.000409495421
0x07df,12069,0.000409495421
0x07e0,12069,0.000409495421
0x07e1,12069,0.000409495421
0x07e2,12069,0.000409495421
0x07e3,12069,0.000409495421
0x07e4,12069,0.000409495421
0x07e7,12069,0.000409495421
0x07e8,12069,0.000409495421
0x07e9,12069,0.000409495421
0x07ea,12069,0.000409495421
0x07eb,12069,0.000409495421
0x07ec,12069,0.000409495421
0x07ed,12069,0.000409495421
0x07ee,12069,0.000409495421
0x07f0,8,0.000000271436
0x07f3,8,0.000000271436
0x07f6,8,0.000000271436
0x07f9,8,0.000000271436
0x0800,11401,0.000386830500
0x0803,11401,0.000386830500
0x0806,11401,0.000386830500
0x0807,11401,0.000386830500
0x0809,11401,0.000386830500
0x080a,11401,0.000386830500
0x080b,11401,0.000386830500
0x080c,11401,0.000386830500
0x080d,11401,0.000386830500
0x080e,11401,0.000386830500
0x080f,11401,0.000386830500
0x0834,1228,0.000041665455
0x0837,1228,0.000041665455
0x083a,1228,0.000041665455
0x083b,1228,0.000041665455
0x083c,1228,0.000041665455
0x083e,1228,0.000041665455
0x083f,126,0.000004275120
0x0842,126,0.000004275120
0x0845,126,0.000004275120
0x0848,197,0.000006684116
0x084b,197,0.000006684116
0x084c,197,0.000006684116
0x084d,197,0.000006684116
0x084e,7,0.000000237507
0x0850,7,0.000000237507
0x0851,7,0.000000237507
0x0853,7,0.000000237507
0x0855,7,0.000000237507
0x085a,126,0.000004275120
0x085d,126,0.000004275120
0x085f,126,0.000004275120
0x0860,102,0.000003460811
0x0862,102,0.000003460811
0x0864,102,0.000003460811
0x0865,78,0.000002646503
0x0867,78,0.000002646503
0x0869,78,0.000002646503
0x086a,54,0.000001832194
0x086c,54,0.000001832194
0x086e,54,0.000001832194
0x086f,30,0.000001017886
0x0871,30,0.000001017886
0x0876,9825,0.000333357570
0x0879,9825,0.000333357570
0x087c,9825,0.000333357570
0x087f,9825,0.000333357570
0x0882,9825,0.000333357570
0x0885,9825,0.000333357570
0x0886,9825,0.000333357570
0x0889,9825,0.000333357570
0x088b,54035,0.001833381813
0x088c,54035,0.001833381813
0x088d,54035,0.001833381813
0x088e,54035,0.001833381813
0x088f,54035,0.001833381813
0x0890,54035,0.001833381813
0x0891,54035,0.001833381813
0x0892,54035,0.001833381813
0x0893,54035,0.001833381813
0x0894,54035,0.001833381813
0x0897,14737,0.000500019391
0x08a0,9825,0.000333357570
0x08a3,9825,0.000333357570
0x08a6,9825,0.000333357570
0x08a9,9825,0.000333357570
0x08ac,9825,0.000333357570
0x08ae,9825,0.000333357570
0x08b0,9825,0.000333357570
0x08b1,1086,0.000036847463
0x08b4,1086,0.000036847463
0x08b7,1086,0.000036847463
0x08c4,9825,0.000333357570
0x08c7,9825,0.000333357570
0x08c8,9825,0.000333357570
0x08ca,9825,0.000333357570
0x08cd,9701,0.000329150309
0x08cf,9701,0.000329150309
0x08d0,9701,0.000329150309
0x08d1,9701,0.000329150309
0x08d4,9420,0.000319616113
0x08d6,9420,0.000319616113
0x08d9,9420,0.000319616113
0x08dc,2,0.000000067859
0x08de,2,0.000000067859
0x08e0,2,0.000000067859
0x08e2,2,0.000000067859
0x08e3,2,0.000000067859
0x08e5,2,0.000000067859
0x08e6,2,0.000000067859
0x08e8,2,0.000000067859
0x08ea,283,0.000009602055
0x08eb,9701,0.000329150309
0x08ed,9701,0.000329150309
0x08f0,9701,0.000329150309
0x08f3,9701,0.000329150309
0x0900,9701,0.000329150309
0x0903,9701,0.000329150309
0x0904,9701,0.000329150309
0x0906,9701,0.000329150309
0x0907,6905,0.000234283361
0x0909,6905,0.000234283361
0x090c,4042,0.000137143135
0x090d,4042,0.000137143135
0x090f,4042,0.000137143135
0x0910,3319,0.000112612089
0x0911,3319,0.000112612089
0x0913,3319,0.000112612089
0x0916,3319,0.000112612089
0x0917,2863,0.000097140226
0x0918,2863,0.000097140226
0x091a,2863,0.000097140226
0x091b,2863,0.000097140226
0x091c,2863,0.000097140226
0x091e,2863,0.000097140226
0x0921,2863,0.000097140226
0x0926,9989,0.000338922012
0x0927,9989,0.000338922012
0x0929,9989,0.000338922012
0x092a,9989,0.000338922012
0x092b,9989,0.000338922012
0x092c,9989,0.000338922012
0x092d,9989,0.000338922012
0x092e,9989,0.000338922012
0x0930,10911,0.000370205033
0x0931,10911,0.000370205033
0x0933,10911,0.000370205033
0x0936,5625,0.000190853571
0x0937,5625,0.000190853571
0x0939,5625,0.000190853571
0x093c,5625,0.000190853571
0x093d,288,0.000009771703
0x093e,288,0.000009771703
0x0940,288,0.000009771703
0x0941,288,0.000009771703
0x0942,288,0.000009771703
0x0944,288,0.000009771703
0x0945,288,0.000009771703
0x0946,288,0.000009771703
0x0947,288,0.000009771703
0x094a,288,0.000009771703
0x094c,288,0.000009771703
0x094d,288,0.000009771703
0x094e,288,0.000009771703
0x0951,288,0.000009771703
0x0953,288,0.000009771703
0x0954,288,0.000009771703
0x0955,288,0.000009771703
0x0956,288,0.000009771703
0x0959,288,0.000009771703
0x095c,288,0.000009771703
0x095e,288,0.000009771703
0x0961,288,0.000009771703
0x0964,5286,0.000179351462
0x0965,5286,0.000179351462
0x0966,5286,0.000179351462
0x0967,5286,0.000179351462
0x0968,5286,0.000179351462
0x096a,5286,0.000179351462
0x096b,5286,0.000179351462
0x096d,5286,0.000179351462
0x096e,217,0.000007362707
0x096f,217,0.000007362707
0x0970,217,0.000007362707
0x0971,217,0.000007362707
0x0972,217,0.000007362707
0x0974,217,0.000007362707
0x0975,217,0.000007362707
0x097a,9825,0.000333357570
0x097d,9825,0.000333357570
0x097e,9825,0.000333357570
0x0980,9825,0.000333357570
0x0981,9825,0.000333357570
0x0984,9825,0.000333357570
0x0985,9825,0.000333357570
0x0986,9825,0.000333357570
0x0987,9825,0.000333357570
0x0988,9825,0.000333357570
0x098b,9825,0.000333357570
0x098c,9825,0.000333357570
0x098d,9825,0.000333357570
0x098e,9825,0.000333357570
0x0991,9825,0.000333357570
0x09a0,9851,0.000334239738
0x09a3,9851,0.000334239738
0x09a6,29553,0.001002719214
0x09a9,29553,0.001002719214
0x09aa,29553,0.001002719214
0x09ab,29553,0.001002719214
0x09ac,29553,0.001002719214
0x09ad,29553,0.001002719214
0x09ae,29553,0.001002719214
0x09af,29553,0.001002719214
0x09b0,29553,0.001002719214
0x09b2,29553,0.001002719214
0x09b5,9851,0.000334239738
0x09ba,71821,0.002436852321
0x09bd,71821,0.002436852321
0x09be,71821,0.002436852321
0x09c0,71821,0.002436852321
0x09c1,71821,0.002436852321
0x09c2,71821,0.002436852321
0x09c3,71821,0.002436852321
0x09c4,71821,0.002436852321
0x09c5,71820,0.002436818392
0x09c6,71820,0.002436818392
0x09c7,71820,0.002436818392
0x09c8,71820,0.002436818392
0x09c9,71820,0.002436818392
0x09ca,71820,0.002436818392
0x09cc,71820,0.002436818392
0x09cd,71820,0.002436818392
0x09ce,71820,0.002436818392
0x09cf,71820,0.002436818392
0x09d0,71820,0.002436818392
0x09d1,71820,0.002436818392
0x0a50,2057,0.000069793030
0x0a53,2057,0.000069793030
0x0a56,41140,0.001395860605
0x0a57,41140,0.001395860605
0x0a5a,41140,0.001395860605
0x0a5b,41140,0.001395860605
0x0a5c,41140,0.001395860605
0x0a5e,41140,0.001395860605
0x0a5f,41140,0.001395860605
0x0a61,41140,0.001395860605
0x0a62,41140,0.001395860605
0x0a63,41140,0.001395860605
0x0a64,41140,0.001395860605
0x0a67,2057,0.000069793030
0x0a6c,1954,0.000066298289
0x0a6f,1954,0.000066298289
0x0a72,39080,0.001325965786
0x0a73,39080,0.001325965786
0x0a74,39080,0.001325965786
0x0a75,39080,0.001325965786
0x0a77,39080,0.001325965786
0x0a7a,17711,0.000600925794
0x0a7b,17711,0.000600925794
0x0a7c,17711,0.000600925794
0x0a7d,17711,0.000600925794
0x0a7e,17711,0.000600925794
0x0a7f,17711,0.000600925794
0x0a80,17711,0.000600925794
0x0a81,17711,0.000600925794
0x0a82,17711,0.000600925794
0x0a83,17711,0.000600925794
0x0a84,17711,0.000600925794
0x0a85,17711,0.000600925794
0x0a86,17711,0.000600925794
0x0a87,17711,0.000600925794
0x0a8a,39080,0.001325965786
0x0a8b,39080,0.001325965786
0x0a8c,39080,0.001325965786
0x0a8d,39080,0.001325965786
0x0a8f,39080,0.001325965786
0x0a90,39080,0.001325965786
0x0a91,39080,0.001325965786
0x0a93,39080,0.001325965786
0x0a94,39080,0.001325965786
0x0a96,39080,0.001325965786
0x0a99,1954,0.000066298289
0x0aa0,124,0.000004207261
0x0aa2,124,0.000004207261
0x0aa3,124,0.000004207261
0x0aa4,124,0.000004207261
0x0aa5,124,0.000004207261
0x0aa8,124,0.000004207261
0x0aa9,124,0.000004207261
0x0aac,124,0.000004207261
0x0aae,124,0.000004207261
0x0aaf,124,0.000004207261
0x0ab0,124,0.000004207261
0x0ab3,124,0.000004207261
0x0ab5,124,0.000004207261
0x0ab8,122,0.000004139402
0x0abb,122,0.000004139402
0x0abd,122,0.000004139402
0x0abe,122,0.000004139402
0x0abf,122,0.000004139402
0x0ac0,122,0.000004139402
0x0ac1,122,0.000004139402
0x0ad6,2600,0.000088216762
0x0ad7,2600,0.000088216762
0x0ad8,10400,0.000352867046
0x0ad9,10400,0.000352867046
0x0ada,10400,0.000352867046
0x0adb,10400,0.000352867046
0x0adc,10400,0.000352867046
0x0add,10400,0.000352867046
0x0ae0,2600,0.000088216762
0x0ae1,2600,0.000088216762
0x0ae2,2600,0.000088216762
0x0ae5,2600,0.000088216762
0x0ae6,2600,0.000088216762
0x0ae9,1016,0.000034472396
0x0aea,960,0.000032572343
0x0aed,960,0.000032572343
0x0aee,960,0.000032572343
0x0af0,960,0.000032572343
0x0af1,960,0.000032572343
0x0af4,960,0.000032572343
0x0af6,960,0.000032572343
0x0af7,960,0.000032572343
0x0af8,960,0.000032572343
0x0af9,960,0.000032572343
0x0afc,960,0.000032572343
0x0afd,960,0.000032572343
0x0afe,960,0.000032572343
0x0b00,960,0.000032572343
0x0b01,960,0.000032572343
0x0b02,960,0.000032572343
0x0b05,950,0.000032233048
0x0b07,950,0.000032233048
0x0b0a,640,0.000021714895
0x0b0d,630,0.000021375600
0x0b15,10,0.000000339295
0x0b16,10,0.000000339295
0x0b18,10,0.000000339295
0x0b19,10,0.000000339295
0x0b1a,10,0.000000339295
0x0b1c,10,0.000000339295
0x0b1d,10,0.000000339295
0x0b1e,10,0.000000339295
0x0b1f,10,0.000000339295
0x0b20,6,0.000000203577
0x0b21,6,0.000000203577
0x0b22,6,0.000000203577
0x0b25,6,0.000000203577
0x0b26,6,0.000000203577
0x0b27,6,0.000000203577
0x0b28,6,0.000000203577
0x0b29,4,0.000000135718
0x0b2b,4,0.000000135718
0x0b2d,4,0.000000135718
0x0b48,2,0.000000067859
0x0b4b,2,0.000000067859
0x0b4e,2,0.000000067859
0x0b50,2,0.000000067859
0x0b51,2,0.000000067859
0x0b53,2,0.000000067859
0x0b54,2,0.000000067859
0x0b55,2,0.000000067859
0x0b57,2,0.000000067859
0x0b59,2,0.000000067859
0x0b5a,2,0.000000067859
0x0b60,609,0.000020663080
0x0b63,609,0.000020663080
0x0b64,609,0.000020663080
0x0b65,609,0.000020663080
0x0b67,609,0.000020663080
0x0b6a,605,0.000020527362
0x0b6d,605,0.000020527362
0x0b6f,605,0.000020527362
0x0b71,605,0.000020527362
0x0b74,3,0.000000101789
0x0b77,3,0.000000101789
0x0b79,3,0.000000101789
0x0b7b,3,0.000000101789
0x0b7c,3,0.000000101789
0x0b7d,3,0.000000101789
0x0b7e,3,0.000000101789
0x0b7f,2,0.000000067859
0x0b80,2,0.000000067859
0x0b82,2,0.000000067859
0x0b83,2,0.000000067859
0x0b84,2,0.000000067859
0x0b85,2,0.000000067859
0x0b87,2,0.000000067859
0x0b88,2,0.000000067859
0x0b89,2,0.000000067859
0x0b8a,2,0.000000067859
0x0b8b,2,0.000000067859
0x0b8c,1,0.000000033930
0x0b8e,1,0.000000033930
0x0b91,1,0.000000033930
0x0b94,1,0.000000033930
0x0b95,602,0.000020425573
0x0b98,602,0.000020425573
0x0b9b,602,0.000020425573
0x0ba0,310,0.000010518152
0x0ba3,310,0.000010518152
0x0ba4,310,0.000010518152
0x0ba6,310,0.000010518152
0x0ba8,310,0.000010518152
0x0ba9,155,0.000005259076
0x0bab,155,0.000005259076
0x0bac,124,0.000004207261
0x0bad,124,0.000004207261
0x0bae,124,0.000004207261
0x0baf,124,0.000004207261
0x0bb2,124,0.000004207261
0x0bba,630,0.000021375600
0x0bbb,630,0.000021375600
0x0bbc,630,0.000021375600
0x0bbf,320,0.000010857448
0x0bc0,320,0.000010857448
0x0bc1,320,0.000010857448
0x0bc4,160,0.000005428724
0x0bca,2,0.000000067859
0x0bcd,2,0.000000067859
0x0bd0,2,0.000000067859
0x0bd2,2,0.000000067859
0x0bd3,2,0.000000067859
0x0bd4,2,0.000000067859
0x0bd6,2,0.000000067859
0x0bd9,2,0.000000067859
0x0bdc,2,0.000000067859
0x0bdf,2,0.000000067859
0x0be2,2,0.000000067859
0x0be5,2,0.000000067859
0x0be8,2,0.000000067859
0x0beb,2,0.000000067859
0x0bee,2,0.000000067859
0x0bf1,2,0.000000067859
0x0c00,9,0.000000305366
0x0c01,9,0.000000305366
0x0c02,9,0.000000305366
0x0c04,9,0.000000305366
0x0c05,9,0.000000305366
0x0c07,9,0.000000305366
0x0c08,9,0.000000305366
0x0c09,9,0.000000305366
0x0c0a,9,0.000000305366
0x0c0b,9,0.000000305366
0x0c0c,9,0.000000305366
0x0c0f,9,0.000000305366
0x0c10,9,0.000000305366
0x0c11,9,0.000000305366
0x0c13,9,0.000000305366
0x0c16,6,0.000000203577
0x0c18,6,0.000000203577
0x0c1b,1,0.000000033930
0x0c1e,1,0.000000033930
0x0c20,1,0.000000033930
0x0c23,1,0.000000033930
0x0c40,4912,0.000166661820
0x0c43,4912,0.000166661820
0x0c45,4912,0.000166661820
0x0c48,4912,0.000166661820
0x0c4b,4912,0.000166661820
0x0c4e,4911,0.000166627891
0x0c51,4911,0.000166627891
0x0c56,4912,0.000166661820
0x0c59,24560,0.000833309102
0x0c5a,24560,0.000833309102
0x0c5d,24560,0.000833309102
0x0c5e,24560,0.000833309102
0x0c5f,24560,0.000833309102
0x0c61,24560,0.000833309102
0x0c62,24560,0.000833309102
0x0c64,24560,0.000833309102
0x0c67,4912,0.000166661820
0x0c6b,4912,0.000166661820
0x0c6e,4912,0.000166661820
0x0c71,24557,0.000833207313
0x0c74,24556,0.000833173384
0x0c75,24556,0.000833173384
0x0c76,24556,0.000833173384
0x0c77,24556,0.000833173384
0x0c78,24556,0.000833173384
0x0c79,24556,0.000833173384
0x0c7a,24556,0.000833173384
0x0c7b,24556,0.000833173384
0x0c7d,24556,0.000833173384
0x0c80,4911,0.000166627891
0x0c84,24560,0.000833309102
0x0c85,24560,0.000833309102
0x0c87,24560,0.000833309102
0x0c88,2702,0.000091677573
0x0c89,2702,0.000091677573
0x0c8a,2702,0.000091677573
0x0c8b,2702,0.000091677573
0x0c8c,2702,0.000091677573
0x0c8e,2702,0.000091677573
0x0c8f,2702,0.000091677573
0x0c90,2702,0.000091677573
0x0c91,2702,0.000091677573
0x0c92,2702,0.000091677573
0x0c94,2702,0.000091677573
0x0c95,2702,0.000091677573
0x0c97,2702,0.000091677573
0x0c9a,2643,0.000089675731
0x0c9b,2643,0.000089675731
0x0c9e,2643,0.000089675731
0x0c9f,2643,0.000089675731
0x0ca0,2643,0.000089675731
0x0ca2,2643,0.000089675731
0x0ca3,2643,0.000089675731
0x0ca4,2643,0.000089675731
0x0ca5,2643,0.000089675731
0x0ca6,2643,0.000089675731
0x0ca7,2643,0.000089675731
0x0ca8,2643,0.000089675731
0x0ca9,2643,0.000089675731
0x0caa,2643,0.000089675731
0x0cac,2643,0.000089675731
0x0caf,2637,0.000089472154
0x0cb4,2643,0.000089675731
0x0cb6,2643,0.000089675731
0x0cb7,494,0.000016761185
0x0cb9,494,0.000016761185
0x0cba,256,0.000008685958
0x0cbd,256,0.000008685958
0x0cbe,256,0.000008685958
0x0cbf,112,0.000003800107
0x0cc2,112,0.000003800107
0x0cc3,112,0.000003800107
0x0cc4,10,0.000000339295
0x0cc6,10,0.000000339295
0x0cc9,10,0.000000339295
0x0ccb,10,0.000000339295
0x0cce,10,0.000000339295
0x0cd0,10,0.000000339295
0x0cd3,10,0.000000339295
0x0cd8,4911,0.000166627891
0x0cdb,4911,0.000166627891
0x0cde,24555,0.000833139454
0x0cdf,24555,0.000833139454
0x0ce2,24555,0.000833139454
0x0ce3,24555,0.000833139454
0x0ce4,24555,0.000833139454
0x0ce6,24555,0.000833139454
0x0ce7,24555,0.000833139454
0x0ce9,24555,0.000833139454
0x0cea,24555,0.000833139454
0x0ceb,24555,0.000833139454
0x0cec,24555,0.000833139454
0x0cef,4911,0.000166627891
0x0cf4,2,0.000000067859
0x0cf5,2,0.000000067859
0x0cf6,2,0.000000067859
0x0d1c,1928,0.000065416122
0x0d1f,1928,0.000065416122
0x0d22,30848,0.001046657947
0x0d25,30848,0.001046657947
0x0d26,30848,0.001046657947
0x0d27,30848,0.001046657947
0x0d28,30848,0.001046657947
0x0d2a,30848,0.001046657947
0x0d2b,30848,0.001046657947
0x0d2e,1928,0.000065416122
0x0d30,30848,0.001046657947
0x0d31,30848,0.001046657947
0x0d32,30848,0.001046657947
0x0d33,30848,0.001046657947
0x0d34,30848,0.001046657947
0x0d35,30848,0.001046657947
0x0d37,30848,0.001046657947
0x0d38,17457,0.000592307695
0x0d39,17457,0.000592307695
0x0d3a,17457,0.000592307695
0x0d3b,17457,0.000592307695
0x0d3c,17457,0.000592307695
0x0d3e,17457,0.000592307695
0x0d3f,17457,0.000592307695
0x0d41,17457,0.000592307695
0x0d42,17457,0.000592307695
0x0d43,17457,0.000592307695
0x0d46,16267,0.000551931562
0x0d47,16267,0.000551931562
0x0d48,16267,0.000551931562
0x0d4b,2350,0.000079734381
0x0d4c,2350,0.000079734381
0x0d4d,2350,0.000079734381
0x0d4e,2350,0.000079734381
0x0d4f,3540,0.000120110514
0x0d50,3540,0.000120110514
0x0d51,3540,0.000120110514
0x0d52,3540,0.000120110514
0x0d53,3540,0.000120110514
0x0d54,3540,0.000120110514
0x0d55,3540,0.000120110514
0x0d57,3540,0.000120110514
0x0d58,3540,0.000120110514
0x0d59,1369,0.000046449518
0x0d5a,1369,0.000046449518
0x0d5e,13917,0.000472197181
0x0d5f,13917,0.000472197181
0x0d60,13917,0.000472197181
0x0d61,13917,0.000472197181
0x0d62,13917,0.000472197181
0x0d64,13917,0.000472197181
0x0d65,13917,0.000472197181
0x0d66,2027,0.000068775145
0x0d67,2027,0.000068775145
0x0d70,1928,0.000065416122
0x0d73,1928,0.000065416122
0x0d76,30848,0.001046657947
0x0d79,30848,0.001046657947
0x0d7a,30848,0.001046657947
0x0d7c,30848,0.001046657947
0x0d7d,30848,0.001046657947
0x0d7f,30848,0.001046657947
0x0d80,30848,0.001046657947
0x0d83,1928,0.000065416122
0x0d86,30848,0.001046657947
0x0d87,30848,0.001046657947
0x0d88,30848,0.001046657947
0x0d89,30848,0.001046657947
0x0d8a,30848,0.001046657947
0x0d8b,30848,0.001046657947
0x0d8d,30848,0.001046657947
0x0d8e,17443,0.000591832682
0x0d8f,17443,0.000591832682
0x0d90,17443,0.000591832682
0x0d91,17443,0.000591832682
0x0d94,17443,0.000591832682
0x0d95,17443,0.000591832682
0x0d96,17443,0.000591832682
0x0d97,17443,0.000591832682
0x0d99,17443,0.000591832682
0x0d9a,17443,0.000591832682
0x0d9c,17443,0.000591832682
0x0d9d,17443,0.000591832682
0x0d9f,17443,0.000591832682
0x0da0,17443,0.000591832682
0x0da1,17443,0.000591832682
0x0da2,17443,0.000591832682
0x0da3,17443,0.000591832682
0x0da4,17443,0.000591832682
0x0da5,17443,0.000591832682
0x0da6,17443,0.000591832682
0x0da7,17443,0.000591832682
0x0da8,17443,0.000591832682
0x0dab,15846,0.000537647233
0x0dac,15846,0.000537647233
0x0daf,1914,0.000064941108
0x0db0,1914,0.000064941108
0x0db1,1914,0.000064941108
0x0db3,1914,0.000064941108
0x0db4,1914,0.000064941108
0x0db5,1914,0.000064941108
0x0dbb,1597,0.000054185449
0x0dbc,1597,0.000054185449
0x0dbd,1597,0.000054185449
0x0dbf,1597,0.000054185449
0x0dc0,1597,0.000054185449
0x0dc1,1597,0.000054185449
0x0dc2,1597,0.000054185449
0x0dc3,1597,0.000054185449
0x0dc5,1597,0.000054185449
0x0dc6,1597,0.000054185449
0x0dcc,13932,0.000472706124
0x0dcd,13932,0.000472706124
0x0dce,13932,0.000472706124
0x0dcf,13932,0.000472706124
0x0dd1,13932,0.000472706124
0x0dd2,17443,0.000591832682
0x0dd3,17443,0.000591832682
0x0dd5,17443,0.000591832682
0x0dd6,17443,0.000591832682
0x0dd7,17443,0.000591832682
0x0dd8,17443,0.000591832682
0x0dd9,17443,0.000591832682
0x0dda,17443,0.000591832682
0x0dde,71,0.000002408996
0x0ddf,71,0.000002408996
0x0de0,71,0.000002408996
0x0de3,71,0.000002408996
0x0de4,71,0.000002408996
0x0de5,71,0.000002408996
0x0de6,71,0.000002408996
0x0de9,71,0.000002408996
0x0dea,71,0.000002408996
0x0deb,71,0.000002408996
0x0dec,71,0.000002408996
0x0ded,71,0.000002408996
0x0df0,6481,0.000219897243
0x0df3,6481,0.000219897243
0x0df6,6481,0.000219897243
0x0df9,6481,0.000219897243
0x0dfc,6481,0.000219897243
0x0dff,6481,0.000219897243
0x0e10,12962,0.000439794486
0x0e11,12962,0.000439794486
0x0e13,12962,0.000439794486
0x0e14,3780,0.000128253600
0x0e15,3780,0.000128253600
0x0e16,3780,0.000128253600
0x0e17,3780,0.000128253600
0x0e18,3780,0.000128253600
0x0e1a,3780,0.000128253600
0x0e1b,3751,0.000127269643
0x0e1d,3751,0.000127269643
0x0e1e,81,0.000002748291
0x0e20,81,0.000002748291
0x0e23,64,0.000002171490
0x0e25,64,0.000002171490
0x0e26,64,0.000002171490
0x0e27,64,0.000002171490
0x0e29,64,0.000002171490
0x0e2a,64,0.000002171490
0x0e2c,64,0.000002171490
0x0e2d,64,0.000002171490
0x0e2e,64,0.000002171490
0x0e2f,64,0.000002171490
0x0e31,64,0.000002171490
0x0e32,64,0.000002171490
0x0e33,56,0.000001900053
0x0e34,56,0.000001900053
0x0e35,56,0.000001900053
0x0e36,48,0.000001628617
0x0e39,17,0.000000576802
0x0e3a,17,0.000000576802
0x0e3b,17,0.000000576802
0x0e3c,17,0.000000576802
0x0e3d,17,0.000000576802
0x0e3e,17,0.000000576802
0x0e3f,17,0.000000576802
0x0e41,17,0.000000576802
0x0e42,17,0.000000576802
0x0e45,200,0.000006785905
0x0e46,200,0.000006785905
0x0e47,200,0.000006785905
0x0e48,200,0.000006785905
0x0e4a,200,0.000006785905
0x0e4d,191,0.000006480539
0x0e4e,191,0.000006480539
0x0e4f,191,0.000006480539
0x0e51,191,0.000006480539
0x0e52,191,0.000006480539
0x0e55,8,0.000000271436
0x0e58,82,0.000002782221
0x0e59,82,0.000002782221
0x0e5a,82,0.000002782221
0x0e5b,39,0.000001323251
0x0e5c,39,0.000001323251
0x0e5e,39,0.000001323251
0x0e5f,39,0.000001323251
0x0e60,16,0.000000542872
0x0e61,16,0.000000542872
0x0e62,16,0.000000542872
0x0e63,16,0.000000542872
0x0e65,16,0.000000542872
0x0e66,16,0.000000542872
0x0e67,9,0.000000305366
0x0e69,9,0.000000305366
0x0e6a,9,0.000000305366
0x0e6b,9,0.000000305366
0x0e70,48,0.000001628617
0x0e71,48,0.000001628617
0x0e72,48,0.000001628617
0x0e74,48,0.000001628617
0x0e75,48,0.000001628617
0x0e76,48,0.000001628617
0x0e77,48,0.000001628617
0x0e78,48,0.000001628617
0x0e7a,48,0.000001628617
0x0e7b,48,0.000001628617
0x0e7e,360,0.000012214629
0x0e7f,360,0.000012214629
0x0e80,360,0.000012214629
0x0e81,360,0.000012214629
0x0e83,360,0.000012214629
0x0e86,312,0.000010586011
0x0e87,312,0.000010586011
0x0e88,312,0.000010586011
0x0e8a,312,0.000010586011
0x0e8b,312,0.000010586011
0x0e90,255,0.000008652029
0x0e91,255,0.000008652029
0x0e93,255,0.000008652029
0x0e94,255,0.000008652029
0x0e95,189,0.000006412680
0x0e97,189,0.000006412680
0x0e98,189,0.000006412680
0x0e99,59,0.000002001842
0x0e9a,59,0.000002001842
0x0e9b,59,0.000002001842
0x0e9c,59,0.000002001842
0x0e9e,59,0.000002001842
0x0e9f,59,0.000002001842
0x0ea0,48,0.000001628617
0x0ea3,48,0.000001628617
0x0ea4,57,0.000001933983
0x0ea5,57,0.000001933983
0x0ea6,57,0.000001933983
0x0ea7,57,0.000001933983
0x0ea8,57,0.000001933983
0x0ea9,57,0.000001933983
0x0eaa,57,0.000001933983
0x0eac,57,0.000001933983
0x0ead,59,0.000002001842
0x0eae,59,0.000002001842
0x0eb0,59,0.000002001842
0x0eb1,59,0.000002001842
0x0eb2,59,0.000002001842
0x0eb4,59,0.000002001842
0x0eb5,59,0.000002001842
0x0eb6,59,0.000002001842
0x0eb7,59,0.000002001842
0x0eb8,59,0.000002001842
0x0ebb,59,0.000002001842
0x0ebc,59,0.000002001842
0x0ebe,59,0.000002001842
0x0ec1,58,0.000001967912
0x0ec3,59,0.000002001842
0x0ec4,59,0.000002001842
0x0ec5,59,0.000002001842
0x0ec8,9,0.000000305366
0x0ec9,9,0.000000305366
0x0eca,9,0.000000305366
0x0ecb,9,0.000000305366
0x0ecc,9,0.000000305366
0x0ecd,9,0.000000305366
0x0ece,9,0.000000305366
0x0ed1,1,0.000000033930
0x0ed2,1,0.000000033930
0x0ed3,1,0.000000033930
0x0ed4,1,0.000000033930
0x0ed5,59,0.000002001842
0x0ed6,59,0.000002001842
0x0ed7,59,0.000002001842
0x0ed8,59,0.000002001842
0x0ed9,59,0.000002001842
0x0eda,59,0.000002001842
0x0edb,59,0.000002001842
0x0edc,59,0.000002001842
0x0ede,59,0.000002001842
0x0ee0,59,0.000002001842
0x0ee2,59,0.000002001842
0x0ee3,59,0.000002001842
0x0ee4,59,0.000002001842
0x0ee5,59,0.000002001842
0x0f00,1931,0.000065517910
0x0f03,1931,0.000065517910
0x0f04,1931,0.000065517910
0x0f06,1931,0.000065517910
0x0f09,1931,0.000065517910
0x0f0b,1931,0.000065517910
0x0f0c,1931,0.000065517910
0x0f0d,1931,0.000065517910
0x0f0e,1931,0.000065517910
0x0f11,1931,0.000065517910
0x0f14,1931,0.000065517910
0x0f15,2,0.000000067859
0x0f16,2,0.000000067859
0x0f17,2,0.000000067859
0x0f1a,2,0.000000067859
0x0f1b,2,0.000000067859
0x0f1d,2,0.000000067859
0x0f1e,2,0.000000067859
0x0f1f,2,0.000000067859
0x0f20,2,0.000000067859
0x0f23,10,0.000000339295
0x0f24,10,0.000000339295
0x0f25,10,0.000000339295
0x0f26,10,0.000000339295
0x0f28,10,0.000000339295
0x0f2b,8,0.000000271436
0x0f2c,8,0.000000271436
0x0f2d,8,0.000000271436
0x0f2f,8,0.000000271436
0x0f30,8,0.000000271436
0x0f38,4,0.000000135718
0x0f39,4,0.000000135718
0x0f3a,4,0.000000135718
0x0f3b,4,0.000000135718
0x0f3d,4,0.000000135718
0x0f3e,2,0.000000067859
0x0f40,2,0.000000067859
0x0f41,2,0.000000067859
0x0f42,2,0.000000067859
0x0f43,2,0.000000067859
0x0f44,2,0.000000067859
0x0f45,2,0.000000067859
0x0f46,2,0.000000067859
0x0f49,2,0.000000067859
0x0f4c,2,0.000000067859
0x0f4d,2,0.000000067859
0x0f4e,2,0.000000067859
0x0f56,3860,0.000130967961
0x0f57,3860,0.000130967961
0x0f58,7718,0.000261868064
0x0f59,7718,0.000261868064
0x0f5b,7718,0.000261868064
0x0f5e,2,0.000000067859
0x0f60,2,0.000000067859
0x0f63,7716,0.000261800205
0x0f64,7716,0.000261800205
0x0f65,7716,0.000261800205
0x0f68,3858,0.000130900102
0x0f69,3858,0.000130900102
0x0f6a,3858,0.000130900102
0x0f6d,3858,0.000130900102
0x0f6e,3858,0.000130900102
0x0f71,1929,0.000065450051
0x0fc0,5221,0.000177146043
0x0fc3,5221,0.000177146043
0x0fc6,5221,0.000177146043
0x0fc9,5221,0.000177146043
0x0fcc,5221,0.000177146043
0x0fcf,5221,0.000177146043
0x0fd2,5221,0.000177146043
0x0fd5,5221,0.000177146043
0x0fd8,10442,0.000354292086
0x0fd9,10442,0.000354292086
0x0fda,10442,0.000354292086
0x0fdb,845,0.000028670448
0x0fdc,845,0.000028670448
0x0fdd,845,0.000028670448
0x0fde,845,0.000028670448
0x0fdf,845,0.000028670448
0x0fe0,845,0.000028670448
0x0fe1,845,0.000028670448
0x0fe2,845,0.000028670448
0x0fe3,845,0.000028670448
0x0fe6,845,0.000028670448
0x0fe7,845,0.000028670448
0x0fe9,845,0.000028670448
0x0fea,845,0.000028670448
0x0fec,845,0.000028670448
0x0fed,845,0.000028670448
0x0fef,845,0.000028670448
0x0ff0,845,0.000028670448
0x0ff1,845,0.000028670448
0x0ff4,845,0.000028670448
0x14e0,1091,0.000037017110
0x14e1,1091,0.000037017110
0x14e4,1091,0.000037017110
0x14e6,1091,0.000037017110
0x17e0,8353,0.000283413311
0x17e3,8353,0.000283413311
0x17e5,8353,0.000283413311
0x17e8,8353,0.000283413311
0x1df0,602,0.000020425573
0x1df3,602,0.000020425573
0x1df5,602,0.000020425573
0x1ee0,352,0.000011943192
0x1ee3,352,0.000011943192
0x1ee6,9152,0.000310523001
0x1ee7,9152,0.000310523001
0x1ee8,9152,0.000310523001
0x1ee9,9152,0.000310523001
0x1eec,9152,0.000310523001
0x1eed,9152,0.000310523001
0x1ef0,352,0.000011943192
0x1ef1,352,0.000011943192
0x1ef2,352,0.000011943192
0x1ef4,352,0.000011943192
0x1ef7,352,0.000011943192
0x1ef8,352,0.000011943192
0x1ef9,352,0.000011943192
0x1efa,352,0.000011943192
0x2000,6481,0.000219897243
0x2003,6481,0.000219897243
0x2006,6481,0.000219897243
0x2009,6481,0.000219897243
0x200c,6481,0.000219897243
0x200d,6481,0.000219897243
0x200f,6481,0.000219897243
0x2010,6481,0.000219897243
0x2011,6481,0.000219897243
0x2014,6481,0.000219897243
0x2015,6481,0.000219897243
0x2018,6289,0.000213382775
0x201a,6289,0.000213382775
0x201d,1431,0.000048553148
0x201e,1431,0.000048553148
0x201f,1431,0.000048553148
0x2020,1431,0.000048553148
0x2023,358,0.000012146769
0x2025,1431,0.000048553148
0x2026,1431,0.000048553148
0x2027,1431,0.000048553148
0x202a,1427,0.000048417430
0x2040,4067,0.000137991373
0x2043,4067,0.000137991373
0x2046,4067,0.000137991373
0x2047,4067,0.000137991373
0x2048,4067,0.000137991373
0x2049,31,0.000001051815
0x204a,31,0.000001051815
0x204b,31,0.000001051815
0x204c,31,0.000001051815
0x204d,31,0.000001051815
0x204e,31,0.000001051815
0x204f,31,0.000001051815
0x2050,31,0.000001051815
0x2051,31,0.000001051815
0x2052,31,0.000001051815
0x2055,31,0.000001051815
0x2057,31,0.000001051815
0x2058,31,0.000001051815
0x2059,31,0.000001051815
0x205a,31,0.000001051815
0x205c,31,0.000001051815
0x205d,31,0.000001051815
0x205e,31,0.000001051815
0x2060,31,0.000001051815
0x2061,31,0.000001051815
0x2062,31,0.000001051815
0x2063,31,0.000001051815
0x2064,31,0.000001051815
0x2065,31,0.000001051815
0x2066,31,0.000001051815
0x2068,31,0.000001051815
0x2069,31,0.000001051815
0x206a,31,0.000001051815
0x206b,31,0.000001051815
0x206c,31,0.000001051815
0x206d,31,0.000001051815
0x2070,160,0.000005428724
0x2071,160,0.000005428724
0x2073,160,0.000005428724
0x2075,160,0.000005428724
0x2076,160,0.000005428724
0x2077,160,0.000005428724
0x2079,160,0.000005428724
0x207a,160,0.000005428724
0x207b,160,0.000005428724
0x207e,160,0.000005428724
0x2081,160,0.000005428724
0x2085,160,0.000005428724
0x2087,160,0.000005428724
0x2088,160,0.000005428724
0x2089,160,0.000005428724
0x208a,160,0.000005428724
0x208c,160,0.000005428724
0x208d,160,0.000005428724
0x208f,160,0.000005428724
0x2090,160,0.000005428724
0x2091,512,0.000017371916
0x2093,512,0.000017371916
0x2094,512,0.000017371916
0x2096,512,0.000017371916
0x2097,512,0.000017371916
0x209a,352,0.000011943192
0x209b,352,0.000011943192
0x209c,352,0.000011943192
0x209d,352,0.000011943192
0x209f,352,0.000011943192
0x20a0,352,0.000011943192
0x20a1,352,0.000011943192
0x20a3,352,0.000011943192
0x20a4,352,0.000011943192
0x20a5,352,0.000011943192
0x20a7,352,0.000011943192
0x20a8,352,0.000011943192
0x20b0,160,0.000005428724
0x20b1,4416,0.000149832777
0x20b2,4416,0.000149832777
0x20b3,4416,0.000149832777
0x20b5,35328,0.001198662213
0x20b7,35328,0.001198662213
0x20b8,35328,0.001198662213
0x20bb,1396,0.000047365615
0x20bc,1396,0.000047365615
0x20bd,1396,0.000047365615
0x20be,1396,0.000047365615
0x20bf,35328,0.001198662213
0x20c0,35328,0.001198662213
0x20c1,35328,0.001198662213
0x20c2,35328,0.001198662213
0x20c5,4416,0.000149832777
0x20c6,4416,0.000149832777
0x20c7,4416,0.000149832777
0x20c8,4416,0.000149832777
0x20c9,4416,0.000149832777
0x20cc,2208,0.000074916388
0x20cd,2208,0.000074916388
0x20cf,2208,0.000074916388
0x20d2,2048,0.000069487665
0x20d3,2048,0.000069487665
0x20d4,2048,0.000069487665
0x20d6,2048,0.000069487665
0x20d7,2048,0.000069487665
0x20d8,2048,0.000069487665
0x20da,2048,0.000069487665
0x20db,2048,0.000069487665
0x20dc,2048,0.000069487665
0x20de,2048,0.000069487665
0x20e1,160,0.000005428724
0x20e2,160,0.000005428724
0x20e8,160,0.000005428724
0x20e9,160,0.000005428724
0x20ea,160,0.000005428724
0x20ec,160,0.000005428724
0x20ed,160,0.000005428724
0x20f0,160,0.000005428724
0x20f1,160,0.000005428724
0x20f2,160,0.000005428724
0x20f3,160,0.000005428724
0x20f4,160,0.000005428724
0x20f6,160,0.000005428724
0x20f7,160,0.000005428724
0x20f8,160,0.000005428724
0x20fa,160,0.000005428724
0x20fb,160,0.000005428724
0x20fc,160,0.000005428724
0x20fd,160,0.000005428724
0x20fe,160,0.000005428724
0x20ff,160,0.000005428724
0x2101,160,0.000005428724
0x2103,160,0.000005428724
0x2104,160,0.000005428724
0x2106,160,0.000005428724
0x2107,160,0.000005428724
0x2108,160,0.000005428724
0x2109,160,0.000005428724
0x210a,160,0.000005428724
0x210d,160,0.000005428724
0x211c,160,0.000005428724
0x211f,160,0.000005428724
0x2120,160,0.000005428724
0x2122,160,0.000005428724
0x2123,128,0.000004342979
0x2125,128,0.000004342979
0x2126,16,0.000000542872
0x2128,16,0.000000542872
0x2129,16,0.000000542872
0x212c,16,0.000000542872
0x2130,4862,0.000164965344
0x2131,4862,0.000164965344
0x2132,4862,0.000164965344
0x2135,3645,0.000123673114
0x2137,3645,0.000123673114
0x213a,2430,0.000082448743
0x213c,2430,0.000082448743
0x213f,1215,0.000041224371
0x2146,1427,0.000048417430
0x2147,1427,0.000048417430
0x2148,1427,0.000048417430
0x214b,713,0.000024191750
0x2150,1217,0.000041292230
0x2153,1217,0.000041292230
0x2156,1217,0.000041292230
0x2160,1215,0.000041224371
0x2163,1215,0.000041224371
0x2166,1215,0.000041224371
0x2169,1215,0.000041224371
0x2170,1215,0.000041224371
0x2173,1215,0.000041224371
0x2180,1215,0.000041224371
0x2183,1215,0.000041224371
0x2186,1215,0.000041224371
0x2189,1215,0.000041224371
0x2190,714,0.000024225680
0x2193,714,0.000024225680
0x2196,714,0.000024225680
0x2199,714,0.000024225680
0x219c,714,0.000024225680
0x21a5,713,0.000024191750
0x21a8,713,0.000024191750
0x21ab,713,0.000024191750
0x21ae,713,0.000024191750
0x21b1,713,0.000024191750
0x21ba,192,0.000006514469
0x21bb,192,0.000006514469
0x21bc,192,0.000006514469
0x21bf,96,0.000003257234
0x21c2,96,0.000003257234
0x21c5,96,0.000003257234
0x21c8,96,0.000003257234
0x21cb,96,0.000003257234
0x21cd,96,0.000003257234
0x21cf,96,0.000003257234
0x21dc,352,0.000011943192
0x21dd,352,0.000011943192
0x21de,352,0.000011943192
0x21df,352,0.000011943192
0x21e2,352,0.000011943192
0x21e4,352,0.000011943192
0x21e5,352,0.000011943192
0x21e6,352,0.000011943192
0x21e8,352,0.000011943192
0x21e9,352,0.000011943192
0x21eb,352,0.000011943192
0x21ec,352,0.000011943192
0x21ed,352,0.000011943192
0x21ef,352,0.000011943192
0x21f0,352,0.000011943192
0x21f1,352,0.000011943192
0x21f2,352,0.000011943192
0x21f4,352,0.000011943192
0x21f5,352,0.000011943192
0x21f7,352,0.000011943192
0x21f8,352,0.000011943192
0x21f9,352,0.000011943192
0x21fc,352,0.000011943192
0x2204,288,0.000009771703
0x2207,288,0.000009771703
0x2208,288,0.000009771703
0x2209,288,0.000009771703
0x220b,288,0.000009771703
0x220c,3,0.000000101789
0x220e,3,0.000000101789
0x2210,3,0.000000101789
0x2212,3,0.000000101789
0x2214,3,0.000000101789
0x2216,3,0.000000101789
0x2217,3,0.000000101789
0x2218,3,0.000000101789
0x221a,3,0.000000101789
0x221b,3,0.000000101789
0x221d,3,0.000000101789
0x221e,3,0.000000101789
0x2220,3,0.000000101789
0x2221,3,0.000000101789
0x2222,3,0.000000101789
0x2223,3,0.000000101789
0x2224,3,0.000000101789
0x2227,2,0.000000067859
0x2228,2,0.000000067859
0x222a,3,0.000000101789
0x222b,3,0.000000101789
0x2230,275,0.000009330619
0x2233,275,0.000009330619
0x2234,275,0.000009330619
0x2235,275,0.000009330619
0x2236,275,0.000009330619
0x2237,275,0.000009330619
0x2239,275,0.000009330619
0x223b,275,0.000009330619
0x223e,265,0.000008991324
0x2240,265,0.000008991324
0x2243,135,0.000004580486
0x2245,135,0.000004580486
0x2247,135,0.000004580486
0x2249,135,0.000004580486
0x224c,5,0.000000169648
0x224f,5,0.000000169648
0x2250,5,0.000000169648
0x2252,5,0.000000169648
0x2254,5,0.000000169648
0x2260,260,0.000008821676
0x2261,260,0.000008821676
0x2262,260,0.000008821676
0x2263,260,0.000008821676
0x2264,260,0.000008821676
0x2265,260,0.000008821676
0x2267,260,0.000008821676
0x2268,260,0.000008821676
0x2269,260,0.000008821676
0x226b,260,0.000008821676
0x226d,260,0.000008821676
0x226e,260,0.000008821676
0x226f,260,0.000008821676
0x2271,260,0.000008821676
0x2272,260,0.000008821676
0x2273,260,0.000008821676
0x2274,260,0.000008821676
0x2275,260,0.000008821676
0x2276,260,0.000008821676
0x2277,260,0.000008821676
0x2278,260,0.000008821676
0x2279,260,0.000008821676
0x227a,3640,0.000123503466
0x227b,32760,0.001111531196
0x227c,32760,0.001111531196
0x227d,32760,0.001111531196
0x227e,32760,0.001111531196
0x227f,32760,0.001111531196
0x2280,32760,0.001111531196
0x2283,3640,0.000123503466
0x2284,3640,0.000123503466
0x2285,3640,0.000123503466
0x2286,3640,0.000123503466
0x2288,3640,0.000123503466
0x2289,3640,0.000123503466
0x228a,3640,0.000123503466
0x228c,3640,0.000123503466
0x228d,3640,0.000123503466
0x228e,3640,0.000123503466
0x2291,260,0.000008821676
0x2292,10,0.000000339295
0x2295,10,0.000000339295
0x2296,10,0.000000339295
0x2298,10,0.000000339295
0x229b,2,0.000000067859
0x229e,2,0.000000067859
0x22a1,2,0.000000067859
0x22a3,832,0.000028229364
0x22a4,832,0.000028229364
0x22a5,832,0.000028229364
0x22a6,832,0.000028229364
0x22a7,832,0.000028229364
0x22a8,832,0.000028229364
0x22a9,832,0.000028229364
0x22aa,832,0.000028229364
0x22ab,832,0.000028229364
0x22ac,832,0.000028229364
0x22ad,832,0.000028229364
0x22b0,2,0.000000067859
0x22b4,72,0.000002442926
0x22b7,72,0.000002442926
0x22ba,72,0.000002442926
0x22bb,72,0.000002442926
0x22bc,72,0.000002442926
0x22be,72,0.000002442926
0x22c1,1,0.000000033930
0x22c3,1,0.000000033930
0x22c5,1,0.000000033930
0x22ca,49,0.000001662547
0x22cd,49,0.000001662547
0x22ce,49,0.000001662547
0x22d0,49,0.000001662547
0x22d3,1,0.000000033930
0x22d5,1,0.000000033930
0x22d7,1,0.000000033930
0x22d9,1,0.000000033930
0x22db,1,0.000000033930
0x22dd,1,0.000000033930
0x22e0,2,0.000000067859
0x22e2,10,0.000000339295
0x22e5,10,0.000000339295
0x22e8,10,0.000000339295
0x22f0,8,0.000000271436
0x22f3,8,0.000000271436
0x22f4,8,0.000000271436
0x22fa,244,0.000008278804
0x22fd,244,0.000008278804
0x22ff,244,0.000008278804
0x2302,244,0.000008278804
0x2303,4392,0.000149018468
0x2304,4392,0.000149018468
0x2306,4392,0.000149018468
0x2307,4392,0.000149018468
0x2308,4392,0.000149018468
0x2309,4392,0.000149018468
0x230a,4392,0.000149018468
0x230b,4392,0.000149018468
0x230d,4392,0.000149018468
0x230e,4392,0.000149018468
0x230f,4392,0.000149018468
0x2310,4392,0.000149018468
0x2312,4392,0.000149018468
0x2313,4392,0.000149018468
0x2314,4392,0.000149018468
0x2316,4392,0.000149018468
0x2317,4392,0.000149018468
0x231a,488,0.000016557608
0x231b,4392,0.000149018468
0x231c,4392,0.000149018468
0x231f,244,0.000008278804
0x2322,732,0.000024836411
0x2325,732,0.000024836411
0x2326,732,0.000024836411
0x2327,732,0.000024836411
0x2329,732,0.000024836411
0x232a,732,0.000024836411
0x232b,732,0.000024836411
0x232c,732,0.000024836411
0x232e,732,0.000024836411
0x232f,732,0.000024836411
0x2331,732,0.000024836411
0x2334,732,0.000024836411
0x2337,732,0.000024836411
0x2351,1952,0.000066230430
0x2352,1952,0.000066230430
0x2354,1952,0.000066230430
0x2355,413,0.000014012893
0x2356,413,0.000014012893
0x2357,413,0.000014012893
0x2358,413,0.000014012893
0x235a,413,0.000014012893
0x235b,413,0.000014012893
0x235e,413,0.000014012893
0x235f,413,0.000014012893
0x2360,413,0.000014012893
0x2361,413,0.000014012893
0x2362,413,0.000014012893
0x2364,413,0.000014012893
0x2365,413,0.000014012893
0x2366,413,0.000014012893
0x2368,413,0.000014012893
0x2369,413,0.000014012893
0x236a,413,0.000014012893
0x236b,413,0.000014012893
0x236c,413,0.000014012893
0x236e,413,0.000014012893
0x2370,413,0.000014012893
0x2373,368,0.000012486065
0x2375,368,0.000012486065
0x2377,368,0.000012486065
0x237a,368,0.000012486065
0x237b,45,0.000001526829
0x237c,45,0.000001526829
0x237e,45,0.000001526829
0x237f,45,0.000001526829
0x2381,45,0.000001526829
0x2384,45,0.000001526829
0x2385,45,0.000001526829
0x2386,45,0.000001526829
0x2387,45,0.000001526829
0x2389,45,0.000001526829
0x238a,13,0.000000441084
0x238c,13,0.000000441084
0x238d,13,0.000000441084
0x238e,13,0.000000441084
0x2390,13,0.000000441084
0x2391,11,0.000000373225
0x2393,11,0.000000373225
0x23d6,6147,0.000208564782
0x23d9,6147,0.000208564782
0x23da,6147,0.000208564782
0x23dc,6147,0.000208564782
0x23de,6147,0.000208564782
0x23e1,3546,0.000120314091
0x23e3,3546,0.000120314091
0x23e6,2460,0.000083466628
0x23e8,2460,0.000083466628
0x23eb,1150,0.000039018952
0x23ed,1150,0.000039018952
0x23f0,270,0.000009160971
0x23f2,270,0.000009160971
0x2476,44,0.000001492899
0x2477,44,0.000001492899
0x2478,44,0.000001492899
0x247b,44,0.000001492899
0x247d,44,0.000001492899
0x247e,44,0.000001492899
0x2481,44,0.000001492899
0x2483,44,0.000001492899
0x2484,44,0.000001492899
0x2485,44,0.000001492899
0x2487,44,0.000001492899
0x2488,44,0.000001492899
0x2489,44,0.000001492899
0x248a,44,0.000001492899
0x248c,44,0.000001492899
0x248d,44,0.000001492899
0x248f,44,0.000001492899
0x2490,44,0.000001492899
0x2493,44,0.000001492899
0x2495,44,0.000001492899
0x2496,44,0.000001492899
0x2497,44,0.000001492899
0x2498,42,0.000001425040
0x2499,42,0.000001425040
0x249a,42,0.000001425040
0x249b,29,0.000000983956
0x249c,29,0.000000983956
0x249d,29,0.000000983956
0x249e,19,0.000000644661
0x249f,19,0.000000644661
0x24a0,6481,0.000219897243
0x24a3,6481,0.000219897243
0x24a5,6481,0.000219897243
0x24a7,6481,0.000219897243
0x24a8,1952,0.000066230430
0x24ab,1952,0.000066230430
0x24ae,1952,0.000066230430
0x24b1,1952,0.000066230430
0x24b4,1952,0.000066230430
0x24b6,1952,0.000066230430
0x24b8,1952,0.000066230430
0x24b9,488,0.000016557608
0x24c4,3239,0.000109897727
0x24c7,3239,0.000109897727
0x24c9,3239,0.000109897727
0x24cb,3239,0.000109897727
0x24ce,976,0.000033115215
0x24d1,976,0.000033115215
0x24d4,976,0.000033115215
0x24d5,976,0.000033115215
0x24d6,976,0.000033115215
0x24d8,976,0.000033115215
0x24db,732,0.000024836411
0x24e0,976,0.000033115215
0x24e3,976,0.000033115215
0x24e5,976,0.000033115215
0x24e6,61,0.000002069701
0x24e9,61,0.000002069701
0x24eb,61,0.000002069701
0x24ec,61,0.000002069701
0x24f2,488,0.000016557608
0x24f5,488,0.000016557608
0x24f7,488,0.000016557608
0x24f8,488,0.000016557608
0x24f9,488,0.000016557608
0x24fc,488,0.000016557608
0x24fe,488,0.000016557608
0x24ff,488,0.000016557608
0x2500,144,0.000004885851
0x2503,144,0.000004885851
0x2504,144,0.000004885851
0x2505,134,0.000004546556
0x2508,134,0.000004546556
0x2509,134,0.000004546556
0x250a,33,0.000001119674
0x250b,33,0.000001119674
0x250d,33,0.000001119674
0x250e,33,0.000001119674
0x2511,33,0.000001119674
0x2512,33,0.000001119674
0x2513,33,0.000001119674
0x2515,33,0.000001119674
0x2517,33,0.000001119674
0x2518,33,0.000001119674
0x2519,33,0.000001119674
0x251a,33,0.000001119674
0x2560,1929,0.000065450051
0x2563,1929,0.000065450051
0x2564,1929,0.000065450051
0x2566,1929,0.000065450051
0x2567,1929,0.000065450051
0x2568,1929,0.000065450051
0x2569,1929,0.000065450051
0x256a,1929,0.000065450051
0x256b,1929,0.000065450051
0x256d,1929,0.000065450051
0x256e,1929,0.000065450051
0x2570,1929,0.000065450051
0x2572,1929,0.000065450051
0x2575,1929,0.000065450051
0x2576,1929,0.000065450051
0x2577,1929,0.000065450051
0x2578,1929,0.000065450051
0x2579,1929,0.000065450051
0x257b,1929,0.000065450051
0x257c,1929,0.000065450051
0x257f,1929,0.000065450051
0x2581,1929,0.000065450051
0x2582,1929,0.000065450051
0x2585,1929,0.000065450051
0x2587,1929,0.000065450051
0x2588,15343,0.000520580682
0x2589,15343,0.000520580682
0x258c,15314,0.000519596726
0x258d,15314,0.000519596726
0x258e,15314,0.000519596726
0x2590,15314,0.000519596726
0x2591,15314,0.000519596726
0x2592,15314,0.000519596726
0x2595,1900,0.000064466095
0x2596,15343,0.000520580682
0x2597,15343,0.000520580682
0x2599,15343,0.000520580682
0x259a,8660,0.000293829675
0x259b,8660,0.000293829675
0x259c,8660,0.000293829675
0x259e,8660,0.000293829675
0x259f,8660,0.000293829675
0x25a1,8660,0.000293829675
0x25a2,7988,0.000271029035
0x25a3,7988,0.000271029035
0x25a4,7988,0.000271029035
0x25a5,7988,0.000271029035
0x25a6,5379,0.000182506908
0x25a7,5379,0.000182506908
0x25a8,1150,0.000039018952
0x25a9,1150,0.000039018952
0x25aa,1150,0.000039018952
0x25ab,1150,0.000039018952
0x25ac,1124,0.000038136785
0x25ae,1124,0.000038136785
0x25af,29,0.000000983956
0x25b0,29,0.000000983956
0x25b1,29,0.000000983956
0x25b2,29,0.000000983956
0x25b3,29,0.000000983956
0x25b4,29,0.000000983956
0x25b5,29,0.000000983956
0x25b6,29,0.000000983956
0x25b7,218,0.000007396636
0x25ba,218,0.000007396636
0x25bc,218,0.000007396636
0x25be,218,0.000007396636
0x25ca,218,0.000007396636
0x25cd,552,0.000018729097
0x25ce,552,0.000018729097
0x25d0,552,0.000018729097
0x25d3,462,0.000015675440
0x25d4,462,0.000015675440
0x25d6,462,0.000015675440
0x25d7,462,0.000015675440
0x25d8,462,0.000015675440
0x25db,128,0.000004342979
0x25dc,128,0.000004342979
0x25dd,128,0.000004342979
0x25e0,90,0.000003053657
0x25e1,90,0.000003053657
0x25e3,90,0.000003053657
0x25e4,90,0.000003053657
0x25e5,90,0.000003053657
0x25e7,90,0.000003053657
0x25e8,90,0.000003053657
0x25ea,90,0.000003053657
0x25eb,90,0.000003053657
0x25ec,90,0.000003053657
0x25ed,90,0.000003053657
0x25ef,90,0.000003053657
0x25f0,90,0.000003053657
0x25f1,90,0.000003053657
0x25f3,90,0.000003053657
0x25f4,90,0.000003053657
0x25f6,90,0.000003053657
0x25f7,90,0.000003053657
0x25f8,90,0.000003053657
0x25f9,90,0.000003053657
0x25fa,90,0.000003053657
0x25fb,90,0.000003053657
0x25fc,90,0.000003053657
0x25fd,90,0.000003053657
0x2600,3344,0.000113460327
0x2601,3344,0.000113460327
0x2602,3344,0.000113460327
0x2603,3344,0.000113460327
0x2604,3344,0.000113460327
0x2605,3344,0.000113460327
0x2608,3344,0.000113460327
0x2609,3344,0.000113460327
0x260a,3344,0.000113460327
0x260b,3344,0.000113460327
0x260c,3344,0.000113460327
0x260e,3344,0.000113460327
0x2611,3344,0.000113460327
0x2612,3344,0.000113460327
0x2613,3344,0.000113460327
0x2616,3344,0.000113460327
0x2617,3344,0.000113460327
0x261a,1843,0.000062532112
0x261d,1843,0.000062532112
0x261e,1843,0.000062532112
0x2620,1843,0.000062532112
0x2621,1843,0.000062532112
0x2624,1843,0.000062532112
0x2625,1843,0.000062532112
0x2626,1843,0.000062532112
0x2628,1843,0.000062532112
0x2629,1843,0.000062532112
0x262b,1843,0.000062532112
0x262c,1843,0.000062532112
0x262e,1843,0.000062532112
0x262f,1843,0.000062532112
0x2630,1843,0.000062532112
0x2631,1843,0.000062532112
0x2633,1843,0.000062532112
0x2634,1843,0.000062532112
0x2635,1843,0.000062532112
0x2638,1843,0.000062532112
0x2639,3344,0.000113460327
0x263c,3344,0.000113460327
0x263f,3344,0.000113460327
0x2642,3344,0.000113460327
0x2643,3344,0.000113460327
0x2646,1672,0.000056730164
0x2649,1672,0.000056730164
0x2650,1501,0.000050928215
0x2651,1501,0.000050928215
0x2654,1501,0.000050928215
0x2655,1501,0.000050928215
0x2656,1501,0.000050928215
0x2658,1501,0.000050928215
0x2659,1501,0.000050928215
0x265b,1501,0.000050928215
0x265c,1501,0.000050928215
0x265e,1501,0.000050928215
0x2661,1501,0.000050928215
0x2662,1501,0.000050928215
0x2668,1672,0.000056730164
0x266b,1672,0.000056730164
0x266c,1672,0.000056730164
0x266d,1672,0.000056730164
0x2670,1672,0.000056730164
0x2672,1672,0.000056730164
0x2676,1672,0.000056730164
0x2678,1672,0.000056730164
0x267c,1672,0.000056730164
0x267f,1672,0.000056730164
0x2681,1672,0.000056730164
0x2684,1672,0.000056730164
0x2685,1672,0.000056730164
0x2688,1672,0.000056730164
0x268a,1672,0.000056730164
0x268b,1672,0.000056730164
0x268d,1672,0.000056730164
0x268e,1672,0.000056730164
0x268f,1672,0.000056730164
0x2692,1666,0.000056526586
0x2693,1672,0.000056730164
0x2694,1672,0.000056730164
0x2697,1672,0.000056730164
0x2699,1672,0.000056730164
0x269c,441,0.000014962920
0x269d,1672,0.000056730164
0x269f,1672,0.000056730164
0x26a2,104,0.000003528670
0x26a3,1672,0.000056730164
0x26a4,1672,0.000056730164
0x26a7,1672,0.000056730164
0x26aa,1672,0.000056730164
0x26ad,1672,0.000056730164
0x26ae,1672,0.000056730164
0x26af,1672,0.000056730164
0x26b0,1672,0.000056730164
0x26b1,354,0.000012011051
0x26b2,354,0.000012011051
0x26b4,354,0.000012011051
0x26b5,354,0.000012011051
0x26b7,354,0.000012011051
0x26b8,354,0.000012011051
0x26ba,354,0.000012011051
0x26bb,44,0.000001492899
0x26bc,44,0.000001492899
0x26bd,44,0.000001492899
0x26be,44,0.000001492899
0x26bf,44,0.000001492899
0x26c2,44,0.000001492899
0x26c4,44,0.000001492899
0x26c6,44,0.000001492899
0x26c7,44,0.000001492899
0x26c8,44,0.000001492899
0x26ca,44,0.000001492899
0x26cb,44,0.000001492899
0x26cc,44,0.000001492899
0x26d0,1672,0.000056730164
0x26d3,1672,0.000056730164
0x26d6,1672,0.000056730164
0x26d9,13376,0.000453841309
0x26da,13376,0.000453841309
0x26db,13376,0.000453841309
0x26de,8722,0.000295933306
0x26df,8722,0.000295933306
0x26e0,8722,0.000295933306
0x26e3,1576,0.000053472929
0x26e4,8722,0.000295933306
0x26e5,13376,0.000453841309
0x26e6,13376,0.000453841309
0x26e7,13376,0.000453841309
0x26e8,13376,0.000453841309
0x26e9,13376,0.000453841309
0x26eb,13376,0.000453841309
0x26ee,1672,0.000056730164
0x26f1,1672,0.000056730164
0x26f2,1672,0.000056730164
0x26f3,1672,0.000056730164
0x26f5,1672,0.000056730164
0x26f8,1672,0.000056730164
0x26f9,1672,0.000056730164
0x26fa,1672,0.000056730164
0x26fd,1672,0.000056730164
0x2700,8277,0.000280834668
0x2703,8277,0.000280834668
0x2704,8277,0.000280834668
0x2705,8277,0.000280834668
0x2706,8276,0.000280800738
0x2707,8276,0.000280800738
0x2708,8276,0.000280800738
0x270a,8276,0.000280800738
0x270b,8276,0.000280800738
0x270c,8276,0.000280800738
0x270e,8276,0.000280800738
0x270f,8276,0.000280800738
0x2711,8276,0.000280800738
0x2714,8276,0.000280800738
0x2717,33104,0.001123202952
0x271a,33104,0.001123202952
0x271b,33104,0.001123202952
0x271c,33104,0.001123202952
0x271d,33104,0.001123202952
0x271e,33104,0.001123202952
0x2720,33104,0.001123202952
0x2723,8276,0.000280800738
0x2725,8276,0.000280800738
0x2728,8276,0.000280800738
0x272a,8276,0.000280800738
0x2739,8276,0.000280800738
0x273c,8276,0.000280800738
0x273d,8276,0.000280800738
0x2740,8276,0.000280800738
0x2743,8276,0.000280800738
0x2748,33104,0.001123202952
0x2749,33104,0.001123202952
0x274a,33104,0.001123202952
0x274c,33104,0.001123202952
0x274d,126,0.000004275120
0x274e,126,0.000004275120
0x274f,126,0.000004275120
0x2750,63,0.000002137560
0x2751,63,0.000002137560
0x2752,63,0.000002137560
0x2753,63,0.000002137560
0x2754,63,0.000002137560
0x2755,63,0.000002137560
0x2757,63,0.000002137560
0x2758,63,0.000002137560
0x2759,63,0.000002137560
0x275b,63,0.000002137560
0x275c,63,0.000002137560
0x275f,63,0.000002137560
0x2760,63,0.000002137560
0x2761,63,0.000002137560
0x2764,63,0.000002137560
0x2768,62,0.000002103630
0x2769,62,0.000002103630
0x276c,62,0.000002103630
0x276e,62,0.000002103630
0x2771,62,0.000002103630
0x2772,62,0.000002103630
0x2775,12,0.000000407154
0x2778,62,0.000002103630
0x277b,62,0.000002103630
0x277c,62,0.000002103630
0x277f,62,0.000002103630
0x2780,62,0.000002103630
0x2781,62,0.000002103630
0x2782,62,0.000002103630
0x2783,62,0.000002103630
0x2784,62,0.000002103630
0x2785,62,0.000002103630
0x2786,62,0.000002103630
0x2789,62,0.000002103630
0x27a8,8276,0.000280800738
0x27ab,8276,0.000280800738
0x27ac,8276,0.000280800738
0x27af,8276,0.000280800738
0x27b0,8276,0.000280800738
0x27b1,8276,0.000280800738
0x27b4,8276,0.000280800738
0x27b6,8276,0.000280800738
0x27b7,8276,0.000280800738
0x27b8,8276,0.000280800738
0x27ba,8276,0.000280800738
0x27bd,7508,0.000254742864
0x27c0,7508,0.000254742864
0x27c1,7508,0.000254742864
0x27c2,7508,0.000254742864
0x27c5,7412,0.000251485630
0x27c7,7412,0.000251485630
0x27c8,7412,0.000251485630
0x27c9,7412,0.000251485630
0x27ca,4036,0.000136939558
0x27cc,4036,0.000136939558
0x27cf,3841,0.000130323301
0x27d0,3841,0.000130323301
0x27d2,3841,0.000130323301
0x27d3,3841,0.000130323301
0x27d5,3841,0.000130323301
0x27d6,3841,0.000130323301
0x27d8,195,0.000006616257
0x27da,195,0.000006616257
0x27dc,195,0.000006616257
0x27dd,195,0.000006616257
0x27df,195,0.000006616257
0x27e0,195,0.000006616257
0x27e2,96,0.000003257234
0x27e4,96,0.000003257234
0x27e9,96,0.000003257234
0x27ea,96,0.000003257234
0x27ec,96,0.000003257234
0x27ee,96,0.000003257234
0x3000,1931,0.000065517910
0x3003,1931,0.000065517910
0x3004,1931,0.000065517910
0x3005,1931,0.000065517910
0x3007,1931,0.000065517910
0x300a,1931,0.000065517910
0x300b,1931,0.000065517910
0x300c,1931,0.000065517910
0x300d,1931,0.000065517910
0x300e,1931,0.000065517910
0x300f,1931,0.000065517910
0x3010,1931,0.000065517910
0x3011,1931,0.000065517910
0x3012,238,0.000008075227
0x3028,245,0.000008312733
0x302b,245,0.000008312733
0x302c,245,0.000008312733
0x302e,245,0.000008312733
0x302f,245,0.000008312733
0x3031,245,0.000008312733
0x3032,245,0.000008312733
0x3034,245,0.000008312733
0x3035,215,0.000007294848
0x3037,215,0.000007294848
0x3038,215,0.000007294848
0x3039,215,0.000007294848
0x303c,205,0.000006955552
0x303d,205,0.000006955552
0x303e,3,0.000000101789
0x303f,3,0.000000101789
0x3040,3,0.000000101789
0x3042,3,0.000000101789
0x3044,3,0.000000101789
0x3046,3,0.000000101789
0x3048,3,0.000000101789
0x3049,3,0.000000101789
0x304b,3,0.000000101789
0x304d,3,0.000000101789
0x304f,3,0.000000101789
0x3050,3,0.000000101789
0x3052,3,0.000000101789
0x3055,3,0.000000101789
0x3056,3,0.000000101789
0x3057,3,0.000000101789
0x3059,3,0.000000101789
0x305c,10,0.000000339295
0x305f,10,0.000000339295
0x3062,10,0.000000339295
0x3063,10,0.000000339295
0x3064,10,0.000000339295
0x3065,10,0.000000339295
0x3066,10,0.000000339295
0x3067,10,0.000000339295
0x3068,10,0.000000339295
0x306a,10,0.000000339295
0x306c,10,0.000000339295
0x306d,10,0.000000339295
0x3074,51,0.000001730406
0x3077,51,0.000001730406
0x3078,51,0.000001730406
0x3079,51,0.000001730406
0x307a,51,0.000001730406
0x307c,51,0.000001730406
0x307d,51,0.000001730406
0x307f,51,0.000001730406
0x3080,51,0.000001730406
0x3081,51,0.000001730406
0x3082,51,0.000001730406
0x3084,51,0.000001730406
0x3089,51,0.000001730406
0x308a,51,0.000001730406
0x308b,51,0.000001730406
0x308c,51,0.000001730406
0x308d,51,0.000001730406
0x308f,51,0.000001730406
0x3090,51,0.000001730406
0x3092,51,0.000001730406
0x3093,51,0.000001730406
0x3094,51,0.000001730406
0x3095,51,0.000001730406
0x3098,51,0.000001730406
0x309a,51,0.000001730406
0x309d,12,0.000000407154
0x309f,51,0.000001730406
0x30a0,51,0.000001730406
0x30a1,51,0.000001730406
0x30a4,51,0.000001730406
0x30a6,51,0.000001730406
0x30a7,51,0.000001730406
0x30a8,51,0.000001730406
0x30aa,3820,0.000129610781
0x30ad,3820,0.000129610781
0x30ae,3820,0.000129610781
0x30af,3820,0.000129610781
0x30b0,3820,0.000129610781
0x30b1,3820,0.000129610781
0x30b3,3820,0.000129610781
0x30b5,3820,0.000129610781
0x30b6,3820,0.000129610781
0x30b8,3820,0.000129610781
0x30ba,243,0.000008244874
0x30bd,243,0.000008244874
0x30c0,243,0.000008244874
0x30c3,243,0.000008244874
0x30c6,243,0.000008244874
0x30c8,243,0.000008244874
0x30c9,243,0.000008244874
0x30ca,243,0.000008244874
0x30cb,184,0.000006243032
0x30cd,184,0.000006243032
0x30ce,184,0.000006243032
0x30cf,184,0.000006243032
0x30d2,143,0.000004851922
0x30d3,143,0.000004851922
0x30d4,35,0.000001187533
0x30d6,35,0.000001187533
0x30d8,35,0.000001187533
0x30da,729,0.000024734623
0x30db,729,0.000024734623
0x30dc,729,0.000024734623
0x30dd,729,0.000024734623
0x30de,406,0.000013775387
0x30df,406,0.000013775387
0x30e4,41,0.000001391110
0x30e7,41,0.000001391110
0x30ea,41,0.000001391110
0x30eb,41,0.000001391110
0x30ed,41,0.000001391110
0x30f2,41,0.000001391110
0x30f3,41,0.000001391110
0x30f5,41,0.000001391110
0x30f6,41,0.000001391110
0x30f7,41,0.000001391110
0x30f8,41,0.000001391110
0x30fa,41,0.000001391110
0x30fc,41,0.000001391110
0x30ff,41,0.000001391110
0x3102,41,0.000001391110
0x3105,41,0.000001391110
0x3106,41,0.000001391110
0x3107,41,0.000001391110
0x3108,41,0.000001391110
0x310a,41,0.000001391110
0x310c,41,0.000001391110
0x310e,41,0.000001391110
0x310f,41,0.000001391110
0x3112,123,0.000004173331
0x3113,123,0.000004173331
0x3114,123,0.000004173331
0x3115,123,0.000004173331
0x3116,77,0.000002612573
0x3117,77,0.000002612573
0x3118,77,0.000002612573
0x311a,77,0.000002612573
0x311b,77,0.000002612573
0x311c,77,0.000002612573
0x311d,77,0.000002612573
0x311e,41,0.000001391110
0x311f,41,0.000001391110
0x3121,41,0.000001391110
0x3124,242,0.000008210945
0x3127,242,0.000008210945
0x3128,242,0.000008210945
0x312a,242,0.000008210945
0x312b,35,0.000001187533
0x312d,35,0.000001187533
0x312f,35,0.000001187533
0x3130,35,0.000001187533
0x3131,35,0.000001187533
0x3132,35,0.000001187533
0x3134,35,0.000001187533
0x3136,35,0.000001187533
0x3138,35,0.000001187533
0x313d,35,0.000001187533
0x313f,35,0.000001187533
0x3140,35,0.000001187533
0x3141,35,0.000001187533
0x3144,35,0.000001187533
0x3145,35,0.000001187533
0x3146,35,0.000001187533
0x3149,30,0.000001017886
0x314b,35,0.000001187533
0x314d,35,0.000001187533
0x314e,35,0.000001187533
0x315a,240,0.000008143086
0x315d,240,0.000008143086
0x315e,240,0.000008143086
0x3160,240,0.000008143086
0x3161,61,0.000002069701
0x3164,61,0.000002069701
0x3165,61,0.000002069701
0x3166,61,0.000002069701
0x3167,61,0.000002069701
0x3169,61,0.000002069701
0x316a,61,0.000002069701
0x316c,61,0.000002069701
0x316d,61,0.000002069701
0x316e,61,0.000002069701
0x316f,61,0.000002069701
0x3171,61,0.000002069701
0x3172,61,0.000002069701
0x3174,61,0.000002069701
0x3176,61,0.000002069701
0x3177,61,0.000002069701
0x3178,61,0.000002069701
0x3179,573,0.000019441617
0x317c,540,0.000018321943
0x317d,540,0.000018321943
0x317e,540,0.000018321943
0x317f,540,0.000018321943
0x3180,540,0.000018321943
0x3181,540,0.000018321943
0x3182,540,0.000018321943
0x3183,540,0.000018321943
0x3186,32,0.000001085745
0x3188,32,0.000001085745
0x318a,540,0.000018321943
0x318b,540,0.000018321943
0x318e,28,0.000000950027
0x3192,573,0.000019441617
0x3193,573,0.000019441617
0x3195,573,0.000019441617
0x3196,299,0.000010144928
0x3199,299,0.000010144928
0x319a,299,0.000010144928
0x319b,35,0.000001187533
0x319e,35,0.000001187533
0x319f,35,0.000001187533
0x31a0,35,0.000001187533
0x31a1,35,0.000001187533
0x31a2,35,0.000001187533
0x31a3,33,0.000001119674
0x31a4,33,0.000001119674
0x31a7,33,0.000001119674
0x31a9,33,0.000001119674
0x31ac,33,0.000001119674
0x31ad,33,0.000001119674
0x31b4,240,0.000008143086
0x31b7,240,0.000008143086
0x31b9,240,0.000008143086
0x31ba,33,0.000001119674
0x31bd,33,0.000001119674
0x31bf,33,0.000001119674
0x31c0,33,0.000001119674
0x31c2,33,0.000001119674
0x31c3,33,0.000001119674
0x31c5,33,0.000001119674
0x31c6,33,0.000001119674
0x31c7,33,0.000001119674
0x31c8,33,0.000001119674
0x31cb,33,0.000001119674
0x31cd,33,0.000001119674
0x31ce,33,0.000001119674
0x31d1,20,0.000000678590
0x31d2,20,0.000000678590
0x31d3,20,0.000000678590
0x31d4,20,0.000000678590
0x31d6,33,0.000001119674
0x31d7,33,0.000001119674
0x31d8,33,0.000001119674
0x31d9,33,0.000001119674
0x31da,33,0.000001119674
0x31dc,33,0.000001119674
0x31de,33,0.000001119674
0x31df,33,0.000001119674
0x31e1,33,0.000001119674
0x31e2,33,0.000001119674
0x31e3,33,0.000001119674
0x31e4,33,0.000001119674
0x31e5,33,0.000001119674
0x31e6,33,0.000001119674
0x31e7,33,0.000001119674
0x31e8,33,0.000001119674
0x31e9,33,0.000001119674
0x31ec,33,0.000001119674
0x31ed,33,0.000001119674
0x31f0,33,0.000001119674
0x31f1,33,0.000001119674
0x31f2,33,0.000001119674
0x31f4,33,0.000001119674
0x31f5,33,0.000001119674
0x31f7,33,0.000001119674
0x31f8,33,0.000001119674
0x31fb,33,0.000001119674
0x31fd,33,0.000001119674
0x31fe,33,0.000001119674
0x31ff,33,0.000001119674
0x3201,33,0.000001119674
0x3202,33,0.000001119674
0x3203,33,0.000001119674
0x3204,33,0.000001119674
0x3207,33,0.000001119674
0x3209,33,0.000001119674
0x320a,33,0.000001119674
0x320b,33,0.000001119674
0x320c,33,0.000001119674
0x320d,33,0.000001119674
0x3210,33,0.000001119674
0x3213,33,0.000001119674
0x3215,33,0.000001119674
0x3216,29,0.000000983956
0x3217,29,0.000000983956
0x3219,29,0.000000983956
0x321b,29,0.000000983956
0x321c,4,0.000000135718
0x321e,4,0.000000135718
0x3220,4,0.000000135718
0x322c,238,0.000008075227
0x322f,238,0.000008075227
0x3231,238,0.000008075227
0x3232,32,0.000001085745
0x3235,32,0.000001085745
0x3238,32,0.000001085745
0x323b,32,0.000001085745
0x323c,32,0.000001085745
0x323f,32,0.000001085745
0x3240,317,0.000010755659
0x3241,317,0.000010755659
0x3243,317,0.000010755659
0x3246,129,0.000004376909
0x3247,129,0.000004376909
0x3248,129,0.000004376909
0x3249,99,0.000003359023
0x324a,99,0.000003359023
0x324b,99,0.000003359023
0x324c,99,0.000003359023
0x324d,99,0.000003359023
0x324e,287,0.000009737773
0x324f,287,0.000009737773
0x3250,287,0.000009737773
0x3251,287,0.000009737773
0x3253,287,0.000009737773
0x3254,287,0.000009737773
0x3256,287,0.000009737773
0x3259,2,0.000000067859
0x325b,2,0.000000067859
0x325e,2,0.000000067859
0x3264,245,0.000008312733
0x3267,245,0.000008312733
0x3268,245,0.000008312733
0x326b,245,0.000008312733
0x326c,245,0.000008312733
0x326e,245,0.000008312733
0x326f,245,0.000008312733
0x3271,245,0.000008312733
0x3272,245,0.000008312733
0x3274,245,0.000008312733
0x3275,35,0.000001187533
0x3277,35,0.000001187533
0x3279,35,0.000001187533
0x327a,35,0.000001187533
0x327b,35,0.000001187533
0x327c,35,0.000001187533
0x327e,35,0.000001187533
0x3281,35,0.000001187533
0x3282,35,0.000001187533
0x3285,35,0.000001187533
0x3286,35,0.000001187533
0x3287,35,0.000001187533
0x3289,35,0.000001187533
0x328a,35,0.000001187533
0x328b,35,0.000001187533
0x328d,35,0.000001187533
0x328e,35,0.000001187533
0x328f,75,0.000002544714
0x3290,75,0.000002544714
0x3291,75,0.000002544714
0x3292,75,0.000002544714
0x3295,71,0.000002408996
0x3296,71,0.000002408996
0x3297,71,0.000002408996
0x329a,54,0.000001832194
0x329b,54,0.000001832194
0x329e,54,0.000001832194
0x329f,54,0.000001832194
0x32a0,54,0.000001832194
0x32a3,54,0.000001832194
0x32a4,75,0.000002544714
0x32a5,75,0.000002544714
0x32a6,75,0.000002544714
0x32a9,3,0.000000101789
0x32ab,75,0.000002544714
0x32ac,75,0.000002544714
0x32af,35,0.000001187533
0x32b0,26,0.000000882168
0x32b3,26,0.000000882168
0x32b5,26,0.000000882168
0x32b8,26,0.000000882168
0x32ba,26,0.000000882168
0x32bc,26,0.000000882168
0x32bf,26,0.000000882168
0x32c2,26,0.000000882168
0x32c3,26,0.000000882168
0x32c4,10,0.000000339295
0x32c5,10,0.000000339295
0x32c6,10,0.000000339295
0x32c7,10,0.000000339295
0x32c8,10,0.000000339295
0x32cb,10,0.000000339295
0x32cd,10,0.000000339295
0x32d0,10,0.000000339295
0x32d2,10,0.000000339295
0x32d4,10,0.000000339295
0x32d6,10,0.000000339295
0x32d7,10,0.000000339295
0x32d9,10,0.000000339295
0x32da,10,0.000000339295
0x32dc,10,0.000000339295
0x32dd,10,0.000000339295
0x32de,10,0.000000339295
0x32e1,10,0.000000339295
0x32e2,10,0.000000339295
0x32e3,10,0.000000339295
0x32e6,3,0.000000101789
0x32e7,3,0.000000101789
0x32e9,3,0.000000101789
0x32ea,3,0.000000101789
0x3400,3344,0.000113460327
0x3403,3344,0.000113460327
0x3406,3344,0.000113460327
0x3409,3344,0.000113460327
0x340c,3344,0.000113460327
0x340f,3344,0.000113460327
0x3412,3344,0.000113460327
0x3413,3344,0.000113460327
0x3416,3152,0.000106945859
0x3418,3152,0.000106945859
0x341b,691,0.000023445301
0x341e,691,0.000023445301
0x3421,691,0.000023445301
0x3424,691,0.000023445301
0x3427,691,0.000023445301
0x342a,691,0.000023445301
0x342d,691,0.000023445301
0x342e,691,0.000023445301
0x3431,346,0.000011739615
0x3434,346,0.000011739615
0x3438,2461,0.000083500558
0x343b,2461,0.000083500558
0x343c,2461,0.000083500558
0x343f,1230,0.000041733314
0x3442,1230,0.000041733314
0x3445,1230,0.000041733314
0x3448,1230,0.000041733314
0x344b,1230,0.000041733314
0x3452,1231,0.000041767244
0x3455,1231,0.000041767244
0x3458,1231,0.000041767244
0x345b,1231,0.000041767244
0x3462,192,0.000006514469
0x3465,192,0.000006514469
0x3466,192,0.000006514469
0x3467,96,0.000003257234
0x346a,96,0.000003257234
0x346d,96,0.000003257234
0x3474,1921,0.000065178615
0x3477,7684,0.000260714460
0x3478,7684,0.000260714460
0x347b,7684,0.000260714460
0x347c,7684,0.000260714460
0x347d,7684,0.000260714460
0x347f,7684,0.000260714460
0x3480,7684,0.000260714460
0x3482,7684,0.000260714460
0x3485,1921,0.000065178615
0x3486,1922,0.000065212545
0x3489,7688,0.000260850178
0x348a,7688,0.000260850178
0x348d,7688,0.000260850178
0x348e,7688,0.000260850178
0x348f,7688,0.000260850178
0x3491,7688,0.000260850178
0x3492,7688,0.000260850178
0x3494,7688,0.000260850178
0x3497,1922,0.000065212545
0x3498,1921,0.000065178615
0x349b,7684,0.000260714460
0x349c,7684,0.000260714460
0x349f,7684,0.000260714460
0x34a0,7684,0.000260714460
0x34a1,7684,0.000260714460
0x34a3,7684,0.000260714460
0x34a4,7684,0.000260714460
0x34a6,7684,0.000260714460
0x34a9,1921,0.000065178615
0x34aa,1922,0.000065212545
0x34ad,7688,0.000260850178
0x34ae,7688,0.000260850178
0x34b1,7688,0.000260850178
0x34b2,7688,0.000260850178
0x34b3,7688,0.000260850178
0x34b5,7688,0.000260850178
0x34b6,7688,0.000260850178
0x34b8,7688,0.000260850178
0x34bb,1922,0.000065212545
0x34c0,15724,0.000533507831
0x34c1,15724,0.000533507831
0x34c2,15724,0.000533507831
0x34c3,9973,0.000338379140
0x34c4,9973,0.000338379140
0x34c6,9973,0.000338379140
0x34c7,9973,0.000338379140
0x34c9,9973,0.000338379140
0x34ca,9973,0.000338379140
0x34cb,9973,0.000338379140
0x34cc,9973,0.000338379140
0x34cd,9973,0.000338379140
0x34ce,9973,0.000338379140
0x34cf,9973,0.000338379140
0x34d0,9973,0.000338379140
0x34d1,9973,0.000338379140
0x34d2,9973,0.000338379140
0x34d3,9973,0.000338379140
0x34d4,9973,0.000338379140
0x34d5,9973,0.000338379140
0x34d7,9973,0.000338379140
0x34d8,9973,0.000338379140
0x34da,9973,0.000338379140
0x34db,9973,0.000338379140
0x34dc,9973,0.000338379140
0x34dd,9973,0.000338379140
0x34de,9998,0.000339227378
0x34df,9998,0.000339227378
0x34e1,9998,0.000339227378
0x34e4,2125,0.000072100238
0x34e5,2125,0.000072100238
0x34e7,2125,0.000072100238
0x34ea,1135,0.000038510009
0x34ec,1135,0.000038510009
0x34ed,1135,0.000038510009
0x34ee,1135,0.000038510009
0x34f0,1135,0.000038510009
0x34f1,1135,0.000038510009
0x34f3,1135,0.000038510009
0x34f6,816,0.000027686491
0x34f8,816,0.000027686491
0x34f9,816,0.000027686491
0x34fa,816,0.000027686491
0x34fc,816,0.000027686491
0x34fd,816,0.000027686491
0x34ff,816,0.000027686491
0x3509,1135,0.000038510009
0x350a,1135,0.000038510009
0x350b,1135,0.000038510009
0x350c,9998,0.000339227378
0x350e,9998,0.000339227378
0x350f,9998,0.000339227378
0x3512,9998,0.000339227378
0x3513,9998,0.000339227378
0x3515,9998,0.000339227378
0x3516,9998,0.000339227378
0x3518,9998,0.000339227378
0x3519,9998,0.000339227378
0x3520,269,0.000009127042
0x3521,269,0.000009127042
0x3522,269,0.000009127042
0x3523,269,0.000009127042
0x3524,269,0.000009127042
0x3525,269,0.000009127042
0x3526,269,0.000009127042
0x3527,269,0.000009127042
0x3528,2559,0.000086825651
0x3529,2559,0.000086825651
0x352a,2559,0.000086825651
0x352b,2559,0.000086825651
0x352c,2559,0.000086825651
0x352d,2559,0.000086825651
0x352e,2559,0.000086825651
0x352f,2559,0.000086825651
0x3530,3316,0.000112510301
0x3531,3316,0.000112510301
0x3532,3316,0.000112510301
0x3533,3316,0.000112510301
0x3534,3316,0.000112510301
0x3535,3316,0.000112510301
0x3536,3316,0.000112510301
0x3537,3316,0.000112510301
0x3538,4054,0.000137550289
0x3539,4054,0.000137550289
0x353a,4054,0.000137550289
0x353b,4054,0.000137550289
0x353c,4054,0.000137550289
0x353d,4054,0.000137550289
0x353e,4054,0.000137550289
0x353f,4054,0.000137550289
0x3540,9876,0.000335087976
0x3541,9876,0.000335087976
0x3542,9876,0.000335087976
0x3543,9876,0.000335087976
0x3544,9876,0.000335087976
0x3545,9876,0.000335087976
0x3546,9876,0.000335087976
0x3547,9876,0.000335087976
0x3548,10824,0.000367253164
0x3549,10824,0.000367253164
0x354a,10824,0.000367253164
0x354b,10824,0.000367253164
0x354c,10824,0.000367253164
0x354d,10824,0.000367253164
0x354e,10824,0.000367253164
0x354f,10824,0.000367253164
0x3550,10976,0.000372410452
0x3551,10976,0.000372410452
0x3552,10976,0.000372410452
0x3553,10976,0.000372410452
0x3554,10976,0.000372410452
0x3555,10976,0.000372410452
0x3556,10976,0.000372410452
0x3557,10976,0.000372410452
0x3558,10976,0.000372410452
0x355a,10976,0.000372410452
0x355b,10976,0.000372410452
0x355d,10976,0.000372410452
0x3560,3152,0.000106945859
0x3563,3152,0.000106945859
0x3564,3152,0.000106945859
0x3565,3152,0.000106945859
0x3566,3152,0.000106945859
0x3567,3152,0.000106945859
0x3568,3152,0.000106945859
0x3569,3152,0.000106945859
0x356a,3152,0.000106945859
0x356d,3152,0.000106945859
0x3570,3152,0.000106945859
0x3572,3152,0.000106945859
0x3577,3152,0.000106945859
0x3579,3152,0.000106945859
0x357a,3152,0.000106945859
0x357b,3152,0.000106945859
0x357e,3152,0.000106945859
0x357f,3152,0.000106945859
0x3581,3152,0.000106945859
0x3584,2134,0.000072405604
0x3586,3152,0.000106945859
0x3587,3152,0.000106945859
0x3588,3152,0.000106945859
0x3589,3152,0.000106945859
0x358c,3152,0.000106945859
0x358d,3152,0.000106945859
0x358e,3152,0.000106945859
0x3590,3152,0.000106945859
0x3591,3152,0.000106945859
0x3593,3152,0.000106945859
0x3594,3152,0.000106945859
0x3596,3152,0.000106945859
0x3597,3152,0.000106945859
0x359a,3152,0.000106945859
0x359b,3152,0.000106945859
0x359c,3152,0.000106945859
0x359d,3152,0.000106945859
0x359f,3152,0.000106945859
0x35a2,3152,0.000106945859
0x35b0,15372,0.000521564638
0x35b1,15372,0.000521564638
0x35b2,15372,0.000521564638
0x35b3,9621,0.000326435947
0x35b4,9621,0.000326435947
0x35b5,9621,0.000326435947
0x35b6,9621,0.000326435947
0x35b7,9621,0.000326435947
0x35b8,9621,0.000326435947
0x35b9,9621,0.000326435947
0x35ba,9621,0.000326435947
0x35bd,8786,0.000298104795
0x35be,9621,0.000326435947
0x35bf,9621,0.000326435947
0x35c0,9621,0.000326435947
0x35c1,9621,0.000326435947
0x35c2,9621,0.000326435947
0x35c3,9621,0.000326435947
0x35c4,9621,0.000326435947
0x35c5,9621,0.000326435947
0x35c7,9621,0.000326435947
0x35c8,9621,0.000326435947
0x35c9,9621,0.000326435947
0x35ca,9621,0.000326435947
0x35cb,9621,0.000326435947
0x35cc,9621,0.000326435947
0x35cd,9621,0.000326435947
0x35ce,9621,0.000326435947
0x35cf,9621,0.000326435947
0x35d0,9621,0.000326435947
0x35d1,9621,0.000326435947
0x35d2,9621,0.000326435947
0x35d3,9621,0.000326435947
0x35d4,9621,0.000326435947
0x35d5,9621,0.000326435947
0x35d6,9621,0.000326435947
0x35d7,9621,0.000326435947
0x35d8,9621,0.000326435947
0x35d9,9621,0.000326435947
0x35da,9621,0.000326435947
0x35db,9621,0.000326435947
0x35e0,7246,0.000245853329
0x35e1,7246,0.000245853329
0x35e2,7246,0.000245853329
0x35e3,7246,0.000245853329
0x35e5,7246,0.000245853329
0x35e8,3471,0.000117769377
0x35e9,3471,0.000117769377
0x35ea,3471,0.000117769377
0x35eb,3471,0.000117769377
0x35ec,3471,0.000117769377
0x35ed,3471,0.000117769377
0x35ee,3471,0.000117769377
0x35ef,3471,0.000117769377
0x35f0,3471,0.000117769377
0x35f1,3471,0.000117769377
0x35f3,3471,0.000117769377
0x35f6,969,0.000032877708
0x35f8,969,0.000032877708
0x35f9,969,0.000032877708
0x35fa,969,0.000032877708
0x35fb,969,0.000032877708
0x35fd,969,0.000032877708
0x35fe,969,0.000032877708
0x3601,122,0.000004139402
0x3602,122,0.000004139402
0x3603,122,0.000004139402
0x3604,969,0.000032877708
0x3605,969,0.000032877708
0x3606,969,0.000032877708
0x3607,969,0.000032877708
0x3608,969,0.000032877708
0x3609,969,0.000032877708
0x360a,969,0.000032877708
0x360b,969,0.000032877708
0x360c,969,0.000032877708
0x360e,969,0.000032877708
0x360f,969,0.000032877708
0x3612,887,0.000030095488
0x3613,887,0.000030095488
0x3614,887,0.000030095488
0x3615,887,0.000030095488
0x3616,887,0.000030095488
0x3618,887,0.000030095488
0x3619,887,0.000030095488
0x361a,887,0.000030095488
0x361b,887,0.000030095488
0x361c,585,0.000019848771
0x361f,585,0.000019848771
0x3620,585,0.000019848771
0x3621,585,0.000019848771
0x3622,234,0.000007939509
0x3623,234,0.000007939509
0x3624,234,0.000007939509
0x3628,3775,0.000128083952
0x362a,3775,0.000128083952
0x362d,3690,0.000125199942
0x362e,3690,0.000125199942
0x362f,3690,0.000125199942
0x3630,3690,0.000125199942
0x3631,3690,0.000125199942
0x3632,3690,0.000125199942
0x3633,3690,0.000125199942
0x3634,3690,0.000125199942
0x3635,3690,0.000125199942
0x3636,3690,0.000125199942
0x3637,3690,0.000125199942
0x363a,1164,0.000039493966
0x363c,1164,0.000039493966
0x363d,1164,0.000039493966
0x363e,1164,0.000039493966
0x363f,1164,0.000039493966
0x3641,1164,0.000039493966
0x3642,1164,0.000039493966
0x3645,153,0.000005191217
0x3646,153,0.000005191217
0x3647,153,0.000005191217
0x3648,1164,0.000039493966
0x3649,1164,0.000039493966
0x364a,1164,0.000039493966
0x364b,1164,0.000039493966
0x364c,1164,0.000039493966
0x364d,1164,0.000039493966
0x364e,1164,0.000039493966
0x364f,1164,0.000039493966
0x3650,1164,0.000039493966
0x3651,1164,0.000039493966
0x3652,1164,0.000039493966
0x3654,1164,0.000039493966
0x3655,1164,0.000039493966
0x3656,1164,0.000039493966
0x3657,1164,0.000039493966
0x365a,869,0.000029484756
0x365d,869,0.000029484756
0x365e,869,0.000029484756
0x3661,247,0.000008380592
0x3662,247,0.000008380592
0x3663,1164,0.000039493966
0x3665,1164,0.000039493966
0x3666,1164,0.000039493966
0x366a,2502,0.000084891668
0x366b,2502,0.000084891668
0x366c,2502,0.000084891668
0x366d,94,0.000003189375
0x366e,94,0.000003189375
0x366f,94,0.000003189375
0x3670,94,0.000003189375
0x3671,94,0.000003189375
0x3672,82,0.000002782221
0x3673,82,0.000002782221
0x3674,82,0.000002782221
0x3675,82,0.000002782221
0x3676,82,0.000002782221
0x3679,82,0.000002782221
0x367b,82,0.000002782221
0x367c,82,0.000002782221
0x367f,82,0.000002782221
0x3680,82,0.000002782221
0x3683,82,0.000002782221
0x3684,82,0.000002782221
0x3686,82,0.000002782221
0x3689,82,0.000002782221
0x368a,82,0.000002782221
0x368b,82,0.000002782221
0x368d,82,0.000002782221
0x368e,52,0.000001764335
0x3690,52,0.000001764335
0x3691,40,0.000001357181
0x3692,40,0.000001357181
0x3695,2526,0.000085705977
0x3696,2526,0.000085705977
0x3697,2526,0.000085705977
0x3698,2526,0.000085705977
0x3699,2526,0.000085705977
0x369a,2526,0.000085705977
0x369b,2526,0.000085705977
0x369c,2526,0.000085705977
0x369d,65,0.000002205419
0x369e,65,0.000002205419
0x36a0,65,0.000002205419
0x36a1,65,0.000002205419
0x36a4,65,0.000002205419
0x36a6,65,0.000002205419
0x36a7,65,0.000002205419
0x36aa,55,0.000001866124
0x36ab,65,0.000002205419
0x36ae,65,0.000002205419
0x36b0,65,0.000002205419
0x36b3,65,0.000002205419
0x36b4,65,0.000002205419
0x36b6,65,0.000002205419
0x36b7,65,0.000002205419
0x36b9,65,0.000002205419
0x36ba,65,0.000002205419
0x36bb,65,0.000002205419
0x36c0,2375,0.000080582619
0x36c1,2375,0.000080582619
0x36c2,2375,0.000080582619
0x36c3,1187,0.000040274345
0x36c4,1187,0.000040274345
0x36c5,1187,0.000040274345
0x36c6,1187,0.000040274345
0x36c8,1187,0.000040274345
0x36c9,1187,0.000040274345
0x36cc,230,0.000007803790
0x36cd,230,0.000007803790
0x36ce,230,0.000007803790
0x36cf,230,0.000007803790
0x36d2,3129,0.000106165480
0x36d3,3129,0.000106165480
0x36d4,3129,0.000106165480
0x36d5,3129,0.000106165480
0x36d6,3129,0.000106165480
0x36d7,3129,0.000106165480
0x36d8,117,0.000003969754
0x36d9,117,0.000003969754
0x36da,117,0.000003969754
0x36db,117,0.000003969754
0x36dc,117,0.000003969754
0x36dd,117,0.000003969754
0x36de,117,0.000003969754
0x36e1,117,0.000003969754
0x36e3,117,0.000003969754
0x36e6,117,0.000003969754
0x36ea,3233,0.000109694150
0x36eb,3233,0.000109694150
0x36ec,3233,0.000109694150
0x36ed,3233,0.000109694150
0x36ee,3233,0.000109694150
0x36ef,3233,0.000109694150
0x36f0,746,0.000025311425
0x36f1,746,0.000025311425
0x36f2,746,0.000025311425
0x36f3,746,0.000025311425
0x36f5,746,0.000025311425
0x36f6,64,0.000002171490
0x36f7,64,0.000002171490
0x36f8,64,0.000002171490
0x36f9,64,0.000002171490
0x36fa,64,0.000002171490
0x36fb,64,0.000002171490
0x36fc,64,0.000002171490
0x36fd,64,0.000002171490
0x36fe,64,0.000002171490
0x3701,64,0.000002171490
0x3703,64,0.000002171490
0x3706,64,0.000002171490
0x370a,3029,0.000102772527
0x370b,3029,0.000102772527
0x370c,3029,0.000102772527
0x370d,3029,0.000102772527
0x370e,3029,0.000102772527
0x370f,3029,0.000102772527
0x3710,236,0.000008007368
0x3711,236,0.000008007368
0x3712,236,0.000008007368
0x3713,236,0.000008007368
0x3715,236,0.000008007368
0x3716,82,0.000002782221
0x3717,82,0.000002782221
0x3718,82,0.000002782221
0x3719,82,0.000002782221
0x371a,82,0.000002782221
0x371b,82,0.000002782221
0x371c,82,0.000002782221
0x371d,82,0.000002782221
0x371e,82,0.000002782221
0x3721,82,0.000002782221
0x3723,82,0.000002782221
0x3726,82,0.000002782221
0x3729,82,0.000002782221
0x372a,82,0.000002782221
0x372c,82,0.000002782221
0x372d,39,0.000001323251
0x372e,39,0.000001323251
0x3730,39,0.000001323251
0x3731,39,0.000001323251
0x3732,39,0.000001323251
0x3733,39,0.000001323251
0x3734,39,0.000001323251
0x3735,39,0.000001323251
0x3736,39,0.000001323251
0x3739,39,0.000001323251
0x373b,39,0.000001323251
0x373e,39,0.000001323251
0x3744,85,0.000002884010
0x3746,85,0.000002884010
0x3747,85,0.000002884010
0x3748,85,0.000002884010
0x3749,85,0.000002884010
0x374a,85,0.000002884010
0x374c,85,0.000002884010
0x374d,85,0.000002884010
0x374e,85,0.000002884010
0x3750,85,0.000002884010
0x3751,85,0.000002884010
0x3752,9,0.000000305366
0x3753,9,0.000000305366
0x3754,9,0.000000305366
0x3758,10442,0.000354292086
0x3759,10442,0.000354292086
0x375a,10442,0.000354292086
0x375b,188,0.000006378750
0x375c,188,0.000006378750
0x375f,176,0.000005971596
0x3760,176,0.000005971596
0x3761,176,0.000005971596
0x3764,94,0.000003189375
0x3766,94,0.000003189375
0x3767,94,0.000003189375
0x3769,94,0.000003189375
0x376a,94,0.000003189375
0x376b,94,0.000003189375
0x376c,94,0.000003189375
0x376d,94,0.000003189375
0x376e,94,0.000003189375
0x376f,94,0.000003189375
0x3770,94,0.000003189375
0x3771,94,0.000003189375
0x3772,94,0.000003189375
0x3773,94,0.000003189375
0x3774,94,0.000003189375
0x3777,94,0.000003189375
0x377a,94,0.000003189375
0x377b,94,0.000003189375
0x377c,94,0.000003189375
0x377d,94,0.000003189375
0x377e,94,0.000003189375
0x3780,94,0.000003189375
0x3781,94,0.000003189375
0x3782,94,0.000003189375
0x3783,94,0.000003189375
0x3786,94,0.000003189375
0x3787,94,0.000003189375
0x3788,92,0.000003121516
0x3789,92,0.000003121516
0x378c,92,0.000003121516
0x378e,92,0.000003121516
0x378f,92,0.000003121516
0x3791,92,0.000003121516
0x3792,92,0.000003121516
0x3796,94,0.000003189375
0x3798,94,0.000003189375
0x3799,94,0.000003189375
0x379b,94,0.000003189375
0x379e,36,0.000001221463
0x379f,94,0.000003189375
0x37a0,94,0.000003189375
0x37a1,94,0.000003189375
0x37a4,94,0.000003189375
0x37a5,94,0.000003189375
0x37a6,35,0.000001187533
0x37a7,35,0.000001187533
0x37aa,35,0.000001187533
0x37b0,82,0.000002782221
0x37b1,82,0.000002782221
0x37b2,82,0.000002782221
0x37b3,82,0.000002782221
0x37b4,82,0.000002782221
0x37b5,82,0.000002782221
0x37b6,82,0.000002782221
0x37b7,82,0.000002782221
0x37b8,82,0.000002782221
0x37b9,82,0.000002782221
0x37ba,82,0.000002782221
0x37bb,82,0.000002782221
0x37be,82,0.000002782221
0x37c0,82,0.000002782221
0x37c1,82,0.000002782221
0x37c4,82,0.000002782221
0x37c6,82,0.000002782221
0x37cc,12,0.000000407154
0x37cd,12,0.000000407154
0x37ce,12,0.000000407154
0x37cf,12,0.000000407154
0x37d0,12,0.000000407154
0x37d2,12,0.000000407154
0x37d4,12,0.000000407154
0x37d5,12,0.000000407154
0x37d7,12,0.000000407154
0x37da,12,0.000000407154
0x37dd,312,0.000010586011
0x37de,312,0.000010586011
0x37df,312,0.000010586011
0x37e0,312,0.000010586011
0x37e1,312,0.000010586011
0x37e2,312,0.000010586011
0x37e5,12,0.000000407154
0x3800,6688,0.000226920654
0x3803,6688,0.000226920654
0x3805,6688,0.000226920654
0x3806,3259,0.000110576318
0x3809,3259,0.000110576318
0x380b,3259,0.000110576318
0x380c,3259,0.000110576318
0x380f,3259,0.000110576318
0x3810,3259,0.000110576318
0x3813,3259,0.000110576318
0x3815,3259,0.000110576318
0x3816,3259,0.000110576318
0x3819,3259,0.000110576318
0x381a,3259,0.000110576318
0x381b,3259,0.000110576318
0x381d,3259,0.000110576318
0x381e,3259,0.000110576318
0x381f,3259,0.000110576318
0x3820,3259,0.000110576318
0x3822,3259,0.000110576318
0x3823,55,0.000001866124
0x3824,55,0.000001866124
0x3827,55,0.000001866124
0x3829,55,0.000001866124
0x382b,55,0.000001866124
0x382c,55,0.000001866124
0x382e,55,0.000001866124
0x382f,55,0.000001866124
0x3830,55,0.000001866124
0x3832,55,0.000001866124
0x3833,55,0.000001866124
0x3834,55,0.000001866124
0x3835,55,0.000001866124
0x3837,55,0.000001866124
0x3838,55,0.000001866124
0x3839,55,0.000001866124
0x383b,55,0.000001866124
0x383c,55,0.000001866124
0x383e,55,0.000001866124
0x3841,36,0.000001221463
0x3844,43,0.000001458970
0x3846,43,0.000001458970
0x3847,43,0.000001458970
0x3849,43,0.000001458970
0x384a,43,0.000001458970
0x384b,43,0.000001458970
0x384c,19,0.000000644661
0x384f,19,0.000000644661
0x3850,19,0.000000644661
0x3851,19,0.000000644661
0x3853,19,0.000000644661
0x3854,19,0.000000644661
0x3855,19,0.000000644661
0x3856,19,0.000000644661
0x3857,19,0.000000644661
0x3858,19,0.000000644661
0x3859,19,0.000000644661
0x385c,19,0.000000644661
0x385d,19,0.000000644661
0x385f,19,0.000000644661
0x3862,10,0.000000339295
0x3863,10,0.000000339295
0x3865,10,0.000000339295
0x3868,10,0.000000339295
0x386b,10,0.000000339295
0x386e,10,0.000000339295
0x386f,10,0.000000339295
0x3871,10,0.000000339295
0x3874,3,0.000000101789
0x3875,3,0.000000101789
0x3876,3,0.000000101789
0x3878,3,0.000000101789
0x387a,3,0.000000101789
0x387b,3,0.000000101789
0x387c,3,0.000000101789
0x387e,3,0.000000101789
0x3881,3,0.000000101789
0x3882,3,0.000000101789
0x3883,3,0.000000101789
0x3884,3,0.000000101789
0x3885,3,0.000000101789
0x3887,3,0.000000101789
0x388a,2,0.000000067859
0x388b,2,0.000000067859
0x388c,2,0.000000067859
0x388d,2,0.000000067859
0x3894,9,0.000000305366
0x3897,9,0.000000305366
0x3899,9,0.000000305366
0x389c,9,0.000000305366
0x38a1,25,0.000000848238
0x38a2,25,0.000000848238
0x38a4,25,0.000000848238
0x38a5,25,0.000000848238
0x38a6,25,0.000000848238
0x38a7,25,0.000000848238
0x38a8,25,0.000000848238
0x38a9,25,0.000000848238
0x38ac,25,0.000000848238
0x38ae,25,0.000000848238
0x38af,25,0.000000848238
0x38b1,25,0.000000848238
0x38b4,25,0.000000848238
0x38b5,25,0.000000848238
0x38bc,32,0.000001085745
0x38be,32,0.000001085745
0x38bf,32,0.000001085745
0x38c1,32,0.000001085745
0x38c2,32,0.000001085745
0x38c3,32,0.000001085745
0x38c4,6,0.000000203577
0x38c7,6,0.000000203577
0x38c8,6,0.000000203577
0x38ca,6,0.000000203577
0x38cd,5,0.000000169648
0x38cf,5,0.000000169648
0x38d2,2,0.000000067859
0x38d3,2,0.000000067859
0x38d4,2,0.000000067859
0x38d5,2,0.000000067859
0x38d7,2,0.000000067859
0x38d8,2,0.000000067859
0x38db,2,0.000000067859
0x38dc,2,0.000000067859
0x38dd,2,0.000000067859
0x38de,2,0.000000067859
0x38df,2,0.000000067859
0x38e1,2,0.000000067859
0x38e2,2,0.000000067859
0x38e4,2,0.000000067859
0x38e5,2,0.000000067859
0x38e7,2,0.000000067859
0x38e8,2,0.000000067859
0x38e9,6,0.000000203577
0x38eb,6,0.000000203577
0x38ee,6,0.000000203577
0x38f1,6,0.000000203577
0x38f8,15,0.000000508943
0x38fb,25,0.000000848238
0x38fc,25,0.000000848238
0x38fd,25,0.000000848238
0x3900,3,0.000000101789
0x3901,3,0.000000101789
0x3902,3,0.000000101789
0x3903,3,0.000000101789
0x3904,3,0.000000101789
0x3905,3,0.000000101789
0x3906,25,0.000000848238
0x3907,25,0.000000848238
0x3908,25,0.000000848238
0x3909,25,0.000000848238
0x390a,25,0.000000848238
0x390d,25,0.000000848238
0x390e,25,0.000000848238
0x390f,25,0.000000848238
0x3912,25,0.000000848238
0x3913,25,0.000000848238
0x3916,25,0.000000848238
0x3918,25,0.000000848238
0x391b,25,0.000000848238
0x391c,36,0.000001221463
0x391d,36,0.000001221463
0x391f,36,0.000001221463
0x3922,4,0.000000135718
0x3923,7508,0.000254742864
0x3930,1576,0.000053472929
0x3933,1576,0.000053472929
0x3935,1576,0.000053472929
0x3937,1576,0.000053472929
0x3938,1576,0.000053472929
0x393a,1576,0.000053472929
0x393b,1576,0.000053472929
0x393c,1576,0.000053472929
0x393d,1576,0.000053472929
0x393f,1576,0.000053472929
0x3942,789,0.000026770394
0x3945,789,0.000026770394
0x3946,789,0.000026770394
0x3947,789,0.000026770394
0x394a,789,0.000026770394
0x394b,789,0.000026770394
0x394c,4957,0.000168188649
0x394d,4957,0.000168188649
0x3950,4801,0.000162895643
0x3951,4801,0.000162895643
0x3952,4801,0.000162895643
0x3954,4801,0.000162895643
0x3955,4801,0.000162895643
0x3956,4801,0.000162895643
0x3959,633,0.000021477389
0x395c,4957,0.000168188649
0x395d,4957,0.000168188649
0x395f,4957,0.000168188649
0x3960,1095,0.000037152828
0x3961,1095,0.000037152828
0x3963,1095,0.000037152828
0x3964,1095,0.000037152828
0x3965,1095,0.000037152828
0x3966,1095,0.000037152828
0x3967,914,0.000031011585
0x3968,914,0.000031011585
0x3969,156,0.000005293006
0x396b,156,0.000005293006
0x396c,156,0.000005293006
0x396d,156,0.000005293006
0x396e,156,0.000005293006
0x396f,156,0.000005293006
0x3972,156,0.000005293006
0x3973,156,0.000005293006
0x3975,156,0.000005293006
0x3976,156,0.000005293006
0x3977,156,0.000005293006
0x3978,156,0.000005293006
0x397a,156,0.000005293006
0x397b,156,0.000005293006
0x3980,3344,0.000113460327
0x3983,3344,0.000113460327
0x3985,3344,0.000113460327
0x3986,14,0.000000475013
0x3988,14,0.000000475013
0x3a00,1576,0.000053472929
0x3a03,1576,0.000053472929
0x3a05,1576,0.000053472929
0x3a06,1576,0.000053472929
0x3a07,1576,0.000053472929
0x3a08,1576,0.000053472929
0x3a0b,1576,0.000053472929
0x3a0c,1576,0.000053472929
0x3a0d,1576,0.000053472929
0x3a0e,787,0.000026702535
0x3a0f,787,0.000026702535
0x3a10,8276,0.000280800738
0x3a13,8276,0.000280800738
0x3a14,8276,0.000280800738
0x3a15,8276,0.000280800738
0x3a18,768,0.000026057874
0x3a1a,768,0.000026057874
0x3a1c,768,0.000026057874
0x3a1d,7508,0.000254742864
0x3a20,7508,0.000254742864
0x3a21,7508,0.000254742864
0x3a22,7508,0.000254742864
0x3a25,254,0.000008618099
0x3a27,254,0.000008618099
0x3a2a,9,0.000000305366
0x3a2c,254,0.000008618099
0x3a2d,254,0.000008618099
0x3a2e,254,0.000008618099
0x3a2f,254,0.000008618099
0x3a30,254,0.000008618099
0x3a31,254,0.000008618099
0x3a32,254,0.000008618099
0x3a34,254,0.000008618099
0x3a36,254,0.000008618099
0x3a37,254,0.000008618099
0x3a39,254,0.000008618099
0x3a3b,254,0.000008618099
0x3a3d,254,0.000008618099
0x3a3f,254,0.000008618099
0x3a40,7254,0.000246124765
0x3a42,7254,0.000246124765
0x3a43,7254,0.000246124765
0x3a44,7254,0.000246124765
0x3a47,761,0.000025820368
0x3a49,761,0.000025820368
0x3a4c,49,0.000001662547
0x3a4e,761,0.000025820368
0x3a4f,761,0.000025820368
0x3a50,761,0.000025820368
0x3a51,761,0.000025820368
0x3a52,761,0.000025820368
0x3a53,761,0.000025820368
0x3a54,761,0.000025820368
0x3a56,761,0.000025820368
0x3a58,761,0.000025820368
0x3a5a,761,0.000025820368
0x3a5b,761,0.000025820368
0x3a5d,761,0.000025820368
0x3a5f,761,0.000025820368
0x3a62,6493,0.000220304397
0x3a64,6493,0.000220304397
0x3a65,6493,0.000220304397
0x3a66,6493,0.000220304397
0x3a67,64,0.000002171490
0x3a69,64,0.000002171490
0x3a6c,4,0.000000135718
0x3a6e,4,0.000000135718
0x3a71,4,0.000000135718
0x3a73,4,0.000000135718
0x3a78,64,0.000002171490
0x3a79,64,0.000002171490
0x3a7b,64,0.000002171490
0x3a7c,64,0.000002171490
0x3a7e,64,0.000002171490
0x3a80,64,0.000002171490
0x3a81,64,0.000002171490
0x3a82,7508,0.000254742864
0x3a85,7508,0.000254742864
0x3a86,7508,0.000254742864
0x3a88,7508,0.000254742864
0x3a89,765,0.000025956086
0x3a8b,765,0.000025956086
0x3a8c,765,0.000025956086
0x3a8e,765,0.000025956086
0x3a8f,765,0.000025956086
0x3a90,7508,0.000254742864
0x3a93,7508,0.000254742864
0x3a94,7508,0.000254742864
0x3a95,7508,0.000254742864
0x3a98,3687,0.000125098154
0x3a9b,3687,0.000125098154
0x3a9e,3687,0.000125098154
0x3aa1,58992,0.002001570462
0x3aa2,58992,0.002001570462
0x3aa3,58992,0.002001570462
0x3aa4,58992,0.002001570462
0x3aa7,25265,0.000857229416
0x3aa8,25265,0.000857229416
0x3aaa,25265,0.000857229416
0x3aad,5406,0.000183423005
0x3aae,58992,0.002001570462
0x3aaf,58992,0.002001570462
0x3ab0,58992,0.002001570462
0x3ab1,58992,0.002001570462
0x3ab2,58992,0.002001570462
0x3ab5,3687,0.000125098154
0x3ab6,3687,0.000125098154
0x3ab7,3687,0.000125098154
0x3ab8,2918,0.000099006350
0x3aba,2918,0.000099006350
0x3abd,12,0.000000407154
0x3abf,2918,0.000099006350
0x3ac1,2918,0.000099006350
0x3ac2,2918,0.000099006350
0x3ac5,2918,0.000099006350
0x3ac6,2918,0.000099006350
0x3ac8,2918,0.000099006350
0x3ac9,2918,0.000099006350
0x3aca,2918,0.000099006350
0x3ad0,2190,0.000074305657
0x3ad3,2190,0.000074305657
0x3ad4,2190,0.000074305657
0x3ad6,2190,0.000074305657
0x3ad7,2190,0.000074305657
0x3ad8,2190,0.000074305657
0x3ada,2190,0.000074305657
0x3adb,2190,0.000074305657
0x3adc,2190,0.000074305657
0x3add,2190,0.000074305657
0x3adf,2190,0.000074305657
0x3ae0,2190,0.000074305657
0x3ae1,2190,0.000074305657
0x3ae3,2190,0.000074305657
0x3ae4,2190,0.000074305657
0x3ae5,2190,0.000074305657
0x3ae6,2190,0.000074305657
0x3ae9,2139,0.000072575251
0x3aec,2139,0.000072575251
0x3aee,2139,0.000072575251
0x3aef,2139,0.000072575251
0x3af1,2139,0.000072575251
0x3af2,2139,0.000072575251
0x3af3,2139,0.000072575251
0x3af4,47,0.000001594688
0x3af6,47,0.000001594688
0x3af8,51,0.000001730406
0x3afa,51,0.000001730406
0x3afb,51,0.000001730406
0x3afc,51,0.000001730406
0x3afd,51,0.000001730406
0x3aff,51,0.000001730406
0x3b00,51,0.000001730406
0x3b1b,7508,0.000254742864
0x3b1e,7508,0.000254742864
0x3b1f,7508,0.000254742864
0x3b20,7508,0.000254742864
0x3b33,7508,0.000254742864
0x3b36,7508,0.000254742864
0x3b37,7508,0.000254742864
0x3b38,7508,0.000254742864
0x3b43,7508,0.000254742864
0x3b46,7508,0.000254742864
0x3b47,7508,0.000254742864
0x3b49,7508,0.000254742864
0x3b4c,7508,0.000254742864
0x3b4f,7508,0.000254742864
0x3b52,7508,0.000254742864
0x3b55,7508,0.000254742864
0x3b58,7508,0.000254742864
0x3b5b,7508,0.000254742864
