pc,count,frequency
0x0000,1,0.000000051596
0x0001,1,0.000000051596
0x0002,1,0.000000051596
0x0003,1,0.000000051596
0x0004,1,0.000000051596
0x0005,1,0.000000051596
0x0006,1,0.000000051596
0x0007,1,0.000000051596
0x0008,1,0.000000051596
0x000b,1,0.000000051596
0x000d,1,0.000000051596
0x000f,1,0.000000051596
0x0012,1,0.000000051596
0x0015,1,0.000000051596
0x0017,1,0.000000051596
0x001a,11050,0.000570134958
0x001d,11049,0.000570083363
0x0020,11049,0.000570083363
0x0021,11049,0.000570083363
0x0024,4896,0.000252613643
0x0027,4896,0.000252613643
0x002a,4896,0.000252613643
0x002d,6153,0.000317469719
0x002f,6153,0.000317469719
0x0031,6153,0.000317469719
0x0032,6153,0.000317469719
0x0034,6153,0.000317469719
0x0035,6153,0.000317469719
0x0038,6153,0.000317469719
0x0039,6153,0.000317469719
0x003c,6153,0.000317469719
0x003d,6153,0.000317469719
0x0040,11,0.000000567555
0x0043,11,0.000000567555
0x0046,6142,0.000316902164
0x0049,6142,0.000316902164
0x0050,1,0.000000051596
0x0052,1,0.000000051596
0x0054,1,0.000000051596
0x0056,1,0.000000051596
0x0058,1,0.000000051596
0x005a,1,0.000000051596
0x005c,1,0.000000051596
0x005f,1,0.000000051596
0x0061,1,0.000000051596
0x0063,1,0.000000051596
0x0066,1,0.000000051596
0x0068,1,0.000000051596
0x006a,1,0.000000051596
0x006b,2,0.000000103192
0x006e,2,0.000000103192
0x0070,6130,0.000316283013
0x0072,6130,0.000316283013
0x0073,6130,0.000316283013
0x0074,6130,0.000316283013
0x0077,2,0.000000103192
0x0078,575,0.000029667656
0x007b,575,0.000029667656
0x0080,1423869,0.073465836481
0x0082,1423869,0.073465836481
0x0083,1423869,0.073465836481
0x0085,1423868,0.073465784885
0x0088,22146,0.001142643329
0x0089,22146,0.001142643329
0x008b,22146,0.001142643329
0x008e,11085,0.000571940816
0x0090,11085,0.000571940816
0x0091,11085,0.000571940816
0x0094,11085,0.000571940816
0x0095,11085,0.000571940816
0x0096,11085,0.000571940816
0x0097,11085,0.000571940816
0x0098,11085,0.000571940816
0x009a,11085,0.000571940816
0x009d,11085,0.000571940816
0x009f,11085,0.000571940816
0x00a0,11085,0.000571940816
0x00a2,11085,0.000571940816
0x00a3,11085,0.000571940816
0x00a6,11085,0.000571940816
0x00a8,11085,0.000571940816
0x00ab,11085,0.000571940816
0x00ac,2,0.000000103192
0x00ae,2,0.000000103192
0x00af,2,0.000000103192
0x00b0,2,0.000000103192
0x00b2,2,0.000000103192
0x00b5,2,0.000000103192
0x00bb,20185,0.001041463723
0x00be,20185,0.001041463723
0x00bf,20185,0.001041463723
0x00c0,20185,0.001041463723
0x00c1,20185,0.001041463723
0x00c2,20185,0.001041463723
0x00c3,20185,0.001041463723
0x00c4,1684,0.000086887536
0x00c5,1684,0.000086887536
0x00c7,1684,0.000086887536
0x00c9,1684,0.000086887536
0x00ca,1684,0.000086887536
0x00cd,1684,0.000086887536
0x00ce,1684,0.000086887536
0x00cf,1684,0.000086887536
0x00d0,1684,0.000086887536
0x00d1,1684,0.000086887536
0x00d2,1684,0.000086887536
0x00d3,1684,0.000086887536
0x00d4,1684,0.000086887536
0x00d6,1684,0.000086887536
0x00d8,1684,0.000086887536
0x00d9,1684,0.000086887536
0x00dc,1684,0.000086887536
0x00dd,1684,0.000086887536
0x00de,1684,0.000086887536
0x00e1,566,0.000029203293
0x00e3,6142,0.000316902164
0x00e6,6142,0.000316902164
0x00e9,6142,0.000316902164
0x00ec,6142,0.000316902164
0x00ef,6142,0.000316902164
0x00f2,6139,0.000316747376
0x00f5,6139,0.000316747376
0x00f8,6139,0.000316747376
0x00fb,6139,0.000316747376
0x00fe,5551,0.000286408973
0x0101,5551,0.000286408973
0x0104,5551,0.000286408973
0x0107,5549,0.000286305781
0x0109,5549,0.000286305781
0x010c,5549,0.000286305781
0x010f,5547,0.000286202590
0x0111,5547,0.000286202590
0x0114,5547,0.000286202590
0x0117,5545,0.000286099398
0x0119,5545,0.000286099398
0x011c,5545,0.000286099398
0x011f,5545,0.000286099398
0x0122,4970,0.000256431741
0x0125,4970,0.000256431741
0x0128,4970,0.000256431741
0x012b,4970,0.000256431741
0x012e,4794,0.000247350859
0x0131,4794,0.000247350859
0x0134,4794,0.000247350859
0x0137,4794,0.000247350859
0x013a,400,0.000020638370
0x0140,18,0.000000928727
0x0143,18,0.000000928727
0x0146,18,0.000000928727
0x0149,18,0.000000928727
0x014c,18,0.000000928727
0x014e,18,0.000000928727
0x014f,18,0.000000928727
0x0151,18,0.000000928727
0x0152,18,0.000000928727
0x0153,18,0.000000928727
0x0154,18,0.000000928727
0x0156,18,0.000000928727
0x0158,18,0.000000928727
0x015b,18,0.000000928727
0x015d,18,0.000000928727
0x015f,18,0.000000928727
0x0161,18,0.000000928727
0x0164,18,0.000000928727
0x0166,18,0.000000928727
0x0167,18,0.000000928727
0x0168,18,0.000000928727
0x016a,18,0.000000928727
0x016b,18,0.000000928727
0x016d,18,0.000000928727
0x016f,18,0.000000928727
0x0172,18,0.000000928727
0x0173,4392,0.000226609298
0x0174,4392,0.000226609298
0x0176,4392,0.000226609298
0x0178,4392,0.000226609298
0x017a,4392,0.000226609298
0x017b,3322,0.000171401659
0x017d,3322,0.000171401659
0x017e,3288,0.000169647398
0x0180,3288,0.000169647398
0x0182,3288,0.000169647398
0x0183,1147,0.000059180525
0x0185,1147,0.000059180525
0x0186,1113,0.000057426263
0x0188,1113,0.000057426263
0x018a,1113,0.000057426263
0x018b,35,0.000001805857
0x018d,35,0.000001805857
0x018e,35,0.000001805857
0x018f,35,0.000001805857
0x0191,35,0.000001805857
0x0192,2,0.000000103192
0x0194,2,0.000000103192
0x0196,1163,0.000060006059
0x0197,1163,0.000060006059
0x0199,1163,0.000060006059
0x019b,1163,0.000060006059
0x019c,947,0.000048861340
0x019d,947,0.000048861340
0x019e,947,0.000048861340
0x01a0,947,0.000048861340
0x01a1,947,0.000048861340
0x01a2,947,0.000048861340
0x01a3,947,0.000048861340
0x01a5,947,0.000048861340
0x01a6,947,0.000048861340
0x01a7,947,0.000048861340
0x01a8,947,0.000048861340
0x01ab,947,0.000048861340
0x01ae,947,0.000048861340
0x01af,947,0.000048861340
0x01b0,947,0.000048861340
0x01b1,947,0.000048861340
0x01b2,947,0.000048861340
0x01b3,947,0.000048861340
0x01b4,947,0.000048861340
0x01b5,947,0.000048861340
0x01b6,947,0.000048861340
0x01b7,947,0.000048861340
0x01b8,947,0.000048861340
0x01b9,947,0.000048861340
0x01ba,947,0.000048861340
0x01bb,947,0.000048861340
0x01bd,947,0.000048861340
0x01be,947,0.000048861340
0x01c1,11741,0.000605787742
0x01c4,11741,0.000605787742
0x01c5,11741,0.000605787742
0x01c8,947,0.000048861340
0x01c9,947,0.000048861340
0x01ca,947,0.000048861340
0x01d0,2782,0.000143539860
0x01d1,2782,0.000143539860
0x01d2,2782,0.000143539860
0x01d3,2782,0.000143539860
0x01d4,2782,0.000143539860
0x01d6,2782,0.000143539860
0x01d7,2782,0.000143539860
0x01d9,2782,0.000143539860
0x01dc,2782,0.000143539860
0x01dd,2782,0.000143539860
0x01e0,1657,0.000085494446
0x01e1,5,0.000000257980
0x01e4,556,0.000028687334
0x01e7,556,0.000028687334
0x01e9,556,0.000028687334
0x01ed,72332,0.003732036363
0x01ee,72332,0.003732036363
0x01ef,72332,0.003732036363
0x01f0,72332,0.003732036363
0x01f3,72332,0.003732036363
0x01f4,72332,0.003732036363
0x01f7,2782,0.000143539860
0x0200,17227,0.000888842980
0x0201,17227,0.000888842980
0x0202,57,0.000002940968
0x0203,57,0.000002940968
0x0204,57,0.000002940968
0x0205,57,0.000002940968
0x0206,947,0.000048861340
0x0207,947,0.000048861340
0x0208,947,0.000048861340
0x0209,947,0.000048861340
0x020a,947,0.000048861340
0x020b,947,0.000048861340
0x020c,947,0.000048861340
0x020d,947,0.000048861340
0x020e,947,0.000048861340
0x0210,7884,0.000406782264
0x0211,7884,0.000406782264
0x0213,7884,0.000406782264
0x0214,7884,0.000406782264
0x0215,1135,0.000058561374
0x0216,1135,0.000058561374
0x0217,135218,0.006976697630
0x0218,135218,0.006976697630
0x021a,135218,0.006976697630
0x021b,135218,0.006976697630
0x021c,19283,0.000994924199
0x021d,19283,0.000994924199
0x0220,26,0.000001341494
0x0221,26,0.000001341494
0x0222,26,0.000001341494
0x0223,26,0.000001341494
0x0224,26,0.000001341494
0x0225,26,0.000001341494
0x0226,26,0.000001341494
0x0227,26,0.000001341494
0x0228,26,0.000001341494
0x0229,26,0.000001341494
0x022a,26,0.000001341494
0x022b,26,0.000001341494
0x022c,26,0.000001341494
0x022e,26,0.000001341494
0x022f,26,0.000001341494
0x0230,26,0.000001341494
0x0231,26,0.000001341494
0x0232,26,0.000001341494
0x0258,28709,0.001481267378
0x0259,28709,0.001481267378
0x025a,28709,0.001481267378
0x025b,116,0.000005985127
0x025c,116,0.000005985127
0x025d,116,0.000005985127
0x025e,116,0.000005985127
0x025f,116,0.000005985127
0x0260,21448,0.001106629375
0x0263,21448,0.001106629375
0x0264,20388,0.001051937695
0x0267,20388,0.001051937695
0x0270,29281,0.001510780246
0x0271,29281,0.001510780246
0x0272,29281,0.001510780246
0x0273,29281,0.001510780246
0x0274,29281,0.001510780246
0x0275,29281,0.001510780246
0x0276,29281,0.001510780246
0x0277,20388,0.001051937695
0x0278,20388,0.001051937695
0x0279,20388,0.001051937695
0x027a,20388,0.001051937695
0x027b,20388,0.001051937695
0x027c,20388,0.001051937695
0x027d,20388,0.001051937695
0x0288,11,0.000000567555
0x028b,11,0.000000567555
0x028e,11,0.000000567555
0x0290,11,0.000000567555
0x0293,11,0.000000567555
0x0295,11,0.000000567555
0x0298,11,0.000000567555
0x029a,11,0.000000567555
0x029d,8,0.000000412767
0x02a0,8,0.000000412767
0x02a2,8,0.000000412767
0x02a5,8,0.000000412767
0x02a7,11,0.000000567555
0x02aa,11,0.000000567555
0x02ab,11,0.000000567555
0x02ac,11,0.000000567555
0x02ad,1,0.000000051596
0x02b0,1,0.000000051596
0x02b3,1,0.000000051596
0x02b6,1,0.000000051596
0x02b9,1,0.000000051596
0x02bc,1,0.000000051596
0x02be,1,0.000000051596
0x02c0,1,0.000000051596
0x02c3,1,0.000000051596
0x02c5,1,0.000000051596
0x02c7,1,0.000000051596
0x02cb,1,0.000000051596
0x02cd,1,0.000000051596
0x02cf,1,0.000000051596
0x02d2,1,0.000000051596
0x02d4,1,0.000000051596
0x02d7,1,0.000000051596
0x02d8,1,0.000000051596
0x02db,1,0.000000051596
0x02dd,1,0.000000051596
0x02e3,1,0.000000051596
0x02e5,1,0.000000051596
0x02e6,1,0.000000051596
0x02e7,1,0.000000051596
0x02e8,1,0.000000051596
0x02ea,1,0.000000051596
0x02ed,1,0.000000051596
0x02f0,1,0.000000051596
0x02f3,1,0.000000051596
0x02f6,1,0.000000051596
0x02f9,1,0.000000051596
0x02fc,1,0.000000051596
0x02fe,1,0.000000051596
0x0300,1,0.000000051596
0x0303,1,0.000000051596
0x0306,1,0.000000051596
0x0308,1,0.000000051596
0x030b,1,0.000000051596
0x030d,1,0.000000051596
0x0310,1,0.000000051596
0x0314,28,0.000001444686
0x0315,28,0.000001444686
0x0316,28,0.000001444686
0x0317,28,0.000001444686
0x0318,28,0.000001444686
0x0319,28,0.000001444686
0x031a,28,0.000001444686
0x031b,28,0.000001444686
0x031c,28,0.000001444686
0x031d,28,0.000001444686
0x031e,28,0.000001444686
0x0320,2,0.000000103192
0x0321,2,0.000000103192
0x0322,2,0.000000103192
0x0323,2,0.000000103192
0x0324,2,0.000000103192
0x0325,2,0.000000103192
0x0326,2,0.000000103192
0x0327,2,0.000000103192
0x0328,2,0.000000103192
0x0329,2,0.000000103192
0x032a,2,0.000000103192
0x032e,1,0.000000051596
0x0331,8,0.000000412767
0x0333,8,0.000000412767
0x0334,8,0.000000412767
0x0335,8,0.000000412767
0x0337,8,0.000000412767
0x033a,1,0.000000051596
0x033c,1,0.000000051596
0x033f,1,0.000000051596
0x0341,1,0.000000051596
0x0344,1,0.000000051596
0x0346,1,0.000000051596
0x0349,1,0.000000051596
0x034b,1,0.000000051596
0x034e,1,0.000000051596
0x0350,1,0.000000051596
0x0353,1,0.000000051596
0x0355,1,0.000000051596
0x0357,1,0.000000051596
0x0358,1,0.000000051596
0x035b,1,0.000000051596
0x035c,1,0.000000051596
0x035e,1,0.000000051596
0x035f,1,0.000000051596
0x0361,1,0.000000051596
0x0364,1,0.000000051596
0x0366,1,0.000000051596
0x0367,7,0.000000361171
0x0369,7,0.000000361171
0x036a,7,0.000000361171
0x036c,7,0.000000361171
0x036f,7,0.000000361171
0x0370,7,0.000000361171
0x0371,7,0.000000361171
0x0373,7,0.000000361171
0x0376,7,0.000000361171
0x0377,6153,0.000317469719
0x037a,6153,0.000317469719
0x037b,6153,0.000317469719
0x037c,6153,0.000317469719
0x037d,6153,0.000317469719
0x0380,34,0.000001754261
0x0383,34,0.000001754261
0x0386,34,0.000001754261
0x0389,12376,0.000638551153
0x038a,12376,0.000638551153
0x038b,12376,0.000638551153
0x038c,12376,0.000638551153
0x038d,12376,0.000638551153
0x038e,12376,0.000638551153
0x038f,12376,0.000638551153
0x0390,12376,0.000638551153
0x0393,884,0.000045610797
0x0394,884,0.000045610797
0x0395,884,0.000045610797
0x0396,884,0.000045610797
0x0397,884,0.000045610797
0x0398,884,0.000045610797
0x0399,884,0.000045610797
0x039a,884,0.000045610797
0x039d,34,0.000001754261
0x03a0,55,0.000002837776
0x03a3,55,0.000002837776
0x03a6,22880,0.001180514737
0x03a7,22880,0.001180514737
0x03a8,22880,0.001180514737
0x03a9,22880,0.001180514737
0x03aa,22880,0.001180514737
0x03ab,22880,0.001180514737
0x03ac,22880,0.001180514737
0x03af,55,0.000002837776
0x03b0,4394,0.000226712489
0x03b3,4394,0.000226712489
0x03b6,4394,0.000226712489
0x03b9,3440,0.000177489978
0x03bc,3440,0.000177489978
0x03bf,3439,0.000177438382
0x03c2,3439,0.000177438382
0x03c5,3439,0.000177438382
0x03c8,2480,0.000127957891
0x03cb,2480,0.000127957891
0x03ce,4392,0.000226609298
0x03d1,4392,0.000226609298
0x03d4,4392,0.000226609298
0x03d5,4392,0.000226609298
0x03d7,4392,0.000226609298
0x03d8,4392,0.000226609298
0x03d9,4392,0.000226609298
0x03e2,1,0.000000051596
0x03e5,1,0.000000051596
0x03e8,1,0.000000051596
0x03eb,1,0.000000051596
0x03ee,1,0.000000051596
0x03f1,2,0.000000103192
0x03f4,2,0.000000103192
0x03f5,2,0.000000103192
0x03f7,2,0.000000103192
0x03f8,2,0.000000103192
0x03fa,2,0.000000103192
0x03fb,2,0.000000103192
0x03fc,2,0.000000103192
0x03fd,2,0.000000103192
0x0400,9288,0.000479222941
0x0403,9288,0.000479222941
0x0406,9288,0.000479222941
0x0407,9288,0.000479222941
0x0408,9288,0.000479222941
0x0409,9288,0.000479222941
0x040a,9288,0.000479222941
0x040b,9288,0.000479222941
0x040c,9288,0.000479222941
0x040d,9288,0.000479222941
0x041e,23,0.000001186706
0x0421,23,0.000001186706
0x0423,23,0.000001186706
0x0424,23,0.000001186706
0x0427,23,0.000001186706
0x0429,23,0.000001186706
0x042a,23,0.000001186706
0x042d,23,0.000001186706
0x0430,7,0.000000361171
0x0433,7,0.000000361171
0x0435,7,0.000000361171
0x0436,7,0.000000361171
0x0438,7,0.000000361171
0x043a,7,0.000000361171
0x043b,7,0.000000361171
0x043d,7,0.000000361171
0x043f,7,0.000000361171
0x0440,5,0.000000257980
0x0441,5,0.000000257980
0x0442,5,0.000000257980
0x0443,5,0.000000257980
0x0445,5,0.000000257980
0x0446,5,0.000000257980
0x0447,5,0.000000257980
0x0448,5,0.000000257980
0x0449,5,0.000000257980
0x044c,2,0.000000103192
0x044e,2,0.000000103192
0x044f,2,0.000000103192
0x0450,2,0.000000103192
0x0451,2,0.000000103192
0x0453,2,0.000000103192
0x0455,2,0.000000103192
0x0458,2,0.000000103192
0x045b,2,0.000000103192
0x0460,6,0.000000309576
0x0463,6,0.000000309576
0x0466,624,0.000032195856
0x0467,624,0.000032195856
0x0468,624,0.000032195856
0x0469,624,0.000032195856
0x046a,624,0.000032195856
0x046b,624,0.000032195856
0x046c,624,0.000032195856
0x046e,624,0.000032195856
0x0471,156,0.000008048964
0x0472,156,0.000008048964
0x0474,156,0.000008048964
0x0476,156,0.000008048964
0x0477,156,0.000008048964
0x047a,24,0.000001238302
0x047b,24,0.000001238302
0x047c,24,0.000001238302
0x047e,24,0.000001238302
0x0481,6,0.000000309576
0x0484,336,0.000017336230
0x0485,336,0.000017336230
0x0486,336,0.000017336230
0x0487,336,0.000017336230
0x0488,336,0.000017336230
0x0489,336,0.000017336230
0x048a,336,0.000017336230
0x048c,336,0.000017336230
0x048f,6,0.000000309576
0x0492,384,0.000019812835
0x0493,384,0.000019812835
0x0494,384,0.000019812835
0x0495,384,0.000019812835
0x0496,384,0.000019812835
0x0497,384,0.000019812835
0x0498,384,0.000019812835
0x049a,384,0.000019812835
0x049d,6,0.000000309576
0x04a0,3,0.000000154788
0x04a2,3,0.000000154788
0x04a4,3,0.000000154788
0x04a7,3,0.000000154788
0x04aa,3,0.000000154788
0x04ac,1070,0.000055207639
0x04af,1070,0.000055207639
0x04b0,1070,0.000055207639
0x04b1,1070,0.000055207639
0x04b2,1070,0.000055207639
0x04b4,1070,0.000055207639
0x04b5,1070,0.000055207639
0x04b6,1061,0.000054743275
0x04b8,1061,0.000054743275
0x04ba,1061,0.000054743275
0x04bd,1054,0.000054382104
0x04bf,1054,0.000054382104
0x04c1,1054,0.000054382104
0x04c2,1054,0.000054382104
0x04c4,1054,0.000054382104
0x04c6,1054,0.000054382104
0x04c9,530,0.000027345840
0x04cc,530,0.000027345840
0x04cd,530,0.000027345840
0x04d0,530,0.000027345840
0x04d1,530,0.000027345840
0x04d2,530,0.000027345840
0x04d4,530,0.000027345840
0x04d7,530,0.000027345840
0x04da,189,0.000009751630
0x04dc,189,0.000009751630
0x04df,530,0.000027345840
0x04e1,530,0.000027345840
0x04e4,530,0.000027345840
0x04e6,524,0.000027036264
0x04e9,524,0.000027036264
0x04ea,524,0.000027036264
0x04eb,524,0.000027036264
0x04ee,524,0.000027036264
0x04f1,189,0.000009751630
0x04f4,524,0.000027036264
0x04f6,524,0.000027036264
0x04f9,524,0.000027036264
0x04fb,3144,0.000162217585
0x04fd,3144,0.000162217585
0x04fe,3144,0.000162217585
0x0501,3144,0.000162217585
0x0502,3144,0.000162217585
0x0505,524,0.000027036264
0x0506,16,0.000000825535
0x0509,16,0.000000825535
0x050b,16,0.000000825535
0x050e,16,0.000000825535
0x0511,16,0.000000825535
0x0514,16,0.000000825535
0x0515,16,0.000000825535
0x0518,16,0.000000825535
0x051b,16,0.000000825535
0x051d,16,0.000000825535
0x0520,16,0.000000825535
0x0523,16,0.000000825535
0x0526,16,0.000000825535
0x0529,16,0.000000825535
0x052c,16,0.000000825535
0x052f,16,0.000000825535
0x0532,16,0.000000825535
0x0535,16,0.000000825535
0x0537,16,0.000000825535
0x053a,16,0.000000825535
0x053d,16,0.000000825535
0x0540,16,0.000000825535
0x0543,16,0.000000825535
0x0547,16,0.000000825535
0x054a,16,0.000000825535
0x054d,16,0.000000825535
0x054f,16,0.000000825535
0x0552,16,0.000000825535
0x0555,16,0.000000825535
0x0557,16,0.000000825535
0x055a,16,0.000000825535
0x0580,18,0.000000928727
0x0583,18,0.000000928727
0x0586,18,0.000000928727
0x0588,18,0.000000928727
0x0589,18,0.000000928727
0x058a,18,0.000000928727
0x058b,18,0.000000928727
0x058d,18,0.000000928727
0x0590,18,0.000000928727
0x0592,18,0.000000928727
0x0595,18,0.000000928727
0x05d8,100,0.000005159592
0x05d9,4272,0.000220417787
0x05da,4272,0.000220417787
0x05db,4272,0.000220417787
0x05dc,4272,0.000220417787
0x05df,100,0.000005159592
0x05e0,856,0.000044166111
0x05e1,856,0.000044166111
0x05e2,856,0.000044166111
0x05e3,856,0.000044166111
0x05e4,856,0.000044166111
0x05e5,856,0.000044166111
0x05e8,36,0.000001857453
0x05ec,16,0.000000825535
0x05ef,16,0.000000825535
0x05f2,16,0.000000825535
0x05f4,16,0.000000825535
0x05f5,16,0.000000825535
0x05f6,16,0.000000825535
0x05f7,16,0.000000825535
0x05f8,16,0.000000825535
0x05f9,16,0.000000825535
0x05fa,100,0.000005159592
0x05fd,100,0.000005159592
0x0600,100,0.000005159592
0x0601,100,0.000005159592
0x0602,100,0.000005159592
0x0603,1548,0.000079870490
0x0604,1548,0.000079870490
0x0605,1548,0.000079870490
0x0606,1548,0.000079870490
0x0607,1548,0.000079870490
0x0608,1548,0.000079870490
0x0609,1548,0.000079870490
0x060a,1548,0.000079870490
0x060d,98,0.000005056401
0x0610,16,0.000000825535
0x0613,16,0.000000825535
0x0616,16,0.000000825535
0x0617,16,0.000000825535
0x0619,16,0.000000825535
0x061a,16,0.000000825535
0x061b,16,0.000000825535
0x061c,16,0.000000825535
0x061d,16,0.000000825535
0x061e,16,0.000000825535
0x061f,16,0.000000825535
0x0621,16,0.000000825535
0x0624,16,0.000000825535
0x0627,16,0.000000825535
0x0628,16,0.000000825535
0x0629,16,0.000000825535
0x062a,204,0.000010525568
0x062b,204,0.000010525568
0x062c,204,0.000010525568
0x062d,204,0.000010525568
0x062e,204,0.000010525568
0x062f,204,0.000010525568
0x0630,204,0.000010525568
0x0631,204,0.000010525568
0x0632,204,0.000010525568
0x0633,204,0.000010525568
0x0634,204,0.000010525568
0x0635,204,0.000010525568
0x0638,14,0.000000722343
0x0650,16,0.000000825535
0x0653,16,0.000000825535
0x0656,16,0.000000825535
0x0658,16,0.000000825535
0x0659,16,0.000000825535
0x065a,16,0.000000825535
0x065b,16,0.000000825535
0x065c,16,0.000000825535
0x065d,16,0.000000825535
0x065e,16,0.000000825535
0x0661,16,0.000000825535
0x0664,16,0.000000825535
0x0665,16,0.000000825535
0x0666,16,0.000000825535
0x0667,204,0.000010525568
0x0668,204,0.000010525568
0x0669,204,0.000010525568
0x066a,204,0.000010525568
0x066b,204,0.000010525568
0x066c,204,0.000010525568
0x066f,14,0.000000722343
0x067a,3115,0.000160721303
0x067d,3115,0.000160721303
0x067e,3115,0.000160721303
0x067f,3115,0.000160721303
0x0682,3115,0.000160721303
0x0684,3115,0.000160721303
0x0685,395,0.000020380390
0x0688,395,0.000020380390
0x068b,395,0.000020380390
0x068c,395,0.000020380390
0x068d,395,0.000020380390
0x068e,395,0.000020380390
0x068f,395,0.000020380390
0x0691,395,0.000020380390
0x0692,395,0.000020380390
0x0693,395,0.000020380390
0x0695,395,0.000020380390
0x0696,395,0.000020380390
0x0697,395,0.000020380390
0x0698,395,0.000020380390
0x0699,10285,0.000530664077
0x069a,10285,0.000530664077
0x069b,10285,0.000530664077
0x069c,10285,0.000530664077
0x069d,10285,0.000530664077
0x069e,10285,0.000530664077
0x069f,10285,0.000530664077
0x06a2,1580,0.000081521560
0x06a3,1580,0.000081521560
0x06a4,1580,0.000081521560
0x06a5,1580,0.000081521560
0x06a8,395,0.000020380390
0x06a9,395,0.000020380390
0x06ac,395,0.000020380390
0x06b0,2982,0.000153859045
0x06b3,2982,0.000153859045
0x06b6,2982,0.000153859045
0x06b7,2982,0.000153859045
0x06b8,2982,0.000153859045
0x06b9,15,0.000000773939
0x06ba,15,0.000000773939
0x06bb,15,0.000000773939
0x06bc,15,0.000000773939
0x06bd,15,0.000000773939
0x06be,15,0.000000773939
0x06bf,15,0.000000773939
0x06c0,15,0.000000773939
0x06c1,15,0.000000773939
0x06c2,15,0.000000773939
0x06c3,15,0.000000773939
0x06c4,15,0.000000773939
0x06c5,15,0.000000773939
0x06c8,15,0.000000773939
0x06ca,15,0.000000773939
0x06cb,15,0.000000773939
0x06cc,15,0.000000773939
0x06cd,15,0.000000773939
0x06cf,15,0.000000773939
0x06d0,15,0.000000773939
0x06d1,15,0.000000773939
0x06d2,15,0.000000773939
0x06d3,15,0.000000773939
0x06d4,15,0.000000773939
0x06d5,15,0.000000773939
0x06d7,15,0.000000773939
0x06d8,15,0.000000773939
0x06da,15,0.000000773939
0x06db,15,0.000000773939
0x06de,15,0.000000773939
0x06df,15,0.000000773939
0x06e1,15,0.000000773939
0x06e2,15,0.000000773939
0x06e3,15,0.000000773939
0x06e4,15,0.000000773939
0x06e7,15,0.000000773939
0x06e8,530,0.000027345840
0x06eb,530,0.000027345840
0x06ed,530,0.000027345840
0x06f0,2982,0.000153859045
0x06f3,2982,0.000153859045
0x06f6,2982,0.000153859045
0x0700,5777,0.000298069652
0x0703,5777,0.000298069652
0x0706,17331,0.000894208956
0x0709,17331,0.000894208956
0x070a,17331,0.000894208956
0x070c,17331,0.000894208956
0x070d,17331,0.000894208956
0x070f,17331,0.000894208956
0x0710,17331,0.000894208956
0x0711,17331,0.000894208956
0x0713,17331,0.000894208956
0x0716,5777,0.000298069652
0x0718,61386,0.003167267381
0x071b,61386,0.003167267381
0x0720,61386,0.003167267381
0x0721,61386,0.003167267381
0x0722,61386,0.003167267381
0x0724,61386,0.003167267381
0x0725,25163,0.001298308232
0x0726,25163,0.001298308232
0x0728,25163,0.001298308232
0x0729,25163,0.001298308232
0x072a,25163,0.001298308232
0x072b,25163,0.001298308232
0x072c,25163,0.001298308232
0x072e,25163,0.001298308232
0x0730,25163,0.001298308232
0x0731,25163,0.001298308232
0x0733,25163,0.001298308232
0x0734,25163,0.001298308232
0x0740,61386,0.003167267381
0x0741,61386,0.003167267381
0x0742,61386,0.003167267381
0x0744,61386,0.003167267381
0x0745,26609,0.001372915937
0x0746,26609,0.001372915937
0x0748,26609,0.001372915937
0x0749,26609,0.001372915937
0x074a,26609,0.001372915937
0x074b,26609,0.001372915937
0x074c,26609,0.001372915937
0x074d,26609,0.001372915937
0x074f,26609,0.001372915937
0x0750,26609,0.001372915937
0x0751,26609,0.001372915937
0x0752,26609,0.001372915937
0x0754,26609,0.001372915937
0x0755,26609,0.001372915937
0x0757,26609,0.001372915937
0x0758,26609,0.001372915937
0x0763,3501,0.000180637329
0x0764,3501,0.000180637329
0x0765,3501,0.000180637329
0x0766,3501,0.000180637329
0x0767,3501,0.000180637329
0x0768,3501,0.000180637329
0x0769,3501,0.000180637329
0x076a,3501,0.000180637329
0x076b,3501,0.000180637329
0x076d,4859,0.000250704594
0x076e,4859,0.000250704594
0x076f,4859,0.000250704594
0x0770,4859,0.000250704594
0x0771,4859,0.000250704594
0x0772,4859,0.000250704594
0x0773,4859,0.000250704594
0x0774,4859,0.000250704594
0x0775,4859,0.000250704594
0x0776,4859,0.000250704594
0x0779,13426,0.000692726873
0x077a,13426,0.000692726873
0x077b,13426,0.000692726873
0x077c,13426,0.000692726873
0x077d,13426,0.000692726873
0x077e,13426,0.000692726873
0x077f,13426,0.000692726873
0x0780,13426,0.000692726873
0x0783,13426,0.000692726873
0x0784,13426,0.000692726873
0x0785,13426,0.000692726873
0x0786,13426,0.000692726873
0x0788,13491,0.000696080609
0x0789,13491,0.000696080609
0x078a,13491,0.000696080609
0x078b,13491,0.000696080609
0x078c,13491,0.000696080609
0x078d,13491,0.000696080609
0x078e,13491,0.000696080609
0x078f,13491,0.000696080609
0x0790,13491,0.000696080609
0x0792,13491,0.000696080609
0x0793,13491,0.000696080609
0x0794,13491,0.000696080609
0x0795,13491,0.000696080609
0x0798,13491,0.000696080609
0x0799,13491,0.000696080609
0x079a,13491,0.000696080609
0x079b,13491,0.000696080609
0x079e,967,0.000049893258
0x079f,967,0.000049893258
0x07a0,967,0.000049893258
0x07a1,967,0.000049893258
0x07a2,967,0.000049893258
0x07a3,967,0.000049893258
0x07a4,967,0.000049893258
0x07a5,967,0.000049893258
0x07a6,967,0.000049893258
0x07a7,967,0.000049893258
0x07a8,967,0.000049893258
0x07aa,971,0.000050099642
0x07ab,971,0.000050099642
0x07ac,971,0.000050099642
0x07ad,971,0.000050099642
0x07ae,971,0.000050099642
0x07af,971,0.000050099642
0x07b0,971,0.000050099642
0x07b1,971,0.000050099642
0x07b2,971,0.000050099642
0x07b4,971,0.000050099642
0x07b5,971,0.000050099642
0x07b6,971,0.000050099642
0x07b7,971,0.000050099642
0x07b8,971,0.000050099642
0x07b9,971,0.000050099642
0x07ba,971,0.000050099642
0x07bb,971,0.000050099642
0x07be,7269,0.000375050770
0x07bf,7269,0.000375050770
0x07c0,7269,0.000375050770
0x07c1,7269,0.000375050770
0x07c2,7269,0.000375050770
0x07c3,7269,0.000375050770
0x07c4,7269,0.000375050770
0x07c5,7269,0.000375050770
0x07c6,7269,0.000375050770
0x07c7,7269,0.000375050770
0x07ca,7269,0.000375050770
0x07cb,7269,0.000375050770
0x07cc,7269,0.000375050770
0x07cd,7269,0.000375050770
0x07ce,7269,0.000375050770
0x07cf,7269,0.000375050770
0x07d2,7288,0.000376031093
0x07d3,7288,0.000376031093
0x07d4,7288,0.000376031093
0x07d5,7288,0.000376031093
0x07d6,7288,0.000376031093
0x07d7,7288,0.000376031093
0x07d8,7288,0.000376031093
0x07d9,7288,0.000376031093
0x07da,7288,0.000376031093
0x07dc,7303,0.000376805032
0x07dd,7303,0.000376805032
0x07de,7303,0.000376805032
0x07df,7303,0.000376805032
0x07e0,7303,0.000376805032
0x07e1,7303,0.000376805032
0x07e2,7303,0.000376805032
0x07e3,7303,0.000376805032
0x07e4,7303,0.000376805032
0x07e7,7303,0.000376805032
0x07e8,7303,0.000376805032
0x07e9,7303,0.000376805032
0x07ea,7303,0.000376805032
0x07eb,7303,0.000376805032
0x07ec,7303,0.000376805032
0x07ed,7303,0.000376805032
0x07ee,7303,0.000376805032
0x07f0,7,0.000000361171
0x07f3,7,0.000000361171
0x07f6,7,0.000000361171
0x07f9,7,0.000000361171
0x0800,6773,0.000349459192
0x0803,6773,0.000349459192
0x0806,6773,0.000349459192
0x0807,6773,0.000349459192
0x0809,6773,0.000349459192
0x080a,6773,0.000349459192
0x080b,6773,0.000349459192
0x080c,6773,0.000349459192
0x080d,6773,0.000349459192
0x080e,6773,0.000349459192
0x080f,6773,0.000349459192
0x0834,813,0.000041947486
0x0837,813,0.000041947486
0x083a,813,0.000041947486
0x083b,813,0.000041947486
0x083c,813,0.000041947486
0x083e,813,0.000041947486
0x083f,84,0.000004334058
0x0842,84,0.000004334058
0x0845,84,0.000004334058
0x0848,155,0.000007997368
0x084b,155,0.000007997368
0x084c,155,0.000007997368
0x084d,155,0.000007997368
0x084e,5,0.000000257980
0x0850,5,0.000000257980
0x0851,5,0.000000257980
0x0853,5,0.000000257980
0x0855,5,0.000000257980
0x085a,84,0.000004334058
0x085d,84,0.000004334058
0x085f,84,0.000004334058
0x0860,68,0.000003508523
0x0862,68,0.000003508523
0x0864,68,0.000003508523
0x0865,52,0.000002682988
0x0867,52,0.000002682988
0x0869,52,0.000002682988
0x086a,36,0.000001857453
0x086c,36,0.000001857453
0x086e,36,0.000001857453
0x086f,20,0.000001031918
0x0871,20,0.000001031918
0x0876,5777,0.000298069652
0x0879,5777,0.000298069652
0x087c,5777,0.000298069652
0x087f,5777,0.000298069652
0x0882,5777,0.000298069652
0x0885,5777,0.000298069652
0x0886,5777,0.000298069652
0x0889,5777,0.000298069652
0x088b,31766,0.001638996117
0x088c,31766,0.001638996117
0x088d,31766,0.001638996117
0x088e,31766,0.001638996117
0x088f,31766,0.001638996117
0x0890,31766,0.001638996117
0x0891,31766,0.001638996117
0x0892,31766,0.001638996117
0x0893,31766,0.001638996117
0x0894,31766,0.001638996117
0x0897,8664,0.000447027084
0x08a0,5777,0.000298069652
0x08a3,5777,0.000298069652
0x08a6,5777,0.000298069652
0x08a9,5777,0.000298069652
0x08ac,5777,0.000298069652
0x08ae,5777,0.000298069652
0x08b0,5777,0.000298069652
0x08c4,5777,0.000298069652
0x08c7,5777,0.000298069652
0x08c8,5777,0.000298069652
0x08ca,5777,0.000298069652
0x08cd,5715,0.000294870705
0x08cf,5715,0.000294870705
0x08d0,5715,0.000294870705
0x08d1,5715,0.000294870705
0x08d4,5523,0.000284964287
0x08d6,5523,0.000284964287
0x08d9,5523,0.000284964287
0x08dc,1,0.000000051596
0x08de,1,0.000000051596
0x08e0,1,0.000000051596
0x08e2,1,0.000000051596
0x08e3,1,0.000000051596
0x08e5,1,0.000000051596
0x08e6,1,0.000000051596
0x08e8,1,0.000000051596
0x08ea,193,0.000009958013
0x08eb,5715,0.000294870705
0x08ed,5715,0.000294870705
0x08f0,5715,0.000294870705
0x08f3,5715,0.000294870705
0x0900,5715,0.000294870705
0x0903,5715,0.000294870705
0x0904,5715,0.000294870705
0x0906,5715,0.000294870705
0x0907,3825,0.000197354409
0x0909,3825,0.000197354409
0x090c,1851,0.000095504055
0x090d,1851,0.000095504055
0x090f,1851,0.000095504055
0x0910,1851,0.000095504055
0x0911,1851,0.000095504055
0x0913,1851,0.000095504055
0x0916,1851,0.000095504055
0x0917,1974,0.000101850354
0x0918,1974,0.000101850354
0x091a,1974,0.000101850354
0x091b,1953,0.000100766839
0x091c,1953,0.000100766839
0x091e,1953,0.000100766839
0x0921,1953,0.000100766839
0x0926,5855,0.000302094134
0x0927,5855,0.000302094134
0x0929,5855,0.000302094134
0x092a,5855,0.000302094134
0x092b,5855,0.000302094134
0x092c,5855,0.000302094134
0x092d,5855,0.000302094134
0x092e,5855,0.000302094134
0x0930,5777,0.000298069652
0x0931,5777,0.000298069652
0x0933,5777,0.000298069652
0x0936,3577,0.000184558620
0x0937,3577,0.000184558620
0x0939,3577,0.000184558620
0x093c,3577,0.000184558620
0x093d,140,0.000007223429
0x093e,140,0.000007223429
0x0940,140,0.000007223429
0x0941,140,0.000007223429
0x0942,140,0.000007223429
0x0944,140,0.000007223429
0x0945,140,0.000007223429
0x0946,140,0.000007223429
0x0947,140,0.000007223429
0x094a,140,0.000007223429
0x094c,140,0.000007223429
0x094d,140,0.000007223429
0x094e,140,0.000007223429
0x0951,140,0.000007223429
0x0953,140,0.000007223429
0x0954,140,0.000007223429
0x0955,140,0.000007223429
0x0956,140,0.000007223429
0x0959,140,0.000007223429
0x095c,140,0.000007223429
0x095e,140,0.000007223429
0x0961,140,0.000007223429
0x0964,2200,0.000113511032
0x0965,2200,0.000113511032
0x0966,2200,0.000113511032
0x0967,2200,0.000113511032
0x0968,2200,0.000113511032
0x096a,2200,0.000113511032
0x096b,2200,0.000113511032
0x096d,2200,0.000113511032
0x096e,96,0.000004953209
0x096f,96,0.000004953209
0x0970,96,0.000004953209
0x0971,96,0.000004953209
0x0972,96,0.000004953209
0x0974,96,0.000004953209
0x0975,96,0.000004953209
0x097a,5777,0.000298069652
0x097d,5777,0.000298069652
0x097e,5777,0.000298069652
0x0980,5777,0.000298069652
0x0981,5777,0.000298069652
0x0984,5777,0.000298069652
0x0985,5777,0.000298069652
0x0986,5777,0.000298069652
0x0987,5777,0.000298069652
0x0988,5777,0.000298069652
0x098b,5777,0.000298069652
0x098c,5777,0.000298069652
0x098d,5777,0.000298069652
0x098e,5777,0.000298069652
0x0991,5777,0.000298069652
0x09a0,5793,0.000298895187
0x09a3,5793,0.000298895187
0x09a6,17379,0.000896685560
0x09a9,17379,0.000896685560
0x09aa,17379,0.000896685560
0x09ab,17379,0.000896685560
0x09ac,17379,0.000896685560
0x09ad,17379,0.000896685560
0x09ae,17379,0.000896685560
0x09af,17379,0.000896685560
0x09b0,17379,0.000896685560
0x09b2,17379,0.000896685560
0x09b5,5793,0.000298895187
0x09ba,47999,0.002476552748
0x09bd,47999,0.002476552748
0x09be,47999,0.002476552748
0x09c0,47999,0.002476552748
0x09c1,47999,0.002476552748
0x09c2,47999,0.002476552748
0x09c3,47999,0.002476552748
0x09c4,47999,0.002476552748
0x09c5,47999,0.002476552748
0x09c6,47999,0.002476552748
0x09c7,47999,0.002476552748
0x09c8,47999,0.002476552748
0x09c9,47999,0.002476552748
0x09ca,47999,0.002476552748
0x09cc,47999,0.002476552748
0x09cd,47999,0.002476552748
0x09ce,47999,0.002476552748
0x09cf,47999,0.002476552748
0x09d0,47999,0.002476552748
0x09d1,47999,0.002476552748
0x0a50,1481,0.000076413563
0x0a53,1481,0.000076413563
0x0a56,29620,0.001528271264
0x0a57,29620,0.001528271264
0x0a5a,29620,0.001528271264
0x0a5b,29620,0.001528271264
0x0a5c,29620,0.001528271264
0x0a5e,29620,0.001528271264
0x0a5f,29620,0.001528271264
0x0a61,29620,0.001528271264
0x0a62,29620,0.001528271264
0x0a63,29620,0.001528271264
0x0a64,29620,0.001528271264
0x0a67,1481,0.000076413563
0x0a6c,1407,0.000072595465
0x0a6f,1407,0.000072595465
0x0a72,28140,0.001451909297
0x0a73,28140,0.001451909297
0x0a74,28140,0.001451909297
0x0a75,28140,0.001451909297
0x0a77,28140,0.001451909297
0x0a7a,16185,0.000835080027
0x0a7b,16185,0.000835080027
0x0a7c,16185,0.000835080027
0x0a7d,16185,0.000835080027
0x0a7e,16185,0.000835080027
0x0a7f,16185,0.000835080027
0x0a80,16185,0.000835080027
0x0a81,16185,0.000835080027
0x0a82,16185,0.000835080027
0x0a83,16185,0.000835080027
0x0a84,16185,0.000835080027
0x0a85,16185,0.000835080027
0x0a86,16185,0.000835080027
0x0a87,16185,0.000835080027
0x0a8a,28140,0.001451909297
0x0a8b,28140,0.001451909297
0x0a8c,28140,0.001451909297
0x0a8d,28140,0.001451909297
0x0a8f,28140,0.001451909297
0x0a90,28140,0.001451909297
0x0a91,28140,0.001451909297
0x0a93,28140,0.001451909297
0x0a94,28140,0.001451909297
0x0a96,28140,0.001451909297
0x0a99,1407,0.000072595465
0x0aa0,62,0.000003198947
0x0aa2,62,0.000003198947
0x0aa3,62,0.000003198947
0x0aa4,62,0.000003198947
0x0aa5,62,0.000003198947
0x0aa8,62,0.000003198947
0x0aa9,62,0.000003198947
0x0aac,62,0.000003198947
0x0aae,62,0.000003198947
0x0aaf,62,0.000003198947
0x0ab0,62,0.000003198947
0x0ab3,62,0.000003198947
0x0ab5,62,0.000003198947
0x0ab8,61,0.000003147351
0x0abb,61,0.000003147351
0x0abd,61,0.000003147351
0x0abe,61,0.000003147351
0x0abf,61,0.000003147351
0x0ac0,61,0.000003147351
0x0ac1,61,0.000003147351
0x0ad6,2288,0.000118051474
0x0ad7,2288,0.000118051474
0x0ad8,9152,0.000472205895
0x0ad9,9152,0.000472205895
0x0ada,9152,0.000472205895
0x0adb,9152,0.000472205895
0x0adc,9152,0.000472205895
0x0add,9152,0.000472205895
0x0ae0,2288,0.000118051474
0x0ae1,2288,0.000118051474
0x0ae2,2288,0.000118051474
0x0ae5,2288,0.000118051474
0x0ae6,2288,0.000118051474
0x0ae9,938,0.000048396977
0x0aea,864,0.000044578878
0x0aed,864,0.000044578878
0x0aee,864,0.000044578878
0x0af0,864,0.000044578878
0x0af1,864,0.000044578878
0x0af4,864,0.000044578878
0x0af6,864,0.000044578878
0x0af7,864,0.000044578878
0x0af8,864,0.000044578878
0x0af9,864,0.000044578878
0x0afc,864,0.000044578878
0x0afd,864,0.000044578878
0x0afe,864,0.000044578878
0x0b00,864,0.000044578878
0x0b01,864,0.000044578878
0x0b02,864,0.000044578878
0x0b05,855,0.000044114515
0x0b07,855,0.000044114515
0x0b0a,576,0.000029719252
0x0b0d,567,0.000029254889
0x0b15,9,0.000000464363
0x0b16,9,0.000000464363
0x0b18,9,0.000000464363
0x0b19,9,0.000000464363
0x0b1a,9,0.000000464363
0x0b1c,9,0.000000464363
0x0b1d,9,0.000000464363
0x0b1e,9,0.000000464363
0x0b1f,9,0.000000464363
0x0b20,6,0.000000309576
0x0b21,6,0.000000309576
0x0b22,6,0.000000309576
0x0b25,6,0.000000309576
0x0b26,6,0.000000309576
0x0b27,6,0.000000309576
0x0b28,6,0.000000309576
0x0b29,4,0.000000206384
0x0b2b,4,0.000000206384
0x0b2d,4,0.000000206384
0x0b48,1,0.000000051596
0x0b4b,1,0.000000051596
0x0b4e,1,0.000000051596
0x0b50,1,0.000000051596
0x0b51,1,0.000000051596
0x0b53,1,0.000000051596
0x0b54,1,0.000000051596
0x0b55,1,0.000000051596
0x0b57,1,0.000000051596
0x0b59,1,0.000000051596
0x0b5a,1,0.000000051596
0x0b60,558,0.000028790526
0x0b63,558,0.000028790526
0x0b64,558,0.000028790526
0x0b65,558,0.000028790526
0x0b67,558,0.000028790526
0x0b6a,554,0.000028584142
0x0b6d,554,0.000028584142
0x0b6f,554,0.000028584142
0x0b71,554,0.000028584142
0x0b74,3,0.000000154788
0x0b77,3,0.000000154788
0x0b79,3,0.000000154788
0x0b7b,3,0.000000154788
0x0b7c,3,0.000000154788
0x0b7d,3,0.000000154788
0x0b7e,3,0.000000154788
0x0b7f,2,0.000000103192
0x0b80,2,0.000000103192
0x0b82,2,0.000000103192
0x0b83,2,0.000000103192
0x0b84,2,0.000000103192
0x0b85,2,0.000000103192
0x0b87,2,0.000000103192
0x0b88,2,0.000000103192
0x0b89,2,0.000000103192
0x0b8a,2,0.000000103192
0x0b8b,2,0.000000103192
0x0b8c,1,0.000000051596
0x0b8e,1,0.000000051596
0x0b91,1,0.000000051596
0x0b94,1,0.000000051596
0x0b95,551,0.000028429354
0x0b98,551,0.000028429354
0x0b9b,551,0.000028429354
0x0ba0,279,0.000014395263
0x0ba3,279,0.000014395263
0x0ba4,279,0.000014395263
0x0ba6,279,0.000014395263
0x0ba8,279,0.000014395263
0x0ba9,62,0.000003198947
0x0bab,62,0.000003198947
0x0bac,31,0.000001599474
0x0bad,31,0.000001599474
0x0bae,31,0.000001599474
0x0baf,31,0.000001599474
0x0bb2,31,0.000001599474
0x0bba,567,0.000029254889
0x0bbb,567,0.000029254889
0x0bbc,567,0.000029254889
0x0bbf,288,0.000014859626
0x0bc0,288,0.000014859626
0x0bc1,288,0.000014859626
0x0bc4,144,0.000007429813
0x0bca,2,0.000000103192
0x0bcd,2,0.000000103192
0x0bd0,2,0.000000103192
0x0bd2,2,0.000000103192
0x0bd3,2,0.000000103192
0x0bd4,2,0.000000103192
0x0bd6,2,0.000000103192
0x0bd9,2,0.000000103192
0x0bdc,2,0.000000103192
0x0bdf,2,0.000000103192
0x0be2,2,0.000000103192
0x0be5,2,0.000000103192
0x0be8,2,0.000000103192
0x0beb,2,0.000000103192
0x0bee,2,0.000000103192
0x0bf1,2,0.000000103192
0x0c00,6,0.000000309576
0x0c01,6,0.000000309576
0x0c02,6,0.000000309576
0x0c04,6,0.000000309576
0x0c05,6,0.000000309576
0x0c07,6,0.000000309576
0x0c08,6,0.000000309576
0x0c09,6,0.000000309576
0x0c0a,6,0.000000309576
0x0c0b,6,0.000000309576
0x0c0c,6,0.000000309576
0x0c0f,6,0.000000309576
0x0c10,6,0.000000309576
0x0c11,6,0.000000309576
0x0c13,6,0.000000309576
0x0c16,6,0.000000309576
0x0c18,6,0.000000309576
0x0c40,2887,0.000148957432
0x0c43,2887,0.000148957432
0x0c45,2887,0.000148957432
0x0c48,2887,0.000148957432
0x0c4b,2887,0.000148957432
0x0c4e,2887,0.000148957432
0x0c51,2887,0.000148957432
0x0c56,2887,0.000148957432
0x0c59,14435,0.000744787161
0x0c5a,14435,0.000744787161
0x0c5d,14435,0.000744787161
0x0c5e,14435,0.000744787161
0x0c5f,14435,0.000744787161
0x0c61,14435,0.000744787161
0x0c62,14435,0.000744787161
0x0c64,14435,0.000744787161
0x0c67,2887,0.000148957432
0x0c6b,2887,0.000148957432
0x0c6e,2887,0.000148957432
0x0c71,14435,0.000744787161
0x0c74,14435,0.000744787161
0x0c75,14435,0.000744787161
0x0c76,14435,0.000744787161
0x0c77,14435,0.000744787161
0x0c78,14435,0.000744787161
0x0c79,14435,0.000744787161
0x0c7a,14435,0.000744787161
0x0c7b,14435,0.000744787161
0x0c7d,14435,0.000744787161
0x0c80,2887,0.000148957432
0x0c84,14435,0.000744787161
0x0c85,14435,0.000744787161
0x0c87,14435,0.000744787161
0x0c88,1354,0.000069860881
0x0c89,1354,0.000069860881
0x0c8a,1354,0.000069860881
0x0c8b,1354,0.000069860881
0x0c8c,1354,0.000069860881
0x0c8e,1354,0.000069860881
0x0c8f,1354,0.000069860881
0x0c90,1354,0.000069860881
0x0c91,1354,0.000069860881
0x0c92,1354,0.000069860881
0x0c94,1354,0.000069860881
0x0c95,1354,0.000069860881
0x0c97,1354,0.000069860881
0x0c9a,1318,0.000068003428
0x0c9b,1318,0.000068003428
0x0c9e,1318,0.000068003428
0x0c9f,1318,0.000068003428
0x0ca0,1318,0.000068003428
0x0ca2,1318,0.000068003428
0x0ca3,1318,0.000068003428
0x0ca4,1318,0.000068003428
0x0ca5,1318,0.000068003428
0x0ca6,1318,0.000068003428
0x0ca7,1318,0.000068003428
0x0ca8,1318,0.000068003428
0x0ca9,1318,0.000068003428
0x0caa,1318,0.000068003428
0x0cac,1318,0.000068003428
0x0caf,1315,0.000067848640
0x0cb4,1318,0.000068003428
0x0cb6,1318,0.000068003428
0x0cb7,293,0.000015117606
0x0cb9,293,0.000015117606
0x0cba,149,0.000007687793
0x0cbd,149,0.000007687793
0x0cbe,149,0.000007687793
0x0cbf,41,0.000002115433
0x0cc2,41,0.000002115433
0x0cc3,41,0.000002115433
0x0cc4,9,0.000000464363
0x0cc6,9,0.000000464363
0x0cc9,9,0.000000464363
0x0ccb,9,0.000000464363
0x0cce,9,0.000000464363
0x0cd0,9,0.000000464363
0x0cd3,9,0.000000464363
0x0cd8,2887,0.000148957432
0x0cdb,2887,0.000148957432
0x0cde,14435,0.000744787161
0x0cdf,14435,0.000744787161
0x0ce2,14435,0.000744787161
0x0ce3,14435,0.000744787161
0x0ce4,14435,0.000744787161
0x0ce6,14435,0.000744787161
0x0ce7,14435,0.000744787161
0x0ce9,14435,0.000744787161
0x0cea,14435,0.000744787161
0x0ceb,14435,0.000744787161
0x0cec,14435,0.000744787161
0x0cef,2887,0.000148957432
0x0cf4,5,0.000000257980
0x0cf5,5,0.000000257980
0x0cf6,5,0.000000257980
0x0d1c,1392,0.000071821526
0x0d1f,1392,0.000071821526
0x0d22,22272,0.001149144416
0x0d25,22272,0.001149144416
0x0d26,22272,0.001149144416
0x0d27,22272,0.001149144416
0x0d28,22272,0.001149144416
0x0d2a,22272,0.001149144416
0x0d2b,22272,0.001149144416
0x0d2e,1392,0.000071821526
0x0d30,22272,0.001149144416
0x0d31,22272,0.001149144416
0x0d32,22272,0.001149144416
0x0d33,22272,0.001149144416
0x0d34,22272,0.001149144416
0x0d35,22272,0.001149144416
0x0d37,22272,0.001149144416
0x0d38,15980,0.000824502863
0x0d39,15980,0.000824502863
0x0d3a,15980,0.000824502863
0x0d3b,15980,0.000824502863
0x0d3c,15980,0.000824502863
0x0d3e,15980,0.000824502863
0x0d3f,15980,0.000824502863
0x0d41,15980,0.000824502863
0x0d42,15980,0.000824502863
0x0d43,15980,0.000824502863
0x0d46,14978,0.000772803747
0x0d47,14978,0.000772803747
0x0d48,14978,0.000772803747
0x0d4b,1573,0.000081160388
0x0d4c,1573,0.000081160388
0x0d4d,1573,0.000081160388
0x0d4e,1573,0.000081160388
0x0d4f,2575,0.000132859504
0x0d50,2575,0.000132859504
0x0d51,2575,0.000132859504
0x0d52,2575,0.000132859504
0x0d53,2575,0.000132859504
0x0d54,2575,0.000132859504
0x0d55,2575,0.000132859504
0x0d57,2575,0.000132859504
0x0d58,2575,0.000132859504
0x0d59,1046,0.000053969336
0x0d5a,1046,0.000053969336
0x0d5e,13405,0.000691643359
0x0d5f,13405,0.000691643359
0x0d60,13405,0.000691643359
0x0d61,13405,0.000691643359
0x0d62,13405,0.000691643359
0x0d64,13405,0.000691643359
0x0d65,13405,0.000691643359
0x0d66,1890,0.000097516296
0x0d67,1890,0.000097516296
0x0d70,1391,0.000071769930
0x0d73,1391,0.000071769930
0x0d76,22256,0.001148318881
0x0d79,22256,0.001148318881
0x0d7a,22256,0.001148318881
0x0d7c,22256,0.001148318881
0x0d7d,22256,0.001148318881
0x0d7f,22256,0.001148318881
0x0d80,22256,0.001148318881
0x0d83,1391,0.000071769930
0x0d86,22256,0.001148318881
0x0d87,22256,0.001148318881
0x0d88,22256,0.001148318881
0x0d89,22256,0.001148318881
0x0d8a,22256,0.001148318881
0x0d8b,22256,0.001148318881
0x0d8d,22256,0.001148318881
0x0d8e,15967,0.000823832116
0x0d8f,15967,0.000823832116
0x0d90,15967,0.000823832116
0x0d91,15967,0.000823832116
0x0d94,15967,0.000823832116
0x0d95,15967,0.000823832116
0x0d96,15967,0.000823832116
0x0d97,15967,0.000823832116
0x0d99,15967,0.000823832116
0x0d9a,15967,0.000823832116
0x0d9c,15967,0.000823832116
0x0d9d,15967,0.000823832116
0x0d9f,15967,0.000823832116
0x0da0,15967,0.000823832116
0x0da1,15967,0.000823832116
0x0da2,15967,0.000823832116
0x0da3,15967,0.000823832116
0x0da4,15967,0.000823832116
0x0da5,15967,0.000823832116
0x0da6,15967,0.000823832116
0x0da7,15967,0.000823832116
0x0da8,15967,0.000823832116
0x0dab,15022,0.000775073968
0x0dac,15022,0.000775073968
0x0daf,1604,0.000082759862
0x0db0,1604,0.000082759862
0x0db1,1604,0.000082759862
0x0db3,1604,0.000082759862
0x0db4,1604,0.000082759862
0x0db5,1604,0.000082759862
0x0dbb,945,0.000048758148
0x0dbc,945,0.000048758148
0x0dbd,945,0.000048758148
0x0dbf,945,0.000048758148
0x0dc0,945,0.000048758148
0x0dc1,945,0.000048758148
0x0dc2,945,0.000048758148
0x0dc3,945,0.000048758148
0x0dc5,945,0.000048758148
0x0dc6,945,0.000048758148
0x0dcc,13418,0.000692314106
0x0dcd,13418,0.000692314106
0x0dce,13418,0.000692314106
0x0dcf,13418,0.000692314106
0x0dd1,13418,0.000692314106
0x0dd2,15967,0.000823832116
0x0dd3,15967,0.000823832116
0x0dd5,15967,0.000823832116
0x0dd6,15967,0.000823832116
0x0dd7,15967,0.000823832116
0x0dd8,15967,0.000823832116
0x0dd9,15967,0.000823832116
0x0dda,15967,0.000823832116
0x0dde,57,0.000002940968
0x0ddf,57,0.000002940968
0x0de0,57,0.000002940968
0x0de3,57,0.000002940968
0x0de4,57,0.000002940968
0x0de5,57,0.000002940968
0x0de6,57,0.000002940968
0x0de9,57,0.000002940968
0x0dea,57,0.000002940968
0x0deb,57,0.000002940968
0x0dec,57,0.000002940968
0x0ded,57,0.000002940968
0x0df0,5145,0.000265461028
0x0df3,5145,0.000265461028
0x0df6,5145,0.000265461028
0x0df9,5145,0.000265461028
0x0dfc,5145,0.000265461028
0x0dff,5145,0.000265461028
0x0e10,10290,0.000530922056
0x0e11,10290,0.000530922056
0x0e13,10290,0.000530922056
0x0e14,1980,0.000102159929
0x0e15,1980,0.000102159929
0x0e16,1980,0.000102159929
0x0e17,1980,0.000102159929
0x0e18,1980,0.000102159929
0x0e1a,1980,0.000102159929
0x0e1b,1980,0.000102159929
0x0e1d,1980,0.000102159929
0x0e1e,51,0.000002631392
0x0e20,51,0.000002631392
0x0e23,44,0.000002270221
0x0e25,44,0.000002270221
0x0e26,44,0.000002270221
0x0e27,44,0.000002270221
0x0e29,44,0.000002270221
0x0e2a,44,0.000002270221
0x0e2c,44,0.000002270221
0x0e2d,44,0.000002270221
0x0e2e,44,0.000002270221
0x0e2f,44,0.000002270221
0x0e31,44,0.000002270221
0x0e32,44,0.000002270221
0x0e33,35,0.000001805857
0x0e34,35,0.000001805857
0x0e35,35,0.000001805857
0x0e36,23,0.000001186706
0x0e39,7,0.000000361171
0x0e3a,7,0.000000361171
0x0e3b,7,0.000000361171
0x0e3c,7,0.000000361171
0x0e3d,7,0.000000361171
0x0e3e,7,0.000000361171
0x0e3f,7,0.000000361171
0x0e41,7,0.000000361171
0x0e42,7,0.000000361171
0x0e45,46,0.000002373412
0x0e46,46,0.000002373412
0x0e47,46,0.000002373412
0x0e48,46,0.000002373412
0x0e4a,46,0.000002373412
0x0e4d,40,0.000002063837
0x0e4e,40,0.000002063837
0x0e4f,40,0.000002063837
0x0e51,40,0.000002063837
0x0e52,40,0.000002063837
0x0e55,1,0.000000051596
0x0e58,39,0.000002012241
0x0e59,39,0.000002012241
0x0e5a,39,0.000002012241
0x0e5b,20,0.000001031918
0x0e5c,20,0.000001031918
0x0e5e,20,0.000001031918
0x0e5f,20,0.000001031918
0x0e60,9,0.000000464363
0x0e61,9,0.000000464363
0x0e62,9,0.000000464363
0x0e63,9,0.000000464363
0x0e65,9,0.000000464363
0x0e66,9,0.000000464363
0x0e67,6,0.000000309576
0x0e69,6,0.000000309576
0x0e6a,6,0.000000309576
0x0e6b,6,0.000000309576
0x0e70,23,0.000001186706
0x0e71,23,0.000001186706
0x0e72,23,0.000001186706
0x0e74,23,0.000001186706
0x0e75,23,0.000001186706
0x0e76,23,0.000001186706
0x0e77,23,0.000001186706
0x0e78,23,0.000001186706
0x0e7a,23,0.000001186706
0x0e7b,23,0.000001186706
0x0e7e,135,0.000006965450
0x0e7f,135,0.000006965450
0x0e80,135,0.000006965450
0x0e81,135,0.000006965450
0x0e83,135,0.000006965450
0x0e86,112,0.000005778743
0x0e87,112,0.000005778743
0x0e88,112,0.000005778743
0x0e8a,112,0.000005778743
0x0e8b,112,0.000005778743
0x0e90,111,0.000005727148
0x0e91,111,0.000005727148
0x0e93,111,0.000005727148
0x0e94,111,0.000005727148
0x0e95,53,0.000002734584
0x0e97,53,0.000002734584
0x0e98,53,0.000002734584
0x0e99,25,0.000001289898
0x0e9a,25,0.000001289898
0x0e9b,25,0.000001289898
0x0e9c,25,0.000001289898
0x0e9e,25,0.000001289898
0x0e9f,25,0.000001289898
0x0ea0,23,0.000001186706
0x0ea3,23,0.000001186706
0x0ea4,29,0.000001496282
0x0ea5,29,0.000001496282
0x0ea6,29,0.000001496282
0x0ea7,29,0.000001496282
0x0ea8,29,0.000001496282
0x0ea9,29,0.000001496282
0x0eaa,29,0.000001496282
0x0eac,29,0.000001496282
0x0ead,34,0.000001754261
0x0eae,34,0.000001754261
0x0eb0,34,0.000001754261
0x0eb1,34,0.000001754261
0x0eb2,34,0.000001754261
0x0eb4,34,0.000001754261
0x0eb5,34,0.000001754261
0x0eb6,34,0.000001754261
0x0eb7,34,0.000001754261
0x0eb8,34,0.000001754261
0x0ebb,34,0.000001754261
0x0ebc,34,0.000001754261
0x0ebe,34,0.000001754261
0x0ec1,34,0.000001754261
0x0ec3,34,0.000001754261
0x0ec4,34,0.000001754261
0x0ec5,34,0.000001754261
0x0ec8,1,0.000000051596
0x0ec9,1,0.000000051596
0x0eca,1,0.000000051596
0x0ecb,1,0.000000051596
0x0ecc,1,0.000000051596
0x0ecd,1,0.000000051596
0x0ece,1,0.000000051596
0x0ed5,34,0.000001754261
0x0ed6,34,0.000001754261
0x0ed7,34,0.000001754261
0x0ed8,34,0.000001754261
0x0ed9,34,0.000001754261
0x0eda,34,0.000001754261
0x0edb,34,0.000001754261
0x0edc,34,0.000001754261
0x0ede,34,0.000001754261
0x0ee0,34,0.000001754261
0x0ee2,34,0.000001754261
0x0ee3,34,0.000001754261
0x0ee4,34,0.000001754261
0x0ee5,34,0.000001754261
0x0f00,1397,0.000072079506
0x0f03,1397,0.000072079506
0x0f04,1397,0.000072079506
0x0f06,1397,0.000072079506
0x0f09,1397,0.000072079506
0x0f0b,1397,0.000072079506
0x0f0c,1397,0.000072079506
0x0f0d,1397,0.000072079506
0x0f0e,1397,0.000072079506
0x0f11,1397,0.000072079506
0x0f14,1397,0.000072079506
0x0f15,5,0.000000257980
0x0f16,5,0.000000257980
0x0f17,5,0.000000257980
0x0f1a,5,0.000000257980
0x0f1b,5,0.000000257980
0x0f1d,5,0.000000257980
0x0f1e,5,0.000000257980
0x0f1f,5,0.000000257980
0x0f20,5,0.000000257980
0x0f23,36,0.000001857453
0x0f24,36,0.000001857453
0x0f25,36,0.000001857453
0x0f26,36,0.000001857453
0x0f28,36,0.000001857453
0x0f2b,31,0.000001599474
0x0f2c,31,0.000001599474
0x0f2d,31,0.000001599474
0x0f2f,31,0.000001599474
0x0f30,31,0.000001599474
0x0f38,23,0.000001186706
0x0f39,23,0.000001186706
0x0f3a,23,0.000001186706
0x0f3b,23,0.000001186706
0x0f3d,23,0.000001186706
0x0f3e,6,0.000000309576
0x0f40,6,0.000000309576
0x0f41,6,0.000000309576
0x0f42,6,0.000000309576
0x0f43,6,0.000000309576
0x0f44,6,0.000000309576
0x0f45,6,0.000000309576
0x0f46,5,0.000000257980
0x0f49,5,0.000000257980
0x0f4c,5,0.000000257980
0x0f4d,5,0.000000257980
0x0f4e,5,0.000000257980
0x0f56,2790,0.000143952628
0x0f57,2790,0.000143952628
0x0f58,5575,0.000287647275
0x0f59,5575,0.000287647275
0x0f5b,5575,0.000287647275
0x0f5e,5,0.000000257980
0x0f60,5,0.000000257980
0x0f63,5570,0.000287389296
0x0f64,5570,0.000287389296
0x0f65,5570,0.000287389296
0x0f68,2785,0.000143694648
0x0f69,2785,0.000143694648
0x0f6a,2785,0.000143694648
0x0f6d,2785,0.000143694648
0x0f6e,2785,0.000143694648
0x0f71,1392,0.000071821526
0x0fc0,3165,0.000163301099
0x0fc3,3165,0.000163301099
0x0fc6,3165,0.000163301099
0x0fc9,3165,0.000163301099
0x0fcc,3165,0.000163301099
0x0fcf,3165,0.000163301099
0x0fd2,3165,0.000163301099
0x0fd5,3165,0.000163301099
0x0fd8,6330,0.000326602198
0x0fd9,6330,0.000326602198
0x0fda,6330,0.000326602198
0x0fdb,439,0.000022650611
0x0fdc,439,0.000022650611
0x0fdd,439,0.000022650611
0x0fde,439,0.000022650611
0x0fdf,439,0.000022650611
0x0fe0,439,0.000022650611
0x0fe1,439,0.000022650611
0x0fe2,439,0.000022650611
0x0fe3,439,0.000022650611
0x0fe6,439,0.000022650611
0x0fe7,439,0.000022650611
0x0fe9,439,0.000022650611
0x0fea,439,0.000022650611
0x0fec,439,0.000022650611
0x0fed,439,0.000022650611
0x0fef,439,0.000022650611
0x0ff0,439,0.000022650611
0x0ff1,439,0.000022650611
0x0ff4,439,0.000022650611
0x14e0,947,0.000048861340
0x14e1,947,0.000048861340
0x14e4,947,0.000048861340
0x14e6,947,0.000048861340
0x17e0,6164,0.000318037275
0x17e3,6164,0.000318037275
0x17e5,6164,0.000318037275
0x17e8,6164,0.000318037275
0x1df0,551,0.000028429354
0x1df3,551,0.000028429354
0x1df5,551,0.000028429354
0x1ee0,176,0.000009080883
0x1ee3,176,0.000009080883
0x1ee6,4576,0.000236102947
0x1ee7,4576,0.000236102947
0x1ee8,4576,0.000236102947
0x1ee9,4576,0.000236102947
0x1eec,4576,0.000236102947
0x1eed,4576,0.000236102947
0x1ef0,176,0.000009080883
0x1ef1,176,0.000009080883
0x1ef2,176,0.000009080883
0x1ef4,176,0.000009080883
0x1ef7,176,0.000009080883
0x1ef8,176,0.000009080883
0x1ef9,176,0.000009080883
0x1efa,176,0.000009080883
0x2000,5145,0.000265461028
0x2003,5145,0.000265461028
0x2006,5145,0.000265461028
0x2009,5145,0.000265461028
0x200c,5145,0.000265461028
0x200d,5145,0.000265461028
0x200f,5145,0.000265461028
0x2010,5145,0.000265461028
0x2011,5145,0.000265461028
0x2014,5145,0.000265461028
0x2015,5145,0.000265461028
0x2018,5145,0.000265461028
0x201a,5145,0.000265461028
0x201d,427,0.000022031459
0x201e,427,0.000022031459
0x201f,427,0.000022031459
0x2020,427,0.000022031459
0x2023,107,0.000005520764
0x2025,427,0.000022031459
0x2026,427,0.000022031459
0x2027,427,0.000022031459
0x202a,427,0.000022031459
0x2040,2982,0.000153859045
0x2043,2982,0.000153859045
0x2046,2982,0.000153859045
0x2047,2982,0.000153859045
0x2048,2982,0.000153859045
0x2049,20,0.000001031918
0x204a,20,0.000001031918
0x204b,20,0.000001031918
0x204c,20,0.000001031918
0x204d,20,0.000001031918
0x204e,20,0.000001031918
0x204f,20,0.000001031918
0x2050,20,0.000001031918
0x2051,20,0.000001031918
0x2052,20,0.000001031918
0x2055,20,0.000001031918
0x2057,20,0.000001031918
0x2058,20,0.000001031918
0x2059,20,0.000001031918
0x205a,20,0.000001031918
0x205c,20,0.000001031918
0x205d,20,0.000001031918
0x205e,20,0.000001031918
0x2060,20,0.000001031918
0x2061,20,0.000001031918
0x2062,20,0.000001031918
0x2063,20,0.000001031918
0x2064,20,0.000001031918
0x2065,20,0.000001031918
0x2066,20,0.000001031918
0x2068,20,0.000001031918
0x2069,20,0.000001031918
0x206a,20,0.000001031918
0x206b,20,0.000001031918
0x206c,20,0.000001031918
0x206d,20,0.000001031918
0x2070,144,0.000007429813
0x2071,144,0.000007429813
0x2073,144,0.000007429813
0x2075,144,0.000007429813
0x2076,144,0.000007429813
0x2077,144,0.000007429813
0x2079,144,0.000007429813
0x207a,144,0.000007429813
0x207b,144,0.000007429813
0x207e,144,0.000007429813
0x2081,144,0.000007429813
0x2085,144,0.000007429813
0x2087,144,0.000007429813
0x2088,144,0.000007429813
0x2089,144,0.000007429813
0x208a,144,0.000007429813
0x208c,144,0.000007429813
0x208d,144,0.000007429813
0x208f,144,0.000007429813
0x2090,144,0.000007429813
0x2091,144,0.000007429813
0x2093,144,0.000007429813
0x2094,144,0.000007429813
0x2096,144,0.000007429813
0x2097,144,0.000007429813
0x20b0,144,0.000007429813
0x20b1,4448,0.000229498669
0x20b2,4448,0.000229498669
0x20b3,4448,0.000229498669
0x20b5,35584,0.001835989354
0x20b7,35584,0.001835989354
0x20b8,35584,0.001835989354
0x20bb,1370,0.000070686416
0x20bc,1370,0.000070686416
0x20bd,1370,0.000070686416
0x20be,1370,0.000070686416
0x20bf,35584,0.001835989354
0x20c0,35584,0.001835989354
0x20c1,35584,0.001835989354
0x20c2,35584,0.001835989354
0x20c5,4448,0.000229498669
0x20c6,4448,0.000229498669
0x20c7,4448,0.000229498669
0x20c8,4448,0.000229498669
0x20c9,4448,0.000229498669
0x20cc,2224,0.000114749335
0x20cd,2224,0.000114749335
0x20cf,2224,0.000114749335
0x20d2,2112,0.000108970591
0x20d3,2112,0.000108970591
0x20d4,2112,0.000108970591
0x20d6,2112,0.000108970591
0x20d7,2112,0.000108970591
0x20d8,2112,0.000108970591
0x20da,2112,0.000108970591
0x20db,2112,0.000108970591
0x20dc,2112,0.000108970591
0x20de,2112,0.000108970591
0x20e1,144,0.000007429813
0x20e2,144,0.000007429813
0x20e8,144,0.000007429813
0x20e9,144,0.000007429813
0x20ea,144,0.000007429813
0x20ec,144,0.000007429813
0x20ed,144,0.000007429813
0x20f0,144,0.000007429813
0x20f1,144,0.000007429813
0x20f2,144,0.000007429813
0x20f3,144,0.000007429813
0x20f4,144,0.000007429813
0x20f6,144,0.000007429813
0x20f7,144,0.000007429813
0x20f8,144,0.000007429813
0x20fa,144,0.000007429813
0x20fb,144,0.000007429813
0x20fc,144,0.000007429813
0x20fd,144,0.000007429813
0x20fe,144,0.000007429813
0x20ff,144,0.000007429813
0x2101,144,0.000007429813
0x2103,144,0.000007429813
0x2104,144,0.000007429813
0x2106,144,0.000007429813
0x2107,144,0.000007429813
0x2108,144,0.000007429813
0x2109,144,0.000007429813
0x210a,144,0.000007429813
0x210d,144,0.000007429813
0x211c,144,0.000007429813
0x211f,144,0.000007429813
0x2120,144,0.000007429813
0x2122,144,0.000007429813
0x2123,128,0.000006604278
0x2125,128,0.000006604278
0x2126,32,0.000001651070
0x2128,32,0.000001651070
0x2129,32,0.000001651070
0x212c,32,0.000001651070
0x2130,4718,0.000243429569
0x2131,4718,0.000243429569
0x2132,4718,0.000243429569
0x2135,3535,0.000182391591
0x2137,3535,0.000182391591
0x213a,2356,0.000121559997
0x213c,2356,0.000121559997
0x213f,1178,0.000060779998
0x2146,427,0.000022031459
0x2147,427,0.000022031459
0x2148,427,0.000022031459
0x214b,213,0.000010989932
0x2150,1183,0.000061037978
0x2153,1183,0.000061037978
0x2156,1183,0.000061037978
0x2160,1179,0.000060831594
0x2163,1179,0.000060831594
0x2166,1179,0.000060831594
0x2169,1179,0.000060831594
0x2170,1178,0.000060779998
0x2173,1178,0.000060779998
0x2180,1178,0.000060779998
0x2183,1178,0.000060779998
0x2186,1178,0.000060779998
0x2189,1178,0.000060779998
0x2190,214,0.000011041528
0x2193,214,0.000011041528
0x2196,214,0.000011041528
0x2199,214,0.000011041528
0x219c,214,0.000011041528
0x21a5,213,0.000010989932
0x21a8,213,0.000010989932
0x21ab,213,0.000010989932
0x21ae,213,0.000010989932
0x21b1,213,0.000010989932
0x21dc,176,0.000009080883
0x21dd,176,0.000009080883
0x21de,176,0.000009080883
0x21df,176,0.000009080883
0x21e2,176,0.000009080883
0x21e4,176,0.000009080883
0x21e5,176,0.000009080883
0x21e6,176,0.000009080883
0x21e8,176,0.000009080883
0x21e9,176,0.000009080883
0x21eb,176,0.000009080883
0x21ec,176,0.000009080883
0x21ed,176,0.000009080883
0x21ef,176,0.000009080883
0x21f0,176,0.000009080883
0x21f1,176,0.000009080883
0x21f2,176,0.000009080883
0x21f4,176,0.000009080883
0x21f5,176,0.000009080883
0x21f7,176,0.000009080883
0x21f8,176,0.000009080883
0x21f9,176,0.000009080883
0x21fc,176,0.000009080883
0x2230,110,0.000005675552
0x2233,110,0.000005675552
0x2234,110,0.000005675552
0x2235,110,0.000005675552
0x2236,110,0.000005675552
0x2237,110,0.000005675552
0x2239,110,0.000005675552
0x223b,110,0.000005675552
0x223e,106,0.000005469168
0x2240,106,0.000005469168
0x2243,54,0.000002786180
0x2245,54,0.000002786180
0x2247,54,0.000002786180
0x2249,54,0.000002786180
0x224c,2,0.000000103192
0x224f,2,0.000000103192
0x2250,2,0.000000103192
0x2252,2,0.000000103192
0x2254,2,0.000000103192
0x2260,104,0.000005365976
0x2261,104,0.000005365976
0x2262,104,0.000005365976
0x2263,104,0.000005365976
0x2264,104,0.000005365976
0x2265,104,0.000005365976
0x2267,104,0.000005365976
0x2268,104,0.000005365976
0x2269,104,0.000005365976
0x226b,104,0.000005365976
0x226d,104,0.000005365976
0x226e,104,0.000005365976
0x226f,104,0.000005365976
0x2271,104,0.000005365976
0x2272,104,0.000005365976
0x2273,104,0.000005365976
0x2274,104,0.000005365976
0x2275,104,0.000005365976
0x2276,104,0.000005365976
0x2277,104,0.000005365976
0x2278,104,0.000005365976
0x2279,104,0.000005365976
0x227a,1456,0.000075123665
0x227b,13104,0.000676112986
0x227c,13104,0.000676112986
0x227d,13104,0.000676112986
0x227e,13104,0.000676112986
0x227f,13104,0.000676112986
0x2280,13104,0.000676112986
0x2283,1456,0.000075123665
0x2284,1456,0.000075123665
0x2285,1456,0.000075123665
0x2286,1456,0.000075123665
0x2288,1456,0.000075123665
0x2289,1456,0.000075123665
0x228a,1456,0.000075123665
0x228c,1456,0.000075123665
0x228d,1456,0.000075123665
0x228e,1456,0.000075123665
0x2291,104,0.000005365976
0x2292,4,0.000000206384
0x2295,4,0.000000206384
0x2296,4,0.000000206384
0x2298,4,0.000000206384
0x229b,2,0.000000103192
0x229e,2,0.000000103192
0x22a1,2,0.000000103192
0x22a3,832,0.000042927809
0x22a4,832,0.000042927809
0x22a5,832,0.000042927809
0x22a6,832,0.000042927809
0x22a7,832,0.000042927809
0x22a8,832,0.000042927809
0x22a9,832,0.000042927809
0x22aa,832,0.000042927809
0x22ab,832,0.000042927809
0x22ac,832,0.000042927809
0x22ad,832,0.000042927809
0x22b0,2,0.000000103192
0x22b4,72,0.000003714907
0x22b7,72,0.000003714907
0x22ba,72,0.000003714907
0x22bb,72,0.000003714907
0x22bc,72,0.000003714907
0x22be,72,0.000003714907
0x22c1,1,0.000000051596
0x22c3,1,0.000000051596
0x22c5,1,0.000000051596
0x22ca,49,0.000002528200
0x22cd,49,0.000002528200
0x22ce,49,0.000002528200
0x22d0,49,0.000002528200
0x22d3,1,0.000000051596
0x22d5,1,0.000000051596
0x22d7,1,0.000000051596
0x22d9,1,0.000000051596
0x22db,1,0.000000051596
0x22dd,1,0.000000051596
0x22e0,2,0.000000103192
0x22e2,4,0.000000206384
0x22e5,4,0.000000206384
0x22e8,4,0.000000206384
0x22f0,2,0.000000103192
0x22f3,2,0.000000103192
0x22f4,2,0.000000103192
0x22fa,244,0.000012589405
0x22fd,244,0.000012589405
0x22ff,244,0.000012589405
0x2302,244,0.000012589405
0x2303,4392,0.000226609298
0x2304,4392,0.000226609298
0x2306,4392,0.000226609298
0x2307,4392,0.000226609298
0x2308,4392,0.000226609298
0x2309,4392,0.000226609298
0x230a,4392,0.000226609298
0x230b,4392,0.000226609298
0x230d,4392,0.000226609298
0x230e,4392,0.000226609298
0x230f,4392,0.000226609298
0x2310,4392,0.000226609298
0x2312,4392,0.000226609298
0x2313,4392,0.000226609298
0x2314,4392,0.000226609298
0x2316,4392,0.000226609298
0x2317,4392,0.000226609298
0x231a,488,0.000025178811
0x231b,4392,0.000226609298
0x231c,4392,0.000226609298
0x231f,244,0.000012589405
0x2322,732,0.000037768216
0x2325,732,0.000037768216
0x2326,732,0.000037768216
0x2327,732,0.000037768216
0x2329,732,0.000037768216
0x232a,732,0.000037768216
0x232b,732,0.000037768216
0x232c,732,0.000037768216
0x232e,732,0.000037768216
0x232f,732,0.000037768216
0x2331,732,0.000037768216
0x2334,732,0.000037768216
0x2337,732,0.000037768216
0x2351,1952,0.000100715243
0x2352,1952,0.000100715243
0x2354,1952,0.000100715243
0x2355,413,0.000021309117
0x2356,413,0.000021309117
0x2357,413,0.000021309117
0x2358,413,0.000021309117
0x235a,413,0.000021309117
0x235b,413,0.000021309117
0x235e,413,0.000021309117
0x235f,413,0.000021309117
0x2360,413,0.000021309117
0x2361,413,0.000021309117
0x2362,413,0.000021309117
0x2364,413,0.000021309117
0x2365,413,0.000021309117
0x2366,413,0.000021309117
0x2368,413,0.000021309117
0x2369,413,0.000021309117
0x236a,413,0.000021309117
0x236b,413,0.000021309117
0x236c,413,0.000021309117
0x236e,413,0.000021309117
0x2370,413,0.000021309117
0x2373,368,0.000018987300
0x2375,368,0.000018987300
0x2377,368,0.000018987300
0x237a,368,0.000018987300
0x237b,45,0.000002321817
0x237c,45,0.000002321817
0x237e,45,0.000002321817
0x237f,45,0.000002321817
0x2381,45,0.000002321817
0x2384,45,0.000002321817
0x2385,45,0.000002321817
0x2386,45,0.000002321817
0x2387,45,0.000002321817
0x2389,45,0.000002321817
0x238a,13,0.000000670747
0x238c,13,0.000000670747
0x238d,13,0.000000670747
0x238e,13,0.000000670747
0x2390,13,0.000000670747
0x2391,11,0.000000567555
0x2393,11,0.000000567555
0x23d6,2772,0.000143023901
0x23d9,2772,0.000143023901
0x23da,2772,0.000143023901
0x23dc,2772,0.000143023901
0x23de,2772,0.000143023901
0x2476,10,0.000000515959
0x2477,10,0.000000515959
0x2478,10,0.000000515959
0x247b,10,0.000000515959
0x247d,10,0.000000515959
0x247e,10,0.000000515959
0x2481,10,0.000000515959
0x2483,10,0.000000515959
0x2484,10,0.000000515959
0x2485,10,0.000000515959
0x2487,10,0.000000515959
0x2488,10,0.000000515959
0x2489,10,0.000000515959
0x248a,10,0.000000515959
0x248c,10,0.000000515959
0x248d,10,0.000000515959
0x248f,10,0.000000515959
0x2490,10,0.000000515959
0x2493,10,0.000000515959
0x2495,10,0.000000515959
0x2496,10,0.000000515959
0x2497,10,0.000000515959
0x2498,10,0.000000515959
0x2499,10,0.000000515959
0x249a,10,0.000000515959
0x249b,7,0.000000361171
0x249c,7,0.000000361171
0x249d,7,0.000000361171
0x249e,5,0.000000257980
0x249f,5,0.000000257980
0x24a0,5145,0.000265461028
0x24a3,5145,0.000265461028
0x24a5,5145,0.000265461028
0x24a7,5145,0.000265461028
0x24a8,1952,0.000100715243
0x24ab,1952,0.000100715243
0x24ae,1952,0.000100715243
0x24b1,1952,0.000100715243
0x24b4,1952,0.000100715243
0x24b6,1952,0.000100715243
0x24b8,1952,0.000100715243
0x24b9,488,0.000025178811
0x24c4,2570,0.000132601524
0x24c7,2570,0.000132601524
0x24c9,2570,0.000132601524
0x24cb,2570,0.000132601524
0x24ce,976,0.000050357622
0x24d1,976,0.000050357622
0x24d4,976,0.000050357622
0x24d5,976,0.000050357622
0x24d6,976,0.000050357622
0x24d8,976,0.000050357622
0x24db,732,0.000037768216
0x24e0,976,0.000050357622
0x24e3,976,0.000050357622
0x24e5,976,0.000050357622
0x24e6,61,0.000003147351
0x24e9,61,0.000003147351
0x24eb,61,0.000003147351
0x24ec,61,0.000003147351
0x24f2,488,0.000025178811
0x24f5,488,0.000025178811
0x24f7,488,0.000025178811
0x24f8,488,0.000025178811
0x24f9,488,0.000025178811
0x24fc,488,0.000025178811
0x24fe,488,0.000025178811
0x24ff,488,0.000025178811
0x2500,144,0.000007429813
0x2503,144,0.000007429813
0x2504,144,0.000007429813
0x2505,134,0.000006913854
0x2508,134,0.000006913854
0x2509,134,0.000006913854
0x250a,33,0.000001702665
0x250b,33,0.000001702665
0x250d,33,0.000001702665
0x250e,33,0.000001702665
0x2511,33,0.000001702665
0x2512,33,0.000001702665
0x2513,33,0.000001702665
0x2515,33,0.000001702665
0x2517,33,0.000001702665
0x2518,33,0.000001702665
0x2519,33,0.000001702665
0x251a,33,0.000001702665
0x2560,1392,0.000071821526
0x2563,1392,0.000071821526
0x2564,1392,0.000071821526
0x2566,1392,0.000071821526
0x2567,1392,0.000071821526
0x2568,1392,0.000071821526
0x2569,1392,0.000071821526
0x256a,1392,0.000071821526
0x256b,1392,0.000071821526
0x256d,1392,0.000071821526
0x256e,1392,0.000071821526
0x2570,1392,0.000071821526
0x2572,1392,0.000071821526
0x2575,1392,0.000071821526
0x2576,1392,0.000071821526
0x2577,1392,0.000071821526
0x2578,1392,0.000071821526
0x2579,1392,0.000071821526
0x257b,1392,0.000071821526
0x257c,1392,0.000071821526
0x257f,1392,0.000071821526
0x2581,1392,0.000071821526
0x2582,1392,0.000071821526
0x2585,1392,0.000071821526
0x2587,1392,0.000071821526
0x2588,11090,0.000572198795
0x2589,11090,0.000572198795
0x258c,11072,0.000571270069
0x258d,11072,0.000571270069
0x258e,11072,0.000571270069
0x2590,11072,0.000571270069
0x2591,11072,0.000571270069
0x2592,11072,0.000571270069
0x2595,1374,0.000070892799
0x2596,11090,0.000572198795
0x2597,11090,0.000572198795
0x2599,11090,0.000572198795
0x259a,7939,0.000409620039
0x259b,7939,0.000409620039
0x259c,7939,0.000409620039
0x259e,7939,0.000409620039
0x259f,7939,0.000409620039
0x25a1,7939,0.000409620039
0x25a2,7536,0.000388826882
0x25a3,7536,0.000388826882
0x25a4,7536,0.000388826882
0x25a5,7536,0.000388826882
0x25a6,4640,0.000239405087
0x25a7,4640,0.000239405087
0x25a8,1042,0.000053762953
0x25a9,1042,0.000053762953
0x25aa,1042,0.000053762953
0x25ab,1042,0.000053762953
0x25ac,1022,0.000052731034
0x25ae,1022,0.000052731034
0x25af,18,0.000000928727
0x25b0,18,0.000000928727
0x25b1,18,0.000000928727
0x25b2,18,0.000000928727
0x25b3,18,0.000000928727
0x25b4,18,0.000000928727
0x25b5,18,0.000000928727
0x25b6,18,0.000000928727
0x25b7,76,0.000003921290
0x25ba,76,0.000003921290
0x25bc,76,0.000003921290
0x25be,76,0.000003921290
0x25ca,76,0.000003921290
0x25cd,171,0.000008822903
0x25ce,171,0.000008822903
0x25d0,171,0.000008822903
0x25d3,124,0.000006397895
0x25d4,124,0.000006397895
0x25d6,124,0.000006397895
0x25d7,124,0.000006397895
0x25d8,124,0.000006397895
0x25db,29,0.000001496282
0x25dc,29,0.000001496282
0x25dd,29,0.000001496282
0x25e0,47,0.000002425008
0x25e1,47,0.000002425008
0x25e3,47,0.000002425008
0x25e4,47,0.000002425008
0x25e5,47,0.000002425008
0x25e7,47,0.000002425008
0x25e8,47,0.000002425008
0x25ea,47,0.000002425008
0x25eb,47,0.000002425008
0x25ec,47,0.000002425008
0x25ed,47,0.000002425008
0x25ef,47,0.000002425008
0x25f0,47,0.000002425008
0x25f1,47,0.000002425008
0x25f3,47,0.000002425008
0x25f4,47,0.000002425008
0x25f6,47,0.000002425008
0x25f7,47,0.000002425008
0x25f8,47,0.000002425008
0x25f9,47,0.000002425008
0x25fa,47,0.000002425008
0x25fb,47,0.000002425008
0x25fc,47,0.000002425008
0x25fd,47,0.000002425008
0x2600,632,0.000032608624
0x2601,632,0.000032608624
0x2602,632,0.000032608624
0x2603,632,0.000032608624
0x2604,632,0.000032608624
0x2605,632,0.000032608624
0x2608,632,0.000032608624
0x2609,632,0.000032608624
0x260a,632,0.000032608624
0x260b,632,0.000032608624
0x260c,632,0.000032608624
0x260e,632,0.000032608624
0x2611,632,0.000032608624
0x2612,632,0.000032608624
0x2613,632,0.000032608624
0x2616,632,0.000032608624
0x2617,632,0.000032608624
0x261a,361,0.000018626129
0x261d,361,0.000018626129
0x261e,361,0.000018626129
0x2620,361,0.000018626129
0x2621,361,0.000018626129
0x2624,361,0.000018626129
0x2625,361,0.000018626129
0x2626,361,0.000018626129
0x2628,361,0.000018626129
0x2629,361,0.000018626129
0x262b,361,0.000018626129
0x262c,361,0.000018626129
0x262e,361,0.000018626129
0x262f,361,0.000018626129
0x2630,361,0.000018626129
0x2631,361,0.000018626129
0x2633,361,0.000018626129
0x2634,361,0.000018626129
0x2635,361,0.000018626129
0x2638,361,0.000018626129
0x2639,632,0.000032608624
0x263c,632,0.000032608624
0x263f,632,0.000032608624
0x2642,632,0.000032608624
0x2643,632,0.000032608624
0x2646,316,0.000016304312
0x2649,316,0.000016304312
0x2650,271,0.000013982495
0x2651,271,0.000013982495
0x2654,271,0.000013982495
0x2655,271,0.000013982495
0x2656,271,0.000013982495
0x2658,271,0.000013982495
0x2659,271,0.000013982495
0x265b,271,0.000013982495
0x265c,271,0.000013982495
0x265e,271,0.000013982495
0x2661,271,0.000013982495
0x2662,271,0.000013982495
0x2668,316,0.000016304312
0x266b,316,0.000016304312
0x266c,316,0.000016304312
0x266d,316,0.000016304312
0x2670,316,0.000016304312
0x2672,316,0.000016304312
0x2676,316,0.000016304312
0x2678,316,0.000016304312
0x267c,316,0.000016304312
0x267f,316,0.000016304312
0x2681,316,0.000016304312
0x2684,316,0.000016304312
0x2685,316,0.000016304312
0x2688,316,0.000016304312
0x268a,316,0.000016304312
0x268b,316,0.000016304312
0x268d,316,0.000016304312
0x268e,316,0.000016304312
0x268f,316,0.000016304312
0x2692,315,0.000016252716
0x2693,316,0.000016304312
0x2694,316,0.000016304312
0x2697,316,0.000016304312
0x2699,316,0.000016304312
0x269d,316,0.000016304312
0x269f,316,0.000016304312
0x26a3,316,0.000016304312
0x26a4,316,0.000016304312
0x26a7,316,0.000016304312
0x26aa,316,0.000016304312
0x26ad,316,0.000016304312
0x26ae,316,0.000016304312
0x26af,316,0.000016304312
0x26b0,316,0.000016304312
0x26b1,63,0.000003250543
0x26b2,63,0.000003250543
0x26b4,63,0.000003250543
0x26b5,63,0.000003250543
0x26b7,63,0.000003250543
0x26b8,63,0.000003250543
0x26ba,63,0.000003250543
0x26bb,10,0.000000515959
0x26bc,10,0.000000515959
0x26bd,10,0.000000515959
0x26be,10,0.000000515959
0x26bf,10,0.000000515959
0x26c2,10,0.000000515959
0x26c4,10,0.000000515959
0x26c6,10,0.000000515959
0x26c7,10,0.000000515959
0x26c8,10,0.000000515959
0x26ca,10,0.000000515959
0x26cb,10,0.000000515959
0x26cc,10,0.000000515959
0x26d0,316,0.000016304312
0x26d3,316,0.000016304312
0x26d6,316,0.000016304312
0x26d9,2528,0.000130434495
0x26da,2528,0.000130434495
0x26db,2528,0.000130434495
0x26de,1997,0.000103037060
0x26df,1997,0.000103037060
0x26e0,1997,0.000103037060
0x26e3,316,0.000016304312
0x26e4,1997,0.000103037060
0x26e5,2528,0.000130434495
0x26e6,2528,0.000130434495
0x26e7,2528,0.000130434495
0x26e8,2528,0.000130434495
0x26e9,2528,0.000130434495
0x26eb,2528,0.000130434495
0x26ee,316,0.000016304312
0x26f1,316,0.000016304312
0x26f2,316,0.000016304312
0x26f3,316,0.000016304312
0x26f5,316,0.000016304312
0x26f8,316,0.000016304312
0x26f9,316,0.000016304312
0x26fa,316,0.000016304312
0x26fd,316,0.000016304312
0x2700,4896,0.000252613643
0x2703,4896,0.000252613643
0x2704,4896,0.000252613643
0x2705,4896,0.000252613643
0x2706,4895,0.000252562047
0x2707,4895,0.000252562047
0x2708,4895,0.000252562047
0x270a,4895,0.000252562047
0x270b,4895,0.000252562047
0x270c,4895,0.000252562047
0x270e,4895,0.000252562047
0x270f,4895,0.000252562047
0x2711,4895,0.000252562047
0x2714,4895,0.000252562047
0x2717,19580,0.001010248189
0x271a,19580,0.001010248189
0x271b,19580,0.001010248189
0x271c,19580,0.001010248189
0x271d,19580,0.001010248189
0x271e,19580,0.001010248189
0x2720,19580,0.001010248189
0x2723,4895,0.000252562047
0x2725,4895,0.000252562047
0x2728,4895,0.000252562047
0x272a,4895,0.000252562047
0x2739,4895,0.000252562047
0x273c,4895,0.000252562047
0x273d,4895,0.000252562047
0x2740,4895,0.000252562047
0x2743,4895,0.000252562047
0x2748,19580,0.001010248189
0x2749,19580,0.001010248189
0x274a,19580,0.001010248189
0x274c,19580,0.001010248189
0x274d,52,0.000002682988
0x274e,52,0.000002682988
0x274f,52,0.000002682988
0x2750,26,0.000001341494
0x2751,26,0.000001341494
0x2752,26,0.000001341494
0x2753,26,0.000001341494
0x2754,26,0.000001341494
0x2755,26,0.000001341494
0x2757,26,0.000001341494
0x2758,26,0.000001341494
0x2759,26,0.000001341494
0x275b,26,0.000001341494
0x275c,26,0.000001341494
0x275f,26,0.000001341494
0x2760,26,0.000001341494
0x2761,26,0.000001341494
0x2764,26,0.000001341494
0x2768,26,0.000001341494
0x2769,26,0.000001341494
0x276c,26,0.000001341494
0x276e,26,0.000001341494
0x2771,26,0.000001341494
0x2772,26,0.000001341494
0x2775,10,0.000000515959
0x2778,26,0.000001341494
0x277b,26,0.000001341494
0x277c,26,0.000001341494
0x277f,26,0.000001341494
0x2780,26,0.000001341494
0x2781,26,0.000001341494
0x2782,26,0.000001341494
0x2783,26,0.000001341494
0x2784,26,0.000001341494
0x2785,26,0.000001341494
0x2786,26,0.000001341494
0x2789,26,0.000001341494
0x27a8,4895,0.000252562047
0x27ab,4895,0.000252562047
0x27ac,4895,0.000252562047
0x27af,4895,0.000252562047
0x27b0,4895,0.000252562047
0x27b1,4895,0.000252562047
0x27b4,4895,0.000252562047
0x27b6,4895,0.000252562047
0x27b7,4895,0.000252562047
0x27b8,4895,0.000252562047
0x27ba,4895,0.000252562047
0x27bd,4127,0.000212936378
0x27c0,4127,0.000212936378
0x27c1,4127,0.000212936378
0x27c2,4127,0.000212936378
0x27c5,4031,0.000207983169
0x27c7,4031,0.000207983169
0x27c8,4031,0.000207983169
0x27c9,4031,0.000207983169
0x27ca,1725,0.000089002969
0x27cc,1725,0.000089002969
0x27cf,1656,0.000085442850
0x27d0,1656,0.000085442850
0x27d2,1656,0.000085442850
0x27d3,1656,0.000085442850
0x27d5,1656,0.000085442850
0x27d6,1656,0.000085442850
0x27d8,69,0.000003560119
0x27da,69,0.000003560119
0x27dc,69,0.000003560119
0x27dd,69,0.000003560119
0x27df,69,0.000003560119
0x27e0,69,0.000003560119
0x27e2,96,0.000004953209
0x27e4,96,0.000004953209
0x27e9,96,0.000004953209
0x27ea,96,0.000004953209
0x27ec,96,0.000004953209
0x27ee,96,0.000004953209
0x3000,1397,0.000072079506
0x3003,1397,0.000072079506
0x3004,1397,0.000072079506
0x3005,1397,0.000072079506
0x3007,1397,0.000072079506
0x300a,1397,0.000072079506
0x300b,1397,0.000072079506
0x300c,1397,0.000072079506
0x300d,1397,0.000072079506
0x300e,1397,0.000072079506
0x300f,1397,0.000072079506
0x3010,1397,0.000072079506
0x3011,1397,0.000072079506
0x3012,171,0.000008822903
0x3028,178,0.000009184074
0x302b,178,0.000009184074
0x302c,178,0.000009184074
0x302e,178,0.000009184074
0x302f,178,0.000009184074
0x3031,178,0.000009184074
0x3032,178,0.000009184074
0x3034,178,0.000009184074
0x3035,163,0.000008410136
0x3037,163,0.000008410136
0x3038,163,0.000008410136
0x3039,163,0.000008410136
0x303c,154,0.000007945772
0x303d,154,0.000007945772
0x303e,2,0.000000103192
0x303f,2,0.000000103192
0x3040,2,0.000000103192
0x3042,2,0.000000103192
0x3044,2,0.000000103192
0x3046,2,0.000000103192
0x3048,2,0.000000103192
0x3049,2,0.000000103192
0x304b,2,0.000000103192
0x304d,2,0.000000103192
0x304f,2,0.000000103192
0x3050,2,0.000000103192
0x3052,2,0.000000103192
0x3055,2,0.000000103192
0x3056,2,0.000000103192
0x3057,2,0.000000103192
0x3059,2,0.000000103192
0x305c,9,0.000000464363
0x305f,9,0.000000464363
0x3062,9,0.000000464363
0x3063,9,0.000000464363
0x3064,9,0.000000464363
0x3065,9,0.000000464363
0x3066,9,0.000000464363
0x3067,9,0.000000464363
0x3068,9,0.000000464363
0x306a,9,0.000000464363
0x306c,9,0.000000464363
0x306d,9,0.000000464363
0x3074,41,0.000002115433
0x3077,41,0.000002115433
0x3078,41,0.000002115433
0x3079,41,0.000002115433
0x307a,41,0.000002115433
0x307c,41,0.000002115433
0x307d,41,0.000002115433
0x307f,41,0.000002115433
0x3080,41,0.000002115433
0x3081,41,0.000002115433
0x3082,41,0.000002115433
0x3084,41,0.000002115433
0x3089,41,0.000002115433
0x308a,41,0.000002115433
0x308b,41,0.000002115433
0x308c,41,0.000002115433
0x308d,41,0.000002115433
0x308f,41,0.000002115433
0x3090,41,0.000002115433
0x3092,41,0.000002115433
0x3093,41,0.000002115433
0x3094,41,0.000002115433
0x3095,41,0.000002115433
0x3098,41,0.000002115433
0x309a,41,0.000002115433
0x309d,2,0.000000103192
0x309f,41,0.000002115433
0x30a0,41,0.000002115433
0x30a1,41,0.000002115433
0x30a4,41,0.000002115433
0x30a6,41,0.000002115433
0x30a7,41,0.000002115433
0x30a8,41,0.000002115433
0x30aa,1266,0.000065320440
0x30ad,1266,0.000065320440
0x30ae,1266,0.000065320440
0x30af,1266,0.000065320440
0x30b0,1266,0.000065320440
0x30b1,1266,0.000065320440
0x30b3,1266,0.000065320440
0x30b5,1266,0.000065320440
0x30b6,1266,0.000065320440
0x30b8,1266,0.000065320440
0x30ba,175,0.000009029287
0x30bd,175,0.000009029287
0x30c0,175,0.000009029287
0x30c3,175,0.000009029287
0x30c6,175,0.000009029287
0x30c8,175,0.000009029287
0x30c9,175,0.000009029287
0x30ca,175,0.000009029287
0x30cb,133,0.000006862258
0x30cd,133,0.000006862258
0x30ce,133,0.000006862258
0x30cf,133,0.000006862258
0x30d2,101,0.000005211188
0x30d3,101,0.000005211188
0x30d4,27,0.000001393090
0x30d6,27,0.000001393090
0x30d8,27,0.000001393090
0x30da,525,0.000027087860
0x30db,525,0.000027087860
0x30dc,525,0.000027087860
0x30dd,525,0.000027087860
0x30de,280,0.000014446859
0x30df,280,0.000014446859
0x30e4,32,0.000001651070
0x30e7,32,0.000001651070
0x30ea,32,0.000001651070
0x30eb,32,0.000001651070
0x30ed,32,0.000001651070
0x30f2,32,0.000001651070
0x30f3,32,0.000001651070
0x30f5,32,0.000001651070
0x30f6,32,0.000001651070
0x30f7,32,0.000001651070
0x30f8,32,0.000001651070
0x30fa,32,0.000001651070
0x30fc,32,0.000001651070
0x30ff,32,0.000001651070
0x3102,32,0.000001651070
0x3105,32,0.000001651070
0x3106,32,0.000001651070
0x3107,32,0.000001651070
0x3108,32,0.000001651070
0x310a,32,0.000001651070
0x310c,32,0.000001651070
0x310e,32,0.000001651070
0x310f,32,0.000001651070
0x3112,96,0.000004953209
0x3113,96,0.000004953209
0x3114,96,0.000004953209
0x3115,96,0.000004953209
0x3116,62,0.000003198947
0x3117,62,0.000003198947
0x3118,62,0.000003198947
0x311a,62,0.000003198947
0x311b,62,0.000003198947
0x311c,62,0.000003198947
0x311d,62,0.000003198947
0x311e,32,0.000001651070
0x311f,32,0.000001651070
0x3121,32,0.000001651070
0x3124,175,0.000009029287
0x3127,175,0.000009029287
0x3128,175,0.000009029287
0x312a,175,0.000009029287
0x312b,27,0.000001393090
0x312d,27,0.000001393090
0x312f,27,0.000001393090
0x3130,27,0.000001393090
0x3131,27,0.000001393090
0x3132,27,0.000001393090
0x3134,27,0.000001393090
0x3136,27,0.000001393090
0x3138,27,0.000001393090
0x313d,27,0.000001393090
0x313f,27,0.000001393090
0x3140,27,0.000001393090
0x3141,27,0.000001393090
0x3144,27,0.000001393090
0x3145,27,0.000001393090
0x3146,27,0.000001393090
0x3149,20,0.000001031918
0x314b,27,0.000001393090
0x314d,27,0.000001393090
0x314e,27,0.000001393090
0x315a,175,0.000009029287
0x315d,175,0.000009029287
0x315e,175,0.000009029287
0x3160,175,0.000009029287
0x3161,52,0.000002682988
0x3164,52,0.000002682988
0x3165,52,0.000002682988
0x3166,52,0.000002682988
0x3167,52,0.000002682988
0x3169,52,0.000002682988
0x316a,52,0.000002682988
0x316c,52,0.000002682988
0x316d,52,0.000002682988
0x316e,52,0.000002682988
0x316f,52,0.000002682988
0x3171,52,0.000002682988
0x3172,52,0.000002682988
0x3174,52,0.000002682988
0x3176,52,0.000002682988
0x3177,52,0.000002682988
0x3178,52,0.000002682988
0x3179,467,0.000024095296
0x317c,440,0.000022702206
0x317d,440,0.000022702206
0x317e,440,0.000022702206
0x317f,440,0.000022702206
0x3180,440,0.000022702206
0x3181,440,0.000022702206
0x3182,440,0.000022702206
0x3183,440,0.000022702206
0x3186,29,0.000001496282
0x3188,29,0.000001496282
0x318a,440,0.000022702206
0x318b,440,0.000022702206
0x318e,25,0.000001289898
0x3192,467,0.000024095296
0x3193,467,0.000024095296
0x3195,467,0.000024095296
0x3196,272,0.000014034091
0x3199,272,0.000014034091
0x319a,272,0.000014034091
0x319b,27,0.000001393090
0x319e,27,0.000001393090
0x319f,27,0.000001393090
0x31a0,27,0.000001393090
0x31a1,27,0.000001393090
0x31a2,27,0.000001393090
0x31a3,27,0.000001393090
0x31a4,27,0.000001393090
0x31a7,27,0.000001393090
0x31a9,27,0.000001393090
0x31ac,27,0.000001393090
0x31ad,27,0.000001393090
0x31b4,174,0.000008977691
0x31b7,174,0.000008977691
0x31b9,174,0.000008977691
0x31ba,26,0.000001341494
0x31bd,26,0.000001341494
0x31bf,26,0.000001341494
0x31c0,26,0.000001341494
0x31c2,26,0.000001341494
0x31c3,26,0.000001341494
0x31c5,26,0.000001341494
0x31c6,26,0.000001341494
0x31c7,26,0.000001341494
0x31c8,26,0.000001341494
0x31cb,26,0.000001341494
0x31cd,26,0.000001341494
0x31ce,26,0.000001341494
0x31d1,10,0.000000515959
0x31d2,10,0.000000515959
0x31d3,10,0.000000515959
0x31d4,10,0.000000515959
0x31d6,26,0.000001341494
0x31d7,26,0.000001341494
0x31d8,26,0.000001341494
0x31d9,26,0.000001341494
0x31da,26,0.000001341494
0x31dc,26,0.000001341494
0x31de,26,0.000001341494
0x31df,26,0.000001341494
0x31e1,26,0.000001341494
0x31e2,26,0.000001341494
0x31e3,26,0.000001341494
0x31e4,26,0.000001341494
0x31e5,26,0.000001341494
0x31e6,26,0.000001341494
0x31e7,26,0.000001341494
0x31e8,26,0.000001341494
0x31e9,26,0.000001341494
0x31ec,26,0.000001341494
0x31ed,26,0.000001341494
0x31f0,26,0.000001341494
0x31f1,26,0.000001341494
0x31f2,26,0.000001341494
0x31f4,26,0.000001341494
0x31f5,26,0.000001341494
0x31f7,26,0.000001341494
0x31f8,26,0.000001341494
0x31fb,26,0.000001341494
0x31fd,26,0.000001341494
0x31fe,26,0.000001341494
0x31ff,26,0.000001341494
0x3201,26,0.000001341494
0x3202,26,0.000001341494
0x3203,26,0.000001341494
0x3204,26,0.000001341494
0x3207,26,0.000001341494
0x3209,26,0.000001341494
0x320a,26,0.000001341494
0x320b,26,0.000001341494
0x320c,26,0.000001341494
0x320d,26,0.000001341494
0x3210,26,0.000001341494
0x3213,26,0.000001341494
0x3215,26,0.000001341494
0x3216,19,0.000000980323
0x3217,19,0.000000980323
0x3219,19,0.000000980323
0x321b,19,0.000000980323
0x321c,2,0.000000103192
0x321e,2,0.000000103192
0x3220,2,0.000000103192
0x322c,171,0.000008822903
0x322f,171,0.000008822903
0x3231,171,0.000008822903
0x3232,16,0.000000825535
0x3235,16,0.000000825535
0x3238,16,0.000000825535
0x323b,16,0.000000825535
0x323c,16,0.000000825535
0x323f,16,0.000000825535
0x3240,138,0.000007120237
0x3241,138,0.000007120237
0x3243,138,0.000007120237
0x3246,109,0.000005623956
0x3247,109,0.000005623956
0x3248,109,0.000005623956
0x3249,94,0.000004850017
0x324a,94,0.000004850017
0x324b,94,0.000004850017
0x324c,94,0.000004850017
0x324d,94,0.000004850017
0x324e,123,0.000006346299
0x324f,123,0.000006346299
0x3250,123,0.000006346299
0x3251,123,0.000006346299
0x3253,123,0.000006346299
0x3254,123,0.000006346299
0x3256,123,0.000006346299
0x3259,1,0.000000051596
0x325b,1,0.000000051596
0x325e,1,0.000000051596
0x3264,178,0.000009184074
0x3267,178,0.000009184074
0x3268,178,0.000009184074
0x326b,178,0.000009184074
0x326c,178,0.000009184074
0x326e,178,0.000009184074
0x326f,178,0.000009184074
0x3271,178,0.000009184074
0x3272,178,0.000009184074
0x3274,178,0.000009184074
0x3275,26,0.000001341494
0x3277,26,0.000001341494
0x3279,26,0.000001341494
0x327a,26,0.000001341494
0x327b,26,0.000001341494
0x327c,26,0.000001341494
0x327e,26,0.000001341494
0x3281,26,0.000001341494
0x3282,26,0.000001341494
0x3285,26,0.000001341494
0x3286,26,0.000001341494
0x3287,26,0.000001341494
0x3289,26,0.000001341494
0x328a,26,0.000001341494
0x328b,26,0.000001341494
0x328d,26,0.000001341494
0x328e,26,0.000001341494
0x328f,56,0.000002889372
0x3290,56,0.000002889372
0x3291,56,0.000002889372
0x3292,56,0.000002889372
0x3295,49,0.000002528200
0x3296,49,0.000002528200
0x3297,49,0.000002528200
0x329a,47,0.000002425008
0x329b,47,0.000002425008
0x329e,47,0.000002425008
0x329f,47,0.000002425008
0x32a0,47,0.000002425008
0x32a3,47,0.000002425008
0x32a4,56,0.000002889372
0x32a5,56,0.000002889372
0x32a6,56,0.000002889372
0x32a9,1,0.000000051596
0x32ab,56,0.000002889372
0x32ac,56,0.000002889372
0x32af,26,0.000001341494
0x32b0,16,0.000000825535
0x32b3,16,0.000000825535
0x32b5,16,0.000000825535
0x32b8,16,0.000000825535
0x32ba,16,0.000000825535
0x32bc,16,0.000000825535
0x32bf,16,0.000000825535
0x32c2,16,0.000000825535
0x32c3,16,0.000000825535
0x32c4,2,0.000000103192
0x32c5,2,0.000000103192
0x32c6,2,0.000000103192
0x32c7,2,0.000000103192
0x32c8,2,0.000000103192
0x32cb,2,0.000000103192
0x32cd,2,0.000000103192
0x32d0,2,0.000000103192
0x32d2,2,0.000000103192
0x32d4,2,0.000000103192
0x32d6,2,0.000000103192
0x32d7,2,0.000000103192
0x32d9,2,0.000000103192
0x32da,2,0.000000103192
0x32dc,2,0.000000103192
0x32dd,2,0.000000103192
0x32de,2,0.000000103192
0x32e1,2,0.000000103192
0x32e2,2,0.000000103192
0x32e3,2,0.000000103192
0x3400,632,0.000032608624
0x3403,632,0.000032608624
0x3406,632,0.000032608624
0x3409,632,0.000032608624
0x340c,632,0.000032608624
0x340f,632,0.000032608624
0x3412,632,0.000032608624
0x3413,632,0.000032608624
0x3416,632,0.000032608624
0x3418,632,0.000032608624
0x3438,632,0.000032608624
0x343b,632,0.000032608624
0x343c,632,0.000032608624
0x343f,316,0.000016304312
0x3442,316,0.000016304312
0x3445,316,0.000016304312
0x3448,316,0.000016304312
0x344b,316,0.000016304312
0x3452,316,0.000016304312
0x3455,316,0.000016304312
0x3458,316,0.000016304312
0x345b,316,0.000016304312
0x3474,316,0.000016304312
0x3477,1264,0.000065217248
0x3478,1264,0.000065217248
0x347b,1264,0.000065217248
0x347c,1264,0.000065217248
0x347d,1264,0.000065217248
0x347f,1264,0.000065217248
0x3480,1264,0.000065217248
0x3482,1264,0.000065217248
0x3485,316,0.000016304312
0x3486,316,0.000016304312
0x3489,1264,0.000065217248
0x348a,1264,0.000065217248
0x348d,1264,0.000065217248
0x348e,1264,0.000065217248
0x348f,1264,0.000065217248
0x3491,1264,0.000065217248
0x3492,1264,0.000065217248
0x3494,1264,0.000065217248
0x3497,316,0.000016304312
0x3498,316,0.000016304312
0x349b,1264,0.000065217248
0x349c,1264,0.000065217248
0x349f,1264,0.000065217248
0x34a0,1264,0.000065217248
0x34a1,1264,0.000065217248
0x34a3,1264,0.000065217248
0x34a4,1264,0.000065217248
0x34a6,1264,0.000065217248
0x34a9,316,0.000016304312
0x34aa,316,0.000016304312
0x34ad,1264,0.000065217248
0x34ae,1264,0.000065217248
0x34b1,1264,0.000065217248
0x34b2,1264,0.000065217248
0x34b3,1264,0.000065217248
0x34b5,1264,0.000065217248
0x34b6,1264,0.000065217248
0x34b8,1264,0.000065217248
0x34bb,316,0.000016304312
0x34c0,2704,0.000139515378
0x34c1,2704,0.000139515378
0x34c2,2704,0.000139515378
0x34c3,2174,0.000112169538
0x34c4,2174,0.000112169538
0x34c6,2174,0.000112169538
0x34c7,2174,0.000112169538
0x34c9,2174,0.000112169538
0x34ca,2174,0.000112169538
0x34cb,2174,0.000112169538
0x34cc,2174,0.000112169538
0x34cd,2174,0.000112169538
0x34ce,2174,0.000112169538
0x34cf,2174,0.000112169538
0x34d0,2174,0.000112169538
0x34d1,2174,0.000112169538
0x34d2,2174,0.000112169538
0x34d3,2174,0.000112169538
0x34d4,2174,0.000112169538
0x34d5,2174,0.000112169538
0x34d7,2174,0.000112169538
0x34d8,2174,0.000112169538
0x34da,2174,0.000112169538
0x34db,2174,0.000112169538
0x34dc,2174,0.000112169538
0x34dd,2174,0.000112169538
0x34de,2177,0.000112324326
0x34df,2177,0.000112324326
0x34e1,2177,0.000112324326
0x34e4,252,0.000013002173
0x34e5,252,0.000013002173
0x34e7,252,0.000013002173
0x34ea,101,0.000005211188
0x34ec,101,0.000005211188
0x34ed,101,0.000005211188
0x34ee,101,0.000005211188
0x34f0,101,0.000005211188
0x34f1,101,0.000005211188
0x34f3,101,0.000005211188
0x34f6,48,0.000002476604
0x34f8,48,0.000002476604
0x34f9,48,0.000002476604
0x34fa,48,0.000002476604
0x34fc,48,0.000002476604
0x34fd,48,0.000002476604
0x34ff,48,0.000002476604
0x3509,101,0.000005211188
0x350a,101,0.000005211188
0x350b,101,0.000005211188
0x350c,2177,0.000112324326
0x350e,2177,0.000112324326
0x350f,2177,0.000112324326
0x3512,2177,0.000112324326
0x3513,2177,0.000112324326
0x3515,2177,0.000112324326
0x3516,2177,0.000112324326
0x3518,2177,0.000112324326
0x3519,2177,0.000112324326
0x3520,16,0.000000825535
0x3521,16,0.000000825535
0x3522,16,0.000000825535
0x3523,16,0.000000825535
0x3524,16,0.000000825535
0x3525,16,0.000000825535
0x3526,16,0.000000825535
0x3527,16,0.000000825535
0x3528,684,0.000035291612
0x3529,684,0.000035291612
0x352a,684,0.000035291612
0x352b,684,0.000035291612
0x352c,684,0.000035291612
0x352d,684,0.000035291612
0x352e,684,0.000035291612
0x352f,684,0.000035291612
0x3530,818,0.000042205466
0x3531,818,0.000042205466
0x3532,818,0.000042205466
0x3533,818,0.000042205466
0x3534,818,0.000042205466
0x3535,818,0.000042205466
0x3536,818,0.000042205466
0x3537,818,0.000042205466
0x3538,964,0.000049738471
0x3539,964,0.000049738471
0x353a,964,0.000049738471
0x353b,964,0.000049738471
0x353c,964,0.000049738471
0x353d,964,0.000049738471
0x353e,964,0.000049738471
0x353f,964,0.000049738471
0x3540,2437,0.000125739266
0x3541,2437,0.000125739266
0x3542,2437,0.000125739266
0x3543,2437,0.000125739266
0x3544,2437,0.000125739266
0x3545,2437,0.000125739266
0x3546,2437,0.000125739266
0x3547,2437,0.000125739266
0x3548,2622,0.000135284512
0x3549,2622,0.000135284512
0x354a,2622,0.000135284512
0x354b,2622,0.000135284512
0x354c,2622,0.000135284512
0x354d,2622,0.000135284512
0x354e,2622,0.000135284512
0x354f,2622,0.000135284512
0x3550,2638,0.000136110047
0x3551,2638,0.000136110047
0x3552,2638,0.000136110047
0x3553,2638,0.000136110047
0x3554,2638,0.000136110047
0x3555,2638,0.000136110047
0x3556,2638,0.000136110047
0x3557,2638,0.000136110047
0x3558,2638,0.000136110047
0x355a,2638,0.000136110047
0x355b,2638,0.000136110047
0x355d,2638,0.000136110047
0x3560,632,0.000032608624
0x3563,632,0.000032608624
0x3564,632,0.000032608624
0x3565,632,0.000032608624
0x3566,632,0.000032608624
0x3567,632,0.000032608624
0x3568,632,0.000032608624
0x3569,632,0.000032608624
0x356a,632,0.000032608624
0x356d,632,0.000032608624
0x3570,632,0.000032608624
0x3572,632,0.000032608624
0x3577,632,0.000032608624
0x3579,632,0.000032608624
0x357a,632,0.000032608624
0x357b,632,0.000032608624
0x357e,632,0.000032608624
0x357f,632,0.000032608624
0x3581,632,0.000032608624
0x3584,632,0.000032608624
0x3586,632,0.000032608624
0x3587,632,0.000032608624
0x3588,632,0.000032608624
0x3589,632,0.000032608624
0x358c,632,0.000032608624
0x358d,632,0.000032608624
0x358e,632,0.000032608624
0x3590,632,0.000032608624
0x3591,632,0.000032608624
0x3593,632,0.000032608624
0x3594,632,0.000032608624
0x3596,632,0.000032608624
0x3597,632,0.000032608624
0x359a,632,0.000032608624
0x359b,632,0.000032608624
0x359c,632,0.000032608624
0x359d,632,0.000032608624
0x359f,632,0.000032608624
0x35a2,632,0.000032608624
0x35b0,2528,0.000130434495
0x35b1,2528,0.000130434495
0x35b2,2528,0.000130434495
0x35b3,1998,0.000103088656
0x35b4,1998,0.000103088656
0x35b5,1998,0.000103088656
0x35b6,1998,0.000103088656
0x35b7,1998,0.000103088656
0x35b8,1998,0.000103088656
0x35b9,1998,0.000103088656
0x35ba,1998,0.000103088656
0x35bd,1784,0.000092047128
0x35be,1998,0.000103088656
0x35bf,1998,0.000103088656
0x35c0,1998,0.000103088656
0x35c1,1998,0.000103088656
0x35c2,1998,0.000103088656
0x35c3,1998,0.000103088656
0x35c4,1998,0.000103088656
0x35c5,1998,0.000103088656
0x35c7,1998,0.000103088656
0x35c8,1998,0.000103088656
0x35c9,1998,0.000103088656
0x35ca,1998,0.000103088656
0x35cb,1998,0.000103088656
0x35cc,1998,0.000103088656
0x35cd,1998,0.000103088656
0x35ce,1998,0.000103088656
0x35cf,1998,0.000103088656
0x35d0,1998,0.000103088656
0x35d1,1998,0.000103088656
0x35d2,1998,0.000103088656
0x35d3,1998,0.000103088656
0x35d4,1998,0.000103088656
0x35d5,1998,0.000103088656
0x35d6,1998,0.000103088656
0x35d7,1998,0.000103088656
0x35d8,1998,0.000103088656
0x35d9,1998,0.000103088656
0x35da,1998,0.000103088656
0x35db,1998,0.000103088656
0x35e0,1468,0.000075742816
0x35e1,1468,0.000075742816
0x35e2,1468,0.000075742816
0x35e3,1468,0.000075742816
0x35e5,1468,0.000075742816
0x35e8,774,0.000039935245
0x35e9,774,0.000039935245
0x35ea,774,0.000039935245
0x35eb,774,0.000039935245
0x35ec,774,0.000039935245
0x35ed,774,0.000039935245
0x35ee,774,0.000039935245
0x35ef,774,0.000039935245
0x35f0,774,0.000039935245
0x35f1,774,0.000039935245
0x35f3,774,0.000039935245
0x35f6,224,0.000011557487
0x35f8,224,0.000011557487
0x35f9,224,0.000011557487
0x35fa,224,0.000011557487
0x35fb,224,0.000011557487
0x35fd,224,0.000011557487
0x35fe,224,0.000011557487
0x3601,29,0.000001496282
0x3602,29,0.000001496282
0x3603,29,0.000001496282
0x3604,224,0.000011557487
0x3605,224,0.000011557487
0x3606,224,0.000011557487
0x3607,224,0.000011557487
0x3608,224,0.000011557487
0x3609,224,0.000011557487
0x360a,224,0.000011557487
0x360b,224,0.000011557487
0x360c,224,0.000011557487
0x360e,224,0.000011557487
0x360f,224,0.000011557487
0x3612,206,0.000010628760
0x3613,206,0.000010628760
0x3614,206,0.000010628760
0x3615,206,0.000010628760
0x3616,206,0.000010628760
0x3618,206,0.000010628760
0x3619,206,0.000010628760
0x361a,206,0.000010628760
0x361b,206,0.000010628760
0x361c,139,0.000007171833
0x361f,139,0.000007171833
0x3620,139,0.000007171833
0x3621,139,0.000007171833
0x3622,50,0.000002579796
0x3623,50,0.000002579796
0x3624,50,0.000002579796
0x3628,694,0.000035807571
0x362a,694,0.000035807571
0x362d,677,0.000034930440
0x362e,677,0.000034930440
0x362f,677,0.000034930440
0x3630,677,0.000034930440
0x3631,677,0.000034930440
0x3632,677,0.000034930440
0x3633,677,0.000034930440
0x3634,677,0.000034930440
0x3635,677,0.000034930440
0x3636,677,0.000034930440
0x3637,677,0.000034930440
0x363a,210,0.000010835144
0x363c,210,0.000010835144
0x363d,210,0.000010835144
0x363e,210,0.000010835144
0x363f,210,0.000010835144
0x3641,210,0.000010835144
0x3642,210,0.000010835144
0x3645,28,0.000001444686
0x3646,28,0.000001444686
0x3647,28,0.000001444686
0x3648,210,0.000010835144
0x3649,210,0.000010835144
0x364a,210,0.000010835144
0x364b,210,0.000010835144
0x364c,210,0.000010835144
0x364d,210,0.000010835144
0x364e,210,0.000010835144
0x364f,210,0.000010835144
0x3650,210,0.000010835144
0x3651,210,0.000010835144
0x3652,210,0.000010835144
0x3654,210,0.000010835144
0x3655,210,0.000010835144
0x3656,210,0.000010835144
0x3657,210,0.000010835144
0x365a,160,0.000008255348
0x365d,160,0.000008255348
0x365e,160,0.000008255348
0x3661,44,0.000002270221
0x3662,44,0.000002270221
0x3663,210,0.000010835144
0x3665,210,0.000010835144
0x3666,210,0.000010835144
0x366a,550,0.000028377758
0x366b,550,0.000028377758
0x366c,550,0.000028377758
0x366d,19,0.000000980323
0x366e,19,0.000000980323
0x366f,19,0.000000980323
0x3670,19,0.000000980323
0x3671,19,0.000000980323
0x3672,18,0.000000928727
0x3673,18,0.000000928727
0x3674,18,0.000000928727
0x3675,18,0.000000928727
0x3676,18,0.000000928727
0x3679,18,0.000000928727
0x367b,18,0.000000928727
0x367c,18,0.000000928727
0x367f,18,0.000000928727
0x3680,18,0.000000928727
0x3683,18,0.000000928727
0x3684,18,0.000000928727
0x3686,18,0.000000928727
0x3689,18,0.000000928727
0x368a,18,0.000000928727
0x368b,18,0.000000928727
0x368d,18,0.000000928727
0x368e,17,0.000000877131
0x3690,17,0.000000877131
0x3691,13,0.000000670747
0x3692,13,0.000000670747
0x3695,467,0.000024095296
0x3696,467,0.000024095296
0x3697,467,0.000024095296
0x3698,467,0.000024095296
0x3699,467,0.000024095296
0x369a,467,0.000024095296
0x369b,467,0.000024095296
0x369c,467,0.000024095296
0x369d,12,0.000000619151
0x369e,12,0.000000619151
0x36a0,12,0.000000619151
0x36a1,12,0.000000619151
0x36a4,12,0.000000619151
0x36a6,12,0.000000619151
0x36a7,12,0.000000619151
0x36aa,11,0.000000567555
0x36ab,12,0.000000619151
0x36ae,12,0.000000619151
0x36b0,12,0.000000619151
0x36b3,12,0.000000619151
0x36b4,12,0.000000619151
0x36b6,12,0.000000619151
0x36b7,12,0.000000619151
0x36b9,12,0.000000619151
0x36ba,12,0.000000619151
0x36bb,12,0.000000619151
0x36c0,530,0.000027345840
0x36c1,530,0.000027345840
0x36c2,530,0.000027345840
0x36c3,265,0.000013672920
0x36c4,265,0.000013672920
0x36c5,265,0.000013672920
0x36c6,265,0.000013672920
0x36c8,265,0.000013672920
0x36c9,265,0.000013672920
0x36d2,640,0.000033021391
0x36d3,640,0.000033021391
0x36d4,640,0.000033021391
0x36d5,640,0.000033021391
0x36d6,640,0.000033021391
0x36d7,640,0.000033021391
0x36d8,24,0.000001238302
0x36d9,24,0.000001238302
0x36da,24,0.000001238302
0x36db,24,0.000001238302
0x36dc,24,0.000001238302
0x36dd,24,0.000001238302
0x36de,24,0.000001238302
0x36e1,24,0.000001238302
0x36e3,24,0.000001238302
0x36e6,24,0.000001238302
0x36ea,630,0.000032505432
0x36eb,630,0.000032505432
0x36ec,630,0.000032505432
0x36ed,630,0.000032505432
0x36ee,630,0.000032505432
0x36ef,630,0.000032505432
0x36f0,186,0.000009596842
0x36f1,186,0.000009596842
0x36f2,186,0.000009596842
0x36f3,186,0.000009596842
0x36f5,186,0.000009596842
0x36f6,12,0.000000619151
0x36f7,12,0.000000619151
0x36f8,12,0.000000619151
0x36f9,12,0.000000619151
0x36fa,12,0.000000619151
0x36fb,12,0.000000619151
0x36fc,12,0.000000619151
0x36fd,12,0.000000619151
0x36fe,12,0.000000619151
0x3701,12,0.000000619151
0x3703,12,0.000000619151
0x3706,12,0.000000619151
0x370a,728,0.000037561833
0x370b,728,0.000037561833
0x370c,728,0.000037561833
0x370d,728,0.000037561833
0x370e,728,0.000037561833
0x370f,728,0.000037561833
0x3710,62,0.000003198947
0x3711,62,0.000003198947
0x3712,62,0.000003198947
0x3713,62,0.000003198947
0x3715,62,0.000003198947
0x3716,22,0.000001135110
0x3717,22,0.000001135110
0x3718,22,0.000001135110
0x3719,22,0.000001135110
0x371a,22,0.000001135110
0x371b,22,0.000001135110
0x371c,22,0.000001135110
0x371d,22,0.000001135110
0x371e,22,0.000001135110
0x3721,22,0.000001135110
0x3723,22,0.000001135110
0x3726,22,0.000001135110
0x3729,22,0.000001135110
0x372a,22,0.000001135110
0x372c,22,0.000001135110
0x372d,11,0.000000567555
0x372e,11,0.000000567555
0x3730,11,0.000000567555
0x3731,11,0.000000567555
0x3732,11,0.000000567555
0x3733,11,0.000000567555
0x3734,11,0.000000567555
0x3735,11,0.000000567555
0x3736,11,0.000000567555
0x3739,11,0.000000567555
0x373b,11,0.000000567555
0x373e,11,0.000000567555
0x3744,17,0.000000877131
0x3746,17,0.000000877131
0x3747,17,0.000000877131
0x3748,17,0.000000877131
0x3749,17,0.000000877131
0x374a,17,0.000000877131
0x374c,17,0.000000877131
0x374d,17,0.000000877131
0x374e,17,0.000000877131
0x3750,17,0.000000877131
0x3751,17,0.000000877131
0x3752,2,0.000000103192
0x3753,2,0.000000103192
0x3754,2,0.000000103192
0x3758,6330,0.000326602198
0x3759,6330,0.000326602198
0x375a,6330,0.000326602198
0x375b,16,0.000000825535
0x375c,16,0.000000825535
0x375f,15,0.000000773939
0x3760,15,0.000000773939
0x3761,15,0.000000773939
0x3764,8,0.000000412767
0x3766,8,0.000000412767
0x3767,8,0.000000412767
0x3769,8,0.000000412767
0x376a,8,0.000000412767
0x376b,8,0.000000412767
0x376c,8,0.000000412767
0x376d,8,0.000000412767
0x376e,8,0.000000412767
0x376f,8,0.000000412767
0x3770,8,0.000000412767
0x3771,8,0.000000412767
0x3772,8,0.000000412767
0x3773,8,0.000000412767
0x3774,8,0.000000412767
0x3777,8,0.000000412767
0x377a,8,0.000000412767
0x377b,8,0.000000412767
0x377c,8,0.000000412767
0x377d,8,0.000000412767
0x377e,8,0.000000412767
0x3780,8,0.000000412767
0x3781,8,0.000000412767
0x3782,8,0.000000412767
0x3783,8,0.000000412767
0x3786,8,0.000000412767
0x3787,8,0.000000412767
0x3788,8,0.000000412767
0x3789,8,0.000000412767
0x378c,8,0.000000412767
0x378e,8,0.000000412767
0x378f,8,0.000000412767
0x3791,8,0.000000412767
0x3792,8,0.000000412767
0x3796,8,0.000000412767
0x3798,8,0.000000412767
0x3799,8,0.000000412767
0x379b,8,0.000000412767
0x379e,3,0.000000154788
0x379f,8,0.000000412767
0x37a0,8,0.000000412767
0x37a1,8,0.000000412767
0x37a4,8,0.000000412767
0x37a5,8,0.000000412767
0x37a6,8,0.000000412767
0x37a7,8,0.000000412767
0x37aa,8,0.000000412767
0x37b0,7,0.000000361171
0x37b1,7,0.000000361171
0x37b2,7,0.000000361171
0x37b3,7,0.000000361171
0x37b4,7,0.000000361171
0x37b5,7,0.000000361171
0x37b6,7,0.000000361171
0x37b7,7,0.000000361171
0x37b8,7,0.000000361171
0x37b9,7,0.000000361171
0x37ba,7,0.000000361171
0x37bb,7,0.000000361171
0x37be,7,0.000000361171
0x37c0,7,0.000000361171
0x37c1,7,0.000000361171
0x37c4,7,0.000000361171
0x37c6,7,0.000000361171
0x37cc,1,0.000000051596
0x37cd,1,0.000000051596
0x37ce,1,0.000000051596
0x37cf,1,0.000000051596
0x37d0,1,0.000000051596
0x37d2,1,0.000000051596
0x37d4,1,0.000000051596
0x37d5,1,0.000000051596
0x37d7,1,0.000000051596
0x37da,1,0.000000051596
0x37dd,26,0.000001341494
0x37de,26,0.000001341494
0x37df,26,0.000001341494
0x37e0,26,0.000001341494
0x37e1,26,0.000001341494
0x37e2,26,0.000001341494
0x37e5,1,0.000000051596
0x3800,1264,0.000065217248
0x3803,1264,0.000065217248
0x3805,1264,0.000065217248
0x3806,603,0.000031112342
0x3809,603,0.000031112342
0x380b,603,0.000031112342
0x380c,603,0.000031112342
0x380f,603,0.000031112342
0x3810,603,0.000031112342
0x3813,603,0.000031112342
0x3815,603,0.000031112342
0x3816,603,0.000031112342
0x3819,603,0.000031112342
0x381a,603,0.000031112342
0x381b,603,0.000031112342
0x381d,603,0.000031112342
0x381e,603,0.000031112342
0x381f,603,0.000031112342
0x3820,603,0.000031112342
0x3822,603,0.000031112342
0x3823,9,0.000000464363
0x3824,9,0.000000464363
0x3827,9,0.000000464363
0x3829,9,0.000000464363
0x382b,9,0.000000464363
0x382c,9,0.000000464363
0x382e,9,0.000000464363
0x382f,9,0.000000464363
0x3830,9,0.000000464363
0x3832,9,0.000000464363
0x3833,9,0.000000464363
0x3834,9,0.000000464363
0x3835,9,0.000000464363
0x3837,9,0.000000464363
0x3838,9,0.000000464363
0x3839,9,0.000000464363
0x383b,9,0.000000464363
0x383c,9,0.000000464363
0x383e,9,0.000000464363
0x3841,6,0.000000309576
0x3844,9,0.000000464363
0x3846,9,0.000000464363
0x3847,9,0.000000464363
0x3849,9,0.000000464363
0x384a,9,0.000000464363
0x384b,9,0.000000464363
0x384c,3,0.000000154788
0x384f,3,0.000000154788
0x3850,3,0.000000154788
0x3851,3,0.000000154788
0x3853,3,0.000000154788
0x3854,3,0.000000154788
0x3855,3,0.000000154788
0x3856,3,0.000000154788
0x3857,3,0.000000154788
0x3858,3,0.000000154788
0x3859,3,0.000000154788
0x385c,3,0.000000154788
0x385d,3,0.000000154788
0x385f,3,0.000000154788
0x3862,1,0.000000051596
0x3863,1,0.000000051596
0x3865,1,0.000000051596
0x3868,1,0.000000051596
0x386b,1,0.000000051596
0x386e,1,0.000000051596
0x386f,1,0.000000051596
0x3871,1,0.000000051596
0x3894,2,0.000000103192
0x3897,2,0.000000103192
0x3899,2,0.000000103192
0x389c,2,0.000000103192
0x38a1,3,0.000000154788
0x38a2,3,0.000000154788
0x38a4,3,0.000000154788
0x38a5,3,0.000000154788
0x38a6,3,0.000000154788
0x38a7,3,0.000000154788
0x38a8,3,0.000000154788
0x38a9,3,0.000000154788
0x38ac,3,0.000000154788
0x38ae,3,0.000000154788
0x38af,3,0.000000154788
0x38b1,3,0.000000154788
0x38b4,3,0.000000154788
0x38b5,3,0.000000154788
0x38bc,5,0.000000257980
0x38be,5,0.000000257980
0x38bf,5,0.000000257980
0x38c1,5,0.000000257980
0x38c2,5,0.000000257980
0x38c3,5,0.000000257980
0x38f8,2,0.000000103192
0x38fb,3,0.000000154788
0x38fc,3,0.000000154788
0x38fd,3,0.000000154788
0x3906,3,0.000000154788
0x3907,3,0.000000154788
0x3908,3,0.000000154788
0x3909,3,0.000000154788
0x390a,3,0.000000154788
0x390d,3,0.000000154788
0x390e,3,0.000000154788
0x390f,3,0.000000154788
0x3912,3,0.000000154788
0x3913,3,0.000000154788
0x3916,3,0.000000154788
0x3918,3,0.000000154788
0x391b,3,0.000000154788
0x391c,6,0.000000309576
0x391d,6,0.000000309576
0x391f,6,0.000000309576
0x3922,1,0.000000051596
0x3923,4127,0.000212936378
0x3930,316,0.000016304312
0x3933,316,0.000016304312
0x3935,316,0.000016304312
0x3937,316,0.000016304312
0x3938,316,0.000016304312
0x393a,316,0.000016304312
0x393b,316,0.000016304312
0x393c,316,0.000016304312
0x393d,316,0.000016304312
0x393f,316,0.000016304312
0x3942,158,0.000008152156
0x3945,158,0.000008152156
0x3946,158,0.000008152156
0x3947,158,0.000008152156
0x394a,158,0.000008152156
0x394b,158,0.000008152156
0x394c,972,0.000050151238
0x394d,972,0.000050151238
0x3950,947,0.000048861340
0x3951,947,0.000048861340
0x3952,947,0.000048861340
0x3954,947,0.000048861340
0x3955,947,0.000048861340
0x3956,947,0.000048861340
0x3959,133,0.000006862258
0x395c,972,0.000050151238
0x395d,972,0.000050151238
0x395f,972,0.000050151238
0x3960,295,0.000015220798
0x3961,295,0.000015220798
0x3963,295,0.000015220798
0x3964,295,0.000015220798
0x3965,295,0.000015220798
0x3966,295,0.000015220798
0x3967,252,0.000013002173
0x3968,252,0.000013002173
0x3969,25,0.000001289898
0x396b,25,0.000001289898
0x396c,25,0.000001289898
0x396d,25,0.000001289898
0x396e,25,0.000001289898
0x396f,25,0.000001289898
0x3972,25,0.000001289898
0x3973,25,0.000001289898
0x3975,25,0.000001289898
0x3976,25,0.000001289898
0x3977,25,0.000001289898
0x3978,25,0.000001289898
0x397a,25,0.000001289898
0x397b,25,0.000001289898
0x3980,632,0.000032608624
0x3983,632,0.000032608624
0x3985,632,0.000032608624
0x3986,2,0.000000103192
0x3988,2,0.000000103192
0x3a00,316,0.000016304312
0x3a03,316,0.000016304312
0x3a05,316,0.000016304312
0x3a06,316,0.000016304312
0x3a07,316,0.000016304312
0x3a08,316,0.000016304312
0x3a0b,316,0.000016304312
0x3a0c,316,0.000016304312
0x3a0d,316,0.000016304312
0x3a0e,158,0.000008152156
0x3a0f,158,0.000008152156
0x3a10,4895,0.000252562047
0x3a13,4895,0.000252562047
0x3a14,4895,0.000252562047
0x3a15,4895,0.000252562047
0x3a18,768,0.000039625670
0x3a1a,768,0.000039625670
0x3a1c,768,0.000039625670
0x3a1d,4127,0.000212936378
0x3a20,4127,0.000212936378
0x3a21,4127,0.000212936378
0x3a22,4127,0.000212936378
0x3a40,4127,0.000212936378
0x3a42,4127,0.000212936378
0x3a43,4127,0.000212936378
0x3a44,4127,0.000212936378
0x3a47,416,0.000021463904
0x3a49,416,0.000021463904
0x3a4c,26,0.000001341494
0x3a4e,416,0.000021463904
0x3a4f,416,0.000021463904
0x3a50,416,0.000021463904
0x3a51,416,0.000021463904
0x3a52,416,0.000021463904
0x3a53,416,0.000021463904
0x3a54,416,0.000021463904
0x3a56,416,0.000021463904
0x3a58,416,0.000021463904
0x3a5a,416,0.000021463904
0x3a5b,416,0.000021463904
0x3a5d,416,0.000021463904
0x3a5f,416,0.000021463904
0x3a62,3711,0.000191472473
0x3a64,3711,0.000191472473
0x3a65,3711,0.000191472473
0x3a66,3711,0.000191472473
0x3a82,4127,0.000212936378
0x3a85,4127,0.000212936378
0x3a86,4127,0.000212936378
0x3a88,4127,0.000212936378
0x3a89,174,0.000008977691
0x3a8b,174,0.000008977691
0x3a8c,174,0.000008977691
0x3a8e,174,0.000008977691
0x3a8f,174,0.000008977691
0x3a90,4127,0.000212936378
0x3a93,4127,0.000212936378
0x3a94,4127,0.000212936378
0x3a95,4127,0.000212936378
0x3a98,2772,0.000143023901
0x3a9b,2772,0.000143023901
0x3a9e,2772,0.000143023901
0x3aa1,44352,0.002288382414
0x3aa2,44352,0.002288382414
0x3aa3,44352,0.002288382414
0x3aa4,44352,0.002288382414
0x3aa7,27961,0.001442673626
0x3aa8,27961,0.001442673626
0x3aaa,27961,0.001442673626
0x3aad,3395,0.000175168161
0x3aae,44352,0.002288382414
0x3aaf,44352,0.002288382414
0x3ab0,44352,0.002288382414
0x3ab1,44352,0.002288382414
0x3ab2,44352,0.002288382414
0x3ab5,2772,0.000143023901
0x3ab6,2772,0.000143023901
0x3ab7,2772,0.000143023901
0x3ab8,1977,0.000102005141
0x3aba,1977,0.000102005141
0x3abd,18,0.000000928727
0x3abf,1977,0.000102005141
0x3ac1,1977,0.000102005141
0x3ac2,1977,0.000102005141
0x3ac5,1977,0.000102005141
0x3ac6,1977,0.000102005141
0x3ac8,1977,0.000102005141
0x3ac9,1977,0.000102005141
0x3aca,1977,0.000102005141
0x3b1b,4127,0.000212936378
0x3b1e,4127,0.000212936378
0x3b1f,4127,0.000212936378
0x3b20,4127,0.000212936378
0x3b33,4127,0.000212936378
0x3b36,4127,0.000212936378
0x3b37,4127,0.000212936378
0x3b38,4127,0.000212936378
0x3b43,4127,0.000212936378
0x3b46,4127,0.000212936378
0x3b47,4127,0.000212936378
0x3b49,4127,0.000212936378
0x3b4c,4127,0.000212936378
0x3b4f,4127,0.000212936378
0x3b52,4127,0.000212936378
0x3b55,4127,0.000212936378
0x3b58,4127,0.000212936378
0x3b5b,4127,0.000212936378
