pc,count,frequency
0x0000,1,0.000000070059
0x0001,1,0.000000070059
0x0002,1,0.000000070059
0x0003,1,0.000000070059
0x0004,1,0.000000070059
0x0005,1,0.000000070059
0x0006,1,0.000000070059
0x0007,1,0.000000070059
0x0008,1,0.000000070059
0x000b,1,0.000000070059
0x000d,1,0.000000070059
0x000f,1,0.000000070059
0x0012,1,0.000000070059
0x0015,1,0.000000070059
0x0017,1,0.000000070059
0x001a,7915,0.000554519107
0x001d,7915,0.000554519107
0x0020,7915,0.000554519107
0x0021,7915,0.000554519107
0x0024,3734,0.000261601307
0x0027,3734,0.000261601307
0x002a,3734,0.000261601307
0x002d,4181,0.000292917800
0x002f,4181,0.000292917800
0x0031,4181,0.000292917800
0x0032,4181,0.000292917800
0x0034,4181,0.000292917800
0x0035,4181,0.000292917800
0x0038,4181,0.000292917800
0x0039,4181,0.000292917800
0x003c,4181,0.000292917800
0x003d,4181,0.000292917800
0x0040,7,0.000000490415
0x0043,7,0.000000490415
0x0046,4174,0.000292427385
0x0049,4173,0.000292357326
0x0050,1,0.000000070059
0x0052,1,0.000000070059
0x0054,1,0.000000070059
0x0056,1,0.000000070059
0x0058,1,0.000000070059
0x005a,1,0.000000070059
0x005c,1,0.000000070059
0x005f,1,0.000000070059
0x0061,1,0.000000070059
0x0063,1,0.000000070059
0x0066,1,0.000000070059
0x0068,1,0.000000070059
0x006a,1,0.000000070059
0x006b,2,0.000000140119
0x006e,2,0.000000140119
0x0070,6130,0.000429463313
0x0072,6130,0.000429463313
0x0073,6130,0.000429463313
0x0074,6130,0.000429463313
0x0077,2,0.000000140119
0x0078,288,0.000020177069
0x007b,288,0.000020177069
0x0080,870473,0.060984701228
0x0082,870473,0.060984701228
0x0083,870473,0.060984701228
0x0085,870473,0.060984701228
0x0088,15877,0.001112330999
0x0089,15877,0.001112330999
0x008b,15877,0.001112330999
0x008e,7939,0.000556200529
0x0090,7939,0.000556200529
0x0091,7939,0.000556200529
0x0094,7939,0.000556200529
0x0095,7939,0.000556200529
0x0096,7939,0.000556200529
0x0097,7939,0.000556200529
0x0098,7939,0.000556200529
0x009a,7939,0.000556200529
0x009d,7939,0.000556200529
0x009f,7939,0.000556200529
0x00a0,7939,0.000556200529
0x00a2,7939,0.000556200529
0x00a3,7939,0.000556200529
0x00a6,7939,0.000556200529
0x00a8,7939,0.000556200529
0x00ab,7939,0.000556200529
0x00ac,1,0.000000070059
0x00ae,1,0.000000070059
0x00af,1,0.000000070059
0x00b0,1,0.000000070059
0x00b2,1,0.000000070059
0x00b5,1,0.000000070059
0x00bb,16324,0.001143647491
0x00be,16324,0.001143647491
0x00bf,16324,0.001143647491
0x00c0,16324,0.001143647491
0x00c1,16324,0.001143647491
0x00c2,16324,0.001143647491
0x00c3,16324,0.001143647491
0x00c4,1045,0.000073211935
0x00c5,1045,0.000073211935
0x00c7,1045,0.000073211935
0x00c9,1045,0.000073211935
0x00ca,1045,0.000073211935
0x00cd,1045,0.000073211935
0x00ce,1045,0.000073211935
0x00cf,1045,0.000073211935
0x00d0,1045,0.000073211935
0x00d1,1045,0.000073211935
0x00d2,1045,0.000073211935
0x00d3,1045,0.000073211935
0x00d4,1045,0.000073211935
0x00d6,1045,0.000073211935
0x00d8,1045,0.000073211935
0x00d9,1045,0.000073211935
0x00dc,1045,0.000073211935
0x00dd,1045,0.000073211935
0x00de,1045,0.000073211935
0x00e1,353,0.000024730922
0x00e3,4174,0.000292427385
0x00e6,4174,0.000292427385
0x00e9,4174,0.000292427385
0x00ec,4174,0.000292427385
0x00ef,4174,0.000292427385
0x00f2,4172,0.000292287266
0x00f5,4172,0.000292287266
0x00f8,4172,0.000292287266
0x00fb,4172,0.000292287266
0x00fe,3870,0.000271129367
0x0101,3870,0.000271129367
0x0104,3870,0.000271129367
0x0107,3869,0.000271059308
0x0109,3869,0.000271059308
0x010c,3869,0.000271059308
0x010f,3868,0.000270989249
0x0111,3868,0.000270989249
0x0114,3868,0.000270989249
0x0117,3867,0.000270919190
0x0119,3867,0.000270919190
0x011c,3867,0.000270919190
0x011f,3867,0.000270919190
0x0122,3579,0.000250742120
0x0125,3579,0.000250742120
0x0128,3579,0.000250742120
0x012b,3579,0.000250742120
0x012e,3403,0.000238411689
0x0131,3403,0.000238411689
0x0134,3403,0.000238411689
0x0137,3403,0.000238411689
0x013a,243,0.000017024402
0x0140,12,0.000000840711
0x0143,12,0.000000840711
0x0146,12,0.000000840711
0x0149,12,0.000000840711
0x014c,12,0.000000840711
0x014e,12,0.000000840711
0x014f,12,0.000000840711
0x0151,12,0.000000840711
0x0152,12,0.000000840711
0x0153,12,0.000000840711
0x0154,12,0.000000840711
0x0156,12,0.000000840711
0x0158,12,0.000000840711
0x015b,12,0.000000840711
0x015d,12,0.000000840711
0x015f,12,0.000000840711
0x0161,12,0.000000840711
0x0164,12,0.000000840711
0x0166,12,0.000000840711
0x0167,12,0.000000840711
0x0168,12,0.000000840711
0x016a,12,0.000000840711
0x016b,12,0.000000840711
0x016d,12,0.000000840711
0x016f,12,0.000000840711
0x0172,12,0.000000840711
0x0173,3158,0.000221247168
0x0174,3158,0.000221247168
0x0176,3158,0.000221247168
0x0178,3158,0.000221247168
0x017a,3158,0.000221247168
0x017b,2383,0.000166951236
0x017d,2383,0.000166951236
0x017e,2358,0.000165199754
0x0180,2358,0.000165199754
0x0182,2358,0.000165199754
0x0183,817,0.000057238422
0x0185,817,0.000057238422
0x0186,793,0.000055557000
0x0188,793,0.000055557000
0x018a,793,0.000055557000
0x018b,25,0.000001751482
0x018d,25,0.000001751482
0x018e,25,0.000001751482
0x018f,25,0.000001751482
0x0191,25,0.000001751482
0x0192,2,0.000000140119
0x0194,2,0.000000140119
0x0196,590,0.000041334968
0x0197,590,0.000041334968
0x0199,590,0.000041334968
0x019b,590,0.000041334968
0x019c,480,0.000033628449
0x019d,480,0.000033628449
0x019e,480,0.000033628449
0x01a0,480,0.000033628449
0x01a1,480,0.000033628449
0x01a2,480,0.000033628449
0x01a3,480,0.000033628449
0x01a5,480,0.000033628449
0x01a6,480,0.000033628449
0x01a7,480,0.000033628449
0x01a8,480,0.000033628449
0x01ab,480,0.000033628449
0x01ae,480,0.000033628449
0x01af,480,0.000033628449
0x01b0,480,0.000033628449
0x01b1,480,0.000033628449
0x01b2,480,0.000033628449
0x01b3,480,0.000033628449
0x01b4,480,0.000033628449
0x01b5,480,0.000033628449
0x01b6,480,0.000033628449
0x01b7,480,0.000033628449
0x01b8,480,0.000033628449
0x01b9,480,0.000033628449
0x01ba,480,0.000033628449
0x01bb,480,0.000033628449
0x01bd,480,0.000033628449
0x01be,480,0.000033628449
0x01c1,5916,0.000414470630
0x01c4,5916,0.000414470630
0x01c5,5916,0.000414470630
0x01c8,480,0.000033628449
0x01c9,480,0.000033628449
0x01ca,480,0.000033628449
0x01d0,1563,0.000109502636
0x01d1,1563,0.000109502636
0x01d2,1563,0.000109502636
0x01d3,1563,0.000109502636
0x01d4,1563,0.000109502636
0x01d6,1563,0.000109502636
0x01d7,1563,0.000109502636
0x01d9,1563,0.000109502636
0x01dc,1563,0.000109502636
0x01dd,1563,0.000109502636
0x01e0,950,0.000066556305
0x01e1,3,0.000000210178
0x01e4,302,0.000021157899
0x01e7,302,0.000021157899
0x01e9,302,0.000021157899
0x01ed,40638,0.002847068535
0x01ee,40638,0.002847068535
0x01ef,40638,0.002847068535
0x01f0,40638,0.002847068535
0x01f3,40638,0.002847068535
0x01f4,40638,0.002847068535
0x01f7,1563,0.000109502636
0x0200,12113,0.000848627914
0x0201,12113,0.000848627914
0x0202,41,0.000002872430
0x0203,41,0.000002872430
0x0204,41,0.000002872430
0x0205,41,0.000002872430
0x0206,480,0.000033628449
0x0207,480,0.000033628449
0x0208,480,0.000033628449
0x0209,480,0.000033628449
0x020a,480,0.000033628449
0x020b,480,0.000033628449
0x020c,480,0.000033628449
0x020d,480,0.000033628449
0x020e,480,0.000033628449
0x0210,4798,0.000336144368
0x0211,4798,0.000336144368
0x0213,4798,0.000336144368
0x0214,4798,0.000336144368
0x0215,881,0.000061722215
0x0216,881,0.000061722215
0x0217,92580,0.006486087035
0x0218,92580,0.006486087035
0x021a,92580,0.006486087035
0x021b,92580,0.006486087035
0x021c,12255,0.000858576330
0x021d,12255,0.000858576330
0x0220,2,0.000000140119
0x0221,2,0.000000140119
0x0222,2,0.000000140119
0x0223,2,0.000000140119
0x0224,2,0.000000140119
0x0225,2,0.000000140119
0x0226,2,0.000000140119
0x0227,2,0.000000140119
0x0228,2,0.000000140119
0x0229,2,0.000000140119
0x022a,2,0.000000140119
0x022b,2,0.000000140119
0x022c,2,0.000000140119
0x022e,2,0.000000140119
0x022f,2,0.000000140119
0x0230,2,0.000000140119
0x0231,2,0.000000140119
0x0232,2,0.000000140119
0x0258,19233,0.001347449902
0x0259,19233,0.001347449902
0x025a,19233,0.001347449902
0x025b,78,0.000005464623
0x025c,78,0.000005464623
0x025d,78,0.000005464623
0x025e,78,0.000005464623
0x025f,78,0.000005464623
0x0260,15021,0.001052360265
0x0263,15021,0.001052360265
0x0264,14432,0.001011095356
0x0267,14432,0.001011095356
0x0270,20386,0.001428228238
0x0271,20386,0.001428228238
0x0272,20386,0.001428228238
0x0273,20386,0.001428228238
0x0274,20386,0.001428228238
0x0275,20386,0.001428228238
0x0276,20386,0.001428228238
0x0277,14432,0.001011095356
0x0278,14432,0.001011095356
0x0279,14432,0.001011095356
0x027a,14432,0.001011095356
0x027b,14432,0.001011095356
0x027c,14432,0.001011095356
0x027d,14432,0.001011095356
0x0288,7,0.000000490415
0x028b,7,0.000000490415
0x028e,7,0.000000490415
0x0290,7,0.000000490415
0x0293,7,0.000000490415
0x0295,7,0.000000490415
0x0298,7,0.000000490415
0x029a,7,0.000000490415
0x02a7,7,0.000000490415
0x02aa,7,0.000000490415
0x02ab,7,0.000000490415
0x02ac,7,0.000000490415
0x02ad,1,0.000000070059
0x02b0,1,0.000000070059
0x02b3,1,0.000000070059
0x02b6,1,0.000000070059
0x02b9,1,0.000000070059
0x02bc,1,0.000000070059
0x02be,1,0.000000070059
0x02c0,1,0.000000070059
0x02c3,1,0.000000070059
0x02c5,1,0.000000070059
0x02c7,1,0.000000070059
0x02cb,1,0.000000070059
0x02cd,1,0.000000070059
0x02cf,1,0.000000070059
0x02d4,1,0.000000070059
0x02d7,1,0.000000070059
0x02d8,1,0.000000070059
0x02db,1,0.000000070059
0x02dd,1,0.000000070059
0x02e3,1,0.000000070059
0x02e5,1,0.000000070059
0x02e6,1,0.000000070059
0x02e7,1,0.000000070059
0x02e8,1,0.000000070059
0x02ea,1,0.000000070059
0x02ed,1,0.000000070059
0x02f0,1,0.000000070059
0x02f3,1,0.000000070059
0x02f6,1,0.000000070059
0x02f9,1,0.000000070059
0x02fc,1,0.000000070059
0x02fe,1,0.000000070059
0x0300,1,0.000000070059
0x0303,1,0.000000070059
0x0306,1,0.000000070059
0x0308,1,0.000000070059
0x030b,1,0.000000070059
0x030d,1,0.000000070059
0x0310,1,0.000000070059
0x0314,4,0.000000280237
0x0315,4,0.000000280237
0x0316,4,0.000000280237
0x0317,4,0.000000280237
0x0318,4,0.000000280237
0x0319,4,0.000000280237
0x031a,4,0.000000280237
0x031b,4,0.000000280237
0x031c,4,0.000000280237
0x031d,4,0.000000280237
0x031e,4,0.000000280237
0x0320,2,0.000000140119
0x0321,2,0.000000140119
0x0322,2,0.000000140119
0x0323,2,0.000000140119
0x0324,2,0.000000140119
0x0325,2,0.000000140119
0x0326,2,0.000000140119
0x0327,2,0.000000140119
0x0328,2,0.000000140119
0x0329,2,0.000000140119
0x032a,2,0.000000140119
0x032e,1,0.000000070059
0x0331,8,0.000000560474
0x0333,8,0.000000560474
0x0334,8,0.000000560474
0x0335,8,0.000000560474
0x0337,8,0.000000560474
0x033a,1,0.000000070059
0x033c,1,0.000000070059
0x033f,1,0.000000070059
0x0341,1,0.000000070059
0x0344,1,0.000000070059
0x0346,1,0.000000070059
0x0349,1,0.000000070059
0x034b,1,0.000000070059
0x034e,1,0.000000070059
0x0350,1,0.000000070059
0x0353,1,0.000000070059
0x0355,1,0.000000070059
0x0357,1,0.000000070059
0x0358,1,0.000000070059
0x035b,1,0.000000070059
0x035c,1,0.000000070059
0x035e,1,0.000000070059
0x035f,1,0.000000070059
0x0361,1,0.000000070059
0x0367,4,0.000000280237
0x0369,4,0.000000280237
0x036a,4,0.000000280237
0x036c,4,0.000000280237
0x036f,4,0.000000280237
0x0370,4,0.000000280237
0x0371,4,0.000000280237
0x0373,4,0.000000280237
0x0376,4,0.000000280237
0x0377,4181,0.000292917800
0x037a,4181,0.000292917800
0x037b,4181,0.000292917800
0x037c,4181,0.000292917800
0x037d,4181,0.000292917800
0x0380,21,0.000001471245
0x0383,21,0.000001471245
0x0386,21,0.000001471245
0x0389,7644,0.000535533045
0x038a,7644,0.000535533045
0x038b,7644,0.000535533045
0x038c,7644,0.000535533045
0x038d,7644,0.000535533045
0x038e,7644,0.000535533045
0x038f,7644,0.000535533045
0x0390,7644,0.000535533045
0x0393,546,0.000038252360
0x0394,546,0.000038252360
0x0395,546,0.000038252360
0x0396,546,0.000038252360
0x0397,546,0.000038252360
0x0398,546,0.000038252360
0x0399,546,0.000038252360
0x039a,546,0.000038252360
0x039d,21,0.000001471245
0x03a0,47,0.000003292786
0x03a3,47,0.000003292786
0x03a6,19552,0.001369798809
0x03a7,19552,0.001369798809
0x03a8,19552,0.001369798809
0x03a9,19552,0.001369798809
0x03aa,19552,0.001369798809
0x03ab,19552,0.001369798809
0x03ac,19552,0.001369798809
0x03af,47,0.000003292786
0x03b0,3160,0.000221387287
0x03b3,3160,0.000221387287
0x03b6,3160,0.000221387287
0x03b9,2206,0.000154550745
0x03bc,2206,0.000154550745
0x03bf,2205,0.000154480686
0x03c2,2205,0.000154480686
0x03c5,2205,0.000154480686
0x03c8,1246,0.000087293848
0x03cb,1246,0.000087293848
0x03ce,3158,0.000221247168
0x03d1,3158,0.000221247168
0x03d4,3158,0.000221247168
0x03d5,3158,0.000221247168
0x03d7,3158,0.000221247168
0x03d8,3158,0.000221247168
0x03d9,3158,0.000221247168
0x03e2,1,0.000000070059
0x03e5,1,0.000000070059
0x03e8,1,0.000000070059
0x03eb,1,0.000000070059
0x03ee,1,0.000000070059
0x03f1,2,0.000000140119
0x03f4,2,0.000000140119
0x03f5,2,0.000000140119
0x03f7,2,0.000000140119
0x03f8,2,0.000000140119
0x03fa,2,0.000000140119
0x03fb,2,0.000000140119
0x03fc,2,0.000000140119
0x03fd,2,0.000000140119
0x0400,6892,0.000482848475
0x0403,6892,0.000482848475
0x0406,6892,0.000482848475
0x0407,6892,0.000482848475
0x0408,6892,0.000482848475
0x0409,6892,0.000482848475
0x040a,6892,0.000482848475
0x040b,6892,0.000482848475
0x040c,6892,0.000482848475
0x040d,6892,0.000482848475
0x041e,16,0.000001120948
0x0421,16,0.000001120948
0x0423,16,0.000001120948
0x0424,16,0.000001120948
0x0427,16,0.000001120948
0x0429,16,0.000001120948
0x042a,16,0.000001120948
0x042d,16,0.000001120948
0x0430,4,0.000000280237
0x0433,4,0.000000280237
0x0435,4,0.000000280237
0x0436,4,0.000000280237
0x0438,4,0.000000280237
0x043a,4,0.000000280237
0x043b,4,0.000000280237
0x043d,4,0.000000280237
0x043f,4,0.000000280237
0x0440,2,0.000000140119
0x0441,2,0.000000140119
0x0442,2,0.000000140119
0x0443,2,0.000000140119
0x0445,2,0.000000140119
0x04ac,686,0.000048060658
0x04af,686,0.000048060658
0x04b0,686,0.000048060658
0x04b1,686,0.000048060658
0x04b2,686,0.000048060658
0x04b4,686,0.000048060658
0x04b5,686,0.000048060658
0x04b6,680,0.000047640302
0x04b8,680,0.000047640302
0x04ba,680,0.000047640302
0x04bd,676,0.000047360065
0x04bf,676,0.000047360065
0x04c1,676,0.000047360065
0x04c2,676,0.000047360065
0x04c4,676,0.000047360065
0x04c6,676,0.000047360065
0x04c9,341,0.000023890210
0x04cc,341,0.000023890210
0x04cd,341,0.000023890210
0x04d0,341,0.000023890210
0x04d1,341,0.000023890210
0x04d2,341,0.000023890210
0x04d4,341,0.000023890210
0x04d7,341,0.000023890210
0x04df,341,0.000023890210
0x04e1,341,0.000023890210
0x04e4,341,0.000023890210
0x04e6,335,0.000023469855
0x04e9,335,0.000023469855
0x04ea,335,0.000023469855
0x04eb,335,0.000023469855
0x04ee,335,0.000023469855
0x04f4,335,0.000023469855
0x04f6,335,0.000023469855
0x04f9,335,0.000023469855
0x04fb,2010,0.000140819129
0x04fd,2010,0.000140819129
0x04fe,2010,0.000140819129
0x0501,2010,0.000140819129
0x0502,2010,0.000140819129
0x0505,335,0.000023469855
0x0506,12,0.000000840711
0x0509,12,0.000000840711
0x050b,12,0.000000840711
0x050e,12,0.000000840711
0x0511,12,0.000000840711
0x0514,12,0.000000840711
0x0515,12,0.000000840711
0x0518,12,0.000000840711
0x051b,12,0.000000840711
0x051d,12,0.000000840711
0x0520,12,0.000000840711
0x0523,12,0.000000840711
0x0526,12,0.000000840711
0x0529,12,0.000000840711
0x052c,12,0.000000840711
0x052f,12,0.000000840711
0x0532,12,0.000000840711
0x0535,12,0.000000840711
0x0537,12,0.000000840711
0x053a,12,0.000000840711
0x053d,12,0.000000840711
0x0540,12,0.000000840711
0x0543,12,0.000000840711
0x0547,12,0.000000840711
0x054a,12,0.000000840711
0x054d,12,0.000000840711
0x054f,12,0.000000840711
0x0552,12,0.000000840711
0x0555,12,0.000000840711
0x0557,12,0.000000840711
0x055a,12,0.000000840711
0x0580,13,0.000000910770
0x0583,13,0.000000910770
0x0586,13,0.000000910770
0x0588,13,0.000000910770
0x0589,13,0.000000910770
0x058a,13,0.000000910770
0x058b,13,0.000000910770
0x058d,13,0.000000910770
0x0590,13,0.000000910770
0x0592,13,0.000000910770
0x0595,13,0.000000910770
0x05d8,74,0.000005184386
0x05d9,3224,0.000225871080
0x05da,3224,0.000225871080
0x05db,3224,0.000225871080
0x05dc,3224,0.000225871080
0x05df,74,0.000005184386
0x05e0,668,0.000046799591
0x05e1,668,0.000046799591
0x05e2,668,0.000046799591
0x05e3,668,0.000046799591
0x05e4,668,0.000046799591
0x05e5,668,0.000046799591
0x05e8,27,0.000001891600
0x05ec,12,0.000000840711
0x05ef,12,0.000000840711
0x05f2,12,0.000000840711
0x05f4,12,0.000000840711
0x05f5,12,0.000000840711
0x05f6,12,0.000000840711
0x05f7,12,0.000000840711
0x05f8,12,0.000000840711
0x05f9,12,0.000000840711
0x05fa,75,0.000005254445
0x05fd,75,0.000005254445
0x0600,75,0.000005254445
0x0601,75,0.000005254445
0x0602,75,0.000005254445
0x0603,1165,0.000081619047
0x0604,1165,0.000081619047
0x0605,1165,0.000081619047
0x0606,1165,0.000081619047
0x0607,1165,0.000081619047
0x0608,1165,0.000081619047
0x0609,1165,0.000081619047
0x060a,1165,0.000081619047
0x060d,73,0.000005114327
0x0610,12,0.000000840711
0x0613,12,0.000000840711
0x0616,12,0.000000840711
0x0617,12,0.000000840711
0x0619,12,0.000000840711
0x061a,12,0.000000840711
0x061b,12,0.000000840711
0x061c,12,0.000000840711
0x061d,12,0.000000840711
0x061e,12,0.000000840711
0x061f,12,0.000000840711
0x0621,12,0.000000840711
0x0624,12,0.000000840711
0x0627,12,0.000000840711
0x0628,12,0.000000840711
0x0629,12,0.000000840711
0x062a,157,0.000010999305
0x062b,157,0.000010999305
0x062c,157,0.000010999305
0x062d,157,0.000010999305
0x062e,157,0.000010999305
0x062f,157,0.000010999305
0x0630,157,0.000010999305
0x0631,157,0.000010999305
0x0632,157,0.000010999305
0x0633,157,0.000010999305
0x0634,157,0.000010999305
0x0635,157,0.000010999305
0x0638,10,0.000000700593
0x0650,12,0.000000840711
0x0653,12,0.000000840711
0x0656,12,0.000000840711
0x0658,12,0.000000840711
0x0659,12,0.000000840711
0x065a,12,0.000000840711
0x065b,12,0.000000840711
0x065c,12,0.000000840711
0x065d,12,0.000000840711
0x065e,12,0.000000840711
0x0661,12,0.000000840711
0x0664,12,0.000000840711
0x0665,12,0.000000840711
0x0666,12,0.000000840711
0x0667,157,0.000010999305
0x0668,157,0.000010999305
0x0669,157,0.000010999305
0x066a,157,0.000010999305
0x066b,157,0.000010999305
0x066c,157,0.000010999305
0x066f,10,0.000000700593
0x067a,2493,0.000174657755
0x067d,2493,0.000174657755
0x067e,2493,0.000174657755
0x067f,2493,0.000174657755
0x0682,2493,0.000174657755
0x0684,2493,0.000174657755
0x0685,314,0.000021998610
0x0688,314,0.000021998610
0x068b,314,0.000021998610
0x068c,314,0.000021998610
0x068d,314,0.000021998610
0x068e,314,0.000021998610
0x068f,314,0.000021998610
0x0691,314,0.000021998610
0x0692,314,0.000021998610
0x0693,314,0.000021998610
0x0695,314,0.000021998610
0x0696,314,0.000021998610
0x0697,314,0.000021998610
0x0698,314,0.000021998610
0x0699,8175,0.000572734516
0x069a,8175,0.000572734516
0x069b,8175,0.000572734516
0x069c,8175,0.000572734516
0x069d,8175,0.000572734516
0x069e,8175,0.000572734516
0x069f,8175,0.000572734516
0x06a2,1256,0.000087994441
0x06a3,1256,0.000087994441
0x06a4,1256,0.000087994441
0x06a5,1256,0.000087994441
0x06a8,314,0.000021998610
0x06a9,314,0.000021998610
0x06ac,314,0.000021998610
0x06b0,2391,0.000167511710
0x06b3,2391,0.000167511710
0x06b6,2391,0.000167511710
0x06b7,2391,0.000167511710
0x06b8,2391,0.000167511710
0x06b9,14,0.000000980830
0x06ba,14,0.000000980830
0x06bb,14,0.000000980830
0x06bc,14,0.000000980830
0x06bd,14,0.000000980830
0x06be,14,0.000000980830
0x06bf,14,0.000000980830
0x06c0,14,0.000000980830
0x06c1,14,0.000000980830
0x06c2,14,0.000000980830
0x06c3,14,0.000000980830
0x06c4,14,0.000000980830
0x06c5,14,0.000000980830
0x06c8,14,0.000000980830
0x06ca,14,0.000000980830
0x06cb,14,0.000000980830
0x06cc,14,0.000000980830
0x06cd,14,0.000000980830
0x06cf,14,0.000000980830
0x06d0,14,0.000000980830
0x06d1,14,0.000000980830
0x06d2,14,0.000000980830
0x06d3,14,0.000000980830
0x06d4,14,0.000000980830
0x06d5,14,0.000000980830
0x06d7,14,0.000000980830
0x06d8,14,0.000000980830
0x06da,14,0.000000980830
0x06db,14,0.000000980830
0x06de,14,0.000000980830
0x06df,14,0.000000980830
0x06e1,14,0.000000980830
0x06e2,14,0.000000980830
0x06e3,14,0.000000980830
0x06e4,14,0.000000980830
0x06e7,14,0.000000980830
0x06e8,341,0.000023890210
0x06eb,341,0.000023890210
0x06ed,341,0.000023890210
0x06f0,2391,0.000167511710
0x06f3,2391,0.000167511710
0x06f6,2391,0.000167511710
0x0700,4667,0.000326966604
0x0703,4667,0.000326966604
0x0706,14001,0.000980899812
0x0709,14001,0.000980899812
0x070a,14001,0.000980899812
0x070c,14001,0.000980899812
0x070d,14001,0.000980899812
0x070f,14001,0.000980899812
0x0710,14001,0.000980899812
0x0711,14001,0.000980899812
0x0713,14001,0.000980899812
0x0716,4667,0.000326966604
0x0718,47156,0.003303714844
0x071b,47156,0.003303714844
0x0720,47156,0.003303714844
0x0721,47156,0.003303714844
0x0722,47156,0.003303714844
0x0724,47156,0.003303714844
0x0725,21333,0.001494574365
0x0726,21333,0.001494574365
0x0728,21333,0.001494574365
0x0729,21333,0.001494574365
0x072a,21333,0.001494574365
0x072b,21333,0.001494574365
0x072c,21333,0.001494574365
0x072e,21333,0.001494574365
0x0730,21333,0.001494574365
0x0731,21333,0.001494574365
0x0733,21333,0.001494574365
0x0734,21333,0.001494574365
0x0740,47156,0.003303714844
0x0741,47156,0.003303714844
0x0742,47156,0.003303714844
0x0744,47156,0.003303714844
0x0745,22426,0.001571149145
0x0746,22426,0.001571149145
0x0748,22426,0.001571149145
0x0749,22426,0.001571149145
0x074a,22426,0.001571149145
0x074b,22426,0.001571149145
0x074c,22426,0.001571149145
0x074d,22426,0.001571149145
0x074f,22426,0.001571149145
0x0750,22426,0.001571149145
0x0751,22426,0.001571149145
0x0752,22426,0.001571149145
0x0754,22426,0.001571149145
0x0755,22426,0.001571149145
0x0757,22426,0.001571149145
0x0758,22426,0.001571149145
0x0763,1654,0.000115878029
0x0764,1654,0.000115878029
0x0765,1654,0.000115878029
0x0766,1654,0.000115878029
0x0767,1654,0.000115878029
0x0768,1654,0.000115878029
0x0769,1654,0.000115878029
0x076a,1654,0.000115878029
0x076b,1654,0.000115878029
0x076d,2671,0.000187128305
0x076e,2671,0.000187128305
0x076f,2671,0.000187128305
0x0770,2671,0.000187128305
0x0771,2671,0.000187128305
0x0772,2671,0.000187128305
0x0773,2671,0.000187128305
0x0774,2671,0.000187128305
0x0775,2671,0.000187128305
0x0776,2671,0.000187128305
0x0779,13062,0.000915114159
0x077a,13062,0.000915114159
0x077b,13062,0.000915114159
0x077c,13062,0.000915114159
0x077d,13062,0.000915114159
0x077e,13062,0.000915114159
0x077f,13062,0.000915114159
0x0780,13062,0.000915114159
0x0783,13062,0.000915114159
0x0784,13062,0.000915114159
0x0785,13062,0.000915114159
0x0786,13062,0.000915114159
0x0788,13118,0.000919037478
0x0789,13118,0.000919037478
0x078a,13118,0.000919037478
0x078b,13118,0.000919037478
0x078c,13118,0.000919037478
0x078d,13118,0.000919037478
0x078e,13118,0.000919037478
0x078f,13118,0.000919037478
0x0790,13118,0.000919037478
0x0792,13118,0.000919037478
0x0793,13118,0.000919037478
0x0794,13118,0.000919037478
0x0795,13118,0.000919037478
0x0798,13118,0.000919037478
0x0799,13118,0.000919037478
0x079a,13118,0.000919037478
0x079b,13118,0.000919037478
0x079e,647,0.000045328346
0x079f,647,0.000045328346
0x07a0,647,0.000045328346
0x07a1,647,0.000045328346
0x07a2,647,0.000045328346
0x07a3,647,0.000045328346
0x07a4,647,0.000045328346
0x07a5,647,0.000045328346
0x07a6,647,0.000045328346
0x07a7,647,0.000045328346
0x07a8,647,0.000045328346
0x07aa,652,0.000045678643
0x07ab,652,0.000045678643
0x07ac,652,0.000045678643
0x07ad,652,0.000045678643
0x07ae,652,0.000045678643
0x07af,652,0.000045678643
0x07b0,652,0.000045678643
0x07b1,652,0.000045678643
0x07b2,652,0.000045678643
0x07b4,652,0.000045678643
0x07b5,652,0.000045678643
0x07b6,652,0.000045678643
0x07b7,652,0.000045678643
0x07b8,652,0.000045678643
0x07b9,652,0.000045678643
0x07ba,652,0.000045678643
0x07bb,652,0.000045678643
0x07be,5970,0.000418253830
0x07bf,5970,0.000418253830
0x07c0,5970,0.000418253830
0x07c1,5970,0.000418253830
0x07c2,5970,0.000418253830
0x07c3,5970,0.000418253830
0x07c4,5970,0.000418253830
0x07c5,5970,0.000418253830
0x07c6,5970,0.000418253830
0x07c7,5970,0.000418253830
0x07ca,5970,0.000418253830
0x07cb,5970,0.000418253830
0x07cc,5970,0.000418253830
0x07cd,5970,0.000418253830
0x07ce,5970,0.000418253830
0x07cf,5970,0.000418253830
0x07d2,5985,0.000419304719
0x07d3,5985,0.000419304719
0x07d4,5985,0.000419304719
0x07d5,5985,0.000419304719
0x07d6,5985,0.000419304719
0x07d7,5985,0.000419304719
0x07d8,5985,0.000419304719
0x07d9,5985,0.000419304719
0x07da,5985,0.000419304719
0x07dc,5999,0.000420285549
0x07dd,5999,0.000420285549
0x07de,5999,0.000420285549
0x07df,5999,0.000420285549
0x07e0,5999,0.000420285549
0x07e1,5999,0.000420285549
0x07e2,5999,0.000420285549
0x07e3,5999,0.000420285549
0x07e4,5999,0.000420285549
0x07e7,5999,0.000420285549
0x07e8,5999,0.000420285549
0x07e9,5999,0.000420285549
0x07ea,5999,0.000420285549
0x07eb,5999,0.000420285549
0x07ec,5999,0.000420285549
0x07ed,5999,0.000420285549
0x07ee,5999,0.000420285549
0x07f0,4,0.000000280237
0x07f3,4,0.000000280237
0x07f6,4,0.000000280237
0x07f9,4,0.000000280237
0x0800,5408,0.000378880522
0x0803,5408,0.000378880522
0x0806,5408,0.000378880522
0x0807,5408,0.000378880522
0x0809,5408,0.000378880522
0x080a,5408,0.000378880522
0x080b,5408,0.000378880522
0x080c,5408,0.000378880522
0x080d,5408,0.000378880522
0x080e,5408,0.000378880522
0x080f,5408,0.000378880522
0x0834,558,0.000039093072
0x0837,558,0.000039093072
0x083a,558,0.000039093072
0x083b,558,0.000039093072
0x083c,558,0.000039093072
0x083e,558,0.000039093072
0x083f,63,0.000004413734
0x0842,63,0.000004413734
0x0845,63,0.000004413734
0x0848,134,0.000009387942
0x084b,134,0.000009387942
0x084c,134,0.000009387942
0x084d,134,0.000009387942
0x084e,4,0.000000280237
0x0850,4,0.000000280237
0x0851,4,0.000000280237
0x0853,4,0.000000280237
0x0855,4,0.000000280237
0x085a,63,0.000004413734
0x085d,63,0.000004413734
0x085f,63,0.000004413734
0x0860,51,0.000003573023
0x0862,51,0.000003573023
0x0864,51,0.000003573023
0x0865,39,0.000002732311
0x0867,39,0.000002732311
0x0869,39,0.000002732311
0x086a,27,0.000001891600
0x086c,27,0.000001891600
0x086e,27,0.000001891600
0x086f,15,0.000001050889
0x0871,15,0.000001050889
0x0876,4667,0.000326966604
0x0879,4667,0.000326966604
0x087c,4667,0.000326966604
0x087f,4667,0.000326966604
0x0882,4666,0.000326896545
0x0885,4666,0.000326896545
0x0886,4667,0.000326966604
0x0889,4667,0.000326966604
0x088b,25656,0.001797440581
0x088c,25656,0.001797440581
0x088d,25656,0.001797440581
0x088e,25656,0.001797440581
0x088f,25656,0.001797440581
0x0890,25656,0.001797440581
0x0891,25656,0.001797440581
0x0892,25656,0.001797440581
0x0893,25656,0.001797440581
0x0894,25656,0.001797440581
0x0897,6998,0.000490274758
0x08a0,4667,0.000326966604
0x08a3,4667,0.000326966604
0x08a6,4667,0.000326966604
0x08a9,4667,0.000326966604
0x08ac,4667,0.000326966604
0x08ae,4667,0.000326966604
0x08b0,4667,0.000326966604
0x08c4,4667,0.000326966604
0x08c7,4667,0.000326966604
0x08c8,4667,0.000326966604
0x08ca,4667,0.000326966604
0x08cd,4605,0.000322622929
0x08cf,4605,0.000322622929
0x08d0,4605,0.000322622929
0x08d1,4605,0.000322622929
0x08d4,4413,0.000309171550
0x08d6,4413,0.000309171550
0x08d9,4413,0.000309171550
0x08dc,1,0.000000070059
0x08de,1,0.000000070059
0x08e0,1,0.000000070059
0x08e2,1,0.000000070059
0x08e3,1,0.000000070059
0x08e5,1,0.000000070059
0x08e6,1,0.000000070059
0x08e8,1,0.000000070059
0x08ea,193,0.000013521439
0x08eb,4605,0.000322622929
0x08ed,4605,0.000322622929
0x08f0,4605,0.000322622929
0x08f3,4605,0.000322622929
0x0900,4605,0.000322622929
0x0903,4605,0.000322622929
0x0904,4605,0.000322622929
0x0906,4605,0.000322622929
0x0907,1887,0.000132201839
0x0909,1887,0.000132201839
0x090c,945,0.000066206008
0x090d,945,0.000066206008
0x090f,945,0.000066206008
0x0910,945,0.000066206008
0x0911,945,0.000066206008
0x0913,945,0.000066206008
0x0916,945,0.000066206008
0x0917,942,0.000065995830
0x0918,942,0.000065995830
0x091a,942,0.000065995830
0x091b,942,0.000065995830
0x091c,942,0.000065995830
0x091e,942,0.000065995830
0x0921,942,0.000065995830
0x0926,4652,0.000325915715
0x0927,4652,0.000325915715
0x0929,4652,0.000325915715
0x092a,4652,0.000325915715
0x092b,4652,0.000325915715
0x092c,4652,0.000325915715
0x092d,4652,0.000325915715
0x092e,4652,0.000325915715
0x0930,4667,0.000326966604
0x0931,4667,0.000326966604
0x0933,4667,0.000326966604
0x0936,3972,0.000278275413
0x0937,3972,0.000278275413
0x0939,3972,0.000278275413
0x093c,3972,0.000278275413
0x093d,47,0.000003292786
0x093e,47,0.000003292786
0x0940,47,0.000003292786
0x0941,47,0.000003292786
0x0942,47,0.000003292786
0x0944,47,0.000003292786
0x0945,47,0.000003292786
0x0946,47,0.000003292786
0x0947,47,0.000003292786
0x094a,47,0.000003292786
0x094c,47,0.000003292786
0x094d,47,0.000003292786
0x094e,47,0.000003292786
0x0951,47,0.000003292786
0x0953,47,0.000003292786
0x0954,47,0.000003292786
0x0955,47,0.000003292786
0x0956,47,0.000003292786
0x0959,47,0.000003292786
0x095c,47,0.000003292786
0x095e,47,0.000003292786
0x0961,47,0.000003292786
0x0964,695,0.000048691191
0x0965,695,0.000048691191
0x0966,695,0.000048691191
0x0967,695,0.000048691191
0x0968,695,0.000048691191
0x096a,695,0.000048691191
0x096b,695,0.000048691191
0x096d,695,0.000048691191
0x096e,42,0.000002942489
0x096f,42,0.000002942489
0x0970,42,0.000002942489
0x0971,42,0.000002942489
0x0972,42,0.000002942489
0x0974,42,0.000002942489
0x0975,42,0.000002942489
0x097a,4666,0.000326896545
0x097d,4666,0.000326896545
0x097e,4666,0.000326896545
0x0980,4666,0.000326896545
0x0981,4666,0.000326896545
0x0984,4666,0.000326896545
0x0985,4666,0.000326896545
0x0986,4666,0.000326896545
0x0987,4666,0.000326896545
0x0988,4666,0.000326896545
0x098b,4666,0.000326896545
0x098c,4666,0.000326896545
0x098d,4666,0.000326896545
0x098e,4666,0.000326896545
0x0991,4666,0.000326896545
0x09a0,4679,0.000327807315
0x09a3,4679,0.000327807315
0x09a6,14035,0.000983281827
0x09a9,14034,0.000983211768
0x09aa,14034,0.000983211768
0x09ab,14034,0.000983211768
0x09ac,14034,0.000983211768
0x09ad,14034,0.000983211768
0x09ae,14034,0.000983211768
0x09af,14034,0.000983211768
0x09b0,14034,0.000983211768
0x09b2,14034,0.000983211768
0x09b5,4678,0.000327737256
0x09ba,40927,0.002867315663
0x09bd,40927,0.002867315663
0x09be,40927,0.002867315663
0x09c0,40926,0.002867245604
0x09c1,40926,0.002867245604
0x09c2,40926,0.002867245604
0x09c3,40926,0.002867245604
0x09c4,40926,0.002867245604
0x09c5,40926,0.002867245604
0x09c6,40926,0.002867245604
0x09c7,40926,0.002867245604
0x09c8,40926,0.002867245604
0x09c9,40926,0.002867245604
0x09ca,40926,0.002867245604
0x09cc,40926,0.002867245604
0x09cd,40926,0.002867245604
0x09ce,40926,0.002867245604
0x09cf,40926,0.002867245604
0x09d0,40926,0.002867245604
0x09d1,40926,0.002867245604
0x0a50,1075,0.000075313713
0x0a53,1075,0.000075313713
0x0a56,21500,0.001506274263
0x0a57,21500,0.001506274263
0x0a5a,21500,0.001506274263
0x0a5b,21500,0.001506274263
0x0a5c,21500,0.001506274263
0x0a5e,21500,0.001506274263
0x0a5f,21500,0.001506274263
0x0a61,21500,0.001506274263
0x0a62,21500,0.001506274263
0x0a63,21500,0.001506274263
0x0a64,21500,0.001506274263
0x0a67,1075,0.000075313713
0x0a6c,1019,0.000071390394
0x0a6f,1019,0.000071390394
0x0a72,20380,0.001427807883
0x0a73,20380,0.001427807883
0x0a74,20380,0.001427807883
0x0a75,20380,0.001427807883
0x0a77,20380,0.001427807883
0x0a7a,15237,0.001067493067
0x0a7b,15237,0.001067493067
0x0a7c,15237,0.001067493067
0x0a7d,15237,0.001067493067
0x0a7e,15237,0.001067493067
0x0a7f,15237,0.001067493067
0x0a80,15237,0.001067493067
0x0a81,15237,0.001067493067
0x0a82,15237,0.001067493067
0x0a83,15237,0.001067493067
0x0a84,15237,0.001067493067
0x0a85,15237,0.001067493067
0x0a86,15237,0.001067493067
0x0a87,15237,0.001067493067
0x0a8a,20380,0.001427807883
0x0a8b,20380,0.001427807883
0x0a8c,20380,0.001427807883
0x0a8d,20380,0.001427807883
0x0a8f,20380,0.001427807883
0x0a90,20380,0.001427807883
0x0a91,20380,0.001427807883
0x0a93,20380,0.001427807883
0x0a94,20380,0.001427807883
0x0a96,20380,0.001427807883
0x0a99,1019,0.000071390394
0x0aa0,62,0.000004343675
0x0aa2,62,0.000004343675
0x0aa3,62,0.000004343675
0x0aa4,62,0.000004343675
0x0aa5,62,0.000004343675
0x0aa8,62,0.000004343675
0x0aa9,62,0.000004343675
0x0aac,62,0.000004343675
0x0aae,62,0.000004343675
0x0aaf,62,0.000004343675
0x0ab0,62,0.000004343675
0x0ab3,62,0.000004343675
0x0ab5,62,0.000004343675
0x0ab8,61,0.000004273615
0x0abb,61,0.000004273615
0x0abd,61,0.000004273615
0x0abe,61,0.000004273615
0x0abf,61,0.000004273615
0x0ac0,61,0.000004273615
0x0ac1,61,0.000004273615
0x0ad6,1274,0.000089255507
0x0ad7,1274,0.000089255507
0x0ad8,5096,0.000357022030
0x0ad9,5096,0.000357022030
0x0ada,5096,0.000357022030
0x0adb,5096,0.000357022030
0x0adc,5096,0.000357022030
0x0add,5096,0.000357022030
0x0ae0,1274,0.000089255507
0x0ae1,1274,0.000089255507
0x0ae2,1274,0.000089255507
0x0ae5,1274,0.000089255507
0x0ae6,1274,0.000089255507
0x0ae9,495,0.000034679338
0x0aea,480,0.000033628449
0x0aed,480,0.000033628449
0x0aee,480,0.000033628449
0x0af0,480,0.000033628449
0x0af1,480,0.000033628449
0x0af4,480,0.000033628449
0x0af6,480,0.000033628449
0x0af7,480,0.000033628449
0x0af8,480,0.000033628449
0x0af9,480,0.000033628449
0x0afc,480,0.000033628449
0x0afd,480,0.000033628449
0x0afe,480,0.000033628449
0x0b00,480,0.000033628449
0x0b01,480,0.000033628449
0x0b02,480,0.000033628449
0x0b05,475,0.000033278152
0x0b07,475,0.000033278152
0x0b0a,320,0.000022418966
0x0b0d,315,0.000022068669
0x0b15,5,0.000000350296
0x0b16,5,0.000000350296
0x0b18,5,0.000000350296
0x0b19,5,0.000000350296
0x0b1a,5,0.000000350296
0x0b1c,5,0.000000350296
0x0b1d,5,0.000000350296
0x0b1e,5,0.000000350296
0x0b1f,5,0.000000350296
0x0b20,3,0.000000210178
0x0b21,3,0.000000210178
0x0b22,3,0.000000210178
0x0b25,3,0.000000210178
0x0b26,3,0.000000210178
0x0b27,3,0.000000210178
0x0b28,3,0.000000210178
0x0b29,2,0.000000140119
0x0b2b,2,0.000000140119
0x0b2d,2,0.000000140119
0x0b48,1,0.000000070059
0x0b4b,1,0.000000070059
0x0b4e,1,0.000000070059
0x0b50,1,0.000000070059
0x0b51,1,0.000000070059
0x0b53,1,0.000000070059
0x0b54,1,0.000000070059
0x0b55,1,0.000000070059
0x0b57,1,0.000000070059
0x0b59,1,0.000000070059
0x0b5a,1,0.000000070059
0x0b60,302,0.000021157899
0x0b63,302,0.000021157899
0x0b64,302,0.000021157899
0x0b65,302,0.000021157899
0x0b67,302,0.000021157899
0x0b6a,300,0.000021017780
0x0b6d,300,0.000021017780
0x0b6f,300,0.000021017780
0x0b71,300,0.000021017780
0x0b74,1,0.000000070059
0x0b77,1,0.000000070059
0x0b79,1,0.000000070059
0x0b7b,1,0.000000070059
0x0b7c,1,0.000000070059
0x0b7d,1,0.000000070059
0x0b7e,1,0.000000070059
0x0b7f,1,0.000000070059
0x0b80,1,0.000000070059
0x0b82,1,0.000000070059
0x0b83,1,0.000000070059
0x0b84,1,0.000000070059
0x0b85,1,0.000000070059
0x0b87,1,0.000000070059
0x0b88,1,0.000000070059
0x0b89,1,0.000000070059
0x0b8a,1,0.000000070059
0x0b8b,1,0.000000070059
0x0b95,299,0.000020947721
0x0b98,299,0.000020947721
0x0b9b,299,0.000020947721
0x0ba0,155,0.000010859187
0x0ba3,155,0.000010859187
0x0ba4,155,0.000010859187
0x0ba6,155,0.000010859187
0x0ba8,155,0.000010859187
0x0ba9,31,0.000002171837
0x0bab,31,0.000002171837
0x0bac,31,0.000002171837
0x0bad,31,0.000002171837
0x0bae,31,0.000002171837
0x0baf,31,0.000002171837
0x0bb2,31,0.000002171837
0x0bba,315,0.000022068669
0x0bbb,315,0.000022068669
0x0bbc,315,0.000022068669
0x0bbf,160,0.000011209483
0x0bc0,160,0.000011209483
0x0bc1,160,0.000011209483
0x0bc4,80,0.000005604741
0x0bca,1,0.000000070059
0x0bcd,1,0.000000070059
0x0bd0,1,0.000000070059
0x0bd2,1,0.000000070059
0x0bd3,1,0.000000070059
0x0bd4,1,0.000000070059
0x0bd6,1,0.000000070059
0x0bd9,1,0.000000070059
0x0bdc,1,0.000000070059
0x0bdf,1,0.000000070059
0x0be2,1,0.000000070059
0x0be5,1,0.000000070059
0x0be8,1,0.000000070059
0x0beb,1,0.000000070059
0x0bee,1,0.000000070059
0x0bf1,1,0.000000070059
0x0c00,1,0.000000070059
0x0c01,1,0.000000070059
0x0c02,1,0.000000070059
0x0c04,1,0.000000070059
0x0c05,1,0.000000070059
0x0c07,1,0.000000070059
0x0c08,1,0.000000070059
0x0c09,1,0.000000070059
0x0c0a,1,0.000000070059
0x0c0b,1,0.000000070059
0x0c0c,1,0.000000070059
0x0c0f,1,0.000000070059
0x0c10,1,0.000000070059
0x0c11,1,0.000000070059
0x0c13,1,0.000000070059
0x0c16,1,0.000000070059
0x0c18,1,0.000000070059
0x0c40,2331,0.000163308154
0x0c43,2331,0.000163308154
0x0c45,2331,0.000163308154
0x0c48,2331,0.000163308154
0x0c4b,2331,0.000163308154
0x0c4e,2331,0.000163308154
0x0c51,2331,0.000163308154
0x0c56,2331,0.000163308154
0x0c59,11655,0.000816540769
0x0c5a,11655,0.000816540769
0x0c5d,11655,0.000816540769
0x0c5e,11655,0.000816540769
0x0c5f,11655,0.000816540769
0x0c61,11655,0.000816540769
0x0c62,11655,0.000816540769
0x0c64,11655,0.000816540769
0x0c67,2331,0.000163308154
0x0c6b,2331,0.000163308154
0x0c6e,2331,0.000163308154
0x0c71,11655,0.000816540769
0x0c74,11655,0.000816540769
0x0c75,11655,0.000816540769
0x0c76,11655,0.000816540769
0x0c77,11655,0.000816540769
0x0c78,11655,0.000816540769
0x0c79,11655,0.000816540769
0x0c7a,11655,0.000816540769
0x0c7b,11655,0.000816540769
0x0c7d,11655,0.000816540769
0x0c80,2331,0.000163308154
0x0c84,11655,0.000816540769
0x0c85,11655,0.000816540769
0x0c87,11655,0.000816540769
0x0c88,996,0.000069779031
0x0c89,996,0.000069779031
0x0c8a,996,0.000069779031
0x0c8b,996,0.000069779031
0x0c8c,996,0.000069779031
0x0c8e,996,0.000069779031
0x0c8f,996,0.000069779031
0x0c90,996,0.000069779031
0x0c91,996,0.000069779031
0x0c92,996,0.000069779031
0x0c94,996,0.000069779031
0x0c95,996,0.000069779031
0x0c97,996,0.000069779031
0x0c9a,971,0.000068027549
0x0c9b,971,0.000068027549
0x0c9e,971,0.000068027549
0x0c9f,971,0.000068027549
0x0ca0,971,0.000068027549
0x0ca2,971,0.000068027549
0x0ca3,971,0.000068027549
0x0ca4,971,0.000068027549
0x0ca5,971,0.000068027549
0x0ca6,971,0.000068027549
0x0ca7,971,0.000068027549
0x0ca8,971,0.000068027549
0x0ca9,971,0.000068027549
0x0caa,971,0.000068027549
0x0cac,971,0.000068027549
0x0caf,968,0.000067817371
0x0cb4,971,0.000068027549
0x0cb6,971,0.000068027549
0x0cb7,202,0.000014151972
0x0cb9,202,0.000014151972
0x0cba,102,0.000007146045
0x0cbd,102,0.000007146045
0x0cbe,102,0.000007146045
0x0cbf,34,0.000002382015
0x0cc2,34,0.000002382015
0x0cc3,34,0.000002382015
0x0cc4,5,0.000000350296
0x0cc6,5,0.000000350296
0x0cc9,5,0.000000350296
0x0ccb,5,0.000000350296
0x0cce,5,0.000000350296
0x0cd0,5,0.000000350296
0x0cd3,5,0.000000350296
0x0cd8,2331,0.000163308154
0x0cdb,2331,0.000163308154
0x0cde,11655,0.000816540769
0x0cdf,11655,0.000816540769
0x0ce2,11655,0.000816540769
0x0ce3,11655,0.000816540769
0x0ce4,11655,0.000816540769
0x0ce6,11655,0.000816540769
0x0ce7,11655,0.000816540769
0x0ce9,11655,0.000816540769
0x0cea,11655,0.000816540769
0x0ceb,11655,0.000816540769
0x0cec,11655,0.000816540769
0x0cef,2331,0.000163308154
0x0cf4,3,0.000000210178
0x0cf5,3,0.000000210178
0x0cf6,3,0.000000210178
0x0d1c,1008,0.000070619742
0x0d1f,1008,0.000070619742
0x0d22,16128,0.001129915875
0x0d25,16128,0.001129915875
0x0d26,16128,0.001129915875
0x0d27,16128,0.001129915875
0x0d28,16128,0.001129915875
0x0d2a,16128,0.001129915875
0x0d2b,16128,0.001129915875
0x0d2e,1008,0.000070619742
0x0d30,16128,0.001129915875
0x0d31,16128,0.001129915875
0x0d32,16128,0.001129915875
0x0d33,16128,0.001129915875
0x0d34,16128,0.001129915875
0x0d35,16128,0.001129915875
0x0d37,16128,0.001129915875
0x0d38,15093,0.001057404533
0x0d39,15093,0.001057404533
0x0d3a,15093,0.001057404533
0x0d3b,15093,0.001057404533
0x0d3c,15093,0.001057404533
0x0d3e,15093,0.001057404533
0x0d3f,15093,0.001057404533
0x0d41,15093,0.001057404533
0x0d42,15093,0.001057404533
0x0d43,15093,0.001057404533
0x0d46,14427,0.001010745060
0x0d47,14427,0.001010745060
0x0d48,14427,0.001010745060
0x0d4b,1380,0.000096681790
0x0d4c,1380,0.000096681790
0x0d4d,1380,0.000096681790
0x0d4e,1380,0.000096681790
0x0d4f,2046,0.000143341262
0x0d50,2046,0.000143341262
0x0d51,2046,0.000143341262
0x0d52,2046,0.000143341262
0x0d53,2046,0.000143341262
0x0d54,2046,0.000143341262
0x0d55,2046,0.000143341262
0x0d57,2046,0.000143341262
0x0d58,2046,0.000143341262
0x0d59,764,0.000053525281
0x0d5a,764,0.000053525281
0x0d5e,13047,0.000914063270
0x0d5f,13047,0.000914063270
0x0d60,13047,0.000914063270
0x0d61,13047,0.000914063270
0x0d62,13047,0.000914063270
0x0d64,13047,0.000914063270
0x0d65,13047,0.000914063270
0x0d66,1735,0.000121552830
0x0d67,1735,0.000121552830
0x0d70,1007,0.000070549683
0x0d73,1007,0.000070549683
0x0d76,16112,0.001128794927
0x0d79,16112,0.001128794927
0x0d7a,16112,0.001128794927
0x0d7c,16112,0.001128794927
0x0d7d,16112,0.001128794927
0x0d7f,16112,0.001128794927
0x0d80,16112,0.001128794927
0x0d83,1007,0.000070549683
0x0d86,16112,0.001128794927
0x0d87,16112,0.001128794927
0x0d88,16112,0.001128794927
0x0d89,16112,0.001128794927
0x0d8a,16112,0.001128794927
0x0d8b,16112,0.001128794927
0x0d8d,16112,0.001128794927
0x0d8e,15076,0.001056213525
0x0d8f,15076,0.001056213525
0x0d90,15076,0.001056213525
0x0d91,15076,0.001056213525
0x0d94,15076,0.001056213525
0x0d95,15076,0.001056213525
0x0d96,15076,0.001056213525
0x0d97,15076,0.001056213525
0x0d99,15076,0.001056213525
0x0d9a,15076,0.001056213525
0x0d9c,15076,0.001056213525
0x0d9d,15076,0.001056213525
0x0d9f,15076,0.001056213525
0x0da0,15076,0.001056213525
0x0da1,15076,0.001056213525
0x0da2,15076,0.001056213525
0x0da3,15076,0.001056213525
0x0da4,15076,0.001056213525
0x0da5,15076,0.001056213525
0x0da6,15076,0.001056213525
0x0da7,15076,0.001056213525
0x0da8,15076,0.001056213525
0x0dab,14066,0.000985453664
0x0dac,14066,0.000985453664
0x0daf,1022,0.000071600572
0x0db0,1022,0.000071600572
0x0db1,1022,0.000071600572
0x0db3,1022,0.000071600572
0x0db4,1022,0.000071600572
0x0db5,1022,0.000071600572
0x0dbb,1010,0.000070759861
0x0dbc,1010,0.000070759861
0x0dbd,1010,0.000070759861
0x0dbf,1010,0.000070759861
0x0dc0,1010,0.000070759861
0x0dc1,1010,0.000070759861
0x0dc2,1010,0.000070759861
0x0dc3,1010,0.000070759861
0x0dc5,1010,0.000070759861
0x0dc6,1010,0.000070759861
0x0dcc,13044,0.000913853092
0x0dcd,13044,0.000913853092
0x0dce,13044,0.000913853092
0x0dcf,13044,0.000913853092
0x0dd1,13044,0.000913853092
0x0dd2,15076,0.001056213525
0x0dd3,15076,0.001056213525
0x0dd5,15076,0.001056213525
0x0dd6,15076,0.001056213525
0x0dd7,15076,0.001056213525
0x0dd8,15076,0.001056213525
0x0dd9,15076,0.001056213525
0x0dda,15076,0.001056213525
0x0dde,55,0.000003853260
0x0ddf,55,0.000003853260
0x0de0,55,0.000003853260
0x0de3,55,0.000003853260
0x0de4,55,0.000003853260
0x0de5,55,0.000003853260
0x0de6,55,0.000003853260
0x0de9,55,0.000003853260
0x0dea,55,0.000003853260
0x0deb,55,0.000003853260
0x0dec,55,0.000003853260
0x0ded,55,0.000003853260
0x0df0,4034,0.000282619087
0x0df3,4034,0.000282619087
0x0df6,4034,0.000282619087
0x0df9,4034,0.000282619087
0x0dfc,4034,0.000282619087
0x0dff,4034,0.000282619087
0x0e10,8068,0.000565238175
0x0e11,8068,0.000565238175
0x0e13,8068,0.000565238175
0x0e14,425,0.000029775189
0x0e15,425,0.000029775189
0x0e16,425,0.000029775189
0x0e17,425,0.000029775189
0x0e18,425,0.000029775189
0x0e1a,425,0.000029775189
0x0e1b,425,0.000029775189
0x0e1d,425,0.000029775189
0x0e1e,9,0.000000630533
0x0e20,9,0.000000630533
0x0e23,7,0.000000490415
0x0e25,7,0.000000490415
0x0e26,7,0.000000490415
0x0e27,7,0.000000490415
0x0e29,7,0.000000490415
0x0e2a,7,0.000000490415
0x0e2c,7,0.000000490415
0x0e2d,7,0.000000490415
0x0e2e,7,0.000000490415
0x0e2f,7,0.000000490415
0x0e31,7,0.000000490415
0x0e32,7,0.000000490415
0x0e33,7,0.000000490415
0x0e34,7,0.000000490415
0x0e35,7,0.000000490415
0x0e36,6,0.000000420356
0x0e39,2,0.000000140119
0x0e3a,2,0.000000140119
0x0e3b,2,0.000000140119
0x0e3c,2,0.000000140119
0x0e3d,2,0.000000140119
0x0e3e,2,0.000000140119
0x0e3f,2,0.000000140119
0x0e41,2,0.000000140119
0x0e42,2,0.000000140119
0x0e45,25,0.000001751482
0x0e46,25,0.000001751482
0x0e47,25,0.000001751482
0x0e48,25,0.000001751482
0x0e4a,25,0.000001751482
0x0e4d,24,0.000001681422
0x0e4e,24,0.000001681422
0x0e4f,24,0.000001681422
0x0e51,24,0.000001681422
0x0e52,24,0.000001681422
0x0e55,1,0.000000070059
0x0e58,25,0.000001751482
0x0e59,25,0.000001751482
0x0e5a,25,0.000001751482
0x0e5b,9,0.000000630533
0x0e5c,9,0.000000630533
0x0e5e,9,0.000000630533
0x0e5f,9,0.000000630533
0x0e60,4,0.000000280237
0x0e61,4,0.000000280237
0x0e62,4,0.000000280237
0x0e63,4,0.000000280237
0x0e65,4,0.000000280237
0x0e66,4,0.000000280237
0x0e67,1,0.000000070059
0x0e69,1,0.000000070059
0x0e6a,1,0.000000070059
0x0e6b,1,0.000000070059
0x0e70,6,0.000000420356
0x0e71,6,0.000000420356
0x0e72,6,0.000000420356
0x0e74,6,0.000000420356
0x0e75,6,0.000000420356
0x0e76,6,0.000000420356
0x0e77,6,0.000000420356
0x0e78,6,0.000000420356
0x0e7a,6,0.000000420356
0x0e7b,6,0.000000420356
0x0e7e,39,0.000002732311
0x0e7f,39,0.000002732311
0x0e80,39,0.000002732311
0x0e81,39,0.000002732311
0x0e83,39,0.000002732311
0x0e86,33,0.000002311956
0x0e87,33,0.000002311956
0x0e88,33,0.000002311956
0x0e8a,33,0.000002311956
0x0e8b,33,0.000002311956
0x0e90,31,0.000002171837
0x0e91,31,0.000002171837
0x0e93,31,0.000002171837
0x0e94,31,0.000002171837
0x0e95,11,0.000000770652
0x0e97,11,0.000000770652
0x0e98,11,0.000000770652
0x0e99,7,0.000000490415
0x0e9a,7,0.000000490415
0x0e9b,7,0.000000490415
0x0e9c,7,0.000000490415
0x0e9e,7,0.000000490415
0x0e9f,7,0.000000490415
0x0ea0,6,0.000000420356
0x0ea3,6,0.000000420356
0x0ea4,7,0.000000490415
0x0ea5,7,0.000000490415
0x0ea6,7,0.000000490415
0x0ea7,7,0.000000490415
0x0ea8,7,0.000000490415
0x0ea9,7,0.000000490415
0x0eaa,7,0.000000490415
0x0eac,7,0.000000490415
0x0ead,10,0.000000700593
0x0eae,10,0.000000700593
0x0eb0,10,0.000000700593
0x0eb1,10,0.000000700593
0x0eb2,10,0.000000700593
0x0eb4,10,0.000000700593
0x0eb5,10,0.000000700593
0x0eb6,10,0.000000700593
0x0eb7,10,0.000000700593
0x0eb8,10,0.000000700593
0x0ebb,10,0.000000700593
0x0ebc,10,0.000000700593
0x0ebe,10,0.000000700593
0x0ec1,10,0.000000700593
0x0ec3,10,0.000000700593
0x0ec4,10,0.000000700593
0x0ec5,10,0.000000700593
0x0ed5,10,0.000000700593
0x0ed6,10,0.000000700593
0x0ed7,10,0.000000700593
0x0ed8,10,0.000000700593
0x0ed9,10,0.000000700593
0x0eda,10,0.000000700593
0x0edb,10,0.000000700593
0x0edc,10,0.000000700593
0x0ede,10,0.000000700593
0x0ee0,10,0.000000700593
0x0ee2,10,0.000000700593
0x0ee3,10,0.000000700593
0x0ee4,10,0.000000700593
0x0ee5,10,0.000000700593
0x0f00,1012,0.000070899979
0x0f03,1012,0.000070899979
0x0f04,1012,0.000070899979
0x0f06,1012,0.000070899979
0x0f09,1012,0.000070899979
0x0f0b,1012,0.000070899979
0x0f0c,1012,0.000070899979
0x0f0d,1012,0.000070899979
0x0f0e,1012,0.000070899979
0x0f11,1012,0.000070899979
0x0f14,1012,0.000070899979
0x0f15,3,0.000000210178
0x0f16,3,0.000000210178
0x0f17,3,0.000000210178
0x0f1a,3,0.000000210178
0x0f1b,3,0.000000210178
0x0f1d,3,0.000000210178
0x0f1e,3,0.000000210178
0x0f1f,3,0.000000210178
0x0f20,3,0.000000210178
0x0f23,23,0.000001611363
0x0f24,23,0.000001611363
0x0f25,23,0.000001611363
0x0f26,23,0.000001611363
0x0f28,23,0.000001611363
0x0f2b,20,0.000001401185
0x0f2c,20,0.000001401185
0x0f2d,20,0.000001401185
0x0f2f,20,0.000001401185
0x0f30,20,0.000001401185
0x0f38,20,0.000001401185
0x0f39,20,0.000001401185
0x0f3a,20,0.000001401185
0x0f3b,20,0.000001401185
0x0f3d,20,0.000001401185
0x0f3e,3,0.000000210178
0x0f40,3,0.000000210178
0x0f41,3,0.000000210178
0x0f42,3,0.000000210178
0x0f43,3,0.000000210178
0x0f44,3,0.000000210178
0x0f45,3,0.000000210178
0x0f46,3,0.000000210178
0x0f49,3,0.000000210178
0x0f4c,3,0.000000210178
0x0f4d,3,0.000000210178
0x0f4e,3,0.000000210178
0x0f56,2023,0.000141729899
0x0f57,2023,0.000141729899
0x0f58,4045,0.000283389739
0x0f59,4045,0.000283389739
0x0f5b,4045,0.000283389739
0x0f5e,3,0.000000210178
0x0f60,3,0.000000210178
0x0f63,4042,0.000283179561
0x0f64,4042,0.000283179561
0x0f65,4042,0.000283179561
0x0f68,2020,0.000141519721
0x0f69,2020,0.000141519721
0x0f6a,2020,0.000141519721
0x0f6d,2020,0.000141519721
0x0f6e,2020,0.000141519721
0x0f71,1009,0.000070689801
0x0fc0,2486,0.000174167340
0x0fc3,2486,0.000174167340
0x0fc6,2486,0.000174167340
0x0fc9,2486,0.000174167340
0x0fcc,2486,0.000174167340
0x0fcf,2486,0.000174167340
0x0fd2,2486,0.000174167340
0x0fd5,2486,0.000174167340
0x0fd8,4972,0.000348334681
0x0fd9,4972,0.000348334681
0x0fda,4972,0.000348334681
0x0fdb,149,0.000010438831
0x0fdc,149,0.000010438831
0x0fdd,149,0.000010438831
0x0fde,149,0.000010438831
0x0fdf,149,0.000010438831
0x0fe0,149,0.000010438831
0x0fe1,149,0.000010438831
0x0fe2,149,0.000010438831
0x0fe3,149,0.000010438831
0x0fe6,149,0.000010438831
0x0fe7,149,0.000010438831
0x0fe9,149,0.000010438831
0x0fea,149,0.000010438831
0x0fec,149,0.000010438831
0x0fed,149,0.000010438831
0x0fef,149,0.000010438831
0x0ff0,149,0.000010438831
0x0ff1,149,0.000010438831
0x0ff4,149,0.000010438831
0x14e0,480,0.000033628449
0x14e1,480,0.000033628449
0x14e4,480,0.000033628449
0x14e6,480,0.000033628449
0x17e0,4188,0.000293408215
0x17e3,4188,0.000293408215
0x17e5,4188,0.000293408215
0x17e8,4188,0.000293408215
0x1df0,299,0.000020947721
0x1df3,299,0.000020947721
0x1df5,299,0.000020947721
0x1ee0,176,0.000012330431
0x1ee3,176,0.000012330431
0x1ee6,4576,0.000320591211
0x1ee7,4576,0.000320591211
0x1ee8,4576,0.000320591211
0x1ee9,4576,0.000320591211
0x1eec,4576,0.000320591211
0x1eed,4576,0.000320591211
0x1ef0,176,0.000012330431
0x1ef1,176,0.000012330431
0x1ef2,176,0.000012330431
0x1ef4,176,0.000012330431
0x1ef7,176,0.000012330431
0x1ef8,176,0.000012330431
0x1ef9,176,0.000012330431
0x1efa,176,0.000012330431
0x2000,4035,0.000282689147
0x2003,4034,0.000282619087
0x2006,4034,0.000282619087
0x2009,4034,0.000282619087
0x200c,4034,0.000282619087
0x200d,4034,0.000282619087
0x200f,4034,0.000282619087
0x2010,4034,0.000282619087
0x2011,4034,0.000282619087
0x2014,4034,0.000282619087
0x2015,4034,0.000282619087
0x2018,4034,0.000282619087
0x201a,4034,0.000282619087
0x2040,2391,0.000167511710
0x2043,2391,0.000167511710
0x2046,2391,0.000167511710
0x2047,2391,0.000167511710
0x2048,2391,0.000167511710
0x2049,20,0.000001401185
0x204a,20,0.000001401185
0x204b,20,0.000001401185
0x204c,20,0.000001401185
0x204d,20,0.000001401185
0x204e,20,0.000001401185
0x204f,20,0.000001401185
0x2050,20,0.000001401185
0x2051,20,0.000001401185
0x2052,20,0.000001401185
0x2055,20,0.000001401185
0x2057,20,0.000001401185
0x2058,20,0.000001401185
0x2059,20,0.000001401185
0x205a,20,0.000001401185
0x205c,20,0.000001401185
0x205d,20,0.000001401185
0x205e,20,0.000001401185
0x2060,20,0.000001401185
0x2061,20,0.000001401185
0x2062,20,0.000001401185
0x2063,20,0.000001401185
0x2064,20,0.000001401185
0x2065,20,0.000001401185
0x2066,20,0.000001401185
0x2068,20,0.000001401185
0x2069,20,0.000001401185
0x206a,20,0.000001401185
0x206b,20,0.000001401185
0x206c,20,0.000001401185
0x206d,20,0.000001401185
0x2070,80,0.000005604741
0x2071,80,0.000005604741
0x2073,80,0.000005604741
0x2075,80,0.000005604741
0x2076,80,0.000005604741
0x2077,80,0.000005604741
0x2079,80,0.000005604741
0x207a,80,0.000005604741
0x207b,80,0.000005604741
0x207e,80,0.000005604741
0x2081,80,0.000005604741
0x2085,80,0.000005604741
0x2087,80,0.000005604741
0x2088,80,0.000005604741
0x2089,80,0.000005604741
0x208a,80,0.000005604741
0x208c,80,0.000005604741
0x208d,80,0.000005604741
0x208f,80,0.000005604741
0x2090,80,0.000005604741
0x2091,80,0.000005604741
0x2093,80,0.000005604741
0x2094,80,0.000005604741
0x2096,80,0.000005604741
0x2097,80,0.000005604741
0x20b0,80,0.000005604741
0x20b1,2560,0.000179351726
0x20b2,2560,0.000179351726
0x20b3,2560,0.000179351726
0x20b5,20480,0.001434813809
0x20b7,20480,0.001434813809
0x20b8,20480,0.001434813809
0x20bb,780,0.000054646229
0x20bc,780,0.000054646229
0x20bd,780,0.000054646229
0x20be,780,0.000054646229
0x20bf,20480,0.001434813809
0x20c0,20480,0.001434813809
0x20c1,20480,0.001434813809
0x20c2,20480,0.001434813809
0x20c5,2560,0.000179351726
0x20c6,2560,0.000179351726
0x20c7,2560,0.000179351726
0x20c8,2560,0.000179351726
0x20c9,2560,0.000179351726
0x20cc,1280,0.000089675863
0x20cd,1280,0.000089675863
0x20cf,1280,0.000089675863
0x20d2,1200,0.000084071122
0x20d3,1200,0.000084071122
0x20d4,1200,0.000084071122
0x20d6,1200,0.000084071122
0x20d7,1200,0.000084071122
0x20d8,1200,0.000084071122
0x20da,1200,0.000084071122
0x20db,1200,0.000084071122
0x20dc,1200,0.000084071122
0x20de,1200,0.000084071122
0x20e1,80,0.000005604741
0x20e2,80,0.000005604741
0x20e8,80,0.000005604741
0x20e9,80,0.000005604741
0x20ea,80,0.000005604741
0x20ec,80,0.000005604741
0x20ed,80,0.000005604741
0x20f0,80,0.000005604741
0x20f1,80,0.000005604741
0x20f2,80,0.000005604741
0x20f3,80,0.000005604741
0x20f4,80,0.000005604741
0x20f6,80,0.000005604741
0x20f7,80,0.000005604741
0x20f8,80,0.000005604741
0x20fa,80,0.000005604741
0x20fb,80,0.000005604741
0x20fc,80,0.000005604741
0x20fd,80,0.000005604741
0x20fe,80,0.000005604741
0x20ff,80,0.000005604741
0x2101,80,0.000005604741
0x2103,80,0.000005604741
0x2104,80,0.000005604741
0x2106,80,0.000005604741
0x2107,80,0.000005604741
0x2108,80,0.000005604741
0x2109,80,0.000005604741
0x210a,80,0.000005604741
0x210d,80,0.000005604741
0x211c,80,0.000005604741
0x211f,80,0.000005604741
0x2120,80,0.000005604741
0x2122,80,0.000005604741
0x2123,64,0.000004483793
0x2125,64,0.000004483793
0x2126,16,0.000001120948
0x2128,16,0.000001120948
0x2129,16,0.000001120948
0x212c,16,0.000001120948
0x2130,4034,0.000282619087
0x2131,4034,0.000282619087
0x2132,4034,0.000282619087
0x2135,3022,0.000211719108
0x2137,3022,0.000211719108
0x213a,2014,0.000141099366
0x213c,2014,0.000141099366
0x213f,1007,0.000070549683
0x2150,1012,0.000070899979
0x2153,1012,0.000070899979
0x2156,1012,0.000070899979
0x2160,1008,0.000070619742
0x2163,1008,0.000070619742
0x2166,1008,0.000070619742
0x2169,1008,0.000070619742
0x2170,1007,0.000070549683
0x2173,1007,0.000070549683
0x2180,1007,0.000070549683
0x2183,1007,0.000070549683
0x2186,1007,0.000070549683
0x2189,1007,0.000070549683
0x21dc,176,0.000012330431
0x21dd,176,0.000012330431
0x21de,176,0.000012330431
0x21df,176,0.000012330431
0x21e2,176,0.000012330431
0x21e4,176,0.000012330431
0x21e5,176,0.000012330431
0x21e6,176,0.000012330431
0x21e8,176,0.000012330431
0x21e9,176,0.000012330431
0x21eb,176,0.000012330431
0x21ec,176,0.000012330431
0x21ed,176,0.000012330431
0x21ef,176,0.000012330431
0x21f0,176,0.000012330431
0x21f1,176,0.000012330431
0x21f2,176,0.000012330431
0x21f4,176,0.000012330431
0x21f5,176,0.000012330431
0x21f7,176,0.000012330431
0x21f8,176,0.000012330431
0x21f9,176,0.000012330431
0x21fc,176,0.000012330431
0x2230,110,0.000007706519
0x2233,110,0.000007706519
0x2234,110,0.000007706519
0x2235,110,0.000007706519
0x2236,110,0.000007706519
0x2237,110,0.000007706519
0x2239,110,0.000007706519
0x223b,110,0.000007706519
0x223e,106,0.000007426282
0x2240,106,0.000007426282
0x2243,54,0.000003783200
0x2245,54,0.000003783200
0x2247,54,0.000003783200
0x2249,54,0.000003783200
0x224c,2,0.000000140119
0x224f,2,0.000000140119
0x2250,2,0.000000140119
0x2252,2,0.000000140119
0x2254,2,0.000000140119
0x2260,104,0.000007286164
0x2261,104,0.000007286164
0x2262,104,0.000007286164
0x2263,104,0.000007286164
0x2264,104,0.000007286164
0x2265,104,0.000007286164
0x2267,104,0.000007286164
0x2268,104,0.000007286164
0x2269,104,0.000007286164
0x226b,104,0.000007286164
0x226d,104,0.000007286164
0x226e,104,0.000007286164
0x226f,104,0.000007286164
0x2271,104,0.000007286164
0x2272,104,0.000007286164
0x2273,104,0.000007286164
0x2274,104,0.000007286164
0x2275,104,0.000007286164
0x2276,104,0.000007286164
0x2277,104,0.000007286164
0x2278,104,0.000007286164
0x2279,104,0.000007286164
0x227a,1456,0.000102006294
0x227b,13104,0.000918056648
0x227c,13104,0.000918056648
0x227d,13104,0.000918056648
0x227e,13104,0.000918056648
0x227f,13104,0.000918056648
0x2280,13104,0.000918056648
0x2283,1456,0.000102006294
0x2284,1456,0.000102006294
0x2285,1456,0.000102006294
0x2286,1456,0.000102006294
0x2288,1456,0.000102006294
0x2289,1456,0.000102006294
0x228a,1456,0.000102006294
0x228c,1456,0.000102006294
0x228d,1456,0.000102006294
0x228e,1456,0.000102006294
0x2291,104,0.000007286164
0x2292,4,0.000000280237
0x2295,4,0.000000280237
0x2296,4,0.000000280237
0x2298,4,0.000000280237
0x229b,2,0.000000140119
0x229e,2,0.000000140119
0x22a1,2,0.000000140119
0x22a3,832,0.000058289311
0x22a4,832,0.000058289311
0x22a5,832,0.000058289311
0x22a6,832,0.000058289311
0x22a7,832,0.000058289311
0x22a8,832,0.000058289311
0x22a9,832,0.000058289311
0x22aa,832,0.000058289311
0x22ab,832,0.000058289311
0x22ac,832,0.000058289311
0x22ad,832,0.000058289311
0x22b0,2,0.000000140119
0x22b4,72,0.000005044267
0x22b7,72,0.000005044267
0x22ba,72,0.000005044267
0x22bb,72,0.000005044267
0x22bc,72,0.000005044267
0x22be,72,0.000005044267
0x22c1,1,0.000000070059
0x22c3,1,0.000000070059
0x22c5,1,0.000000070059
0x22ca,49,0.000003432904
0x22cd,49,0.000003432904
0x22ce,49,0.000003432904
0x22d0,49,0.000003432904
0x22d3,1,0.000000070059
0x22d5,1,0.000000070059
0x22d7,1,0.000000070059
0x22d9,1,0.000000070059
0x22db,1,0.000000070059
0x22dd,1,0.000000070059
0x22e0,2,0.000000140119
0x22e2,4,0.000000280237
0x22e5,4,0.000000280237
0x22e8,4,0.000000280237
0x22f0,2,0.000000140119
0x22f3,2,0.000000140119
0x22f4,2,0.000000140119
0x22fa,117,0.000008196934
0x22fd,117,0.000008196934
0x22ff,117,0.000008196934
0x2302,117,0.000008196934
0x2303,2106,0.000147544818
0x2304,2106,0.000147544818
0x2306,2106,0.000147544818
0x2307,2106,0.000147544818
0x2308,2106,0.000147544818
0x2309,2106,0.000147544818
0x230a,2106,0.000147544818
0x230b,2106,0.000147544818
0x230d,2106,0.000147544818
0x230e,2106,0.000147544818
0x230f,2106,0.000147544818
0x2310,2106,0.000147544818
0x2312,2106,0.000147544818
0x2313,2106,0.000147544818
0x2314,2106,0.000147544818
0x2316,2106,0.000147544818
0x2317,2106,0.000147544818
0x231a,234,0.000016393869
0x231b,2106,0.000147544818
0x231c,2106,0.000147544818
0x231f,117,0.000008196934
0x2322,353,0.000024730922
0x2325,353,0.000024730922
0x2326,353,0.000024730922
0x2327,353,0.000024730922
0x2329,353,0.000024730922
0x232a,353,0.000024730922
0x232b,353,0.000024730922
0x232c,353,0.000024730922
0x232e,353,0.000024730922
0x232f,353,0.000024730922
0x2331,353,0.000024730922
0x2334,353,0.000024730922
0x2337,353,0.000024730922
0x2351,941,0.000065925771
0x2352,941,0.000065925771
0x2354,941,0.000065925771
0x2355,233,0.000016323809
0x2356,233,0.000016323809
0x2357,233,0.000016323809
0x2358,233,0.000016323809
0x235a,233,0.000016323809
0x235b,233,0.000016323809
0x235e,233,0.000016323809
0x235f,233,0.000016323809
0x2360,233,0.000016323809
0x2361,233,0.000016323809
0x2362,233,0.000016323809
0x2364,233,0.000016323809
0x2365,233,0.000016323809
0x2366,233,0.000016323809
0x2368,233,0.000016323809
0x2369,233,0.000016323809
0x236a,233,0.000016323809
0x236b,233,0.000016323809
0x236c,233,0.000016323809
0x236e,233,0.000016323809
0x2370,233,0.000016323809
0x2373,212,0.000014852565
0x2375,212,0.000014852565
0x2377,212,0.000014852565
0x237a,212,0.000014852565
0x237b,21,0.000001471245
0x237c,21,0.000001471245
0x237e,21,0.000001471245
0x237f,21,0.000001471245
0x2381,21,0.000001471245
0x2384,21,0.000001471245
0x2385,21,0.000001471245
0x2386,21,0.000001471245
0x2387,21,0.000001471245
0x2389,21,0.000001471245
0x238a,5,0.000000350296
0x238c,5,0.000000350296
0x238d,5,0.000000350296
0x238e,5,0.000000350296
0x2390,5,0.000000350296
0x2391,5,0.000000350296
0x2393,5,0.000000350296
0x23d6,2672,0.000187198364
0x23d9,2672,0.000187198364
0x23da,2672,0.000187198364
0x23dc,2672,0.000187198364
0x23de,2672,0.000187198364
0x2476,10,0.000000700593
0x2477,10,0.000000700593
0x2478,10,0.000000700593
0x247b,10,0.000000700593
0x247d,10,0.000000700593
0x247e,10,0.000000700593
0x2481,10,0.000000700593
0x2483,10,0.000000700593
0x2484,10,0.000000700593
0x2485,10,0.000000700593
0x2487,10,0.000000700593
0x2488,10,0.000000700593
0x2489,10,0.000000700593
0x248a,10,0.000000700593
0x248c,10,0.000000700593
0x248d,10,0.000000700593
0x248f,10,0.000000700593
0x2490,10,0.000000700593
0x2493,10,0.000000700593
0x2495,10,0.000000700593
0x2496,10,0.000000700593
0x2497,10,0.000000700593
0x2498,10,0.000000700593
0x2499,10,0.000000700593
0x249a,10,0.000000700593
0x249b,7,0.000000490415
0x249c,7,0.000000490415
0x249d,7,0.000000490415
0x249e,5,0.000000350296
0x249f,5,0.000000350296
0x24a0,4034,0.000282619087
0x24a3,4034,0.000282619087
0x24a5,4034,0.000282619087
0x24a7,4034,0.000282619087
0x24a8,941,0.000065925771
0x24ab,941,0.000065925771
0x24ae,941,0.000065925771
0x24b1,941,0.000065925771
0x24b4,941,0.000065925771
0x24b6,941,0.000065925771
0x24b8,941,0.000065925771
0x24b9,235,0.000016463928
0x24c4,2015,0.000141169425
0x24c7,2015,0.000141169425
0x24c9,2015,0.000141169425
0x24cb,2015,0.000141169425
0x24ce,470,0.000032927856
0x24d1,470,0.000032927856
0x24d4,470,0.000032927856
0x24d5,470,0.000032927856
0x24d6,470,0.000032927856
0x24d8,470,0.000032927856
0x24db,353,0.000024730922
0x24e0,470,0.000032927856
0x24e3,470,0.000032927856
0x24e5,470,0.000032927856
0x24e6,30,0.000002101778
0x24e9,30,0.000002101778
0x24eb,30,0.000002101778
0x24ec,30,0.000002101778
0x24f2,235,0.000016463928
0x24f5,235,0.000016463928
0x24f7,235,0.000016463928
0x24f8,235,0.000016463928
0x24f9,235,0.000016463928
0x24fc,235,0.000016463928
0x24fe,235,0.000016463928
0x24ff,235,0.000016463928
0x2500,73,0.000005114327
0x2503,73,0.000005114327
0x2504,73,0.000005114327
0x2505,66,0.000004623912
0x2508,66,0.000004623912
0x2509,66,0.000004623912
0x250a,21,0.000001471245
0x250b,21,0.000001471245
0x250d,21,0.000001471245
0x250e,21,0.000001471245
0x2511,21,0.000001471245
0x2512,21,0.000001471245
0x2513,21,0.000001471245
0x2515,21,0.000001471245
0x2517,21,0.000001471245
0x2518,21,0.000001471245
0x2519,21,0.000001471245
0x251a,21,0.000001471245
0x2560,1007,0.000070549683
0x2563,1007,0.000070549683
0x2564,1007,0.000070549683
0x2566,1007,0.000070549683
0x2567,1007,0.000070549683
0x2568,1007,0.000070549683
0x2569,1007,0.000070549683
0x256a,1007,0.000070549683
0x256b,1007,0.000070549683
0x256d,1007,0.000070549683
0x256e,1007,0.000070549683
0x2570,1007,0.000070549683
0x2572,1007,0.000070549683
0x2575,1007,0.000070549683
0x2576,1007,0.000070549683
0x2577,1007,0.000070549683
0x2578,1007,0.000070549683
0x2579,1007,0.000070549683
0x257b,1007,0.000070549683
0x257c,1007,0.000070549683
0x257f,1007,0.000070549683
0x2581,1007,0.000070549683
0x2582,1007,0.000070549683
0x2585,1007,0.000070549683
0x2587,1007,0.000070549683
0x2588,8039,0.000563206456
0x2589,8039,0.000563206456
0x258c,8027,0.000562365745
0x258d,8027,0.000562365745
0x258e,8027,0.000562365745
0x2590,8027,0.000562365745
0x2591,8027,0.000562365745
0x2592,8027,0.000562365745
0x2595,995,0.000069708972
0x2596,8039,0.000563206456
0x2597,8039,0.000563206456
0x2599,8039,0.000563206456
0x259a,7521,0.000526915755
0x259b,7521,0.000526915755
0x259c,7521,0.000526915755
0x259e,7521,0.000526915755
0x259f,7521,0.000526915755
0x25a1,7521,0.000526915755
0x25a2,7102,0.000497560922
0x25a3,7102,0.000497560922
0x25a4,7102,0.000497560922
0x25a5,7102,0.000497560922
0x25a6,4338,0.000303917105
0x25a7,4338,0.000303917105
0x25a8,1025,0.000071810750
0x25a9,1025,0.000071810750
0x25aa,1025,0.000071810750
0x25ab,1025,0.000071810750
0x25ac,946,0.000066276068
0x25ae,946,0.000066276068
0x25af,12,0.000000840711
0x25b0,12,0.000000840711
0x25b1,12,0.000000840711
0x25b2,12,0.000000840711
0x25b3,12,0.000000840711
0x25b4,12,0.000000840711
0x25b5,12,0.000000840711
0x25b6,12,0.000000840711
0x25b7,58,0.000004063438
0x25ba,58,0.000004063438
0x25bc,58,0.000004063438
0x25be,58,0.000004063438
0x25ca,58,0.000004063438
0x25cd,132,0.000009247823
0x25ce,132,0.000009247823
0x25d0,132,0.000009247823
0x25d3,97,0.000006795749
0x25d4,97,0.000006795749
0x25d6,97,0.000006795749
0x25d7,97,0.000006795749
0x25d8,97,0.000006795749
0x25db,23,0.000001611363
0x25dc,23,0.000001611363
0x25dd,23,0.000001611363
0x25e0,35,0.000002452074
0x25e1,35,0.000002452074
0x25e3,35,0.000002452074
0x25e4,35,0.000002452074
0x25e5,35,0.000002452074
0x25e7,35,0.000002452074
0x25e8,35,0.000002452074
0x25ea,35,0.000002452074
0x25eb,35,0.000002452074
0x25ec,35,0.000002452074
0x25ed,35,0.000002452074
0x25ef,35,0.000002452074
0x25f0,35,0.000002452074
0x25f1,35,0.000002452074
0x25f3,35,0.000002452074
0x25f4,35,0.000002452074
0x25f6,35,0.000002452074
0x25f7,35,0.000002452074
0x25f8,35,0.000002452074
0x25f9,35,0.000002452074
0x25fa,35,0.000002452074
0x25fb,35,0.000002452074
0x25fc,35,0.000002452074
0x25fd,35,0.000002452074
0x2600,632,0.000044277457
0x2601,632,0.000044277457
0x2602,632,0.000044277457
0x2603,632,0.000044277457
0x2604,632,0.000044277457
0x2605,632,0.000044277457
0x2608,632,0.000044277457
0x2609,632,0.000044277457
0x260a,632,0.000044277457
0x260b,632,0.000044277457
0x260c,632,0.000044277457
0x260e,632,0.000044277457
0x2611,632,0.000044277457
0x2612,632,0.000044277457
0x2613,632,0.000044277457
0x2616,632,0.000044277457
0x2617,632,0.000044277457
0x261a,361,0.000025291396
0x261d,361,0.000025291396
0x261e,361,0.000025291396
0x2620,361,0.000025291396
0x2621,361,0.000025291396
0x2624,361,0.000025291396
0x2625,361,0.000025291396
0x2626,361,0.000025291396
0x2628,361,0.000025291396
0x2629,361,0.000025291396
0x262b,361,0.000025291396
0x262c,361,0.000025291396
0x262e,361,0.000025291396
0x262f,361,0.000025291396
0x2630,361,0.000025291396
0x2631,361,0.000025291396
0x2633,361,0.000025291396
0x2634,361,0.000025291396
0x2635,361,0.000025291396
0x2638,361,0.000025291396
0x2639,632,0.000044277457
0x263c,632,0.000044277457
0x263f,632,0.000044277457
0x2642,632,0.000044277457
0x2643,632,0.000044277457
0x2646,316,0.000022138729
0x2649,316,0.000022138729
0x2650,271,0.000018986062
0x2651,271,0.000018986062
0x2654,271,0.000018986062
0x2655,271,0.000018986062
0x2656,271,0.000018986062
0x2658,271,0.000018986062
0x2659,271,0.000018986062
0x265b,271,0.000018986062
0x265c,271,0.000018986062
0x265e,271,0.000018986062
0x2661,271,0.000018986062
0x2662,271,0.000018986062
0x2668,316,0.000022138729
0x266b,316,0.000022138729
0x266c,316,0.000022138729
0x266d,316,0.000022138729
0x2670,316,0.000022138729
0x2672,316,0.000022138729
0x2676,316,0.000022138729
0x2678,316,0.000022138729
0x267c,316,0.000022138729
0x267f,316,0.000022138729
0x2681,316,0.000022138729
0x2684,316,0.000022138729
0x2685,316,0.000022138729
0x2688,316,0.000022138729
0x268a,316,0.000022138729
0x268b,316,0.000022138729
0x268d,316,0.000022138729
0x268e,316,0.000022138729
0x268f,316,0.000022138729
0x2692,315,0.000022068669
0x2693,316,0.000022138729
0x2694,316,0.000022138729
0x2697,316,0.000022138729
0x2699,316,0.000022138729
0x269d,316,0.000022138729
0x269f,316,0.000022138729
0x26a3,316,0.000022138729
0x26a4,316,0.000022138729
0x26a7,316,0.000022138729
0x26aa,316,0.000022138729
0x26ad,316,0.000022138729
0x26ae,316,0.000022138729
0x26af,316,0.000022138729
0x26b0,316,0.000022138729
0x26b1,63,0.000004413734
0x26b2,63,0.000004413734
0x26b4,63,0.000004413734
0x26b5,63,0.000004413734
0x26b7,63,0.000004413734
0x26b8,63,0.000004413734
0x26ba,63,0.000004413734
0x26bb,10,0.000000700593
0x26bc,10,0.000000700593
0x26bd,10,0.000000700593
0x26be,10,0.000000700593
0x26bf,10,0.000000700593
0x26c2,10,0.000000700593
0x26c4,10,0.000000700593
0x26c6,10,0.000000700593
0x26c7,10,0.000000700593
0x26c8,10,0.000000700593
0x26ca,10,0.000000700593
0x26cb,10,0.000000700593
0x26cc,10,0.000000700593
0x26d0,316,0.000022138729
0x26d3,316,0.000022138729
0x26d6,316,0.000022138729
0x26d9,2528,0.000177109830
0x26da,2528,0.000177109830
0x26db,2528,0.000177109830
0x26de,1997,0.000139908358
0x26df,1997,0.000139908358
0x26e0,1997,0.000139908358
0x26e3,316,0.000022138729
0x26e4,1997,0.000139908358
0x26e5,2528,0.000177109830
0x26e6,2528,0.000177109830
0x26e7,2528,0.000177109830
0x26e8,2528,0.000177109830
0x26e9,2528,0.000177109830
0x26eb,2528,0.000177109830
0x26ee,316,0.000022138729
0x26f1,316,0.000022138729
0x26f2,316,0.000022138729
0x26f3,316,0.000022138729
0x26f5,316,0.000022138729
0x26f8,316,0.000022138729
0x26f9,316,0.000022138729
0x26fa,316,0.000022138729
0x26fd,316,0.000022138729
0x2700,3734,0.000261601307
0x2703,3734,0.000261601307
0x2704,3734,0.000261601307
0x2705,3734,0.000261601307
0x2706,3733,0.000261531248
0x2707,3733,0.000261531248
0x2708,3733,0.000261531248
0x270a,3733,0.000261531248
0x270b,3733,0.000261531248
0x270c,3733,0.000261531248
0x270e,3733,0.000261531248
0x270f,3733,0.000261531248
0x2711,3733,0.000261531248
0x2714,3733,0.000261531248
0x2717,14932,0.001046124990
0x271a,14932,0.001046124990
0x271b,14932,0.001046124990
0x271c,14932,0.001046124990
0x271d,14932,0.001046124990
0x271e,14932,0.001046124990
0x2720,14932,0.001046124990
0x2723,3733,0.000261531248
0x2725,3733,0.000261531248
0x2728,3733,0.000261531248
0x272a,3733,0.000261531248
0x2739,3733,0.000261531248
0x273c,3733,0.000261531248
0x273d,3733,0.000261531248
0x2740,3733,0.000261531248
0x2743,3733,0.000261531248
0x2748,14932,0.001046124990
0x2749,14932,0.001046124990
0x274a,14932,0.001046124990
0x274c,14932,0.001046124990
0x274d,4,0.000000280237
0x274e,4,0.000000280237
0x274f,4,0.000000280237
0x2750,2,0.000000140119
0x2751,2,0.000000140119
0x2752,2,0.000000140119
0x2753,2,0.000000140119
0x2754,2,0.000000140119
0x2755,2,0.000000140119
0x2757,2,0.000000140119
0x2758,2,0.000000140119
0x2759,2,0.000000140119
0x275b,2,0.000000140119
0x275c,2,0.000000140119
0x275f,2,0.000000140119
0x2760,2,0.000000140119
0x2761,2,0.000000140119
0x2764,2,0.000000140119
0x2768,2,0.000000140119
0x2769,2,0.000000140119
0x276c,2,0.000000140119
0x276e,2,0.000000140119
0x2771,2,0.000000140119
0x2772,2,0.000000140119
0x2778,2,0.000000140119
0x277b,2,0.000000140119
0x277c,2,0.000000140119
0x277f,2,0.000000140119
0x2780,2,0.000000140119
0x2781,2,0.000000140119
0x2782,2,0.000000140119
0x2783,2,0.000000140119
0x2784,2,0.000000140119
0x2785,2,0.000000140119
0x2786,2,0.000000140119
0x2789,2,0.000000140119
0x27a8,3733,0.000261531248
0x27ab,3733,0.000261531248
0x27ac,3733,0.000261531248
0x27af,3733,0.000261531248
0x27b0,3733,0.000261531248
0x27b1,3733,0.000261531248
0x27b4,3733,0.000261531248
0x27b6,3733,0.000261531248
0x27b7,3733,0.000261531248
0x27b8,3733,0.000261531248
0x27ba,3733,0.000261531248
0x27bd,3349,0.000234628489
0x27c0,3349,0.000234628489
0x27c1,3349,0.000234628489
0x27c2,3349,0.000234628489
0x27c5,3301,0.000231265644
0x27c7,3301,0.000231265644
0x27c8,3301,0.000231265644
0x27c9,3301,0.000231265644
0x27e2,48,0.000003362845
0x27e4,48,0.000003362845
0x27e9,48,0.000003362845
0x27ea,48,0.000003362845
0x27ec,48,0.000003362845
0x27ee,48,0.000003362845
0x3000,1012,0.000070899979
0x3003,1012,0.000070899979
0x3004,1012,0.000070899979
0x3005,1012,0.000070899979
0x3007,1012,0.000070899979
0x300a,1012,0.000070899979
0x300b,1012,0.000070899979
0x300c,1012,0.000070899979
0x300d,1012,0.000070899979
0x300e,1012,0.000070899979
0x300f,1012,0.000070899979
0x3010,1012,0.000070899979
0x3011,1012,0.000070899979
0x3012,124,0.000008687349
0x3028,129,0.000009037646
0x302b,129,0.000009037646
0x302c,129,0.000009037646
0x302e,129,0.000009037646
0x302f,129,0.000009037646
0x3031,129,0.000009037646
0x3032,129,0.000009037646
0x3034,129,0.000009037646
0x3035,128,0.000008967586
0x3037,128,0.000008967586
0x3038,128,0.000008967586
0x3039,128,0.000008967586
0x303c,123,0.000008617290
0x303d,123,0.000008617290
0x303e,1,0.000000070059
0x303f,1,0.000000070059
0x3040,1,0.000000070059
0x3042,1,0.000000070059
0x3044,1,0.000000070059
0x3046,1,0.000000070059
0x3048,1,0.000000070059
0x3049,1,0.000000070059
0x304b,1,0.000000070059
0x304d,1,0.000000070059
0x304f,1,0.000000070059
0x3050,1,0.000000070059
0x3052,1,0.000000070059
0x3055,1,0.000000070059
0x3056,1,0.000000070059
0x3057,1,0.000000070059
0x3059,1,0.000000070059
0x305c,5,0.000000350296
0x305f,5,0.000000350296
0x3062,5,0.000000350296
0x3063,5,0.000000350296
0x3064,5,0.000000350296
0x3065,5,0.000000350296
0x3066,5,0.000000350296
0x3067,5,0.000000350296
0x3068,5,0.000000350296
0x306a,5,0.000000350296
0x306c,5,0.000000350296
0x306d,5,0.000000350296
0x3074,32,0.000002241897
0x3077,32,0.000002241897
0x3078,32,0.000002241897
0x3079,32,0.000002241897
0x307a,32,0.000002241897
0x307c,32,0.000002241897
0x307d,32,0.000002241897
0x307f,32,0.000002241897
0x3080,32,0.000002241897
0x3081,32,0.000002241897
0x3082,32,0.000002241897
0x3084,32,0.000002241897
0x3089,32,0.000002241897
0x308a,32,0.000002241897
0x308b,32,0.000002241897
0x308c,32,0.000002241897
0x308d,32,0.000002241897
0x308f,32,0.000002241897
0x3090,32,0.000002241897
0x3092,32,0.000002241897
0x3093,32,0.000002241897
0x3094,32,0.000002241897
0x3095,32,0.000002241897
0x3098,32,0.000002241897
0x309a,32,0.000002241897
0x309f,32,0.000002241897
0x30a0,32,0.000002241897
0x30a1,32,0.000002241897
0x30a4,32,0.000002241897
0x30a6,32,0.000002241897
0x30a7,32,0.000002241897
0x30a8,32,0.000002241897
0x30aa,965,0.000067607194
0x30ad,965,0.000067607194
0x30ae,965,0.000067607194
0x30af,965,0.000067607194
0x30b0,965,0.000067607194
0x30b1,965,0.000067607194
0x30b3,965,0.000067607194
0x30b5,965,0.000067607194
0x30b6,965,0.000067607194
0x30b8,965,0.000067607194
0x30ba,128,0.000008967586
0x30bd,128,0.000008967586
0x30c0,128,0.000008967586
0x30c3,128,0.000008967586
0x30c6,128,0.000008967586
0x30c8,128,0.000008967586
0x30c9,128,0.000008967586
0x30ca,128,0.000008967586
0x30cb,126,0.000008827468
0x30cd,126,0.000008827468
0x30ce,126,0.000008827468
0x30cf,126,0.000008827468
0x30d2,99,0.000006935868
0x30d3,99,0.000006935868
0x30d4,22,0.000001541304
0x30d6,22,0.000001541304
0x30d8,22,0.000001541304
0x30da,384,0.000026902759
0x30db,384,0.000026902759
0x30dc,384,0.000026902759
0x30dd,384,0.000026902759
0x30de,260,0.000018215410
0x30df,260,0.000018215410
0x30e4,27,0.000001891600
0x30e7,27,0.000001891600
0x30ea,27,0.000001891600
0x30eb,27,0.000001891600
0x30ed,27,0.000001891600
0x30f2,27,0.000001891600
0x30f3,27,0.000001891600
0x30f5,27,0.000001891600
0x30f6,27,0.000001891600
0x30f7,27,0.000001891600
0x30f8,27,0.000001891600
0x30fa,27,0.000001891600
0x30fc,27,0.000001891600
0x30ff,27,0.000001891600
0x3102,27,0.000001891600
0x3105,27,0.000001891600
0x3106,27,0.000001891600
0x3107,27,0.000001891600
0x3108,27,0.000001891600
0x310a,27,0.000001891600
0x310c,27,0.000001891600
0x310e,27,0.000001891600
0x310f,27,0.000001891600
0x3112,81,0.000005674801
0x3113,81,0.000005674801
0x3114,81,0.000005674801
0x3115,81,0.000005674801
0x3116,46,0.000003222726
0x3117,46,0.000003222726
0x3118,46,0.000003222726
0x311a,46,0.000003222726
0x311b,46,0.000003222726
0x311c,46,0.000003222726
0x311d,46,0.000003222726
0x311e,27,0.000001891600
0x311f,27,0.000001891600
0x3121,27,0.000001891600
0x3124,128,0.000008967586
0x3127,128,0.000008967586
0x3128,128,0.000008967586
0x312a,128,0.000008967586
0x312b,22,0.000001541304
0x312d,22,0.000001541304
0x312f,22,0.000001541304
0x3130,22,0.000001541304
0x3131,22,0.000001541304
0x3132,22,0.000001541304
0x3134,22,0.000001541304
0x3136,22,0.000001541304
0x3138,22,0.000001541304
0x313d,22,0.000001541304
0x313f,22,0.000001541304
0x3140,22,0.000001541304
0x3141,22,0.000001541304
0x3144,22,0.000001541304
0x3145,22,0.000001541304
0x3146,22,0.000001541304
0x3149,20,0.000001401185
0x314b,22,0.000001541304
0x314d,22,0.000001541304
0x314e,22,0.000001541304
0x315a,125,0.000008757409
0x315d,125,0.000008757409
0x315e,125,0.000008757409
0x3160,125,0.000008757409
0x3161,22,0.000001541304
0x3164,22,0.000001541304
0x3165,22,0.000001541304
0x3166,22,0.000001541304
0x3167,22,0.000001541304
0x3169,22,0.000001541304
0x316a,22,0.000001541304
0x316c,22,0.000001541304
0x316d,22,0.000001541304
0x316e,22,0.000001541304
0x316f,22,0.000001541304
0x3171,22,0.000001541304
0x3172,22,0.000001541304
0x3174,22,0.000001541304
0x3176,22,0.000001541304
0x3177,22,0.000001541304
0x3178,22,0.000001541304
0x3179,31,0.000002171837
0x317c,9,0.000000630533
0x317d,9,0.000000630533
0x317e,9,0.000000630533
0x317f,9,0.000000630533
0x3180,9,0.000000630533
0x3181,9,0.000000630533
0x3182,9,0.000000630533
0x3183,9,0.000000630533
0x318a,9,0.000000630533
0x318b,9,0.000000630533
0x3192,31,0.000002171837
0x3193,31,0.000002171837
0x3195,31,0.000002171837
0x3196,30,0.000002101778
0x3199,30,0.000002101778
0x319a,30,0.000002101778
0x319b,22,0.000001541304
0x319e,22,0.000001541304
0x319f,22,0.000001541304
0x31a0,22,0.000001541304
0x31a1,22,0.000001541304
0x31a2,22,0.000001541304
0x31a3,22,0.000001541304
0x31a4,22,0.000001541304
0x31a7,22,0.000001541304
0x31a9,22,0.000001541304
0x31ac,22,0.000001541304
0x31ad,22,0.000001541304
0x31b4,125,0.000008757409
0x31b7,125,0.000008757409
0x31b9,125,0.000008757409
0x31ba,22,0.000001541304
0x31bd,22,0.000001541304
0x31bf,22,0.000001541304
0x31c0,22,0.000001541304
0x31c2,22,0.000001541304
0x31c3,22,0.000001541304
0x31c5,22,0.000001541304
0x31c6,22,0.000001541304
0x31c7,22,0.000001541304
0x31c8,22,0.000001541304
0x31cb,22,0.000001541304
0x31cd,22,0.000001541304
0x31ce,22,0.000001541304
0x31d1,8,0.000000560474
0x31d2,8,0.000000560474
0x31d3,8,0.000000560474
0x31d4,8,0.000000560474
0x31d6,22,0.000001541304
0x31d7,22,0.000001541304
0x31d8,22,0.000001541304
0x31d9,22,0.000001541304
0x31da,22,0.000001541304
0x31dc,22,0.000001541304
0x31de,22,0.000001541304
0x31df,22,0.000001541304
0x31e1,22,0.000001541304
0x31e2,22,0.000001541304
0x31e3,22,0.000001541304
0x31e4,22,0.000001541304
0x31e5,22,0.000001541304
0x31e6,22,0.000001541304
0x31e7,22,0.000001541304
0x31e8,22,0.000001541304
0x31e9,22,0.000001541304
0x31ec,22,0.000001541304
0x31ed,22,0.000001541304
0x31f0,22,0.000001541304
0x31f1,22,0.000001541304
0x31f2,22,0.000001541304
0x31f4,22,0.000001541304
0x31f5,22,0.000001541304
0x31f7,22,0.000001541304
0x31f8,22,0.000001541304
0x31fb,22,0.000001541304
0x31fd,22,0.000001541304
0x31fe,22,0.000001541304
0x31ff,22,0.000001541304
0x3201,22,0.000001541304
0x3202,22,0.000001541304
0x3203,22,0.000001541304
0x3204,22,0.000001541304
0x3207,22,0.000001541304
0x3209,22,0.000001541304
0x320a,22,0.000001541304
0x320b,22,0.000001541304
0x320c,22,0.000001541304
0x320d,22,0.000001541304
0x3210,22,0.000001541304
0x3213,22,0.000001541304
0x3215,22,0.000001541304
0x3216,20,0.000001401185
0x3217,20,0.000001401185
0x3219,20,0.000001401185
0x321b,20,0.000001401185
0x322c,124,0.000008687349
0x322f,124,0.000008687349
0x3231,124,0.000008687349
0x3232,1,0.000000070059
0x3235,1,0.000000070059
0x3238,1,0.000000070059
0x323b,1,0.000000070059
0x323c,1,0.000000070059
0x323f,1,0.000000070059
0x3240,4,0.000000280237
0x3241,4,0.000000280237
0x3243,4,0.000000280237
0x3246,4,0.000000280237
0x3247,4,0.000000280237
0x3248,4,0.000000280237
0x3249,3,0.000000210178
0x324a,3,0.000000210178
0x324b,3,0.000000210178
0x324c,3,0.000000210178
0x324d,3,0.000000210178
0x324e,3,0.000000210178
0x324f,3,0.000000210178
0x3250,3,0.000000210178
0x3251,3,0.000000210178
0x3253,3,0.000000210178
0x3254,3,0.000000210178
0x3256,3,0.000000210178
0x3264,129,0.000009037646
0x3267,129,0.000009037646
0x3268,129,0.000009037646
0x326b,129,0.000009037646
0x326c,129,0.000009037646
0x326e,129,0.000009037646
0x326f,129,0.000009037646
0x3271,129,0.000009037646
0x3272,129,0.000009037646
0x3274,129,0.000009037646
0x3275,22,0.000001541304
0x3277,22,0.000001541304
0x3279,22,0.000001541304
0x327a,22,0.000001541304
0x327b,22,0.000001541304
0x327c,22,0.000001541304
0x327e,22,0.000001541304
0x3281,22,0.000001541304
0x3282,22,0.000001541304
0x3285,22,0.000001541304
0x3286,22,0.000001541304
0x3287,22,0.000001541304
0x3289,22,0.000001541304
0x328a,22,0.000001541304
0x328b,22,0.000001541304
0x328d,22,0.000001541304
0x328e,22,0.000001541304
0x328f,28,0.000001961660
0x3290,28,0.000001961660
0x3291,28,0.000001961660
0x3292,28,0.000001961660
0x3295,27,0.000001891600
0x3296,27,0.000001891600
0x3297,27,0.000001891600
0x329a,27,0.000001891600
0x329b,27,0.000001891600
0x329e,27,0.000001891600
0x329f,27,0.000001891600
0x32a0,27,0.000001891600
0x32a3,27,0.000001891600
0x32a4,28,0.000001961660
0x32a5,28,0.000001961660
0x32a6,28,0.000001961660
0x32ab,28,0.000001961660
0x32ac,28,0.000001961660
0x32af,22,0.000001541304
0x32b0,12,0.000000840711
0x32b3,12,0.000000840711
0x32b5,12,0.000000840711
0x32b8,12,0.000000840711
0x32ba,12,0.000000840711
0x32bc,12,0.000000840711
0x32bf,12,0.000000840711
0x32c2,12,0.000000840711
0x32c3,12,0.000000840711
0x32c4,2,0.000000140119
0x32c5,2,0.000000140119
0x32c6,2,0.000000140119
0x32c7,2,0.000000140119
0x32c8,2,0.000000140119
0x32cb,2,0.000000140119
0x32cd,2,0.000000140119
0x32d0,2,0.000000140119
0x32d2,2,0.000000140119
0x32d4,2,0.000000140119
0x32d6,2,0.000000140119
0x32d7,2,0.000000140119
0x32d9,2,0.000000140119
0x32da,2,0.000000140119
0x32dc,2,0.000000140119
0x32dd,2,0.000000140119
0x32de,2,0.000000140119
0x32e1,2,0.000000140119
0x32e2,2,0.000000140119
0x32e3,2,0.000000140119
0x3400,632,0.000044277457
0x3403,632,0.000044277457
0x3406,632,0.000044277457
0x3409,632,0.000044277457
0x340c,632,0.000044277457
0x340f,632,0.000044277457
0x3412,632,0.000044277457
0x3413,632,0.000044277457
0x3416,632,0.000044277457
0x3418,632,0.000044277457
0x3438,632,0.000044277457
0x343b,632,0.000044277457
0x343c,632,0.000044277457
0x343f,316,0.000022138729
0x3442,316,0.000022138729
0x3445,316,0.000022138729
0x3448,316,0.000022138729
0x344b,316,0.000022138729
0x3452,316,0.000022138729
0x3455,316,0.000022138729
0x3458,316,0.000022138729
0x345b,316,0.000022138729
0x3474,316,0.000022138729
0x3477,1264,0.000088554915
0x3478,1264,0.000088554915
0x347b,1264,0.000088554915
0x347c,1264,0.000088554915
0x347d,1264,0.000088554915
0x347f,1264,0.000088554915
0x3480,1264,0.000088554915
0x3482,1264,0.000088554915
0x3485,316,0.000022138729
0x3486,316,0.000022138729
0x3489,1264,0.000088554915
0x348a,1264,0.000088554915
0x348d,1264,0.000088554915
0x348e,1264,0.000088554915
0x348f,1264,0.000088554915
0x3491,1264,0.000088554915
0x3492,1264,0.000088554915
0x3494,1264,0.000088554915
0x3497,316,0.000022138729
0x3498,316,0.000022138729
0x349b,1264,0.000088554915
0x349c,1264,0.000088554915
0x349f,1264,0.000088554915
0x34a0,1264,0.000088554915
0x34a1,1264,0.000088554915
0x34a3,1264,0.000088554915
0x34a4,1264,0.000088554915
0x34a6,1264,0.000088554915
0x34a9,316,0.000022138729
0x34aa,316,0.000022138729
0x34ad,1264,0.000088554915
0x34ae,1264,0.000088554915
0x34b1,1264,0.000088554915
0x34b2,1264,0.000088554915
0x34b3,1264,0.000088554915
0x34b5,1264,0.000088554915
0x34b6,1264,0.000088554915
0x34b8,1264,0.000088554915
0x34bb,316,0.000022138729
0x34c0,2704,0.000189440261
0x34c1,2704,0.000189440261
0x34c2,2704,0.000189440261
0x34c3,2174,0.000152308849
0x34c4,2174,0.000152308849
0x34c6,2174,0.000152308849
0x34c7,2174,0.000152308849
0x34c9,2174,0.000152308849
0x34ca,2174,0.000152308849
0x34cb,2174,0.000152308849
0x34cc,2174,0.000152308849
0x34cd,2174,0.000152308849
0x34ce,2174,0.000152308849
0x34cf,2174,0.000152308849
0x34d0,2174,0.000152308849
0x34d1,2174,0.000152308849
0x34d2,2174,0.000152308849
0x34d3,2174,0.000152308849
0x34d4,2174,0.000152308849
0x34d5,2174,0.000152308849
0x34d7,2174,0.000152308849
0x34d8,2174,0.000152308849
0x34da,2174,0.000152308849
0x34db,2174,0.000152308849
0x34dc,2174,0.000152308849
0x34dd,2174,0.000152308849
0x34de,2177,0.000152519027
0x34df,2177,0.000152519027
0x34e1,2177,0.000152519027
0x34e4,252,0.000017654936
0x34e5,252,0.000017654936
0x34e7,252,0.000017654936
0x34ea,101,0.000007075986
0x34ec,101,0.000007075986
0x34ed,101,0.000007075986
0x34ee,101,0.000007075986
0x34f0,101,0.000007075986
0x34f1,101,0.000007075986
0x34f3,101,0.000007075986
0x34f6,48,0.000003362845
0x34f8,48,0.000003362845
0x34f9,48,0.000003362845
0x34fa,48,0.000003362845
0x34fc,48,0.000003362845
0x34fd,48,0.000003362845
0x34ff,48,0.000003362845
0x3509,101,0.000007075986
0x350a,101,0.000007075986
0x350b,101,0.000007075986
0x350c,2177,0.000152519027
0x350e,2177,0.000152519027
0x350f,2177,0.000152519027
0x3512,2177,0.000152519027
0x3513,2177,0.000152519027
0x3515,2177,0.000152519027
0x3516,2177,0.000152519027
0x3518,2177,0.000152519027
0x3519,2177,0.000152519027
0x3520,16,0.000001120948
0x3521,16,0.000001120948
0x3522,16,0.000001120948
0x3523,16,0.000001120948
0x3524,16,0.000001120948
0x3525,16,0.000001120948
0x3526,16,0.000001120948
0x3527,16,0.000001120948
0x3528,683,0.000047850480
0x3529,683,0.000047850480
0x352a,683,0.000047850480
0x352b,683,0.000047850480
0x352c,683,0.000047850480
0x352d,683,0.000047850480
0x352e,683,0.000047850480
0x352f,683,0.000047850480
0x3530,817,0.000057238422
0x3531,817,0.000057238422
0x3532,817,0.000057238422
0x3533,817,0.000057238422
0x3534,817,0.000057238422
0x3535,817,0.000057238422
0x3536,817,0.000057238422
0x3537,817,0.000057238422
0x3538,962,0.000067397016
0x3539,962,0.000067397016
0x353a,962,0.000067397016
0x353b,962,0.000067397016
0x353c,962,0.000067397016
0x353d,962,0.000067397016
0x353e,962,0.000067397016
0x353f,962,0.000067397016
0x3540,2145,0.000150277130
0x3541,2145,0.000150277130
0x3542,2145,0.000150277130
0x3543,2145,0.000150277130
0x3544,2145,0.000150277130
0x3545,2145,0.000150277130
0x3546,2145,0.000150277130
0x3547,2145,0.000150277130
0x3548,2329,0.000163168035
0x3549,2329,0.000163168035
0x354a,2329,0.000163168035
0x354b,2329,0.000163168035
0x354c,2329,0.000163168035
0x354d,2329,0.000163168035
0x354e,2329,0.000163168035
0x354f,2329,0.000163168035
0x3550,2345,0.000164288984
0x3551,2345,0.000164288984
0x3552,2345,0.000164288984
0x3553,2345,0.000164288984
0x3554,2345,0.000164288984
0x3555,2345,0.000164288984
0x3556,2345,0.000164288984
0x3557,2345,0.000164288984
0x3558,2345,0.000164288984
0x355a,2345,0.000164288984
0x355b,2345,0.000164288984
0x355d,2345,0.000164288984
0x3560,632,0.000044277457
0x3563,632,0.000044277457
0x3564,632,0.000044277457
0x3565,632,0.000044277457
0x3566,632,0.000044277457
0x3567,632,0.000044277457
0x3568,632,0.000044277457
0x3569,632,0.000044277457
0x356a,632,0.000044277457
0x356d,632,0.000044277457
0x3570,632,0.000044277457
0x3572,632,0.000044277457
0x3577,632,0.000044277457
0x3579,632,0.000044277457
0x357a,632,0.000044277457
0x357b,632,0.000044277457
0x357e,632,0.000044277457
0x357f,632,0.000044277457
0x3581,632,0.000044277457
0x3584,632,0.000044277457
0x3586,632,0.000044277457
0x3587,632,0.000044277457
0x3588,632,0.000044277457
0x3589,632,0.000044277457
0x358c,632,0.000044277457
0x358d,632,0.000044277457
0x358e,632,0.000044277457
0x3590,632,0.000044277457
0x3591,632,0.000044277457
0x3593,632,0.000044277457
0x3594,632,0.000044277457
0x3596,632,0.000044277457
0x3597,632,0.000044277457
0x359a,632,0.000044277457
0x359b,632,0.000044277457
0x359c,632,0.000044277457
0x359d,632,0.000044277457
0x359f,632,0.000044277457
0x35a2,632,0.000044277457
0x35b0,2528,0.000177109830
0x35b1,2528,0.000177109830
0x35b2,2528,0.000177109830
0x35b3,1998,0.000139978418
0x35b4,1998,0.000139978418
0x35b5,1998,0.000139978418
0x35b6,1998,0.000139978418
0x35b7,1998,0.000139978418
0x35b8,1998,0.000139978418
0x35b9,1998,0.000139978418
0x35ba,1998,0.000139978418
0x35bd,1784,0.000124985734
0x35be,1998,0.000139978418
0x35bf,1998,0.000139978418
0x35c0,1998,0.000139978418
0x35c1,1998,0.000139978418
0x35c2,1998,0.000139978418
0x35c3,1998,0.000139978418
0x35c4,1998,0.000139978418
0x35c5,1998,0.000139978418
0x35c7,1998,0.000139978418
0x35c8,1998,0.000139978418
0x35c9,1998,0.000139978418
0x35ca,1998,0.000139978418
0x35cb,1998,0.000139978418
0x35cc,1998,0.000139978418
0x35cd,1998,0.000139978418
0x35ce,1998,0.000139978418
0x35cf,1998,0.000139978418
0x35d0,1998,0.000139978418
0x35d1,1998,0.000139978418
0x35d2,1998,0.000139978418
0x35d3,1998,0.000139978418
0x35d4,1998,0.000139978418
0x35d5,1998,0.000139978418
0x35d6,1998,0.000139978418
0x35d7,1998,0.000139978418
0x35d8,1998,0.000139978418
0x35d9,1998,0.000139978418
0x35da,1998,0.000139978418
0x35db,1998,0.000139978418
0x35e0,1468,0.000102847005
0x35e1,1468,0.000102847005
0x35e2,1468,0.000102847005
0x35e3,1468,0.000102847005
0x35e5,1468,0.000102847005
0x35e8,774,0.000054225873
0x35e9,774,0.000054225873
0x35ea,774,0.000054225873
0x35eb,774,0.000054225873
0x35ec,774,0.000054225873
0x35ed,774,0.000054225873
0x35ee,774,0.000054225873
0x35ef,774,0.000054225873
0x35f0,774,0.000054225873
0x35f1,774,0.000054225873
0x35f3,774,0.000054225873
0x35f6,224,0.000015693276
0x35f8,224,0.000015693276
0x35f9,224,0.000015693276
0x35fa,224,0.000015693276
0x35fb,224,0.000015693276
0x35fd,224,0.000015693276
0x35fe,224,0.000015693276
0x3601,29,0.000002031719
0x3602,29,0.000002031719
0x3603,29,0.000002031719
0x3604,224,0.000015693276
0x3605,224,0.000015693276
0x3606,224,0.000015693276
0x3607,224,0.000015693276
0x3608,224,0.000015693276
0x3609,224,0.000015693276
0x360a,224,0.000015693276
0x360b,224,0.000015693276
0x360c,224,0.000015693276
0x360e,224,0.000015693276
0x360f,224,0.000015693276
0x3612,206,0.000014432209
0x3613,206,0.000014432209
0x3614,206,0.000014432209
0x3615,206,0.000014432209
0x3616,206,0.000014432209
0x3618,206,0.000014432209
0x3619,206,0.000014432209
0x361a,206,0.000014432209
0x361b,206,0.000014432209
0x361c,139,0.000009738238
0x361f,139,0.000009738238
0x3620,139,0.000009738238
0x3621,139,0.000009738238
0x3622,50,0.000003502963
0x3623,50,0.000003502963
0x3624,50,0.000003502963
0x3628,694,0.000048621132
0x362a,694,0.000048621132
0x362d,677,0.000047430124
0x362e,677,0.000047430124
0x362f,677,0.000047430124
0x3630,677,0.000047430124
0x3631,677,0.000047430124
0x3632,677,0.000047430124
0x3633,677,0.000047430124
0x3634,677,0.000047430124
0x3635,677,0.000047430124
0x3636,677,0.000047430124
0x3637,677,0.000047430124
0x363a,210,0.000014712446
0x363c,210,0.000014712446
0x363d,210,0.000014712446
0x363e,210,0.000014712446
0x363f,210,0.000014712446
0x3641,210,0.000014712446
0x3642,210,0.000014712446
0x3645,28,0.000001961660
0x3646,28,0.000001961660
0x3647,28,0.000001961660
0x3648,210,0.000014712446
0x3649,210,0.000014712446
0x364a,210,0.000014712446
0x364b,210,0.000014712446
0x364c,210,0.000014712446
0x364d,210,0.000014712446
0x364e,210,0.000014712446
0x364f,210,0.000014712446
0x3650,210,0.000014712446
0x3651,210,0.000014712446
0x3652,210,0.000014712446
0x3654,210,0.000014712446
0x3655,210,0.000014712446
0x3656,210,0.000014712446
0x3657,210,0.000014712446
0x365a,160,0.000011209483
0x365d,160,0.000011209483
0x365e,160,0.000011209483
0x3661,44,0.000003082608
0x3662,44,0.000003082608
0x3663,210,0.000014712446
0x3665,210,0.000014712446
0x3666,210,0.000014712446
0x366a,550,0.000038532597
0x366b,550,0.000038532597
0x366c,550,0.000038532597
0x366d,19,0.000001331126
0x366e,19,0.000001331126
0x366f,19,0.000001331126
0x3670,19,0.000001331126
0x3671,19,0.000001331126
0x3672,18,0.000001261067
0x3673,18,0.000001261067
0x3674,18,0.000001261067
0x3675,18,0.000001261067
0x3676,18,0.000001261067
0x3679,18,0.000001261067
0x367b,18,0.000001261067
0x367c,18,0.000001261067
0x367f,18,0.000001261067
0x3680,18,0.000001261067
0x3683,18,0.000001261067
0x3684,18,0.000001261067
0x3686,18,0.000001261067
0x3689,18,0.000001261067
0x368a,18,0.000001261067
0x368b,18,0.000001261067
0x368d,18,0.000001261067
0x368e,17,0.000001191008
0x3690,17,0.000001191008
0x3691,13,0.000000910770
0x3692,13,0.000000910770
0x3695,467,0.000032717678
0x3696,467,0.000032717678
0x3697,467,0.000032717678
0x3698,467,0.000032717678
0x3699,467,0.000032717678
0x369a,467,0.000032717678
0x369b,467,0.000032717678
0x369c,467,0.000032717678
0x369d,12,0.000000840711
0x369e,12,0.000000840711
0x36a0,12,0.000000840711
0x36a1,12,0.000000840711
0x36a4,12,0.000000840711
0x36a6,12,0.000000840711
0x36a7,12,0.000000840711
0x36aa,11,0.000000770652
0x36ab,12,0.000000840711
0x36ae,12,0.000000840711
0x36b0,12,0.000000840711
0x36b3,12,0.000000840711
0x36b4,12,0.000000840711
0x36b6,12,0.000000840711
0x36b7,12,0.000000840711
0x36b9,12,0.000000840711
0x36ba,12,0.000000840711
0x36bb,12,0.000000840711
0x36c0,530,0.000037131412
0x36c1,530,0.000037131412
0x36c2,530,0.000037131412
0x36c3,265,0.000018565706
0x36c4,265,0.000018565706
0x36c5,265,0.000018565706
0x36c6,265,0.000018565706
0x36c8,265,0.000018565706
0x36c9,265,0.000018565706
0x36d2,640,0.000044837932
0x36d3,640,0.000044837932
0x36d4,640,0.000044837932
0x36d5,640,0.000044837932
0x36d6,640,0.000044837932
0x36d7,640,0.000044837932
0x36d8,24,0.000001681422
0x36d9,24,0.000001681422
0x36da,24,0.000001681422
0x36db,24,0.000001681422
0x36dc,24,0.000001681422
0x36dd,24,0.000001681422
0x36de,24,0.000001681422
0x36e1,24,0.000001681422
0x36e3,24,0.000001681422
0x36e6,24,0.000001681422
0x36ea,630,0.000044137339
0x36eb,630,0.000044137339
0x36ec,630,0.000044137339
0x36ed,630,0.000044137339
0x36ee,630,0.000044137339
0x36ef,630,0.000044137339
0x36f0,186,0.000013031024
0x36f1,186,0.000013031024
0x36f2,186,0.000013031024
0x36f3,186,0.000013031024
0x36f5,186,0.000013031024
0x36f6,12,0.000000840711
0x36f7,12,0.000000840711
0x36f8,12,0.000000840711
0x36f9,12,0.000000840711
0x36fa,12,0.000000840711
0x36fb,12,0.000000840711
0x36fc,12,0.000000840711
0x36fd,12,0.000000840711
0x36fe,12,0.000000840711
0x3701,12,0.000000840711
0x3703,12,0.000000840711
0x3706,12,0.000000840711
0x370a,728,0.000051003147
0x370b,728,0.000051003147
0x370c,728,0.000051003147
0x370d,728,0.000051003147
0x370e,728,0.000051003147
0x370f,728,0.000051003147
0x3710,62,0.000004343675
0x3711,62,0.000004343675
0x3712,62,0.000004343675
0x3713,62,0.000004343675
0x3715,62,0.000004343675
0x3716,22,0.000001541304
0x3717,22,0.000001541304
0x3718,22,0.000001541304
0x3719,22,0.000001541304
0x371a,22,0.000001541304
0x371b,22,0.000001541304
0x371c,22,0.000001541304
0x371d,22,0.000001541304
0x371e,22,0.000001541304
0x3721,22,0.000001541304
0x3723,22,0.000001541304
0x3726,22,0.000001541304
0x3729,22,0.000001541304
0x372a,22,0.000001541304
0x372c,22,0.000001541304
0x372d,11,0.000000770652
0x372e,11,0.000000770652
0x3730,11,0.000000770652
0x3731,11,0.000000770652
0x3732,11,0.000000770652
0x3733,11,0.000000770652
0x3734,11,0.000000770652
0x3735,11,0.000000770652
0x3736,11,0.000000770652
0x3739,11,0.000000770652
0x373b,11,0.000000770652
0x373e,11,0.000000770652
0x3744,17,0.000001191008
0x3746,17,0.000001191008
0x3747,17,0.000001191008
0x3748,17,0.000001191008
0x3749,17,0.000001191008
0x374a,17,0.000001191008
0x374c,17,0.000001191008
0x374d,17,0.000001191008
0x374e,17,0.000001191008
0x3750,17,0.000001191008
0x3751,17,0.000001191008
0x3752,2,0.000000140119
0x3753,2,0.000000140119
0x3754,2,0.000000140119
0x3758,4972,0.000348334681
0x3759,4972,0.000348334681
0x375a,4972,0.000348334681
0x375b,16,0.000001120948
0x375c,16,0.000001120948
0x375f,15,0.000001050889
0x3760,15,0.000001050889
0x3761,15,0.000001050889
0x3764,8,0.000000560474
0x3766,8,0.000000560474
0x3767,8,0.000000560474
0x3769,8,0.000000560474
0x376a,8,0.000000560474
0x376b,8,0.000000560474
0x376c,8,0.000000560474
0x376d,8,0.000000560474
0x376e,8,0.000000560474
0x376f,8,0.000000560474
0x3770,8,0.000000560474
0x3771,8,0.000000560474
0x3772,8,0.000000560474
0x3773,8,0.000000560474
0x3774,8,0.000000560474
0x3777,8,0.000000560474
0x377a,8,0.000000560474
0x377b,8,0.000000560474
0x377c,8,0.000000560474
0x377d,8,0.000000560474
0x377e,8,0.000000560474
0x3780,8,0.000000560474
0x3781,8,0.000000560474
0x3782,8,0.000000560474
0x3783,8,0.000000560474
0x3786,8,0.000000560474
0x3787,8,0.000000560474
0x3788,8,0.000000560474
0x3789,8,0.000000560474
0x378c,8,0.000000560474
0x378e,8,0.000000560474
0x378f,8,0.000000560474
0x3791,8,0.000000560474
0x3792,8,0.000000560474
0x3796,8,0.000000560474
0x3798,8,0.000000560474
0x3799,8,0.000000560474
0x379b,8,0.000000560474
0x379e,3,0.000000210178
0x379f,8,0.000000560474
0x37a0,8,0.000000560474
0x37a1,8,0.000000560474
0x37a4,8,0.000000560474
0x37a5,8,0.000000560474
0x37a6,8,0.000000560474
0x37a7,8,0.000000560474
0x37aa,8,0.000000560474
0x37b0,7,0.000000490415
0x37b1,7,0.000000490415
0x37b2,7,0.000000490415
0x37b3,7,0.000000490415
0x37b4,7,0.000000490415
0x37b5,7,0.000000490415
0x37b6,7,0.000000490415
0x37b7,7,0.000000490415
0x37b8,7,0.000000490415
0x37b9,7,0.000000490415
0x37ba,7,0.000000490415
0x37bb,7,0.000000490415
0x37be,7,0.000000490415
0x37c0,7,0.000000490415
0x37c1,7,0.000000490415
0x37c4,7,0.000000490415
0x37c6,7,0.000000490415
0x37cc,1,0.000000070059
0x37cd,1,0.000000070059
0x37ce,1,0.000000070059
0x37cf,1,0.000000070059
0x37d0,1,0.000000070059
0x37d2,1,0.000000070059
0x37d4,1,0.000000070059
0x37d5,1,0.000000070059
0x37d7,1,0.000000070059
0x37da,1,0.000000070059
0x37dd,26,0.000001821541
0x37de,26,0.000001821541
0x37df,26,0.000001821541
0x37e0,26,0.000001821541
0x37e1,26,0.000001821541
0x37e2,26,0.000001821541
0x37e5,1,0.000000070059
0x3800,1264,0.000088554915
0x3803,1264,0.000088554915
0x3805,1264,0.000088554915
0x3806,603,0.000042245739
0x3809,603,0.000042245739
0x380b,603,0.000042245739
0x380c,603,0.000042245739
0x380f,603,0.000042245739
0x3810,603,0.000042245739
0x3813,603,0.000042245739
0x3815,603,0.000042245739
0x3816,603,0.000042245739
0x3819,603,0.000042245739
0x381a,603,0.000042245739
0x381b,603,0.000042245739
0x381d,603,0.000042245739
0x381e,603,0.000042245739
0x381f,603,0.000042245739
0x3820,603,0.000042245739
0x3822,603,0.000042245739
0x3823,9,0.000000630533
0x3824,9,0.000000630533
0x3827,9,0.000000630533
0x3829,9,0.000000630533
0x382b,9,0.000000630533
0x382c,9,0.000000630533
0x382e,9,0.000000630533
0x382f,9,0.000000630533
0x3830,9,0.000000630533
0x3832,9,0.000000630533
0x3833,9,0.000000630533
0x3834,9,0.000000630533
0x3835,9,0.000000630533
0x3837,9,0.000000630533
0x3838,9,0.000000630533
0x3839,9,0.000000630533
0x383b,9,0.000000630533
0x383c,9,0.000000630533
0x383e,9,0.000000630533
0x3841,6,0.000000420356
0x3844,9,0.000000630533
0x3846,9,0.000000630533
0x3847,9,0.000000630533
0x3849,9,0.000000630533
0x384a,9,0.000000630533
0x384b,9,0.000000630533
0x384c,3,0.000000210178
0x384f,3,0.000000210178
0x3850,3,0.000000210178
0x3851,3,0.000000210178
0x3853,3,0.000000210178
0x3854,3,0.000000210178
0x3855,3,0.000000210178
0x3856,3,0.000000210178
0x3857,3,0.000000210178
0x3858,3,0.000000210178
0x3859,3,0.000000210178
0x385c,3,0.000000210178
0x385d,3,0.000000210178
0x385f,3,0.000000210178
0x3862,1,0.000000070059
0x3863,1,0.000000070059
0x3865,1,0.000000070059
0x3868,1,0.000000070059
0x386b,1,0.000000070059
0x386e,1,0.000000070059
0x386f,1,0.000000070059
0x3871,1,0.000000070059
0x3894,2,0.000000140119
0x3897,2,0.000000140119
0x3899,2,0.000000140119
0x389c,2,0.000000140119
0x38a1,3,0.000000210178
0x38a2,3,0.000000210178
0x38a4,3,0.000000210178
0x38a5,3,0.000000210178
0x38a6,3,0.000000210178
0x38a7,3,0.000000210178
0x38a8,3,0.000000210178
0x38a9,3,0.000000210178
0x38ac,3,0.000000210178
0x38ae,3,0.000000210178
0x38af,3,0.000000210178
0x38b1,3,0.000000210178
0x38b4,3,0.000000210178
0x38b5,3,0.000000210178
0x38bc,5,0.000000350296
0x38be,5,0.000000350296
0x38bf,5,0.000000350296
0x38c1,5,0.000000350296
0x38c2,5,0.000000350296
0x38c3,5,0.000000350296
0x38f8,2,0.000000140119
0x38fb,3,0.000000210178
0x38fc,3,0.000000210178
0x38fd,3,0.000000210178
0x3906,3,0.000000210178
0x3907,3,0.000000210178
0x3908,3,0.000000210178
0x3909,3,0.000000210178
0x390a,3,0.000000210178
0x390d,3,0.000000210178
0x390e,3,0.000000210178
0x390f,3,0.000000210178
0x3912,3,0.000000210178
0x3913,3,0.000000210178
0x3916,3,0.000000210178
0x3918,3,0.000000210178
0x391b,3,0.000000210178
0x391c,6,0.000000420356
0x391d,6,0.000000420356
0x391f,6,0.000000420356
0x3922,1,0.000000070059
0x3923,3349,0.000234628489
0x3930,316,0.000022138729
0x3933,316,0.000022138729
0x3935,316,0.000022138729
0x3937,316,0.000022138729
0x3938,316,0.000022138729
0x393a,316,0.000022138729
0x393b,316,0.000022138729
0x393c,316,0.000022138729
0x393d,316,0.000022138729
0x393f,316,0.000022138729
0x3942,158,0.000011069364
0x3945,158,0.000011069364
0x3946,158,0.000011069364
0x3947,158,0.000011069364
0x394a,158,0.000011069364
0x394b,158,0.000011069364
0x394c,972,0.000068097609
0x394d,972,0.000068097609
0x3950,947,0.000066346127
0x3951,947,0.000066346127
0x3952,947,0.000066346127
0x3954,947,0.000066346127
0x3955,947,0.000066346127
0x3956,947,0.000066346127
0x3959,133,0.000009317883
0x395c,972,0.000068097609
0x395d,972,0.000068097609
0x395f,972,0.000068097609
0x3960,295,0.000020667484
0x3961,295,0.000020667484
0x3963,295,0.000020667484
0x3964,295,0.000020667484
0x3965,295,0.000020667484
0x3966,295,0.000020667484
0x3967,252,0.000017654936
0x3968,252,0.000017654936
0x3969,25,0.000001751482
0x396b,25,0.000001751482
0x396c,25,0.000001751482
0x396d,25,0.000001751482
0x396e,25,0.000001751482
0x396f,25,0.000001751482
0x3972,25,0.000001751482
0x3973,25,0.000001751482
0x3975,25,0.000001751482
0x3976,25,0.000001751482
0x3977,25,0.000001751482
0x3978,25,0.000001751482
0x397a,25,0.000001751482
0x397b,25,0.000001751482
0x3980,632,0.000044277457
0x3983,632,0.000044277457
0x3985,632,0.000044277457
0x3986,2,0.000000140119
0x3988,2,0.000000140119
0x3a00,316,0.000022138729
0x3a03,316,0.000022138729
0x3a05,316,0.000022138729
0x3a06,316,0.000022138729
0x3a07,316,0.000022138729
0x3a08,316,0.000022138729
0x3a0b,316,0.000022138729
0x3a0c,316,0.000022138729
0x3a0d,316,0.000022138729
0x3a0e,158,0.000011069364
0x3a0f,158,0.000011069364
0x3a10,3733,0.000261531248
0x3a13,3733,0.000261531248
0x3a14,3733,0.000261531248
0x3a15,3733,0.000261531248
0x3a18,384,0.000026902759
0x3a1a,384,0.000026902759
0x3a1c,384,0.000026902759
0x3a1d,3349,0.000234628489
0x3a20,3349,0.000234628489
0x3a21,3349,0.000234628489
0x3a22,3349,0.000234628489
0x3a40,3349,0.000234628489
0x3a42,3349,0.000234628489
0x3a43,3349,0.000234628489
0x3a44,3349,0.000234628489
0x3a47,32,0.000002241897
0x3a49,32,0.000002241897
0x3a4c,2,0.000000140119
0x3a4e,32,0.000002241897
0x3a4f,32,0.000002241897
0x3a50,32,0.000002241897
0x3a51,32,0.000002241897
0x3a52,32,0.000002241897
0x3a53,32,0.000002241897
0x3a54,32,0.000002241897
0x3a56,32,0.000002241897
0x3a58,32,0.000002241897
0x3a5a,32,0.000002241897
0x3a5b,32,0.000002241897
0x3a5d,32,0.000002241897
0x3a5f,32,0.000002241897
0x3a62,3317,0.000232386592
0x3a64,3317,0.000232386592
0x3a65,3317,0.000232386592
0x3a66,3317,0.000232386592
0x3a82,3349,0.000234628489
0x3a85,3349,0.000234628489
0x3a86,3349,0.000234628489
0x3a88,3349,0.000234628489
0x3a89,790,0.000055346822
0x3a8b,790,0.000055346822
0x3a8c,790,0.000055346822
0x3a8e,790,0.000055346822
0x3a8f,790,0.000055346822
0x3a90,3349,0.000234628489
0x3a93,3349,0.000234628489
0x3a94,3349,0.000234628489
0x3a95,3349,0.000234628489
0x3a98,2672,0.000187198364
0x3a9b,2672,0.000187198364
0x3a9e,2672,0.000187198364
0x3aa1,42752,0.002995173827
0x3aa2,42752,0.002995173827
0x3aa3,42752,0.002995173827
0x3aa4,42752,0.002995173827
0x3aa7,40231,0.002818554412
0x3aa8,40231,0.002818554412
0x3aaa,40231,0.002818554412
0x3aad,5216,0.000365429142
0x3aae,42752,0.002995173827
0x3aaf,42752,0.002995173827
0x3ab0,42752,0.002995173827
0x3ab1,42752,0.002995173827
0x3ab2,42752,0.002995173827
0x3ab5,2672,0.000187198364
0x3ab6,2672,0.000187198364
0x3ab7,2672,0.000187198364
0x3ab8,2384,0.000167021295
0x3aba,2384,0.000167021295
0x3abd,9,0.000000630533
0x3abf,2384,0.000167021295
0x3ac1,2384,0.000167021295
0x3ac2,2384,0.000167021295
0x3ac5,2384,0.000167021295
0x3ac6,2384,0.000167021295
0x3ac8,2384,0.000167021295
0x3ac9,2384,0.000167021295
0x3aca,2384,0.000167021295
0x3b1b,3349,0.000234628489
0x3b1e,3349,0.000234628489
0x3b1f,3349,0.000234628489
0x3b20,3349,0.000234628489
0x3b33,3349,0.000234628489
0x3b36,3349,0.000234628489
0x3b37,3349,0.000234628489
0x3b38,3349,0.000234628489
0x3b43,3349,0.000234628489
0x3b46,3349,0.000234628489
0x3b47,3349,0.000234628489
0x3b49,3349,0.000234628489
0x3b4c,3349,0.000234628489
0x3b4f,3349,0.000234628489
0x3b52,3349,0.000234628489
0x3b55,3349,0.000234628489
0x3b58,3349,0.000234628489
0x3b5b,3349,0.000234628489
