pc,count,frequency
0x0000,1,0.000000033948
0x0001,1,0.000000033948
0x0002,1,0.000000033948
0x0003,1,0.000000033948
0x0004,1,0.000000033948
0x0005,1,0.000000033948
0x0006,1,0.000000033948
0x0007,1,0.000000033948
0x0008,1,0.000000033948
0x000b,1,0.000000033948
0x000d,1,0.000000033948
0x000f,1,0.000000033948
0x0012,1,0.000000033948
0x0015,1,0.000000033948
0x0017,1,0.000000033948
0x001a,16570,0.000562520486
0x001d,16570,0.000562520486
0x0020,16570,0.000562520486
0x0021,16570,0.000562520486
0x0024,8113,0.000275421165
0x0027,8113,0.000275421165
0x002a,8113,0.000275421165
0x002d,8457,0.000287099321
0x002f,8457,0.000287099321
0x0031,8457,0.000287099321
0x0032,8457,0.000287099321
0x0034,8457,0.000287099321
0x0035,8457,0.000287099321
0x0038,8457,0.000287099321
0x0039,8457,0.000287099321
0x003c,8457,0.000287099321
0x003d,8457,0.000287099321
0x0040,95,0.000003225072
0x0043,95,0.000003225072
0x0046,8362,0.000283874249
0x0049,8361,0.000283840301
0x0050,1,0.000000033948
0x0052,1,0.000000033948
0x0054,1,0.000000033948
0x0056,1,0.000000033948
0x0058,1,0.000000033948
0x005a,1,0.000000033948
0x005c,1,0.000000033948
0x005f,1,0.000000033948
0x0061,1,0.000000033948
0x0063,1,0.000000033948
0x0066,1,0.000000033948
0x0068,1,0.000000033948
0x006a,1,0.000000033948
0x006b,2,0.000000067896
0x006e,2,0.000000067896
0x0070,6130,0.000208102026
0x0072,6130,0.000208102026
0x0073,6130,0.000208102026
0x0074,6130,0.000208102026
0x0077,2,0.000000067896
0x0078,576,0.000019554122
0x007b,576,0.000019554122
0x0080,1876724,0.063711267095
0x0082,1876724,0.063711267095
0x0083,1876724,0.063711267095
0x0085,1876724,0.063711267095
0x0088,33442,0.001135293306
0x0089,33442,0.001135293306
0x008b,33442,0.001135293306
0x008e,16774,0.000569445904
0x0090,16774,0.000569445904
0x0091,16774,0.000569445904
0x0094,16774,0.000569445904
0x0095,16774,0.000569445904
0x0096,16774,0.000569445904
0x0097,16774,0.000569445904
0x0098,16774,0.000569445904
0x009a,16774,0.000569445904
0x009d,16774,0.000569445904
0x009f,16774,0.000569445904
0x00a0,16774,0.000569445904
0x00a2,16774,0.000569445904
0x00a3,16774,0.000569445904
0x00a6,16774,0.000569445904
0x00a8,16774,0.000569445904
0x00ab,16774,0.000569445904
0x00ac,2,0.000000067896
0x00ae,2,0.000000067896
0x00af,2,0.000000067896
0x00b0,2,0.000000067896
0x00b2,2,0.000000067896
0x00b5,2,0.000000067896
0x00bb,32195,0.001092959990
0x00be,32195,0.001092959990
0x00bf,32195,0.001092959990
0x00c0,32195,0.001092959990
0x00c1,32195,0.001092959990
0x00c2,32195,0.001092959990
0x00c3,32195,0.001092959990
0x00c4,2098,0.000071223173
0x00c5,2098,0.000071223173
0x00c7,2098,0.000071223173
0x00c9,2098,0.000071223173
0x00ca,2098,0.000071223173
0x00cd,2098,0.000071223173
0x00ce,2098,0.000071223173
0x00cf,2098,0.000071223173
0x00d0,2098,0.000071223173
0x00d1,2098,0.000071223173
0x00d2,2098,0.000071223173
0x00d3,2098,0.000071223173
0x00d4,2098,0.000071223173
0x00d6,2098,0.000071223173
0x00d8,2098,0.000071223173
0x00d9,2098,0.000071223173
0x00dc,2098,0.000071223173
0x00dd,2098,0.000071223173
0x00de,2098,0.000071223173
0x00e1,740,0.000025121615
0x00e3,8362,0.000283874249
0x00e6,8362,0.000283874249
0x00e9,8362,0.000283874249
0x00ec,8362,0.000283874249
0x00ef,8362,0.000283874249
0x00f2,8359,0.000283772404
0x00f5,8359,0.000283772404
0x00f8,8359,0.000283772404
0x00fb,8359,0.000283772404
0x00fe,7598,0.000257937879
0x0101,7598,0.000257937879
0x0104,7598,0.000257937879
0x0107,7596,0.000257869982
0x0109,7596,0.000257869982
0x010c,7596,0.000257869982
0x010f,7594,0.000257802086
0x0111,7594,0.000257802086
0x0114,7594,0.000257802086
0x0117,7592,0.000257734190
0x0119,7592,0.000257734190
0x011c,7592,0.000257734190
0x011f,7592,0.000257734190
0x0122,7016,0.000238180068
0x0125,7016,0.000238180068
0x0128,7016,0.000238180068
0x012b,7016,0.000238180068
0x012e,6664,0.000226230327
0x0131,6664,0.000226230327
0x0134,6664,0.000226230327
0x0137,6664,0.000226230327
0x013a,486,0.000016498790
0x0140,102,0.000003462709
0x0143,102,0.000003462709
0x0146,102,0.000003462709
0x0149,102,0.000003462709
0x014c,102,0.000003462709
0x014e,102,0.000003462709
0x014f,102,0.000003462709
0x0151,102,0.000003462709
0x0152,102,0.000003462709
0x0153,102,0.000003462709
0x0154,102,0.000003462709
0x0156,102,0.000003462709
0x0158,102,0.000003462709
0x015b,102,0.000003462709
0x015d,102,0.000003462709
0x015f,102,0.000003462709
0x0161,102,0.000003462709
0x0164,102,0.000003462709
0x0166,102,0.000003462709
0x0167,102,0.000003462709
0x0168,102,0.000003462709
0x016a,102,0.000003462709
0x016b,102,0.000003462709
0x016d,102,0.000003462709
0x016f,102,0.000003462709
0x0172,102,0.000003462709
0x0173,6175,0.000209629692
0x0174,6175,0.000209629692
0x0176,6175,0.000209629692
0x0178,6175,0.000209629692
0x017a,6175,0.000209629692
0x017b,4671,0.000158571707
0x017d,4671,0.000158571707
0x017e,4623,0.000156942197
0x0180,4623,0.000156942197
0x0182,4623,0.000156942197
0x0183,1602,0.000054384902
0x0185,1602,0.000054384902
0x0186,1555,0.000052789339
0x0188,1555,0.000052789339
0x018a,1555,0.000052789339
0x018b,49,0.000001663458
0x018d,49,0.000001663458
0x018e,49,0.000001663458
0x018f,49,0.000001663458
0x0191,49,0.000001663458
0x0192,4,0.000000135793
0x0194,4,0.000000135793
0x0196,1337,0.000045388648
0x0197,1337,0.000045388648
0x0199,1337,0.000045388648
0x019b,1337,0.000045388648
0x019c,1091,0.000037037408
0x019d,1091,0.000037037408
0x019e,1091,0.000037037408
0x01a0,1091,0.000037037408
0x01a1,1091,0.000037037408
0x01a2,1091,0.000037037408
0x01a3,1091,0.000037037408
0x01a5,1091,0.000037037408
0x01a6,1091,0.000037037408
0x01a7,1091,0.000037037408
0x01a8,1091,0.000037037408
0x01ab,1091,0.000037037408
0x01ae,1091,0.000037037408
0x01af,1091,0.000037037408
0x01b0,1091,0.000037037408
0x01b1,1091,0.000037037408
0x01b2,1091,0.000037037408
0x01b3,1091,0.000037037408
0x01b4,1091,0.000037037408
0x01b5,1091,0.000037037408
0x01b6,1091,0.000037037408
0x01b7,1091,0.000037037408
0x01b8,1091,0.000037037408
0x01b9,1091,0.000037037408
0x01ba,1091,0.000037037408
0x01bb,1091,0.000037037408
0x01bd,1091,0.000037037408
0x01be,1091,0.000037037408
0x01c1,13625,0.000462543248
0x01c4,13625,0.000462543248
0x01c5,13625,0.000462543248
0x01c8,1091,0.000037037408
0x01c9,1091,0.000037037408
0x01ca,1091,0.000037037408
0x01d0,3321,0.000112741734
0x01d1,3321,0.000112741734
0x01d2,3321,0.000112741734
0x01d3,3321,0.000112741734
0x01d4,3321,0.000112741734
0x01d6,3321,0.000112741734
0x01d7,3321,0.000112741734
0x01d9,3321,0.000112741734
0x01dc,3321,0.000112741734
0x01dd,3321,0.000112741734
0x01e0,2010,0.000068235738
0x01e1,5,0.000000169741
0x01e4,607,0.000020606514
0x01e7,607,0.000020606514
0x01e9,607,0.000020606514
0x01ed,86346,0.002931285084
0x01ee,86346,0.002931285084
0x01ef,86346,0.002931285084
0x01f0,86346,0.002931285084
0x01f3,86346,0.002931285084
0x01f4,86346,0.002931285084
0x01f7,3321,0.000112741734
0x0200,25136,0.000853320152
0x0201,25136,0.000853320152
0x0202,83,0.000002817695
0x0203,83,0.000002817695
0x0204,83,0.000002817695
0x0205,83,0.000002817695
0x0206,1091,0.000037037408
0x0207,1091,0.000037037408
0x0208,1091,0.000037037408
0x0209,1091,0.000037037408
0x020a,1091,0.000037037408
0x020b,1091,0.000037037408
0x020c,1091,0.000037037408
0x020d,1091,0.000037037408
0x020e,1091,0.000037037408
0x0210,9909,0.000336392003
0x0211,9909,0.000336392003
0x0213,9909,0.000336392003
0x0214,9909,0.000336392003
0x0215,1608,0.000054588590
0x0216,1608,0.000054588590
0x0217,168771,0.005729459558
0x0218,168771,0.005729459558
0x021a,168771,0.005729459558
0x021b,168771,0.005729459558
0x021c,27475,0.000932724824
0x021d,27475,0.000932724824
0x0220,57,0.000001935043
0x0221,57,0.000001935043
0x0222,57,0.000001935043
0x0223,57,0.000001935043
0x0224,57,0.000001935043
0x0225,57,0.000001935043
0x0226,57,0.000001935043
0x0227,57,0.000001935043
0x0228,57,0.000001935043
0x0229,57,0.000001935043
0x022a,57,0.000001935043
0x022b,57,0.000001935043
0x022c,57,0.000001935043
0x022e,57,0.000001935043
0x022f,57,0.000001935043
0x0230,57,0.000001935043
0x0231,57,0.000001935043
0x0232,57,0.000001935043
0x0258,37900,0.001286634062
0x0259,37900,0.001286634062
0x025a,37900,0.001286634062
0x025b,152,0.000005160115
0x025c,152,0.000005160115
0x025d,152,0.000005160115
0x025e,152,0.000005160115
0x025f,152,0.000005160115
0x0260,29631,0.001005916989
0x0263,29631,0.001005916989
0x0264,28453,0.000965926094
0x0267,28453,0.000965926094
0x0270,40077,0.001360539137
0x0271,40077,0.001360539137
0x0272,40077,0.001360539137
0x0273,40077,0.001360539137
0x0274,40077,0.001360539137
0x0275,40077,0.001360539137
0x0276,40077,0.001360539137
0x0277,28453,0.000965926094
0x0278,28453,0.000965926094
0x0279,28453,0.000965926094
0x027a,28453,0.000965926094
0x027b,28453,0.000965926094
0x027c,28453,0.000965926094
0x027d,28453,0.000965926094
0x0288,95,0.000003225072
0x028b,95,0.000003225072
0x028e,95,0.000003225072
0x0290,95,0.000003225072
0x0293,95,0.000003225072
0x0295,95,0.000003225072
0x0298,95,0.000003225072
0x029a,95,0.000003225072
0x029d,86,0.000002919539
0x02a0,86,0.000002919539
0x02a2,86,0.000002919539
0x02a5,86,0.000002919539
0x02a7,95,0.000003225072
0x02aa,95,0.000003225072
0x02ab,95,0.000003225072
0x02ac,95,0.000003225072
0x02ad,1,0.000000033948
0x02b0,1,0.000000033948
0x02b3,1,0.000000033948
0x02b6,1,0.000000033948
0x02b9,1,0.000000033948
0x02bc,1,0.000000033948
0x02be,1,0.000000033948
0x02c0,1,0.000000033948
0x02c3,1,0.000000033948
0x02c5,1,0.000000033948
0x02c7,1,0.000000033948
0x02cb,1,0.000000033948
0x02cd,1,0.000000033948
0x02cf,1,0.000000033948
0x02d2,1,0.000000033948
0x02d4,1,0.000000033948
0x02d7,1,0.000000033948
0x02d8,1,0.000000033948
0x02db,1,0.000000033948
0x02dd,1,0.000000033948
0x02e3,1,0.000000033948
0x02e5,1,0.000000033948
0x02e6,1,0.000000033948
0x02e7,1,0.000000033948
0x02e8,1,0.000000033948
0x02ea,1,0.000000033948
0x02ed,1,0.000000033948
0x02f0,1,0.000000033948
0x02f3,1,0.000000033948
0x02f6,1,0.000000033948
0x02f9,1,0.000000033948
0x02fc,1,0.000000033948
0x02fe,1,0.000000033948
0x0300,1,0.000000033948
0x0303,1,0.000000033948
0x0306,1,0.000000033948
0x0308,1,0.000000033948
0x030b,1,0.000000033948
0x030d,1,0.000000033948
0x0310,1,0.000000033948
0x0314,59,0.000002002940
0x0315,59,0.000002002940
0x0316,59,0.000002002940
0x0317,59,0.000002002940
0x0318,59,0.000002002940
0x0319,59,0.000002002940
0x031a,59,0.000002002940
0x031b,59,0.000002002940
0x031c,59,0.000002002940
0x031d,59,0.000002002940
0x031e,59,0.000002002940
0x0320,2,0.000000067896
0x0321,2,0.000000067896
0x0322,2,0.000000067896
0x0323,2,0.000000067896
0x0324,2,0.000000067896
0x0325,2,0.000000067896
0x0326,2,0.000000067896
0x0327,2,0.000000067896
0x0328,2,0.000000067896
0x0329,2,0.000000067896
0x032a,2,0.000000067896
0x032e,1,0.000000033948
0x0331,8,0.000000271585
0x0333,8,0.000000271585
0x0334,8,0.000000271585
0x0335,8,0.000000271585
0x0337,8,0.000000271585
0x033a,1,0.000000033948
0x033c,1,0.000000033948
0x033f,1,0.000000033948
0x0341,1,0.000000033948
0x0344,1,0.000000033948
0x0346,1,0.000000033948
0x0349,1,0.000000033948
0x034b,1,0.000000033948
0x034e,1,0.000000033948
0x0350,1,0.000000033948
0x0353,1,0.000000033948
0x0355,1,0.000000033948
0x0357,1,0.000000033948
0x0358,1,0.000000033948
0x035b,1,0.000000033948
0x035c,1,0.000000033948
0x035e,1,0.000000033948
0x035f,1,0.000000033948
0x0361,1,0.000000033948
0x0364,1,0.000000033948
0x0366,1,0.000000033948
0x0367,7,0.000000237637
0x0369,7,0.000000237637
0x036a,7,0.000000237637
0x036c,7,0.000000237637
0x036f,7,0.000000237637
0x0370,7,0.000000237637
0x0371,7,0.000000237637
0x0373,7,0.000000237637
0x0376,7,0.000000237637
0x0377,8457,0.000287099321
0x037a,8457,0.000287099321
0x037b,8457,0.000287099321
0x037c,8457,0.000287099321
0x037d,8457,0.000287099321
0x0380,123,0.000004175620
0x0383,123,0.000004175620
0x0386,123,0.000004175620
0x0389,44772,0.001519925599
0x038a,44772,0.001519925599
0x038b,44772,0.001519925599
0x038c,44772,0.001519925599
0x038d,44772,0.001519925599
0x038e,44772,0.001519925599
0x038f,44772,0.001519925599
0x0390,44772,0.001519925599
0x0393,3198,0.000108566114
0x0394,3198,0.000108566114
0x0395,3198,0.000108566114
0x0396,3198,0.000108566114
0x0397,3198,0.000108566114
0x0398,3198,0.000108566114
0x0399,3198,0.000108566114
0x039a,3198,0.000108566114
0x039d,123,0.000004175620
0x03a0,261,0.000008860461
0x03a3,261,0.000008860461
0x03a6,108448,0.003681606616
0x03a7,108448,0.003681606616
0x03a8,108448,0.003681606616
0x03a9,108448,0.003681606616
0x03aa,108447,0.003681572667
0x03ab,108447,0.003681572667
0x03ac,108447,0.003681572667
0x03af,260,0.000008826513
0x03b0,6178,0.000209731537
0x03b3,6178,0.000209731537
0x03b6,6178,0.000209731537
0x03b9,4270,0.000144958508
0x03bc,4270,0.000144958508
0x03bf,4268,0.000144890611
0x03c2,4268,0.000144890611
0x03c5,4268,0.000144890611
0x03c8,2480,0.000084191358
0x03cb,2480,0.000084191358
0x03ce,6175,0.000209629692
0x03d1,6175,0.000209629692
0x03d4,6175,0.000209629692
0x03d5,6175,0.000209629692
0x03d7,6175,0.000209629692
0x03d8,6175,0.000209629692
0x03d9,6175,0.000209629692
0x03e2,1,0.000000033948
0x03e5,1,0.000000033948
0x03e8,1,0.000000033948
0x03eb,2,0.000000067896
0x03ee,2,0.000000067896
0x03f1,3,0.000000101844
0x03f4,3,0.000000101844
0x03f5,3,0.000000101844
0x03f7,3,0.000000101844
0x03f8,3,0.000000101844
0x03fa,3,0.000000101844
0x03fb,3,0.000000101844
0x03fc,3,0.000000101844
0x03fd,3,0.000000101844
0x0400,14288,0.000485050857
0x0403,14288,0.000485050857
0x0406,14288,0.000485050857
0x0407,14288,0.000485050857
0x0408,14288,0.000485050857
0x0409,14288,0.000485050857
0x040a,14288,0.000485050857
0x040b,14288,0.000485050857
0x040c,14288,0.000485050857
0x040d,14288,0.000485050857
0x041e,32,0.000001086340
0x0421,32,0.000001086340
0x0423,32,0.000001086340
0x0424,32,0.000001086340
0x0427,32,0.000001086340
0x0429,32,0.000001086340
0x042a,32,0.000001086340
0x042d,32,0.000001086340
0x0430,8,0.000000271585
0x0433,8,0.000000271585
0x0435,8,0.000000271585
0x0436,8,0.000000271585
0x0438,8,0.000000271585
0x043a,8,0.000000271585
0x043b,8,0.000000271585
0x043d,8,0.000000271585
0x043f,8,0.000000271585
0x0440,5,0.000000169741
0x0441,5,0.000000169741
0x0442,5,0.000000169741
0x0443,5,0.000000169741
0x0445,5,0.000000169741
0x0446,5,0.000000169741
0x0447,5,0.000000169741
0x0448,5,0.000000169741
0x0449,5,0.000000169741
0x044c,2,0.000000067896
0x044e,2,0.000000067896
0x044f,2,0.000000067896
0x0450,2,0.000000067896
0x0451,2,0.000000067896
0x0453,2,0.000000067896
0x0455,2,0.000000067896
0x0458,2,0.000000067896
0x045b,2,0.000000067896
0x0460,6,0.000000203689
0x0463,6,0.000000203689
0x0466,624,0.000021183632
0x0467,624,0.000021183632
0x0468,624,0.000021183632
0x0469,624,0.000021183632
0x046a,624,0.000021183632
0x046b,624,0.000021183632
0x046c,624,0.000021183632
0x046e,624,0.000021183632
0x0471,156,0.000005295908
0x0472,156,0.000005295908
0x0474,156,0.000005295908
0x0476,156,0.000005295908
0x0477,156,0.000005295908
0x047a,24,0.000000814755
0x047b,24,0.000000814755
0x047c,24,0.000000814755
0x047e,24,0.000000814755
0x0481,6,0.000000203689
0x0484,336,0.000011406571
0x0485,336,0.000011406571
0x0486,336,0.000011406571
0x0487,336,0.000011406571
0x0488,336,0.000011406571
0x0489,336,0.000011406571
0x048a,336,0.000011406571
0x048c,336,0.000011406571
0x048f,6,0.000000203689
0x0492,384,0.000013036081
0x0493,384,0.000013036081
0x0494,384,0.000013036081
0x0495,384,0.000013036081
0x0496,384,0.000013036081
0x0497,384,0.000013036081
0x0498,384,0.000013036081
0x049a,384,0.000013036081
0x049d,6,0.000000203689
0x04a0,3,0.000000101844
0x04a2,3,0.000000101844
0x04a4,3,0.000000101844
0x04a7,3,0.000000101844
0x04aa,3,0.000000101844
0x04ac,1249,0.000042401212
0x04af,1249,0.000042401212
0x04b0,1249,0.000042401212
0x04b1,1249,0.000042401212
0x04b2,1249,0.000042401212
0x04b4,1249,0.000042401212
0x04b5,1249,0.000042401212
0x04b6,1238,0.000042027783
0x04b8,1238,0.000042027783
0x04ba,1238,0.000042027783
0x04bd,1230,0.000041756198
0x04bf,1230,0.000041756198
0x04c1,1230,0.000041756198
0x04c2,1230,0.000041756198
0x04c4,1230,0.000041756198
0x04c6,1230,0.000041756198
0x04c9,619,0.000021013891
0x04cc,619,0.000021013891
0x04cd,619,0.000021013891
0x04d0,619,0.000021013891
0x04d1,619,0.000021013891
0x04d2,619,0.000021013891
0x04d4,619,0.000021013891
0x04d7,619,0.000021013891
0x04da,189,0.000006416196
0x04dc,189,0.000006416196
0x04df,619,0.000021013891
0x04e1,619,0.000021013891
0x04e4,619,0.000021013891
0x04e6,611,0.000020742306
0x04e9,611,0.000020742306
0x04ea,611,0.000020742306
0x04eb,611,0.000020742306
0x04ee,611,0.000020742306
0x04f1,189,0.000006416196
0x04f4,611,0.000020742306
0x04f6,611,0.000020742306
0x04f9,611,0.000020742306
0x04fb,3666,0.000124453838
0x04fd,3666,0.000124453838
0x04fe,3666,0.000124453838
0x0501,3666,0.000124453838
0x0502,3666,0.000124453838
0x0505,611,0.000020742306
0x0506,24,0.000000814755
0x0509,24,0.000000814755
0x050b,24,0.000000814755
0x050e,24,0.000000814755
0x0511,24,0.000000814755
0x0514,24,0.000000814755
0x0515,24,0.000000814755
0x0518,24,0.000000814755
0x051b,24,0.000000814755
0x051d,24,0.000000814755
0x0520,24,0.000000814755
0x0523,24,0.000000814755
0x0526,24,0.000000814755
0x0529,24,0.000000814755
0x052c,24,0.000000814755
0x052f,24,0.000000814755
0x0532,24,0.000000814755
0x0535,24,0.000000814755
0x0537,24,0.000000814755
0x053a,24,0.000000814755
0x053d,24,0.000000814755
0x0540,24,0.000000814755
0x0543,24,0.000000814755
0x0547,24,0.000000814755
0x054a,24,0.000000814755
0x054d,24,0.000000814755
0x054f,24,0.000000814755
0x0552,24,0.000000814755
0x0555,24,0.000000814755
0x0557,24,0.000000814755
0x055a,24,0.000000814755
0x0580,26,0.000000882651
0x0583,26,0.000000882651
0x0586,26,0.000000882651
0x0588,26,0.000000882651
0x0589,26,0.000000882651
0x058a,26,0.000000882651
0x058b,26,0.000000882651
0x058d,26,0.000000882651
0x0590,26,0.000000882651
0x0592,26,0.000000882651
0x0595,26,0.000000882651
0x05d8,230,0.000007808070
0x05d9,7328,0.000248771884
0x05da,7328,0.000248771884
0x05db,7328,0.000248771884
0x05dc,7328,0.000248771884
0x05df,230,0.000007808070
0x05e0,4592,0.000155889805
0x05e1,4592,0.000155889805
0x05e2,4592,0.000155889805
0x05e3,4592,0.000155889805
0x05e4,4592,0.000155889805
0x05e5,4592,0.000155889805
0x05e8,1161,0.000039413777
0x05ec,24,0.000000814755
0x05ef,24,0.000000814755
0x05f2,24,0.000000814755
0x05f4,24,0.000000814755
0x05f5,24,0.000000814755
0x05f6,24,0.000000814755
0x05f7,24,0.000000814755
0x05f8,24,0.000000814755
0x05f9,24,0.000000814755
0x05fa,150,0.000005092219
0x05fd,150,0.000005092219
0x0600,150,0.000005092219
0x0601,150,0.000005092219
0x0602,150,0.000005092219
0x0603,2259,0.000076688822
0x0604,2259,0.000076688822
0x0605,2259,0.000076688822
0x0606,2259,0.000076688822
0x0607,2259,0.000076688822
0x0608,2259,0.000076688822
0x0609,2259,0.000076688822
0x060a,2259,0.000076688822
0x060d,142,0.000004820634
0x0610,24,0.000000814755
0x0613,24,0.000000814755
0x0616,24,0.000000814755
0x0617,24,0.000000814755
0x0619,24,0.000000814755
0x061a,24,0.000000814755
0x061b,24,0.000000814755
0x061c,24,0.000000814755
0x061d,24,0.000000814755
0x061e,24,0.000000814755
0x061f,24,0.000000814755
0x0621,24,0.000000814755
0x0624,24,0.000000814755
0x0627,24,0.000000814755
0x0628,24,0.000000814755
0x0629,24,0.000000814755
0x062a,243,0.000008249395
0x062b,243,0.000008249395
0x062c,243,0.000008249395
0x062d,243,0.000008249395
0x062e,243,0.000008249395
0x062f,243,0.000008249395
0x0630,243,0.000008249395
0x0631,243,0.000008249395
0x0632,243,0.000008249395
0x0633,243,0.000008249395
0x0634,243,0.000008249395
0x0635,243,0.000008249395
0x0638,16,0.000000543170
0x0650,24,0.000000814755
0x0653,24,0.000000814755
0x0656,24,0.000000814755
0x0658,24,0.000000814755
0x0659,24,0.000000814755
0x065a,24,0.000000814755
0x065b,24,0.000000814755
0x065c,24,0.000000814755
0x065d,24,0.000000814755
0x065e,24,0.000000814755
0x0661,24,0.000000814755
0x0664,24,0.000000814755
0x0665,24,0.000000814755
0x0666,24,0.000000814755
0x0667,243,0.000008249395
0x0668,243,0.000008249395
0x0669,243,0.000008249395
0x066a,243,0.000008249395
0x066b,243,0.000008249395
0x066c,243,0.000008249395
0x066f,16,0.000000543170
0x067a,4411,0.000149745194
0x067d,4411,0.000149745194
0x067e,4411,0.000149745194
0x067f,4411,0.000149745194
0x0682,4411,0.000149745194
0x0684,4411,0.000149745194
0x0685,555,0.000018841211
0x0688,555,0.000018841211
0x068b,555,0.000018841211
0x068c,555,0.000018841211
0x068d,555,0.000018841211
0x068e,555,0.000018841211
0x068f,555,0.000018841211
0x0691,555,0.000018841211
0x0692,555,0.000018841211
0x0693,555,0.000018841211
0x0695,555,0.000018841211
0x0696,555,0.000018841211
0x0697,555,0.000018841211
0x0698,555,0.000018841211
0x0699,14448,0.000490482557
0x069a,14448,0.000490482557
0x069b,14448,0.000490482557
0x069c,14448,0.000490482557
0x069d,14448,0.000490482557
0x069e,14448,0.000490482557
0x069f,14448,0.000490482557
0x06a2,2220,0.000075364845
0x06a3,2220,0.000075364845
0x06a4,2220,0.000075364845
0x06a5,2220,0.000075364845
0x06a8,555,0.000018841211
0x06a9,555,0.000018841211
0x06ac,555,0.000018841211
0x06b0,4278,0.000145230093
0x06b3,4278,0.000145230093
0x06b6,4278,0.000145230093
0x06b7,4278,0.000145230093
0x06b8,4278,0.000145230093
0x06b9,26,0.000000882651
0x06ba,26,0.000000882651
0x06bb,26,0.000000882651
0x06bc,26,0.000000882651
0x06bd,26,0.000000882651
0x06be,26,0.000000882651
0x06bf,26,0.000000882651
0x06c0,26,0.000000882651
0x06c1,26,0.000000882651
0x06c2,26,0.000000882651
0x06c3,26,0.000000882651
0x06c4,26,0.000000882651
0x06c5,26,0.000000882651
0x06c8,26,0.000000882651
0x06ca,26,0.000000882651
0x06cb,26,0.000000882651
0x06cc,26,0.000000882651
0x06cd,26,0.000000882651
0x06cf,26,0.000000882651
0x06d0,26,0.000000882651
0x06d1,26,0.000000882651
0x06d2,26,0.000000882651
0x06d3,26,0.000000882651
0x06d4,26,0.000000882651
0x06d5,26,0.000000882651
0x06d7,26,0.000000882651
0x06d8,26,0.000000882651
0x06da,26,0.000000882651
0x06db,26,0.000000882651
0x06de,26,0.000000882651
0x06df,26,0.000000882651
0x06e1,26,0.000000882651
0x06e2,26,0.000000882651
0x06e3,26,0.000000882651
0x06e4,26,0.000000882651
0x06e7,26,0.000000882651
0x06e8,619,0.000021013891
0x06eb,619,0.000021013891
0x06ed,619,0.000021013891
0x06f0,4278,0.000145230093
0x06f3,4278,0.000145230093
0x06f6,4278,0.000145230093
0x0700,9828,0.000333642205
0x0703,9828,0.000333642205
0x0706,29484,0.001000926614
0x0709,29484,0.001000926614
0x070a,29484,0.001000926614
0x070c,29484,0.001000926614
0x070d,29484,0.001000926614
0x070f,29484,0.001000926614
0x0710,29484,0.001000926614
0x0711,29484,0.001000926614
0x0713,29484,0.001000926614
0x0716,9828,0.000333642205
0x0718,96649,0.003281052650
0x071b,96649,0.003281052650
0x0720,96649,0.003281052650
0x0721,96649,0.003281052650
0x0722,96649,0.003281052650
0x0724,96649,0.003281052650
0x0725,34728,0.001178950599
0x0726,34728,0.001178950599
0x0728,34728,0.001178950599
0x0729,34728,0.001178950599
0x072a,34728,0.001178950599
0x072b,34728,0.001178950599
0x072c,34728,0.001178950599
0x072e,34728,0.001178950599
0x0730,34728,0.001178950599
0x0731,34728,0.001178950599
0x0733,34728,0.001178950599
0x0734,34728,0.001178950599
0x0740,96649,0.003281052650
0x0741,96649,0.003281052650
0x0742,96649,0.003281052650
0x0744,96649,0.003281052650
0x0745,36839,0.001250615098
0x0746,36839,0.001250615098
0x0748,36839,0.001250615098
0x0749,36839,0.001250615098
0x074a,36839,0.001250615098
0x074b,36839,0.001250615098
0x074c,36839,0.001250615098
0x074d,36839,0.001250615098
0x074f,36839,0.001250615098
0x0750,36839,0.001250615098
0x0751,36839,0.001250615098
0x0752,36839,0.001250615098
0x0754,36839,0.001250615098
0x0755,36839,0.001250615098
0x0757,36839,0.001250615098
0x0758,36839,0.001250615098
0x0763,7088,0.000240624333
0x0764,7088,0.000240624333
0x0765,7088,0.000240624333
0x0766,7088,0.000240624333
0x0767,7088,0.000240624333
0x0768,7088,0.000240624333
0x0769,7088,0.000240624333
0x076a,7088,0.000240624333
0x076b,7088,0.000240624333
0x076d,9125,0.000309776671
0x076e,9125,0.000309776671
0x076f,9125,0.000309776671
0x0770,9125,0.000309776671
0x0771,9125,0.000309776671
0x0772,9125,0.000309776671
0x0773,9125,0.000309776671
0x0774,9125,0.000309776671
0x0775,9125,0.000309776671
0x0776,9125,0.000309776671
0x0779,14255,0.000483930569
0x077a,14255,0.000483930569
0x077b,14255,0.000483930569
0x077c,14255,0.000483930569
0x077d,14255,0.000483930569
0x077e,14255,0.000483930569
0x077f,14255,0.000483930569
0x0780,14255,0.000483930569
0x0783,14255,0.000483930569
0x0784,14255,0.000483930569
0x0785,14255,0.000483930569
0x0786,14255,0.000483930569
0x0788,14301,0.000485492183
0x0789,14301,0.000485492183
0x078a,14301,0.000485492183
0x078b,14301,0.000485492183
0x078c,14301,0.000485492183
0x078d,14301,0.000485492183
0x078e,14301,0.000485492183
0x078f,14301,0.000485492183
0x0790,14301,0.000485492183
0x0792,14301,0.000485492183
0x0793,14301,0.000485492183
0x0794,14301,0.000485492183
0x0795,14301,0.000485492183
0x0798,14301,0.000485492183
0x0799,14301,0.000485492183
0x079a,14301,0.000485492183
0x079b,14301,0.000485492183
0x079e,1227,0.000041654353
0x079f,1227,0.000041654353
0x07a0,1227,0.000041654353
0x07a1,1227,0.000041654353
0x07a2,1227,0.000041654353
0x07a3,1227,0.000041654353
0x07a4,1227,0.000041654353
0x07a5,1227,0.000041654353
0x07a6,1227,0.000041654353
0x07a7,1227,0.000041654353
0x07a8,1227,0.000041654353
0x07aa,1229,0.000041722250
0x07ab,1229,0.000041722250
0x07ac,1229,0.000041722250
0x07ad,1229,0.000041722250
0x07ae,1229,0.000041722250
0x07af,1229,0.000041722250
0x07b0,1229,0.000041722250
0x07b1,1229,0.000041722250
0x07b2,1229,0.000041722250
0x07b4,1229,0.000041722250
0x07b5,1229,0.000041722250
0x07b6,1229,0.000041722250
0x07b7,1229,0.000041722250
0x07b8,1229,0.000041722250
0x07b9,1229,0.000041722250
0x07ba,1229,0.000041722250
0x07bb,1229,0.000041722250
0x07be,12158,0.000412741344
0x07bf,12158,0.000412741344
0x07c0,12158,0.000412741344
0x07c1,12158,0.000412741344
0x07c2,12158,0.000412741344
0x07c3,12158,0.000412741344
0x07c4,12158,0.000412741344
0x07c5,12158,0.000412741344
0x07c6,12158,0.000412741344
0x07c7,12158,0.000412741344
0x07ca,12158,0.000412741344
0x07cb,12158,0.000412741344
0x07cc,12158,0.000412741344
0x07cd,12158,0.000412741344
0x07ce,12158,0.000412741344
0x07cf,12158,0.000412741344
0x07d2,12184,0.000413623995
0x07d3,12184,0.000413623995
0x07d4,12184,0.000413623995
0x07d5,12184,0.000413623995
0x07d6,12184,0.000413623995
0x07d7,12184,0.000413623995
0x07d8,12184,0.000413623995
0x07d9,12184,0.000413623995
0x07da,12184,0.000413623995
0x07dc,12210,0.000414506646
0x07dd,12210,0.000414506646
0x07de,12210,0.000414506646
0x07df,12210,0.000414506646
0x07e0,12210,0.000414506646
0x07e1,12210,0.000414506646
0x07e2,12210,0.000414506646
0x07e3,12210,0.000414506646
0x07e4,12210,0.000414506646
0x07e7,12210,0.000414506646
0x07e8,12210,0.000414506646
0x07e9,12210,0.000414506646
0x07ea,12210,0.000414506646
0x07eb,12210,0.000414506646
0x07ec,12210,0.000414506646
0x07ed,12210,0.000414506646
0x07ee,12210,0.000414506646
0x07f0,8,0.000000271585
0x07f3,8,0.000000271585
0x07f6,8,0.000000271585
0x07f9,8,0.000000271585
0x0800,11349,0.000385277308
0x0803,11349,0.000385277308
0x0806,11349,0.000385277308
0x0807,11349,0.000385277308
0x0809,11349,0.000385277308
0x080a,11349,0.000385277308
0x080b,11349,0.000385277308
0x080c,11349,0.000385277308
0x080d,11349,0.000385277308
0x080e,11349,0.000385277308
0x080f,11349,0.000385277308
0x0834,1228,0.000041688302
0x0837,1228,0.000041688302
0x083a,1228,0.000041688302
0x083b,1228,0.000041688302
0x083c,1228,0.000041688302
0x083e,1228,0.000041688302
0x083f,126,0.000004277464
0x0842,126,0.000004277464
0x0845,126,0.000004277464
0x0848,197,0.000006687781
0x084b,197,0.000006687781
0x084c,197,0.000006687781
0x084d,197,0.000006687781
0x084e,7,0.000000237637
0x0850,7,0.000000237637
0x0851,7,0.000000237637
0x0853,7,0.000000237637
0x0855,7,0.000000237637
0x085a,126,0.000004277464
0x085d,126,0.000004277464
0x085f,126,0.000004277464
0x0860,102,0.000003462709
0x0862,102,0.000003462709
0x0864,102,0.000003462709
0x0865,78,0.000002647954
0x0867,78,0.000002647954
0x0869,78,0.000002647954
0x086a,54,0.000001833199
0x086c,54,0.000001833199
0x086e,54,0.000001833199
0x086f,30,0.000001018444
0x0871,30,0.000001018444
0x0876,9828,0.000333642205
0x0879,9828,0.000333642205
0x087c,9828,0.000333642205
0x087f,9828,0.000333642205
0x0882,9828,0.000333642205
0x0885,9828,0.000333642205
0x0886,9828,0.000333642205
0x0889,9828,0.000333642205
0x088b,54049,0.001834862385
0x088c,54049,0.001834862385
0x088d,54049,0.001834862385
0x088e,54049,0.001834862385
0x088f,54049,0.001834862385
0x0890,54049,0.001834862385
0x0891,54049,0.001834862385
0x0892,54049,0.001834862385
0x0893,54049,0.001834862385
0x0894,54049,0.001834862385
0x0897,14741,0.000500429359
0x08a0,9828,0.000333642205
0x08a3,9828,0.000333642205
0x08a6,9828,0.000333642205
0x08a9,9828,0.000333642205
0x08ac,9828,0.000333642205
0x08ae,9828,0.000333642205
0x08b0,9828,0.000333642205
0x08b1,1086,0.000036867667
0x08b4,1086,0.000036867667
0x08b7,1086,0.000036867667
0x08c4,9828,0.000333642205
0x08c7,9828,0.000333642205
0x08c8,9828,0.000333642205
0x08ca,9828,0.000333642205
0x08cd,9704,0.000329432637
0x08cf,9704,0.000329432637
0x08d0,9704,0.000329432637
0x08d1,9704,0.000329432637
0x08d4,9320,0.000316396556
0x08d6,9320,0.000316396556
0x08d9,9320,0.000316396556
0x08dc,2,0.000000067896
0x08de,2,0.000000067896
0x08e0,2,0.000000067896
0x08e2,2,0.000000067896
0x08e3,2,0.000000067896
0x08e5,2,0.000000067896
0x08e6,2,0.000000067896
0x08e8,2,0.000000067896
0x08ea,386,0.000013103978
0x08eb,9704,0.000329432637
0x08ed,9704,0.000329432637
0x08f0,9704,0.000329432637
0x08f3,9704,0.000329432637
0x0900,9704,0.000329432637
0x0903,9704,0.000329432637
0x0904,9704,0.000329432637
0x0906,9704,0.000329432637
0x0907,7263,0.000246565256
0x0909,7263,0.000246565256
0x090c,4354,0.000147810151
0x090d,4354,0.000147810151
0x090f,4354,0.000147810151
0x0910,3333,0.000113149112
0x0911,3333,0.000113149112
0x0913,3333,0.000113149112
0x0916,3333,0.000113149112
0x0917,2909,0.000098755105
0x0918,2909,0.000098755105
0x091a,2909,0.000098755105
0x091b,2909,0.000098755105
0x091c,2909,0.000098755105
0x091e,2909,0.000098755105
0x0921,2909,0.000098755105
0x0926,9966,0.000338327046
0x0927,9966,0.000338327046
0x0929,9966,0.000338327046
0x092a,9966,0.000338327046
0x092b,9966,0.000338327046
0x092c,9966,0.000338327046
0x092d,9966,0.000338327046
0x092e,9966,0.000338327046
0x0930,10914,0.000370509872
0x0931,10914,0.000370509872
0x0933,10914,0.000370509872
0x0936,6101,0.000207117531
0x0937,6101,0.000207117531
0x0939,6101,0.000207117531
0x093c,6101,0.000207117531
0x093d,262,0.000008894410
0x093e,262,0.000008894410
0x0940,262,0.000008894410
0x0941,262,0.000008894410
0x0942,262,0.000008894410
0x0944,262,0.000008894410
0x0945,262,0.000008894410
0x0946,262,0.000008894410
0x0947,262,0.000008894410
0x094a,262,0.000008894410
0x094c,262,0.000008894410
0x094d,262,0.000008894410
0x094e,262,0.000008894410
0x0951,262,0.000008894410
0x0953,262,0.000008894410
0x0954,262,0.000008894410
0x0955,262,0.000008894410
0x0956,262,0.000008894410
0x0959,262,0.000008894410
0x095c,262,0.000008894410
0x095e,262,0.000008894410
0x0961,262,0.000008894410
0x0964,4813,0.000163392341
0x0965,4813,0.000163392341
0x0966,4813,0.000163392341
0x0967,4813,0.000163392341
0x0968,4813,0.000163392341
0x096a,4813,0.000163392341
0x096b,4813,0.000163392341
0x096d,4813,0.000163392341
0x096e,202,0.000006857522
0x096f,202,0.000006857522
0x0970,202,0.000006857522
0x0971,202,0.000006857522
0x0972,202,0.000006857522
0x0974,202,0.000006857522
0x0975,202,0.000006857522
0x097a,9828,0.000333642205
0x097d,9828,0.000333642205
0x097e,9828,0.000333642205
0x0980,9828,0.000333642205
0x0981,9828,0.000333642205
0x0984,9828,0.000333642205
0x0985,9828,0.000333642205
0x0986,9828,0.000333642205
0x0987,9828,0.000333642205
0x0988,9828,0.000333642205
0x098b,9828,0.000333642205
0x098c,9828,0.000333642205
0x098d,9828,0.000333642205
0x098e,9828,0.000333642205
0x0991,9828,0.000333642205
0x09a0,9852,0.000334456960
0x09a3,9852,0.000334456960
0x09a6,29556,0.001003370879
0x09a9,29556,0.001003370879
0x09aa,29556,0.001003370879
0x09ab,29556,0.001003370879
0x09ac,29556,0.001003370879
0x09ad,29556,0.001003370879
0x09ae,29556,0.001003370879
0x09af,29556,0.001003370879
0x09b0,29556,0.001003370879
0x09b2,29556,0.001003370879
0x09b5,9852,0.000334456960
0x09ba,72340,0.002455807600
0x09bd,72340,0.002455807600
0x09be,72340,0.002455807600
0x09c0,72340,0.002455807600
0x09c1,72340,0.002455807600
0x09c2,72340,0.002455807600
0x09c3,72340,0.002455807600
0x09c4,72340,0.002455807600
0x09c5,72340,0.002455807600
0x09c6,72340,0.002455807600
0x09c7,72340,0.002455807600
0x09c8,72340,0.002455807600
0x09c9,72340,0.002455807600
0x09ca,72340,0.002455807600
0x09cc,72340,0.002455807600
0x09cd,72340,0.002455807600
0x09ce,72340,0.002455807600
0x09cf,72340,0.002455807600
0x09d0,72340,0.002455807600
0x09d1,72340,0.002455807600
0x0a50,2130,0.000072309513
0x0a53,2130,0.000072309513
0x0a56,42600,0.001446190265
0x0a57,42600,0.001446190265
0x0a5a,42600,0.001446190265
0x0a5b,42600,0.001446190265
0x0a5c,42600,0.001446190265
0x0a5e,42600,0.001446190265
0x0a5f,42600,0.001446190265
0x0a61,42600,0.001446190265
0x0a62,42600,0.001446190265
0x0a63,42600,0.001446190265
0x0a64,42600,0.001446190265
0x0a67,2130,0.000072309513
0x0a6c,2024,0.000068711012
0x0a6f,2024,0.000068711012
0x0a72,40480,0.001374220233
0x0a73,40480,0.001374220233
0x0a74,40480,0.001374220233
0x0a75,40480,0.001374220233
0x0a77,40480,0.001374220233
0x0a7a,18219,0.000618500949
0x0a7b,18219,0.000618500949
0x0a7c,18219,0.000618500949
0x0a7d,18219,0.000618500949
0x0a7e,18219,0.000618500949
0x0a7f,18219,0.000618500949
0x0a80,18219,0.000618500949
0x0a81,18219,0.000618500949
0x0a82,18219,0.000618500949
0x0a83,18219,0.000618500949
0x0a84,18219,0.000618500949
0x0a85,18219,0.000618500949
0x0a86,18219,0.000618500949
0x0a87,18219,0.000618500949
0x0a8a,40480,0.001374220233
0x0a8b,40480,0.001374220233
0x0a8c,40480,0.001374220233
0x0a8d,40480,0.001374220233
0x0a8f,40480,0.001374220233
0x0a90,40480,0.001374220233
0x0a91,40480,0.001374220233
0x0a93,40480,0.001374220233
0x0a94,40480,0.001374220233
0x0a96,40480,0.001374220233
0x0a99,2024,0.000068711012
0x0aa0,124,0.000004209568
0x0aa2,124,0.000004209568
0x0aa3,124,0.000004209568
0x0aa4,124,0.000004209568
0x0aa5,124,0.000004209568
0x0aa8,124,0.000004209568
0x0aa9,124,0.000004209568
0x0aac,124,0.000004209568
0x0aae,124,0.000004209568
0x0aaf,124,0.000004209568
0x0ab0,124,0.000004209568
0x0ab3,124,0.000004209568
0x0ab5,124,0.000004209568
0x0ab8,122,0.000004141672
0x0abb,122,0.000004141672
0x0abd,122,0.000004141672
0x0abe,122,0.000004141672
0x0abf,122,0.000004141672
0x0ac0,122,0.000004141672
0x0ac1,122,0.000004141672
0x0ad6,2664,0.000090437814
0x0ad7,2664,0.000090437814
0x0ad8,10656,0.000361751255
0x0ad9,10656,0.000361751255
0x0ada,10656,0.000361751255
0x0adb,10656,0.000361751255
0x0adc,10656,0.000361751255
0x0add,10656,0.000361751255
0x0ae0,2664,0.000090437814
0x0ae1,2664,0.000090437814
0x0ae2,2664,0.000090437814
0x0ae5,2664,0.000090437814
0x0ae6,2664,0.000090437814
0x0ae9,1032,0.000035034468
0x0aea,1049,0.000035611587
0x0aed,1049,0.000035611587
0x0aee,1049,0.000035611587
0x0af0,1049,0.000035611587
0x0af1,1049,0.000035611587
0x0af4,1049,0.000035611587
0x0af6,1049,0.000035611587
0x0af7,1049,0.000035611587
0x0af8,1049,0.000035611587
0x0af9,1049,0.000035611587
0x0afc,1049,0.000035611587
0x0afd,1049,0.000035611587
0x0afe,1049,0.000035611587
0x0b00,1049,0.000035611587
0x0b01,1049,0.000035611587
0x0b02,1049,0.000035611587
0x0b05,1039,0.000035272105
0x0b07,1039,0.000035272105
0x0b0a,704,0.000023899482
0x0b0d,693,0.000023526053
0x0b15,10,0.000000339481
0x0b16,10,0.000000339481
0x0b18,10,0.000000339481
0x0b19,10,0.000000339481
0x0b1a,10,0.000000339481
0x0b1c,10,0.000000339481
0x0b1d,10,0.000000339481
0x0b1e,10,0.000000339481
0x0b1f,10,0.000000339481
0x0b20,6,0.000000203689
0x0b21,6,0.000000203689
0x0b22,6,0.000000203689
0x0b25,6,0.000000203689
0x0b26,6,0.000000203689
0x0b27,6,0.000000203689
0x0b28,6,0.000000203689
0x0b29,4,0.000000135793
0x0b2b,4,0.000000135793
0x0b2d,4,0.000000135793
0x0b48,2,0.000000067896
0x0b4b,2,0.000000067896
0x0b4e,2,0.000000067896
0x0b50,2,0.000000067896
0x0b51,2,0.000000067896
0x0b53,2,0.000000067896
0x0b54,2,0.000000067896
0x0b55,2,0.000000067896
0x0b57,2,0.000000067896
0x0b59,2,0.000000067896
0x0b5a,2,0.000000067896
0x0b60,609,0.000020674410
0x0b63,609,0.000020674410
0x0b64,609,0.000020674410
0x0b65,609,0.000020674410
0x0b67,609,0.000020674410
0x0b6a,605,0.000020538618
0x0b6d,605,0.000020538618
0x0b6f,605,0.000020538618
0x0b71,605,0.000020538618
0x0b74,3,0.000000101844
0x0b77,3,0.000000101844
0x0b79,3,0.000000101844
0x0b7b,3,0.000000101844
0x0b7c,3,0.000000101844
0x0b7d,3,0.000000101844
0x0b7e,3,0.000000101844
0x0b7f,2,0.000000067896
0x0b80,2,0.000000067896
0x0b82,2,0.000000067896
0x0b83,2,0.000000067896
0x0b84,2,0.000000067896
0x0b85,2,0.000000067896
0x0b87,2,0.000000067896
0x0b88,2,0.000000067896
0x0b89,2,0.000000067896
0x0b8a,2,0.000000067896
0x0b8b,2,0.000000067896
0x0b8c,1,0.000000033948
0x0b8e,1,0.000000033948
0x0b91,1,0.000000033948
0x0b94,1,0.000000033948
0x0b95,602,0.000020436773
0x0b98,602,0.000020436773
0x0b9b,602,0.000020436773
0x0ba0,335,0.000011372623
0x0ba3,335,0.000011372623
0x0ba4,335,0.000011372623
0x0ba6,335,0.000011372623
0x0ba8,335,0.000011372623
0x0ba9,180,0.000006110663
0x0bab,180,0.000006110663
0x0bac,149,0.000005058271
0x0bad,149,0.000005058271
0x0bae,149,0.000005058271
0x0baf,149,0.000005058271
0x0bb2,149,0.000005058271
0x0bba,693,0.000023526053
0x0bbb,693,0.000023526053
0x0bbc,693,0.000023526053
0x0bbf,352,0.000011949741
0x0bc0,352,0.000011949741
0x0bc1,352,0.000011949741
0x0bc4,176,0.000005974871
0x0bca,2,0.000000067896
0x0bcd,2,0.000000067896
0x0bd0,2,0.000000067896
0x0bd2,2,0.000000067896
0x0bd3,2,0.000000067896
0x0bd4,2,0.000000067896
0x0bd6,2,0.000000067896
0x0bd9,2,0.000000067896
0x0bdc,2,0.000000067896
0x0bdf,2,0.000000067896
0x0be2,2,0.000000067896
0x0be5,2,0.000000067896
0x0be8,2,0.000000067896
0x0beb,2,0.000000067896
0x0bee,2,0.000000067896
0x0bf1,2,0.000000067896
0x0c00,8,0.000000271585
0x0c01,8,0.000000271585
0x0c02,8,0.000000271585
0x0c04,8,0.000000271585
0x0c05,8,0.000000271585
0x0c07,8,0.000000271585
0x0c08,8,0.000000271585
0x0c09,8,0.000000271585
0x0c0a,8,0.000000271585
0x0c0b,8,0.000000271585
0x0c0c,8,0.000000271585
0x0c0f,8,0.000000271585
0x0c10,8,0.000000271585
0x0c11,8,0.000000271585
0x0c13,8,0.000000271585
0x0c16,6,0.000000203689
0x0c18,6,0.000000203689
0x0c1b,1,0.000000033948
0x0c1e,1,0.000000033948
0x0c20,1,0.000000033948
0x0c23,1,0.000000033948
0x0c40,4913,0.000166787154
0x0c43,4913,0.000166787154
0x0c45,4913,0.000166787154
0x0c48,4913,0.000166787154
0x0c4b,4913,0.000166787154
0x0c4e,4913,0.000166787154
0x0c51,4913,0.000166787154
0x0c56,4913,0.000166787154
0x0c59,24565,0.000833935771
0x0c5a,24565,0.000833935771
0x0c5d,24565,0.000833935771
0x0c5e,24565,0.000833935771
0x0c5f,24565,0.000833935771
0x0c61,24565,0.000833935771
0x0c62,24565,0.000833935771
0x0c64,24565,0.000833935771
0x0c67,4913,0.000166787154
0x0c6b,4913,0.000166787154
0x0c6e,4913,0.000166787154
0x0c71,24565,0.000833935771
0x0c74,24565,0.000833935771
0x0c75,24565,0.000833935771
0x0c76,24565,0.000833935771
0x0c77,24565,0.000833935771
0x0c78,24565,0.000833935771
0x0c79,24565,0.000833935771
0x0c7a,24565,0.000833935771
0x0c7b,24565,0.000833935771
0x0c7d,24565,0.000833935771
0x0c80,4913,0.000166787154
0x0c84,24565,0.000833935771
0x0c85,24565,0.000833935771
0x0c87,24565,0.000833935771
0x0c88,2359,0.000080083635
0x0c89,2359,0.000080083635
0x0c8a,2359,0.000080083635
0x0c8b,2359,0.000080083635
0x0c8c,2359,0.000080083635
0x0c8e,2359,0.000080083635
0x0c8f,2359,0.000080083635
0x0c90,2359,0.000080083635
0x0c91,2359,0.000080083635
0x0c92,2359,0.000080083635
0x0c94,2359,0.000080083635
0x0c95,2359,0.000080083635
0x0c97,2359,0.000080083635
0x0c9a,2302,0.000078148591
0x0c9b,2302,0.000078148591
0x0c9e,2302,0.000078148591
0x0c9f,2302,0.000078148591
0x0ca0,2302,0.000078148591
0x0ca2,2302,0.000078148591
0x0ca3,2302,0.000078148591
0x0ca4,2302,0.000078148591
0x0ca5,2302,0.000078148591
0x0ca6,2302,0.000078148591
0x0ca7,2302,0.000078148591
0x0ca8,2302,0.000078148591
0x0ca9,2302,0.000078148591
0x0caa,2302,0.000078148591
0x0cac,2302,0.000078148591
0x0caf,2296,0.000077944903
0x0cb4,2302,0.000078148591
0x0cb6,2302,0.000078148591
0x0cb7,467,0.000015853776
0x0cb9,467,0.000015853776
0x0cba,239,0.000008113603
0x0cbd,239,0.000008113603
0x0cbe,239,0.000008113603
0x0cbf,91,0.000003089280
0x0cc2,91,0.000003089280
0x0cc3,91,0.000003089280
0x0cc4,11,0.000000373429
0x0cc6,11,0.000000373429
0x0cc9,11,0.000000373429
0x0ccb,11,0.000000373429
0x0cce,11,0.000000373429
0x0cd0,11,0.000000373429
0x0cd3,11,0.000000373429
0x0cd8,4913,0.000166787154
0x0cdb,4913,0.000166787154
0x0cde,24565,0.000833935771
0x0cdf,24565,0.000833935771
0x0ce2,24565,0.000833935771
0x0ce3,24565,0.000833935771
0x0ce4,24565,0.000833935771
0x0ce6,24565,0.000833935771
0x0ce7,24565,0.000833935771
0x0ce9,24565,0.000833935771
0x0cea,24565,0.000833935771
0x0ceb,24565,0.000833935771
0x0cec,24565,0.000833935771
0x0cef,4913,0.000166787154
0x0cf4,5,0.000000169741
0x0cf5,5,0.000000169741
0x0cf6,5,0.000000169741
0x0d1c,2000,0.000067896257
0x0d1f,2000,0.000067896257
0x0d22,32000,0.001086340105
0x0d25,32000,0.001086340105
0x0d26,32000,0.001086340105
0x0d27,32000,0.001086340105
0x0d28,32000,0.001086340105
0x0d2a,32000,0.001086340105
0x0d2b,32000,0.001086340105
0x0d2e,2000,0.000067896257
0x0d30,32000,0.001086340105
0x0d31,32000,0.001086340105
0x0d32,32000,0.001086340105
0x0d33,32000,0.001086340105
0x0d34,32000,0.001086340105
0x0d35,32000,0.001086340105
0x0d37,32000,0.001086340105
0x0d38,17961,0.000609742332
0x0d39,17961,0.000609742332
0x0d3a,17961,0.000609742332
0x0d3b,17961,0.000609742332
0x0d3c,17961,0.000609742332
0x0d3e,17961,0.000609742332
0x0d3f,17961,0.000609742332
0x0d41,17961,0.000609742332
0x0d42,17961,0.000609742332
0x0d43,17961,0.000609742332
0x0d46,16692,0.000566662157
0x0d47,16692,0.000566662157
0x0d48,16692,0.000566662157
0x0d4b,2480,0.000084191358
0x0d4c,2480,0.000084191358
0x0d4d,2480,0.000084191358
0x0d4e,2480,0.000084191358
0x0d4f,3749,0.000127271533
0x0d50,3749,0.000127271533
0x0d51,3749,0.000127271533
0x0d52,3749,0.000127271533
0x0d53,3749,0.000127271533
0x0d54,3749,0.000127271533
0x0d55,3749,0.000127271533
0x0d57,3749,0.000127271533
0x0d58,3749,0.000127271533
0x0d59,1444,0.000049021097
0x0d5a,1444,0.000049021097
0x0d5e,14212,0.000482470799
0x0d5f,14212,0.000482470799
0x0d60,14212,0.000482470799
0x0d61,14212,0.000482470799
0x0d62,14212,0.000482470799
0x0d64,14212,0.000482470799
0x0d65,14212,0.000482470799
0x0d66,2036,0.000069118389
0x0d67,2036,0.000069118389
0x0d70,2000,0.000067896257
0x0d73,2000,0.000067896257
0x0d76,32000,0.001086340105
0x0d79,32000,0.001086340105
0x0d7a,32000,0.001086340105
0x0d7c,32000,0.001086340105
0x0d7d,32000,0.001086340105
0x0d7f,32000,0.001086340105
0x0d80,32000,0.001086340105
0x0d83,2000,0.000067896257
0x0d86,32000,0.001086340105
0x0d87,32000,0.001086340105
0x0d88,32000,0.001086340105
0x0d89,32000,0.001086340105
0x0d8a,32000,0.001086340105
0x0d8b,32000,0.001086340105
0x0d8d,32000,0.001086340105
0x0d8e,17947,0.000609267058
0x0d8f,17947,0.000609267058
0x0d90,17947,0.000609267058
0x0d91,17947,0.000609267058
0x0d94,17947,0.000609267058
0x0d95,17947,0.000609267058
0x0d96,17947,0.000609267058
0x0d97,17947,0.000609267058
0x0d99,17947,0.000609267058
0x0d9a,17947,0.000609267058
0x0d9c,17947,0.000609267058
0x0d9d,17947,0.000609267058
0x0d9f,17947,0.000609267058
0x0da0,17947,0.000609267058
0x0da1,17947,0.000609267058
0x0da2,17947,0.000609267058
0x0da3,17947,0.000609267058
0x0da4,17947,0.000609267058
0x0da5,17947,0.000609267058
0x0da6,17947,0.000609267058
0x0da7,17947,0.000609267058
0x0da8,17947,0.000609267058
0x0dab,16241,0.000551351551
0x0dac,16241,0.000551351551
0x0daf,2013,0.000068337582
0x0db0,2013,0.000068337582
0x0db1,2013,0.000068337582
0x0db3,2013,0.000068337582
0x0db4,2013,0.000068337582
0x0db5,2013,0.000068337582
0x0dbb,1706,0.000057915507
0x0dbc,1706,0.000057915507
0x0dbd,1706,0.000057915507
0x0dbf,1706,0.000057915507
0x0dc0,1706,0.000057915507
0x0dc1,1706,0.000057915507
0x0dc2,1706,0.000057915507
0x0dc3,1706,0.000057915507
0x0dc5,1706,0.000057915507
0x0dc6,1706,0.000057915507
0x0dcc,14228,0.000483013969
0x0dcd,14228,0.000483013969
0x0dce,14228,0.000483013969
0x0dcf,14228,0.000483013969
0x0dd1,14228,0.000483013969
0x0dd2,17947,0.000609267058
0x0dd3,17947,0.000609267058
0x0dd5,17947,0.000609267058
0x0dd6,17947,0.000609267058
0x0dd7,17947,0.000609267058
0x0dd8,17947,0.000609267058
0x0dd9,17947,0.000609267058
0x0dda,17947,0.000609267058
0x0dde,71,0.000002410317
0x0ddf,71,0.000002410317
0x0de0,71,0.000002410317
0x0de3,71,0.000002410317
0x0de4,71,0.000002410317
0x0de5,71,0.000002410317
0x0de6,71,0.000002410317
0x0de9,71,0.000002410317
0x0dea,71,0.000002410317
0x0deb,71,0.000002410317
0x0dec,71,0.000002410317
0x0ded,71,0.000002410317
0x0df0,6904,0.000234377878
0x0df3,6904,0.000234377878
0x0df6,6904,0.000234377878
0x0df9,6904,0.000234377878
0x0dfc,6904,0.000234377878
0x0dff,6904,0.000234377878
0x0e10,13808,0.000468755755
0x0e11,13808,0.000468755755
0x0e13,13808,0.000468755755
0x0e14,3727,0.000126524674
0x0e15,3727,0.000126524674
0x0e16,3727,0.000126524674
0x0e17,3727,0.000126524674
0x0e18,3727,0.000126524674
0x0e1a,3727,0.000126524674
0x0e1b,3701,0.000125642023
0x0e1d,3701,0.000125642023
0x0e1e,81,0.000002749798
0x0e20,81,0.000002749798
0x0e23,66,0.000002240576
0x0e25,66,0.000002240576
0x0e26,66,0.000002240576
0x0e27,66,0.000002240576
0x0e29,66,0.000002240576
0x0e2a,66,0.000002240576
0x0e2c,66,0.000002240576
0x0e2d,66,0.000002240576
0x0e2e,66,0.000002240576
0x0e2f,66,0.000002240576
0x0e31,66,0.000002240576
0x0e32,66,0.000002240576
0x0e33,56,0.000001901095
0x0e34,56,0.000001901095
0x0e35,56,0.000001901095
0x0e36,48,0.000001629510
0x0e39,15,0.000000509222
0x0e3a,15,0.000000509222
0x0e3b,15,0.000000509222
0x0e3c,15,0.000000509222
0x0e3d,15,0.000000509222
0x0e3e,15,0.000000509222
0x0e3f,15,0.000000509222
0x0e41,15,0.000000509222
0x0e42,15,0.000000509222
0x0e45,189,0.000006416196
0x0e46,189,0.000006416196
0x0e47,189,0.000006416196
0x0e48,189,0.000006416196
0x0e4a,189,0.000006416196
0x0e4d,181,0.000006144611
0x0e4e,181,0.000006144611
0x0e4f,181,0.000006144611
0x0e51,181,0.000006144611
0x0e52,181,0.000006144611
0x0e55,7,0.000000237637
0x0e58,79,0.000002681902
0x0e59,79,0.000002681902
0x0e5a,79,0.000002681902
0x0e5b,37,0.000001256081
0x0e5c,37,0.000001256081
0x0e5e,37,0.000001256081
0x0e5f,37,0.000001256081
0x0e60,15,0.000000509222
0x0e61,15,0.000000509222
0x0e62,15,0.000000509222
0x0e63,15,0.000000509222
0x0e65,15,0.000000509222
0x0e66,15,0.000000509222
0x0e67,8,0.000000271585
0x0e69,8,0.000000271585
0x0e6a,8,0.000000271585
0x0e6b,8,0.000000271585
0x0e70,48,0.000001629510
0x0e71,48,0.000001629510
0x0e72,48,0.000001629510
0x0e74,48,0.000001629510
0x0e75,48,0.000001629510
0x0e76,48,0.000001629510
0x0e77,48,0.000001629510
0x0e78,48,0.000001629510
0x0e7a,48,0.000001629510
0x0e7b,48,0.000001629510
0x0e7e,365,0.000012391067
0x0e7f,365,0.000012391067
0x0e80,365,0.000012391067
0x0e81,365,0.000012391067
0x0e83,365,0.000012391067
0x0e86,317,0.000010761557
0x0e87,317,0.000010761557
0x0e88,317,0.000010761557
0x0e8a,317,0.000010761557
0x0e8b,317,0.000010761557
0x0e90,255,0.000008656773
0x0e91,255,0.000008656773
0x0e93,255,0.000008656773
0x0e94,255,0.000008656773
0x0e95,182,0.000006178559
0x0e97,182,0.000006178559
0x0e98,182,0.000006178559
0x0e99,58,0.000001968991
0x0e9a,58,0.000001968991
0x0e9b,58,0.000001968991
0x0e9c,58,0.000001968991
0x0e9e,58,0.000001968991
0x0e9f,58,0.000001968991
0x0ea0,48,0.000001629510
0x0ea3,48,0.000001629510
0x0ea4,56,0.000001901095
0x0ea5,56,0.000001901095
0x0ea6,56,0.000001901095
0x0ea7,56,0.000001901095
0x0ea8,56,0.000001901095
0x0ea9,56,0.000001901095
0x0eaa,56,0.000001901095
0x0eac,56,0.000001901095
0x0ead,60,0.000002036888
0x0eae,60,0.000002036888
0x0eb0,60,0.000002036888
0x0eb1,60,0.000002036888
0x0eb2,60,0.000002036888
0x0eb4,60,0.000002036888
0x0eb5,60,0.000002036888
0x0eb6,60,0.000002036888
0x0eb7,60,0.000002036888
0x0eb8,60,0.000002036888
0x0ebb,60,0.000002036888
0x0ebc,60,0.000002036888
0x0ebe,60,0.000002036888
0x0ec1,59,0.000002002940
0x0ec3,60,0.000002036888
0x0ec4,60,0.000002036888
0x0ec5,60,0.000002036888
0x0ec8,9,0.000000305533
0x0ec9,9,0.000000305533
0x0eca,9,0.000000305533
0x0ecb,9,0.000000305533
0x0ecc,9,0.000000305533
0x0ecd,9,0.000000305533
0x0ece,9,0.000000305533
0x0ed1,1,0.000000033948
0x0ed2,1,0.000000033948
0x0ed3,1,0.000000033948
0x0ed4,1,0.000000033948
0x0ed5,60,0.000002036888
0x0ed6,60,0.000002036888
0x0ed7,60,0.000002036888
0x0ed8,60,0.000002036888
0x0ed9,60,0.000002036888
0x0eda,60,0.000002036888
0x0edb,60,0.000002036888
0x0edc,60,0.000002036888
0x0ede,60,0.000002036888
0x0ee0,60,0.000002036888
0x0ee2,60,0.000002036888
0x0ee3,60,0.000002036888
0x0ee4,60,0.000002036888
0x0ee5,60,0.000002036888
0x0f00,2004,0.000068032049
0x0f03,2004,0.000068032049
0x0f04,2004,0.000068032049
0x0f06,2004,0.000068032049
0x0f09,2004,0.000068032049
0x0f0b,2004,0.000068032049
0x0f0c,2004,0.000068032049
0x0f0d,2004,0.000068032049
0x0f0e,2004,0.000068032049
0x0f11,2004,0.000068032049
0x0f14,2004,0.000068032049
0x0f15,5,0.000000169741
0x0f16,5,0.000000169741
0x0f17,5,0.000000169741
0x0f1a,5,0.000000169741
0x0f1b,5,0.000000169741
0x0f1d,5,0.000000169741
0x0f1e,5,0.000000169741
0x0f1f,5,0.000000169741
0x0f20,5,0.000000169741
0x0f23,32,0.000001086340
0x0f24,32,0.000001086340
0x0f25,32,0.000001086340
0x0f26,32,0.000001086340
0x0f28,32,0.000001086340
0x0f2b,28,0.000000950548
0x0f2c,28,0.000000950548
0x0f2d,28,0.000000950548
0x0f2f,28,0.000000950548
0x0f30,28,0.000000950548
0x0f33,1,0.000000033948
0x0f38,14,0.000000475274
0x0f39,14,0.000000475274
0x0f3a,14,0.000000475274
0x0f3b,14,0.000000475274
0x0f3d,14,0.000000475274
0x0f3e,8,0.000000271585
0x0f40,8,0.000000271585
0x0f41,7,0.000000237637
0x0f42,7,0.000000237637
0x0f43,7,0.000000237637
0x0f44,5,0.000000169741
0x0f45,5,0.000000169741
0x0f46,4,0.000000135793
0x0f49,4,0.000000135793
0x0f4c,4,0.000000135793
0x0f4d,4,0.000000135793
0x0f4e,4,0.000000135793
0x0f56,4004,0.000135928306
0x0f57,4004,0.000135928306
0x0f58,8004,0.000271720819
0x0f59,8004,0.000271720819
0x0f5b,8004,0.000271720819
0x0f5e,5,0.000000169741
0x0f60,5,0.000000169741
0x0f63,7999,0.000271551078
0x0f64,7999,0.000271551078
0x0f65,7999,0.000271551078
0x0f68,3999,0.000135758565
0x0f69,3999,0.000135758565
0x0f6a,3999,0.000135758565
0x0f6d,3999,0.000135758565
0x0f6e,3999,0.000135758565
0x0f71,1999,0.000067862308
0x0fc0,5253,0.000178329518
0x0fc3,5253,0.000178329518
0x0fc6,5253,0.000178329518
0x0fc9,5253,0.000178329518
0x0fcc,5253,0.000178329518
0x0fcf,5253,0.000178329518
0x0fd2,5253,0.000178329518
0x0fd5,5253,0.000178329518
0x0fd8,10506,0.000356659036
0x0fd9,10506,0.000356659036
0x0fda,10506,0.000356659036
0x0fdb,813,0.000027599828
0x0fdc,813,0.000027599828
0x0fdd,813,0.000027599828
0x0fde,813,0.000027599828
0x0fdf,813,0.000027599828
0x0fe0,813,0.000027599828
0x0fe1,813,0.000027599828
0x0fe2,813,0.000027599828
0x0fe3,813,0.000027599828
0x0fe6,813,0.000027599828
0x0fe7,813,0.000027599828
0x0fe9,813,0.000027599828
0x0fea,813,0.000027599828
0x0fec,813,0.000027599828
0x0fed,813,0.000027599828
0x0fef,813,0.000027599828
0x0ff0,813,0.000027599828
0x0ff1,813,0.000027599828
0x0ff4,813,0.000027599828
0x14e0,1091,0.000037037408
0x14e1,1091,0.000037037408
0x14e4,1091,0.000037037408
0x14e6,1091,0.000037037408
0x17e0,8552,0.000290324393
0x17e3,8552,0.000290324393
0x17e5,8552,0.000290324393
0x17e8,8552,0.000290324393
0x1df0,602,0.000020436773
0x1df3,602,0.000020436773
0x1df5,602,0.000020436773
0x1ee0,352,0.000011949741
0x1ee3,352,0.000011949741
0x1ee6,9152,0.000310693270
0x1ee7,9152,0.000310693270
0x1ee8,9152,0.000310693270
0x1ee9,9152,0.000310693270
0x1eec,9152,0.000310693270
0x1eed,9152,0.000310693270
0x1ef0,352,0.000011949741
0x1ef1,352,0.000011949741
0x1ef2,352,0.000011949741
0x1ef4,352,0.000011949741
0x1ef7,352,0.000011949741
0x1ef8,352,0.000011949741
0x1ef9,352,0.000011949741
0x1efa,352,0.000011949741
0x2000,6904,0.000234377878
0x2003,6904,0.000234377878
0x2006,6904,0.000234377878
0x2009,6904,0.000234377878
0x200c,6904,0.000234377878
0x200d,6904,0.000234377878
0x200f,6904,0.000234377878
0x2010,6904,0.000234377878
0x2011,6904,0.000234377878
0x2014,6904,0.000234377878
0x2015,6904,0.000234377878
0x2018,6712,0.000227859837
0x201a,6712,0.000227859837
0x201d,1297,0.000044030722
0x201e,1297,0.000044030722
0x201f,1297,0.000044030722
0x2020,1297,0.000044030722
0x2023,325,0.000011033142
0x2025,1297,0.000044030722
0x2026,1297,0.000044030722
0x2027,1297,0.000044030722
0x202a,1293,0.000043894930
0x2040,4278,0.000145230093
0x2043,4278,0.000145230093
0x2046,4278,0.000145230093
0x2047,4278,0.000145230093
0x2048,4278,0.000145230093
0x2049,34,0.000001154236
0x204a,34,0.000001154236
0x204b,34,0.000001154236
0x204c,34,0.000001154236
0x204d,34,0.000001154236
0x204e,34,0.000001154236
0x204f,34,0.000001154236
0x2050,34,0.000001154236
0x2051,34,0.000001154236
0x2052,34,0.000001154236
0x2055,34,0.000001154236
0x2057,34,0.000001154236
0x2058,34,0.000001154236
0x2059,34,0.000001154236
0x205a,34,0.000001154236
0x205c,34,0.000001154236
0x205d,34,0.000001154236
0x205e,34,0.000001154236
0x2060,34,0.000001154236
0x2061,34,0.000001154236
0x2062,34,0.000001154236
0x2063,34,0.000001154236
0x2064,34,0.000001154236
0x2065,34,0.000001154236
0x2066,34,0.000001154236
0x2068,34,0.000001154236
0x2069,34,0.000001154236
0x206a,34,0.000001154236
0x206b,34,0.000001154236
0x206c,34,0.000001154236
0x206d,34,0.000001154236
0x2070,176,0.000005974871
0x2071,176,0.000005974871
0x2073,176,0.000005974871
0x2075,176,0.000005974871
0x2076,176,0.000005974871
0x2077,176,0.000005974871
0x2079,176,0.000005974871
0x207a,176,0.000005974871
0x207b,176,0.000005974871
0x207e,176,0.000005974871
0x2081,176,0.000005974871
0x2085,176,0.000005974871
0x2087,176,0.000005974871
0x2088,176,0.000005974871
0x2089,176,0.000005974871
0x208a,176,0.000005974871
0x208c,176,0.000005974871
0x208d,176,0.000005974871
0x208f,176,0.000005974871
0x2090,176,0.000005974871
0x2091,592,0.000020097292
0x2093,592,0.000020097292
0x2094,592,0.000020097292
0x2096,592,0.000020097292
0x2097,592,0.000020097292
0x209a,416,0.000014122421
0x209b,416,0.000014122421
0x209c,416,0.000014122421
0x209d,416,0.000014122421
0x209f,416,0.000014122421
0x20a0,416,0.000014122421
0x20a1,416,0.000014122421
0x20a3,416,0.000014122421
0x20a4,416,0.000014122421
0x20a5,416,0.000014122421
0x20a7,416,0.000014122421
0x20a8,416,0.000014122421
0x20b0,176,0.000005974871
0x20b1,4800,0.000162951016
0x20b2,4800,0.000162951016
0x20b3,4800,0.000162951016
0x20b5,38400,0.001303608126
0x20b7,38400,0.001303608126
0x20b8,38400,0.001303608126
0x20bb,1514,0.000051397466
0x20bc,1514,0.000051397466
0x20bd,1514,0.000051397466
0x20be,1514,0.000051397466
0x20bf,38400,0.001303608126
0x20c0,38400,0.001303608126
0x20c1,38400,0.001303608126
0x20c2,38400,0.001303608126
0x20c5,4800,0.000162951016
0x20c6,4800,0.000162951016
0x20c7,4800,0.000162951016
0x20c8,4800,0.000162951016
0x20c9,4800,0.000162951016
0x20cc,2400,0.000081475508
0x20cd,2400,0.000081475508
0x20cf,2400,0.000081475508
0x20d2,2224,0.000075500637
0x20d3,2224,0.000075500637
0x20d4,2224,0.000075500637
0x20d6,2224,0.000075500637
0x20d7,2224,0.000075500637
0x20d8,2224,0.000075500637
0x20da,2224,0.000075500637
0x20db,2224,0.000075500637
0x20dc,2224,0.000075500637
0x20de,2224,0.000075500637
0x20e1,176,0.000005974871
0x20e2,176,0.000005974871
0x20e8,176,0.000005974871
0x20e9,176,0.000005974871
0x20ea,176,0.000005974871
0x20ec,176,0.000005974871
0x20ed,176,0.000005974871
0x20f0,176,0.000005974871
0x20f1,176,0.000005974871
0x20f2,176,0.000005974871
0x20f3,176,0.000005974871
0x20f4,176,0.000005974871
0x20f6,176,0.000005974871
0x20f7,176,0.000005974871
0x20f8,176,0.000005974871
0x20fa,176,0.000005974871
0x20fb,176,0.000005974871
0x20fc,176,0.000005974871
0x20fd,176,0.000005974871
0x20fe,176,0.000005974871
0x20ff,176,0.000005974871
0x2101,176,0.000005974871
0x2103,176,0.000005974871
0x2104,176,0.000005974871
0x2106,176,0.000005974871
0x2107,176,0.000005974871
0x2108,176,0.000005974871
0x2109,176,0.000005974871
0x210a,176,0.000005974871
0x210d,176,0.000005974871
0x211c,176,0.000005974871
0x211f,176,0.000005974871
0x2120,176,0.000005974871
0x2122,176,0.000005974871
0x2123,144,0.000004888530
0x2125,144,0.000004888530
0x2126,16,0.000000543170
0x2128,16,0.000000543170
0x2129,16,0.000000543170
0x212c,16,0.000000543170
0x2130,5419,0.000183964907
0x2131,5419,0.000183964907
0x2132,5419,0.000183964907
0x2135,4062,0.000137897297
0x2137,4062,0.000137897297
0x213a,2708,0.000091931531
0x213c,2708,0.000091931531
0x213f,1354,0.000045965766
0x2146,1293,0.000043894930
0x2147,1293,0.000043894930
0x2148,1293,0.000043894930
0x214b,646,0.000021930491
0x2150,1357,0.000046067610
0x2153,1357,0.000046067610
0x2156,1357,0.000046067610
0x2160,1354,0.000045965766
0x2163,1354,0.000045965766
0x2166,1354,0.000045965766
0x2169,1354,0.000045965766
0x2170,1354,0.000045965766
0x2173,1354,0.000045965766
0x2180,1354,0.000045965766
0x2183,1354,0.000045965766
0x2186,1354,0.000045965766
0x2189,1354,0.000045965766
0x2190,647,0.000021964439
0x2193,647,0.000021964439
0x2196,647,0.000021964439
0x2199,647,0.000021964439
0x219c,647,0.000021964439
0x21a5,646,0.000021930491
0x21a8,646,0.000021930491
0x21ab,646,0.000021930491
0x21ae,646,0.000021930491
0x21b1,646,0.000021930491
0x21ba,192,0.000006518041
0x21bb,192,0.000006518041
0x21bc,192,0.000006518041
0x21bf,96,0.000003259020
0x21c2,96,0.000003259020
0x21c5,96,0.000003259020
0x21c8,96,0.000003259020
0x21cb,96,0.000003259020
0x21cd,96,0.000003259020
0x21cf,96,0.000003259020
0x21dc,352,0.000011949741
0x21dd,352,0.000011949741
0x21de,352,0.000011949741
0x21df,352,0.000011949741
0x21e2,352,0.000011949741
0x21e4,352,0.000011949741
0x21e5,352,0.000011949741
0x21e6,352,0.000011949741
0x21e8,352,0.000011949741
0x21e9,352,0.000011949741
0x21eb,352,0.000011949741
0x21ec,352,0.000011949741
0x21ed,352,0.000011949741
0x21ef,352,0.000011949741
0x21f0,352,0.000011949741
0x21f1,352,0.000011949741
0x21f2,352,0.000011949741
0x21f4,352,0.000011949741
0x21f5,352,0.000011949741
0x21f7,352,0.000011949741
0x21f8,352,0.000011949741
0x21f9,352,0.000011949741
0x21fc,352,0.000011949741
0x2204,192,0.000006518041
0x2207,192,0.000006518041
0x2208,192,0.000006518041
0x2209,192,0.000006518041
0x220b,192,0.000006518041
0x220c,2,0.000000067896
0x220e,2,0.000000067896
0x2210,2,0.000000067896
0x2212,2,0.000000067896
0x2214,2,0.000000067896
0x2216,2,0.000000067896
0x2217,2,0.000000067896
0x2218,2,0.000000067896
0x221a,2,0.000000067896
0x221b,2,0.000000067896
0x221d,2,0.000000067896
0x221e,2,0.000000067896
0x2220,2,0.000000067896
0x2221,2,0.000000067896
0x2222,2,0.000000067896
0x2223,2,0.000000067896
0x2224,2,0.000000067896
0x2227,1,0.000000033948
0x2228,1,0.000000033948
0x222a,2,0.000000067896
0x222b,2,0.000000067896
0x2230,220,0.000007468588
0x2233,220,0.000007468588
0x2234,220,0.000007468588
0x2235,220,0.000007468588
0x2236,220,0.000007468588
0x2237,220,0.000007468588
0x2239,220,0.000007468588
0x223b,220,0.000007468588
0x223e,212,0.000007197003
0x2240,212,0.000007197003
0x2243,108,0.000003666398
0x2245,108,0.000003666398
0x2247,108,0.000003666398
0x2249,108,0.000003666398
0x224c,4,0.000000135793
0x224f,4,0.000000135793
0x2250,4,0.000000135793
0x2252,4,0.000000135793
0x2254,4,0.000000135793
0x2260,208,0.000007061211
0x2261,208,0.000007061211
0x2262,208,0.000007061211
0x2263,208,0.000007061211
0x2264,208,0.000007061211
0x2265,208,0.000007061211
0x2267,208,0.000007061211
0x2268,208,0.000007061211
0x2269,208,0.000007061211
0x226b,208,0.000007061211
0x226d,208,0.000007061211
0x226e,208,0.000007061211
0x226f,208,0.000007061211
0x2271,208,0.000007061211
0x2272,208,0.000007061211
0x2273,208,0.000007061211
0x2274,208,0.000007061211
0x2275,208,0.000007061211
0x2276,208,0.000007061211
0x2277,208,0.000007061211
0x2278,208,0.000007061211
0x2279,208,0.000007061211
0x227a,2912,0.000098856950
0x227b,26208,0.000889712546
0x227c,26208,0.000889712546
0x227d,26208,0.000889712546
0x227e,26208,0.000889712546
0x227f,26208,0.000889712546
0x2280,26208,0.000889712546
0x2283,2912,0.000098856950
0x2284,2912,0.000098856950
0x2285,2912,0.000098856950
0x2286,2912,0.000098856950
0x2288,2912,0.000098856950
0x2289,2912,0.000098856950
0x228a,2912,0.000098856950
0x228c,2912,0.000098856950
0x228d,2912,0.000098856950
0x228e,2912,0.000098856950
0x2291,208,0.000007061211
0x2292,8,0.000000271585
0x2295,8,0.000000271585
0x2296,8,0.000000271585
0x2298,8,0.000000271585
0x229b,2,0.000000067896
0x229e,2,0.000000067896
0x22a1,2,0.000000067896
0x22a3,832,0.000028244843
0x22a4,832,0.000028244843
0x22a5,832,0.000028244843
0x22a6,832,0.000028244843
0x22a7,832,0.000028244843
0x22a8,832,0.000028244843
0x22a9,832,0.000028244843
0x22aa,832,0.000028244843
0x22ab,832,0.000028244843
0x22ac,832,0.000028244843
0x22ad,832,0.000028244843
0x22b0,2,0.000000067896
0x22b4,72,0.000002444265
0x22b7,72,0.000002444265
0x22ba,72,0.000002444265
0x22bb,72,0.000002444265
0x22bc,72,0.000002444265
0x22be,72,0.000002444265
0x22c1,1,0.000000033948
0x22c3,1,0.000000033948
0x22c5,1,0.000000033948
0x22ca,49,0.000001663458
0x22cd,49,0.000001663458
0x22ce,49,0.000001663458
0x22d0,49,0.000001663458
0x22d3,1,0.000000033948
0x22d5,1,0.000000033948
0x22d7,1,0.000000033948
0x22d9,1,0.000000033948
0x22db,1,0.000000033948
0x22dd,1,0.000000033948
0x22e0,2,0.000000067896
0x22e2,8,0.000000271585
0x22e5,8,0.000000271585
0x22e8,8,0.000000271585
0x22f0,6,0.000000203689
0x22f3,6,0.000000203689
0x22f4,6,0.000000203689
0x22fa,244,0.000008283343
0x22fd,244,0.000008283343
0x22ff,244,0.000008283343
0x2302,244,0.000008283343
0x2303,4392,0.000149100179
0x2304,4392,0.000149100179
0x2306,4392,0.000149100179
0x2307,4392,0.000149100179
0x2308,4392,0.000149100179
0x2309,4392,0.000149100179
0x230a,4392,0.000149100179
0x230b,4392,0.000149100179
0x230d,4392,0.000149100179
0x230e,4392,0.000149100179
0x230f,4392,0.000149100179
0x2310,4392,0.000149100179
0x2312,4392,0.000149100179
0x2313,4392,0.000149100179
0x2314,4392,0.000149100179
0x2316,4392,0.000149100179
0x2317,4392,0.000149100179
0x231a,488,0.000016566687
0x231b,4392,0.000149100179
0x231c,4392,0.000149100179
0x231f,244,0.000008283343
0x2322,732,0.000024850030
0x2325,732,0.000024850030
0x2326,732,0.000024850030
0x2327,732,0.000024850030
0x2329,732,0.000024850030
0x232a,732,0.000024850030
0x232b,732,0.000024850030
0x232c,732,0.000024850030
0x232e,732,0.000024850030
0x232f,732,0.000024850030
0x2331,732,0.000024850030
0x2334,732,0.000024850030
0x2337,732,0.000024850030
0x2351,1952,0.000066266746
0x2352,1952,0.000066266746
0x2354,1952,0.000066266746
0x2355,413,0.000014020577
0x2356,413,0.000014020577
0x2357,413,0.000014020577
0x2358,413,0.000014020577
0x235a,413,0.000014020577
0x235b,413,0.000014020577
0x235e,413,0.000014020577
0x235f,413,0.000014020577
0x2360,413,0.000014020577
0x2361,413,0.000014020577
0x2362,413,0.000014020577
0x2364,413,0.000014020577
0x2365,413,0.000014020577
0x2366,413,0.000014020577
0x2368,413,0.000014020577
0x2369,413,0.000014020577
0x236a,413,0.000014020577
0x236b,413,0.000014020577
0x236c,413,0.000014020577
0x236e,413,0.000014020577
0x2370,413,0.000014020577
0x2373,368,0.000012492911
0x2375,368,0.000012492911
0x2377,368,0.000012492911
0x237a,368,0.000012492911
0x237b,45,0.000001527666
0x237c,45,0.000001527666
0x237e,45,0.000001527666
0x237f,45,0.000001527666
0x2381,45,0.000001527666
0x2384,45,0.000001527666
0x2385,45,0.000001527666
0x2386,45,0.000001527666
0x2387,45,0.000001527666
0x2389,45,0.000001527666
0x238a,13,0.000000441326
0x238c,13,0.000000441326
0x238d,13,0.000000441326
0x238e,13,0.000000441326
0x2390,13,0.000000441326
0x2391,11,0.000000373429
0x2393,11,0.000000373429
0x23d6,5985,0.000203179548
0x23d9,5985,0.000203179548
0x23da,5985,0.000203179548
0x23dc,5985,0.000203179548
0x23de,5985,0.000203179548
0x23e1,2961,0.000100520408
0x23e3,2961,0.000100520408
0x23e6,1875,0.000063652741
0x23e8,1875,0.000063652741
0x23eb,215,0.000007298848
0x23ed,215,0.000007298848
0x23f0,215,0.000007298848
0x23f2,215,0.000007298848
0x2476,37,0.000001256081
0x2477,37,0.000001256081
0x2478,37,0.000001256081
0x247b,37,0.000001256081
0x247d,37,0.000001256081
0x247e,37,0.000001256081
0x2481,37,0.000001256081
0x2483,37,0.000001256081
0x2484,37,0.000001256081
0x2485,37,0.000001256081
0x2487,37,0.000001256081
0x2488,37,0.000001256081
0x2489,37,0.000001256081
0x248a,37,0.000001256081
0x248c,37,0.000001256081
0x248d,37,0.000001256081
0x248f,37,0.000001256081
0x2490,37,0.000001256081
0x2493,37,0.000001256081
0x2495,37,0.000001256081
0x2496,37,0.000001256081
0x2497,37,0.000001256081
0x2498,36,0.000001222133
0x2499,36,0.000001222133
0x249a,36,0.000001222133
0x249b,24,0.000000814755
0x249c,24,0.000000814755
0x249d,24,0.000000814755
0x249e,14,0.000000475274
0x249f,14,0.000000475274
0x24a0,6904,0.000234377878
0x24a3,6904,0.000234377878
0x24a5,6904,0.000234377878
0x24a7,6904,0.000234377878
0x24a8,1952,0.000066266746
0x24ab,1952,0.000066266746
0x24ae,1952,0.000066266746
0x24b1,1952,0.000066266746
0x24b4,1952,0.000066266746
0x24b6,1952,0.000066266746
0x24b8,1952,0.000066266746
0x24b9,488,0.000016566687
0x24c4,3450,0.000117121043
0x24c7,3450,0.000117121043
0x24c9,3450,0.000117121043
0x24cb,3450,0.000117121043
0x24ce,976,0.000033133373
0x24d1,976,0.000033133373
0x24d4,976,0.000033133373
0x24d5,976,0.000033133373
0x24d6,976,0.000033133373
0x24d8,976,0.000033133373
0x24db,732,0.000024850030
0x24e0,976,0.000033133373
0x24e3,976,0.000033133373
0x24e5,976,0.000033133373
0x24e6,61,0.000002070836
0x24e9,61,0.000002070836
0x24eb,61,0.000002070836
0x24ec,61,0.000002070836
0x24f2,488,0.000016566687
0x24f5,488,0.000016566687
0x24f7,488,0.000016566687
0x24f8,488,0.000016566687
0x24f9,488,0.000016566687
0x24fc,488,0.000016566687
0x24fe,488,0.000016566687
0x24ff,488,0.000016566687
0x2500,144,0.000004888530
0x2503,144,0.000004888530
0x2504,144,0.000004888530
0x2505,134,0.000004549049
0x2508,134,0.000004549049
0x2509,134,0.000004549049
0x250a,33,0.000001120288
0x250b,33,0.000001120288
0x250d,33,0.000001120288
0x250e,33,0.000001120288
0x2511,33,0.000001120288
0x2512,33,0.000001120288
0x2513,33,0.000001120288
0x2515,33,0.000001120288
0x2517,33,0.000001120288
0x2518,33,0.000001120288
0x2519,33,0.000001120288
0x251a,33,0.000001120288
0x2560,2001,0.000067930205
0x2563,2001,0.000067930205
0x2564,2001,0.000067930205
0x2566,2001,0.000067930205
0x2567,2001,0.000067930205
0x2568,2001,0.000067930205
0x2569,2001,0.000067930205
0x256a,2001,0.000067930205
0x256b,2001,0.000067930205
0x256d,2001,0.000067930205
0x256e,2001,0.000067930205
0x2570,2001,0.000067930205
0x2572,2001,0.000067930205
0x2575,2001,0.000067930205
0x2576,2001,0.000067930205
0x2577,2001,0.000067930205
0x2578,2001,0.000067930205
0x2579,2001,0.000067930205
0x257b,2001,0.000067930205
0x257c,2001,0.000067930205
0x257f,2001,0.000067930205
0x2581,2001,0.000067930205
0x2582,2001,0.000067930205
0x2585,2001,0.000067930205
0x2587,2001,0.000067930205
0x2588,15944,0.000541268957
0x2589,15944,0.000541268957
0x258c,15922,0.000540522098
0x258d,15922,0.000540522098
0x258e,15922,0.000540522098
0x2590,15922,0.000540522098
0x2591,15922,0.000540522098
0x2592,15922,0.000540522098
0x2595,1979,0.000067183346
0x2596,15944,0.000541268957
0x2597,15944,0.000541268957
0x2599,15944,0.000541268957
0x259a,8939,0.000303462319
0x259b,8939,0.000303462319
0x259c,8939,0.000303462319
0x259e,8939,0.000303462319
0x259f,8939,0.000303462319
0x25a1,8939,0.000303462319
0x25a2,8215,0.000278883874
0x25a3,8215,0.000278883874
0x25a4,8215,0.000278883874
0x25a5,8215,0.000278883874
0x25a6,5338,0.000181215109
0x25a7,5338,0.000181215109
0x25a8,1143,0.000038802711
0x25a9,1143,0.000038802711
0x25aa,1143,0.000038802711
0x25ab,1143,0.000038802711
0x25ac,1102,0.000037410837
0x25ae,1102,0.000037410837
0x25af,22,0.000000746859
0x25b0,22,0.000000746859
0x25b1,22,0.000000746859
0x25b2,22,0.000000746859
0x25b3,22,0.000000746859
0x25b4,22,0.000000746859
0x25b5,22,0.000000746859
0x25b6,22,0.000000746859
0x25b7,164,0.000005567493
0x25ba,164,0.000005567493
0x25bc,164,0.000005567493
0x25be,164,0.000005567493
0x25ca,164,0.000005567493
0x25cd,401,0.000013613199
0x25ce,401,0.000013613199
0x25d0,401,0.000013613199
0x25d3,322,0.000010931297
0x25d4,322,0.000010931297
0x25d6,322,0.000010931297
0x25d7,322,0.000010931297
0x25d8,322,0.000010931297
0x25db,85,0.000002885591
0x25dc,85,0.000002885591
0x25dd,85,0.000002885591
0x25e0,79,0.000002681902
0x25e1,79,0.000002681902
0x25e3,79,0.000002681902
0x25e4,79,0.000002681902
0x25e5,79,0.000002681902
0x25e7,79,0.000002681902
0x25e8,79,0.000002681902
0x25ea,79,0.000002681902
0x25eb,79,0.000002681902
0x25ec,79,0.000002681902
0x25ed,79,0.000002681902
0x25ef,79,0.000002681902
0x25f0,79,0.000002681902
0x25f1,79,0.000002681902
0x25f3,79,0.000002681902
0x25f4,79,0.000002681902
0x25f6,79,0.000002681902
0x25f7,79,0.000002681902
0x25f8,79,0.000002681902
0x25f9,79,0.000002681902
0x25fa,79,0.000002681902
0x25fb,79,0.000002681902
0x25fc,79,0.000002681902
0x25fd,79,0.000002681902
0x2600,2924,0.000099264327
0x2601,2924,0.000099264327
0x2602,2924,0.000099264327
0x2603,2924,0.000099264327
0x2604,2924,0.000099264327
0x2605,2924,0.000099264327
0x2608,2924,0.000099264327
0x2609,2924,0.000099264327
0x260a,2924,0.000099264327
0x260b,2924,0.000099264327
0x260c,2924,0.000099264327
0x260e,2924,0.000099264327
0x2611,2924,0.000099264327
0x2612,2924,0.000099264327
0x2613,2924,0.000099264327
0x2616,2924,0.000099264327
0x2617,2924,0.000099264327
0x261a,1720,0.000058390781
0x261d,1720,0.000058390781
0x261e,1720,0.000058390781
0x2620,1720,0.000058390781
0x2621,1720,0.000058390781
0x2624,1720,0.000058390781
0x2625,1720,0.000058390781
0x2626,1720,0.000058390781
0x2628,1720,0.000058390781
0x2629,1720,0.000058390781
0x262b,1720,0.000058390781
0x262c,1720,0.000058390781
0x262e,1720,0.000058390781
0x262f,1720,0.000058390781
0x2630,1720,0.000058390781
0x2631,1720,0.000058390781
0x2633,1720,0.000058390781
0x2634,1720,0.000058390781
0x2635,1720,0.000058390781
0x2638,1720,0.000058390781
0x2639,2924,0.000099264327
0x263c,2924,0.000099264327
0x263f,2924,0.000099264327
0x2642,2924,0.000099264327
0x2643,2924,0.000099264327
0x2646,1462,0.000049632164
0x2649,1462,0.000049632164
0x2650,1204,0.000040873546
0x2651,1204,0.000040873546
0x2654,1204,0.000040873546
0x2655,1204,0.000040873546
0x2656,1204,0.000040873546
0x2658,1204,0.000040873546
0x2659,1204,0.000040873546
0x265b,1204,0.000040873546
0x265c,1204,0.000040873546
0x265e,1204,0.000040873546
0x2661,1204,0.000040873546
0x2662,1204,0.000040873546
0x2668,1462,0.000049632164
0x266b,1462,0.000049632164
0x266c,1462,0.000049632164
0x266d,1462,0.000049632164
0x2670,1462,0.000049632164
0x2672,1462,0.000049632164
0x2676,1462,0.000049632164
0x2678,1462,0.000049632164
0x267c,1462,0.000049632164
0x267f,1462,0.000049632164
0x2681,1462,0.000049632164
0x2684,1462,0.000049632164
0x2685,1462,0.000049632164
0x2688,1462,0.000049632164
0x268a,1462,0.000049632164
0x268b,1462,0.000049632164
0x268d,1462,0.000049632164
0x268e,1462,0.000049632164
0x268f,1462,0.000049632164
0x2692,1457,0.000049462423
0x2693,1462,0.000049632164
0x2694,1462,0.000049632164
0x2697,1462,0.000049632164
0x2699,1462,0.000049632164
0x269c,483,0.000016396946
0x269d,1462,0.000049632164
0x269f,1462,0.000049632164
0x26a2,130,0.000004413257
0x26a3,1462,0.000049632164
0x26a4,1462,0.000049632164
0x26a7,1462,0.000049632164
0x26aa,1462,0.000049632164
0x26ad,1462,0.000049632164
0x26ae,1462,0.000049632164
0x26af,1462,0.000049632164
0x26b0,1462,0.000049632164
0x26b1,329,0.000011168934
0x26b2,329,0.000011168934
0x26b4,329,0.000011168934
0x26b5,329,0.000011168934
0x26b7,329,0.000011168934
0x26b8,324,0.000010999194
0x26ba,324,0.000010999194
0x26bb,37,0.000001256081
0x26bc,37,0.000001256081
0x26bd,37,0.000001256081
0x26be,37,0.000001256081
0x26bf,37,0.000001256081
0x26c2,37,0.000001256081
0x26c4,37,0.000001256081
0x26c6,37,0.000001256081
0x26c7,37,0.000001256081
0x26c8,37,0.000001256081
0x26ca,37,0.000001256081
0x26cb,37,0.000001256081
0x26cc,37,0.000001256081
0x26d0,1462,0.000049632164
0x26d3,1462,0.000049632164
0x26d6,1462,0.000049632164
0x26d9,11696,0.000397057308
0x26da,11696,0.000397057308
0x26db,11696,0.000397057308
0x26de,7030,0.000238655342
0x26df,7030,0.000238655342
0x26e0,7030,0.000238655342
0x26e3,1462,0.000049632164
0x26e4,7030,0.000238655342
0x26e5,11696,0.000397057308
0x26e6,11696,0.000397057308
0x26e7,11696,0.000397057308
0x26e8,11696,0.000397057308
0x26e9,11696,0.000397057308
0x26eb,11696,0.000397057308
0x26ee,1462,0.000049632164
0x26f1,1462,0.000049632164
0x26f2,1462,0.000049632164
0x26f3,1462,0.000049632164
0x26f5,1462,0.000049632164
0x26f8,1462,0.000049632164
0x26f9,1462,0.000049632164
0x26fa,1462,0.000049632164
0x26fd,1462,0.000049632164
0x2700,8113,0.000275421165
0x2703,8113,0.000275421165
0x2704,8113,0.000275421165
0x2705,8113,0.000275421165
0x2706,8112,0.000275387217
0x2707,8112,0.000275387217
0x2708,8112,0.000275387217
0x270a,8112,0.000275387217
0x270b,8112,0.000275387217
0x270c,8112,0.000275387217
0x270e,8112,0.000275387217
0x270f,8112,0.000275387217
0x2711,8112,0.000275387217
0x2714,8112,0.000275387217
0x2717,32448,0.001101548866
0x271a,32448,0.001101548866
0x271b,32448,0.001101548866
0x271c,32448,0.001101548866
0x271d,32448,0.001101548866
0x271e,32448,0.001101548866
0x2720,32448,0.001101548866
0x2723,8112,0.000275387217
0x2725,8112,0.000275387217
0x2728,8112,0.000275387217
0x272a,8112,0.000275387217
0x2739,8112,0.000275387217
0x273c,8112,0.000275387217
0x273d,8112,0.000275387217
0x2740,8112,0.000275387217
0x2743,8112,0.000275387217
0x2748,32448,0.001101548866
0x2749,32448,0.001101548866
0x274a,32448,0.001101548866
0x274c,32448,0.001101548866
0x274d,114,0.000003870087
0x274e,114,0.000003870087
0x274f,114,0.000003870087
0x2750,57,0.000001935043
0x2751,57,0.000001935043
0x2752,57,0.000001935043
0x2753,57,0.000001935043
0x2754,57,0.000001935043
0x2755,57,0.000001935043
0x2757,57,0.000001935043
0x2758,57,0.000001935043
0x2759,57,0.000001935043
0x275b,57,0.000001935043
0x275c,57,0.000001935043
0x275f,57,0.000001935043
0x2760,57,0.000001935043
0x2761,57,0.000001935043
0x2764,57,0.000001935043
0x2768,57,0.000001935043
0x2769,57,0.000001935043
0x276c,57,0.000001935043
0x276e,57,0.000001935043
0x2771,57,0.000001935043
0x2772,57,0.000001935043
0x2775,13,0.000000441326
0x2778,57,0.000001935043
0x277b,57,0.000001935043
0x277c,57,0.000001935043
0x277f,57,0.000001935043
0x2780,57,0.000001935043
0x2781,57,0.000001935043
0x2782,57,0.000001935043
0x2783,57,0.000001935043
0x2784,57,0.000001935043
0x2785,57,0.000001935043
0x2786,57,0.000001935043
0x2789,57,0.000001935043
0x27a8,8112,0.000275387217
0x27ab,8112,0.000275387217
0x27ac,8112,0.000275387217
0x27af,8112,0.000275387217
0x27b0,8112,0.000275387217
0x27b1,8112,0.000275387217
0x27b4,8112,0.000275387217
0x27b6,8112,0.000275387217
0x27b7,8112,0.000275387217
0x27b8,8112,0.000275387217
0x27ba,8112,0.000275387217
0x27bd,7344,0.000249315054
0x27c0,7344,0.000249315054
0x27c1,7344,0.000249315054
0x27c2,7344,0.000249315054
0x27c5,7248,0.000246056034
0x27c7,7248,0.000246056034
0x27c8,7248,0.000246056034
0x27c9,7248,0.000246056034
0x27ca,3382,0.000114812570
0x27cc,3382,0.000114812570
0x27cf,3216,0.000109177181
0x27d0,3216,0.000109177181
0x27d2,3216,0.000109177181
0x27d3,3216,0.000109177181
0x27d5,3216,0.000109177181
0x27d6,3216,0.000109177181
0x27d8,166,0.000005635389
0x27da,166,0.000005635389
0x27dc,166,0.000005635389
0x27dd,166,0.000005635389
0x27df,166,0.000005635389
0x27e0,166,0.000005635389
0x27e2,96,0.000003259020
0x27e4,96,0.000003259020
0x27e9,96,0.000003259020
0x27ea,96,0.000003259020
0x27ec,96,0.000003259020
0x27ee,96,0.000003259020
0x3000,2004,0.000068032049
0x3003,2004,0.000068032049
0x3004,2004,0.000068032049
0x3005,2004,0.000068032049
0x3007,2004,0.000068032049
0x300a,2004,0.000068032049
0x300b,2004,0.000068032049
0x300c,2004,0.000068032049
0x300d,2004,0.000068032049
0x300e,2004,0.000068032049
0x300f,2004,0.000068032049
0x3010,2004,0.000068032049
0x3011,2004,0.000068032049
0x3012,247,0.000008385188
0x3028,254,0.000008622825
0x302b,254,0.000008622825
0x302c,254,0.000008622825
0x302e,254,0.000008622825
0x302f,254,0.000008622825
0x3031,254,0.000008622825
0x3032,254,0.000008622825
0x3034,254,0.000008622825
0x3035,215,0.000007298848
0x3037,215,0.000007298848
0x3038,215,0.000007298848
0x3039,215,0.000007298848
0x303c,205,0.000006959366
0x303d,205,0.000006959366
0x303e,4,0.000000135793
0x303f,4,0.000000135793
0x3040,4,0.000000135793
0x3042,4,0.000000135793
0x3044,4,0.000000135793
0x3046,4,0.000000135793
0x3048,4,0.000000135793
0x3049,4,0.000000135793
0x304b,4,0.000000135793
0x304d,4,0.000000135793
0x304f,4,0.000000135793
0x3050,4,0.000000135793
0x3052,4,0.000000135793
0x3055,4,0.000000135793
0x3056,4,0.000000135793
0x3057,3,0.000000101844
0x3059,3,0.000000101844
0x305c,10,0.000000339481
0x305f,10,0.000000339481
0x3062,10,0.000000339481
0x3063,10,0.000000339481
0x3064,10,0.000000339481
0x3065,10,0.000000339481
0x3066,10,0.000000339481
0x3067,10,0.000000339481
0x3068,10,0.000000339481
0x306a,10,0.000000339481
0x306c,10,0.000000339481
0x306d,10,0.000000339481
0x3074,51,0.000001731355
0x3077,51,0.000001731355
0x3078,51,0.000001731355
0x3079,51,0.000001731355
0x307a,51,0.000001731355
0x307c,51,0.000001731355
0x307d,51,0.000001731355
0x307f,51,0.000001731355
0x3080,51,0.000001731355
0x3081,51,0.000001731355
0x3082,51,0.000001731355
0x3084,51,0.000001731355
0x3089,51,0.000001731355
0x308a,51,0.000001731355
0x308b,51,0.000001731355
0x308c,51,0.000001731355
0x308d,51,0.000001731355
0x308f,51,0.000001731355
0x3090,51,0.000001731355
0x3092,51,0.000001731355
0x3093,51,0.000001731355
0x3094,51,0.000001731355
0x3095,51,0.000001731355
0x3098,51,0.000001731355
0x309a,51,0.000001731355
0x309d,8,0.000000271585
0x309f,51,0.000001731355
0x30a0,51,0.000001731355
0x30a1,51,0.000001731355
0x30a4,51,0.000001731355
0x30a6,51,0.000001731355
0x30a7,51,0.000001731355
0x30a8,51,0.000001731355
0x30aa,3595,0.000122043521
0x30ad,3595,0.000122043521
0x30ae,3595,0.000122043521
0x30af,3595,0.000122043521
0x30b0,3595,0.000122043521
0x30b1,3595,0.000122043521
0x30b3,3595,0.000122043521
0x30b5,3595,0.000122043521
0x30b6,3595,0.000122043521
0x30b8,3595,0.000122043521
0x30ba,251,0.000008520980
0x30bd,251,0.000008520980
0x30c0,251,0.000008520980
0x30c3,251,0.000008520980
0x30c6,251,0.000008520980
0x30c8,251,0.000008520980
0x30c9,251,0.000008520980
0x30ca,251,0.000008520980
0x30cb,183,0.000006212507
0x30cd,183,0.000006212507
0x30ce,183,0.000006212507
0x30cf,183,0.000006212507
0x30d2,142,0.000004820634
0x30d3,142,0.000004820634
0x30d4,36,0.000001222133
0x30d6,36,0.000001222133
0x30d8,36,0.000001222133
0x30da,753,0.000025562941
0x30db,753,0.000025562941
0x30dc,753,0.000025562941
0x30dd,753,0.000025562941
0x30de,422,0.000014326110
0x30df,422,0.000014326110
0x30e4,41,0.000001391873
0x30e7,41,0.000001391873
0x30ea,41,0.000001391873
0x30eb,41,0.000001391873
0x30ed,41,0.000001391873
0x30f2,41,0.000001391873
0x30f3,41,0.000001391873
0x30f5,41,0.000001391873
0x30f6,41,0.000001391873
0x30f7,41,0.000001391873
0x30f8,41,0.000001391873
0x30fa,41,0.000001391873
0x30fc,41,0.000001391873
0x30ff,41,0.000001391873
0x3102,41,0.000001391873
0x3105,41,0.000001391873
0x3106,41,0.000001391873
0x3107,41,0.000001391873
0x3108,41,0.000001391873
0x310a,41,0.000001391873
0x310c,41,0.000001391873
0x310e,41,0.000001391873
0x310f,41,0.000001391873
0x3112,123,0.000004175620
0x3113,123,0.000004175620
0x3114,123,0.000004175620
0x3115,123,0.000004175620
0x3116,75,0.000002546110
0x3117,75,0.000002546110
0x3118,75,0.000002546110
0x311a,75,0.000002546110
0x311b,75,0.000002546110
0x311c,75,0.000002546110
0x311d,75,0.000002546110
0x311e,41,0.000001391873
0x311f,41,0.000001391873
0x3121,41,0.000001391873
0x3124,251,0.000008520980
0x3127,251,0.000008520980
0x3128,251,0.000008520980
0x312a,251,0.000008520980
0x312b,36,0.000001222133
0x312d,36,0.000001222133
0x312f,36,0.000001222133
0x3130,36,0.000001222133
0x3131,36,0.000001222133
0x3132,36,0.000001222133
0x3134,36,0.000001222133
0x3136,36,0.000001222133
0x3138,36,0.000001222133
0x313d,36,0.000001222133
0x313f,36,0.000001222133
0x3140,36,0.000001222133
0x3141,36,0.000001222133
0x3144,36,0.000001222133
0x3145,36,0.000001222133
0x3146,36,0.000001222133
0x3149,29,0.000000984496
0x314b,36,0.000001222133
0x314d,36,0.000001222133
0x314e,36,0.000001222133
0x315a,250,0.000008487032
0x315d,250,0.000008487032
0x315e,250,0.000008487032
0x3160,250,0.000008487032
0x3161,62,0.000002104784
0x3164,62,0.000002104784
0x3165,62,0.000002104784
0x3166,62,0.000002104784
0x3167,62,0.000002104784
0x3169,62,0.000002104784
0x316a,62,0.000002104784
0x316c,62,0.000002104784
0x316d,62,0.000002104784
0x316e,62,0.000002104784
0x316f,62,0.000002104784
0x3171,62,0.000002104784
0x3172,62,0.000002104784
0x3174,62,0.000002104784
0x3176,62,0.000002104784
0x3177,62,0.000002104784
0x3178,62,0.000002104784
0x3179,557,0.000018909107
0x317c,523,0.000017754871
0x317d,523,0.000017754871
0x317e,523,0.000017754871
0x317f,523,0.000017754871
0x3180,523,0.000017754871
0x3181,523,0.000017754871
0x3182,523,0.000017754871
0x3183,523,0.000017754871
0x3186,31,0.000001052392
0x3188,31,0.000001052392
0x318a,523,0.000017754871
0x318b,523,0.000017754871
0x318e,28,0.000000950548
0x3192,557,0.000018909107
0x3193,557,0.000018909107
0x3195,557,0.000018909107
0x3196,299,0.000010150490
0x3199,299,0.000010150490
0x319a,299,0.000010150490
0x319b,34,0.000001154236
0x319e,34,0.000001154236
0x319f,34,0.000001154236
0x31a0,34,0.000001154236
0x31a1,34,0.000001154236
0x31a2,34,0.000001154236
0x31a3,34,0.000001154236
0x31a4,34,0.000001154236
0x31a7,34,0.000001154236
0x31a9,34,0.000001154236
0x31ac,34,0.000001154236
0x31ad,34,0.000001154236
0x31b4,250,0.000008487032
0x31b7,250,0.000008487032
0x31b9,250,0.000008487032
0x31ba,34,0.000001154236
0x31bd,34,0.000001154236
0x31bf,34,0.000001154236
0x31c0,34,0.000001154236
0x31c2,34,0.000001154236
0x31c3,34,0.000001154236
0x31c5,34,0.000001154236
0x31c6,34,0.000001154236
0x31c7,34,0.000001154236
0x31c8,34,0.000001154236
0x31cb,34,0.000001154236
0x31cd,34,0.000001154236
0x31ce,34,0.000001154236
0x31d1,23,0.000000780807
0x31d2,23,0.000000780807
0x31d3,23,0.000000780807
0x31d4,23,0.000000780807
0x31d6,34,0.000001154236
0x31d7,34,0.000001154236
0x31d8,34,0.000001154236
0x31d9,34,0.000001154236
0x31da,34,0.000001154236
0x31dc,34,0.000001154236
0x31de,34,0.000001154236
0x31df,34,0.000001154236
0x31e1,34,0.000001154236
0x31e2,34,0.000001154236
0x31e3,34,0.000001154236
0x31e4,34,0.000001154236
0x31e5,34,0.000001154236
0x31e6,34,0.000001154236
0x31e7,34,0.000001154236
0x31e8,34,0.000001154236
0x31e9,34,0.000001154236
0x31ec,34,0.000001154236
0x31ed,34,0.000001154236
0x31f0,34,0.000001154236
0x31f1,34,0.000001154236
0x31f2,34,0.000001154236
0x31f4,34,0.000001154236
0x31f5,34,0.000001154236
0x31f7,34,0.000001154236
0x31f8,34,0.000001154236
0x31fb,34,0.000001154236
0x31fd,34,0.000001154236
0x31fe,34,0.000001154236
0x31ff,34,0.000001154236
0x3201,34,0.000001154236
0x3202,34,0.000001154236
0x3203,34,0.000001154236
0x3204,34,0.000001154236
0x3207,34,0.000001154236
0x3209,34,0.000001154236
0x320a,34,0.000001154236
0x320b,34,0.000001154236
0x320c,34,0.000001154236
0x320d,34,0.000001154236
0x3210,34,0.000001154236
0x3213,34,0.000001154236
0x3215,34,0.000001154236
0x3216,29,0.000000984496
0x3217,29,0.000000984496
0x3219,29,0.000000984496
0x321b,29,0.000000984496
0x321c,3,0.000000101844
0x321e,3,0.000000101844
0x3220,3,0.000000101844
0x322c,247,0.000008385188
0x322f,247,0.000008385188
0x3231,247,0.000008385188
0x3232,41,0.000001391873
0x3235,41,0.000001391873
0x3238,41,0.000001391873
0x323b,41,0.000001391873
0x323c,41,0.000001391873
0x323f,41,0.000001391873
0x3240,326,0.000011067090
0x3241,326,0.000011067090
0x3243,326,0.000011067090
0x3246,138,0.000004684842
0x3247,138,0.000004684842
0x3248,138,0.000004684842
0x3249,99,0.000003360865
0x324a,99,0.000003360865
0x324b,99,0.000003360865
0x324c,99,0.000003360865
0x324d,99,0.000003360865
0x324e,287,0.000009743113
0x324f,287,0.000009743113
0x3250,287,0.000009743113
0x3251,287,0.000009743113
0x3253,287,0.000009743113
0x3254,287,0.000009743113
0x3256,287,0.000009743113
0x3259,2,0.000000067896
0x325b,2,0.000000067896
0x325e,2,0.000000067896
0x3264,254,0.000008622825
0x3267,254,0.000008622825
0x3268,254,0.000008622825
0x326b,254,0.000008622825
0x326c,254,0.000008622825
0x326e,254,0.000008622825
0x326f,254,0.000008622825
0x3271,254,0.000008622825
0x3272,254,0.000008622825
0x3274,254,0.000008622825
0x3275,35,0.000001188184
0x3277,35,0.000001188184
0x3279,35,0.000001188184
0x327a,35,0.000001188184
0x327b,35,0.000001188184
0x327c,35,0.000001188184
0x327e,35,0.000001188184
0x3281,35,0.000001188184
0x3282,35,0.000001188184
0x3285,35,0.000001188184
0x3286,35,0.000001188184
0x3287,35,0.000001188184
0x3289,35,0.000001188184
0x328a,35,0.000001188184
0x328b,35,0.000001188184
0x328d,35,0.000001188184
0x328e,35,0.000001188184
0x328f,78,0.000002647954
0x3290,78,0.000002647954
0x3291,78,0.000002647954
0x3292,78,0.000002647954
0x3295,73,0.000002478213
0x3296,73,0.000002478213
0x3297,73,0.000002478213
0x329a,56,0.000001901095
0x329b,56,0.000001901095
0x329e,56,0.000001901095
0x329f,56,0.000001901095
0x32a0,56,0.000001901095
0x32a3,56,0.000001901095
0x32a4,78,0.000002647954
0x32a5,78,0.000002647954
0x32a6,78,0.000002647954
0x32a9,3,0.000000101844
0x32ab,78,0.000002647954
0x32ac,78,0.000002647954
0x32af,35,0.000001188184
0x32b0,24,0.000000814755
0x32b3,24,0.000000814755
0x32b5,24,0.000000814755
0x32b8,24,0.000000814755
0x32ba,24,0.000000814755
0x32bc,24,0.000000814755
0x32bf,24,0.000000814755
0x32c2,24,0.000000814755
0x32c3,24,0.000000814755
0x32c4,8,0.000000271585
0x32c5,8,0.000000271585
0x32c6,8,0.000000271585
0x32c7,8,0.000000271585
0x32c8,8,0.000000271585
0x32cb,8,0.000000271585
0x32cd,8,0.000000271585
0x32d0,8,0.000000271585
0x32d2,8,0.000000271585
0x32d4,8,0.000000271585
0x32d6,8,0.000000271585
0x32d7,8,0.000000271585
0x32d9,8,0.000000271585
0x32da,8,0.000000271585
0x32dc,8,0.000000271585
0x32dd,8,0.000000271585
0x32de,8,0.000000271585
0x32e1,8,0.000000271585
0x32e2,8,0.000000271585
0x32e3,8,0.000000271585
0x3400,2924,0.000099264327
0x3403,2924,0.000099264327
0x3406,2924,0.000099264327
0x3409,2924,0.000099264327
0x340c,2924,0.000099264327
0x340f,2924,0.000099264327
0x3412,2924,0.000099264327
0x3413,2924,0.000099264327
0x3416,2924,0.000099264327
0x3418,2924,0.000099264327
0x341b,966,0.000032793892
0x341e,966,0.000032793892
0x3421,966,0.000032793892
0x3424,966,0.000032793892
0x3427,966,0.000032793892
0x342a,966,0.000032793892
0x342d,966,0.000032793892
0x342e,966,0.000032793892
0x3431,483,0.000016396946
0x3434,483,0.000016396946
0x3438,1958,0.000066470435
0x343b,1958,0.000066470435
0x343c,1958,0.000066470435
0x343f,979,0.000033235218
0x3442,979,0.000033235218
0x3445,979,0.000033235218
0x3448,979,0.000033235218
0x344b,979,0.000033235218
0x3452,979,0.000033235218
0x3455,979,0.000033235218
0x3458,979,0.000033235218
0x345b,979,0.000033235218
0x3474,1945,0.000066029110
0x3477,7780,0.000264116438
0x3478,7780,0.000264116438
0x347b,7780,0.000264116438
0x347c,7780,0.000264116438
0x347d,7780,0.000264116438
0x347f,7780,0.000264116438
0x3480,7780,0.000264116438
0x3482,7780,0.000264116438
0x3485,1945,0.000066029110
0x3486,1945,0.000066029110
0x3489,7780,0.000264116438
0x348a,7780,0.000264116438
0x348d,7780,0.000264116438
0x348e,7780,0.000264116438
0x348f,7780,0.000264116438
0x3491,7780,0.000264116438
0x3492,7780,0.000264116438
0x3494,7780,0.000264116438
0x3497,1945,0.000066029110
0x3498,1945,0.000066029110
0x349b,7780,0.000264116438
0x349c,7780,0.000264116438
0x349f,7780,0.000264116438
0x34a0,7780,0.000264116438
0x34a1,7780,0.000264116438
0x34a3,7780,0.000264116438
0x34a4,7780,0.000264116438
0x34a6,7780,0.000264116438
0x34a9,1945,0.000066029110
0x34aa,1945,0.000066029110
0x34ad,7780,0.000264116438
0x34ae,7780,0.000264116438
0x34b1,7780,0.000264116438
0x34b2,7780,0.000264116438
0x34b3,7780,0.000264116438
0x34b5,7780,0.000264116438
0x34b6,7780,0.000264116438
0x34b8,7780,0.000264116438
0x34bb,1945,0.000066029110
0x34c0,15912,0.000540182617
0x34c1,15912,0.000540182617
0x34c2,15912,0.000540182617
0x34c3,8296,0.000281633672
0x34c4,8296,0.000281633672
0x34c6,8296,0.000281633672
0x34c7,8296,0.000281633672
0x34c9,8296,0.000281633672
0x34ca,8296,0.000281633672
0x34cb,8296,0.000281633672
0x34cc,8296,0.000281633672
0x34cd,8296,0.000281633672
0x34ce,8296,0.000281633672
0x34cf,8296,0.000281633672
0x34d0,8296,0.000281633672
0x34d1,8296,0.000281633672
0x34d2,8296,0.000281633672
0x34d3,8296,0.000281633672
0x34d4,8296,0.000281633672
0x34d5,8296,0.000281633672
0x34d7,8296,0.000281633672
0x34d8,8296,0.000281633672
0x34da,8296,0.000281633672
0x34db,8296,0.000281633672
0x34dc,8296,0.000281633672
0x34dd,8296,0.000281633672
0x34de,8314,0.000282244739
0x34df,8314,0.000282244739
0x34e1,8314,0.000282244739
0x34e4,1997,0.000067794412
0x34e5,1997,0.000067794412
0x34e7,1997,0.000067794412
0x34ea,1065,0.000036154757
0x34ec,1065,0.000036154757
0x34ed,1065,0.000036154757
0x34ee,1065,0.000036154757
0x34f0,1065,0.000036154757
0x34f1,1065,0.000036154757
0x34f3,1065,0.000036154757
0x34f6,740,0.000025121615
0x34f8,740,0.000025121615
0x34f9,740,0.000025121615
0x34fa,740,0.000025121615
0x34fc,740,0.000025121615
0x34fd,740,0.000025121615
0x34ff,740,0.000025121615
0x3509,1065,0.000036154757
0x350a,1065,0.000036154757
0x350b,1065,0.000036154757
0x350c,8314,0.000282244739
0x350e,8314,0.000282244739
0x350f,8314,0.000282244739
0x3512,8314,0.000282244739
0x3513,8314,0.000282244739
0x3515,8314,0.000282244739
0x3516,8314,0.000282244739
0x3518,8314,0.000282244739
0x3519,8314,0.000282244739
0x3520,324,0.000010999194
0x3521,324,0.000010999194
0x3522,324,0.000010999194
0x3523,324,0.000010999194
0x3524,324,0.000010999194
0x3525,324,0.000010999194
0x3526,324,0.000010999194
0x3527,324,0.000010999194
0x3528,2287,0.000077639369
0x3529,2287,0.000077639369
0x352a,2287,0.000077639369
0x352b,2287,0.000077639369
0x352c,2287,0.000077639369
0x352d,2287,0.000077639369
0x352e,2287,0.000077639369
0x352f,2287,0.000077639369
0x3530,3164,0.000107411878
0x3531,3164,0.000107411878
0x3532,3164,0.000107411878
0x3533,3164,0.000107411878
0x3534,3164,0.000107411878
0x3535,3164,0.000107411878
0x3536,3164,0.000107411878
0x3537,3164,0.000107411878
0x3538,3800,0.000129002887
0x3539,3800,0.000129002887
0x353a,3800,0.000129002887
0x353b,3800,0.000129002887
0x353c,3800,0.000129002887
0x353d,3800,0.000129002887
0x353e,3800,0.000129002887
0x353f,3800,0.000129002887
0x3540,8413,0.000285605603
0x3541,8413,0.000285605603
0x3542,8413,0.000285605603
0x3543,8413,0.000285605603
0x3544,8413,0.000285605603
0x3545,8413,0.000285605603
0x3546,8413,0.000285605603
0x3547,8413,0.000285605603
0x3548,9122,0.000309674826
0x3549,9122,0.000309674826
0x354a,9122,0.000309674826
0x354b,9122,0.000309674826
0x354c,9122,0.000309674826
0x354d,9122,0.000309674826
0x354e,9122,0.000309674826
0x354f,9122,0.000309674826
0x3550,9236,0.000313544913
0x3551,9236,0.000313544913
0x3552,9236,0.000313544913
0x3553,9236,0.000313544913
0x3554,9236,0.000313544913
0x3555,9236,0.000313544913
0x3556,9236,0.000313544913
0x3557,9236,0.000313544913
0x3558,9236,0.000313544913
0x355a,9236,0.000313544913
0x355b,9236,0.000313544913
0x355d,9236,0.000313544913
0x3560,2924,0.000099264327
0x3563,2924,0.000099264327
0x3564,2924,0.000099264327
0x3565,2924,0.000099264327
0x3566,2924,0.000099264327
0x3567,2924,0.000099264327
0x3568,2924,0.000099264327
0x3569,2924,0.000099264327
0x356a,2924,0.000099264327
0x356d,2924,0.000099264327
0x3570,2924,0.000099264327
0x3572,2924,0.000099264327
0x3577,2924,0.000099264327
0x3579,2924,0.000099264327
0x357a,2924,0.000099264327
0x357b,2924,0.000099264327
0x357e,2924,0.000099264327
0x357f,2924,0.000099264327
0x3581,2924,0.000099264327
0x3584,1726,0.000058594469
0x3586,2924,0.000099264327
0x3587,2924,0.000099264327
0x3588,2924,0.000099264327
0x3589,2924,0.000099264327
0x358c,2924,0.000099264327
0x358d,2924,0.000099264327
0x358e,2924,0.000099264327
0x3590,2924,0.000099264327
0x3591,2924,0.000099264327
0x3593,2924,0.000099264327
0x3594,2924,0.000099264327
0x3596,2924,0.000099264327
0x3597,2924,0.000099264327
0x359a,2924,0.000099264327
0x359b,2924,0.000099264327
0x359c,2924,0.000099264327
0x359d,2924,0.000099264327
0x359f,2924,0.000099264327
0x35a2,2924,0.000099264327
0x35b0,15560,0.000528232876
0x35b1,15560,0.000528232876
0x35b2,15560,0.000528232876
0x35b3,7944,0.000269683931
0x35b4,7944,0.000269683931
0x35b5,7944,0.000269683931
0x35b6,7944,0.000269683931
0x35b7,7944,0.000269683931
0x35b8,7944,0.000269683931
0x35b9,7944,0.000269683931
0x35ba,7944,0.000269683931
0x35bd,6979,0.000236923987
0x35be,7944,0.000269683931
0x35bf,7944,0.000269683931
0x35c0,7944,0.000269683931
0x35c1,7944,0.000269683931
0x35c2,7944,0.000269683931
0x35c3,7944,0.000269683931
0x35c4,7944,0.000269683931
0x35c5,7944,0.000269683931
0x35c7,7944,0.000269683931
0x35c8,7944,0.000269683931
0x35c9,7944,0.000269683931
0x35ca,7944,0.000269683931
0x35cb,7944,0.000269683931
0x35cc,7944,0.000269683931
0x35cd,7944,0.000269683931
0x35ce,7944,0.000269683931
0x35cf,7944,0.000269683931
0x35d0,7944,0.000269683931
0x35d1,7944,0.000269683931
0x35d2,7944,0.000269683931
0x35d3,7944,0.000269683931
0x35d4,7944,0.000269683931
0x35d5,7944,0.000269683931
0x35d6,7944,0.000269683931
0x35d7,7944,0.000269683931
0x35d8,7944,0.000269683931
0x35d9,7944,0.000269683931
0x35da,7944,0.000269683931
0x35db,7944,0.000269683931
0x35e0,6068,0.000205997242
0x35e1,6068,0.000205997242
0x35e2,6068,0.000205997242
0x35e3,6068,0.000205997242
0x35e5,6068,0.000205997242
0x35e8,3062,0.000103949169
0x35e9,3062,0.000103949169
0x35ea,3062,0.000103949169
0x35eb,3062,0.000103949169
0x35ec,3062,0.000103949169
0x35ed,3062,0.000103949169
0x35ee,3062,0.000103949169
0x35ef,3062,0.000103949169
0x35f0,3062,0.000103949169
0x35f1,3062,0.000103949169
0x35f3,3062,0.000103949169
0x35f6,843,0.000028618272
0x35f8,843,0.000028618272
0x35f9,843,0.000028618272
0x35fa,843,0.000028618272
0x35fb,843,0.000028618272
0x35fd,843,0.000028618272
0x35fe,843,0.000028618272
0x3601,108,0.000003666398
0x3602,108,0.000003666398
0x3603,108,0.000003666398
0x3604,843,0.000028618272
0x3605,843,0.000028618272
0x3606,843,0.000028618272
0x3607,843,0.000028618272
0x3608,843,0.000028618272
0x3609,843,0.000028618272
0x360a,843,0.000028618272
0x360b,843,0.000028618272
0x360c,843,0.000028618272
0x360e,843,0.000028618272
0x360f,843,0.000028618272
0x3612,767,0.000026038214
0x3613,767,0.000026038214
0x3614,767,0.000026038214
0x3615,767,0.000026038214
0x3616,767,0.000026038214
0x3618,767,0.000026038214
0x3619,767,0.000026038214
0x361a,767,0.000026038214
0x361b,767,0.000026038214
0x361c,488,0.000016566687
0x361f,488,0.000016566687
0x3620,488,0.000016566687
0x3621,488,0.000016566687
0x3622,216,0.000007332796
0x3623,216,0.000007332796
0x3624,216,0.000007332796
0x3628,3006,0.000102048074
0x362a,3006,0.000102048074
0x362d,2932,0.000099535912
0x362e,2932,0.000099535912
0x362f,2932,0.000099535912
0x3630,2932,0.000099535912
0x3631,2932,0.000099535912
0x3632,2932,0.000099535912
0x3633,2932,0.000099535912
0x3634,2932,0.000099535912
0x3635,2932,0.000099535912
0x3636,2932,0.000099535912
0x3637,2932,0.000099535912
0x363a,890,0.000030213834
0x363c,890,0.000030213834
0x363d,890,0.000030213834
0x363e,890,0.000030213834
0x363f,890,0.000030213834
0x3641,890,0.000030213834
0x3642,890,0.000030213834
0x3645,115,0.000003904035
0x3646,115,0.000003904035
0x3647,115,0.000003904035
0x3648,890,0.000030213834
0x3649,890,0.000030213834
0x364a,890,0.000030213834
0x364b,890,0.000030213834
0x364c,890,0.000030213834
0x364d,890,0.000030213834
0x364e,890,0.000030213834
0x364f,890,0.000030213834
0x3650,890,0.000030213834
0x3651,890,0.000030213834
0x3652,890,0.000030213834
0x3654,890,0.000030213834
0x3655,890,0.000030213834
0x3656,890,0.000030213834
0x3657,890,0.000030213834
0x365a,643,0.000021828646
0x365d,643,0.000021828646
0x365e,643,0.000021828646
0x3661,206,0.000006993314
0x3662,206,0.000006993314
0x3663,890,0.000030213834
0x3665,890,0.000030213834
0x3666,890,0.000030213834
0x366a,2219,0.000075330897
0x366b,2219,0.000075330897
0x366c,2219,0.000075330897
0x366d,82,0.000002783747
0x366e,82,0.000002783747
0x366f,82,0.000002783747
0x3670,82,0.000002783747
0x3671,82,0.000002783747
0x3672,76,0.000002580058
0x3673,76,0.000002580058
0x3674,76,0.000002580058
0x3675,76,0.000002580058
0x3676,76,0.000002580058
0x3679,76,0.000002580058
0x367b,76,0.000002580058
0x367c,76,0.000002580058
0x367f,76,0.000002580058
0x3680,76,0.000002580058
0x3683,76,0.000002580058
0x3684,76,0.000002580058
0x3686,76,0.000002580058
0x3689,76,0.000002580058
0x368a,76,0.000002580058
0x368b,76,0.000002580058
0x368d,76,0.000002580058
0x368e,46,0.000001561614
0x3690,46,0.000001561614
0x3691,36,0.000001222133
0x3692,36,0.000001222133
0x3695,2042,0.000069322078
0x3696,2042,0.000069322078
0x3697,2042,0.000069322078
0x3698,2042,0.000069322078
0x3699,2042,0.000069322078
0x369a,2042,0.000069322078
0x369b,2042,0.000069322078
0x369c,2042,0.000069322078
0x369d,56,0.000001901095
0x369e,56,0.000001901095
0x36a0,56,0.000001901095
0x36a1,56,0.000001901095
0x36a4,56,0.000001901095
0x36a6,56,0.000001901095
0x36a7,56,0.000001901095
0x36aa,48,0.000001629510
0x36ab,56,0.000001901095
0x36ae,56,0.000001901095
0x36b0,56,0.000001901095
0x36b3,56,0.000001901095
0x36b4,56,0.000001901095
0x36b6,56,0.000001901095
0x36b7,56,0.000001901095
0x36b9,56,0.000001901095
0x36ba,56,0.000001901095
0x36bb,56,0.000001901095
0x36c0,1876,0.000063686689
0x36c1,1876,0.000063686689
0x36c2,1876,0.000063686689
0x36c3,938,0.000031843344
0x36c4,938,0.000031843344
0x36c5,938,0.000031843344
0x36c6,938,0.000031843344
0x36c8,938,0.000031843344
0x36c9,938,0.000031843344
0x36cc,529,0.000017958560
0x36cd,529,0.000017958560
0x36ce,529,0.000017958560
0x36cf,529,0.000017958560
0x36d2,2320,0.000078759658
0x36d3,2320,0.000078759658
0x36d4,2320,0.000078759658
0x36d5,2320,0.000078759658
0x36d6,2320,0.000078759658
0x36d7,2320,0.000078759658
0x36d8,87,0.000002953487
0x36d9,87,0.000002953487
0x36da,87,0.000002953487
0x36db,87,0.000002953487
0x36dc,87,0.000002953487
0x36dd,87,0.000002953487
0x36de,87,0.000002953487
0x36e1,87,0.000002953487
0x36e3,87,0.000002953487
0x36e6,87,0.000002953487
0x36ea,2622,0.000089011992
0x36eb,2622,0.000089011992
0x36ec,2622,0.000089011992
0x36ed,2622,0.000089011992
0x36ee,2622,0.000089011992
0x36ef,2622,0.000089011992
0x36f0,593,0.000020131240
0x36f1,593,0.000020131240
0x36f2,593,0.000020131240
0x36f3,593,0.000020131240
0x36f5,593,0.000020131240
0x36f6,47,0.000001595562
0x36f7,47,0.000001595562
0x36f8,47,0.000001595562
0x36f9,47,0.000001595562
0x36fa,47,0.000001595562
0x36fb,47,0.000001595562
0x36fc,47,0.000001595562
0x36fd,47,0.000001595562
0x36fe,47,0.000001595562
0x3701,47,0.000001595562
0x3703,47,0.000001595562
0x3706,47,0.000001595562
0x370a,2473,0.000083953721
0x370b,2473,0.000083953721
0x370c,2473,0.000083953721
0x370d,2473,0.000083953721
0x370e,2473,0.000083953721
0x370f,2473,0.000083953721
0x3710,210,0.000007129107
0x3711,210,0.000007129107
0x3712,210,0.000007129107
0x3713,210,0.000007129107
0x3715,210,0.000007129107
0x3716,74,0.000002512161
0x3717,74,0.000002512161
0x3718,74,0.000002512161
0x3719,74,0.000002512161
0x371a,74,0.000002512161
0x371b,74,0.000002512161
0x371c,74,0.000002512161
0x371d,74,0.000002512161
0x371e,74,0.000002512161
0x3721,74,0.000002512161
0x3723,74,0.000002512161
0x3726,74,0.000002512161
0x3729,74,0.000002512161
0x372a,74,0.000002512161
0x372c,74,0.000002512161
0x372d,35,0.000001188184
0x372e,35,0.000001188184
0x3730,35,0.000001188184
0x3731,35,0.000001188184
0x3732,35,0.000001188184
0x3733,35,0.000001188184
0x3734,35,0.000001188184
0x3735,35,0.000001188184
0x3736,35,0.000001188184
0x3739,35,0.000001188184
0x373b,35,0.000001188184
0x373e,35,0.000001188184
0x3744,74,0.000002512161
0x3746,74,0.000002512161
0x3747,74,0.000002512161
0x3748,74,0.000002512161
0x3749,74,0.000002512161
0x374a,74,0.000002512161
0x374c,74,0.000002512161
0x374d,74,0.000002512161
0x374e,74,0.000002512161
0x3750,74,0.000002512161
0x3751,74,0.000002512161
0x3752,11,0.000000373429
0x3753,11,0.000000373429
0x3754,11,0.000000373429
0x3758,10506,0.000356659036
0x3759,10506,0.000356659036
0x375a,10506,0.000356659036
0x375b,140,0.000004752738
0x375c,140,0.000004752738
0x375f,131,0.000004447205
0x3760,131,0.000004447205
0x3761,131,0.000004447205
0x3764,70,0.000002376369
0x3766,70,0.000002376369
0x3767,70,0.000002376369
0x3769,70,0.000002376369
0x376a,70,0.000002376369
0x376b,70,0.000002376369
0x376c,70,0.000002376369
0x376d,70,0.000002376369
0x376e,70,0.000002376369
0x376f,70,0.000002376369
0x3770,70,0.000002376369
0x3771,70,0.000002376369
0x3772,70,0.000002376369
0x3773,70,0.000002376369
0x3774,70,0.000002376369
0x3777,70,0.000002376369
0x377a,70,0.000002376369
0x377b,70,0.000002376369
0x377c,70,0.000002376369
0x377d,70,0.000002376369
0x377e,70,0.000002376369
0x3780,70,0.000002376369
0x3781,70,0.000002376369
0x3782,70,0.000002376369
0x3783,70,0.000002376369
0x3786,70,0.000002376369
0x3787,70,0.000002376369
0x3788,68,0.000002308473
0x3789,68,0.000002308473
0x378c,68,0.000002308473
0x378e,68,0.000002308473
0x378f,68,0.000002308473
0x3791,68,0.000002308473
0x3792,68,0.000002308473
0x3796,70,0.000002376369
0x3798,70,0.000002376369
0x3799,70,0.000002376369
0x379b,70,0.000002376369
0x379e,27,0.000000916599
0x379f,70,0.000002376369
0x37a0,70,0.000002376369
0x37a1,70,0.000002376369
0x37a4,70,0.000002376369
0x37a5,70,0.000002376369
0x37a6,35,0.000001188184
0x37a7,35,0.000001188184
0x37aa,35,0.000001188184
0x37b0,61,0.000002070836
0x37b1,61,0.000002070836
0x37b2,61,0.000002070836
0x37b3,61,0.000002070836
0x37b4,61,0.000002070836
0x37b5,61,0.000002070836
0x37b6,61,0.000002070836
0x37b7,61,0.000002070836
0x37b8,61,0.000002070836
0x37b9,61,0.000002070836
0x37ba,61,0.000002070836
0x37bb,61,0.000002070836
0x37be,61,0.000002070836
0x37c0,61,0.000002070836
0x37c1,61,0.000002070836
0x37c4,61,0.000002070836
0x37c6,61,0.000002070836
0x37cc,9,0.000000305533
0x37cd,9,0.000000305533
0x37ce,9,0.000000305533
0x37cf,9,0.000000305533
0x37d0,9,0.000000305533
0x37d2,9,0.000000305533
0x37d4,9,0.000000305533
0x37d5,9,0.000000305533
0x37d7,9,0.000000305533
0x37da,9,0.000000305533
0x37dd,234,0.000007943862
0x37de,234,0.000007943862
0x37df,234,0.000007943862
0x37e0,234,0.000007943862
0x37e1,234,0.000007943862
0x37e2,234,0.000007943862
0x37e5,9,0.000000305533
0x3800,6289,0.000213499779
0x3803,6289,0.000213499779
0x3805,6289,0.000213499779
0x3806,2842,0.000096480581
0x3809,2842,0.000096480581
0x380b,2842,0.000096480581
0x380c,2842,0.000096480581
0x380f,2842,0.000096480581
0x3810,2842,0.000096480581
0x3813,2842,0.000096480581
0x3815,2842,0.000096480581
0x3816,2842,0.000096480581
0x3819,2842,0.000096480581
0x381a,2842,0.000096480581
0x381b,2842,0.000096480581
0x381d,2842,0.000096480581
0x381e,2842,0.000096480581
0x381f,2842,0.000096480581
0x3820,2842,0.000096480581
0x3822,2842,0.000096480581
0x3823,44,0.000001493718
0x3824,44,0.000001493718
0x3827,44,0.000001493718
0x3829,44,0.000001493718
0x382b,44,0.000001493718
0x382c,44,0.000001493718
0x382e,44,0.000001493718
0x382f,44,0.000001493718
0x3830,44,0.000001493718
0x3832,44,0.000001493718
0x3833,44,0.000001493718
0x3834,44,0.000001493718
0x3835,44,0.000001493718
0x3837,44,0.000001493718
0x3838,44,0.000001493718
0x3839,44,0.000001493718
0x383b,44,0.000001493718
0x383c,44,0.000001493718
0x383e,44,0.000001493718
0x3841,31,0.000001052392
0x3844,36,0.000001222133
0x3846,36,0.000001222133
0x3847,36,0.000001222133
0x3849,36,0.000001222133
0x384a,36,0.000001222133
0x384b,36,0.000001222133
0x384c,13,0.000000441326
0x384f,13,0.000000441326
0x3850,13,0.000000441326
0x3851,13,0.000000441326
0x3853,13,0.000000441326
0x3854,13,0.000000441326
0x3855,13,0.000000441326
0x3856,13,0.000000441326
0x3857,13,0.000000441326
0x3858,13,0.000000441326
0x3859,13,0.000000441326
0x385c,13,0.000000441326
0x385d,13,0.000000441326
0x385f,13,0.000000441326
0x3862,7,0.000000237637
0x3863,7,0.000000237637
0x3865,7,0.000000237637
0x3868,7,0.000000237637
0x386b,7,0.000000237637
0x386e,7,0.000000237637
0x386f,7,0.000000237637
0x3871,7,0.000000237637
0x3874,2,0.000000067896
0x3875,2,0.000000067896
0x3876,2,0.000000067896
0x3878,2,0.000000067896
0x387a,2,0.000000067896
0x387b,2,0.000000067896
0x387c,2,0.000000067896
0x387e,2,0.000000067896
0x3881,2,0.000000067896
0x3882,2,0.000000067896
0x3883,2,0.000000067896
0x3884,2,0.000000067896
0x3885,2,0.000000067896
0x3887,2,0.000000067896
0x388a,2,0.000000067896
0x388b,2,0.000000067896
0x388c,2,0.000000067896
0x388d,2,0.000000067896
0x3894,6,0.000000203689
0x3897,6,0.000000203689
0x3899,6,0.000000203689
0x389c,6,0.000000203689
0x38a1,18,0.000000611066
0x38a2,18,0.000000611066
0x38a4,18,0.000000611066
0x38a5,18,0.000000611066
0x38a6,18,0.000000611066
0x38a7,18,0.000000611066
0x38a8,18,0.000000611066
0x38a9,18,0.000000611066
0x38ac,18,0.000000611066
0x38ae,18,0.000000611066
0x38af,18,0.000000611066
0x38b1,18,0.000000611066
0x38b4,18,0.000000611066
0x38b5,18,0.000000611066
0x38bc,27,0.000000916599
0x38be,27,0.000000916599
0x38bf,27,0.000000916599
0x38c1,27,0.000000916599
0x38c2,27,0.000000916599
0x38c3,27,0.000000916599
0x38c4,5,0.000000169741
0x38c7,5,0.000000169741
0x38c8,5,0.000000169741
0x38ca,5,0.000000169741
0x38cd,4,0.000000135793
0x38cf,4,0.000000135793
0x38d2,2,0.000000067896
0x38d3,2,0.000000067896
0x38d4,2,0.000000067896
0x38d5,2,0.000000067896
0x38d7,2,0.000000067896
0x38d8,2,0.000000067896
0x38db,2,0.000000067896
0x38dc,2,0.000000067896
0x38dd,2,0.000000067896
0x38de,2,0.000000067896
0x38df,2,0.000000067896
0x38e1,2,0.000000067896
0x38e2,2,0.000000067896
0x38e4,2,0.000000067896
0x38e5,2,0.000000067896
0x38e7,2,0.000000067896
0x38e8,2,0.000000067896
0x38e9,5,0.000000169741
0x38eb,5,0.000000169741
0x38ee,5,0.000000169741
0x38f1,5,0.000000169741
0x38f8,11,0.000000373429
0x38fb,18,0.000000611066
0x38fc,18,0.000000611066
0x38fd,18,0.000000611066
0x3900,1,0.000000033948
0x3901,1,0.000000033948
0x3902,1,0.000000033948
0x3903,1,0.000000033948
0x3904,1,0.000000033948
0x3905,1,0.000000033948
0x3906,18,0.000000611066
0x3907,18,0.000000611066
0x3908,18,0.000000611066
0x3909,18,0.000000611066
0x390a,18,0.000000611066
0x390d,18,0.000000611066
0x390e,18,0.000000611066
0x390f,18,0.000000611066
0x3912,18,0.000000611066
0x3913,18,0.000000611066
0x3916,18,0.000000611066
0x3918,18,0.000000611066
0x391b,18,0.000000611066
0x391c,31,0.000001052392
0x391d,31,0.000001052392
0x391f,31,0.000001052392
0x3922,4,0.000000135793
0x3923,7344,0.000249315054
0x3930,1462,0.000049632164
0x3933,1462,0.000049632164
0x3935,1462,0.000049632164
0x3937,1462,0.000049632164
0x3938,1462,0.000049632164
0x393a,1462,0.000049632164
0x393b,1462,0.000049632164
0x393c,1462,0.000049632164
0x393d,1462,0.000049632164
0x393f,1462,0.000049632164
0x3942,731,0.000024816082
0x3945,731,0.000024816082
0x3946,731,0.000024816082
0x3947,731,0.000024816082
0x394a,731,0.000024816082
0x394b,731,0.000024816082
0x394c,4595,0.000155991649
0x394d,4595,0.000155991649
0x3950,4486,0.000152291303
0x3951,4486,0.000152291303
0x3952,4486,0.000152291303
0x3954,4486,0.000152291303
0x3955,4486,0.000152291303
0x3956,4486,0.000152291303
0x3959,622,0.000021115736
0x395c,4595,0.000155991649
0x395d,4595,0.000155991649
0x395f,4595,0.000155991649
0x3960,1035,0.000035136313
0x3961,1035,0.000035136313
0x3963,1035,0.000035136313
0x3964,1035,0.000035136313
0x3965,1035,0.000035136313
0x3966,1035,0.000035136313
0x3967,702,0.000023831586
0x3968,702,0.000023831586
0x3969,109,0.000003700346
0x396b,109,0.000003700346
0x396c,109,0.000003700346
0x396d,109,0.000003700346
0x396e,109,0.000003700346
0x396f,109,0.000003700346
0x3972,109,0.000003700346
0x3973,109,0.000003700346
0x3975,109,0.000003700346
0x3976,109,0.000003700346
0x3977,109,0.000003700346
0x3978,109,0.000003700346
0x397a,109,0.000003700346
0x397b,109,0.000003700346
0x3980,2924,0.000099264327
0x3983,2924,0.000099264327
0x3985,2924,0.000099264327
0x3986,233,0.000007909914
0x3988,233,0.000007909914
0x3989,221,0.000007502536
0x398c,221,0.000007502536
0x398f,221,0.000007502536
0x3991,221,0.000007502536
0x3994,221,0.000007502536
0x3996,221,0.000007502536
0x3998,221,0.000007502536
0x399b,221,0.000007502536
0x399d,221,0.000007502536
0x39a0,221,0.000007502536
0x39a2,221,0.000007502536
0x39a5,221,0.000007502536
0x39a7,221,0.000007502536
0x39a9,221,0.000007502536
0x39ac,221,0.000007502536
0x39af,221,0.000007502536
0x39b0,221,0.000007502536
0x39b3,111,0.000003768242
0x39b4,111,0.000003768242
0x39b6,111,0.000003768242
0x39b7,111,0.000003768242
0x39b9,111,0.000003768242
0x39ba,111,0.000003768242
0x39bb,111,0.000003768242
0x39bc,111,0.000003768242
0x39be,111,0.000003768242
0x39bf,221,0.000007502536
0x39c0,221,0.000007502536
0x39c3,441,0.000014971125
0x39c6,441,0.000014971125
0x39c9,441,0.000014971125
0x39ca,441,0.000014971125
0x39cc,441,0.000014971125
0x39cf,440,0.000014937176
0x39d2,440,0.000014937176
0x39d3,440,0.000014937176
0x39d4,440,0.000014937176
0x39d6,440,0.000014937176
0x39d8,440,0.000014937176
0x39db,220,0.000007468588
0x39de,220,0.000007468588
0x39e1,220,0.000007468588
0x39e3,220,0.000007468588
0x39e6,220,0.000007468588
0x39e8,220,0.000007468588
0x39ea,220,0.000007468588
0x39f0,1,0.000000033948
0x39f2,1,0.000000033948
0x39f3,1,0.000000033948
0x39f5,1,0.000000033948
0x3a00,1462,0.000049632164
0x3a03,1462,0.000049632164
0x3a05,1462,0.000049632164
0x3a06,1462,0.000049632164
0x3a07,1462,0.000049632164
0x3a08,1462,0.000049632164
0x3a0b,1462,0.000049632164
0x3a0c,1462,0.000049632164
0x3a0d,1462,0.000049632164
0x3a0e,731,0.000024816082
0x3a0f,731,0.000024816082
0x3a10,8112,0.000275387217
0x3a13,8112,0.000275387217
0x3a14,8112,0.000275387217
0x3a15,8112,0.000275387217
0x3a18,768,0.000026072163
0x3a1a,768,0.000026072163
0x3a1c,768,0.000026072163
0x3a1d,7344,0.000249315054
0x3a20,7344,0.000249315054
0x3a21,7344,0.000249315054
0x3a22,7344,0.000249315054
0x3a25,177,0.000006008819
0x3a27,177,0.000006008819
0x3a2a,6,0.000000203689
0x3a2c,177,0.000006008819
0x3a2d,177,0.000006008819
0x3a2e,177,0.000006008819
0x3a2f,177,0.000006008819
0x3a30,177,0.000006008819
0x3a31,177,0.000006008819
0x3a32,177,0.000006008819
0x3a34,177,0.000006008819
0x3a36,177,0.000006008819
0x3a37,177,0.000006008819
0x3a39,177,0.000006008819
0x3a3b,177,0.000006008819
0x3a3d,177,0.000006008819
0x3a3f,177,0.000006008819
0x3a40,7167,0.000243306235
0x3a42,7167,0.000243306235
0x3a43,7167,0.000243306235
0x3a44,7167,0.000243306235
0x3a47,729,0.000024748186
0x3a49,729,0.000024748186
0x3a4c,47,0.000001595562
0x3a4e,729,0.000024748186
0x3a4f,729,0.000024748186
0x3a50,729,0.000024748186
0x3a51,729,0.000024748186
0x3a52,729,0.000024748186
0x3a53,729,0.000024748186
0x3a54,729,0.000024748186
0x3a56,729,0.000024748186
0x3a58,729,0.000024748186
0x3a5a,729,0.000024748186
0x3a5b,729,0.000024748186
0x3a5d,729,0.000024748186
0x3a5f,729,0.000024748186
0x3a62,6438,0.000218558050
0x3a64,6438,0.000218558050
0x3a65,6438,0.000218558050
0x3a66,6438,0.000218558050
0x3a67,64,0.000002172680
0x3a69,64,0.000002172680
0x3a6c,4,0.000000135793
0x3a6e,4,0.000000135793
0x3a71,4,0.000000135793
0x3a73,4,0.000000135793
0x3a78,64,0.000002172680
0x3a79,64,0.000002172680
0x3a7b,64,0.000002172680
0x3a7c,64,0.000002172680
0x3a7e,64,0.000002172680
0x3a80,64,0.000002172680
0x3a81,64,0.000002172680
0x3a82,7344,0.000249315054
0x3a85,7344,0.000249315054
0x3a86,7344,0.000249315054
0x3a88,7344,0.000249315054
0x3a89,1366,0.000046373143
0x3a8b,1366,0.000046373143
0x3a8c,1366,0.000046373143
0x3a8e,1366,0.000046373143
0x3a8f,1366,0.000046373143
0x3a90,7344,0.000249315054
0x3a93,7344,0.000249315054
0x3a94,7344,0.000249315054
0x3a95,7344,0.000249315054
0x3a98,4110,0.000139526807
0x3a9b,4110,0.000139526807
0x3a9e,4110,0.000139526807
0x3aa1,65760,0.002232428916
0x3aa2,65760,0.002232428916
0x3aa3,65760,0.002232428916
0x3aa4,65760,0.002232428916
0x3aa7,27827,0.000944674566
0x3aa8,27827,0.000944674566
0x3aaa,27827,0.000944674566
0x3aad,6479,0.000219949923
0x3aae,65760,0.002232428916
0x3aaf,65760,0.002232428916
0x3ab0,65760,0.002232428916
0x3ab1,65760,0.002232428916
0x3ab2,65760,0.002232428916
0x3ab5,4110,0.000139526807
0x3ab6,4110,0.000139526807
0x3ab7,4110,0.000139526807
0x3ab8,3361,0.000114099659
0x3aba,3361,0.000114099659
0x3abd,15,0.000000509222
0x3abf,3361,0.000114099659
0x3ac1,3361,0.000114099659
0x3ac2,3361,0.000114099659
0x3ac5,3361,0.000114099659
0x3ac6,3361,0.000114099659
0x3ac8,3361,0.000114099659
0x3ac9,3361,0.000114099659
0x3aca,3361,0.000114099659
0x3ad0,1660,0.000056353893
0x3ad3,1660,0.000056353893
0x3ad4,1660,0.000056353893
0x3ad6,1660,0.000056353893
0x3ad7,1660,0.000056353893
0x3ad8,1660,0.000056353893
0x3ada,1660,0.000056353893
0x3adb,1660,0.000056353893
0x3adc,1660,0.000056353893
0x3add,1660,0.000056353893
0x3adf,1660,0.000056353893
0x3ae0,1660,0.000056353893
0x3ae1,1660,0.000056353893
0x3ae3,1660,0.000056353893
0x3ae4,1660,0.000056353893
0x3ae5,1660,0.000056353893
0x3ae6,1660,0.000056353893
0x3ae9,1607,0.000054554642
0x3aec,1607,0.000054554642
0x3aee,1607,0.000054554642
0x3aef,1607,0.000054554642
0x3af1,1607,0.000054554642
0x3af2,1607,0.000054554642
0x3af3,1607,0.000054554642
0x3af4,50,0.000001697406
0x3af6,50,0.000001697406
0x3af8,53,0.000001799251
0x3afa,53,0.000001799251
0x3afb,53,0.000001799251
0x3afc,53,0.000001799251
0x3afd,53,0.000001799251
0x3aff,53,0.000001799251
0x3b00,53,0.000001799251
0x3b1b,7344,0.000249315054
0x3b1e,7344,0.000249315054
0x3b1f,7344,0.000249315054
0x3b20,7344,0.000249315054
0x3b33,7344,0.000249315054
0x3b36,7344,0.000249315054
0x3b37,7344,0.000249315054
0x3b38,7344,0.000249315054
0x3b43,7344,0.000249315054
0x3b46,7344,0.000249315054
0x3b47,7344,0.000249315054
0x3b49,7344,0.000249315054
0x3b4c,7344,0.000249315054
0x3b4f,7344,0.000249315054
0x3b52,7344,0.000249315054
0x3b55,7344,0.000249315054
0x3b58,7344,0.000249315054
0x3b5b,7344,0.000249315054
