#include "rom_data.h"

const uint8_t gfx_mem[0x2000] = {
    0x00, 0x00, 0x00, 0x00, 0x00, 0x00, 0x00, 0x00, 0x00, 0x00, 0x00, 0x00, 0x08, 0x00, 0x00, 0x00,
    0x00, 0x00, 0x20, 0x00, 0x00, 0x00, 0x00, 0x00, 0x00, 0x04, 0x00, 0x00, 0x00, 0x00, 0x00, 0x00,
    0x00, 0x00, 0x00, 0x00, 0x00, 0x10, 0x00, 0x00, 0x00, 0x02, 0x00, 0x00, 0x00, 0x20, 0x00, 0x00,
    0x00, 0x00, 0x40, 0x00, 0x00, 0x04, 0x00, 0x00, 0x00, 0x08, 0x08, 0x00, 0x00, 0x40, 0x00, 0x00,
    0x00, 0x00, 0x20, 0x00, 0x0C, 0x0C, 0x00, 0x00, 0x00, 0x20, 0x70, 0x20, 0x00, 0x00, 0x00, 0x00,
    0x00, 0x00, 0x08, 0x08, 0x3E, 0x08, 0x08, 0x00, 0x10, 0x10, 0x10, 0xFE, 0x10, 0x10, 0x10, 0x00,
    0x00, 0x44, 0x00, 0x00, 0x20, 0x00, 0x02, 0x00, 0x10, 0x00, 0x40, 0x08, 0x02, 0x80, 0x04, 0x00,
    0x01, 0x40, 0x04, 0x10, 0x82, 0x04, 0x50, 0x02, 0x82, 0x48, 0x02, 0xA0, 0x08, 0x45, 0x20, 0x02,
    0x3C, 0x7E, 0xDF, 0xAF, 0xD7, 0xAF, 0x56, 0x3C, 0x3C, 0x42, 0x99, 0xBD, 0xBD, 0x99, 0x42, 0x3C,
    0x88, 0x20, 0x04, 0x90, 0x2A, 0x56, 0x0F, 0x03, 0x24, 0x18, 0x65, 0x9A, 0x1D, 0xA0, 0x56, 0x28,
    0x3C, 0x5A, 0xAB, 0xAD, 0xD5, 0xD3, 0x6A, 0x3C, 0x38, 0x68, 0xDC, 0xFA, 0x2E, 0x3F, 0x16, 0x0C,
    0x01, 0x2A, 0x54, 0x2A, 0x54, 0x2A, 0x54, 0x80, 0x3C, 0x46, 0xF9, 0x8F, 0xF3, 0x9D, 0x62, 0x3C,
    0x08, 0x08, 0x1C, 0x7F, 0x1C, 0x08, 0x08, 0x00, 0x1C, 0x3A, 0x6D, 0x75, 0x77, 0x36, 0x1C, 0x00,
    0x00, 0x18, 0x3C, 0x7E, 0x7E, 0x3C, 0x18, 0x00, 0x38, 0x50, 0xE8, 0xF8, 0xF0, 0xD8, 0x60, 0x38,
    0x08, 0x2A, 0x1C, 0x7F, 0x1C, 0x2A, 0x08, 0x00, 0x38, 0x4C, 0x9D, 0xBD, 0xBD, 0xB9, 0x32, 0x1C,
    0x62, 0x91, 0x09, 0x3A, 0x5C, 0x90, 0x89, 0x46, 0x3C, 0x5E, 0xEB, 0xFF, 0xDF, 0xF7, 0x7E, 0x3C,
    0xFE, 0xFC, 0xF8, 0xC0, 0x80, 0x10, 0x60, 0x80, 0xF0, 0x1C, 0x06, 0x83, 0xC3, 0xE3, 0xF7, 0xFE,
    0xFF, 0xFF, 0xBB, 0xEE, 0xEE, 0xBC, 0xF8, 0xE0, 0xE0, 0xF8, 0xFC, 0xF6, 0xBE, 0xFF, 0x6F, 0x6B,
    0x40, 0x10, 0x80, 0xC0, 0x00, 0x00, 0x00, 0x00, 0x21, 0x88, 0x22, 0x10, 0x84, 0x21, 0x88, 0x54,
    0xE5, 0xD0, 0x85, 0x20, 0x94, 0x40, 0x01, 0xA0, 0x40, 0x10, 0x44, 0x90, 0x02, 0xA8, 0xC5, 0xE8,
    0xC0, 0xE8, 0x60, 0x14, 0x48, 0x04, 0x2A, 0x01, 0x00, 0x00, 0x80, 0x28, 0x40, 0x10, 0xC0, 0xD0,
    0xFC, 0xFC, 0xF8, 0xFC, 0xF2, 0xD9, 0x0F, 0x07, 0x00, 0x00, 0xC0, 0xC0, 0x98, 0x38, 0x7C, 0xFC,
    0xBB, 0xD6, 0x77, 0xE6, 0x8E, 0x3C, 0xF8, 0xE0, 0xE0, 0xF8, 0x3C, 0x8E, 0x66, 0xF7, 0xF6, 0xEB,
    0xF8, 0xF8, 0xF0, 0xE0, 0xC0, 0x00, 0x00, 0x00, 0x03, 0x05, 0x0A, 0xD4, 0xE8, 0xD0, 0xB8, 0x78,
    0x7F, 0xEF, 0xC7, 0xC3, 0x41, 0x60, 0x30, 0x0F, 0x01, 0x06, 0x08, 0x01, 0x03, 0x1F, 0x3F, 0x7F,
    0xE7, 0xE4, 0xFC, 0x7F, 0x77, 0x37, 0x1E, 0x07, 0x07, 0x1F, 0x3D, 0x7E, 0x5E, 0xFB, 0xBE, 0xBE,
    0x19, 0x16, 0x28, 0x76, 0x7B, 0xFC, 0xF8, 0xE0, 0x00, 0x00, 0x00, 0x00, 0x02, 0x02, 0x0C, 0x0A,
    0x27, 0x93, 0x29, 0x44, 0x12, 0x24, 0x09, 0x02, 0x05, 0x10, 0x01, 0x44, 0x12, 0x89, 0x23, 0x97,
    0x03, 0x0B, 0x10, 0x05, 0x12, 0x00, 0x00, 0x00, 0x80, 0x48, 0x20, 0x15, 0x28, 0x06, 0x27, 0x13,
    0x39, 0x33, 0x07, 0x0F, 0x0F, 0x03, 0x00, 0x00, 0xE0, 0xD0, 0xCB, 0x6F, 0x3F, 0x1F, 0x3E, 0x3C,
    0xDF, 0xCB, 0xED, 0x67, 0x71, 0x3C, 0x1F, 0x07, 0x07, 0x1F, 0x3C, 0x71, 0x67, 0xED, 0xCF, 0xDA,
    0x1E, 0x1D, 0x0B, 0x17, 0x2B, 0x50, 0xA0, 0xC0, 0x00, 0x00, 0x00, 0x03, 0x07, 0x0F, 0x1F, 0x1F,
    0x20, 0x70, 0x00, 0x00, 0x00, 0x00, 0x00, 0x00, 0x00, 0xFF, 0xFF, 0x77, 0x22, 0x77, 0x22, 0x77,
    0x77, 0x22, 0x77, 0x22, 0xF7, 0xFF, 0xFF, 0x00, 0x00, 0x00, 0x00, 0x00, 0x00, 0x00, 0x70, 0x20,
    0xF0, 0x07, 0xFF, 0x77, 0x27, 0x72, 0x27, 0x70, 0x70, 0x27, 0x72, 0x27, 0x77, 0xFF, 0x07, 0xF0,
    0x0F, 0xE0, 0xFF, 0x77, 0x27, 0x77, 0x20, 0x70, 0x70, 0x20, 0x77, 0x27, 0x77, 0xFF, 0xE0, 0x0F,
    0x00, 0x00, 0x00, 0x00, 0xF0, 0xF0, 0xF0, 0xF0, 0x00, 0xE0, 0xF0, 0xF0, 0xFF, 0xFF, 0xFF, 0xFF,
    0xF0, 0xFE, 0xFF, 0xFF, 0xFF, 0xFF, 0xFF, 0xFF, 0xFF, 0xE7, 0xE7, 0x81, 0x81, 0xE7, 0xE7, 0xFF,
    0x01, 0x03, 0x01, 0x01, 0x07, 0x03, 0x01, 0x03, 0x1F, 0x03, 0x1F, 0x0F, 0x07, 0x1F, 0x03, 0x0F,
    0x7F, 0x0F, 0x7F, 0x3F, 0x0F, 0x7F, 0x1F, 0x3F, 0xFF, 0x3F, 0x7F, 0xFF, 0x3F, 0xFF, 0x3F, 0x7F,
    0xC4, 0xCE, 0xC4, 0xCE, 0xC0, 0xC0, 0xC0, 0xC0, 0x00, 0xFF, 0xFF, 0xCE, 0xC4, 0xCE, 0xC4, 0xCE,
    0xCE, 0xC4, 0xCE, 0xC4, 0xCE, 0xFF, 0xFF, 0x00, 0xC0, 0xC0, 0xC0, 0xC0, 0xCE, 0xC4, 0xCE, 0xC4,
    0xF0, 0x07, 0xFF, 0xCE, 0xC4, 0xCE, 0xC4, 0xCE, 0x0E, 0x04, 0x0E, 0x04, 0x0E, 0xFF, 0x07, 0xF0,
    0x0F, 0xE0, 0xFF, 0xCE, 0xC4, 0xCE, 0xC4, 0xCE, 0xCE, 0xC4, 0xCE, 0xC4, 0xCE, 0xFF, 0xE0, 0x0F,
    0xF0, 0xF0, 0xF0, 0xF0, 0x00, 0x00, 0x00, 0x00, 0xFF, 0xFF, 0xFF, 0xFF, 0xF0, 0xF0, 0xE0, 0x00,
    0xFF, 0xFF, 0xFF, 0xFF, 0xFF, 0xFF, 0xFE, 0xF0, 0xFF, 0xE7, 0xE7, 0xFF, 0xFF, 0xE7, 0xE7, 0xFF,
    0xFF, 0xFF, 0x7E, 0x3C, 0x00, 0x00, 0x00, 0x00, 0x00, 0x00, 0x00, 0x00, 0x3C, 0x7E, 0xFF, 0xFF,
    0xFF, 0xFF, 0xFF, 0xFF, 0xFF, 0xFF, 0xFF, 0xFF, 0x00, 0x00, 0x00, 0x00, 0x00, 0x00, 0x00, 0x00,
    0xFF, 0xC3, 0xC3, 0xFF, 0xFF, 0xC3, 0xC3, 0xFF, 0x00, 0x00, 0x00, 0x00, 0xFF, 0xC3, 0xC3, 0xFF,
    0xFF, 0xFF, 0xFF, 0xFF, 0xFF, 0xC3, 0xC3, 0xFF, 0x2F, 0x03, 0x3F, 0x4F, 0xFF, 0xC3, 0xC3, 0xFF,
    0xFF, 0xC3, 0xC3, 0xFF, 0x00, 0x00, 0x00, 0x00, 0x00, 0x00, 0x00, 0x00, 0x00, 0x00, 0x00, 0x00,
    0xFF, 0xFF, 0xFF, 0xFF, 0x00, 0x00, 0x00, 0x00, 0x2F, 0x03, 0x3F, 0x4F, 0x00, 0x00, 0x00, 0x00,
    0xFF, 0xC3, 0xC3, 0xFF, 0xFF, 0xFF, 0xFF, 0xFF, 0x00, 0x00, 0x00, 0x00, 0xFF, 0xFF, 0xFF, 0xFF,
    0xFF, 0xFF, 0xFF, 0xFF, 0xFF, 0xFF, 0xFF, 0xFF, 0x2F, 0x03, 0x3F, 0x4F, 0xFF, 0xFF, 0xFF, 0xFF,
    0xFF, 0xC3, 0xC3, 0xFF, 0x2F, 0x03, 0x3F, 0x4F, 0x00, 0x00, 0x00, 0x00, 0x2F, 0x03, 0x3F, 0x4F,
    0xFF, 0xFF, 0xFF, 0xFF, 0x2F, 0x03, 0x3F, 0x4F, 0x2F, 0x03, 0x3F, 0x4F, 0x2F, 0x03, 0x3F, 0x4F,
    0x9E, 0xF2, 0xF0, 0xF0, 0xF0, 0xF0, 0x60, 0x00, 0x00, 0x60, 0xF0, 0xF0, 0xF0, 0xF0, 0xF2, 0x9E,
    0x9C, 0x96, 0xF2, 0xF0, 0xF0, 0xF0, 0x60, 0x00, 0x00, 0x60, 0xF0, 0xF0, 0xF0, 0xF2, 0x96, 0x9C,
    0xF0, 0x98, 0x9C, 0xF6, 0xF2, 0xF0, 0x60, 0x00, 0x00, 0x60, 0xF0, 0xF2, 0xF6, 0x9C, 0x98, 0xF0,
    0xF0, 0x98, 0x9C, 0xF6, 0xF2, 0x62, 0x00, 0x00, 0x00, 0x62, 0xF2, 0xF6, 0x9C, 0x90, 0xF0, 0xF0,
    0x07, 0x0C, 0x38, 0x60, 0xC6, 0x6C, 0x38, 0x00, 0x00, 0x38, 0x6C, 0xC6, 0x60, 0x38, 0x0C, 0x07,
    0x07, 0x1C, 0x70, 0xC0, 0x80, 0xD8, 0x70, 0x00, 0x00, 0x70, 0xD8, 0x80, 0xC0, 0x70, 0x1C, 0x07,
    0x07, 0x1C, 0x70, 0xC0, 0x80, 0xC0, 0x60, 0x00, 0x00, 0x60, 0xC0, 0x80, 0xC0, 0x70, 0x1C, 0x07,
    0x07, 0x3C, 0x60, 0xC0, 0x80, 0x80, 0x80, 0x00, 0xFF, 0x80, 0x80, 0x80, 0xC0, 0x60, 0x3C, 0x0F,
    0xF8, 0xFC, 0xFC, 0xFC, 0x78, 0x30, 0x00, 0x00, 0xF8, 0x7C, 0xFE, 0xFF, 0xFF, 0xFF, 0xFE, 0xF8,
    0x00, 0x00, 0x60, 0xF8, 0xFC, 0xFC, 0xF8, 0xF0, 0xFF, 0xFF, 0xFF, 0xFF, 0xFF, 0x7F, 0x7E, 0x3C,
    0x78, 0xFC, 0xFE, 0xFF, 0xFF, 0xFF, 0xFF, 0xFF, 0x1E, 0x3F, 0x7F, 0x7F, 0x3D, 0x18, 0x00, 0x00,
    0x3F, 0x7F, 0xFF, 0xFF, 0x7F, 0x3F, 0x3F, 0x1F, 0x00, 0x00, 0x04, 0x0E, 0x1F, 0x3F, 0x3F, 0x1F,
    0x00, 0x80, 0xC0, 0xE0, 0xE0, 0xC0, 0xC0, 0x00, 0xFF, 0x7E, 0x7C, 0x30, 0x00, 0x00, 0x00, 0x00,
    0x00, 0x00, 0x00, 0x00, 0x00, 0x3C, 0x7E, 0xFE, 0x00, 0x03, 0x07, 0x0F, 0x0F, 0x0F, 0x03, 0x01,
    0xFF, 0xFF, 0xFF, 0xFF, 0xFF, 0xFF, 0xFF, 0xFF, 0xFF, 0xFF, 0xFF, 0xFF, 0xFF, 0xFF, 0xFF, 0xFF,
    0xFF, 0xFF, 0xFF, 0xFF, 0xFF, 0xFF, 0xFF, 0xFF, 0xFF, 0xFF, 0xFF, 0xFF, 0xFF, 0xFF, 0xFF, 0xFF,
    0x00, 0x00, 0x00, 0x38, 0x6C, 0x7C, 0x6C, 0x38, 0x00, 0x38, 0x6C, 0x7C, 0x6C, 0x38, 0x00, 0x00,
    0x6C, 0x7C, 0x6C, 0x38, 0x00, 0x00, 0x00, 0x00, 0x00, 0x00, 0x00, 0x00, 0x00, 0x00, 0x00, 0x38,
    0x6C, 0x38, 0x00, 0x00, 0x00, 0x00, 0x00, 0x00, 0x00, 0x00, 0x00, 0x00, 0x00, 0x38, 0x6C, 0x7C,
    0x00, 0x38, 0x7C, 0xE6, 0xFE, 0xE6, 0x7C, 0x38, 0x7C, 0xE6, 0xFE, 0xE6, 0x7C, 0x38, 0x00, 0x00,
    0xFE, 0xE6, 0x7C, 0x38, 0x00, 0x00, 0x00, 0x00, 0x00, 0x00, 0x00, 0x00, 0x00, 0x38, 0x7C, 0xE6,
    0x7C, 0x38, 0x00, 0x00, 0x00, 0x00, 0x00, 0x00, 0x00, 0x00, 0x00, 0x38, 0x7C, 0xE6, 0xFE, 0xE6,
    0x3C, 0x7E, 0xE7, 0xFF, 0xFF, 0xE7, 0x7E, 0x3C, 0xE7, 0xFF, 0xFF, 0xE7, 0x7E, 0x3C, 0x00, 0x00,
    0x00, 0x00, 0x00, 0x00, 0x00, 0x00, 0x3C, 0x7E, 0xFF, 0xE7, 0x7E, 0x3C, 0x00, 0x00, 0x00, 0x00,
    0x00, 0x00, 0x00, 0x00, 0x3C, 0x7E, 0xE7, 0xFF, 0x7E, 0x3C, 0x00, 0x00, 0x00, 0x00, 0x00, 0x00,
    0x00, 0x00, 0x3C, 0x7E, 0xE7, 0xFF, 0xFF, 0xE7, 0xFF, 0xCF, 0xCE, 0xFE, 0xFC, 0x70, 0x00, 0x00,
    0x00, 0x00, 0x00, 0x70, 0xFC, 0xFE, 0xCE, 0xCF, 0x07, 0x07, 0x03, 0x03, 0x01, 0x00, 0x00, 0x00,
    0x00, 0x00, 0x00, 0x00, 0x01, 0x03, 0x03, 0x07, 0xFF, 0xCF, 0xCE, 0xFE, 0xFC, 0xF8, 0xF0, 0x00,
    0x00, 0x00, 0xF0, 0xF8, 0xFC, 0xFE, 0xCE, 0xCF, 0x0E, 0x0F, 0x07, 0x1F, 0x03, 0x01, 0x00, 0x00,
    0x00, 0x00, 0x00, 0x01, 0x03, 0x1F, 0x07, 0x0F, 0x7F, 0xCE, 0xCC, 0xF8, 0xF8, 0xF8, 0xF0, 0xF0,
    0xE0, 0xF0, 0xF0, 0xF8, 0xF8, 0xF8, 0xCC, 0xCE, 0x1E, 0x0F, 0x27, 0x3F, 0x03, 0x03, 0x01, 0x00,
    0x00, 0x01, 0x01, 0x03, 0x03, 0x3F, 0x27, 0x0F, 0xFF, 0xFF, 0xFF, 0xFF, 0xFF, 0xFF, 0xFF, 0xFF,
    0x0C, 0x27, 0x33, 0x1F, 0x03, 0x01, 0x03, 0x01, 0x03, 0x03, 0x01, 0x07, 0x03, 0x3F, 0x67, 0x4F,
    0x0C, 0x67, 0x73, 0x1F, 0x01, 0x00, 0x07, 0x03, 0x07, 0x0F, 0x01, 0x03, 0x00, 0x1F, 0x73, 0x67,
    0x4C, 0xF8, 0xF8, 0xF0, 0xF8, 0xF0, 0xE0, 0xC0, 0xF8, 0xF0, 0xF8, 0xF8, 0x4C, 0x4E, 0x7E, 0x4E,
    0x73, 0x1F, 0x71, 0x01, 0x07, 0x03, 0x1F, 0x0F, 0x01, 0x03, 0x71, 0x1F, 0x73, 0x06, 0x0C, 0x06,
    0xF8, 0xF0, 0xF8, 0xF8, 0xF0, 0xE0, 0x80, 0x00, 0xF8, 0xF8, 0x4C, 0x4E, 0x7F, 0x4E, 0x4C, 0xF8,
    0x00, 0x00, 0x80, 0xE0, 0xF0, 0xF8, 0xF8, 0xF0, 0x31, 0x60, 0x07, 0x03, 0x07, 0x1F, 0x7F, 0xFE,
    0x31, 0x1F, 0x32, 0x64, 0x08, 0x64, 0x32, 0x1F, 0x00, 0xFE, 0x7F, 0x1F, 0x07, 0x1F, 0x01, 0x63,
    0xF8, 0xF0, 0xF0, 0xE0, 0x80, 0x00, 0x00, 0x00, 0x4C, 0x4E, 0x7F, 0x4E, 0x4C, 0xF8, 0xF8, 0xF0,
    0xC0, 0xE0, 0xF0, 0xF0, 0xF8, 0xF0, 0xF8, 0xF8, 0x07, 0x03, 0x0F, 0x07, 0x1F, 0x7E, 0xF0, 0x00,
    0x73, 0x06, 0x0C, 0x06, 0x73, 0x1F, 0x71, 0x00, 0x1F, 0x7F, 0x07, 0x0F, 0x01, 0x03, 0x71, 0x1F,
    0xFE, 0x9C, 0x98, 0xF0, 0xF8, 0xFC, 0xFC, 0x7E, 0x3E, 0x7E, 0xFC, 0xFC, 0xF8, 0xF0, 0x98, 0x9C,
    0x30, 0x18, 0x0C, 0x1F, 0xF7, 0x61, 0xC0, 0x00, 0x00, 0x00, 0xC0, 0x61, 0xF7, 0x1F, 0x0C, 0x18,
    0x98, 0xF0, 0xF8, 0xFC, 0xFC, 0x7E, 0x3E, 0x3E, 0xFC, 0xFC, 0xF8, 0xF0, 0x98, 0x9C, 0xFE, 0x9C,
    0x0D, 0x1F, 0xFB, 0x31, 0xE0, 0x00, 0x00, 0x00, 0xE0, 0x31, 0xFB, 0x1F, 0x0D, 0x19, 0x31, 0x19,
    0xF8, 0xFC, 0xFC, 0x7E, 0x3E, 0x7F, 0x1F, 0x3F, 0xF8, 0xF0, 0x98, 0x9C, 0xFE, 0x9C, 0x98, 0xF0,
    0x3F, 0x0F, 0x1F, 0x3F, 0x3E, 0x7E, 0xFC, 0xFC, 0x3B, 0xF1, 0x20, 0xE0, 0x00, 0x00, 0x00, 0x00,
    0x3B, 0x1F, 0x0D, 0x19, 0x39, 0x19, 0x0D, 0x1F, 0x00, 0x00, 0x00, 0x00, 0x00, 0xE0, 0x20, 0xF1,
    0xFC, 0x7E, 0x3E, 0x7F, 0x1F, 0x7F, 0x1F, 0x3F, 0x98, 0x9C, 0xFE, 0x9C, 0x98, 0xF0, 0xF8, 0xFC,
    0x3F, 0x1F, 0x7E, 0x7E, 0xFC, 0xFC, 0xF8, 0xF0, 0x0D, 0x19, 0x31, 0x19, 0x0D, 0xEF, 0x3B, 0xE1,
    0x00, 0x00, 0x00, 0x00, 0x00, 0xE1, 0x3B, 0xEF, 0x7F, 0x4E, 0xCC, 0xF8, 0xF8, 0xFC, 0xFC, 0x7C,
    0xFC, 0xFC, 0xFC, 0x7C, 0xF8, 0xF8, 0xCC, 0x4E, 0x0C, 0x06, 0x63, 0x3F, 0x61, 0x00, 0x01, 0x00,
    0x01, 0x00, 0x01, 0x00, 0x61, 0x3F, 0x63, 0x06, 0x98, 0xF0, 0xF8, 0xFC, 0xFC, 0x00, 0x00, 0x00,
    0xF8, 0xFC, 0xFC, 0x00, 0x00, 0x00, 0x00, 0x00, 0x00, 0x00, 0x00, 0x00, 0xFC, 0xFC, 0xFC, 0xF8,
    0xE0, 0xC0, 0x80, 0x00, 0x00, 0x00, 0x00, 0x00, 0x00, 0x00, 0x00, 0x00, 0x00, 0x00, 0x80, 0xC0,
    0x07, 0x0F, 0x1F, 0x00, 0x00, 0x00, 0x00, 0x00, 0x00, 0x00, 0x00, 0x00, 0x00, 0x00, 0x1F, 0x0F,
    0x0F, 0x07, 0x1F, 0x7E, 0xF8, 0x00, 0x00, 0x00, 0x00, 0x00, 0x00, 0x00, 0xF8, 0x7E, 0x0F, 0x3F,
    0x00, 0x00, 0x00, 0x00, 0x80, 0xC0, 0xE0, 0xF0, 0x3F, 0x7E, 0xF8, 0x00, 0x00, 0x00, 0x00, 0x00,
    0x00, 0x00, 0xF8, 0x7E, 0x0F, 0x3F, 0x07, 0x0F, 0x00, 0x00, 0x00, 0x00, 0x00, 0x00, 0xF8, 0x7F,
    0x1F, 0x0F, 0x1E, 0x0E, 0x1E, 0x0C, 0x1C, 0x18, 0x7E, 0x3F, 0xFF, 0x1F, 0x3F, 0x0F, 0x3F, 0x0F,
    0x3F, 0x0F, 0x07, 0x1F, 0x0F, 0x3F, 0x1F, 0x7E, 0x00, 0x18, 0x1C, 0x0C, 0x1E, 0x0E, 0x1E, 0x0F,
    0x1E, 0x0E, 0x3C, 0x1C, 0x18, 0x30, 0x00, 0x00, 0x70, 0x38, 0x3C, 0x1C, 0x3E, 0x0E, 0x3F, 0x0F,
    0x0E, 0x1E, 0x1C, 0x38, 0x30, 0x00, 0x00, 0x00, 0x0F, 0x3F, 0x0F, 0x3F, 0x0F, 0x1F, 0x0E, 0x1E,
    0x1F, 0x0F, 0x3F, 0x0F, 0x1F, 0x0F, 0x3F, 0x0F, 0x00, 0x00, 0x00, 0x00, 0x00, 0x38, 0x1C, 0x0C,
    0x0E, 0x1C, 0x38, 0x00, 0x00, 0x00, 0x00, 0x00, 0x00, 0x00, 0x00, 0x38, 0x1C, 0x0C, 0x1E, 0x0E,
    0xF0, 0xF0, 0xE0, 0xC0, 0x80, 0x00, 0x00, 0x00, 0xFE, 0x3E, 0x7E, 0x3C, 0x7C, 0xFC, 0x78, 0xF8,
    0x03, 0x01, 0x07, 0x03, 0x07, 0x1E, 0x00, 0x00, 0xF8, 0x78, 0xFC, 0x7C, 0xFC, 0x3E, 0x7E, 0x3E,
    0x00, 0x00, 0x00, 0x00, 0x80, 0xC0, 0xE0, 0xF0, 0x00, 0x00, 0x00, 0x1F, 0x07, 0x03, 0x07, 0x01,
    0xFC, 0xF8, 0xF8, 0xF0, 0xE0, 0xC0, 0x00, 0x00, 0x00, 0x00, 0x00, 0xC0, 0xE0, 0xF0, 0xF8, 0xF8,
    0x00, 0x01, 0x00, 0x07, 0x03, 0x0F, 0x1F, 0x7C, 0x00, 0x7C, 0x3F, 0x0F, 0x07, 0x03, 0x01, 0x03,
    0xFF, 0xFF, 0xFF, 0xFF, 0xFF, 0xFF, 0xFF, 0xFF, 0xFF, 0xFF, 0xFF, 0xFF, 0xFF, 0xFF, 0xFF, 0xFF,
    0x00, 0x00, 0x00, 0x00, 0x00, 0x00, 0x00, 0x00, 0x00, 0x00, 0x00, 0x00, 0x00, 0x00, 0x00, 0x00,
    0x00, 0x00, 0x00, 0x00, 0x00, 0x00, 0x00, 0x00, 0x00, 0x00, 0x00, 0x00, 0x00, 0x00, 0x00, 0x00,
    0x00, 0x00, 0x00, 0x00, 0x00, 0x00, 0x00, 0x00, 0x00, 0x00, 0x00, 0x00, 0x00, 0x00, 0x00, 0x00,
    0x00, 0x00, 0x00, 0x00, 0x00, 0x00, 0x00, 0x00, 0x00, 0x00, 0x00, 0x00, 0x00, 0x00, 0x00, 0x00,
    0x00, 0x00, 0x00, 0x00, 0x00, 0x00, 0x00, 0x00, 0x00, 0x00, 0x20, 0x00, 0x00, 0x00, 0x00, 0x00,
    0x00, 0x00, 0x00, 0x00, 0x08, 0x00, 0x00, 0x00, 0x00, 0x00, 0x10, 0x38, 0x10, 0x00, 0x00, 0x00,
    0x00, 0x00, 0x00, 0x00, 0x00, 0x00, 0x00, 0x00, 0x00, 0x00, 0x00, 0x00, 0x00, 0x00, 0x00, 0x00,
    0x00, 0x00, 0x00, 0x00, 0x00, 0x00, 0x00, 0x00, 0x00, 0x00, 0x00, 0x00, 0x00, 0x00, 0x00, 0x00,
    0x00, 0x00, 0x00, 0x00, 0x00, 0x00, 0x00, 0x00, 0x00, 0x00, 0x00, 0x00, 0x00, 0x00, 0x00, 0x00,
    0x00, 0x00, 0x00, 0x00, 0x00, 0x00, 0x00, 0x00, 0x00, 0x00, 0x00, 0x00, 0x00, 0x00, 0x00, 0x00,
    0x00, 0x00, 0x00, 0x00, 0x00, 0x00, 0x00, 0x00, 0x00, 0x00, 0x00, 0x00, 0x00, 0x00, 0x00, 0x00,
    0x00, 0x00, 0x00, 0x00, 0x00, 0x00, 0x00, 0x00, 0x00, 0x00, 0x00, 0x00, 0x00, 0x00, 0x00, 0x00,
    0x00, 0x00, 0x00, 0x00, 0x00, 0x00, 0x00, 0x00, 0x00, 0x00, 0x00, 0x00, 0x00, 0x00, 0x00, 0x00,
    0x00, 0x00, 0x00, 0x00, 0x00, 0x00, 0x00, 0x00, 0x00, 0x00, 0x00, 0x00, 0x00, 0x00, 0x00, 0x00,
    0x00, 0x00, 0x00, 0x00, 0x00, 0x00, 0x00, 0x00, 0x00, 0x00, 0x00, 0x00, 0x00, 0x00, 0x00, 0x00,
    0x00, 0x00, 0x00, 0x00, 0x00, 0x00, 0x00, 0x00, 0x00, 0x00, 0x00, 0x00, 0x00, 0x00, 0x00, 0x00,
    0xC0, 0x80, 0x00, 0x00, 0x00, 0x00, 0x00, 0x00, 0x00, 0x00, 0x00, 0x00, 0x00, 0x00, 0x80, 0xC0,
    0x00, 0x00, 0x44, 0x10, 0x10, 0x40, 0x00, 0x00, 0x00, 0x00, 0x00, 0x08, 0x40, 0x00, 0x90, 0x94,
    0x00, 0x00, 0x00, 0x00, 0x00, 0x00, 0x00, 0x00, 0x00, 0x00, 0x00, 0x00, 0x00, 0x00, 0x00, 0x00,
    0x80, 0x00, 0x00, 0x00, 0x00, 0x00, 0x00, 0x00, 0x00, 0x00, 0x00, 0x00, 0x00, 0x00, 0x00, 0x80,
    0x80, 0x40, 0x20, 0x00, 0x00, 0x00, 0x00, 0x00, 0x00, 0x00, 0x00, 0x00, 0x00, 0x00, 0x00, 0x80,
    0x00, 0x80, 0xC0, 0x64, 0x32, 0x19, 0x0F, 0x07, 0x07, 0x0D, 0x19, 0x32, 0x64, 0xC0, 0x80, 0x00,
    0x80, 0x20, 0x80, 0x00, 0x00, 0x00, 0x00, 0x00, 0x00, 0x00, 0x00, 0x00, 0x80, 0x00, 0x40, 0x10,
    0x00, 0x00, 0x00, 0x00, 0x00, 0x00, 0x00, 0x00, 0x03, 0x05, 0x0A, 0x14, 0x28, 0x40, 0x80, 0x00,
    0x03, 0x01, 0x00, 0x00, 0x00, 0x00, 0x00, 0x00, 0x00, 0x00, 0x00, 0x00, 0x00, 0x00, 0x01, 0x03,
    0x18, 0x1B, 0x03, 0x00, 0x08, 0x08, 0x01, 0x00, 0x00, 0x00, 0x02, 0x01, 0x21, 0x04, 0x41, 0x41,
    0x04, 0x00, 0x15, 0x00, 0x44, 0x28, 0xC0, 0xC0, 0x00, 0x00, 0x00, 0x00, 0x00, 0x00, 0x00, 0x00,
    0x01, 0x00, 0x00, 0x00, 0x00, 0x00, 0x00, 0x00, 0x00, 0x00, 0x00, 0x00, 0x00, 0x00, 0x00, 0x01,
    0x01, 0x00, 0x00, 0x00, 0x00, 0x00, 0x00, 0x00, 0x00, 0x00, 0x00, 0x00, 0x00, 0x04, 0x02, 0x01,
    0x07, 0x0D, 0x18, 0x30, 0x60, 0xC8, 0xD0, 0xE0, 0xE0, 0xD0, 0xC8, 0x60, 0x30, 0x18, 0x0D, 0x07,
    0x00, 0x01, 0x00, 0x02, 0x00, 0x00, 0x00, 0x00, 0x00, 0x00, 0x00, 0x00, 0x00, 0x02, 0x00, 0x05,
    0x02, 0x04, 0x08, 0x10, 0x28, 0x50, 0xA0, 0xC0, 0x00, 0x00, 0x00, 0x00, 0x00, 0x00, 0x00, 0x01,
    0x00, 0x70, 0x00, 0x00, 0x00, 0x00, 0x00, 0x00, 0xFF, 0x00, 0x00, 0x77, 0x00, 0x77, 0x00, 0x77,
    0x77, 0x00, 0x77, 0x00, 0x77, 0x00, 0x00, 0xFF, 0x00, 0x00, 0x00, 0x00, 0x00, 0x00, 0x70, 0x00,
    0x0F, 0xF8, 0x00, 0x77, 0x07, 0x70, 0x07, 0x70, 0x70, 0x07, 0x70, 0x07, 0x77, 0x00, 0xF8, 0x0F,
    0xF0, 0x1F, 0x00, 0x77, 0x07, 0x77, 0x00, 0x70, 0x70, 0x00, 0x77, 0x07, 0x77, 0x00, 0x1F, 0xF0,
    0x20, 0x20, 0x20, 0x20, 0xF0, 0xF0, 0xF0, 0xF0, 0x02, 0x02, 0x02, 0x02, 0x0F, 0x0F, 0x0F, 0x0F,
    0x00, 0x00, 0x00, 0x00, 0x00, 0x00, 0x00, 0x00, 0x00, 0x18, 0x18, 0x7E, 0x7E, 0x18, 0x18, 0x00,
    0x01, 0x03, 0x01, 0x01, 0x07, 0x03, 0x01, 0x03, 0x1F, 0x03, 0x1F, 0x0F, 0x07, 0x1F, 0x03, 0x0F,
    0x7F, 0x0F, 0x7F, 0x3F, 0x0F, 0x7F, 0x1F, 0x3F, 0xFF, 0x3F, 0x7F, 0xFF, 0x3F, 0xFF, 0x3F, 0x7F,
    0x00, 0x0E, 0x00, 0x0E, 0x00, 0x00, 0x00, 0x00, 0xFF, 0x00, 0x00, 0x0E, 0x00, 0x0E, 0x00, 0x0E,
    0x0E, 0x00, 0x0E, 0x00, 0x0E, 0x00, 0x00, 0xFF, 0x00, 0x00, 0x00, 0x00, 0x0E, 0x00, 0x0E, 0x00,
    0x0F, 0xF8, 0x00, 0x0E, 0x00, 0x0E, 0x00, 0x0E, 0x0E, 0x00, 0x0E, 0x00, 0x0E, 0x00, 0xF8, 0x0F,
    0xF0, 0x1F, 0x00, 0x0E, 0x00, 0x0E, 0x00, 0x0E, 0x0E, 0x00, 0x0E, 0x00, 0x0E, 0x00, 0x1F, 0xF0,
    0xF0, 0xF0, 0xF0, 0xF0, 0x20, 0x20, 0x20, 0x20, 0x0F, 0x0F, 0x0F, 0x0F, 0x02, 0x02, 0x02, 0x02,
    0x00, 0x00, 0x00, 0x00, 0x00, 0x00, 0x00, 0x00, 0x00, 0x18, 0x18, 0x00, 0x00, 0x18, 0x18, 0x00,
    0xFF, 0xFF, 0x7E, 0x3C, 0x00, 0x00, 0x00, 0x00, 0x00, 0x00, 0x00, 0x00, 0x3C, 0x7E, 0xFF, 0xFF,
    0xFF, 0xFF, 0xFF, 0xFF, 0xFF, 0xFF, 0xFF, 0xFF, 0x00, 0x00, 0x00, 0x00, 0x00, 0x00, 0x00, 0x00,
    0x00, 0x00, 0x00, 0x00, 0x00, 0x00, 0x00, 0x00, 0x00, 0x00, 0x00, 0x00, 0x00, 0x00, 0x00, 0x00,
    0x00, 0x00, 0x00, 0x00, 0x00, 0x00, 0x00, 0x00, 0x00, 0x00, 0x00, 0x00, 0x00, 0x00, 0x00, 0x00,
    0x00, 0x00, 0x00, 0x00, 0x00, 0x00, 0x00, 0x00, 0x00, 0x00, 0x00, 0x00, 0x00, 0x00, 0x00, 0x00,
    0x00, 0x00, 0x00, 0x00, 0x00, 0x00, 0x00, 0x00, 0x00, 0x00, 0x00, 0x00, 0x00, 0x00, 0x00, 0x00,
    0x00, 0x00, 0x00, 0x00, 0x00, 0x00, 0x00, 0x00, 0x00, 0x00, 0x00, 0x00, 0x00, 0x00, 0x00, 0x00,
    0x00, 0x00, 0x00, 0x00, 0x00, 0x00, 0x00, 0x00, 0x00, 0x00, 0x00, 0x00, 0x00, 0x00, 0x00, 0x00,
    0x00, 0x00, 0x00, 0x00, 0x00, 0x00, 0x00, 0x00, 0x00, 0x00, 0x00, 0x00, 0x00, 0x00, 0x00, 0x00,
    0x00, 0x00, 0x00, 0x00, 0x00, 0x00, 0x00, 0x00, 0x00, 0x00, 0x00, 0x00, 0x00, 0x00, 0x00, 0x00,
    0x60, 0x00, 0x00, 0x00, 0x00, 0x00, 0x00, 0x00, 0x00, 0x00, 0x00, 0x00, 0x00, 0x00, 0x00, 0x60,
    0x60, 0x60, 0x00, 0x00, 0x00, 0x00, 0x00, 0x00, 0x00, 0x00, 0x00, 0x00, 0x00, 0x00, 0x60, 0x60,
    0x00, 0x60, 0x60, 0x00, 0x00, 0x00, 0x00, 0x00, 0x00, 0x00, 0x00, 0x00, 0x00, 0x60, 0x60, 0x00,
    0x00, 0x60, 0x60, 0x00, 0x00, 0x00, 0x00, 0x00, 0x00, 0x00, 0x00, 0x00, 0x60, 0x60, 0x00, 0x00,
    0x07, 0x0C, 0x38, 0x60, 0xC6, 0x6C, 0x38, 0x00, 0x00, 0x38, 0x6C, 0xC6, 0x60, 0x38, 0x0C, 0x07,
    0x07, 0x1C, 0x70, 0xC0, 0x80, 0xD8, 0x70, 0x00, 0x00, 0x70, 0xD8, 0x80, 0xC0, 0x70, 0x1C, 0x07,
    0x07, 0x1C, 0x70, 0xC0, 0x80, 0xC0, 0x60, 0x00, 0x00, 0x60, 0xC0, 0x80, 0xC0, 0x70, 0x1C, 0x07,
    0x07, 0x3C, 0x60, 0xC0, 0x80, 0x80, 0x80, 0x00, 0x00, 0x80, 0x80, 0x80, 0xC0, 0x60, 0x3C, 0x07,
    0x00, 0x00, 0x00, 0x00, 0x00, 0x00, 0x00, 0x00, 0x00, 0x00, 0x00, 0x00, 0x00, 0x00, 0x00, 0x00,
    0x00, 0x00, 0x00, 0x00, 0x00, 0x00, 0x00, 0x00, 0x00, 0x00, 0x00, 0x00, 0x00, 0x00, 0x00, 0x00,
    0x00, 0x00, 0x00, 0x00, 0x00, 0x00, 0x00, 0x00, 0x00, 0x00, 0x00, 0x00, 0x00, 0x00, 0x00, 0x00,
    0x00, 0x00, 0x00, 0x00, 0x00, 0x00, 0x00, 0x00, 0x00, 0x00, 0x00, 0x00, 0x00, 0x00, 0x00, 0x00,
    0x00, 0x00, 0x00, 0x00, 0x00, 0x00, 0x00, 0x00, 0x00, 0x00, 0x00, 0x00, 0x00, 0x00, 0x00, 0x00,
    0x00, 0x00, 0x00, 0x00, 0x00, 0x00, 0x00, 0x00, 0x00, 0x00, 0x00, 0x00, 0x00, 0x00, 0x00, 0x00,
    0x00, 0x00, 0x00, 0x00, 0x00, 0x00, 0x00, 0x00, 0x00, 0x00, 0x00, 0x00, 0x00, 0x00, 0x00, 0x00,
    0x00, 0x00, 0x00, 0x00, 0x00, 0x00, 0x00, 0x00, 0x00, 0x00, 0x00, 0x00, 0x00, 0x00, 0x00, 0x00,
    0x00, 0x00, 0x00, 0x00, 0x10, 0x00, 0x10, 0x00, 0x00, 0x00, 0x10, 0x00, 0x10, 0x00, 0x00, 0x00,
    0x10, 0x00, 0x10, 0x00, 0x00, 0x00, 0x00, 0x00, 0x00, 0x00, 0x00, 0x00, 0x00, 0x00, 0x00, 0x00,
    0x10, 0x00, 0x00, 0x00, 0x00, 0x00, 0x00, 0x00, 0x00, 0x00, 0x00, 0x00, 0x00, 0x00, 0x10, 0x00,
    0x00, 0x38, 0x44, 0x9A, 0x82, 0x9A, 0x44, 0x38, 0x44, 0x9A, 0x82, 0x9A, 0x44, 0x38, 0x00, 0x00,
    0x82, 0x9A, 0x44, 0x38, 0x00, 0x00, 0x00, 0x00, 0x00, 0x00, 0x00, 0x00, 0x00, 0x38, 0x44, 0x9A,
    0x44, 0x38, 0x00, 0x00, 0x00, 0x00, 0x00, 0x00, 0x00, 0x00, 0x00, 0x38, 0x44, 0x9A, 0x82, 0x9A,
    0x3C, 0x42, 0x99, 0x81, 0x81, 0x99, 0x42, 0x3C, 0x99, 0x81, 0x81, 0x99, 0x42, 0x3C, 0x00, 0x00,
    0x00, 0x00, 0x00, 0x00, 0x00, 0x00, 0x3C, 0x42, 0x81, 0x99, 0x42, 0x3C, 0x00, 0x00, 0x00, 0x00,
    0x00, 0x00, 0x00, 0x00, 0x3C, 0x42, 0x99, 0x81, 0x42, 0x3C, 0x00, 0x00, 0x00, 0x00, 0x00, 0x00,
    0x00, 0x00, 0x3C, 0x42, 0x99, 0x81, 0x81, 0x99, 0x01, 0x31, 0x32, 0x02, 0x8C, 0x70, 0x00, 0x00,
    0x00, 0x00, 0x00, 0x70, 0x8C, 0x02, 0x32, 0x31, 0x04, 0x04, 0x02, 0x02, 0x01, 0x00, 0x00, 0x00,
    0x00, 0x00, 0x00, 0x00, 0x01, 0x02, 0x02, 0x04, 0x01, 0x31, 0x32, 0x02, 0x04, 0x08, 0xF0, 0x00,
    0x00, 0x00, 0xF0, 0x08, 0x04, 0x02, 0x32, 0x31, 0x08, 0x08, 0x04, 0x1C, 0x02, 0x01, 0x00, 0x00,
    0x00, 0x00, 0x00, 0x01, 0x02, 0x1C, 0x04, 0x08, 0x80, 0x30, 0x30, 0x00, 0x00, 0x00, 0x00, 0x00,
    0x00, 0x00, 0x00, 0x00, 0x00, 0x00, 0x30, 0x30, 0x01, 0x00, 0x20, 0x3C, 0x00, 0x00, 0x00, 0x00,
    0x00, 0x00, 0x00, 0x00, 0x00, 0x3C, 0x20, 0x00, 0x00, 0x00, 0x00, 0x00, 0x00, 0x00, 0x00, 0x00,
    0x03, 0x20, 0x30, 0x1E, 0x00, 0x00, 0x00, 0x00, 0x00, 0x00, 0x00, 0x00, 0x00, 0x3C, 0x70, 0x60,
    0x03, 0x60, 0x70, 0x1E, 0x00, 0x00, 0x00, 0x00, 0x00, 0x00, 0x00, 0x00, 0x00, 0x1E, 0x70, 0x60,
    0xB0, 0x00, 0x00, 0x00, 0x00, 0x00, 0x00, 0x00, 0x00, 0x00, 0x00, 0x00, 0xB0, 0xB0, 0x80, 0xB0,
    0x70, 0x1E, 0x70, 0x00, 0x00, 0x00, 0x00, 0x00, 0x00, 0x00, 0x70, 0x1E, 0x70, 0x01, 0x03, 0x01,
    0x00, 0x00, 0x00, 0x00, 0x00, 0x00, 0x00, 0x00, 0x00, 0x00, 0xB0, 0xB0, 0x80, 0xB0, 0xB0, 0x00,
    0x00, 0x00, 0x00, 0x00, 0x00, 0x00, 0x00, 0x00, 0x30, 0x60, 0x00, 0x00, 0x00, 0x00, 0x00, 0x00,
    0x30, 0x1E, 0x31, 0x63, 0x07, 0x33, 0x31, 0x1E, 0x00, 0x00, 0x00, 0x00, 0x00, 0x00, 0x00, 0x60,
    0x00, 0x00, 0x00, 0x00, 0x00, 0x00, 0x00, 0x00, 0xB0, 0xB0, 0x80, 0xB0, 0xB0, 0x00, 0x00, 0x00,
    0x00, 0x00, 0x00, 0x00, 0x00, 0x00, 0x00, 0x00, 0x00, 0x00, 0x00, 0x00, 0x00, 0x00, 0x00, 0x00,
    0x70, 0x01, 0x03, 0x01, 0x70, 0x1E, 0x70, 0x00, 0x00, 0x00, 0x00, 0x00, 0x00, 0x00, 0x70, 0x1E,
    0x00, 0x60, 0x60, 0x00, 0x00, 0x00, 0x00, 0x00, 0x00, 0x00, 0x00, 0x00, 0x00, 0x00, 0x60, 0x60,
    0x0F, 0x07, 0x03, 0x18, 0xF0, 0x60, 0xC0, 0x00, 0x00, 0x00, 0xC0, 0x60, 0xF0, 0x18, 0x03, 0x07,
    0x60, 0x00, 0x00, 0x00, 0x00, 0x00, 0x00, 0x00, 0x00, 0x00, 0x00, 0x00, 0x60, 0x60, 0x00, 0x60,
    0x02, 0x18, 0xF8, 0x30, 0xE0, 0x00, 0x00, 0x00, 0xE0, 0x30, 0xF8, 0x18, 0x02, 0x06, 0x0E, 0x06,
    0x00, 0x00, 0x00, 0x00, 0x00, 0x00, 0x00, 0x00, 0x00, 0x00, 0x60, 0x60, 0x00, 0x60, 0x60, 0x00,
    0x00, 0x00, 0x00, 0x00, 0x00, 0x00, 0x00, 0x00, 0x38, 0xF0, 0x20, 0xE0, 0x00, 0x00, 0x00, 0x00,
    0x38, 0x18, 0x02, 0x06, 0x06, 0x06, 0x02, 0x18, 0x00, 0x00, 0x00, 0x00, 0x00, 0xE0, 0x20, 0xF0,
    0x00, 0x00, 0x00, 0x00, 0x00, 0x00, 0x00, 0x00, 0x60, 0x60, 0x00, 0x60, 0x60, 0x00, 0x00, 0x00,
    0x00, 0x00, 0x00, 0x00, 0x00, 0x00, 0x00, 0x00, 0x02, 0x06, 0x0E, 0x06, 0x02, 0xE8, 0x38, 0xE0,
    0x00, 0x00, 0x00, 0x00, 0x00, 0xE0, 0x38, 0xE8, 0x80, 0xB0, 0x30, 0x00, 0x00, 0x00, 0x00, 0x00,
    0x00, 0x00, 0x00, 0x00, 0x00, 0x00, 0x30, 0xB0, 0x03, 0x01, 0x60, 0x3E, 0x60, 0x00, 0x00, 0x00,
    0x00, 0x00, 0x00, 0x00, 0x60, 0x3E, 0x60, 0x01, 0x60, 0x00, 0x00, 0x00, 0x00, 0x00, 0x00, 0x00,
    0x00, 0x00, 0x00, 0x00, 0x00, 0x00, 0x00, 0x00, 0x00, 0x00, 0x00, 0x00, 0x00, 0x00, 0x00, 0x00,
    0x00, 0x00, 0x00, 0x00, 0x00, 0x00, 0x00, 0x00, 0x00, 0x00, 0x00, 0x00, 0x00, 0x00, 0x00, 0x00,
    0x00, 0x00, 0x00, 0x00, 0x00, 0x00, 0x00, 0x00, 0x00, 0x00, 0x00, 0x00, 0x00, 0x00, 0x00, 0x00,
    0x00, 0x00, 0x00, 0x00, 0x00, 0x00, 0x00, 0x00, 0x00, 0x00, 0x00, 0x00, 0x00, 0x00, 0x00, 0x00,
    0x00, 0x00, 0x00, 0x00, 0x00, 0x00, 0x00, 0x00, 0x00, 0x00, 0x00, 0x00, 0x00, 0x00, 0x00, 0x00,
    0x00, 0x00, 0x00, 0x00, 0x00, 0x00, 0x00, 0x00, 0x00, 0x00, 0x00, 0x00, 0x00, 0x00, 0x00, 0x00,
    0x00, 0x00, 0x00, 0x00, 0x00, 0x00, 0x00, 0x00, 0x00, 0x00, 0x00, 0x00, 0x00, 0x00, 0x00, 0x00,
    0x00, 0x00, 0x00, 0x00, 0x00, 0x00, 0x00, 0x00, 0x00, 0x00, 0x00, 0x00, 0x00, 0x00, 0x00, 0x00,
    0x00, 0x00, 0x00, 0x00, 0x00, 0x00, 0x00, 0x00, 0x00, 0x00, 0x00, 0x00, 0x00, 0x00, 0x00, 0x00,
    0x00, 0x00, 0x00, 0x00, 0x00, 0x00, 0x00, 0x00, 0x00, 0x00, 0x00, 0x00, 0x00, 0x00, 0x00, 0x00,
    0x00, 0x00, 0x00, 0x00, 0x00, 0x00, 0x00, 0x00, 0x00, 0x00, 0x00, 0x00, 0x00, 0x00, 0x00, 0x00,
    0x00, 0x00, 0x00, 0x00, 0x00, 0x00, 0x00, 0x00, 0x00, 0x00, 0x00, 0x00, 0x00, 0x00, 0x00, 0x00,
    0x00, 0x00, 0x00, 0x00, 0x00, 0x00, 0x00, 0x00, 0x00, 0x00, 0x00, 0x00, 0x00, 0x00, 0x00, 0x00,
    0x00, 0x00, 0x00, 0x00, 0x00, 0x00, 0x00, 0x00, 0x00, 0x00, 0x00, 0x00, 0x00, 0x00, 0x00, 0x00,
    0x00, 0x00, 0x00, 0x00, 0x00, 0x00, 0x00, 0x00, 0x00, 0x00, 0x00, 0x00, 0x00, 0x00, 0x00, 0x00,
    0x00, 0x00, 0x00, 0x00, 0x00, 0x00, 0x00, 0x00, 0x00, 0x00, 0x00, 0x00, 0x00, 0x00, 0x00, 0x00,
    0x00, 0x00, 0x00, 0x00, 0x00, 0x00, 0x00, 0x00, 0x00, 0x00, 0x00, 0x00, 0x00, 0x00, 0x00, 0x00,
    0x00, 0x00, 0x00, 0x00, 0x00, 0x00, 0x00, 0x00, 0x00, 0x00, 0x00, 0x00, 0x00, 0x00, 0x00, 0x00,
    0x00, 0x00, 0x00, 0x00, 0x00, 0x00, 0x00, 0x00, 0x00, 0x7C, 0x12, 0x12, 0x12, 0x7E, 0x7C, 0x00,
    0x00, 0x34, 0x4A, 0x4A, 0x4A, 0x7E, 0x7E, 0x00, 0x00, 0x24, 0x42, 0x42, 0x42, 0x7E, 0x3C, 0x00,
    0x00, 0x3C, 0x42, 0x42, 0x42, 0x7E, 0x7E, 0x00, 0x00, 0x42, 0x4A, 0x4A, 0x4A, 0x7E, 0x7E, 0x00,
    0x00, 0x02, 0x0A, 0x0A, 0x0A, 0x7E, 0x7E, 0x00, 0x00, 0x34, 0x52, 0x52, 0x42, 0x7E, 0x3C, 0x00,
    0x00, 0x7E, 0x08, 0x08, 0x08, 0x7E, 0x7E, 0x00, 0x00, 0x42, 0x42, 0x7E, 0x7E, 0x42, 0x42, 0x00,
    0x00, 0x7E, 0x7E, 0x7E, 0x40, 0x40, 0x30, 0x00, 0x00, 0x42, 0x24, 0x18, 0x08, 0x7E, 0x7E, 0x00,
    0x00, 0x40, 0x40, 0x40, 0x40, 0x7E, 0x7E, 0x00, 0x00, 0x7E, 0x02, 0x7C, 0x02, 0x7E, 0x7E, 0x00,
    0x00, 0x7E, 0x20, 0x18, 0x04, 0x7E, 0x7E, 0x00, 0x00, 0x3C, 0x42, 0x42, 0x42, 0x7E, 0x3C, 0x00,
    0x00, 0x0C, 0x12, 0x12, 0x12, 0x7E, 0x7E, 0x00, 0x00, 0x40, 0x3C, 0x62, 0x42, 0x7E, 0x3C, 0x00,
    0x00, 0x44, 0x2A, 0x1A, 0x0A, 0x7E, 0x7E, 0x00, 0x00, 0x34, 0x72, 0x4A, 0x4A, 0x4E, 0x2C, 0x00,
    0x00, 0x02, 0x02, 0x7E, 0x7E, 0x02, 0x02, 0x00, 0x00, 0x3E, 0x40, 0x40, 0x40, 0x7E, 0x7E, 0x00,
    0x00, 0x1E, 0x20, 0x40, 0x20, 0x3E, 0x1E, 0x00, 0x00, 0x3E, 0x40, 0x38, 0x40, 0x7E, 0x3E, 0x00,
    0x00, 0x42, 0x26, 0x1C, 0x38, 0x74, 0x62, 0x00, 0x00, 0x06, 0x08, 0x70, 0x08, 0x0E, 0x06, 0x00,
    0x00, 0x42, 0x46, 0x4E, 0x5A, 0x72, 0x62, 0x00, 0x00, 0x00, 0x00, 0x42, 0x42, 0x7E, 0x00, 0x00,
    0x00, 0x00, 0x00, 0x7E, 0x42, 0x42, 0x00, 0x00, 0x00, 0x00, 0x42, 0x66, 0x3C, 0x18, 0x00, 0x00,
    0x00, 0x00, 0x00, 0x18, 0x3C, 0x66, 0x42, 0x00, 0x00, 0x00, 0x24, 0x18, 0x7E, 0x18, 0x24, 0x00,
    0x00, 0x00, 0x3C, 0x46, 0x4A, 0x52, 0x3C, 0x00, 0x00, 0x00, 0x40, 0x40, 0x7E, 0x42, 0x44, 0x00,
    0x00, 0x00, 0x64, 0x4A, 0x52, 0x62, 0x44, 0x00, 0x00, 0x00, 0x34, 0x4A, 0x4A, 0x4A, 0x42, 0x00,
    0x00, 0x00, 0x08, 0x7E, 0x08, 0x08, 0x0E, 0x00, 0x00, 0x00, 0x30, 0x4A, 0x4A, 0x4A, 0x4E, 0x00,
    0x00, 0x00, 0x30, 0x4A, 0x4A, 0x4A, 0x3C, 0x00, 0x00, 0x00, 0x06, 0x1A, 0x32, 0x62, 0x06, 0x00,
    0x00, 0x00, 0x34, 0x4A, 0x4A, 0x4A, 0x34, 0x00, 0x00, 0x00, 0x3C, 0x52, 0x52, 0x52, 0x0C, 0x00,
    0x00, 0x00, 0x00, 0x00, 0x00, 0x00, 0xC0, 0xC0, 0x00, 0x00, 0x08, 0x08, 0x08, 0x08, 0x08, 0x00,
    0x3C, 0x42, 0x81, 0x81, 0x81, 0x81, 0x42, 0x3C, 0x00, 0x00, 0x00, 0x00, 0x00, 0x00, 0x00, 0x00,
    0x00, 0x00, 0x00, 0x00, 0x00, 0x00, 0x00, 0x00, 0x00, 0x00, 0x06, 0x09, 0x51, 0x01, 0x02, 0x00,
    0xFC, 0xE0, 0x70, 0x38, 0x1C, 0x3E, 0x00, 0x00, 0x00, 0x3E, 0x1C, 0x38, 0x70, 0xE0, 0xFC, 0x9F,
    0xE0, 0x70, 0x38, 0x7C, 0x00, 0x00, 0x00, 0x00, 0x00, 0x7C, 0x38, 0x70, 0xE0, 0xFC, 0x9F, 0xFC,
    0x70, 0xF8, 0x00, 0x00, 0x00, 0x00, 0x00, 0x00, 0x00, 0xF8, 0x70, 0xE0, 0xFC, 0x9F, 0xFC, 0xE0,
    0xF8, 0x00, 0x00, 0x00, 0x00, 0x00, 0x00, 0x00, 0xF8, 0x70, 0xE0, 0xFC, 0x9F, 0xFC, 0xE0, 0x70,
    0x70, 0xE0, 0xFC, 0x9F, 0xFC, 0xE0, 0x70, 0xF8, 0x00, 0x00, 0x00, 0x00, 0x00, 0x00, 0x00, 0xF8,
    0xE0, 0xFC, 0x9F, 0xFC, 0xE0, 0x70, 0xF8, 0x00, 0x00, 0x00, 0x00, 0x00, 0x00, 0x00, 0xF8, 0x70,
    0xFC, 0x9F, 0xFC, 0xE0, 0x70, 0x38, 0x7C, 0x00, 0x00, 0x00, 0x00, 0x00, 0x7C, 0x38, 0x70, 0xE0,
    0x9F, 0xFC, 0xE0, 0x70, 0x38, 0x1C, 0x3E, 0x00, 0x00, 0x00, 0x3E, 0x1C, 0x38, 0x70, 0xE0, 0xFC,
    0x7F, 0xC7, 0x0E, 0x1C, 0x38, 0x70, 0xFC, 0x00, 0xFC, 0x70, 0x38, 0x1C, 0x0E, 0xC7, 0x7F, 0xE3,
    0xCE, 0x1C, 0x38, 0x70, 0xFC, 0x00, 0x00, 0x00, 0xFC, 0x70, 0x38, 0x1C, 0xCE, 0x7F, 0xE3, 0x7F,
    0x3C, 0x78, 0xFC, 0x00, 0x00, 0x00, 0x00, 0x00, 0xFC, 0x78, 0x3C, 0xDE, 0x7F, 0xE3, 0x7F, 0xDE,
    0xFC, 0x00, 0x00, 0x00, 0x00, 0x00, 0x00, 0x00, 0xFC, 0x78, 0xFC, 0x7F, 0xE3, 0x7F, 0xFC, 0x78,
    0x78, 0xFC, 0x7F, 0xE3, 0x7F, 0xFC, 0x78, 0xFC, 0x00, 0x00, 0x00, 0x00, 0x00, 0x00, 0x00, 0xFC,
    0xDE, 0x7F, 0xE3, 0x7F, 0xDE, 0x3C, 0x78, 0xFC, 0x00, 0x00, 0x00, 0x00, 0x00, 0xFC, 0x78, 0x3C,
    0x7F, 0xE3, 0x7F, 0xCE, 0x1C, 0x38, 0x70, 0xFC, 0x00, 0x00, 0x00, 0xFC, 0x70, 0x38, 0x1C, 0xCE,
    0xE3, 0x7F, 0xC7, 0x0E, 0x1C, 0x38, 0x70, 0xFC, 0x00, 0xFC, 0x70, 0x38, 0x1C, 0x0E, 0xC7, 0x7F,
    0x00, 0x00, 0x00, 0x00, 0x00, 0x00, 0x00, 0x3F, 0x00, 0x00, 0x00, 0x00, 0x00, 0x00, 0x3F, 0x00,
    0x00, 0x00, 0x00, 0x00, 0x00, 0x3F, 0x00, 0x00, 0x00, 0x00, 0x00, 0x00, 0x3F, 0x00, 0x00, 0x00,
    0x00, 0x00, 0x00, 0x3F, 0x00, 0x00, 0x00, 0x00, 0x00, 0x00, 0x3F, 0x00, 0x00, 0x00, 0x00, 0x00,
    0x00, 0x3F, 0x00, 0x00, 0x00, 0x00, 0x00, 0x00, 0x3F, 0x00, 0x00, 0x00, 0x00, 0x00, 0x00, 0x00,
    0x00, 0x00, 0x00, 0x00, 0x00, 0x00, 0x0F, 0x0F, 0x00, 0x00, 0x00, 0x00, 0x0F, 0x0F, 0x00, 0x00,
    0x00, 0x00, 0x0F, 0x0F, 0x00, 0x00, 0x00, 0x00, 0x0F, 0x0F, 0x00, 0x00, 0x00, 0x00, 0x00, 0x00,
    0x00, 0x00, 0x00, 0x00, 0x00, 0x00, 0xF0, 0xF0, 0x00, 0x00, 0x00, 0x00, 0xF0, 0xF0, 0x00, 0x00,
    0x00, 0x00, 0xF0, 0xF0, 0x00, 0x00, 0x00, 0x00, 0xF0, 0xF0, 0x00, 0x00, 0x00, 0x00, 0x00, 0x00,
    0x7E, 0xCC, 0x38, 0xFE, 0x38, 0xCC, 0x7E, 0x3F, 0x00, 0x00, 0x00, 0x00, 0x00, 0x00, 0x00, 0x3F,
    0x78, 0x3E, 0x78, 0x9C, 0x0E, 0xFF, 0x3E, 0x00, 0x00, 0x00, 0x00, 0x00, 0x3E, 0xFF, 0x0E, 0x9C,
    0x38, 0x5C, 0x4E, 0x87, 0x0F, 0x3E, 0xFC, 0x00, 0xFC, 0x3E, 0x0F, 0x87, 0x4E, 0x5C, 0x38, 0x3E,
    0x0E, 0xFF, 0x3E, 0x00, 0x00, 0x00, 0x00, 0x00, 0x3E, 0xFF, 0x0E, 0x9C, 0x78, 0x3E, 0x78, 0x9C,
    0xFF, 0x1C, 0x38, 0xFE, 0x38, 0x1C, 0xFF, 0x00, 0x82, 0x92, 0xD6, 0xFE, 0xFE, 0xBA, 0x92, 0x92,
    0xFF, 0x38, 0x1C, 0x7F, 0x1C, 0x38, 0xFF, 0x00, 0x92, 0x92, 0xBA, 0xFE, 0xFE, 0xD6, 0x92, 0x82,
    0x00, 0x00, 0x10, 0x38, 0x10, 0x00, 0x00, 0x00, 0x00, 0x08, 0x30, 0x7C, 0x30, 0x08, 0x00, 0x00,
    0x00, 0x0C, 0x38, 0xFE, 0x38, 0x0C, 0x00, 0x00, 0x1E, 0x0C, 0x38, 0xFE, 0x38, 0x0C, 0x1E, 0x00,
    0x3D, 0x3E, 0x5C, 0x18, 0x10, 0x20, 0x00, 0x00, 0x00, 0x00, 0x04, 0x08, 0x18, 0x3A, 0x74, 0xB8,
    0x7C, 0x3A, 0x18, 0x08, 0x04, 0x00, 0x00, 0x00, 0x00, 0x20, 0x10, 0x18, 0x5C, 0x2E, 0x1D, 0xBC,
    0xBC, 0x1D, 0x2E, 0x5C, 0x18, 0x10, 0x20, 0x00, 0x00, 0x00, 0x00, 0x04, 0x08, 0x18, 0x3A, 0x7C,
    0x74, 0x3A, 0x18, 0x08, 0x04, 0x00, 0x00, 0x00, 0x00, 0x20, 0x10, 0x18, 0x5C, 0x3E, 0x3D, 0xB8,
    0x18, 0xF8, 0xF0, 0xE0, 0x00, 0x00, 0x00, 0x00, 0x00, 0x00, 0x00, 0x00, 0x30, 0x38, 0x38, 0x18,
    0xFE, 0xBA, 0x92, 0x92, 0x00, 0x10, 0x28, 0x10, 0x00, 0x00, 0x00, 0x00, 0x82, 0x92, 0xD6, 0xFE,
    0x18, 0x1F, 0x0F, 0x07, 0x00, 0x00, 0x00, 0x00, 0x00, 0x00, 0x00, 0x00, 0x0C, 0x1C, 0x1C, 0x18,
    0x00, 0x00, 0x00, 0x00, 0x00, 0x0A, 0x0E, 0x00, 0x00, 0xC3, 0x66, 0xBC, 0xE7, 0xBC, 0x66, 0xC3,
    0xF0, 0xF8, 0x3C, 0x0C, 0x04, 0x00, 0x00, 0x00, 0x00, 0x00, 0x00, 0x00, 0x00, 0x80, 0x00, 0xC0,
    0xA0, 0xC0, 0xE0, 0xF0, 0x70, 0x38, 0x18, 0x1C, 0x00, 0x00, 0x00, 0x00, 0x00, 0x00, 0x00, 0x00,
    0xF8, 0xDC, 0x0C, 0x0C, 0x1C, 0x18, 0x10, 0x00, 0x00, 0x00, 0x00, 0x00, 0x80, 0xE8, 0xF0, 0x78,
    0x00, 0x40, 0x88, 0x70, 0xE0, 0xC0, 0x80, 0x00, 0x80, 0x40, 0xE0, 0xF0, 0xF8, 0xC4, 0x20, 0x00,
    0x00, 0x40, 0x88, 0xF0, 0xE0, 0xC0, 0x80, 0x00, 0x80, 0x40, 0xE0, 0xF0, 0xB8, 0x44, 0x20, 0x00,
    0xF0, 0xC0, 0x80, 0xE0, 0x80, 0xC0, 0xF0, 0x00, 0xF0, 0x80, 0xC2, 0xF5, 0xC2, 0x80, 0xF0, 0x00,
    0xFE, 0xD6, 0x92, 0x82, 0x00, 0x00, 0x00, 0x00, 0x10, 0x28, 0x10, 0x00, 0x92, 0x92, 0xBA, 0xFE,
    0x7C, 0xE0, 0xC0, 0xF8, 0x00, 0x00, 0x00, 0x00, 0x00, 0x00, 0x00, 0xF8, 0xC0, 0xE0, 0x7C, 0xF0,
    0x0F, 0x0C, 0x10, 0x00, 0x00, 0x00, 0x00, 0x00, 0x70, 0x38, 0x1C, 0x1C, 0x0E, 0x0E, 0x07, 0x07,
    0x07, 0x03, 0x01, 0x03, 0x03, 0x04, 0x00, 0x00, 0x00, 0x00, 0x00, 0x00, 0x00, 0x10, 0x1C, 0x1F,
    0x00, 0x00, 0x01, 0x02, 0x00, 0x00, 0x00, 0x00, 0x00, 0x00, 0x00, 0x00, 0x07, 0x0F, 0x1C, 0x00,
    0x02, 0x04, 0x0E, 0x1F, 0x3F, 0x47, 0x08, 0x01, 0x00, 0x04, 0x22, 0x1D, 0x0F, 0x07, 0x02, 0x01,
    0x02, 0x04, 0x0F, 0x1F, 0x3B, 0x45, 0x08, 0x01, 0x00, 0x04, 0x23, 0x1F, 0x0F, 0x07, 0x02, 0x01,
    0x0F, 0x01, 0x43, 0xAF, 0x43, 0x01, 0x0F, 0x00, 0x0F, 0x03, 0x01, 0x07, 0x01, 0x03, 0x0F, 0x00,
    0x78, 0xFA, 0xDC, 0x9F, 0xBF, 0x33, 0x43, 0x1E, 0x1E, 0x47, 0x33, 0xBF, 0x9F, 0xDC, 0xFA, 0x78,
    0x00, 0x00, 0x01, 0x03, 0x00, 0x00, 0x00, 0x00, 0x00, 0x00, 0x00, 0x03, 0x01, 0x00, 0x00, 0x01,
    0xC0, 0x00, 0x00, 0x80, 0x00, 0x00, 0x00, 0x00, 0x00, 0x00, 0x00, 0x80, 0x00, 0x00, 0xC0, 0x00,
    0xE8, 0xF0, 0x60, 0x40, 0x80, 0x00, 0x00, 0x00, 0x00, 0x00, 0x80, 0x00, 0x00, 0x20, 0xC0, 0xC4,
    0xC4, 0xC0, 0x20, 0x00, 0x00, 0x80, 0x00, 0x00, 0x00, 0x00, 0x00, 0x80, 0x40, 0xE0, 0xF0, 0xC8,
    0xC8, 0xF0, 0xE0, 0x40, 0x80, 0x00, 0x00, 0x00, 0x00, 0x00, 0x80, 0x00, 0x00, 0x20, 0xC0, 0xC4,
    0xC4, 0xC0, 0x20, 0x00, 0x00, 0x80, 0x00, 0x00, 0x00, 0x00, 0x00, 0x80, 0x40, 0x60, 0xF0, 0xE8,
    0xC0, 0x00, 0x80, 0x00, 0x00, 0x00, 0x00, 0x00, 0x00, 0x00, 0x00, 0x04, 0x0C, 0x3C, 0xF8, 0xF0,
    0x38, 0x70, 0xF0, 0xE0, 0xC0, 0xA0, 0x00, 0x00, 0x00, 0x00, 0x00, 0x00, 0x08, 0x08, 0x18, 0x18,
    0x78, 0xF0, 0xE8, 0x80, 0x00, 0x00, 0x00, 0x00, 0x00, 0x10, 0x18, 0x18, 0x0C, 0x0C, 0xDC, 0xF8,
    0x07, 0x0E, 0x1C, 0x3F, 0x00, 0x00, 0x00, 0x00, 0x00, 0x00, 0x00, 0x3F, 0x1C, 0x0E, 0x07, 0x1F,
    0x23, 0x03, 0x04, 0x00, 0x00, 0x01, 0x00, 0x00, 0x00, 0x00, 0x00, 0x01, 0x02, 0x07, 0x0F, 0x13,
    0x17, 0x0F, 0x06, 0x02, 0x01, 0x00, 0x00, 0x00, 0x00, 0x00, 0x01, 0x00, 0x00, 0x04, 0x03, 0x23,
    0x23, 0x03, 0x04, 0x00, 0x00, 0x01, 0x00, 0x00, 0x00, 0x00, 0x00, 0x01, 0x02, 0x06, 0x0F, 0x17,
    0x13, 0x0F, 0x07, 0x02, 0x01, 0x00, 0x00, 0x00, 0x00, 0x00, 0x01, 0x00, 0x00, 0x04, 0x03, 0x23,
    0x07, 0x07, 0x0E, 0x0E, 0x1C, 0x1C, 0x38, 0x70, 0x00, 0x00, 0x00, 0x00, 0x20, 0x10, 0x0C, 0x0F,
    0x04, 0x03, 0x03, 0x01, 0x03, 0x07, 0x1F, 0x7C, 0xFF, 0xFF, 0xFF, 0xFF, 0xFF, 0xFF, 0xFF, 0xFF,
    0x00, 0x1C, 0x0F, 0x03, 0x00, 0x00, 0x00, 0x00, 0x00, 0x00, 0x00, 0x00, 0x02, 0x01, 0x00, 0x00,
    0x00, 0x60, 0x60, 0x00, 0x08, 0x00, 0x00, 0x00, 0x40, 0x00, 0x08, 0x1C, 0x08, 0x00, 0x00, 0x00,
    0x18, 0x7E, 0xCF, 0xBD, 0xBD, 0xF3, 0x7F, 0x3C, 0x08, 0x24, 0x01, 0x84, 0x50, 0x09, 0x22, 0x08,
    0xFF, 0xFF, 0xFE, 0xFE, 0xFC, 0xFC, 0xF8, 0xE0, 0xA1, 0x29, 0x23, 0xB3, 0x77, 0x77, 0xFF, 0xFF,
    0xFF, 0xFF, 0x77, 0x77, 0xB3, 0x23, 0xA9, 0x25, 0xE0, 0xF8, 0xFC, 0xFC, 0xFE, 0xFE, 0xFF, 0xFF,
    0x8C, 0xC2, 0xC0, 0xF0, 0x3A, 0x38, 0x0C, 0x46, 0xC4, 0x80, 0xFC, 0xFF, 0xF0, 0x82, 0xF0, 0x38,
    0x05, 0x1C, 0x78, 0xF2, 0xF0, 0xC4, 0x98, 0x72, 0xE2, 0x80, 0x0C, 0x1E, 0x1A, 0x8C, 0x00, 0x00,
    0xF8, 0x78, 0xB0, 0x60, 0xF3, 0xDB, 0xD8, 0x30, 0x0C, 0x1E, 0x0C, 0x80, 0xC0, 0xC0, 0x64, 0xB2,
    0x00, 0x00, 0x08, 0x1C, 0x3E, 0x36, 0x22, 0x00, 0x00, 0x00, 0x0E, 0x1C, 0x38, 0x1C, 0x0E, 0x00,
    0x00, 0x00, 0x3E, 0x3E, 0x3E, 0x3E, 0x3E, 0x00, 0x60, 0x70, 0x78, 0x7C, 0x3C, 0x1C, 0x0C, 0x04,
    0x20, 0x30, 0x38, 0x1C, 0x0E, 0x06, 0x02, 0x00, 0x00, 0x10, 0x38, 0x7C, 0xFE, 0x7C, 0x38, 0x10,
    0xFF, 0xFF, 0x7F, 0x7F, 0x3F, 0x3F, 0x1F, 0x07, 0xA4, 0x85, 0xD4, 0xC6, 0xEE, 0xEF, 0xFF, 0xFF,
    0xFF, 0xFF, 0xEF, 0xEE, 0xC6, 0xD4, 0x84, 0xA5, 0x07, 0x1F, 0x3F, 0x3F, 0x7F, 0x7F, 0xFF, 0xFF,
    0x3F, 0x3D, 0x2D, 0x66, 0x26, 0x43, 0x12, 0x20, 0x3B, 0x3B, 0x75, 0xEE, 0xF5, 0x3B, 0x7B, 0x9F,
    0x20, 0x09, 0x2C, 0x84, 0x44, 0xED, 0x6D, 0x7F, 0x77, 0x27, 0x03, 0x20, 0x00, 0x08, 0x1C, 0x08,
    0xEF, 0xF9, 0x77, 0x37, 0x7C, 0xDF, 0xEB, 0x7D, 0x20, 0x41, 0x04, 0x31, 0x7B, 0x7E, 0x33, 0x6F,
    0x00, 0x00, 0x22, 0x36, 0x3E, 0x1C, 0x08, 0x00, 0x00, 0x38, 0x1C, 0x0E, 0x1C, 0x38, 0x00, 0x00,
    0x00, 0x60, 0x78, 0x3C, 0x1E, 0x0E, 0x06, 0x00, 0x00, 0x38, 0x38, 0x38, 0x18, 0x18, 0x38, 0x38,
    0x00, 0x00, 0x07, 0x7F, 0xFE, 0xE0, 0x00, 0x00, 0x03, 0x07, 0x77, 0xDD, 0xFF, 0xF6, 0x3C, 0x00,
    0x9E, 0xF8, 0xE0, 0x70, 0x38, 0x7C, 0x00, 0x00, 0x00, 0x00, 0x00, 0x7C, 0x38, 0x70, 0xE0, 0xF8,
    0x79, 0x3F, 0x67, 0x0E, 0x1C, 0x38, 0x7C, 0x00, 0x00, 0x00, 0x7C, 0x38, 0x1C, 0x0E, 0x67, 0x3F,
    0x90, 0x20, 0x40, 0x80, 0x00, 0x00, 0x00, 0x00, 0x34, 0x34, 0x34, 0x64, 0x68, 0x68, 0xC8, 0xD0,
    0xD0, 0xC8, 0x68, 0x68, 0x64, 0x34, 0x34, 0x34, 0x00, 0x00, 0x00, 0x00, 0x80, 0x40, 0x20, 0x90,
    0x34, 0x64, 0xC8, 0x90, 0x20, 0xC0, 0x00, 0x00, 0x0D, 0x0D, 0x0D, 0x0D, 0x19, 0x1A, 0x1A, 0x32,
    0x32, 0x1A, 0x1A, 0x19, 0x0D, 0x0D, 0x0D, 0x0D, 0x00, 0x00, 0xC0, 0x20, 0x90, 0xC8, 0x64, 0x34,
    0x09, 0x04, 0x02, 0x01, 0x00, 0x00, 0x00, 0x00, 0x2C, 0x2C, 0x2C, 0x26, 0x16, 0x16, 0x13, 0x0B,
    0x0B, 0x03, 0x06, 0x06, 0x26, 0x2C, 0x2C, 0x2C, 0x00, 0x00, 0x00, 0x00, 0x01, 0x02, 0x04, 0x09,
    0x2C, 0x26, 0x13, 0x09, 0x04, 0x03, 0x00, 0x00, 0xB0, 0xB0, 0xB0, 0xB0, 0x98, 0x58, 0x58, 0x4C,
    0x4C, 0x58, 0x50, 0x98, 0xB0, 0xB0, 0xB0, 0xB0, 0x00, 0x00, 0x03, 0x04, 0x09, 0x13, 0x26, 0x2C,
    0x03, 0x1F, 0xFC, 0xE1, 0x0E, 0xF0, 0x00, 0x00, 0xC0, 0xF8, 0x3F, 0x87, 0x70, 0x0F, 0x00, 0x00,
    0x00, 0x00, 0x0F, 0x70, 0x87, 0x3F, 0xF8, 0xC0, 0x00, 0x00, 0xF0, 0x0E, 0xE1, 0xFC, 0x1F, 0x03,
    0x00, 0x00, 0x01, 0x0F, 0xFE, 0xF0, 0x07, 0xF8, 0x00, 0x00, 0x80, 0xF0, 0x7F, 0x0F, 0xE0, 0x1F,
    0x1F, 0xE0, 0x0F, 0x7F, 0xF0, 0x80, 0x00, 0x00, 0xF8, 0x07, 0xF0, 0xFE, 0x0F, 0x01, 0x00, 0x00,
    0x00, 0x00, 0x00, 0x00, 0x00, 0x00, 0x00, 0x00, 0x00, 0x00, 0x00, 0x00, 0x00, 0x00, 0x00, 0x00,
    0x00, 0x00, 0x00, 0x00, 0x00, 0x00, 0x00, 0x00, 0x00, 0x00, 0x00, 0x00, 0x00, 0x00, 0x00, 0x00,
    0x00, 0x00, 0x00, 0x00, 0x00, 0x00, 0x00, 0x00, 0x00, 0x00, 0x00, 0x00, 0x00, 0x00, 0x00, 0x00,
    0x00, 0x00, 0x00, 0x00, 0x00, 0x00, 0x00, 0x00, 0x00, 0x00, 0x00, 0x00, 0x00, 0x00, 0x00, 0x00,
    0x00, 0x00, 0x00, 0x00, 0x00, 0x00, 0x00, 0x00, 0x00, 0x00, 0x00, 0x00, 0x00, 0x00, 0x00, 0x00,
    0x00, 0x00, 0x00, 0x00, 0x00, 0x00, 0x00, 0x00, 0x00, 0x00, 0x00, 0x00, 0x00, 0x00, 0x00, 0x00,
    0x00, 0x00, 0x00, 0x00, 0x00, 0x00, 0x00, 0x00, 0x00, 0x00, 0x00, 0x00, 0x00, 0x00, 0x00, 0x00,
    0x00, 0x00, 0x00, 0x00, 0x00, 0x00, 0x00, 0x00, 0x00, 0x00, 0x00, 0x00, 0x00, 0x00, 0x00, 0x00,
    0x00, 0x00, 0x00, 0x00, 0x00, 0x00, 0x00, 0x00, 0x00, 0x00, 0x00, 0x00, 0x00, 0x00, 0x00, 0x00,
    0x00, 0x00, 0x00, 0x00, 0x00, 0x00, 0x00, 0x00, 0x00, 0x00, 0x00, 0x00, 0x00, 0x00, 0x00, 0x00,
    0x00, 0x00, 0x00, 0x00, 0x00, 0x00, 0x00, 0x00, 0x00, 0x00, 0x00, 0x00, 0x00, 0x00, 0x00, 0x00,
    0x00, 0x00, 0x00, 0x00, 0x00, 0x00, 0x00, 0x00, 0x00, 0x00, 0x00, 0x00, 0x00, 0x00, 0x00, 0x00,
    0x00, 0x00, 0x00, 0x00, 0x00, 0x00, 0x00, 0x00, 0x00, 0x00, 0x00, 0x00, 0x00, 0x00, 0x00, 0x00,
    0x00, 0x00, 0x00, 0x00, 0x00, 0x00, 0x00, 0x00, 0x00, 0x00, 0x00, 0x00, 0x00, 0x00, 0x00, 0x00,
    0x00, 0x00, 0x00, 0x00, 0x00, 0x00, 0x00, 0x00, 0x00, 0x00, 0x00, 0x00, 0x00, 0x00, 0x00, 0x00,
    0x00, 0x00, 0x00, 0x00, 0x00, 0x00, 0x00, 0x00, 0x00, 0x00, 0x24, 0x18, 0x7E, 0x18, 0x24, 0x00,
    0x00, 0x00, 0x00, 0x00, 0x00, 0x00, 0x00, 0x00, 0x00, 0x00, 0x00, 0x00, 0x00, 0x00, 0x00, 0x00,
    0x00, 0x00, 0x00, 0x00, 0x00, 0x00, 0x00, 0x00, 0x00, 0x00, 0x00, 0x00, 0x00, 0x00, 0x00, 0x00,
    0x00, 0x00, 0x00, 0x00, 0x00, 0x00, 0x00, 0x00, 0x00, 0x00, 0x00, 0x00, 0x00, 0x00, 0x00, 0x00,
    0x00, 0x00, 0x00, 0x00, 0x00, 0x00, 0x00, 0x00, 0x00, 0x00, 0x00, 0x00, 0x00, 0x00, 0x00, 0x00,
    0x00, 0x00, 0x00, 0x00, 0x00, 0x00, 0x00, 0x00, 0x00, 0x00, 0x00, 0x00, 0x00, 0x00, 0x00, 0x00,
    0x00, 0x00, 0x00, 0x00, 0x00, 0x00, 0xC0, 0xC0, 0x00, 0x00, 0x00, 0x00, 0x00, 0x00, 0x00, 0x00,
    0x00, 0x00, 0x24, 0x42, 0x42, 0x3C, 0x00, 0x00, 0x00, 0x00, 0x00, 0x00, 0x00, 0x00, 0x00, 0x00,
    0x00, 0x00, 0x00, 0x00, 0x00, 0x00, 0x00, 0x00, 0x00, 0x00, 0x00, 0x00, 0x00, 0x00, 0x00, 0x00,
    0x00, 0x00, 0x00, 0x00, 0x00, 0x3E, 0x00, 0x00, 0x00, 0x3E, 0x00, 0x00, 0x00, 0x00, 0x00, 0xF0,
    0x00, 0x00, 0x00, 0x7C, 0x00, 0x00, 0x00, 0x00, 0x00, 0x7C, 0x00, 0x00, 0x00, 0x00, 0xF0, 0x00,
    0x00, 0xF8, 0x00, 0x00, 0x00, 0x00, 0x00, 0x00, 0x00, 0xF8, 0x00, 0x00, 0x00, 0xF0, 0x00, 0x00,
    0xF8, 0x00, 0x00, 0x00, 0x00, 0x00, 0x00, 0x00, 0xF8, 0x00, 0x00, 0x00, 0xF0, 0x00, 0x00, 0x00,
    0x00, 0x00, 0x00, 0xF0, 0x00, 0x00, 0x00, 0xF8, 0x00, 0x00, 0x00, 0x00, 0x00, 0x00, 0x00, 0xF8,
    0x00, 0x00, 0xF0, 0x00, 0x00, 0x00, 0xF8, 0x00, 0x00, 0x00, 0x00, 0x00, 0x00, 0x00, 0xF8, 0x00,
    0x00, 0xF0, 0x00, 0x00, 0x00, 0x00, 0x7C, 0x00, 0x00, 0x00, 0x00, 0x00, 0x7C, 0x00, 0x00, 0x00,
    0xF0, 0x00, 0x00, 0x00, 0x00, 0x00, 0x3E, 0x00, 0x00, 0x00, 0x3E, 0x00, 0x00, 0x00, 0x00, 0x00,
    0x00, 0xC0, 0x00, 0x00, 0x00, 0x00, 0xFC, 0x00, 0xFC, 0x00, 0x00, 0x00, 0x00, 0xC0, 0x00, 0xDC,
    0xC0, 0x00, 0x00, 0x00, 0xFC, 0x00, 0x00, 0x00, 0xFC, 0x00, 0x00, 0x00, 0xC0, 0x00, 0xDC, 0x00,
    0x00, 0x00, 0xFC, 0x00, 0x00, 0x00, 0x00, 0x00, 0xFC, 0x00, 0x00, 0xC0, 0x00, 0xDC, 0x00, 0xC0,
    0xFC, 0x00, 0x00, 0x00, 0x00, 0x00, 0x00, 0x00, 0xFC, 0x00, 0xC0, 0x00, 0xDC, 0x00, 0xC0, 0x00,
    0x00, 0xC0, 0x00, 0xDC, 0x00, 0xC0, 0x00, 0xFC, 0x00, 0x00, 0x00, 0x00, 0x00, 0x00, 0x00, 0xFC,
    0xC0, 0x00, 0xDC, 0x00, 0xC0, 0x00, 0x00, 0xFC, 0x00, 0x00, 0x00, 0x00, 0x00, 0xFC, 0x00, 0x00,
    0x00, 0xDC, 0x00, 0xC0, 0x00, 0x00, 0x00, 0xFC, 0x00, 0x00, 0x00, 0xFC, 0x00, 0x00, 0x00, 0xC0,
    0xDC, 0x00, 0xC0, 0x00, 0x00, 0x00, 0x00, 0xFC, 0x00, 0xFC, 0x00, 0x00, 0x00, 0x00, 0xC0, 0x00,
    0x00, 0x00, 0x00, 0x00, 0x00, 0x00, 0x00, 0x3F, 0x00, 0x00, 0x00, 0x00, 0x00, 0x00, 0x3F, 0x00,
    0x00, 0x00, 0x00, 0x00, 0x00, 0x3F, 0x00, 0x00, 0x00, 0x00, 0x00, 0x00, 0x3F, 0x00, 0x00, 0x00,
    0x00, 0x00, 0x00, 0x3F, 0x00, 0x00, 0x00, 0x00, 0x00, 0x00, 0x3F, 0x00, 0x00, 0x00, 0x00, 0x00,
    0x00, 0x3F, 0x00, 0x00, 0x00, 0x00, 0x00, 0x00, 0x3F, 0x00, 0x00, 0x00, 0x00, 0x00, 0x00, 0x00,
    0x00, 0x00, 0x00, 0x00, 0x00, 0x00, 0x0F, 0x0F, 0x00, 0x00, 0x00, 0x00, 0x0F, 0x0F, 0x00, 0x00,
    0x00, 0x00, 0x0F, 0x0F, 0x00, 0x00, 0x00, 0x00, 0x0F, 0x0F, 0x00, 0x00, 0x00, 0x00, 0x00, 0x00,
    0x00, 0x00, 0x00, 0x00, 0x00, 0x00, 0xF0, 0xF0, 0x00, 0x00, 0x00, 0x00, 0xF0, 0xF0, 0x00, 0x00,
    0x00, 0x00, 0xF0, 0xF0, 0x00, 0x00, 0x00, 0x00, 0xF0, 0xF0, 0x00, 0x00, 0x00, 0x00, 0x00, 0x00,
    0x7E, 0xCC, 0x01, 0x00, 0x01, 0xCC, 0x7E, 0x3F, 0x00, 0x00, 0x00, 0x00, 0x00, 0x00, 0x00, 0x3F,
    0x01, 0x00, 0x01, 0x1C, 0x0E, 0xFF, 0x3E, 0x00, 0x00, 0x00, 0x00, 0x00, 0x3E, 0xFF, 0x0E, 0x1C,
    0x01, 0x1C, 0x0E, 0x07, 0x0F, 0x3E, 0xFC, 0x00, 0xFC, 0x3E, 0x0F, 0x07, 0x0E, 0x1C, 0x01, 0x00,
    0x0E, 0xFF, 0x3E, 0x00, 0x00, 0x00, 0x00, 0x00, 0x3E, 0xFF, 0x0E, 0x1C, 0x01, 0x00, 0x01, 0x1C,
    0xFF, 0x1C, 0x01, 0x00, 0x01, 0x1C, 0xFF, 0x00, 0xAA, 0x82, 0xC6, 0xC6, 0xC6, 0x82, 0x82, 0x82,
    0xFF, 0x38, 0x80, 0x00, 0x80, 0x38, 0xFF, 0x00, 0x82, 0x82, 0x82, 0xC6, 0xC6, 0xC6, 0x82, 0xAA,
    0x00, 0x00, 0x00, 0x00, 0x00, 0x00, 0x00, 0x00, 0x00, 0x00, 0x00, 0x00, 0x00, 0x00, 0x00, 0x00,
    0x00, 0x0C, 0x00, 0x00, 0x00, 0x0C, 0x00, 0x00, 0x1E, 0x0C, 0x01, 0x00, 0x01, 0x00, 0x1E, 0x00,
    0x01, 0x06, 0x0C, 0x18, 0x10, 0x20, 0x00, 0x00, 0x00, 0x00, 0x04, 0x08, 0x1A, 0x33, 0x60, 0x80,
    0x60, 0x30, 0x18, 0x08, 0x04, 0x00, 0x00, 0x00, 0x00, 0x20, 0x10, 0x58, 0xCC, 0x06, 0x01, 0x00,
    0x80, 0x01, 0x06, 0xCC, 0x58, 0x10, 0x20, 0x00, 0x00, 0x00, 0x00, 0x04, 0x08, 0x18, 0x30, 0x60,
    0x60, 0x33, 0x1A, 0x08, 0x04, 0x00, 0x00, 0x00, 0x00, 0x20, 0x10, 0x18, 0x0C, 0x06, 0x01, 0x00,
    0x03, 0x03, 0x03, 0x06, 0x0E, 0x1C, 0xF8, 0xE0, 0xE0, 0xF8, 0x1C, 0x0E, 0x06, 0x03, 0x03, 0x03,
    0xC6, 0x82, 0x82, 0x82, 0x00, 0x00, 0x10, 0x00, 0x00, 0x00, 0x00, 0x00, 0xAA, 0x82, 0xC6, 0xC6,
    0xC0, 0xC0, 0xC0, 0x60, 0x70, 0x38, 0x1F, 0x07, 0x07, 0x1F, 0x38, 0x70, 0x60, 0xC0, 0xC0, 0xC0,
    0x00, 0x00, 0x00, 0x00, 0x0A, 0x11, 0x11, 0x0E, 0x00, 0x00, 0x00, 0x80, 0x3C, 0x80, 0x00, 0x00,
    0xF0, 0xF8, 0x3C, 0x0C, 0x04, 0x00, 0x00, 0x00, 0x00, 0x00, 0x00, 0x00, 0x80, 0x40, 0x00, 0xC0,
    0x90, 0x00, 0x20, 0x70, 0x70, 0x38, 0x18, 0x1C, 0x00, 0x00, 0x00, 0x00, 0x00, 0x00, 0x00, 0x20,
    0x18, 0x1C, 0x0C, 0x0C, 0x1C, 0x18, 0x10, 0x00, 0x00, 0x00, 0x00, 0x00, 0x88, 0xE4, 0xC0, 0x08,
    0x40, 0x20, 0x08, 0x30, 0x60, 0xC0, 0x80, 0x00, 0x80, 0x40, 0x60, 0x30, 0x18, 0x04, 0x00, 0x00,
    0x00, 0x00, 0x08, 0x30, 0x60, 0xC0, 0x80, 0x00, 0x80, 0x40, 0x60, 0x30, 0x18, 0x04, 0x10, 0x20,
    0xF0, 0xC0, 0x10, 0x00, 0x10, 0xC0, 0xF0, 0x00, 0xF0, 0x80, 0x02, 0x07, 0x02, 0x80, 0xF0, 0x00,
    0xC6, 0xC6, 0x82, 0xAA, 0x00, 0x00, 0x00, 0x00, 0x10, 0x38, 0x10, 0x00, 0x82, 0x82, 0x82, 0xC6,
    0x00, 0xC0, 0xC0, 0xF8, 0x00, 0x00, 0x00, 0x00, 0x00, 0x00, 0x00, 0xF8, 0xC0, 0xE0, 0x00, 0x00,
    0x01, 0x00, 0x00, 0x00, 0x00, 0x00, 0x00, 0x00, 0x70, 0x38, 0x1C, 0x1C, 0x0E, 0x0E, 0x04, 0x00,
    0x07, 0x03, 0x00, 0x00, 0x00, 0x00, 0x00, 0x00, 0x00, 0x00, 0x00, 0x00, 0x00, 0x10, 0x1C, 0x1F,
    0x00, 0x00, 0x00, 0x00, 0x00, 0x00, 0x00, 0x00, 0x00, 0x00, 0x00, 0x00, 0x07, 0x0F, 0x1C, 0x00,
    0x02, 0x04, 0x0C, 0x18, 0x30, 0x40, 0x00, 0x00, 0x04, 0x08, 0x20, 0x18, 0x0C, 0x06, 0x02, 0x01,
    0x02, 0x04, 0x0C, 0x18, 0x30, 0x40, 0x10, 0x09, 0x00, 0x00, 0x20, 0x18, 0x0C, 0x06, 0x02, 0x01,
    0x0F, 0x01, 0x40, 0xE0, 0x40, 0x01, 0x0F, 0x00, 0x0F, 0x03, 0x08, 0x00, 0x08, 0x03, 0x0F, 0x00,
    0x7A, 0xF9, 0xD0, 0x83, 0x87, 0x03, 0x03, 0x1E, 0x1E, 0x07, 0x03, 0x87, 0x83, 0xD0, 0xF9, 0x7A,
    0x02, 0x00, 0x01, 0x03, 0x00, 0x00, 0x00, 0x00, 0x00, 0x00, 0x00, 0x03, 0x01, 0x00, 0x02, 0x00,
    0x00, 0x00, 0x00, 0x80, 0x00, 0x00, 0x00, 0x00, 0x00, 0x00, 0x00, 0x80, 0x00, 0x00, 0x00, 0x00,
    0x28, 0x70, 0x60, 0x40, 0x80, 0x00, 0x00, 0x00, 0x00, 0x00, 0x80, 0x00, 0x20, 0x10, 0x00, 0x00,
    0x04, 0x00, 0x00, 0x00, 0x00, 0x80, 0x00, 0x00, 0x00, 0x00, 0x00, 0x80, 0x40, 0xE0, 0x70, 0x08,
    0x08, 0x70, 0xE0, 0x40, 0x80, 0x00, 0x00, 0x00, 0x00, 0x00, 0x80, 0x00, 0x00, 0x00, 0x00, 0x04,
    0x04, 0x00, 0x10, 0x20, 0x00, 0x80, 0x00, 0x00, 0x00, 0x00, 0x00, 0x80, 0x40, 0x60, 0x70, 0x28,
    0xC0, 0x00, 0x40, 0x80, 0x00, 0x00, 0x00, 0x00, 0x00, 0x00, 0x00, 0x04, 0x0C, 0x3C, 0xF8, 0xF0,
    0x38, 0x70, 0x70, 0x20, 0x00, 0x10, 0x20, 0x00, 0x00, 0x00, 0x00, 0x00, 0x08, 0x08, 0x18, 0x18,
    0x08, 0xC0, 0xE4, 0x88, 0x00, 0x00, 0x00, 0x00, 0x00, 0x10, 0x18, 0x18, 0x0C, 0x0C, 0x1C, 0x18,
    0x20, 0x0E, 0x1C, 0x3F, 0x00, 0x00, 0x00, 0x00, 0x00, 0x00, 0x00, 0x3F, 0x1C, 0x0E, 0x20, 0x00,
    0x20, 0x00, 0x00, 0x00, 0x00, 0x01, 0x00, 0x00, 0x00, 0x00, 0x00, 0x01, 0x02, 0x07, 0x0E, 0x10,
    0x14, 0x0E, 0x06, 0x02, 0x01, 0x00, 0x00, 0x00, 0x00, 0x00, 0x01, 0x00, 0x04, 0x08, 0x00, 0x00,
    0x20, 0x00, 0x08, 0x04, 0x00, 0x01, 0x00, 0x00, 0x00, 0x00, 0x00, 0x01, 0x02, 0x06, 0x0E, 0x14,
    0x10, 0x0E, 0x07, 0x02, 0x01, 0x00, 0x00, 0x00, 0x00, 0x00, 0x01, 0x00, 0x00, 0x00, 0x00, 0x20,
    0x00, 0x04, 0x0E, 0x0E, 0x1C, 0x1C, 0x38, 0x70, 0x00, 0x00, 0x00, 0x00, 0x00, 0x00, 0x00, 0x01,
    0x00, 0x00, 0x00, 0x00, 0x03, 0x07, 0x1F, 0x7C, 0x00, 0x00, 0x00, 0x00, 0x00, 0x00, 0x00, 0x00,
    0x00, 0x1C, 0x0F, 0x03, 0x00, 0x00, 0x00, 0x00, 0x00, 0x00, 0x00, 0x00, 0x00, 0x00, 0x00, 0x00,
    0x00, 0x04, 0x00, 0x00, 0x00, 0x00, 0x00, 0x00, 0x00, 0x02, 0x08, 0x1C, 0x08, 0x00, 0x00, 0x00,
    0x00, 0x10, 0x78, 0x62, 0x46, 0x0E, 0x1C, 0x00, 0x00, 0x04, 0x10, 0x80, 0x00, 0x08, 0x02, 0x00,
    0x03, 0x03, 0x06, 0x0E, 0x3C, 0xFC, 0xF8, 0xE0, 0x00, 0x08, 0x00, 0x01, 0x00, 0x01, 0x01, 0x01,
    0x01, 0x01, 0x01, 0x00, 0x01, 0x00, 0x08, 0x00, 0xE0, 0xF8, 0xFC, 0x3C, 0x0E, 0x06, 0x03, 0x03,
    0x0C, 0x80, 0x40, 0x20, 0x10, 0x08, 0x00, 0x42, 0xC4, 0x80, 0xE0, 0xFA, 0xC0, 0x80, 0x60, 0x10,
    0x00, 0x08, 0x10, 0x22, 0xC0, 0x80, 0x88, 0x20, 0x00, 0x00, 0x00, 0x0C, 0x0C, 0x00, 0x00, 0x00,
    0xE0, 0xE0, 0xC0, 0x80, 0xC3, 0xE0, 0xE0, 0xC0, 0x00, 0x0C, 0x00, 0x00, 0x00, 0x80, 0x80, 0xC2,
    0x00, 0x00, 0x00, 0x00, 0x00, 0x00, 0x00, 0x00, 0x00, 0x00, 0x00, 0x00, 0x00, 0x00, 0x00, 0x00,
    0x00, 0x00, 0x00, 0x00, 0x00, 0x00, 0x00, 0x00, 0x00, 0x00, 0x00, 0x00, 0x00, 0x00, 0x00, 0x00,
    0x00, 0x00, 0x00, 0x00, 0x00, 0x00, 0x00, 0x00, 0x00, 0x00, 0x00, 0x00, 0x00, 0x00, 0x00, 0x00,
    0xC0, 0xC0, 0x60, 0x70, 0x3C, 0x3F, 0x1F, 0x07, 0x00, 0x10, 0x00, 0x80, 0x00, 0x80, 0x80, 0x80,
    0x80, 0x80, 0x80, 0x00, 0x80, 0x00, 0x10, 0x00, 0x07, 0x1F, 0x3F, 0x3C, 0x70, 0x60, 0xC0, 0xC0,
    0x1B, 0x19, 0x20, 0x24, 0x00, 0x42, 0x10, 0x00, 0x1F, 0x1F, 0x3F, 0xFF, 0x3F, 0x3F, 0x5F, 0x0E,
    0x00, 0x00, 0x24, 0x80, 0x44, 0x45, 0x2B, 0x2F, 0x03, 0x00, 0x00, 0x20, 0x00, 0x00, 0x08, 0x00,
    0x3F, 0x3F, 0x1F, 0x1F, 0x1F, 0x3F, 0x3F, 0x03, 0x00, 0x40, 0x04, 0x00, 0x00, 0x19, 0x1F, 0x1F,
    0x00, 0x00, 0x00, 0x00, 0x00, 0x00, 0x00, 0x00, 0x00, 0x00, 0x00, 0x00, 0x00, 0x00, 0x00, 0x00,
    0x00, 0x60, 0x78, 0x3C, 0x1E, 0x0E, 0x06, 0x00, 0x00, 0x38, 0x38, 0x38, 0x18, 0x18, 0x38, 0x38,
    0x00, 0x00, 0x07, 0x7F, 0xFE, 0xE0, 0x00, 0x00, 0x03, 0x07, 0x77, 0xDD, 0xFF, 0xF6, 0x3C, 0x00,
    0x00, 0x00, 0x00, 0x00, 0x00, 0x00, 0x00, 0x00, 0x00, 0x00, 0x00, 0x00, 0x00, 0x00, 0x00, 0x00,
    0x00, 0x00, 0x00, 0x00, 0x00, 0x00, 0x00, 0x00, 0x00, 0x00, 0x00, 0x00, 0x00, 0x00, 0x00, 0x00,
    0x70, 0xE0, 0xC0, 0x80, 0x00, 0x00, 0x00, 0x00, 0x0C, 0x0C, 0x0C, 0x1C, 0x18, 0x18, 0x38, 0x30,
    0x30, 0x38, 0x18, 0x18, 0x1C, 0x0C, 0x0C, 0x0C, 0x00, 0x00, 0x00, 0x00, 0x80, 0xC0, 0xE0, 0x70,
    0x0C, 0x1C, 0x38, 0x70, 0xE0, 0xC0, 0x00, 0x00, 0x03, 0x03, 0x03, 0x03, 0x07, 0x06, 0x06, 0x0E,
    0x0E, 0x06, 0x06, 0x07, 0x03, 0x03, 0x03, 0x03, 0x00, 0x00, 0xC0, 0xE0, 0x70, 0x38, 0x1C, 0x0C,
    0x0E, 0x07, 0x03, 0x01, 0x00, 0x00, 0x00, 0x00, 0x30, 0x30, 0x30, 0x38, 0x18, 0x18, 0x1C, 0x0C,
    0x0C, 0x1C, 0x18, 0x18, 0x38, 0x30, 0x30, 0x30, 0x00, 0x00, 0x00, 0x00, 0x01, 0x03, 0x07, 0x0E,
    0x30, 0x38, 0x1C, 0x0E, 0x07, 0x03, 0x00, 0x00, 0xC0, 0xC0, 0xC0, 0xC0, 0xE0, 0x60, 0x60, 0x70,
    0x70, 0x60, 0x60, 0xE0, 0xC0, 0xC0, 0xC0, 0xC0, 0x00, 0x00, 0x03, 0x07, 0x0E, 0x1C, 0x38, 0x30,
    0x00, 0x00, 0x03, 0x1F, 0xFE, 0xF0, 0x00, 0x00, 0x00, 0x00, 0xC0, 0xF8, 0x7F, 0x0F, 0x00, 0x00,
    0x00, 0x00, 0x0F, 0x7F, 0xF8, 0xC0, 0x00, 0x00, 0x00, 0x00, 0xF0, 0xFE, 0x1F, 0x03, 0x00, 0x00,
    0x00, 0x00, 0x00, 0x00, 0x01, 0x0F, 0xFF, 0xF8, 0x00, 0x00, 0x00, 0x00, 0x80, 0xF0, 0x7F, 0x1F,
    0x1F, 0xFF, 0xF0, 0x80, 0x00, 0x00, 0x00, 0x00, 0xF8, 0xFF, 0x0F, 0x01, 0x00, 0x00, 0x00, 0x00,
};

const uint8_t palette_prom_a[0x0100] = {
    0x00, 0x00, 0x00, 0x00, 0x00, 0x00, 0x00, 0x00, 0x02, 0x06, 0x05, 0x03, 0x05, 0x06, 0x06, 0x06,
    0x01, 0x03, 0x03, 0x06, 0x02, 0x03, 0x03, 0x03, 0x07, 0x05, 0x05, 0x03, 0x07, 0x05, 0x05, 0x05,
    0x00, 0x00, 0x00, 0x00, 0x00, 0x00, 0x00, 0x00, 0x06, 0x01, 0x01, 0x03, 0x03, 0x03, 0x01, 0x04,
    0x06, 0x05, 0x05, 0x07, 0x07, 0x07, 0x07, 0x03, 0x06, 0x07, 0x07, 0x05, 0x05, 0x05, 0x03, 0x07,
    0x00, 0x00, 0x00, 0x00, 0x00, 0x00, 0x00, 0x00, 0x02, 0x02, 0x05, 0x03, 0x03, 0x03, 0x03, 0x03,
    0x01, 0x03, 0x03, 0x06, 0x06, 0x06, 0x06, 0x06, 0x05, 0x05, 0x05, 0x03, 0x05, 0x05, 0x05, 0x05,
    0x00, 0x00, 0x00, 0x00, 0x00, 0x00, 0x00, 0x00, 0x06, 0x01, 0x01, 0x04, 0x04, 0x04, 0x03, 0x04,
    0x06, 0x05, 0x05, 0x05, 0x05, 0x05, 0x07, 0x03, 0x05, 0x07, 0x07, 0x07, 0x07, 0x07, 0x05, 0x07,
    0x00, 0x00, 0x00, 0x00, 0x00, 0x00, 0x00, 0x00, 0x00, 0x00, 0x00, 0x00, 0x00, 0x00, 0x00, 0x00,
    0x00, 0x00, 0x00, 0x00, 0x00, 0x00, 0x00, 0x00, 0x00, 0x00, 0x00, 0x00, 0x00, 0x00, 0x00, 0x00,
    0x00, 0x00, 0x00, 0x00, 0x00, 0x00, 0x00, 0x00, 0x00, 0x00, 0x00, 0x00, 0x00, 0x00, 0x00, 0x00,
    0x00, 0x00, 0x00, 0x00, 0x00, 0x00, 0x00, 0x00, 0x00, 0x00, 0x00, 0x00, 0x00, 0x00, 0x00, 0x00,
    0x00, 0x00, 0x00, 0x00, 0x00, 0x00, 0x00, 0x00, 0x00, 0x00, 0x00, 0x00, 0x00, 0x00, 0x00, 0x00,
    0x00, 0x00, 0x00, 0x00, 0x00, 0x00, 0x00, 0x00, 0x00, 0x00, 0x00, 0x00, 0x00, 0x00, 0x00, 0x00,
    0x00, 0x00, 0x00, 0x00, 0x00, 0x00, 0x00, 0x00, 0x00, 0x00, 0x00, 0x00, 0x00, 0x00, 0x00, 0x00,
    0x00, 0x00, 0x00, 0x00, 0x00, 0x00, 0x00, 0x00, 0x00, 0x00, 0x00, 0x00, 0x00, 0x00, 0x00, 0x00,
};

const uint8_t palette_prom_b[0x0100] = {
    0x00, 0x00, 0x00, 0x00, 0x00, 0x00, 0x00, 0x00, 0x02, 0x02, 0x04, 0x02, 0x05, 0x02, 0x02, 0x02,
    0x00, 0x01, 0x02, 0x00, 0x02, 0x01, 0x01, 0x01, 0x00, 0x01, 0x01, 0x01, 0x06, 0x04, 0x04, 0x04,
    0x00, 0x00, 0x00, 0x00, 0x00, 0x00, 0x00, 0x00, 0x04, 0x01, 0x01, 0x03, 0x03, 0x03, 0x01, 0x00,
    0x02, 0x05, 0x05, 0x01, 0x01, 0x01, 0x07, 0x00, 0x06, 0x07, 0x07, 0x05, 0x05, 0x05, 0x03, 0x07,
    0x00, 0x00, 0x00, 0x00, 0x00, 0x00, 0x00, 0x00, 0x02, 0x02, 0x04, 0x02, 0x01, 0x01, 0x01, 0x01,
    0x00, 0x01, 0x02, 0x00, 0x02, 0x02, 0x02, 0x02, 0x00, 0x01, 0x01, 0x01, 0x04, 0x04, 0x04, 0x04,
    0x00, 0x00, 0x00, 0x00, 0x00, 0x00, 0x00, 0x00, 0x04, 0x01, 0x01, 0x04, 0x04, 0x04, 0x03, 0x04,
    0x02, 0x05, 0x05, 0x05, 0x05, 0x05, 0x07, 0x00, 0x05, 0x07, 0x07, 0x03, 0x03, 0x03, 0x05, 0x07,
    0x00, 0x00, 0x00, 0x00, 0x00, 0x00, 0x00, 0x00, 0x00, 0x00, 0x00, 0x00, 0x00, 0x00, 0x00, 0x00,
    0x00, 0x00, 0x00, 0x00, 0x00, 0x00, 0x00, 0x00, 0x00, 0x00, 0x00, 0x00, 0x00, 0x00, 0x00, 0x00,
    0x00, 0x00, 0x00, 0x00, 0x00, 0x00, 0x00, 0x00, 0x00, 0x00, 0x00, 0x00, 0x00, 0x00, 0x00, 0x00,
    0x00, 0x00, 0x00, 0x00, 0x00, 0x00, 0x00, 0x00, 0x00, 0x00, 0x00, 0x00, 0x00, 0x00, 0x00, 0x00,
    0x00, 0x00, 0x00, 0x00, 0x00, 0x00, 0x00, 0x00, 0x00, 0x00, 0x00, 0x00, 0x00, 0x00, 0x00, 0x00,
    0x00, 0x00, 0x00, 0x00, 0x00, 0x00, 0x00, 0x00, 0x00, 0x00, 0x00, 0x00, 0x00, 0x00, 0x00, 0x00,
    0x00, 0x00, 0x00, 0x00, 0x00, 0x00, 0x00, 0x00, 0x00, 0x00, 0x00, 0x00, 0x00, 0x00, 0x00, 0x00,
    0x00, 0x00, 0x00, 0x00, 0x00, 0x00, 0x00, 0x00, 0x00, 0x00, 0x00, 0x00, 0x00, 0x00, 0x00, 0x00,
};

const uint8_t prg_mem[0x4000] = {
    0x00, 0x00, 0x00, 0x00, 0x00, 0x00, 0x00, 0x00, 0x31, 0xFF, 0x4B, 0x26, 0x50, 0x36, 0x00, 0xCD,
    0x50, 0x00, 0x21, 0x00, 0x18, 0x0E, 0x03, 0xCD, 0xD0, 0x01, 0xCD, 0x80, 0x00, 0x3A, 0xA2, 0x43,
    0xA7, 0xCA, 0x2D, 0x00, 0xCD, 0x00, 0x04, 0xCD, 0x00, 0x27, 0xC3, 0x1A, 0x00, 0x3E, 0x0F, 0x26,
    0x60, 0x77, 0x26, 0x68, 0x77, 0xCD, 0x77, 0x03, 0x00, 0xCD, 0xE0, 0x17, 0xA7, 0xCA, 0x46, 0x00,
    0xCD, 0x88, 0x02, 0xC3, 0x1A, 0x00, 0xCD, 0xE3, 0x00, 0xC3, 0x1A, 0x00, 0xFF, 0xFF, 0xFF, 0xFF,
    0x26, 0x68, 0x36, 0x00, 0x26, 0x60, 0x36, 0x00, 0x26, 0x58, 0x36, 0x00, 0xCD, 0x6B, 0x00, 0x26,
    0x50, 0x36, 0x01, 0xCD, 0x6B, 0x00, 0x26, 0x50, 0x36, 0x00, 0xC9, 0x21, 0xF8, 0x4B, 0x3E, 0x3F,
    0x36, 0x00, 0x2B, 0xBC, 0xC2, 0x70, 0x00, 0xC9, 0xCD, 0x96, 0x01, 0xC3, 0xF0, 0x06, 0xFF, 0xFF,
    0x26, 0x78, 0x7E, 0xE6, 0x80, 0xCA, 0x80, 0x00, 0x7E, 0xE6, 0x80, 0xC2, 0x88, 0x00, 0x26, 0x70,
    0x7E, 0x21, 0xA0, 0x43, 0x46, 0x77, 0x2C, 0x70, 0x2E, 0x9B, 0xCD, 0x00, 0x02, 0x2E, 0x8F, 0x7E,
    0xFE, 0x09, 0xC8, 0xD2, 0x00, 0x00, 0x06, 0x01, 0xCD, 0xBB, 0x00, 0xC8, 0x2E, 0x8F, 0x34, 0x7E,
    0xC6, 0x20, 0x32, 0x42, 0x41, 0xC9, 0x00, 0xC9, 0xFF, 0xFF, 0xFF, 0x21, 0xA0, 0x43, 0x7E, 0x2F,
    0xA0, 0x2C, 0xA6, 0xC9, 0x7E, 0xE6, 0x0F, 0xF6, 0x20, 0x12, 0xCD, 0x10, 0x02, 0x05, 0xC8, 0x7E,
    0x0F, 0x0F, 0x0F, 0x0F, 0xE6, 0x0F, 0xF6, 0x20, 0x12, 0xCD, 0x10, 0x02, 0x2B, 0x05, 0xC2, 0xC4,
    0x00, 0xC9, 0xFF, 0x21, 0x99, 0x43, 0xCD, 0x00, 0x02, 0x01, 0x01, 0x00, 0xCD, 0x58, 0x02, 0xCA,
    0xE1, 0x01, 0x01, 0x02, 0x00, 0x11, 0x1F, 0x01, 0xCD, 0x60, 0x02, 0xD2, 0x96, 0x01, 0x01, 0x20,
    0x01, 0xCD, 0x58, 0x02, 0xCA, 0xCA, 0x0B, 0x0E, 0xB0, 0xCD, 0x58, 0x02, 0xCA, 0xE1, 0x01, 0x0E,
    0xB8, 0xCD, 0x58, 0x02, 0xCA, 0x80, 0x05, 0x0E, 0xC0, 0x11, 0xDF, 0x02, 0xCD, 0x60, 0x02, 0xD2,
    0x78, 0x00, 0x01, 0x00, 0x03, 0x11, 0xAF, 0x03, 0xCD, 0x60, 0x02, 0xD2, 0xDC, 0x21, 0x01, 0xE6,
    0x03, 0x11, 0xFF, 0xFF, 0xCD, 0x60, 0x02, 0xD2, 0xB0, 0x03, 0xC9, 0xFF, 0xFF, 0xFF, 0xFF, 0xFF,
    0xCD, 0xA0, 0x03, 0xCD, 0x80, 0x00, 0xCD, 0x80, 0x03, 0x21, 0xA3, 0x43, 0x36, 0x02, 0x2C, 0x36,
    0x00, 0x00, 0x00, 0x00, 0x2E, 0xB8, 0x06, 0x08, 0xCD, 0xD8, 0x05, 0x2E, 0xBA, 0x36, 0x10, 0x2E,
    0xBE, 0x3A, 0x00, 0x78, 0xE6, 0x0C, 0x07, 0x07, 0xC6, 0x30, 0x77, 0x26, 0x58, 0x36, 0x00, 0xCD,
    0x80, 0x00, 0xC9, 0x7E, 0xE6, 0x7F, 0x06, 0xCE, 0xFE, 0x1F, 0xD8, 0x06, 0xFE, 0xC8, 0x06, 0xAE,
    0xFE, 0x5F, 0xD8, 0x06, 0xFE, 0xC8, 0x06, 0xCE, 0xFE, 0x7F, 0xD8, 0x06, 0xFE, 0x2D, 0x7E, 0xFE,
    0x09, 0xC0, 0x06, 0x7E, 0xC9, 0xFF, 0x7E, 0xE6, 0x1F, 0xFE, 0x06, 0xD8, 0x5F, 0x7E, 0xE6, 0xE0,
    0x4F, 0x2D, 0x46, 0x2E, 0xA8, 0x70, 0x2C, 0x71, 0x01, 0x60, 0x18, 0xCD, 0x06, 0x02, 0x7E, 0x2D,
    0x66, 0x6F, 0x7B, 0x56, 0x2C, 0x5E, 0x2D, 0x4F, 0x85, 0x6F, 0x79, 0xD6, 0x06, 0x4F, 0xCA, 0xC8,
    0x01, 0xCD, 0x17, 0x02, 0x0D, 0xC2, 0xC1, 0x01, 0x7E, 0x12, 0xC3, 0xE0, 0x14, 0xC2, 0xC0, 0x01,
    0x56, 0x2C, 0x5E, 0x7D, 0xC6, 0x05, 0x6F, 0x06, 0x1A, 0xCD, 0xED, 0x01, 0x0D, 0xC2, 0xD0, 0x01,
    0xC9, 0xCD, 0x40, 0x01, 0x21, 0x60, 0x19, 0x0E, 0x03, 0xC3, 0xD0, 0x01, 0xFF, 0x7E, 0x12, 0x23,
    0xCD, 0x17, 0x02, 0x05, 0xC2, 0xED, 0x01, 0xC9, 0xFF, 0xFF, 0xFF, 0xFF, 0xFF, 0xFF, 0xFF, 0xFF,
    0x34, 0xC0, 0x2D, 0x34, 0x2C, 0xC9, 0x7E, 0x81, 0x77, 0x2D, 0x7E, 0x88, 0x77, 0x2C, 0xC9, 0xFF,
    0x7B, 0xC6, 0x20, 0x5F, 0xD0, 0x14, 0xC9, 0x7B, 0xD6, 0x20, 0x5F, 0xD0, 0x15, 0xC9, 0xFF, 0xFF,
    0xAF, 0x7E, 0x81, 0x27, 0x77, 0x2D, 0x7E, 0x88, 0x27, 0x77, 0x2D, 0x7E, 0xCE, 0x00, 0x27, 0x77,
    0x2C, 0x2C, 0xC9, 0xFF, 0xFF, 0xFF, 0x37, 0x3E, 0x99, 0xCE, 0x00, 0x91, 0x86, 0x27, 0x77, 0x2D,
    0x3E, 0x99, 0xCE, 0x00, 0x90, 0x86, 0x27, 0x77, 0x2D, 0x3E, 0x99, 0xCE, 0x00, 0x86, 0x27, 0x77,
    0x2C, 0x2C, 0xC9, 0xFF, 0xFF, 0xFF, 0xFF, 0xFF, 0x7E, 0xB9, 0xC0, 0x2D, 0x7E, 0x2C, 0xB8, 0xC9,
    0xCD, 0x70, 0x02, 0xD8, 0xCD, 0x77, 0x02, 0xC9, 0xFF, 0xFF, 0xFF, 0xFF, 0xFF, 0xFF, 0xFF, 0xFF,
    0x7E, 0x91, 0x2D, 0x7E, 0x98, 0x2C, 0xC9, 0x7B, 0x96, 0x2D, 0x7A, 0x9E, 0x2C, 0xC9, 0xFF, 0xFF,
    0x7D, 0xB9, 0xC0, 0x7C, 0xB8, 0xC9, 0xFF, 0xFF, 0xCD, 0x40, 0x01, 0x21, 0xC0, 0x19, 0x0E, 0x02,
    0xCD, 0xD0, 0x01, 0x0E, 0x02, 0xCD, 0xE0, 0x17, 0xFE, 0x02, 0xDA, 0xA7, 0x02, 0x21, 0xA0, 0x1B,
    0x0E, 0x01, 0xCD, 0xD0, 0x01, 0x0E, 0x06, 0x3A, 0x00, 0x70, 0x2F, 0xA1, 0xC8, 0xCD, 0xCB, 0x02,
    0xCD, 0xF0, 0x02, 0xCD, 0x2E, 0x03, 0xCD, 0x50, 0x03, 0xCD, 0x40, 0x01, 0x26, 0x50, 0x36, 0x01,
    0xCD, 0x40, 0x01, 0x26, 0x50, 0x36, 0x00, 0xC9, 0xFF, 0xFF, 0xFF, 0x0E, 0x01, 0xFE, 0x02, 0xCA,
    0xD4, 0x02, 0x0E, 0x02, 0x21, 0xA2, 0x43, 0x71, 0x3A, 0x00, 0x78, 0xE6, 0x10, 0xCA, 0xE3, 0x02,
    0x79, 0x07, 0x4F, 0x2E, 0x8F, 0x7E, 0x91, 0x77, 0xC6, 0x20, 0x32, 0x42, 0x41, 0xC9, 0xFF, 0xFF,
    0x11, 0x83, 0x43, 0x21, 0x8B, 0x43, 0xCD, 0x14, 0x03, 0xD4, 0x20, 0x03, 0x1E, 0x87, 0x2E, 0x8B,
    0xCD, 0x14, 0x03, 0xD4, 0x20, 0x03, 0x2E, 0x8B, 0x11, 0x41, 0x41, 0x06, 0x06, 0xCD, 0xC4, 0x00,
    0xC9, 0xFF, 0xFF, 0xFF, 0x1A, 0x96, 0x1D, 0x2D, 0x1A, 0x9E, 0x1D, 0x2D, 0x1A, 0x9E, 0xC9, 0xFF,
    0x1A, 0x77, 0x13, 0x23, 0x1A, 0x77, 0x13, 0x23, 0x1A, 0x77, 0xC9, 0xFF, 0xFF, 0xFF, 0x21, 0x80,
    0x43, 0x36, 0x00, 0x23, 0x7D, 0xFE, 0x88, 0xC2, 0x31, 0x03, 0x2E, 0x83, 0x11, 0x61, 0x42, 0x06,
    0x06, 0xCD, 0xC4, 0x00, 0x2E, 0x87, 0x11, 0x21, 0x40, 0x06, 0x06, 0xCD, 0xC4, 0x00, 0xC9, 0xFF,
    0x3A, 0x00, 0x78, 0xE6, 0x03, 0xC6, 0x03, 0x47, 0x21, 0x90, 0x43, 0x70, 0x2E, 0xA2, 0x7E, 0xFE,
    0x01, 0xCA, 0x67, 0x03, 0x2E, 0x91, 0x70, 0x2E, 0x90, 0x7E, 0xF6, 0x20, 0x32, 0xA2, 0x42, 0x2C,
    0x7E, 0xF6, 0x20, 0x32, 0x62, 0x40, 0xC9, 0x21, 0x8C, 0x43, 0x77, 0x2C, 0x77, 0xC9, 0xFF, 0xFF,
    0x21, 0x3F, 0x43, 0x11, 0x1F, 0x00, 0x01, 0x3F, 0x03, 0x72, 0x2B, 0x72, 0x2B, 0x7D, 0xA3, 0xB8,
    0xC2, 0x89, 0x03, 0x72, 0x2B, 0x2B, 0x2B, 0x2B, 0x7C, 0xB9, 0xC2, 0x89, 0x03, 0xC9, 0xFF, 0xFF,
    0x21, 0x3F, 0x4B, 0x11, 0x47, 0x00, 0x72, 0x2B, 0x72, 0x2B, 0x7C, 0xBB, 0xC2, 0xA6, 0x03, 0xC9,
    0x01, 0xA0, 0x07, 0xCD, 0x70, 0x02, 0xDA, 0xCE, 0x03, 0xCD, 0x58, 0x02, 0xCA, 0xEB, 0x03, 0x01,
    0x60, 0x0B, 0xCD, 0x70, 0x02, 0xDA, 0xCE, 0x03, 0xCD, 0x58, 0x02, 0xCA, 0xE2, 0x03, 0xCD, 0x73,
    0x01, 0x21, 0xA0, 0x43, 0x7E, 0xE6, 0x01, 0xB0, 0x77, 0xC3, 0x00, 0x04, 0xC3, 0x00, 0x04, 0xFF,
    0xFF, 0xFF, 0x01, 0x08, 0x01, 0x11, 0x00, 0x10, 0xC3, 0xF1, 0x03, 0x01, 0x04, 0x01, 0x11, 0x08,
    0x00, 0x21, 0xA4, 0x43, 0x70, 0x2E, 0xB8, 0x71, 0x2E, 0xBA, 0x72, 0x2C, 0x73, 0xC9, 0xFF, 0xFF,
    0x21, 0x0E, 0x04, 0x3A, 0xA4, 0x43, 0x07, 0x85, 0x6F, 0x7E, 0x2C, 0x6E, 0x67, 0xE9, 0x04, 0x30,
    0x04, 0xAC, 0x05, 0x15, 0x08, 0x00, 0x0A, 0xEA, 0x0B, 0x60, 0x24, 0x00, 0x24, 0x4C, 0x3A, 0xA3,
    0x43, 0xE6, 0x01, 0x47, 0x3A, 0xB8, 0x43, 0xE6, 0x02, 0xB0, 0x32, 0x00, 0x50, 0xC9, 0x18, 0x05,
    0x21, 0xA4, 0x43, 0x36, 0x01, 0x2C, 0x36, 0x80, 0x2E, 0xA3, 0x7E, 0x36, 0x00, 0xFE, 0x02, 0xC8,
    0x77, 0x2D, 0x7E, 0xFE, 0x01, 0xC8, 0x2C, 0x7E, 0xA7, 0xCA, 0xA0, 0x04, 0x2E, 0x90, 0x7E, 0xA7,
    0xC8, 0x2E, 0xA3, 0x36, 0x00, 0x01, 0x00, 0x01, 0xCD, 0x60, 0x04, 0xC9, 0xFF, 0xFF, 0xFF, 0xFF,
    0x21, 0x00, 0x50, 0x11, 0x20, 0x43, 0x70, 0x1A, 0x71, 0x12, 0x1C, 0x7B, 0xE6, 0x03, 0xC2, 0x66,
    0x04, 0x7B, 0xE6, 0xF0, 0xD6, 0x20, 0x5F, 0xD2, 0x66, 0x04, 0x15, 0x7A, 0xFE, 0x3F, 0xC2, 0x66,
    0x04, 0x11, 0x80, 0x43, 0x70, 0x1A, 0x71, 0x12, 0x1C, 0x7B, 0xFE, 0xB8, 0xC2, 0x84, 0x04, 0x11,
    0xC0, 0x4B, 0x70, 0x1A, 0x71, 0x12, 0x1C, 0x7B, 0xFE, 0x00, 0xC2, 0x92, 0x04, 0xC9, 0xFF, 0xFF,
    0x2E, 0xA3, 0x36, 0x01, 0x01, 0x01, 0x00, 0xCD, 0x60, 0x04, 0xC9, 0xFF, 0x21, 0xA5, 0x43, 0x35,
    0x7E, 0x2D, 0x36, 0x02, 0xA7, 0xC8, 0x36, 0x01, 0xFE, 0x7F, 0xCA, 0xF0, 0x07, 0x2E, 0x9A, 0x36,
    0x00, 0x2C, 0x36, 0x00, 0xE6, 0x08, 0xC2, 0xE6, 0x04, 0xCD, 0xE8, 0x06, 0x00, 0x21, 0xA3, 0x43,
    0x7E, 0xA7, 0x2E, 0x83, 0x11, 0x61, 0x42, 0xCA, 0xDF, 0x04, 0x2E, 0x87, 0x11, 0x21, 0x40, 0x06,
    0x06, 0xCD, 0xC4, 0x00, 0xC9, 0xFF, 0x21, 0xA3, 0x43, 0x7E, 0xA7, 0x11, 0x61, 0x42, 0xCA, 0xF4,
    0x04, 0x11, 0x21, 0x40, 0x06, 0x06, 0xCD, 0xFB, 0x04, 0xC9, 0xFF, 0x3E, 0x00, 0x12, 0xCD, 0x10,
    0x02, 0x05, 0xC2, 0xFB, 0x04, 0xC9, 0x21, 0x92, 0x43, 0x06, 0x06, 0xCD, 0xD8, 0x05, 0x3A, 0x50,
    0x4B, 0x32, 0x94, 0x43, 0xC9, 0xCD, 0x1E, 0x04, 0x21, 0xA4, 0x43, 0x36, 0x03, 0xCD, 0x80, 0x05,
    0xCD, 0x47, 0x05, 0xCD, 0xA0, 0x09, 0xCD, 0x32, 0x05, 0xCD, 0x6C, 0x0A, 0xCD, 0x06, 0x05, 0xC3,
    0xB0, 0x32, 0x21, 0x50, 0x4B, 0x06, 0xA0, 0xCD, 0xD8, 0x05, 0xCD, 0xEC, 0x05, 0xCD, 0x50, 0x06,
    0xCD, 0x10, 0x06, 0xC9, 0xFF, 0xFF, 0xFF, 0x21, 0x60, 0x05, 0x11, 0xC0, 0x43, 0x06, 0x20, 0xCD,
    0xE0, 0x05, 0x21, 0xE0, 0x43, 0x06, 0x20, 0xCD, 0xD8, 0x05, 0xC9, 0xFF, 0xFF, 0xFF, 0xFF, 0xFF,
    0x0C, 0x10, 0x64, 0xD8, 0x00, 0x50, 0x00, 0xD0, 0x00, 0x50, 0x00, 0xD0, 0x00, 0x58, 0x00, 0x20,
    0x00, 0x58, 0x00, 0x20, 0x00, 0x58, 0x00, 0x20, 0x00, 0x58, 0x00, 0x20, 0x00, 0x58, 0x00, 0x20,
    0x21, 0x98, 0x05, 0x3A, 0xB8, 0x43, 0xE6, 0x0F, 0x85, 0x6F, 0x6E, 0x26, 0x05, 0x11, 0xAB, 0x43,
    0x06, 0x0C, 0xCD, 0xE0, 0x05, 0xC9, 0xFF, 0xFF, 0xA8, 0xA8, 0xC0, 0xC0, 0xA8, 0xA8, 0xA8, 0xA8,
    0xB4, 0xCC, 0xB4, 0xB4, 0xA8, 0xA8, 0xA8, 0xA8, 0x80, 0x7F, 0x00, 0x00, 0x40, 0x3F, 0x00, 0x1C,
    0x00, 0xFF, 0xFF, 0xFF, 0x60, 0x5F, 0x01, 0x02, 0x30, 0x2F, 0x00, 0x1C, 0x00, 0xC0, 0xFF, 0xFF,
    0x80, 0x7F, 0x03, 0x04, 0x40, 0x3F, 0x00, 0x1F, 0x00, 0xA0, 0xFF, 0xFF, 0x60, 0x60, 0x05, 0x06,
    0x50, 0x30, 0x00, 0x1D, 0x00, 0x48, 0xFF, 0xFF, 0xAF, 0x77, 0x23, 0x05, 0xC2, 0xD9, 0x05, 0xC9,
    0x7E, 0x12, 0x23, 0x13, 0x05, 0xC2, 0xE0, 0x05, 0xC9, 0xFF, 0xFF, 0xFF, 0x21, 0x00, 0x15, 0x3A,
    0xB8, 0x43, 0xE6, 0x0F, 0x07, 0x85, 0x6F, 0x56, 0x23, 0x5E, 0x21, 0x70, 0x4B, 0x3A, 0xBA, 0x43,
    0x47, 0xA7, 0xC8, 0x72, 0x2C, 0x73, 0x2C, 0x2C, 0x2C, 0x05, 0xC2, 0x03, 0x06, 0xC9, 0xFF, 0xFF,
    0x21, 0x3A, 0x06, 0x3A, 0xB8, 0x43, 0x0F, 0xE6, 0x0F, 0x85, 0x6F, 0x00, 0x00, 0x00, 0x6E, 0x26,
    0x15, 0x11, 0x72, 0x4B, 0x3A, 0xBA, 0x43, 0x47, 0xA7, 0xC8, 0x7E, 0x12, 0x23, 0x13, 0x7E, 0x12,
    0x23, 0x13, 0x13, 0x13, 0x05, 0xC2, 0x2A, 0x06, 0xC9, 0xFF, 0x60, 0x40, 0xE0, 0xE0, 0xE0, 0xE0,
    0xFF, 0xFF, 0xC0, 0xA0, 0x80, 0x80, 0x80, 0x80, 0xFF, 0xFF, 0xFF, 0xFF, 0xFF, 0xFF, 0xFF, 0xFF,
    0x21, 0x20, 0x15, 0x3A, 0xB8, 0x43, 0xE6, 0x0F, 0x07, 0x85, 0x6F, 0x56, 0x23, 0x5E, 0x21, 0x50,
    0x4B, 0x3A, 0xBA, 0x43, 0x47, 0xA7, 0xC8, 0x72, 0x2C, 0x73, 0x2C, 0x05, 0xC2, 0x67, 0x06, 0xC9,
    0x21, 0xB1, 0x43, 0x46, 0x2E, 0xB9, 0x4E, 0x79, 0x90, 0x77, 0x21, 0xB9, 0x43, 0x7E, 0x35, 0x32,
    0x00, 0x58, 0xE6, 0x07, 0xC0, 0x01, 0x47, 0x20, 0x11, 0x21, 0x4B, 0x7E, 0x0F, 0x0F, 0x0F, 0xE6,
    0x1F, 0x83, 0x5F, 0x2E, 0xB2, 0x7E, 0x2C, 0x6E, 0x67, 0x7E, 0x12, 0x2C, 0x7B, 0x90, 0x5F, 0xD2,
    0x99, 0x06, 0x15, 0x7A, 0xB9, 0xC2, 0x99, 0x06, 0x7D, 0x32, 0xB3, 0x43, 0xC9, 0xFF, 0xFF, 0xFF,
    0x21, 0xAB, 0x43, 0x3A, 0xB9, 0x43, 0x4F, 0xBE, 0xC0, 0x7E, 0x2C, 0x86, 0x2D, 0x77, 0x2C, 0x2C,
    0x34, 0x46, 0x2C, 0x34, 0x7E, 0x21, 0x20, 0x1E, 0xE6, 0x1F, 0x85, 0x6F, 0x56, 0xC6, 0x20, 0x6F,
    0x5E, 0x79, 0x0F, 0x0F, 0x0F, 0xE6, 0x1E, 0x83, 0xC6, 0x02, 0x5F, 0x21, 0x60, 0x1E, 0x78, 0xE6,
    0x1F, 0x85, 0x6F, 0x6E, 0xCD, 0xDC, 0x07, 0xC9, 0x21, 0x00, 0x18, 0x0E, 0x01, 0xC3, 0xD0, 0x01,
    0xCD, 0x7A, 0x06, 0xCD, 0x40, 0x20, 0xC3, 0xB0, 0x06, 0xFF, 0xFF, 0xFF, 0xFF, 0xFF, 0xFF, 0xFF,
    0x01, 0xC0, 0x43, 0x11, 0xE0, 0x43, 0xCD, 0x18, 0x07, 0x79, 0xC6, 0x04, 0x4F, 0xC6, 0x20, 0x5F,
    0x50, 0xFE, 0xEC, 0xC2, 0x06, 0x07, 0xC9, 0xC9, 0xCD, 0x20, 0x07, 0xC3, 0x40, 0x07, 0xE6, 0xEF,
    0x0A, 0x67, 0xE6, 0x10, 0xC8, 0x7C, 0xE6, 0xEF, 0x02, 0x07, 0x07, 0x07, 0xE6, 0x07, 0xC6, 0x38,
    0x6F, 0x26, 0x07, 0x6E, 0xE9, 0x6C, 0xFF, 0x8A, 0x63, 0x79, 0xFF, 0x9E, 0xBE, 0xFF, 0xFF, 0xFF,
    0x0A, 0x67, 0xE6, 0x08, 0xC8, 0x7C, 0xE6, 0x07, 0x67, 0x0F, 0x0F, 0x0F, 0xB4, 0xF6, 0x18, 0x02,
    0x03, 0x7C, 0xC6, 0x5B, 0x6F, 0x26, 0x07, 0x6E, 0xE9, 0x5E, 0x0A, 0x6D, 0x88, 0xFF, 0xAA, 0xD2,
    0xFF, 0xFF, 0xFF, 0xEB, 0x56, 0x23, 0x5E, 0x2B, 0xAF, 0x12, 0xEB, 0xC9, 0xEB, 0xEB, 0x23, 0x23,
    0x56, 0x23, 0x5E, 0x0A, 0x12, 0x0B, 0xC9, 0x12, 0x23, 0xEB, 0x56, 0x23, 0x5E, 0x2B, 0xAF, 0x12,
    0xCD, 0x17, 0x02, 0xAF, 0x12, 0xEB, 0xC9, 0x23, 0xEB, 0x23, 0x23, 0x56, 0x23, 0x5E, 0x0A, 0x6F,
    0x26, 0x14, 0x7E, 0x12, 0x23, 0xCD, 0x17, 0x02, 0x7E, 0x12, 0x0B, 0xC9, 0xFF, 0xEB, 0xEB, 0x56,
    0x23, 0x5E, 0x2B, 0xAF, 0x12, 0x13, 0x12, 0xEB, 0xC9, 0xFF, 0xEB, 0x23, 0x23, 0x56, 0x23, 0x5E,
    0x0A, 0x6F, 0x26, 0x14, 0x7E, 0x12, 0x23, 0x13, 0x7E, 0x12, 0x0B, 0xC9, 0x23, 0x13, 0xEB, 0x56,
    0x23, 0x5E, 0x2B, 0xAF, 0x12, 0x13, 0x12, 0xCD, 0x17, 0x02, 0xAF, 0x12, 0x1B, 0x12, 0xEB, 0xC9,
    0xCD, 0x4C, 0xEB, 0x23, 0x23, 0x56, 0x23, 0x5E, 0x0A, 0x6F, 0x26, 0x14, 0x7E, 0x12, 0x23, 0x13,
    0x7E, 0x12, 0x23, 0x1B, 0xCD, 0x17, 0x02, 0x7E, 0x12, 0x23, 0x13, 0x7E, 0x12, 0x0B, 0xC9, 0xFF,
    0x3A, 0xB9, 0x43, 0x32, 0x00, 0x58, 0xCD, 0x80, 0x03, 0xC3, 0x1E, 0x04, 0xFF, 0xFF, 0xFF, 0xFF,
    0x21, 0x14, 0x08, 0x3A, 0xB8, 0x43, 0x07, 0xE6, 0x1E, 0x85, 0x6F, 0x7E, 0x2C, 0x6E, 0x67, 0xE9,
    0xFF, 0xFF, 0xFF, 0xFF, 0x08, 0x34, 0x20, 0x00, 0x08, 0x34, 0x20, 0x00, 0x22, 0x30, 0x34, 0x00,
    0x22, 0x30, 0x34, 0x00, 0x22, 0x30, 0x22, 0xB4, 0x22, 0xCA, 0x20, 0x00, 0x22, 0x4C, 0x22, 0x4C,
    0x22, 0x4C, 0x22, 0x4C, 0xCD, 0xF0, 0x06, 0x21, 0xB4, 0x43, 0x35, 0x7E, 0xFE, 0x15, 0xD0, 0xCD,
    0x5A, 0x08, 0xCD, 0xFA, 0x05, 0xCD, 0x50, 0x0A, 0x21, 0xB4, 0x43, 0x7E, 0xA7, 0xC0, 0x2E, 0xB8,
    0x34, 0x2E, 0xA4, 0x36, 0x02, 0xC9, 0xFF, 0xFF, 0xFF, 0xFF, 0x11, 0x6C, 0x08, 0xFE, 0x11, 0xD0,
    0x1E, 0x6D, 0xFE, 0x0D, 0xD0, 0x1E, 0x6E, 0xFE, 0x09, 0xD0, 0x1E, 0x6F, 0xFE, 0x05, 0xD0, 0x1E,
    0x68, 0xC9, 0xFF, 0xFF, 0xFF, 0xFF, 0xCD, 0x00, 0x07, 0xCD, 0x86, 0x08, 0xCD, 0xA0, 0x08, 0xCD,
    0xA0, 0x09, 0xCD, 0x7A, 0x09, 0xC9, 0x21, 0xEB, 0x43, 0x06, 0x03, 0x56, 0x2B, 0x5E, 0x2B, 0x72,
    0x2B, 0x73, 0x2B, 0x05, 0xC2, 0x8B, 0x08, 0xC9, 0xFF, 0xFF, 0xFF, 0xFF, 0xFF, 0xFF, 0xFF, 0xFF,
    0xCD, 0xC4, 0x08, 0x21, 0xC4, 0x43, 0xCD, 0x30, 0x09, 0x3A, 0xB8, 0x43, 0xE6, 0x0F, 0xFE, 0x03,
    0xC0, 0x21, 0xC8, 0x43, 0xCD, 0x30, 0x09, 0xC9, 0xFF, 0xFF, 0xFF, 0xFF, 0xFF, 0xFF, 0xFF, 0xFF,
    0xFF, 0xFF, 0xFF, 0xFF, 0x21, 0xC0, 0x43, 0x7E, 0xE6, 0x08, 0xCA, 0xA0, 0x0A, 0x2E, 0xA6, 0x7E,
    0xA7, 0xC2, 0xEA, 0x08, 0x06, 0x80, 0xCD, 0xBB, 0x00, 0xCA, 0xEB, 0x08, 0x2E, 0x62, 0x36, 0x40,
    0x2E, 0xC0, 0x7E, 0xE6, 0xF7, 0x77, 0x2E, 0xA6, 0x36, 0xFF, 0x35, 0x2E, 0xC2, 0xCD, 0x00, 0x09,
    0x01, 0x00, 0x16, 0xC3, 0x26, 0x09, 0xFF, 0xFF, 0xFF, 0xFF, 0xFF, 0xFF, 0xFF, 0xFF, 0xFF, 0xFF,
    0x3A, 0xA0, 0x43, 0x2F, 0xE6, 0x60, 0xC8, 0xE6, 0x40, 0xCA, 0x17, 0x09, 0x7E, 0xFE, 0x0D, 0xD8,
    0x35, 0x3E, 0xFF, 0x32, 0x60, 0x43, 0xC9, 0x7E, 0xFE, 0xC0, 0xD0, 0x34, 0x3E, 0xFF, 0x32, 0x60,
    0x43, 0xC9, 0xFF, 0xFF, 0xFF, 0xFF, 0x7E, 0xE6, 0x07, 0x81, 0x4F, 0x0A, 0x2D, 0x77, 0xC9, 0xFF,
    0x7E, 0xE6, 0x08, 0xC2, 0x64, 0x09, 0xEB, 0x06, 0x10, 0xCD, 0xBB, 0x00, 0xC8, 0x7E, 0xE6, 0xEF,
    0x77, 0x1A, 0xF6, 0x08, 0x12, 0x13, 0x13, 0x3A, 0xC2, 0x43, 0xC6, 0x04, 0x12, 0x13, 0x3A, 0xC3,
    0x43, 0xD6, 0x08, 0x12, 0x1B, 0xEB, 0x01, 0x20, 0x16, 0xCD, 0x26, 0x09, 0x3E, 0x30, 0x32, 0x61,
    0x43, 0xC9, 0xFF, 0xFF, 0x2C, 0x2C, 0x2C, 0x7E, 0xD6, 0x08, 0x77, 0xFE, 0x1F, 0xD0, 0x2D, 0x2D,
    0x2D, 0x7E, 0xE6, 0xF7, 0x77, 0xC9, 0xFF, 0xFF, 0x7E, 0xE6, 0x3A, 0xC2, 0x43, 0x47, 0xE6, 0x07,
    0x07, 0x21, 0x38, 0x0B, 0x85, 0x6F, 0x78, 0x96, 0x32, 0x9E, 0x43, 0x23, 0x78, 0x86, 0x32, 0x9F,
    0x43, 0xC9, 0x32, 0x9F, 0x43, 0xC9, 0xFF, 0xFF, 0xFF, 0xFF, 0xFF, 0xFF, 0xFF, 0xFF, 0xFF, 0xFF,
    0x01, 0xC2, 0x43, 0x11, 0xE2, 0x43, 0xCD, 0xBA, 0x09, 0x03, 0x03, 0x03, 0x13, 0x13, 0x13, 0x79,
    0xFE, 0xCE, 0xC2, 0xA6, 0x09, 0xC9, 0xFF, 0xFF, 0xFF, 0xFF, 0x21, 0x00, 0x0A, 0x0A, 0xE6, 0xF8,
    0x0F, 0x0F, 0x85, 0x6F, 0x7E, 0x12, 0x03, 0x13, 0x23, 0x0A, 0xE6, 0xF8, 0x0F, 0x0F, 0x0F, 0x86,
    0x12, 0xC9, 0xFF, 0xFF, 0xFF, 0xFF, 0xFF, 0xFF, 0xFF, 0xFF, 0xFF, 0xFF, 0xFF, 0xFF, 0xFF, 0xFF,
    0xFF, 0xFF, 0xFF, 0xFF, 0xFF, 0xFF, 0xFF, 0xFF, 0xFF, 0xFF, 0xFF, 0xFF, 0xFF, 0xFF, 0xFF, 0xFF,
    0xFF, 0xFF, 0xFF, 0xFF, 0xFF, 0xFF, 0xFF, 0xFF, 0xFF, 0xFF, 0xFF, 0xFF, 0xFF, 0xFF, 0xFF, 0xFF,
    0x43, 0x20, 0x43, 0x00, 0x42, 0xE0, 0x42, 0xC0, 0x42, 0xA0, 0x42, 0x80, 0x42, 0x60, 0x42, 0x40,
    0x42, 0x20, 0x42, 0x00, 0x41, 0xE0, 0x41, 0xC0, 0x41, 0xA0, 0x41, 0x80, 0x41, 0x60, 0x41, 0x40,
    0x41, 0x20, 0x41, 0x00, 0x40, 0xE0, 0x40, 0xC0, 0x40, 0xA0, 0x40, 0x80, 0x40, 0x60, 0x40, 0x40,
    0x40, 0x20, 0x40, 0x00, 0x00, 0x00, 0x00, 0x00, 0x00, 0x00, 0x00, 0x00, 0x00, 0x00, 0x00, 0x00,
    0xAA, 0xBA, 0xAB, 0xBB, 0x80, 0x90, 0x81, 0x91, 0x74, 0x7C, 0x75, 0x7D, 0xFF, 0xFF, 0xFF, 0xFF,
    0x01, 0x70, 0x4B, 0x11, 0xB0, 0x4B, 0xC5, 0xCD, 0x18, 0x07, 0xC1, 0x79, 0xC6, 0x04, 0x4F, 0xC6,
    0x40, 0x5F, 0x50, 0xA7, 0xC2, 0x56, 0x0A, 0xC9, 0xFF, 0xFF, 0xFF, 0xFF, 0x01, 0x70, 0x4B, 0x11,
    0xB3, 0x4B, 0xC5, 0xD5, 0x0A, 0xE6, 0x18, 0xCA, 0x8A, 0x0A, 0xEB, 0x56, 0x2B, 0x5E, 0x2B, 0x72,
    0x2B, 0x73, 0xEB, 0x13, 0x13, 0x03, 0x03, 0xCD, 0xBA, 0x09, 0xD1, 0xC1, 0x79, 0xC6, 0x04, 0x4F,
    0x7B, 0xC6, 0x04, 0x5F, 0xFE, 0x03, 0xC2, 0x72, 0x0A, 0xC9, 0xFF, 0xFF, 0xFF, 0xFF, 0xFF, 0xFF,
    0x2E, 0xE2, 0x56, 0x23, 0x5E, 0xCD, 0x10, 0x02, 0x1B, 0x01, 0x04, 0x04, 0x2E, 0xA6, 0x35, 0x7E,
    0x21, 0xF0, 0x17, 0xFE, 0xC0, 0xCA, 0x48, 0x0B, 0x21, 0x70, 0x17, 0xE6, 0x0C, 0x07, 0x07, 0x85,
    0x6F, 0xC3, 0xD6, 0x0A, 0xFF, 0xFF, 0xFF, 0xFF, 0xFF, 0xFF, 0xFF, 0xFF, 0xFF, 0xFF, 0xFF, 0xFF,
    0xFF, 0xFF, 0xFF, 0xFF, 0xFF, 0xFF, 0xD5, 0xC5, 0x7E, 0x12, 0x23, 0x13, 0x05, 0xC2, 0xD8, 0x0A,
    0xC1, 0xD1, 0xCD, 0x17, 0x02, 0x0D, 0xC2, 0xD6, 0x0A, 0xC9, 0x21, 0xB9, 0x43, 0x7E, 0xE6, 0xF8,
    0x77, 0x32, 0x00, 0x58, 0x2E, 0xE2, 0x56, 0x2C, 0x5E, 0xCD, 0x10, 0x02, 0x1B, 0x00, 0x2E, 0xA5,
    0x35, 0x7E, 0xCA, 0x15, 0x0B, 0xFE, 0x20, 0xDA, 0xA0, 0x0B, 0xCA, 0x80, 0x03, 0xC3, 0xBA, 0x0B,
    0x70, 0x20, 0xC3, 0xE8, 0x20, 0x2D, 0x36, 0x05, 0x2D, 0x7E, 0xC6, 0x90, 0x6F, 0x7E, 0xA7, 0xC8,
    0x35, 0xE5, 0xCD, 0x67, 0x03, 0xE1, 0x7E, 0xA7, 0xC8, 0x2E, 0xA4, 0x36, 0x00, 0xC9, 0xFF, 0xFF,
    0xFF, 0xF0, 0xE0, 0xB0, 0xC0, 0xD0, 0xC0, 0xB0, 0x00, 0x08, 0x01, 0x09, 0x02, 0x0A, 0x03, 0x0B,
    0x03, 0x0B, 0x02, 0x0A, 0x01, 0x09, 0x00, 0x08, 0xCD, 0xD6, 0x0A, 0x21, 0xC0, 0x43, 0x36, 0x0C,
    0x2C, 0x36, 0x0C, 0x2C, 0x7E, 0xE6, 0xF8, 0xF6, 0x03, 0x77, 0xC9, 0xFF, 0xFF, 0xFF, 0xFF, 0xFF,
    0x21, 0xA5, 0x43, 0x34, 0x7E, 0xFE, 0x40, 0xCA, 0xA0, 0x03, 0x21, 0x00, 0x1A, 0x0E, 0x01, 0xFE,
    0x80, 0xC2, 0x95, 0x0B, 0x21, 0xA4, 0x43, 0x36, 0x00, 0x2E, 0x90, 0x7E, 0x2C, 0xB6, 0xC0, 0xAF,
    0x2E, 0x98, 0x77, 0x2C, 0x77, 0x2E, 0xA2, 0x77, 0x2C, 0x7E, 0xA7, 0xC8, 0x36, 0x00, 0x01, 0x00,
    0x01, 0xCD, 0x60, 0x04, 0xC9, 0xCD, 0xD0, 0x01, 0xCD, 0xE4, 0x01, 0xC3, 0xF0, 0x1D, 0xFF, 0xFF,
    0x21, 0xB8, 0x43, 0x7E, 0xE6, 0x0F, 0xFE, 0x04, 0xD8, 0xFE, 0x09, 0xD0, 0x2C, 0xAF, 0x77, 0x32,
    0x00, 0x58, 0xC3, 0xA0, 0x03, 0xFF, 0xFF, 0xFF, 0xFF, 0xFF, 0x47, 0x0F, 0xD2, 0xC0, 0x0F, 0x0F,
    0x78, 0xDA, 0x70, 0x20, 0xC3, 0xE8, 0x20, 0xFF, 0xFF, 0xFF, 0x21, 0xD0, 0x42, 0x01, 0xDF, 0xFF,
    0x36, 0x64, 0x09, 0x23, 0x36, 0x65, 0x21, 0xF2, 0x42, 0x11, 0x40, 0x0A, 0xCD, 0x38, 0x35, 0x21,
    0x15, 0x4B, 0x11, 0x00, 0x3C, 0xCD, 0x28, 0x35, 0x21, 0xD8, 0x4A, 0x11, 0x48, 0x0A, 0xCD, 0x48,
    0x35, 0xC9, 0xFF, 0xFF, 0xFF, 0xFF, 0xFF, 0xFF, 0xFF, 0xFF, 0xFF, 0xFF, 0xFF, 0xFF, 0xFF, 0xFF,
    0xE5, 0x7D, 0xD6, 0x72, 0x0F, 0xC6, 0x50, 0x6F, 0x7E, 0x2C, 0x6E, 0x67, 0x11, 0x04, 0x0C, 0x7E,
    0xE1, 0xFE, 0x07, 0xDA, 0xA4, 0x0E, 0xFE, 0x09, 0xD2, 0xA4, 0x0E, 0x11, 0x20, 0x10, 0x3E, 0xFF,
    0x32, 0x69, 0x43, 0xC3, 0xA4, 0x0E, 0xFF, 0xFF, 0xFF, 0xFF, 0xFF, 0xFF, 0xFF, 0xFF, 0xFF, 0xFF,
    0xFF, 0xFF, 0xFF, 0xFF, 0xFF, 0xFF, 0xFF, 0xFF, 0xFF, 0xFF, 0xFF, 0xFF, 0xFF, 0xFF, 0xFF, 0xFF,
    0x21, 0xFF, 0x43, 0x06, 0x05, 0xCD, 0x8B, 0x08, 0xCD, 0x56, 0x0C, 0xCD, 0x6B, 0x0C, 0xCD, 0xD8,
    0x0C, 0xC9, 0xFF, 0xFF, 0xFF, 0xFF, 0x21, 0xCC, 0x43, 0xE5, 0xCD, 0x84, 0x0C, 0xE1, 0x7D, 0xC6,
    0x04, 0x6F, 0xFE, 0xE0, 0xC2, 0x59, 0x0C, 0xC9, 0xFF, 0xFF, 0xFF, 0x01, 0xCE, 0x43, 0x11, 0xEE,
    0x43, 0xCD, 0xBA, 0x09, 0x03, 0x03, 0x03, 0x13, 0x13, 0x13, 0x79, 0xFE, 0xE2, 0xC2, 0x71, 0x0C,
    0xC9, 0xFF, 0xFF, 0xFF, 0x7E, 0xE6, 0x08, 0xC8, 0x00, 0x00, 0x2C, 0x7E, 0xEE, 0x04, 0x77, 0x2C,
    0x2C, 0x7E, 0xC6, 0x04, 0x77, 0xFE, 0xF9, 0xD2, 0x6E, 0x09, 0x2D, 0xCD, 0xB4, 0x0C, 0x54, 0x7D,
    0xC6, 0x20, 0x5F, 0xEB, 0x46, 0x23, 0x4E, 0x0A, 0xEB, 0x2C, 0xFE, 0xE8, 0xD2, 0x6E, 0x09, 0xC9,
    0xFF, 0xFF, 0xFF, 0xFF, 0xFE, 0xDC, 0xD8, 0xFE, 0xE9, 0xD0, 0x3A, 0x9F, 0x43, 0xBE, 0xD8, 0x3A,
    0x9E, 0x43, 0xBE, 0xD0, 0x3E, 0x04, 0x32, 0xA4, 0x43, 0x3E, 0x60, 0x32, 0xA5, 0x43, 0x3E, 0x10,
    0x32, 0x63, 0x43, 0xC9, 0xFF, 0xFF, 0xFF, 0xFF, 0x01, 0xCC, 0x43, 0x11, 0xEC, 0x43, 0xC5, 0xCD,
    0x18, 0x07, 0xC1, 0x79, 0xC6, 0x04, 0x4F, 0xC6, 0x20, 0x5F, 0x50, 0xA7, 0xC2, 0xDE, 0x0C, 0xC9,
    0xFF, 0xFF, 0xFF, 0xFF, 0xD1, 0xC1, 0xC9, 0xFF, 0xFF, 0xFF, 0xFF, 0xFF, 0xFF, 0xFF, 0xFF, 0xFF,
    0xFF, 0xFF, 0xFF, 0xFF, 0xFF, 0xFF, 0xFF, 0xFF, 0x21, 0x93, 0x43, 0x34, 0x7E, 0xE6, 0x07, 0xC0,
    0x2C, 0x2C, 0x7E, 0x3C, 0xE6, 0x0F, 0x77, 0xC9, 0xFF, 0xFF, 0xFF, 0xFF, 0x01, 0x70, 0x4B, 0x21,
    0x50, 0x4B, 0xCD, 0x30, 0x0D, 0x0C, 0x0C, 0x2C, 0x3E, 0xB0, 0xB9, 0xC2, 0x22, 0x0D, 0xC9, 0xFF,
    0x56, 0x23, 0x0A, 0x03, 0x03, 0xE6, 0x08, 0xC8, 0x5E, 0xEB, 0x7E, 0x07, 0xC6, 0x00, 0x6F, 0x26,
    0x17, 0xAF, 0xBE, 0xCA, 0x4F, 0x0D, 0x23, 0xBE, 0xCA, 0x5E, 0x0D, 0x2B, 0x0A, 0x86, 0x02, 0x03,
    0x23, 0x0A, 0x86, 0x02, 0x0B, 0xE6, 0x07, 0xEB, 0xC0, 0x34, 0xC9, 0xFF, 0xFF, 0xFF, 0x2B, 0x0A,
    0x86, 0x02, 0xE6, 0x07, 0xEB, 0xC0, 0x34, 0xC9, 0xFF, 0xFF, 0xFF, 0xFF, 0xFF, 0xFF, 0xFF, 0xFF,
    0x01, 0x70, 0x4B, 0x21, 0x50, 0x4B, 0xCD, 0x86, 0x0D, 0x79, 0xC6, 0x04, 0x4F, 0x3E, 0xB0, 0xB9,
    0xC2, 0x76, 0x0D, 0xC9, 0xFF, 0xFF, 0x56, 0x23, 0x5E, 0x23, 0x0A, 0xE6, 0x08, 0xC8, 0xEB, 0x7E,
    0xA7, 0xCC, 0xDE, 0x0D, 0x6F, 0x07, 0x85, 0xC6, 0xA0, 0x6F, 0x26, 0x16, 0x0A, 0xE6, 0xF8, 0xB6,
    0x02, 0x03, 0x03, 0x03, 0x23, 0x7E, 0x23, 0x0F, 0xDA, 0xBB, 0x0D, 0x0F, 0xDA, 0xCC, 0x0D, 0x0A,
    0x0F, 0xE6, 0x03, 0x86, 0x0B, 0xC3, 0xD2, 0x0D, 0xFF, 0xFF, 0xFF, 0x0A, 0x0F, 0xE6, 0x03, 0x86,
    0x67, 0x0B, 0x0A, 0xE6, 0x04, 0x84, 0xC3, 0xD2, 0x0D, 0xFF, 0xFF, 0xFF, 0x0B, 0x0A, 0x0F, 0xE6,
    0x03, 0x86, 0x6F, 0x26, 0x16, 0x7E, 0x0B, 0x02, 0x0B, 0xEB, 0xC9, 0xFF, 0xFF, 0xFF, 0x1B, 0x1B,
    0x3A, 0x94, 0x43, 0x12, 0x67, 0x13, 0x3A, 0x95, 0x43, 0x12, 0x6F, 0x13, 0x7E, 0xC9, 0xFF, 0xFF,
    0x01, 0xC4, 0x43, 0x21, 0xE6, 0x43, 0xCD, 0x10, 0x0E, 0x01, 0xC8, 0x43, 0x21, 0xEA, 0x43, 0xC3,
    0x10, 0x0E, 0x01, 0xCC, 0x43, 0x21, 0xEE, 0x43, 0xCD, 0x10, 0x0E, 0xC9, 0xFF, 0xFF, 0xFF, 0xFF,
    0x0A, 0xE6, 0x08, 0xC8, 0x56, 0x2C, 0x5E, 0x1A, 0xFE, 0xC0, 0xD0, 0xFE, 0x60, 0xD8, 0xFE, 0x68,
    0xD2, 0x39, 0x0E, 0xE6, 0x07, 0x07, 0x07, 0xC6, 0x40, 0x6F, 0x26, 0x17, 0x03, 0x03, 0x0A, 0xE6,
    0x07, 0xBE, 0xD0, 0x23, 0xBE, 0xD8, 0xC3, 0x70, 0x0E, 0x03, 0x03, 0x0A, 0x57, 0x03, 0x0A, 0xE6,
    0xF8, 0x5F, 0x21, 0x70, 0x4B, 0x7E, 0x23, 0x23, 0xE6, 0x08, 0xC4, 0x58, 0x0E, 0x23, 0x23, 0x3E,
    0xB0, 0xBD, 0xC2, 0x45, 0x0E, 0xC9, 0xFF, 0xFF, 0x7A, 0xBE, 0xD8, 0x7E, 0xC6, 0x08, 0xBA, 0xD8,
    0x23, 0x7E, 0x2B, 0xC6, 0x04, 0xBB, 0xD8, 0xD6, 0x0C, 0xBB, 0xD0, 0xC3, 0x00, 0x0C, 0xFF, 0xFF,
    0x23, 0x0A, 0xE6, 0xF8, 0x86, 0x57, 0x03, 0x0A, 0xE6, 0xF8, 0x5F, 0x21, 0x70, 0x4B, 0x7E, 0x23,
    0x23, 0xE6, 0x08, 0xC4, 0x90, 0x0E, 0x23, 0x23, 0x3E, 0xB0, 0xBD, 0xC2, 0x7E, 0x0E, 0xC9, 0xFF,
    0x7E, 0xC6, 0x02, 0xBA, 0xD8, 0xD6, 0x05, 0xBA, 0xD0, 0x23, 0x7E, 0x2B, 0xE6, 0xF8, 0xBB, 0xC0,
    0x11, 0x02, 0x0C, 0x00, 0x2B, 0x2B, 0x0B, 0x0B, 0x0B, 0x0A, 0xE6, 0xF7, 0x02, 0x7E, 0xE6, 0xF7,
    0x77, 0x7D, 0xC6, 0x42, 0x6F, 0x46, 0x23, 0x4E, 0x21, 0x78, 0x43, 0x7A, 0xFE, 0x10, 0xCA, 0xC3,
    0x0E, 0x2E, 0x70, 0x7E, 0xA7, 0xCA, 0xD5, 0x0E, 0x2C, 0x2C, 0x2C, 0x2C, 0x7E, 0xA7, 0xCA, 0xD5,
    0x0E, 0x2C, 0x2C, 0x2C, 0x2C, 0x72, 0x2C, 0x73, 0x2C, 0x70, 0x2C, 0x71, 0x2E, 0x64, 0x36, 0xFF,
    0x2E, 0xBA, 0x35, 0xE1, 0xE1, 0xE9, 0xFF, 0xFF, 0xFF, 0xFF, 0xFF, 0xFF, 0xFF, 0xFF, 0xFF, 0xFF,
    0xFF, 0xFF, 0xFF, 0xFF, 0xFF, 0xFF, 0xFF, 0xFF, 0xFF, 0xFF, 0xFF, 0xFF, 0xFF, 0xFF, 0xFF, 0xFF,
    0x21, 0xA6, 0x43, 0x7E, 0xFE, 0xC0, 0xD2, 0x74, 0x0F, 0x2E, 0xE2, 0x56, 0x2C, 0x5E, 0x01, 0x02,
    0x02, 0xCD, 0x56, 0x0F, 0xC8, 0x00, 0x00, 0x21, 0x9E, 0x43, 0x7E, 0xD6, 0x06, 0x47, 0x2C, 0x4E,
    0x21, 0x70, 0x4B, 0x7E, 0x2C, 0x2C, 0xE6, 0x08, 0xC4, 0x38, 0x0F, 0x2C, 0x2C, 0x3E, 0xB0, 0xBD,
    0xC2, 0x23, 0x0F, 0xC9, 0xFF, 0xFF, 0xFF, 0xFF, 0x2C, 0x7E, 0x2D, 0xFE, 0xD2, 0xD8, 0xFE, 0xE7,
    0xD0, 0x7E, 0xB9, 0xD0, 0xB8, 0xD8, 0xCD, 0xC4, 0x0C, 0x11, 0x04, 0x0D, 0x2B, 0x2B, 0xC3, 0xAD,
    0x0E, 0xAD, 0x0E, 0xFF, 0xFF, 0xFF, 0xC5, 0xD5, 0x1A, 0xFE, 0x60, 0xDA, 0x63, 0x0F, 0xFE, 0xC0,
    0xDA, 0xF4, 0x0C, 0x13, 0x05, 0xC2, 0x58, 0x0F, 0xD1, 0xC1, 0xCD, 0x17, 0x02, 0x0D, 0xC2, 0x56,
    0x0F, 0xC9, 0xFF, 0xFF, 0x2E, 0xE2, 0x56, 0x2C, 0x5E, 0xCD, 0x17, 0x02, 0x1B, 0x01, 0x04, 0x04,
    0xCD, 0x56, 0x0F, 0xC8, 0x00, 0x00, 0x3A, 0xC2, 0x43, 0xD6, 0x0E, 0x47, 0xC6, 0x2D, 0x4F, 0x21,
    0x70, 0x4B, 0x7E, 0x2C, 0x2C, 0xE6, 0x08, 0xC4, 0xA6, 0x0F, 0x2C, 0x2C, 0x3E, 0xB0, 0xBD, 0xC2,
    0x92, 0x0F, 0xC9, 0xFF, 0xFF, 0xFF, 0x2C, 0x7E, 0x2D, 0xFE, 0xCA, 0xD8, 0xFE, 0xEF, 0xD0, 0x7E,
    0xB9, 0xD0, 0xB8, 0xD8, 0x11, 0x02, 0x0D, 0x2B, 0x2B, 0xC3, 0xAD, 0x0E, 0xAD, 0x0E, 0xFF, 0xFF,
    0x21, 0x70, 0x43, 0xCD, 0xD8, 0x0F, 0x21, 0x74, 0x43, 0xCD, 0xD8, 0x0F, 0x21, 0x78, 0x43, 0xCD,
    0x58, 0x37, 0x21, 0x7C, 0x43, 0xC3, 0x58, 0x37, 0x7E, 0xA7, 0xC8, 0x46, 0x35, 0x2C, 0x2C, 0x56,
    0x2C, 0x5E, 0x00, 0xCD, 0x10, 0x02, 0x78, 0xE6, 0x0E, 0x0F, 0xC6, 0xB0, 0x6F, 0x26, 0x17, 0x6E,
    0xEB, 0x01, 0xDF, 0xFF, 0xC3, 0x40, 0x35, 0x68, 0x3E, 0x05, 0x32, 0x96, 0x43, 0xC3, 0xA4, 0x0E,
    0x01, 0x01, 0x01, 0x01, 0x02, 0x02, 0x02, 0x02, 0x02, 0x02, 0x02, 0x02, 0x01, 0x01, 0x01, 0x01,
    0x00, 0xFF, 0xFF, 0xFF, 0xFF, 0xFF, 0xFF, 0xFF, 0xFF, 0xFF, 0xFF, 0xFF, 0xFF, 0xFF, 0xFF, 0xFF,
    0x10, 0x11, 0x12, 0x13, 0x10, 0x1D, 0x0D, 0x0E, 0x0B, 0x0C, 0x0D, 0x0E, 0x0B, 0x0C, 0x06, 0x06,
    0x1E, 0x03, 0x1F, 0x05, 0x1C, 0x04, 0x1D, 0x06, 0x1E, 0x03, 0x03, 0x03, 0x03, 0x03, 0x1F, 0x1C,
    0x1D, 0x1E, 0x03, 0x03, 0x03, 0x03, 0x03, 0x1F, 0x05, 0x1C, 0x04, 0x1D, 0x06, 0x1E, 0x03, 0x1F,
    0x05, 0x05, 0x05, 0x05, 0x05, 0x05, 0x05, 0x05, 0x05, 0x05, 0x1C, 0x04, 0x04, 0x11, 0x12, 0x13,
    0x00, 0xFF, 0xFF, 0xFF, 0x0B, 0x1E, 0x19, 0x06, 0x06, 0x06, 0x06, 0x06, 0x06, 0x1E, 0x1F, 0x1C,
    0x1D, 0x06, 0x06, 0x06, 0x06, 0x06, 0x1E, 0x03, 0x1F, 0x05, 0x1C, 0x04, 0x1D, 0x06, 0x06, 0x1A,
    0x04, 0x1B, 0x05, 0x18, 0x19, 0x06, 0x1A, 0x04, 0x1B, 0x05, 0x05, 0x1C, 0x04, 0x1D, 0x06, 0x1E,
    0x03, 0x1F, 0x05, 0x05, 0x05, 0x05, 0x05, 0x1C, 0x1D, 0x1E, 0x1F, 0x05, 0x05, 0x05, 0x05, 0x05,
    0x05, 0x05, 0x18, 0x1F, 0x00, 0xFF, 0xFF, 0xFF, 0x10, 0x04, 0x04, 0x1D, 0x0D, 0x0E, 0x0B, 0x0C,
    0x0D, 0x0E, 0x01, 0x01, 0x01, 0x01, 0x01, 0x01, 0x01, 0x01, 0x05, 0x05, 0x05, 0x05, 0x05, 0x1C,
    0x04, 0x04, 0x1D, 0x06, 0x06, 0x1E, 0x03, 0x03, 0x1F, 0x05, 0x05, 0x05, 0x1C, 0x11, 0x12, 0x13,
    0x00, 0xFF, 0xFF, 0xFF, 0x0B, 0x0C, 0x0D, 0x0E, 0x0B, 0x0C, 0x0D, 0x0E, 0x0B, 0x0C, 0x1A, 0x1B,
    0x05, 0x18, 0x19, 0x06, 0x0D, 0x0E, 0x01, 0x01, 0x01, 0x01, 0x01, 0x01, 0x01, 0x01, 0x05, 0x05,
    0x1C, 0x1B, 0x05, 0x05, 0x1C, 0x04, 0x1B, 0x05, 0x05, 0x1C, 0x04, 0x1B, 0x00, 0xFF, 0xFF, 0xFF,
    0x0B, 0x0C, 0x0D, 0x0E, 0x0B, 0x0C, 0x09, 0x09, 0x09, 0x09, 0x0A, 0x0A, 0x09, 0x09, 0x0A, 0x09,
    0x16, 0x17, 0x14, 0x07, 0x07, 0x07, 0x1C, 0x04, 0x1D, 0x06, 0x1E, 0x03, 0x1F, 0x05, 0x1C, 0x08,
    0x08, 0x08, 0x08, 0x08, 0x08, 0x08, 0x08, 0x05, 0x05, 0x05, 0x05, 0x00, 0xFF, 0xFF, 0xFF, 0xFF,
    0x0B, 0x0C, 0x0D, 0x0E, 0x0B, 0x0C, 0x0A, 0x0A, 0x0A, 0x0A, 0x09, 0x09, 0x0A, 0x0A, 0x09, 0x0A,
    0x12, 0x13, 0x10, 0x08, 0x08, 0x08, 0x18, 0x07, 0x07, 0x07, 0x07, 0x05, 0x1C, 0x04, 0x1D, 0x06,
    0x1E, 0x03, 0x1F, 0x07, 0x07, 0x07, 0x07, 0x05, 0x05, 0x05, 0x05, 0x00, 0xFF, 0xFF, 0xFF, 0xFF,
    0x1C, 0x04, 0x04, 0x04, 0x1D, 0x06, 0x0D, 0x0E, 0x0B, 0x0C, 0x06, 0x06, 0x1E, 0x15, 0x16, 0x17,
    0x14, 0x19, 0x06, 0x1A, 0x04, 0x1D, 0x06, 0x1E, 0x03, 0x19, 0x06, 0x1A, 0x04, 0x1D, 0x1E, 0x03,
    0x1F, 0x1C, 0x04, 0x1B, 0x05, 0x18, 0x03, 0x1F, 0x05, 0x1C, 0x04, 0x1B, 0x05, 0x18, 0x03, 0x15,
    0x16, 0x17, 0x14, 0x1F, 0x05, 0x05, 0x05, 0x05, 0x05, 0x05, 0x05, 0x1C, 0x04, 0x1D, 0x1A, 0x1B,
    0x00, 0xFF, 0xFF, 0xFF, 0x0B, 0x0C, 0x0D, 0x0E, 0x0B, 0x0C, 0x0D, 0x0E, 0x0B, 0x0C, 0x0D, 0x0E,
    0x02, 0x02, 0x02, 0x02, 0x02, 0x02, 0x02, 0x02, 0x05, 0x05, 0x18, 0x03, 0x19, 0x1A, 0x04, 0x1B,
    0x05, 0x18, 0x03, 0x1F, 0x05, 0x18, 0x03, 0x1F, 0x05, 0x05, 0x18, 0x1F, 0x00, 0xFF, 0xFF, 0xFF,
    0x0B, 0x0C, 0x0D, 0x0E, 0x0B, 0x0C, 0x06, 0x06, 0x09, 0x09, 0x09, 0x0A, 0x09, 0x09, 0x0A, 0x09,
    0x09, 0x09, 0x06, 0x1A, 0x04, 0x11, 0x12, 0x13, 0x10, 0x08, 0x08, 0x08, 0x07, 0x07, 0x07, 0x08,
    0x08, 0x08, 0x05, 0x05, 0x05, 0x05, 0x05, 0x05, 0x05, 0x05, 0x05, 0x05, 0x05, 0x00, 0xFF, 0xFF,
    0x1C, 0x11, 0x12, 0x13, 0x10, 0x04, 0x1D, 0x0D, 0x0E, 0x0B, 0x0C, 0x0D, 0x0E, 0x0B, 0x0C, 0x1E,
    0x1F, 0x05, 0x18, 0x19, 0x0D, 0x0E, 0x0B, 0x0C, 0x1E, 0x1F, 0x05, 0x05, 0x05, 0x05, 0x05, 0x18,
    0x19, 0x0D, 0x0E, 0x0B, 0x0C, 0x06, 0x1E, 0x1F, 0x05, 0x05, 0x05, 0x05, 0x18, 0x19, 0x06, 0x1E,
    0x1F, 0x05, 0x05, 0x05, 0x05, 0x05, 0x05, 0x05, 0x05, 0x1C, 0x04, 0x04, 0x1D, 0x1A, 0x04, 0x1B,
    0x00, 0xFF, 0xFF, 0xFF, 0x18, 0x03, 0x03, 0x19, 0x06, 0x06, 0x06, 0x06, 0x06, 0x06, 0x06, 0x06,
    0x06, 0x06, 0x06, 0x06, 0x1A, 0x04, 0x1B, 0x05, 0x1C, 0x04, 0x1D, 0x06, 0x1E, 0x03, 0x03, 0x19,
    0x06, 0x1A, 0x04, 0x04, 0x04, 0x1B, 0x05, 0x18, 0x03, 0x03, 0x1F, 0x05, 0x1C, 0x04, 0x1D, 0x06,
    0x1A, 0x04, 0x1B, 0x05, 0x05, 0x05, 0x05, 0x05, 0x05, 0x05, 0x05, 0x05, 0x05, 0x05, 0x05, 0x18,
    0x03, 0x19, 0x1E, 0x1F, 0x00, 0xFF, 0xFF, 0xFF, 0x0B, 0x0C, 0x1A, 0x1D, 0x1E, 0x03, 0x19, 0x06,
    0x1A, 0x04, 0x04, 0x1D, 0x06, 0x1E, 0x03, 0x03, 0x03, 0x19, 0x06, 0x06, 0x1A, 0x04, 0x04, 0x04,
    0x04, 0x1D, 0x06, 0x06, 0x1E, 0x03, 0x03, 0x03, 0x03, 0x03, 0x03, 0x1F, 0x05, 0x05, 0x1C, 0x04,
    0x04, 0x04, 0x04, 0x1B, 0x05, 0x05, 0x18, 0x03, 0x03, 0x03, 0x1F, 0x05, 0x1C, 0x04, 0x04, 0x1B,
    0x05, 0x18, 0x03, 0x1F, 0x1C, 0x1B, 0x05, 0x05, 0x00, 0xFF, 0x18, 0x03, 0x19, 0x06, 0x06, 0x06,
    0x06, 0x06, 0x06, 0x1A, 0x1D, 0x1E, 0x19, 0x1A, 0x1D, 0x06, 0x1E, 0x19, 0x06, 0x1E, 0x15, 0x16,
    0x17, 0x14, 0x07, 0x07, 0x07, 0x08, 0x08, 0x08, 0x08, 0x05, 0x05, 0x18, 0x03, 0x03, 0x19, 0x06,
    0x06, 0x1A, 0x04, 0x04, 0x1B, 0x08, 0x08, 0x08, 0x08, 0x05, 0x05, 0x05, 0x05, 0x18, 0x1F, 0x00,
    0x0B, 0x0C, 0x0A, 0x0A, 0x09, 0x09, 0x09, 0x0A, 0x0A, 0x09, 0x09, 0x09, 0x0A, 0x09, 0x09, 0x16,
    0x17, 0x14, 0x07, 0x07, 0x07, 0x08, 0x08, 0x08, 0x08, 0x07, 0x07, 0x08, 0x08, 0x08, 0x08, 0x07,
    0x08, 0x11, 0x12, 0x13, 0x00, 0xFF, 0xFF, 0xFF, 0x0B, 0x0C, 0x09, 0x09, 0x0A, 0x09, 0x09, 0x0A,
    0x0A, 0x0A, 0x0A, 0x09, 0x0A, 0x0A, 0x0A, 0x12, 0x13, 0x10, 0x04, 0x04, 0x04, 0x1B, 0x18, 0x03,
    0x03, 0x07, 0x07, 0x08, 0x08, 0x07, 0x07, 0x08, 0x08, 0x07, 0x07, 0x07, 0x07, 0x07, 0x00, 0xFF,
    0xFF, 0xFF, 0xFF, 0xFF, 0x1C, 0x11, 0x12, 0x13, 0x10, 0x1D, 0x0D, 0x0E, 0x0B, 0x0C, 0x09, 0x0A,
    0x09, 0x09, 0x0A, 0x09, 0x09, 0x09, 0x06, 0x1A, 0x04, 0x1B, 0x05, 0x18, 0x03, 0x19, 0x09, 0x09,
    0x0D, 0x0E, 0x0B, 0x0C, 0x0D, 0x0E, 0x02, 0x02, 0x02, 0x02, 0x02, 0x02, 0x02, 0x02, 0x02, 0x02,
    0x02, 0x02, 0x08, 0x07, 0x07, 0x08, 0x07, 0x07, 0x08, 0x08, 0x07, 0x07, 0x07, 0x07, 0x07, 0x05,
    0x05, 0x05, 0x05, 0x05, 0x05, 0x1C, 0x11, 0x12, 0x13, 0x00, 0xFF, 0xFF, 0x0B, 0x0C, 0x0D, 0x0E,
    0x0B, 0x0C, 0x0D, 0x0E, 0x0B, 0x0C, 0x1A, 0x1D, 0x06, 0x1E, 0x19, 0x06, 0x06, 0x1A, 0x04, 0x1B,
    0x1C, 0x04, 0x1D, 0x1A, 0x04, 0x1B, 0x1C, 0x04, 0x1D, 0x1A, 0x04, 0x1B, 0x05, 0x18, 0x07, 0x07,
    0x07, 0x08, 0x08, 0x07, 0x07, 0x07, 0x07, 0x08, 0x08, 0x07, 0x07, 0x07, 0x07, 0x00, 0xFF, 0xFF,
    0x14, 0x03, 0x19, 0x0D, 0x0E, 0x0B, 0x0C, 0x0A, 0x0A, 0x0A, 0x09, 0x0A, 0x0A, 0x0A, 0x09, 0x0A,
    0x0A, 0x0A, 0x06, 0x1E, 0x15, 0x16, 0x17, 0x14, 0x03, 0x1F, 0x05, 0x05, 0x08, 0x07, 0x07, 0x07,
    0x08, 0x07, 0x07, 0x07, 0x08, 0x08, 0x05, 0x05, 0x05, 0x05, 0x05, 0x00, 0xFF, 0xFF, 0xFF, 0xFF,
    0x30, 0x40, 0x31, 0x41, 0x32, 0x42, 0x33, 0x43, 0x34, 0x44, 0x35, 0x45, 0x36, 0x46, 0x37, 0x47,
    0x38, 0x48, 0x39, 0x49, 0x3A, 0x4A, 0x3B, 0x4B, 0x3C, 0x4C, 0x3D, 0x4D, 0x3E, 0x4E, 0x3F, 0x4F,
    0x60, 0x61, 0x62, 0x63, 0x64, 0x65, 0x66, 0x67, 0x69, 0x00, 0x69, 0x00, 0x7A, 0x7B, 0x7A, 0x7B,
    0x6B, 0x00, 0x6B, 0x00, 0x8C, 0x8D, 0x8C, 0x8D, 0x68, 0x00, 0x68, 0x00, 0x8A, 0x9A, 0x8A, 0x9A,
    0x6A, 0x00, 0x6A, 0x00, 0x8B, 0x9B, 0x8B, 0x9B, 0x68, 0x00, 0x6B, 0x00, 0x6A, 0x00, 0x69, 0x00,
    0x76, 0x77, 0x74, 0x75, 0x72, 0x73, 0x70, 0x71, 0x68, 0x00, 0x86, 0x96, 0x69, 0x00, 0x87, 0x97,
    0x6A, 0x00, 0x88, 0x98, 0x6B, 0x00, 0x89, 0x99, 0x68, 0x00, 0x00, 0x00, 0xA2, 0xB2, 0xA3, 0xB3,
    0x69, 0x00, 0x00, 0x00, 0xA4, 0xB4, 0xA5, 0xB5, 0x6A, 0x00, 0x00, 0x00, 0xA6, 0xB6, 0xA7, 0xB7,
    0x6B, 0x00, 0x00, 0x00, 0xA8, 0xB8, 0xA9, 0xB9, 0xFF, 0xFF, 0xFF, 0xFF, 0x8A, 0x9A, 0x00, 0x00,
    0xFF, 0xFF, 0xFF, 0xFF, 0xFF, 0xFF, 0xFF, 0xFF, 0xFF, 0xFF, 0xFF, 0xFF, 0xFF, 0xFF, 0xFF, 0xFF,
    0x8B, 0x9B, 0x00, 0x00, 0xFF, 0xFF, 0xFF, 0xFF, 0x8E, 0x9E, 0x8F, 0x9F, 0xA0, 0xB0, 0xA1, 0xB1,
    0x00, 0x00, 0x00, 0x00, 0xFF, 0xFF, 0xFF, 0xFF, 0xFF, 0xFF, 0xFF, 0xFF, 0xFF, 0xFF, 0xFF, 0xFF,
    0x9C, 0x00, 0x00, 0x00, 0x84, 0x94, 0x85, 0x95, 0x82, 0x92, 0x83, 0x93, 0x80, 0x90, 0x81, 0x91,
    0x9D, 0x00, 0x00, 0x00, 0xAE, 0xBE, 0xAF, 0xBF, 0xAC, 0xBC, 0xAD, 0x00, 0xAA, 0xBA, 0xAB, 0xBB,
    0x47, 0x3A, 0x00, 0x78, 0xE6, 0x10, 0xC8, 0xEB, 0x7A, 0xFE, 0x18, 0xC0, 0x7B, 0xFE, 0x95, 0x36,
    0x22, 0xC8, 0xFE, 0x9A, 0x36, 0x13, 0xC8, 0xFE, 0xB5, 0x36, 0x24, 0xC8, 0x70, 0xC9, 0xFF, 0xFF,
    0x08, 0x6C, 0x09, 0x60, 0x08, 0x6C, 0x09, 0x60, 0x08, 0x6C, 0x09, 0x60, 0x08, 0x6C, 0x09, 0x60,
    0x08, 0x6C, 0x09, 0x60, 0x08, 0x6C, 0x09, 0x60, 0x08, 0x6C, 0x09, 0x60, 0x09, 0x60, 0x09, 0x60,
    0x10, 0x00, 0x10, 0x00, 0x10, 0x00, 0x10, 0x00, 0x10, 0x00, 0x10, 0x00, 0x10, 0x00, 0x10, 0x00,
    0x10, 0x00, 0x10, 0x00, 0x10, 0x00, 0x10, 0x00, 0x10, 0x00, 0x10, 0x00, 0x10, 0x00, 0x10, 0x00,
    0x50, 0x20, 0x70, 0x20, 0x60, 0x28, 0x60, 0x38, 0x50, 0x40, 0x70, 0x40, 0x40, 0x38, 0x80, 0x38,
    0x30, 0x30, 0x90, 0x30, 0x20, 0x38, 0xA0, 0x38, 0x18, 0x48, 0xA8, 0x48, 0x60, 0x48, 0x60, 0x58,
    0x60, 0x48, 0x60, 0x58, 0x48, 0x58, 0x78, 0x58, 0x38, 0x50, 0x88, 0x50, 0x28, 0x48, 0x98, 0x48,
    0x18, 0x40, 0xA8, 0x40, 0x18, 0x30, 0xA8, 0x30, 0x28, 0x28, 0x98, 0x28, 0x38, 0x20, 0x88, 0x20,
    0x60, 0x20, 0x50, 0x20, 0x70, 0x20, 0x40, 0x28, 0x80, 0x28, 0x30, 0x30, 0x90, 0x30, 0x20, 0x38,
    0xA0, 0x38, 0x60, 0x58, 0x50, 0x58, 0x70, 0x58, 0x40, 0x58, 0x80, 0x58, 0x30, 0x58, 0x90, 0x58,
    0x60, 0x20, 0x50, 0x28, 0x70, 0x28, 0x40, 0x30, 0x80, 0x30, 0x30, 0x38, 0x90, 0x38, 0x20, 0x40,
    0xA0, 0x40, 0x60, 0x58, 0x50, 0x58, 0x70, 0x58, 0x40, 0x50, 0x80, 0x50, 0x30, 0x48, 0x90, 0x48,
    0x60, 0x58, 0x50, 0x50, 0x70, 0x50, 0x60, 0x48, 0x40, 0x48, 0x80, 0x48, 0x50, 0x40, 0x70, 0x40,
    0x40, 0x38, 0x80, 0x38, 0x30, 0x30, 0x90, 0x30, 0x20, 0x28, 0xA0, 0x28, 0x10, 0x20, 0xB0, 0x20,
    0x60, 0x20, 0x50, 0x28, 0x70, 0x28, 0x40, 0x30, 0x80, 0x30, 0x30, 0x38, 0x90, 0x38, 0x20, 0x40,
    0xA0, 0x40, 0x60, 0x20, 0x50, 0x28, 0x70, 0x28, 0x40, 0x30, 0x80, 0x30, 0x30, 0x38, 0x90, 0x38,
    0x10, 0x14, 0x18, 0x1C, 0x00, 0x04, 0x08, 0x0C, 0x20, 0x22, 0x24, 0x26, 0x28, 0x2A, 0x2C, 0x2E,
    0x30, 0x32, 0x34, 0x36, 0x38, 0x3A, 0x3C, 0x3E, 0x40, 0x42, 0x44, 0x46, 0x5C, 0x5C, 0x5E, 0x5E,
    0x50, 0x51, 0x52, 0x53, 0x54, 0x55, 0x56, 0x57, 0xFF, 0xFF, 0xFF, 0xFF, 0xFF, 0xFF, 0xFF, 0xFF,
    0x48, 0x48, 0x50, 0x50, 0x4A, 0x4A, 0x52, 0x52, 0x4C, 0x4C, 0x54, 0x54, 0x4E, 0x4E, 0x56, 0x56,
    0x48, 0x48, 0x56, 0x56, 0x4E, 0x4E, 0x54, 0x54, 0x4C, 0x4C, 0x52, 0x52, 0x4A, 0x4A, 0x50, 0x50,
    0x68, 0x68, 0x6C, 0x6C, 0x70, 0x70, 0x74, 0x74, 0x78, 0x78, 0x7C, 0x7C, 0x80, 0x80, 0x84, 0x84,
    0x68, 0x68, 0x84, 0x84, 0x80, 0x80, 0x7C, 0x7C, 0x78, 0x78, 0x74, 0x74, 0x70, 0x70, 0x6C, 0x6C,
    0x58, 0x58, 0x5A, 0x5A, 0x5C, 0x5C, 0x5E, 0x5E, 0x60, 0x60, 0x62, 0x62, 0x64, 0x64, 0x66, 0x66,
    0x78, 0xFF, 0xA0, 0xFF, 0xFF, 0xA8, 0xFF, 0xAC, 0xC0, 0xFF, 0xC8, 0xFF, 0xFF, 0xC4, 0xFF, 0xCC,
    0xD0, 0xFF, 0xD8, 0xFF, 0xFF, 0xD4, 0xFF, 0xDC, 0xFF, 0xFF, 0xFF, 0xFF, 0xFF, 0xFF, 0xFF, 0xFF,
    0xFF, 0xFF, 0xFF, 0x01, 0x02, 0x08, 0x01, 0x02, 0x08, 0x01, 0x02, 0x0C, 0x01, 0x02, 0x10, 0x03,
    0x04, 0x14, 0x03, 0x04, 0x18, 0x04, 0x01, 0x88, 0x04, 0x01, 0x90, 0x04, 0x01, 0x80, 0x04, 0x01,
    0x80, 0x03, 0x04, 0x70, 0x03, 0x04, 0x74, 0x03, 0x04, 0x78, 0x03, 0x04, 0x7C, 0xFF, 0xFF, 0xFF,
    0x01, 0x02, 0x30, 0x01, 0x02, 0x34, 0x01, 0x02, 0x38, 0x01, 0x02, 0x3C, 0x01, 0x02, 0x40, 0x01,
    0x02, 0x44, 0x01, 0x02, 0x48, 0x01, 0x02, 0x4C, 0x04, 0x04, 0x50, 0x04, 0x04, 0x54, 0x04, 0x04,
    0x58, 0x04, 0x04, 0x5C, 0x04, 0x04, 0x60, 0x04, 0x04, 0x64, 0x04, 0x04, 0x68, 0x04, 0x04, 0x6C,
    0xFF, 0xFF, 0x01, 0x00, 0xFF, 0x00, 0x04, 0x00, 0xFC, 0x00, 0x00, 0xFC, 0x00, 0x04, 0x04, 0xFE,
    0xFC, 0xFE, 0x04, 0x02, 0xFC, 0x02, 0x00, 0x04, 0x00, 0x04, 0x00, 0x04, 0x00, 0x04, 0xFF, 0xFF,
    0xFC, 0x00, 0xFC, 0x00, 0xFC, 0x00, 0xFC, 0x00, 0x04, 0x00, 0x04, 0x00, 0x04, 0x00, 0x04, 0x00,
    0x04, 0xFC, 0x04, 0x04, 0xFC, 0x04, 0xFC, 0xFC, 0xFC, 0xFC, 0xFC, 0x04, 0x04, 0x04, 0x04, 0xFC,
    0x08, 0x00, 0x00, 0xFF, 0x01, 0x00, 0xF8, 0xFF, 0x08, 0x01, 0x02, 0xFF, 0x04, 0x00, 0xFA, 0xFF,
    0x08, 0x01, 0x04, 0xFF, 0x08, 0x00, 0xFC, 0xFF, 0x08, 0x05, 0x06, 0xFF, 0x08, 0x00, 0xFE, 0xFF,
    0x10, 0x10, 0x88, 0x88, 0x10, 0x10, 0x10, 0x10, 0xFF, 0xFF, 0xFF, 0xFF, 0xFF, 0xFF, 0xFF, 0xFF,
    0xEC, 0xFC, 0xFD, 0xF4, 0xED, 0x30, 0x40, 0xF5, 0xEE, 0x31, 0x41, 0xF6, 0xEF, 0xFF, 0xFE, 0xF7,
    0xE8, 0xF8, 0xF9, 0xF0, 0xE9, 0x30, 0x40, 0xF1, 0xEA, 0x31, 0x41, 0xF2, 0xEB, 0xFB, 0xFA, 0xF3,
    0xE8, 0xF8, 0xF9, 0xF0, 0xE9, 0xE4, 0xE6, 0xF1, 0xEA, 0xE5, 0xE7, 0xF2, 0xEB, 0xFB, 0xFA, 0xF3,
    0x00, 0x00, 0x00, 0x00, 0x00, 0xE4, 0xE6, 0x00, 0x00, 0xE5, 0xE7, 0x00, 0x00, 0x00, 0x00, 0x00,
    0xF0, 0xCA, 0xC4, 0xBE, 0xB8, 0xBE, 0xB8, 0xBE, 0xC8, 0xD8, 0xC9, 0xD9, 0xCA, 0xDA, 0xCB, 0xDB,
    0xCC, 0xDC, 0xCD, 0xDD, 0xC0, 0xC1, 0xC1, 0xC2, 0x00, 0xC0, 0x00, 0x00, 0x00, 0xC3, 0x00, 0x00,
    0xC4, 0xD4, 0xC5, 0xD5, 0xC3, 0xC3, 0xC3, 0xC3, 0xC6, 0xD6, 0xC7, 0xD7, 0xFF, 0xFF, 0xFF, 0xFF,
    0x3A, 0x00, 0x78, 0xE6, 0x10, 0x3A, 0x8F, 0x43, 0xC8, 0x0F, 0xE6, 0x0F, 0xC9, 0xFF, 0xFF, 0xFF,
    0x00, 0x00, 0x00, 0x00, 0x00, 0x00, 0x00, 0x00, 0x00, 0x00, 0x00, 0x00, 0x00, 0x00, 0x00, 0x00,
    0x43, 0x20, 0xFF, 0xFF, 0xFF, 0xFF, 0x00, 0x13, 0x03, 0x0F, 0x12, 0x05, 0x21, 0x00, 0x00, 0x08,
    0x09, 0x2B, 0x13, 0x03, 0x0F, 0x12, 0x05, 0x00, 0x00, 0x13, 0x03, 0x0F, 0x12, 0x05, 0x22, 0x00,
    0x43, 0x21, 0xFF, 0xFF, 0xFF, 0xFF, 0x00, 0x20, 0x20, 0x20, 0x20, 0x20, 0x20, 0x00, 0x00, 0x00,
    0x20, 0x20, 0x20, 0x20, 0x20, 0x20, 0x00, 0x00, 0x00, 0x20, 0x20, 0x20, 0x20, 0x20, 0x20, 0x00,
    0x43, 0x22, 0xFF, 0xFF, 0xFF, 0xFF, 0x00, 0x00, 0x00, 0x7F, 0x20, 0x00, 0x00, 0x00, 0x00, 0x00,
    0x03, 0x0F, 0x09, 0x0E, 0x20, 0x20, 0x00, 0x00, 0x00, 0x00, 0x00, 0x7F, 0x20, 0x00, 0x00, 0x00,
    0x43, 0x25, 0xFF, 0xFF, 0xFF, 0xFF, 0x00, 0x00, 0x00, 0x00, 0x00, 0x00, 0x00, 0x09, 0x0E, 0x13,
    0x05, 0x12, 0x14, 0x00, 0x00, 0x03, 0x0F, 0x09, 0x0E, 0x00, 0x00, 0x00, 0x00, 0x00, 0x00, 0x00,
    0x43, 0x27, 0xFF, 0xFF, 0xFF, 0xFF, 0x00, 0x00, 0x00, 0x1F, 0x00, 0x21, 0x10, 0x0C, 0x01, 0x19,
    0x05, 0x12, 0x00, 0x00, 0x00, 0x21, 0x03, 0x0F, 0x09, 0x0E, 0x00, 0x00, 0x1F, 0x00, 0x00, 0x00,
    0x43, 0x29, 0xFF, 0xFF, 0xFF, 0xFF, 0x00, 0x00, 0x00, 0x1F, 0x00, 0x22, 0x10, 0x0C, 0x01, 0x19,
    0x05, 0x12, 0x13, 0x00, 0x00, 0x22, 0x03, 0x0F, 0x09, 0x0E, 0x13, 0x00, 0x1F, 0x00, 0x00, 0x00,
    0x43, 0x2E, 0xFF, 0xFF, 0xFF, 0xFF, 0x00, 0x00, 0x00, 0x13, 0x03, 0x0F, 0x12, 0x05, 0x00, 0x01,
    0x16, 0x05, 0x12, 0x01, 0x07, 0x05, 0x00, 0x14, 0x01, 0x02, 0x0C, 0x05, 0x00, 0x00, 0x00, 0x00,
    0x43, 0x30, 0xFF, 0xFF, 0xFF, 0xFF, 0x00, 0x00, 0x00, 0x00, 0x00, 0x00, 0x00, 0x00, 0x22, 0x20,
    0x00, 0x24, 0x20, 0x00, 0x28, 0x20, 0x00, 0x00, 0x00, 0x00, 0x00, 0x00, 0x00, 0x00, 0x00, 0x00,
    0x43, 0x33, 0xFF, 0xFF, 0xFF, 0xFF, 0x00, 0x00, 0x00, 0x00, 0x00, 0x00, 0x00, 0x00, 0x22, 0x20,
    0x20, 0x00, 0x00, 0x00, 0x00, 0x00, 0x00, 0x00, 0x00, 0x00, 0x00, 0x00, 0x00, 0x00, 0x00, 0x00,
    0x43, 0x36, 0xFF, 0xFF, 0xFF, 0xFF, 0x00, 0x00, 0x00, 0x00, 0x00, 0x00, 0x00, 0x00, 0x25, 0x20,
    0x00, 0x21, 0x20, 0x20, 0x00, 0x2F, 0x1B, 0x21, 0x20, 0x20, 0x2B, 0x28, 0x20, 0x20, 0x1C, 0x00,
    0x43, 0x39, 0xFF, 0xFF, 0xFF, 0xFF, 0x00, 0x00, 0x00, 0x00, 0x00, 0x00, 0x00, 0x00, 0x21, 0x20,
    0x20, 0x20, 0x2B, 0x29, 0x20, 0x20, 0x20, 0x00, 0x00, 0x00, 0x00, 0x00, 0x00, 0x00, 0x00, 0x00,
    0x43, 0x3C, 0x00, 0x00, 0x32, 0x21, 0x10, 0x08, 0x0F, 0x05, 0x0E, 0x09, 0x18, 0x7E, 0x00, 0x03,
    0x0F, 0x10, 0x19, 0x12, 0x09, 0x07, 0x08, 0x14, 0x00, 0x21, 0x29, 0x28, 0x20, 0x00, 0x00, 0x00,
    0x43, 0x3D, 0x02, 0x05, 0x21, 0x28, 0x00, 0x01, 0x0D, 0x13, 0x14, 0x01, 0x12, 0x00, 0x05, 0x0C,
    0x05, 0x03, 0x14, 0x12, 0x0F, 0x0E, 0x09, 0x03, 0x13, 0x00, 0x03, 0x0F, 0x12, 0x10, 0x2A, 0x00,
    0x43, 0x3E, 0xFF, 0xFF, 0xFF, 0xFF, 0x00, 0x00, 0x10, 0x08, 0x0F, 0x05, 0x0E, 0x09, 0x18, 0x00,
    0x01, 0x1A, 0x2A, 0x00, 0x15, 0x2A, 0x13, 0x2A, 0x01, 0x2A, 0x00, 0x00, 0x00, 0x00, 0x00, 0x00,
    0x43, 0x28, 0xFF, 0xFF, 0xFF, 0xFF, 0x00, 0x00, 0x00, 0x00, 0x00, 0x00, 0x00, 0x00, 0x00, 0x00,
    0x00, 0x10, 0x15, 0x13, 0x08, 0x00, 0x00, 0x00, 0x00, 0x00, 0x00, 0x00, 0x00, 0x00, 0x00, 0x00,
    0x43, 0x2C, 0xFF, 0xFF, 0xFF, 0xFF, 0x00, 0x00, 0x00, 0x00, 0x0F, 0x0E, 0x0C, 0x19, 0x00, 0x21,
    0x10, 0x0C, 0x01, 0x19, 0x05, 0x12, 0x00, 0x02, 0x15, 0x14, 0x14, 0x0F, 0x0E, 0x00, 0x00, 0x00,
    0x43, 0x28, 0xFF, 0xFF, 0xFF, 0xFF, 0x00, 0x00, 0x00, 0x00, 0x00, 0x00, 0x00, 0x00, 0x07, 0x01,
    0x0D, 0x05, 0x00, 0x00, 0x0F, 0x16, 0x05, 0x12, 0x00, 0x00, 0x00, 0x00, 0x00, 0x00, 0x00, 0x00,
    0x43, 0x28, 0x00, 0xFF, 0xFF, 0xFF, 0x64, 0x65, 0x64, 0x65, 0x64, 0x65, 0x60, 0x61, 0x00, 0x00,
    0x00, 0x00, 0x00, 0x00, 0x00, 0x00, 0x00, 0x00, 0x00, 0x00, 0x00, 0x00, 0x00, 0x00, 0x78, 0x79,
    0x43, 0x29, 0xFF, 0xFF, 0xFF, 0xFF, 0x64, 0x65, 0x00, 0x00, 0x00, 0x00, 0x64, 0x65, 0x00, 0x00,
    0x00, 0x00, 0x00, 0x00, 0x00, 0x00, 0x00, 0x00, 0x00, 0x00, 0x00, 0x00, 0x00, 0x00, 0x7C, 0x7D,
    0x43, 0x2A, 0xFF, 0xFF, 0xFF, 0xFF, 0x64, 0x65, 0x64, 0x65, 0x64, 0x65, 0x60, 0x61, 0x00, 0x00,
    0x00, 0x00, 0x00, 0x00, 0x00, 0x00, 0x00, 0x00, 0x00, 0x00, 0x00, 0x00, 0x00, 0x00, 0x00, 0x00,
    0x43, 0x2B, 0xFF, 0xFF, 0xFF, 0xFF, 0x64, 0x65, 0x00, 0x00, 0x00, 0x00, 0x00, 0x00, 0x00, 0x00,
    0x00, 0x00, 0x00, 0x00, 0x00, 0x00, 0x00, 0x00, 0x00, 0x00, 0x00, 0x00, 0x00, 0x00, 0x00, 0x00,
    0x43, 0x2C, 0xFF, 0xFF, 0xFF, 0xFF, 0x64, 0x65, 0x00, 0x68, 0x00, 0x68, 0x00, 0x68, 0x68, 0x68,
    0x00, 0x68, 0x64, 0x65, 0x00, 0x62, 0x63, 0x00, 0x68, 0x00, 0x68, 0x00, 0x68, 0x00, 0x00, 0x68,
    0x43, 0x2D, 0xFF, 0xFF, 0xFF, 0xFF, 0x64, 0x65, 0x00, 0x68, 0x00, 0x68, 0x00, 0x68, 0x00, 0x68,
    0x00, 0x68, 0x00, 0x00, 0x00, 0x68, 0x9D, 0x00, 0x68, 0x00, 0x68, 0x00, 0x76, 0x77, 0x70, 0x71,
    0x43, 0x2E, 0xFF, 0xFF, 0xFF, 0xFF, 0x64, 0x65, 0x00, 0x68, 0x68, 0x68, 0x00, 0x68, 0x00, 0x68,
    0x00, 0x68, 0x62, 0x63, 0x00, 0x68, 0x76, 0x77, 0x68, 0x00, 0x68, 0x00, 0x00, 0x64, 0x65, 0x00,
    0x43, 0x2F, 0x00, 0x00, 0x00, 0x00, 0x64, 0x65, 0x00, 0x68, 0x00, 0x68, 0x00, 0x68, 0x00, 0x68,
    0x00, 0x68, 0x00, 0x00, 0x00, 0x68, 0x00, 0x9D, 0x68, 0x00, 0x68, 0x00, 0x74, 0x75, 0x72, 0x73,
    0x43, 0x30, 0xFF, 0xFF, 0xFF, 0xFF, 0x64, 0x65, 0x00, 0x68, 0x00, 0x68, 0x00, 0x68, 0x68, 0x68,
    0x00, 0x68, 0x64, 0x65, 0x00, 0x68, 0x00, 0x66, 0x67, 0x00, 0x68, 0x00, 0x68, 0x00, 0x00, 0x68,
    0x6C, 0x6D, 0x6E, 0x6F, 0xFF, 0xFF, 0xFF, 0xFF, 0x6C, 0x6D, 0x6E, 0x6F, 0x64, 0x65, 0x66, 0x67,
    0x63, 0xFF, 0x63, 0x61, 0x67, 0xFF, 0x67, 0x65, 0x6B, 0xFF, 0x6B, 0x69, 0x6F, 0xFF, 0x6F, 0x6D,
    0x80, 0x83, 0x83, 0x85, 0x81, 0x8C, 0x8C, 0x86, 0x81, 0x8C, 0x8C, 0x86, 0x82, 0x84, 0x84, 0x87,
    0x00, 0x89, 0x89, 0x00, 0x88, 0x8D, 0x8D, 0x8B, 0x88, 0x8D, 0x8D, 0x8B, 0x00, 0x8A, 0x8A, 0x00,
    0x00, 0x00, 0x00, 0x00, 0x00, 0x80, 0x85, 0x00, 0x00, 0x82, 0x87, 0x00, 0x00, 0x00, 0x00, 0x00,
    0x1B, 0x80, 0x1B, 0x70, 0x1B, 0x60, 0x1B, 0x70, 0x17, 0xF0, 0x17, 0xF0, 0x17, 0xF0, 0x17, 0xF0,
    0x43, 0x2C, 0x00, 0x00, 0x00, 0x00, 0x00, 0x00, 0x00, 0x21, 0x00, 0x0F, 0x12, 0x00, 0x22, 0x10,
    0x0C, 0x01, 0x19, 0x05, 0x12, 0x13, 0x00, 0x02, 0x15, 0x14, 0x14, 0x0F, 0x0E, 0x00, 0x00, 0x00,
    0x41, 0x54, 0x76, 0x7E, 0x42, 0x55, 0x77, 0x7F, 0x41, 0x56, 0x74, 0x7C, 0x42, 0x57, 0x75, 0x7D,
    0x44, 0x51, 0x72, 0x7A, 0x45, 0x52, 0x73, 0x7B, 0x46, 0x51, 0x70, 0x78, 0x47, 0x52, 0x71, 0x79,
    0x41, 0x51, 0x70, 0x78, 0x42, 0x52, 0x71, 0x79, 0x41, 0x51, 0x72, 0x7A, 0x42, 0x52, 0x73, 0x7B,
    0x41, 0x51, 0x74, 0x7C, 0x42, 0x52, 0x75, 0x7D, 0x41, 0x51, 0x76, 0x7E, 0x42, 0x52, 0x77, 0x7F,
    0x00, 0x01, 0x00, 0x06, 0x00, 0x02, 0x03, 0x04, 0x00, 0x01, 0x00, 0x08, 0x00, 0x02, 0x03, 0x04,
    0x00, 0x00, 0x07, 0x00, 0x01, 0x02, 0x00, 0x09, 0x00, 0x03, 0x04, 0x00, 0x00, 0x03, 0x04, 0x00,
    0x00, 0x01, 0x00, 0x02, 0x00, 0x03, 0x0A, 0x00, 0x04, 0x00, 0x00, 0x01, 0x02, 0x00, 0x06, 0x00,
    0x03, 0x04, 0x00, 0x00, 0x01, 0x00, 0x02, 0x00, 0x03, 0x00, 0x04, 0x00, 0x03, 0x05, 0x00, 0x00,
    0x00, 0x00, 0x07, 0x00, 0x01, 0x00, 0x02, 0x00, 0x00, 0x05, 0x00, 0x00, 0x03, 0x00, 0x04, 0x01,
    0x02, 0x00, 0x03, 0x00, 0x08, 0x04, 0x00, 0x01, 0x02, 0x06, 0x00, 0x03, 0x00, 0x04, 0x00, 0x02,
    0x01, 0x02, 0x03, 0x00, 0x05, 0x00, 0x00, 0x04, 0x00, 0x01, 0x02, 0x00, 0x00, 0x03, 0x04, 0x0B,
    0x00, 0x01, 0x00, 0x02, 0x00, 0x03, 0x00, 0x00, 0x04, 0x00, 0x00, 0x09, 0x00, 0x00, 0x02, 0x00,
    0x07, 0x00, 0x00, 0x01, 0x00, 0x00, 0x02, 0x00, 0x00, 0x03, 0x00, 0x08, 0x04, 0x00, 0x01, 0x00,
    0x00, 0x06, 0x00, 0x01, 0x00, 0x02, 0x00, 0x01, 0x03, 0x04, 0x01, 0x03, 0x01, 0x02, 0x03, 0x04,
    0x00, 0x05, 0x00, 0x01, 0x02, 0x00, 0x09, 0x00, 0x03, 0x04, 0x00, 0x01, 0x00, 0x01, 0x02, 0x03,
    0x04, 0x00, 0x02, 0x00, 0x00, 0x01, 0x02, 0x00, 0x03, 0x04, 0x00, 0x06, 0x00, 0x00, 0x01, 0x00,
    0x00, 0x01, 0x02, 0x00, 0x05, 0x00, 0x00, 0x03, 0x00, 0x04, 0x00, 0x07, 0x00, 0x01, 0x00, 0x02,
    0x00, 0x00, 0x03, 0x00, 0x04, 0x00, 0x04, 0x00, 0x0A, 0x00, 0x01, 0x00, 0x02, 0x00, 0x03, 0x00,
    0x01, 0x00, 0x07, 0x00, 0x02, 0x00, 0x03, 0x04, 0x00, 0x05, 0x00, 0x01, 0x00, 0x02, 0x00, 0x00,
    0x08, 0x03, 0x04, 0x00, 0x01, 0x00, 0x02, 0x00, 0x03, 0x00, 0x04, 0x00, 0x00, 0x06, 0x00, 0x03,
    0x0C, 0x0D, 0x0C, 0x0F, 0x07, 0x07, 0x01, 0x00, 0x00, 0x4C, 0x4D, 0x4E, 0x4F, 0x4F, 0x4E, 0x4D,
    0x4C, 0x00, 0x00, 0x1F, 0x0E, 0x06, 0x0D, 0x01, 0x0E, 0x05, 0x08, 0x0C, 0x0E, 0x0C, 0x0A, 0x00,
    0x00, 0x4D, 0x4F, 0x5E, 0x5E, 0x5E, 0x5E, 0x5E, 0x5E, 0x5E, 0x5E, 0x4F, 0x4D, 0x00, 0x00, 0x06,
    0x0B, 0x0D, 0x08, 0x0E, 0x03, 0x02, 0x00, 0x01, 0x00, 0x4C, 0x4F, 0x5E, 0x5E, 0x5E, 0x5E, 0x5E,
    0x5E, 0x5E, 0x5E, 0x5E, 0x5E, 0x5E, 0x5E, 0x4F, 0x4C, 0x00, 0x09, 0x07, 0x0A, 0x03, 0x04, 0x00,
    0x0A, 0x00, 0x4D, 0x5E, 0x5E, 0x5E, 0x5E, 0x5E, 0x5E, 0x5E, 0x5E, 0x5E, 0x5E, 0x5E, 0x5E, 0x5E,
    0x5E, 0x5E, 0x5E, 0x4D, 0x00, 0x00, 0x0E, 0x0F, 0x08, 0x08, 0x00, 0x5C, 0x60, 0x6A, 0x60, 0x6A,
    0x60, 0x6A, 0x60, 0x6A, 0x60, 0x6A, 0x60, 0x6A, 0x60, 0x6A, 0x60, 0x6A, 0x60, 0x6A, 0x5D, 0x00,
    0x01, 0x02, 0x02, 0x06, 0x01, 0x00, 0x00, 0x00, 0x58, 0x59, 0x5A, 0x5B, 0x5B, 0x5B, 0x7E, 0x7F,
    0x5B, 0x5B, 0x5B, 0x4A, 0x49, 0x48, 0x00, 0x00, 0x00, 0x03, 0x0E, 0x0B, 0x0D, 0x05, 0x04, 0x05,
    0x0A, 0x08, 0x00, 0x00, 0x58, 0x59, 0x5A, 0x4B, 0x76, 0x77, 0x4B, 0x4A, 0x49, 0x48, 0x00, 0x00,
    0x01, 0x03, 0x0F, 0x02, 0x03, 0x00, 0x00, 0x03, 0x03, 0x07, 0x02, 0x0A, 0x03, 0x07, 0x00, 0x00,
    0x58, 0x50, 0x51, 0x52, 0x53, 0x48, 0x00, 0x00, 0x0B, 0x01, 0x02, 0x03, 0x0F, 0x0E, 0x0C, 0x02,
    0x05, 0x0C, 0x06, 0x00, 0x04, 0x06, 0x07, 0x0E, 0x0F, 0x09, 0x00, 0x40, 0x41, 0x42, 0x43, 0x00,
    0x07, 0x03, 0x0A, 0x08, 0x0D, 0x00, 0x09, 0x0B, 0x0C, 0x0A, 0xFF, 0xFF, 0xFF, 0xFF, 0xFF, 0xFF,
    0x3A, 0x1D, 0x43, 0xD6, 0x01, 0xC8, 0x32, 0x8F, 0x43, 0x00, 0x00, 0x00, 0x00, 0x00, 0x00, 0x00,
    0x20, 0x30, 0x21, 0x31, 0x22, 0x32, 0x23, 0x33, 0x24, 0x34, 0x25, 0x35, 0x26, 0x36, 0x27, 0x37,
    0x28, 0x38, 0x29, 0x39, 0x2A, 0x3A, 0x2B, 0x3B, 0x2C, 0x3C, 0x2D, 0x3D, 0x2E, 0x3E, 0x2F, 0x3F,
    0x49, 0x48, 0x4A, 0x4B, 0x4A, 0x49, 0x4A, 0x49, 0x48, 0x4A, 0x48, 0x49, 0x4B, 0x48, 0x4A, 0x48,
    0x4A, 0x49, 0x4B, 0x49, 0x4B, 0x4A, 0x49, 0x48, 0x49, 0x49, 0x4A, 0x4A, 0x48, 0x49, 0x4A, 0x48,
    0xA0, 0x60, 0x40, 0x00, 0xE0, 0xC0, 0xC0, 0x60, 0x80, 0x20, 0x60, 0x40, 0x20, 0x40, 0x00, 0x80,
    0x40, 0x00, 0x20, 0xE0, 0x00, 0x60, 0x00, 0xA0, 0xE0, 0x20, 0x80, 0x00, 0xC0, 0x80, 0xA0, 0xE0,
    0x00, 0x04, 0x08, 0x0C, 0x10, 0x14, 0x18, 0x1C, 0x00, 0x08, 0x10, 0x18, 0x04, 0x0C, 0x14, 0x1C,
    0x00, 0x0C, 0x18, 0x04, 0x04, 0x1C, 0x08, 0x14, 0x00, 0x10, 0x04, 0x14, 0x08, 0x18, 0x0C, 0x1C,
    0x10, 0x11, 0x12, 0x13, 0x14, 0x15, 0x16, 0x17, 0x18, 0x19, 0x1A, 0x1B, 0x1C, 0x1D, 0x1E, 0x1F,
    0x10, 0x12, 0x14, 0x16, 0x18, 0x1A, 0x1C, 0x1E, 0x11, 0x13, 0x15, 0x17, 0x19, 0x1B, 0x1D, 0x1F,
    0x4A, 0x4B, 0x49, 0x4A, 0x48, 0x4A, 0x48, 0x49, 0x49, 0x4A, 0x49, 0x4B, 0x48, 0x4B, 0x4A, 0x4A,
    0x48, 0x49, 0x48, 0x4A, 0x48, 0x48, 0x49, 0x4A, 0x49, 0x49, 0x4A, 0x48, 0x4A, 0x49, 0x4B, 0x48,
    0x00, 0x20, 0x60, 0x40, 0xE0, 0x80, 0x20, 0x60, 0x40, 0xA0, 0x00, 0x00, 0x40, 0x20, 0xC0, 0x20,
    0xA0, 0x80, 0xE0, 0x40, 0x60, 0xC0, 0x20, 0xA0, 0xE0, 0x40, 0x60, 0xC0, 0x20, 0x40, 0x20, 0x80,
    0x11, 0x3D, 0x43, 0x01, 0x1A, 0x00, 0x1A, 0x80, 0x47, 0xCD, 0x17, 0x02, 0x0D, 0xC2, 0xE6, 0x1E,
    0x1A, 0x80, 0xC6, 0x27, 0x21, 0x89, 0x43, 0x86, 0x77, 0x00, 0xC9, 0xFF, 0xFF, 0xFF, 0xFF, 0xFF,
    0x00, 0x00, 0x00, 0x01, 0x00, 0x00, 0x00, 0x02, 0x00, 0x00, 0x00, 0x00, 0x03, 0x00, 0x00, 0x00,
    0x00, 0x04, 0x00, 0x00, 0x00, 0x00, 0x01, 0x00, 0x00, 0x00, 0x05, 0x00, 0x02, 0x00, 0x03, 0x00,
    0x00, 0x00, 0x04, 0x00, 0x07, 0x00, 0x00, 0x00, 0x06, 0x00, 0x01, 0x00, 0x02, 0x0C, 0x00, 0x03,
    0x04, 0x00, 0x00, 0x01, 0x00, 0x08, 0x00, 0x00, 0x02, 0x00, 0x0C, 0x03, 0x04, 0x0E, 0x00, 0x00,
    0x00, 0x01, 0x02, 0x00, 0x0D, 0x03, 0x04, 0x0F, 0x01, 0x0C, 0x07, 0x0A, 0x02, 0x0D, 0x03, 0x08,
    0x06, 0x0C, 0x04, 0x09, 0x05, 0x0F, 0x01, 0x02, 0x0D, 0x03, 0x0C, 0x04, 0x0D, 0x05, 0x0F, 0x0C,
    0x01, 0x02, 0x0E, 0x0C, 0x03, 0x0F, 0x0D, 0x05, 0x0E, 0x0D, 0x0C, 0x0F, 0x0D, 0x04, 0x0C, 0x01,
    0x0E, 0x05, 0x0F, 0x0D, 0x07, 0x0C, 0x06, 0x0E, 0x0D, 0x0F, 0x09, 0x0C, 0x0F, 0x0D, 0x0E, 0x0D,
    0x02, 0x0D, 0x0C, 0x0F, 0x05, 0x0E, 0x0D, 0x0C, 0x0F, 0x06, 0x0E, 0x0F, 0x0C, 0x0D, 0x0F, 0x0C,
    0x06, 0x0D, 0x04, 0x0B, 0x0C, 0x0F, 0x05, 0x0D, 0x05, 0x03, 0x0E, 0x07, 0x0C, 0x0D, 0x04, 0x05,
    0x01, 0x02, 0x0E, 0x03, 0x0C, 0x04, 0x0F, 0x05, 0x08, 0x0C, 0x07, 0x01, 0x0D, 0x04, 0x0E, 0x02,
    0x0C, 0x01, 0x0F, 0x03, 0x05, 0x0D, 0x00, 0x0E, 0x00, 0x09, 0x0C, 0x06, 0x0D, 0x00, 0x01, 0x02,
    0x01, 0x02, 0x03, 0x00, 0x00, 0x0D, 0x00, 0x0A, 0x00, 0x00, 0x00, 0x0E, 0x00, 0x05, 0x00, 0x08,
    0x00, 0x0C, 0x00, 0x00, 0x03, 0x00, 0x00, 0x07, 0x00, 0x00, 0x00, 0x04, 0x00, 0x00, 0x06, 0x00,
    0x00, 0x00, 0x00, 0x01, 0x00, 0x00, 0x00, 0x00, 0x02, 0x00, 0x00, 0x00, 0x00, 0x03, 0x00, 0x00,
    0x00, 0x04, 0x00, 0x05, 0x00, 0x00, 0x00, 0x00, 0x00, 0x01, 0x00, 0x00, 0x00, 0x00, 0x02, 0x00,
    0xCD, 0x76, 0x08, 0xCD, 0xF0, 0x0D, 0xCD, 0xA0, 0x24, 0x21, 0x5F, 0x43, 0x7E, 0xE6, 0x03, 0x47,
    0x34, 0x3A, 0xBA, 0x43, 0xA7, 0xCA, 0xBA, 0x21, 0xFE, 0x05, 0xD2, 0x30, 0x21, 0x2D, 0x78, 0xA7,
    0xC2, 0x25, 0x20, 0x36, 0xFF, 0x7E, 0xA7, 0xCA, 0x30, 0x21, 0xC3, 0x46, 0x21, 0xFF, 0xFF, 0xFF,
    0xE6, 0x03, 0xFE, 0x01, 0x11, 0x50, 0x1B, 0xC3, 0xAC, 0x23, 0xFF, 0xFF, 0xFF, 0xFF, 0xFF, 0xFF,
    0x21, 0xAF, 0x43, 0x3A, 0xB9, 0x43, 0x4F, 0xBE, 0xC0, 0x7E, 0x2C, 0x96, 0x2D, 0x77, 0x2C, 0x2C,
    0x34, 0x7E, 0x21, 0x80, 0x1E, 0xE6, 0x1F, 0x85, 0x6F, 0x46, 0xC6, 0x20, 0x6F, 0x56, 0xC6, 0x20,
    0x6F, 0x5E, 0x79, 0x0F, 0x0F, 0x0F, 0xE6, 0x1F, 0x83, 0x3C, 0x5F, 0x78, 0x12, 0xC9, 0xC9, 0xFF,
    0x7B, 0xD6, 0x0A, 0xC6, 0xC0, 0x4F, 0x7A, 0xCE, 0x00, 0x47, 0x7E, 0x11, 0x00, 0x28, 0x21, 0x00,
    0x29, 0xC3, 0x85, 0x20, 0xFF, 0xD6, 0x20, 0x07, 0x07, 0x00, 0xE6, 0xE0, 0x6F, 0x3E, 0xE0, 0x95,
    0x6F, 0x3E, 0x3F, 0x91, 0x3E, 0x43, 0x98, 0xD2, 0xB0, 0x20, 0x23, 0x23, 0x7B, 0xC6, 0x10, 0x5F,
    0x79, 0xD6, 0x20, 0x4F, 0x78, 0xDE, 0x00, 0x47, 0xC3, 0x91, 0x20, 0xFF, 0xFF, 0xFF, 0xFF, 0xFF,
    0xC5, 0x7E, 0xE3, 0x06, 0x08, 0x36, 0x00, 0x0F, 0xD2, 0xBF, 0x20, 0xEB, 0x4E, 0xEB, 0x71, 0x23,
    0x13, 0x05, 0xC2, 0xB5, 0x20, 0xE3, 0x23, 0x7D, 0x0F, 0xDA, 0xB1, 0x20, 0x7D, 0xE6, 0x1F, 0xCA,
    0xE1, 0x20, 0xE3, 0x7D, 0xD6, 0x30, 0x6F, 0x7C, 0xDE, 0x00, 0x67, 0xE3, 0xFE, 0x3F, 0xC2, 0xB1,
    0x20, 0xC1, 0xC9, 0x20, 0xFF, 0xFF, 0xFF, 0xFF, 0x47, 0x7A, 0xC6, 0x08, 0x57, 0xCD, 0x1C, 0x21,
    0x0F, 0x0F, 0x0F, 0x83, 0xE6, 0x1F, 0x4F, 0x7B, 0xE6, 0xE0, 0xB1, 0x5F, 0x78, 0x0F, 0x0F, 0xE6,
    0x0E, 0xC6, 0x90, 0x6F, 0x26, 0x1B, 0x7E, 0x2C, 0x6E, 0x67, 0x01, 0x04, 0x04, 0xC3, 0xD6, 0x0A,
    0xFF, 0xFF, 0xFF, 0xFF, 0xFF, 0xFF, 0xFF, 0xFF, 0xFF, 0xFF, 0xFF, 0xFF, 0x21, 0xB9, 0x43, 0x7E,
    0xFE, 0x10, 0xD8, 0xFE, 0x30, 0xD0, 0x3E, 0x10, 0x77, 0x32, 0x00, 0x58, 0xC9, 0xFF, 0xFF, 0xFF,
    0x78, 0xA7, 0xCA, 0x50, 0x21, 0xFE, 0x01, 0xCA, 0x60, 0x21, 0xFE, 0x02, 0xCA, 0x70, 0x21, 0xC3,
    0x80, 0x21, 0x90, 0xA5, 0x50, 0x60, 0x78, 0x0F, 0xD2, 0x90, 0x21, 0xC3, 0xA5, 0x21, 0xF0, 0xF9,
    0xCD, 0x50, 0x0A, 0xCD, 0x00, 0x30, 0xC3, 0x00, 0x0F, 0xFF, 0xFF, 0xFF, 0xFF, 0xFF, 0xFF, 0xFF,
    0xCD, 0xC4, 0x24, 0xCD, 0x40, 0x0C, 0xCD, 0x1C, 0x0D, 0xC3, 0xC0, 0x0F, 0xFF, 0xFF, 0xFF, 0xFF,
    0xCD, 0x70, 0x0D, 0xC3, 0x60, 0x25, 0xFF, 0xFF, 0xFF, 0xFF, 0xFF, 0xFF, 0xFF, 0xFF, 0xFF, 0xFF,
    0xCD, 0xC4, 0x24, 0xCD, 0x40, 0x0C, 0xCD, 0x6C, 0x0A, 0xC3, 0xC0, 0x0F, 0xFF, 0xFF, 0xFF, 0xFF,
    0xCD, 0x50, 0x0A, 0xCD, 0x00, 0x30, 0xCD, 0x00, 0x0F, 0xCD, 0x60, 0x25, 0xC3, 0x40, 0x0C, 0xFF,
    0xFF, 0xFF, 0xFF, 0xFF, 0xFF, 0xCD, 0x1C, 0x0D, 0xCD, 0x70, 0x0D, 0xCD, 0x6C, 0x0A, 0xCD, 0xC0,
    0x0F, 0xC3, 0xC4, 0x24, 0xFF, 0xFF, 0xFF, 0xFF, 0xFF, 0xFF, 0x78, 0x0F, 0xD2, 0x04, 0x22, 0xCD,
    0x40, 0x0C, 0xCD, 0xC0, 0x0F, 0xCD, 0xC4, 0x24, 0x3A, 0xB8, 0x43, 0xE6, 0x0F, 0xFE, 0x0B, 0xDA,
    0x04, 0x22, 0x3E, 0x10, 0x32, 0xBA, 0x43, 0xC3, 0x26, 0x05, 0xFF, 0xFF, 0x7E, 0x00, 0x47, 0x21,
    0x73, 0x4B, 0xE6, 0x07, 0x77, 0x2D, 0x36, 0xEF, 0x2D, 0x36, 0x49, 0x2D, 0x78, 0xE6, 0xF8, 0x0F,
    0x0F, 0x0F, 0xC6, 0x3A, 0x5F, 0x16, 0x23, 0x1A, 0x77, 0xCD, 0xC0, 0x34, 0xC3, 0xE0, 0x1E, 0xFF,
    0xFF, 0xFF, 0xFF, 0xFF, 0x21, 0xB6, 0x43, 0x35, 0x7E, 0xFE, 0xA0, 0xD0, 0x2E, 0xA4, 0x36, 0x02,
    0x2E, 0xA6, 0x36, 0x00, 0x2E, 0xB8, 0x34, 0x7E, 0xE6, 0x0E, 0x0F, 0xC6, 0x60, 0x5F, 0x16, 0x17,
    0x2C, 0x2C, 0x1A, 0xA7, 0xF2, 0x2A, 0x22, 0x2C, 0xE6, 0x7F, 0x77, 0xC3, 0x80, 0x03, 0xFF, 0xFF,
    0x21, 0x9C, 0x43, 0x7E, 0x34, 0x00, 0x0F, 0xE6, 0x3F, 0xFE, 0x0D, 0xCA, 0x92, 0x22, 0x06, 0x1F,
    0xDA, 0x60, 0x22, 0x06, 0x00, 0xD6, 0x0E, 0xFE, 0x0D, 0xC2, 0x60, 0x22, 0x21, 0xB8, 0x43, 0x34,
    0x2E, 0xA4, 0x36, 0x02, 0xC9, 0x58, 0x2E, 0xA4, 0x36, 0x02, 0xC9, 0xFF, 0xFF, 0xFF, 0xFF, 0xFF,
    0x4F, 0x0F, 0x0F, 0x0F, 0x57, 0xE6, 0x1F, 0x5F, 0x7A, 0xE6, 0xE0, 0xC6, 0xB0, 0x6F, 0x7B, 0xCE,
    0x41, 0x67, 0x7D, 0x91, 0x6F, 0x79, 0x3C, 0x4F, 0x07, 0x5F, 0x51, 0x70, 0x23, 0x70, 0x23, 0x15,
    0xC2, 0x7B, 0x22, 0x7D, 0x91, 0x91, 0xD6, 0x20, 0x6F, 0x7C, 0xDE, 0x00, 0x67, 0x1D, 0xC2, 0x7A,
    0x22, 0xC9, 0x21, 0xB8, 0x43, 0x7E, 0xE6, 0x08, 0xCA, 0xF0, 0x22, 0x21, 0x00, 0x1C, 0x11, 0x3F,
    0x4B, 0x06, 0x47, 0x7E, 0x12, 0x2C, 0x1B, 0x7E, 0x12, 0x2C, 0x1B, 0x78, 0xBA, 0xC2, 0xA3, 0x22,
    0xC3, 0xE0, 0x22, 0xFF, 0xCD, 0x7A, 0x06, 0x21, 0xB4, 0x43, 0x35, 0x7E, 0xFE, 0x28, 0xC2, 0x48,
    0x08, 0x2E, 0x67, 0x36, 0xFF, 0xC9, 0xFF, 0xFF, 0xFF, 0xFF, 0x21, 0xB4, 0x43, 0x7E, 0xFE, 0xC0,
    0xC2, 0x34, 0x08, 0x36, 0x30, 0x2E, 0x67, 0x36, 0xFF, 0x2E, 0xBC, 0x36, 0x3F, 0xC9, 0xFF, 0xFF,
    0x3E, 0x71, 0x32, 0xB9, 0x43, 0x32, 0x00, 0x58, 0xC9, 0xFF, 0xFF, 0xFF, 0xFF, 0xFF, 0xFF, 0xFF,
    0xCD, 0xA0, 0x03, 0xAF, 0xC3, 0xE2, 0x22, 0xFF, 0xFF, 0xFF, 0x21, 0xAA, 0x4A, 0x06, 0x12, 0x3A,
    0x8A, 0x48, 0x4F, 0x79, 0xE6, 0x03, 0x07, 0x07, 0x57, 0x4E, 0x79, 0xE6, 0x0C, 0x0F, 0x0F, 0xB2,
    0xF6, 0x60, 0x77, 0x7D, 0xD6, 0x20, 0x6F, 0xD2, 0x1B, 0x23, 0x25, 0x05, 0xC2, 0x03, 0x23, 0xC9,
    0xFF, 0xFF, 0x21, 0xA7, 0x43, 0x34, 0x7E, 0xE6, 0x07, 0x07, 0x07, 0x07, 0xC6, 0xC0, 0x6F, 0x26,
    0x1B, 0x11, 0xA6, 0x49, 0x01, 0x02, 0x04, 0xC3, 0xD6, 0x0A, 0x01, 0x02, 0x03, 0x04, 0x05, 0x06,
    0x07, 0x0A, 0x07, 0x0A, 0x07, 0x0A, 0x07, 0x0A, 0x07, 0x0A, 0x09, 0x08, 0x04, 0x03, 0x02, 0x01,
    0xFF, 0x1A, 0xE6, 0x08, 0xC8, 0x7E, 0x2C, 0x6E, 0xC6, 0x08, 0x67, 0x3A, 0xB9, 0x43, 0x0F, 0x0F,
    0x0F, 0x85, 0xE6, 0x1F, 0x47, 0x7D, 0xE6, 0xE0, 0xB0, 0x6F, 0x7E, 0x47, 0xE6, 0xFC, 0xFE, 0x4C,
    0xCA, 0x7B, 0x23, 0xE6, 0xF0, 0xFE, 0x60, 0xCA, 0x98, 0x23, 0xC9, 0x1A, 0xE6, 0xF7, 0x12, 0x3E,
    0xFF, 0x32, 0x66, 0x43, 0x78, 0x3D, 0x77, 0xFE, 0x4B, 0xC0, 0x36, 0x00, 0x2D, 0x7E, 0xFE, 0x5E,
    0xC0, 0x36, 0x4F, 0xC9, 0xFF, 0xFF, 0xFF, 0xFF, 0x1A, 0xE6, 0xF7, 0x12, 0x1C, 0x1C, 0x1A, 0xE6,
    0x04, 0x78, 0xC2, 0x30, 0x20, 0xE6, 0x0C, 0xFE, 0x04, 0x11, 0x40, 0x1B, 0xCA, 0xC0, 0x23, 0x78,
    0xE6, 0x0F, 0x83, 0x5F, 0x1A, 0x77, 0x3E, 0xFF, 0x32, 0x66, 0x43, 0xC9, 0xFF, 0xFF, 0xFF, 0xFF,
    0x2D, 0x7E, 0xE6, 0xF0, 0xFE, 0x70, 0xC0, 0x21, 0xA4, 0x43, 0x36, 0x06, 0x2C, 0x36, 0x60, 0x2E,
    0x63, 0x36, 0xFF, 0xC9, 0xFF, 0xFF, 0x21, 0xB8, 0x43, 0x7E, 0xE6, 0x0F, 0xFE, 0x01, 0xCA, 0x98,
    0x3A, 0xFE, 0x03, 0xCA, 0x98, 0x3A, 0xFE, 0x05, 0xCA, 0xD0, 0x3A, 0xFE, 0x07, 0xCA, 0xD0, 0x3A,
    0xFE, 0x09, 0xD8, 0xFE, 0x0B, 0xDA, 0x02, 0x3B, 0xCD, 0x02, 0x3B, 0xC3, 0x98, 0x3A, 0xFF, 0xFF,
    0xCD, 0x2C, 0x24, 0xCA, 0x52, 0x25, 0xFE, 0x20, 0xDA, 0x6A, 0x24, 0xCA, 0x20, 0x25, 0x47, 0x0F,
    0x00, 0x78, 0xD2, 0xE8, 0x20, 0x7B, 0xD6, 0x05, 0xC6, 0xC0, 0x4F, 0x7A, 0xCE, 0x00, 0x47, 0x7E,
    0x11, 0x00, 0x2A, 0x21, 0x00, 0x2B, 0xC3, 0x85, 0x20, 0xFF, 0xFF, 0xFF, 0x21, 0xB9, 0x43, 0x7E,
    0xE6, 0xF8, 0x77, 0x32, 0x00, 0x58, 0x11, 0xC6, 0x41, 0x0F, 0x0F, 0x0F, 0x47, 0x7B, 0x90, 0xE6,
    0x1F, 0x47, 0x7B, 0xE6, 0xE0, 0xB0, 0x5F, 0x2E, 0xA5, 0x35, 0x7E, 0xC9, 0x21, 0xA5, 0x43, 0x35,
    0x7E, 0x0F, 0xDA, 0xF0, 0x06, 0xA7, 0xC0, 0x2D, 0x36, 0x02, 0x2E, 0xB8, 0x7E, 0xE6, 0xF0, 0xC6,
    0x10, 0x77, 0x2E, 0xBA, 0x36, 0x10, 0xC3, 0x80, 0x03, 0xFF, 0x01, 0x14, 0x09, 0x11, 0xC6, 0x4A,
    0x21, 0x00, 0x1C, 0xC3, 0xD6, 0x0A, 0x78, 0x81, 0xCD, 0x95, 0x24, 0x2E, 0xD3, 0x77, 0x21, 0xBB,
    0x43, 0x3E, 0x08, 0x96, 0x07, 0x2E, 0x9A, 0x86, 0x07, 0x47, 0x2E, 0x6F, 0x7E, 0xE6, 0x1E, 0x80,
    0x32, 0xD1, 0x4B, 0xC9, 0x1F, 0x80, 0x0D, 0xC8, 0x80, 0x0D, 0xC8, 0x80, 0x0D, 0xC8, 0x87, 0xC9,
    0x3A, 0xB8, 0x43, 0xE6, 0x0F, 0xFE, 0x08, 0xD8, 0x11, 0xC4, 0x43, 0x21, 0xE6, 0x43, 0xCD, 0x51,
    0x23, 0x3A, 0x9B, 0x43, 0xE6, 0x03, 0xFE, 0x03, 0xC0, 0xC3, 0xF2, 0x24, 0xCD, 0x51, 0x23, 0xC9,
    0xFF, 0xFF, 0xFF, 0xFF, 0x3A, 0xB8, 0x43, 0xE6, 0x0F, 0xFE, 0x08, 0xDA, 0xF0, 0x06, 0xCD, 0xE0,
    0x24, 0x21, 0xAA, 0x43, 0x34, 0x7E, 0xE6, 0x03, 0xCA, 0xFA, 0x22, 0xC3, 0x22, 0x23, 0x24, 0xBF,
    0x3A, 0xAA, 0x43, 0xE6, 0x0F, 0xC0, 0x3A, 0xB9, 0x43, 0xFE, 0xA0, 0xD8, 0xC3, 0x7A, 0x06, 0xFA,
    0x22, 0xC3, 0xCD, 0xAA, 0x30, 0xC6, 0x60, 0x00, 0x47, 0x21, 0x9B, 0x43, 0xE6, 0x0E, 0xA6, 0xC0,
    0x3A, 0x9E, 0x43, 0xB8, 0xD0, 0x3A, 0x9F, 0x43, 0xB8, 0xD8, 0x78, 0xD6, 0x04, 0x47, 0x3A, 0xB9,
    0x43, 0x2F, 0x3C, 0xE6, 0xF8, 0xC6, 0x48, 0x4F, 0xE5, 0xE5, 0xC3, 0xB7, 0x25, 0xFF, 0xFF, 0xFF,
    0xD5, 0xCD, 0x80, 0x03, 0xD1, 0x3A, 0xB9, 0x43, 0xC6, 0x60, 0x0F, 0x47, 0x3A, 0xB8, 0x43, 0xE6,
    0xF0, 0x80, 0x06, 0x90, 0xDA, 0x3D, 0x25, 0xFE, 0x90, 0xD2, 0x3D, 0x25, 0x47, 0xAF, 0x78, 0x27,
    0x21, 0x9D, 0x43, 0x77, 0x2C, 0x36, 0x00, 0x7B, 0xD6, 0x5E, 0x5F, 0x06, 0x04, 0xC3, 0xC4, 0x00,
    0x32, 0x80, 0x2E, 0xA4, 0x36, 0x07, 0x2C, 0x36, 0x40, 0x2E, 0x6B, 0x36, 0xFF, 0xC9, 0xFF, 0xFF,
    0x21, 0x93, 0x43, 0x7E, 0xE6, 0x01, 0x07, 0x07, 0x07, 0x07, 0x07, 0xC6, 0x70, 0x6F, 0x26, 0x4B,
    0x1E, 0x08, 0x3A, 0x57, 0x43, 0x07, 0x07, 0x07, 0x00, 0xC6, 0xAD, 0x57, 0x3A, 0x9F, 0x43, 0xC6,
    0x03, 0x4F, 0x3A, 0x9E, 0x43, 0xD6, 0x0A, 0x47, 0xE5, 0xCD, 0x96, 0x25, 0xE1, 0x7D, 0xC6, 0x04,
    0x6F, 0x1D, 0xC2, 0x88, 0x25, 0xC9, 0x7E, 0xE6, 0x08, 0xC8, 0x2C, 0x7E, 0xFE, 0x08, 0xC8, 0xFE,
    0x88, 0xD0, 0x2C, 0x7E, 0xB8, 0xD8, 0xB9, 0xD0, 0x2C, 0x7E, 0xBA, 0xD0, 0xFE, 0x80, 0xD8, 0x00,
    0x00, 0x00, 0x00, 0x00, 0x4F, 0x2D, 0x46, 0x3A, 0xB8, 0x43, 0x16, 0x03, 0xFE, 0x10, 0xDA, 0xCA,
    0x25, 0x16, 0x04, 0xFE, 0x20, 0xDA, 0xCA, 0x25, 0x16, 0x05, 0x21, 0xCC, 0x43, 0x7E, 0xE6, 0x08,
    0xCA, 0xE0, 0x25, 0x7D, 0xC6, 0x04, 0x6F, 0x15, 0xC2, 0xCD, 0x25, 0xE1, 0xE1, 0xC9, 0xFF, 0xFF,
    0x78, 0xC6, 0x04, 0x47, 0x79, 0xC6, 0x0C, 0x4F, 0x36, 0x08, 0x2C, 0x78, 0x0F, 0xE6, 0x03, 0x57,
    0x79, 0xE6, 0x04, 0x82, 0xC6, 0x58, 0x77, 0x2C, 0x70, 0x2C, 0x71, 0xE1, 0xE1, 0xC9, 0xFF, 0xFF,
    0x00, 0x00, 0x00, 0x00, 0x00, 0x3A, 0xB9, 0x43, 0x2F, 0x0F, 0x0F, 0x0F, 0xE6, 0x1F, 0x21, 0xD2,
    0x4B, 0x77, 0x2C, 0x3A, 0xD1, 0x4B, 0xBE, 0xDA, 0x50, 0x26, 0x3A, 0xD5, 0x4B, 0x57, 0xE6, 0x03,
    0x5F, 0x3A, 0x9B, 0x43, 0x07, 0x07, 0xE6, 0x0C, 0x83, 0xC6, 0xD0, 0x6F, 0x26, 0x3E, 0x7A, 0x0F,
    0x0F, 0xE6, 0x07, 0x86, 0x57, 0x3A, 0xB9, 0x43, 0x92, 0x32, 0xB9, 0x43, 0x32, 0x00, 0x58, 0x3A,
    0x9B, 0x43, 0x0F, 0xD2, 0xD0, 0x26, 0xCD, 0x68, 0x26, 0xC3, 0xAA, 0x26, 0xC2, 0x3A, 0x26, 0x3A,
    0x2C, 0x3A, 0x9B, 0x43, 0x07, 0x07, 0xE6, 0x0C, 0x86, 0xC6, 0xD0, 0x6F, 0x26, 0x3E, 0x3A, 0xB9,
    0x43, 0x86, 0xC3, 0x39, 0x26, 0xD2, 0xAE, 0x26, 0x3A, 0x6E, 0x43, 0x00, 0x47, 0x3A, 0x9A, 0x43,
    0xFE, 0x18, 0xDA, 0x76, 0x26, 0x04, 0xFE, 0x10, 0xDA, 0x7C, 0x26, 0x04, 0x3A, 0xBA, 0x43, 0xFE,
    0x03, 0xD2, 0x85, 0x26, 0x04, 0x3A, 0xD6, 0x4B, 0xC6, 0xE0, 0x6F, 0x26, 0x3E, 0x78, 0xBE, 0xDA,
    0x93, 0x26, 0x7E, 0x57, 0x3A, 0xBB, 0x43, 0xFE, 0x04, 0xD2, 0x9D, 0x26, 0x14, 0xFE, 0x02, 0xD2,
    0xA3, 0x26, 0x14, 0x7A, 0x32, 0xD5, 0x4B, 0xC9, 0x00, 0x58, 0x21, 0xD3, 0x4B, 0x7E, 0x35, 0xA7,
    0xC0, 0x34, 0x2E, 0xD6, 0x7E, 0xFE, 0x16, 0xD0, 0xFE, 0x08, 0xD8, 0x2C, 0x96, 0x07, 0x47, 0x3A,
    0x6F, 0x43, 0xE6, 0x03, 0x2E, 0xD4, 0x77, 0x2F, 0xE6, 0x03, 0x3C, 0x4F, 0xC3, 0x76, 0x24, 0xC9,
    0x21, 0xA8, 0x4B, 0x01, 0x00, 0x08, 0x11, 0x00, 0x80, 0x7E, 0xA7, 0xCA, 0xE5, 0x26, 0x7A, 0x07,
    0xD2, 0xE4, 0x26, 0x51, 0x59, 0x0C, 0x7D, 0x90, 0x6F, 0xFE, 0x68, 0xC2, 0xD9, 0x26, 0x3A, 0xD2,
    0x4B, 0x82, 0x83, 0xE6, 0x1F, 0x32, 0xD6, 0x4B, 0x7B, 0x92, 0x32, 0xD7, 0x4B, 0xC9, 0xFF, 0xFF,
    0x21, 0xA2, 0x43, 0x7E, 0xA7, 0xC8, 0x2C, 0x7E, 0xE6, 0x01, 0x07, 0x07, 0xC6, 0x83, 0x6F, 0x3E,
    0xFF, 0x32, 0x97, 0x43, 0x11, 0x70, 0x43, 0xCD, 0x48, 0x27, 0x1C, 0x1C, 0x1C, 0x7B, 0xFE, 0x80,
    0xC2, 0x17, 0x27, 0x1E, 0x9D, 0x3A, 0xA4, 0x43, 0xFE, 0x06, 0xC2, 0x39, 0x27, 0x1A, 0x47, 0x0E,
    0x00, 0xCD, 0x20, 0x02, 0xAF, 0x12, 0x32, 0x97, 0x43, 0x3A, 0x97, 0x43, 0xA7, 0xCC, 0x68, 0x27,
    0xCD, 0xA8, 0x27, 0xC3, 0x10, 0x3A, 0xFF, 0xFF, 0x1A, 0x1C, 0xFE, 0x01, 0xC0, 0x1A, 0xA7, 0xC8,
    0x0F, 0x0F, 0x0F, 0x0F, 0x47, 0xE6, 0xF0, 0x4F, 0x78, 0xE6, 0x0F, 0x47, 0xCD, 0x20, 0x02, 0xAF,
    0x12, 0x32, 0x97, 0x43, 0xC9, 0xFF, 0xFF, 0xFF, 0xE5, 0x11, 0x61, 0x42, 0x06, 0x06, 0x3A, 0xA3,
    0x43, 0xA7, 0xCA, 0x78, 0x27, 0x11, 0x21, 0x40, 0xCD, 0xC4, 0x00, 0xE1, 0x11, 0xBD, 0x43, 0xEB,
    0x7E, 0x2C, 0xB6, 0xC8, 0x2C, 0xEB, 0xCD, 0x14, 0x03, 0xD0, 0x3A, 0xA3, 0x43, 0xC6, 0x90, 0x6F,
    0x34, 0xCD, 0x67, 0x03, 0x3E, 0xFF, 0x32, 0x6A, 0x43, 0x2E, 0xBE, 0x7E, 0x36, 0x00, 0x0F, 0x0F,
    0x0F, 0x0F, 0x2D, 0x77, 0xC9, 0xFF, 0xFF, 0xFF, 0x21, 0x8C, 0x43, 0x7E, 0x32, 0x00, 0x60, 0x2C,
    0x7E, 0x32, 0x00, 0x68, 0xF6, 0x0F, 0x77, 0x2D, 0x36, 0x0F, 0xC9, 0xFF, 0xFF, 0x21, 0x63, 0x43,
    0x7E, 0xA7, 0xC2, 0xE2, 0x27, 0x2E, 0x61, 0x7E, 0xA7, 0xC8, 0xFE, 0x19, 0xD2, 0xD8, 0x27, 0x35,
    0x2E, 0x8C, 0x7E, 0xF6, 0x40, 0x77, 0xC9, 0x77, 0x36, 0x18, 0x2E, 0x8C, 0x7E, 0xE6, 0xBF, 0x77,
    0xC9, 0x36, 0xFE, 0x40, 0xDA, 0xE9, 0x27, 0x36, 0x40, 0x35, 0x2E, 0x8C, 0x36, 0x8F, 0xC9, 0xFF,
    0xFF, 0xFF, 0xFF, 0xFF, 0xFF, 0xFF, 0xFF, 0xFF, 0xFF, 0xFF, 0xFF, 0xFF, 0xFF, 0xFF, 0xFF, 0xFF,
    0x00, 0x32, 0x00, 0x00, 0x00, 0x00, 0x00, 0x00, 0x00, 0x00, 0x00, 0x00, 0x00, 0x00, 0x42, 0x42,
    0x00, 0x00, 0x00, 0x00, 0x00, 0x00, 0x00, 0x00, 0x00, 0x00, 0xE1, 0x00, 0x00, 0xE2, 0x00, 0x00,
    0x32, 0x00, 0x00, 0x00, 0x00, 0x00, 0x00, 0x00, 0x00, 0xE0, 0x00, 0x00, 0x40, 0x00, 0x00, 0xC3,
    0x00, 0x00, 0x00, 0x00, 0x00, 0x00, 0xDF, 0x00, 0x00, 0xE2, 0x00, 0x00, 0xE0, 0x00, 0xE1, 0x00,
    0x00, 0x30, 0x00, 0x00, 0x00, 0x00, 0xDE, 0x00, 0x00, 0x00, 0xC2, 0x00, 0x40, 0x00, 0xE0, 0x00,
    0x00, 0x00, 0x00, 0x30, 0x00, 0x30, 0x00, 0x5A, 0x00, 0x00, 0xE1, 0x00, 0x40, 0x00, 0xE2, 0x00,
    0x00, 0x00, 0x00, 0x00, 0x00, 0x00, 0x00, 0x30, 0xC1, 0x3E, 0x00, 0xE0, 0x00, 0x40, 0xC2, 0x00,
    0x00, 0x00, 0x00, 0x00, 0x00, 0x00, 0x00, 0x00, 0x00, 0x5A, 0xC1, 0x3E, 0xC8, 0xD8, 0x00, 0x00,
    0xE0, 0xE1, 0xC2, 0xE2, 0xE0, 0x00, 0xE1, 0x00, 0xC2, 0x00, 0xE2, 0xCE, 0xCA, 0xDA, 0x00, 0x00,
    0x00, 0x00, 0x00, 0x00, 0x00, 0x00, 0x00, 0x00, 0xCF, 0xCF, 0xC3, 0x3F, 0xC2, 0x41, 0xE0, 0x00,
    0x00, 0x00, 0x00, 0x00, 0x00, 0x00, 0x00, 0xDE, 0x00, 0x3F, 0x00, 0xC2, 0x41, 0x00, 0xE1, 0x00,
    0x00, 0x00, 0x00, 0x00, 0x00, 0x3D, 0xDF, 0x3D, 0x00, 0x00, 0xE1, 0x00, 0x41, 0x00, 0x00, 0xC2,
    0x00, 0x00, 0x00, 0x3D, 0x00, 0x00, 0x00, 0x00, 0x00, 0xE0, 0x00, 0x00, 0x41, 0x00, 0x00, 0xE2,
    0x00, 0x00, 0x3D, 0x00, 0x00, 0x00, 0x00, 0x00, 0xE2, 0x00, 0x00, 0x00, 0x00, 0x4F, 0x00, 0xE0,
    0x00, 0x3B, 0x00, 0x00, 0x00, 0x00, 0x00, 0x00, 0x00, 0xC2, 0x00, 0x00, 0x00, 0x4F, 0x00, 0x00,
    0x00, 0x00, 0x3B, 0x00, 0x00, 0x00, 0x00, 0x00, 0x00, 0x00, 0x00, 0x00, 0x00, 0x00, 0x4D, 0x4D,
    0x00, 0x00, 0x00, 0x00, 0x00, 0x00, 0x00, 0x00, 0x00, 0x00, 0x00, 0x00, 0x00, 0x20, 0x00, 0x38,
    0x00, 0x34, 0x00, 0x28, 0x00, 0x00, 0x00, 0x00, 0x00, 0x00, 0x00, 0x00, 0x00, 0x00, 0x00, 0x00,
    0x00, 0x00, 0x00, 0x00, 0x00, 0x00, 0x00, 0x00, 0x00, 0x00, 0x00, 0x10, 0x00, 0x02, 0x00, 0x00,
    0x00, 0x01, 0x00, 0x00, 0x12, 0x00, 0x00, 0x00, 0x00, 0x00, 0x00, 0x00, 0x00, 0x00, 0x00, 0x00,
    0x00, 0x00, 0x00, 0x00, 0x00, 0x00, 0x00, 0x00, 0x00, 0x10, 0x00, 0x00, 0x80, 0x48, 0x00, 0x04,
    0x40, 0x08, 0x00, 0x50, 0x00, 0x00, 0x80, 0x10, 0x00, 0x00, 0x00, 0x00, 0x00, 0x00, 0x00, 0x00,
    0x00, 0x00, 0x00, 0x00, 0x00, 0x00, 0x00, 0x10, 0x00, 0x00, 0x20, 0x44, 0x00, 0x00, 0x00, 0x02,
    0x10, 0x00, 0x00, 0x04, 0x00, 0x48, 0x20, 0x00, 0x00, 0x10, 0x00, 0x00, 0x00, 0x00, 0x00, 0x00,
    0x00, 0x00, 0x00, 0x00, 0x00, 0x10, 0x00, 0x00, 0x00, 0x44, 0x08, 0x00, 0x00, 0x01, 0x00, 0x00,
    0x08, 0x00, 0x00, 0x02, 0x00, 0x00, 0x00, 0x84, 0x08, 0x00, 0x00, 0x20, 0x00, 0x00, 0x00, 0x00,
    0x00, 0x00, 0x00, 0x20, 0x00, 0x00, 0x00, 0x42, 0x02, 0x00, 0x80, 0x00, 0x00, 0x00, 0x00, 0x00,
    0x04, 0x00, 0x00, 0x01, 0x00, 0x00, 0x00, 0x00, 0x00, 0x82, 0x04, 0x00, 0x00, 0x20, 0x00, 0x00,
    0x00, 0x40, 0x00, 0x00, 0x01, 0x82, 0x00, 0x00, 0x40, 0x00, 0x00, 0x00, 0x00, 0x00, 0x00, 0x00,
    0x02, 0x00, 0x00, 0x00, 0x80, 0x00, 0x00, 0x00, 0x00, 0x00, 0x00, 0x81, 0x02, 0x00, 0x00, 0x40,
    0x02, 0x80, 0x00, 0x04, 0x00, 0x00, 0x40, 0x00, 0x00, 0x00, 0x00, 0x00, 0x00, 0x00, 0x00, 0x00,
    0x01, 0x00, 0x00, 0x00, 0x00, 0x00, 0x40, 0x00, 0x00, 0x00, 0x00, 0x00, 0x00, 0x02, 0x04, 0x08,
    0x00, 0x00, 0x00, 0x00, 0x00, 0x00, 0x00, 0xD2, 0x00, 0x00, 0x00, 0x00, 0x00, 0x00, 0x00, 0x00,
    0x00, 0x00, 0x00, 0x00, 0x00, 0xDE, 0x00, 0x5E, 0xE0, 0x00, 0x00, 0xE1, 0x00, 0x00, 0x00, 0x00,
    0x00, 0x00, 0xC1, 0x00, 0x00, 0xCF, 0x53, 0xE2, 0x00, 0xD2, 0xE0, 0x00, 0x00, 0xD0, 0x00, 0x00,
    0x00, 0x00, 0x00, 0xDE, 0x00, 0xCE, 0x53, 0xE1, 0xD1, 0xE3, 0x00, 0xE1, 0xD3, 0x00, 0x00, 0x00,
    0x00, 0x00, 0xCF, 0xC0, 0xDE, 0xDF, 0x53, 0xD3, 0xE2, 0x00, 0xE2, 0xD2, 0x00, 0x5E, 0xE2, 0x00,
    0x00, 0x00, 0x00, 0xCE, 0xC1, 0xC2, 0xDE, 0xD2, 0xE1, 0xE3, 0xD1, 0x00, 0xD2, 0x00, 0x00, 0x00,
    0x00, 0x00, 0x00, 0x00, 0xDF, 0xDE, 0xC2, 0xCF, 0xE0, 0xD0, 0xE2, 0xE1, 0xC2, 0xC3, 0x00, 0x00,
    0xDF, 0xDE, 0xCF, 0xCE, 0xDF, 0xDE, 0xCF, 0xC8, 0xD8, 0x5E, 0xCE, 0x00, 0xCF, 0xDE, 0xDF, 0xCE,
    0xE0, 0xE3, 0xE2, 0xE1, 0x00, 0xE0, 0xD1, 0xCA, 0xDA, 0xD1, 0xD2, 0xD3, 0xD0, 0xD1, 0xD2, 0xD3,
    0x00, 0x00, 0x00, 0x00, 0xE3, 0xD2, 0xCE, 0xD2, 0xE2, 0xE0, 0xD3, 0xD1, 0xD3, 0x00, 0x00, 0x00,
    0x00, 0x00, 0x00, 0xE2, 0xD3, 0xCF, 0xDF, 0xE1, 0xD0, 0xE3, 0xE1, 0xD2, 0x00, 0x00, 0x00, 0x00,
    0x00, 0x00, 0xE1, 0xD0, 0xDE, 0x00, 0xDE, 0xE2, 0x00, 0xD3, 0x53, 0xE2, 0x5E, 0xC1, 0xC0, 0x00,
    0x00, 0x00, 0x00, 0xDF, 0x00, 0x00, 0xCF, 0x5E, 0xD1, 0xD2, 0x00, 0x53, 0xE3, 0x00, 0x00, 0x00,
    0x00, 0x00, 0xCE, 0x00, 0xCF, 0x00, 0xCE, 0xD2, 0xD2, 0x00, 0x53, 0x00, 0x5E, 0xE0, 0x00, 0x00,
    0x00, 0x00, 0x00, 0x00, 0x00, 0xDE, 0x00, 0xE1, 0xD3, 0x00, 0xE2, 0x00, 0x00, 0x00, 0x00, 0x00,
    0x00, 0x00, 0x00, 0x00, 0x00, 0x00, 0x00, 0x5E, 0xD0, 0x00, 0x00, 0x00, 0x00, 0x00, 0x00, 0x00,
    0x00, 0x00, 0x00, 0x00, 0x00, 0x00, 0x00, 0x00, 0x00, 0x00, 0x80, 0x01, 0x40, 0x02, 0x80, 0x05,
    0xA0, 0x01, 0x40, 0x02, 0x00, 0x01, 0x00, 0x00, 0x00, 0x00, 0x00, 0x00, 0x00, 0x00, 0x00, 0x00,
    0x00, 0x00, 0x00, 0x00, 0x00, 0x00, 0x80, 0x00, 0x00, 0x01, 0x20, 0x04, 0x00, 0x01, 0x40, 0x12,
    0x48, 0x02, 0x80, 0x01, 0x20, 0x04, 0x00, 0x00, 0x00, 0x01, 0x00, 0x00, 0x00, 0x00, 0x00, 0x00,
    0x00, 0x00, 0x00, 0x00, 0x80, 0x00, 0x00, 0x02, 0x10, 0x08, 0x00, 0x01, 0x80, 0x04, 0xA0, 0x21,
    0x84, 0x05, 0x20, 0x02, 0x80, 0x01, 0x10, 0x08, 0x00, 0x00, 0x00, 0x01, 0x00, 0x00, 0x00, 0x00,
    0x00, 0x00, 0x80, 0x00, 0x00, 0x04, 0x08, 0x10, 0x00, 0x01, 0x40, 0x00, 0x40, 0x0A, 0x10, 0x40,
    0x02, 0x08, 0x40, 0x00, 0x10, 0x04, 0x80, 0x02, 0x08, 0x10, 0x00, 0x00, 0x00, 0x01, 0x00, 0x00,
    0x80, 0x00, 0x00, 0x08, 0x04, 0x20, 0x00, 0x02, 0x20, 0x00, 0x20, 0x14, 0x00, 0x01, 0x08, 0x80,
    0x01, 0x10, 0x80, 0x02, 0x20, 0x00, 0x08, 0x04, 0x80, 0x02, 0x04, 0x20, 0x00, 0x00, 0x00, 0x01,
    0x01, 0x01, 0x01, 0x01, 0x01, 0x04, 0x20, 0x00, 0x10, 0x28, 0x80, 0x02, 0x04, 0x00, 0x00, 0x04,
    0x20, 0x20, 0x00, 0x04, 0x40, 0x01, 0x10, 0x00, 0x04, 0x08, 0x80, 0x04, 0x00, 0x00, 0x00, 0x00,
    0x00, 0x00, 0x00, 0x08, 0x20, 0x00, 0x88, 0x10, 0x00, 0x44, 0x00, 0x00, 0x00, 0x10, 0x02, 0x00,
    0x08, 0x40, 0x00, 0x00, 0x00, 0x08, 0x40, 0x00, 0x08, 0x01, 0x00, 0x10, 0x80, 0x04, 0x00, 0x00,
    0x00, 0x00, 0x20, 0x00, 0x84, 0x20, 0x00, 0x08, 0x00, 0x00, 0x00, 0x00, 0x00, 0x20, 0x01, 0x00,
    0x04, 0x80, 0x00, 0x00, 0x00, 0x00, 0x00, 0x10, 0x40, 0x00, 0x04, 0x01, 0x00, 0x00, 0x80, 0x00,
    0x0B, 0x0C, 0x0D, 0x0E, 0x0B, 0x0C, 0x0A, 0x0A, 0x0A, 0x0A, 0x0A, 0x0A, 0x0A, 0x06, 0x06, 0x1E,
    0x03, 0x03, 0x1F, 0x05, 0x05, 0x1C, 0x04, 0x04, 0x04, 0x1D, 0x06, 0x06, 0x1A, 0x04, 0x04, 0x04,
    0x1B, 0x05, 0x05, 0x05, 0x05, 0x18, 0x1F, 0x07, 0x07, 0x07, 0x07, 0x07, 0x07, 0x07, 0x07, 0x07,
    0x00, 0xFF, 0xFF, 0xFF, 0x05, 0x05, 0x1C, 0x04, 0x1D, 0x0A, 0x0A, 0x0A, 0x0A, 0x0A, 0x0A, 0x06,
    0x06, 0x1E, 0x03, 0x03, 0x1F, 0x05, 0x1C, 0x04, 0x04, 0x1D, 0x0A, 0x06, 0x06, 0x1E, 0x03, 0x03,
    0x1F, 0x05, 0x1C, 0x04, 0x04, 0x1D, 0x0A, 0x06, 0x06, 0x1E, 0x03, 0x03, 0x1F, 0x05, 0x1C, 0x04,
    0x04, 0x1D, 0x0A, 0x06, 0x1E, 0x03, 0x1F, 0x05, 0x1C, 0x04, 0x1D, 0x06, 0x1E, 0x03, 0x03, 0x03,
    0x03, 0x15, 0x16, 0x17, 0x01, 0x01, 0x05, 0x05, 0x01, 0x01, 0x05, 0x05, 0x01, 0x01, 0x05, 0x05,
    0x01, 0x01, 0x05, 0x05, 0x02, 0x02, 0x18, 0x07, 0x07, 0x07, 0x00, 0xFF, 0xFF, 0xFF, 0xFF, 0xFF,
    0x1C, 0x04, 0x04, 0x04, 0x04, 0x04, 0x04, 0x04, 0x04, 0x04, 0x04, 0x04, 0x04, 0x04, 0x04, 0x1D,
    0x06, 0x06, 0x06, 0x06, 0x06, 0x06, 0x06, 0x1E, 0x03, 0x03, 0x03, 0x03, 0x03, 0x03, 0x1F, 0x05,
    0x05, 0x05, 0x05, 0x1C, 0x04, 0x04, 0x1D, 0x06, 0x09, 0x09, 0x09, 0x1E, 0x03, 0x07, 0x07, 0x08,
    0x08, 0x07, 0x07, 0x08, 0x07, 0x00, 0xFF, 0xFF, 0x05, 0x05, 0x05, 0x05, 0x1C, 0x04, 0x04, 0x04,
    0x04, 0x04, 0x04, 0x04, 0x04, 0x04, 0x04, 0x04, 0x04, 0x04, 0x04, 0x1D, 0x09, 0x09, 0x09, 0x09,
    0x0A, 0x0A, 0x0A, 0x09, 0x0A, 0x0A, 0x06, 0x1E, 0x03, 0x03, 0x03, 0x1F, 0x05, 0x05, 0x18, 0x03,
    0x19, 0x06, 0x06, 0x1E, 0x03, 0x03, 0x1F, 0x05, 0x05, 0x05, 0x05, 0x05, 0x05, 0x05, 0x00, 0xFF,
    0x0B, 0x0C, 0x0D, 0x0E, 0x0B, 0x0C, 0x06, 0x1E, 0x03, 0x03, 0x03, 0x03, 0x03, 0x03, 0x03, 0x03,
    0x03, 0x03, 0x03, 0x03, 0x03, 0x03, 0x1F, 0x05, 0x05, 0x1C, 0x04, 0x04, 0x04, 0x04, 0x04, 0x04,
    0x04, 0x04, 0x04, 0x04, 0x1D, 0x06, 0x06, 0x1E, 0x03, 0x03, 0x03, 0x03, 0x03, 0x03, 0x1F, 0x05,
    0x05, 0x05, 0x05, 0x05, 0x1C, 0x04, 0x04, 0x04, 0x04, 0x04, 0x04, 0x04, 0x04, 0x04, 0x04, 0x1B,
    0x00, 0xFF, 0xFF, 0xFF, 0x05, 0x05, 0x05, 0x18, 0x03, 0x03, 0x03, 0x03, 0x03, 0x03, 0x03, 0x03,
    0x03, 0x19, 0x06, 0x06, 0x1A, 0x04, 0x04, 0x1B, 0x05, 0x05, 0x18, 0x03, 0x03, 0x03, 0x03, 0x03,
    0x03, 0x03, 0x19, 0x06, 0x06, 0x06, 0x06, 0x06, 0x06, 0x06, 0x06, 0x06, 0x06, 0x1A, 0x04, 0x04,
    0x1B, 0x05, 0x05, 0x1C, 0x04, 0x04, 0x1D, 0x06, 0x06, 0x1A, 0x04, 0x04, 0x1B, 0x05, 0x05, 0x05,
    0x05, 0x05, 0x05, 0x05, 0x00, 0xFF, 0xFF, 0xFF, 0x1C, 0x04, 0x04, 0x1D, 0x06, 0x06, 0x09, 0x0A,
    0x0A, 0x09, 0x09, 0x09, 0x16, 0x17, 0x14, 0x03, 0x03, 0x03, 0x1F, 0x05, 0x05, 0x1C, 0x04, 0x04,
    0x1D, 0x06, 0x06, 0x1E, 0x03, 0x03, 0x03, 0x03, 0x07, 0x07, 0x08, 0x08, 0x07, 0x07, 0x05, 0x05,
    0x1C, 0x04, 0x04, 0x04, 0x04, 0x04, 0x04, 0x04, 0x1D, 0x1A, 0x04, 0x1B, 0x00, 0xFF, 0xFF, 0xFF,
    0x14, 0x03, 0x03, 0x19, 0x06, 0x0A, 0x0A, 0x09, 0x09, 0x09, 0x0A, 0x12, 0x13, 0x10, 0x11, 0x12,
    0x13, 0x10, 0x11, 0x12, 0x13, 0x10, 0x04, 0x04, 0x04, 0x04, 0x1B, 0x05, 0x18, 0x03, 0x19, 0x06,
    0x1A, 0x04, 0x1B, 0x05, 0x18, 0x07, 0x07, 0x07, 0x08, 0x08, 0x07, 0x07, 0x07, 0x03, 0x03, 0x19,
    0x0D, 0x0E, 0x00, 0xFF, 0xFF, 0xFF, 0xFF, 0xFF, 0xFF, 0xFF, 0xFF, 0xFF, 0xFF, 0xFF, 0xFF, 0xFF,
    0x0B, 0x0C, 0x0D, 0x0E, 0x02, 0x02, 0x02, 0x02, 0x0B, 0x0C, 0x0D, 0x0E, 0x01, 0x01, 0x14, 0x15,
    0x16, 0x17, 0x01, 0x01, 0x05, 0x05, 0x05, 0x05, 0x02, 0x02, 0x02, 0x02, 0x00, 0xFF, 0xFF, 0xFF,
    0x0B, 0x0C, 0x0D, 0x0E, 0x0B, 0x0C, 0x0D, 0x0E, 0x02, 0x02, 0x02, 0x02, 0x02, 0x02, 0x02, 0x02,
    0x05, 0x05, 0x01, 0x05, 0x05, 0x01, 0x05, 0x05, 0x01, 0x05, 0x05, 0x01, 0x00, 0xFF, 0xFF, 0xFF,
    0x0B, 0x0C, 0x0D, 0x0E, 0x01, 0x01, 0x01, 0x18, 0x03, 0x19, 0x06, 0x06, 0x1A, 0x04, 0x1B, 0x05,
    0x18, 0x03, 0x19, 0x06, 0x06, 0x1A, 0x04, 0x04, 0x04, 0x04, 0x04, 0x04, 0x04, 0x04, 0x04, 0x1B,
    0x05, 0x05, 0x05, 0x01, 0x01, 0x01, 0x01, 0x01, 0x00, 0xFF, 0xFF, 0xFF, 0x0B, 0x0C, 0x0D, 0x0E,
    0x01, 0x01, 0x0B, 0x0C, 0x0D, 0x0E, 0x01, 0x01, 0x05, 0x05, 0x05, 0x05, 0x01, 0x01, 0x0B, 0x0C,
    0x0D, 0x0E, 0x01, 0x01, 0x07, 0x08, 0x08, 0x07, 0x08, 0x08, 0x08, 0x07, 0x00, 0xFF, 0xFF, 0xFF,
    0x14, 0x15, 0x16, 0x17, 0x14, 0x15, 0x16, 0x17, 0x14, 0x03, 0x03, 0x03, 0x03, 0x03, 0x03, 0x03,
    0x03, 0x03, 0x03, 0x03, 0x03, 0x19, 0x09, 0x0A, 0x0A, 0x09, 0x09, 0x0A, 0x0A, 0x12, 0x13, 0x08,
    0x08, 0x07, 0x07, 0x08, 0x08, 0x08, 0x08, 0x04, 0x04, 0x04, 0x11, 0x12, 0x13, 0x10, 0x11, 0x12,
    0x13, 0x00, 0xFF, 0xFF, 0x10, 0x11, 0x12, 0x13, 0x10, 0x11, 0x12, 0x13, 0x10, 0x04, 0x04, 0x04,
    0x04, 0x04, 0x04, 0x04, 0x04, 0x04, 0x0A, 0x0A, 0x0A, 0x09, 0x0A, 0x09, 0x0A, 0x09, 0x16, 0x17,
    0x14, 0x03, 0x03, 0x03, 0x07, 0x07, 0x07, 0x07, 0x03, 0x19, 0x06, 0x1A, 0x04, 0x1B, 0x05, 0x18,
    0x07, 0x07, 0x07, 0x07, 0x00, 0xFF, 0xFF, 0xFF, 0xFF, 0xFF, 0xFF, 0xFF, 0xFF, 0xFF, 0xFF, 0xFF,
    0x05, 0x1C, 0x04, 0x1D, 0x06, 0x06, 0x06, 0x06, 0x06, 0x09, 0x09, 0x09, 0x0A, 0x0A, 0x0A, 0x09,
    0x09, 0x16, 0x17, 0x14, 0x1F, 0x05, 0x18, 0x03, 0x19, 0x06, 0x1E, 0x03, 0x1F, 0x05, 0x18, 0x03,
    0x19, 0x06, 0x1E, 0x03, 0x1F, 0x05, 0x05, 0x1C, 0x08, 0x08, 0x08, 0x08, 0x08, 0x08, 0x08, 0x08,
    0x00, 0xFF, 0xFF, 0xFF, 0x05, 0x18, 0x03, 0x19, 0x06, 0x06, 0x06, 0x06, 0x0A, 0x0A, 0x09, 0x09,
    0x0A, 0x0A, 0x09, 0x0A, 0x0A, 0x12, 0x13, 0x10, 0x1B, 0x05, 0x1C, 0x04, 0x1D, 0x1E, 0x1F, 0x1C,
    0x04, 0x1D, 0x06, 0x1A, 0x04, 0x04, 0x1B, 0x05, 0x18, 0x07, 0x07, 0x07, 0x07, 0x08, 0x07, 0x07,
    0x07, 0x07, 0x00, 0xFF, 0x0B, 0x0C, 0x0D, 0x0E, 0x0B, 0x0C, 0x1E, 0x03, 0x19, 0x06, 0x1E, 0x03,
    0x19, 0x06, 0x1E, 0x03, 0x19, 0x06, 0x1E, 0x1F, 0x1C, 0x1D, 0x1E, 0x03, 0x03, 0x03, 0x1F, 0x05,
    0x18, 0x03, 0x19, 0x06, 0x1E, 0x03, 0x1F, 0x05, 0x08, 0x08, 0x08, 0x08, 0x08, 0x08, 0x08, 0x07,
    0x07, 0x08, 0x08, 0x08, 0x08, 0x08, 0x00, 0xFF, 0xFF, 0xFF, 0xFF, 0xFF, 0xFF, 0xFF, 0xFF, 0xFF,
    0x05, 0x05, 0x18, 0x03, 0x03, 0x03, 0x03, 0x03, 0x03, 0x03, 0x03, 0x19, 0x06, 0x06, 0x06, 0x06,
    0x06, 0x06, 0x06, 0x1A, 0x04, 0x1B, 0x05, 0x18, 0x03, 0x03, 0x03, 0x03, 0x19, 0x06, 0x06, 0x06,
    0x1A, 0x04, 0x1B, 0x05, 0x18, 0x03, 0x03, 0x03, 0x03, 0x19, 0x06, 0x06, 0x06, 0x1A, 0x04, 0x1B,
    0x05, 0x18, 0x03, 0x03, 0x03, 0x03, 0x19, 0x06, 0x06, 0x06, 0x1A, 0x04, 0x1B, 0x05, 0x18, 0x03,
    0x03, 0x19, 0x06, 0x06, 0x1A, 0x11, 0x12, 0x13, 0x02, 0x02, 0x02, 0x05, 0x05, 0x02, 0x02, 0x02,
    0x05, 0x05, 0x02, 0x02, 0x02, 0x05, 0x1C, 0x08, 0x08, 0x07, 0x07, 0x08, 0x08, 0x08, 0x00, 0xFF,
    0x21, 0x93, 0x43, 0x7E, 0x34, 0xE6, 0x07, 0x21, 0x18, 0x30, 0x07, 0x85, 0x6F, 0x7E, 0x23, 0x6E,
    0x67, 0xE9, 0xC9, 0xFF, 0xFF, 0xFF, 0xFF, 0xFF, 0x32, 0x64, 0x30, 0x28, 0x30, 0xBA, 0x31, 0x24,
    0x31, 0x5A, 0x31, 0xB4, 0x32, 0x2C, 0x30, 0x12, 0x21, 0x57, 0x43, 0x7E, 0xFE, 0x03, 0xD0, 0x2E,
    0x50, 0x7E, 0xFE, 0x04, 0xD0, 0x2E, 0x58, 0x7E, 0xA7, 0xCA, 0x5C, 0x30, 0x35, 0xC0, 0x2D, 0x34,
    0x2E, 0x50, 0x36, 0x04, 0x2E, 0x53, 0x36, 0x10, 0x2C, 0x36, 0x50, 0x2E, 0x51, 0x36, 0x2E, 0x2C,
    0x36, 0x00, 0x3A, 0xC2, 0x43, 0x0F, 0xD8, 0x36, 0x40, 0xC9, 0xFF, 0xFF, 0xCD, 0x74, 0x30, 0x21,
    0x57, 0x43, 0x7E, 0x07, 0x07, 0x00, 0x00, 0x81, 0xC6, 0x07, 0x2E, 0x58, 0x77, 0xC9, 0xFF, 0xFF,
    0xFF, 0xFF, 0xFF, 0xFF, 0x21, 0xB8, 0x43, 0x7E, 0x0F, 0x00, 0xE6, 0x07, 0x47, 0x3E, 0x07, 0x90,
    0x4F, 0x7E, 0xFE, 0x80, 0xDA, 0x89, 0x30, 0x3E, 0x70, 0x0F, 0x0F, 0x0F, 0x0F, 0xE6, 0x07, 0x47,
    0x3E, 0x07, 0x90, 0x81, 0x4F, 0x3A, 0xBA, 0x43, 0xD6, 0x05, 0xD2, 0x9F, 0x30, 0x3E, 0x10, 0x81,
    0x4F, 0xCD, 0xAA, 0x30, 0xE6, 0x07, 0x81, 0x4F, 0xC9, 0xFF, 0x21, 0x9B, 0x43, 0x7E, 0x07, 0x07,
    0x07, 0xE6, 0x07, 0x2E, 0xC2, 0x86, 0xE6, 0x0F, 0xC9, 0xC0, 0x21, 0x58, 0x43, 0xCD, 0xDA, 0x30,
    0xCD, 0xDA, 0x30, 0xCD, 0xDA, 0x30, 0x2E, 0x50, 0x7E, 0xA7, 0xC0, 0x2E, 0x55, 0x7E, 0xA7, 0xCA,
    0xE4, 0x30, 0x35, 0xC0, 0x2E, 0x50, 0x36, 0x01, 0xC9, 0xFE, 0x2C, 0x7E, 0xA7, 0xC8, 0x35, 0xC9,
    0x7E, 0xFE, 0x01, 0xD0, 0xCD, 0x74, 0x30, 0x21, 0x9A, 0x43, 0x7E, 0xFE, 0x10, 0xDA, 0xF2, 0x30,
    0x3E, 0x0F, 0x47, 0x3E, 0x0F, 0x90, 0x81, 0x4F, 0x06, 0x01, 0x2E, 0x58, 0xCD, 0x12, 0x31, 0xCD,
    0x12, 0x31, 0xCD, 0x12, 0x31, 0x79, 0x0F, 0x0F, 0xE6, 0x3F, 0xC6, 0x01, 0x2E, 0x55, 0x77, 0xC9,
    0x21, 0x50, 0x2C, 0x7E, 0xA7, 0xC0, 0x79, 0x0F, 0xE6, 0x7F, 0x4F, 0x78, 0xA7, 0xC8, 0x05, 0x36,
    0x0C, 0xC9, 0x86, 0x47, 0x21, 0x50, 0x43, 0x7E, 0xFE, 0x01, 0xC0, 0x36, 0x02, 0x2E, 0xB8, 0x7E,
    0x0F, 0x0F, 0xE6, 0x0F, 0xC6, 0x05, 0xFE, 0x11, 0xDA, 0x3D, 0x31, 0x3E, 0x05, 0x2E, 0x57, 0x96,
    0x47, 0xCD, 0xAA, 0x30, 0x3C, 0xB8, 0xDA, 0x4B, 0x31, 0x3E, 0x01, 0x2E, 0x53, 0x77, 0xC9, 0x0A,
    0x0C, 0x0B, 0x0C, 0x0B, 0x0E, 0x0F, 0x0E, 0x0F, 0xFF, 0xFF, 0x21, 0x50, 0x43, 0x7E, 0xFE, 0x02,
    0xC0, 0xCD, 0xAA, 0x30, 0x00, 0x47, 0x07, 0xC6, 0x50, 0x6F, 0x26, 0x4B, 0x78, 0x07, 0x07, 0xC6,
    0x70, 0x5F, 0x16, 0x4B, 0x0E, 0x10, 0x79, 0x90, 0x47, 0xCD, 0x92, 0x31, 0x13, 0x13, 0x13, 0x13,
    0x23, 0x23, 0x05, 0xC2, 0x8A, 0x31, 0x1E, 0x70, 0x2E, 0x50, 0x0D, 0xC2, 0x79, 0x31, 0xC9, 0xFF,
    0xFF, 0xFF, 0x1A, 0xE6, 0x08, 0xC8, 0x3A, 0x94, 0x43, 0xBE, 0xC0, 0x3A, 0x56, 0x43, 0x2C, 0x46,
    0x2D, 0xB8, 0xC0, 0x7D, 0x32, 0x54, 0x43, 0x3E, 0x03, 0x32, 0x50, 0x43, 0xE1, 0xC9, 0xFF, 0xFF,
    0xFF, 0xFF, 0xFF, 0xFF, 0x3A, 0x50, 0x43, 0xFE, 0x03, 0xC0, 0x3A, 0x54, 0x43, 0xD6, 0x50, 0x07,
    0xC6, 0x72, 0x6F, 0x26, 0x4B, 0x46, 0x2C, 0x56, 0x3A, 0xC2, 0x43, 0x0E, 0x04, 0xB8, 0xD2, 0xD6,
    0x31, 0x4F, 0x78, 0x41, 0x0E, 0x00, 0x90, 0x07, 0x07, 0x07, 0xE6, 0x07, 0xC6, 0x00, 0x6F, 0x26,
    0x33, 0x7E, 0x81, 0x07, 0x07, 0x4F, 0x00, 0x00, 0x00, 0x3A, 0x57, 0x43, 0x47, 0xCD, 0x10, 0x32,
    0x79, 0x80, 0xC6, 0x10, 0x6F, 0x26, 0x33, 0x4E, 0xCD, 0xAA, 0x30, 0xE6, 0x06, 0x81, 0x6F, 0x26,
    0x33, 0x7E, 0x2C, 0x46, 0x21, 0x50, 0x43, 0x36, 0x05, 0x2C, 0x77, 0x2C, 0x70, 0xC9, 0x81, 0x6F,
    0x3A, 0x53, 0x43, 0xFE, 0x01, 0xC0, 0x7A, 0x06, 0x00, 0xFE, 0x58, 0xD8, 0x06, 0x01, 0xFE, 0x78,
    0xD8, 0x06, 0x02, 0xFE, 0x98, 0xD8, 0x06, 0x03, 0xC9, 0xC0, 0x21, 0x50, 0x3A, 0x50, 0x43, 0xFE,
    0x04, 0xC0, 0x21, 0x50, 0x4B, 0x11, 0x70, 0x4B, 0x3A, 0x56, 0x43, 0x4F, 0x3A, 0x94, 0x43, 0x47,
    0x1A, 0xE6, 0x08, 0xCA, 0x4E, 0x32, 0x7E, 0xB8, 0xC0, 0x2C, 0x7E, 0x2D, 0xB9, 0xC0, 0x2C, 0x2C,
    0x7B, 0xC6, 0x04, 0x5F, 0xFE, 0xB0, 0xC2, 0x40, 0x32, 0x3E, 0x06, 0x32, 0x50, 0x43, 0xC9, 0x3C,
    0xE6, 0x0F, 0x77, 0x2E, 0x21, 0x95, 0x43, 0x7E, 0x32, 0x56, 0x43, 0x3C, 0xE6, 0x0F, 0x77, 0x2E,
    0x50, 0x7E, 0xFE, 0x05, 0xD8, 0x36, 0x00, 0x2E, 0x53, 0x4E, 0x2C, 0x6E, 0x26, 0x4B, 0x3A, 0x56,
    0x43, 0x57, 0x3A, 0x94, 0x43, 0x5F, 0x7D, 0xD6, 0x50, 0x0F, 0x47, 0x3E, 0x10, 0x90, 0x47, 0x7E,
    0x2C, 0xBB, 0xC2, 0xA4, 0x32, 0x7E, 0xBA, 0xC2, 0xA4, 0x32, 0x2D, 0x3A, 0x51, 0x43, 0x77, 0x2C,
    0x3A, 0x52, 0x43, 0x77, 0x2C, 0x05, 0xC2, 0xAB, 0x32, 0x2E, 0x50, 0x0D, 0xC2, 0x8F, 0x32, 0xC9,
    0x21, 0x50, 0x43, 0x06, 0x30, 0xCD, 0xD8, 0x05, 0x2E, 0x9A, 0x06, 0x04, 0xCD, 0xD8, 0x05, 0x3A,
    0xBB, 0x43, 0xA7, 0xC8, 0x07, 0x07, 0x07, 0x4F, 0x21, 0x70, 0x4B, 0x06, 0x40, 0xCD, 0xD8, 0x05,
    0x16, 0x4B, 0x26, 0x3F, 0x3E, 0x40, 0x91, 0xC6, 0x70, 0x5F, 0xC6, 0x10, 0x6F, 0x41, 0x3A, 0xB8,
    0x43, 0x0F, 0x0F, 0xD2, 0xE0, 0x05, 0x7D, 0xC6, 0x40, 0x6F, 0xC3, 0xE0, 0x05, 0xCD, 0xE0, 0x05,
    0xC3, 0xA0, 0x03, 0xFF, 0xFF, 0xFF, 0xFF, 0xFF, 0xFF, 0xFF, 0xFF, 0xFF, 0xFF, 0xFF, 0xFF, 0xFF,
    0x00, 0x01, 0x02, 0x02, 0x03, 0x03, 0x03, 0x03, 0xFF, 0xFF, 0xFF, 0xFF, 0xFF, 0xFF, 0xFF, 0xFF,
    0x88, 0x90, 0x98, 0xA0, 0x68, 0x70, 0x78, 0x80, 0x48, 0x50, 0x58, 0x60, 0x48, 0x30, 0x38, 0x40,
    0x88, 0x90, 0x98, 0xA0, 0xA8, 0xB0, 0xB8, 0xC0, 0xC8, 0xD0, 0xD8, 0xE0, 0xC8, 0xE8, 0xF0, 0xF8,
    0x11, 0x30, 0x2C, 0x00, 0x2F, 0xA0, 0x2C, 0x00, 0x2E, 0xC4, 0x2F, 0xA0, 0x2F, 0x34, 0x2F, 0xA0,
    0x2C, 0xC8, 0x2E, 0xC4, 0x2E, 0x20, 0x2E, 0xC4, 0x11, 0x30, 0x13, 0x9C, 0x13, 0xD0, 0x2C, 0x00,
    0x11, 0x30, 0x13, 0x28, 0x2C, 0x00, 0x2F, 0x34, 0x11, 0xA4, 0x2C, 0x90, 0x2F, 0x34, 0x2F, 0xA0,
    0x2C, 0x90, 0x2C, 0xC8, 0x2E, 0x20, 0x2E, 0xC4, 0x11, 0x60, 0x13, 0x54, 0x13, 0x9C, 0x13, 0xD0,
    0x10, 0x20, 0x10, 0x64, 0x11, 0xA4, 0x13, 0x28, 0x10, 0x20, 0x11, 0xA4, 0x12, 0x00, 0x2F, 0x34,
    0x2C, 0x90, 0x2C, 0xC8, 0x2D, 0xC0, 0x2E, 0x20, 0x11, 0x60, 0x12, 0x44, 0x12, 0x88, 0x13, 0x54,
    0x10, 0x20, 0x10, 0x64, 0x12, 0x00, 0x12, 0x44, 0x10, 0x20, 0x12, 0x00, 0x10, 0x20, 0x12, 0x00,
    0x10, 0xA8, 0x2D, 0x88, 0x10, 0xA8, 0x2D, 0xC0, 0x11, 0xD0, 0x12, 0xCA, 0x13, 0x00, 0x13, 0x54,
    0x10, 0x20, 0x10, 0x64, 0x10, 0xD4, 0x13, 0x00, 0x10, 0x20, 0x10, 0xD4, 0x12, 0x00, 0x2F, 0x00,
    0x2D, 0x00, 0x2D, 0x44, 0x2D, 0x88, 0x2E, 0x6C, 0x11, 0x00, 0x11, 0xD0, 0x12, 0xCA, 0x2F, 0x64,
    0x11, 0x00, 0x13, 0x00, 0x2F, 0x64, 0x2F, 0x00, 0x10, 0xD4, 0x2D, 0x00, 0x2F, 0x00, 0x2C, 0x34,
    0x2D, 0x00, 0x2D, 0x44, 0x2E, 0x6C, 0x2E, 0x90, 0x11, 0x00, 0x2C, 0x34, 0x2F, 0x64, 0x2F, 0x64,
    0x2E, 0x90, 0x2F, 0x00, 0x2C, 0x34, 0x2C, 0x34, 0x2D, 0x44, 0x2E, 0x6C, 0x2E, 0x90, 0x2E, 0x90,
    0xCD, 0x76, 0x08, 0xCD, 0x00, 0x38, 0xCD, 0x00, 0x26, 0xCD, 0x00, 0x38, 0xCD, 0x80, 0x39, 0x3A,
    0xBB, 0x43, 0xA7, 0xCA, 0x62, 0x34, 0xFE, 0x04, 0xD2, 0x38, 0x34, 0xCD, 0x74, 0x34, 0xCD, 0x86,
    0x34, 0xCD, 0x60, 0x35, 0xCD, 0x98, 0x34, 0xCD, 0xAA, 0x34, 0x3A, 0x9B, 0x43, 0x0F, 0xDA, 0xC0,
    0x0F, 0xCD, 0x30, 0x39, 0xC3, 0x40, 0x0C, 0xFF, 0x3A, 0x9B, 0x43, 0x0F, 0xDA, 0x52, 0x34, 0xCD,
    0x74, 0x34, 0xCD, 0x60, 0x35, 0xCD, 0x98, 0x34, 0xCD, 0x30, 0x39, 0xC3, 0x40, 0x0C, 0xFF, 0xFF,
    0xFF, 0xFF, 0xCD, 0x86, 0x34, 0xCD, 0x60, 0x35, 0xCD, 0xAA, 0x34, 0xC3, 0xC0, 0x0F, 0xFF, 0xFF,
    0xFF, 0xFF, 0x3A, 0x9B, 0x43, 0x0F, 0xD8, 0xCD, 0x40, 0x0C, 0xCD, 0xC0, 0x0F, 0xC3, 0x04, 0x22,
    0xFF, 0xFF, 0xFF, 0xFF, 0x21, 0x70, 0x4B, 0xE5, 0xCD, 0xC0, 0x34, 0xE1, 0x7D, 0xC6, 0x08, 0x6F,
    0xFE, 0x90, 0xC2, 0x77, 0x34, 0xC9, 0x21, 0x90, 0x4B, 0xE5, 0xCD, 0xC0, 0x34, 0xE1, 0x7D, 0xC6,
    0x08, 0x6F, 0xFE, 0xB0, 0xC2, 0x89, 0x34, 0xC9, 0x21, 0x70, 0x4B, 0xE5, 0xCD, 0xB0, 0x35, 0xE1,
    0x7D, 0xC6, 0x08, 0x6F, 0xFE, 0x90, 0xC2, 0x9B, 0x34, 0xC9, 0x21, 0x90, 0x4B, 0xE5, 0xCD, 0xB0,
    0x35, 0xE1, 0x7D, 0xC6, 0x08, 0x6F, 0xFE, 0xB0, 0xC2, 0xAD, 0x34, 0xC9, 0xFF, 0xFF, 0xFF, 0xFF,
    0x7E, 0xA7, 0xC8, 0x47, 0xC6, 0xC0, 0x5F, 0x16, 0x3E, 0x1A, 0x4F, 0x2C, 0x56, 0x2C, 0x5E, 0x2C,
    0x78, 0x07, 0x07, 0x07, 0x86, 0xE6, 0x7E, 0x6F, 0x26, 0x3E, 0x7E, 0x2C, 0x6E, 0x67, 0x7A, 0xFE,
    0x4B, 0xC2, 0x0C, 0x35, 0x7B, 0xFE, 0x50, 0xDA, 0x0C, 0x35, 0x06, 0x08, 0x2C, 0x2C, 0xD6, 0x20,
    0x5F, 0xFE, 0x50, 0xDA, 0x09, 0x35, 0x06, 0x10, 0x2C, 0x2C, 0xD6, 0x20, 0x5F, 0xFE, 0x50, 0xDA,
    0x09, 0x35, 0x06, 0x18, 0x2C, 0x2C, 0xD6, 0x20, 0x5F, 0x79, 0x80, 0x4F, 0x06, 0x35, 0xC5, 0x01,
    0xDF, 0xFF, 0xEB, 0x36, 0x00, 0x23, 0x36, 0x00, 0x09, 0xC9, 0xFF, 0xFF, 0xFF, 0xFF, 0xFF, 0xFF,
    0x1A, 0x77, 0x13, 0x23, 0x1A, 0x77, 0x13, 0x09, 0x1A, 0x77, 0x13, 0x23, 0x1A, 0x77, 0x13, 0x09,
    0x1A, 0x77, 0x13, 0x23, 0x1A, 0x77, 0x13, 0x09, 0x1A, 0x77, 0x13, 0x23, 0x1A, 0x77, 0x13, 0x09,
    0x1A, 0x77, 0x13, 0x23, 0x1A, 0x77, 0x13, 0x09, 0x1A, 0x77, 0x13, 0x23, 0x1A, 0x77, 0x13, 0x09,
    0x1A, 0x77, 0x13, 0x23, 0x1A, 0x77, 0x13, 0x09, 0x36, 0x00, 0x23, 0x36, 0x00, 0xC9, 0xFF, 0xFF,
    0xCD, 0xAA, 0x30, 0x47, 0x07, 0x07, 0x4F, 0x07, 0x07, 0xB0, 0x32, 0x6F, 0x43, 0x3A, 0xB8, 0x43,
    0xFE, 0x40, 0xDA, 0x77, 0x35, 0x3E, 0x30, 0xE6, 0x30, 0x0F, 0x47, 0x3A, 0xBB, 0x43, 0x3D, 0xFE,
    0x04, 0xDA, 0x86, 0x35, 0x3E, 0x03, 0x07, 0xB0, 0x47, 0x3A, 0x9A, 0x43, 0x07, 0x07, 0xE6, 0x20,
    0xB0, 0xC6, 0x80, 0x6F, 0x26, 0x3E, 0x7E, 0x32, 0x6E, 0x43, 0x2C, 0x7E, 0x81, 0xE6, 0xF8, 0x32,
    0x6D, 0x43, 0xC9, 0xFF, 0xFF, 0xFF, 0xFF, 0xFF, 0xFF, 0xFF, 0xFF, 0xFF, 0xFF, 0xFF, 0xFF, 0xFF,
    0x7E, 0xA7, 0xC8, 0x47, 0x2C, 0x2C, 0x2C, 0x2C, 0x7E, 0xA7, 0xCA, 0xBE, 0x35, 0x35, 0xEB, 0xD5,
    0x78, 0x07, 0x07, 0x07, 0x6F, 0x26, 0x3F, 0x46, 0x23, 0x4E, 0xC5, 0x23, 0x46, 0x23, 0x4E, 0xC5,
    0x23, 0x46, 0x23, 0x4E, 0xC5, 0x23, 0x46, 0x23, 0x4E, 0xC5, 0xEB, 0xC9, 0xFF, 0xFF, 0xFF, 0xFF,
    0x2C, 0x2C, 0x7E, 0xFE, 0x10, 0xD2, 0x28, 0x36, 0x47, 0x2D, 0x86, 0x77, 0x2D, 0x2D, 0x78, 0x86,
    0x77, 0xFE, 0x08, 0xDA, 0x6A, 0x36, 0xE6, 0x07, 0x77, 0x2D, 0x7E, 0xD6, 0x20, 0x77, 0xD2, 0x04,
    0x36, 0x2D, 0x35, 0x2C, 0x2C, 0x2C, 0x2C, 0x4E, 0x2C, 0x2C, 0x7E, 0x2D, 0x36, 0x10, 0x91, 0xCA,
    0x72, 0x36, 0x3D, 0x0F, 0x0F, 0x0F, 0xE6, 0x1F, 0xB8, 0x3C, 0x77, 0xD8, 0x3A, 0x6E, 0x43, 0x77,
    0xB8, 0xC8, 0x04, 0x70, 0xC9, 0xFF, 0xFF, 0xFF, 0xE6, 0x0F, 0xCA, 0x44, 0x37, 0x47, 0x2D, 0x7E,
    0x90, 0x77, 0x2D, 0x2D, 0x7E, 0x90, 0x77, 0xD2, 0x95, 0x36, 0xE6, 0x07, 0x77, 0x2D, 0x7E, 0xC6,
    0x20, 0x77, 0xD2, 0x48, 0x36, 0x2D, 0x34, 0x2C, 0x2C, 0x2C, 0x2C, 0x7E, 0x2C, 0x2C, 0x96, 0x0F,
    0x0F, 0x0F, 0xE6, 0x1F, 0xB8, 0x3C, 0x2D, 0xDA, 0x63, 0x36, 0x3A, 0x6E, 0x43, 0xB8, 0xCA, 0x63,
    0x36, 0x78, 0x3C, 0xF6, 0x10, 0x77, 0xC9, 0x77, 0xC9, 0xFF, 0x78, 0xA7, 0xC0, 0x2C, 0x2C, 0x2C,
    0x34, 0xC9, 0x2D, 0x46, 0x2C, 0x2C, 0x3A, 0xC2, 0x43, 0xE6, 0xF8, 0xB8, 0xD2, 0x80, 0x36, 0x47,
    0x3A, 0x6D, 0x43, 0x4F, 0xC6, 0x08, 0x32, 0x6D, 0x43, 0x78, 0x91, 0x36, 0x08, 0xD8, 0xFE, 0x08,
    0xD8, 0x77, 0xC9, 0xD8, 0xFE, 0x2C, 0x2C, 0x46, 0x2C, 0x2C, 0x7E, 0xB8, 0xC0, 0x2D, 0x36, 0x00,
    0x2C, 0x3A, 0xC2, 0x43, 0xE6, 0xF8, 0xB8, 0xDA, 0xAB, 0x36, 0x47, 0x3A, 0x6D, 0x43, 0xC6, 0x08,
    0x32, 0x6D, 0x43, 0x80, 0x36, 0xC8, 0xD8, 0xFE, 0xC8, 0xD0, 0x77, 0xC9, 0x77, 0xC9, 0xFF, 0xFF,
    0x7E, 0x0F, 0xD8, 0x2D, 0x7E, 0x3C, 0xE6, 0x07, 0x77, 0xC9, 0xFF, 0xFF, 0xD1, 0xC1, 0xE1, 0xC9,
    0xFF, 0xFF, 0xD1, 0xC1, 0xE1, 0x7E, 0xA7, 0xC0, 0x70, 0x2D, 0x2D, 0x2D, 0x2D, 0x72, 0x3A, 0x68,
    0x43, 0xF6, 0x01, 0x32, 0x68, 0x43, 0xC9, 0xFF, 0xFF, 0xFF, 0xD1, 0xC1, 0xE1, 0x7E, 0xA7, 0xC0,
    0x2C, 0x2C, 0x7E, 0xE6, 0x0F, 0xC0, 0x2D, 0x2D, 0x70, 0x2D, 0x2D, 0x2D, 0x2D, 0x72, 0x3A, 0x68,
    0x43, 0xF6, 0x02, 0x32, 0x68, 0x43, 0xC9, 0xFF, 0xFF, 0xFF, 0xD1, 0xC1, 0xE1, 0x7E, 0xA7, 0xC0,
    0x2C, 0x2C, 0x7E, 0xE6, 0x0F, 0xC0, 0x2D, 0x2D, 0x70, 0x2D, 0x2D, 0x2D, 0x2D, 0x72, 0x3A, 0x68,
    0x43, 0xF6, 0x04, 0x32, 0x68, 0x43, 0x3A, 0x6F, 0x43, 0xA3, 0xE6, 0xF0, 0xC0, 0x7B, 0xE6, 0x0F,
    0x77, 0x2C, 0x2C, 0x2C, 0x2C, 0x71, 0x3A, 0x68, 0x43, 0xF6, 0x08, 0x32, 0x68, 0x43, 0xC9, 0xFF,
    0xFF, 0xFF, 0xFF, 0xFF, 0x36, 0x11, 0x2D, 0x35, 0x2D, 0x2D, 0x36, 0x07, 0x2D, 0x7E, 0xC6, 0x20,
    0x77, 0xD0, 0x2D, 0x34, 0xC9, 0xFF, 0xFF, 0xFF, 0x7E, 0xA7, 0xC8, 0x35, 0xCA, 0xCC, 0x37, 0x7E,
    0x0F, 0xD2, 0xB0, 0x37, 0x3E, 0x0F, 0x96, 0xE6, 0x0E, 0x07, 0x07, 0x07, 0x07, 0x2C, 0x2C, 0x56,
    0x2C, 0x5E, 0xF5, 0xD5, 0x01, 0xDF, 0xFF, 0xCD, 0x96, 0x37, 0xD1, 0xF1, 0x2F, 0x6F, 0x26, 0xFF,
    0x23, 0x19, 0xEB, 0x21, 0xA0, 0xBF, 0x19, 0xD0, 0xEB, 0x11, 0xD6, 0x17, 0x36, 0x00, 0x23, 0x36,
    0x00, 0x09, 0xC3, 0x40, 0x35, 0xFF, 0xC6, 0x60, 0x6F, 0x26, 0x00, 0xD2, 0x9F, 0x37, 0x24, 0x19,
    0xEB, 0x21, 0xC0, 0xBC, 0x19, 0xD8, 0xEB, 0x11, 0xD0, 0x17, 0xC3, 0x40, 0x35, 0xFF, 0xFF, 0xFF,
    0x2C, 0x7E, 0x27, 0x77, 0x2C, 0x56, 0x2C, 0x5E, 0x2D, 0x2D, 0x00, 0xCD, 0x17, 0x02, 0x3E, 0x20,
    0x12, 0xCD, 0x10, 0x02, 0x06, 0x02, 0xC3, 0xC4, 0x00, 0xFF, 0xFF, 0xFF, 0x2C, 0x2C, 0x2C, 0x7E,
    0xE6, 0x1F, 0xC6, 0x20, 0x6F, 0x26, 0x43, 0x01, 0xDF, 0xFF, 0x11, 0x1A, 0x00, 0x72, 0x23, 0x72,
    0x09, 0x1D, 0xC2, 0xDD, 0x37, 0xC9, 0xFF, 0xFF, 0xFF, 0xFF, 0xFF, 0xFF, 0xFF, 0xFF, 0xFF, 0xFF,
    0xFF, 0xFF, 0xFF, 0xFF, 0xFF, 0xFF, 0xFF, 0xFF, 0xFF, 0xFF, 0xFF, 0xFF, 0xFF, 0xFF, 0xFF, 0xFF,
    0x3A, 0xC4, 0x43, 0xE6, 0x08, 0xC8, 0x3A, 0xE6, 0x43, 0xC6, 0x08, 0x57, 0x3A, 0xD2, 0x4B, 0x5F,
    0x3A, 0xE7, 0x43, 0xE6, 0xE0, 0x47, 0x3A, 0xE7, 0x43, 0x93, 0x00, 0xE6, 0x1F, 0xB0, 0x5F, 0x1A,
    0xD6, 0x90, 0xD8, 0x47, 0x3A, 0xC6, 0x43, 0xE6, 0x07, 0xC6, 0x00, 0x6F, 0x26, 0x3E, 0x4E, 0x7B,
    0xE6, 0x0E, 0x07, 0x07, 0x5F, 0x3E, 0xA8, 0x93, 0x5F, 0x16, 0x4B, 0x78, 0xFE, 0x50, 0xDC, 0x44,
    0x38, 0xC3, 0x1C, 0x39, 0xC6, 0x60, 0x6F, 0x26, 0x3B, 0x7E, 0xA1, 0xC8, 0xCD, 0xA1, 0x38, 0xEB,
    0x7E, 0x36, 0x00, 0x2C, 0x2C, 0x2C, 0x2C, 0x56, 0xE1, 0x21, 0xBB, 0x43, 0x35, 0xFE, 0x0B, 0xDA,
    0x94, 0x38, 0x5F, 0x3E, 0xFF, 0x32, 0x69, 0x43, 0x21, 0x78, 0x43, 0x01, 0x10, 0x10, 0x7B, 0xFE,
    0x0F, 0xCA, 0xFB, 0x38, 0x7A, 0x0F, 0xE6, 0x7C, 0xC6, 0x30, 0x4F, 0x7B, 0xFE, 0x0E, 0xCA, 0xFB,
    0x38, 0x79, 0x0F, 0x4F, 0x7B, 0xFE, 0x0C, 0xD2, 0xFB, 0x38, 0x79, 0x0F, 0x4F, 0xC3, 0xFB, 0x38,
    0xFF, 0xFF, 0xFF, 0xFF, 0x01, 0x05, 0x0D, 0x3E, 0xFF, 0x32, 0x64, 0x43, 0xC3, 0xF8, 0x38, 0xFF,
    0xFF, 0xD5, 0x0E, 0x20, 0xEB, 0x23, 0x56, 0x23, 0x5E, 0x3A, 0x8C, 0x19, 0xC6, 0xDE, 0x6F, 0x26,
    0x17, 0xCD, 0xDE, 0x34, 0xD1, 0xC9, 0x35, 0xD1, 0xC9, 0xFF, 0xFF, 0xFF, 0xC6, 0xB0, 0x6F, 0x26,
    0x3B, 0x7E, 0xA1, 0xC8, 0xCD, 0xA1, 0x38, 0x1A, 0xD6, 0x0B, 0xDA, 0xE9, 0x38, 0xFE, 0x03, 0xD2,
    0xE9, 0x38, 0x47, 0x62, 0x7B, 0xC6, 0x05, 0x6F, 0x3A, 0xC6, 0x43, 0xBE, 0x17, 0x07, 0x07, 0xE6,
    0x04, 0xB0, 0xC6, 0xB8, 0x6F, 0x26, 0x3D, 0x7E, 0x12, 0x3E, 0xFF, 0x32, 0x66, 0x43, 0x01, 0x02,
    0x07, 0xC3, 0xF8, 0x38, 0xFF, 0xFF, 0xFF, 0xFF, 0x21, 0x70, 0x43, 0xAF, 0xBE, 0xCA, 0x06, 0x39,
    0x2C, 0x2C, 0x2C, 0x2C, 0xBE, 0xC0, 0x70, 0x2C, 0x71, 0x2C, 0x3A, 0xE6, 0x43, 0x77, 0x2C, 0x3A,
    0xE7, 0x43, 0x77, 0x3A, 0xC4, 0x43, 0xE6, 0xF7, 0x32, 0xC4, 0x43, 0xC9, 0x78, 0xFE, 0x20, 0xD2,
    0xBC, 0x38, 0xC9, 0xC8, 0x35, 0x2E, 0x8D, 0x7E, 0xE6, 0x3F, 0xF6, 0x80, 0x77, 0xC9, 0xC9, 0xFF,
    0x3A, 0xD2, 0x4B, 0xE6, 0x1E, 0xC6, 0xC0, 0x6F, 0x26, 0x3D, 0x5E, 0x2C, 0x6E, 0x26, 0x4B, 0xCD,
    0x00, 0x3A, 0x3A, 0x9F, 0x43, 0x82, 0x4F, 0x3A, 0x9E, 0x43, 0x92, 0x47, 0xE5, 0xCD, 0x5C, 0x39,
    0xE1, 0x7D, 0xC6, 0x08, 0x6F, 0x1D, 0xC2, 0x4C, 0x39, 0xC9, 0xFF, 0xFF, 0x7E, 0xFE, 0x05, 0xD8,
    0x7D, 0xC6, 0x05, 0x6F, 0x7E, 0xB8, 0xD8, 0xB9, 0xD0, 0xD6, 0x04, 0x47, 0x2D, 0x2D, 0x2D, 0x3A,
    0xD2, 0x4B, 0x86, 0xE6, 0x1F, 0x07, 0x07, 0x07, 0xC6, 0x08, 0x4F, 0xC3, 0xB7, 0x25, 0xFF, 0xFF,
    0x3A, 0xD2, 0x4B, 0xD6, 0x0C, 0xD8, 0xFE, 0x10, 0xD0, 0x21, 0xC4, 0x43, 0x11, 0xC0, 0x4B, 0x06,
    0x04, 0xCD, 0xE0, 0x05, 0x2E, 0xE6, 0x06, 0x02, 0xCD, 0xE0, 0x05, 0x2E, 0xE2, 0x11, 0xE6, 0x43,
    0x06, 0x02, 0xCD, 0xE0, 0x05, 0x2E, 0xC4, 0x36, 0x08, 0x11, 0x9E, 0x43, 0x3A, 0x9B, 0x43, 0x0F,
    0xDA, 0xBF, 0x39, 0x1C, 0x2E, 0xE7, 0x7E, 0xD6, 0x20, 0x77, 0x2D, 0x7E, 0xDE, 0x00, 0x77, 0x1A,
    0x32, 0xC6, 0x43, 0xCD, 0x00, 0x38, 0x21, 0xC4, 0x43, 0x7E, 0xE6, 0x08, 0xCA, 0xF0, 0x39, 0x21,
    0xE7, 0x43, 0x34, 0x7E, 0xE6, 0x1F, 0xFE, 0x1D, 0xDA, 0xC3, 0x39, 0x21, 0xC0, 0x4B, 0x11, 0xC4,
    0x43, 0x06, 0x04, 0xCD, 0xE0, 0x05, 0x1E, 0xE6, 0x06, 0x02, 0xC3, 0xE0, 0x05, 0xFF, 0xFF, 0xFF,
    0x2E, 0xA6, 0x7E, 0xFE, 0xC0, 0xDA, 0xC4, 0x0C, 0xD6, 0x01, 0x77, 0xC3, 0xDB, 0x39, 0xFF, 0xFF,
    0x3A, 0xBB, 0x43, 0xD6, 0x0C, 0x2F, 0x3C, 0x57, 0x3A, 0x9B, 0x43, 0x0F, 0x0F, 0xD8, 0xE1, 0xC9,
    0x21, 0xB8, 0x43, 0x7E, 0xA7, 0xC2, 0x43, 0x3B, 0x2E, 0x8D, 0x36, 0xCF, 0xC9, 0x21, 0x69, 0x43,
    0x7E, 0xA7, 0xCA, 0x40, 0x3A, 0xFE, 0x20, 0xDA, 0x2C, 0x3A, 0x36, 0x20, 0x35, 0x7E, 0x07, 0x07,
    0x00, 0x2F, 0xE6, 0x0E, 0x2E, 0x8D, 0x77, 0x2E, 0x68, 0x36, 0x00, 0x2E, 0x66, 0x36, 0x00, 0xC9,
    0x2E, 0x64, 0x7E, 0xA7, 0xCA, 0x62, 0x3A, 0xFE, 0x10, 0xDA, 0x4E, 0x3A, 0x36, 0x10, 0x35, 0x7E,
    0x0F, 0x00, 0x00, 0x2F, 0xE6, 0x07, 0xF6, 0x10, 0x2E, 0x8C, 0x77, 0x2E, 0x66, 0x36, 0x00, 0xC9,
    0x0F, 0x00, 0x2E, 0x66, 0x7E, 0xA7, 0xC8, 0xFE, 0x10, 0xDA, 0x78, 0x3A, 0x36, 0x10, 0x3A, 0xB8,
    0x43, 0xE6, 0x08, 0xCA, 0x78, 0x3A, 0x36, 0x05, 0x35, 0x2E, 0x8C, 0x7E, 0xE6, 0x08, 0xF6, 0x04,
    0x77, 0xC9, 0x21, 0x9A, 0x43, 0x7E, 0xFE, 0x03, 0xD8, 0x2E, 0x8D, 0x7E, 0xE6, 0x3F, 0x77, 0xC9,
    0x21, 0x6B, 0x43, 0x7E, 0xA7, 0xC3, 0x23, 0x39, 0x21, 0x70, 0x4B, 0x01, 0x00, 0x08, 0x11, 0xB0,
    0x03, 0x7E, 0x2C, 0xA0, 0xCA, 0xAE, 0x3A, 0x7E, 0xFE, 0x28, 0xDA, 0xAE, 0x3A, 0x0C, 0x7D, 0x82,
    0x6F, 0xBB, 0xC2, 0xA1, 0x3A, 0x79, 0xA7, 0xC8, 0xFE, 0x08, 0xDA, 0xBF, 0x3A, 0x3E, 0x08, 0xC6,
    0x25, 0x4F, 0x21, 0x8C, 0x43, 0x7E, 0xE6, 0xC0, 0xB1, 0x77, 0xC9, 0xFF, 0xFF, 0xFF, 0xFF, 0xFF,
    0x21, 0x8E, 0x43, 0x7E, 0xE6, 0x01, 0x07, 0x07, 0xF6, 0x20, 0x47, 0x2D, 0x7E, 0xE6, 0xC0, 0xB0,
    0x77, 0x2E, 0x96, 0x7E, 0x34, 0xA7, 0xCA, 0xF8, 0x3A, 0x3A, 0xD6, 0x4B, 0xC6, 0xE0, 0x5F, 0x16,
    0x3D, 0x1A, 0xBE, 0xD0, 0x36, 0x00, 0xC9, 0x5F, 0x2E, 0x8E, 0x34, 0x2D, 0x7E, 0xF6, 0x10, 0x77,
    0xC9, 0x8E, 0x21, 0x9A, 0x43, 0x7E, 0xFE, 0x02, 0xD0, 0x2C, 0x7E, 0x47, 0xE6, 0x60, 0x2E, 0x8D,
    0x36, 0x0A, 0xC0, 0x78, 0xE6, 0x02, 0xC6, 0x1C, 0x77, 0xC9, 0x78, 0x21, 0x62, 0x43, 0x7E, 0xA7,
    0xC8, 0xFE, 0x40, 0xDA, 0x28, 0x3B, 0x36, 0x40, 0x35, 0x7E, 0xE6, 0x06, 0x07, 0x00, 0x2E, 0x8D,
    0x77, 0xC9, 0xFF, 0x21, 0x6A, 0x43, 0x7E, 0xA7, 0xC8, 0x35, 0xE6, 0x08, 0xF6, 0x07, 0x2E, 0x8D,
    0x77, 0xC9, 0x8D, 0x21, 0xA4, 0x43, 0x7E, 0xFE, 0x03, 0xCC, 0xD6, 0x23, 0xCD, 0x33, 0x3B, 0xCD,
    0x1B, 0x3B, 0xCD, 0x1D, 0x3A, 0xCD, 0xBD, 0x27, 0xCD, 0x82, 0x3A, 0xC3, 0x90, 0x3A, 0xFF, 0xFF,
    0x1F, 0x7C, 0xF0, 0x01, 0xC0, 0x07, 0x7F, 0xFC, 0xF0, 0x07, 0xC0, 0x1F, 0xFF, 0xFC, 0x03, 0xF0,
    0x0F, 0xC0, 0x3F, 0xFC, 0x1F, 0xF0, 0x07, 0xFE, 0x3F, 0xF8, 0x0F, 0xFF, 0xFF, 0xFC, 0x1F, 0xFF,
    0xFC, 0x1F, 0xFC, 0x1F, 0xF0, 0x7F, 0xF0, 0x7F, 0xC0, 0xFF, 0x01, 0xC0, 0xFF, 0x01, 0x00, 0xFF,
    0x07, 0x00, 0xFF, 0x07, 0xFC, 0x1F, 0xFC, 0x1F, 0xF0, 0x7F, 0xF0, 0x7F, 0xC0, 0xFF, 0x01, 0xC0,
    0xFF, 0x01, 0x00, 0xFF, 0x07, 0xFF, 0x07, 0xFC, 0x1F, 0xF8, 0x0F, 0xF0, 0xC0, 0x03, 0xFF, 0xFF,
    0x03, 0xE0, 0x03, 0xE0, 0x0F, 0x80, 0x0F, 0x00, 0x3C, 0x00, 0x1E, 0x3F, 0x00, 0xFC, 0xF0, 0x00,
    0x7F, 0xFE, 0x00, 0xF0, 0x03, 0xE0, 0x00, 0x00, 0x0F, 0x80, 0x00, 0x00, 0x3F, 0x00, 0xFE, 0x30,
    0x00, 0x06, 0xFF, 0x00, 0xF8, 0x00, 0x00, 0x03, 0xE0, 0x00, 0xE0, 0x08, 0x20, 0x04, 0xC0, 0x01,
    0xE0, 0x03, 0xF8, 0x0F, 0x07, 0xE0, 0x3F, 0x03, 0xFF, 0xFF, 0xFF, 0x3F, 0xFC, 0xFF, 0xF8, 0xFF,
    0xFF, 0x07, 0xE0, 0x1F, 0xF0, 0xFF, 0xFC, 0xFF, 0x07, 0x1E, 0xFC, 0x1F, 0x1F, 0x7F, 0xFF, 0xFF,
    0xE8, 0x00, 0xE9, 0x00, 0xC4, 0xC6, 0xC5, 0xC7, 0xEA, 0x00, 0xEB, 0x00, 0x00, 0x00, 0xEC, 0x00,
    0xE9, 0x00, 0xC8, 0xCA, 0xC9, 0xCB, 0xEA, 0x00, 0xED, 0x00, 0x00, 0x00, 0xEE, 0x00, 0xEF, 0x00,
    0xCC, 0xCF, 0xCD, 0xD0, 0xCE, 0xD1, 0xF0, 0x00, 0xF1, 0x00, 0xF2, 0x00, 0xEF, 0x00, 0xD2, 0x00,
    0xD3, 0xD5, 0xD4, 0xD6, 0xF0, 0x00, 0xF3, 0x00, 0xE8, 0x00, 0xE9, 0x00, 0xC4, 0xC6, 0xC5, 0xC7,
    0x00, 0x00, 0xEC, 0x00, 0xE9, 0x00, 0xC8, 0xCA, 0xC9, 0xCB, 0x00, 0x00, 0xEE, 0x00, 0xEF, 0x00,
    0xCC, 0xCF, 0xCD, 0xD0, 0xDD, 0xD1, 0xF2, 0x00, 0xEF, 0x00, 0xD2, 0x00, 0xD3, 0xD5, 0xDD, 0xD6,
    0x00, 0x00, 0x00, 0x00, 0xC4, 0xC6, 0xC5, 0xC7, 0xEA, 0x00, 0xEB, 0x00, 0x00, 0x00, 0x00, 0x00,
    0x00, 0x00, 0xDB, 0xCA, 0xC9, 0xCB, 0xEA, 0x00, 0xED, 0x00, 0x00, 0x00, 0x00, 0x00, 0x00, 0x00,
    0xDC, 0xCF, 0xCD, 0xD0, 0xCE, 0xD1, 0xF0, 0x00, 0xF1, 0x00, 0x00, 0x00, 0x00, 0x00, 0x00, 0x00,
    0xD3, 0xD5, 0xD4, 0xD6, 0xF0, 0x00, 0xF3, 0x00, 0x00, 0x00, 0x00, 0x00, 0xC4, 0xC6, 0xC5, 0xC7,
    0x00, 0x00, 0x00, 0x00, 0x00, 0x00, 0xDB, 0xCA, 0xC9, 0xCB, 0x00, 0x00, 0x00, 0x00, 0x00, 0x00,
    0xDC, 0xCF, 0xCD, 0xD0, 0xDD, 0xD1, 0x00, 0x00, 0x00, 0x00, 0x00, 0x00, 0xD3, 0xD5, 0xDD, 0xD6,
    0x00, 0x00, 0xDE, 0xE2, 0xAB, 0xB2, 0xAC, 0xB3, 0xDF, 0xE3, 0x00, 0x00, 0x00, 0x00, 0x00, 0xE5,
    0xB4, 0xB6, 0xB5, 0xB7, 0xE4, 0xE6, 0x00, 0x00, 0x00, 0x00, 0x00, 0x00, 0xB8, 0xBB, 0xB9, 0xBC,
    0xBA, 0xBD, 0x00, 0x00, 0x00, 0x00, 0x00, 0x00, 0xBE, 0xC1, 0xBF, 0xC2, 0xC0, 0xC3, 0x00, 0xE7,
    0xFF, 0xFF, 0xFF, 0xFF, 0xFF, 0xFF, 0xFF, 0xFF, 0xFF, 0xFF, 0xFF, 0xFF, 0xFF, 0xFF, 0xFF, 0xFF,
    0x00, 0x00, 0xFA, 0xFC, 0xD7, 0xD9, 0xD8, 0xDA, 0xFB, 0xFD, 0x00, 0x00, 0xF4, 0xF6, 0xF5, 0x00,
    0xC4, 0xC6, 0xC5, 0xC7, 0xF7, 0x00, 0xF8, 0xF9, 0x00, 0x00, 0x00, 0x00, 0xA7, 0xA9, 0xA8, 0xAA,
    0x00, 0x00, 0x00, 0x00, 0x00, 0x00, 0xAB, 0xAD, 0xAC, 0xAE, 0x00, 0x00, 0x00, 0x00, 0xDE, 0x00,
    0xAB, 0xB0, 0xAC, 0xB1, 0xDF, 0x00, 0x00, 0x00, 0xDE, 0xE0, 0xAB, 0xB2, 0xAC, 0xB3, 0xDF, 0xE1,
    0x00, 0x00, 0x9D, 0x00, 0x9E, 0x00, 0x00, 0x00, 0x00, 0x00, 0x9F, 0x00, 0xA0, 0x00, 0x00, 0x00,
    0x00, 0x00, 0x00, 0x00, 0x9C, 0x00, 0x00, 0x00, 0x00, 0x00, 0x00, 0x00, 0xA3, 0xA5, 0xA4, 0xA6,
    0x00, 0x00, 0x9C, 0x00, 0x00, 0x00, 0x00, 0x00, 0x9D, 0x00, 0x9E, 0x00, 0x00, 0x00, 0x9F, 0x00,
    0xA0, 0x00, 0x00, 0x00, 0xA1, 0x00, 0xA2, 0x00, 0x00, 0x00, 0x96, 0x00, 0x00, 0x00, 0x00, 0x00,
    0x97, 0x00, 0x93, 0x00, 0x00, 0x00, 0x98, 0x00, 0x99, 0x00, 0x00, 0x00, 0x9A, 0x00, 0x9B, 0x00,
    0x00, 0x00, 0x90, 0x00, 0x00, 0x00, 0x00, 0x00, 0x91, 0x00, 0x00, 0x00, 0x00, 0x00, 0x92, 0x00,
    0x93, 0x00, 0x00, 0x00, 0x94, 0x00, 0x95, 0x00, 0x00, 0x00, 0x01, 0x00, 0x00, 0x00, 0x08, 0x00,
    0x00, 0x00, 0x0A, 0x00, 0x00, 0x00, 0x0B, 0x00, 0x0C, 0x0C, 0x0E, 0xFF, 0x0D, 0x0E, 0x0D, 0xFF,
    0x06, 0x70, 0x07, 0x70, 0x08, 0x70, 0x08, 0x70, 0x08, 0x70, 0x07, 0x78, 0x06, 0x80, 0x05, 0x88,
    0x04, 0x90, 0x03, 0x98, 0x02, 0xA0, 0x01, 0xA8, 0x02, 0x70, 0x03, 0x70, 0x04, 0x70, 0x05, 0x70,
    0x40, 0x40, 0x40, 0x40, 0x40, 0x40, 0x40, 0x34, 0x2C, 0x26, 0x20, 0x1C, 0x18, 0x14, 0x12, 0x0F,
    0x0D, 0x0B, 0x09, 0x08, 0x07, 0x06, 0x05, 0x04, 0x03, 0x02, 0x02, 0x02, 0x02, 0x02, 0x02, 0x02,
    0x01, 0x02, 0x04, 0x08, 0x10, 0x20, 0x40, 0x80, 0x3D, 0xA8, 0x3D, 0xAC, 0x3D, 0xB0, 0x3D, 0xB4,
    0x3D, 0x90, 0x3D, 0x96, 0x3D, 0x9C, 0x3D, 0xA2, 0x3D, 0x78, 0x3D, 0x7E, 0x3D, 0x84, 0x3D, 0x8A,
    0x3D, 0x60, 0x3D, 0x66, 0x3D, 0x6C, 0x3D, 0x72, 0x3D, 0x40, 0x3D, 0x48, 0x3D, 0x50, 0x3D, 0x58,
    0x3D, 0x18, 0x3D, 0x22, 0x3D, 0x2C, 0x3D, 0x36, 0x3C, 0xC0, 0x3D, 0x00, 0x3D, 0x0C, 0x3C, 0x00,
    0x3D, 0x58, 0x3D, 0x50, 0x3D, 0x48, 0x3D, 0x40, 0x3D, 0x36, 0x3D, 0x2C, 0x3D, 0x22, 0x3D, 0x18,
    0x3C, 0x00, 0x3D, 0x0C, 0x3D, 0x00, 0x3C, 0xC0, 0x3C, 0x00, 0x3C, 0x0E, 0x3C, 0x1C, 0x3C, 0x2A,
    0x3C, 0x38, 0x3C, 0x42, 0x3C, 0x4C, 0x3C, 0x56, 0x3C, 0x60, 0x3C, 0x6E, 0x3C, 0x7C, 0x3C, 0x8A,
    0x3C, 0x98, 0x3C, 0xA2, 0x3C, 0xAC, 0x3C, 0xB6, 0x3C, 0xC0, 0x3C, 0xCC, 0x3C, 0xD8, 0x3C, 0xE4,
    0x05, 0x40, 0x05, 0x20, 0x04, 0x30, 0x04, 0x10, 0x06, 0x48, 0x06, 0x28, 0x05, 0x38, 0x05, 0x18,
    0x07, 0x50, 0x07, 0x30, 0x06, 0x40, 0x06, 0x20, 0x08, 0x58, 0x08, 0x38, 0x07, 0x48, 0x07, 0x28,
    0x06, 0x10, 0x05, 0x20, 0x05, 0x30, 0x05, 0x40, 0x08, 0x18, 0x07, 0x28, 0x07, 0x38, 0x06, 0x48,
    0x08, 0x20, 0x07, 0x30, 0x07, 0x40, 0x07, 0x50, 0x08, 0x30, 0x08, 0x40, 0x08, 0x50, 0x08, 0x60,
    0xFF, 0x48, 0x40, 0x40, 0x40, 0x38, 0x30, 0x28, 0x38, 0x30, 0x28, 0x20, 0x30, 0x20, 0x30, 0x28,
    0x01, 0x01, 0x01, 0x01, 0x00, 0x00, 0x01, 0x01, 0x00, 0x01, 0x01, 0x01, 0x00, 0x00, 0x00, 0x01,
    0x05, 0x04, 0x03, 0x02, 0x01, 0x00, 0x00, 0x00, 0x00, 0x00, 0x01, 0x01, 0x01, 0x01, 0x02, 0x02,
    0x02, 0x02, 0x03, 0x03, 0x03, 0x04, 0x04, 0x04, 0x05, 0x05, 0x06, 0x06, 0x07, 0x08, 0x07, 0x06,
    0xFF, 0xFF, 0xFF, 0xFF, 0xFF, 0xFF, 0xFF, 0xFF, 0x20, 0xFF, 0x02, 0xFF, 0x36, 0xD2, 0x36, 0xC0,
    0x20, 0xFF, 0x03, 0xFF, 0x36, 0xD2, 0x35, 0xE0, 0x30, 0xFF, 0x04, 0xFF, 0x36, 0xD2, 0x35, 0xE0,
    0x10, 0xFF, 0x05, 0xFF, 0x36, 0xEA, 0x35, 0xE0, 0x10, 0xFF, 0x06, 0xFF, 0x36, 0xEA, 0x36, 0xC0,
    0x10, 0x60, 0x07, 0x1F, 0x37, 0x0A, 0x36, 0xC0, 0xF0, 0x10, 0x0B, 0x1A, 0x37, 0x0A, 0x36, 0xC0,
    0x40, 0xFF, 0x04, 0xFF, 0x36, 0xEA, 0x36, 0xC0, 0x10, 0xFF, 0x08, 0xFF, 0x36, 0xEA, 0x36, 0xC0,
    0x40, 0x10, 0x0F, 0x17, 0x37, 0x0A, 0x36, 0xC0, 0x10, 0xFF, 0x0A, 0xFF, 0x36, 0xEA, 0x35, 0xE0,
    0xFF, 0xFF, 0xFF, 0xFF, 0x36, 0xCC, 0x35, 0xE0, 0xFF, 0xFF, 0xFF, 0xFF, 0x36, 0xCC, 0x35, 0xE0,
    0x10, 0xFF, 0x06, 0xFF, 0x36, 0xEA, 0x35, 0xE0, 0x10, 0x10, 0x07, 0x79, 0x37, 0x0A, 0x35, 0xE0,
    0x01, 0x48, 0xEE, 0x00, 0x10, 0xB0, 0x10, 0x20, 0x01, 0x49, 0x2C, 0x00, 0x10, 0xA0, 0x00, 0xB0,
    0x01, 0x49, 0x6A, 0x00, 0x10, 0x90, 0x00, 0xB8, 0x01, 0x49, 0xA8, 0x00, 0x10, 0x80, 0x00, 0xC0,
    0x01, 0x49, 0xE6, 0x00, 0x10, 0x70, 0x00, 0xC8, 0x01, 0x4A, 0x24, 0x00, 0x10, 0x60, 0x00, 0xC8,
    0x01, 0x4A, 0x62, 0x00, 0x10, 0x50, 0x00, 0xC8, 0x01, 0x4A, 0xA0, 0x00, 0x10, 0x40, 0x00, 0xC8,
    0x01, 0x4A, 0xCE, 0x00, 0x10, 0x38, 0x00, 0xB0, 0x01, 0x48, 0xCC, 0x00, 0x10, 0xB8, 0x10, 0x20,
    0x01, 0x4A, 0xCA, 0x00, 0x10, 0x38, 0x00, 0xB8, 0x01, 0x48, 0xC8, 0x00, 0x10, 0xB8, 0x10, 0x18,
    0x01, 0x4A, 0xC6, 0x00, 0x10, 0x38, 0x00, 0xC0, 0x01, 0x48, 0xC4, 0x00, 0x10, 0xB8, 0x10, 0x10,
    0x01, 0x4A, 0xC2, 0x00, 0x10, 0x38, 0x00, 0xC8, 0x01, 0x48, 0xC0, 0x00, 0x10, 0xB8, 0x10, 0x08,
};
