0001   0000             ;*****************************************************************************
0002   0000             ;*                                                                           *
0003   0000             ;* PHOENIX (AMSTAR, SET 1).  Amstar Electronics Corp. 1980                   *
0004   0000             ;*                                                                           *
0005   0000             ;*****************************************************************************
0006   0000             ;* This code refers to the "maincpu" section of the ROM region from ROM set. *
0007   0000             ;*                                                                           *
0008   0000             ;* ROM region offsets:                                                       *
0009   0000             ;*  ic45        $0000-$07FF                                                  *
0010   0000             ;*  ic46        $0800-$0FFF                                                  *
0011   0000             ;*  ic47        $1000-$17FF                                                  *
0012   0000             ;*  ic48        $1800-$1FFF                                                  *
0013   0000             ;*  h5-ic49.5a  $2000-$27FF                                                  *
0014   0000             ;*  h6-ic50.6a  $2800-$2FFF                                                  *
0015   0000             ;*  h7-ic51.7a  $3000-$37FF                                                  *
0016   0000             ;*  h8-ic52.8a  $3800-$3FFF                                                  *
0017   0000             ;*****************************************************************************
0018   0000             ;* 20250330                                                                  *
0019   0000             ;* Skipped all unused code and data.                                         *
0020   0000             ;* All code and data at original offsets.                                    *
0021   0000             ;* Assebled with 'Micro Z80 assembler - uz80as' (v2.02).                     *
0022   0000             ;* https://github.com/jorgicor/uz80as                                        *
0023   0000             ;* Usage:                                                                    *
0024   0000             ;* uz80as.exe -x Phoenix.asm                                                 *
0025   0000             ;*****************************************************************************
0026   0000             
0027   0000             ; ForegroundScreen.
0028   0000             ForegroundScreen       .EQU $4000       ;32*26 bytes for the foreground screen
0029   0000             
0030   0000             ; General storage.
0031   0000             ; Alien-formation attack controller data:
0032   0000             ; Drives when and how aliens break out of the base formation to fly their "closed loop" swooping attack patterns.
0033   0000             ; The whole structure (`$4350`–`$437F`) is zeroed at level init by the routine at `$32B0`,
0034   0000             ; and it's serviced every frame by a 7 way state machine dispatched through the jump table `T3018` (indexed by `Counter93`),
0035   0000             ; with each handler reading/updating the behavior state in `$4350`.
0036   0000             M4350                  .EQU $4350       ;Alien behavior state (the state-machine variable, values 0–6)
0037   0000             M4351                  .EQU $4351       ;MSB of next closed loop pattern (into the `T2Exx` / `T3330` pattern tables)
0038   0000             M4352                  .EQU $4352       ;LSB of next closed loop pattern (into the `T2Exx` / `T3330` pattern tables)
0039   0000             M4353                  .EQU $4353       ;Number of aliens doing the closed loop pattern (how many attackers)
0040   0000             M4354                  .EQU $4354       ;LSB pointer to the currently selected lead attacking alien (`$4B50`/`$4B72` grid slot)
0041   0000             M4355                  .EQU $4355       ;Delay counter before the next attack is armed (→ behavior state 1)
0042   0000             M4356                  .EQU $4356       ;Rotating 0–15 "movement start" index (from `$4395`) used to sync aliens
0043   0000             M4357                  .EQU $4357       ;Attack-cycle/escalation counter (0–3); scales attacker count and difficulty
0044   0000             M4358                  .EQU $4358       ;Inter-step timer for the angry downward-push movement pattern
0045   0000             M4359                  .EQU $4359       ;Staggered group countdown timer 1 for phased alien launches
0046   0000             M435A                  .EQU $435A       ;Staggered group countdown timer 2 for phased alien launches
0047   0000             M435B                  .EQU $435B       ;Staggered group countdown timer 3 for phased alien launches
0048   0000             
0049   0000             ; Flags and counter:
0050   0000             M435E                  .EQU $435E       ;Flag for: 'AliensLeft < 5' ($FF)
0051   0000             M435F                  .EQU $435F       ;8 bit counter for alien movement
0052   0000             PlayerMoved            .EQU $4360       ;Flag for: 'Player moved' ($FF)
0053   0000             BulletTriggered        .EQU $4361       ;Flag for: 'Bullet triggered' ($30) and counter
0054   0000             M4362                  .EQU $4362       ;Flag for: 'Player shield active' and animation counter
0055   0000             ParticleExplosion      .EQU $4363       ;Flag for: 'Particle explosion start' and animation counter
0056   0000             M4364                  .EQU $4364       ;Flag for: 'Enemy hit detected' ($FF) and counter
0057   0000             
0058   0000             M4366                  .EQU $4366       ;Flag for: 'Mothership or bird wing hit detected' ($FF)
0059   0000             M4367                  .EQU $4367       ;Flag for: 'Mothership partially faded in' ($FF)
0060   0000             M4368                  .EQU $4368       ;Maturity of the birds. From 'egg' over 'no wings' to 'adult' ($01 to $0F)
0061   0000             M4369                  .EQU $4369       ;Flag for: 'Bonus explosion' ($FF)
0062   0000             M436A                  .EQU $436A       ;Flag for: 'Bonus live added' ($FF) and counter
0063   0000             M436B                  .EQU $436B       ;Flag for: 'Mother ship score display' ($FF) and counter
0064   0000             
0065   0000             ; Shape of the next bird attack:
0066   0000             ; All three are recomputed by `L3560` each time a new bird group is dispatched.
0067   0000             M436D                  .EQU $436D       ;Horizontal start position of the bird group
0068   0000             M436E                  .EQU $436E       ;Bird count / formation-size for the wave
0069   0000             M436F                  .EQU $436F       ;Per-wave random variation seed (keeps successive waves from being identical)
0070   0000             
0071   0000             ;Explosion slots for animation:
0072   0000             M4370                  .EQU $4370       ;Explosion slot0 animation index
0073   0000             M4371                  .EQU $4371       ;Explosion slot0 BCD score value (last digit is ever 0)
0074   0000             M4372                  .EQU $4372       ;Explosion slot0 MSB screen ram
0075   0000             M4373                  .EQU $4373       ;Explosion slot0 LSB screen ram
0076   0000             M4374                  .EQU $4374       ;Explosion slot1 animation index
0077   0000             M4375                  .EQU $4375       ;Explosion slot1 BCD score value (last digit is ever 0)
0078   0000             M4376                  .EQU $4376       ;Explosion slot1 MSB screen ram
0079   0000             M4377                  .EQU $4377       ;Explosion slot1 LSB screen ram
0080   0000             M4378                  .EQU $4378       ;Bonus explosion slot0 animation index
0081   0000             M4379                  .EQU $4379       ;Bonus explosion slot0 BCD score value (last digit is ever 0)
0082   0000             M437A                  .EQU $437A       ;Bonus explosion slot0 MSB screen ram
0083   0000             M437B                  .EQU $437B       ;Bonus explosion slot0 LSB screen ram
0084   0000             M437C                  .EQU $437C       ;Bonus explosion slot1 animation index
0085   0000             M437D                  .EQU $437D       ;Bonus explosion slot1 BCD score value (last digit is ever 0)
0086   0000             M437E                  .EQU $437E       ;Bonus explosion slot1 MSB screen ram
0087   0000             M437F                  .EQU $437F       ;Bonus explosion slot1 LSB screen ram
0088   0000             
0089   0000             ;For the score:
0090   0000             M4380                  .EQU $4380       ;Ever set to 0 (prevents overflow)
0091   0000             Score1high             .EQU $4381       ;Player 1 score BCD (high)
0092   0000             Score1mid              .EQU $4382       ;Player 1 score BCD (mid)
0093   0000             Score1low              .EQU $4383       ;Player 1 score BCD (low)
0094   0000             M4384                  .EQU $4384       ;Ever set to 0 (prevents overflow)
0095   0000             Score2high             .EQU $4385       ;Player 2 score BCD (high)
0096   0000             Score2mid              .EQU $4386       ;Player 2 score BCD (mid)
0097   0000             Score2low              .EQU $4387       ;Player 2 score BCD (low)
0098   0000             M4388                  .EQU $4388       ;Ever set to 0 (prevents overflow)
0099   0000             HiScorehigh            .EQU $4389       ;Hi score BCD (high)
0100   0000             HiScoremid             .EQU $438A       ;Hi score BCD (mid)
0101   0000             HiScorelow             .EQU $438B       ;Hi score BCD (low)
0102   0000             
0103   0000             ;For general purposes:
0104   0000             SoundControlA          .EQU $438C       ;RAM copy of sound device control register A (0x6000)
0105   0000             SoundControlB          .EQU $438D       ;RAM copy of sound device control register B (0x6800)
0106   0000             M438E                  .EQU $438E       ;Bird-wave background-sound phase (advances the melody, low bit drives SoundControlB)
0107   0000             CoinCount              .EQU $438F       ;Number of coins inserted (max is 9)
0108   0000             Player1Lives           .EQU $4390       ;Player 1 number of lives
0109   0000             Player2Lives           .EQU $4391       ;Player 2 number of lives
0110   0000             M4392                  .EQU $4392       ;Ever set to 0 ?
0111   0000             Counter93              .EQU $4393       ;Free running counter during playtime at game level 3
0112   0000             M4394                  .EQU $4394       ;Start value list pointer for alien movement MSB
0113   0000             M4395                  .EQU $4395       ;Start value list pointer for alien movement LSB
0114   0000             M4396                  .EQU $4396       ;Bird-wave background-sound step timer (counts frames per tone vs `T3DE0` duration)
0115   0000             M4397                  .EQU $4397       ;Score "dirty" flag — `0` means score changed this frame -> redraw the digits
0116   0000             M4398                  .EQU $4398       ;16 bit counter (MSB) actual index for slow print at intro splash
0117   0000             M4399                  .EQU $4399       ;16 bit counter (LSB) actual index for slow print at intro splash
0118   0000             Counter9A              .EQU $439A       ;16 bit counter (MSB) for animation
0119   0000             M439B                  .EQU $439B       ;16 bit counter (LSB) for animation and next index for slow print at intro splash
0120   0000             M439C                  .EQU $439C       ;Spiral-fill animation step counter (level 4/6/8 inter-wave fade-in)
0121   0000             M439D                  .EQU $439D       ;Fist two digits of BCD score value for mothership explosion
0122   0000             M439E                  .EQU $439E       ;Mapped player ship position, left part: ($09 to $C0)
0123   0000             M439F                  .EQU $439F       ;Mapped player ship position, right part: ($17 to $C8)
0124   0000             IN0Current             .EQU $43A0       ;Current value of IN0: bit0='coin', bit1='1 player', bit2='2 players', bit4='fire', bit5='right', bit6='left', bit7='shield'
0125   0000             IN0Previous            .EQU $43A1       ;Previous value of IN0
0126   0000             GameOrAttract          .EQU $43A2       ;Attract mode=0, One player game mode=1, Two players game mode=2
0127   0000             GameAndDemoOrSplash    .EQU $43A3       ;Game and demo for player 1=0, Game for player 2=1, Intro splash=2
0128   0000             GameState              .EQU $43A4       ;Game state=0 - 7
0129   0000             CounterA5              .EQU $43A5       ;8 bit counter (e.g.: score flash time)
0130   0000             ShieldCount            .EQU $43A6       ;Counts shield time and controls shield picture. Shields end at C0.
0131   0000             AnimationCounter       .EQU $43A7       ;For mothership's antenna and the alien pilot animation
0132   0000             M43A8                  .EQU $43A8       ;Temporary storage (MSB of pointer to table $1860)
0133   0000             M43A9                  .EQU $43A9       ;Temporary storage (LSB of pointer to table $1860)
0134   0000             M43AA                  .EQU $43AA       ;Mothership-wave frame counter (times antenna/pilot animation and star scroll)
0135   0000             M43AB                  .EQU $43AB       ;Counter for planet trigger
0136   0000             M43AC                  .EQU $43AC       ;Planet vertical spacing increment (added to trigger `$43AB`)
0137   0000             M43AD                  .EQU $43AD       ;Planet X index -> `T1E60` (screen-RAM LSB), incremented per planet
0138   0000             M43AE                  .EQU $43AE       ;Planet X index -> `T1E20` (screen-RAM MSB), incremented per planet
0139   0000             M43AF                  .EQU $43AF       ;`CounterB9` trigger for the next galaxy
0140   0000             M43B0                  .EQU $43B0       ;Galaxy spacing decrement (subtracted from `$43AF`)
0141   0000             M43B1                  .EQU $43B1       ;Galaxy X index -> `T1E80`, incremented per galaxy
0142   0000             M43B2                  .EQU $43B2       ;MSB pointer into the background pattern tables `T1C00`/`T1D00`/`T1F00`
0143   0000             M43B3                  .EQU $43B3       ;LSB pointer into the background pattern tables `T1C00`/`T1D00`/`T1F00`
0144   0000             CounterB4              .EQU $43B4       ;8 bit counter (stars scrolling down, aliens fade in time)
0145   0000             M43B5                  .EQU $43B5       ;Reserved/unused byte always `$FF`
0146   0000             M43B6                  .EQU $43B6       ;End-of-wave countdown timer that advances the game to the next level/round
0147   0000             
0148   0000             LevelAndRound          .EQU $43B8       ;Bit0 - 3: game level, bit4 - 7: game round
0149   0000             CounterB9              .EQU $43B9       ;8 bit backwards counter
0150   0000             AliensLeft             .EQU $43BA       ;Number of aliens left in wave (16 at new)
0151   0000             BirdsLeft              .EQU $43BB       ;Number of birds left in wave (8 at new)
0152   0000             M43BC                  .EQU $43BC       ;Reserved/unused byte
0153   0000             M43BD                  .EQU $43BD       ;Low byte of the bonus extra-life score threshold; rewritten (nibble-swapped `BonusLivesAt`) after a bonus is granted
0154   0000             BonusLivesAt           .EQU $43BE       ;Middle byte of the threshold, set from DIP switches to `$30/$40/$50/$60` = 3000/4000/5000/6000 points
0155   0000             M43BF                  .EQU $43BF       ;High byte of the bonus extra-life score threshold
0156   0000             
0157   0000             ; Player and player bullets, data structure (grid).
0158   0000             PlayerState            .EQU $43C0       ;Player ship control state register
0159   0000             PlayerShape            .EQU $43C1       ;LSB for T1400 player ship character block shapes table
0160   0000             PlayerShipX            .EQU $43C2       ;Player ship, coordinate X ($0C=min.left, $64=default, $C0=max.right)
0161   0000             PlayerShipY            .EQU $43C3       ;Player ship, coordinate Y ($D8)
0162   0000             PlayerBulletState      .EQU $43C4       ;Player bullet, control state register
0163   0000             PlayerBulletShape      .EQU $43C5       ;Player bullet, character code ($50 to $57)
0164   0000             PlayerBulletX          .EQU $43C6       ;Player bullet, coordinate X
0165   0000             PlayerBulletY          .EQU $43C7       ;Player bullet, coordinate Y ($D0=min.bottom, $18=max.top)
0166   0000             AbovePlayerBulletState .EQU $43C8       ;One position above player bullet, control state register
0167   0000             AbovePlayerBulletShape .EQU $43C9       ;One position above player bullet, character code ($50 to $57)
0168   0000             AbovePlayerBulletX     .EQU $43CA       ;One position above player bullet, coordinate X
0169   0000             AbovePlayerBulletY     .EQU $43CB       ;One position above player bullet, coordinate Y
0170   0000             
0171   0000             ; Alien and bird bullets, data structure (grid).
0172   0000             AlienBullet0State      .EQU $43CC       ;Enemy bullet 0, control state register
0173   0000             AlienBullet0Shape      .EQU $43CD       ;Enemy bullet 0, character code ($58 to $5F)
0174   0000             AlienBullet0X          .EQU $43CE       ;Enemy bullet 0, coordinate X
0175   0000             AlienBullet0Y          .EQU $43CF       ;Enemy bullet 0, coordinate Y
0176   0000             AlienBullet1State      .EQU $43D0       ;Enemy bullet 1, control state register
0177   0000             AlienBullet1Shape      .EQU $43D1       ;Enemy bullet 1, character code ($58 to $5F)
0178   0000             AlienBullet1X          .EQU $43D2       ;Enemy bullet 1, coordinate X
0179   0000             AlienBullet1Y          .EQU $43D3       ;Enemy bullet 1, coordinate Y
0180   0000             AlienBullet2State      .EQU $43D4       ;Enemy bullet 2, control state register
0181   0000             AlienBullet2Shape      .EQU $43D5       ;Enemy bullet 2, character code ($58 to $5F)
0182   0000             AlienBullet2X          .EQU $43D6       ;Enemy bullet 2, coordinate X
0183   0000             AlienBullet2Y          .EQU $43D7       ;Enemy bullet 2, coordinate Y
0184   0000             AlienBullet3State      .EQU $43D8       ;Enemy bullet 3, control state register
0185   0000             AlienBullet3Shape      .EQU $43D9       ;Enemy bullet 3, character code ($58 to $5F)
0186   0000             AlienBullet3X          .EQU $43DA       ;Enemy bullet 3, coordinate X
0187   0000             AlienBullet3Y          .EQU $43DB       ;Enemy bullet 3, coordinate Y
0188   0000             AlienBullet4State      .EQU $43DC       ;Enemy bullet 4, control state register
0189   0000             AlienBullet4Shape      .EQU $43DD       ;Enemy bullet 4, character code ($58 to $5F)
0190   0000             AlienBullet4X          .EQU $43DE       ;Enemy bullet 4, coordinate X
0191   0000             AlienBullet4Y          .EQU $43DF       ;Enemy bullet 4, coordinate Y
0192   0000             
0193   0000             ; Player and player bullets, data structure (screen ram).
0194   0000             OldPlayerShipMSB       .EQU $43E0       ;Old MSB screen ram: Upper left character of player ship
0195   0000             OldPlayerShipLSB       .EQU $43E1       ;Old LSB screen ram: Upper left character of player ship
0196   0000             PlayerShipMSB          .EQU $43E2       ;MSB screen ram: Upper left character of player ship
0197   0000             PlayerShipLSB          .EQU $43E3       ;LSB screen ram: Upper left character of player ship
0198   0000             PlayerBulletMSB        .EQU $43E4       ;MSB screen ram: Player bullet
0199   0000             PlayerBulletLSB        .EQU $43E5       ;LSB screen ram: Player bullet
0200   0000             AbovePlayerBulletMSB   .EQU $43E6       ;MSB screen ram: One character above player bullet
0201   0000             AbovePlayerBulletLSB   .EQU $43E7       ;LSB screen ram: One character above player bullet
0202   0000             M43E8                  .EQU $43E8       ;MSB of its previous position (erase pointer, refreshed by `L0886`)
0203   0000             M43E9                  .EQU $43E9       ;LSB of its previous position (erase pointer, refreshed by `L0886`)
0204   0000             M43EA                  .EQU $43EA       ;MSB of its current position (draw + collision pointer, recomputed each frame by `L09A0` from `$43CA:$43CB`)
0205   0000             M43EB                  .EQU $43EB       ;LSB of its current position (draw + collision pointer, recomputed each frame by `L09A0` from `$43CA:$43CB`)
0206   0000             
0207   0000             ; Alien and bird bullets, data structure (screen ram).
0208   0000             OldAlienBullet0MSB     .EQU $43EC       ;Old MSB screen ram: Enemy bullet 0
0209   0000             OldAlienBullet0LSB     .EQU $43ED       ;Old LSB screen ram: Enemy bullet 0
0210   0000             AlienBullet0MSB        .EQU $43EE       ;MSB screen ram: Enemy bullet 0
0211   0000             AlienBullet0LSB        .EQU $43EF       ;LSB screen ram: Enemy bullet 0
0212   0000             OldAlienBullet1MSB     .EQU $43F0       ;Old MSB screen ram: Enemy bullet 1
0213   0000             OldAlienBullet1LSB     .EQU $43F1       ;Old LSB screen ram: Enemy bullet 1
0214   0000             AlienBullet1MSB        .EQU $43F2       ;MSB screen ram: Enemy bullet 1
0215   0000             AlienBullet1LSB        .EQU $43F3       ;LSB screen ram: Enemy bullet 1
0216   0000             OldAlienBullet2MSB     .EQU $43F4       ;Old MSB screen ram: Enemy bullet 2
0217   0000             OldAlienBullet2LSB     .EQU $43F5       ;Old LSB screen ram: Enemy bullet 2
0218   0000             AlienBullet2MSB        .EQU $43F6       ;MSB screen ram: Enemy bullet 2
0219   0000             AlienBullet2LSB        .EQU $43F7       ;LSB screen ram: Enemy bullet 2
0220   0000             OldAlienBullet3MSB     .EQU $43F8       ;Old MSB screen ram: Enemy bullet 3
0221   0000             OldAlienBullet3LSB     .EQU $43F9       ;Old LSB screen ram: Enemy bullet 3
0222   0000             AlienBullet3MSB        .EQU $43FA       ;MSB screen ram: Enemy bullet 3
0223   0000             AlienBullet3LSB        .EQU $43FB       ;LSB screen ram: Enemy bullet 3
0224   0000             OldAlienBullet4MSB     .EQU $43FC       ;Old MSB screen ram: Enemy bullet 4
0225   0000             OldAlienBullet4LSB     .EQU $43FD       ;Old LSB screen ram: Enemy bullet 4
0226   0000             AlienBullet4MSB        .EQU $43FE       ;MSB screen ram: Enemy bullet 4
0227   0000             AlienBullet4LSB        .EQU $43FF       ;LSB screen ram: Enemy bullet 4
0228   0000             
0229   0000             ; Background screen.
0230   0000             BackgroundScreen       .EQU $4800       ;32*26 bytes for the background screen
0231   0000             
0232   0000             ; Pointer to alien movement pattern.
0233   0000             M4B50                  .EQU $4B50       ;Alien0 movement pattern table MSB
0234   0000             M4B51                  .EQU $4B51       ;Alien0 movement pattern table LSB
0235   0000             M4B52                  .EQU $4B52       ;Alien1 movement pattern table MSB
0236   0000             M4B53                  .EQU $4B53       ;Alien1 movement pattern table LSB
0237   0000             M4B54                  .EQU $4B54       ;Alien2 movement pattern table MSB
0238   0000             M4B55                  .EQU $4B55       ;Alien2 movement pattern table LSB
0239   0000             M4B56                  .EQU $4B56       ;Alien3 movement pattern table MSB
0240   0000             M4B57                  .EQU $4B57       ;Alien3 movement pattern table LSB
0241   0000             M4B58                  .EQU $4B58       ;Alien4 movement pattern table MSB
0242   0000             M4B59                  .EQU $4B59       ;Alien4 movement pattern table LSB
0243   0000             M4B5A                  .EQU $4B5A       ;Alien5 movement pattern table MSB
0244   0000             M4B5B                  .EQU $4B5B       ;Alien5 movement pattern table LSB
0245   0000             M4B5C                  .EQU $4B5C       ;Alien6 movement pattern table MSB
0246   0000             M4B5D                  .EQU $4B5D       ;Alien6 movement pattern table LSB
0247   0000             M4B5E                  .EQU $4B5E       ;Alien7 movement pattern table MSB
0248   0000             M4B5F                  .EQU $4B5F       ;Alien7 movement pattern table LSB
0249   0000             M4B60                  .EQU $4B60       ;Alien8 movement pattern table MSB
0250   0000             M4B61                  .EQU $4B61       ;Alien8 movement pattern table LSB
0251   0000             M4B62                  .EQU $4B62       ;Alien9 movement pattern table MSB
0252   0000             M4B63                  .EQU $4B63       ;Alien9 movement pattern table LSB
0253   0000             M4B64                  .EQU $4B64       ;AlienA movement pattern table MSB
0254   0000             M4B65                  .EQU $4B65       ;AlienA movement pattern table LSB
0255   0000             M4B66                  .EQU $4B66       ;AlienB movement pattern table MSB
0256   0000             M4B67                  .EQU $4B67       ;AlienB movement pattern table LSB
0257   0000             M4B68                  .EQU $4B68       ;AlienC movement pattern table MSB
0258   0000             M4B69                  .EQU $4B69       ;AlienC movement pattern table LSB
0259   0000             M4B6A                  .EQU $4B6A       ;AlienD movement pattern table MSB
0260   0000             M4B6B                  .EQU $4B6B       ;AlienD movement pattern table LSB
0261   0000             M4B6C                  .EQU $4B6C       ;AlienE movement pattern table MSB
0262   0000             M4B6D                  .EQU $4B6D       ;AlienE movement pattern table LSB
0263   0000             M4B6E                  .EQU $4B6E       ;AlienF movement pattern table MSB
0264   0000             M4B6F                  .EQU $4B6F       ;AlienF movement pattern table LSB
0265   0000             
0266   0000             ; Alien data structure (grid).
0267   0000             ; Used for all levels with the 16 aliens.
0268   0000             ; Level: 1, 2, 5 (with mothership), 6, 7, 10(with mothership).
0269   0000             ; During 'fade in' phase, the alien control state B is holding the character code!
0270   0000             M4B70                  .EQU $4B70       ;Alien0 control state A
0271   0000             M4B71                  .EQU $4B71       ;Alien0 control state B (LSB for T14xx)
0272   0000             M4B72                  .EQU $4B72       ;Alien0 screen coordinate X
0273   0000             M4B73                  .EQU $4B73       ;Alien0 screen coordinate Y
0274   0000             M4B74                  .EQU $4B74       ;Alien1 control state A
0275   0000             M4B75                  .EQU $4B75       ;Alien1 control state B (LSB for T14xx)
0276   0000             M4B76                  .EQU $4B76       ;Alien1 screen coordinate X
0277   0000             M4B77                  .EQU $4B77       ;Alien1 screen coordinate Y
0278   0000             M4B78                  .EQU $4B78       ;Alien2 control state A
0279   0000             M4B79                  .EQU $4B79       ;Alien2 control state B (LSB for T14xx)
0280   0000             M4B7A                  .EQU $4B7A       ;Alien2 screen coordinate X
0281   0000             M4B7B                  .EQU $4B7B       ;Alien2 screen coordinate Y
0282   0000             M4B7C                  .EQU $4B7C       ;Alien3 control state A
0283   0000             M4B7D                  .EQU $4B7D       ;Alien3 control state B (LSB for T14xx)
0284   0000             M4B7E                  .EQU $4B7E       ;Alien3 screen coordinate X
0285   0000             M4B7F                  .EQU $4B7F       ;Alien3 screen coordinate Y
0286   0000             M4B80                  .EQU $4B80       ;Alien4 control state A
0287   0000             M4B81                  .EQU $4B81       ;Alien4 control state B (LSB for T14xx)
0288   0000             M4B82                  .EQU $4B82       ;Alien4 screen coordinate X
0289   0000             M4B83                  .EQU $4B83       ;Alien4 screen coordinate Y
0290   0000             M4B84                  .EQU $4B84       ;Alien5 control state A
0291   0000             M4B85                  .EQU $4B85       ;Alien5 control state B (LSB for T14xx)
0292   0000             M4B86                  .EQU $4B86       ;Alien5 screen coordinate X
0293   0000             M4B87                  .EQU $4B87       ;Alien5 screen coordinate Y
0294   0000             M4B88                  .EQU $4B88       ;Alien6 control state A
0295   0000             M4B89                  .EQU $4B89       ;Alien6 control state B (LSB for T14xx)
0296   0000             M4B8A                  .EQU $4B8A       ;Alien6 screen coordinate X
0297   0000             M4B8B                  .EQU $4B8B       ;Alien6 screen coordinate Y
0298   0000             M4B8C                  .EQU $4B8C       ;Alien7 control state A
0299   0000             M4B8D                  .EQU $4B8D       ;Alien7 control state B (LSB for T14xx)
0300   0000             M4B8E                  .EQU $4B8E       ;Alien7 screen coordinate X
0301   0000             M4B8F                  .EQU $4B8F       ;Alien7 screen coordinate Y
0302   0000             M4B90                  .EQU $4B90       ;Alien8 control state A
0303   0000             M4B91                  .EQU $4B91       ;Alien8 control state B (LSB for T14xx)
0304   0000             M4B92                  .EQU $4B92       ;Alien8 screen coordinate X
0305   0000             M4B93                  .EQU $4B93       ;Alien8 screen coordinate Y
0306   0000             M4B94                  .EQU $4B94       ;Alien9 control state A
0307   0000             M4B95                  .EQU $4B95       ;Alien9 control state B (LSB for T14xx)
0308   0000             M4B96                  .EQU $4B96       ;Alien9 screen coordinate X
0309   0000             M4B97                  .EQU $4B97       ;Alien9 screen coordinate Y
0310   0000             M4B98                  .EQU $4B98       ;AlienA control state A
0311   0000             M4B99                  .EQU $4B99       ;AlienA control state B (LSB for T14xx)
0312   0000             M4B9A                  .EQU $4B9A       ;AlienA screen coordinate X
0313   0000             M4B9B                  .EQU $4B9B       ;AlienA screen coordinate Y
0314   0000             M4B9C                  .EQU $4B9C       ;AlienB control state A
0315   0000             M4B9D                  .EQU $4B9D       ;AlienB control state B (LSB for T14xx)
0316   0000             M4B9E                  .EQU $4B9E       ;AlienB screen coordinate X
0317   0000             M4B9F                  .EQU $4B9F       ;AlienB screen coordinate Y
0318   0000             M4BA0                  .EQU $4BA0       ;AlienC control state A
0319   0000             M4BA1                  .EQU $4BA1       ;AlienC control state B (LSB for T14xx)
0320   0000             M4BA2                  .EQU $4BA2       ;AlienC screen coordinate X
0321   0000             M4BA3                  .EQU $4BA3       ;AlienC screen coordinate Y
0322   0000             M4BA4                  .EQU $4BA4       ;AlienD control state A
0323   0000             M4BA5                  .EQU $4BA5       ;AlienD control state B (LSB for T14xx)
0324   0000             M4BA6                  .EQU $4BA6       ;AlienD screen coordinate X
0325   0000             M4BA7                  .EQU $4BA7       ;AlienD screen coordinate Y
0326   0000             M4BA8                  .EQU $4BA8       ;AlienE control state A
0327   0000             M4BA9                  .EQU $4BA9       ;AlienE control state B (LSB for T14xx)
0328   0000             M4BAA                  .EQU $4BAA       ;AlienE screen coordinate X
0329   0000             M4BAB                  .EQU $4BAB       ;AlienE screen coordinate Y
0330   0000             M4BAC                  .EQU $4BAC       ;AlienF control state A
0331   0000             M4BAD                  .EQU $4BAD       ;AlienF control state B (LSB for T14xx)
0332   0000             M4BAE                  .EQU $4BAE       ;AlienF screen coordinate X
0333   0000             M4BAF                  .EQU $4BAF       ;AlienF screen coordinate Y
0334   0000             
0335   0000             ; Bird data structure.
0336   0000             ; Used for all levels with the 8 birds.
0337   0000             ; Level: 3, 4, 8, 9.
0338   0000             ; For the bird animation during intro splash, bird0 memory is used.
0339   0000             B4B70                  .EQU $4B70       ;Bird0 index character block shape
0340   0000             B4B71                  .EQU $4B71       ;Bird0 MSB initial screen address  
0341   0000             B4B72                  .EQU $4B72       ;Bird0 LSB initial screen address  
0342   0000             B4B73                  .EQU $4B73       ;Bird0 animation phase / current shape frame
0343   0000             B4B74                  .EQU $4B74       ;Bird0 movement-step countdown timer
0344   0000             B4B75                  .EQU $4B75       ;Bird0 grid coordinate X 
0345   0000             B4B76                  .EQU $4B76       ;Bird0 horizontal movement step (velocity)
0346   0000             B4B77                  .EQU $4B77       ;Bird0 grid coordinate Y 
0347   0000             B4B78                  .EQU $4B78       ;Bird1 index character block shape 
0348   0000             B4B79                  .EQU $4B79       ;Bird1 MSB initial screen address  
0349   0000             B4B7A                  .EQU $4B7A       ;Bird1 LSB initial screen address  
0350   0000             B4B7B                  .EQU $4B7B       ;Bird1 animation phase / current shape frame
0351   0000             B4B7C                  .EQU $4B7C       ;Bird1 movement-step countdown timer
0352   0000             B4B7D                  .EQU $4B7D       ;Bird1 grid coordinate X 
0353   0000             B4B7E                  .EQU $4B7E       ;Bird1 horizontal movement step (velocity)
0354   0000             B4B7F                  .EQU $4B7F       ;Bird1 grid coordinate Y 
0355   0000             B4B80                  .EQU $4B80       ;Bird2 index character block shape 
0356   0000             B4B81                  .EQU $4B81       ;Bird2 MSB initial screen address  
0357   0000             B4B82                  .EQU $4B82       ;Bird2 LSB initial screen address  
0358   0000             B4B83                  .EQU $4B83       ;Bird2 animation phase / current shape frame
0359   0000             B4B84                  .EQU $4B84       ;Bird2 movement-step countdown timer
0360   0000             B4B85                  .EQU $4B85       ;Bird2 grid coordinate X 
0361   0000             B4B86                  .EQU $4B86       ;Bird2 horizontal movement step (velocity)
0362   0000             B4B87                  .EQU $4B87       ;Bird2 grid coordinate Y 
0363   0000             B4B88                  .EQU $4B88       ;Bird3 index character block shape 
0364   0000             B4B89                  .EQU $4B89       ;Bird3 MSB initial screen address  
0365   0000             B4B8A                  .EQU $4B8A       ;Bird3 LSB initial screen address  
0366   0000             B4B8B                  .EQU $4B8B       ;Bird3 animation phase / current shape frame
0367   0000             B4B8C                  .EQU $4B8C       ;Bird3 movement-step countdown timer
0368   0000             B4B8D                  .EQU $4B8D       ;Bird3 grid coordinate X 
0369   0000             B4B8E                  .EQU $4B8E       ;Bird3 horizontal movement step (velocity)
0370   0000             B4B8F                  .EQU $4B8F       ;Bird3 grid coordinate Y 
0371   0000             B4B90                  .EQU $4B90       ;Bird4 index character block shape 
0372   0000             B4B91                  .EQU $4B91       ;Bird4 MSB initial screen address  
0373   0000             B4B92                  .EQU $4B92       ;Bird4 LSB initial screen address  
0374   0000             B4B93                  .EQU $4B93       ;Bird4 animation phase / current shape frame
0375   0000             B4B94                  .EQU $4B94       ;Bird4 movement-step countdown timer
0376   0000             B4B95                  .EQU $4B95       ;Bird4 grid coordinate X 
0377   0000             B4B96                  .EQU $4B96       ;Bird4 horizontal movement step (velocity)
0378   0000             B4B97                  .EQU $4B97       ;Bird4 grid coordinate Y 
0379   0000             B4B98                  .EQU $4B98       ;Bird5 index character block shape 
0380   0000             B4B99                  .EQU $4B99       ;Bird5 MSB initial screen address  
0381   0000             B4B9A                  .EQU $4B9A       ;Bird5 LSB initial screen address  
0382   0000             B4B9B                  .EQU $4B9B       ;Bird5 animation phase / current shape frame
0383   0000             B4B9C                  .EQU $4B9C       ;Bird5 movement-step countdown timer
0384   0000             B4B9D                  .EQU $4B9D       ;Bird5 grid coordinate X 
0385   0000             B4B9E                  .EQU $4B9E       ;Bird5 horizontal movement step (velocity)
0386   0000             B4B9F                  .EQU $4B9F       ;Bird5 grid coordinate Y 
0387   0000             B4BA0                  .EQU $4BA0       ;Bird6 index character block shape 
0388   0000             B4BA1                  .EQU $4BA1       ;Bird6 MSB initial screen address  
0389   0000             B4BA2                  .EQU $4BA2       ;Bird6 LSB initial screen address  
0390   0000             B4BA3                  .EQU $4BA3       ;Bird6 animation phase / current shape frame
0391   0000             B4BA4                  .EQU $4BA4       ;Bird6 movement-step countdown timer
0392   0000             B4BA5                  .EQU $4BA5       ;Bird6 grid coordinate X 
0393   0000             B4BA6                  .EQU $4BA6       ;Bird6 horizontal movement step (velocity)
0394   0000             B4BA7                  .EQU $4BA7       ;Bird6 grid coordinate Y 
0395   0000             B4BA8                  .EQU $4BA8       ;Bird7 index character block shape 
0396   0000             B4BA9                  .EQU $4BA9       ;Bird7 MSB initial screen address  
0397   0000             B4BAA                  .EQU $4BAA       ;Bird7 LSB initial screen address  
0398   0000             B4BAB                  .EQU $4BAB       ;Bird7 animation phase / current shape frame
0399   0000             B4BAC                  .EQU $4BAC       ;Bird7 movement-step countdown timer
0400   0000             B4BAD                  .EQU $4BAD       ;Bird7 grid coordinate X 
0401   0000             B4BAE                  .EQU $4BAE       ;Bird7 horizontal movement step (velocity)
0402   0000             B4BAF                  .EQU $4BAF       ;Bird7 grid coordinate Y 
0403   0000             
0404   0000             ; Alien data structure (screen ram)
0405   0000             M4BB0                  .EQU $4BB0       ;Old MSB screen ram adress alien0
0406   0000             M4BB1                  .EQU $4BB1       ;Old LSB screen ram adress alien0
0407   0000             M4BB2                  .EQU $4BB2       ;MSB screen ram adress alien0
0408   0000             M4BB3                  .EQU $4BB3       ;LSB screen ram adress alien0
0409   0000             M4BB4                  .EQU $4BB4       ;Old MSB screen ram adress alien1
0410   0000             M4BB5                  .EQU $4BB5       ;Old LSB screen ram adress alien1
0411   0000             M4BB6                  .EQU $4BB6       ;MSB screen ram adress alien1
0412   0000             M4BB7                  .EQU $4BB7       ;LSB screen ram adress alien1
0413   0000             M4BB8                  .EQU $4BB8       ;Old MSB screen ram adress alien2
0414   0000             M4BB9                  .EQU $4BB9       ;Old LSB screen ram adress alien2
0415   0000             M4BBA                  .EQU $4BBA       ;MSB screen ram adress alien2
0416   0000             M4BBB                  .EQU $4BBB       ;LSB screen ram adress alien2
0417   0000             M4BBC                  .EQU $4BBC       ;Old MSB screen ram adress alien3
0418   0000             M4BBD                  .EQU $4BBD       ;Old LSB screen ram adress alien3
0419   0000             M4BBE                  .EQU $4BBE       ;MSB screen ram adress alien3
0420   0000             M4BBF                  .EQU $4BBF       ;LSB screen ram adress alien3
0421   0000             M4BC0                  .EQU $4BC0       ;Old MSB screen ram adress alien4
0422   0000             M4BC1                  .EQU $4BC1       ;Old LSB screen ram adress alien4
0423   0000             M4BC2                  .EQU $4BC2       ;MSB screen ram adress alien4
0424   0000             M4BC3                  .EQU $4BC3       ;LSB screen ram adress alien4
0425   0000             M4BC4                  .EQU $4BC4       ;Old MSB screen ram adress alien5
0426   0000             M4BC5                  .EQU $4BC5       ;Old LSB screen ram adress alien5
0427   0000             M4BC6                  .EQU $4BC6       ;MSB screen ram adress alien5
0428   0000             M4BC7                  .EQU $4BC7       ;LSB screen ram adress alien5
0429   0000             M4BC8                  .EQU $4BC8       ;Old MSB screen ram adress alien6
0430   0000             M4BC9                  .EQU $4BC9       ;Old LSB screen ram adress alien6
0431   0000             M4BCA                  .EQU $4BCA       ;MSB screen ram adress alien6
0432   0000             M4BCB                  .EQU $4BCB       ;LSB screen ram adress alien6
0433   0000             M4BCC                  .EQU $4BCC       ;Old MSB screen ram adress alien7
0434   0000             M4BCD                  .EQU $4BCD       ;Old LSB screen ram adress alien7
0435   0000             M4BCE                  .EQU $4BCE       ;MSB screen ram adress alien7
0436   0000             M4BCF                  .EQU $4BCF       ;LSB screen ram adress alien7
0437   0000             M4BD0                  .EQU $4BD0       ;Old MSB screen ram adress alien8
0438   0000             M4BD1                  .EQU $4BD1       ;Old LSB screen ram adress alien8
0439   0000             M4BD2                  .EQU $4BD2       ;MSB screen ram adress alien8
0440   0000             M4BD3                  .EQU $4BD3       ;LSB screen ram adress alien8
0441   0000             M4BD4                  .EQU $4BD4       ;Old MSB screen ram adress alien9
0442   0000             M4BD5                  .EQU $4BD5       ;Old LSB screen ram adress alien9
0443   0000             M4BD6                  .EQU $4BD6       ;MSB screen ram adress alien9
0444   0000             M4BD7                  .EQU $4BD7       ;LSB screen ram adress alien9
0445   0000             M4BD8                  .EQU $4BD8       ;Old MSB screen ram adress alienA
0446   0000             M4BD9                  .EQU $4BD9       ;Old LSB screen ram adress alienA
0447   0000             M4BDA                  .EQU $4BDA       ;MSB screen ram adress alienA
0448   0000             M4BDB                  .EQU $4BDB       ;LSB screen ram adress alienA
0449   0000             M4BDC                  .EQU $4BDC       ;Old MSB screen ram adress alienB
0450   0000             M4BDD                  .EQU $4BDD       ;Old LSB screen ram adress alienB
0451   0000             M4BDE                  .EQU $4BDE       ;MSB screen ram adress alienB
0452   0000             M4BDF                  .EQU $4BDF       ;LSB screen ram adress alienB
0453   0000             M4BE0                  .EQU $4BE0       ;Old MSB screen ram adress alienC
0454   0000             M4BE1                  .EQU $4BE1       ;Old LSB screen ram adress alienC
0455   0000             M4BE2                  .EQU $4BE2       ;MSB screen ram adress alienC
0456   0000             M4BE3                  .EQU $4BE3       ;LSB screen ram adress alienC
0457   0000             M4BE4                  .EQU $4BE4       ;Old MSB screen ram adress alienD
0458   0000             M4BE5                  .EQU $4BE5       ;Old LSB screen ram adress alienD
0459   0000             M4BE6                  .EQU $4BE6       ;MSB screen ram adress alienD
0460   0000             M4BE7                  .EQU $4BE7       ;LSB screen ram adress alienD
0461   0000             M4BE8                  .EQU $4BE8       ;Old MSB screen ram adress alienE
0462   0000             M4BE9                  .EQU $4BE9       ;Old LSB screen ram adress alienE
0463   0000             M4BEA                  .EQU $4BEA       ;MSB screen ram adress alienE
0464   0000             M4BEB                  .EQU $4BEB       ;LSB screen ram adress alienE
0465   0000             M4BEC                  .EQU $4BEC       ;Old MSB screen ram adress alienF
0466   0000             M4BED                  .EQU $4BED       ;Old LSB screen ram adress alienF
0467   0000             M4BEE                  .EQU $4BEE       ;MSB screen ram adress alienF
0468   0000             M4BEF                  .EQU $4BEF       ;LSB screen ram adress alienF
0469   0000             
0470   0000             ; Bird extended storage
0471   0000             ; Used for all levels with the 8 birds.
0472   0000             B4BC0                  .EQU $4BC0       ;saved PlayerBulletState
0473   0000             B4BC1                  .EQU $4BC1       ;saved PlayerBulletShape
0474   0000             B4BC2                  .EQU $4BC2       ;saved PlayerBulletX
0475   0000             B4BC3                  .EQU $4BC3       ;saved PlayerBulletY
0476   0000             B4BC4                  .EQU $4BC4       ;saved AbovePlayerBulletMSB
0477   0000             B4BC5                  .EQU $4BC5       ;saved AbovePlayerBulletLSB
0478   0000             
0479   0000             B4BD1                  .EQU $4BD1       ;Descent turnaround depth threshold (formation reverses when `$4BD2` passes it)
0480   0000             B4BD2                  .EQU $4BD2       ;Vertical scroll phase 0–31 of the bird formation (derived from `CounterB9`; master index) (0..31)
0481   0000             B4BD3                  .EQU $4BD3       ;Countdown timer between bird attack launches
0482   0000             B4BD4                  .EQU $4BD4       ;Attack sub-pattern selector (0–3, from random `$436F`) for one of four attack variants
0483   0000             B4BD5                  .EQU $4BD5       ;Descent step/speed value (feeds the `$3ED0` dither scroll rate)
0484   0000             B4BD6                  .EQU $4BD6       ;Combined scroll-phase + active-bird center index (indexes `$3EE0` curve & `T3DE0` sound)
0485   0000             B4BD7                  .EQU $4BD7       ;Active-bird vertical spread — computed but not consumed (vestigial)
0486   0000             
0487   0000             B4BED                  .EQU $4BED       ;Unused RAM (cleared at level init, never referenced)
0488   0000             B4BEE                  .EQU $4BEE       ;Unused RAM (cleared at level init, never referenced)
0489   0000             B4BEF                  .EQU $4BEF       ;Unused RAM (cleared at level init, never referenced)
0490   0000             
0491   0000             ; Stack
0492   0000             Stack                  .EQU $4BF0       ;Stack space 4BF0:4BFF
0493   0000             
0494   0000             ;HW
0495   0000             videoRegister          .EQU $5000       ;Lower bit selects the RAM bank
0496   0000             scrollRegister         .EQU $5800       ;Screen scrolling
0497   0000             SOUNDCTLA              .EQU $6000       ;Sound control A
0498   0000             SOUNDCTLB              .EQU $6800       ;Sound control B
0499   0000             IN0                    .EQU $7000       ;Player inputs
0500   0000             DSW0                   .EQU $7800       ;DIP switch settings
0501   0000             
0502   0000             ;*****************************************************************************
0503   0000             ; ic45
0504   0000             ;*****************************************************************************
0505   0000                                    .ORG $0000
0506   0000             L0000:
0507   0000 00                                 NOP                         ; Start/restart and interrupts end up at 0008
0508   0001 00                                 NOP                         ;
0509   0002 00                                 NOP                         ;
0510   0003 00                                 NOP                         ;
0511   0004 00                                 NOP                         ;
0512   0005 00                                 NOP                         ;
0513   0006 00                                 NOP                         ;
0514   0007 00                                 NOP                         ;
0515   0008             ; 
0516   0008 31 FF 4B                           LD      SP,$4BFF            ; Top-ish of RAM
0517   000B 26 50                              LD      H,videoRegister >> 8
0518   000D 36 00                              LD      (HL),$00            ; Select the first bank of RAM
0519   000F CD 50 00                           CALL    InitSoundScreen     ; Turn sound off and clear both screen areas
0520   0012 21 00 18                           LD      HL,T1800            ; Screen draw info
0521   0015 0E 03                              LD      C,$03               ; 3 columns (rotated to 3 rows)
0522   0017 CD D0 01                           CALL    PrintTextLines      ; Draw the first 3 rows of the background (scores and coins)
0523   001A             
0524   001A             ;*****************************************************************************
0525   001A             ;* Main loop begin
0526   001A             ;*****************************************************************************
0527   001A             MainLoop:
0528   001A CD 80 00                           CALL    WaitVBlankCoin      ; Wait for VBlank and count any coins
0529   001D 3A A2 43                           LD      A,(GameOrAttract)   ;
0530   0020 A7                                 AND     A                   ; updates the zero flag
0531   0021 CA 2D 00                           JP      Z,L002D             ; if 'Attract mode'
0532   0024             ; Game mode
0533   0024 CD 00 04                           CALL    GameStateMachine    ; controls the flow of the game.
0534   0027 CD 00 27                           CALL    UpdateScoresAndSound
0535   002A C3 1A 00                           JP      MainLoop            ; Back to top of main loop
0536   002D             ; Attract mode (no sound, no scoreing, no manual steering)
0537   002D             L002D:
0538   002D 3E 0F                              LD      A,$0F               ; 0000_1111 mute the sound chip TMS36XX
0539   002F 26 60                              LD      H,SOUNDCTLA >> 8    ; 60xx sound A
0540   0031 77                                 LD      (HL),A              ;
0541   0032 26 68                              LD      H,SOUNDCTLB >> 8    ; 68xx sound B
0542   0034 77                                 LD      (HL),A              ;
0543   0035 CD 77 03                           CALL    UpdateSoundControlRAM
0544   0038 00                                 NOP                         ;
0545   0039 CD E0 17                           CALL    CoinChecking        ;
0546   003C A7                                 AND     A                   ; updates the zero flag
0547   003D CA 46 00                           JP      Z,L0046             ; No credits ... continue splash
0548   0040 CD 88 02                           CALL    PromptForStartGame  ;
0549   0043 C3 1A 00                           JP      MainLoop            ; Back to top of main loop
0550   0046             ; Continue splash 
0551   0046             L0046:
0552   0046 CD E3 00                           CALL    SplashAndDemo       ;
0553   0049 C3 1A 00                           JP      MainLoop            ; Back to top of main loop
0554   004C             ;*****************************************************************************
0555   004C             ;* Main loop end
0556   004C             ;*****************************************************************************
0557   004C             
0558   0050                                    .ORG $0050
0559   0050             ;*****************************************************************************
0560   0050             ;* Initialize the sound (off) and screen (clear)
0561   0050             ;*****************************************************************************
0562   0050             InitSoundScreen:
0563   0050 26 68                              LD      H,SOUNDCTLB >> 8    ; 68xx sound B
0564   0052 36 00                              LD      (HL),$00            ; Sound off
0565   0054 26 60                              LD      H,SOUNDCTLA >> 8    ; 60xx sound A
0566   0056 36 00                              LD      (HL),$00            ; Sound off
0567   0058 26 58                              LD      H,scrollRegister >> 8
0568   005A 36 00                              LD      (HL),$00            ; First memory bank
0569   005C CD 6B 00                           CALL    ClearRAMBank        ; Clear the bank (includes screen)
0570   005F 26 50                              LD      H,videoRegister >> 8
0571   0061 36 01                              LD      (HL),$01            ; Second memory bank
0572   0063 CD 6B 00                           CALL    ClearRAMBank        ; Clear the bank (includes screen)
0573   0066 26 50                              LD      H,videoRegister >> 8
0574   0068 36 00                              LD      (HL),$00            ; Back to first memory bank
0575   006A C9                                 RET                         ; Done
0576   006B             
0577   006B             ;*****************************************************************************
0578   006B             ;* Clear a RAM Bank (bank 0 or 1)
0579   006B             ;* Set the lower bit of the video register to pick the bank before calling.
0580   006B             ;* 4000 - 4BF8
0581   006B             ;* We call this function, which means we don't want to clear the return on the stack.
0582   006B             ;* That's why we start clearing at 4BF8 instead of 4BFF.
0583   006B             ;* Since screen memory is part of this bank, we are clearing the screen too.
0584   006B             ;*****************************************************************************
0585   006B             ClearRAMBank:
0586   006B 21 F8 4B                           LD      HL,$4BF8            ; Highest point ... skip the top of the stack
0587   006E 3E 3F                              LD      A,$3F               ; Stop when H reaches 3F
0588   0070             L0070:
0589   0070 36 00                              LD      (HL),$00            ; Clear the memory
0590   0072 2B                                 DEC     HL                  ; Point to next
0591   0073 BC                                 CP      H                   ; All done?
0592   0074 C2 70 00                           JP      NZ,L0070            ; No ... go back for all
0593   0077 C9                                 RET                         ; Done
0594   0078             
0595   0078             ;*****************************************************************************
0596   0078             ;* Slow printing the static texts and filling the scroll register
0597   0078             ;* with background tiles.
0598   0078             ;* Only used at attract mode during the intro splash.
0599   0078             ;*****************************************************************************
0600   0078             SlowPrintScrollRegisterUpdate:
0601   0078 CD 96 01                           CALL    SlowPrintScoreAverageTable
0602   007B C3 F0 06                           JP      L06F0               ; update scroll register and fill background
0603   007E             
0604   0080                                    .ORG $0080
0605   0080             ;*****************************************************************************
0606   0080             ;* Wait for the vertical blanking and then handle coin counting
0607   0080             ;*****************************************************************************
0608   0080             WaitVBlankCoin:
0609   0080 26 78                              LD      H,DSW0 >> 8         ; 78xx DSW0 Check ...
0610   0082 7E                                 LD      A,(HL)              ; ... screen blanking flag
0611   0083 E6 80                              AND     $80                 ; Wait for it ...
0612   0085 CA 80 00                           JP      Z,WaitVBlankCoin    ; ... to set
0613   0088             ; 
0614   0088             L0088:
0615   0088 7E                                 LD      A,(HL)              ; Check screen blanking flag
0616   0089 E6 80                              AND     $80                 ; Wait for it ...
0617   008B C2 88 00                           JP      NZ,L0088            ; ... to clear (0=in blanking)
0618   008E 26 70                              LD      H,IN0 >> 8          ; 70xx IN0 Current value ...
0619   0090 7E                                 LD      A,(HL)              ; ... of IN0 inputs
0620   0091 21 A0 43                           LD      HL,IN0Current       ; Value from ...
0621   0094 46                                 LD      B,(HL)              ; ... last read
0622   0095 77                                 LD      (HL),A              ; Store new value
0623   0096 2C                                 INC     L                   ; To 43A1
0624   0097 70                                 LD      (HL),B              ; Store old value
0625   0098 2E 9B                              LD      L,$9B               ; Bump the ...
0626   009A CD 00 02                           CALL    AddOneToMem         ; ... ?? counter
0627   009D 2E 8F                              LD      L,$8F               ; Get number ...
0628   009F 7E                                 LD      A,(HL)              ; ... of coins
0629   00A0             ;
0630   00A0             ; !! There are two digits for "coins" on the screen, but only the one's digit is
0631   00A0             ; !! changed. Once you get to 9, the code stops counting. It takes the coin
0632   00A0             ; !! from you, but it doesn't give you credit.
0633   00A0             ;
0634   00A0 FE 09                              CP      $09                 ; Already 9?
0635   00A2 C8                                 RET     Z                   ; Yes ... nothing more to check
0636   00A3 D2 00 00                           JP      NC,L0000            ; More than 9? OOPS -- soft reset
0637   00A6 06 01                              LD      B,$01               ; Coin bit of the input register
0638   00A8 CD BB 00                           CALL    CheckInputBits      ; Has the coin input gone from 1 to 0?
0639   00AB C8                                 RET     Z                   ; No ... no coins inserted ... done
0640   00AC 2E 8F                              LD      L,$8F               ; Add one ...
0641   00AE 34                                 INC     (HL)                ; ... to coin count
0642   00AF 7E                                 LD      A,(HL)              ; Current value ...
0643   00B0 C6 20                              ADD     $20                 ; ... to number tile
0644   00B2 32 42 41                           LD      ($4142),A           ; Change number of coins on screen
0645   00B5 C9                                 RET                         ; Done
0646   00B6             
0647   00BB                                    .ORG $00BB
0648   00BB             ;*****************************************************************************
0649   00BB             ;* Check to see if a particular bit(s) in the input register has changed
0650   00BB             ;* from 1 to 0 since last we checked. Return NZ if transitioned from 1 to 0.
0651   00BB             ;*****************************************************************************
0652   00BB             CheckInputBits:
0653   00BB 21 A0 43                           LD      HL,IN0Current       ; Get current ...
0654   00BE 7E                                 LD      A,(HL)              ; ... input value
0655   00BF 2F                                 CPL                         ; Flip the current bits
0656   00C0 A0                                 AND     B                   ; Mask off all but the ones we are checking
0657   00C1 2C                                 INC     L                   ; Point to last input value
0658   00C2 A6                                 AND     (HL)                ; Zero unles new bit is 0 and old is 1
0659   00C3 C9                                 RET                         ; Return state
0660   00C4             
0661   00C4             ;*****************************************************************************
0662   00C4             ;* Prints the number pointed to by HL (points to the end of the number) to the screen pointed
0663   00C4             ;* to by DE (points to the end of the screen area). B is the number of digits to print.
0664   00C4             ;*****************************************************************************
0665   00C4             PrintNumber:
0666   00C4 7E                                 LD      A,(HL)              ; Get the two digits
0667   00C5 E6 0F                              AND     $0F                 ; Keep the LSB
0668   00C7 F6 20                              OR      $20                 ; Offset to number tile
0669   00C9 12                                 LD      (DE),A              ; Store the number tile to screen memory
0670   00CA CD 10 02                           CALL    LeftOneColumn       ; next screen position
0671   00CD 05                                 DEC     B                   ; All done?
0672   00CE C8                                 RET     Z                   ; Yes ... out
0673   00CF 7E                                 LD      A,(HL)              ; Keep the ...
0674   00D0 0F                                 RRCA                        ; ...
0675   00D1 0F                                 RRCA                        ; ...
0676   00D2 0F                                 RRCA                        ; ...
0677   00D3 0F                                 RRCA                        ; ...
0678   00D4 E6 0F                              AND     $0F                 ; ... LSB
0679   00D6 F6 20                              OR      $20                 ; Offset to number tile
0680   00D8 12                                 LD      (DE),A              ; Store the number tile to screen memory
0681   00D9 CD 10 02                           CALL    LeftOneColumn       ; next screen position
0682   00DC 2B                                 DEC     HL                  ; Next data position
0683   00DD 05                                 DEC     B                   ; All digits done?
0684   00DE C2 C4 00                           JP      NZ,PrintNumber      ; No ... keep going
0685   00E1 C9                                 RET                         ; Yes ... out
0686   00E2             
0687   00E3                                    .ORG $00E3
0688   00E3             ;*****************************************************************************
0689   00E3             ;* Handles the intro splash and the game demo.
0690   00E3             ;*****************************************************************************
0691   00E3             SplashAndDemo:
0692   00E3 21 99 43                           LD      HL,M4399            ; starts with 0
0693   00E6 CD 00 02                           CALL    AddOneToMem         ; increases it by one
0694   00E9 01 01 00                           LD      BC,$0001            ;
0695   00EC CD 58 02                           CALL    CompareBCtoMem      ;
0696   00EF CA E1 01                           JP      Z,PrintCopyright    ; do if Counter98 is >= 00 01
0697   00F2 01 02 00                           LD      BC,$0002            ;
0698   00F5 11 1F 01                           LD      DE,$011F            ; used as delay counter
0699   00F8 CD 60 02                           CALL    SubtractIfEnough    ;
0700   00FB D2 96 01                           JP      NC,SlowPrintScoreAverageTable    ; do if Counter98 is >= 00 02
0701   00FE 01 20 01                           LD      BC,$0120            ; for a longer break
0702   0101 CD 58 02                           CALL    CompareBCtoMem      ;
0703   0104 CA CA 0B                           JP      Z,DrawScoreAverageTableTiles     ; do if Counter98 is >= 01 20
0704   0107 0E B0                              LD      C,$B0               ; for a short break
0705   0109 CD 58 02                           CALL    CompareBCtoMem      ;
0706   010C CA E1 01                           JP      Z,PrintCopyright    ; do if Counter98 is >= 01 B0
0707   010F 0E B8                              LD      C,$B8               ;
0708   0111 CD 58 02                           CALL    CompareBCtoMem      ;
0709   0114 CA 80 05                           JP      Z,InitGlobalLevelData            ; do if Counter98 is >= 01 B8
0710   0117 0E C0                              LD      C,$C0               ; for a short break
0711   0119 11 DF 02                           LD      DE,$02DF            ;
0712   011C CD 60 02                           CALL    SubtractIfEnough    ;
0713   011F D2 78 00                           JP      NC,SlowPrintScrollRegisterUpdate ; do if Counter98 is >= 01 C0
0714   0122 01 00 03                           LD      BC,$0300            ;
0715   0125 11 AF 03                           LD      DE,$03AF            ;
0716   0128 CD 60 02                           CALL    SubtractIfEnough    ;
0717   012B D2 DC 21                           JP      NC,DrawIntroBirdAnimationFrame   ; do if Counter98 is >= 03 00
0718   012E 01 E6 03                           LD      BC,$03E6            ;
0719   0131 11 FF FF                           LD      DE,$FFFF            ;
0720   0134 CD 60 02                           CALL    SubtractIfEnough    ;
0721   0137 D2 B0 03                           JP      NC,GameDemo         ; do if Counter98 is >= 03 E6
0722   013A C9                                 RET                         ;
0723   013B             
0724   0140                                    .ORG $0140
0725   0140             ;*****************************************************************************
0726   0140             ;* Clears foreground and background but leaves the 3 score rows.
0727   0140             ;*****************************************************************************
0728   0140             ClearForeAndBackground:
0729   0140 CD A0 03                           CALL    ClearBackground     ; Clear the background
0730   0143 CD 80 00                           CALL    WaitVBlankCoin      ; Wait for VBlank
0731   0146 CD 80 03                           CALL    ClearForeground     ; Clear the foreground (leave the 3 score rows)
0732   0149 21 A3 43                           LD      HL,GameAndDemoOrSplash
0733   014C 36 02                              LD      (HL),$02            ; set to: 'Intro splash'
0734   014E 2C                                 INC     L                   ; GameState
0735   014F 36 00                              LD      (HL),$00            ; to 0
0736   0151 00                                 NOP                         ; Old command removed or space for a future replace patch
0737   0152 00                                 NOP                         ; ..
0738   0153 00                                 NOP                         ; ..
0739   0154 2E B8                              LD      L,$B8               ; LevelAndRound, $43B9, AliensLeft, BirdsLeft, $43BC, $43BD, BonusLivesAt, $43BF to 0
0740   0156 06 08                              LD      B,$08               ; number of bytes to clear
0741   0158 CD D8 05                           CALL    ClearBbytesAtHL     ;
0742   015B 2E BA                              LD      L,$BA               ; Set AliensLeft
0743   015D 36 10                              LD      (HL),$10            ; to 16 aliens left in wave
0744   015F 2E BE                              LD      L,$BE               ;
0745   0161 3A 00 78                           LD      A,(DSW0)            ; 78xx DSW0, get DIP switch settings
0746   0164 E6 0C                              AND     $0C                 ; mask out 0000_1100 the Bonus lives
0747   0166 07                                 RLCA                        ; rotate left ..
0748   0167 07                                 RLCA                        ; .. to 0011_0000
0749   0168 C6 30                              ADD     $30                 ; -> $30,$40,$50,$60
0750   016A 77                                 LD      (HL),A              ; save to BonusLivesAt = 3000/4000/5000/6000 pts (BCD)
0751   016B 26 58                              LD      H,scrollRegister >> 8
0752   016D 36 00                              LD      (HL),$00            ; init screen scrolling
0753   016F CD 80 00                           CALL    WaitVBlankCoin      ;
0754   0172 C9                                 RET                         ;
0755   0173             
0756   0173             ;*****************************************************************************
0757   0173             ;* Used for the game demo during attract mode.
0758   0173             ;* Returning the bits for feeding the IN0Current for the simulated player inputs.
0759   0173             ;* Resulting values are depending on $4398:$4399 .
0760   0173             ;* Counter value goes from $03E6 to $1510 during the demo.
0761   0173             ;* 1010_1110...move left
0762   0173             ;* 1100_1110...move right
0763   0173             ;* 1111_1110...push fire
0764   0173             ;* 0111_1110...push shield
0765   0173             ;*****************************************************************************
0766   0173             GetPlayerInputsForDemo:
0767   0173 7E                                 LD      A,(HL)              ; get $4399 (LSB from 16 bit counter)
0768   0174 E6 7F                              AND     $7F                 ; mask out 0111_1111, (counter goes from 00 to $7F)
0769   0176 06 CE                              LD      B,$CE               ; return : 1100_1110...move right
0770   0178 FE 1F                              CP      $1F                 ; 1st trigger point of demo
0771   017A D8                                 RET     C                   ; return if greater
0772   017B 06 FE                              LD      B,$FE               ; 1111_1110...push fire
0773   017D C8                                 RET     Z                   ; return if equal
0774   017E 06 AE                              LD      B,$AE               ; 1010_1110...move left
0775   0180 FE 5F                              CP      $5F                 ; 2nd trigger point of demo
0776   0182 D8                                 RET     C                   ; return if greater
0777   0183 06 FE                              LD      B,$FE               ; 1111_1110...push fire
0778   0185 C8                                 RET     Z                   ; return if equal
0779   0186 06 CE                              LD      B,$CE               ; 1100_1110...move right
0780   0188 FE 7F                              CP      $7F                 ; 3rd trigger point of demo
0781   018A D8                                 RET     C                   ; return if greater
0782   018B 06 FE                              LD      B,$FE               ; 1111_1110...push fire
0783   018D 2D                                 DEC     L                   ;
0784   018E 7E                                 LD      A,(HL)              ; get $4398 (MSB from 16 bit counter)
0785   018F FE 09                              CP      $09                 ; 4rd trigger point of demo
0786   0191 C0                                 RET     NZ                  ; return if not equal
0787   0192 06 7E                              LD      B,$7E               ; 0111_1110...push shield
0788   0194 C9                                 RET                         ;
0789   0195             
0790   0196                                    .ORG $0196
0791   0196             ;*****************************************************************************
0792   0196             ;* Slow printing the static texts for the score average table
0793   0196             ;* and the big letters of the Phoenix title. Prints ONE character per call,
0794   0196             ;* driven by Counter98 ($4398:$4399). Attract-mode only.
0795   0196             ;* In: HL = $4399 (Counter98 LSB).
0796   0196             ;*****************************************************************************
0797   0196             SlowPrintScoreAverageTable:
0798   0196 7E                                 LD      A,(HL)              ; get actual index for slow print ($4399)
0799   0197 E6 1F                              AND     $1F                 ; mask out 0001_1111
0800   0199 FE 06                              CP      $06                 ; reached state 6 ?
0801   019B D8                                 RET     C                   ; no..return
0802   019C 5F                                 LD      E,A                 ; save the state
0803   019D 7E                                 LD      A,(HL)              ; get actual index for slow print ($4399)
0804   019E E6 E0                              AND     $E0                 ; mask out 1110_0000
0805   01A0 4F                                 LD      C,A                 ; save bits 5,6,7
0806   01A1 2D                                 DEC     L                   ;
0807   01A2 46                                 LD      B,(HL)              ; get zero reference from $4398
0808   01A3 2E A8                              LD      L,$A8               ; ..and..
0809   01A5 70                                 LD      (HL),B              ; save it to $43A8
0810   01A6 2C                                 INC     L                   ;
0811   01A7 71                                 LD      (HL),C              ; save bits 5,6,7 to $43A9
0812   01A8 01 60 18                           LD      BC,T1860            ; data block starting with 'INSERT  COIN' text
0813   01AB CD 06 02                           CALL    AddBCtoMem          ; stores MSB LSB
0814   01AE 7E                                 LD      A,(HL)              ;
0815   01AF 2D                                 DEC     L                   ;
0816   01B0 66                                 LD      H,(HL)              ;
0817   01B1 6F                                 LD      L,A                 ;
0818   01B2 7B                                 LD      A,E                 ;
0819   01B3 56                                 LD      D,(HL)              ; get the data
0820   01B4 2C                                 INC     L                   ;
0821   01B5 5E                                 LD      E,(HL)              ;
0822   01B6 2D                                 DEC     L                   ;
0823   01B7 4F                                 LD      C,A                 ;
0824   01B8 85                                 ADD     A,L                 ;
0825   01B9 6F                                 LD      L,A                 ;
0826   01BA 79                                 LD      A,C                 ;
0827   01BB D6 06                              SUB     $06                 ;
0828   01BD 4F                                 LD      C,A                 ;
0829   01BE CA C8 01                           JP      Z,L01C8             ;
0830   01C1             L01C1:
0831   01C1 CD 17 02                           CALL    RightOneColumn      ; move to next screen position
0832   01C4 0D                                 DEC     C                   ;
0833   01C5 C2 C1 01                           JP      NZ,L01C1            ;
0834   01C8             L01C8:
0835   01C8 7E                                 LD      A,(HL)              ;
0836   01C9 12                                 LD      (DE),A              ; print one character on the screen
0837   01CA C3 E0 14                           JP      L14E0               ; check for coin event
0838   01CD             
0839   01D0                                    .ORG $01D0
0840   01D0             ;*****************************************************************************
0841   01D0             ;* Print the top 3 lines (scores, lives, coins)
0842   01D0             ;*****************************************************************************
0843   01D0             PrintTextLines:
0844   01D0 56                                 LD      D,(HL)              ; Get ...
0845   01D1 2C                                 INC     L                   ; ... the ...
0846   01D2 5E                                 LD      E,(HL)              ; ... screen coord
0847   01D3 7D                                 LD      A,L                 ; Add 5 ...
0848   01D4 C6 05                              ADD     $05                 ; ... go get ...
0849   01D6 6F                                 LD      L,A                 ; ... data
0850   01D7 06 1A                              LD      B,$1A               ; 26 columns
0851   01D9 CD ED 01                           CALL    DrawRow             ; Draw next row
0852   01DC 0D                                 DEC     C                   ; All lines done?
0853   01DD C2 D0 01                           JP      NZ,PrintTextLines   ; No ... draw all rows
0854   01E0 C9                                 RET                         ; Done
0855   01E1             
0856   01E1             ;*****************************************************************************
0857   01E1             ;* Print the copyright lines (bottom 3 lines)
0858   01E1             ;*****************************************************************************
0859   01E1             PrintCopyright:
0860   01E1 CD 40 01                           CALL    ClearForeAndBackground
0861   01E4             L01E4:
0862   01E4 21 60 19                           LD      HL,T1960            ; "PHOENIX ... U.S.A"
0863   01E7 0E 03                              LD      C,$03               ; 3 lines at the bottom
0864   01E9 C3 D0 01                           JP      PrintTextLines      ; Print the copyright
0865   01EC             
0866   01ED                                    .ORG $01ED
0867   01ED             ;*****************************************************************************
0868   01ED             ;* Remember the screen is rotated.
0869   01ED             ;* This draws a column in screen memory (row on the screen)
0870   01ED             ;*****************************************************************************
0871   01ED             DrawRow:
0872   01ED 7E                                 LD      A,(HL)              ; Copy the data ...
0873   01EE 12                                 LD      (DE),A              ; .. to the screen
0874   01EF 23                                 INC     HL                  ; Next in data
0875   01F0 CD 17 02                           CALL    RightOneColumn      ; Move DE to next row
0876   01F3 05                                 DEC     B                   ; All drawn?
0877   01F4 C2 ED 01                           JP      NZ,DrawRow          ; Draw them all
0878   01F7 C9                                 RET                         ; Done
0879   01F8             
0880   0200                                    .ORG $0200
0881   0200             ;*****************************************************************************
0882   0200             ;* Two-byte +1 to (HL-1) : (HL).
0883   0200             ;*****************************************************************************
0884   0200             AddOneToMem:
0885   0200 34                                 INC     (HL)                ; Add one to LSB
0886   0201 C0                                 RET     NZ                  ; We didn't overflow ... done
0887   0202 2D                                 DEC     L                   ; Back up to MSB
0888   0203 34                                 INC     (HL)                ; Carry into the MSB
0889   0204 2C                                 INC     L                   ; Restore point to LSB
0890   0205 C9                                 RET                         ; Done
0891   0206             
0892   0206             ;*****************************************************************************
0893   0206             ;* Two-byte addition. BC is added to (HL-1) : (HL).
0894   0206             ;*****************************************************************************
0895   0206             AddBCtoMem:
0896   0206 7E                                 LD      A,(HL)              ; Get the lower byte
0897   0207 81                                 ADD     A,C                 ; Add C to the lower
0898   0208 77                                 LD      (HL),A              ; Store the new lower
0899   0209 2D                                 DEC     L                   ; Back up to upper byte
0900   020A 7E                                 LD      A,(HL)              ; Add B and carry ...
0901   020B 88                                 ADC     A,B                 ; ... to upper byte
0902   020C 77                                 LD      (HL),A              ; Store the new upper byte
0903   020D 2C                                 INC     L                   ; Restore pointer to LSB
0904   020E C9                                 RET                         ; Done
0905   020F             
0906   0210                                    .ORG $0210
0907   0210             ;*****************************************************************************
0908   0210             ;* Add 32 (left one column on the rotated screen) to DE (two bytes)
0909   0210             ;*****************************************************************************
0910   0210             LeftOneColumn:
0911   0210 7B                                 LD      A,E                 ; Add ...
0912   0211 C6 20                              ADD     $20                 ; ... 32 to ...
0913   0213 5F                                 LD      E,A                 ; ... E
0914   0214 D0                                 RET     NC                  ; No carry ... we are done
0915   0215 14                                 INC     D                   ; Carry into D
0916   0216 C9                                 RET                         ; Done
0917   0217             
0918   0217             ;*****************************************************************************
0919   0217             ;* Subtract 32 (right one column on the rotated screen) from DE (two bytes)
0920   0217             ;*****************************************************************************
0921   0217             RightOneColumn:
0922   0217 7B                                 LD      A,E                 ; Subtract ...
0923   0218 D6 20                              SUB     $20                 ; ... 32 from ...
0924   021A 5F                                 LD      E,A                 ; ... E
0925   021B D0                                 RET     NC                  ; No borrow ... we are done
0926   021C 15                                 DEC     D                   ; Borrow from D
0927   021D C9                                 RET                         ; Done
0928   021E             
0929   0220                                    .ORG $0220
0930   0220             ;*****************************************************************************
0931   0220             ;* 3-byte (6 digit) BCD addition. Add BC*10 to (HL-2):(HL-1):(HL).
0932   0220             ;* The games keeps the lowest digit of the scores to 0.
0933   0220             ;*****************************************************************************
0934   0220             AddToScore:
0935   0220 AF                                 XOR     A                   ; !! Pointless. We are about to change A and the flags
0936   0221 7E                                 LD      A,(HL)              ; Lowest 2 digits
0937   0222 81                                 ADD     A,C                 ; Add C to score
0938   0223 27                                 DAA                         ; Adjust for binary coded decimal
0939   0224 77                                 LD      (HL),A              ; Update lowest 2 digits
0940   0225 2D                                 DEC     L                   ; Point to middle 2 digits
0941   0226 7E                                 LD      A,(HL)              ; Add B to ...
0942   0227 88                                 ADC     A,B                 ; ... score
0943   0228 27                                 DAA                         ; Adjust for BCD
0944   0229 77                                 LD      (HL),A              ; Store the middle 2 digits
0945   022A 2D                                 DEC     L                   ; Point to the upper 2 digits
0946   022B 7E                                 LD      A,(HL)              ; Add in ...
0947   022C CE 00                              ADC     $00                 ; ... any carry
0948   022E 27                                 DAA                         ; Adjust for binary coded decimal
0949   022F 77                                 LD      (HL),A              ; Store the upper 2 digits
0950   0230 2C                                 INC     L                   ; Restore ...
0951   0231 2C                                 INC     L                   ; ... pointer
0952   0232 C9                                 RET                         ; Done
0953   0233             
0954   0258                                    .ORG $0258
0955   0258             ;*****************************************************************************
0956   0258             ;* Two byte compare of BC to memory at (HL-1):(HL)
0957   0258             ;*****************************************************************************
0958   0258             CompareBCtoMem:
0959   0258 7E                                 LD      A,(HL)              ; Value from memory
0960   0259 B9                                 CP      C                   ; Are the lower values the same?
0961   025A C0                                 RET     NZ                  ; No ... return not-zero
0962   025B 2D                                 DEC     L                   ; Point to MSB
0963   025C 7E                                 LD      A,(HL)              ; Get the MSB value
0964   025D 2C                                 INC     L                   ; Restore the pointer
0965   025E B8                                 CP      B                   ; Compare the MSBs
0966   025F C9                                 RET                         ; Return the flags
0967   0260             
0968   0260             ;*****************************************************************************
0969   0260             ;* Subtract DE from memory if memory is greater/equal to BC.
0970   0260             ;*****************************************************************************
0971   0260             SubtractIfEnough:
0972   0260 CD 70 02                           CALL    SubtractFromMemory  ; Try subtraction. Is memory larger (or equal) to BC?
0973   0263 D8                                 RET     C                   ; No ... ignore request
0974   0264 CD 77 02                           CALL    SubtractToMemory    ; Yes ... subtract DE from memory
0975   0267 C9                                 RET                         ; Done
0976   0268             
0977   0270                                    .ORG $0270
0978   0270             ;*****************************************************************************
0979   0270             ;* Two byte subtraction of memory from BC. BC = BC -  (HL-1):(HL)
0980   0270             ;*****************************************************************************
0981   0270             SubtractFromMemory:
0982   0270 7E                                 LD      A,(HL)              ; Get the low byte
0983   0271 91                                 SUB     C                   ; Subtract from C
0984   0272 2D                                 DEC     L                   ; Point to upper byte
0985   0273 7E                                 LD      A,(HL)              ; Get the upper byte
0986   0274 98                                 SBC     B                   ; Subtract from B (with borrow)
0987   0275 2C                                 INC     L                   ; Restore pointer
0988   0276 C9                                 RET                         ; Done
0989   0277             
0990   0277             ;*****************************************************************************
0991   0277             ;* Two byte subtraction of DE from memory. (HL-1):(HL) = (HL-1):(HL) - DE
0992   0277             ;*****************************************************************************
0993   0277             SubtractToMemory:
0994   0277 7B                                 LD      A,E                 ; Lower byte
0995   0278 96                                 SUB     (HL)                ; Subtract it from memory
0996   0279 2D                                 DEC     L                   ; Point to upper byte
0997   027A 7A                                 LD      A,D                 ; Value to A
0998   027B 9E                                 SBC     (HL)                ; Subtract upper byte from memory (with borrow)
0999   027C 2C                                 INC     L                   ; Restore pointer
1000   027D C9                                 RET                         ; Done
1001   027E             
1002   0280                                    .ORG $0280
1003   0280             ;*****************************************************************************
1004   0280             ;* Two byte compare of HL to BC
1005   0280             ;*****************************************************************************
1006   0280             CompareHLtoBC:
1007   0280 7D                                 LD      A,L                 ; Compare lower ...
1008   0281 B9                                 CP      C                   ; ... bytes
1009   0282 C0                                 RET     NZ                  ; Not the same ... return NZ
1010   0283 7C                                 LD      A,H                 ; Compare upper ...
1011   0284 B8                                 CP      B                   ; ... bytes
1012   0285 C9                                 RET                         ; Return the check
1013   0286             
1014   0288                                    .ORG $0288
1015   0288             ;*****************************************************************************
1016   0288             ;* Start game screen
1017   0288             ;*****************************************************************************
1018   0288             PromptForStartGame:
1019   0288 CD 40 01                           CALL    ClearForeAndBackground
1020   028B 21 C0 19                           LD      HL,T19C0            ; 
1021   028E 0E 02                              LD      C,$02               ; print two lines: 'PUSH ONLY...1PLAYER BUTTON'
1022   0290 CD D0 01                           CALL    PrintTextLines      ;
1023   0293 0E 02                              LD      C,$02               ;
1024   0295 CD E0 17                           CALL    CoinChecking        ;
1025   0298 FE 02                              CP      $02                 ; 2 player mode possible if credit > 1
1026   029A DA A7 02                           JP      C,L02A7             ;
1027   029D 21 A0 1B                           LD      HL,T1BA0            ;
1028   02A0 0E 01                              LD      C,$01               ; print one line: '1 OR 2PLAYERS BUTTON'
1029   02A2 CD D0 01                           CALL    PrintTextLines      ;
1030   02A5 0E 06                              LD      C,$06               ;
1031   02A7             L02A7:
1032   02A7 3A 00 70                           LD      A,(IN0)             ; 70xx IN0  Get the bits...
1033   02AA 2F                                 CPL                         ; ...for the two...
1034   02AB A1                                 AND     C                   ; ...start buttons and...
1035   02AC C8                                 RET     Z                   ; ...ret if no start button was pressed.
1036   02AD CD CB 02                           CALL    DecrementCoins      ; (GameOrAttract will be affected here as well)
1037   02B0 CD F0 02                           CALL    UpdateHiScore       ;
1038   02B3 CD 2E 03                           CALL    ClearAndPrintScores ;
1039   02B6 CD 50 03                           CALL    GetPlayerLivesFromDip
1040   02B9 CD 40 01                           CALL    ClearForeAndBackground
1041   02BC 26 50                              LD      H,videoRegister >> 8
1042   02BE 36 01                              LD      (HL),$01            ;
1043   02C0 CD 40 01                           CALL    ClearForeAndBackground
1044   02C3 26 50                              LD      H,videoRegister >> 8
1045   02C5 36 00                              LD      (HL),$00            ;
1046   02C7 C9                                 RET                         ;
1047   02C8             
1048   02CB                                    .ORG $02CB
1049   02CB             ;*****************************************************************************
1050   02CB             ;* Coin handling
1051   02CB             ;*****************************************************************************
1052   02CB             DecrementCoins:
1053   02CB 0E 01                              LD      C,$01               ; Value for 'one player game mode'
1054   02CD FE 02                              CP      $02                 ; A register holds the value of start buttons
1055   02CF CA D4 02                           JP      Z,L02D4             ; jump if 'start 1' was pressed.
1056   02D2 0E 02                              LD      C,$02               ; Value for 'two players game mode'
1057   02D4             L02D4:
1058   02D4 21 A2 43                           LD      HL,GameOrAttract    ; 
1059   02D7 71                                 LD      (HL),C              ; set it to 1 or 2 and leave the attract mode.
1060   02D8 3A 00 78                           LD      A,(DSW0)            ; 78xx DSW0
1061   02DB E6 10                              AND     $10                 ; mask for coinage 0001_0000
1062   02DD CA E3 02                           JP      Z,L02E3             ;
1063   02E0 79                                 LD      A,C                 ;
1064   02E1 07                                 RLCA                        ; Multiply by 2
1065   02E2 4F                                 LD      C,A                 ;
1066   02E3             L02E3:
1067   02E3 2E 8F                              LD      L,CoinCount & $FF   ; LSB of CoinCount
1068   02E5 7E                                 LD      A,(HL)              ; get CoinCount value
1069   02E6 91                                 SUB     C                   ; decrement coins
1070   02E7 77                                 LD      (HL),A              ; save it
1071   02E8 C6 20                              ADD     $20                 ; map value to character code
1072   02EA 32 42 41                           LD      (ForegroundScreen+$142),A ; updates the number of coins on the screen
1073   02ED C9                                 RET                         ;
1074   02EE             
1075   02F0                                    .ORG $02F0
1076   02F0             ;*****************************************************************************
1077   02F0             ;* Copy the score to hi score if greater
1078   02F0             ;*****************************************************************************
1079   02F0             UpdateHiScore:
1080   02F0 11 83 43                           LD      DE,Score1low        ; score of player 1
1081   02F3 21 8B 43                           LD      HL,HiScorelow       ; current hi score
1082   02F6 CD 14 03                           CALL    L0314               ;
1083   02F9 D4 20 03                           CALL    NC,L0320            ;
1084   02FC 1E 87                              LD      E,Score2low & $FF   ; LSB of Score2low
1085   02FE 2E 8B                              LD      L,HiScorelow & $FF  ; LSB of HiScorelow
1086   0300 CD 14 03                           CALL    L0314               ;
1087   0303 D4 20 03                           CALL    NC,L0320            ;
1088   0306 2E 8B                              LD      L,HiScorelow & $FF  ; LSB of HiScorelow
1089   0308 11 41 41                           LD      DE,$4141            ; High-score Screen coordinates (LSB)
1090   030B 06 06                              LD      B,$06               ; 6 digits
1091   030D CD C4 00                           CALL    PrintNumber         ; Print the 6-digit number
1092   0310 C9                                 RET                         ; Done
1093   0311             
1094   0314                                    .ORG $0314
1095   0314             ;*****************************************************************************
1096   0314             ;* Generic 3 byte BCD comparator
1097   0314             ;*****************************************************************************
1098   0314             L0314:
1099   0314 1A                                 LD      A,(DE)              ;
1100   0315 96                                 SUB     (HL)                ;
1101   0316 1D                                 DEC     E                   ;
1102   0317 2D                                 DEC     L                   ;
1103   0318 1A                                 LD      A,(DE)              ;
1104   0319 9E                                 SBC     (HL)                ;
1105   031A 1D                                 DEC     E                   ;
1106   031B 2D                                 DEC     L                   ;
1107   031C 1A                                 LD      A,(DE)              ;
1108   031D 9E                                 SBC     (HL)                ;
1109   031E C9                                 RET                         ;
1110   031F             
1111   0320                                    .ORG $0320
1112   0320             L0320:
1113   0320 1A                                 LD      A,(DE)              ;
1114   0321 77                                 LD      (HL),A              ;
1115   0322 13                                 INC     DE                  ;
1116   0323 23                                 INC     HL                  ;
1117   0324 1A                                 LD      A,(DE)              ;
1118   0325 77                                 LD      (HL),A              ;
1119   0326 13                                 INC     DE                  ;
1120   0327 23                                 INC     HL                  ;
1121   0328 1A                                 LD      A,(DE)              ;
1122   0329 77                                 LD      (HL),A              ;
1123   032A C9                                 RET                         ;
1124   032B             
1125   032E                                    .ORG $032E
1126   032E             ;*****************************************************************************
1127   032E             ;* Update of the score values on screen.
1128   032E             ;*****************************************************************************
1129   032E             ClearAndPrintScores:
1130   032E 21 80 43                           LD      HL,M4380            ; Clear scores..
1131   0331             L0331:
1132   0331 36 00                              LD      (HL),$00            ; ..from $4380..
1133   0333 23                                 INC     HL                  ;
1134   0334 7D                                 LD      A,L                 ;
1135   0335 FE 88                              CP      $88                 ; ..to $4387
1136   0337 C2 31 03                           JP      NZ,L0331            ;
1137   033A 2E 83                              LD      L,Score1low & $FF   ; print player 1 score
1138   033C 11 61 42                           LD      DE,$4261            ; Score1 screen coordinates (LSB)
1139   033F 06 06                              LD      B,$06               ; 6 digits
1140   0341 CD C4 00                           CALL    PrintNumber         ;
1141   0344 2E 87                              LD      L,Score2low & $FF   ; print player 2 score
1142   0346 11 21 40                           LD      DE,$4021            ; Score2 screen coordinates (LSB)
1143   0349 06 06                              LD      B,$06               ; 6 digits
1144   034B CD C4 00                           CALL    PrintNumber         ;
1145   034E C9                                 RET                         ; Done
1146   034F             
1147   0350                                    .ORG $0350
1148   0350             ;*****************************************************************************
1149   0350             ;* Gets the DIP switch settings for player lives.
1150   0350             ;*****************************************************************************
1151   0350             GetPlayerLivesFromDip:
1152   0350 3A 00 78                           LD      A,(DSW0)            ; 78xx DSW0, get DIP switch settings
1153   0353 E6 03                              AND     $03                 ; mask out 0000_0011 number of lives
1154   0355 C6 03                              ADD     $03                 ; to get : 03, 04, 05 or 06
1155   0357 47                                 LD      B,A                 ;
1156   0358 21 90 43                           LD      HL,Player1Lives     ;
1157   035B 70                                 LD      (HL),B              ; save it
1158   035C 2E A2                              LD      L,GameOrAttract & $FF
1159   035E 7E                                 LD      A,(HL)              ; load GameOrAttract and ..
1160   035F FE 01                              CP      $01                 ; check if one or two players mode
1161   0361 CA 67 03                           JP      Z,UpdateLivesScreen ;
1162   0364 2E 91                              LD      L,Player2Lives & $FF
1163   0366 70                                 LD      (HL),B              ; save it to Player2Lives
1164   0367             
1165   0367             ;*****************************************************************************
1166   0367             ;* Updates the number of lives on the screen
1167   0367             ;*****************************************************************************
1168   0367             UpdateLivesScreen:
1169   0367 2E 90                              LD      L,Player1Lives & $FF
1170   0369 7E                                 LD      A,(HL)              ; load Player1Lives
1171   036A F6 20                              OR      $20                 ; map value to character code
1172   036C 32 A2 42                           LD      (ForegroundScreen+$2A2),A ; number of lives, for player 1 at screen ram
1173   036F 2C                                 INC     L                   ;
1174   0370 7E                                 LD      A,(HL)              ; load Player2Lives
1175   0371 F6 20                              OR      $20                 ; map value to character code
1176   0373 32 62 40                           LD      (ForegroundScreen+$62),A ; number of lives, for player 2 at screen ram
1177   0376 C9                                 RET                         ;
1178   0377             
1179   0377             ;*****************************************************************************
1180   0377             ;* Update the sound control RAM registers
1181   0377             ;*****************************************************************************
1182   0377             UpdateSoundControlRAM:
1183   0377 21 8C 43                           LD      HL,SoundControlA    ;
1184   037A 77                                 LD      (HL),A              ;
1185   037B 2C                                 INC     L                   ; and update ..
1186   037C 77                                 LD      (HL),A              ; .. SoundControlB
1187   037D C9                                 RET                         ;
1188   037E             
1189   0380                                    .ORG $0380
1190   0380             ;*****************************************************************************
1191   0380             ;* Clears the foreground except for the top 3 rows (the scores)
1192   0380             ;*****************************************************************************
1193   0380             ClearForeground:
1194   0380 21 3F 43                           LD      HL,ForegroundScreen+$33F       ; End of foreground screen
1195   0383 11 1F 00                           LD      DE,$001F            ; 00 for clear and 1F for finding end of a column
1196   0386 01 3F 03                           LD      BC,$033F            ; 03 for leaving top 3 rows and 3F for find the beginning of screen memory
1197   0389             L0389:
1198   0389 72                                 LD      (HL),D              ; Clear the screen
1199   038A 2B                                 DEC     HL                  ; Next location
1200   038B 72                                 LD      (HL),D              ; Clear the screen
1201   038C 2B                                 DEC     HL                  ; Next location
1202   038D 7D                                 LD      A,L                 ; Keep lower 5 ...
1203   038E A3                                 AND     E                   ; ... bits (32 bytes in a column)
1204   038F B8                                 CP      B                   ; At the top of the column?
1205   0390 C2 89 03                           JP      NZ,L0389            ; No ... keep clearing the column
1206   0393 72                                 LD      (HL),D              ; Clear the 4th column from the top
1207   0394 2B                                 DEC     HL                  ; To ...
1208   0395 2B                                 DEC     HL                  ; ... top ...
1209   0396 2B                                 DEC     HL                  ; ... of the ...
1210   0397 2B                                 DEC     HL                  ; ... row
1211   0398 7C                                 LD      A,H                 ; Have we reached ...
1212   0399 B9                                 CP      C                   ; ... 3FFF ?
1213   039A C2 89 03                           JP      NZ,L0389            ; No ... clear all columns
1214   039D C9                                 RET                         ; Done
1215   039E             
1216   03A0                                    .ORG $03A0
1217   03A0             ;*****************************************************************************
1218   03A0             ;* Clears the background screen.
1219   03A0             ;*****************************************************************************
1220   03A0             ClearBackground:
1221   03A0 21 3F 4B                           LD      HL,BackgroundScreen+$33F       ; End of background screen memory
1222   03A3 11 47 00                           LD      DE,$0047            ; 00 for clear and 47 to find the beginning of screen memory
1223   03A6             L03A6:
1224   03A6 72                                 LD      (HL),D              ; Clear the screen
1225   03A7 2B                                 DEC     HL                  ; Next location
1226   03A8 72                                 LD      (HL),D              ; Clear the screen
1227   03A9 2B                                 DEC     HL                  ; Next location
1228   03AA 7C                                 LD      A,H                 ; Have we reached ...
1229   03AB BB                                 CP      E                   ; HL = 47FF ?
1230   03AC C2 A6 03                           JP      NZ,L03A6            ; No ... keep clearing
1231   03AF C9                                 RET                         ; Done
1232   03B0             
1233   03B0             ;*****************************************************************************
1234   03B0             ;* The game demo is using the real game code with simulated player inputs.
1235   03B0             ;* The timeline of the game demo, as part of the attract mode,
1236   03B0             ;* is covered by a 16 bit counter $4398:$4399.
1237   03B0             ;* 1st demo from value: $03E6 to $07A0.
1238   03B0             ;* 2nd demo from value: $0800 to $0B60.
1239   03B0             ;* 3rd demo from value: $0C00 to $1510.
1240   03B0             ;*****************************************************************************
1241   03B0             GameDemo:
1242   03B0 01 A0 07                           LD      BC,$07A0            ;
1243   03B3 CD 70 02                           CALL    SubtractFromMemory  ;
1244   03B6 DA CE 03                           JP      C,L03CE             ;
1245   03B9 CD 58 02                           CALL    CompareBCtoMem      ;
1246   03BC CA EB 03                           JP      Z,L03EB             ;
1247   03BF 01 60 0B                           LD      BC,$0B60            ;
1248   03C2 CD 70 02                           CALL    SubtractFromMemory  ;
1249   03C5 DA CE 03                           JP      C,L03CE             ;
1250   03C8 CD 58 02                           CALL    CompareBCtoMem      ;
1251   03CB CA E2 03                           JP      Z,L03E2             ;
1252   03CE             L03CE:
1253   03CE CD 73 01                           CALL    GetPlayerInputsForDemo
1254   03D1 21 A0 43                           LD      HL,IN0Current       ;
1255   03D4 7E                                 LD      A,(HL)              ;
1256   03D5 E6 01                              AND     $01                 ; mask out real button presses, but leave the coin event.
1257   03D7 B0                                 OR      B                   ; feed the IN0Current with movement data
1258   03D8 77                                 LD      (HL),A              ; for the game demo.
1259   03D9 C3 00 04                           JP      GameStateMachine    ;
1260   03DC             
1261   03E2                                    .ORG $03E2
1262   03E2             ;*****************************************************************************
1263   03E2             ;* Changing the game demo level at attract mode.
1264   03E2             ;*****************************************************************************
1265   03E2             L03E2:
1266   03E2 01 08 01                           LD      BC,$0108            ; Next interval game state is 1, set LevelAndRound to 1st round, level 8 (mothership wave)
1267   03E5 11 00 10                           LD      DE,$1000            ; set AliensLeft to 1 and BirdsLeft to 0 ?
1268   03E8 C3 F1 03                           JP      L03F1               ; 
1269   03EB             
1270   03EB             ;*****************************************************************************
1271   03EB             ;* Changing the game demo level at attract mode.
1272   03EB             ;*****************************************************************************
1273   03EB             L03EB:
1274   03EB 01 04 01                           LD      BC,$0104            ;
1275   03EE 11 08 00                           LD      DE,$0008            ;
1276   03F1             L03F1:
1277   03F1 21 A4 43                           LD      HL,GameState        ; Next interval game state ...
1278   03F4 70                                 LD      (HL),B              ; ... is 1 (flashing of score)
1279   03F5 2E B8                              LD      L,$B8               ;
1280   03F7 71                                 LD      (HL),C              ; set LevelAndRound to 1st round, level 4 (blue birds wave)
1281   03F8 2E BA                              LD      L,$BA               ;
1282   03FA 72                                 LD      (HL),D              ; set AliensLeft to 0
1283   03FB 2C                                 INC     L                   ;
1284   03FC 73                                 LD      (HL),E              ; set BirdsLeft to 8
1285   03FD C9                                 RET                         ;
1286   03FE             
1287   0400                                    .ORG $0400
1288   0400             ;*****************************************************************************
1289   0400             ;* Game state machine.
1290   0400             ;* Jump to function by number in GameState.
1291   0400             ;*****************************************************************************
1292   0400             GameStateMachine:
1293   0400 21 0E 04                           LD      HL,T040E            ; Jump table
1294   0403 3A A4 43                           LD      A,(GameState)       ;
1295   0406 07                                 RLCA                        ; *2
1296   0407 85                                 ADD     A,L                 ; Offset ...
1297   0408 6F                                 LD      L,A                 ; ... into the table
1298   0409 7E                                 LD      A,(HL)              ; MSB of destination
1299   040A 2C                                 INC     L                   ; Get the
1300   040B 6E                                 LD      L,(HL)              ; ... LSB of destination
1301   040C 67                                 LD      H,A                 ; Now point to function
1302   040D E9                                 JP      (HL)                ; Jump to function
1303   040E             
1304   040E             ; Notice these addresses are MSB:LSB (backwards from the processor's endianness)
1305   040E             T040E:
1306   040E                                    .MSFIRST
1307   040E 04 30                              .DW L0430                   ; game state 0: called once at 'new game start'
1308   0410 04 AC                              .DW L04AC                   ; game state 1: called for each frame during 'flashing of score1 or 2'
1309   0412 05 15                              .DW L0515                   ; game state 2: called once for initialization of game and level data
1310   0414 08 00                              .DW L0800                   ; game state 3: called for each frame of normal game play
1311   0416 0A EA                              .DW L0AEA                   ; game state 4: called for each frame of 'player ship partikel explosion'
1312   0418 0B 60                              .DW L0B60                   ; game state 5: called for each frame during 'GAME OVER' text
1313   041A 24 00                              .DW L2400                   ; game state 6: called for each frame during 'mother ship partikel explosion'
1314   041C 24 4C                              .DW L244C                   ; game state 7: called for each frame during 'mother ship score display'
1315   041E             
1316   041E             ;*****************************************************************************
1317   041E             ;* Set lower bits of video register,
1318   041E             ;* for the color palette, memory bank, and the screen flipping at cocktail mode.
1319   041E             ;*****************************************************************************
1320   041E             SetBitsVideoRegister:
1321   041E 3A A3 43                           LD      A,(GameAndDemoOrSplash)
1322   0421 E6 01                              AND     $01                 ; mask out 0000_0001 for 'memory bank'
1323   0423 47                                 LD      B,A                 ;
1324   0424 3A B8 43                           LD      A,(LevelAndRound)   ;
1325   0427 E6 02                              AND     $02                 ; masc out 0000_0010 for 'color palette'
1326   0429 B0                                 OR      B                   ; set the bits at...
1327   042A 32 00 50                           LD      (videoRegister),A   ; 50xx video register
1328   042D C9                                 RET                         ;
1329   042E             
1330   0430                                    .ORG $0430
1331   0430             ;*****************************************************************************
1332   0430             ;* Game state 0.
1333   0430             ;* New game start.
1334   0430             ;*****************************************************************************
1335   0430             L0430:
1336   0430 21 A4 43                           LD      HL,GameState        ; Next interval game state ...
1337   0433 36 01                              LD      (HL),$01            ; ... is 1 (flashing of score)
1338   0435 2C                                 INC     L                   ;
1339   0436 36 80                              LD      (HL),$80            ; Set value for CounterA5 (score flash time)
1340   0438 2E A3                              LD      L,GameAndDemoOrSplash & $FF   ; save the value of..
1341   043A 7E                                 LD      A,(HL)              ; .. GameAndDemoOrSplash
1342   043B 36 00                              LD      (HL),$00            ; set it to game demo / game play
1343   043D FE 02                              CP      $02                 ;
1344   043F C8                                 RET     Z                   ; return if it was 'Intro splash' before.
1345   0440 77                                 LD      (HL),A              ; set GameAndDemoOrSplash to 'Game and demo for player 1'
1346   0441 2D                                 DEC     L                   ;
1347   0442 7E                                 LD      A,(HL)              ; get GameOrAttract
1348   0443 FE 01                              CP      $01                 ;
1349   0445 C8                                 RET     Z                   ; return if 'One player game mode'
1350   0446 2C                                 INC     L                   ;
1351   0447 7E                                 LD      A,(HL)              ; get GameAndDemoOrSplash
1352   0448 A7                                 AND     A                   ; updates the zero flag
1353   0449 CA A0 04                           JP      Z,L04A0             ; if 'Game and demo'
1354   044C 2E 90                              LD      L,$90               ;
1355   044E 7E                                 LD      A,(HL)              ; get Player1Lives
1356   044F A7                                 AND     A                   ; updates the zero flag
1357   0450 C8                                 RET     Z                   ; return if no lives left.
1358   0451 2E A3                              LD      L,$A3               ;
1359   0453 36 00                              LD      (HL),$00            ; set GameAndDemoOrSplash to 'Game and demo for player 1'
1360   0455 01 00 01                           LD      BC,$0100            ; from bank 1 to bank 0
1361   0458 CD 60 04                           CALL    CopyMemoryBank      ; to toggle the player
1362   045B C9                                 RET                         ;
1363   045C             
1364   0460                                    .ORG $0460
1365   0460             ;*****************************************************************************
1366   0460             ;* Copy memory bank to bank.
1367   0460             ;* B = from-bank number, C = to-bank number.  Copies three regions:
1368   0460             ;*   1) the foreground playfield (from $4320)
1369   0460             ;*      This loop walks the screen in the display's native (rotated) order:
1370   0460             ;*      It copies a 4 byte group (`E & 3` inner loop), then snaps `E` to
1371   0460             ;*      its `$x0` boundary and subtracts `$20` to jump to the group one screen line earlier,
1372   0460             ;*      when that underflows it decrements the page (`DEC D`).
1373   0460             ;*      It marches through pages `$43 -> $42 -> $41 -> $40` and stops when `D` reaches `$3F`
1374   0460             ;*      (i.e. below `$4000`). Net effect: the visible playfield is transferred between banks.
1375   0460             ;*   2) the game-state/score block  $4380-$43B7
1376   0460             ;*      A straight linear copy (`INC E` until `$B8`). This carries the two players' scores
1377   0460             ;*      (`$4380`–`$4387`) plus the level/round and assorted counters in that block.
1378   0460             ;*   3) the object buffer          $4BC0-$4BFF
1379   0460             ;*      Another linear copy that runs until `E` wraps from `$FF` to `$00`.
1380   0460             ;*      This preserves the in progress object/bird buffer.
1381   0460             ;* Role in the game:
1382   0460             ;* `CopyMemoryBank` is what makes alternating two player play possible:
1383   0460             ;* at each turn boundary the game flips the "current player" flag and calls this routine
1384   0460             ;* to move the departing player's screen and state into their bank while bringing
1385   0460             ;* the incoming player's bank live (the register ends on `C`). The three regions cover
1386   0460             ;* exactly what must persist across turns — the visible screen, the score/level/counter block,
1387   0460             ;* and the object buffer — so each player resumes precisely where they left off.
1388   0460             ;*****************************************************************************
1389   0460             CopyMemoryBank:
1390   0460 21 00 50                           LD      HL,videoRegister    ; 50xx video register
1391   0463 11 20 43                           LD      DE,ForegroundScreen+$320; 1st row 1st line
1392   0466             ;----- Region 1: the visible foreground screen --------------------------------
1393   0466             L0466:
1394   0466 70                                 LD      (HL),B              ;
1395   0467 1A                                 LD      A,(DE)              ;
1396   0468 71                                 LD      (HL),C              ;
1397   0469 12                                 LD      (DE),A              ;
1398   046A 1C                                 INC     E                   ;
1399   046B 7B                                 LD      A,E                 ;
1400   046C E6 03                              AND     $03                 ;
1401   046E C2 66 04                           JP      NZ,L0466            ;
1402   0471 7B                                 LD      A,E                 ;
1403   0472 E6 F0                              AND     $F0                 ;
1404   0474 D6 20                              SUB     $20                 ;
1405   0476 5F                                 LD      E,A                 ;
1406   0477 D2 66 04                           JP      NC,L0466            ;
1407   047A 15                                 DEC     D                   ;
1408   047B 7A                                 LD      A,D                 ;
1409   047C FE 3F                              CP      $3F                 ;
1410   047E C2 66 04                           JP      NZ,L0466            ;
1411   0481 11 80 43                           LD      DE,M4380            ;
1412   0484             ;----- Region 2: game-state + score block $4380-$43B7 -------------------------
1413   0484             L0484:
1414   0484 70                                 LD      (HL),B              ;
1415   0485 1A                                 LD      A,(DE)              ;
1416   0486 71                                 LD      (HL),C              ;
1417   0487 12                                 LD      (DE),A              ;
1418   0488 1C                                 INC     E                   ;
1419   0489 7B                                 LD      A,E                 ;
1420   048A FE B8                              CP      $B8                 ;
1421   048C C2 84 04                           JP      NZ,L0484            ;
1422   048F 11 C0 4B                           LD      DE,M4BC0            ;
1423   0492             ;----- Region 3: object buffer $4BC0-$4BFF ------------------------------------
1424   0492             L0492:
1425   0492 70                                 LD      (HL),B              ;
1426   0493 1A                                 LD      A,(DE)              ;
1427   0494 71                                 LD      (HL),C              ;
1428   0495 12                                 LD      (DE),A              ;
1429   0496 1C                                 INC     E                   ;
1430   0497 7B                                 LD      A,E                 ;
1431   0498 FE 00                              CP      $00                 ;
1432   049A C2 92 04                           JP      NZ,L0492            ;
1433   049D C9                                 RET                         ;
1434   049E             
1435   04A0                                    .ORG $04A0
1436   04A0             ;*****************************************************************************
1437   04A0             ;* Changing the player at attract mode.
1438   04A0             ;*****************************************************************************
1439   04A0             L04A0:
1440   04A0 2E A3                              LD      L,$A3               ; set GameAndDemoOrSplash
1441   04A2 36 01                              LD      (HL),$01            ; to 'Game for player 2'
1442   04A4 01 01 00                           LD      BC,$0001            ; from bank 0 to bank 1
1443   04A7 CD 60 04                           CALL    CopyMemoryBank      ; to toggle the player
1444   04AA C9                                 RET                         ;
1445   04AB             
1446   04AC                                    .ORG $04AC
1447   04AC             ;*****************************************************************************
1448   04AC             ;* Game state 1.
1449   04AC             ;* Flashing of score1 or 2.
1450   04AC             ;*****************************************************************************
1451   04AC             L04AC:
1452   04AC 21 A5 43                           LD      HL,CounterA5        ;
1453   04AF 35                                 DEC     (HL)                ; decrement counter
1454   04B0 7E                                 LD      A,(HL)              ; save value
1455   04B1 2D                                 DEC     L                   ; HL=A3A4 next game state ..
1456   04B2 36 02                              LD      (HL),$02            ; .. is 2
1457   04B4 A7                                 AND     A                   ; ret if ..
1458   04B5 C8                                 RET     Z                   ; counter 0
1459   04B6 36 01                              LD      (HL),$01            ; set game state to 1
1460   04B8 FE 7F                              CP      $7F                 ; 0111_1111
1461   04BA CA F0 07                           JP      Z,L07F0             ;
1462   04BD 2E 9A                              LD      L,$9A               ;
1463   04BF 36 00                              LD      (HL),$00            ; reset Counter9A MSB
1464   04C1 2C                                 INC     L                   ; and ..
1465   04C2 36 00                              LD      (HL),$00            ; LSB
1466   04C4 E6 08                              AND     $08                 ; 0000_1000
1467   04C6 C2 E6 04                           JP      NZ,L04E6            ;
1468   04C9 CD E8 06                           CALL    L06E8               ;
1469   04CC 00                                 NOP                         ;
1470   04CD 21 A3 43                           LD      HL,GameAndDemoOrSplash
1471   04D0 7E                                 LD      A,(HL)              ;
1472   04D1 A7                                 AND     A                   ; updates the zero flag
1473   04D2 2E 83                              LD      L,$83               ; LSB of Score1low adress
1474   04D4 11 61 42                           LD      DE,$4261            ; screen ram addr. of lowest score digit player 1
1475   04D7 CA DF 04                           JP      Z,L04DF             ; 
1476   04DA 2E 87                              LD      L,$87               ; LSB of Score2low adress
1477   04DC 11 21 40                           LD      DE,$4021            ; screen ram addr. of lowest score digit player 2
1478   04DF             L04DF:
1479   04DF 06 06                              LD      B,$06               ; number of digits to print
1480   04E1 CD C4 00                           CALL    PrintNumber         ;
1481   04E4 C9                                 RET                         ;
1482   04E5             
1483   04E6                                    .ORG $04E6
1484   04E6             L04E6:
1485   04E6 21 A3 43                           LD      HL,GameAndDemoOrSplash
1486   04E9 7E                                 LD      A,(HL)              ;
1487   04EA A7                                 AND     A                   ; updates the zero flag
1488   04EB 11 61 42                           LD      DE,$4261            ; screen ram addr. of lowest score digit player 1
1489   04EE CA F4 04                           JP      Z,L04F4             ;
1490   04F1 11 21 40                           LD      DE,$4021            ; screen ram addr. of lowest score digit player 2
1491   04F4             L04F4:
1492   04F4 06 06                              LD      B,$06               ; number of digits to delete
1493   04F6 CD FB 04                           CALL    L04FB               ;
1494   04F9 C9                                 RET                         ;
1495   04FA             
1496   04FB                                    .ORG $04FB
1497   04FB             L04FB:
1498   04FB 3E 00                              LD      A,$00               ; delete ..
1499   04FD 12                                 LD      (DE),A              ; ..one digit
1500   04FE CD 10 02                           CALL    LeftOneColumn       ;
1501   0501 05                                 DEC     B                   ; decrement number of digits
1502   0502 C2 FB 04                           JP      NZ,L04FB            ; ..until
1503   0505 C9                                 RET                         ; ..done
1504   0506             
1505   0506             ;*****************************************************************************
1506   0506             ;* Clear $4392 to $4397 and
1507   0506             ;* init start value list pointer for alien movement MSB $4394
1508   0506             ;*****************************************************************************
1509   0506             L0506:
1510   0506 21 92 43                           LD      HL,M4392            ;
1511   0509 06 06                              LD      B,$06               ; number of bytes to clear
1512   050B CD D8 05                           CALL    ClearBbytesAtHL     ;
1513   050E 3A 50 4B                           LD      A,(M4B50)           ;
1514   0511 32 94 43                           LD      (M4394),A           ;
1515   0514 C9                                 RET                         ;
1516   0515             
1517   0515             ;*****************************************************************************
1518   0515             ;* Game state 2.
1519   0515             ;* Initialization of game and level data.
1520   0515             ;*****************************************************************************
1521   0515             L0515:
1522   0515 CD 1E 04                           CALL    SetBitsVideoRegister; set color palette according to LevelAndRound
1523   0518 21 A4 43                           LD      HL,GameState        ; Next interval game state ...
1524   051B 36 03                              LD      (HL),$03            ; ... is 3 (normal game play)
1525   051D CD 80 05                           CALL    InitGlobalLevelData ;
1526   0520 CD 47 05                           CALL    InitPlayerDataStructure
1527   0523 CD A0 09                           CALL    L09A0               ; get screen ram adress for player ship position
1528   0526             L0526:
1529   0526 CD 32 05                           CALL    L0532               ; init alien data for a new level and round
1530   0529 CD 6C 0A                           CALL    L0A6C               ; get screen ram adress for all aliens
1531   052C CD 06 05                           CALL    L0506               ; clear 4392 to 4397, init 4394
1532   052F C3 B0 32                           JP      L32B0               ;
1533   0532             
1534   0532             ;*****************************************************************************
1535   0532             ;* Init alien data for a new level and round
1536   0532             ;*****************************************************************************
1537   0532             L0532:
1538   0532 21 50 4B                           LD      HL,M4B50            ;
1539   0535 06 A0                              LD      B,$A0               ; clear $4B50 to $4BEF
1540   0537 CD D8 05                           CALL    ClearBbytesAtHL     ;
1541   053A CD EC 05                           CALL    InitAlienControlStates
1542   053D CD 50 06                           CALL    L0650               ; copy init values for 16 aliens to $4B50-$4B6F
1543   0540 CD 10 06                           CALL    InitAlienPositions  ; load alien screen coordinates (X,Y grid), for a new level and round
1544   0543 C9                                 RET                         ;
1545   0544             
1546   0547                                    .ORG $0547
1547   0547             ;*****************************************************************************
1548   0547             ;* Copy 32 byte from $0560 to $43C0 Player and bullets data structure (grid)
1549   0547             ;* and clear 32 bytes of player and bullets data structure (screen ram).
1550   0547             ;*****************************************************************************
1551   0547             InitPlayerDataStructure:
1552   0547 21 60 05                           LD      HL,T0560            ;
1553   054A 11 C0 43                           LD      DE,PlayerState      ; base of data structure (grid)
1554   054D 06 20                              LD      B,$20               ;
1555   054F CD E0 05                           CALL    CopyBbytesHLtoDE    ;
1556   0552 21 E0 43                           LD      HL,OldPlayerShipMSB ;
1557   0555 06 20                              LD      B,$20               ;
1558   0557 CD D8 05                           CALL    ClearBbytesAtHL     ;
1559   055A C9                                 RET                         ;
1560   055B             
1561   0560                                    .ORG $0560
1562   0560             ; Data copied to $43C0-$43DF
1563   0560             ; Default values for player and bullets data structure (grid).
1564   0560             T0560:
1565   0560 0C 10 64 D8                        .DB $0C, $10, $64, $D8       ; PlayerState, PlayerShape, PlayerShipX, PlayerShipY
1566   0564 00 50 00 D0                        .DB $00, $50, $00, $D0       ; PlayerBulletState, PlayerBulletShape, PlayerBulletX, PlayerBulletY
1567   0568 00 50 00 D0                        .DB $00, $50, $00, $D0       ; AbovePlayerBulletState, AbovePlayerBulletShape, AbovePlayerBulletX, AbovePlayerBulletY
1568   056C 00 58 00 20                        .DB $00, $58, $00, $20       ; AlienBullet0State, AlienBullet0Shape, AlienBullet0X, AlienBullet0Y
1569   0570 00 58 00 20                        .DB $00, $58, $00, $20       ; AlienBullet1State, AlienBullet1Shape, AlienBullet1X, AlienBullet1Y
1570   0574 00 58 00 20                        .DB $00, $58, $00, $20       ; AlienBullet2State, AlienBullet2Shape, AlienBullet2X, AlienBullet2Y
1571   0578 00 58 00 20                        .DB $00, $58, $00, $20       ; AlienBullet3State, AlienBullet3Shape, AlienBullet3X, AlienBullet3Y
1572   057C 00 58 00 20                        .DB $00, $58, $00, $20       ; AlienBullet4State, AlienBullet4Shape, AlienBullet4X, AlienBullet4Y
1573   0580             
1574   0580             ;*****************************************************************************
1575   0580             ;* Init of global level data, dependent on level and round.
1576   0580             ;*****************************************************************************
1577   0580             InitGlobalLevelData:
1578   0580 21 98 05                           LD      HL,T0598            ;
1579   0583 3A B8 43                           LD      A,(LevelAndRound)   ;
1580   0586 E6 0F                              AND     $0F                 ;
1581   0588 85                                 ADD     A,L                 ;
1582   0589 6F                                 LD      L,A                 ;
1583   058A 6E                                 LD      L,(HL)              ;
1584   058B 26 05                              LD      H,$05               ;
1585   058D 11 AB 43                           LD      DE,M43AB            ;
1586   0590 06 0C                              LD      B,$0C               ; number of bytes to copy
1587   0592 CD E0 05                           CALL    CopyBbytesHLtoDE    ;
1588   0595 C9                                 RET                         ;
1589   0596             
1590   0598                                    .ORG $0598
1591   0598             ; Table for the global level data, over game levels.
1592   0598             ; Bit0 - bit3 of $43B8 is the table index.
1593   0598             ; Data will be fetched two times. Once before and once after the 'spiral fill' animation.
1594   0598             T0598:
1595   0598 A8 A8                              .DB T05A8 & $FF, T05A8 & $FF    ;init values for 1st alien wave (pointer to $05A8, $05A8)
1596   059A C0 C0                              .DB T05C0 & $FF, T05C0 & $FF    ;init values for 2st alien wave (pointer to $05C0, $05C0)
1597   059C A8 A8                              .DB T05A8 & $FF, T05A8 & $FF    ;init values for blue birds wave (pointer to $05A8, $05A8)
1598   059E A8 A8                              .DB T05A8 & $FF, T05A8 & $FF    ;init values for pink birds wave (pointer to $05A8, $05A8)
1599   05A0 B4 CC                              .DB T05B4 & $FF, T05CC & $FF    ;init values for mothership wave (pointer to $05B4, $05CC)
1600   05A2 B4 B4                              .DB T05B4 & $FF, T05B4 & $FF    ;init values for mothership wave (pointer to $05B4, $05B4)
1601   05A4 A8 A8                              .DB T05A8 & $FF, T05A8 & $FF    ;not used? pointer to $05A8, $05A8
1602   05A6 A8 A8                              .DB T05A8 & $FF, T05A8 & $FF    ;not used? pointer to $05A8, $05A8
1603   05A8             ;
1604   05A8             ; e.g.:counter values, timer values, T1C00, T1D00, T1F00, ..
1605   05A8             ; Data copied to $43AB-$43B6
1606   05A8             T05A8:
1607   05A8 80 7F 00 00                        .DB $80, $7F, $00, $00, $40, $3F, $00, T1C00 >> 8, T1C00 & $FF, $FF, $FF, $FF
1607   05AC 40 3F 00 1C 
1607   05B0 00 FF FF FF 
1608   05B4             T05B4:
1609   05B4 60 5F 01 02                        .DB $60, $5F, $01, $02, $30, $2F, $00, T1C00 >> 8, T1C00 & $FF, $C0, $FF, $FF
1609   05B8 30 2F 00 1C 
1609   05BC 00 C0 FF FF 
1610   05C0             T05C0:
1611   05C0 80 7F 03 04                        .DB $80, $7F, $03, $04, $40, $3F, $00, T1F00 >> 8, T1F00 & $FF, $A0, $FF, $FF
1611   05C4 40 3F 00 1F 
1611   05C8 00 A0 FF FF 
1612   05CC             T05CC:
1613   05CC 60 60 05 06                        .DB $60, $60, $05, $06, $50, $30, $00, T1D00 >> 8, T1D00 & $FF, $48, $FF, $FF
1613   05D0 50 30 00 1D 
1613   05D4 00 48 FF FF 
1614   05D8             
1615   05D8             ;*****************************************************************************
1616   05D8             ;* Clears B memories starting at HL.
1617   05D8             ;*****************************************************************************
1618   05D8             ClearBbytesAtHL:
1619   05D8 AF                                 XOR     A                   ; A=0
1620   05D9             L05D9:
1621   05D9 77                                 LD      (HL),A              ; store
1622   05DA 23                                 INC     HL                  ; next
1623   05DB 05                                 DEC     B                   ; decrease counter.
1624   05DC C2 D9 05                           JP      NZ,L05D9            ;
1625   05DF C9                                 RET                         ;
1626   05E0             
1627   05E0             ;*****************************************************************************
1628   05E0             ;* Copy number of bytes (B register) from DE to HL.
1629   05E0             ;*****************************************************************************
1630   05E0             CopyBbytesHLtoDE:
1631   05E0 7E                                 LD      A,(HL)              ; Copy to HL ...
1632   05E1 12                                 LD      (DE),A              ; ... from DE
1633   05E2 23                                 INC     HL                  ; Next destination
1634   05E3 13                                 INC     DE                  ; Next source
1635   05E4 05                                 DEC     B                   ; All done?
1636   05E5 C2 E0 05                           JP      NZ,CopyBbytesHLtoDE ; no ... keep going
1637   05E8 C9                                 RET                         ; Out
1638   05E9             
1639   05EC                                    .ORG $05EC
1640   05EC             ;*****************************************************************************
1641   05EC             ;* Init all alien control states for a given level and round.
1642   05EC             ;*****************************************************************************
1643   05EC             InitAlienControlStates:
1644   05EC 21 00 15                           LD      HL,T1500            ;
1645   05EF 3A B8 43                           LD      A,(LevelAndRound)   ;
1646   05F2 E6 0F                              AND     $0F                 ;
1647   05F4 07                                 RLCA                        ; Multiply by 2
1648   05F5 85                                 ADD     A,L                 ;
1649   05F6 6F                                 LD      L,A                 ;
1650   05F7 56                                 LD      D,(HL)              ;
1651   05F8 23                                 INC     HL                  ;
1652   05F9 5E                                 LD      E,(HL)              ;
1653   05FA             ;
1654   05FA             L05FA:
1655   05FA 21 70 4B                           LD      HL,M4B70            ;
1656   05FD 3A BA 43                           LD      A,(AliensLeft)      ;
1657   0600 47                                 LD      B,A                 ;
1658   0601 A7                                 AND     A                   ; updates the zero flag
1659   0602 C8                                 RET     Z                   ; if no AliensLeft
1660   0603             ;
1661   0603             L0603:
1662   0603 72                                 LD      (HL),D              ; set control state A
1663   0604 2C                                 INC     L                   ;
1664   0605 73                                 LD      (HL),E              ; set control state B
1665   0606 2C                                 INC     L                   ;
1666   0607 2C                                 INC     L                   ;
1667   0608 2C                                 INC     L                   ;
1668   0609 05                                 DEC     B                   ; number of aliens left
1669   060A C2 03 06                           JP      NZ,L0603            ;
1670   060D C9                                 RET                         ;
1671   060E             
1672   0610                                    .ORG $0610
1673   0610             ;*****************************************************************************
1674   0610             ;* Load alien screen coordinates for a given level and round to $4B70 - $4BAF.
1675   0610             ;*****************************************************************************
1676   0610             InitAlienPositions:
1677   0610 21 3A 06                           LD      HL,T063A            ;
1678   0613 3A B8 43                           LD      A,(LevelAndRound)   ;
1679   0616 0F                                 RRCA                        ;
1680   0617 E6 0F                              AND     $0F                 ; mask out 0000_1111
1681   0619 85                                 ADD     A,L                 ;
1682   061A 6F                                 LD      L,A                 ;
1683   061B 00                                 NOP                         ; Old command removed or space for a future replace patch
1684   061C 00                                 NOP                         ; ..
1685   061D 00                                 NOP                         ; ..
1686   061E 6E                                 LD      L,(HL)              ;
1687   061F 26 15                              LD      H,T1540 >> 8        ; MSB for T1540-T15E0
1688   0621 11 72 4B                           LD      DE,M4B72            ;
1689   0624 3A BA 43                           LD      A,(AliensLeft)      ;
1690   0627 47                                 LD      B,A                 ;
1691   0628 A7                                 AND     A                   ; updates the zero flag
1692   0629 C8                                 RET     Z                   ; if no AliensLeft
1693   062A             ;
1694   062A             L062A:
1695   062A 7E                                 LD      A,(HL)              ; get value from table
1696   062B 12                                 LD      (DE),A              ; save to alien screen coordinate
1697   062C 23                                 INC     HL                  ;
1698   062D 13                                 INC     DE                  ;
1699   062E 7E                                 LD      A,(HL)              ;
1700   062F 12                                 LD      (DE),A              ;
1701   0630 23                                 INC     HL                  ;
1702   0631 13                                 INC     DE                  ;
1703   0632 13                                 INC     DE                  ;
1704   0633 13                                 INC     DE                  ;
1705   0634 05                                 DEC     B                   ;
1706   0635 C2 2A 06                           JP      NZ,L062A            ; loop for all AliensLeft
1707   0638 C9                                 RET                         ;
1708   0639             
1709   063A                                    .ORG $063A
1710   063A             ; Init data for 1st game round.
1711   063A             ; LSB's for T1560, T1540, T15E0.
1712   063A             T063A:
1713   063A 60 40 E0 E0                        .DB T1560 & $FF, T1540 & $FF, T15E0 & $FF, T15E0 & $FF, T15E0 & $FF, T15E0 & $FF, $FF, $FF
1713   063E E0 E0 FF FF 
1714   0642             ; Init data for 2nd game round.
1715   0642             ; LSB's for T15C0, T15A0, T1580.
1716   0642 C0 A0 80 80                        .DB T15C0 & $FF, T15A0 & $FF, T1580 & $FF, T1580 & $FF, T1580 & $FF, T1580 & $FF, $FF, $FF
1716   0646 80 80 FF FF 
1717   064A             
1718   0650                                    .ORG $0650
1719   0650             ;*****************************************************************************
1720   0650             ;* Copy init values for 16 aliens to $4B50-$4B6F (Pointer to alien movement pattern)
1721   0650             ;*****************************************************************************
1722   0650             L0650:
1723   0650 21 20 15                           LD      HL,T1520            ;
1724   0653 3A B8 43                           LD      A,(LevelAndRound)   ;
1725   0656 E6 0F                              AND     $0F                 ; mask out 0000_1111
1726   0658 07                                 RLCA                        ; Multiply by 2
1727   0659 85                                 ADD     A,L                 ;
1728   065A 6F                                 LD      L,A                 ;
1729   065B 56                                 LD      D,(HL)              ;
1730   065C 23                                 INC     HL                  ;
1731   065D 5E                                 LD      E,(HL)              ;
1732   065E 21 50 4B                           LD      HL,M4B50            ;
1733   0661 3A BA 43                           LD      A,(AliensLeft)      ;
1734   0664 47                                 LD      B,A                 ;
1735   0665 A7                                 AND     A                   ; updates the zero flag
1736   0666 C8                                 RET     Z                   ; if no AliensLeft
1737   0667             L0667:
1738   0667 72                                 LD      (HL),D              ;
1739   0668 2C                                 INC     L                   ;
1740   0669 73                                 LD      (HL),E              ;
1741   066A 2C                                 INC     L                   ;
1742   066B 05                                 DEC     B                   ;
1743   066C C2 67 06                           JP      NZ,L0667            ; loop for all AliensLeft
1744   066F C9                                 RET                         ;
1745   0670             
1746   067A                                    .ORG $067A
1747   067A             ;*****************************************************************************
1748   067A             ;* Scroll down the background screen one pixel.
1749   067A             ;*****************************************************************************
1750   067A             StarsScrollDown:
1751   067A 21 B9 43                           LD      HL,CounterB9        ;
1752   067D 7E                                 LD      A,(HL)              ;
1753   067E 35                                 DEC     (HL)                ; decrement the backwards counter
1754   067F 32 00 58                           LD      (scrollRegister),A  ; 58xx scroll register
1755   0682 E6 07                              AND     $07                 ; mask out 0000_0111
1756   0684 C0                                 RET     NZ                  ; continue after 8 pixels...
1757   0685             ; Fill the background with stars or mothership.
1758   0685 01 47 20                           LD      BC,$2047            ;
1759   0688 11 21 4B                           LD      DE,$4B21            ; get character from the background screen (1st row, 2nd line)
1760   068B 7E                                 LD      A,(HL)              ; get $43B9 free running 8 bit backwards counter value
1761   068C 0F                                 RRCA                        ;
1762   068D 0F                                 RRCA                        ;
1763   068E 0F                                 RRCA                        ;
1764   068F E6 1F                              AND     $1F                 ; mask out 0001_1111
1765   0691 83                                 ADD     A,E                 ;
1766   0692 5F                                 LD      E,A                 ;
1767   0693 2E B2                              LD      L,$B2               ;
1768   0695 7E                                 LD      A,(HL)              ; get $43B2 (MSB of T1C00 or T1D00 or T1F00)
1769   0696 2C                                 INC     L                   ;
1770   0697 6E                                 LD      L,(HL)              ; get $43B3 (LSB of T1C00 or T1D00 or T1F00)
1771   0698 67                                 LD      H,A                 ;
1772   0699             L0699:
1773   0699 7E                                 LD      A,(HL)              ;
1774   069A 12                                 LD      (DE),A              ; to background screen
1775   069B 2C                                 INC     L                   ;
1776   069C 7B                                 LD      A,E                 ;
1777   069D 90                                 SUB     B                   ;
1778   069E 5F                                 LD      E,A                 ;
1779   069F D2 99 06                           JP      NC,L0699            ;
1780   06A2 15                                 DEC     D                   ;
1781   06A3 7A                                 LD      A,D                 ;
1782   06A4 B9                                 CP      C                   ;
1783   06A5 C2 99 06                           JP      NZ,L0699            ;
1784   06A8 7D                                 LD      A,L                 ;
1785   06A9 32 B3 43                           LD      (M43B3),A           ;
1786   06AC C9                                 RET                         ;
1787   06AD             
1788   06B0                                    .ORG $06B0
1789   06B0             ;*****************************************************************************
1790   06B0             ;* Fill the background with (2x2) planets.
1791   06B0             ;* Reads the MSB from `T1E20`, then reaches `T1E40` simply by adding `$20`
1792   06B0             ;* to the same pointer (`$1E20 + $20 = $1E40`) — which is the clearest proof that `T1E40` is the LSB companion of `T1E20`.
1793   06B0             ;* So `DE = (T1E20[i] << 8) | T1E40[i]`, then the LSB gets a scroll dependent offset added (derived from `CounterB9 >> 3`)
1794   06B0             ;* so the planet drifts down as the star background scrolls. `DE` ends up somewhere in `$4800`–`$4BFF` (the background screen).
1795   06B0             ;* The graphic itself is then chosen via `T1E60 -> T1E00` and drawn by `L07DC`.
1796   06B0             ;* The routine only fires when `CounterB9` matches the planet counter (`$43AB`),
1797   06B0             ;* so as the background scrolls a new planet is dropped in at successive slots,
1798   06B0             ;* the slot index (masked to `$1F`) cycles through all 32 `T1E20`/`T1E40` positions.
1799   06B0             ;*****************************************************************************
1800   06B0             AddPlanetsToBackground:
1801   06B0 21 AB 43                           LD      HL,M43AB            ; counter value for (2x2) planets
1802   06B3 3A B9 43                           LD      A,(CounterB9)       ;
1803   06B6 4F                                 LD      C,A                 ;
1804   06B7 BE                                 CP      (HL)                ;
1805   06B8 C0                                 RET     NZ                  ;
1806   06B9 7E                                 LD      A,(HL)              ;
1807   06BA 2C                                 INC     L                   ;
1808   06BB 86                                 ADD     A,(HL)              ;
1809   06BC 2D                                 DEC     L                   ;
1810   06BD 77                                 LD      (HL),A              ;
1811   06BE 2C                                 INC     L                   ;
1812   06BF 2C                                 INC     L                   ;
1813   06C0 34                                 INC     (HL)                ;
1814   06C1 46                                 LD      B,(HL)              ;
1815   06C2 2C                                 INC     L                   ;
1816   06C3 34                                 INC     (HL)                ;
1817   06C4 7E                                 LD      A,(HL)              ;
1818   06C5 21 20 1E                           LD      HL,T1E20            ; MSB's of screen ram for planets
1819   06C8 E6 1F                              AND     $1F                 ;
1820   06CA 85                                 ADD     A,L                 ;
1821   06CB 6F                                 LD      L,A                 ;
1822   06CC 56                                 LD      D,(HL)              ;
1823   06CD C6 20                              ADD     $20                 ;
1824   06CF 6F                                 LD      L,A                 ;
1825   06D0 5E                                 LD      E,(HL)              ;
1826   06D1 79                                 LD      A,C                 ;
1827   06D2 0F                                 RRCA                        ;
1828   06D3 0F                                 RRCA                        ;
1829   06D4 0F                                 RRCA                        ;
1830   06D5 E6 1E                              AND     $1E                 ;
1831   06D7 83                                 ADD     A,E                 ;
1832   06D8 C6 02                              ADD     $02                 ;
1833   06DA 5F                                 LD      E,A                 ;
1834   06DB 21 60 1E                           LD      HL,T1E60            ; LSB's of screen ram for planets
1835   06DE 78                                 LD      A,B                 ;
1836   06DF E6 1F                              AND     $1F                 ;
1837   06E1 85                                 ADD     A,L                 ;
1838   06E2 6F                                 LD      L,A                 ;
1839   06E3 6E                                 LD      L,(HL)              ;
1840   06E4 CD DC 07                           CALL    L07DC               ; draw the characters at background
1841   06E7 C9                                 RET                         ;
1842   06E8             
1843   06E8             ;*****************************************************************************
1844   06E8             ;* Print score column
1845   06E8             ;*****************************************************************************
1846   06E8             L06E8:
1847   06E8 21 00 18                           LD      HL,T1800            ; base addr. table for 'screen ram adresses and static texts'
1848   06EB 0E 01                              LD      C,$01               ; 1 column (rotated to 1 row)
1849   06ED C3 D0 01                           JP      PrintTextLines      ;
1850   06F0             
1851   06F0             ;*****************************************************************************
1852   06F0             ;* Update scroll register and fill background
1853   06F0             ;*****************************************************************************
1854   06F0             L06F0:
1855   06F0 CD 7A 06                           CALL    StarsScrollDown     ;
1856   06F3 CD 40 20                           CALL    AddGalaxiesToBackground
1857   06F6 C3 B0 06                           JP      AddPlanetsToBackground
1858   06F9             
1859   0700                                    .ORG $0700
1860   0700             ;*****************************************************************************
1861   0700             ;* Controller for player data structure.
1862   0700             ;* Handles: PlayerState, OldPlayerShipMSB, PlayerBulletState, PlayerBulletMSB, AbovePlayerBulletState, $43E8
1863   0700             ;*****************************************************************************
1864   0700             PlayerDataController:
1865   0700 01 C0 43                           LD      BC,PlayerState      ; Player data structure (grid)
1866   0703 11 E0 43                           LD      DE,OldPlayerShipMSB ; Player data structure (screen ram)
1867   0706             L0706:
1868   0706 CD 18 07                           CALL    UpdateScreenObjects ;
1869   0709 79                                 LD      A,C                 ;
1870   070A C6 04                              ADD     $04                 ;
1871   070C 4F                                 LD      C,A                 ;
1872   070D C6 20                              ADD     $20                 ;
1873   070F 5F                                 LD      E,A                 ;
1874   0710 50                                 LD      D,B                 ;
1875   0711 FE EC                              CP      $EC                 ;
1876   0713 C2 06 07                           JP      NZ,L0706            ; loop until $43EC
1877   0716 C9                                 RET                         ;
1878   0717             
1879   0718                                    .ORG $0718
1880   0718             ;*****************************************************************************
1881   0718             ;* Draw or delete screen objects dep. on control state of player, alien and bullet.
1882   0718             ;*****************************************************************************
1883   0718             UpdateScreenObjects:
1884   0718 CD 20 07                           CALL    Bit4Controller      ; for deleting screen objects
1885   071B C3 40 07                           JP      Bit3Controller      ; for drawing screen objects
1886   071E             
1887   0720                                    .ORG $0720
1888   0720             ;*****************************************************************************
1889   0720             ;* Handles the bit4 actions for deleting screen objects.
1890   0720             ;*****************************************************************************
1891   0720             Bit4Controller:
1892   0720 0A                                 LD      A,(BC)              ; get value from data structure (grid)
1893   0721 67                                 LD      H,A                 ; save the bits
1894   0722 E6 10                              AND     $10                 ; mask out 0001_0000 (bit4 of control state A)
1895   0724 C8                                 RET     Z                   ; ret if bit not set.
1896   0725 7C                                 LD      A,H                 ; restore the bits
1897   0726 E6 EF                              AND     $EF                 ; mask out 1110_1111
1898   0728 02                                 LD      (BC),A              ; save to control state A
1899   0729 07                                 RLCA                        ; Multiply by 8 ..
1900   072A 07                                 RLCA                        ; ..
1901   072B 07                                 RLCA                        ; ..
1902   072C E6 07                              AND     $07                 ; mask out 0000_0111
1903   072E C6 38                              ADD     $38                 ; add to base for jump table
1904   0730 6F                                 LD      L,A                 ;
1905   0731 26 07                              LD      H,T0735 >> 8        ; MSB for jump table
1906   0733 6E                                 LD      L,(HL)              ;
1907   0734 E9                                 JP      (HL)                ; jump to control function
1908   0735             
1909   0735             ; LSB jump table:
1910   0735             ;.....not used
1911   0735             ;........not used
1912   0735             ;...........not used
1913   0735             ;..............0763..................control state A: 0001_xxxx...Delete 1x1 screen objects.
1914   0735             ;.................0779...............control state A: 0011_xxxx...Delete 2x1 screen objects.
1915   0735             ;....................not used
1916   0735             ;.......................079E.........control state A: 0111_xxxx...Delete 1x2 screen objects.
1917   0735             ;..........................07BE......control state A: 1001_xxxx...Delete 2x2 screen objects.
1918   0735             T0735:
1919   0735 00 00 00 63                        .DB $00, $00, $00, L0763 & $FF, L0779 & $FF, $00, L079E & $FF, L07BE & $FF
1919   0739 79 00 9E BE 
1920   073D             
1921   0740                                    .ORG $0740
1922   0740             ;*****************************************************************************
1923   0740             ;* Handles the bit3 actions for drawing screen objects.
1924   0740             ;*****************************************************************************
1925   0740             Bit3Controller:
1926   0740 0A                                 LD      A,(BC)              ; get value from data structure (grid)
1927   0741 67                                 LD      H,A                 ; save it
1928   0742 E6 08                              AND     $08                 ; mask out 0000_1000 (bit3 of control state A)
1929   0744 C8                                 RET     Z                   ; ret if bit not set.
1930   0745 7C                                 LD      A,H                 ; restore the bits
1931   0746 E6 07                              AND     $07                 ; mask out 0000_0111
1932   0748 67                                 LD      H,A                 ; save it
1933   0749 0F                                 RRCA                        ; Divide by 8 ..
1934   074A 0F                                 RRCA                        ; ..
1935   074B 0F                                 RRCA                        ; ..
1936   074C B4                                 OR      H                   ; add original bits
1937   074D F6 18                              OR      $18                 ; set 0001_1000 flag
1938   074F 02                                 LD      (BC),A              ; set the bits at control state A
1939   0750 03                                 INC     BC                  ; go to control state B
1940   0751 7C                                 LD      A,H                 ;
1941   0752 C6 5B                              ADD     $5B                 ; add to base for jump table
1942   0754 6F                                 LD      L,A                 ;
1943   0755 26 07                              LD      H,T0759 >> 8        ; MSB for jump table
1944   0757 6E                                 LD      L,(HL)              ;
1945   0758 E9                                 JP      (HL)                ; jump to control function
1946   0759             
1947   0759             ; LSB jump table:
1948   0759             ;.....not used
1949   0759             ;........not used
1950   0759             ;...........076D.....................control state A: xxxx_1000...Draw 1x1 screen objects.
1951   0759             ;..............0788..................control state A: xxxx_1001...Draw 2x1 screen objects.
1952   0759             ;.................not used
1953   0759             ;....................07AA............control state A: xxxx_1011...Draw 1x2 screen objects.
1954   0759             ;.......................07D2.........control state A: xxxx_1100...Draw 2x2 screen objects.
1955   0759             ;..........................not used
1956   0759             T0759:
1957   0759 00 00 6D 88                        .DB $00, $00, L076D & $FF, L0788 & $FF, $00, L07AA & $FF, L07D2 & $FF
1957   075D 00 AA D2 
1958   0760             
1959   0763                                    .ORG $0763
1960   0763             ;*****************************************************************************
1961   0763             ;* Bit4 control function 63:
1962   0763             ;* If control state A: 0001_xxxx
1963   0763             ;* Delete 1x1 screen objects (bullet, alien).
1964   0763             ;*****************************************************************************
1965   0763             L0763:
1966   0763 EB                                 EX      DE,HL               ;
1967   0764 56                                 LD      D,(HL)              ; get screen ram adress MSB
1968   0765 23                                 INC     HL                  ;
1969   0766 5E                                 LD      E,(HL)              ; get screen ram adress LSB
1970   0767 2B                                 DEC     HL                  ; restore pointer
1971   0768 AF                                 XOR     A                   ; A=0
1972   0769 12                                 LD      (DE),A              ; delete at screen
1973   076A EB                                 EX      DE,HL               ;
1974   076B C9                                 RET                         ;
1975   076C             
1976   076D                                    .ORG $076D
1977   076D             ;*****************************************************************************
1978   076D             ;* Bit3 control function 6D:
1979   076D             ;* If control state A: xxxx_1000
1980   076D             ;* Set alien control state B value to screen ram.
1981   076D             ;* Draw 1x1 screen objects (used at 'fade in' animation).
1982   076D             ;*****************************************************************************
1983   076D             L076D:
1984   076D EB                                 EX      DE,HL               ;
1985   076E 23                                 INC     HL                  ;
1986   076F 23                                 INC     HL                  ;
1987   0770 56                                 LD      D,(HL)              ; get MSB screen ram adress of alien
1988   0771 23                                 INC     HL                  ;
1989   0772 5E                                 LD      E,(HL)              ; get LSB screen ram adress of alien
1990   0773 0A                                 LD      A,(BC)              ; get alien control state B
1991   0774 12                                 LD      (DE),A              ; set at screen ram
1992   0775 0B                                 DEC     BC                  ; move to alien control state A
1993   0776 C9                                 RET                         ;
1994   0777             
1995   0779                                    .ORG $0779
1996   0779             ;*****************************************************************************
1997   0779             ;* Bit4 control function 79:
1998   0779             ;* If control state A: 0011_xxxx
1999   0779             ;* Delete 2x1 screen objects (alien).
2000   0779             ;*****************************************************************************
2001   0779             L0779:
2002   0779 EB                                 EX      DE,HL               ;
2003   077A 56                                 LD      D,(HL)              ;
2004   077B 23                                 INC     HL                  ;
2005   077C 5E                                 LD      E,(HL)              ;
2006   077D 2B                                 DEC     HL                  ; restore pointer
2007   077E AF                                 XOR     A                   ; A=0
2008   077F 12                                 LD      (DE),A              ; delete at screen, left part
2009   0780 CD 17 02                           CALL    RightOneColumn      ; 
2010   0783 AF                                 XOR     A                   ; A=0
2011   0784 12                                 LD      (DE),A              ; delete at screen, right part
2012   0785 EB                                 EX      DE,HL               ;
2013   0786 C9                                 RET                         ;
2014   0787             
2015   0788                                    .ORG $0788
2016   0788             ;*****************************************************************************
2017   0788             ;* Bit3 control function 88:
2018   0788             ;* If control state A: xxxx_1001
2019   0788             ;* Map alien control state B to shape and draw it.
2020   0788             ;* Draw 2x1 screen objects (alien).
2021   0788             ;*****************************************************************************
2022   0788             L0788:
2023   0788 EB                                 EX      DE,HL               ;
2024   0789 23                                 INC     HL                  ;
2025   078A 23                                 INC     HL                  ;
2026   078B 56                                 LD      D,(HL)              ;
2027   078C 23                                 INC     HL                  ;
2028   078D 5E                                 LD      E,(HL)              ;
2029   078E 0A                                 LD      A,(BC)              ; get alien control state B
2030   078F 6F                                 LD      L,A                 ; as offset for...
2031   0790 26 14                              LD      H,T1420 >> 8        ; get alien character block shapes table
2032   0792 7E                                 LD      A,(HL)              ;
2033   0793 12                                 LD      (DE),A              ; draw alien character left part
2034   0794 23                                 INC     HL                  ; next character
2035   0795 CD 17 02                           CALL    RightOneColumn      ;
2036   0798 7E                                 LD      A,(HL)              ;
2037   0799 12                                 LD      (DE),A              ; draw alien character right part
2038   079A 0B                                 DEC     BC                  ;
2039   079B C9                                 RET                         ;
2040   079C             
2041   079E                                    .ORG $079E
2042   079E             ;*****************************************************************************
2043   079E             ;* Bit4 control function 9E:
2044   079E             ;* If control state A: 0111_xxxx
2045   079E             ;* Delete 1x2 screen objects (alien).
2046   079E             ;*****************************************************************************
2047   079E             L079E:
2048   079E EB                                 EX      DE,HL               ;
2049   079F 56                                 LD      D,(HL)              ; get MSB of screen ram
2050   07A0 23                                 INC     HL                  ;
2051   07A1 5E                                 LD      E,(HL)              ; get LSB of screen ram
2052   07A2 2B                                 DEC     HL                  ; restore pointer
2053   07A3 AF                                 XOR     A                   ; A=0
2054   07A4 12                                 LD      (DE),A              ; delete at screen, upper part
2055   07A5 13                                 INC     DE                  ;
2056   07A6 12                                 LD      (DE),A              ; delete at screen, lower part
2057   07A7 EB                                 EX      DE,HL               ;
2058   07A8 C9                                 RET                         ;
2059   07A9             
2060   07AA                                    .ORG $07AA
2061   07AA             ;*****************************************************************************
2062   07AA             ;* Bit3 control function AA:
2063   07AA             ;* If control state A: xxxx_1011
2064   07AA             ;* Draw 1x2 screen objects (alien).
2065   07AA             ;*****************************************************************************
2066   07AA             L07AA:
2067   07AA EB                                 EX      DE,HL               ;
2068   07AB 23                                 INC     HL                  ;
2069   07AC 23                                 INC     HL                  ;
2070   07AD 56                                 LD      D,(HL)              ;
2071   07AE 23                                 INC     HL                  ;
2072   07AF 5E                                 LD      E,(HL)              ;
2073   07B0 0A                                 LD      A,(BC)              ;
2074   07B1 6F                                 LD      L,A                 ;
2075   07B2 26 14                              LD      H,T1420 >> 8        ; get alien character block shapes table
2076   07B4 7E                                 LD      A,(HL)              ;
2077   07B5 12                                 LD      (DE),A              ; draw upper part on screen
2078   07B6 23                                 INC     HL                  ;
2079   07B7 13                                 INC     DE                  ;
2080   07B8 7E                                 LD      A,(HL)              ;
2081   07B9 12                                 LD      (DE),A              ; draw lower part on screen
2082   07BA 0B                                 DEC     BC                  ;
2083   07BB C9                                 RET                         ;
2084   07BC             
2085   07BE                                    .ORG $07BE
2086   07BE             ;*****************************************************************************
2087   07BE             ;* Bit4 control function BE:
2088   07BE             ;* If control state A: 1001_xxxx
2089   07BE             ;* Delete 2x2 screen objects (player ship, alien).
2090   07BE             ;*****************************************************************************
2091   07BE             L07BE:
2092   07BE EB                                 EX      DE,HL               ;
2093   07BF 56                                 LD      D,(HL)              ;
2094   07C0 23                                 INC     HL                  ;
2095   07C1 5E                                 LD      E,(HL)              ;
2096   07C2 2B                                 DEC     HL                  ;
2097   07C3 AF                                 XOR     A                   ; A=0
2098   07C4 12                                 LD      (DE),A              ; delete upper left part
2099   07C5 13                                 INC     DE                  ;
2100   07C6 12                                 LD      (DE),A              ; delete upper right part
2101   07C7 CD 17 02                           CALL    RightOneColumn      ;
2102   07CA AF                                 XOR     A                   ; A=0
2103   07CB 12                                 LD      (DE),A              ; delete lower left part
2104   07CC 1B                                 DEC     DE                  ;
2105   07CD 12                                 LD      (DE),A              ; delete lower right part
2106   07CE EB                                 EX      DE,HL               ;
2107   07CF C9                                 RET                         ;
2108   07D0             
2109   07D2                                    .ORG $07D2
2110   07D2             ;*****************************************************************************
2111   07D2             ;* Bit3 control function D2:
2112   07D2             ;* If control state A: xxxx_1100
2113   07D2             ;* Draw 2x2 screen objects (player ship, alien, planets).
2114   07D2             ;*****************************************************************************
2115   07D2             L07D2:
2116   07D2 EB                                 EX      DE,HL               ;
2117   07D3 23                                 INC     HL                  ;
2118   07D4 23                                 INC     HL                  ;
2119   07D5 56                                 LD      D,(HL)              ; get MSB from player data structure (screen ram)
2120   07D6 23                                 INC     HL                  ;
2121   07D7 5E                                 LD      E,(HL)              ; get LSB from player data structure (screen ram)
2122   07D8 0A                                 LD      A,(BC)              ; get value from player data structure (grid)
2123   07D9 6F                                 LD      L,A                 ;
2124   07DA 26 14                              LD      H,T1400 >> 8        ; get player ship character block shapes table
2125   07DC             L07DC:
2126   07DC 7E                                 LD      A,(HL)              ; Entry point for general draw
2127   07DD 12                                 LD      (DE),A              ; draw upper left part
2128   07DE 23                                 INC     HL                  ;
2129   07DF 13                                 INC     DE                  ;
2130   07E0 7E                                 LD      A,(HL)              ;
2131   07E1 12                                 LD      (DE),A              ; draw upper right part
2132   07E2 23                                 INC     HL                  ;
2133   07E3 1B                                 DEC     DE                  ;
2134   07E4 CD 17 02                           CALL    RightOneColumn      ;
2135   07E7 7E                                 LD      A,(HL)              ;
2136   07E8 12                                 LD      (DE),A              ; draw lower left part
2137   07E9 23                                 INC     HL                  ;
2138   07EA 13                                 INC     DE                  ;
2139   07EB 7E                                 LD      A,(HL)              ;
2140   07EC 12                                 LD      (DE),A              ; draw lower right part
2141   07ED 0B                                 DEC     BC                  ;
2142   07EE C9                                 RET                         ;
2143   07EF             
2144   07F0                                    .ORG $07F0
2145   07F0             ;*****************************************************************************
2146   07F0             ;* Reset scroll register for background at score flash
2147   07F0             ;*****************************************************************************
2148   07F0             L07F0:
2149   07F0 3A B9 43                           LD      A,(CounterB9)       ;
2150   07F3 32 00 58                           LD      (scrollRegister),A  ; 58xx scroll register
2151   07F6 CD 80 03                           CALL    ClearForeground     ;
2152   07F9 C3 1E 04                           JP      SetBitsVideoRegister
2153   07FC             
2154   07FC             ;*****************************************************************************
2155   07FC             ; ic46
2156   07FC             ;*****************************************************************************
2157   0800                                    .ORG $0800
2158   0800             ;*****************************************************************************
2159   0800             ;* Game state 3.
2160   0800             ;* Normal game play.
2161   0800             ;*****************************************************************************
2162   0800             L0800:
2163   0800 21 14 08                           LD      HL,T0814            ;
2164   0803 3A B8 43                           LD      A,(LevelAndRound)   ; bit0 - 3: game level, bit4 - 7: game round
2165   0806 07                                 RLCA                        ; Multiply by 2 to get a 2 byte offset
2166   0807 E6 1E                              AND     $1E                 ; mask out 0001_1110 game level
2167   0809 85                                 ADD     A,L                 ; add offset ...
2168   080A 6F                                 LD      L,A                 ; ... to base of table
2169   080B 7E                                 LD      A,(HL)              ; MSB of destination
2170   080C 2C                                 INC     L                   ; Get the
2171   080D 6E                                 LD      L,(HL)              ; ... LSB of destination
2172   080E 67                                 LD      H,A                 ; Now point to function
2173   080F E9                                 JP      (HL)                ; jump to corresponding function according to LevelAndRound.
2174   0810             
2175   0814                                    .ORG $0814
2176   0814             T0814:
2177   0814                                    .MSFIRST
2178   0814 08 34                              .DW L0834       ;Game level 0: called for each frame during stars scrolling down and 'aliens fade in'
2179   0816 20 00                              .DW L2000       ;Game level 1: called for each frame during 'player alife' with aliens, after 'fade in'
2180   0818 08 34                              .DW L0834       ;Game level 2: called for each frame during stars scrolling down and 'aliens fade in'
2181   081A 20 00                              .DW L2000       ;Game level 3: called for each frame during 'player alife' with aliens, after 'fade in'
2182   081C 22 30                              .DW L2230       ;Game level 4: called for each frame during 'spiral fill'
2183   081E 34 00                              .DW L3400       ;Game level 5: called for each frame during birds level including 'fade in'
2184   0820 22 30                              .DW L2230       ;Game level 6: called for each frame during 'spiral fill'
2185   0822 34 00                              .DW L3400       ;Game level 7: called for each frame during birds level including 'fade in'
2186   0824 22 30                              .DW L2230       ;Game level 8: called for each frame during 'spiral fill'
2187   0826 22 B4                              .DW L22B4       ;Game level 9: called for each frame during mothership 'fade in'
2188   0828 22 CA                              .DW L22CA       ;Game level A: called for each frame during mothership and aliens 'fade in'
2189   082A 20 00                              .DW L2000       ;Game level B: called for each frame during 'player alife' with aliens and mothership, after 'fade in'
2190   082C             
2191   0834                                    .ORG $0834
2192   0834             ;*****************************************************************************
2193   0834             ;* Game level 0 and 2:
2194   0834             ;* Stars scrolling down and 'aliens fade in'
2195   0834             ;*****************************************************************************
2196   0834             L0834:
2197   0834 CD F0 06                           CALL    L06F0               ; update scroll register and fill background
2198   0837 21 B4 43                           LD      HL,CounterB4        ; 
2199   083A 35                                 DEC     (HL)                ; decrement the counter
2200   083B 7E                                 LD      A,(HL)              ;
2201   083C FE 15                              CP      $15                 ;
2202   083E D0                                 RET     NC                  ;
2203   083F CD 5A 08                           CALL    GetAnimationChrs    ; for 'aliens fade in'
2204   0842 CD FA 05                           CALL    L05FA               ; init all alien control states
2205   0845 CD 50 0A                           CALL    AlienDataController ;
2206   0848             L0848:
2207   0848 21 B4 43                           LD      HL,CounterB4        ;
2208   084B 7E                                 LD      A,(HL)              ;
2209   084C A7                                 AND     A                   ; updates the zero flag
2210   084D C0                                 RET     NZ                  ; if CounterB4 is 0.
2211   084E 2E B8                              LD      L,$B8               ;
2212   0850 34                                 INC     (HL)                ; increment game level $43B8
2213   0851 2E A4                              LD      L,$A4               ; Next interval game state ...
2214   0853 36 02                              LD      (HL),$02            ; .. is 2
2215   0855 C9                                 RET                         ;
2216   0856             
2217   085A                                    .ORG $085A
2218   085A             ;*****************************************************************************
2219   085A             ;* The 'aliens fade in' animation sequence is:
2220   085A             ;* 6C, 6D, 6E, 6F, 68, from foreground tiles.
2221   085A             ;*****************************************************************************
2222   085A             GetAnimationChrs:
2223   085A 11 6C 08                           LD      DE,$086C            ;
2224   085D FE 11                              CP      $11                 ;
2225   085F D0                                 RET     NC                  ;
2226   0860 1E 6D                              LD      E,$6D               ;
2227   0862 FE 0D                              CP      $0D                 ;
2228   0864 D0                                 RET     NC                  ;
2229   0865 1E 6E                              LD      E,$6E               ;
2230   0867 FE 09                              CP      $09                 ;
2231   0869 D0                                 RET     NC                  ;
2232   086A 1E 6F                              LD      E,$6F               ;
2233   086C FE 05                              CP      $05                 ;
2234   086E D0                                 RET     NC                  ;
2235   086F 1E 68                              LD      E,$68               ;
2236   0871 C9                                 RET                         ;
2237   0872             
2238   0876                                    .ORG $0876
2239   0876             ;*****************************************************************************
2240   0876             ; Updates the player ship, player bullet and the shield.
2241   0876             ;*****************************************************************************
2242   0876             PlayerUpdate:
2243   0876 CD 00 07                           CALL    PlayerDataController     ; draw new / delete old objects
2244   0879 CD 86 08                           CALL    L0886               ; copy current player data to old player data ?
2245   087C CD A0 08                           CALL    L08A0               ; update player position, bullet and shield
2246   087F CD A0 09                           CALL    L09A0               ; get screen ram adress for player ship position
2247   0882 CD 7A 09                           CALL    L097A               ; map player ship position to $439E $439F
2248   0885 C9                                 RET                         ;
2249   0886             
2250   0886             ;*****************************************************************************
2251   0886             ; Copy current player data to old player data.
2252   0886             ;*****************************************************************************
2253   0886             L0886:
2254   0886 21 EB 43                           LD      HL,M43EB            ;
2255   0889 06 03                              LD      B,$03               ;
2256   088B             L088B:
2257   088B 56                                 LD      D,(HL)              ;
2258   088C 2B                                 DEC     HL                  ;
2259   088D 5E                                 LD      E,(HL)              ;
2260   088E 2B                                 DEC     HL                  ;
2261   088F 72                                 LD      (HL),D              ;
2262   0890 2B                                 DEC     HL                  ;
2263   0891 73                                 LD      (HL),E              ;
2264   0892 2B                                 DEC     HL                  ;
2265   0893 05                                 DEC     B                   ;
2266   0894 C2 8B 08                           JP      NZ,L088B            ;
2267   0897 C9                                 RET                         ;
2268   0898             
2269   08A0                                    .ORG $08A0
2270   08A0             ;*****************************************************************************
2271   08A0             ;* Update player position, bullet and shield
2272   08A0             ;*****************************************************************************
2273   08A0             L08A0:
2274   08A0 CD C4 08                           CALL    MovePlayer          ;
2275   08A3 21 C4 43                           LD      HL,PlayerBulletState
2276   08A6 CD 30 09                           CALL    L0930               ; get the assigned player bullet tile if fire button was pressed
2277   08A9 3A B8 43                           LD      A,(LevelAndRound)   ;
2278   08AC E6 0F                              AND     $0F                 ; 0000_1111
2279   08AE FE 03                              CP      $03                 ;
2280   08B0 C0                                 RET     NZ                  ; return if not game level 3 (2nd alien wave)
2281   08B1 21 C8 43                           LD      HL,AbovePlayerBulletState
2282   08B4 CD 30 09                           CALL    L0930               ; get the assigned player bullet tile if fire button was pressed
2283   08B7 C9                                 RET                         ;
2284   08B8             
2285   08C4                                    .ORG $08C4
2286   08C4             ;*****************************************************************************
2287   08C4             ;* Player ship, shield and bullets handler.
2288   08C4             ;*****************************************************************************
2289   08C4             MovePlayer:
2290   08C4 21 C0 43                           LD      HL,PlayerState      ;
2291   08C7 7E                                 LD      A,(HL)              ;
2292   08C8 E6 08                              AND     $08                 ; mask out 0000_1000
2293   08CA CA A0 0A                           JP      Z,DrawShields       ; Draw shields
2294   08CD 2E A6                              LD      L,$A6               ;
2295   08CF 7E                                 LD      A,(HL)              ; get ShieldCount
2296   08D0 A7                                 AND     A                   ; updates the zero flag
2297   08D1 C2 EA 08                           JP      NZ,L08EA            ; if ShieldCount not 0.
2298   08D4 06 80                              LD      B,$80               ; 1000_0000 (bit7='shield')
2299   08D6 CD BB 00                           CALL    CheckInputBits      ;
2300   08D9 CA EB 08                           JP      Z,L08EB             ;
2301   08DC 2E 62                              LD      L,$62               ;
2302   08DE 36 40                              LD      (HL),$40            ; set bit6 at $4362
2303   08E0 2E C0                              LD      L,$C0               ;
2304   08E2 7E                                 LD      A,(HL)              ; get $43C0 PlayerState
2305   08E3 E6 F7                              AND     $F7                 ; mask out 1111_0111
2306   08E5 77                                 LD      (HL),A              ;
2307   08E6 2E A6                              LD      L,$A6               ;
2308   08E8 36 FF                              LD      (HL),$FF            ;
2309   08EA             L08EA:
2310   08EA 35                                 DEC     (HL)                ; decrement ShieldCount
2311   08EB             L08EB:
2312   08EB 2E C2                              LD      L,PlayerShipX & $FF ; LSB of $43C2 PlayerShipX
2313   08ED CD 00 09                           CALL    L0900               ; Update the player ship x coordinate.
2314   08F0 01 00 16                           LD      BC,T1600            ;
2315   08F3 C3 26 09                           JP      L0926               ; get player ship animation frame values, mapped with T1600/T1620
2316   08F6             
2317   0900                                    .ORG $0900
2318   0900             ;*****************************************************************************
2319   0900             ;* Update the player ship x coordinate.
2320   0900             ;*****************************************************************************
2321   0900             L0900:
2322   0900 3A A0 43                           LD      A,(IN0Current)      ;
2323   0903 2F                                 CPL                         ; flip the current bits
2324   0904 E6 60                              AND     $60                 ; mask out 0110_0000
2325   0906 C8                                 RET     Z                   ; if no button pressed
2326   0907 E6 40                              AND     $40                 ; mask out 0100_0000
2327   0909 CA 17 09                           JP      Z,L0917             ;
2328   090C 7E                                 LD      A,(HL)              ; get $43C2 PlayerShipX
2329   090D FE 0D                              CP      $0D                 ;
2330   090F D8                                 RET     C                   ; if left boundary reached
2331   0910 35                                 DEC     (HL)                ; 'left' button: dec $43C2 PlayerShipX
2332   0911 3E FF                              LD      A,$FF               ;
2333   0913 32 60 43                           LD      (PlayerMoved),A     ; set 'player moved' flag
2334   0916 C9                                 RET                         ;
2335   0917             L0917:
2336   0917 7E                                 LD      A,(HL)              ; get $43C2 PlayerShipX
2337   0918 FE C0                              CP      $C0                 ;
2338   091A D0                                 RET     NC                  ; if right boundary reached
2339   091B 34                                 INC     (HL)                ; 'right' button: inc $43C2 PlayerShipX
2340   091C 3E FF                              LD      A,$FF               ;
2341   091E 32 60 43                           LD      (PlayerMoved),A     ; set 'player moved' flag
2342   0921 C9                                 RET                         ;
2343   0922             
2344   0926                                    .ORG $0926
2345   0926             ;*****************************************************************************
2346   0926             ;* Get player ship animation frame values, mapped with T1600/T1620.
2347   0926             ;*****************************************************************************
2348   0926             L0926:
2349   0926 7E                                 LD      A,(HL)              ;
2350   0927 E6 07                              AND     $07                 ; mask out 0000_0111
2351   0929 81                                 ADD     A,C                 ;
2352   092A 4F                                 LD      C,A                 ;
2353   092B 0A                                 LD      A,(BC)              ; get data from table
2354   092C 2D                                 DEC     L                   ;
2355   092D 77                                 LD      (HL),A              ;
2356   092E C9                                 RET                         ;
2357   092F             
2358   0930                                    .ORG $0930
2359   0930             ;*****************************************************************************
2360   0930             ;* Get the assigned player bullet tile if fire button was pressed.
2361   0930             ;*****************************************************************************
2362   0930             L0930:
2363   0930 7E                                 LD      A,(HL)              ;
2364   0931 E6 08                              AND     $08                 ; mask out 0000_1000
2365   0933 C2 64 09                           JP      NZ,L0964            ; update PlayerBulletY (grid) and PlayerBulletState
2366   0936 EB                                 EX      DE,HL               ;
2367   0937 06 10                              LD      B,$10               ; 0001_0000 (bit4='fire')
2368   0939 CD BB 00                           CALL    CheckInputBits      ;
2369   093C C8                                 RET     Z                   ; return if button not pressed
2370   093D 7E                                 LD      A,(HL)              ;
2371   093E E6 EF                              AND     $EF                 ; mask out 1110_1111
2372   0940 77                                 LD      (HL),A              ;
2373   0941 1A                                 LD      A,(DE)              ;
2374   0942 F6 08                              OR      $08                 ; set bit3 at..
2375   0944 12                                 LD      (DE),A              ; $43C4 PlayerBulletState
2376   0945 13                                 INC     DE                  ;
2377   0946 13                                 INC     DE                  ;
2378   0947 3A C2 43                           LD      A,(PlayerShipX)     ;
2379   094A C6 04                              ADD     $04                 ; mask out 0000_0100
2380   094C 12                                 LD      (DE),A              ;
2381   094D 13                                 INC     DE                  ;
2382   094E 3A C3 43                           LD      A,(PlayerShipY)     ; $D8
2383   0951 D6 08                              SUB     $08                 ;
2384   0953 12                                 LD      (DE),A              ;
2385   0954 1B                                 DEC     DE                  ;
2386   0955 EB                                 EX      DE,HL               ;
2387   0956 01 20 16                           LD      BC,T1620            ; get character for player bullets
2388   0959 CD 26 09                           CALL    L0926               ; get player ship animation frame values, mapped with T1600/T1620
2389   095C 3E 30                              LD      A,$30               ; 0011_0000
2390   095E 32 61 43                           LD      (BulletTriggered),A ; set 'bullet triggered' flag
2391   0961 C9                                 RET                         ;
2392   0962             
2393   0964                                    .ORG $0964
2394   0964             ;*****************************************************************************
2395   0964             ;* Update PlayerBulletY (grid) and PlayerBulletState.
2396   0964             ;*****************************************************************************
2397   0964             L0964:
2398   0964 2C                                 INC     L                   ;
2399   0965 2C                                 INC     L                   ;
2400   0966 2C                                 INC     L                   ;
2401   0967 7E                                 LD      A,(HL)              ; get $43C7 PlayerBulletY (grid)
2402   0968 D6 08                              SUB     $08                 ; move bullet ($08 represents the bullet speed)
2403   096A 77                                 LD      (HL),A              ;
2404   096B FE 1F                              CP      $1F                 ; top of the screen reached?
2405   096D D0                                 RET     NC                  ; if not reached
2406   096E             L096E:
2407   096E 2D                                 DEC     L                   ;
2408   096F 2D                                 DEC     L                   ;
2409   0970 2D                                 DEC     L                   ;
2410   0971 7E                                 LD      A,(HL)              ; get $43C4 PlayerBulletState
2411   0972 E6 F7                              AND     $F7                 ; 1111_0111
2412   0974 77                                 LD      (HL),A              ; del bit3 at PlayerBulletState
2413   0975 C9                                 RET                         ;
2414   0976             
2415   097A                                    .ORG $097A
2416   097A             ;*****************************************************************************
2417   097A             ;* Player ship X position mapping.
2418   097A             ;*****************************************************************************
2419   097A             L097A:
2420   097A 3A C2 43                           LD      A,(PlayerShipX)     ;
2421   097D 47                                 LD      B,A                 ; save it
2422   097E E6 07                              AND     $07                 ; mask out 0000_0111
2423   0980 07                                 RLCA                        ;
2424   0981 21 38 0B                           LD      HL,T0B38            ; mapping table
2425   0984 85                                 ADD     A,L                 ;
2426   0985 6F                                 LD      L,A                 ;
2427   0986 78                                 LD      A,B                 ; restore it
2428   0987 96                                 SUB     (HL)                ;
2429   0988 32 9E 43                           LD      (M439E),A           ; Mapped player ship position, left part
2430   098B 23                                 INC     HL                  ;
2431   098C 78                                 LD      A,B                 ;
2432   098D 86                                 ADD     A,(HL)              ;
2433   098E 32 9F 43                           LD      (M439F),A           ; Mapped player ship position, right part
2434   0991 C9                                 RET                         ;
2435   0992             
2436   09A0                                    .ORG $09A0
2437   09A0             ;*****************************************************************************
2438   09A0             ;* Get screen ram adress for player and bullet positions.
2439   09A0             ;* from: 43C2:43C3, 43C6:43C7, 43CA:43CB
2440   09A0             ;* ......PlayerShipX
2441   09A0             ;* ...........PlayerShipY
2442   09A0             ;* .................PlayerBulletX
2443   09A0             ;* ......................PlayerBulletY
2444   09A0             ;* ............................AbovePlayerBulletX
2445   09A0             ;* .................................AbovePlayerBulletY
2446   09A0             ;* to:   43E2:43E3, 43E6:43E7, 43EA:43EB
2447   09A0             ;*****************************************************************************
2448   09A0             L09A0:
2449   09A0 01 C2 43                           LD      BC,PlayerShipX      ;
2450   09A3 11 E2 43                           LD      DE,PlayerShipMSB    ;
2451   09A6             L09A6:
2452   09A6 CD BA 09                           CALL    GetScreenRamAddress ;
2453   09A9 03                                 INC     BC                  ;
2454   09AA 03                                 INC     BC                  ;
2455   09AB 03                                 INC     BC                  ;
2456   09AC 13                                 INC     DE                  ;
2457   09AD 13                                 INC     DE                  ;
2458   09AE 13                                 INC     DE                  ;
2459   09AF 79                                 LD      A,C                 ;
2460   09B0 FE CE                              CP      $CE                 ; end of data structure
2461   09B2 C2 A6 09                           JP      NZ,L09A6            ;
2462   09B5 C9                                 RET                         ;
2463   09B6             
2464   09BA                                    .ORG $09BA
2465   09BA             ;*****************************************************************************
2466   09BA             ;* Mapping of 'grid values' to screen ram address.
2467   09BA             ;*****************************************************************************
2468   09BA             GetScreenRamAddress:
2469   09BA 21 00 0A                           LD      HL,T0A00            ; Screen ram addresses for the top row (left to right)
2470   09BD 0A                                 LD      A,(BC)              ; get the coordinate
2471   09BE E6 F8                              AND     $F8                 ; 1111_1000
2472   09C0 0F                                 RRCA                        ; 0111_1100
2473   09C1 0F                                 RRCA                        ; 0011_1110
2474   09C2 85                                 ADD     A,L                 ;
2475   09C3 6F                                 LD      L,A                 ;
2476   09C4 7E                                 LD      A,(HL)              ; get MSB of screen ram address for row
2477   09C5 12                                 LD      (DE),A              ; save it
2478   09C6 03                                 INC     BC                  ;
2479   09C7 13                                 INC     DE                  ;
2480   09C8 23                                 INC     HL                  ; move to LSB for T0A00
2481   09C9 0A                                 LD      A,(BC)              ; get the coordinate
2482   09CA E6 F8                              AND     $F8                 ; 1111_1000
2483   09CC 0F                                 RRCA                        ; 0111_1100
2484   09CD 0F                                 RRCA                        ; 0011_1110
2485   09CE 0F                                 RRCA                        ; 0001_1111
2486   09CF 86                                 ADD     A,(HL)              ; add to LSB of screen ram address for row
2487   09D0 12                                 LD      (DE),A              ; save it
2488   09D1 C9                                 RET                         ;
2489   09D2             
2490   0A00                                    .ORG $0A00
2491   0A00             ; Screen ram addresses for the top row (left to right)
2492   0A00             ; Notice these addresses are MSB:LSB (backwards from the processors endianness)
2493   0A00             ; The offset is `(X & $F8) >> 2`, which ranges `$00`…`$3E`.
2494   0A00             ; The 26 valid columns use offsets `$00`–`$32` (`$0A00`–`$0A33`).
2495   0A00             ; Any X coordinate large enough to produce offset `$34`–`$3E` lands in your range and reads `$0000`.
2496   0A00             ; Because the entry is `$0000` for both MSB and the row base LSB,
2497   0A00             ; the computed destination collapses to address `$0000` (plus a tiny Y offset),
2498   0A00             ; i.e. low ROM, where writes are simply ignored.
2499   0A00             ; The result is that an object pushed past the right edge is "drawn" to a harmless null address
2500   0A00             ; instead of corrupting screen RAM or wrapping onto a visible tile.
2501   0A00             T0A00:
2502   0A00                                    .MSFIRST
2503   0A00 43 20                              .DW ForegroundScreen+$320  ; Upper left corner of rotated screen
2504   0A02 43 00                              .DW ForegroundScreen+$300
2505   0A04 42 E0                              .DW ForegroundScreen+$2E0
2506   0A06 42 C0                              .DW ForegroundScreen+$2C0
2507   0A08 42 A0                              .DW ForegroundScreen+$2A0
2508   0A0A 42 80                              .DW ForegroundScreen+$280
2509   0A0C 42 60                              .DW ForegroundScreen+$260
2510   0A0E 42 40                              .DW ForegroundScreen+$240
2511   0A10 42 20                              .DW ForegroundScreen+$220
2512   0A12 42 00                              .DW ForegroundScreen+$200
2513   0A14 41 E0                              .DW ForegroundScreen+$1E0
2514   0A16 41 C0                              .DW ForegroundScreen+$1C0
2515   0A18 41 A0                              .DW ForegroundScreen+$1A0
2516   0A1A 41 80                              .DW ForegroundScreen+$180
2517   0A1C 41 60                              .DW ForegroundScreen+$160
2518   0A1E 41 40                              .DW ForegroundScreen+$140
2519   0A20 41 20                              .DW ForegroundScreen+$120
2520   0A22 41 00                              .DW ForegroundScreen+$100
2521   0A24 40 E0                              .DW ForegroundScreen+$E0
2522   0A26 40 C0                              .DW ForegroundScreen+$C0
2523   0A28 40 A0                              .DW ForegroundScreen+$A0
2524   0A2A 40 80                              .DW ForegroundScreen+$80
2525   0A2C 40 60                              .DW ForegroundScreen+$60
2526   0A2E 40 40                              .DW ForegroundScreen+$40
2527   0A30 40 20                              .DW ForegroundScreen+$20
2528   0A32 40 00                              .DW ForegroundScreen       ; Upper right corner of rotated screen
2529   0A34             
2530   0A34             ; Mapping the 'out of screen' objects,
2531   0A34             ; that catch coordinates mapping beyond the 26 columns, returning a null (`$0000`) address
2532   0A34             ; so off screen objects are written to a safe, ignored location rather than drawn as garbage.
2533   0A34 00 00                              .DB $00, $00
2534   0A36 00 00                              .DB $00, $00
2535   0A38 00 00                              .DB $00, $00
2536   0A3A 00 00                              .DB $00, $00
2537   0A3C 00 00                              .DB $00, $00
2538   0A3E 00 00                              .DB $00, $00
2539   0A40             ;
2540   0A40             T0A40:
2541   0A40 AA BA AB BB                        .DB $AA, $BA, $AB, $BB     ;alien shape #37 (set A)
2542   0A44 80 90 81 91                        .DB $80, $90, $81, $91     ;alien shape #34 (set A)
2543   0A48             T0A48:
2544   0A48 74 7C 75 7D                        .DB $74, $7C, $75, $7D     ;alien pilot shape (set B)
2545   0A4C             
2546   0A50                                    .ORG $0A50
2547   0A50             ;*****************************************************************************
2548   0A50             ;* Handle alien control states for all aliens.
2549   0A50             ;* This routine has a bug!
2550   0A50             ;* Loop goes 20 times for 16 aliens. But bit 3 or 4 is not set at
2551   0A50             ;* UpdateScreenObjects. So luckily no effect.
2552   0A50             ;* Possible fix would be: 'CP $F0' at $0A63.
2553   0A50             ;*****************************************************************************
2554   0A50             AlienDataController:
2555   0A50 01 70 4B                           LD      BC,M4B70            ; alien data structure (grid)
2556   0A53 11 B0 4B                           LD      DE,M4BB0            ; alien data structure (screen ram)
2557   0A56             L0A56:
2558   0A56 C5                                 PUSH    BC                  ;
2559   0A57 CD 18 07                           CALL    UpdateScreenObjects ;
2560   0A5A C1                                 POP     BC                  ;
2561   0A5B 79                                 LD      A,C                 ;
2562   0A5C C6 04                              ADD     $04                 ;
2563   0A5E 4F                                 LD      C,A                 ;
2564   0A5F C6 40                              ADD     $40                 ;
2565   0A61 5F                                 LD      E,A                 ;
2566   0A62 50                                 LD      D,B                 ;
2567   0A63 A7                                 AND     A                   ; updates the zero flag (bug)
2568   0A64 C2 56 0A                           JP      NZ,L0A56            ;
2569   0A67 C9                                 RET                         ;
2570   0A68             
2571   0A6C                                    .ORG $0A6C
2572   0A6C             ;*****************************************************************************
2573   0A6C             ;* Get screen ram adress for all aliens.
2574   0A6C             ;*****************************************************************************
2575   0A6C             L0A6C:
2576   0A6C 01 70 4B                           LD      BC,M4B70            ; data structure for alien control and screen coordinate
2577   0A6F 11 B3 4B                           LD      DE,M4BB3            ; data structure for alien screen ram address
2578   0A72             L0A72:
2579   0A72 C5                                 PUSH    BC                  ;
2580   0A73 D5                                 PUSH    DE                  ;
2581   0A74 0A                                 LD      A,(BC)              ;
2582   0A75 E6 18                              AND     $18                 ; mask out 0001_1000
2583   0A77 CA 8A 0A                           JP      Z,L0A8A             ; if 0 then skip the mapping
2584   0A7A EB                                 EX      DE,HL               ;
2585   0A7B 56                                 LD      D,(HL)              ;
2586   0A7C 2B                                 DEC     HL                  ;
2587   0A7D 5E                                 LD      E,(HL)              ;
2588   0A7E 2B                                 DEC     HL                  ;
2589   0A7F 72                                 LD      (HL),D              ;
2590   0A80 2B                                 DEC     HL                  ;
2591   0A81 73                                 LD      (HL),E              ;
2592   0A82 EB                                 EX      DE,HL               ;
2593   0A83 13                                 INC     DE                  ;
2594   0A84 13                                 INC     DE                  ;
2595   0A85 03                                 INC     BC                  ;
2596   0A86 03                                 INC     BC                  ;
2597   0A87 CD BA 09                           CALL    GetScreenRamAddress ;
2598   0A8A             L0A8A:
2599   0A8A D1                                 POP     DE                  ;
2600   0A8B C1                                 POP     BC                  ;
2601   0A8C 79                                 LD      A,C                 ;
2602   0A8D C6 04                              ADD     $04                 ;
2603   0A8F 4F                                 LD      C,A                 ;
2604   0A90 7B                                 LD      A,E                 ;
2605   0A91 C6 04                              ADD     $04                 ;
2606   0A93 5F                                 LD      E,A                 ;
2607   0A94 FE 03                              CP      $03                 ;
2608   0A96 C2 72 0A                           JP      NZ,L0A72            ;
2609   0A99 C9                                 RET                         ;
2610   0A9A             
2611   0AA0                                    .ORG $0AA0
2612   0AA0             ;*****************************************************************************
2613   0AA0             ;* Handler for the player shield.
2614   0AA0             ;*****************************************************************************
2615   0AA0             DrawShields:
2616   0AA0 2E E2                              LD      L,PlayerShipMSB & $FF     ; HL=43E2 Player's screen memory location
2617   0AA2 56                                 LD      D,(HL)              ; Get the PlayerScreenRamMSB
2618   0AA3 23                                 INC     HL                  ; Get the ... PlayerScreenRamLSB
2619   0AA4 5E                                 LD      E,(HL)              ; ... LSB (ignore any fine bit shifting of the player)
2620   0AA5 CD 10 02                           CALL    LeftOneColumn       ; Shield pictures begin one column to the left of the ship
2621   0AA8 1B                                 DEC     DE                  ; Shield pictures begin one row above the ship
2622   0AA9 01 04 04                           LD      BC,$0404            ; Shiled images are 4x4
2623   0AAC 2E A6                              LD      L,ShieldCount & $FF ; Decrement the ...
2624   0AAE 35                                 DEC     (HL)                ; ... shield counter
2625   0AAF 7E                                 LD      A,(HL)              ; Current shield counter value
2626   0AB0 21 F0 17                           LD      HL,FourByFourEmpty  ; Blank 4x4
2627   0AB3 FE C0                              CP      $C0                 ; Shield time done?
2628   0AB5 CA 48 0B                           JP      Z,ShieldsExpired    ; Yes ... turn shields off
2629   0AB8 21 70 17                           LD      HL,T1770            ; Four shield-active pictures
2630   0ABB E6 0C                              AND     $0C                 ; Drop lower 2 bits (0000_1100). Images change every 4 ticks.
2631   0ABD 07                                 RLCA                        ; Multiply by 4 ...
2632   0ABE 07                                 RLCA                        ; ... to get a 16-byte offest (4x4 pictures)
2633   0ABF 85                                 ADD     A,L                 ; Point to the ...
2634   0AC0 6F                                 LD      L,A                 ; ... correct image
2635   0AC1 C3 D6 0A                           JP      DrawImageCbyB       ; Draw the new shield image
2636   0AC4             
2637   0AD6                                    .ORG $0AD6
2638   0AD6             ;*****************************************************************************
2639   0AD6             ; B is number of rows
2640   0AD6             ; C is number of columns
2641   0AD6             ; HL is the data
2642   0AD6             ; DE is the pointer to the screen
2643   0AD6             ;*****************************************************************************
2644   0AD6             DrawImageCbyB:
2645   0AD6 D5                                 PUSH    DE                  ; Hold screen pointer
2646   0AD7 C5                                 PUSH    BC                  ; Hold width/Height
2647   0AD8             L0AD8:
2648   0AD8 7E                                 LD      A,(HL)              ; Character to ...
2649   0AD9 12                                 LD      (DE),A              ; ... the screen
2650   0ADA 23                                 INC     HL                  ; Next in data
2651   0ADB 13                                 INC     DE                  ; Next column on screen
2652   0ADC 05                                 DEC     B                   ; All rows done in this column?
2653   0ADD C2 D8 0A                           JP      NZ,L0AD8            ; No ... finish the rows
2654   0AE0 C1                                 POP     BC                  ; Restore the counters
2655   0AE1 D1                                 POP     DE                  ; Restore the screen pointer
2656   0AE2 CD 17 02                           CALL    RightOneColumn      ; Move over one column
2657   0AE5 0D                                 DEC     C                   ; All columns done?
2658   0AE6 C2 D6 0A                           JP      NZ,DrawImageCbyB    ; No ... do all columns
2659   0AE9 C9                                 RET                         ; Done
2660   0AEA             
2661   0AEA             ;*****************************************************************************
2662   0AEA             ;* Game state 4.
2663   0AEA             ;* Player ship partikel explosion.
2664   0AEA             ;*****************************************************************************
2665   0AEA             L0AEA:
2666   0AEA 21 B9 43                           LD      HL,CounterB9        ;
2667   0AED 7E                                 LD      A,(HL)              
2668   0AEE E6 F8                              AND     $F8                 
2669   0AF0 77                                 LD      (HL),A              
2670   0AF1 32 00 58                           LD      (scrollRegister),A  ; 58xx scroll register
2671   0AF4 2E E2                              LD      L,$E2               
2672   0AF6 56                                 LD      D,(HL)              
2673   0AF7 2C                                 INC     L                   
2674   0AF8 5E                                 LD      E,(HL)              
2675   0AF9 CD 10 02                           CALL    LeftOneColumn       ;
2676   0AFC 1B                                 DEC     DE                  
2677   0AFD 00                                 NOP                         
2678   0AFE 2E A5                              LD      L,$A5               
2679   0B00 35                                 DEC     (HL)                
2680   0B01 7E                                 LD      A,(HL)              
2681   0B02 CA 15 0B                           JP      Z,L0B15             ;
2682   0B05 FE 20                              CP      $20                 
2683   0B07 DA A0 0B                           JP      C,L0BA0             ;
2684   0B0A CA 80 03                           JP      Z,ClearForeground   ;
2685   0B0D C3 BA 0B                           JP      L0BBA               ;
2686   0B10             
2687   0B15                                    .ORG $0B15
2688   0B15             ;*****************************************************************************
2689   0B15             ;* The explosion is over — it reloads `CounterA5=5`, decrements that player's life count,
2690   0B15             ;* refreshes the lives display, and sets `GameState = 0` (new turn / next player start).
2691   0B15             ;*****************************************************************************
2692   0B15             L0B15:
2693   0B15 2D                                 DEC     L                   ;
2694   0B16 36 05                              LD      (HL),$05            ;
2695   0B18 2D                                 DEC     L                   ;
2696   0B19 7E                                 LD      A,(HL)              ;
2697   0B1A C6 90                              ADD     $90                 ; -> Player1Lives / Player2Lives slot                 
2698   0B1C 6F                                 LD      L,A                 ;
2699   0B1D 7E                                 LD      A,(HL)              ;
2700   0B1E A7                                 AND     A                   ; updates the zero flag
2701   0B1F C8                                 RET     Z                   ;
2702   0B20 35                                 DEC     (HL)                ; lose a life
2703   0B21 E5                                 PUSH    HL                  ;
2704   0B22 CD 67 03                           CALL    UpdateLivesScreen   ;
2705   0B25 E1                                 POP     HL                  ;
2706   0B26 7E                                 LD      A,(HL)              ;
2707   0B27 A7                                 AND     A                   ; updates the zero flag
2708   0B28 C8                                 RET     Z                   ;
2709   0B29 2E A4                              LD      L,$A4               ; GameState
2710   0B2B 36 00                              LD      (HL),$00            ; set to: 'new game start'
2711   0B2D C9                                 RET                         ;
2712   0B2E             
2713   0B38                                    .ORG $0B38
2714   0B38             ; Player ship X position mapping table
2715   0B38             T0B38:
2716   0B38 00 08                              .DB $00, $08
2717   0B3A 01 09                              .DB $01, $09
2718   0B3C 02 0A                              .DB $02, $0A
2719   0B3E 03 0B                              .DB $03, $0B
2720   0B40 03 0B                              .DB $03, $0B
2721   0B42 02 0A                              .DB $02, $0A
2722   0B44 01 09                              .DB $01, $09
2723   0B46 00 08                              .DB $00, $08
2724   0B48             
2725   0B48             ;*****************************************************************************
2726   0B48             ;* The player shield is expired.
2727   0B48             ;* Shield and player gets removed from screen.
2728   0B48             ;* PlayerShipX position is reset.
2729   0B48             ;*****************************************************************************
2730   0B48             ShieldsExpired:
2731   0B48 CD D6 0A                           CALL    DrawImageCbyB       ;
2732   0B4B 21 C0 43                           LD      HL,PlayerState      ;
2733   0B4E 36 0C                              LD      (HL),$0C            
2734   0B50 2C                                 INC     L                   
2735   0B51 36 0C                              LD      (HL),$0C            
2736   0B53 2C                                 INC     L                   
2737   0B54 7E                                 LD      A,(HL)              
2738   0B55 E6 F8                              AND     $F8                 
2739   0B57 F6 03                              OR      $03                 
2740   0B59 77                                 LD      (HL),A              
2741   0B5A C9                                 RET                         
2742   0B5B             
2743   0B60                                    .ORG $0B60
2744   0B60             ;*****************************************************************************
2745   0B60             ;* Game state 5.
2746   0B60             ;* 'GAME OVER'.
2747   0B60             ;*****************************************************************************
2748   0B60             L0B60:
2749   0B60 21 A5 43                           LD      HL,CounterA5        ;
2750   0B63 34                                 INC     (HL)                
2751   0B64 7E                                 LD      A,(HL)              
2752   0B65 FE 40                              CP      $40                 
2753   0B67 CA A0 03                           JP      Z,ClearBackground   ;
2754   0B6A 21 00 1A                           LD      HL,T1A00            ; "        GAME  OVER        "
2755   0B6D 0E 01                              LD      C,$01               
2756   0B6F FE 80                              CP      $80                 
2757   0B71 C2 95 0B                           JP      NZ,L0B95            ; 
2758   0B74 21 A4 43                           LD      HL,GameState        ; Next interval game state ...
2759   0B77 36 00                              LD      (HL),$00            ; ... is 0 (new game start)
2760   0B79 2E 90                              LD      L,$90               
2761   0B7B 7E                                 LD      A,(HL)              
2762   0B7C 2C                                 INC     L                   
2763   0B7D B6                                 OR      (HL)                
2764   0B7E C0                                 RET     NZ                  
2765   0B7F AF                                 XOR     A                   ; A=0
2766   0B80 2E 98                              LD      L,$98               
2767   0B82 77                                 LD      (HL),A              
2768   0B83 2C                                 INC     L                   
2769   0B84 77                                 LD      (HL),A              
2770   0B85 2E A2                              LD      L,$A2               
2771   0B87 77                                 LD      (HL),A              
2772   0B88 2C                                 INC     L                   
2773   0B89 7E                                 LD      A,(HL)              
2774   0B8A A7                                 AND     A                   ; updates the zero flag
2775   0B8B C8                                 RET     Z                   
2776   0B8C 36 00                              LD      (HL),$00            
2777   0B8E 01 00 01                           LD      BC,$0100            ; from bank 1 to bank 0
2778   0B91 CD 60 04                           CALL    CopyMemoryBank      ;
2779   0B94 C9                                 RET                         
2780   0B95             ;
2781   0B95             L0B95:
2782   0B95 CD D0 01                           CALL    PrintTextLines      ;
2783   0B98 CD E4 01                           CALL    L01E4               ; Print the copyright lines
2784   0B9B C3 F0 1D                           JP      L1DF0               ;
2785   0B9E             
2786   0BA0                                    .ORG $0BA0
2787   0BA0             ;*****************************************************************************
2788   0BA0             ;* Late cleanup: clear background, reset scroll on non‑mothership levels.
2789   0BA0             ;*****************************************************************************
2790   0BA0             L0BA0:
2791   0BA0 21 B8 43                           LD      HL,LevelAndRound    ;
2792   0BA3 7E                                 LD      A,(HL)              ;
2793   0BA4 E6 0F                              AND     $0F                 ; mask out 0000_1111
2794   0BA6 FE 04                              CP      $04                 ;
2795   0BA8 D8                                 RET     C                   ; return if < game level 4 (alien waves)
2796   0BA9 FE 09                              CP      $09                 ;
2797   0BAB D0                                 RET     NC                  ; return if > game level 9 (mothership)
2798   0BAC 2C                                 INC     L                   ; CounterB9
2799   0BAD AF                                 XOR     A                   ; A=0
2800   0BAE 77                                 LD      (HL),A              ; CounterB9 to 0
2801   0BAF 32 00 58                           LD      (scrollRegister),A  ; reset the 58xx scroll register
2802   0BB2 C3 A0 03                           JP      ClearBackground     ;
2803   0BB5             
2804   0BBA                                    .ORG $0BBA
2805   0BBA             ;*****************************************************************************
2806   0BBA             ;* Player-ship explosion:
2807   0BBA             ;* Per-frame visual dispatcher.
2808   0BBA             ;* Entered from L0AEA (game state 4) with A = CounterA5 (explosion phase),
2809   0BBA             ;* when CounterA5 >= $20. Selects one task per frame from the low 2 bits,
2810   0BBA             ;* so the three effects are interleaved as the counter runs down:
2811   0BBA             ;*   CounterA5 & 1 == 0   -> L0FC0  killed-alien animation upkeep
2812   0BBA             ;*   CounterA5 & 3 == 01  -> L20E8  draw a 4x4 ship-fragment sprite
2813   0BBA             ;*   CounterA5 & 3 == 11  -> L2070  render the particle field (T2800/T2900)
2814   0BBA             ;* So across consecutive frames the three low bit patterns rotate through the three tasks,
2815   0BBA             ;* letting the game advance the debris field, the fragment sprites,
2816   0BBA             ;* and any in progress killed alien effects without doing all of them in a single frame.
2817   0BBA             ;*****************************************************************************
2818   0BBA             L0BBA:
2819   0BBA 47                                 LD      B,A                 ;
2820   0BBB 0F                                 RRCA                        ;
2821   0BBC D2 C0 0F                           JP      NC,L0FC0            ; Handle animations for killed aliens
2822   0BBF 0F                                 RRCA                        ;
2823   0BC0 78                                 LD      A,B                 ;
2824   0BC1 DA 70 20                           JP      C,L2070             ;
2825   0BC4 C3 E8 20                           JP      L20E8               ;
2826   0BC7             
2827   0BCA                                    .ORG $0BCA
2828   0BCA             ;*****************************************************************************
2829   0BCA             ;* Draws the character tiles for the score average table.
2830   0BCA             ;*****************************************************************************
2831   0BCA             DrawScoreAverageTableTiles:
2832   0BCA 21 D0 42                           LD      HL,$42D0            ; upper left corner screen ram position
2833   0BCD 01 DF FF                           LD      BC,$FFDF            ; Screen offset constant -33 right one column (-1), up one row (-32)
2834   0BD0 36 64                              LD      (HL),$64            ; left part of alien shape #3
2835   0BD2 09                                 ADD     HL,BC               ;
2836   0BD3 23                                 INC     HL                  ;
2837   0BD4 36 65                              LD      (HL),$65            ; right part of alien shape #3
2838   0BD6 21 F2 42                           LD      HL,$42F2            ; screen ram position for
2839   0BD9 11 40 0A                           LD      DE,T0A40            ; T0A40 alien shape #37 and alien shape #34
2840   0BDC CD 38 35                           CALL    Draw4x2             ;
2841   0BDF 21 15 4B                           LD      HL,$4B15            ; screen ram position for
2842   0BE2 11 00 3C                           LD      DE,T3C00            ; bird shape #24 (Object 3C00)
2843   0BE5 CD 28 35                           CALL    Draw6x2             ;
2844   0BE8 21 D8 4A                           LD      HL,$4AD8            ; screen ram position for
2845   0BEB 11 48 0A                           LD      DE,T0A48            ; T0A48 alien pilot shape
2846   0BEE CD 48 35                           CALL    Draw2x2             ;
2847   0BF1 C9                                 RET                         ;
2848   0BF2             
2849   0C00                                    .ORG $0C00
2850   0C00             ;*****************************************************************************
2851   0C00             ;* Score/bonus selector for a shot flying alien:
2852   0C00             ;* A flying alien was hit. Choose its explosion / score from its current
2853   0C00             ;* movement-pattern phase.
2854   0C00             ;* Entry: HL -> struck alien's screen-X field ($4B72 + 4*index).
2855   0C00             ;* Per-alien movement-pattern pointers live at $4B50 (2 bytes: MSB,LSB each).
2856   0C00             ;* Pattern value 7 or 8 (attack/dive apex) -> 200-pt bonus + bonus explosion;
2857   0C00             ;* any other value -> normal kill.  All paths finish in L0EA4.
2858   0C00             ;* This routine is the mechanic that rewards shooting an alien at the peak of its swoop/dive,
2859   0C00             ;* only when the enemy's movement pattern is in phase 7–8 do you get the 200 point bonus
2860   0C00             ;* and the special bonus explosion, hitting it at any other point in its flight
2861   0C00             ;* gives the ordinary kill value.
2862   0C00             ;*****************************************************************************
2863   0C00             L0C00:
2864   0C00 E5                                 PUSH    HL                  ; save the alien entry pointer
2865   0C01 7D                                 LD      A,L                 ; L = $72,$76,$7A,... (screen-X field of this alien)
2866   0C02 D6 72                              SUB     $72                 ; -> 0,4,8,... = 4 * alien index
2867   0C04 0F                                 RRCA                        ; /2 -> 0,2,4,... = 2 * alien index
2868   0C05 C6 50                              ADD     $50                 ; -> $50 + 2*index
2869   0C07 6F                                 LD      L,A                 ; HL = $4B50 + 2*index (this alien's pattern pointer)
2870   0C08 7E                                 LD      A,(HL)              ; get MSB pointer of alien movement pattern
2871   0C09 2C                                 INC     L                   ; 
2872   0C0A 6E                                 LD      L,(HL)              ; get LSB pointer of alien movement pattern
2873   0C0B 67                                 LD      H,A                 ; HL = alien's current position in its pattern list
2874   0C0C 11 04 0C                           LD      DE,$0C04            ; default: D=$0C anim index, E=$04 normal-kill score
2875   0C0F 7E                                 LD      A,(HL)              ; get movement pattern value (current phase)
2876   0C10 E1                                 POP     HL                  ; restore the alien entry pointer
2877   0C11 FE 07                              CP      $07                 ; 
2878   0C13 DA A4 0E                           JP      C,L0EA4             ; phase < $07: normal kill
2879   0C16 FE 09                              CP      $09                 ; 
2880   0C18 D2 A4 0E                           JP      NC,L0EA4            ; phase >= $09: normal kill
2881   0C1B             ; Else phase is $07 or $08 -> BONUS
2882   0C1B 11 20 10                           LD      DE,$1020            ; D=$10 anim index, E=$20 bonus explosion score 200
2883   0C1E 3E FF                              LD      A,$FF               ; set bonus explosion flag
2884   0C20 32 69 43                           LD      (M4369),A           ; $4369 = 'bonus explosion'
2885   0C23 C3 A4 0E                           JP      L0EA4               ; kill with the bonus values
2886   0C26             
2887   0C40                                    .ORG $0C40
2888   0C40             ;*****************************************************************************
2889   0C40             ; Updates the enemy bullets.
2890   0C40             ;*****************************************************************************
2891   0C40             L0C40:
2892   0C40 21 FF 43                           LD      HL,AlienBullet4LSB  ; 
2893   0C43 06 05                              LD      B,$05               ; 5 bullet slots
2894   0C45 CD 8B 08                           CALL    L088B               ; Copy current enemy bullet data to old enemy bullet data
2895   0C48 CD 56 0C                           CALL    L0C56               ; Enemy bullets movement and animation
2896   0C4B CD 6B 0C                           CALL    L0C6B               ; Get the screen ram address for all enemy bullets
2897   0C4E CD D8 0C                           CALL    L0CD8               ; Draw or delete the screen objects
2898   0C51 C9                                 RET                         ; 
2899   0C52             
2900   0C56                                    .ORG $0C56
2901   0C56             ;*****************************************************************************
2902   0C56             ;* Enemy bullets movement and animation.
2903   0C56             ;* Handles all 5 bullet slots.
2904   0C56             ;*****************************************************************************
2905   0C56             L0C56:
2906   0C56 21 CC 43                           LD      HL,AlienBullet0State; 
2907   0C59             L0C59:
2908   0C59 E5                                 PUSH    HL                  ; 
2909   0C5A CD 84 0C                           CALL    L0C84               ; movement and animation of enemy bullet
2910   0C5D E1                                 POP     HL                  ; 
2911   0C5E 7D                                 LD      A,L                 ; 
2912   0C5F C6 04                              ADD     $04                 ; 
2913   0C61 6F                                 LD      L,A                 ; 
2914   0C62 FE E0                              CP      $E0                 ; 
2915   0C64 C2 59 0C                           JP      NZ,L0C59            ; loop for 5 enemy bullet slots
2916   0C67 C9                                 RET                         ; 
2917   0C68             
2918   0C6B                                    .ORG $0C6B
2919   0C6B             ;*****************************************************************************
2920   0C6B             ;* Get the screen ram address for all enemy bullets.
2921   0C6B             ;*****************************************************************************
2922   0C6B             L0C6B:
2923   0C6B 01 CE 43                           LD      BC,AlienBullet0X    ; 
2924   0C6E 11 EE 43                           LD      DE,AlienBullet0MSB  ; 
2925   0C71             L0C71:
2926   0C71 CD BA 09                           CALL    GetScreenRamAddress ; 
2927   0C74 03                                 INC     BC                  
2928   0C75 03                                 INC     BC                  
2929   0C76 03                                 INC     BC                  
2930   0C77 13                                 INC     DE                  
2931   0C78 13                                 INC     DE                  
2932   0C79 13                                 INC     DE                  
2933   0C7A 79                                 LD      A,C                 
2934   0C7B FE E2                              CP      $E2                 
2935   0C7D C2 71 0C                           JP      NZ,L0C71            ; 
2936   0C80 C9                                 RET                         
2937   0C81             
2938   0C84                                    .ORG $0C84
2939   0C84             ;*****************************************************************************
2940   0C84             ;* Movement and animation of enemy bullet.
2941   0C84             ;* They have half the speed of player bullets and a simple animation.
2942   0C84             ;*****************************************************************************
2943   0C84             L0C84:
2944   0C84 7E                                 LD      A,(HL)              
2945   0C85 E6 08                              AND     $08                 
2946   0C87 C8                                 RET     Z                   
2947   0C88 00                                 NOP                         
2948   0C89 00                                 NOP                         
2949   0C8A 2C                                 INC     L                   
2950   0C8B 7E                                 LD      A,(HL)              
2951   0C8C EE 04                              XOR     $04                 
2952   0C8E 77                                 LD      (HL),A              
2953   0C8F 2C                                 INC     L                   
2954   0C90 2C                                 INC     L                   
2955   0C91 7E                                 LD      A,(HL)              
2956   0C92 C6 04                              ADD     $04                 
2957   0C94 77                                 LD      (HL),A              
2958   0C95 FE F9                              CP      $F9                 
2959   0C97 D2 6E 09                           JP      NC,L096E            ; 
2960   0C9A 2D                                 DEC     L                   
2961   0C9B CD B4 0C                           CALL    L0CB4               ; 
2962   0C9E 54                                 LD      D,H                 
2963   0C9F 7D                                 LD      A,L                 
2964   0CA0 C6 20                              ADD     $20                 
2965   0CA2 5F                                 LD      E,A                 
2966   0CA3 EB                                 EX      DE,HL               
2967   0CA4 46                                 LD      B,(HL)              
2968   0CA5 23                                 INC     HL                  
2969   0CA6 4E                                 LD      C,(HL)              
2970   0CA7 0A                                 LD      A,(BC)              
2971   0CA8 EB                                 EX      DE,HL               
2972   0CA9 2C                                 INC     L                   
2973   0CAA FE E8                              CP      $E8                 
2974   0CAC D2 6E 09                           JP      NC,L096E            ; 
2975   0CAF C9                                 RET                         
2976   0CB0             
2977   0CB4                                    .ORG $0CB4
2978   0CB4             ;
2979   0CB4             L0CB4:
2980   0CB4 FE DC                              CP      $DC                 ; lower part of screen
2981   0CB6 D8                                 RET     C                   ; if not reached
2982   0CB7 FE E9                              CP      $E9                 
2983   0CB9 D0                                 RET     NC                  
2984   0CBA 3A 9F 43                           LD      A,(M439F)           ; Mapped player ship position, right part: ($17 to $C8)
2985   0CBD BE                                 CP      (HL)                
2986   0CBE D8                                 RET     C                   
2987   0CBF 3A 9E 43                           LD      A,(M439E)           ; Mapped player ship position, left part: ($09 to $C0)
2988   0CC2 BE                                 CP      (HL)                
2989   0CC3 D0                                 RET     NC                  
2990   0CC4             
2991   0CC4             ;*****************************************************************************
2992   0CC4             ;* The player ship was hit.
2993   0CC4             ;* MAME cheat code "Invincibility": Set $0CC4 to $C9 (RET).
2994   0CC4             ;*****************************************************************************
2995   0CC4             L0CC4:
2996   0CC4 3E 04                              LD      A,$04               ; Next interval game state is 4 (player ship partikel explosion)
2997   0CC6 32 A4 43                           LD      (GameState),A       ; 
2998   0CC9 3E 60                              LD      A,$60               ; set a new counter value for ...
2999   0CCB 32 A5 43                           LD      (CounterA5),A       ; 
3000   0CCE 3E 10                              LD      A,$10               ; set flag and counter for ..
3001   0CD0 32 63 43                           LD      (ParticleExplosion),A
3002   0CD3 C9                                 RET                         ;
3003   0CD4             
3004   0CD8                                    .ORG $0CD8
3005   0CD8             ;*****************************************************************************
3006   0CD8             ;* Handle enemy bullet control states for 5 bullet slots,
3007   0CD8             ;* and draw or delete the screen object.
3008   0CD8             ;*****************************************************************************
3009   0CD8             L0CD8:
3010   0CD8 01 CC 43                           LD      BC,AlienBullet0State; data structure (grid)
3011   0CDB 11 EC 43                           LD      DE,OldAlienBullet0MSB; screen ram
3012   0CDE             L0CDE:
3013   0CDE C5                                 PUSH    BC                  
3014   0CDF CD 18 07                           CALL    UpdateScreenObjects ; 
3015   0CE2 C1                                 POP     BC                  
3016   0CE3 79                                 LD      A,C                 
3017   0CE4 C6 04                              ADD     $04                 
3018   0CE6 4F                                 LD      C,A                 
3019   0CE7 C6 20                              ADD     $20                 
3020   0CE9 5F                                 LD      E,A                 
3021   0CEA 50                                 LD      D,B                 
3022   0CEB A7                                 AND     A                   ; updates the zero flag
3023   0CEC C2 DE 0C                           JP      NZ,L0CDE            ; loop for all bullet slots
3024   0CEF C9                                 RET                         
3025   0CF0             
3026   0CF4                                    .ORG $0CF4
3027   0CF4             ;*****************************************************************************
3028   0CF4             ;* Alien collision on left or right side of player ship.
3029   0CF4             ;*****************************************************************************
3030   0CF4             L0CF4:
3031   0CF4 D1                                 POP     DE                  
3032   0CF5 C1                                 POP     BC                  
3033   0CF6 C9                                 RET                         
3034   0CF7             
3035   0D1C                                    .ORG $0D1C
3036   0D1C             ;*****************************************************************************
3037   0D1C             ;* Alien movement update.
3038   0D1C             ;*****************************************************************************
3039   0D1C             L0D1C:
3040   0D1C 01 70 4B                           LD      BC,M4B70            ; 
3041   0D1F 21 50 4B                           LD      HL,M4B50            ; 
3042   0D22             L0D22:
3043   0D22 CD 30 0D                           CALL    L0D30               ; 
3044   0D25 0C                                 INC     C                   
3045   0D26 0C                                 INC     C                   
3046   0D27 2C                                 INC     L                   
3047   0D28 3E B0                              LD      A,$B0               
3048   0D2A B9                                 CP      C                   
3049   0D2B C2 22 0D                           JP      NZ,L0D22            ; 
3050   0D2E C9                                 RET                         
3051   0D2F             
3052   0D30                                    .ORG $0D30
3053   0D30             ;
3054   0D30             L0D30:
3055   0D30 56                                 LD      D,(HL)              
3056   0D31 23                                 INC     HL                  
3057   0D32 0A                                 LD      A,(BC)              
3058   0D33 03                                 INC     BC                  
3059   0D34 03                                 INC     BC                  
3060   0D35 E6 08                              AND     $08                 
3061   0D37 C8                                 RET     Z                   ; if bit3 of alien control state A, not set
3062   0D38 5E                                 LD      E,(HL)              
3063   0D39 EB                                 EX      DE,HL               
3064   0D3A 7E                                 LD      A,(HL)              ; get T1000 (Closed loops pattern table for aliens)
3065   0D3B 07                                 RLCA                        ; Multiply by 2
3066   0D3C C6 00                              ADD     $00                 ; reset all flags
3067   0D3E 6F                                 LD      L,A                 
3068   0D3F 26 17                              LD      H,T1700 >> 8        ; get MSB for T1700
3069   0D41 AF                                 XOR     A                   ; A=0
3070   0D42 BE                                 CP      (HL)                
3071   0D43 CA 4F 0D                           JP      Z,L0D4F             ; 
3072   0D46 23                                 INC     HL                  
3073   0D47 BE                                 CP      (HL)                
3074   0D48 CA 5E 0D                           JP      Z,L0D5E             ; 
3075   0D4B 2B                                 DEC     HL                  
3076   0D4C 0A                                 LD      A,(BC)              
3077   0D4D 86                                 ADD     A,(HL)              
3078   0D4E 02                                 LD      (BC),A              
3079   0D4F             L0D4F:
3080   0D4F 03                                 INC     BC                  
3081   0D50 23                                 INC     HL                  
3082   0D51 0A                                 LD      A,(BC)              
3083   0D52 86                                 ADD     A,(HL)              
3084   0D53 02                                 LD      (BC),A              
3085   0D54 0B                                 DEC     BC                  
3086   0D55 E6 07                              AND     $07                 
3087   0D57 EB                                 EX      DE,HL               
3088   0D58 C0                                 RET     NZ                  
3089   0D59 34                                 INC     (HL)                
3090   0D5A C9                                 RET                         
3091   0D5B             
3092   0D5E                                    .ORG $0D5E
3093   0D5E             L0D5E:
3094   0D5E 2B                                 DEC     HL                  
3095   0D5F 0A                                 LD      A,(BC)              
3096   0D60 86                                 ADD     A,(HL)              
3097   0D61 02                                 LD      (BC),A              
3098   0D62 E6 07                              AND     $07                 
3099   0D64 EB                                 EX      DE,HL               
3100   0D65 C0                                 RET     NZ                  
3101   0D66 34                                 INC     (HL)                
3102   0D67 C9                                 RET                         
3103   0D68             
3104   0D70                                    .ORG $0D70
3105   0D70             ;*****************************************************************************
3106   0D70             ;* Alien animation update.
3107   0D70             ;*****************************************************************************
3108   0D70             L0D70:
3109   0D70 01 70 4B                           LD      BC,M4B70            ; 
3110   0D73 21 50 4B                           LD      HL,M4B50            ; 
3111   0D76             L0D76:
3112   0D76 CD 86 0D                           CALL    L0D86               ; 
3113   0D79 79                                 LD      A,C                 
3114   0D7A C6 04                              ADD     $04                 
3115   0D7C 4F                                 LD      C,A                 
3116   0D7D 3E B0                              LD      A,$B0               
3117   0D7F B9                                 CP      C                   
3118   0D80 C2 76 0D                           JP      NZ,L0D76            ; 
3119   0D83 C9                                 RET                         
3120   0D84             
3121   0D86                                    .ORG $0D86
3122   0D86             L0D86:
3123   0D86 56                                 LD      D,(HL)              
3124   0D87 23                                 INC     HL                  
3125   0D88 5E                                 LD      E,(HL)              
3126   0D89 23                                 INC     HL                  
3127   0D8A 0A                                 LD      A,(BC)              
3128   0D8B E6 08                              AND     $08                 
3129   0D8D C8                                 RET     Z                   
3130   0D8E EB                                 EX      DE,HL               
3131   0D8F 7E                                 LD      A,(HL)              ; Closed loops pattern table for aliens
3132   0D90 A7                                 AND     A                   ; updates the zero flag
3133   0D91 CC DE 0D                           CALL    Z,L0DDE             ; 
3134   0D94 6F                                 LD      L,A                 
3135   0D95 07                                 RLCA                        ; Multiply by 2
3136   0D96 85                                 ADD     A,L                 
3137   0D97 C6 A0                              ADD     $A0                 
3138   0D99 6F                                 LD      L,A                 
3139   0D9A 26 16                              LD      H,T1600 >> 8        
3140   0D9C 0A                                 LD      A,(BC)              
3141   0D9D E6 F8                              AND     $F8                 
3142   0D9F B6                                 OR      (HL)                
3143   0DA0 02                                 LD      (BC),A              
3144   0DA1 03                                 INC     BC                  
3145   0DA2 03                                 INC     BC                  
3146   0DA3 03                                 INC     BC                  
3147   0DA4 23                                 INC     HL                  
3148   0DA5 7E                                 LD      A,(HL)              
3149   0DA6 23                                 INC     HL                  
3150   0DA7 0F                                 RRCA                        
3151   0DA8 DA BB 0D                           JP      C,L0DBB             ; 
3152   0DAB 0F                                 RRCA                        
3153   0DAC DA CC 0D                           JP      C,L0DCC             ; 
3154   0DAF             ; 2nd byte of alien animation table is: $04
3155   0DAF 0A                                 LD      A,(BC)              
3156   0DB0 0F                                 RRCA                        
3157   0DB1 E6 03                              AND     $03                 
3158   0DB3 86                                 ADD     A,(HL)              
3159   0DB4 0B                                 DEC     BC                  
3160   0DB5 C3 D2 0D                           JP      L0DD2               ; 
3161   0DB8             
3162   0DBB                                    .ORG $0DBB
3163   0DBB             ; 2nd byte of alien animation table is: $01
3164   0DBB             L0DBB:
3165   0DBB 0A                                 LD      A,(BC)              
3166   0DBC 0F                                 RRCA                        
3167   0DBD E6 03                              AND     $03                 
3168   0DBF 86                                 ADD     A,(HL)              
3169   0DC0 67                                 LD      H,A                 
3170   0DC1 0B                                 DEC     BC                  
3171   0DC2 0A                                 LD      A,(BC)              
3172   0DC3 E6 04                              AND     $04                 
3173   0DC5 84                                 ADD     A,H                 
3174   0DC6 C3 D2 0D                           JP      L0DD2               ; 
3175   0DC9             
3176   0DCC                                    .ORG $0DCC
3177   0DCC             ; 2nd byte of alien animation table is: $02
3178   0DCC             L0DCC:
3179   0DCC 0B                                 DEC     BC                  
3180   0DCD 0A                                 LD      A,(BC)              
3181   0DCE 0F                                 RRCA                        
3182   0DCF E6 03                              AND     $03                 
3183   0DD1 86                                 ADD     A,(HL)              
3184   0DD2             L0DD2:
3185   0DD2 6F                                 LD      L,A                 
3186   0DD3 26 16                              LD      H,T1600 >> 8       ; get data from T1600
3187   0DD5 7E                                 LD      A,(HL)              
3188   0DD6 0B                                 DEC     BC                  
3189   0DD7 02                                 LD      (BC),A              
3190   0DD8 0B                                 DEC     BC                  
3191   0DD9 EB                                 EX      DE,HL               
3192   0DDA C9                                 RET                         
3193   0DDB             
3194   0DDE                                    .ORG $0DDE
3195   0DDE             ; End of movement list reached
3196   0DDE             L0DDE:
3197   0DDE 1B                                 DEC     DE                  
3198   0DDF 1B                                 DEC     DE                  
3199   0DE0 3A 94 43                           LD      A,(M4394)           ; 
3200   0DE3 12                                 LD      (DE),A              
3201   0DE4 67                                 LD      H,A                 
3202   0DE5 13                                 INC     DE                  
3203   0DE6 3A 95 43                           LD      A,(M4395)           ; 
3204   0DE9 12                                 LD      (DE),A              
3205   0DEA 6F                                 LD      L,A                 
3206   0DEB 13                                 INC     DE                  
3207   0DEC 7E                                 LD      A,(HL)              
3208   0DED C9                                 RET                         
3209   0DEE             
3210   0DF0                                    .ORG $0DF0
3211   0DF0             ;*****************************************************************************
3212   0DF0             ;* Player bullet to alien, collission detection.
3213   0DF0             ;*****************************************************************************
3214   0DF0             L0DF0:
3215   0DF0 01 C4 43                           LD      BC,PlayerBulletState; 
3216   0DF3 21 E6 43                           LD      HL,AbovePlayerBulletMSB; MSB screen ram: One character above player bullet
3217   0DF6 CD 10 0E                           CALL    L0E10               ; 
3218   0DF9 01 C8 43                           LD      BC,AbovePlayerBulletState; 
3219   0DFC 21 EA 43                           LD      HL,M43EA            ; MSB screen ram: Left screen edge, one character above player ship
3220   0DFF C3 10 0E                           JP      L0E10               ; 
3221   0E02             
3222   0E10                                    .ORG $0E10
3223   0E10             ;
3224   0E10             L0E10:
3225   0E10 0A                                 LD      A,(BC)              ; get player bullet state
3226   0E11 E6 08                              AND     $08                 ; mask out 0000_1000
3227   0E13 C8                                 RET     Z                   ; if bit3 not set
3228   0E14 56                                 LD      D,(HL)              ; get MSB screen ram adress
3229   0E15 2C                                 INC     L                   ;
3230   0E16 5E                                 LD      E,(HL)              ; get LSB screen ram adress
3231   0E17 1A                                 LD      A,(DE)              ; get character
3232   0E18 FE C0                              CP      $C0                 ; bullets and alien ($50 - $BF)
3233   0E1A D0                                 RET     NC                  ;
3234   0E1B FE 60                              CP      $60                 ; alien ($60 - $BF)
3235   0E1D D8                                 RET     C                   ; if no character
3236   0E1E FE 68                              CP      $68                 ; alien
3237   0E20 D2 39 0E                           JP      NC,L0E39            ; 
3238   0E23 E6 07                              AND     $07                 ; mask out 0000_0111
3239   0E25 07                                 RLCA                        ; Multiply by 4 ..
3240   0E26 07                                 RLCA                        ; ..
3241   0E27 C6 40                              ADD     $40                 ;
3242   0E29 6F                                 LD      L,A                 ;
3243   0E2A 26 17                              LD      H,T1740 >> 8        ; T1740
3244   0E2C 03                                 INC     BC                  ;
3245   0E2D 03                                 INC     BC                  ;
3246   0E2E 0A                                 LD      A,(BC)              ;
3247   0E2F E6 07                              AND     $07                 ;
3248   0E31 BE                                 CP      (HL)                ;
3249   0E32 D0                                 RET     NC                  ;
3250   0E33 23                                 INC     HL                  ;
3251   0E34 BE                                 CP      (HL)                ;
3252   0E35 D8                                 RET     C                   ;
3253   0E36 C3 70 0E                           JP      L0E70               ; 
3254   0E39             
3255   0E39             ;*****************************************************************************
3256   0E39             ;* Player bullet vs FLYING alien (out of formation) collision.
3257   0E39             ;* Entry (from L0E10): BC -> player-bullet structure (state at +0),
3258   0E39             ;*                     bullet X at +2, bullet Y at +3.
3259   0E39             ;* Builds the bullet's target box, then scans all 16 alien slots ($4B70).
3260   0E39             ;*****************************************************************************
3261   0E39             L0E39:
3262   0E39 03                                 INC     BC                  
3263   0E3A 03                                 INC     BC                  
3264   0E3B 0A                                 LD      A,(BC)              
3265   0E3C 57                                 LD      D,A                 
3266   0E3D 03                                 INC     BC                  
3267   0E3E 0A                                 LD      A,(BC)              
3268   0E3F E6 F8                              AND     $F8                 
3269   0E41 5F                                 LD      E,A                 
3270   0E42 21 70 4B                           LD      HL,M4B70            ; 
3271   0E45             ;*****************************************************************************
3272   0E45             ;* Scan every alien slot; test the active ones for a hit.
3273   0E45             ;*****************************************************************************
3274   0E45             L0E45:
3275   0E45 7E                                 LD      A,(HL)              
3276   0E46 23                                 INC     HL                  
3277   0E47 23                                 INC     HL                  
3278   0E48 E6 08                              AND     $08                 
3279   0E4A C4 58 0E                           CALL    NZ,L0E58            ; 
3280   0E4D 23                                 INC     HL                  
3281   0E4E 23                                 INC     HL                  
3282   0E4F 3E B0                              LD      A,$B0               
3283   0E51 BD                                 CP      L                   
3284   0E52 C2 45 0E                           JP      NZ,L0E45            ; 
3285   0E55 C9                                 RET                         
3286   0E56             
3287   0E58                                    .ORG $0E58
3288   0E58             ;*****************************************************************************
3289   0E58             ;* Bounding-box test for one flying alien.
3290   0E58             ;* HL -> alien screen X (+2); D = bullet X, E = bullet Y (masked).
3291   0E58             ;* Box: alienX <= bulletX <= alienX+8  and  alienY-8 < bulletY <= alienY+4.
3292   0E58             ;* If the bullet falls inside that box, it's a hit and control jumps to `L0C00`
3293   0E58             ;* (with `HL` still pointing at the alien's `+2` field),
3294   0E58             ;* which reads the alien's movement pattern phase to choose the score/bonus
3295   0E58             ;* and then routes to `L0EA4` to blow it up.
3296   0E58             ;*****************************************************************************
3297   0E58             L0E58:
3298   0E58 7A                                 LD      A,D                 
3299   0E59 BE                                 CP      (HL)                
3300   0E5A D8                                 RET     C                   
3301   0E5B 7E                                 LD      A,(HL)              
3302   0E5C C6 08                              ADD     $08                 
3303   0E5E BA                                 CP      D                   
3304   0E5F D8                                 RET     C                   
3305   0E60 23                                 INC     HL                  
3306   0E61 7E                                 LD      A,(HL)              
3307   0E62 2B                                 DEC     HL                  
3308   0E63 C6 04                              ADD     $04                 
3309   0E65 BB                                 CP      E                   
3310   0E66 D8                                 RET     C                   
3311   0E67 D6 0C                              SUB     $0C                 
3312   0E69 BB                                 CP      E                   
3313   0E6A D0                                 RET     NC                  
3314   0E6B C3 00 0C                           JP      L0C00               ; 
3315   0E6E             
3316   0E70                                    .ORG $0E70
3317   0E70             ;
3318   0E70             L0E70:
3319   0E70 23                                 INC     HL                  
3320   0E71 0A                                 LD      A,(BC)              
3321   0E72 E6 F8                              AND     $F8                 
3322   0E74 86                                 ADD     A,(HL)              
3323   0E75 57                                 LD      D,A                 
3324   0E76 03                                 INC     BC                  
3325   0E77 0A                                 LD      A,(BC)              
3326   0E78 E6 F8                              AND     $F8                 
3327   0E7A 5F                                 LD      E,A                 
3328   0E7B 21 70 4B                           LD      HL,M4B70            ; 
3329   0E7E             L0E7E:
3330   0E7E 7E                                 LD      A,(HL)              
3331   0E7F 23                                 INC     HL                  
3332   0E80 23                                 INC     HL                  
3333   0E81 E6 08                              AND     $08                 
3334   0E83 C4 90 0E                           CALL    NZ,L0E90            ; 
3335   0E86 23                                 INC     HL                  
3336   0E87 23                                 INC     HL                  
3337   0E88 3E B0                              LD      A,$B0               
3338   0E8A BD                                 CP      L                   
3339   0E8B C2 7E 0E                           JP      NZ,L0E7E            ; 
3340   0E8E C9                                 RET                         
3341   0E8F             
3342   0E90                                    .ORG $0E90
3343   0E90             ;
3344   0E90             L0E90:
3345   0E90 7E                                 LD      A,(HL)              
3346   0E91 C6 02                              ADD     $02                 
3347   0E93 BA                                 CP      D                   
3348   0E94 D8                                 RET     C                   
3349   0E95 D6 05                              SUB     $05                 
3350   0E97 BA                                 CP      D                   
3351   0E98 D0                                 RET     NC                  
3352   0E99 23                                 INC     HL                  
3353   0E9A 7E                                 LD      A,(HL)              
3354   0E9B 2B                                 DEC     HL                  
3355   0E9C E6 F8                              AND     $F8                 
3356   0E9E BB                                 CP      E                   
3357   0E9F C0                                 RET     NZ                  
3358   0EA0 11 02 0C                           LD      DE,$0C02            ; E reg. set to: 'bonus explosion score 020'.
3359   0EA3 00                                 NOP                         
3360   0EA4             ;*****************************************************************************
3361   0EA4             ;* Kill with the bonus values.
3362   0EA4             ;* `L0EA4` is the common "enemy destroyed" routine:
3363   0EA4             ;* It clears the bullet's and alien's active bits, finds a free bonus explosion animation slot (`$4378`/`$4370`),
3364   0EA4             ;* and uses `D` as the animation index and `E` as the score value.
3365   0EA4             ;* (Compare the sibling entry `L0EA0: LD DE,$0C02` used for in formation kills — same mechanism, different score/anim.)
3366   0EA4             ;*****************************************************************************
3367   0EA4             L0EA4:
3368   0EA4 2B                                 DEC     HL                  
3369   0EA5 2B                                 DEC     HL                  
3370   0EA6 0B                                 DEC     BC                  
3371   0EA7 0B                                 DEC     BC                  
3372   0EA8 0B                                 DEC     BC                  
3373   0EA9 0A                                 LD      A,(BC)              
3374   0EAA E6 F7                              AND     $F7                 
3375   0EAC 02                                 LD      (BC),A              
3376   0EAD             L0EAD:
3377   0EAD 7E                                 LD      A,(HL)              
3378   0EAE E6 F7                              AND     $F7                 
3379   0EB0 77                                 LD      (HL),A              
3380   0EB1 7D                                 LD      A,L                 
3381   0EB2 C6 42                              ADD     $42                 
3382   0EB4 6F                                 LD      L,A                 
3383   0EB5 46                                 LD      B,(HL)              
3384   0EB6 23                                 INC     HL                  
3385   0EB7 4E                                 LD      C,(HL)              
3386   0EB8 21 78 43                           LD      HL,M4378            ; 
3387   0EBB 7A                                 LD      A,D                 
3388   0EBC FE 10                              CP      $10                 
3389   0EBE CA C3 0E                           JP      Z,L0EC3             ; 
3390   0EC1 2E 70                              LD      L,$70               
3391   0EC3             L0EC3:
3392   0EC3 7E                                 LD      A,(HL)              
3393   0EC4 A7                                 AND     A                   ; updates the zero flag
3394   0EC5 CA D5 0E                           JP      Z,L0ED5             ; 
3395   0EC8 2C                                 INC     L                   
3396   0EC9 2C                                 INC     L                   
3397   0ECA 2C                                 INC     L                   
3398   0ECB 2C                                 INC     L                   
3399   0ECC 7E                                 LD      A,(HL)              
3400   0ECD A7                                 AND     A                   ; updates the zero flag
3401   0ECE CA D5 0E                           JP      Z,L0ED5             ; 
3402   0ED1 2C                                 INC     L                   
3403   0ED2 2C                                 INC     L                   
3404   0ED3 2C                                 INC     L                   
3405   0ED4 2C                                 INC     L                   
3406   0ED5             L0ED5:
3407   0ED5 72                                 LD      (HL),D              
3408   0ED6 2C                                 INC     L                   
3409   0ED7 73                                 LD      (HL),E              ; set $4379 (bonus explosion score)
3410   0ED8 2C                                 INC     L                   
3411   0ED9 70                                 LD      (HL),B              
3412   0EDA 2C                                 INC     L                   
3413   0EDB 71                                 LD      (HL),C              
3414   0EDC 2E 64                              LD      L,$64               
3415   0EDE 36 FF                              LD      (HL),$FF            
3416   0EE0 2E BA                              LD      L,$BA               
3417   0EE2 35                                 DEC     (HL)                ; decrement AliensLeft
3418   0EE3 E1                                 POP     HL                  
3419   0EE4 E1                                 POP     HL                  
3420   0EE5 E9                                 JP      (HL)                
3421   0EE6             
3422   0F00                                    .ORG $0F00
3423   0F00             ;*****************************************************************************
3424   0F00             ;* 'Alien with player' collision check.
3425   0F00             ;* MAME cheat code "Invisibility for aliens": Set $0F00 to $C9 (RET)
3426   0F00             ;* Uses a 2x2 box normally; a 4x4 box when the shield/explosion state is high.
3427   0F00             ;* This is the counterpart to the bullet vs alien check:
3428   0F00             ;* It asks "has a diving alien run into the player's ship?".
3429   0F00             ;* - Box size depends on the shield (`ShieldCount`, `$43A6`).
3430   0F00             ;*   If it's below `$C0`, `L0F00` uses a 2×2 collision box around the ship.
3431   0F00             ;*   If it's `$C0` or higher (shield up / ship showing explosion tiles),
3432   0F00             ;*   it branches to `L0F74`, which uses a larger 4×4 box and a wider vertical band.
3433   0F00             ;* - `L0F56` is the fast screen test.
3434   0F00             ;*   Given the ship's screen address and a `cols × rows` size,
3435   0F00             ;*   It reads each character cell the ship occupies.
3436   0F00             ;*   If any cell holds an alien glyph (`$60`–`$BF`) it immediately jumps to `L0CF4`
3437   0F00             ;*   to handle the player being hit.
3438   0F00             ;*   If it walks the whole box with no alien, it returns with `Z` set ("no collision").
3439   0F00             ;* - `L0F38` / `L0FA6` identify and kill the offending alien.
3440   0F00             ;*   After a collision is detected, the caller derives the ship's horizontal bounds (`B`,`C`)
3441   0F00             ;*   and scans all 16 alien slots at `$4B70`. For each active alien
3442   0F00             ;*   it checks that the alien's Y is in the player's bottom band
3443   0F00             ;*   (small box `($D2,$E7)`, big box `($CA,$EF)`) and its X overlaps the ship (`B ≤ X < C`).
3444   0F00             ;*   On a match it loads the animation/score values into `DE` (`$0D04` small, `$0D02` big),
3445   0F00             ;*   rewinds `HL` to the alien's control byte, and jumps to `L0EAD`
3446   0F00             ;*   (the shared "enemy destroyed" tail, same one used by the bullet kill path) to blow the alien up.
3447   0F00             ;*****************************************************************************
3448   0F00             L0F00:
3449   0F00 21 A6 43                           LD      HL,ShieldCount      ; 
3450   0F03 7E                                 LD      A,(HL)              ;
3451   0F04 FE C0                              CP      $C0                 ;
3452   0F06 D2 74 0F                           JP      NC,L0F74            ; 
3453   0F09 2E E2                              LD      L,$E2               ;
3454   0F0B 56                                 LD      D,(HL)              ; get $43E2 PlayerShipMSB
3455   0F0C 2C                                 INC     L                   ;
3456   0F0D 5E                                 LD      E,(HL)              ; get $43E3 PlayerShipLSB
3457   0F0E 01 02 02                           LD      BC,$0202            
3458   0F11 CD 56 0F                           CALL    L0F56               ; 'alien with player' collision check
3459   0F14 C8                                 RET     Z                   ; if no collision
3460   0F15 00                                 NOP                         
3461   0F16 00                                 NOP                         
3462   0F17 21 9E 43                           LD      HL,M439E            ; Mapped player ship position, left part: ($09 to $C0)
3463   0F1A 7E                                 LD      A,(HL)              
3464   0F1B D6 06                              SUB     $06                 
3465   0F1D 47                                 LD      B,A                 
3466   0F1E 2C                                 INC     L                   
3467   0F1F 4E                                 LD      C,(HL)              
3468   0F20 21 70 4B                           LD      HL,M4B70            ; 
3469   0F23             L0F23:
3470   0F23 7E                                 LD      A,(HL)              
3471   0F24 2C                                 INC     L                   
3472   0F25 2C                                 INC     L                   
3473   0F26 E6 08                              AND     $08                 
3474   0F28 C4 38 0F                           CALL    NZ,L0F38            ; 
3475   0F2B 2C                                 INC     L                   
3476   0F2C 2C                                 INC     L                   
3477   0F2D 3E B0                              LD      A,$B0               
3478   0F2F BD                                 CP      L                   
3479   0F30 C2 23 0F                           JP      NZ,L0F23            ; 
3480   0F33 C9                                 RET                         
3481   0F34             
3482   0F38                                    .ORG $0F38
3483   0F38             ;*****************************************************************************
3484   0F38             ;* Find the specific colliding alien (small box). HL -> alien screen X (+2).
3485   0F38             ;* B/C = ship X bounds. Alien Y must be in the bottom band ($D2,$E7).
3486   0F38             ;*****************************************************************************
3487   0F38             L0F38:
3488   0F38 2C                                 INC     L                   
3489   0F39 7E                                 LD      A,(HL)              
3490   0F3A 2D                                 DEC     L                   
3491   0F3B FE D2                              CP      $D2                 
3492   0F3D D8                                 RET     C                   
3493   0F3E FE E7                              CP      $E7                 
3494   0F40 D0                                 RET     NC                  
3495   0F41 7E                                 LD      A,(HL)              
3496   0F42 B9                                 CP      C                   
3497   0F43 D0                                 RET     NC                  
3498   0F44 B8                                 CP      B                   
3499   0F45 D8                                 RET     C                   
3500   0F46 CD C4 0C                           CALL    L0CC4               ; 
3501   0F49 11 04 0D                           LD      DE,$0D04            
3502   0F4C 2B                                 DEC     HL                  
3503   0F4D 2B                                 DEC     HL                  
3504   0F4E C3 AD 0E                           JP      L0EAD               ; 
3505   0F51             
3506   0F56                                    .ORG $0F56
3507   0F56             ;*****************************************************************************
3508   0F56             ;* 'Alien with player' collision check.
3509   0F56             ;* All parts of the player ship object are checked for a collision with aliens.
3510   0F56             ;*****************************************************************************
3511   0F56             L0F56:
3512   0F56 C5                                 PUSH    BC                  ;
3513   0F57 D5                                 PUSH    DE                  ;
3514   0F58             L0F58:
3515   0F58 1A                                 LD      A,(DE)              ; get upper left character of player ship
3516   0F59 FE 60                              CP      $60                 ; alien characters ($60 to $BF)
3517   0F5B DA 63 0F                           JP      C,L0F63             ; if no collision on left side
3518   0F5E FE C0                              CP      $C0                 ;
3519   0F60 DA F4 0C                           JP      C,L0CF4             ; if collision on left or right side
3520   0F63             L0F63:
3521   0F63 13                                 INC     DE                  ; get upper right character of player ship
3522   0F64 05                                 DEC     B                   ;
3523   0F65 C2 58 0F                           JP      NZ,L0F58            ; 
3524   0F68 D1                                 POP     DE                  ;
3525   0F69 C1                                 POP     BC                  ;
3526   0F6A CD 17 02                           CALL    RightOneColumn      ; for lower part of player ship
3527   0F6D 0D                                 DEC     C                   ;
3528   0F6E C2 56 0F                           JP      NZ,L0F56            ; 
3529   0F71 C9                                 RET                         ;
3530   0F72             
3531   0F74                                    .ORG $0F74
3532   0F74             ;*****************************************************************************
3533   0F74             ;* Big-box variant: used when ShieldCount >= $C0 (4x4 box, wider Y band).
3534   0F74             ;*****************************************************************************
3535   0F74             L0F74:
3536   0F74 2E E2                              LD      L,$E2               
3537   0F76 56                                 LD      D,(HL)              
3538   0F77 2C                                 INC     L                   
3539   0F78 5E                                 LD      E,(HL)              
3540   0F79 CD 17 02                           CALL    RightOneColumn      ; 
3541   0F7C 1B                                 DEC     DE                  
3542   0F7D 01 04 04                           LD      BC,$0404            
3543   0F80 CD 56 0F                           CALL    L0F56               ; 
3544   0F83 C8                                 RET     Z                   
3545   0F84 00                                 NOP                         
3546   0F85 00                                 NOP                         
3547   0F86 3A C2 43                           LD      A,(PlayerShipX)     ; 
3548   0F89 D6 0E                              SUB     $0E                 
3549   0F8B 47                                 LD      B,A                 
3550   0F8C C6 2D                              ADD     $2D                 
3551   0F8E 4F                                 LD      C,A                 
3552   0F8F 21 70 4B                           LD      HL,M4B70            ; 
3553   0F92             L0F92:
3554   0F92 7E                                 LD      A,(HL)              
3555   0F93 2C                                 INC     L                   
3556   0F94 2C                                 INC     L                   
3557   0F95 E6 08                              AND     $08                 
3558   0F97 C4 A6 0F                           CALL    NZ,L0FA6            ; 
3559   0F9A 2C                                 INC     L                   
3560   0F9B 2C                                 INC     L                   
3561   0F9C 3E B0                              LD      A,$B0               
3562   0F9E BD                                 CP      L                   
3563   0F9F C2 92 0F                           JP      NZ,L0F92            ; 
3564   0FA2 C9                                 RET                         
3565   0FA3             
3566   0FA6                                    .ORG $0FA6
3567   0FA6             ;*****************************************************************************
3568   0FA6             ;* Find the specific colliding alien (big box). Y band ($CA,$EF).
3569   0FA6             ;*****************************************************************************
3570   0FA6             L0FA6:
3571   0FA6 2C                                 INC     L                   
3572   0FA7 7E                                 LD      A,(HL)              
3573   0FA8 2D                                 DEC     L                   
3574   0FA9 FE CA                              CP      $CA                 
3575   0FAB D8                                 RET     C                   
3576   0FAC FE EF                              CP      $EF                 
3577   0FAE D0                                 RET     NC                  
3578   0FAF 7E                                 LD      A,(HL)              
3579   0FB0 B9                                 CP      C                   
3580   0FB1 D0                                 RET     NC                  
3581   0FB2 B8                                 CP      B                   
3582   0FB3 D8                                 RET     C                   
3583   0FB4 11 02 0D                           LD      DE,$0D02            
3584   0FB7 2B                                 DEC     HL                  
3585   0FB8 2B                                 DEC     HL                  
3586   0FB9 C3 AD 0E                           JP      L0EAD               ; 
3587   0FBC             
3588   0FC0                                    .ORG $0FC0
3589   0FC0             ;*****************************************************************************
3590   0FC0             ;* Handle animations for killed aliens.
3591   0FC0             ;* Services 4 explosion slots (4-byte records at $4370/$4374/$4378/$437C):
3592   0FC0             ;*   +0 = animation counter (0 = slot free)
3593   0FC0             ;*   +1 = unused
3594   0FC0             ;*   +2 = screen-RAM MSB
3595   0FC0             ;*   +3 = screen-RAM LSB
3596   0FC0             ;* Slots 0/1 are ordinary alien explosions (L0FD8); slots 2/3 use L3758
3597   0FC0             ;* (the bonus-explosion animator).
3598   0FC0             ;*****************************************************************************
3599   0FC0             L0FC0:
3600   0FC0 21 70 43                           LD      HL,M4370            ; explosion slot 0
3601   0FC3 CD D8 0F                           CALL    L0FD8               ; advance alien explosion
3602   0FC6 21 74 43                           LD      HL,M4374            ; explosion slot 1
3603   0FC9 CD D8 0F                           CALL    L0FD8               ; advance alien explosion
3604   0FCC 21 78 43                           LD      HL,M4378            ; slot 2 (bonus explosion counter)
3605   0FCF CD 58 37                           CALL    L3758               ; advance bonus explosion
3606   0FD2 21 7C 43                           LD      HL,M437C            ; slot 3 (bonus explosion)
3607   0FD5 C3 58 37                           JP      L3758               ; advance bonus explosion (tail-call)
3608   0FD8             ;*****************************************************************************
3609   0FD8             ;* Advance and draw one alien-explosion slot.
3610   0FD8             ;* HL -> slot record (+0 = counter). Returns immediately if the slot is idle.
3611   0FD8             ;*****************************************************************************
3612   0FD8             L0FD8:
3613   0FD8 7E                                 LD      A,(HL)              
3614   0FD9 A7                                 AND     A                   ; updates the zero flag
3615   0FDA C8                                 RET     Z                   
3616   0FDB 46                                 LD      B,(HL)              
3617   0FDC 35                                 DEC     (HL)                
3618   0FDD 2C                                 INC     L                   
3619   0FDE 2C                                 INC     L                   
3620   0FDF 56                                 LD      D,(HL)              
3621   0FE0 2C                                 INC     L                   
3622   0FE1 5E                                 LD      E,(HL)              
3623   0FE2 00                                 NOP                         
3624   0FE3 CD 10 02                           CALL    LeftOneColumn       ; 
3625   0FE6 78                                 LD      A,B                 
3626   0FE7 E6 0E                              AND     $0E                 
3627   0FE9 0F                                 RRCA                        
3628   0FEA C6 B0                              ADD     $B0                 
3629   0FEC 6F                                 LD      L,A                 
3630   0FED 26 17                              LD      H,$17               
3631   0FEF 6E                                 LD      L,(HL)              
3632   0FF0 EB                                 EX      DE,HL               
3633   0FF1 01 DF FF                           LD      BC,$FFDF            ; Screen offset constant -33 right one column (-1), up one row (-32)
3634   0FF4 C3 40 35                           JP      Draw3x2             ; 
3635   0FF7             
3636   0FF7             ;*****************************************************************************
3637   0FF7             ; ic47
3638   0FF7             ;*****************************************************************************
3639   1000                                    .ORG $1000
3640   1000             ; Pointer table to alien movement list (T1700):
3641   1000             ; Value * 2 ==> LSB of T1700
3642   1000             ; This is the default movement pattern for the alien formation:
3643   1000             ; Right, right, right, right, left, left, left, left,
3644   1000             ; left, left, left, left, right, right, right, right,
3645   1000             ; end mark. Used at phase 0, 1, 2 and 3.
3646   1000             T1000:
3647   1000 01 01 01 01                        .DB $01, $01, $01, $01, $02, $02, $02, $02
3647   1004 02 02 02 02 
3648   1008 02 02 02 02                        .DB $02, $02, $02, $02, $01, $01, $01, $01
3648   100C 01 01 01 01 
3649   1010 00                                 .DB $00
3650   1011 FF FF FF FF                        .DB $FF, $FF, $FF, $FF, $FF, $FF, $FF, $FF
3650   1015 FF FF FF FF 
3651   1019 FF FF FF FF                        .DB $FF, $FF, $FF, $FF, $FF, $FF, $FF
3651   101D FF FF FF 
3652   1020             ; Closed loop pattern table part 1:
3653   1020             ; Used for single or multiple aliens, depending on the game round.
3654   1020             ; Pattern 1
3655   1020             T1020:
3656   1020 10 11 12 13                        .DB $10, $11, $12, $13, $10, $1D, $0D, $0E
3656   1024 10 1D 0D 0E 
3657   1028 0B 0C 0D 0E                        .DB $0B, $0C, $0D, $0E, $0B, $0C, $06, $06
3657   102C 0B 0C 06 06 
3658   1030 1E 03 1F 05                        .DB $1E, $03, $1F, $05, $1C, $04, $1D, $06
3658   1034 1C 04 1D 06 
3659   1038 1E 03 03 03                        .DB $1E, $03, $03, $03, $03, $03, $1F, $1C
3659   103C 03 03 1F 1C 
3660   1040 1D 1E 03 03                        .DB $1D, $1E, $03, $03, $03, $03, $03, $1F
3660   1044 03 03 03 1F 
3661   1048 05 1C 04 1D                        .DB $05, $1C, $04, $1D, $06, $1E, $03, $1F
3661   104C 06 1E 03 1F 
3662   1050 05 05 05 05                        .DB $05, $05, $05, $05, $05, $05, $05, $05
3662   1054 05 05 05 05 
3663   1058 05 05 1C 04                        .DB $05, $05, $1C, $04, $04, $11, $12, $13
3663   105C 04 11 12 13 
3664   1060 00 FF FF FF                        .DB $00, $FF, $FF, $FF
3665   1064             ; Pattern 2
3666   1064             T1064:
3667   1064 0B 1E 19 06                        .DB $0B, $1E, $19, $06, $06, $06, $06, $06
3667   1068 06 06 06 06 
3668   106C 06 1E 1F 1C                        .DB $06, $1E, $1F, $1C, $1D, $06, $06, $06
3668   1070 1D 06 06 06 
3669   1074 06 06 1E 03                        .DB $06, $06, $1E, $03, $1F, $05, $1C, $04
3669   1078 1F 05 1C 04 
3670   107C 1D 06 06 1A                        .DB $1D, $06, $06, $1A, $04, $1B, $05, $18
3670   1080 04 1B 05 18 
3671   1084 19 06 1A 04                        .DB $19, $06, $1A, $04, $1B, $05, $05, $1C
3671   1088 1B 05 05 1C 
3672   108C 04 1D 06 1E                        .DB $04, $1D, $06, $1E, $03, $1F, $05, $05
3672   1090 03 1F 05 05 
3673   1094 05 05 05 1C                        .DB $05, $05, $05, $1C, $1D, $1E, $1F, $05
3673   1098 1D 1E 1F 05 
3674   109C 05 05 05 05                        .DB $05, $05, $05, $05, $05, $05, $18, $1F
3674   10A0 05 05 18 1F 
3675   10A4 00 FF FF FF                        .DB $00, $FF, $FF, $FF
3676   10A8             ; Pattern 3 (phase 3)
3677   10A8             T10A8:
3678   10A8 10 04 04 1D                        .DB $10, $04, $04, $1D, $0D, $0E, $0B, $0C
3678   10AC 0D 0E 0B 0C 
3679   10B0 0D 0E 01 01                        .DB $0D, $0E, $01, $01, $01, $01, $01, $01
3679   10B4 01 01 01 01 
3680   10B8 01 01 05 05                        .DB $01, $01, $05, $05, $05, $05, $05, $1C
3680   10BC 05 05 05 1C 
3681   10C0 04 04 1D 06                        .DB $04, $04, $1D, $06, $06, $1E, $03, $03
3681   10C4 06 1E 03 03 
3682   10C8 1F 05 05 05                        .DB $1F, $05, $05, $05, $1C, $11, $12, $13
3682   10CC 1C 11 12 13 
3683   10D0 00 FF FF FF                        .DB $00, $FF, $FF, $FF
3684   10D4             ; Pattern 4
3685   10D4             T10D4:
3686   10D4 0B 0C 0D 0E                        .DB $0B, $0C, $0D, $0E, $0B, $0C, $0D, $0E
3686   10D8 0B 0C 0D 0E 
3687   10DC 0B 0C 1A 1B                        .DB $0B, $0C, $1A, $1B, $05, $18, $19, $06
3687   10E0 05 18 19 06 
3688   10E4 0D 0E 01 01                        .DB $0D, $0E, $01, $01, $01, $01, $01, $01
3688   10E8 01 01 01 01 
3689   10EC 01 01 05 05                        .DB $01, $01, $05, $05, $1C, $1B, $05, $05
3689   10F0 1C 1B 05 05 
3690   10F4 1C 04 1B 05                        .DB $1C, $04, $1B, $05, $05, $1C, $04, $1B
3690   10F8 05 1C 04 1B 
3691   10FC 00 FF FF FF                        .DB $00, $FF, $FF, $FF
3692   1100             ; Pattern 5
3693   1100             T1100:
3694   1100 0B 0C 0D 0E                        .DB $0B, $0C, $0D, $0E, $0B, $0C, $09, $09
3694   1104 0B 0C 09 09 
3695   1108 09 09 0A 0A                        .DB $09, $09, $0A, $0A, $09, $09, $0A, $09
3695   110C 09 09 0A 09 
3696   1110 16 17 14 07                        .DB $16, $17, $14, $07, $07, $07, $1C, $04
3696   1114 07 07 1C 04 
3697   1118 1D 06 1E 03                        .DB $1D, $06, $1E, $03, $1F, $05, $1C, $08
3697   111C 1F 05 1C 08 
3698   1120 08 08 08 08                        .DB $08, $08, $08, $08, $08, $08, $08, $05
3698   1124 08 08 08 05 
3699   1128 05 05 05 00                        .DB $05, $05, $05, $00, $FF, $FF, $FF, $FF
3699   112C FF FF FF FF 
3700   1130             ; Pattern 6
3701   1130             T1130:
3702   1130 0B 0C 0D 0E                        .DB $0B, $0C, $0D, $0E, $0B, $0C, $0A, $0A
3702   1134 0B 0C 0A 0A 
3703   1138 0A 0A 09 09                        .DB $0A, $0A, $09, $09, $0A, $0A, $09, $0A
3703   113C 0A 0A 09 0A 
3704   1140 12 13 10 08                        .DB $12, $13, $10, $08, $08, $08, $18, $07
3704   1144 08 08 18 07 
3705   1148 07 07 07 05                        .DB $07, $07, $07, $05, $1C, $04, $1D, $06
3705   114C 1C 04 1D 06 
3706   1150 1E 03 1F 07                        .DB $1E, $03, $1F, $07, $07, $07, $07, $05
3706   1154 07 07 07 05 
3707   1158 05 05 05 00                        .DB $05, $05, $05, $00, $FF, $FF, $FF, $FF
3707   115C FF FF FF FF 
3708   1160             ; Pattern 7
3709   1160             T1160:
3710   1160 1C 04 04 04                        .DB $1C, $04, $04, $04, $1D, $06, $0D, $0E
3710   1164 1D 06 0D 0E 
3711   1168 0B 0C 06 06                        .DB $0B, $0C, $06, $06, $1E, $15, $16, $17
3711   116C 1E 15 16 17 
3712   1170 14 19 06 1A                        .DB $14, $19, $06, $1A, $04, $1D, $06, $1E
3712   1174 04 1D 06 1E 
3713   1178 03 19 06 1A                        .DB $03, $19, $06, $1A, $04, $1D, $1E, $03
3713   117C 04 1D 1E 03 
3714   1180 1F 1C 04 1B                        .DB $1F, $1C, $04, $1B, $05, $18, $03, $1F
3714   1184 05 18 03 1F 
3715   1188 05 1C 04 1B                        .DB $05, $1C, $04, $1B, $05, $18, $03, $15
3715   118C 05 18 03 15 
3716   1190 16 17 14 1F                        .DB $16, $17, $14, $1F, $05, $05, $05, $05
3716   1194 05 05 05 05 
3717   1198 05 05 05 1C                        .DB $05, $05, $05, $1C, $04, $1D, $1A, $1B
3717   119C 04 1D 1A 1B 
3718   11A0 00 FF FF FF                        .DB $00, $FF, $FF, $FF
3719   11A4             ; Pattern 8
3720   11A4             T11A4:
3721   11A4 0B 0C 0D 0E                        .DB $0B, $0C, $0D, $0E, $0B, $0C, $0D, $0E
3721   11A8 0B 0C 0D 0E 
3722   11AC 0B 0C 0D 0E                        .DB $0B, $0C, $0D, $0E, $02, $02, $02, $02
3722   11B0 02 02 02 02 
3723   11B4 02 02 02 02                        .DB $02, $02, $02, $02, $05, $05, $18, $03
3723   11B8 05 05 18 03 
3724   11BC 19 1A 04 1B                        .DB $19, $1A, $04, $1B, $05, $18, $03, $1F
3724   11C0 05 18 03 1F 
3725   11C4 05 18 03 1F                        .DB $05, $18, $03, $1F, $05, $05, $18, $1F
3725   11C8 05 05 18 1F 
3726   11CC 00 FF FF FF                        .DB $00, $FF, $FF, $FF
3727   11D0             ; Pattern 9
3728   11D0             T11D0:
3729   11D0 0B 0C 0D 0E                        .DB $0B, $0C, $0D, $0E, $0B, $0C, $06, $06
3729   11D4 0B 0C 06 06 
3730   11D8 09 09 09 0A                        .DB $09, $09, $09, $0A, $09, $09, $0A, $09
3730   11DC 09 09 0A 09 
3731   11E0 09 09 06 1A                        .DB $09, $09, $06, $1A, $04, $11, $12, $13
3731   11E4 04 11 12 13 
3732   11E8 10 08 08 08                        .DB $10, $08, $08, $08, $07, $07, $07, $08
3732   11EC 07 07 07 08 
3733   11F0 08 08 05 05                        .DB $08, $08, $05, $05, $05, $05, $05, $05
3733   11F4 05 05 05 05 
3734   11F8 05 05 05 05                        .DB $05, $05, $05, $05, $05, $00, $FF, $FF
3734   11FC 05 00 FF FF 
3735   1200             ; Pattern 10
3736   1200             T1200:
3737   1200 1C 11 12 13                        .DB $1C, $11, $12, $13, $10, $04, $1D, $0D
3737   1204 10 04 1D 0D 
3738   1208 0E 0B 0C 0D                        .DB $0E, $0B, $0C, $0D, $0E, $0B, $0C, $1E
3738   120C 0E 0B 0C 1E 
3739   1210 1F 05 18 19                        .DB $1F, $05, $18, $19, $0D, $0E, $0B, $0C
3739   1214 0D 0E 0B 0C 
3740   1218 1E 1F 05 05                        .DB $1E, $1F, $05, $05, $05, $05, $05, $18
3740   121C 05 05 05 18 
3741   1220 19 0D 0E 0B                        .DB $19, $0D, $0E, $0B, $0C, $06, $1E, $1F
3741   1224 0C 06 1E 1F 
3742   1228 05 05 05 05                        .DB $05, $05, $05, $05, $18, $19, $06, $1E
3742   122C 18 19 06 1E 
3743   1230 1F 05 05 05                        .DB $1F, $05, $05, $05, $05, $05, $05, $05
3743   1234 05 05 05 05 
3744   1238 05 1C 04 04                        .DB $05, $1C, $04, $04, $1D, $1A, $04, $1B
3744   123C 1D 1A 04 1B 
3745   1240 00 FF FF FF                        .DB $00, $FF, $FF, $FF
3746   1244             ; Pattern 11
3747   1244             T1244:
3748   1244 18 03 03 19                        .DB $18, $03, $03, $19, $06, $06, $06, $06
3748   1248 06 06 06 06 
3749   124C 06 06 06 06                        .DB $06, $06, $06, $06, $06, $06, $06, $06
3749   1250 06 06 06 06 
3750   1254 1A 04 1B 05                        .DB $1A, $04, $1B, $05, $1C, $04, $1D, $06
3750   1258 1C 04 1D 06 
3751   125C 1E 03 03 19                        .DB $1E, $03, $03, $19, $06, $1A, $04, $04
3751   1260 06 1A 04 04 
3752   1264 04 1B 05 18                        .DB $04, $1B, $05, $18, $03, $03, $1F, $05
3752   1268 03 03 1F 05 
3753   126C 1C 04 1D 06                        .DB $1C, $04, $1D, $06, $1A, $04, $1B, $05
3753   1270 1A 04 1B 05 
3754   1274 05 05 05 05                        .DB $05, $05, $05, $05, $05, $05, $05, $05
3754   1278 05 05 05 05 
3755   127C 05 05 05 18                        .DB $05, $05, $05, $18, $03, $19, $1E, $1F
3755   1280 03 19 1E 1F 
3756   1284 00 FF FF FF                        .DB $00, $FF, $FF, $FF
3757   1288             ; Pattern 12
3758   1288             T1288:
3759   1288 0B 0C 1A 1D                        .DB $0B, $0C, $1A, $1D, $1E, $03, $19, $06
3759   128C 1E 03 19 06 
3760   1290 1A 04 04 1D                        .DB $1A, $04, $04, $1D, $06, $1E, $03, $03
3760   1294 06 1E 03 03 
3761   1298 03 19 06 06                        .DB $03, $19, $06, $06, $1A, $04, $04, $04
3761   129C 1A 04 04 04 
3762   12A0 04 1D 06 06                        .DB $04, $1D, $06, $06, $1E, $03, $03, $03
3762   12A4 1E 03 03 03 
3763   12A8 03 03 03 1F                        .DB $03, $03, $03, $1F, $05, $05, $1C, $04
3763   12AC 05 05 1C 04 
3764   12B0 04 04 04 1B                        .DB $04, $04, $04, $1B, $05, $05, $18, $03
3764   12B4 05 05 18 03 
3765   12B8 03 03 1F 05                        .DB $03, $03, $1F, $05, $1C, $04, $04, $1B
3765   12BC 1C 04 04 1B 
3766   12C0 05 18 03 1F                        .DB $05, $18, $03, $1F, $1C, $1B, $05, $05
3766   12C4 1C 1B 05 05 
3767   12C8 00 FF                              .DB $00, $FF,
3768   12CA             ; Pattern 13
3769   12CA             T12CA:
3770   12CA 18 03 19 06                        .DB $18, $03, $19, $06, $06, $06, $06, $06
3770   12CE 06 06 06 06 
3771   12D2 06 1A 1D 1E                        .DB $06, $1A, $1D, $1E, $19, $1A, $1D, $06
3771   12D6 19 1A 1D 06 
3772   12DA 1E 19 06 1E                        .DB $1E, $19, $06, $1E, $15, $16, $17, $14
3772   12DE 15 16 17 14 
3773   12E2 07 07 07 08                        .DB $07, $07, $07, $08, $08, $08, $08, $05
3773   12E6 08 08 08 05 
3774   12EA 05 18 03 03                        .DB $05, $18, $03, $03, $19, $06, $06, $1A
3774   12EE 19 06 06 1A 
3775   12F2 04 04 1B 08                        .DB $04, $04, $1B, $08, $08, $08, $08, $05
3775   12F6 08 08 08 05 
3776   12FA 05 05 05 18                        .DB $05, $05, $05, $18, $1F, $00
3776   12FE 1F 00 
3777   1300             ; Pattern 14
3778   1300             T1300:
3779   1300 0B 0C 0A 0A                        .DB $0B, $0C, $0A, $0A, $09, $09, $09, $0A
3779   1304 09 09 09 0A 
3780   1308 0A 09 09 09                        .DB $0A, $09, $09, $09, $0A, $09, $09, $16
3780   130C 0A 09 09 16 
3781   1310 17 14 07 07                        .DB $17, $14, $07, $07, $07, $08, $08, $08
3781   1314 07 08 08 08 
3782   1318 08 07 07 08                        .DB $08, $07, $07, $08, $08, $08, $08, $07
3782   131C 08 08 08 07 
3783   1320 08 11 12 13                        .DB $08, $11, $12, $13, $00, $FF, $FF, $FF
3783   1324 00 FF FF FF 
3784   1328             ; Pattern 15
3785   1328             T1328:
3786   1328 0B 0C 09 09                        .DB $0B, $0C, $09, $09, $0A, $09, $09, $0A
3786   132C 0A 09 09 0A 
3787   1330 0A 0A 0A 09                        .DB $0A, $0A, $0A, $09, $0A, $0A, $0A, $12
3787   1334 0A 0A 0A 12 
3788   1338 13 10 04 04                        .DB $13, $10, $04, $04, $04, $1B, $18, $03
3788   133C 04 1B 18 03 
3789   1340 03 07 07 08                        .DB $03, $07, $07, $08, $08, $07, $07, $08
3789   1344 08 07 07 08 
3790   1348 08 07 07 07                        .DB $08, $07, $07, $07, $07, $07, $00, $FF
3790   134C 07 07 00 FF 
3791   1350 FF FF FF FF                        .DB $FF, $FF, $FF, $FF
3792   1354             ; Pattern 16
3793   1354             T1354:
3794   1354 1C 11 12 13                        .DB $1C, $11, $12, $13, $10, $1D, $0D, $0E
3794   1358 10 1D 0D 0E 
3795   135C 0B 0C 09 0A                        .DB $0B, $0C, $09, $0A, $09, $09, $0A, $09
3795   1360 09 09 0A 09 
3796   1364 09 09 06 1A                        .DB $09, $09, $06, $1A, $04, $1B, $05, $18
3796   1368 04 1B 05 18 
3797   136C 03 19 09 09                        .DB $03, $19, $09, $09, $0D, $0E, $0B, $0C
3797   1370 0D 0E 0B 0C 
3798   1374 0D 0E 02 02                        .DB $0D, $0E, $02, $02, $02, $02, $02, $02
3798   1378 02 02 02 02 
3799   137C 02 02 02 02                        .DB $02, $02, $02, $02, $02, $02, $08, $07
3799   1380 02 02 08 07 
3800   1384 07 08 07 07                        .DB $07, $08, $07, $07, $08, $08, $07, $07
3800   1388 08 08 07 07 
3801   138C 07 07 07 05                        .DB $07, $07, $07, $05, $05, $05, $05, $05
3801   1390 05 05 05 05 
3802   1394 05 1C 11 12                        .DB $05, $1C, $11, $12, $13, $00, $FF, $FF
3802   1398 13 00 FF FF 
3803   139C             ; Pattern 17
3804   139C             T139C:
3805   139C 0B 0C 0D 0E                        .DB $0B, $0C, $0D, $0E, $0B, $0C, $0D, $0E
3805   13A0 0B 0C 0D 0E 
3806   13A4 0B 0C 1A 1D                        .DB $0B, $0C, $1A, $1D, $06, $1E, $19, $06
3806   13A8 06 1E 19 06 
3807   13AC 06 1A 04 1B                        .DB $06, $1A, $04, $1B, $1C, $04, $1D, $1A
3807   13B0 1C 04 1D 1A 
3808   13B4 04 1B 1C 04                        .DB $04, $1B, $1C, $04, $1D, $1A, $04, $1B
3808   13B8 1D 1A 04 1B 
3809   13BC 05 18 07 07                        .DB $05, $18, $07, $07, $07, $08, $08, $07
3809   13C0 07 08 08 07 
3810   13C4 07 07 07 08                        .DB $07, $07, $07, $08, $08, $07, $07, $07
3810   13C8 08 07 07 07 
3811   13CC 07 00 FF FF                        .DB $07, $00, $FF, $FF
3812   13D0             ; Pattern 18
3813   13D0             T13D0:
3814   13D0 14 03 19 0D                        .DB $14, $03, $19, $0D, $0E, $0B, $0C, $0A
3814   13D4 0E 0B 0C 0A 
3815   13D8 0A 0A 09 0A                        .DB $0A, $0A, $09, $0A, $0A, $0A, $09, $0A
3815   13DC 0A 0A 09 0A 
3816   13E0 0A 0A 06 1E                        .DB $0A, $0A, $06, $1E, $15, $16, $17, $14
3816   13E4 15 16 17 14 
3817   13E8 03 1F 05 05                        .DB $03, $1F, $05, $05, $08, $07, $07, $07
3817   13EC 08 07 07 07 
3818   13F0 08 07 07 07                        .DB $08, $07, $07, $07, $08, $08, $05, $05
3818   13F4 08 08 05 05 
3819   13F8 05 05 05 00                        .DB $05, $05, $05, $00, $FF, $FF, $FF, $FF
3819   13FC FF FF FF FF 
3820   1400             ; Player ship character block shapes table
3821   1400             ; used for fine bit shifting of the player
3822   1400             T1400:
3823   1400 30 40 31 41                        .DB $30, $40, $31, $41     ;frame#1
3824   1404 32 42 33 43                        .DB $32, $42, $33, $43     ;frame#2
3825   1408 34 44 35 45                        .DB $34, $44, $35, $45     ;frame#3
3826   140C 36 46 37 47                        .DB $36, $46, $37, $47     ;frame#4
3827   1410 38 48 39 49                        .DB $38, $48, $39, $49     ;frame#5
3828   1414 3A 4A 3B 4B                        .DB $3A, $4A, $3B, $4B     ;frame#6
3829   1418 3C 4C 3D 4D                        .DB $3C, $4C, $3D, $4D     ;frame#7
3830   141C 3E 4E 3F 4F                        .DB $3E, $4E, $3F, $4F     ;frame#8
3831   1420             
3832   1420             ; Alien character block shapes table ($00=SPACE)
3833   1420             T1420:
3834   1420 60 61                              .DB $60, $61           ;alien shape #1
3835   1422 62 63                              .DB $62, $63           ;#2
3836   1424 64 65                              .DB $64, $65           ;#3
3837   1426 66 67                              .DB $66, $67           ;#4
3838   1428 69 00                              .DB $69, $00           ;#6
3839   142A 69 00                              .DB $69, $00           ;#6
3840   142C 7A 7B                              .DB $7A, $7B           ;#28
3841   142E 7A 7B                              .DB $7A, $7B           ;#28
3842   1430 6B 00                              .DB $6B, $00           ;#8
3843   1432 6B 00                              .DB $6B, $00           ;#8
3844   1434 8C 8D                              .DB $8C, $8D           ;#29
3845   1436 8C 8D                              .DB $8C, $8D           ;#29
3846   1438 68 00                              .DB $68, $00           ;#5
3847   143A 68 00                              .DB $68, $00           ;#5
3848   143C 8A 9A                              .DB $8A, $9A           ;#30
3849   143E 8A 9A                              .DB $8A, $9A           ;#30
3850   1440 6A 00                              .DB $6A, $00           ;#7
3851   1442 6A 00                              .DB $6A, $00           ;#7
3852   1444 8B 9B                              .DB $8B, $9B           ;#31
3853   1446 8B 9B                              .DB $8B, $9B           ;#31
3854   1448 68 00                              .DB $68, $00           ;#5
3855   144A 6B 00                              .DB $6B, $00           ;#8
3856   144C 6A 00                              .DB $6A, $00           ;#7
3857   144E 69 00                              .DB $69, $00           ;#6
3858   1450 76 77                              .DB $76, $77           ;#18
3859   1452 74 75                              .DB $74, $75           ;#19
3860   1454 72 73                              .DB $72, $73           ;#16
3861   1456 70 71                              .DB $70, $71           ;#17
3862   1458 68 00                              .DB $68, $00           ;#5
3863   145A 86 96                              .DB $86, $96           ;#22
3864   145C 69 00                              .DB $69, $00           ;#6
3865   145E 87 97                              .DB $87, $97           ;#21
3866   1460 6A 00                              .DB $6A, $00           ;#7
3867   1462 88 98                              .DB $88, $98           ;#20
3868   1464 6B 00                              .DB $6B, $00           ;#8
3869   1466 89 99                              .DB $89, $99           ;#23
3870   1468 68 00                              .DB $68, $00           ;#5
3871   146A 00 00                              .DB $00, $00
3872   146C A2 B2 A3 B3                        .DB $A2, $B2, $A3, $B3 ;#26
3873   1470 69 00                              .DB $69, $00           ;#6
3874   1472 00 00                              .DB $00, $00
3875   1474 A4 B4 A5 B5                        .DB $A4, $B4, $A5, $B5 ;#25
3876   1478 6A 00                              .DB $6A, $00           ;#7
3877   147A 00 00                              .DB $00, $00
3878   147C A6 B6 A7 B7                        .DB $A6, $B6, $A7, $B7 ;#24
3879   1480 6B 00                              .DB $6B, $00           ;#8
3880   1482 00 00                              .DB $00, $00
3881   1484 A8 B8 A9 B9                        .DB $A8, $B8, $A9, $B9 ;#27
3882   1488 FF FF FF FF                        .DB $FF, $FF, $FF, $FF
3883   148C 8A 9A                              .DB $8A, $9A           ;#30
3884   148E 00 00                              .DB $00, $00
3885   1490 FF FF FF FF                        .DB $FF, $FF, $FF, $FF, $FF, $FF, $FF, $FF, $FF, $FF, $FF, $FF, $FF, $FF, $FF, $FF
3885   1494 FF FF FF FF 
3885   1498 FF FF FF FF 
3885   149C FF FF FF FF 
3886   14A0 8B 9B                              .DB $8B, $9B           ;#31
3887   14A2 00 00                              .DB $00, $00
3888   14A4 FF FF FF FF                        .DB $FF, $FF, $FF, $FF
3889   14A8 8E 9E 8F 9F                        .DB $8E, $9E, $8F, $9F ;#14
3890   14AC A0 B0 A1 B1                        .DB $A0, $B0, $A1, $B1 ;#15
3891   14B0 00 00 00 00                        .DB $00, $00, $00, $00
3892   14B4 FF FF FF FF                        .DB $FF, $FF, $FF, $FF, $FF, $FF, $FF, $FF, $FF, $FF, $FF, $FF
3892   14B8 FF FF FF FF 
3892   14BC FF FF FF FF 
3893   14C0 9C 00                              .DB $9C, $00           ;#32
3894   14C2 00 00                              .DB $00, $00
3895   14C4 84 94 85 95                        .DB $84, $94, $85, $95 ;#36
3896   14C8 82 92 83 93                        .DB $82, $92, $83, $93 ;#35
3897   14CC 80 90 81 91                        .DB $80, $90, $81, $91 ;#34
3898   14D0 9D 00 00 00                        .DB $9D, $00, $00, $00 ;#33
3899   14D4 AE BE AF BF                        .DB $AE, $BE, $AF, $BF ;#39
3900   14D8 AC BC AD 00                        .DB $AC, $BC, $AD, $00 ;#38
3901   14DC AA BA AB BB                        .DB $AA, $BA, $AB, $BB ;#37
3902   14E0             
3903   14E0             ;*****************************************************************************
3904   14E0             ;* Coin-text fixup, run after each character of the '$18xx' text is printed.
3905   14E0             ;* If the coinage DIP bit is set, three positions in the "INSERT COIN"
3906   14E0             ;* block are overwritten with alternate glyphs, otherwise the text is
3907   14E0             ;* left as printed.
3908   14E0             ;* In:  A = printed char, HL = source text ptr ($18xx), DE = screen addr.
3909   14E0             ;* The quirky flag trick:
3910   14E0             ;* Notice the routine writes to the screen before it tests the match
3911   14E0             ;* (`LD (HL),$22` sits before `RET Z`). Because `LD (HL),n` doesn't touch the flags,
3912   14E0             ;* the `RET Z` still reflects the preceding `CP`. So on a non match
3913   14E0             ;* the "wrong" byte is written but then immediately corrected by the next `LD (HL),...`
3914   14E0             ;* (and ultimately by `LD (HL),B` at `$14FC`). It's a code size optimization:
3915   14E0             ;* only the last write that is followed by a taken `RET Z` actually sticks.
3916   14E0             ;*****************************************************************************
3917   14E0             L14E0:
3918   14E0 47                                 LD      B,A                 ; save the printed character
3919   14E1 3A 00 78                           LD      A,(DSW0)            ; 78xx DSW0 (DIP switches)
3920   14E4 E6 10                              AND     $10                 ; 0001_0000 Coinage
3921   14E6 C8                                 RET     Z                   ; coinage bit clear -> keep text as-is
3922   14E7 EB                                 EX      DE,HL               ; HL = screen addr, DE = source text ptr
3923   14E8 7A                                 LD      A,D                 ; source MSB
3924   14E9 FE 18                              CP      $18                 ; is this the $18xx text block ?
3925   14EB C0                                 RET     NZ                  ; if not, leave it alone
3926   14EC 7B                                 LD      A,E                 ; source LSB (position within text)
3927   14ED FE 95                              CP      $95                 ; position $1895 ?
3928   14EF 36 22                              LD      (HL),$22            ; overwrite screen char with $22: "2"
3929   14F1 C8                                 RET     Z                   ; ...and done if it was $1895
3930   14F2 FE 9A                              CP      $9A                 ; position $189A ?
3931   14F4 36 13                              LD      (HL),$13            ; overwrite with $13: "S"
3932   14F6 C8                                 RET     Z                   ; ...done if $189A
3933   14F7 FE B5                              CP      $B5                 ; position $18B5 ?
3934   14F9 36 24                              LD      (HL),$24            ; overwrite with $24: "4"
3935   14FB C8                                 RET     Z                   ; ...done if $18B5
3936   14FC 70                                 LD      (HL),B              ; otherwise restore the original character
3937   14FD C9                                 RET                         ;
3938   14FE             
3939   1500                                    .ORG $1500
3940   1500             ; Copied inside $4B70-$4BAF.
3941   1500             ; Init values for the alien control states A and B.
3942   1500             T1500:
3943   1500 08 6C 09 60                        .DB $08, $6C, $09, $60
3944   1504 08 6C 09 60                        .DB $08, $6C, $09, $60
3945   1508 08 6C 09 60                        .DB $08, $6C, $09, $60
3946   150C 08 6C 09 60                        .DB $08, $6C, $09, $60
3947   1510 08 6C 09 60                        .DB $08, $6C, $09, $60
3948   1514 08 6C 09 60                        .DB $08, $6C, $09, $60
3949   1518 08 6C 09 60                        .DB $08, $6C, $09, $60
3950   151C 09 60 09 60                        .DB $09, $60, $09, $60
3951   1520             ; Init values for 16 aliens.
3952   1520             ; Pointer to alien movement pattern table.
3953   1520             T1520:
3954   1520                                    .MSFIRST
3955   1520 10 00                              .DW T1000
3956   1522 10 00                              .DW T1000
3957   1524 10 00                              .DW T1000
3958   1526 10 00                              .DW T1000
3959   1528 10 00                              .DW T1000
3960   152A 10 00                              .DW T1000
3961   152C 10 00                              .DW T1000
3962   152E 10 00                              .DW T1000
3963   1530 10 00                              .DW T1000
3964   1532 10 00                              .DW T1000
3965   1534 10 00                              .DW T1000
3966   1536 10 00                              .DW T1000
3967   1538 10 00                              .DW T1000
3968   153A 10 00                              .DW T1000
3969   153C 10 00                              .DW T1000
3970   153E 10 00                              .DW T1000
3971   1540             ; Level 2 initial screen coordinates for the aliens.
3972   1540             ; First byte is X, 2nd byte is Y. There are 16 aliens
3973   1540             ; on the level (numbered here 0 - F). The starts are shown
3974   1540             ; on the screen below.
3975   1540             ;
3976   1540             ;      0 0 1 1 2 2 3 3 4 4 5 5 6 6 7 7 8 8 9 9 A A B B C C
3977   1540             ;      0 8 0 8 0 8 0 8 0 8 0 8 0 8 0 8 0 8 0 8 0 8 0 8 0 8
3978   1540             ;      | | | | | | | | | | | | | | | | | | | | | | | | | |
3979   1540             ; 00 - . S C O R E 1 . . H I - S C O R E . . S C O R E 2 .
3980   1540             ; 08 - . 0 0 0 0 0 0 . . . 0 0 0 0 0 0 . . . 0 0 0 0 0 0 .
3981   1540             ; 10 - . . . * 1 . . . . . C O I N 0 0 . . . . . * 0 . . .
3982   1540             ; 18 - . . . . . . . . . . . . . . . . . . . . . . . . . .
3983   1540             ; 20 - . . . . . . . . . . 0 . . . 1 . . . . . . . . . . .
3984   1540             ; 28 - . . . . . . . . . . . . 2 . . . . . . . . . . . . .
3985   1540             ; 30 - . . . . . . 8 . . . . . . . . . . . 9 . . . . . . .
3986   1540             ; 38 - . . . . A . . . 6 . . . 3 . . . 7 . . . B . . . . .
3987   1540             ; 40 - . . . . . . . . . . 4 . . . 5 . . . . . . . . . . .
3988   1540             ; 48 - . . . C . . . . . . . . E . . . . . . . . D . . . .
3989   1540             ; 50 - . . . . . . . . . . . . . . . . . . . . . . . . . .
3990   1540             ; 58 - . . . . . . . . . . . . F . . . . . . . . . . . . .
3991   1540             ;
3992   1540             T1540:
3993   1540 50 20                              .DB $50, $20     ; 0 : x,y = 50,20 (decimal 80,32)
3994   1542 70 20                              .DB $70, $20     ; 1
3995   1544 60 28                              .DB $60, $28     ; 2
3996   1546 60 38                              .DB $60, $38     ; 3
3997   1548 50 40                              .DB $50, $40     ; 4
3998   154A 70 40                              .DB $70, $40     ; 5
3999   154C 40 38                              .DB $40, $38     ; 6
4000   154E 80 38                              .DB $80, $38     ; 7
4001   1550 30 30                              .DB $30, $30     ; 8
4002   1552 90 30                              .DB $90, $30     ; 9
4003   1554 20 38                              .DB $20, $38     ; A
4004   1556 A0 38                              .DB $A0, $38     ; B
4005   1558 18 48                              .DB $18, $48     ; C
4006   155A A8 48                              .DB $A8, $48     ; D
4007   155C 60 48                              .DB $60, $48     ; E
4008   155E 60 58                              .DB $60, $58     ; F
4009   1560             
4010   1560             ; Level 1 initial screen coordinates for the aliens.
4011   1560             ; Same structure as 1540 above.
4012   1560             ;
4013   1560             ;      0 0 1 1 2 2 3 3 4 4 5 5 6 6 7 7 8 8 9 9 A A B B C C
4014   1560             ;      0 8 0 8 0 8 0 8 0 8 0 8 0 8 0 8 0 8 0 8 0 8 0 8 0 8
4015   1560             ;      | | | | | | | | | | | | | | | | | | | | | | | | | |
4016   1560             ; 00 - . S C O R E 1 . . H I - S C O R E . . S C O R E 2 .
4017   1560             ; 08 - . 0 0 0 0 0 0 . . . 0 0 0 0 0 0 . . . 0 0 0 0 0 0 .
4018   1560             ; 10 - . . . * 1 . . . . . C O I N 0 0 . . . . . * 0 . . .
4019   1560             ; 18 - . . . . . . . . . . . . . . . . . . . . . . . . . .
4020   1560             ; 20 - . . . . . . . E . . . . . . . . . F . . . . . . . .
4021   1560             ; 28 - . . . . . C . . . . . . . . . . . . . D . . . . . .
4022   1560             ; 30 - . . . A . . . . . . . . . . . . . . . . . B . . . .
4023   1560             ; 38 - . . . . . . . . . . . . . . . . . . . . . . . . . .
4024   1560             ; 40 - . . . 8 . . . . . . . . . . . . . . . . . 9 . . . .
4025   1560             ; 48 - . . . . . 6 . . . . . . 0 . . . . . . 7 . . . . . .
4026   1560             ; 50 - . . . . . . . 4 . . . . . . . . . 5 . . . . . . . .
4027   1560             ; 58 - . . . . . . . . . 2 . . 1 . . 3 . . . . . . . . . .
4028   1560             ;
4029   1560             T1560:
4030   1560 60 48                              .DB $60, $48     ; 0
4031   1562 60 58                              .DB $60, $58     ; 1
4032   1564 48 58                              .DB $48, $58     ; 2
4033   1566 78 58                              .DB $78, $58     ; 3
4034   1568 38 50                              .DB $38, $50     ; 4
4035   156A 88 50                              .DB $88, $50     ; 5
4036   156C 28 48                              .DB $28, $48     ; 6
4037   156E 98 48                              .DB $98, $48     ; 7
4038   1570 18 40                              .DB $18, $40     ; 8
4039   1572 A8 40                              .DB $A8, $40     ; 9
4040   1574 18 30                              .DB $18, $30     ; A
4041   1576 A8 30                              .DB $A8, $30     ; B
4042   1578 28 28                              .DB $28, $28     ; C
4043   157A 98 28                              .DB $98, $28     ; D
4044   157C 38 20                              .DB $38, $20     ; E
4045   157E 88 20                              .DB $88, $20     ; F
4046   1580             
4047   1580             ;level 10 initial screen coordinates for the aliens.
4048   1580             ;      0 0 1 1 2 2 3 3 4 4 5 5 6 6 7 7 8 8 9 9 A A B B C C
4049   1580             ;      0 8 0 8 0 8 0 8 0 8 0 8 0 8 0 8 0 8 0 8 0 8 0 8 0 8
4050   1580             ;      | | | | | | | | | | | | | | | | | | | | | | | | | |
4051   1580             ; 20 - . . . . . . . . . . 1 . 0 . 2 . . . . . . . . . . .
4052   1580             ; 28 - . . . . . . . . 3 . . . . . . . 4 . . . . . . . . .
4053   1580             ; 30 - . . . . . . 5 . . . . . . . . . . . 6 . . . . . . .
4054   1580             ; 38 - . . . . 7 . . . . . . . . . . . . . . . 8 . . . . .
4055   1580             ; 40 - . . . . . . . . . . . . . . . . . . . . . . . . . .
4056   1580             ; 48 - . . . . . . . . . . . . . . . . . . . . . . . . . .
4057   1580             ; 50 - . . . . . . . . . . . . . . . . . . . . . . . . . .
4058   1580             ; 58 - . . . . . . E . C . A . 9 . B . D . F . . . . . . .
4059   1580             ;
4060   1580             T1580:
4061   1580 60 20                              .DB $60, $20     ; 0
4062   1582 50 20                              .DB $50, $20     ; 1
4063   1584 70 20                              .DB $70, $20     ; 2
4064   1586 40 28                              .DB $40, $28     ; 3
4065   1588 80 28                              .DB $80, $28     ; 4
4066   158A 30 30                              .DB $30, $30     ; 5
4067   158C 90 30                              .DB $90, $30     ; 6
4068   158E 20 38                              .DB $20, $38     ; 7
4069   1590 A0 38                              .DB $A0, $38     ; 8
4070   1592 60 58                              .DB $60, $58     ; 9
4071   1594 50 58                              .DB $50, $58     ; A
4072   1596 70 58                              .DB $70, $58     ; B
4073   1598 40 58                              .DB $40, $58     ; C
4074   159A 80 58                              .DB $80, $58     ; D
4075   159C 30 58                              .DB $30, $58     ; E
4076   159E 90 58                              .DB $90, $58     ; F
4077   15A0             
4078   15A0             ;level 7 initial screen coordinates for the aliens.
4079   15A0             ;      0 0 1 1 2 2 3 3 4 4 5 5 6 6 7 7 8 8 9 9 A A B B C C
4080   15A0             ;      0 8 0 8 0 8 0 8 0 8 0 8 0 8 0 8 0 8 0 8 0 8 0 8 0 8
4081   15A0             ;      | | | | | | | | | | | | | | | | | | | | | | | | | |
4082   15A0             ; 20 - . . . . . . . . . . . . 0 . . . . . . . . . . . . .
4083   15A0             ; 28 - . . . . . . . . . . 1 . . . 2 . . . . . . . . . . .
4084   15A0             ; 30 - . . . . . . . . 3 . . . . . . . 4 . . . . . . . . .
4085   15A0             ; 38 - . . . . . . 5 . . . . . . . . . . . 6 . . . . . . .
4086   15A0             ; 40 - . . . . 7 . . . . . . . . . . . . . . . 8 . . . . .
4087   15A0             ; 48 - . . . . . . E . . . . . . . . . . . F . . . . . . .
4088   15A0             ; 50 - . . . . . . . . C . . . . . . . D . . . . . . . . .
4089   15A0             ; 58 - . . . . . . . . . . A . 9 . B . . . . . . . . . . .
4090   15A0             ;
4091   15A0             T15A0:
4092   15A0 60 20                              .DB $60, $20     ; 0
4093   15A2 50 28                              .DB $50, $28     ; 1
4094   15A4 70 28                              .DB $70, $28     ; 2
4095   15A6 40 30                              .DB $40, $30     ; 3
4096   15A8 80 30                              .DB $80, $30     ; 4
4097   15AA 30 38                              .DB $30, $38     ; 5
4098   15AC 90 38                              .DB $90, $38     ; 6
4099   15AE 20 40                              .DB $20, $40     ; 7
4100   15B0 A0 40                              .DB $A0, $40     ; 8
4101   15B2 60 58                              .DB $60, $58     ; 9
4102   15B4 50 58                              .DB $50, $58     ; A
4103   15B6 70 58                              .DB $70, $58     ; B
4104   15B8 40 50                              .DB $40, $50     ; C
4105   15BA 80 50                              .DB $80, $50     ; D
4106   15BC 30 48                              .DB $30, $48     ; E
4107   15BE 90 48                              .DB $90, $48     ; F
4108   15C0             
4109   15C0             ;level 6 initial screen coordinates for the aliens.
4110   15C0             ;      0 0 1 1 2 2 3 3 4 4 5 5 6 6 7 7 8 8 9 9 A A B B C C
4111   15C0             ;      0 8 0 8 0 8 0 8 0 8 0 8 0 8 0 8 0 8 0 8 0 8 0 8 0 8
4112   15C0             ;      | | | | | | | | | | | | | | | | | | | | | | | | | |
4113   15C0             ; 20 - . . E . . . . . . . . . . . . . . . . . . . F . . .
4114   15C0             ; 28 - . . . . C . . . . . . . . . . . . . . . D . . . . .
4115   15C0             ; 30 - . . . . . . A . . . . . . . . . . . B . . . . . . .
4116   15C0             ; 38 - . . . . . . . . 8 . . . . . . . 9 . . . . . . . . .
4117   15C0             ; 40 - . . . . . . . . . . 6 . . . 7 . . . . . . . . . . .
4118   15C0             ; 48 - . . . . . . . . 4 . . . 3 . . . 5 . . . . . . . . .
4119   15C0             ; 50 - . . . . . . . . . . 1 . . . 2 . . . . . . . . . . .
4120   15C0             ; 58 - . . . . . . . . . . . . 0 . . . . . . . . . . . . .
4121   15C0             ;
4122   15C0             T15C0:
4123   15C0 60 58                              .DB $60, $58     ; 0
4124   15C2 50 50                              .DB $50, $50     ; 1
4125   15C4 70 50                              .DB $70, $50     ; 2
4126   15C6 60 48                              .DB $60, $48     ; 3
4127   15C8 40 48                              .DB $40, $48     ; 4
4128   15CA 80 48                              .DB $80, $48     ; 5
4129   15CC 50 40                              .DB $50, $40     ; 6
4130   15CE 70 40                              .DB $70, $40     ; 7
4131   15D0 40 38                              .DB $40, $38     ; 8
4132   15D2 80 38                              .DB $80, $38     ; 9
4133   15D4 30 30                              .DB $30, $30     ; A
4134   15D6 90 30                              .DB $90, $30     ; B
4135   15D8 20 28                              .DB $20, $28     ; C
4136   15DA A0 28                              .DB $A0, $28     ; D
4137   15DC 10 20                              .DB $10, $20     ; E
4138   15DE B0 20                              .DB $B0, $20     ; F
4139   15E0             
4140   15E0             ;level 5 initial screen coordinates for the aliens.
4141   15E0             ;      0 0 1 1 2 2 3 3 4 4 5 5 6 6 7 7 8 8 9 9 A A B B C C
4142   15E0             ;      0 8 0 8 0 8 0 8 0 8 0 8 0 8 0 8 0 8 0 8 0 8 0 8 0 8
4143   15E0             ;      | | | | | | | | | | | | | | | | | | | | | | | | | |
4144   15E0             ; 20 - . . . . . . . . . . . . 0 . . . . . . . . . . . . .
4145   15E0             ; 28 - . . . . . . . . . . 1 . . . 2 . . . . . . . . . . .
4146   15E0             ; 30 - . . . . . . . . 3 . . . . . . . 4 . . . . . . . . .
4147   15E0             ; 38 - . . . . . . 5 . . . . . . . . . . . 6 . . . . . . .
4148   15E0             ; 40 - . . . . 7 . . . . . . . . . . . . . . . 8 . . . . .
4149   15E0             ; 48 - . . . . . . . . . . . . . . . . . . . . . . . . . .
4150   15E0             ; 50 - . . . . . . . . . . . . . . . . . . . . . . . . . .
4151   15E0             ; 58 - . . . . . . . . . . . . . . . . . . . . . . . . . .
4152   15E0             T15E0:
4153   15E0 60 20                              .DB $60, $20     ; 0
4154   15E2 50 28                              .DB $50, $28     ; 1
4155   15E4 70 28                              .DB $70, $28     ; 2
4156   15E6 40 30                              .DB $40, $30     ; 3
4157   15E8 80 30                              .DB $80, $30     ; 4
4158   15EA 30 38                              .DB $30, $38     ; 5
4159   15EC 90 38                              .DB $90, $38     ; 6
4160   15EE 20 40                              .DB $20, $40     ; 7
4161   15F0 A0 40                              .DB $A0, $40     ; 8
4162   15F2 60 20                              .DB $60, $20     ; 9 (two aliens at same position)
4163   15F4 50 28                              .DB $50, $28     ; A (two aliens at same position)
4164   15F6 70 28                              .DB $70, $28     ; B (two aliens at same position)
4165   15F8 40 30                              .DB $40, $30     ; C (two aliens at same position)
4166   15FA 80 30                              .DB $80, $30     ; D (two aliens at same position)
4167   15FC 30 38                              .DB $30, $38     ; E (two aliens at same position)
4168   15FE 90 38                              .DB $90, $38     ; F (two aliens at same position)
4169   1600             
4170   1600             ; Pointer table for character block shapes table (T14xx):
4171   1600             T1600:
4172   1600 10 14 18 1C                        .DB $10, $14, $18, $1C ; to player ship frame #5, #6, #7, #8
4173   1604 00 04 08 0C                        .DB $00, $04, $08, $0C ; to player ship frame #1, #2, #3, #4
4174   1608 20 22 24 26                        .DB $20, $22, $24, $26 ; to alien shape #1, #2, #3, #4
4175   160C 28 2A 2C 2E                        .DB $28, $2A, $2C, $2E ; to alien shape #6, #6, #28, #28
4176   1610 30 32 34 36                        .DB $30, $32, $34, $36 ; to alien shape #8, #8, #29, #29
4177   1614 38 3A 3C 3E                        .DB $38, $3A, $3C, $3E ; to alien shape #5, #5, #30, #30
4178   1618 40 42 44 46                        .DB $40, $42, $44, $46 ; to alien shape #7, #7, #31, #31
4179   161C 5C 5C 5E 5E                        .DB $5C, $5C, $5E, $5E ; to alien shape #6, #6, #21, #21
4180   1620             
4181   1620             ; 8 player bullets for the fine bit shifting
4182   1620             ; Foreground tiles (no pointer).
4183   1620             T1620:
4184   1620 50 51 52 53                        .DB $50, $51, $52, $53, $54, $55, $56, $57
4184   1624 54 55 56 57 
4185   1628             ;
4186   1628 FF FF FF FF                        .DB $FF, $FF, $FF, $FF, $FF, $FF, $FF, $FF
4186   162C FF FF FF FF 
4187   1630             
4188   1630             ; Pointer table for character block shapes table (T14xx):
4189   1630 48 48 50 50                        .DB $48, $48, $50, $50, $4A, $4A, $52, $52, $4C, $4C, $54, $54, $4E, $4E, $56, $56
4189   1634 4A 4A 52 52 
4189   1638 4C 4C 54 54 
4189   163C 4E 4E 56 56 
4190   1640 48 48 56 56                        .DB $48, $48, $56, $56, $4E, $4E, $54, $54, $4C, $4C, $52, $52, $4A, $4A, $50, $50
4190   1644 4E 4E 54 54 
4190   1648 4C 4C 52 52 
4190   164C 4A 4A 50 50 
4191   1650 68 68 6C 6C                        .DB $68, $68, $6C, $6C, $70, $70, $74, $74, $78, $78, $7C, $7C, $80, $80, $84, $84
4191   1654 70 70 74 74 
4191   1658 78 78 7C 7C 
4191   165C 80 80 84 84 
4192   1660 68 68 84 84                        .DB $68, $68, $84, $84, $80, $80, $7C, $7C, $78, $78, $74, $74, $70, $70, $6C, $6C
4192   1664 80 80 7C 7C 
4192   1668 78 78 74 74 
4192   166C 70 70 6C 6C 
4193   1670 58 58 5A 5A                        .DB $58, $58, $5A, $5A, $5C, $5C, $5E, $5E, $60, $60, $62, $62, $64, $64, $66, $66
4193   1674 5C 5C 5E 5E 
4193   1678 60 60 62 62 
4193   167C 64 64 66 66 
4194   1680 78                                 .DB $78
4195   1681 FF                                 .DB $FF
4196   1682 A0                                 .DB $A0
4197   1683 FF FF                              .DB $FF, $FF
4198   1685 A8                                 .DB $A8
4199   1686 FF                                 .DB $FF
4200   1687 AC C0                              .DB $AC, $C0
4201   1689 FF                                 .DB $FF
4202   168A C8                                 .DB $C8
4203   168B FF FF                              .DB $FF, $FF
4204   168D C4                                 .DB $C4
4205   168E FF                                 .DB $FF
4206   168F CC D0                              .DB $CC, $D0
4207   1691 FF                                 .DB $FF
4208   1692 D8                                 .DB $D8
4209   1693 FF FF                              .DB $FF, $FF
4210   1695 D4                                 .DB $D4
4211   1696 FF                                 .DB $FF
4212   1697 DC                                 .DB $DC
4213   1698 FF FF FF FF                        .DB $FF, $FF, $FF, $FF, $FF, $FF, $FF, $FF, $FF, $FF, $FF
4213   169C FF FF FF FF 
4213   16A0 FF FF FF 
4214   16A3             ;?
4215   16A3 01 02 08                           .DB $01, $02, $08
4216   16A6 01 02 08                           .DB $01, $02, $08
4217   16A9 01 02 0C                           .DB $01, $02, $0C
4218   16AC 01 02 10                           .DB $01, $02, $10
4219   16AF 03 04 14                           .DB $03, $04, $14
4220   16B2 03 04 18                           .DB $03, $04, $18
4221   16B5 04 01 88                           .DB $04, $01, $88
4222   16B8 04 01 90                           .DB $04, $01, $90
4223   16BB 04 01 80                           .DB $04, $01, $80
4224   16BE 04 01 80                           .DB $04, $01, $80
4225   16C1 03 04 70                           .DB $03, $04, $70
4226   16C4 03 04 74                           .DB $03, $04, $74
4227   16C7 03 04 78                           .DB $03, $04, $78
4228   16CA 03 04 7C                           .DB $03, $04, $7C
4229   16CD FF FF FF                           .DB $FF, $FF, $FF
4230   16D0             ;?
4231   16D0 01 02 30                           .DB $01, $02, $30
4232   16D3 01 02 34                           .DB $01, $02, $34
4233   16D6 01 02 38                           .DB $01, $02, $38
4234   16D9 01 02 3C                           .DB $01, $02, $3C
4235   16DC 01 02 40                           .DB $01, $02, $40
4236   16DF 01 02 44                           .DB $01, $02, $44
4237   16E2 01 02 48                           .DB $01, $02, $48
4238   16E5 01 02 4C                           .DB $01, $02, $4C
4239   16E8 04 04 50                           .DB $04, $04, $50
4240   16EB 04 04 54                           .DB $04, $04, $54
4241   16EE 04 04 58                           .DB $04, $04, $58
4242   16F1 04 04 5C                           .DB $04, $04, $5C
4243   16F4 04 04 60                           .DB $04, $04, $60
4244   16F7 04 04 64                           .DB $04, $04, $64
4245   16FA 04 04 68                           .DB $04, $04, $68
4246   16FD 04 04 6C                           .DB $04, $04, $6C
4247   1700             
4248   1700             ; Alien movement direction table.
4249   1700             ; Positive or negative offset for X and Y.
4250   1700             T1700:
4251   1700 FF FF 01 00                        .DB $FF, $FF, $01, $00, $FF, $00, $04, $00, $FC, $00, $00, $FC, $00, $04, $04, $FE ;
4251   1704 FF 00 04 00 
4251   1708 FC 00 00 FC 
4251   170C 00 04 04 FE 
4252   1710 FC FE 04 02                        .DB $FC, $FE, $04, $02, $FC, $02, $00, $04, $00, $04, $00, $04, $00, $04, $FF, $FF ;
4252   1714 FC 02 00 04 
4252   1718 00 04 00 04 
4252   171C 00 04 FF FF 
4253   1720 FC 00 FC 00                        .DB $FC, $00, $FC, $00, $FC, $00, $FC, $00, $04, $00, $04, $00, $04, $00, $04, $00 ;
4253   1724 FC 00 FC 00 
4253   1728 04 00 04 00 
4253   172C 04 00 04 00 
4254   1730 04 FC 04 04                        .DB $04, $FC, $04, $04, $FC, $04, $FC, $FC, $FC, $FC, $FC, $04, $04, $04, $04, $FC ;
4254   1734 FC 04 FC FC 
4254   1738 FC FC FC 04 
4254   173C 04 04 04 FC 
4255   1740             
4256   1740             ; Per-tile hit-window + X-offset table for in-formation aliens:
4257   1740             ; Lookup table used in the player-bullet vs. alien collision routine `L0E10`,
4258   1740             ; specifically for aliens that are still sitting in the base formation.
4259   1740             ; Indexed by the alien tile's character type.
4260   1740             ; How the index is formed:
4261   1740             ; In `L0E10`, the code reads the character drawn under the bullet.
4262   1740             ; After rejecting explosion parts (`≥$C0`), empty cells (`<$60`), and out-of-formation aliens (`≥$68` -> handled by `L0E39`),
4263   1740             ; it's left with in-formation foreground tiles `$60`–`$67`.
4264   1740             ; Meaning of the 4 bytes:
4265   1740             ; Byte 0 — upper bound of the horizontal hit window (`$0E31`): `bulletX & 7` must be < byte 0, else `RET NC` (miss).
4266   1740             ; Byte 1 — lower bound of the hit window (`$0E34`): `bulletX & 7` must be >= byte 1, else `RET C` (miss).
4267   1740             ;          So bytes 0/1 define the `[byte1, byte0)` pixel-column range inside that 8-pixel tile where the alien graphic is actually solid.
4268   1740             ;          (E.g. type 0 = full width `[0,8)`; type 1 = only column 0; type 2 = columns `[1,8)`.)
4269   1740             ; Byte 2 — signed X correction (`$0E70`/`L0E70`): added to the bullet's cell-aligned X to reconstruct the screen X of the hit target,
4270   1740             ;          which is then used to locate the matching alien object in the alien control table at `M4B70`.
4271   1740             ;          Because a formation alien is drawn from several tiles, byte 2 shifts the coordinate from the tile that was hit
4272   1740             ;          back to the alien's anchor X, so the correct alien object is found and killed.
4273   1740             ; Byte 3 — `$FF`, unused padding.
4274   1740             T1740:
4275   1740 08 00 00 FF                        .DB $08, $00, $00, $FF, $01, $00, $F8, $FF, $08, $01, $02, $FF, $04, $00, $FA, $FF ;
4275   1744 01 00 F8 FF 
4275   1748 08 01 02 FF 
4275   174C 04 00 FA FF 
4276   1750 08 01 04 FF                        .DB $08, $01, $04, $FF, $08, $00, $FC, $FF, $08, $05, $06, $FF, $08, $00, $FE, $FF ;
4276   1754 08 00 FC FF 
4276   1758 08 05 06 FF 
4276   175C 08 00 FE FF 
4277   1760             
4278   1760             ; Parity table and initial number of aliens/birds for levels:
4279   1760             ; odd, odd, even (P), even (P), odd, odd, odd, odd
4280   1760             ; used with $43B8 LevelAndRound.
4281   1760             T1760:
4282   1760 10 10 88 88                        .DB $10, $10, $88, $88, $10, $10, $10, $10 ;
4282   1764 10 10 10 10 
4283   1768             ;
4284   1768 FF FF FF FF                        .DB $FF, $FF, $FF, $FF, $FF, $FF, $FF, $FF ;
4284   176C FF FF FF FF 
4285   1770             
4286   1770             T1770:
4287   1770 EC FC FD F4                        .DB $EC, $FC, $FD, $F4, $ED, $30, $40, $F5, $EE, $31, $41, $F6, $EF, $FF, $FE, $F7 ; Object 1770 Regular ship, large shields
4287   1774 ED 30 40 F5 
4287   1778 EE 31 41 F6 
4287   177C EF FF FE F7 
4288   1780 E8 F8 F9 F0                        .DB $E8, $F8, $F9, $F0, $E9, $30, $40, $F1, $EA, $31, $41, $F2, $EB, $FB, $FA, $F3 ; Object 1780 Regular ship, small shields
4288   1784 E9 30 40 F1 
4288   1788 EA 31 41 F2 
4288   178C EB FB FA F3 
4289   1790 E8 F8 F9 F0                        .DB $E8, $F8, $F9, $F0, $E9, $E4, $E6, $F1, $EA, $E5, $E7, $F2, $EB, $FB, $FA, $F3 ; Object 1790 Green ship, large shields
4289   1794 E9 E4 E6 F1 
4289   1798 EA E5 E7 F2 
4289   179C EB FB FA F3 
4290   17A0 00 00 00 00                        .DB $00, $00, $00, $00, $00, $E4, $E6, $00, $00, $E5, $E7, $00, $00, $00, $00, $00 ; Object 17A0 Green ship, no shields
4290   17A4 00 E4 E6 00 
4290   17A8 00 E5 E7 00 
4290   17AC 00 00 00 00 
4291   17B0             
4292   17B0             ;
4293   17B0 F0 CA C4 BE                        .DB $F0, $CA, $C4, $BE, $B8, $BE, $B8, $BE ; LSB's of the Alien explosion frame sequence (#5,#4,#3,#2,#1,#2,#1,#2) why wrong order?
4293   17B4 B8 BE B8 BE 
4294   17B8             ;
4295   17B8 C8 D8 C9 D9                        .DB $C8, $D8, $C9, $D9, $CA, $DA ; Object 17B8 3x2 Alien explosion frame #1
4295   17BC CA DA 
4296   17BE CB DB CC DC                        .DB $CB, $DB, $CC, $DC, $CD, $DD ; Object 17BE 3x2 Alien explosion frame #2
4296   17C2 CD DD 
4297   17C4 C0 C1 C1 C2                        .DB $C0, $C1, $C1, $C2, $00, $C0 ; Object 17C4 3x2 Alien explosion frame #3
4297   17C8 00 C0 
4298   17CA 00 00 00 C3                        .DB $00, $00, $00, $C3, $00, $00 ; Object 17CA 3x2 Alien explosion frame #4
4298   17CE 00 00 
4299   17D0             ;
4300   17D0             T17D0:
4301   17D0 C4 D4 C5 D5                        .DB $C4, $D4, $C5, $D5, $C3, $C3 ; Object 17D0 3x2 Bonus explosion left part
4301   17D4 C3 C3 
4302   17D6             T17D6:
4303   17D6 C3 C3 C6 D6                        .DB $C3, $C3, $C6, $D6, $C7, $D7 ; Object 17D6 3x2 Bonus explosion right part
4303   17DA C7 D7 
4304   17DC             
4305   17E0                                    .ORG $17E0
4306   17E0             ;
4307   17E0             CoinChecking:
4308   17E0 3A 00 78                           LD      A,(DSW0)            ; 78xx DSW0
4309   17E3 E6 10                              AND     $10                 ; Coinage
4310   17E5 3A 8F 43                           LD      A,(CoinCount)       ; 
4311   17E8 C8                                 RET     Z                   
4312   17E9 0F                                 RRCA                        
4313   17EA E6 0F                              AND     $0F                 
4314   17EC C9                                 RET                         
4315   17ED             
4316   17F0                                    .ORG $17F0
4317   17F0             ; Used for blank out characters
4318   17F0             ; and Alien explosion frame #5
4319   17F0             FourByFourEmpty:
4320   17F0 00 00 00 00                        .DB $00, $00, $00, $00, $00, $00, $00, $00, $00, $00, $00, $00, $00, $00, $00, $00
4320   17F4 00 00 00 00 
4320   17F8 00 00 00 00 
4320   17FC 00 00 00 00 
4321   1800             
4322   1800             ;*****************************************************************************
4323   1800             ; ic48
4324   1800             ;*****************************************************************************
4325   1800             ; Screen ram adresses and static texts using setA
4326   1800             T1800:
4327   1800 43 20                              .DB $43, $20
4328   1802 FF FF FF FF                        .DB $FF, $FF, $FF, $FF
4329   1806             ; " SCORE1  HI-SCORE  SCORE2 "
4330   1806 00 13 03 0F                        .DB $00, $13, $03, $0F, $12, $05, $21, $00, $00, $08, $09, $2B, $13, $03, $0F, $12, $05, $00, $00, $13, $03, $0F, $12, $05, $22, $00
4330   180A 12 05 21 00 
4330   180E 00 08 09 2B 
4330   1812 13 03 0F 12 
4330   1816 05 00 00 13 
4330   181A 03 0F 12 05 
4330   181E 22 00 
4331   1820             
4332   1820 43 21                              .DB $43, $21
4333   1822 FF FF FF FF                        .DB $FF, $FF, $FF, $FF
4334   1826             ; " 000000   000000   000000 "
4335   1826 00 20 20 20                        .DB $00, $20, $20, $20, $20, $20, $20, $00, $00, $00, $20, $20, $20, $20, $20, $20, $00, $00, $00, $20, $20, $20, $20, $20, $20, $00
4335   182A 20 20 20 00 
4335   182E 00 00 20 20 
4335   1832 20 20 20 20 
4335   1836 00 00 00 20 
4335   183A 20 20 20 20 
4335   183E 20 00 
4336   1840             
4337   1840 43 22                              .DB $43, $22
4338   1842 FF FF FF FF                        .DB $FF, $FF, $FF, $FF
4339   1846             ; "   %0     COIN00     %0   "
4340   1846 00 00 00 7F                        .DB $00, $00, $00, $7F, $20, $00, $00, $00, $00, $00, $03, $0F, $09, $0E, $20, $20, $00, $00, $00, $00, $00, $7F, $20, $00, $00, $00
4340   184A 20 00 00 00 
4340   184E 00 00 03 0F 
4340   1852 09 0E 20 20 
4340   1856 00 00 00 00 
4340   185A 00 7F 20 00 
4340   185E 00 00 
4341   1860             
4342   1860             T1860:
4343   1860 43 25                              .DB $43, $25
4344   1862 FF FF FF FF                        .DB $FF, $FF, $FF, $FF
4345   1866             ; "       INSERT  COIN       "
4346   1866 00 00 00 00                        .DB $00, $00, $00, $00, $00, $00, $00, $09, $0E, $13, $05, $12, $14, $00, $00, $03, $0F, $09, $0E, $00, $00, $00, $00, $00, $00, $00
4346   186A 00 00 00 09 
4346   186E 0E 13 05 12 
4346   1872 14 00 00 03 
4346   1876 0F 09 0E 00 
4346   187A 00 00 00 00 
4346   187E 00 00 
4347   1880             
4348   1880 43 27                              .DB $43, $27
4349   1882 FF FF FF FF                        .DB $FF, $FF, $FF, $FF
4350   1886             ; "   * 1PLAYER   1COIN  *   "
4351   1886 00 00 00 1F                        .DB $00, $00, $00, $1F, $00, $21, $10, $0C, $01, $19, $05, $12, $00, $00, $00, $21, $03, $0F, $09, $0E, $00, $00, $1F, $00, $00, $00
4351   188A 00 21 10 0C 
4351   188E 01 19 05 12 
4351   1892 00 00 00 21 
4351   1896 03 0F 09 0E 
4351   189A 00 00 1F 00 
4351   189E 00 00 
4352   18A0             
4353   18A0 43 29                              .DB $43, $29
4354   18A2 FF FF FF FF                        .DB $FF, $FF, $FF, $FF
4355   18A6             ; "   * 2PLAYERS  2COINS *   "
4356   18A6 00 00 00 1F                        .DB $00, $00, $00, $1F, $00, $22, $10, $0C, $01, $19, $05, $12, $13, $00, $00, $22, $03, $0F, $09, $0E, $13, $00, $1F, $00, $00, $00
4356   18AA 00 22 10 0C 
4356   18AE 01 19 05 12 
4356   18B2 13 00 00 22 
4356   18B6 03 0F 09 0E 
4356   18BA 13 00 1F 00 
4356   18BE 00 00 
4357   18C0             
4358   18C0 43 2E                              .DB $43, $2E
4359   18C2 FF FF FF FF                        .DB $FF, $FF, $FF, $FF
4360   18C6             ; "   SCORE AVERAGE TABLE    "
4361   18C6 00 00 00 13                        .DB $00, $00, $00, $13, $03, $0F, $12, $05, $00, $01, $16, $05, $12, $01, $07, $05, $00, $14, $01, $02, $0C, $05, $00, $00, $00, $00
4361   18CA 03 0F 12 05 
4361   18CE 00 01 16 05 
4361   18D2 12 01 07 05 
4361   18D6 00 14 01 02 
4361   18DA 0C 05 00 00 
4361   18DE 00 00 
4362   18E0             
4363   18E0 43 30                              .DB $43, $30
4364   18E2 FF FF FF FF                        .DB $FF, $FF, $FF, $FF
4365   18E6             ; "        20 40 80          "
4366   18E6 00 00 00 00                        .DB $00, $00, $00, $00, $00, $00, $00, $00, $22, $20, $00, $24, $20, $00, $28, $20, $00, $00, $00, $00, $00, $00, $00, $00, $00, $00
4366   18EA 00 00 00 00 
4366   18EE 22 20 00 24 
4366   18F2 20 00 28 20 
4366   18F6 00 00 00 00 
4366   18FA 00 00 00 00 
4366   18FE 00 00 
4367   1900             
4368   1900 43 33                              .DB $43, $33
4369   1902 FF FF FF FF                        .DB $FF, $FF, $FF, $FF
4370   1906             ; "        200               "
4371   1906 00 00 00 00                        .DB $00, $00, $00, $00, $00, $00, $00, $00, $22, $20, $20, $00, $00, $00, $00, $00, $00, $00, $00, $00, $00, $00, $00, $00, $00, $00
4371   190A 00 00 00 00 
4371   190E 22 20 20 00 
4371   1912 00 00 00 00 
4371   1916 00 00 00 00 
4371   191A 00 00 00 00 
4371   191E 00 00 
4372   1920             
4373   1920 43 36                              .DB $43, $36
4374   1922 FF FF FF FF                        .DB $FF, $FF, $FF, $FF
4375   1926             ; "        50 100 ?[100-800] "
4376   1926 00 00 00 00                        .DB $00, $00, $00, $00, $00, $00, $00, $00, $25, $20, $00, $21, $20, $20, $00, $2F, $1B, $21, $20, $20, $2B, $28, $20, $20, $1C, $00
4376   192A 00 00 00 00 
4376   192E 25 20 00 21 
4376   1932 20 20 00 2F 
4376   1936 1B 21 20 20 
4376   193A 2B 28 20 20 
4376   193E 1C 00 
4377   1940             
4378   1940 43 39                              .DB $43, $39
4379   1942 FF FF FF FF                        .DB $FF, $FF, $FF, $FF
4380   1946             ; "        1000-9000         "
4381   1946 00 00 00 00                        .DB $00, $00, $00, $00, $00, $00, $00, $00, $21, $20, $20, $20, $2B, $29, $20, $20, $20, $00, $00, $00, $00, $00, $00, $00, $00, $00
4381   194A 00 00 00 00 
4381   194E 21 20 20 20 
4381   1952 2B 29 20 20 
4381   1956 20 00 00 00 
4381   195A 00 00 00 00 
4381   195E 00 00 
4382   1960             
4383   1960             T1960:
4384   1960 43 3C                              .DB $43, $3C
4385   1962 00 00 32 21                        .DB $00, $00, $32, $21
4386   1966             ; "PHOENIX% COPYRIGHT 1980   "
4387   1966 10 08 0F 05                        .DB $10, $08, $0F, $05, $0E, $09, $18, $7E, $00, $03, $0F, $10, $19, $12, $09, $07, $08, $14, $00, $21, $29, $28, $20, $00, $00, $00
4387   196A 0E 09 18 7E 
4387   196E 00 03 0F 10 
4387   1972 19 12 09 07 
4387   1976 08 14 00 21 
4387   197A 29 28 20 00 
4387   197E 00 00 
4388   1980             
4389   1980 43 3D                              .DB $43, $3D
4390   1982 02 05 21 28                        .DB $02, $05, $21, $28
4391   1986             ; " AMSTAR ELECTRONICS CORP. "
4392   1986 00 01 0D 13                        .DB $00, $01, $0D, $13, $14, $01
4392   198A 14 01 
4393   198C             L198C:
4394   198C 12 00 05 0C                        .DB $12, $00, $05, $0C, $05, $03, $14, $12, $0F, $0E, $09, $03, $13, $00, $03, $0F, $12, $10, $2A, $00
4394   1990 05 03 14 12 
4394   1994 0F 0E 09 03 
4394   1998 13 00 03 0F 
4394   199C 12 10 2A 00 
4395   19A0             
4396   19A0 43 3E                              .DB $43, $3E
4397   19A2 FF FF FF FF                        .DB $FF, $FF, $FF, $FF
4398   19A6             ; "  PHOENIX AZ. U.S.A.      "
4399   19A6 00 00 10 08                        .DB $00, $00, $10, $08, $0F, $05, $0E, $09, $18, $00, $01, $1A, $2A, $00, $15, $2A, $13, $2A, $01, $2A, $00, $00, $00, $00, $00, $00
4399   19AA 0F 05 0E 09 
4399   19AE 18 00 01 1A 
4399   19B2 2A 00 15 2A 
4399   19B6 13 2A 01 2A 
4399   19BA 00 00 00 00 
4399   19BE 00 00 
4400   19C0             
4401   19C0             T19C0:
4402   19C0 43 28                              .DB $43, $28
4403   19C2 FF FF FF FF                        .DB $FF, $FF, $FF, $FF
4404   19C6             ; "           PUSH           "
4405   19C6 00 00 00 00                        .DB $00, $00, $00, $00, $00, $00, $00, $00, $00, $00, $00, $10, $15, $13, $08, $00, $00, $00, $00, $00, $00, $00, $00, $00, $00, $00
4405   19CA 00 00 00 00 
4405   19CE 00 00 00 10 
4405   19D2 15 13 08 00 
4405   19D6 00 00 00 00 
4405   19DA 00 00 00 00 
4405   19DE 00 00 
4406   19E0             
4407   19E0 43 2C                              .DB $43, $2C
4408   19E2 FF FF FF FF                        .DB $FF, $FF, $FF, $FF
4409   19E6             ; "    ONLY 1PLAYER BUTTON   "
4410   19E6 00 00 00 00                        .DB $00, $00, $00, $00, $0F, $0E, $0C, $19, $00, $21, $10, $0C, $01, $19, $05, $12, $00, $02, $15, $14, $14, $0F, $0E, $00, $00, $00
4410   19EA 0F 0E 0C 19 
4410   19EE 00 21 10 0C 
4410   19F2 01 19 05 12 
4410   19F6 00 02 15 14 
4410   19FA 14 0F 0E 00 
4410   19FE 00 00 
4411   1A00             
4412   1A00             T1A00:
4413   1A00 43 28                              .DB $43, $28
4414   1A02 FF FF FF FF                        .DB $FF, $FF, $FF, $FF
4415   1A06             ; "        GAME  OVER        "
4416   1A06 00 00 00 00                        .DB $00, $00, $00, $00, $00, $00, $00, $00, $07, $01, $0D, $05, $00, $00, $0F, $16, $05, $12, $00, $00, $00, $00, $00, $00, $00, $00
4416   1A0A 00 00 00 00 
4416   1A0E 07 01 0D 05 
4416   1A12 00 00 0F 16 
4416   1A16 05 12 00 00 
4416   1A1A 00 00 00 00 
4416   1A1E 00 00 
4417   1A20             
4418   1A20 43 28                              .DB $43, $28
4419   1A22 00 FF FF FF                        .DB $00, $FF, $FF, $FF
4420   1A26             ; "%%%%%%%%                %%"
4421   1A26 64 65 64 65                        .DB $64, $65, $64, $65, $64, $65, $60, $61, $00, $00, $00, $00, $00, $00, $00, $00, $00, $00, $00, $00, $00, $00, $00, $00, $78, $79
4421   1A2A 64 65 60 61 
4421   1A2E 00 00 00 00 
4421   1A32 00 00 00 00 
4421   1A36 00 00 00 00 
4421   1A3A 00 00 00 00 
4421   1A3E 78 79 
4422   1A40             
4423   1A40 43 29                              .DB $43, $29
4424   1A42 FF FF FF FF                        .DB $FF, $FF, $FF, $FF
4425   1A46             ; "%%    %%                %%"
4426   1A46 64 65 00 00                        .DB $64, $65, $00, $00, $00, $00, $64, $65, $00, $00, $00, $00, $00, $00, $00, $00, $00, $00, $00, $00, $00, $00, $00, $00, $7C, $7D
4426   1A4A 00 00 64 65 
4426   1A4E 00 00 00 00 
4426   1A52 00 00 00 00 
4426   1A56 00 00 00 00 
4426   1A5A 00 00 00 00 
4426   1A5E 7C 7D 
4427   1A60             
4428   1A60 43 2A                              .DB $43, $2A
4429   1A62 FF FF FF FF                        .DB $FF, $FF, $FF, $FF
4430   1A66             ; "%%%%%%%%                  "
4431   1A66 64 65 64 65                        .DB $64, $65, $64, $65, $64, $65, $60, $61, $00, $00, $00, $00, $00, $00, $00, $00, $00, $00, $00, $00, $00, $00, $00, $00, $00, $00
4431   1A6A 64 65 60 61 
4431   1A6E 00 00 00 00 
4431   1A72 00 00 00 00 
4431   1A76 00 00 00 00 
4431   1A7A 00 00 00 00 
4431   1A7E 00 00 
4432   1A80             
4433   1A80 43 2B                              .DB $43, $2B
4434   1A82 FF FF FF FF                        .DB $FF, $FF, $FF, $FF
4435   1A86             ; "%%                        "
4436   1A86 64 65 00 00                        .DB $64, $65, $00, $00, $00, $00, $00, $00, $00, $00, $00, $00, $00, $00, $00, $00, $00, $00, $00, $00, $00, $00, $00, $00, $00, $00
4436   1A8A 00 00 00 00 
4436   1A8E 00 00 00 00 
4436   1A92 00 00 00 00 
4436   1A96 00 00 00 00 
4436   1A9A 00 00 00 00 
4436   1A9E 00 00 
4437   1AA0             
4438   1AA0 43 2C                              .DB $43, $2C
4439   1AA2 FF FF FF FF                        .DB $FF, $FF, $FF, $FF
4440   1AA6             ; "%% % % %%% %%% %% % % %  %"
4441   1AA6 64 65 00 68                        .DB $64, $65, $00, $68, $00, $68, $00, $68, $68, $68, $00, $68, $64, $65, $00, $62, $63, $00, $68, $00, $68, $00, $68, $00, $00, $68
4441   1AAA 00 68 00 68 
4441   1AAE 68 68 00 68 
4441   1AB2 64 65 00 62 
4441   1AB6 63 00 68 00 
4441   1ABA 68 00 68 00 
4441   1ABE 00 68 
4442   1AC0             
4443   1AC0 43 2D                              .DB $43, $2D
4444   1AC2 FF FF FF FF                        .DB $FF, $FF, $FF, $FF
4445   1AC6             ; "%% % % % % %   %% % % %%%%"
4446   1AC6 64 65 00 68                        .DB $64, $65, $00, $68, $00, $68, $00, $68, $00, $68, $00, $68, $00, $00, $00, $68, $9D, $00, $68, $00, $68, $00, $76, $77, $70, $71
4446   1ACA 00 68 00 68 
4446   1ACE 00 68 00 68 
4446   1AD2 00 00 00 68 
4446   1AD6 9D 00 68 00 
4446   1ADA 68 00 76 77 
4446   1ADE 70 71 
4447   1AE0             
4448   1AE0 43 2E                              .DB $43, $2E
4449   1AE2 FF FF FF FF                        .DB $FF, $FF, $FF, $FF
4450   1AE6             ; "%% %%% % % %%% %%%% %  %% "
4451   1AE6 64 65 00 68                        .DB $64, $65, $00, $68, $68, $68, $00, $68, $00, $68, $00, $68, $62, $63, $00, $68, $76, $77, $68, $00, $68, $00, $00, $64, $65, $00
4451   1AEA 68 68 00 68 
4451   1AEE 00 68 00 68 
4451   1AF2 62 63 00 68 
4451   1AF6 76 77 68 00 
4451   1AFA 68 00 00 64 
4451   1AFE 65 00 
4452   1B00             
4453   1B00 43 2F                              .DB $43, $2F
4454   1B02 00 00 00 00                        .DB $00, $00, $00, $00
4455   1B06             ; "%% % % % % %   % %% % %%%%"
4456   1B06 64 65 00 68                        .DB $64, $65, $00, $68, $00, $68, $00, $68, $00, $68, $00, $68, $00, $00, $00, $68, $00, $9D, $68, $00, $68, $00, $74, $75, $72, $73
4456   1B0A 00 68 00 68 
4456   1B0E 00 68 00 68 
4456   1B12 00 00 00 68 
4456   1B16 00 9D 68 00 
4456   1B1A 68 00 74 75 
4456   1B1E 72 73 
4457   1B20             
4458   1B20 43 30                              .DB $43, $30
4459   1B22 FF FF FF FF                        .DB $FF, $FF, $FF, $FF
4460   1B26             ; "%% % % %%% %%% % %% % %  %"
4461   1B26 64 65 00 68                        .DB $64, $65, $00, $68, $00, $68, $00, $68, $68, $68, $00, $68, $64, $65, $00, $68, $00, $66, $67, $00, $68, $00, $68, $00, $00, $68
4461   1B2A 00 68 00 68 
4461   1B2E 68 68 00 68 
4461   1B32 64 65 00 68 
4461   1B36 00 66 67 00 
4461   1B3A 68 00 68 00 
4461   1B3E 00 68 
4462   1B40             
4463   1B40             ; Character block shapes table using setB.
4464   1B40             ; Parts of the mothership's purple conveyor belt.
4465   1B40             ; So an ordinary belt hit:
4466   1B40             ; 1. Consumes the bullet (`AND $F7`).
4467   1B40             ; 2. Sets the "mother-ship hit" flag `$4366` -> plays the hit sound; no score is awarded.
4468   1B40             ; 3. Swaps the hit tile for a "damaged" belt tile from `T1B40/T1B48/T1B50`,
4469   1B40             ;    chosen by the bullet's X position (left/right half) and the tile's low nibble
4470   1B40             ;     — so the belt visibly chips/breaks apart where you shoot it.
4471   1B40             T1B40:
4472   1B40 6C                                 .DB $6C
4473   1B41 6D                                 .DB $6D
4474   1B42 6E                                 .DB $6E
4475   1B43 6F                                 .DB $6F
4476   1B44             
4477   1B48                                    .ORG $1B48
4478   1B48             ; Replacement tiles
4479   1B48             T1B48:
4480   1B48 6C 6D 6E 6F                        .DB $6C, $6D, $6E, $6F, $64, $65, $66, $67, $63, $FF
4480   1B4C 64 65 66 67 
4480   1B50 63 FF 
4481   1B52 63 61 67 FF                        .DB $63, $61, $67, $FF
4482   1B56 67 65 6B FF                        .DB $67, $65, $6B, $FF
4483   1B5A 6B 69 6F FF                        .DB $6B, $69, $6F, $FF
4484   1B5E 6F 6D                              .DB $6F, $6D
4485   1B60             
4486   1B60             ;characters used for explosions using setB
4487   1B60             T1B60:
4488   1B60 80 83 83 85                        .DB $80, $83, $83, $85, $81, $8C, $8C, $86, $81, $8C, $8C, $86, $82, $84, $84, $87
4488   1B64 81 8C 8C 86 
4488   1B68 81 8C 8C 86 
4488   1B6C 82 84 84 87 
4489   1B70 00 89 89 00                        .DB $00, $89, $89, $00, $88, $8D, $8D, $8B, $88, $8D, $8D, $8B, $00, $8A, $8A, $00
4489   1B74 88 8D 8D 8B 
4489   1B78 88 8D 8D 8B 
4489   1B7C 00 8A 8A 00 
4490   1B80 00 00 00 00                        .DB $00, $00, $00, $00, $00, $80, $85, $00, $00, $82, $87, $00, $00, $00, $00, $00
4490   1B84 00 80 85 00 
4490   1B88 00 82 87 00 
4490   1B8C 00 00 00 00 
4491   1B90             
4492   1B90             ;adress table for instumentation of explosion
4493   1B90             T1B90:
4494   1B90 1B 80                              .DB $1B, $80
4495   1B92 1B 70                              .DB $1B, $70
4496   1B94 1B 60                              .DB $1B, $60
4497   1B96 1B 70                              .DB $1B, $70
4498   1B98 17 F0                              .DB $17, $F0                         ;for deletion
4499   1B9A 17 F0                              .DB $17, $F0                         ;
4500   1B9C 17 F0                              .DB $17, $F0                         ;
4501   1B9E 17 F0                              .DB $17, $F0                         ;
4502   1BA0             
4503   1BA0             ;characters using setA: '1 OR 2 PLAYERS BUTTON'
4504   1BA0             T1BA0:
4505   1BA0 43 2C                              .DB $43, $2C                         ; screen ram position
4506   1BA2 00 00 00 00                        .DB $00, $00, $00, $00, $00, $00, $00, $21, $00, $0F, $12, $00, $22, $10
4506   1BA6 00 00 00 21 
4506   1BAA 00 0F 12 00 
4506   1BAE 22 10 
4507   1BB0 0C 01 19 05                        .DB $0C, $01, $19, $05, $12, $13, $00, $02, $15, $14, $14, $0F, $0E, $00, $00, $00
4507   1BB4 12 13 00 02 
4507   1BB8 15 14 14 0F 
4507   1BBC 0E 00 00 00 
4508   1BC0             
4509   1BC0             ;characters using setB for animation of the mothership's
4510   1BC0             ;.....antenna animation and the
4511   1BC0             ;...........alien pilot animation
4512   1BC0             T1BC0:
4513   1BC0 41 54 76 7E                        .DB $41, $54, $76, $7E   ; frame 0
4514   1BC4 42 55 77 7F                        .DB $42, $55, $77, $7F   ;
4515   1BC8 41 56 74 7C                        .DB $41, $56, $74, $7C   ; frame 1
4516   1BCC 42 57 75 7D                        .DB $42, $57, $75, $7D   ;
4517   1BD0 44 51 72 7A                        .DB $44, $51, $72, $7A   ; frame 2
4518   1BD4 45 52 73 7B                        .DB $45, $52, $73, $7B   ;
4519   1BD8 46 51 70 78                        .DB $46, $51, $70, $78   ; frame 3
4520   1BDC 47 52 71 79                        .DB $47, $52, $71, $79   ;
4521   1BE0 41 51 70 78                        .DB $41, $51, $70, $78   ; frame 4
4522   1BE4 42 52 71 79                        .DB $42, $52, $71, $79   ;
4523   1BE8 41 51 72 7A                        .DB $41, $51, $72, $7A   ; frame 5
4524   1BEC 42 52 73 7B                        .DB $42, $52, $73, $7B   ;
4525   1BF0 41 51 74 7C                        .DB $41, $51, $74, $7C   ; frame 6
4526   1BF4 42 52 75 7D                        .DB $42, $52, $75, $7D   ;
4527   1BF8 41 51 76 7E                        .DB $41, $51, $76, $7E   ; frame 7
4528   1BFC 42 52 77 7F                        .DB $42, $52, $77, $7F   ;
4529   1C00             
4530   1C00             ;part of the starfield (without planets) using setB
4531   1C00             ; This is a 20x9 tile image used to erase the mothership
4532   1C00             T1C00:
4533   1C00 00 01 00 06                        .DB $00, $01, $00, $06, $00, $02, $03, $04, $00, $01, $00, $08, $00, $02, $03, $04, $00, $00, $07, $00
4533   1C04 00 02 03 04 
4533   1C08 00 01 00 08 
4533   1C0C 00 02 03 04 
4533   1C10 00 00 07 00 
4534   1C14 01 02 00 09                        .DB $01, $02, $00, $09, $00, $03, $04, $00, $00, $03, $04, $00, $00, $01, $00, $02, $00, $03, $0A, $00
4534   1C18 00 03 04 00 
4534   1C1C 00 03 04 00 
4534   1C20 00 01 00 02 
4534   1C24 00 03 0A 00 
4535   1C28 04 00 00 01                        .DB $04, $00, $00, $01, $02, $00, $06, $00, $03, $04, $00, $00, $01, $00, $02, $00, $03, $00, $04, $00
4535   1C2C 02 00 06 00 
4535   1C30 03 04 00 00 
4535   1C34 01 00 02 00 
4535   1C38 03 00 04 00 
4536   1C3C 03 05 00 00                        .DB $03, $05, $00, $00, $00, $00, $07, $00, $01, $00, $02, $00, $00, $05, $00, $00, $03, $00, $04, $01
4536   1C40 00 00 07 00 
4536   1C44 01 00 02 00 
4536   1C48 00 05 00 00 
4536   1C4C 03 00 04 01 
4537   1C50 02 00 03 00                        .DB $02, $00, $03, $00, $08, $04, $00, $01, $02, $06, $00, $03, $00, $04, $00, $02, $01, $02, $03, $00
4537   1C54 08 04 00 01 
4537   1C58 02 06 00 03 
4537   1C5C 00 04 00 02 
4537   1C60 01 02 03 00 
4538   1C64 05 00 00 04                        .DB $05, $00, $00, $04, $00, $01, $02, $00, $00, $03, $04, $0B, $00, $01, $00, $02, $00, $03, $00, $00
4538   1C68 00 01 02 00 
4538   1C6C 00 03 04 0B 
4538   1C70 00 01 00 02 
4538   1C74 00 03 00 00 
4539   1C78 04 00 00 09                        .DB $04, $00, $00, $09, $00, $00, $02, $00, $07, $00, $00, $01, $00, $00, $02, $00, $00, $03, $00, $08
4539   1C7C 00 00 02 00 
4539   1C80 07 00 00 01 
4539   1C84 00 00 02 00 
4539   1C88 00 03 00 08 
4540   1C8C 04 00 01 00                        .DB $04, $00, $01, $00, $00, $06, $00, $01, $00, $02, $00, $01, $03, $04, $01, $03, $01, $02, $03, $04
4540   1C90 00 06 00 01 
4540   1C94 00 02 00 01 
4540   1C98 03 04 01 03 
4540   1C9C 01 02 03 04 
4541   1CA0 00 05 00 01                        .DB $00, $05, $00, $01, $02, $00, $09, $00, $03, $04, $00, $01, $00, $01, $02, $03, $04, $00, $02, $00
4541   1CA4 02 00 09 00 
4541   1CA8 03 04 00 01 
4541   1CAC 00 01 02 03 
4541   1CB0 04 00 02 00 
4542   1CB4             
4543   1CB4             ; Tail of the star field tile pattern that occupies page `$1C` (`$1C00`–`$1CFF`).
4544   1CB4             ; It's the remaining 76 bytes that complete the 256 byte star page used to paint the whole background.
4545   1CB4 00 01 02 00                        .DB $00, $01, $02, $00, $03, $04, $00, $06, $00, $00, $01, $00
4545   1CB8 03 04 00 06 
4545   1CBC 00 00 01 00 
4546   1CC0 00 01 02 00                        .DB $00, $01, $02, $00, $05, $00, $00, $03, $00, $04, $00, $07, $00, $01, $00, $02
4546   1CC4 05 00 00 03 
4546   1CC8 00 04 00 07 
4546   1CCC 00 01 00 02 
4547   1CD0 00 00 03 00                        .DB $00, $00, $03, $00, $04, $00, $04, $00, $0A, $00, $01, $00, $02, $00, $03, $00
4547   1CD4 04 00 04 00 
4547   1CD8 0A 00 01 00 
4547   1CDC 02 00 03 00 
4548   1CE0 01 00 07 00                        .DB $01, $00, $07, $00, $02, $00, $03, $04, $00, $05, $00, $01, $00, $02, $00, $00
4548   1CE4 02 00 03 04 
4548   1CE8 00 05 00 01 
4548   1CEC 00 02 00 00 
4549   1CF0 08 03 04 00                        .DB $08, $03, $04, $00, $01, $00, $02, $00, $03, $00, $04, $00, $00, $06, $00, $03
4549   1CF4 01 00 02 00 
4549   1CF8 03 00 04 00 
4549   1CFC 00 06 00 03 
4550   1D00             
4551   1D00             ; Mother ship object 26x9 tiles (upside down)
4552   1D00             ; Object 1D00
4553   1D00             ; Maybe these are upside down because the mother ship scrolls down from the top
4554   1D00             ; of the screen. The rows appear in the order given here.
4555   1D00             T1D00:
4556   1D00 0C 0D 0C 0F                        .DB $0C, $0D, $0C, $0F, $07, $07, $01, $00, $00, $4C, $4D, $4E, $4F, $4F, $4E, $4D, $4C, $00, $00, $1F, $0E, $06, $0D, $01, $0E, $05
4556   1D04 07 07 01 00 
4556   1D08 00 4C 4D 4E 
4556   1D0C 4F 4F 4E 4D 
4556   1D10 4C 00 00 1F 
4556   1D14 0E 06 0D 01 
4556   1D18 0E 05 
4557   1D1A 08 0C 0E 0C                        .DB $08, $0C, $0E, $0C, $0A, $00, $00, $4D, $4F, $5E, $5E, $5E, $5E, $5E, $5E, $5E, $5E, $4F, $4D, $00, $00, $06, $0B, $0D, $08, $0E
4557   1D1E 0A 00 00 4D 
4557   1D22 4F 5E 5E 5E 
4557   1D26 5E 5E 5E 5E 
4557   1D2A 5E 4F 4D 00 
4557   1D2E 00 06 0B 0D 
4557   1D32 08 0E 
4558   1D34 03 02 00 01                        .DB $03, $02, $00, $01, $00, $4C, $4F, $5E, $5E, $5E, $5E, $5E, $5E, $5E, $5E, $5E, $5E, $5E, $5E, $4F, $4C, $00, $09, $07, $0A, $03
4558   1D38 00 4C 4F 5E 
4558   1D3C 5E 5E 5E 5E 
4558   1D40 5E 5E 5E 5E 
4558   1D44 5E 5E 5E 4F 
4558   1D48 4C 00 09 07 
4558   1D4C 0A 03 
4559   1D4E 04 00 0A 00                        .DB $04, $00, $0A, $00, $4D, $5E, $5E, $5E, $5E, $5E, $5E, $5E, $5E, $5E, $5E, $5E, $5E, $5E, $5E, $5E, $5E, $4D, $00, $00, $0E, $0F
4559   1D52 4D 5E 5E 5E 
4559   1D56 5E 5E 5E 5E 
4559   1D5A 5E 5E 5E 5E 
4559   1D5E 5E 5E 5E 5E 
4559   1D62 5E 4D 00 00 
4559   1D66 0E 0F 
4560   1D68 08 08 00 5C                        .DB $08, $08, $00, $5C, $60, $6A, $60, $6A, $60, $6A, $60, $6A, $60, $6A, $60, $6A, $60, $6A, $60, $6A, $60, $6A, $5D, $00, $01, $02
4560   1D6C 60 6A 60 6A 
4560   1D70 60 6A 60 6A 
4560   1D74 60 6A 60 6A 
4560   1D78 60 6A 60 6A 
4560   1D7C 60 6A 5D 00 
4560   1D80 01 02 
4561   1D82 02 06 01 00                        .DB $02, $06, $01, $00, $00, $00, $58, $59, $5A, $5B, $5B, $5B, $7E, $7F, $5B, $5B, $5B, $4A, $49, $48, $00, $00, $00, $03, $0E, $0B
4561   1D86 00 00 58 59 
4561   1D8A 5A 5B 5B 5B 
4561   1D8E 7E 7F 5B 5B 
4561   1D92 5B 4A 49 48 
4561   1D96 00 00 00 03 
4561   1D9A 0E 0B 
4562   1D9C 0D 05 04 05                        .DB $0D, $05, $04, $05, $0A, $08, $00, $00, $58, $59, $5A, $4B, $76, $77, $4B, $4A, $49, $48, $00, $00, $01, $03, $0F, $02, $03, $00
4562   1DA0 0A 08 00 00 
4562   1DA4 58 59 5A 4B 
4562   1DA8 76 77 4B 4A 
4562   1DAC 49 48 00 00 
4562   1DB0 01 03 0F 02 
4562   1DB4 03 00 
4563   1DB6 00 03 03 07                        .DB $00, $03, $03, $07, $02, $0A, $03, $07, $00, $00, $58, $50, $51, $52, $53, $48, $00, $00, $0B, $01, $02, $03, $0F, $0E, $0C, $02
4563   1DBA 02 0A 03 07 
4563   1DBE 00 00 58 50 
4563   1DC2 51 52 53 48 
4563   1DC6 00 00 0B 01 
4563   1DCA 02 03 0F 0E 
4563   1DCE 0C 02 
4564   1DD0 05 0C 06 00                        .DB $05, $0C, $06, $00, $04, $06, $07, $0E, $0F, $09, $00, $40, $41, $42, $43, $00, $07, $03, $0A, $08, $0D, $00, $09, $0B, $0C, $0A
4564   1DD4 04 06 07 0E 
4564   1DD8 0F 09 00 40 
4564   1DDC 41 42 43 00 
4564   1DE0 07 03 0A 08 
4564   1DE4 0D 00 09 0B 
4564   1DE8 0C 0A 
4565   1DEA             
4566   1DF0                                    .ORG $1DF0
4567   1DF0             ; This is a simple protection against piracy.
4568   1DF0             L1DF0:
4569   1DF0 3A 1D 43                           LD      A,(ForegroundScreen+$31D) ; 'A' from 'AMSTAR ..' copyright text
4570   1DF3 D6 01                              SUB     $01                 
4571   1DF5 C8                                 RET     Z                   
4572   1DF6             ; crash the program and reset.
4573   1DF6 32 8F 43                           LD      (CoinCount),A       ;
4574   1DF9 00                                 NOP                         
4575   1DFA 00                                 NOP                         
4576   1DFB 00                                 NOP                         
4577   1DFC 00                                 NOP                         
4578   1DFD 00                                 NOP                         
4579   1DFE 00                                 NOP                         
4580   1DFF 00                                 NOP                         
4581   1E00             ;
4582   1E00             ;data for the 8 (2x2) planets / galaxies from setB
4583   1E00             T1E00:
4584   1E00 20 30 21 31                        .DB $20, $30, $21, $31
4585   1E04 22 32 23 33                        .DB $22, $32, $23, $33
4586   1E08 24 34 25 35                        .DB $24, $34, $25, $35
4587   1E0C 26 36 27 37                        .DB $26, $36, $27, $37
4588   1E10 28 38 29 39                        .DB $28, $38, $29, $39
4589   1E14 2A 3A 2B 3B                        .DB $2A, $3A, $2B, $3B
4590   1E18 2C 3C 2D 3D                        .DB $2C, $3C, $2D, $3D
4591   1E1C 2E 3E 2F 3F                        .DB $2E, $3E, $2F, $3F
4592   1E20             ;MSB's of screen ram for planets / galaxies
4593   1E20             T1E20:
4594   1E20 49 48 4A 4B                        .DB $49, $48, $4A, $4B
4595   1E24 4A 49 4A 49                        .DB $4A, $49, $4A, $49
4596   1E28 48 4A 48 49                        .DB $48, $4A, $48, $49
4597   1E2C 4B 48 4A 48                        .DB $4B, $48, $4A, $48
4598   1E30 4A 49 4B 49                        .DB $4A, $49, $4B, $49
4599   1E34 4B 4A 49 48                        .DB $4B, $4A, $49, $48
4600   1E38 49 49 4A 4A                        .DB $49, $49, $4A, $4A
4601   1E3C 48 49 4A 48                        .DB $48, $49, $4A, $48
4602   1E40             ; The low byte (LSB) half of the background screen destination addresses for the (2×2) planets
4603   1E40             T1E40:
4604   1E40 A0 60 40 00                        .DB $A0, $60, $40, $00
4605   1E44 E0 C0 C0 60                        .DB $E0, $C0, $C0, $60
4606   1E48 80 20 60 40                        .DB $80, $20, $60, $40
4607   1E4C 20 40 00 80                        .DB $20, $40, $00, $80
4608   1E50 40 00 20 E0                        .DB $40, $00, $20, $E0
4609   1E54 00 60 00 A0                        .DB $00, $60, $00, $A0
4610   1E58 E0 20 80 00                        .DB $E0, $20, $80, $00
4611   1E5C C0 80 A0 E0                        .DB $C0, $80, $A0, $E0
4612   1E60             ;LSB's of screen ram for planets / galaxies
4613   1E60             T1E60:
4614   1E60 00 04 08 0C                        .DB $00, $04, $08, $0C
4615   1E64 10 14 18 1C                        .DB $10, $14, $18, $1C
4616   1E68 00 08 10 18                        .DB $00, $08, $10, $18
4617   1E6C 04 0C 14 1C                        .DB $04, $0C, $14, $1C
4618   1E70 00 0C 18 04                        .DB $00, $0C, $18, $04
4619   1E74 04 1C 08 14                        .DB $04, $1C, $08, $14
4620   1E78 00 10 04 14                        .DB $00, $10, $04, $14
4621   1E7C 08 18 0C 1C                        .DB $08, $18, $0C, $1C
4622   1E80             ;data for the 16 (1x1) small galaxies from setB
4623   1E80             T1E80:
4624   1E80 10 11 12 13                        .DB $10, $11, $12, $13
4625   1E84 14 15 16 17                        .DB $14, $15, $16, $17
4626   1E88 18 19 1A 1B                        .DB $18, $19, $1A, $1B
4627   1E8C 1C 1D 1E 1F                        .DB $1C, $1D, $1E, $1F
4628   1E90 10 12 14 16                        .DB $10, $12, $14, $16
4629   1E94 18 1A 1C 1E                        .DB $18, $1A, $1C, $1E
4630   1E98 11 13 15 17                        .DB $11, $13, $15, $17
4631   1E9C 19 1B 1D 1F                        .DB $19, $1B, $1D, $1F
4632   1EA0             ;
4633   1EA0             T1EA0:
4634   1EA0 4A 4B 49 4A                        .DB $4A, $4B, $49, $4A
4635   1EA4 48 4A 48 49                        .DB $48, $4A, $48, $49
4636   1EA8 49 4A 49 4B                        .DB $49, $4A, $49, $4B
4637   1EAC 48 4B 4A 4A                        .DB $48, $4B, $4A, $4A
4638   1EB0 48 49 48 4A                        .DB $48, $49, $48, $4A
4639   1EB4 48 48 49 4A                        .DB $48, $48, $49, $4A
4640   1EB8 49 49 4A 48                        .DB $49, $49, $4A, $48
4641   1EBC 4A 49 4B 48                        .DB $4A, $49, $4B, $48
4642   1EC0             ;
4643   1EC0             T1EC0:
4644   1EC0 00 20 60 40                        .DB $00, $20, $60, $40
4645   1EC4 E0 80 20 60                        .DB $E0, $80, $20, $60
4646   1EC8 40 A0 00 00                        .DB $40, $A0, $00, $00
4647   1ECC 40 20 C0 20                        .DB $40, $20, $C0, $20
4648   1ED0 A0 80 E0 40                        .DB $A0, $80, $E0, $40
4649   1ED4 60 C0 20 A0                        .DB $60, $C0, $20, $A0
4650   1ED8 E0 40 60 C0                        .DB $E0, $40, $60, $C0
4651   1EDC 20 40 20 80                        .DB $20, $40, $20, $80
4652   1EE0             
4653   1EE0             ;*****************************************************************************
4654   1EE0             ;* Used for the animation speed at bird intro.
4655   1EE0             ;*****************************************************************************
4656   1EE0             L1EE0:
4657   1EE0 11 3D 43                           LD      DE,ForegroundScreen+$33D ; holding 0
4658   1EE3 01 1A 00                           LD      BC,$001A            ;
4659   1EE6             L1EE6:
4660   1EE6 1A                                 LD      A,(DE)              ;
4661   1EE7 80                                 ADD     A,B                 ;
4662   1EE8 47                                 LD      B,A                 ;
4663   1EE9 CD 17 02                           CALL    RightOneColumn      ;
4664   1EEC 0D                                 DEC     C                   ;
4665   1EED C2 E6 1E                           JP      NZ,L1EE6            ;
4666   1EF0 1A                                 LD      A,(DE)              ;
4667   1EF1 80                                 ADD     A,B                 ;
4668   1EF2 C6 27                              ADD     $27                 ;
4669   1EF4 21 89 43                           LD      HL,HiScorehigh      ;
4670   1EF7 86                                 ADD     A,(HL)              ;
4671   1EF8 77                                 LD      (HL),A              ;
4672   1EF9 00                                 NOP                         ;
4673   1EFA C9                                 RET                         ;
4674   1EFB             
4675   1F00                                    .ORG $1F00
4676   1F00             ;
4677   1F00             ; Part of the starfield background without planets
4678   1F00             T1F00:
4679   1F00 00 00 00 01                        .DB $00, $00, $00, $01, $00, $00, $00, $02, $00, $00, $00, $00, $03, $00, $00, $00
4679   1F04 00 00 00 02 
4679   1F08 00 00 00 00 
4679   1F0C 03 00 00 00 
4680   1F10 00 04 00 00                        .DB $00, $04, $00, $00, $00, $00, $01, $00, $00, $00, $05, $00, $02, $00, $03, $00
4680   1F14 00 00 01 00 
4680   1F18 00 00 05 00 
4680   1F1C 02 00 03 00 
4681   1F20 00 00 04 00                        .DB $00, $00, $04, $00, $07, $00, $00, $00, $06, $00, $01, $00, $02, $0C, $00, $03
4681   1F24 07 00 00 00 
4681   1F28 06 00 01 00 
4681   1F2C 02 0C 00 03 
4682   1F30 04 00 00 01                        .DB $04, $00, $00, $01, $00, $08, $00, $00, $02, $00, $0C, $03, $04, $0E, $00, $00
4682   1F34 00 08 00 00 
4682   1F38 02 00 0C 03 
4682   1F3C 04 0E 00 00 
4683   1F40 00 01 02 00                        .DB $00, $01, $02, $00, $0D, $03, $04, $0F, $01, $0C, $07, $0A, $02, $0D, $03, $08
4683   1F44 0D 03 04 0F 
4683   1F48 01 0C 07 0A 
4683   1F4C 02 0D 03 08 
4684   1F50 06 0C 04 09                        .DB $06, $0C, $04, $09, $05, $0F, $01, $02, $0D, $03, $0C, $04, $0D, $05, $0F, $0C
4684   1F54 05 0F 01 02 
4684   1F58 0D 03 0C 04 
4684   1F5C 0D 05 0F 0C 
4685   1F60 01 02 0E 0C                        .DB $01, $02, $0E, $0C, $03, $0F, $0D, $05, $0E, $0D, $0C, $0F, $0D, $04, $0C, $01
4685   1F64 03 0F 0D 05 
4685   1F68 0E 0D 0C 0F 
4685   1F6C 0D 04 0C 01 
4686   1F70 0E 05 0F 0D                        .DB $0E, $05, $0F, $0D, $07, $0C, $06, $0E, $0D, $0F, $09, $0C, $0F, $0D, $0E, $0D
4686   1F74 07 0C 06 0E 
4686   1F78 0D 0F 09 0C 
4686   1F7C 0F 0D 0E 0D 
4687   1F80 02 0D 0C 0F                        .DB $02, $0D, $0C, $0F, $05, $0E, $0D, $0C, $0F, $06, $0E, $0F, $0C, $0D, $0F, $0C
4687   1F84 05 0E 0D 0C 
4687   1F88 0F 06 0E 0F 
4687   1F8C 0C 0D 0F 0C 
4688   1F90 06 0D 04 0B                        .DB $06, $0D, $04, $0B, $0C, $0F, $05, $0D, $05, $03, $0E, $07, $0C, $0D, $04, $05
4688   1F94 0C 0F 05 0D 
4688   1F98 05 03 0E 07 
4688   1F9C 0C 0D 04 05 
4689   1FA0 01 02 0E 03                        .DB $01, $02, $0E, $03, $0C, $04, $0F, $05, $08, $0C, $07, $01, $0D, $04, $0E, $02
4689   1FA4 0C 04 0F 05 
4689   1FA8 08 0C 07 01 
4689   1FAC 0D 04 0E 02 
4690   1FB0 0C 01 0F 03                        .DB $0C, $01, $0F, $03, $05, $0D, $00, $0E, $00, $09, $0C, $06, $0D, $00, $01, $02
4690   1FB4 05 0D 00 0E 
4690   1FB8 00 09 0C 06 
4690   1FBC 0D 00 01 02 
4691   1FC0 01 02 03 00                        .DB $01, $02, $03, $00, $00, $0D, $00, $0A, $00, $00, $00, $0E, $00, $05, $00, $08
4691   1FC4 00 0D 00 0A 
4691   1FC8 00 00 00 0E 
4691   1FCC 00 05 00 08 
4692   1FD0 00 0C 00 00                        .DB $00, $0C, $00, $00, $03, $00, $00, $07, $00, $00, $00, $04, $00, $00, $06, $00
4692   1FD4 03 00 00 07 
4692   1FD8 00 00 00 04 
4692   1FDC 00 00 06 00 
4693   1FE0 00 00 00 01                        .DB $00, $00, $00, $01, $00, $00, $00, $00, $02, $00, $00, $00, $00, $03, $00, $00
4693   1FE4 00 00 00 00 
4693   1FE8 02 00 00 00 
4693   1FEC 00 03 00 00 
4694   1FF0 00 04 00 05                        .DB $00, $04, $00, $05, $00, $00, $00, $00, $00, $01, $00, $00, $00, $00, $02, $00
4694   1FF4 00 00 00 00 
4694   1FF8 00 01 00 00 
4694   1FFC 00 00 02 00 
4695   2000             
4696   2000             ;*****************************************************************************
4697   2000             ; h5-ic49.5a
4698   2000             ;*****************************************************************************
4699   2000             ;*****************************************************************************
4700   2000             ;* Game level 1, 3 and B:
4701   2000             ;* 'player alife' with aliens, after 'fade in'
4702   2000             ;*****************************************************************************
4703   2000             L2000:
4704   2000 CD 76 08                           CALL    PlayerUpdate        ; Updates the player ship, player bullet and the shield.
4705   2003 CD F0 0D                           CALL    L0DF0               ; alien bullet to player, collission detection ?
4706   2006 CD A0 24                           CALL    L24A0               ; 
4707   2009 21 5F 43                           LD      HL,M435F            ; 8 bit counter for alien movement
4708   200C 7E                                 LD      A,(HL)              ; get value
4709   200D E6 03                              AND     $03                 ; mask out 0000_0011 for count 0 to 3
4710   200F 47                                 LD      B,A                 ; save the masked counter
4711   2010 34                                 INC     (HL)                ; increment alien movement counter
4712   2011 3A BA 43                           LD      A,(AliensLeft)      ; 
4713   2014 A7                                 AND     A                   ; updates the zero flag
4714   2015 CA BA 21                           JP      Z,L21BA             ; if no AliensLeft
4715   2018 FE 05                              CP      $05                 ;
4716   201A D2 30 21                           JP      NC,L2130            ; if <= 5 left
4717   201D 2D                                 DEC     L                   ; $435E
4718   201E 78                                 LD      A,B                 ; get masked counter
4719   201F A7                                 AND     A                   ; updates the zero flag
4720   2020 C2 25 20                           JP      NZ,L2025            ; if masked counter <> 0
4721   2023 36 FF                              LD      (HL),$FF            ; set all bits at $435E
4722   2025             L2025:
4723   2025 7E                                 LD      A,(HL)              ; get $435E
4724   2026 A7                                 AND     A                   ; updates the zero flag
4725   2027 CA 30 21                           JP      Z,L2130             ; if $435E = 0
4726   202A C3 46 21                           JP      L2146               ; 
4727   202D             
4728   2030                                    .ORG $2030
4729   2030             ;
4730   2030             L2030:
4731   2030 E6 03                              AND     $03                 
4732   2032 FE 01                              CP      $01                 
4733   2034 11 50 1B                           LD      DE,$1B50            
4734   2037 C3 AC 23                           JP      L23AC               ; 
4735   203A             
4736   2040                                    .ORG $2040
4737   2040             ;*****************************************************************************
4738   2040             ;* Add 1x1 small galaxies to background.
4739   2040             ;*****************************************************************************
4740   2040             AddGalaxiesToBackground:
4741   2040 21 AF 43                           LD      HL,M43AF            ; 
4742   2043 3A B9 43                           LD      A,(CounterB9)       ; 
4743   2046 4F                                 LD      C,A                 ;
4744   2047 BE                                 CP      (HL)                ;
4745   2048 C0                                 RET     NZ                  ;
4746   2049 7E                                 LD      A,(HL)              ;
4747   204A 2C                                 INC     L                   ;
4748   204B 96                                 SUB     (HL)                ;
4749   204C 2D                                 DEC     L                   ;
4750   204D 77                                 LD      (HL),A              ;
4751   204E 2C                                 INC     L                   ;
4752   204F 2C                                 INC     L                   ;
4753   2050 34                                 INC     (HL)                ;
4754   2051 7E                                 LD      A,(HL)              ;
4755   2052 21 80 1E                           LD      HL,T1E80            ; data for the 16 (1x1) small galaxies from setB
4756   2055 E6 1F                              AND     $1F                 ;
4757   2057 85                                 ADD     A,L                 ;
4758   2058 6F                                 LD      L,A                 ;
4759   2059 46                                 LD      B,(HL)              ;
4760   205A C6 20                              ADD     $20                 ;
4761   205C 6F                                 LD      L,A                 ;
4762   205D 56                                 LD      D,(HL)              ;
4763   205E C6 20                              ADD     $20                 ;
4764   2060 6F                                 LD      L,A                 ;
4765   2061 5E                                 LD      E,(HL)              ;
4766   2062 79                                 LD      A,C                 ;
4767   2063 0F                                 RRCA                        ;
4768   2064 0F                                 RRCA                        ;
4769   2065 0F                                 RRCA                        ;
4770   2066 E6 1F                              AND     $1F                 ;
4771   2068 83                                 ADD     A,E                 ;
4772   2069 3C                                 INC     A                   ;
4773   206A 5F                                 LD      E,A                 ;
4774   206B 78                                 LD      A,B                 ;
4775   206C 12                                 LD      (DE),A              ;
4776   206D C9                                 RET                         ;
4777   206E             
4778   2070                                    .ORG $2070
4779   2070             ;*****************************************************************************
4780   2070             ;* `L2070`/`L2085` compute the entry offset from the ship position and current phase,
4781   2070             ;* so as `CounterA5` counts down the "lit" cells sweep through the field.
4782   2070             ;* The ship visibly bursts into scattering particles that then thin out and vanish.
4783   2070             ;*****************************************************************************
4784   2070             L2070:
4785   2070 7B                                 LD      A,E                 
4786   2071 D6 0A                              SUB     $0A                 
4787   2073 C6 C0                              ADD     $C0                 
4788   2075 4F                                 LD      C,A                 
4789   2076 7A                                 LD      A,D                 
4790   2077 CE 00                              ADC     $00                 
4791   2079 47                                 LD      B,A                 
4792   207A 7E                                 LD      A,(HL)              
4793   207B 11 00 28                           LD      DE,T2800            ; get the foreground tiles of the player ship particles explosion
4794   207E 21 00 29                           LD      HL,T2900            ; and get the control data for it
4795   2081 C3 85 20                           JP      L2085               ; 
4796   2084             
4797   2085                                    .ORG $2085
4798   2085             ;
4799   2085             L2085:
4800   2085 D6 20                              SUB     $20                 
4801   2087 07                                 RLCA                        ; Multiply by 4 ..
4802   2088 07                                 RLCA                        ; ..
4803   2089 00                                 NOP                         
4804   208A E6 E0                              AND     $E0                 
4805   208C 6F                                 LD      L,A                 
4806   208D 3E E0                              LD      A,$E0               
4807   208F 95                                 SUB     L                   
4808   2090 6F                                 LD      L,A                 
4809   2091             L2091:
4810   2091 3E 3F                              LD      A,$3F               
4811   2093 91                                 SUB     C                   
4812   2094 3E 43                              LD      A,$43               
4813   2096 98                                 SBC     B                   
4814   2097 D2 B0 20                           JP      NC,L20B0            ; 
4815   209A 23                                 INC     HL                  
4816   209B 23                                 INC     HL                  
4817   209C 7B                                 LD      A,E                 
4818   209D C6 10                              ADD     $10                 
4819   209F 5F                                 LD      E,A                 
4820   20A0 79                                 LD      A,C                 
4821   20A1 D6 20                              SUB     $20                 
4822   20A3 4F                                 LD      C,A                 
4823   20A4 78                                 LD      A,B                 
4824   20A5 DE 00                              SBC     $00                 
4825   20A7 47                                 LD      B,A                 
4826   20A8 C3 91 20                           JP      L2091               ; 
4827   20AB             
4828   20B0                                    .ORG $20B0
4829   20B0             ;*****************************************************************************
4830   20B0             ;* Player ship particles explosion.
4831   20B0             ;*****************************************************************************
4832   20B0             L20B0:
4833   20B0 C5                                 PUSH    BC                  
4834   20B1             L20B1:
4835   20B1 7E                                 LD      A,(HL)              
4836   20B2 E3                                 EX      (SP),HL             
4837   20B3 06 08                              LD      B,$08               
4838   20B5             L20B5:
4839   20B5 36 00                              LD      (HL),$00            
4840   20B7 0F                                 RRCA                        
4841   20B8 D2 BF 20                           JP      NC,L20BF            ; 
4842   20BB EB                                 EX      DE,HL               
4843   20BC 4E                                 LD      C,(HL)              
4844   20BD EB                                 EX      DE,HL               ; get data from $2800
4845   20BE 71                                 LD      (HL),C              
4846   20BF             L20BF:
4847   20BF 23                                 INC     HL                  
4848   20C0 13                                 INC     DE                  
4849   20C1 05                                 DEC     B                   
4850   20C2 C2 B5 20                           JP      NZ,L20B5            ; 
4851   20C5 E3                                 EX      (SP),HL             
4852   20C6 23                                 INC     HL                  
4853   20C7 7D                                 LD      A,L                 
4854   20C8 0F                                 RRCA                        
4855   20C9 DA B1 20                           JP      C,L20B1             ; 
4856   20CC 7D                                 LD      A,L                 
4857   20CD E6 1F                              AND     $1F                 
4858   20CF CA E1 20                           JP      Z,L20E1             ; 
4859   20D2 E3                                 EX      (SP),HL             
4860   20D3 7D                                 LD      A,L                 
4861   20D4 D6 30                              SUB     $30                 
4862   20D6 6F                                 LD      L,A                 
4863   20D7 7C                                 LD      A,H                 
4864   20D8 DE 00                              SBC     $00                 
4865   20DA 67                                 LD      H,A                 
4866   20DB E3                                 EX      (SP),HL             
4867   20DC FE 3F                              CP      $3F                 
4868   20DE C2 B1 20                           JP      NZ,L20B1            ; 
4869   20E1             L20E1:
4870   20E1 C1                                 POP     BC                  
4871   20E2 C9                                 RET                         
4872   20E3             
4873   20E8                                    .ORG $20E8
4874   20E8             ;*****************************************************************************
4875   20E8             ;* Draw one 4x4 ship-fragment sprite during the player-ship explosion.
4876   20E8             ;* Entry (from L0BC4): A = CounterA5 phase, DE = ship screen address.
4877   20E8             ;* Fragment image pointer comes from T1B90; position is scattered using
4878   20E8             ;* CounterB9 (via L211C) and the phase.
4879   20E8             ;* Purpose:
4880   20E8             ;* `L20E8` draws the flying debris sprites of the exploding player ship
4881   20E8             ;* (fragment image chosen from `T1B90`, scattered by `CounterB9`/phase,
4882   20E8             ;* `L211C` freezing the scroll).
4883   20E8             ;*****************************************************************************
4884   20E8             L20E8:
4885   20E8 47                                 LD      B,A                 ; B = phase (CounterA5)
4886   20E9 7A                                 LD      A,D                 ; 
4887   20EA C6 08                              ADD     $08                 ; nudge the row
4888   20EC 57                                 LD      D,A                 ; 
4889   20ED CD 1C 21                           CALL    L211C               ; {code.L211C} clamp scroll during explosion
4890   20F0 0F                                 RRCA                        ; 
4891   20F1 0F                                 RRCA                        ; scatter offset from CounterB9
4892   20F2 0F                                 RRCA                        ; 
4893   20F3 83                                 ADD     A,E                 ; 
4894   20F4 E6 1F                              AND     $1F                 ; 0001_1111 keep within a column
4895   20F6 4F                                 LD      C,A                 ; 
4896   20F7 7B                                 LD      A,E                 ; 
4897   20F8 E6 E0                              AND     $E0                 ; 1110_0000 column bits
4898   20FA B1                                 OR      C                   ; 
4899   20FB 5F                                 LD      E,A                 ; E = scattered LSB
4900   20FC 78                                 LD      A,B                 ; phase
4901   20FD 0F                                 RRCA                        ; 
4902   20FE 0F                                 RRCA                        ; 
4903   20FF E6 0E                              AND     $0E                 ; 0000_1110 -> even index 0..14
4904   2101 C6 90                              ADD     $90                 ; -> T1B90 entry
4905   2103 6F                                 LD      L,A                 ; 
4906   2104 26 1B                              LD      H,$1B               ; HL = T1B90 + index
4907   2106 7E                                 LD      A,(HL)              ; fragment image MSB
4908   2107 2C                                 INC     L                   ; 
4909   2108 6E                                 LD      L,(HL)              ; fragment image LSB
4910   2109 67                                 LD      H,A                 ; HL = fragment image
4911   210A 01 04 04                           LD      BC,$0404            ; images are 4x4images are 4x4
4912   210D C3 D6 0A                           JP      DrawImageCbyB       ; draw it
4913   2110             
4914   211C                                    .ORG $211C
4915   211C             ;*****************************************************************************
4916   211C             ;* Clamp the scroll register to $10 while CounterB9 is in ($10,$30).
4917   211C             ;*****************************************************************************
4918   211C             L211C:
4919   211C 21 B9 43                           LD      HL,CounterB9        ; 
4920   211F 7E                                 LD      A,(HL)              
4921   2120 FE 10                              CP      $10                 
4922   2122 D8                                 RET     C                   
4923   2123 FE 30                              CP      $30                 
4924   2125 D0                                 RET     NC                  
4925   2126 3E 10                              LD      A,$10               
4926   2128 77                                 LD      (HL),A              
4927   2129 32 00 58                           LD      (scrollRegister),A  ; 58xx scroll register
4928   212C C9                                 RET                         
4929   212D             
4930   2130                                    .ORG $2130
4931   2130             ;*****************************************************************************
4932   2130             ;* Per-frame update dispatchers for the alien-wave levels.
4933   2130             ;* B = frame phase (rotating counter). Each phase runs a different subset of
4934   2130             ;* the heavy per-frame work, spreading it across frames.
4935   2130             ;* `L2130`/`L2146`/`L21BA` are the game's per frame level dispatchers:
4936   2130             ;* A rotating frame phase counter (`B`) selects one of several groups of update calls
4937   2130             ;* (`AlienDataController`, `AlienBehaviorUpdate`, `AlienMovementUpdate`,
4938   2130             ;* `AlienAnimationUpdate`, `EnemyBulletUpdate`, collision `L0F00`, killed alien anim `L0FC0`,
4939   2130             ;* bomb drop `L2560`, mothership housekeeping `L24C4`),
4940   2130             ;* so the heavy work is spread over multiple frames.
4941   2130             ;*****************************************************************************
4942   2130             L2130:
4943   2130 78                                 LD      A,B                 ; frame phase
4944   2131 A7                                 AND     A                   ; updates the zero flag
4945   2132 CA 50 21                           JP      Z,L2150             ; phase 0
4946   2135 FE 01                              CP      $01                 ;
4947   2137 CA 60 21                           JP      Z,L2160             ; phase 1
4948   213A FE 02                              CP      $02                 ;
4949   213C CA 70 21                           JP      Z,L2170             ; phase 2
4950   213F C3 80 21                           JP      L2180               ; phase 3
4951   2142             
4952   2146                                    .ORG $2146
4953   2146             ;*****************************************************************************
4954   2146             ;* Game's per frame level dispatcher (even/odd phase)
4955   2146             ;*****************************************************************************
4956   2146             L2146:
4957   2146 78                                 LD      A,B                 ; 
4958   2147 0F                                 RRCA                        ; test phase bit 0
4959   2148 D2 90 21                           JP      NC,L2190            ; even phase
4960   214B C3 A5 21                           JP      L21A5               ; odd phase
4961   214E             
4962   2150                                    .ORG $2150
4963   2150             ;*****************************************************************************
4964   2150             ;* Phase 0
4965   2150             ;*****************************************************************************
4966   2150             L2150:
4967   2150 CD 50 0A                           CALL    AlienDataController ; draw or delete alien
4968   2153 CD 00 30                           CALL    L3000               ; AlienBehaviorUpdate
4969   2156 C3 00 0F                           JP      L0F00               ; 'alien with player' collision check
4970   2159             
4971   2160                                    .ORG $2160
4972   2160             ;*****************************************************************************
4973   2160             ;* Phase 1
4974   2160             ;*****************************************************************************
4975   2160             L2160:
4976   2160 CD C4 24                           CALL    L24C4               ; background / mothership housekeeping
4977   2163 CD 40 0C                           CALL    L0C40               ; EnemyBulletUpdate
4978   2166 CD 1C 0D                           CALL    L0D1C               ; AlienMovementUpdate
4979   2169 C3 C0 0F                           JP      L0FC0               ; Handle animations for killed aliens
4980   216C             
4981   2170                                    .ORG $2170
4982   2170             ;*****************************************************************************
4983   2170             ;* Phase 2
4984   2170             ;*****************************************************************************
4985   2170             L2170:
4986   2170 CD 70 0D                           CALL    L0D70               ; AlienAnimationUpdate
4987   2173 C3 60 25                           JP      L2560               ; try to drop a bomb on the player
4988   2176             
4989   2180                                    .ORG $2180
4990   2180             ;*****************************************************************************
4991   2180             ;* Phase 3
4992   2180             ;*****************************************************************************
4993   2180             L2180:
4994   2180 CD C4 24                           CALL    L24C4               ; background / mothership housekeeping
4995   2183 CD 40 0C                           CALL    L0C40               ; EnemyBulletUpdate
4996   2186 CD 6C 0A                           CALL    L0A6C               ; get screen ram adress for all aliens
4997   2189 C3 C0 0F                           JP      L0FC0               ; Handle animations for killed aliens
4998   218C             
4999   2190                                    .ORG $2190
5000   2190             ;
5001   2190             L2190:
5002   2190 CD 50 0A                           CALL    AlienDataController ; draw or delete alien
5003   2193 CD 00 30                           CALL    L3000               ; AlienBehaviorUpdate
5004   2196 CD 00 0F                           CALL    L0F00               ; 'alien with player' collision check
5005   2199 CD 60 25                           CALL    L2560               ; try to drop a bomb
5006   219C C3 40 0C                           JP      L0C40               ; EnemyBulletUpdate
5007   219F             
5008   21A5                                    .ORG $21A5
5009   21A5             ;
5010   21A5             L21A5:
5011   21A5 CD 1C 0D                           CALL    L0D1C               ; AlienMovementUpdate
5012   21A8 CD 70 0D                           CALL    L0D70               ; AlienAnimationUpdate
5013   21AB CD 6C 0A                           CALL    L0A6C               ; get screen ram adress for all aliens
5014   21AE CD C0 0F                           CALL    L0FC0               ; Handle animations for killed aliens
5015   21B1 C3 C4 24                           JP      L24C4               ; background / mothership housekeeping
5016   21B4             
5017   21BA                                    .ORG $21BA
5018   21BA             ;*****************************************************************************
5019   21BA             ;* Mothership-wave dispatcher (and end-of-wave handling).
5020   21BA             ;*****************************************************************************
5021   21BA             L21BA:
5022   21BA 78                                 LD      A,B                 ;
5023   21BB 0F                                 RRCA                        ; test phase bit 0
5024   21BC D2 04 22                           JP      NC,L2204            ; even phase: end-of-wave countdown (L2204)
5025   21BF CD 40 0C                           CALL    L0C40               ; EnemyBulletUpdate
5026   21C2 CD C0 0F                           CALL    L0FC0               ; Handle animations for killed aliens
5027   21C5 CD C4 24                           CALL    L24C4               ; mothership housekeeping
5028   21C8 3A B8 43                           LD      A,(LevelAndRound)   ; 
5029   21CB E6 0F                              AND     $0F                 ; mask out 0000_1111
5030   21CD FE 0B                              CP      $0B                 ;
5031   21CF DA 04 22                           JP      C,L2204             ; if < game level B
5032   21D2 3E 10                              LD      A,$10               ; 16 aliens for a new wave
5033   21D4 32 BA 43                           LD      (AliensLeft),A      ; 
5034   21D7 C3 26 05                           JP      L0526               ; init alien data
5035   21DA             
5036   21DC                                    .ORG $21DC
5037   21DC             ;*****************************************************************************
5038   21DC             ;* Handles the bird animation at intro.
5039   21DC             ;* The driver is a single counter, `M4399` 
5040   21DC             ;* (the "slow-print" timer that advances during the intro splash).
5041   21DC             ;* Its bits are split into two roles:
5042   21DC             ;* - `M4399 & 7` -> the bird's animation sub-phase 
5043   21DC             ;*   (written to bird-object byte +3, `$4B73`).
5044   21DC             ;*   This cycles the wing position 0–7 within the current shape.
5045   21DC             ;* - `M4399 >> 3` -> the index into `T233A`, which yields the shape index 
5046   21DC             ;*   (written to bird-object byte +0, `$4B70`).
5047   21DC             ;* In other words, each entry in `T233A` is held for 8 timer ticks
5048   21DC             ;* (one full pass of the low-3-bit phase) before the script advances to the next shape.
5049   21DC             ;* `T233A` is therefore "the shape every 8 frames", and the low bits provide the in-between wing flapping.
5050   21DC             ;*****************************************************************************
5051   21DC             DrawIntroBirdAnimationFrame:
5052   21DC 7E                                 LD      A,(HL)              ; {ram.M4399} Actual index for slow print at intro splash (starts with $300)
5053   21DD 00                                 NOP                         ;
5054   21DE 47                                 LD      B,A                 ; save it
5055   21DF 21 73 4B                           LD      HL,B4B73            ; used as temp memory
5056   21E2 E6 07                              AND     $07                 ; mask out 0000_0111 in order to count from 0 to 7
5057   21E4 77                                 LD      (HL),A              ; save it
5058   21E5 2D                                 DEC     L                   ;
5059   21E6 36 EF                              LD      (HL),$EF            ; use $4B72 for LSB of screen ram
5060   21E8 2D                                 DEC     L                   ;
5061   21E9 36 49                              LD      (HL),$49            ; use $4B71 for MSB of screen ram
5062   21EB 2D                                 DEC     L                   ; $4B70 (bird0 index character block shape)
5063   21EC 78                                 LD      A,B                 ; restore $4399
5064   21ED E6 F8                              AND     $F8                 ; mask out 1111_1000
5065   21EF 0F                                 RRCA                        ; Divide by 8 ..
5066   21F0 0F                                 RRCA                        ; ..
5067   21F1 0F                                 RRCA                        ; ..
5068   21F2 C6 3A                              ADD     T233A & $FF         ; LSB of T233A
5069   21F4 5F                                 LD      E,A                 ;
5070   21F5 16 23                              LD      D,T233A >> 8        ; MSB of T233A
5071   21F7 1A                                 LD      A,(DE)              ; get data starting at T233A for animation frame index
5072   21F8 77                                 LD      (HL),A              ; write to $4B70
5073   21F9 CD C0 34                           CALL    DrawBirdObject      ; draw the bird at intro
5074   21FC C3 E0 1E                           JP      L1EE0               ; 
5075   21FF             
5076   2204                                    .ORG $2204
5077   2204             ;
5078   2204             L2204:
5079   2204 21 B6 43                           LD      HL,M43B6            ; End-of-wave countdown timer
5080   2207 35                                 DEC     (HL)                ;
5081   2208 7E                                 LD      A,(HL)              ;
5082   2209 FE A0                              CP      $A0                 ;
5083   220B D0                                 RET     NC                  ;
5084   220C 2E A4                              LD      L,$A4               ;
5085   220E 36 02                              LD      (HL),$02            ; set GameState to: 'initialization of game and level data'
5086   2210 2E A6                              LD      L,$A6               ;
5087   2212 36 00                              LD      (HL),$00            ; clear ShieldCount
5088   2214 2E B8                              LD      L,$B8               ;
5089   2216 34                                 INC     (HL)                ; increment LevelAndRound
5090   2217 7E                                 LD      A,(HL)              ;
5091   2218 E6 0E                              AND     $0E                 ; mask out 0000_1110
5092   221A 0F                                 RRCA                        ; divide by 2
5093   221B C6 60                              ADD     T1760 & $FF         ; add to base of table T1760
5094   221D 5F                                 LD      E,A                 ;
5095   221E 16 17                              LD      D,T1760 >> 8        ;
5096   2220 2C                                 INC     L                   ;
5097   2221 2C                                 INC     L                   ;
5098   2222 1A                                 LD      A,(DE)              ; get value from table T1760
5099   2223 A7                                 AND     A                   ; updates the flags
5100   2224 F2 2A 22                           JP      P,L222A             ; if not positive.
5101   2227 2C                                 INC     L                   ; use BirdsLeft
5102   2228 E6 7F                              AND     $7F                 ; mask out 0111_1111
5103   222A             L222A:
5104   222A 77                                 LD      (HL),A              ; save to $43BA (AliensLeft) or $43BB (BirdsLeft)
5105   222B C3 80 03                           JP      ClearForeground     ; 
5106   222E             
5107   2230                                    .ORG $2230
5108   2230             ;*****************************************************************************
5109   2230             ;* Game level 4, 6 and 8:
5110   2230             ;* Drives the spiral fade-in animation between waves.
5111   2230             ;* The animation step counter is incremented every frame,
5112   2230             ;* its value indexes the spiral drawing progress,
5113   2230             ;* and when the spiral is complete it advances to the next level.
5114   2230             ;*****************************************************************************
5115   2230             L2230:
5116   2230 21 9C 43                           LD      HL,M439C            ; 
5117   2233 7E                                 LD      A,(HL)              ;
5118   2234 34                                 INC     (HL)                ; advance animation
5119   2235 00                                 NOP                         ;
5120   2236 0F                                 RRCA                        ;
5121   2237 E6 3F                              AND     $3F                 ; mask out 0011_1111
5122   2239 FE 0D                              CP      $0D                 ;
5123   223B CA 92 22                           JP      Z,L2292             ; 
5124   223E 06 1F                              LD      B,$1F               ; The asterisk character
5125   2240 DA 60 22                           JP      C,L2260             ; 
5126   2243 06 00                              LD      B,$00               ; The space character
5127   2245 D6 0E                              SUB     $0E                 ;
5128   2247 FE 0D                              CP      $0D                 ;
5129   2249 C2 60 22                           JP      NZ,L2260            ; 
5130   224C 21 B8 43                           LD      HL,LevelAndRound    ; 
5131   224F 34                                 INC     (HL)                ; increment game level $43B8
5132   2250 2E A4                              LD      L,$A4               ; HL=43A4 -- game state
5133   2252 36 02                              LD      (HL),$02            ; Next interval game state is 2: 'init game and level data'
5134   2254 C9                                 RET                         ;
5135   2255             
5136   2260                                    .ORG $2260
5137   2260             ;
5138   2260             L2260:
5139   2260 4F                                 LD      C,A                 ;
5140   2261 0F                                 RRCA                        ;
5141   2262 0F                                 RRCA                        ;
5142   2263 0F                                 RRCA                        ;
5143   2264 57                                 LD      D,A                 ;
5144   2265 E6 1F                              AND     $1F                 ;
5145   2267 5F                                 LD      E,A                 ;
5146   2268 7A                                 LD      A,D                 ;
5147   2269 E6 E0                              AND     $E0                 ;
5148   226B C6 B0                              ADD     $B0                 ;
5149   226D 6F                                 LD      L,A                 ;
5150   226E 7B                                 LD      A,E                 ;
5151   226F CE 41                              ADC     $41                 ;
5152   2271 67                                 LD      H,A                 ;
5153   2272 7D                                 LD      A,L                 ;
5154   2273 91                                 SUB     C                   ;
5155   2274 6F                                 LD      L,A                 ;
5156   2275 79                                 LD      A,C                 ;
5157   2276 3C                                 INC     A                   ;
5158   2277 4F                                 LD      C,A                 ;
5159   2278 07                                 RLCA                        ; Multiply by 2
5160   2279 5F                                 LD      E,A                 ;
5161   227A             ;
5162   227A             L227A:
5163   227A 51                                 LD      D,C                 ; D is the height counter for each pass
5164   227B             ;
5165   227B             L227B:
5166   227B 70                                 LD      (HL),B              ; draw the asterisk or space
5167   227C 23                                 INC     HL                  ; one row down
5168   227D 70                                 LD      (HL),B              ; another asterisk or space
5169   227E 23                                 INC     HL                  ; one row down
5170   227F 15                                 DEC     D                   ; all of this column done?
5171   2280 C2 7B 22                           JP      NZ,L227B            ; No ... do all rows
5172   2283 7D                                 LD      A,L                 ; LSB of screen pointer
5173   2284 91                                 SUB     C                   ; move up ...
5174   2285 91                                 SUB     C                   ; ... height * 2
5175   2286 D6 20                              SUB     $20                 ; Move right one column
5176   2288 6F                                 LD      L,A                 ; New LSB
5177   2289 7C                                 LD      A,H                 ; Borrow into ...
5178   228A DE 00                              SBC     $00                 ; ... the ...
5179   228C 67                                 LD      H,A                 ; ... MSB
5180   228D 1D                                 DEC     E                   ; All columns done?
5181   228E C2 7A 22                           JP      NZ,L227A            ; no ... do all columns
5182   2291 C9                                 RET                         ; Done
5183   2292             ;*****************************************************************************
5184   2292             ;* Spiral step
5185   2292             ;*****************************************************************************
5186   2292             L2292:
5187   2292 21 B8 43                           LD      HL,LevelAndRound    ; 
5188   2295 7E                                 LD      A,(HL)              ;
5189   2296 E6 08                              AND     $08                 ; mask out 0000_1000
5190   2298 CA F0 22                           JP      Z,L22F0             ; 
5191   229B             ;*****************************************************************************
5192   229B             ;* Fill the entire background with stars (uses the whole `$1C00`–`$1CFF` page, including `$1CB4`–`$1CFF`).
5193   229B             ;* `L2292` copies the star page into background VRAM from `$4B3F` downward, reading `T1C00` with `INC L`
5194   229B             ;* (which wraps inside page `$1C`), until it has filled `$4800`–`$4B3F`.
5195   229B             ;*****************************************************************************
5196   229B 21 00 1C                           LD      HL,T1C00            ; Background stars to erase mother ship
5197   229E 11 3F 4B                           LD      DE,$4B3F            ; End of background screen memory
5198   22A1 06 47                              LD      B,$47               ;
5199   22A3             L22A3:
5200   22A3 7E                                 LD      A,(HL)              ;
5201   22A4 12                                 LD      (DE),A              ;
5202   22A5 2C                                 INC     L                   ;
5203   22A6 1B                                 DEC     DE                  ;
5204   22A7 7E                                 LD      A,(HL)              ;
5205   22A8 12                                 LD      (DE),A              ;
5206   22A9 2C                                 INC     L                   ;
5207   22AA 1B                                 DEC     DE                  ;
5208   22AB 78                                 LD      A,B                 ;
5209   22AC BA                                 CP      D                   ;
5210   22AD C2 A3 22                           JP      NZ,L22A3            ; 
5211   22B0 C3 E0 22                           JP      L22E0               ; 
5212   22B3             
5213   22B4                                    .ORG $22B4
5214   22B4             ;*****************************************************************************
5215   22B4             ;* Game level 9:
5216   22B4             ;* Mothership 'fade in' animation.
5217   22B4             ;*****************************************************************************
5218   22B4             L22B4:
5219   22B4 CD 7A 06                           CALL    StarsScrollDown     ; 
5220   22B7 21 B4 43                           LD      HL,CounterB4        ; 
5221   22BA 35                                 DEC     (HL)                ;
5222   22BB 7E                                 LD      A,(HL)              ;
5223   22BC FE 28                              CP      $28                 ;
5224   22BE C2 48 08                           JP      NZ,L0848            ; 
5225   22C1 2E 67                              LD      L,$67               ;
5226   22C3 36 FF                              LD      (HL),$FF            ;
5227   22C5 C9                                 RET                         ;
5228   22C6             
5229   22CA                                    .ORG $22CA
5230   22CA             ;*****************************************************************************
5231   22CA             ;* Game level A:
5232   22CA             ;* Mothership and aliens 'fade in'
5233   22CA             ;*****************************************************************************
5234   22CA             L22CA:
5235   22CA 21 B4 43                           LD      HL,CounterB4        ; 
5236   22CD 7E                                 LD      A,(HL)              ;
5237   22CE FE C0                              CP      $C0                 ;
5238   22D0 C2 34 08                           JP      NZ,L0834            ; Stars scrolling down and 'aliens fade in'
5239   22D3 36 30                              LD      (HL),$30            ;
5240   22D5 2E 67                              LD      L,$67               ;
5241   22D7 36 FF                              LD      (HL),$FF            ;
5242   22D9 2E BC                              LD      L,$BC               ;
5243   22DB 36 3F                              LD      (HL),$3F            ;
5244   22DD C9                                 RET                         ;
5245   22DE             
5246   22E0                                    .ORG $22E0
5247   22E0             ;
5248   22E0             L22E0:
5249   22E0 3E 71                              LD      A,$71               ; init the ...
5250   22E2             ;
5251   22E2             L22E2:
5252   22E2 32 B9 43                           LD      (CounterB9),A       ; free running 8 bit backwards counter
5253   22E5 32 00 58                           LD      (scrollRegister),A  ; 58xx scroll register
5254   22E8 C9                                 RET                         ;
5255   22E9             
5256   22F0                                    .ORG $22F0
5257   22F0             ;
5258   22F0             L22F0:
5259   22F0 CD A0 03                           CALL    ClearBackground     ; 
5260   22F3 AF                                 XOR     A                   ; A=0
5261   22F4 C3 E2 22                           JP      L22E2               ; 
5262   22F7             
5263   22FA                                    .ORG $22FA
5264   22FA             ;*****************************************************************************
5265   22FA             ;* Rotate the conveyor belt:
5266   22FA             ;* How the "rotation" actually works:
5267   22FA             ;* Each belt tile is a code in `$60`–`$6F`, i.e. `$60 + p` where `p` is a 4-bit phase (0–15)
5268   22FA             ;* that selects which frame of the belt-link graphic is shown. The routine treats that 4-bit phase as two 2-bit halves.
5269   22FA             ;* - high half = bits 2–3
5270   22FA             ;* - low half = bits 0–1
5271   22FA             ;* Walking up the belt column (`L -= $20` each step), every tile is rebuilt as:
5272   22FA             ;* new_phase = (previous_tile.low2 << 2) | (current_tile.high2)
5273   22FA             ;* new_tile  = $60 | new_phase
5274   22FA             ;* In other words:
5275   22FA             ;* - a tile's new high 2 bits come from the lower neighbour's old low 2 bits, and
5276   22FA             ;* - its new low 2 bits come from its own old high 2 bits.
5277   22FA             ;* That is a 2-bit-per-tile shift register running up the column:
5278   22FA             ;* Every animation step, the belt-link pattern marches exactly one 2-bit field up the chain.
5279   22FA             ;* The seed value read from `$488A` feeds a fresh pattern into the bottom of the chain each step,
5280   22FA             ;* so the motion is continuous and never runs out of pattern.
5281   22FA             ;* Because the cumulative effect is "every belt segment's pattern shifts one position along the belt each tick",
5282   22FA             ;* the row of `$60`–`$6F` tiles cycles through their link graphics in lock-step — which the eye reads as the belt rotating/conveying.
5283   22FA             ;*****************************************************************************
5284   22FA             L22FA:
5285   22FA 21 AA 4A                           LD      HL,BackgroundScreen+$2AA
5286   22FD 06 12                              LD      B,$12               
5287   22FF 3A 8A 48                           LD      A,(BackgroundScreen+$8A)
5288   2302 4F                                 LD      C,A                 
5289   2303             L2303:
5290   2303 79                                 LD      A,C                 
5291   2304 E6 03                              AND     $03                 
5292   2306 07                                 RLCA                        ; Multiply by 4 ..
5293   2307 07                                 RLCA                        ; ..
5294   2308 57                                 LD      D,A                 
5295   2309 4E                                 LD      C,(HL)              
5296   230A 79                                 LD      A,C                 
5297   230B E6 0C                              AND     $0C                 
5298   230D 0F                                 RRCA                        
5299   230E 0F                                 RRCA                        
5300   230F B2                                 OR      D                   
5301   2310 F6 60                              OR      $60                 
5302   2312 77                                 LD      (HL),A              
5303   2313 7D                                 LD      A,L                 
5304   2314 D6 20                              SUB     $20                 
5305   2316 6F                                 LD      L,A                 
5306   2317 D2 1B 23                           JP      NC,L231B            ; 
5307   231A 25                                 DEC     H                   
5308   231B             L231B:
5309   231B 05                                 DEC     B                   
5310   231C C2 03 23                           JP      NZ,L2303            ; 
5311   231F C9                                 RET                         
5312   2320             
5313   2322                                    .ORG $2322
5314   2322             ;*****************************************************************************
5315   2322             ;* Animation of the mothership's antenna and the alien pilot.
5316   2322             ;*****************************************************************************
5317   2322             L2322:
5318   2322 21 A7 43                           LD      HL,AnimationCounter ; 
5319   2325 34                                 INC     (HL)                ; increment the animation counter
5320   2326 7E                                 LD      A,(HL)              ;
5321   2327 E6 07                              AND     $07                 ; mask out 0000_0111, in order to count from 0 to 7 for 8 frames
5322   2329 07                                 RLCA                        ; Multiply by 8 ..
5323   232A 07                                 RLCA                        ; ..to get..
5324   232B 07                                 RLCA                        ; ..the frame data adress (8 characters per frame)
5325   232C C6 C0                              ADD     T1BC0 & $FF         ; LSB of T1BC0
5326   232E 6F                                 LD      L,A                 ;
5327   232F 26 1B                              LD      H,T1BC0 >> 8        ; MSB of T1BC0
5328   2331 11 A6 49                           LD      DE,BackgroundScreen+$1A6; at the middle of the mothership
5329   2334 01 02 04                           LD      BC,$0402            ; images are 2x4
5330   2337 C3 D6 0A                           JP      DrawImageCbyB       ; 
5331   233A             ; Intro-splash bird animation script table:
5332   233A             ; A list of bird shape indices that, played in order, make the attract-mode bird grow
5333   233A             ; from a twinkling star into a full flapping Phoenix and then shrink back.
5334   233A             ; Used at `DrawIntroBirdAnimationFrame` (`$21DC`).
5335   233A             ; The mapping is a two-level lookup:
5336   233A             ; M4399  --(>>3)-->  T233A[i] = shape index
5337   233A             ;                      |
5338   233A             ;                      +--(*8)--+--(+ M4399&7 phase)--> T3E08 entry --> bird tile-block address
5339   233A             ; So `T233A` is essentially a tiny animation timeline.
5340   233A             ; The index `M4399 >> 3` walks through it, each step lasting 8 ticks (during which `M4399 & 7` animates the wings),
5341   233A             ; turning the abstract growth/flap/shrink choreography into concrete shape indices that `DrawBirdObject` renders.
5342   233A             ; The trailing `FF` signals the end of the script (it's the sentinel the surrounding intro logic uses to know the sequence is finished).
5343   233A             T233A:
5344   233A 01 02 03 04                        .DB $01, $02, $03, $04, $05, $06, $07, $0A, $07, $0A, $07, $0A, $07, $0A, $07, $0A
5344   233E 05 06 07 0A 
5344   2342 07 0A 07 0A 
5344   2346 07 0A 07 0A 
5345   234A 09 08 04 03                        .DB $09, $08, $04, $03, $02, $01, $FF
5345   234E 02 01 FF 
5346   2351             
5347   2351             ;*****************************************************************************
5348   2351             ;* Mother-ship collision routine:
5349   2351             ;* During the mother-ship levels (game level ≥ 8), `L2000` -> `L24A0` calls `L2351`.
5350   2351             ;* It looks up the tile at the (scroll-adjusted) bullet position 
5351   2351             ;* and explicitly tests for the `$4C`–`$4F` group.
5352   2351             ;*****************************************************************************
5353   2351             L2351:
5354   2351 1A                                 LD      A,(DE)              
5355   2352 E6 08                              AND     $08                 
5356   2354 C8                                 RET     Z                   
5357   2355 7E                                 LD      A,(HL)              
5358   2356 2C                                 INC     L                   
5359   2357 6E                                 LD      L,(HL)              
5360   2358 C6 08                              ADD     $08                 
5361   235A 67                                 LD      H,A                 
5362   235B 3A B9 43                           LD      A,(CounterB9)       ; 
5363   235E 0F                                 RRCA                        
5364   235F 0F                                 RRCA                        
5365   2360 0F                                 RRCA                        
5366   2361 85                                 ADD     A,L                 
5367   2362 E6 1F                              AND     $1F                 
5368   2364 47                                 LD      B,A                 
5369   2365 7D                                 LD      A,L                 
5370   2366 E6 E0                              AND     $E0                 
5371   2368 B0                                 OR      B                   
5372   2369 6F                                 LD      L,A                 
5373   236A 7E                                 LD      A,(HL)              
5374   236B 47                                 LD      B,A                 
5375   236C E6 FC                              AND     $FC                 
5376   236E FE 4C                              CP      $4C                 
5377   2370 CA 7B 23                           JP      Z,L237B             ; 
5378   2373 E6 F0                              AND     $F0                 
5379   2375 FE 60                              CP      $60                 
5380   2377 CA 98 23                           JP      Z,L2398             ; 
5381   237A C9                                 RET                         
5382   237B             ;*****************************************************************************
5383   237B             ;* The mothership's protective shield was hit by a player bullet.
5384   237B             ;* Shield erosion.
5385   237B             ;* So a hit on a `$4C`–`$4F` tile does the following, with no score awarded:
5386   237B             ;* 1. The bullet is consumed (`AND $F7` clears the active bit) — the shot stops there; it does not punch through.
5387   237B             ;* 2. A "mother-ship hit" is registered (`$4366 = $FF`), which drives the hit sound effect.
5388   237B             ;* 3. The tile is decremented one step: `$4F -> $4E -> $4D -> $4C -> $4B`.
5389   237B             ;*    Because the four tiles are an increasing-density gradient, each shot visually "chips" the curved armour one notch thinner.
5390   237B             ;* 4. When a tile erodes to `$4B` it's cleared to `$00` (that chunk of shield is gone).
5391   237B             ;*    If the tile behind it is the solid hull `$5E`, that hull tile is turned into a fresh `$4F`,
5392   237B             ;*    i.e. the next layer of hull becomes the new erodible shield edge.
5393   237B             ;*****************************************************************************
5394   237B             L237B:
5395   237B 1A                                 LD      A,(DE)              
5396   237C E6 F7                              AND     $F7                 
5397   237E 12                                 LD      (DE),A              
5398   237F 3E FF                              LD      A,$FF               
5399   2381 32 66 43                           LD      (M4366),A           ; 
5400   2384 78                                 LD      A,B                 
5401   2385 3D                                 DEC     A                   
5402   2386 77                                 LD      (HL),A              
5403   2387 FE 4B                              CP      $4B                 
5404   2389 C0                                 RET     NZ                  
5405   238A 36 00                              LD      (HL),$00            
5406   238C 2D                                 DEC     L                   
5407   238D 7E                                 LD      A,(HL)              
5408   238E FE 5E                              CP      $5E                 
5409   2390 C0                                 RET     NZ                  
5410   2391 36 4F                              LD      (HL),$4F            
5411   2393 C9                                 RET                         
5412   2394             
5413   2398                                    .ORG $2398
5414   2398             ;*****************************************************************************
5415   2398             ;* Belt-hit handler:
5416   2398             ;*****************************************************************************
5417   2398             L2398:
5418   2398 1A                                 LD      A,(DE)              
5419   2399 E6 F7                              AND     $F7                 
5420   239B 12                                 LD      (DE),A              
5421   239C 1C                                 INC     E                   
5422   239D 1C                                 INC     E                   
5423   239E 1A                                 LD      A,(DE)              
5424   239F E6 04                              AND     $04                 
5425   23A1 78                                 LD      A,B                 
5426   23A2 C2 30 20                           JP      NZ,L2030            ; 
5427   23A5 E6 0C                              AND     $0C                 
5428   23A7 FE 04                              CP      $04                 
5429   23A9 11 40 1B                           LD      DE,$1B40            
5430   23AC             L23AC:
5431   23AC CA C0 23                           JP      Z,L23C0             ; 
5432   23AF 78                                 LD      A,B                 
5433   23B0 E6 0F                              AND     $0F                 
5434   23B2 83                                 ADD     A,E                 
5435   23B3 5F                                 LD      E,A                 
5436   23B4 1A                                 LD      A,(DE)              
5437   23B5 77                                 LD      (HL),A              
5438   23B6 3E FF                              LD      A,$FF               
5439   23B8 32 66 43                           LD      (M4366),A           ; 
5440   23BB C9                                 RET                         
5441   23BC             
5442   23C0                                    .ORG $23C0
5443   23C0             ;*****************************************************************************
5444   23C0             ;* The mothership will be destroyed if an alien pilot is hit.
5445   23C0             ;* If the hit lands on the belt segment directly in front of the alien pilot,
5446   23C0             ;* `L23AC` takes the `JP Z,L23C0` branch instead, which checks whether the tile behind
5447   23C0             ;* is a pilot tile (`$70`-range) and, if so, destroys the mother ship.
5448   23C0             ;*****************************************************************************
5449   23C0             L23C0:
5450   23C0 2D                                 DEC     L                   
5451   23C1 7E                                 LD      A,(HL)              
5452   23C2 E6 F0                              AND     $F0                 
5453   23C4 FE 70                              CP      $70                 
5454   23C6 C0                                 RET     NZ                  
5455   23C7 21 A4 43                           LD      HL,GameState        ; Next interval game state ...
5456   23CA 36 06                              LD      (HL),$06            ; ... is 6 (mother ship partikel explosion)
5457   23CC 2C                                 INC     L                   
5458   23CD 36 60                              LD      (HL),$60            
5459   23CF 2E 63                              LD      L,$63               
5460   23D1 36 FF                              LD      (HL),$FF            
5461   23D3 C9                                 RET                         
5462   23D4             
5463   23D6                                    .ORG $23D6
5464   23D6             ;*****************************************************************************
5465   23D6             ;* Background sound update.
5466   23D6             ;*****************************************************************************
5467   23D6             L23D6:
5468   23D6 21 B8 43                           LD      HL,LevelAndRound    ; 
5469   23D9 7E                                 LD      A,(HL)              ;
5470   23DA E6 0F                              AND     $0F                 ; mask out 0000_1111
5471   23DC FE 01                              CP      $01                 ;
5472   23DE CA 98 3A                           JP      Z,L3A98             ; if game level is 1 (1st alien wave)
5473   23E1 FE 03                              CP      $03                 ;
5474   23E3 CA 98 3A                           JP      Z,L3A98             ; if game level is 3 (2nd alien wave)
5475   23E6 FE 05                              CP      $05                 ;
5476   23E8 CA D0 3A                           JP      Z,L3AD0             ; if game level is 5 (1st bird wave)
5477   23EB FE 07                              CP      $07                 ;
5478   23ED CA D0 3A                           JP      Z,L3AD0             ; if game level is 7 (2nd bird wave)
5479   23F0 FE 09                              CP      $09                 ;
5480   23F2 D8                                 RET     C                   ; if game level is 9 (mothership 'fade in')
5481   23F3 FE 0B                              CP      $0B                 ;
5482   23F5 DA 02 3B                           JP      C,L3B02             ; if game level is B (mothership)
5483   23F8 CD 02 3B                           CALL    L3B02               ; Background sound for level B (mothership)
5484   23FB C3 98 3A                           JP      L3A98               ; Background sound for the alien waves
5485   23FE             
5486   2400                                    .ORG $2400
5487   2400             ;*****************************************************************************
5488   2400             ;* Game state 6.
5489   2400             ;* Mother ship partikel explosion.
5490   2400             ;*****************************************************************************
5491   2400             L2400:
5492   2400 CD 2C 24                           CALL    L242C               ; 
5493   2403 CA 52 25                           JP      Z,L2552             ; 
5494   2406 FE 20                              CP      $20                 
5495   2408 DA 6A 24                           JP      C,EraseMothership   ; 
5496   240B CA 20 25                           JP      Z,L2520             ; Calculation and display of the bonus score for mothership explosion
5497   240E 47                                 LD      B,A                 
5498   240F 0F                                 RRCA                        
5499   2410 00                                 NOP                         
5500   2411 78                                 LD      A,B                 
5501   2412 D2 E8 20                           JP      NC,L20E8            ; 
5502   2415 7B                                 LD      A,E                 
5503   2416 D6 05                              SUB     $05                 
5504   2418 C6 C0                              ADD     $C0                 
5505   241A 4F                                 LD      C,A                 
5506   241B 7A                                 LD      A,D                 
5507   241C CE 00                              ADC     $00                 
5508   241E 47                                 LD      B,A                 
5509   241F 7E                                 LD      A,(HL)              
5510   2420 11 00 2A                           LD      DE,T2A00            ; get the foreground tiles of the mothership particles explosion
5511   2423 21 00 2B                           LD      HL,T2B00            ; get the control data
5512   2426 C3 85 20                           JP      L2085               ; 
5513   2429             
5514   242C                                    .ORG $242C
5515   242C             ;
5516   242C             L242C:
5517   242C 21 B9 43                           LD      HL,CounterB9        ; 
5518   242F 7E                                 LD      A,(HL)              
5519   2430 E6 F8                              AND     $F8                 
5520   2432 77                                 LD      (HL),A              
5521   2433 32 00 58                           LD      (scrollRegister),A  ; 58xx scroll register
5522   2436 11 C6 41                           LD      DE,$41C6            
5523   2439 0F                                 RRCA                        
5524   243A 0F                                 RRCA                        
5525   243B 0F                                 RRCA                        
5526   243C 47                                 LD      B,A                 
5527   243D 7B                                 LD      A,E                 
5528   243E 90                                 SUB     B                   
5529   243F E6 1F                              AND     $1F                 
5530   2441 47                                 LD      B,A                 
5531   2442 7B                                 LD      A,E                 
5532   2443 E6 E0                              AND     $E0                 
5533   2445 B0                                 OR      B                   
5534   2446 5F                                 LD      E,A                 
5535   2447 2E A5                              LD      L,$A5               
5536   2449 35                                 DEC     (HL)                
5537   244A 7E                                 LD      A,(HL)              
5538   244B C9                                 RET                         
5539   244C             
5540   244C             ;*****************************************************************************
5541   244C             ;* Game state 7.
5542   244C             ;* Mother ship score display.
5543   244C             ;*****************************************************************************
5544   244C             L244C:
5545   244C 21 A5 43                           LD      HL,CounterA5        ; 
5546   244F 35                                 DEC     (HL)                ;
5547   2450 7E                                 LD      A,(HL)              ;
5548   2451 0F                                 RRCA                        ;
5549   2452 DA F0 06                           JP      C,L06F0             ; update scroll register and fill background
5550   2455 A7                                 AND     A                   ; updates the zero flag
5551   2456 C0                                 RET     NZ                  ;
5552   2457 2D                                 DEC     L                   ;
5553   2458 36 02                              LD      (HL),$02            ;
5554   245A 2E B8                              LD      L,$B8               ;
5555   245C 7E                                 LD      A,(HL)              ;
5556   245D E6 F0                              AND     $F0                 ;
5557   245F C6 10                              ADD     $10                 ; go to next round and ..
5558   2461 77                                 LD      (HL),A              ; .. store at LevelAndRound $43B8
5559   2462 2E BA                              LD      L,$BA               ;
5560   2464 36 10                              LD      (HL),$10            ; set AliensLeft to 16
5561   2466 C3 80 03                           JP      ClearForeground     ; 
5562   2469             
5563   246A                                    .ORG $246A
5564   246A             ;*****************************************************************************
5565   246A             ;* EraseMothership:
5566   246A             ;*****************************************************************************
5567   246A             EraseMothership:
5568   246A 01 14 09                           LD      BC,$0914            ; 20x9 image
5569   246D 11 C6 4A                           LD      DE,$4AC6            ; Screen coordinate of mother ship
5570   2470 21 00 1C                           LD      HL,$1C00            ; Background stars to erase the mother ship
5571   2473 C3 D6 0A                           JP      DrawImageCbyB       ; Erase the mother ship
5572   2476             ;
5573   2476             L2476:
5574   2476 78                                 LD      A,B                 
5575   2477 81                                 ADD     A,C                 
5576   2478 CD 95 24                           CALL    L2495               ; 
5577   247B 2E D3                              LD      L,$D3               
5578   247D 77                                 LD      (HL),A              
5579   247E 21 BB 43                           LD      HL,BirdsLeft        ; 
5580   2481 3E 08                              LD      A,$08               ; number of birds
5581   2483 96                                 SUB     (HL)                ;
5582   2484 07                                 RLCA                        ; Multiply by 2
5583   2485 2E 9A                              LD      L,$9A               
5584   2487 86                                 ADD     A,(HL)              
5585   2488 07                                 RLCA                        ; Multiply by 2
5586   2489 47                                 LD      B,A                 
5587   248A             ; Attack timing / launch slot
5588   248A 2E 6F                              LD      L,$6F               ; $436F (random)
5589   248C 7E                                 LD      A,(HL)              
5590   248D E6 1E                              AND     $1E                 
5591   248F 80                                 ADD     A,B                 ; B from (8-BirdsLeft) & Counter9A
5592   2490 32 D1 4B                           LD      (M4BD1),A           ; descent turnaround threshold (max depth)
5593   2493 C9                                 RET                         
5594   2494             
5595   2495                                    .ORG $2495
5596   2495             ;
5597   2495             L2495:
5598   2495 80                                 ADD     A,B                 
5599   2496 0D                                 DEC     C                   
5600   2497 C8                                 RET     Z                   
5601   2498 80                                 ADD     A,B                 
5602   2499 0D                                 DEC     C                   
5603   249A C8                                 RET     Z                   
5604   249B 80                                 ADD     A,B                 
5605   249C 0D                                 DEC     C                   
5606   249D C8                                 RET     Z                   
5607   249E 87                                 ADD     A,A                 
5608   249F C9                                 RET                         
5609   24A0             ;
5610   24A0             L24A0:
5611   24A0 3A B8 43                           LD      A,(LevelAndRound)   ; 
5612   24A3 E6 0F                              AND     $0F                 ; mask out 0000_1111
5613   24A5 FE 08                              CP      $08                 ;
5614   24A7 D8                                 RET     C                   ; return if game level < 8
5615   24A8 11 C4 43                           LD      DE,PlayerBulletState
5616   24AB 21 E6 43                           LD      HL,AbovePlayerBulletMSB
5617   24AE CD 51 23                           CALL    L2351               ; 
5618   24B1 3A 9B 43                           LD      A,(Counter9A+$1)    ; 
5619   24B4 E6 03                              AND     $03                 ; mask out 0000_0011
5620   24B6 FE 03                              CP      $03                 ;
5621   24B8 C0                                 RET     NZ                  ; return if <> 3
5622   24B9 C3 F2 24                           JP      L24F2               ; 
5623   24BC             
5624   24C4                                    .ORG $24C4
5625   24C4             ;*****************************************************************************
5626   24C4             ;* The mother-ship level handlers (`L2130`/`L2146`/`L21BA`/`L21C5`) all call `L24C4` every frame.
5627   24C4             ;* `L24C4` bumps a frame counter (`$43AA`) and time-slices two animations:
5628   24C4             ;* The antenna/pilot animation `L2322` runs on 3 of every 4 frames,
5629   24C4             ;* and the belt rotation `L22FA` runs on the 4th.
5630   24C4             ;*****************************************************************************
5631   24C4             L24C4:
5632   24C4 3A B8 43                           LD      A,(LevelAndRound)   ; 
5633   24C7 E6 0F                              AND     $0F                 ; mask out 0000_1111
5634   24C9 FE 08                              CP      $08                 ;
5635   24CB DA F0 06                           JP      C,L06F0             ; update scroll register and fill background if game level < 8
5636   24CE CD E0 24                           CALL    L24E0               ; 
5637   24D1 21 AA 43                           LD      HL,M43AA            ; 
5638   24D4 34                                 INC     (HL)                ;
5639   24D5 7E                                 LD      A,(HL)              ;
5640   24D6 E6 03                              AND     $03                 ; mask out 0000_0011
5641   24D8 CA FA 22                           JP      Z,L22FA             ; if $43AA <> 3
5642   24DB C3 22 23                           JP      L2322               ; Animation of the mothership's antenna and the alien pilot
5643   24DE             
5644   24E0                                    .ORG $24E0
5645   24E0             ;
5646   24E0             L24E0:
5647   24E0 3A AA 43                           LD      A,(M43AA)           ; 
5648   24E3 E6 0F                              AND     $0F                 
5649   24E5 C0                                 RET     NZ                  
5650   24E6 3A B9 43                           LD      A,(CounterB9)       ; 
5651   24E9 FE A0                              CP      $A0                 
5652   24EB D8                                 RET     C                   
5653   24EC C3 7A 06                           JP      StarsScrollDown     ; 
5654   24EF             
5655   24F2                                    .ORG $24F2
5656   24F2             ;*****************************************************************************
5657   24F2             ;* Mother ship bomb attack (reached from L24A0 on level >= 8, when
5658   24F2             ;* Counter9A+1 & 3 == 3). Randomly targets the player's column, then fires.
5659   24F2             ;* Purpose:
5660   24F2             ;* On mother ship levels this fires a bomb only when a random number happens
5661   24F2             ;* to line up horizontally with the player ship (a "semi aimed" attack,
5662   24F2             ;* further rate limited by the `Counter9A` gate). It builds the bomb's `B`=X / `C`=Y
5663   24F2             ;* (Y derived from the scroll counter) and jumps into the shared spawner `L25B7`.
5664   24F2             ;* The two `PUSH HL` match the two `POP HL` that `L25B7`/`L25E0` do on exit.
5665   24F2             ;*****************************************************************************
5666   24F2             L24F2:
5667   24F2 CD AA 30                           CALL    GetRandomNumber     ; 
5668   24F5 C6 60                              ADD     $60                 
5669   24F7 00                                 NOP                         
5670   24F8 47                                 LD      B,A                 
5671   24F9 21 9B 43                           LD      HL,Counter9A+$1    ; 
5672   24FC E6 0E                              AND     $0E                 
5673   24FE A6                                 AND     (HL)                
5674   24FF C0                                 RET     NZ                  
5675   2500 3A 9E 43                           LD      A,(M439E)           ; 
5676   2503 B8                                 CP      B                   
5677   2504 D0                                 RET     NC                  
5678   2505 3A 9F 43                           LD      A,(M439F)           ; 
5679   2508 B8                                 CP      B                   
5680   2509 D8                                 RET     C                   
5681   250A 78                                 LD      A,B                 
5682   250B D6 04                              SUB     $04                 
5683   250D 47                                 LD      B,A                 
5684   250E 3A B9 43                           LD      A,(CounterB9)       ; 
5685   2511 2F                                 CPL                         
5686   2512 3C                                 INC     A                   
5687   2513 E6 F8                              AND     $F8                 
5688   2515 C6 48                              ADD     $48                 
5689   2517 4F                                 LD      C,A                 
5690   2518 E5                                 PUSH    HL                  
5691   2519 E5                                 PUSH    HL                  
5692   251A C3 B7 25                           JP      L25B7               ; 
5693   251D             
5694   2520                                    .ORG $2520
5695   2520             ;*****************************************************************************
5696   2520             ;* The 'alien pilot' at mothership was hit.
5697   2520             ;* Calculation and display of the bonus score for mothership explosion.
5698   2520             ;*****************************************************************************
5699   2520             L2520:
5700   2520 D5                                 PUSH    DE                  ;
5701   2521 CD 80 03                           CALL    ClearForeground     ; remove all but the rest of the mothership
5702   2524 D1                                 POP     DE                  ;
5703   2525 3A B9 43                           LD      A,(CounterB9)       ; get value from 8 bit backwards counter
5704   2528 C6 60                              ADD     $60                 ; use it for a ...
5705   252A 0F                                 RRCA                        ; ... score value
5706   252B 47                                 LD      B,A                 ; save it
5707   252C 3A B8 43                           LD      A,(LevelAndRound)   ; 
5708   252F E6 F0                              AND     $F0                 ; mask out 1111_0000 (bit4 - 7: game round)
5709   2531 80                                 ADD     A,B                 ; add score value
5710   2532 06 90                              LD      B,$90               ;
5711   2534 DA 3D 25                           JP      C,L253D             ; 
5712   2537 FE 90                              CP      $90                 ;
5713   2539 D2 3D 25                           JP      NC,L253D            ; 
5714   253C 47                                 LD      B,A                 ;
5715   253D             L253D:
5716   253D AF                                 XOR     A                   ; A=0
5717   253E 78                                 LD      A,B                 ;
5718   253F 27                                 DAA                         ; adjust for BCD
5719   2540 21 9D 43                           LD      HL,M439D            ; 
5720   2543 77                                 LD      (HL),A              ; set value for fist two digits of BCD score
5721   2544 2C                                 INC     L                   ;
5722   2545 36 00                              LD      (HL),$00            ; last two digits of BCD score set to '00'
5723   2547 7B                                 LD      A,E                 ; get LSB of screen ram...
5724   2548 D6 5E                              SUB     $5E                 ; ...
5725   254A 5F                                 LD      E,A                 ; ...
5726   254B 06 04                              LD      B,$04               ; number of digits to print
5727   254D C3 C4 00                           JP      PrintNumber         ; score for mothership explosion
5728   2550             
5729   2552                                    .ORG $2552
5730   2552             ;
5731   2552             L2552:
5732   2552 2E A4                              LD      L,$A4               ;
5733   2554 36 07                              LD      (HL),$07            
5734   2556 2C                                 INC     L                   
5735   2557 36 40                              LD      (HL),$40            
5736   2559 2E 6B                              LD      L,$6B               
5737   255B 36 FF                              LD      (HL),$FF            
5738   255D C9                                 RET                         
5739   255E             
5740   2560                                    .ORG $2560
5741   2560             ;*****************************************************************************
5742   2560             ;* Alien bomb-drop: pick a group of 8 aliens, find one lined up with the
5743   2560             ;* player at attack depth, and fire an enemy bullet at it.
5744   2560             ;* Purpose:
5745   2560             ;* `L2560` is the alien bomb drop selector. 
5746   2560             ;* It picks one of two 8 alien groups (alternating on `Counter93`),
5747   2560             ;* computes the player's horizontal window (`B`,`C`) and the required attack depth `D`
5748   2560             ;* (scaled by the attack escalation counter `$4357`), then scans the group with `L2596`.
5749   2560             ;*****************************************************************************
5750   2560             L2560:
5751   2560 21 93 43                           LD      HL,Counter93            ; 
5752   2563 7E                                 LD      A,(HL)              
5753   2564 E6 01                              AND     $01                 
5754   2566 07                                 RLCA                        ; Multiply by 32 ..
5755   2567 07                                 RLCA                        ; ..
5756   2568 07                                 RLCA                        ; ..
5757   2569 07                                 RLCA                        ; ..
5758   256A 07                                 RLCA                        ; ..
5759   256B C6 70                              ADD     $70                 
5760   256D 6F                                 LD      L,A                 
5761   256E 26 4B                              LD      H,$4B               
5762   2570 1E 08                              LD      E,$08               
5763   2572 3A 57 43                           LD      A,(M4357)           ; 
5764   2575 07                                 RLCA                        ; Multiply by 8 ..
5765   2576 07                                 RLCA                        ; ..
5766   2577 07                                 RLCA                        ; ..
5767   2578 00                                 NOP                         
5768   2579 C6 AD                              ADD     $AD                 
5769   257B 57                                 LD      D,A                 
5770   257C 3A 9F 43                           LD      A,(M439F)           ; 
5771   257F C6 03                              ADD     $03                 
5772   2581 4F                                 LD      C,A                 
5773   2582 3A 9E 43                           LD      A,(M439E)           ; 
5774   2585 D6 0A                              SUB     $0A                 
5775   2587 47                                 LD      B,A                 
5776   2588             L2588:
5777   2588 E5                                 PUSH    HL                  
5778   2589 CD 96 25                           CALL    L2596               ; 
5779   258C E1                                 POP     HL                  
5780   258D 7D                                 LD      A,L                 
5781   258E C6 04                              ADD     $04                 
5782   2590 6F                                 LD      L,A                 
5783   2591 1D                                 DEC     E                   
5784   2592 C2 88 25                           JP      NZ,L2588            ; 
5785   2595 C9                                 RET                         
5786   2596             ;*****************************************************************************
5787   2596             ;* Per-alien attack candidacy test. HL -> alien entry.
5788   2596             ;* Must be active, valid shape, horizontally over the player, and deep enough.
5789   2596             ;* `L2596` accepts an alien that is active, a valid shape, horizontally over the player,
5790   2596             ;* and deep enough on screen. When one qualifies it loads its position into `B`/`C` and drops into `L25B7`.
5791   2596             ;*****************************************************************************
5792   2596             L2596:
5793   2596 7E                                 LD      A,(HL)              
5794   2597 E6 08                              AND     $08                 
5795   2599 C8                                 RET     Z                   
5796   259A 2C                                 INC     L                   
5797   259B 7E                                 LD      A,(HL)              
5798   259C FE 08                              CP      $08                 
5799   259E C8                                 RET     Z                   
5800   259F FE 88                              CP      $88                 
5801   25A1 D0                                 RET     NC                  
5802   25A2 2C                                 INC     L                   
5803   25A3 7E                                 LD      A,(HL)              
5804   25A4 B8                                 CP      B                   
5805   25A5 D8                                 RET     C                   
5806   25A6 B9                                 CP      C                   
5807   25A7 D0                                 RET     NC                  
5808   25A8 2C                                 INC     L                   
5809   25A9 7E                                 LD      A,(HL)              
5810   25AA BA                                 CP      D                   
5811   25AB D0                                 RET     NC                  
5812   25AC FE 80                              CP      $80                 
5813   25AE D8                                 RET     C                   
5814   25AF 00                                 NOP                         
5815   25B0 00                                 NOP                         
5816   25B1 00                                 NOP                         
5817   25B2 00                                 NOP                         
5818   25B3 00                                 NOP                         
5819   25B4 4F                                 LD      C,A                 
5820   25B5 2D                                 DEC     L                   
5821   25B6 46                                 LD      B,(HL)              
5822   25B7             ;*****************************************************************************
5823   25B7             ;* Fire the enemy bullet (shared by alien and mother-ship attacks):
5824   25B7             ;* Finds a free enemy-bullet slot (max 3/4/5 depending on round) and,
5825   25B7             ;* if one exists, activates it at `(B,C)`; if all slots are busy
5826   25B7             ;* it returns up two stack levels (cancelling the scan for this frame).
5827   25B7             ;*****************************************************************************
5828   25B7             L25B7:
5829   25B7 3A B8 43                           LD      A,(LevelAndRound)   ; 
5830   25BA 16 03                              LD      D,$03               ;
5831   25BC FE 10                              CP      $10                 ; 0001_0000
5832   25BE DA CA 25                           JP      C,L25CA             ; if game round < 1
5833   25C1 16 04                              LD      D,$04               ;
5834   25C3 FE 20                              CP      $20                 ; 0010_0000
5835   25C5 DA CA 25                           JP      C,L25CA             ; if game round < 2
5836   25C8 16 05                              LD      D,$05               ;
5837   25CA             L25CA:
5838   25CA 21 CC 43                           LD      HL,AlienBullet0State
5839   25CD             L25CD:
5840   25CD 7E                                 LD      A,(HL)              ;
5841   25CE E6 08                              AND     $08                 ; mask out 0000_1000
5842   25D0 CA E0 25                           JP      Z,L25E0             ; 
5843   25D3 7D                                 LD      A,L                 
5844   25D4 C6 04                              ADD     $04                 
5845   25D6 6F                                 LD      L,A                 
5846   25D7 15                                 DEC     D                   
5847   25D8 C2 CD 25                           JP      NZ,L25CD            ; 
5848   25DB E1                                 POP     HL                  
5849   25DC E1                                 POP     HL                  
5850   25DD C9                                 RET                         
5851   25DE             
5852   25E0                                    .ORG $25E0
5853   25E0             ;*****************************************************************************
5854   25E0             ;* Bullet spawner:
5855   25E0             ;* It fills that slot — marking it active, computing a bullet character/type from the position,
5856   25E0             ;* and storing the X/Y. The paired `POP HL` at the ends unwind the two dummy
5857   25E0             ;* stack frames the callers pushed, so control returns cleanly
5858   25E0             ;* regardless of whether a bullet was actually fired.
5859   25E0             ;*****************************************************************************
5860   25E0             L25E0:
5861   25E0 78                                 LD      A,B                 
5862   25E1 C6 04                              ADD     $04                 
5863   25E3 47                                 LD      B,A                 
5864   25E4 79                                 LD      A,C                 
5865   25E5 C6 0C                              ADD     $0C                 
5866   25E7 4F                                 LD      C,A                 
5867   25E8 36 08                              LD      (HL),$08            
5868   25EA 2C                                 INC     L                   
5869   25EB 78                                 LD      A,B                 
5870   25EC 0F                                 RRCA                        
5871   25ED E6 03                              AND     $03                 
5872   25EF 57                                 LD      D,A                 
5873   25F0 79                                 LD      A,C                 
5874   25F1 E6 04                              AND     $04                 
5875   25F3 82                                 ADD     A,D                 
5876   25F4 C6 58                              ADD     $58                 
5877   25F6 77                                 LD      (HL),A              
5878   25F7 2C                                 INC     L                   
5879   25F8 70                                 LD      (HL),B              
5880   25F9 2C                                 INC     L                   
5881   25FA 71                                 LD      (HL),C              
5882   25FB E1                                 POP     HL                  
5883   25FC E1                                 POP     HL                  
5884   25FD C9                                 RET                         
5885   25FE             
5886   2600                                    .ORG $2600
5887   2600             ;*****************************************************************************
5888   2600             ;* Birds vertical movement update (with 58xx scroll register).
5889   2600             ;*****************************************************************************
5890   2600             L2600:
5891   2600 00                                 NOP                         ; Old command removed or space for a future replace patch
5892   2601 00                                 NOP                         ; ..
5893   2602 00                                 NOP                         ; ..
5894   2603 00                                 NOP                         ; ..
5895   2604 00                                 NOP                         ; ..
5896   2605 3A B9 43                           LD      A,(CounterB9)       ; 
5897   2608 2F                                 CPL                         
5898   2609 0F                                 RRCA                        
5899   260A 0F                                 RRCA                        
5900   260B 0F                                 RRCA                        
5901   260C E6 1F                              AND     $1F                 
5902   260E 21 D2 4B                           LD      HL,M4BD2            ; 
5903   2611 77                                 LD      (HL),A              
5904   2612 2C                                 INC     L                   
5905   2613 3A D1 4B                           LD      A,(M4BD1)           ; 
5906   2616 BE                                 CP      (HL)                
5907   2617 DA 50 26                           JP      C,L2650             ; 
5908   261A 3A D5 4B                           LD      A,(M4BD5)           ; 
5909   261D 57                                 LD      D,A                 
5910   261E E6 03                              AND     $03                 
5911   2620 5F                                 LD      E,A                 
5912   2621 3A 9B 43                           LD      A,(Counter9A+$1)    ; 
5913   2624 07                                 RLCA                        ; Multiply by 4 ..
5914   2625 07                                 RLCA                        ; ..
5915   2626 E6 0C                              AND     $0C                 
5916   2628 83                                 ADD     A,E                 
5917   2629 C6 D0                              ADD     $D0                 
5918   262B 6F                                 LD      L,A                 
5919   262C 26 3E                              LD      H,$3E               
5920   262E 7A                                 LD      A,D                 
5921   262F 0F                                 RRCA                        
5922   2630 0F                                 RRCA                        
5923   2631 E6 07                              AND     $07                 
5924   2633 86                                 ADD     A,(HL)              
5925   2634 57                                 LD      D,A                 
5926   2635 3A B9 43                           LD      A,(CounterB9)       ; 
5927   2638 92                                 SUB     D                   
5928   2639             L2639:
5929   2639 32 B9 43                           LD      (CounterB9),A       ; 
5930   263C 32 00 58                           LD      (scrollRegister),A  ; 58xx scroll register
5931   263F 3A 9B 43                           LD      A,(Counter9A+$1)    ; 
5932   2642 0F                                 RRCA                        
5933   2643 D2 D0 26                           JP      NC,L26D0            ; 
5934   2646 CD 68 26                           CALL    L2668               ; 
5935   2649 C3 AA 26                           JP      L26AA               ; 
5936   264C             
5937   2650                                    .ORG $2650
5938   2650             ;
5939   2650             L2650:
5940   2650 2C                                 INC     L                   ;
5941   2651 3A 9B 43                           LD      A,(Counter9A+$1)    ; 
5942   2654 07                                 RLCA                        ; Multiply by 4 ..
5943   2655 07                                 RLCA                        ; ..
5944   2656 E6 0C                              AND     $0C                 
5945   2658 86                                 ADD     A,(HL)              
5946   2659 C6 D0                              ADD     $D0                 
5947   265B 6F                                 LD      L,A                 
5948   265C 26 3E                              LD      H,$3E               
5949   265E 3A B9 43                           LD      A,(CounterB9)       ; 
5950   2661 86                                 ADD     A,(HL)              
5951   2662 C3 39 26                           JP      L2639               ; 
5952   2665 D2 AE 26                           JP      NC,L26AE            ; 
5953   2668             
5954   2668             ;
5955   2668             L2668:
5956   2668 3A 6E 43                           LD      A,(M436E)           ; 
5957   266B 00                                 NOP                         
5958   266C 47                                 LD      B,A                 
5959   266D 3A 9A 43                           LD      A,(Counter9A)       ; 
5960   2670 FE 18                              CP      $18                 
5961   2672 DA 76 26                           JP      C,L2676             ; 
5962   2675 04                                 INC     B                   
5963   2676             L2676:
5964   2676 FE 10                              CP      $10                 
5965   2678 DA 7C 26                           JP      C,L267C             ; 
5966   267B 04                                 INC     B                   
5967   267C             L267C:
5968   267C 3A BA 43                           LD      A,(AliensLeft)      ; 
5969   267F FE 03                              CP      $03                 
5970   2681 D2 85 26                           JP      NC,L2685            ; 
5971   2684 04                                 INC     B                   
5972   2685             L2685:
5973   2685 3A D6 4B                           LD      A,(M4BD6)           ; 
5974   2688 C6 E0                              ADD     $E0                 
5975   268A 6F                                 LD      L,A                 
5976   268B 26 3E                              LD      H,$3E               
5977   268D 78                                 LD      A,B                 
5978   268E BE                                 CP      (HL)                
5979   268F DA 93 26                           JP      C,L2693             ; 
5980   2692 7E                                 LD      A,(HL)              
5981   2693             L2693:
5982   2693 57                                 LD      D,A                 
5983   2694 3A BB 43                           LD      A,(BirdsLeft)       ; 
5984   2697 FE 04                              CP      $04                 
5985   2699 D2 9D 26                           JP      NC,L269D            ; 
5986   269C 14                                 INC     D                   
5987   269D             L269D:
5988   269D FE 02                              CP      $02                 
5989   269F D2 A3 26                           JP      NC,L26A3            ; 
5990   26A2 14                                 INC     D                   
5991   26A3             L26A3:
5992   26A3 7A                                 LD      A,D                 
5993   26A4 32 D5 4B                           LD      (M4BD5),A           ; 
5994   26A7 C9                                 RET                         
5995   26A8             
5996   26AA                                    .ORG $26AA
5997   26AA             L26AA:
5998   26AA 21 D3 4B                           LD      HL,M4BD3            ; countdown timer between bird attacks ("bird extended storage")
5999   26AD 7E                                 LD      A,(HL)              
6000   26AE             L26AE:
6001   26AE 35                                 DEC     (HL)                
6002   26AF A7                                 AND     A                   ; updates the zero flag
6003   26B0 C0                                 RET     NZ                  
6004   26B1 34                                 INC     (HL)                
6005   26B2 2E D6                              LD      L,$D6               
6006   26B4 7E                                 LD      A,(HL)              
6007   26B5 FE 16                              CP      $16                 
6008   26B7 D0                                 RET     NC                  
6009   26B8 FE 08                              CP      $08                 
6010   26BA D8                                 RET     C                   
6011   26BB 2C                                 INC     L                   
6012   26BC 96                                 SUB     (HL)                
6013   26BD 07                                 RLCA                        ; Multiply by 2
6014   26BE 47                                 LD      B,A                 
6015   26BF             ; Attack sub-pattern selector
6016   26BF 3A 6F 43                           LD      A,(M436F)           ; 
6017   26C2 E6 03                              AND     $03                 
6018   26C4 2E D4                              LD      L,$D4               
6019   26C6 77                                 LD      (HL),A              
6020   26C7 2F                                 CPL                         
6021   26C8 E6 03                              AND     $03                 
6022   26CA 3C                                 INC     A                   
6023   26CB 4F                                 LD      C,A                 
6024   26CC C3 76 24                           JP      L2476               ; 
6025   26CF             
6026   26D0                                    .ORG $26D0
6027   26D0             ;
6028   26D0             L26D0:
6029   26D0 21 A8 4B                           LD      HL,M4BA8            ; 
6030   26D3 01 00 08                           LD      BC,$0800            
6031   26D6 11 00 80                           LD      DE,$8000            
6032   26D9             L26D9:
6033   26D9 7E                                 LD      A,(HL)              
6034   26DA A7                                 AND     A                   ; updates the zero flag
6035   26DB CA E5 26                           JP      Z,L26E5             ; 
6036   26DE 7A                                 LD      A,D                 
6037   26DF 07                                 RLCA                        ; Multiply by 2
6038   26E0 D2 E4 26                           JP      NC,L26E4            ; 
6039   26E3 51                                 LD      D,C                 
6040   26E4             L26E4:
6041   26E4 59                                 LD      E,C                 
6042   26E5             L26E5:
6043   26E5 0C                                 INC     C                   
6044   26E6 7D                                 LD      A,L                 
6045   26E7 90                                 SUB     B                   
6046   26E8 6F                                 LD      L,A                 
6047   26E9 FE 68                              CP      $68                 
6048   26EB C2 D9 26                           JP      NZ,L26D9            ; 
6049   26EE 3A D2 4B                           LD      A,(M4BD2)           ; 
6050   26F1 82                                 ADD     A,D                 
6051   26F2 83                                 ADD     A,E                 
6052   26F3 E6 1F                              AND     $1F                 
6053   26F5 32 D6 4B                           LD      (M4BD6),A           ; 
6054   26F8 7B                                 LD      A,E                 
6055   26F9 92                                 SUB     D                   
6056   26FA 32 D7 4B                           LD      (M4BD7),A           ; 
6057   26FD C9                                 RET                         
6058   26FE             
6059   2700                                    .ORG $2700
6060   2700             ;*****************************************************************************
6061   2700             ;* Handles the scoring, and the update of sound control HW.
6062   2700             ;*****************************************************************************
6063   2700             UpdateScoresAndSound:
6064   2700 21 A2 43                           LD      HL,GameOrAttract    ; 
6065   2703 7E                                 LD      A,(HL)              ; get it
6066   2704 A7                                 AND     A                   ; updates the zero flag
6067   2705 C8                                 RET     Z                   ; if GameOrAttract is 'Attract mode'.
6068   2706 2C                                 INC     L                   ;
6069   2707 7E                                 LD      A,(HL)              ; get GameAndDemoOrSplash
6070   2708 E6 01                              AND     $01                 ; mask out 0000_0001 'Game for player 2'
6071   270A 07                                 RLCA                        ; Multiply by 4 ..
6072   270B 07                                 RLCA                        ; ..
6073   270C C6 83                              ADD     $83                 ;
6074   270E 6F                                 LD      L,A                 ;
6075   270F 3E FF                              LD      A,$FF               ;
6076   2711 32 97 43                           LD      (M4397),A           ; 
6077   2714 11 70 43                           LD      DE,M4370            ; 
6078   2717             L2717:
6079   2717 CD 48 27                           CALL    L2748               ; add score values for all enemies hit.
6080   271A 1C                                 INC     E                   ;
6081   271B 1C                                 INC     E                   ;
6082   271C 1C                                 INC     E                   ;
6083   271D 7B                                 LD      A,E                 ;
6084   271E FE 80                              CP      $80                 ; from $4370 to $4380
6085   2720 C2 17 27                           JP      NZ,L2717            ; 
6086   2723 1E 9D                              LD      E,$9D               ;
6087   2725 3A A4 43                           LD      A,(GameState)       ; 
6088   2728 FE 06                              CP      $06                 ;
6089   272A C2 39 27                           JP      NZ,L2739            ; 
6090   272D 1A                                 LD      A,(DE)              ;
6091   272E 47                                 LD      B,A                 ;
6092   272F 0E 00                              LD      C,$00               ;
6093   2731 CD 20 02                           CALL    AddToScore          ; 
6094   2734 AF                                 XOR     A                   ; A=0
6095   2735 12                                 LD      (DE),A              ;
6096   2736 32 97 43                           LD      (M4397),A           ; 
6097   2739             L2739:
6098   2739 3A 97 43                           LD      A,(M4397)           ; 
6099   273C A7                                 AND     A                   ; updates the zero flag
6100   273D CC 68 27                           CALL    Z,L2768             ; if $4397 is 0.
6101   2740 CD A8 27                           CALL    UpdateSoundControlHW
6102   2743 C3 10 3A                           JP      L3A10               ; 
6103   2746             
6104   2748                                    .ORG $2748
6105   2748             ;*****************************************************************************
6106   2748             ;* Add score values for enemies hit.
6107   2748             ;*****************************************************************************
6108   2748             L2748:
6109   2748 1A                                 LD      A,(DE)              ; get $4370
6110   2749 1C                                 INC     E                   ;
6111   274A FE 01                              CP      $01                 ;
6112   274C C0                                 RET     NZ                  ; if not 1
6113   274D 1A                                 LD      A,(DE)              ;
6114   274E A7                                 AND     A                   ; updates the zero flag
6115   274F C8                                 RET     Z                   ;
6116   2750 0F                                 RRCA                        ; enemy has been hit
6117   2751 0F                                 RRCA                        ;
6118   2752 0F                                 RRCA                        ;
6119   2753 0F                                 RRCA                        ;
6120   2754 47                                 LD      B,A                 ;
6121   2755 E6 F0                              AND     $F0                 ;
6122   2757 4F                                 LD      C,A                 ;
6123   2758 78                                 LD      A,B                 ;
6124   2759 E6 0F                              AND     $0F                 ;
6125   275B 47                                 LD      B,A                 ;
6126   275C CD 20 02                           CALL    AddToScore          ; 
6127   275F AF                                 XOR     A                   ; Clear A Reg.
6128   2760 12                                 LD      (DE),A              ; clear the temp. score storage and ...
6129   2761 32 97 43                           LD      (M4397),A           ; ... the first two digits of BCD score value
6130   2764 C9                                 RET                         ;
6131   2765             
6132   2768                                    .ORG $2768
6133   2768             ;*****************************************************************************
6134   2768             ;* Score-display
6135   2768             ;* Together with `$43BE` (`BonusLivesAt`), these make a contiguous 3 byte BCD value
6136   2768             ;* (`$43BD` = low, `$43BE` = middle, `$43BF` = high).
6137   2768             ;* `$43BE` is loaded from the DIP switches to `$30/$40/$50/$60`,
6138   2768             ;* the "extra ship at 3000/4000/5000/6000 points" setting,
6139   2768             ;* and `$43BD`/`$43BF` are its companion digit bytes (zeroed at init).
6140   2768             ;* This 3-byte threshold is checked against the player's score,
6141   2768             ;* using the 3 byte BCD compare `L0314`.
6142   2768             ;*****************************************************************************
6143   2768             L2768:
6144   2768 E5                                 PUSH    HL                  
6145   2769 11 61 42                           LD      DE,$4261            ; end of the screen area of player 1 score
6146   276C 06 06                              LD      B,$06               ; number of digits to print
6147   276E 3A A3 43                           LD      A,(GameAndDemoOrSplash)
6148   2771 A7                                 AND     A                   ; updates the zero flag
6149   2772 CA 78 27                           JP      Z,$2778             ; if GameAndDemoOrSplash is 'Game and demo for player 1'
6150   2775 11 21 40                           LD      DE,$4021            ; end of the screen area of player 2 score
6151   2778 CD C4 00                           CALL    PrintNumber         ; update the score on screen
6152   277B E1                                 POP     HL                  
6153   277C 11 BD 43                           LD      DE,M43BD            ; 
6154   277F EB                                 EX      DE,HL               
6155   2780 7E                                 LD      A,(HL)              
6156   2781 2C                                 INC     L                   
6157   2782 B6                                 OR      (HL)                
6158   2783 C8                                 RET     Z                   
6159   2784 2C                                 INC     L                   
6160   2785 EB                                 EX      DE,HL               
6161   2786 CD 14 03                           CALL    L0314               ; 
6162   2789 D0                                 RET     NC                  
6163   278A 3A A3 43                           LD      A,(GameAndDemoOrSplash)
6164   278D C6 90                              ADD     $90                 
6165   278F 6F                                 LD      L,A                 
6166   2790 34                                 INC     (HL)                
6167   2791 CD 67 03                           CALL    UpdateLivesScreen   ; 
6168   2794 3E FF                              LD      A,$FF               
6169   2796 32 6A 43                           LD      (M436A),A           ; 
6170   2799 2E BE                              LD      L,$BE               
6171   279B 7E                                 LD      A,(HL)              
6172   279C 36 00                              LD      (HL),$00            
6173   279E 0F                                 RRCA                        
6174   279F 0F                                 RRCA                        
6175   27A0 0F                                 RRCA                        
6176   27A1 0F                                 RRCA                        
6177   27A2 2D                                 DEC     L                   
6178   27A3 77                                 LD      (HL),A              
6179   27A4 C9                                 RET                         
6180   27A5             
6181   27A8                                    .ORG $27A8
6182   27A8             ;*****************************************************************************
6183   27A8             ;* Update the sound control hardware registers
6184   27A8             ;*****************************************************************************
6185   27A8             UpdateSoundControlHW:
6186   27A8 21 8C 43                           LD      HL,SoundControlA    ; ..
6187   27AB 7E                                 LD      A,(HL)              ; .. to
6188   27AC 32 00 60                           LD      (SOUNDCTLA),A       ; 60xx sound A
6189   27AF 2C                                 INC     L                   ; SoundControlB ..
6190   27B0 7E                                 LD      A,(HL)              ; .. to
6191   27B1 32 00 68                           LD      (SOUNDCTLB),A       ; 68xx sound B
6192   27B4 F6 0F                              OR      $0F                 ; 0000_1111
6193   27B6 77                                 LD      (HL),A              ;
6194   27B7 2D                                 DEC     L                   ;
6195   27B8 36 0F                              LD      (HL),$0F            ;
6196   27BA C9                                 RET                         ;
6197   27BB             
6198   27BD                                    .ORG $27BD
6199   27BD             ;*****************************************************************************
6200   27BD             ;* Sound for player bullet or ship explosion.
6201   27BD             ;*****************************************************************************
6202   27BD             L27BD:
6203   27BD 21 63 43                           LD      HL,ParticleExplosion
6204   27C0 7E                                 LD      A,(HL)              ;
6205   27C1 A7                                 AND     A                   ; updates the zero flag
6206   27C2 C2 E2 27                           JP      NZ,L27E2            ; if player ship was hit.
6207   27C5 2E 61                              LD      L,$61               
6208   27C7 7E                                 LD      A,(HL)              
6209   27C8 A7                                 AND     A                   ; updates the zero flag
6210   27C9 C8                                 RET     Z                   
6211   27CA FE 19                              CP      $19                 
6212   27CC D2 D8 27                           JP      NC,L27D8            ; 
6213   27CF 35                                 DEC     (HL)                
6214   27D0 2E 8C                              LD      L,$8C               
6215   27D2 7E                                 LD      A,(HL)              
6216   27D3 F6 40                              OR      $40                 
6217   27D5 77                                 LD      (HL),A              
6218   27D6 C9                                 RET                         
6219   27D7             
6220   27D8                                    .ORG $27D8
6221   27D8             L27D8:
6222   27D8 36 18                              LD      (HL),$18            
6223   27DA 2E 8C                              LD      L,$8C               
6224   27DC 7E                                 LD      A,(HL)              
6225   27DD E6 BF                              AND     $BF                 
6226   27DF 77                                 LD      (HL),A              
6227   27E0 C9                                 RET                         
6228   27E1             
6229   27E2                                    .ORG $27E2
6230   27E2             ;*****************************************************************************
6231   27E2             ;* Sound for player ship explosion.
6232   27E2             ;*****************************************************************************
6233   27E2             L27E2:
6234   27E2 FE 40                              CP      $40                 
6235   27E4 DA E9 27                           JP      C,L27E9             ; 
6236   27E7 36 40                              LD      (HL),$40            
6237   27E9             L27E9:
6238   27E9 35                                 DEC     (HL)                
6239   27EA 2E 8C                              LD      L,$8C               
6240   27EC 36 8F                              LD      (HL),$8F            
6241   27EE C9                                 RET                         
6242   27EF             
6243   27EF             ;*****************************************************************************
6244   27EF             ; h6-ic50.6a
6245   27EF             ;*****************************************************************************
6246   2800                                    .ORG $2800
6247   2800             ; Foreground tiles of the player ship particles explosion:
6248   2800             ; This is the character code to draw in each cell of the explosion field.
6249   2800             ; Non zero bytes are the debris glyphs (`E0 E1 E2`, `C1 C2 C3`, `3D 3B 30 32 42 5A 4D 4F`, ...).
6250   2800             ; `00` means "no particle in this cell".
6251   2800             T2800:
6252   2800 00 32 00 00                        .DB $00, $32, $00, $00, $00, $00, $00, $00, $00, $00, $00, $00, $00, $00, $42, $42
6252   2804 00 00 00 00 
6252   2808 00 00 00 00 
6252   280C 00 00 42 42 
6253   2810 00 00 00 00                        .DB $00, $00, $00, $00, $00, $00, $00, $00, $00, $00, $E1, $00, $00, $E2, $00, $00
6253   2814 00 00 00 00 
6253   2818 00 00 E1 00 
6253   281C 00 E2 00 00 
6254   2820 32 00 00 00                        .DB $32, $00, $00, $00, $00, $00, $00, $00, $00, $E0, $00, $00, $40, $00, $00, $C3
6254   2824 00 00 00 00 
6254   2828 00 E0 00 00 
6254   282C 40 00 00 C3 
6255   2830 00 00 00 00                        .DB $00, $00, $00, $00, $00, $00, $DF, $00, $00, $E2, $00, $00, $E0, $00, $E1, $00
6255   2834 00 00 DF 00 
6255   2838 00 E2 00 00 
6255   283C E0 00 E1 00 
6256   2840 00 30 00 00                        .DB $00, $30, $00, $00, $00, $00, $DE, $00, $00, $00, $C2, $00, $40, $00, $E0, $00
6256   2844 00 00 DE 00 
6256   2848 00 00 C2 00 
6256   284C 40 00 E0 00 
6257   2850 00 00 00 30                        .DB $00, $00, $00, $30, $00, $30, $00, $5A, $00, $00, $E1, $00, $40, $00, $E2, $00
6257   2854 00 30 00 5A 
6257   2858 00 00 E1 00 
6257   285C 40 00 E2 00 
6258   2860 00 00 00 00                        .DB $00, $00, $00, $00, $00, $00, $00, $30, $C1, $3E, $00, $E0, $00, $40, $C2, $00
6258   2864 00 00 00 30 
6258   2868 C1 3E 00 E0 
6258   286C 00 40 C2 00 
6259   2870 00 00 00 00                        .DB $00, $00, $00, $00, $00, $00, $00, $00, $00, $5A, $C1, $3E, $C8, $D8, $00, $00
6259   2874 00 00 00 00 
6259   2878 00 5A C1 3E 
6259   287C C8 D8 00 00 
6260   2880 E0 E1 C2 E2                        .DB $E0, $E1, $C2, $E2, $E0, $00, $E1, $00, $C2, $00, $E2, $CE, $CA, $DA, $00, $00
6260   2884 E0 00 E1 00 
6260   2888 C2 00 E2 CE 
6260   288C CA DA 00 00 
6261   2890 00 00 00 00                        .DB $00, $00, $00, $00, $00, $00, $00, $00, $CF, $CF, $C3, $3F, $C2, $41, $E0, $00
6261   2894 00 00 00 00 
6261   2898 CF CF C3 3F 
6261   289C C2 41 E0 00 
6262   28A0 00 00 00 00                        .DB $00, $00, $00, $00, $00, $00, $00, $DE, $00, $3F, $00, $C2, $41, $00, $E1, $00
6262   28A4 00 00 00 DE 
6262   28A8 00 3F 00 C2 
6262   28AC 41 00 E1 00 
6263   28B0 00 00 00 00                        .DB $00, $00, $00, $00, $00, $3D, $DF, $3D, $00, $00, $E1, $00, $41, $00, $00, $C2
6263   28B4 00 3D DF 3D 
6263   28B8 00 00 E1 00 
6263   28BC 41 00 00 C2 
6264   28C0 00 00 00 3D                        .DB $00, $00, $00, $3D, $00, $00, $00, $00, $00, $E0, $00, $00, $41, $00, $00, $E2
6264   28C4 00 00 00 00 
6264   28C8 00 E0 00 00 
6264   28CC 41 00 00 E2 
6265   28D0 00 00 3D 00                        .DB $00, $00, $3D, $00, $00, $00, $00, $00, $E2, $00, $00, $00, $00, $4F, $00, $E0
6265   28D4 00 00 00 00 
6265   28D8 E2 00 00 00 
6265   28DC 00 4F 00 E0 
6266   28E0 00 3B 00 00                        .DB $00, $3B, $00, $00, $00, $00, $00, $00, $00, $C2, $00, $00, $00, $4F, $00, $00
6266   28E4 00 00 00 00 
6266   28E8 00 C2 00 00 
6266   28EC 00 4F 00 00 
6267   28F0 00 00 3B 00                        .DB $00, $00, $3B, $00, $00, $00, $00, $00, $00, $00, $00, $00, $00, $00, $4D, $4D
6267   28F4 00 00 00 00 
6267   28F8 00 00 00 00 
6267   28FC 00 00 4D 4D 
6268   2900             
6269   2900             ; Control data of the player ship particles explosion:
6270   2900             ; `T2900` is paired 1:1 with `T2800` and holds a 1 bit per cell "draw/erase" flag.
6271   2900             ; The renderer `L2070`->`L2085`->`L20B0` selects a phase offset into both tables,
6272   2900             ; then processes cells 8 at a time: it clears each screen cell, rotates a control byte,
6273   2900             ; and only where a bit is set does it stamp the matching `T2800` tile.
6274   2900             T2900:
6275   2900 00 00 00 00                        .DB $00, $00, $00, $00, $00, $00, $00, $00, $00, $00, $00, $00, $00, $20, $00, $38
6275   2904 00 00 00 00 
6275   2908 00 00 00 00 
6275   290C 00 20 00 38 
6276   2910 00 34 00 28                        .DB $00, $34, $00, $28, $00, $00, $00, $00, $00, $00, $00, $00, $00, $00, $00, $00
6276   2914 00 00 00 00 
6276   2918 00 00 00 00 
6276   291C 00 00 00 00 
6277   2920 00 00 00 00                        .DB $00, $00, $00, $00, $00, $00, $00, $00, $00, $00, $00, $10, $00, $02, $00, $00
6277   2924 00 00 00 00 
6277   2928 00 00 00 10 
6277   292C 00 02 00 00 
6278   2930 00 01 00 00                        .DB $00, $01, $00, $00, $12, $00, $00, $00, $00, $00, $00, $00, $00, $00, $00, $00
6278   2934 12 00 00 00 
6278   2938 00 00 00 00 
6278   293C 00 00 00 00 
6279   2940 00 00 00 00                        .DB $00, $00, $00, $00, $00, $00, $00, $00, $00, $10, $00, $00, $80, $48, $00, $04
6279   2944 00 00 00 00 
6279   2948 00 10 00 00 
6279   294C 80 48 00 04 
6280   2950 40 08 00 50                        .DB $40, $08, $00, $50, $00, $00, $80, $10, $00, $00, $00, $00, $00, $00, $00, $00
6280   2954 00 00 80 10 
6280   2958 00 00 00 00 
6280   295C 00 00 00 00 
6281   2960 00 00 00 00                        .DB $00, $00, $00, $00, $00, $00, $00, $10, $00, $00, $20, $44, $00, $00, $00, $02
6281   2964 00 00 00 10 
6281   2968 00 00 20 44 
6281   296C 00 00 00 02 
6282   2970 10 00 00 04                        .DB $10, $00, $00, $04, $00, $48, $20, $00, $00, $10, $00, $00, $00, $00, $00, $00
6282   2974 00 48 20 00 
6282   2978 00 10 00 00 
6282   297C 00 00 00 00 
6283   2980 00 00 00 00                        .DB $00, $00, $00, $00, $00, $10, $00, $00, $00, $44, $08, $00, $00, $01, $00, $00
6283   2984 00 10 00 00 
6283   2988 00 44 08 00 
6283   298C 00 01 00 00 
6284   2990 08 00 00 02                        .DB $08, $00, $00, $02, $00, $00, $00, $84, $08, $00, $00, $20, $00, $00, $00, $00
6284   2994 00 00 00 84 
6284   2998 08 00 00 20 
6284   299C 00 00 00 00 
6285   29A0 00 00 00 20                        .DB $00, $00, $00, $20, $00, $00, $00, $42, $02, $00, $80, $00, $00, $00, $00, $00
6285   29A4 00 00 00 42 
6285   29A8 02 00 80 00 
6285   29AC 00 00 00 00 
6286   29B0 04 00 00 01                        .DB $04, $00, $00, $01, $00, $00, $00, $00, $00, $82, $04, $00, $00, $20, $00, $00
6286   29B4 00 00 00 00 
6286   29B8 00 82 04 00 
6286   29BC 00 20 00 00 
6287   29C0 00 40 00 00                        .DB $00, $40, $00, $00, $01, $82, $00, $00, $40, $00, $00, $00, $00, $00, $00, $00
6287   29C4 01 82 00 00 
6287   29C8 40 00 00 00 
6287   29CC 00 00 00 00 
6288   29D0 02 00 00 00                        .DB $02, $00, $00, $00, $80, $00, $00, $00, $00, $00, $00, $81, $02, $00, $00, $40
6288   29D4 80 00 00 00 
6288   29D8 00 00 00 81 
6288   29DC 02 00 00 40 
6289   29E0 02 80 00 04                        .DB $02, $80, $00, $04, $00, $00, $40, $00, $00, $00, $00, $00, $00, $00, $00, $00
6289   29E4 00 00 40 00 
6289   29E8 00 00 00 00 
6289   29EC 00 00 00 00 
6290   29F0 01 00 00 00                        .DB $01, $00, $00, $00, $00, $00, $40, $00, $00, $00, $00, $00, $00, $02, $04, $08
6290   29F4 00 00 40 00 
6290   29F8 00 00 00 00 
6290   29FC 00 02 04 08 
6291   2A00             
6292   2A00             ; Foreground tiles of the mothership particles explosion
6293   2A00             T2A00:
6294   2A00 00 00 00 00                        .DB $00, $00, $00, $00, $00, $00, $00, $D2, $00, $00, $00, $00, $00, $00, $00, $00
6294   2A04 00 00 00 D2 
6294   2A08 00 00 00 00 
6294   2A0C 00 00 00 00 
6295   2A10 00 00 00 00                        .DB $00, $00, $00, $00, $00, $DE, $00, $5E, $E0, $00, $00, $E1, $00, $00, $00, $00
6295   2A14 00 DE 00 5E 
6295   2A18 E0 00 00 E1 
6295   2A1C 00 00 00 00 
6296   2A20 00 00 C1 00                        .DB $00, $00, $C1, $00, $00, $CF, $53, $E2, $00, $D2, $E0, $00, $00, $D0, $00, $00
6296   2A24 00 CF 53 E2 
6296   2A28 00 D2 E0 00 
6296   2A2C 00 D0 00 00 
6297   2A30 00 00 00 DE                        .DB $00, $00, $00, $DE, $00, $CE, $53, $E1, $D1, $E3, $00, $E1, $D3, $00, $00, $00
6297   2A34 00 CE 53 E1 
6297   2A38 D1 E3 00 E1 
6297   2A3C D3 00 00 00 
6298   2A40 00 00 CF C0                        .DB $00, $00, $CF, $C0, $DE, $DF, $53, $D3, $E2, $00, $E2, $D2, $00, $5E, $E2, $00
6298   2A44 DE DF 53 D3 
6298   2A48 E2 00 E2 D2 
6298   2A4C 00 5E E2 00 
6299   2A50 00 00 00 CE                        .DB $00, $00, $00, $CE, $C1, $C2, $DE, $D2, $E1, $E3, $D1, $00, $D2, $00, $00, $00
6299   2A54 C1 C2 DE D2 
6299   2A58 E1 E3 D1 00 
6299   2A5C D2 00 00 00 
6300   2A60 00 00 00 00                        .DB $00, $00, $00, $00, $DF, $DE, $C2, $CF, $E0, $D0, $E2, $E1, $C2, $C3, $00, $00
6300   2A64 DF DE C2 CF 
6300   2A68 E0 D0 E2 E1 
6300   2A6C C2 C3 00 00 
6301   2A70 DF DE CF CE                        .DB $DF, $DE, $CF, $CE, $DF, $DE, $CF, $C8, $D8, $5E, $CE, $00, $CF, $DE, $DF, $CE
6301   2A74 DF DE CF C8 
6301   2A78 D8 5E CE 00 
6301   2A7C CF DE DF CE 
6302   2A80 E0 E3 E2 E1                        .DB $E0, $E3, $E2, $E1, $00, $E0, $D1, $CA, $DA, $D1, $D2, $D3, $D0, $D1, $D2, $D3
6302   2A84 00 E0 D1 CA 
6302   2A88 DA D1 D2 D3 
6302   2A8C D0 D1 D2 D3 
6303   2A90 00 00 00 00                        .DB $00, $00, $00, $00, $E3, $D2, $CE, $D2, $E2, $E0, $D3, $D1, $D3, $00, $00, $00
6303   2A94 E3 D2 CE D2 
6303   2A98 E2 E0 D3 D1 
6303   2A9C D3 00 00 00 
6304   2AA0 00 00 00 E2                        .DB $00, $00, $00, $E2, $D3, $CF, $DF, $E1, $D0, $E3, $E1, $D2, $00, $00, $00, $00
6304   2AA4 D3 CF DF E1 
6304   2AA8 D0 E3 E1 D2 
6304   2AAC 00 00 00 00 
6305   2AB0 00 00 E1 D0                        .DB $00, $00, $E1, $D0, $DE, $00, $DE, $E2, $00, $D3, $53, $E2, $5E, $C1, $C0, $00
6305   2AB4 DE 00 DE E2 
6305   2AB8 00 D3 53 E2 
6305   2ABC 5E C1 C0 00 
6306   2AC0 00 00 00 DF                        .DB $00, $00, $00, $DF, $00, $00, $CF, $5E, $D1, $D2, $00, $53, $E3, $00, $00, $00
6306   2AC4 00 00 CF 5E 
6306   2AC8 D1 D2 00 53 
6306   2ACC E3 00 00 00 
6307   2AD0 00 00 CE 00                        .DB $00, $00, $CE, $00, $CF, $00, $CE, $D2, $D2, $00, $53, $00, $5E, $E0, $00, $00
6307   2AD4 CF 00 CE D2 
6307   2AD8 D2 00 53 00 
6307   2ADC 5E E0 00 00 
6308   2AE0 00 00 00 00                        .DB $00, $00, $00, $00, $00, $DE, $00, $E1, $D3, $00, $E2, $00, $00, $00, $00, $00
6308   2AE4 00 DE 00 E1 
6308   2AE8 D3 00 E2 00 
6308   2AEC 00 00 00 00 
6309   2AF0 00 00 00 00                        .DB $00, $00, $00, $00, $00, $00, $00, $5E, $D0, $00, $00, $00, $00, $00, $00, $00
6309   2AF4 00 00 00 5E 
6309   2AF8 D0 00 00 00 
6309   2AFC 00 00 00 00 
6310   2B00             
6311   2B00             ; Control data of the mothership particles explosion
6312   2B00             T2B00:
6313   2B00 00 00 00 00                        .DB $00, $00, $00, $00, $00, $00, $00, $00, $00, $00, $80, $01, $40, $02, $80, $05
6313   2B04 00 00 00 00 
6313   2B08 00 00 80 01 
6313   2B0C 40 02 80 05 
6314   2B10 A0 01 40 02                        .DB $A0, $01, $40, $02, $00, $01, $00, $00, $00, $00, $00, $00, $00, $00, $00, $00
6314   2B14 00 01 00 00 
6314   2B18 00 00 00 00 
6314   2B1C 00 00 00 00 
6315   2B20 00 00 00 00                        .DB $00, $00, $00, $00, $00, $00, $80, $00, $00, $01, $20, $04, $00, $01, $40, $12
6315   2B24 00 00 80 00 
6315   2B28 00 01 20 04 
6315   2B2C 00 01 40 12 
6316   2B30 48 02 80 01                        .DB $48, $02, $80, $01, $20, $04, $00, $00, $00, $01, $00, $00, $00, $00, $00, $00
6316   2B34 20 04 00 00 
6316   2B38 00 01 00 00 
6316   2B3C 00 00 00 00 
6317   2B40 00 00 00 00                        .DB $00, $00, $00, $00, $80, $00, $00, $02, $10, $08, $00, $01, $80, $04, $A0, $21
6317   2B44 80 00 00 02 
6317   2B48 10 08 00 01 
6317   2B4C 80 04 A0 21 
6318   2B50 84 05 20 02                        .DB $84, $05, $20, $02, $80, $01, $10, $08, $00, $00, $00, $01, $00, $00, $00, $00
6318   2B54 80 01 10 08 
6318   2B58 00 00 00 01 
6318   2B5C 00 00 00 00 
6319   2B60 00 00 80 00                        .DB $00, $00, $80, $00, $00, $04, $08, $10, $00, $01, $40, $00, $40, $0A, $10, $40
6319   2B64 00 04 08 10 
6319   2B68 00 01 40 00 
6319   2B6C 40 0A 10 40 
6320   2B70 02 08 40 00                        .DB $02, $08, $40, $00, $10, $04, $80, $02, $08, $10, $00, $00, $00, $01, $00, $00
6320   2B74 10 04 80 02 
6320   2B78 08 10 00 00 
6320   2B7C 00 01 00 00 
6321   2B80 80 00 00 08                        .DB $80, $00, $00, $08, $04, $20, $00, $02, $20, $00, $20, $14, $00, $01, $08, $80
6321   2B84 04 20 00 02 
6321   2B88 20 00 20 14 
6321   2B8C 00 01 08 80 
6322   2B90 01 10 80 02                        .DB $01, $10, $80, $02, $20, $00, $08, $04, $80, $02, $04, $20, $00, $00, $00, $01
6322   2B94 20 00 08 04 
6322   2B98 80 02 04 20 
6322   2B9C 00 00 00 01 
6323   2BA0 01 01 01 01                        .DB $01, $01, $01, $01, $01, $04, $20, $00, $10, $28, $80, $02, $04, $00, $00, $04
6323   2BA4 01 04 20 00 
6323   2BA8 10 28 80 02 
6323   2BAC 04 00 00 04 
6324   2BB0 20 20 00 04                        .DB $20, $20, $00, $04, $40, $01, $10, $00, $04, $08, $80, $04, $00, $00, $00, $00
6324   2BB4 40 01 10 00 
6324   2BB8 04 08 80 04 
6324   2BBC 00 00 00 00 
6325   2BC0 00 00 00 08                        .DB $00, $00, $00, $08, $20, $00, $88, $10, $00, $44, $00, $00, $00, $10, $02, $00
6325   2BC4 20 00 88 10 
6325   2BC8 00 44 00 00 
6325   2BCC 00 10 02 00 
6326   2BD0 08 40 00 00                        .DB $08, $40, $00, $00, $00, $08, $40, $00, $08, $01, $00, $10, $80, $04, $00, $00
6326   2BD4 00 08 40 00 
6326   2BD8 08 01 00 10 
6326   2BDC 80 04 00 00 
6327   2BE0 00 00 20 00                        .DB $00, $00, $20, $00, $84, $20, $00, $08, $00, $00, $00, $00, $00, $20, $01, $00
6327   2BE4 84 20 00 08 
6327   2BE8 00 00 00 00 
6327   2BEC 00 20 01 00 
6328   2BF0 04 80 00 00                        .DB $04, $80, $00, $00, $00, $00, $00, $10, $40, $00, $04, $01, $00, $00, $80, $00
6328   2BF4 00 00 00 10 
6328   2BF8 40 00 04 01 
6328   2BFC 00 00 80 00 
6329   2C00             
6330   2C00             ; Closed loop pattern table part 2:
6331   2C00             ; Used for single or multiple aliens, depending on the game round.
6332   2C00             ; Pattern 18
6333   2C00             T2C00:
6334   2C00 0B 0C 0D 0E                        .DB $0B, $0C, $0D, $0E, $0B, $0C, $0A, $0A, $0A, $0A, $0A, $0A, $0A, $06, $06, $1E
6334   2C04 0B 0C 0A 0A 
6334   2C08 0A 0A 0A 0A 
6334   2C0C 0A 06 06 1E 
6335   2C10 03 03 1F 05                        .DB $03, $03, $1F, $05, $05, $1C, $04, $04, $04, $1D, $06, $06, $1A, $04, $04, $04
6335   2C14 05 1C 04 04 
6335   2C18 04 1D 06 06 
6335   2C1C 1A 04 04 04 
6336   2C20 1B 05 05 05                        .DB $1B, $05, $05, $05, $05, $18, $1F, $07, $07, $07, $07, $07, $07, $07, $07, $07
6336   2C24 05 18 1F 07 
6336   2C28 07 07 07 07 
6336   2C2C 07 07 07 07 
6337   2C30 00 FF FF FF                        .DB $00, $FF, $FF, $FF
6338   2C34             ; Pattern 19
6339   2C34             T2C34:
6340   2C34 05 05 1C 04                        .DB $05, $05, $1C, $04, $1D, $0A, $0A, $0A, $0A, $0A, $0A, $06
6340   2C38 1D 0A 0A 0A 
6340   2C3C 0A 0A 0A 06 
6341   2C40 06 1E 03 03                        .DB $06, $1E, $03, $03, $1F, $05, $1C, $04, $04, $1D, $0A, $06, $06, $1E, $03, $03
6341   2C44 1F 05 1C 04 
6341   2C48 04 1D 0A 06 
6341   2C4C 06 1E 03 03 
6342   2C50 1F 05 1C 04                        .DB $1F, $05, $1C, $04, $04, $1D, $0A, $06, $06, $1E, $03, $03, $1F, $05, $1C, $04
6342   2C54 04 1D 0A 06 
6342   2C58 06 1E 03 03 
6342   2C5C 1F 05 1C 04 
6343   2C60 04 1D 0A 06                        .DB $04, $1D, $0A, $06, $1E, $03, $1F, $05, $1C, $04, $1D, $06, $1E, $03, $03, $03
6343   2C64 1E 03 1F 05 
6343   2C68 1C 04 1D 06 
6343   2C6C 1E 03 03 03 
6344   2C70 03 15 16 17                        .DB $03, $15, $16, $17, $01, $01, $05, $05, $01, $01, $05, $05, $01, $01, $05, $05
6344   2C74 01 01 05 05 
6344   2C78 01 01 05 05 
6344   2C7C 01 01 05 05 
6345   2C80 01 01 05 05                        .DB $01, $01, $05, $05, $02, $02, $18, $07, $07, $07, $00, $FF, $FF, $FF, $FF, $FF
6345   2C84 02 02 18 07 
6345   2C88 07 07 00 FF 
6345   2C8C FF FF FF FF 
6346   2C90             ; Pattern 20 (phase 3)
6347   2C90             T2C90:
6348   2C90 1C 04 04 04                        .DB $1C, $04, $04, $04, $04, $04, $04, $04, $04, $04, $04, $04, $04, $04, $04, $1D
6348   2C94 04 04 04 04 
6348   2C98 04 04 04 04 
6348   2C9C 04 04 04 1D 
6349   2CA0 06 06 06 06                        .DB $06, $06, $06, $06, $06, $06, $06, $1E, $03, $03, $03, $03, $03, $03, $1F, $05
6349   2CA4 06 06 06 1E 
6349   2CA8 03 03 03 03 
6349   2CAC 03 03 1F 05 
6350   2CB0 05 05 05 1C                        .DB $05, $05, $05, $1C, $04, $04, $1D, $06, $09, $09, $09, $1E, $03, $07, $07, $08
6350   2CB4 04 04 1D 06 
6350   2CB8 09 09 09 1E 
6350   2CBC 03 07 07 08 
6351   2CC0 08 07 07 08                        .DB $08, $07, $07, $08, $07, $00, $FF, $FF
6351   2CC4 07 00 FF FF 
6352   2CC8             ; Pattern 21 (phase 3)
6353   2CC8             T2CC8:
6354   2CC8 05 05 05 05                        .DB $05, $05, $05, $05, $1C, $04, $04, $04
6354   2CCC 1C 04 04 04 
6355   2CD0 04 04 04 04                        .DB $04, $04, $04, $04, $04, $04, $04, $04, $04, $04, $04, $1D, $09, $09, $09, $09
6355   2CD4 04 04 04 04 
6355   2CD8 04 04 04 1D 
6355   2CDC 09 09 09 09 
6356   2CE0 0A 0A 0A 09                        .DB $0A, $0A, $0A, $09, $0A, $0A, $06, $1E, $03, $03, $03, $1F, $05, $05, $18, $03
6356   2CE4 0A 0A 06 1E 
6356   2CE8 03 03 03 1F 
6356   2CEC 05 05 18 03 
6357   2CF0 19 06 06 1E                        .DB $19, $06, $06, $1E, $03, $03, $1F, $05, $05, $05, $05, $05, $05, $05, $00, $FF
6357   2CF4 03 03 1F 05 
6357   2CF8 05 05 05 05 
6357   2CFC 05 05 00 FF 
6358   2D00             ; Pattern 22
6359   2D00             T2D00:
6360   2D00 0B 0C 0D 0E                        .DB $0B, $0C, $0D, $0E, $0B, $0C, $06, $1E, $03, $03, $03, $03, $03, $03, $03, $03
6360   2D04 0B 0C 06 1E 
6360   2D08 03 03 03 03 
6360   2D0C 03 03 03 03 
6361   2D10 03 03 03 03                        .DB $03, $03, $03, $03, $03, $03, $1F, $05, $05, $1C, $04, $04, $04, $04, $04, $04
6361   2D14 03 03 1F 05 
6361   2D18 05 1C 04 04 
6361   2D1C 04 04 04 04 
6362   2D20 04 04 04 04                        .DB $04, $04, $04, $04, $1D, $06, $06, $1E, $03, $03, $03, $03, $03, $03, $1F, $05
6362   2D24 1D 06 06 1E 
6362   2D28 03 03 03 03 
6362   2D2C 03 03 1F 05 
6363   2D30 05 05 05 05                        .DB $05, $05, $05, $05, $1C, $04, $04, $04, $04, $04, $04, $04, $04, $04, $04, $1B
6363   2D34 1C 04 04 04 
6363   2D38 04 04 04 04 
6363   2D3C 04 04 04 1B 
6364   2D40 00 FF FF FF                        .DB $00, $FF, $FF, $FF
6365   2D44             ; Pattern 23 (phase 3)
6366   2D44             T2D44:
6367   2D44 05 05 05 18                        .DB $05, $05, $05, $18, $03, $03, $03, $03, $03, $03, $03, $03
6367   2D48 03 03 03 03 
6367   2D4C 03 03 03 03 
6368   2D50 03 19 06 06                        .DB $03, $19, $06, $06, $1A, $04, $04, $1B, $05, $05, $18, $03, $03, $03, $03, $03
6368   2D54 1A 04 04 1B 
6368   2D58 05 05 18 03 
6368   2D5C 03 03 03 03 
6369   2D60 03 03 19 06                        .DB $03, $03, $19, $06, $06, $06, $06, $06, $06, $06, $06, $06, $06, $1A, $04, $04
6369   2D64 06 06 06 06 
6369   2D68 06 06 06 06 
6369   2D6C 06 1A 04 04 
6370   2D70 1B 05 05 1C                        .DB $1B, $05, $05, $1C, $04, $04, $1D, $06, $06, $1A, $04, $04, $1B, $05, $05, $05
6370   2D74 04 04 1D 06 
6370   2D78 06 1A 04 04 
6370   2D7C 1B 05 05 05 
6371   2D80 05 05 05 05                        .DB $05, $05, $05, $05, $00, $FF, $FF, $FF
6371   2D84 00 FF FF FF 
6372   2D88             ; Pattern 24 (phase 3)
6373   2D88             T2D88:
6374   2D88 1C 04 04 1D                        .DB $1C, $04, $04, $1D, $06, $06, $09, $0A
6374   2D8C 06 06 09 0A 
6375   2D90 0A 09 09 09                        .DB $0A, $09, $09, $09, $16, $17, $14, $03, $03, $03, $1F, $05, $05, $1C, $04, $04
6375   2D94 16 17 14 03 
6375   2D98 03 03 1F 05 
6375   2D9C 05 1C 04 04 
6376   2DA0 1D 06 06 1E                        .DB $1D, $06, $06, $1E, $03, $03, $03, $03, $07, $07, $08, $08, $07, $07, $05, $05
6376   2DA4 03 03 03 03 
6376   2DA8 07 07 08 08 
6376   2DAC 07 07 05 05 
6377   2DB0 1C 04 04 04                        .DB $1C, $04, $04, $04, $04, $04, $04, $04, $1D, $1A, $04, $1B, $00, $FF, $FF, $FF
6377   2DB4 04 04 04 04 
6377   2DB8 1D 1A 04 1B 
6377   2DBC 00 FF FF FF 
6378   2DC0             ; Pattern 25 (phase 3)
6379   2DC0             T2DC0:
6380   2DC0 14 03 03 19                        .DB $14, $03, $03, $19, $06, $0A, $0A, $09, $09, $09, $0A, $12, $13, $10, $11, $12
6380   2DC4 06 0A 0A 09 
6380   2DC8 09 09 0A 12 
6380   2DCC 13 10 11 12 
6381   2DD0 13 10 11 12                        .DB $13, $10, $11, $12, $13, $10, $04, $04, $04, $04, $1B, $05, $18, $03, $19, $06
6381   2DD4 13 10 04 04 
6381   2DD8 04 04 1B 05 
6381   2DDC 18 03 19 06 
6382   2DE0 1A 04 1B 05                        .DB $1A, $04, $1B, $05, $18, $07, $07, $07, $08, $08, $07, $07, $07, $03, $03, $19
6382   2DE4 18 07 07 07 
6382   2DE8 08 08 07 07 
6382   2DEC 07 03 03 19 
6383   2DF0 0D 0E 00 FF                        .DB $0D, $0E, $00, $FF, $FF, $FF, $FF, $FF, $FF, $FF, $FF, $FF, $FF, $FF, $FF, $FF
6383   2DF4 FF FF FF FF 
6383   2DF8 FF FF FF FF 
6383   2DFC FF FF FF FF 
6384   2E00             ; Pattern 26
6385   2E00             ; Used for all aliens.
6386   2E00             ; This is the 'Angry movement pattern A'.
6387   2E00             ; At the end of that sequence, the alien formation is further down
6388   2E00             ; and the 'phase' is increased by 1.
6389   2E00             T2E00:
6390   2E00 0B 0C 0D 0E                        .DB $0B, $0C, $0D, $0E, $02, $02, $02, $02, $0B, $0C, $0D, $0E, $01, $01, $14, $15
6390   2E04 02 02 02 02 
6390   2E08 0B 0C 0D 0E 
6390   2E0C 01 01 14 15 
6391   2E10 16 17 01 01                        .DB $16, $17, $01, $01, $05, $05, $05, $05, $02, $02, $02, $02, $00, $FF, $FF, $FF
6391   2E14 05 05 05 05 
6391   2E18 02 02 02 02 
6391   2E1C 00 FF FF FF 
6392   2E20             ; Pattern, 27 (phase 3)
6393   2E20             T2E20:
6394   2E20 0B 0C 0D 0E                        .DB $0B, $0C, $0D, $0E, $0B, $0C, $0D, $0E, $02, $02, $02, $02, $02, $02, $02, $02
6394   2E24 0B 0C 0D 0E 
6394   2E28 02 02 02 02 
6394   2E2C 02 02 02 02 
6395   2E30 05 05 01 05                        .DB $05, $05, $01, $05, $05, $01, $05, $05, $01, $05, $05, $01, $00, $FF, $FF, $FF
6395   2E34 05 01 05 05 
6395   2E38 01 05 05 01 
6395   2E3C 00 FF FF FF 
6396   2E40             ; Pattern 28
6397   2E40             ; Used for all aliens.
6398   2E40             ; This is the 'Angry movement pattern B'.
6399   2E40             ; At the end of that sequence, the alien formation is further down
6400   2E40             ; and the 'phase' is increased by 1.
6401   2E40             T2E40:
6402   2E40 0B 0C 0D 0E                        .DB $0B, $0C, $0D, $0E, $01, $01, $01, $18, $03, $19, $06, $06, $1A, $04, $1B, $05
6402   2E44 01 01 01 18 
6402   2E48 03 19 06 06 
6402   2E4C 1A 04 1B 05 
6403   2E50 18 03 19 06                        .DB $18, $03, $19, $06, $06, $1A, $04, $04, $04, $04, $04, $04, $04, $04, $04, $1B
6403   2E54 06 1A 04 04 
6403   2E58 04 04 04 04 
6403   2E5C 04 04 04 1B 
6404   2E60 05 05 05 01                        .DB $05, $05, $05, $01, $01, $01, $01, $01, $00, $FF, $FF, $FF
6404   2E64 01 01 01 01 
6404   2E68 00 FF FF FF 
6405   2E6C             ; Pattern, 29 (phase 3)
6406   2E6C             T2E6C:
6407   2E6C 0B 0C 0D 0E                        .DB $0B, $0C, $0D, $0E
6408   2E70 01 01 0B 0C                        .DB $01, $01, $0B, $0C, $0D, $0E, $01, $01, $05, $05, $05, $05, $01, $01, $0B, $0C
6408   2E74 0D 0E 01 01 
6408   2E78 05 05 05 05 
6408   2E7C 01 01 0B 0C 
6409   2E80 0D 0E 01 01                        .DB $0D, $0E, $01, $01, $07, $08, $08, $07, $08, $08, $08, $07, $00, $FF, $FF, $FF
6409   2E84 07 08 08 07 
6409   2E88 08 08 08 07 
6409   2E8C 00 FF FF FF 
6410   2E90             ; Pattern, 30
6411   2E90             T2E90:
6412   2E90 14 15 16 17                        .DB $14, $15, $16, $17, $14, $15, $16, $17, $14, $03, $03, $03, $03, $03, $03, $03
6412   2E94 14 15 16 17 
6412   2E98 14 03 03 03 
6412   2E9C 03 03 03 03 
6413   2EA0 03 03 03 03                        .DB $03, $03, $03, $03, $03, $19, $09, $0A, $0A, $09, $09, $0A, $0A, $12, $13, $08
6413   2EA4 03 19 09 0A 
6413   2EA8 0A 09 09 0A 
6413   2EAC 0A 12 13 08 
6414   2EB0 08 07 07 08                        .DB $08, $07, $07, $08, $08, $08, $08, $04, $04, $04, $11, $12, $13, $10, $11, $12
6414   2EB4 08 08 08 04 
6414   2EB8 04 04 11 12 
6414   2EBC 13 10 11 12 
6415   2EC0 13 00 FF FF                        .DB $13, $00, $FF, $FF
6416   2EC4             ; Pattern, 31
6417   2EC4             T2EC4:
6418   2EC4 10 11 12 13                        .DB $10, $11, $12, $13, $10, $11, $12, $13, $10, $04, $04, $04
6418   2EC8 10 11 12 13 
6418   2ECC 10 04 04 04 
6419   2ED0 04 04 04 04                        .DB $04, $04, $04, $04, $04, $04, $0A, $0A, $0A, $09, $0A, $09, $0A, $09, $16, $17
6419   2ED4 04 04 0A 0A 
6419   2ED8 0A 09 0A 09 
6419   2EDC 0A 09 16 17 
6420   2EE0 14 03 03 03                        .DB $14, $03, $03, $03, $07, $07, $07, $07, $03, $19, $06, $1A, $04, $1B, $05, $18
6420   2EE4 07 07 07 07 
6420   2EE8 03 19 06 1A 
6420   2EEC 04 1B 05 18 
6421   2EF0 07 07 07 07                        .DB $07, $07, $07, $07, $00, $FF, $FF, $FF, $FF, $FF, $FF, $FF, $FF, $FF, $FF, $FF
6421   2EF4 00 FF FF FF 
6421   2EF8 FF FF FF FF 
6421   2EFC FF FF FF FF 
6422   2F00             ; Pattern, 32
6423   2F00             T2F00:
6424   2F00 05 1C 04 1D                        .DB $05, $1C, $04, $1D, $06, $06, $06, $06, $06, $09, $09, $09, $0A, $0A, $0A, $09
6424   2F04 06 06 06 06 
6424   2F08 06 09 09 09 
6424   2F0C 0A 0A 0A 09 
6425   2F10 09 16 17 14                        .DB $09, $16, $17, $14, $1F, $05, $18, $03, $19, $06, $1E, $03, $1F, $05, $18, $03
6425   2F14 1F 05 18 03 
6425   2F18 19 06 1E 03 
6425   2F1C 1F 05 18 03 
6426   2F20 19 06 1E 03                        .DB $19, $06, $1E, $03, $1F, $05, $05, $1C, $08, $08, $08, $08, $08, $08, $08, $08
6426   2F24 1F 05 05 1C 
6426   2F28 08 08 08 08 
6426   2F2C 08 08 08 08 
6427   2F30 00 FF FF FF                        .DB $00, $FF, $FF, $FF
6428   2F34             ; Pattern, 33
6429   2F34             T2F34:
6430   2F34 05 18 03 19                        .DB $05, $18, $03, $19, $06, $06, $06, $06, $0A, $0A, $09, $09
6430   2F38 06 06 06 06 
6430   2F3C 0A 0A 09 09 
6431   2F40 0A 0A 09 0A                        .DB $0A, $0A, $09, $0A, $0A, $12, $13, $10, $1B, $05, $1C, $04, $1D, $1E, $1F, $1C
6431   2F44 0A 12 13 10 
6431   2F48 1B 05 1C 04 
6431   2F4C 1D 1E 1F 1C 
6432   2F50 04 1D 06 1A                        .DB $04, $1D, $06, $1A, $04, $04, $1B, $05, $18, $07, $07, $07, $07, $08, $07, $07
6432   2F54 04 04 1B 05 
6432   2F58 18 07 07 07 
6432   2F5C 07 08 07 07 
6433   2F60 07 07 00 FF                        .DB $07, $07, $00, $FF
6434   2F64             ; Pattern, 34
6435   2F64             T2F64:
6436   2F64 0B 0C 0D 0E                        .DB $0B, $0C, $0D, $0E, $0B, $0C, $1E, $03, $19, $06, $1E, $03
6436   2F68 0B 0C 1E 03 
6436   2F6C 19 06 1E 03 
6437   2F70 19 06 1E 03                        .DB $19, $06, $1E, $03, $19, $06, $1E, $1F, $1C, $1D, $1E, $03, $03, $03, $1F, $05
6437   2F74 19 06 1E 1F 
6437   2F78 1C 1D 1E 03 
6437   2F7C 03 03 1F 05 
6438   2F80 18 03 19 06                        .DB $18, $03, $19, $06, $1E, $03, $1F, $05, $08, $08, $08, $08, $08, $08, $08, $07
6438   2F84 1E 03 1F 05 
6438   2F88 08 08 08 08 
6438   2F8C 08 08 08 07 
6439   2F90 07 08 08 08                        .DB $07, $08, $08, $08, $08, $08, $00, $FF, $FF, $FF, $FF, $FF, $FF, $FF, $FF, $FF
6439   2F94 08 08 00 FF 
6439   2F98 FF FF FF FF 
6439   2F9C FF FF FF FF 
6440   2FA0             ; Pattern, 35
6441   2FA0             T2FA0:
6442   2FA0 05 05 18 03                        .DB $05, $05, $18, $03, $03, $03, $03, $03, $03, $03, $03, $19, $06, $06, $06, $06
6442   2FA4 03 03 03 03 
6442   2FA8 03 03 03 19 
6442   2FAC 06 06 06 06 
6443   2FB0 06 06 06 1A                        .DB $06, $06, $06, $1A, $04, $1B, $05, $18, $03, $03, $03, $03, $19, $06, $06, $06
6443   2FB4 04 1B 05 18 
6443   2FB8 03 03 03 03 
6443   2FBC 19 06 06 06 
6444   2FC0 1A 04 1B 05                        .DB $1A, $04, $1B, $05, $18, $03, $03, $03, $03, $19, $06, $06, $06, $1A, $04, $1B
6444   2FC4 18 03 03 03 
6444   2FC8 03 19 06 06 
6444   2FCC 06 1A 04 1B 
6445   2FD0 05 18 03 03                        .DB $05, $18, $03, $03, $03, $03, $19, $06, $06, $06, $1A, $04, $1B, $05, $18, $03
6445   2FD4 03 03 19 06 
6445   2FD8 06 06 1A 04 
6445   2FDC 1B 05 18 03 
6446   2FE0 03 19 06 06                        .DB $03, $19, $06, $06, $1A, $11, $12, $13, $02, $02, $02, $05, $05, $02, $02, $02
6446   2FE4 1A 11 12 13 
6446   2FE8 02 02 02 05 
6446   2FEC 05 02 02 02 
6447   2FF0 05 05 02 02                        .DB $05, $05, $02, $02, $02, $05, $1C, $08, $08, $07, $07, $08, $08, $08, $00, $FF
6447   2FF4 02 05 1C 08 
6447   2FF8 08 07 07 08 
6447   2FFC 08 08 00 FF 
6448   3000             
6449   3000             ;*****************************************************************************
6450   3000             ; h7-ic51.7a
6451   3000             ;*****************************************************************************
6452   3000             
6453   3000             ;*****************************************************************************
6454   3000             ;* AlienBehaviorUpdate.
6455   3000             ;* This is the 'core of the matter'!
6456   3000             ;* The 'core of the matter': drives every alien attack pattern and the
6457   3000             ;* randomized selection. One sub-task runs per frame, chosen round-robin by
6458   3000             ;* Counter93 (0-7) via jump table T3018. The sub-tasks cooperate through the
6459   3000             ;* behavior state machine at $4350 and the control block $4350-$435B.
6460   3000             ;* The selected patterns do always fit on the screen,
6461   3000             ;* even if the alien formation is further down. (phase 1, 2, 3)
6462   3000             ;*****************************************************************************
6463   3000             L3000:
6464   3000 21 93 43                           LD      HL,Counter93        ; 
6465   3003 7E                                 LD      A,(HL)              ; load and save ram value
6466   3004 34                                 INC     (HL)                ; increment Counter93
6467   3005 E6 07                              AND     $07                 ; masc out 0000_0111 the saved value in order to count from 0 to 7
6468   3007 21 18 30                           LD      HL,T3018            ; base of jump table
6469   300A 07                                 RLCA                        ; Multiply by 2 to get a 2 byte offset
6470   300B 85                                 ADD     A,L                 ;
6471   300C 6F                                 LD      L,A                 ;
6472   300D 7E                                 LD      A,(HL)              ; get MSB from jump table
6473   300E 23                                 INC     HL                  ;
6474   300F 6E                                 LD      L,(HL)              ; get LSB from jump table
6475   3010 67                                 LD      H,A                 ;
6476   3011 E9                                 JP      (HL)                ; jump to the corresponding function
6477   3012             ;*****************************************************************************
6478   3012             ;* Sub-task 7: Do nothing.
6479   3012             ;*****************************************************************************
6480   3012             L3012:
6481   3012 C9                                 RET                         ;
6482   3013             
6483   3018                                    .ORG $3018
6484   3018             ;
6485   3018             T3018:
6486   3018                                    .MSFIRST
6487   3018 32 64                              .DW L3264 ; 0 -> L3264  install chosen pattern / rotate start pointer
6488   301A 30 28                              .DW L3028 ; 1 -> L3028  'Angry movement A/B' (push formation down)
6489   301C 30 BA                              .DW L30BA ; 2 -> L30BA  tick attack-delay + group timers
6490   301E 31 24                              .DW L3124 ; 3 -> L3124  decide how many aliens attack
6491   3020 31 5A                              .DW L315A ; 4 -> L315A  pick a random alien to attack
6492   3022 31 B4                              .DW L31B4 ; 5 -> L31B4  choose the closed-loop swoop pattern
6493   3024 32 2C                              .DW L322C ; 6 -> L322C  confirm pattern start across the grid
6494   3026 30 12                              .DW L3012 ; 7 -> L3012  (nop)
6495   3028             
6496   3028             ;*****************************************************************************
6497   3028             ;* Sub-task 1: 'Angry movement pattern A/B' (pattern 26/28).
6498   3028             ;* Every $4358 frames, escalate $4357 and re-arm the downward-push pattern
6499   3028             ;* (T2E00/T2E40), so the formation creeps further down the screen.
6500   3028             ;*****************************************************************************
6501   3028             L3028:
6502   3028 21 57 43                           LD      HL,M4357            ; 
6503   302B 7E                                 LD      A,(HL)              
6504   302C FE 03                              CP      $03                 
6505   302E D0                                 RET     NC                  ; if >= 3
6506   302F 2E 50                              LD      L,$50               
6507   3031 7E                                 LD      A,(HL)              ; get $4350
6508   3032 FE 04                              CP      $04                 
6509   3034 D0                                 RET     NC                  ; if >= 4
6510   3035 2E 58                              LD      L,$58               
6511   3037 7E                                 LD      A,(HL)              ; get $4358
6512   3038 A7                                 AND     A                   ; updates the zero flag
6513   3039 CA 5C 30                           JP      Z,L305C             ; 
6514   303C 35                                 DEC     (HL)                ; $4358
6515   303D C0                                 RET     NZ                  
6516   303E 2D                                 DEC     L                   
6517   303F 34                                 INC     (HL)                ; $4357
6518   3040 2E 50                              LD      L,$50               
6519   3042 36 04                              LD      (HL),$04            ; set $4350
6520   3044 2E 53                              LD      L,$53               
6521   3046 36 10                              LD      (HL),$10            ; set $4353
6522   3048 2C                                 INC     L                   
6523   3049 36 50                              LD      (HL),$50            ; set $4354
6524   304B 2E 51                              LD      L,$51               
6525   304D 36 2E                              LD      (HL),$2E            ; set $4351
6526   304F 2C                                 INC     L                   
6527   3050 36 00                              LD      (HL),$00            ; clear $4352
6528   3052 3A C2 43                           LD      A,(PlayerShipX)     ; 
6529   3055 0F                                 RRCA                        
6530   3056 D8                                 RET     C                   
6531   3057 36 40                              LD      (HL),$40            ; set $4352
6532   3059 C9                                 RET                         
6533   305A             
6534   305C                                    .ORG $305C
6535   305C             ;*****************************************************************************
6536   305C             ;* End of movement pattern reached. Get the next start pointer.
6537   305C             ;*****************************************************************************
6538   305C             L305C:
6539   305C CD 74 30                           CALL    L3074               ; 
6540   305F 21 57 43                           LD      HL,M4357            ; 
6541   3062 7E                                 LD      A,(HL)              ; get $4357
6542   3063 07                                 RLCA                        ; Multiply by 4 ..
6543   3064 07                                 RLCA                        ; ..
6544   3065 00                                 NOP                         ;
6545   3066 00                                 NOP                         ;
6546   3067 81                                 ADD     A,C                 ;
6547   3068 C6 07                              ADD     $07                 ;
6548   306A 2E 58                              LD      L,$58               ;
6549   306C 77                                 LD      (HL),A              ; store to $4358
6550   306D C9                                 RET                         ;
6551   306E             
6552   3074                                    .ORG $3074
6553   3074             ;*****************************************************************************
6554   3074             ;* Build a scaled random magnitude in C from round, level, aliens-left and
6555   3074             ;* a random number. Used to size timer spans and attacker counts.
6556   3074             ;*****************************************************************************
6557   3074             L3074:
6558   3074 21 B8 43                           LD      HL,LevelAndRound    ; 
6559   3077 7E                                 LD      A,(HL)              
6560   3078 0F                                 RRCA                        
6561   3079 00                                 NOP                         
6562   307A E6 07                              AND     $07                 ; 0000_0111
6563   307C 47                                 LD      B,A                 
6564   307D 3E 07                              LD      A,$07               
6565   307F 90                                 SUB     B                   
6566   3080 4F                                 LD      C,A                 
6567   3081 7E                                 LD      A,(HL)              ; get LevelAndRound
6568   3082 FE 80                              CP      $80                 
6569   3084 DA 89 30                           JP      C,L3089             ; 
6570   3087 3E 70                              LD      A,$70               
6571   3089             L3089:
6572   3089 0F                                 RRCA                        
6573   308A 0F                                 RRCA                        
6574   308B 0F                                 RRCA                        
6575   308C 0F                                 RRCA                        
6576   308D E6 07                              AND     $07                 
6577   308F 47                                 LD      B,A                 
6578   3090 3E 07                              LD      A,$07               
6579   3092 90                                 SUB     B                   
6580   3093 81                                 ADD     A,C                 
6581   3094 4F                                 LD      C,A                 
6582   3095 3A BA 43                           LD      A,(AliensLeft)      ; 
6583   3098 D6 05                              SUB     $05                 
6584   309A D2 9F 30                           JP      NC,L309F            ; 
6585   309D 3E 10                              LD      A,$10               
6586   309F             L309F:
6587   309F 81                                 ADD     A,C                 
6588   30A0 4F                                 LD      C,A                 
6589   30A1 CD AA 30                           CALL    GetRandomNumber     ; 
6590   30A4 E6 07                              AND     $07                 
6591   30A6 81                                 ADD     A,C                 
6592   30A7 4F                                 LD      C,A                 
6593   30A8 C9                                 RET                         
6594   30A9             
6595   30AA                                    .ORG $30AA
6596   30AA             ;*****************************************************************************
6597   30AA             ;* Free running counter ($439B) and the X position of the player ship ($43C2)
6598   30AA             ;* is the base for a pseudo random number.
6599   30AA             ;* Returns A-register: $00 to $0F.
6600   30AA             ;*****************************************************************************
6601   30AA             GetRandomNumber:
6602   30AA 21 9B 43                           LD      HL,Counter9A+$1     ; 
6603   30AD 7E                                 LD      A,(HL)              ;
6604   30AE 07                                 RLCA                        ; Multiply by 8 ..
6605   30AF 07                                 RLCA                        ; ..
6606   30B0 07                                 RLCA                        ; ..
6607   30B1 E6 07                              AND     $07                 ; mask out 0000_0111 in order to count from 0 to 7
6608   30B3 2E C2                              LD      L,$C2               ; get $43C2 PlayerShipX
6609   30B5 86                                 ADD     A,(HL)              ; add to counter value
6610   30B6 E6 0F                              AND     $0F                 ; mask out 0000_1111
6611   30B8 C9                                 RET                         ;
6612   30B9             
6613   30BA                                    .ORG $30BA
6614   30BA             ;*****************************************************************************
6615   30BA             ;* Sub-task 2: tick the three staggered group timers and the attack delay.
6616   30BA             ;* When the delay $4355 expires (in state 0) begin a new attack (state 1).
6617   30BA             ;*****************************************************************************
6618   30BA             L30BA:
6619   30BA 21 58 43                           LD      HL,M4358            ; 
6620   30BD CD DA 30                           CALL    L30DA               ; for $4359
6621   30C0 CD DA 30                           CALL    L30DA               ; for $435A
6622   30C3 CD DA 30                           CALL    L30DA               ; for $435B
6623   30C6 2E 50                              LD      L,$50               
6624   30C8 7E                                 LD      A,(HL)              ; get $4350
6625   30C9 A7                                 AND     A                   ; updates the zero flag
6626   30CA C0                                 RET     NZ                  ; if <> 0
6627   30CB 2E 55                              LD      L,$55               
6628   30CD 7E                                 LD      A,(HL)              ; get $4355
6629   30CE A7                                 AND     A                   ; updates the zero flag
6630   30CF CA E4 30                           JP      Z,L30E4             ; if 0
6631   30D2 35                                 DEC     (HL)                
6632   30D3 C0                                 RET     NZ                  
6633   30D4 2E 50                              LD      L,$50               
6634   30D6 36 01                              LD      (HL),$01            
6635   30D8 C9                                 RET                         
6636   30D9             
6637   30DA                                    .ORG $30DA
6638   30DA             ;*****************************************************************************
6639   30DA             ;* Tick one timer (does not go below 0).
6640   30DA             ;*****************************************************************************
6641   30DA             L30DA:
6642   30DA 2C                                 INC     L                   
6643   30DB 7E                                 LD      A,(HL)              
6644   30DC A7                                 AND     A                   ; updates the zero flag
6645   30DD C8                                 RET     Z                   ; if 4359, 435A, 435B = 0
6646   30DE 35                                 DEC     (HL)                
6647   30DF C9                                 RET                         
6648   30E0             
6649   30E4                                    .ORG $30E4
6650   30E4             ;*****************************************************************************
6651   30E4             ;* Recompute the attack delay $4355 and reload the 3 group timers.
6652   30E4             ;*****************************************************************************
6653   30E4             L30E4:
6654   30E4 CD 74 30                           CALL    L3074               ; 
6655   30E7 21 9A 43                           LD      HL,Counter9A        ; 
6656   30EA 7E                                 LD      A,(HL)              
6657   30EB FE 10                              CP      $10                 
6658   30ED DA F2 30                           JP      C,L30F2             ; 
6659   30F0 3E 0F                              LD      A,$0F               
6660   30F2             L30F2:
6661   30F2 47                                 LD      B,A                 
6662   30F3 3E 0F                              LD      A,$0F               
6663   30F5 90                                 SUB     B                   
6664   30F6 81                                 ADD     A,C                 
6665   30F7 4F                                 LD      C,A                 
6666   30F8 06 01                              LD      B,$01               
6667   30FA 2E 58                              LD      L,$58               
6668   30FC CD 12 31                           CALL    L3112               ; for $4359
6669   30FF CD 12 31                           CALL    L3112               ; for $435A
6670   3102 CD 12 31                           CALL    L3112               ; for $435B
6671   3105 79                                 LD      A,C                 
6672   3106 0F                                 RRCA                        
6673   3107 0F                                 RRCA                        
6674   3108 E6 3F                              AND     $3F                 ; 0011_1111
6675   310A C6 01                              ADD     $01                 
6676   310C 2E 55                              LD      L,$55               
6677   310E 77                                 LD      (HL),A              ; set $4355
6678   310F C9                                 RET                         
6679   3110             
6680   3112                                    .ORG $3112
6681   3112             ;*****************************************************************************
6682   3112             ;* Reload one group timer (only if it is currently 0).
6683   3112             ;*****************************************************************************
6684   3112             L3112:
6685   3112 2C                                 INC     L                   
6686   3113 7E                                 LD      A,(HL)              
6687   3114 A7                                 AND     A                   ; updates the zero flag
6688   3115 C0                                 RET     NZ                  ; if <> 0
6689   3116 79                                 LD      A,C                 
6690   3117 0F                                 RRCA                        
6691   3118 E6 7F                              AND     $7F                 ; 0111_1111
6692   311A 4F                                 LD      C,A                 
6693   311B 78                                 LD      A,B                 
6694   311C A7                                 AND     A                   ; updates the zero flag
6695   311D C8                                 RET     Z                   
6696   311E 05                                 DEC     B                   
6697   311F 36 0C                              LD      (HL),$0C            
6698   3121 C9                                 RET                         
6699   3122             
6700   3124                                    .ORG $3124
6701   3124             ;*****************************************************************************
6702   3124             ;* Sub-task 3: in state 1, advance to state 2 and compute the number of
6703   3124             ;* aliens that will fly the swoop ($4353), from round + random, reduced as
6704   3124             ;* the escalation counter $4357 grows.
6705   3124             ;*****************************************************************************
6706   3124             L3124:
6707   3124 21 50 43                           LD      HL,M4350            ; 
6708   3127 7E                                 LD      A,(HL)              
6709   3128 FE 01                              CP      $01                 
6710   312A C0                                 RET     NZ                  ; if <> 1
6711   312B 36 02                              LD      (HL),$02            ; set $4350
6712   312D 2E B8                              LD      L,$B8               
6713   312F 7E                                 LD      A,(HL)              ; get LevelAndRound
6714   3130 0F                                 RRCA                        
6715   3131 0F                                 RRCA                        
6716   3132 E6 0F                              AND     $0F                 
6717   3134 C6 05                              ADD     $05                 
6718   3136 FE 11                              CP      $11                 
6719   3138 DA 3D 31                           JP      C,L313D             ; 
6720   313B 3E 05                              LD      A,$05               
6721   313D             L313D:
6722   313D 2E 57                              LD      L,$57               
6723   313F 96                                 SUB     (HL)                
6724   3140 47                                 LD      B,A                 
6725   3141 CD AA 30                           CALL    GetRandomNumber     ; 
6726   3144 3C                                 INC     A                   
6727   3145 B8                                 CP      B                   
6728   3146 DA 4B 31                           JP      C,L314B             ; 
6729   3149 3E 01                              LD      A,$01               
6730   314B             L314B:
6731   314B 2E 53                              LD      L,$53               
6732   314D 77                                 LD      (HL),A              
6733   314E C9                                 RET                         
6734   314F             
6735   315A                                    .ORG $315A
6736   315A             ;*****************************************************************************
6737   315A             ;* Sub-task 4: in state 2, scan the 16-alien grid from a random offset for
6738   315A             ;* an active alien whose control bytes match the current start pointer.
6739   315A             ;* The first match is recorded in $4354 and state advances to 3.
6740   315A             ;*****************************************************************************
6741   315A             L315A:
6742   315A 21 50 43                           LD      HL,M4350            ; 
6743   315D 7E                                 LD      A,(HL)              
6744   315E FE 02                              CP      $02                 
6745   3160 C0                                 RET     NZ                  ; if <> 2
6746   3161 CD AA 30                           CALL    GetRandomNumber     ; 
6747   3164 00                                 NOP                         
6748   3165 47                                 LD      B,A                 
6749   3166 07                                 RLCA                        ; Multiply by 2
6750   3167 C6 50                              ADD     $50                 
6751   3169 6F                                 LD      L,A                 
6752   316A 26 4B                              LD      H,$4B               
6753   316C 78                                 LD      A,B                 
6754   316D 07                                 RLCA                        ; Multiply by 4 ..
6755   316E 07                                 RLCA                        ;
6756   316F C6 70                              ADD     $70                 
6757   3171 5F                                 LD      E,A                 
6758   3172 16 4B                              LD      D,$4B               
6759   3174 0E 10                              LD      C,$10               
6760   3176 79                                 LD      A,C                 
6761   3177 90                                 SUB     B                   
6762   3178 47                                 LD      B,A                 
6763   3179             L3179:
6764   3179 CD 92 31                           CALL    L3192               ; 
6765   317C 13                                 INC     DE                  
6766   317D 13                                 INC     DE                  
6767   317E 13                                 INC     DE                  
6768   317F 13                                 INC     DE                  
6769   3180 23                                 INC     HL                  
6770   3181 23                                 INC     HL                  
6771   3182 05                                 DEC     B                   
6772   3183 C2 8A 31                           JP      NZ,L318A            ; 
6773   3186 1E 70                              LD      E,$70               
6774   3188 2E 50                              LD      L,$50               
6775   318A             L318A:
6776   318A 0D                                 DEC     C                   
6777   318B C2 79 31                           JP      NZ,L3179            ; 
6778   318E C9                                 RET                         
6779   318F             
6780   3192                                    .ORG $3192
6781   3192             ;*****************************************************************************
6782   3192             ;* Match test: active alien whose control bytes equal the start pointer.
6783   3192             ;*****************************************************************************
6784   3192             L3192:
6785   3192 1A                                 LD      A,(DE)              
6786   3193 E6 08                              AND     $08                 
6787   3195 C8                                 RET     Z                   
6788   3196 3A 94 43                           LD      A,(M4394)           ; 
6789   3199 BE                                 CP      (HL)                
6790   319A C0                                 RET     NZ                  
6791   319B 3A 56 43                           LD      A,(M4356)           ; 
6792   319E 2C                                 INC     L                   
6793   319F 46                                 LD      B,(HL)              
6794   31A0 2D                                 DEC     L                   
6795   31A1 B8                                 CP      B                   
6796   31A2 C0                                 RET     NZ                  
6797   31A3 7D                                 LD      A,L                 
6798   31A4 32 54 43                           LD      (M4354),A           ; 
6799   31A7 3E 03                              LD      A,$03               
6800   31A9 32 50 43                           LD      (M4350),A           ; 
6801   31AC E1                                 POP     HL                  
6802   31AD C9                                 RET                         
6803   31AE             
6804   31B4                                    .ORG $31B4
6805   31B4             ;*****************************************************************************
6806   31B4             ;* Sub-task 5: in state 3, choose the closed-loop swoop pattern for the
6807   31B4             ;* selected alien based on its position relative to the player (T3300),
6808   31B4             ;* its row/phase (L3210 + T3310) and a random pick (T3330). Pattern pointer
6809   31B4             ;* is stored at $4351/$4352 and state advances to 5.
6810   31B4             ;*****************************************************************************
6811   31B4             L31B4:
6812   31B4 3A 50 43                           LD      A,(M4350)           ; 
6813   31B7 FE 03                              CP      $03                 
6814   31B9 C0                                 RET     NZ                  ; if <> 3
6815   31BA 3A 54 43                           LD      A,(M4354)           ; 
6816   31BD D6 50                              SUB     $50                 
6817   31BF 07                                 RLCA                        ; Multiply by 2
6818   31C0 C6 72                              ADD     $72                 
6819   31C2 6F                                 LD      L,A                 
6820   31C3 26 4B                              LD      H,$4B               
6821   31C5 46                                 LD      B,(HL)              
6822   31C6 2C                                 INC     L                   
6823   31C7 56                                 LD      D,(HL)              
6824   31C8 3A C2 43                           LD      A,(PlayerShipX)     ; 
6825   31CB 0E 04                              LD      C,$04               
6826   31CD B8                                 CP      B                   
6827   31CE D2 D6 31                           JP      NC,L31D6            ; 
6828   31D1 4F                                 LD      C,A                 
6829   31D2 78                                 LD      A,B                 
6830   31D3 41                                 LD      B,C                 
6831   31D4 0E 00                              LD      C,$00               
6832   31D6             L31D6:
6833   31D6 90                                 SUB     B                   
6834   31D7 07                                 RLCA                        ; Multiply by 8 ..
6835   31D8 07                                 RLCA                        ; ..
6836   31D9 07                                 RLCA                        ; ..
6837   31DA E6 07                              AND     $07                 
6838   31DC C6 00                              ADD     $00                 ; LSB for table T3300
6839   31DE 6F                                 LD      L,A                 
6840   31DF 26 33                              LD      H,$33               ; get MSB for table T3300
6841   31E1 7E                                 LD      A,(HL)              
6842   31E2 81                                 ADD     A,C                 
6843   31E3 07                                 RLCA                        ; Multiply by 4 ..
6844   31E4 07                                 RLCA                        ; ..
6845   31E5 4F                                 LD      C,A                 
6846   31E6 00                                 NOP                         
6847   31E7 00                                 NOP                         
6848   31E8 00                                 NOP                         
6849   31E9 3A 57 43                           LD      A,(M4357)           ; 
6850   31EC 47                                 LD      B,A                 
6851   31ED CD 10 32                           CALL    L3210               ; 
6852   31F0 79                                 LD      A,C                 
6853   31F1 80                                 ADD     A,B                 
6854   31F2 C6 10                              ADD     $10                 ; LSB for table T3310
6855   31F4 6F                                 LD      L,A                 
6856   31F5 26 33                              LD      H,$33               ; get MSB for table T3310
6857   31F7 4E                                 LD      C,(HL)              
6858   31F8 CD AA 30                           CALL    GetRandomNumber     ; 
6859   31FB E6 06                              AND     $06                 
6860   31FD 81                                 ADD     A,C                 
6861   31FE 6F                                 LD      L,A                 
6862   31FF 26 33                              LD      H,$33               ; get MSB for table T3330 (base adresses of closed loops pattern tables for aliens)
6863   3201 7E                                 LD      A,(HL)              
6864   3202 2C                                 INC     L                   
6865   3203 46                                 LD      B,(HL)              
6866   3204 21 50 43                           LD      HL,M4350            ; 
6867   3207 36 05                              LD      (HL),$05            
6868   3209 2C                                 INC     L                   
6869   320A 77                                 LD      (HL),A              
6870   320B 2C                                 INC     L                   
6871   320C 70                                 LD      (HL),B              
6872   320D C9                                 RET                         
6873   320E             
6874   3210                                    .ORG $3210
6875   3210             ;*****************************************************************************
6876   3210             ;* Get the attack phase at Reg. B (0..3) from the alien Y (only when one attacker).
6877   3210             ;*****************************************************************************
6878   3210             L3210:
6879   3210 3A 53 43                           LD      A,(M4353)           ; Number of aliens doing the closed loop pattern
6880   3213 FE 01                              CP      $01                 ; 
6881   3215 C0                                 RET     NZ                  ; only meaningful for 1
6882   3216 7A                                 LD      A,D                 ; alien screen coordinate Y
6883   3217 06 00                              LD      B,$00               ; return B = phase 0
6884   3219 FE 58                              CP      $58                 ; 
6885   321B D8                                 RET     C                   ; if alien screen coordinate Y < $58
6886   321C 06 01                              LD      B,$01               ; return B = phase 1
6887   321E FE 78                              CP      $78                 ; 
6888   3220 D8                                 RET     C                   ; if alien screen coordinate Y < $78
6889   3221 06 02                              LD      B,$02               ; return B = phase 2
6890   3223 FE 98                              CP      $98                 ; 
6891   3225 D8                                 RET     C                   ; if alien screen coordinate Y < $98
6892   3226 06 03                              LD      B,$03               ; return B = phase 3
6893   3228 C9                                 RET                         ; 
6894   3229             
6895   322C                                    .ORG $322C
6896   322C             ;*****************************************************************************
6897   322C             ;* Sub-task 6: in state 4 (angry path), verify all active aliens carry the
6898   322C             ;* start pointer, then advance to state 6.
6899   322C             ;*****************************************************************************
6900   322C             L322C:
6901   322C 3A 50 43                           LD      A,(M4350)           ; 
6902   322F FE 04                              CP      $04                 
6903   3231 C0                                 RET     NZ                  ; if <> 4
6904   3232 21 50 4B                           LD      HL,M4B50            ; Pointer to alien movement pattern
6905   3235 11 70 4B                           LD      DE,M4B70            ; Alien data structure (grid)
6906   3238 3A 56 43                           LD      A,(M4356)           ; 
6907   323B 4F                                 LD      C,A                 
6908   323C 3A 94 43                           LD      A,(M4394)           ; 
6909   323F 47                                 LD      B,A                 
6910   3240             L3240:
6911   3240 1A                                 LD      A,(DE)              
6912   3241 E6 08                              AND     $08                 
6913   3243 CA 4E 32                           JP      Z,L324E             ; 
6914   3246 7E                                 LD      A,(HL)              
6915   3247 B8                                 CP      B                   
6916   3248 C0                                 RET     NZ                  
6917   3249 2C                                 INC     L                   
6918   324A 7E                                 LD      A,(HL)              
6919   324B 2D                                 DEC     L                   
6920   324C B9                                 CP      C                   
6921   324D C0                                 RET     NZ                  
6922   324E             L324E:
6923   324E 2C                                 INC     L                   
6924   324F 2C                                 INC     L                   
6925   3250 7B                                 LD      A,E                 
6926   3251 C6 04                              ADD     $04                 
6927   3253 5F                                 LD      E,A                 
6928   3254 FE B0                              CP      $B0                 
6929   3256 C2 40 32                           JP      NZ,L3240            ; 
6930   3259 3E 06                              LD      A,$06               
6931   325B 32 50 43                           LD      (M4350),A           ; 
6932   325E C9                                 RET                         
6933   325F             
6934   3264                                    .ORG $3264
6935   3264             ;*****************************************************************************
6936   3264             ;* Sub-task 0: rotate the 'start value list' pointer $4356 (0-15). If a
6937   3264             ;* pattern is fully prepared (state >= 5), reset to state 0 and write the
6938   3264             ;* chosen closed-loop pattern pointer into the movement slots ($4B50) of the
6939   3264             ;* matching aliens - launching the actual swoop.
6940   3264             ;*****************************************************************************
6941   3264             L3264:
6942   3264 21 95 43                           LD      HL,M4395            ; 
6943   3267 7E                                 LD      A,(HL)              ;
6944   3268 32 56 43                           LD      (M4356),A           ; 
6945   326B 3C                                 INC     A                   
6946   326C E6 0F                              AND     $0F                 ; 0000_1111
6947   326E 77                                 LD      (HL),A              
6948   326F 2E 50                              LD      L,$50               
6949   3271 7E                                 LD      A,(HL)              ; get $4350
6950   3272 FE 05                              CP      $05                 
6951   3274 D8                                 RET     C                   ; if < 5
6952   3275 36 00                              LD      (HL),$00            ; clear $4350
6953   3277 2E 53                              LD      L,$53               
6954   3279 4E                                 LD      C,(HL)              ; get $4353
6955   327A 2C                                 INC     L                   
6956   327B 6E                                 LD      L,(HL)              ; get $4354
6957   327C 26 4B                              LD      H,$4B               
6958   327E 3A 56 43                           LD      A,(M4356)           ; 
6959   3281 57                                 LD      D,A                 
6960   3282 3A 94 43                           LD      A,(M4394)           ; 
6961   3285 5F                                 LD      E,A                 
6962   3286 7D                                 LD      A,L                 
6963   3287 D6 50                              SUB     $50                 
6964   3289 0F                                 RRCA                        
6965   328A 47                                 LD      B,A                 
6966   328B 3E 10                              LD      A,$10               
6967   328D 90                                 SUB     B                   
6968   328E 47                                 LD      B,A                 
6969   328F             L328F:
6970   328F 7E                                 LD      A,(HL)              
6971   3290 2C                                 INC     L                   
6972   3291 BB                                 CP      E                   
6973   3292 C2 A4 32                           JP      NZ,L32A4            ; 
6974   3295 7E                                 LD      A,(HL)              
6975   3296 BA                                 CP      D                   
6976   3297 C2 A4 32                           JP      NZ,L32A4            ; 
6977   329A 2D                                 DEC     L                   
6978   329B 3A 51 43                           LD      A,(M4351)           ; 
6979   329E 77                                 LD      (HL),A              
6980   329F 2C                                 INC     L                   
6981   32A0 3A 52 43                           LD      A,(M4352)           ; 
6982   32A3 77                                 LD      (HL),A              
6983   32A4             L32A4:
6984   32A4 2C                                 INC     L                   
6985   32A5 05                                 DEC     B                   
6986   32A6 C2 AB 32                           JP      NZ,L32AB            ; 
6987   32A9 2E 50                              LD      L,$50               
6988   32AB             L32AB:
6989   32AB 0D                                 DEC     C                   
6990   32AC C2 8F 32                           JP      NZ,L328F            ; 
6991   32AF C9                                 RET                         
6992   32B0             
6993   32B0             ;*****************************************************************************
6994   32B0             ;* Bird-level init:
6995   32B0             ;* First clears `$4B70`–`$4BAF`, then copies `BirdsLeft × 8` bytes from table T3F80
6996   32B0             ;* into the object array, choosing the source block by level.
6997   32B0             ;* So when a full wave starts (`BirdsLeft = 8`, `C = $40`),
6998   32B0             ;* the source LSB resolves to `$80` -> it copies the whole table starting at `$3F80` into `$4B70`,
6999   32B0             ;* meaning `$3F80`–`$3F87` becomes the live control block of bird #0 at `$4B70`.
7000   32B0             ;* (If fewer birds are present, both source and destination are offset toward the end of their respective arrays,
7001   32B0             ;* so the remaining birds are taken from the tail of the table.)
7002   32B0             ;* The `LevelAndRound` bit test redirects the source to `$3FC0` for levels 4/9.
7003   32B0             ;* After the copy, these objects are driven by the bird routines — e.g. `DrawFirst4BirdObjects`/`DrawSecond4BirdObjects`
7004   32B0             ;* and `L35B0`, all of which iterate the array in 8 byte steps (`ADD $08`) over `$4B70`–`$4BAF`, confirming the 8 byte-per-bird structure.
7005   32B0             ;*****************************************************************************
7006   32B0             L32B0:
7007   32B0 21 50 43                           LD      HL,M4350            ; 
7008   32B3 06 30                              LD      B,$30               ; 4350 to 437F
7009   32B5 CD D8 05                           CALL    ClearBbytesAtHL     ; 
7010   32B8 2E 9A                              LD      L,$9A               ;
7011   32BA 06 04                              LD      B,$04               ; 439A to 439D
7012   32BC CD D8 05                           CALL    ClearBbytesAtHL     ; 
7013   32BF 3A BB 43                           LD      A,(BirdsLeft)       ; 
7014   32C2 A7                                 AND     A                   ; updates the zero flag
7015   32C3 C8                                 RET     Z                   ; if no BirdsLeft
7016   32C4 07                                 RLCA                        ; Multiply by 8 ..
7017   32C5 07                                 RLCA                        ; ..
7018   32C6 07                                 RLCA                        ; ..
7019   32C7 4F                                 LD      C,A                 
7020   32C8 21 70 4B                           LD      HL,M4B70            ; 
7021   32CB 06 40                              LD      B,$40               
7022   32CD CD D8 05                           CALL    ClearBbytesAtHL     ; 
7023   32D0 16 4B                              LD      D,$4B               
7024   32D2 26 3F                              LD      H,$3F               
7025   32D4 3E 40                              LD      A,$40               
7026   32D6 91                                 SUB     C                   
7027   32D7 C6 70                              ADD     $70                 
7028   32D9 5F                                 LD      E,A                 
7029   32DA C6 10                              ADD     $10                 
7030   32DC 6F                                 LD      L,A                 
7031   32DD 41                                 LD      B,C                 
7032   32DE 3A B8 43                           LD      A,(LevelAndRound)   ; 
7033   32E1 0F                                 RRCA                        
7034   32E2 0F                                 RRCA                        
7035   32E3 D2 E0 05                           JP      NC,CopyBbytesHLtoDE ; 
7036   32E6 7D                                 LD      A,L                 
7037   32E7 C6 40                              ADD     $40                 
7038   32E9 6F                                 LD      L,A                 
7039   32EA C3 E0 05                           JP      CopyBbytesHLtoDE    ; 
7040   32ED             
7041   3300                                    .ORG $3300
7042   3300             ; Maps "distance from player" -> T3310 group.
7043   3300             T3300:
7044   3300 00 01 02 02                        .DB $00, $01, $02, $02, $03, $03, $03, $03
7044   3304 03 03 03 03 
7045   3308 FF FF FF FF                        .DB $FF, $FF, $FF, $FF, $FF, $FF, $FF, $FF
7045   330C FF FF FF FF 
7046   3310             
7047   3310             ; Pointer table for T3330.
7048   3310             ; T1160, T1020, T1020, T10A8
7049   3310             ; T1160, T1020, T1020, T2C90...
7050   3310             ; The random values (0, 2, 4 or 6) are added in order to
7051   3310             ; address the rest of T3330.
7052   3310             T3310:
7053   3310 88 90 98 A0                        .DB $88, $90, $98, $A0, $68, $70, $78, $80, $48, $50, $58, $60, $48, $30, $38, $40
7053   3314 68 70 78 80 
7053   3318 48 50 58 60 
7053   331C 48 30 38 40 
7054   3320 88 90 98 A0                        .DB $88, $90, $98, $A0, $A8, $B0, $B8, $C0, $C8, $D0, $D8, $E0, $C8, $E8, $F0, $F8
7054   3324 A8 B0 B8 C0 
7054   3328 C8 D0 D8 E0 
7054   332C C8 E8 F0 F8 
7055   3330             
7056   3330             ; Base adresses of closed loop pattern tables for aliens:
7057   3330             ; The actual flight paths the aliens follow.
7058   3330             ; T1130, T2C00, T2FA0...
7059   3330             T3330:
7060   3330                                    .MSFIRST
7061   3330 11 30 2C 00                        .DW T1130, T2C00, T2FA0, T2C00, T2EC4, T2FA0, T2F34, T2FA0
7061   3334 2F A0 2C 00 
7061   3338 2E C4 2F A0 
7061   333C 2F 34 2F A0 
7062   3340 2C C8 2E C4                        .DW T2CC8, T2EC4, T2E20, T2EC4, T1130, T139C, T13D0, T2C00
7062   3344 2E 20 2E C4 
7062   3348 11 30 13 9C 
7062   334C 13 D0 2C 00 
7063   3350 11 30 13 28                        .DW T1130, T1328, T2C00, T2F34, T11A4, T2C90, T2F34, T2FA0
7063   3354 2C 00 2F 34 
7063   3358 11 A4 2C 90 
7063   335C 2F 34 2F A0 
7064   3360 2C 90 2C C8                        .DW T2C90, T2CC8, T2E20, T2EC4, T1160, T1354, T139C, T13D0
7064   3364 2E 20 2E C4 
7064   3368 11 60 13 54 
7064   336C 13 9C 13 D0 
7065   3370 10 20 10 64                        .DW T1020, T1064, T11A4, T1328, T1020, T11A4, T1200, T2F34
7065   3374 11 A4 13 28 
7065   3378 10 20 11 A4 
7065   337C 12 00 2F 34 
7066   3380 2C 90 2C C8                        .DW T2C90, T2CC8, T2DC0, T2E20, T1160, T1244, T1288, T1354
7066   3384 2D C0 2E 20 
7066   3388 11 60 12 44 
7066   338C 12 88 13 54 
7067   3390 10 20 10 64                        .DW T1020, T1064, T1200, T1244, T1020, T1200, T1020, T1200
7067   3394 12 00 12 44 
7067   3398 10 20 12 00 
7067   339C 10 20 12 00 
7068   33A0 10 A8 2D 88                        .DW T10A8, T2D88, T10A8, T2DC0, T11D0, T12CA, T1300, T1354
7068   33A4 10 A8 2D C0 
7068   33A8 11 D0 12 CA 
7068   33AC 13 00 13 54 
7069   33B0 10 20 10 64                        .DW T1020, T1064, T10D4, T1300, T1020, T10D4, T1200, T2F00
7069   33B4 10 D4 13 00 
7069   33B8 10 20 10 D4 
7069   33BC 12 00 2F 00 
7070   33C0 2D 00 2D 44                        .DW T2D00, T2D44, T2D88, T2E6C, T1100, T11D0, T12CA, T2F64
7070   33C4 2D 88 2E 6C 
7070   33C8 11 00 11 D0 
7070   33CC 12 CA 2F 64 
7071   33D0 11 00 13 00                        .DW T1100, T1300, T2F64, T2F00, T10D4, T2D00, T2F00, T2C34
7071   33D4 2F 64 2F 00 
7071   33D8 10 D4 2D 00 
7071   33DC 2F 00 2C 34 
7072   33E0 2D 00 2D 44                        .DW T2D00, T2D44, T2E6C, T2E90, T1100, T2C34, T2F64, T2F64
7072   33E4 2E 6C 2E 90 
7072   33E8 11 00 2C 34 
7072   33EC 2F 64 2F 64 
7073   33F0 2E 90 2F 00                        .DW T2E90, T2F00, T2C34, T2C34, T2D44, T2E6C, T2E90, T2E90
7073   33F4 2C 34 2C 34 
7073   33F8 2D 44 2E 6C 
7073   33FC 2E 90 2E 90 
7074   3400             
7075   3400             ;*****************************************************************************
7076   3400             ;* Game level 7
7077   3400             ;* birds level including 'fade in'
7078   3400             ;*****************************************************************************
7079   3400             L3400:
7080   3400 CD 76 08                           CALL    PlayerUpdate        ; Updates the player ship, player bullet and the shield.
7081   3403 CD 00 38                           CALL    L3800               ; Collision detection for birds
7082   3406 CD 00 26                           CALL    L2600               ; birds vertical movement update (with 58xx scroll register)
7083   3409 CD 00 38                           CALL    L3800               ; Collision detection for birds
7084   340C CD 80 39                           CALL    L3980               ; 
7085   340F 3A BB 43                           LD      A,(BirdsLeft)       ; 
7086   3412 A7                                 AND     A                   ; updates the zero flag
7087   3413 CA 62 34                           JP      Z,L3462             ; if no BirdsLeft.
7088   3416 FE 04                              CP      $04                 ;
7089   3418 D2 38 34                           JP      NC,L3438            ; 
7090   341B CD 74 34                           CALL    DrawFirst4BirdObjects ; including the horizontal movement update
7091   341E CD 86 34                           CALL    DrawSecond4BirdObjects ; including the horizontal movement update
7092   3421 CD 60 35                           CALL    L3560               ; 
7093   3424 CD 98 34                           CALL    L3498               ; 
7094   3427 CD AA 34                           CALL    L34AA               ; 
7095   342A 3A 9B 43                           LD      A,(Counter9A+$1)    ; 
7096   342D 0F                                 RRCA                        
7097   342E DA C0 0F                           JP      C,L0FC0             ; Handle animations for killed aliens
7098   3431 CD 30 39                           CALL    L3930               ; 
7099   3434 C3 40 0C                           JP      L0C40               ; 
7100   3437             
7101   3438                                    .ORG $3438
7102   3438             ;
7103   3438             L3438:
7104   3438 3A 9B 43                           LD      A,(Counter9A+$1)    ; 
7105   343B 0F                                 RRCA                        
7106   343C DA 52 34                           JP      C,L3452             ; 
7107   343F CD 74 34                           CALL    DrawFirst4BirdObjects
7108   3442 CD 60 35                           CALL    L3560               ; 
7109   3445 CD 98 34                           CALL    L3498               ; 
7110   3448 CD 30 39                           CALL    L3930               ; 
7111   344B C3 40 0C                           JP      L0C40               ; 
7112   344E             
7113   3452                                    .ORG $3452
7114   3452             ;
7115   3452             L3452:
7116   3452 CD 86 34                           CALL    DrawSecond4BirdObjects
7117   3455 CD 60 35                           CALL    L3560               ; 
7118   3458 CD AA 34                           CALL    L34AA               ; 
7119   345B C3 C0 0F                           JP      L0FC0               ; Handle animations for killed aliens
7120   345E             
7121   3462                                    .ORG $3462
7122   3462             ;
7123   3462             L3462:
7124   3462 3A 9B 43                           LD      A,(Counter9A+$1)    ; 
7125   3465 0F                                 RRCA                        
7126   3466 D8                                 RET     C                   
7127   3467 CD 40 0C                           CALL    L0C40               ; 
7128   346A CD C0 0F                           CALL    L0FC0               ; Handle animations for killed aliens
7129   346D C3 04 22                           JP      L2204               ; 
7130   3470             
7131   3474                                    .ORG $3474
7132   3474             ;*****************************************************************************
7133   3474             ;* Draw bird objects 0 to 3.
7134   3474             ;* Including the horizontal movement update.
7135   3474             ;*****************************************************************************
7136   3474             DrawFirst4BirdObjects:
7137   3474 21 70 4B                           LD      HL,B4B70            ; 
7138   3477             ;
7139   3477             L3477:
7140   3477 E5                                 PUSH    HL                  ;
7141   3478 CD C0 34                           CALL    DrawBirdObject      ; 
7142   347B E1                                 POP     HL                  ;
7143   347C 7D                                 LD      A,L                 ;
7144   347D C6 08                              ADD     $08                 ; go to next bird object
7145   347F 6F                                 LD      L,A                 ;
7146   3480 FE 90                              CP      $90                 ; for bird0 to bird3
7147   3482 C2 77 34                           JP      NZ,L3477            ; 
7148   3485 C9                                 RET                         ;
7149   3486             
7150   3486             ;*****************************************************************************
7151   3486             ;* Draw bird objects 4 to 7.
7152   3486             ;* Including the horizontal movement update.
7153   3486             ;*****************************************************************************
7154   3486             DrawSecond4BirdObjects:
7155   3486 21 90 4B                           LD      HL,B4B90            ; 
7156   3489             ;
7157   3489             L3489:
7158   3489 E5                                 PUSH    HL                  ;
7159   348A CD C0 34                           CALL    DrawBirdObject      ; 
7160   348D E1                                 POP     HL                  ;
7161   348E 7D                                 LD      A,L                 ;
7162   348F C6 08                              ADD     $08                 ; go to next bird object
7163   3491 6F                                 LD      L,A                 ;
7164   3492 FE B0                              CP      $B0                 ; for bird4 to bird7
7165   3494 C2 89 34                           JP      NZ,L3489            ; 
7166   3497 C9                                 RET                         ;
7167   3498             
7168   3498             ;
7169   3498             L3498:
7170   3498 21 70 4B                           LD      HL,B4B70            ; 
7171   349B             ;
7172   349B             L349B:
7173   349B E5                                 PUSH    HL                  ;
7174   349C CD B0 35                           CALL    L35B0               ; 
7175   349F E1                                 POP     HL                  ;
7176   34A0 7D                                 LD      A,L                 ;
7177   34A1 C6 08                              ADD     $08                 ; go to next bird object
7178   34A3 6F                                 LD      L,A                 ;
7179   34A4 FE 90                              CP      $90                 ; for bird 0 to bird3
7180   34A6 C2 9B 34                           JP      NZ,L349B            ; 
7181   34A9 C9                                 RET                         ;
7182   34AA             
7183   34AA             ;
7184   34AA             L34AA:
7185   34AA 21 90 4B                           LD      HL,B4B90            ; 
7186   34AD             ;
7187   34AD             L34AD:
7188   34AD E5                                 PUSH    HL                  ;
7189   34AE CD B0 35                           CALL    L35B0               ; 
7190   34B1 E1                                 POP     HL                  ;
7191   34B2 7D                                 LD      A,L                 ;
7192   34B3 C6 08                              ADD     $08                 ; go to next bird object
7193   34B5 6F                                 LD      L,A                 ;
7194   34B6 FE B0                              CP      $B0                 ; for bird4 to bird7
7195   34B8 C2 AD 34                           JP      NZ,L34AD            ; 
7196   34BB C9                                 RET                         ;
7197   34BC             
7198   34C0                                    .ORG $34C0
7199   34C0             ;*****************************************************************************
7200   34C0             ;* Draw a given bird object.
7201   34C0             ;* Input HL is the data structur of one bird object.
7202   34C0             ;* (For the 8 birds: $4B70, $4B78, $4B80, $4B88, $4B90, $4B98, $4BA0, $4BA8)
7203   34C0             ;*****************************************************************************
7204   34C0             DrawBirdObject:
7205   34C0 7E                                 LD      A,(HL)              ; HL=$4B70 (or $4B78,...)
7206   34C1 A7                                 AND     A                   ; updates the zero flag
7207   34C2 C8                                 RET     Z                   ; if 0
7208   34C3 47                                 LD      B,A                 ; save it
7209   34C4 C6 C0                              ADD     $C0                 ; add to base for table T3EC0
7210   34C6 5F                                 LD      E,A                 ; save it
7211   34C7 16 3E                              LD      D,$3E               ; MSB for T3EC0
7212   34C9 1A                                 LD      A,(DE)              ; get data starting from $3EC1
7213   34CA 4F                                 LD      C,A                 ;
7214   34CB 2C                                 INC     L                   ;
7215   34CC 56                                 LD      D,(HL)              ; get $4B71 MSB of screen ram
7216   34CD 2C                                 INC     L                   ;
7217   34CE 5E                                 LD      E,(HL)              ; get $4B72 LSB of screen ram
7218   34CF 2C                                 INC     L                   ;
7219   34D0 78                                 LD      A,B                 ; restore it
7220   34D1 07                                 RLCA                        ; Multiply by 8 ..
7221   34D2 07                                 RLCA                        ; ..
7222   34D3 07                                 RLCA                        ; ..
7223   34D4 86                                 ADD     A,(HL)              ; and add to $4B73 alien0 screen coordinate Y
7224   34D5 E6 7E                              AND     $7E                 ; mask out 0111_1110
7225   34D7 6F                                 LD      L,A                 ;
7226   34D8 26 3E                              LD      H,$3E               ;
7227   34DA 7E                                 LD      A,(HL)              ; get MSB from address table for bird character block shapes (T3E08)
7228   34DB 2C                                 INC     L                   ;
7229   34DC 6E                                 LD      L,(HL)              ; get LSB
7230   34DD 67                                 LD      H,A                 ;
7231   34DE             L34DE:
7232   34DE 7A                                 LD      A,D                 ;
7233   34DF FE 4B                              CP      $4B                 ; MSB of screen ram
7234   34E1 C2 0C 35                           JP      NZ,L350C            ; if value is not equal $4B
7235   34E4 7B                                 LD      A,E                 ;
7236   34E5 FE 50                              CP      $50                 ;
7237   34E7 DA 0C 35                           JP      C,L350C             ; 
7238   34EA 06 08                              LD      B,$08               ;
7239   34EC 2C                                 INC     L                   ;
7240   34ED 2C                                 INC     L                   ;
7241   34EE D6 20                              SUB     $20                 ;
7242   34F0 5F                                 LD      E,A                 ;
7243   34F1 FE 50                              CP      $50                 ;
7244   34F3 DA 09 35                           JP      C,L3509             ; 
7245   34F6 06 10                              LD      B,$10               ;
7246   34F8 2C                                 INC     L                   ;
7247   34F9 2C                                 INC     L                   ;
7248   34FA D6 20                              SUB     $20                 ;
7249   34FC 5F                                 LD      E,A                 ;
7250   34FD FE 50                              CP      $50                 ;
7251   34FF DA 09 35                           JP      C,L3509             ; 
7252   3502 06 18                              LD      B,$18               ;
7253   3504 2C                                 INC     L                   ;
7254   3505 2C                                 INC     L                   ;
7255   3506 D6 20                              SUB     $20                 ;
7256   3508 5F                                 LD      E,A                 ;
7257   3509             ;
7258   3509             L3509:
7259   3509 79                                 LD      A,C                 ;
7260   350A 80                                 ADD     A,B                 ;
7261   350B 4F                                 LD      C,A                 ;
7262   350C             ;
7263   350C             L350C:
7264   350C 06 35                              LD      B,$35               ; MSB of return address for the draw shape entry.
7265   350E C5                                 PUSH    BC                  ;
7266   350F 01 DF FF                           LD      BC,$FFDF            ; Screen offset constant -33 right one column (-1), up one row (-32)
7267   3512 EB                                 EX      DE,HL               ;
7268   3513 36 00                              LD      (HL),$00            ; delete character on screen
7269   3515 23                                 INC     HL                  ;
7270   3516 36 00                              LD      (HL),$00            ; delete character on screen
7271   3518 09                                 ADD     HL,BC               ;
7272   3519 C9                                 RET                         ; jumps to draw shape entry.
7273   351A             
7274   3520                                    .ORG $3520
7275   3520             ;*****************************************************************************
7276   3520             ;* Draw a shape.
7277   3520             ;* Entry dep. on size of shape: 2x2,3x2,4x2,5x2,6x2,7x2.
7278   3520             ;*****************************************************************************
7279   3520             Draw7x2:
7280   3520 1A                                 LD      A,(DE)              ;
7281   3521 77                                 LD      (HL),A              ;
7282   3522 13                                 INC     DE                  ;
7283   3523 23                                 INC     HL                  ;
7284   3524 1A                                 LD      A,(DE)              ;
7285   3525 77                                 LD      (HL),A              ;
7286   3526 13                                 INC     DE                  ;
7287   3527 09                                 ADD     HL,BC               ;
7288   3528             Draw6x2:
7289   3528 1A                                 LD      A,(DE)              ;
7290   3529 77                                 LD      (HL),A              ;
7291   352A 13                                 INC     DE                  ;
7292   352B 23                                 INC     HL                  ;
7293   352C 1A                                 LD      A,(DE)              ;
7294   352D 77                                 LD      (HL),A              ;
7295   352E 13                                 INC     DE                  ;
7296   352F 09                                 ADD     HL,BC               ;
7297   3530             Draw5x2:
7298   3530 1A                                 LD      A,(DE)              ;
7299   3531 77                                 LD      (HL),A              ;
7300   3532 13                                 INC     DE                  ;
7301   3533 23                                 INC     HL                  ;
7302   3534 1A                                 LD      A,(DE)              ;
7303   3535 77                                 LD      (HL),A              ;
7304   3536 13                                 INC     DE                  ;
7305   3537 09                                 ADD     HL,BC               ;
7306   3538             Draw4x2:
7307   3538 1A                                 LD      A,(DE)              ;
7308   3539 77                                 LD      (HL),A              ;
7309   353A 13                                 INC     DE                  ;
7310   353B 23                                 INC     HL                  ;
7311   353C 1A                                 LD      A,(DE)              ;
7312   353D 77                                 LD      (HL),A              ;
7313   353E 13                                 INC     DE                  ;
7314   353F 09                                 ADD     HL,BC               ;
7315   3540             Draw3x2:
7316   3540 1A                                 LD      A,(DE)              ;
7317   3541 77                                 LD      (HL),A              ;
7318   3542 13                                 INC     DE                  ;
7319   3543 23                                 INC     HL                  ;
7320   3544 1A                                 LD      A,(DE)              ;
7321   3545 77                                 LD      (HL),A              ;
7322   3546 13                                 INC     DE                  ;
7323   3547 09                                 ADD     HL,BC               ;
7324   3548             Draw2x2:
7325   3548 1A                                 LD      A,(DE)              ;
7326   3549 77                                 LD      (HL),A              ;
7327   354A 13                                 INC     DE                  ;
7328   354B 23                                 INC     HL                  ;
7329   354C 1A                                 LD      A,(DE)              ;
7330   354D 77                                 LD      (HL),A              ;
7331   354E 13                                 INC     DE                  ;
7332   354F 09                                 ADD     HL,BC               ;
7333   3550             Draw1x2:
7334   3550 1A                                 LD      A,(DE)              ;
7335   3551 77                                 LD      (HL),A              ;
7336   3552 13                                 INC     DE                  ;
7337   3553 23                                 INC     HL                  ;
7338   3554 1A                                 LD      A,(DE)              ;
7339   3555 77                                 LD      (HL),A              ;
7340   3556 13                                 INC     DE                  ;
7341   3557 09                                 ADD     HL,BC               ;
7342   3558             ;
7343   3558             L3558:
7344   3558 36 00                              LD      (HL),$00            ;
7345   355A 23                                 INC     HL                  ;
7346   355B 36 00                              LD      (HL),$00            ;
7347   355D C9                                 RET                         ;
7348   355E             
7349   3560                                    .ORG $3560
7350   3560             ;*****************************************************************************
7351   3560             ;* Bird-launch setup:
7352   3560             ;* Decides the parameters of the next incoming bird group.
7353   3560             ;* Builds a random horizontal jitter, then composes an index from the current game state.
7354   3560             ;* The index is `bit5(timing) | round(bits 3 4) | (BirdsLeft 1)(bits 1 2)`,
7355   3560             ;* which spans `$00`–`$3E` in steps of 2 -> addresses `$3E80`–`$3EBE`.
7356   3560             ;* So the table is 32 two byte entries, selected by:
7357   3560             ;* - Game round (`LevelAndRound`, clamped at round 4) -> one of 4 difficulty groups
7358   3560             ;* - Birds remaining (`BirdsLeft 1`, clamped to 0–3) -> entry within the group
7359   3560             ;* - A timing bit from `Counter9A` -> alternates between the two halves of the table
7360   3560             ;* They're then consumed by the bird movement/attack code.
7361   3560             ;*****************************************************************************
7362   3560             L3560:
7363   3560 CD AA 30                           CALL    GetRandomNumber     ; 
7364   3563 47                                 LD      B,A                 ;
7365   3564 07                                 RLCA                        ; Multiply by 4 ..
7366   3565 07                                 RLCA                        ; ..
7367   3566 4F                                 LD      C,A                 ;
7368   3567 07                                 RLCA                        ; Multiply by 4 ..
7369   3568 07                                 RLCA                        ; ..
7370   3569 B0                                 OR      B                   
7371   356A 32 6F 43                           LD      (M436F),A           ; 
7372   356D 3A B8 43                           LD      A,(LevelAndRound)   ; 
7373   3570 FE 40                              CP      $40                 ;
7374   3572 DA 77 35                           JP      C,L3577             ; if game round < 4
7375   3575 3E 30                              LD      A,$30               
7376   3577             L3577:
7377   3577 E6 30                              AND     $30                 
7378   3579 0F                                 RRCA                        
7379   357A 47                                 LD      B,A                 
7380   357B 3A BB 43                           LD      A,(BirdsLeft)       ; 
7381   357E 3D                                 DEC     A                   
7382   357F FE 04                              CP      $04                 
7383   3581 DA 86 35                           JP      C,L3586             ; 
7384   3584 3E 03                              LD      A,$03               
7385   3586             L3586:
7386   3586 07                                 RLCA                        ; Multiply by 2
7387   3587 B0                                 OR      B                   
7388   3588 47                                 LD      B,A                 
7389   3589 3A 9A 43                           LD      A,(Counter9A)       ; 
7390   358C 07                                 RLCA                        ; Multiply by 4 ..
7391   358D 07                                 RLCA                        ; ..
7392   358E E6 20                              AND     $20                 ; mask out 0010_0000
7393   3590 B0                                 OR      B                   
7394   3591 C6 80                              ADD     $80                 
7395   3593 6F                                 LD      L,A                 
7396   3594 26 3E                              LD      H,$3E               
7397   3596 7E                                 LD      A,(HL)              ; data from table T3E80
7398   3597 32 6E 43                           LD      (M436E),A           ; 
7399   359A 2C                                 INC     L                   
7400   359B 7E                                 LD      A,(HL)              ; data from table T3E80
7401   359C 81                                 ADD     A,C                 
7402   359D E6 F8                              AND     $F8                 
7403   359F 32 6D 43                           LD      (M436D),A           ; 
7404   35A2 C9                                 RET                         
7405   35A3             
7406   35B0                                    .ORG $35B0
7407   35B0             ;*****************************************************************************
7408   35B0             ;* The dispatch trick:
7409   35B0             ;* `L35B0` is called with `HL` -> the bird's record.
7410   35B0             ;* It reads the state index at record offset +0, then (crucially) advances `HL`
7411   35B0             ;* to offset +4 and passes that pointer along.
7412   35B0             ;* It then looks up `T3F00 + index*8` and pushes four 16 bit values, then does `RET`.
7413   35B0             ;*****************************************************************************
7414   35B0             L35B0:
7415   35B0 7E                                 LD      A,(HL)              ; get index character block shape
7416   35B1 A7                                 AND     A                   ; updates the zero flag
7417   35B2 C8                                 RET     Z                   ; if index is 0
7418   35B3 47                                 LD      B,A                 ; save index to B
7419   35B4 2C                                 INC     L                   ;
7420   35B5 2C                                 INC     L                   ;
7421   35B6 2C                                 INC     L                   ;
7422   35B7 2C                                 INC     L                   ;
7423   35B8 7E                                 LD      A,(HL)              ;
7424   35B9 A7                                 AND     A                   ; updates the zero flag
7425   35BA CA BE 35                           JP      Z,L35BE             ; 
7426   35BD 35                                 DEC     (HL)                ;
7427   35BE             L35BE:
7428   35BE EB                                 EX      DE,HL               ;
7429   35BF D5                                 PUSH    DE                  ;
7430   35C0 78                                 LD      A,B                 ; load index
7431   35C1 07                                 RLCA                        ; Multiply by 8 ..
7432   35C2 07                                 RLCA                        ; ..
7433   35C3 07                                 RLCA                        ; ..
7434   35C4 6F                                 LD      L,A                 ;
7435   35C5 26 3F                              LD      H,$3F               ; MSB of table T3F00 for stack manipulation
7436   35C7 46                                 LD      B,(HL)              ; get 1st byte
7437   35C8 23                                 INC     HL                  ;
7438   35C9 4E                                 LD      C,(HL)              ; get 2nd byte
7439   35CA C5                                 PUSH    BC                  ; to stack
7440   35CB 23                                 INC     HL                  ;
7441   35CC 46                                 LD      B,(HL)              ; get 3rd byte
7442   35CD 23                                 INC     HL                  ;
7443   35CE 4E                                 LD      C,(HL)              ; get 4rd byte
7444   35CF C5                                 PUSH    BC                  ; to stack
7445   35D0 23                                 INC     HL                  ;
7446   35D1 46                                 LD      B,(HL)              ; get MSB of 1st address
7447   35D2 23                                 INC     HL                  ;
7448   35D3 4E                                 LD      C,(HL)              ; get LSB of 1st address
7449   35D4 C5                                 PUSH    BC                  ; to stack
7450   35D5 23                                 INC     HL                  ;
7451   35D6 46                                 LD      B,(HL)              ; get MSB of 2nd address
7452   35D7 23                                 INC     HL                  ;
7453   35D8 4E                                 LD      C,(HL)              ; get LSB of 2nd address
7454   35D9 C5                                 PUSH    BC                  ; to stack
7455   35DA EB                                 EX      DE,HL               ;
7456   35DB C9                                 RET                         ; calls the 2nd address
7457   35DC             ;*****************************************************************************
7458   35DC             ;* Because the 2nd address was pushed last, `RET` jumps there first. So the sequence is:
7459   35DC             ;* 1. `RET` -> 2nd address (`$35E0` or `$36C0`) runs first, with `HL` = bird record +4.
7460   35DC             ;*    These are the movement / animation routines. They do their work and finish with their own `RET`.
7461   35DC             ;* 2. That `RET` pops the next stack item — the 1st address (`$36CC`, `$36D2`, `$36EA`, or `$370A`)
7462   35DC             ;*     — and jumps there. These are the state transition routines.
7463   35DC             ;*     They begin by popping the two constants and the bird pointer back off the stack.
7464   35DC             ;*****************************************************************************
7465   35DC             
7466   35E0                                    .ORG $35E0
7467   35E0             ; called by $35B0
7468   35E0             L35E0:
7469   35E0 2C                                 INC     L                   
7470   35E1 2C                                 INC     L                   
7471   35E2 7E                                 LD      A,(HL)              
7472   35E3 FE 10                              CP      $10                 
7473   35E5 D2 28 36                           JP      NC,L3628            ; 
7474   35E8 47                                 LD      B,A                 
7475   35E9 2D                                 DEC     L                   
7476   35EA 86                                 ADD     A,(HL)              
7477   35EB 77                                 LD      (HL),A              
7478   35EC 2D                                 DEC     L                   
7479   35ED 2D                                 DEC     L                   
7480   35EE 78                                 LD      A,B                 
7481   35EF 86                                 ADD     A,(HL)              
7482   35F0 77                                 LD      (HL),A              
7483   35F1 FE 08                              CP      $08                 
7484   35F3 DA 6A 36                           JP      C,L366A             ; 
7485   35F6 E6 07                              AND     $07                 
7486   35F8 77                                 LD      (HL),A              
7487   35F9 2D                                 DEC     L                   
7488   35FA 7E                                 LD      A,(HL)              
7489   35FB D6 20                              SUB     $20                 
7490   35FD 77                                 LD      (HL),A              
7491   35FE D2 04 36                           JP      NC,L3604            ; 
7492   3601 2D                                 DEC     L                   
7493   3602 35                                 DEC     (HL)                
7494   3603 2C                                 INC     L                   
7495   3604             L3604:
7496   3604 2C                                 INC     L                   
7497   3605 2C                                 INC     L                   
7498   3606 2C                                 INC     L                   
7499   3607 4E                                 LD      C,(HL)              
7500   3608 2C                                 INC     L                   
7501   3609 2C                                 INC     L                   
7502   360A 7E                                 LD      A,(HL)              
7503   360B 2D                                 DEC     L                   
7504   360C 36 10                              LD      (HL),$10            
7505   360E 91                                 SUB     C                   
7506   360F CA 72 36                           JP      Z,L3672             ; 
7507   3612 3D                                 DEC     A                   
7508   3613 0F                                 RRCA                        
7509   3614 0F                                 RRCA                        
7510   3615 0F                                 RRCA                        
7511   3616 E6 1F                              AND     $1F                 
7512   3618 B8                                 CP      B                   
7513   3619 3C                                 INC     A                   
7514   361A 77                                 LD      (HL),A              
7515   361B D8                                 RET     C                   
7516   361C 3A 6E 43                           LD      A,(M436E)           ; 
7517   361F 77                                 LD      (HL),A              
7518   3620 B8                                 CP      B                   
7519   3621 C8                                 RET     Z                   
7520   3622 04                                 INC     B                   
7521   3623 70                                 LD      (HL),B              
7522   3624 C9                                 RET                         
7523   3625             
7524   3628                                    .ORG $3628
7525   3628             L3628:
7526   3628 E6 0F                              AND     $0F                 
7527   362A CA 44 37                           JP      Z,L3744             ; 
7528   362D 47                                 LD      B,A                 
7529   362E 2D                                 DEC     L                   
7530   362F 7E                                 LD      A,(HL)              
7531   3630 90                                 SUB     B                   
7532   3631 77                                 LD      (HL),A              
7533   3632 2D                                 DEC     L                   
7534   3633 2D                                 DEC     L                   
7535   3634 7E                                 LD      A,(HL)              
7536   3635 90                                 SUB     B                   
7537   3636 77                                 LD      (HL),A              
7538   3637 D2 95 36                           JP      NC,L3695            ; 
7539   363A E6 07                              AND     $07                 
7540   363C 77                                 LD      (HL),A              
7541   363D 2D                                 DEC     L                   
7542   363E 7E                                 LD      A,(HL)              
7543   363F C6 20                              ADD     $20                 
7544   3641 77                                 LD      (HL),A              
7545   3642 D2 48 36                           JP      NC,L3648            ; 
7546   3645 2D                                 DEC     L                   
7547   3646 34                                 INC     (HL)                
7548   3647 2C                                 INC     L                   
7549   3648             L3648:
7550   3648 2C                                 INC     L                   
7551   3649 2C                                 INC     L                   
7552   364A 2C                                 INC     L                   
7553   364B 7E                                 LD      A,(HL)              
7554   364C 2C                                 INC     L                   
7555   364D 2C                                 INC     L                   
7556   364E 96                                 SUB     (HL)                
7557   364F 0F                                 RRCA                        
7558   3650 0F                                 RRCA                        
7559   3651 0F                                 RRCA                        
7560   3652 E6 1F                              AND     $1F                 
7561   3654 B8                                 CP      B                   
7562   3655 3C                                 INC     A                   
7563   3656 2D                                 DEC     L                   
7564   3657 DA 63 36                           JP      C,L3663             ; 
7565   365A 3A 6E 43                           LD      A,(M436E)           ; 
7566   365D B8                                 CP      B                   
7567   365E CA 63 36                           JP      Z,L3663             ; 
7568   3661 78                                 LD      A,B                 
7569   3662 3C                                 INC     A                   
7570   3663             L3663:
7571   3663 F6 10                              OR      $10                 
7572   3665 77                                 LD      (HL),A              
7573   3666 C9                                 RET                         
7574   3667             
7575   366A                                    .ORG $366A
7576   366A             ;
7577   366A             L366A:
7578   366A 78                                 LD      A,B                 
7579   366B A7                                 AND     A                   ; updates the zero flag
7580   366C C0                                 RET     NZ                  
7581   366D 2C                                 INC     L                   
7582   366E 2C                                 INC     L                   
7583   366F 2C                                 INC     L                   
7584   3670 34                                 INC     (HL)                
7585   3671 C9                                 RET                         
7586   3672             ;
7587   3672             L3672:
7588   3672 2D                                 DEC     L                   
7589   3673 46                                 LD      B,(HL)              
7590   3674 2C                                 INC     L                   
7591   3675 2C                                 INC     L                   
7592   3676 3A C2 43                           LD      A,(PlayerShipX)     ; 
7593   3679 E6 F8                              AND     $F8                 
7594   367B B8                                 CP      B                   
7595   367C D2 80 36                           JP      NC,L3680            ; 
7596   367F 47                                 LD      B,A                 
7597   3680             L3680:
7598   3680 3A 6D 43                           LD      A,(M436D)           ; 
7599   3683 4F                                 LD      C,A                 
7600   3684 C6 08                              ADD     $08                 
7601   3686 32 6D 43                           LD      (M436D),A           ; 
7602   3689 78                                 LD      A,B                 
7603   368A 91                                 SUB     C                   
7604   368B 36 08                              LD      (HL),$08            
7605   368D D8                                 RET     C                   
7606   368E FE 08                              CP      $08                 
7607   3690 D8                                 RET     C                   
7608   3691 77                                 LD      (HL),A              
7609   3692 C9                                 RET                         
7610   3693             
7611   3695                                    .ORG $3695
7612   3695             ;
7613   3695             L3695:
7614   3695 2C                                 INC     L                   
7615   3696 2C                                 INC     L                   
7616   3697 46                                 LD      B,(HL)              
7617   3698 2C                                 INC     L                   
7618   3699 2C                                 INC     L                   
7619   369A 7E                                 LD      A,(HL)              
7620   369B B8                                 CP      B                   
7621   369C C0                                 RET     NZ                  
7622   369D 2D                                 DEC     L                   
7623   369E 36 00                              LD      (HL),$00            
7624   36A0 2C                                 INC     L                   
7625   36A1 3A C2 43                           LD      A,(PlayerShipX)     ; 
7626   36A4 E6 F8                              AND     $F8                 
7627   36A6 B8                                 CP      B                   
7628   36A7 DA AB 36                           JP      C,L36AB             ; 
7629   36AA 47                                 LD      B,A                 
7630   36AB             ; for the mirrored launch direction.
7631   36AB             L36AB:
7632   36AB 3A 6D 43                           LD      A,(M436D)           ; 
7633   36AE C6 08                              ADD     $08                 
7634   36B0 32 6D 43                           LD      (M436D),A           ; 
7635   36B3 80                                 ADD     A,B                 
7636   36B4 36 C8                              LD      (HL),$C8            
7637   36B6 D8                                 RET     C                   
7638   36B7 FE C8                              CP      $C8                 
7639   36B9 D0                                 RET     NC                  
7640   36BA 77                                 LD      (HL),A              
7641   36BB C9                                 RET                         
7642   36BC             
7643   36C0                                    .ORG $36C0
7644   36C0             ; called by $35B0
7645   36C0             L36C0:
7646   36C0 7E                                 LD      A,(HL)              ;
7647   36C1 0F                                 RRCA                        ;
7648   36C2 D8                                 RET     C                   ;
7649   36C3 2D                                 DEC     L                   
7650   36C4 7E                                 LD      A,(HL)              
7651   36C5 3C                                 INC     A                   
7652   36C6 E6 07                              AND     $07                 
7653   36C8 77                                 LD      (HL),A              
7654   36C9 C9                                 RET                         
7655   36CA             
7656   36CC                                    .ORG $36CC
7657   36CC             ; called by $35B0
7658   36CC             L36CC:
7659   36CC D1                                 POP     DE                  
7660   36CD C1                                 POP     BC                  
7661   36CE E1                                 POP     HL                  
7662   36CF C9                                 RET                         
7663   36D0             
7664   36D2                                    .ORG $36D2
7665   36D2             ; called by $35B0
7666   36D2             L36D2:
7667   36D2 D1                                 POP     DE                  ;
7668   36D3 C1                                 POP     BC                  ;
7669   36D4 E1                                 POP     HL                  ;
7670   36D5 7E                                 LD      A,(HL)              ;
7671   36D6 A7                                 AND     A                   ; updates the zero flag
7672   36D7 C0                                 RET     NZ                  ;
7673   36D8 70                                 LD      (HL),B              
7674   36D9 2D                                 DEC     L                   
7675   36DA 2D                                 DEC     L                   
7676   36DB 2D                                 DEC     L                   
7677   36DC 2D                                 DEC     L                   
7678   36DD 72                                 LD      (HL),D              
7679   36DE 3A 68 43                           LD      A,(M4368)           ; 
7680   36E1 F6 01                              OR      $01                 
7681   36E3 32 68 43                           LD      (M4368),A           ; 
7682   36E6 C9                                 RET                         
7683   36E7             
7684   36EA                                    .ORG $36EA
7685   36EA             ; called by $35B0
7686   36EA             L36EA:
7687   36EA D1                                 POP     DE                  
7688   36EB C1                                 POP     BC                  
7689   36EC E1                                 POP     HL                  
7690   36ED 7E                                 LD      A,(HL)              
7691   36EE A7                                 AND     A                   ; updates the zero flag
7692   36EF C0                                 RET     NZ                  
7693   36F0 2C                                 INC     L                   
7694   36F1 2C                                 INC     L                   
7695   36F2 7E                                 LD      A,(HL)              
7696   36F3 E6 0F                              AND     $0F                 
7697   36F5 C0                                 RET     NZ                  
7698   36F6 2D                                 DEC     L                   
7699   36F7 2D                                 DEC     L                   
7700   36F8 70                                 LD      (HL),B              
7701   36F9 2D                                 DEC     L                   
7702   36FA 2D                                 DEC     L                   
7703   36FB 2D                                 DEC     L                   
7704   36FC 2D                                 DEC     L                   
7705   36FD 72                                 LD      (HL),D              
7706   36FE 3A 68 43                           LD      A,(M4368)           ; 
7707   3701 F6 02                              OR      $02                 
7708   3703 32 68 43                           LD      (M4368),A           ; 
7709   3706 C9                                 RET                         
7710   3707             
7711   370A                                    .ORG $370A
7712   370A             ;*****************************************************************************
7713   370A             ; called by $35B0
7714   370A             ;* `L370A` is one of the four 1st address (state transition) handlers,
7715   370A             ;* selected by table entries `6`, `7`, `A`, and `F`.
7716   370A             ;* It runs after the frame's movement handler and decides whether the bird
7717   370A             ;* has finished its current growth phase; if so, it advances the bird to
7718   370A             ;* its next state and records progress in the global bird maturity flags `$4368`.
7719   370A             ;* Bird record fields it touches (relative to the +4 pointer it receives):
7720   370A             ;* offset +0 (via `-4`) = state index (the `T3F00` selector / character block shape),
7721   370A             ;* offset +4 = phase timer, offset +6 = sub counter.
7722   370A             ;* Step by step:
7723   370A             ;* 1. Recover parameters (`$370A`–`$370C`): pops the two `T3F00` constants for this state
7724   370A             ;*    into `DE`/`BC` and the bird pointer into `HL`.
7725   370A             ;* 2. Gate on completion (`$370D`–`$3715`): if the phase timer (offset +4) is still non zero,
7726   370A             ;*    or the low nibble of the sub counter (offset +6) is non zero,
7727   370A             ;*    the bird hasn't finished this growth phase yet, so it returns and leaves the state unchanged.
7728   370A             ;* 3. Default transition (`$3716`–`$371D`): once idle, it programs the *next* state
7729   370A             ;*    — new phase timer = `B` (table byte +0), new state index = `D` (table byte +2).
7730   370A             ;* 4. Record maturity (`$371E`–`$3723`): sets bit 2 (`$04`) of the global bird maturity flags at `$4368`.
7731   370A             ;* 5. Optional randomized branch (`$3726`–`$373E`): it samples the per wave random seed `$436F`,
7732   370A             ;*    masks it with table byte +3 (`E`) and tests the high nibble. If that misses (`RET NZ` not taken),
7733   370A             ;*    it *overrides* the transition — state index becomes `E & $0F`, phase timer becomes `C` (table byte +1)
7734   370A             ;*    — and sets an additional maturity bit 3 (`$08`).
7735   370A             ;* In other words, `L370A` is the "this bird has finished growing one stage" handler:
7736   370A             ;* it either promotes the bird to a fixed next shape or, with a seed driven probability,
7737   370A             ;* diverts it to an alternate shape, and it ticks up the flock's maturity progress in `$4368`
7738   370A             ;* so the wave logic knows how far the birds have developed. The sibling handlers work the same way
7739   370A             ;* but set different maturity bits: `L36D2` sets bit 0 (`$01`), `L36EA` sets bit 1 (`$02`),
7740   370A             ;* and `L36CC` is the plain "pop and return" terminator with no transition.
7741   370A             ;*****************************************************************************
7742   370A             L370A:
7743   370A D1                                 POP     DE                  
7744   370B C1                                 POP     BC                  
7745   370C E1                                 POP     HL                  
7746   370D 7E                                 LD      A,(HL)              
7747   370E A7                                 AND     A                   ; updates the zero flag
7748   370F C0                                 RET     NZ                  
7749   3710 2C                                 INC     L                   
7750   3711 2C                                 INC     L                   
7751   3712 7E                                 LD      A,(HL)              
7752   3713 E6 0F                              AND     $0F                 
7753   3715 C0                                 RET     NZ                  
7754   3716 2D                                 DEC     L                   
7755   3717 2D                                 DEC     L                   
7756   3718 70                                 LD      (HL),B              
7757   3719 2D                                 DEC     L                   
7758   371A 2D                                 DEC     L                   
7759   371B 2D                                 DEC     L                   
7760   371C 2D                                 DEC     L                   
7761   371D 72                                 LD      (HL),D              
7762   371E 3A 68 43                           LD      A,(M4368)           ; 
7763   3721 F6 04                              OR      $04                 
7764   3723 32 68 43                           LD      (M4368),A           ; 
7765   3726 3A 6F 43                           LD      A,(M436F)           ; 
7766   3729 A3                                 AND     E                   
7767   372A E6 F0                              AND     $F0                 
7768   372C C0                                 RET     NZ                  
7769   372D 7B                                 LD      A,E                 
7770   372E E6 0F                              AND     $0F                 
7771   3730 77                                 LD      (HL),A              
7772   3731 2C                                 INC     L                   
7773   3732 2C                                 INC     L                   
7774   3733 2C                                 INC     L                   
7775   3734 2C                                 INC     L                   
7776   3735 71                                 LD      (HL),C              
7777   3736 3A 68 43                           LD      A,(M4368)           ; 
7778   3739 F6 08                              OR      $08                 
7779   373B 32 68 43                           LD      (M4368),A           ; 
7780   373E C9                                 RET                         
7781   373F             
7782   3744                                    .ORG $3744
7783   3744             L3744:
7784   3744 36 11                              LD      (HL),$11            
7785   3746 2D                                 DEC     L                   
7786   3747 35                                 DEC     (HL)                
7787   3748 2D                                 DEC     L                   
7788   3749 2D                                 DEC     L                   
7789   374A 36 07                              LD      (HL),$07            
7790   374C 2D                                 DEC     L                   
7791   374D 7E                                 LD      A,(HL)              
7792   374E C6 20                              ADD     $20                 
7793   3750 77                                 LD      (HL),A              
7794   3751 D0                                 RET     NC                  
7795   3752 2D                                 DEC     L                   
7796   3753 34                                 INC     (HL)                
7797   3754 C9                                 RET                         
7798   3755             
7799   3758                                    .ORG $3758
7800   3758             ;
7801   3758             L3758:
7802   3758 7E                                 LD      A,(HL)              
7803   3759 A7                                 AND     A                   ; updates the zero flag
7804   375A C8                                 RET     Z                   ; if 0
7805   375B 35                                 DEC     (HL)                
7806   375C CA CC 37                           JP      Z,L37CC             ; 
7807   375F 7E                                 LD      A,(HL)              
7808   3760 0F                                 RRCA                        
7809   3761 D2 B0 37                           JP      NC,L37B0            ; Prints the score value in the middle of the bonus explosion
7810   3764 3E 0F                              LD      A,$0F               
7811   3766 96                                 SUB     (HL)                
7812   3767 E6 0E                              AND     $0E                 ; mask out 0000_1110
7813   3769 07                                 RLCA                        ; Multiply by 16 ..
7814   376A 07                                 RLCA                        ; ..
7815   376B 07                                 RLCA                        ; ..
7816   376C 07                                 RLCA                        ; ..
7817   376D 2C                                 INC     L                   
7818   376E 2C                                 INC     L                   
7819   376F 56                                 LD      D,(HL)              
7820   3770 2C                                 INC     L                   
7821   3771 5E                                 LD      E,(HL)              
7822   3772 F5                                 PUSH    AF                  
7823   3773 D5                                 PUSH    DE                  
7824   3774 01 DF FF                           LD      BC,$FFDF            ; Screen offset constant -33 right one column (-1), up one row (-32)
7825   3777 CD 96 37                           CALL    L3796               ; left part of bonus explosion animation
7826   377A D1                                 POP     DE                  
7827   377B F1                                 POP     AF                  
7828   377C 2F                                 CPL                         
7829   377D 6F                                 LD      L,A                 
7830   377E 26 FF                              LD      H,$FF               
7831   3780 23                                 INC     HL                  
7832   3781 19                                 ADD     HL,DE               
7833   3782 EB                                 EX      DE,HL               
7834   3783 21 A0 BF                           LD      HL,$BFA0            
7835   3786 19                                 ADD     HL,DE               
7836   3787 D0                                 RET     NC                  
7837   3788 EB                                 EX      DE,HL               
7838   3789 11 D6 17                           LD      DE,T17D6            ; (Bonus explosion right part)
7839   378C 36 00                              LD      (HL),$00            
7840   378E 23                                 INC     HL                  
7841   378F 36 00                              LD      (HL),$00            
7842   3791 09                                 ADD     HL,BC               
7843   3792 C3 40 35                           JP      Draw3x2             ; 
7844   3795             
7845   3796                                    .ORG $3796
7846   3796             ;*****************************************************************************
7847   3796             ;* Draws the left part of bonus explosion animation.
7848   3796             ;*****************************************************************************
7849   3796             L3796:
7850   3796 C6 60                              ADD     $60                 
7851   3798 6F                                 LD      L,A                 
7852   3799 26 00                              LD      H,$00               
7853   379B D2 9F 37                           JP      NC,L379F            ; 
7854   379E 24                                 INC     H                   
7855   379F             L379F:
7856   379F 19                                 ADD     HL,DE               
7857   37A0 EB                                 EX      DE,HL               
7858   37A1 21 C0 BC                           LD      HL,$BCC0            
7859   37A4 19                                 ADD     HL,DE               
7860   37A5 D8                                 RET     C                   
7861   37A6 EB                                 EX      DE,HL               
7862   37A7 11 D0 17                           LD      DE,T17D0            ; (Bonus explosion left part)
7863   37AA C3 40 35                           JP      Draw3x2             ; 
7864   37AD             
7865   37B0                                    .ORG $37B0
7866   37B0             ;*****************************************************************************
7867   37B0             ;* Prints the score value in the middle of the bonus explosion animation.
7868   37B0             ;* First two digits are from $4379. Last digit is ever 0.
7869   37B0             ;*****************************************************************************
7870   37B0             L37B0:
7871   37B0 2C                                 INC     L                   ;
7872   37B1 7E                                 LD      A,(HL)              ;
7873   37B2 27                                 DAA                         ;
7874   37B3 77                                 LD      (HL),A              ;
7875   37B4 2C                                 INC     L                   ;
7876   37B5 56                                 LD      D,(HL)              ;
7877   37B6 2C                                 INC     L                   ;
7878   37B7 5E                                 LD      E,(HL)              ;
7879   37B8 2D                                 DEC     L                   ;
7880   37B9 2D                                 DEC     L                   ;
7881   37BA 00                                 NOP                         ;
7882   37BB CD 17 02                           CALL    RightOneColumn      ; 
7883   37BE 3E 20                              LD      A,$20               ; character code for '0' (the right digit of bonus score)
7884   37C0 12                                 LD      (DE),A              ; write to screen ram (upper left corner of object 17D6)
7885   37C1 CD 10 02                           CALL    LeftOneColumn       ; 
7886   37C4 06 02                              LD      B,$02               ; for the left two digits
7887   37C6 C3 C4 00                           JP      PrintNumber         ; score value for bonus explosion
7888   37C9             
7889   37CC                                    .ORG $37CC
7890   37CC             ;
7891   37CC             L37CC:
7892   37CC 2C                                 INC     L                   
7893   37CD 2C                                 INC     L                   
7894   37CE 2C                                 INC     L                   
7895   37CF 7E                                 LD      A,(HL)              
7896   37D0 E6 1F                              AND     $1F                 
7897   37D2 C6 20                              ADD     $20                 
7898   37D4 6F                                 LD      L,A                 
7899   37D5 26 43                              LD      H,$43               
7900   37D7 01 DF FF                           LD      BC,$FFDF            ; Screen offset constant -33 right one column (-1), up one row (-32)
7901   37DA 11 1A 00                           LD      DE,$001A            
7902   37DD             L37DD:
7903   37DD 72                                 LD      (HL),D              
7904   37DE 23                                 INC     HL                  
7905   37DF 72                                 LD      (HL),D              
7906   37E0 09                                 ADD     HL,BC               
7907   37E1 1D                                 DEC     E                   
7908   37E2 C2 DD 37                           JP      NZ,L37DD            ; 
7909   37E5 C9                                 RET                         
7910   37E6             
7911   37E6             ;*****************************************************************************
7912   37E6             ; h8-ic52.8a
7913   37E6             ;*****************************************************************************
7914   37E6             
7915   3800                                    .ORG $3800
7916   3800             ;*****************************************************************************
7917   3800             ;* Collision detection for birds.
7918   3800             ;* The routine computes a shape index `B = displayedChar − $90`,
7919   3800             ;* and loads the bullet's pixel column bit into `C` from `T3E00[PlayerBulletX & 7]`.
7920   3800             ;* It then does two mask tests against the same `C`.
7921   3800             ;*****************************************************************************
7922   3800             L3800:
7923   3800 3A C4 43                           LD      A,(PlayerBulletState)
7924   3803 E6 08                              AND     $08                 
7925   3805 C8                                 RET     Z                   
7926   3806 3A E6 43                           LD      A,(AbovePlayerBulletMSB)
7927   3809 C6 08                              ADD     $08                 
7928   380B 57                                 LD      D,A                 
7929   380C 3A D2 4B                           LD      A,(M4BD2)           ; 
7930   380F 5F                                 LD      E,A                 
7931   3810 3A E7 43                           LD      A,(AbovePlayerBulletLSB)
7932   3813 E6 E0                              AND     $E0                 
7933   3815 47                                 LD      B,A                 
7934   3816 3A E7 43                           LD      A,(AbovePlayerBulletLSB)
7935   3819 93                                 SUB     E                   
7936   381A 00                                 NOP                         
7937   381B E6 1F                              AND     $1F                 
7938   381D B0                                 OR      B                   
7939   381E 5F                                 LD      E,A                 
7940   381F 1A                                 LD      A,(DE)              
7941   3820 D6 90                              SUB     $90                 
7942   3822 D8                                 RET     C                   
7943   3823 47                                 LD      B,A                 
7944   3824 3A C6 43                           LD      A,(PlayerBulletX)   ; 
7945   3827 E6 07                              AND     $07                 
7946   3829 C6 00                              ADD     $00                 
7947   382B 6F                                 LD      L,A                 
7948   382C 26 3E                              LD      H,$3E               
7949   382E 4E                                 LD      C,(HL)              
7950   382F 7B                                 LD      A,E                 
7951   3830 E6 0E                              AND     $0E                 
7952   3832 07                                 RLCA                        ; Multiply by 4 ..
7953   3833 07                                 RLCA                        ; ..
7954   3834 5F                                 LD      E,A                 
7955   3835 3E A8                              LD      A,$A8               
7956   3837 93                                 SUB     E                   
7957   3838 5F                                 LD      E,A                 
7958   3839 16 4B                              LD      D,$4B               
7959   383B 78                                 LD      A,B                 
7960   383C FE 50                              CP      $50                 
7961   383E DC 44 38                           CALL    C,L3844             ; 
7962   3841 C3 1C 39                           JP      L391C               ; 
7963   3844             
7964   3844             ;*****************************************************************************
7965   3844             ;* A bird has been hit
7966   3844             ;*****************************************************************************
7967   3844             L3844:
7968   3844 C6 60                              ADD     $60                 ; LSB of table T3B60
7969   3846 6F                                 LD      L,A                 
7970   3847 26 3B                              LD      H,$3B               ; MSB of table T3B60
7971   3849 7E                                 LD      A,(HL)              
7972   384A A1                                 AND     C                   
7973   384B C8                                 RET     Z                   
7974   384C CD A1 38                           CALL    L38A1               ; 
7975   384F EB                                 EX      DE,HL               
7976   3850 7E                                 LD      A,(HL)              
7977   3851 36 00                              LD      (HL),$00            
7978   3853 2C                                 INC     L                   
7979   3854 2C                                 INC     L                   
7980   3855 2C                                 INC     L                   
7981   3856 2C                                 INC     L                   
7982   3857 56                                 LD      D,(HL)              
7983   3858 E1                                 POP     HL                  
7984   3859 21 BB 43                           LD      HL,BirdsLeft        ; 
7985   385C 35                                 DEC     (HL)                ; decrement number of BirdsLeft
7986   385D FE 0B                              CP      $0B                 
7987   385F DA 94 38                           JP      C,L3894             ; 
7988   3862 5F                                 LD      E,A                 
7989   3863 3E FF                              LD      A,$FF               ; set bonus explosion flag
7990   3865 32 69 43                           LD      (M4369),A           ; 
7991   3868 21 78 43                           LD      HL,M4378            ; 
7992   386B 01 10 10                           LD      BC,$1010            ; C reg. set to: 'bonus explosion score 100'.
7993   386E 7B                                 LD      A,E                 
7994   386F FE 0F                              CP      $0F                 
7995   3871 CA FB 38                           JP      Z,L38FB             ; 
7996   3874 7A                                 LD      A,D                 
7997   3875 0F                                 RRCA                        
7998   3876 E6 7C                              AND     $7C                 
7999   3878 C6 30                              ADD     $30                 
8000   387A 4F                                 LD      C,A                 
8001   387B 7B                                 LD      A,E                 
8002   387C FE 0E                              CP      $0E                 
8003   387E CA FB 38                           JP      Z,L38FB             ; 
8004   3881 79                                 LD      A,C                 
8005   3882 0F                                 RRCA                        
8006   3883 4F                                 LD      C,A                 
8007   3884 7B                                 LD      A,E                 
8008   3885 FE 0C                              CP      $0C                 
8009   3887 D2 FB 38                           JP      NC,L38FB            ; 
8010   388A 79                                 LD      A,C                 
8011   388B 0F                                 RRCA                        
8012   388C 4F                                 LD      C,A                 
8013   388D C3 FB 38                           JP      L38FB               ; 
8014   3890             
8015   3894                                    .ORG $3894
8016   3894             ;
8017   3894             L3894:
8018   3894 01 05 0D                           LD      BC,$0D05            
8019   3897 3E FF                              LD      A,$FF               
8020   3899 32 64 43                           LD      (M4364),A           ; 
8021   389C C3 F8 38                           JP      L38F8               ; 
8022   389F             
8023   38A1                                    .ORG $38A1
8024   38A1             ;*****************************************************************************
8025   38A1             ;* Clears the hit cell and even contains the game's copy protection check that
8026   38A1             ;* reads the "R" of "AMSTAR ELECTRONICS CORP." — corrupting the bird graphics if patched.
8027   38A1             ;*****************************************************************************
8028   38A1             L38A1:
8029   38A1 D5                                 PUSH    DE                  
8030   38A2 0E 20                              LD      C,$20               
8031   38A4 EB                                 EX      DE,HL               
8032   38A5 23                                 INC     HL                  
8033   38A6 56                                 LD      D,(HL)              
8034   38A7 23                                 INC     HL                  
8035   38A8 5E                                 LD      E,(HL)              
8036   38A9             ;*****************************************************************************
8037   38A9             ;* This is a simple protection against piracy !
8038   38A9             ;* Changing this single letter will result in a disturbing graphics garbage,
8039   38A9             ;* when you hit a bird.
8040   38A9             ;*****************************************************************************
8041   38A9 3A 8C 19                           LD      A,(L198C)           ; First letter 'R' from: " AMSTAR ELECTRONICS CORP. "
8042   38AC C6 DE                              ADD     $DE                 ; 1101_1110
8043   38AE 6F                                 LD      L,A                 
8044   38AF 26 17                              LD      H,$17               ; HL=$17F0 (FourByFourEmpty:)
8045   38B1 CD DE 34                           CALL    L34DE               ; 
8046   38B4 D1                                 POP     DE                  
8047   38B5 C9                                 RET                         
8048   38B6             
8049   38BC                                    .ORG $38BC
8050   38BC             ;*****************************************************************************
8051   38BC             ;* Test the wing mask
8052   38BC             ;*****************************************************************************
8053   38BC             L38BC:
8054   38BC C6 B0                              ADD     $B0                 
8055   38BE 6F                                 LD      L,A                 
8056   38BF 26 3B                              LD      H,$3B               
8057   38C1 7E                                 LD      A,(HL)              
8058   38C2 A1                                 AND     C                   
8059   38C3 C8                                 RET     Z                   
8060   38C4 CD A1 38                           CALL    L38A1               ; 
8061   38C7 1A                                 LD      A,(DE)              
8062   38C8 D6 0B                              SUB     $0B                 
8063   38CA DA E9 38                           JP      C,L38E9             ; 
8064   38CD FE 03                              CP      $03                 
8065   38CF D2 E9 38                           JP      NC,L38E9            ; 
8066   38D2 47                                 LD      B,A                 
8067   38D3 62                                 LD      H,D                 
8068   38D4 7B                                 LD      A,E                 
8069   38D5 C6 05                              ADD     $05                 
8070   38D7 6F                                 LD      L,A                 
8071   38D8 3A C6 43                           LD      A,(PlayerBulletX)   ; 
8072   38DB BE                                 CP      (HL)                
8073   38DC 17                                 RLA                         
8074   38DD 07                                 RLCA                        ; Multiply by 4 ..
8075   38DE 07                                 RLCA                        ; ..
8076   38DF E6 04                              AND     $04                 
8077   38E1 B0                                 OR      B                   
8078   38E2 C6 B8                              ADD     $B8                 
8079   38E4 6F                                 LD      L,A                 
8080   38E5 26 3D                              LD      H,$3D               
8081   38E7 7E                                 LD      A,(HL)              
8082   38E8 12                                 LD      (DE),A              
8083   38E9             ;*****************************************************************************
8084   38E9             ;* A bird's wing was hit
8085   38E9             ;*****************************************************************************
8086   38E9             L38E9:
8087   38E9 3E FF                              LD      A,$FF               
8088   38EB 32 66 43                           LD      (M4366),A           ; 
8089   38EE 01 02 07                           LD      BC,$0702            
8090   38F1 C3 F8 38                           JP      L38F8               ; 
8091   38F4             
8092   38F8                                    .ORG $38F8
8093   38F8             ;
8094   38F8             L38F8:
8095   38F8 21 70 43                           LD      HL,M4370            ; 
8096   38FB             L38FB:
8097   38FB AF                                 XOR     A                   ; A=0
8098   38FC BE                                 CP      (HL)                
8099   38FD CA 06 39                           JP      Z,L3906             ; 
8100   3900 2C                                 INC     L                   
8101   3901 2C                                 INC     L                   
8102   3902 2C                                 INC     L                   
8103   3903 2C                                 INC     L                   
8104   3904 BE                                 CP      (HL)                
8105   3905 C0                                 RET     NZ                  
8106   3906             L3906:
8107   3906 70                                 LD      (HL),B              
8108   3907 2C                                 INC     L                   
8109   3908 71                                 LD      (HL),C              
8110   3909 2C                                 INC     L                   
8111   390A 3A E6 43                           LD      A,(AbovePlayerBulletMSB)
8112   390D 77                                 LD      (HL),A              
8113   390E 2C                                 INC     L                   
8114   390F 3A E7 43                           LD      A,(AbovePlayerBulletLSB)
8115   3912 77                                 LD      (HL),A              
8116   3913 3A C4 43                           LD      A,(PlayerBulletState)
8117   3916 E6 F7                              AND     $F7                 
8118   3918 32 C4 43                           LD      (PlayerBulletState),A
8119   391B C9                                 RET                         
8120   391C             
8121   391C             ;*****************************************************************************
8122   391C             ;* Wing mask (`$3BB0`+B) — `L38BC`, reached from `L391C` when `B >= $20`.
8123   391C             ;*****************************************************************************
8124   391C             L391C:
8125   391C 78                                 LD      A,B                 
8126   391D FE 20                              CP      $20                 
8127   391F D2 BC 38                           JP      NC,L38BC            ; 
8128   3922 C9                                 RET                         
8129   3923             
8130   3923             ;*****************************************************************************
8131   3923             ;* Trigger the melody chip for 'Elise',
8132   3923             ;* if flag for: 'mother ship score display' is set.
8133   3923             ;*****************************************************************************
8134   3923             L3923:
8135   3923 C8                                 RET     Z                   
8136   3924 35                                 DEC     (HL)                
8137   3925 2E 8D                              LD      L,$8D               
8138   3927 7E                                 LD      A,(HL)              
8139   3928 E6 3F                              AND     $3F                 
8140   392A F6 80                              OR      $80                 
8141   392C 77                                 LD      (HL),A              
8142   392D C9                                 RET                         
8143   392E             
8144   3930                                    .ORG $3930
8145   3930             ;*****************************************************************************
8146   3930             ;* Bird bomb-drop dispatcher:
8147   3930             ;* For the birds currently in the active scroll band (from T3DC0),
8148   3930             ;* check which sit over the player and have them drop a bomb.
8149   3930             ;* The active-object window (start index + count) comes from `T3DC0`
8150   3930             ;* indexed by the scroll phase; the player danger window `(B,C)`
8151   3930             ;* is the player's mapped X position widened by `D` (from `L3A00`).
8152   3930             ;*****************************************************************************
8153   3930             L3930:
8154   3930 3A D2 4B                           LD      A,(M4BD2)           ; 
8155   3933 E6 1E                              AND     $1E                 
8156   3935 C6 C0                              ADD     T3DC0 & $FF         ; LSB of table T3DC0
8157   3937 6F                                 LD      L,A                 
8158   3938 26 3D                              LD      H,T3DC0 >> 8        ; MSB of table T3DC0
8159   393A 5E                                 LD      E,(HL)              
8160   393B 2C                                 INC     L                   
8161   393C 6E                                 LD      L,(HL)              
8162   393D 26 4B                              LD      H,$4B               
8163   393F CD 00 3A                           CALL    L3A00               ; 
8164   3942 3A 9F 43                           LD      A,(M439F)           ; 
8165   3945 82                                 ADD     A,D                 
8166   3946 4F                                 LD      C,A                 
8167   3947 3A 9E 43                           LD      A,(M439E)           ; 
8168   394A 92                                 SUB     D                   
8169   394B 47                                 LD      B,A                 
8170   394C             L394C:
8171   394C E5                                 PUSH    HL                  
8172   394D CD 5C 39                           CALL    L395C               ; 
8173   3950 E1                                 POP     HL                  
8174   3951 7D                                 LD      A,L                 
8175   3952 C6 08                              ADD     $08                 
8176   3954 6F                                 LD      L,A                 
8177   3955 1D                                 DEC     E                   
8178   3956 C2 4C 39                           JP      NZ,L394C            ; 
8179   3959 C9                                 RET                         
8180   395A             
8181   395C                                    .ORG $395C
8182   395C             ;*****************************************************************************
8183   395C             ;* Per-bird bomb test:
8184   395C             ;* HL -> bird object.  B/C = player danger window (left/right).
8185   395C             ;*****************************************************************************
8186   395C             L395C:
8187   395C 7E                                 LD      A,(HL)              
8188   395D FE 05                              CP      $05                 
8189   395F D8                                 RET     C                   
8190   3960 7D                                 LD      A,L                 
8191   3961 C6 05                              ADD     $05                 
8192   3963 6F                                 LD      L,A                 
8193   3964 7E                                 LD      A,(HL)              
8194   3965 B8                                 CP      B                   
8195   3966 D8                                 RET     C                   
8196   3967 B9                                 CP      C                   
8197   3968 D0                                 RET     NC                  
8198   3969 D6 04                              SUB     $04                 
8199   396B 47                                 LD      B,A                 
8200   396C 2D                                 DEC     L                   
8201   396D 2D                                 DEC     L                   
8202   396E 2D                                 DEC     L                   
8203   396F 3A D2 4B                           LD      A,(M4BD2)           ; 
8204   3972 86                                 ADD     A,(HL)              
8205   3973 E6 1F                              AND     $1F                 
8206   3975 07                                 RLCA                        ; Multiply by 8 ..
8207   3976 07                                 RLCA                        ; ..
8208   3977 07                                 RLCA                        ; ..
8209   3978 C6 08                              ADD     $08                 
8210   397A 4F                                 LD      C,A                 
8211   397B C3 B7 25                           JP      L25B7               ; 
8212   397E             
8213   3980                                    .ORG $3980
8214   3980             ;*****************************************************************************
8215   3980             ;* Player shield vs. bird collision sweep:
8216   3980             ;* Active while the formation is in a vertical band.
8217   3980             ;* Borrows the player-bullet vars to probe a column above the ship,
8218   3980             ;* destroying birds the shield touches, then ticks the shield timer.
8219   3980             ;*****************************************************************************
8220   3980             L3980:
8221   3980 3A D2 4B                           LD      A,(M4BD2)           ; 
8222   3983 D6 0C                              SUB     $0C                 
8223   3985 D8                                 RET     C                   
8224   3986 FE 10                              CP      $10                 
8225   3988 D0                                 RET     NC                  
8226   3989             ;*****************************************************************************
8227   3989             ;* --- save the real player bullet state into the $4BC0 buffer ---
8228   3989             ;*****************************************************************************
8229   3989 21 C4 43                           LD      HL,PlayerBulletState
8230   398C 11 C0 4B                           LD      DE,M4BC0            ; 
8231   398F 06 04                              LD      B,$04               
8232   3991 CD E0 05                           CALL    CopyBbytesHLtoDE    ; 
8233   3994 2E E6                              LD      L,$E6               
8234   3996 06 02                              LD      B,$02               
8235   3998 CD E0 05                           CALL    CopyBbytesHLtoDE    ; 
8236   399B             ;*****************************************************************************
8237   399B             ;* --- aim the probe at the player ship and force it "active" ---
8238   399B             ;*****************************************************************************
8239   399B 2E E2                              LD      L,$E2               
8240   399D 11 E6 43                           LD      DE,AbovePlayerBulletMSB
8241   39A0 06 02                              LD      B,$02               
8242   39A2 CD E0 05                           CALL    CopyBbytesHLtoDE    ; 
8243   39A5 2E C4                              LD      L,$C4               
8244   39A7 36 08                              LD      (HL),$08            
8245   39A9 11 9E 43                           LD      DE,M439E            ; 
8246   39AC 3A 9B 43                           LD      A,(Counter9A+$1)    ; 
8247   39AF 0F                                 RRCA                        
8248   39B0 DA BF 39                           JP      C,L39BF             ; 
8249   39B3 1C                                 INC     E                   
8250   39B4 2E E7                              LD      L,$E7               
8251   39B6 7E                                 LD      A,(HL)              
8252   39B7 D6 20                              SUB     $20                 
8253   39B9 77                                 LD      (HL),A              
8254   39BA 2D                                 DEC     L                   
8255   39BB 7E                                 LD      A,(HL)              
8256   39BC DE 00                              SBC     $00                 
8257   39BE 77                                 LD      (HL),A              
8258   39BF             L39BF:
8259   39BF 1A                                 LD      A,(DE)              
8260   39C0 32 C6 43                           LD      (PlayerBulletX),A   ; 
8261   39C3             ;*****************************************************************************
8262   39C3             ;* --- Use (the sweep)
8263   39C3             ;* After saving, the routine forces `PlayerBulletState` active (`$39A7: LD (HL),$08`),
8264   39C3             ;* seeds the aim X, and repeatedly calls the bird collision routine `L3800`
8265   39C3             ;* while stepping the "above-player bullet" address down one row at a time — checking up to ~`$1D` rows for a hit.
8266   39C3             ;*****************************************************************************
8267   39C3             L39C3:
8268   39C3 CD 00 38                           CALL    L3800               ; Collision detection for birds
8269   39C6 21 C4 43                           LD      HL,PlayerBulletState
8270   39C9 7E                                 LD      A,(HL)              
8271   39CA E6 08                              AND     $08                 
8272   39CC CA F0 39                           JP      Z,L39F0             ; 
8273   39CF 21 E7 43                           LD      HL,AbovePlayerBulletLSB
8274   39D2 34                                 INC     (HL)                
8275   39D3 7E                                 LD      A,(HL)              
8276   39D4 E6 1F                              AND     $1F                 
8277   39D6 FE 1D                              CP      $1D                 
8278   39D8 DA C3 39                           JP      C,L39C3             ; 
8279   39DB             ;*****************************************************************************
8280   39DB             ;* --- Restore buffer
8281   39DB             ;* When the sweep finishes (or the shield branch at `L39F0` completes),
8282   39DB             ;* the saved bytes are copied back, returning the player bullet to exactly its previous state
8283   39DB             ;*****************************************************************************
8284   39DB             L39DB:
8285   39DB 21 C0 4B                           LD      HL,M4BC0            ; 
8286   39DE 11 C4 43                           LD      DE,PlayerBulletState
8287   39E1 06 04                              LD      B,$04               
8288   39E3 CD E0 05                           CALL    CopyBbytesHLtoDE    ; 
8289   39E6 1E E6                              LD      E,$E6               
8290   39E8 06 02                              LD      B,$02               
8291   39EA C3 E0 05                           JP      CopyBbytesHLtoDE    ; 
8292   39ED             
8293   39F0                                    .ORG $39F0
8294   39F0             ;*****************************************************************************
8295   39F0             ;* Shield timer upkeep (entered on a hit):
8296   39F0             ;*****************************************************************************
8297   39F0             L39F0:
8298   39F0 2E A6                              LD      L,$A6               
8299   39F2 7E                                 LD      A,(HL)              
8300   39F3 FE C0                              CP      $C0                 
8301   39F5 DA C4 0C                           JP      C,L0CC4             ; 
8302   39F8 D6 01                              SUB     $01                 
8303   39FA 77                                 LD      (HL),A              
8304   39FB C3 DB 39                           JP      L39DB               ; 
8305   39FE             
8306   3A00                                    .ORG $3A00
8307   3A00             ;*****************************************************************************
8308   3A00             ;* Frame gate + danger-window width:
8309   3A00             ;* Returns D = half-width of the player "danger" window
8310   3A00             ;* (wider when fewer birds remain -> more aggressive bombing).
8311   3A00             ;* On alternate frames, pops L3930's return address so the
8312   3A00             ;* whole bomb scan is skipped this frame (throttles bombing).
8313   3A00             ;* The `POP HL` / `RET` trick at `$3A0E` is the key detail:
8314   3A00             ;* when the gate "fails", it removes `L3930`'s own continuation (`$3942`)
8315   3A00             ;* from the stack and returns one level higher, so on those frames `L3930`
8316   3A00             ;* performs no bomb-drop scan at all.
8317   3A00             ;*****************************************************************************
8318   3A00             L3A00:
8319   3A00 3A BB 43                           LD      A,(BirdsLeft)       ; 
8320   3A03 D6 0C                              SUB     $0C                 
8321   3A05 2F                                 CPL                         
8322   3A06 3C                                 INC     A                   
8323   3A07 57                                 LD      D,A                 
8324   3A08 3A 9B 43                           LD      A,(Counter9A+$1)    ; 
8325   3A0B 0F                                 RRCA                        
8326   3A0C 0F                                 RRCA                        
8327   3A0D D8                                 RET     C                   
8328   3A0E E1                                 POP     HL                  
8329   3A0F C9                                 RET                         
8330   3A10             
8331   3A10             ;*****************************************************************************
8332   3A10             ;* Update all synth sounds and melody trigger data.
8333   3A10             ;*****************************************************************************
8334   3A10             L3A10:
8335   3A10 21 B8 43                           LD      HL,LevelAndRound    ; 
8336   3A13 7E                                 LD      A,(HL)              ; get it
8337   3A14 A7                                 AND     A                   ; updates the zero flag
8338   3A15 C2 43 3B                           JP      NZ,L3B43            ; if LevelAndRound is not 0.
8339   3A18 2E 8D                              LD      L,$8D               ; set SoundControlB for...
8340   3A1A 36 CF                              LD      (HL),$CF            ; ... 1100_1111 triggers Tune3 -- ESTUDIO (Phoenix theme song)
8341   3A1C C9                                 RET                         ;
8342   3A1D             ;
8343   3A1D             L3A1D:
8344   3A1D 21 69 43                           LD      HL,M4369            ; 
8345   3A20 7E                                 LD      A,(HL)              ;
8346   3A21 A7                                 AND     A                   ; updates the zero flag
8347   3A22 CA 40 3A                           JP      Z,L3A40             ; if $4369 is 0.
8348   3A25 FE 20                              CP      $20                 
8349   3A27 DA 2C 3A                           JP      C,L3A2C             ; 
8350   3A2A 36 20                              LD      (HL),$20            
8351   3A2C             L3A2C:
8352   3A2C 35                                 DEC     (HL)                
8353   3A2D 7E                                 LD      A,(HL)              
8354   3A2E 07                                 RLCA                        ; Multiply by 4 ..
8355   3A2F 07                                 RLCA                        ; ..
8356   3A30 00                                 NOP                         
8357   3A31 2F                                 CPL                         
8358   3A32 E6 0E                              AND     $0E                 
8359   3A34 2E 8D                              LD      L,$8D               
8360   3A36 77                                 LD      (HL),A              
8361   3A37 2E 68                              LD      L,$68               
8362   3A39 36 00                              LD      (HL),$00            
8363   3A3B 2E 66                              LD      L,$66               
8364   3A3D 36 00                              LD      (HL),$00            
8365   3A3F C9                                 RET                         
8366   3A40             
8367   3A40             ;*****************************************************************************
8368   3A40             ;* Enemy hit sound during explosion animation.
8369   3A40             ;*****************************************************************************
8370   3A40             L3A40:
8371   3A40 2E 64                              LD      L,$64               
8372   3A42 7E                                 LD      A,(HL)              
8373   3A43 A7                                 AND     A                   ; updates the zero flag
8374   3A44 CA 62 3A                           JP      Z,L3A62             ; 
8375   3A47 FE 10                              CP      $10                 
8376   3A49 DA 4E 3A                           JP      C,L3A4E             ; 
8377   3A4C 36 10                              LD      (HL),$10            
8378   3A4E             L3A4E:
8379   3A4E 35                                 DEC     (HL)                
8380   3A4F 7E                                 LD      A,(HL)              
8381   3A50 0F                                 RRCA                        
8382   3A51 00                                 NOP                         
8383   3A52 00                                 NOP                         
8384   3A53 2F                                 CPL                         
8385   3A54 E6 07                              AND     $07                 
8386   3A56 F6 10                              OR      $10                 
8387   3A58 2E 8C                              LD      L,$8C               
8388   3A5A 77                                 LD      (HL),A              
8389   3A5B 2E 66                              LD      L,$66               
8390   3A5D 36 00                              LD      (HL),$00            
8391   3A5F C9                                 RET                         
8392   3A60             
8393   3A62                                    .ORG $3A62
8394   3A62             ;*****************************************************************************
8395   3A62             ;* Bird wing hit sound.
8396   3A62             ;*****************************************************************************
8397   3A62             L3A62:
8398   3A62 2E 66                              LD      L,$66               
8399   3A64 7E                                 LD      A,(HL)              
8400   3A65 A7                                 AND     A                   ; updates the zero flag
8401   3A66 C8                                 RET     Z                   
8402   3A67 FE 10                              CP      $10                 
8403   3A69 DA 78 3A                           JP      C,L3A78             ; 
8404   3A6C 36 10                              LD      (HL),$10            
8405   3A6E 3A B8 43                           LD      A,(LevelAndRound)   ; 
8406   3A71 E6 08                              AND     $08                 
8407   3A73 CA 78 3A                           JP      Z,L3A78             ; 
8408   3A76 36 05                              LD      (HL),$05            
8409   3A78             L3A78:
8410   3A78 35                                 DEC     (HL)                
8411   3A79 2E 8C                              LD      L,$8C               
8412   3A7B 7E                                 LD      A,(HL)              
8413   3A7C E6 08                              AND     $08                 
8414   3A7E F6 04                              OR      $04                 
8415   3A80 77                                 LD      (HL),A              
8416   3A81 C9                                 RET                         
8417   3A82             ;
8418   3A82             L3A82:
8419   3A82 21 9A 43                           LD      HL,Counter9A        ; 
8420   3A85 7E                                 LD      A,(HL)              
8421   3A86 FE 03                              CP      $03                 
8422   3A88 D8                                 RET     C                   
8423   3A89 2E 8D                              LD      L,$8D               
8424   3A8B 7E                                 LD      A,(HL)              
8425   3A8C E6 3F                              AND     $3F                 
8426   3A8E 77                                 LD      (HL),A              
8427   3A8F C9                                 RET                         
8428   3A90             ;
8429   3A90             L3A90:
8430   3A90 21 6B 43                           LD      HL,M436B            ; 
8431   3A93 7E                                 LD      A,(HL)              
8432   3A94 A7                                 AND     A                   ; updates the zero flag
8433   3A95 C3 23 39                           JP      L3923               ; 
8434   3A98             
8435   3A98             ;*****************************************************************************
8436   3A98             ;* Background sound for the alien waves.
8437   3A98             ;* At least one of the aliens is doing a closed loop pattern.
8438   3A98             ;* Sound data is derived from alien control state B.
8439   3A98             ;*****************************************************************************
8440   3A98             L3A98:
8441   3A98 21 70 4B                           LD      HL,M4B70            ; 
8442   3A9B 01 00 08                           LD      BC,$0800            
8443   3A9E 11 B0 03                           LD      DE,$03B0            
8444   3AA1             L3AA1:
8445   3AA1 7E                                 LD      A,(HL)              
8446   3AA2 2C                                 INC     L                   
8447   3AA3 A0                                 AND     B                   
8448   3AA4 CA AE 3A                           JP      Z,L3AAE             ; 
8449   3AA7 7E                                 LD      A,(HL)              
8450   3AA8 FE 28                              CP      $28                 
8451   3AAA DA AE 3A                           JP      C,L3AAE             ; 
8452   3AAD 0C                                 INC     C                   
8453   3AAE             L3AAE:
8454   3AAE 7D                                 LD      A,L                 
8455   3AAF 82                                 ADD     A,D                 
8456   3AB0 6F                                 LD      L,A                 
8457   3AB1 BB                                 CP      E                   
8458   3AB2 C2 A1 3A                           JP      NZ,L3AA1            ; 
8459   3AB5 79                                 LD      A,C                 
8460   3AB6 A7                                 AND     A                   ; updates the zero flag
8461   3AB7 C8                                 RET     Z                   
8462   3AB8 FE 08                              CP      $08                 
8463   3ABA DA BF 3A                           JP      C,L3ABF             ; 
8464   3ABD 3E 08                              LD      A,$08               
8465   3ABF             L3ABF:
8466   3ABF C6 25                              ADD     $25                 
8467   3AC1 4F                                 LD      C,A                 
8468   3AC2 21 8C 43                           LD      HL,SoundControlA    ; 
8469   3AC5 7E                                 LD      A,(HL)              
8470   3AC6 E6 C0                              AND     $C0                 ; mask out 1100_0000
8471   3AC8 B1                                 OR      C                   
8472   3AC9 77                                 LD      (HL),A              ; trigger sound control A
8473   3ACA C9                                 RET                         
8474   3ACB             
8475   3AD0                                    .ORG $3AD0
8476   3AD0             ;*****************************************************************************
8477   3AD0             ;* Background sound for the bird waves:
8478   3AD0             ;* Counts frames for the current tone;
8479   3AD0             ;* it's compared against a per-phase duration taken from `T3DE0`
8480   3AD0             ;* (indexed by the formation scroll phase `B4BD6`),
8481   3AD0             ;* and when the duration is reached it resets to 0, which advances `$438E` to the next note.
8482   3AD0             ;*****************************************************************************
8483   3AD0             L3AD0:
8484   3AD0 21 8E 43                           LD      HL,M438E            ; Bird-wave background-sound phase
8485   3AD3 7E                                 LD      A,(HL)              ; 
8486   3AD4 E6 01                              AND     $01                 ; 0000_0001 phase bit
8487   3AD6 07                                 RLCA                        ; Multiply by 4 ..
8488   3AD7 07                                 RLCA                        ; ..
8489   3AD8 F6 20                              OR      $20                 ; 0010_0000
8490   3ADA 47                                 LD      B,A                 ; 
8491   3ADB 2D                                 DEC     L                   ; 
8492   3ADC 7E                                 LD      A,(HL)              ; $438D SoundControlB
8493   3ADD E6 C0                              AND     $C0                 ; 1100_0000
8494   3ADF B0                                 OR      B                   ; set bits
8495   3AE0 77                                 LD      (HL),A              ; at SoundControlB
8496   3AE1 2E 96                              LD      L,$96               ; $4396 bird-wave background-sound step timer
8497   3AE3 7E                                 LD      A,(HL)              ; 
8498   3AE4 34                                 INC     (HL)                ; 
8499   3AE5 A7                                 AND     A                   ; updates the zero flag
8500   3AE6 CA F8 3A                           JP      Z,L3AF8             ; 
8501   3AE9 3A D6 4B                           LD      A,(M4BD6)           ; 
8502   3AEC C6 E0                              ADD     $E0                 ; LSB of table T3DE0 Background sound data for the bird waves.
8503   3AEE 5F                                 LD      E,A                 ; 
8504   3AEF 16 3D                              LD      D,$3D               ; MSB of table T3DE0 Background sound data for the bird waves.
8505   3AF1 1A                                 LD      A,(DE)              ; 
8506   3AF2 BE                                 CP      (HL)                ; 
8507   3AF3 D0                                 RET     NC                  ; 
8508   3AF4 36 00                              LD      (HL),$00            ; 
8509   3AF6 C9                                 RET                         ; 
8510   3AF7             
8511   3AF8                                    .ORG $3AF8
8512   3AF8             ;
8513   3AF8             L3AF8:
8514   3AF8 2E 8E                              LD      L,$8E               ; $438E Bird-wave background-sound phase/state
8515   3AFA 34                                 INC     (HL)                ; advance the tone phase
8516   3AFB 2D                                 DEC     L                   ; SoundControlB
8517   3AFC 7E                                 LD      A,(HL)              ; 
8518   3AFD F6 10                              OR      $10                 ; set 0001_0000
8519   3AFF 77                                 LD      (HL),A              ; at SoundControlB
8520   3B00 C9                                 RET                         ; 
8521   3B01             
8522   3B02                                    .ORG $3B02
8523   3B02             ;*****************************************************************************
8524   3B02             ;* Background sound for level B (mothership).
8525   3B02             ;* Sound data is derived from Counter9A+1.
8526   3B02             ;*****************************************************************************
8527   3B02             L3B02:
8528   3B02 21 9A 43                           LD      HL,Counter9A        ; 
8529   3B05 7E                                 LD      A,(HL)              
8530   3B06 FE 02                              CP      $02                 
8531   3B08 D0                                 RET     NC                  
8532   3B09 2C                                 INC     L                   
8533   3B0A 7E                                 LD      A,(HL)              
8534   3B0B 47                                 LD      B,A                 
8535   3B0C E6 60                              AND     $60                 
8536   3B0E 2E 8D                              LD      L,$8D               
8537   3B10 36 0A                              LD      (HL),$0A            
8538   3B12 C0                                 RET     NZ                  
8539   3B13 78                                 LD      A,B                 
8540   3B14 E6 02                              AND     $02                 
8541   3B16 C6 1C                              ADD     $1C                 
8542   3B18 77                                 LD      (HL),A              
8543   3B19 C9                                 RET                         
8544   3B1A             
8545   3B1B                                    .ORG $3B1B
8546   3B1B             ;*****************************************************************************
8547   3B1B             ;* Ringtone sound for the player shield.
8548   3B1B             ;* Sound data is derived from player shield animation counter.
8549   3B1B             ;*****************************************************************************
8550   3B1B             L3B1B:
8551   3B1B 21 62 43                           LD      HL,M4362            ; 
8552   3B1E 7E                                 LD      A,(HL)              
8553   3B1F A7                                 AND     A                   ; updates the zero flag
8554   3B20 C8                                 RET     Z                   ; if $4362 is 0.
8555   3B21 FE 40                              CP      $40                 
8556   3B23 DA 28 3B                           JP      C,L3B28             ; 
8557   3B26 36 40                              LD      (HL),$40            
8558   3B28             L3B28:
8559   3B28 35                                 DEC     (HL)                
8560   3B29 7E                                 LD      A,(HL)              
8561   3B2A E6 06                              AND     $06                 
8562   3B2C 07                                 RLCA                        ; Multiply by 2
8563   3B2D 00                                 NOP                         
8564   3B2E 2E 8D                              LD      L,$8D               
8565   3B30 77                                 LD      (HL),A              
8566   3B31 C9                                 RET                         
8567   3B32             
8568   3B33                                    .ORG $3B33
8569   3B33             ;*****************************************************************************
8570   3B33             ;* Play the sound for 'Bonus live added'.
8571   3B33             ;*****************************************************************************
8572   3B33             L3B33:
8573   3B33 21 6A 43                           LD      HL,M436A            ; 
8574   3B36 7E                                 LD      A,(HL)              
8575   3B37 A7                                 AND     A                   ; updates the zero flag
8576   3B38 C8                                 RET     Z                   ; if $436A is 0.
8577   3B39 35                                 DEC     (HL)                
8578   3B3A E6 08                              AND     $08                 
8579   3B3C F6 07                              OR      $07                 
8580   3B3E 2E 8D                              LD      L,$8D               
8581   3B40 77                                 LD      (HL),A              
8582   3B41 C9                                 RET                         
8583   3B42             
8584   3B43                                    .ORG $3B43
8585   3B43             ;*****************************************************************************
8586   3B43             ;* Update all synth sounds and melody triggers.
8587   3B43             ;*****************************************************************************
8588   3B43             L3B43:
8589   3B43 21 A4 43                           LD      HL,GameState        ; 
8590   3B46 7E                                 LD      A,(HL)              ;
8591   3B47 FE 03                              CP      $03                 ; is 'normal game play' ?
8592   3B49 CC D6 23                           CALL    Z,L23D6             ; if yes, do the background sound.
8593   3B4C CD 33 3B                           CALL    L3B33               ; Sound for 'Bonus live added'.
8594   3B4F CD 1B 3B                           CALL    L3B1B               ; Ringtone sound for the player shield.
8595   3B52 CD 1D 3A                           CALL    L3A1D               ; 
8596   3B55 CD BD 27                           CALL    L27BD               ; Sound for player bullet or ship explosion.
8597   3B58 CD 82 3A                           CALL    L3A82               ; 
8598   3B5B C3 90 3A                           JP      L3A90               ; Trigger melody
8599   3B5E             
8600   3B60                                    .ORG $3B60
8601   3B60             ; Per-character horizontal hit-mask table for bird collision used at $3844.
8602   3B60             ; It's the lookup that lets the player's bullet hit a bird only
8603   3B60             ; where the bird's graphic tile actually has solid pixels, rather than treating the whole 8-pixel character cell as solid.
8604   3B60             ; Body mask table:
8605   3B60             T3B60:
8606   3B60 1F 7C F0 01                        .DB $1F, $7C, $F0, $01, $C0
8606   3B64 C0 
8607   3B65 07 7F FC F0                        .DB $07, $7F, $FC, $F0, $07, $C0, $1F, $FF, $FC, $03, $F0
8607   3B69 07 C0 1F FF 
8607   3B6D FC 03 F0 
8608   3B70 0F C0 3F FC                        .DB $0F, $C0, $3F, $FC, $1F, $F0, $07, $FE, $3F, $F8, $0F, $FF, $FF, $FC, $1F, $FF
8608   3B74 1F F0 07 FE 
8608   3B78 3F F8 0F FF 
8608   3B7C FF FC 1F FF 
8609   3B80 FC 1F FC 1F                        .DB $FC, $1F, $FC, $1F, $F0, $7F, $F0, $7F, $C0, $FF, $01, $C0, $FF, $01, $00, $FF
8609   3B84 F0 7F F0 7F 
8609   3B88 C0 FF 01 C0 
8609   3B8C FF 01 00 FF 
8610   3B90 07 00 FF 07                        .DB $07, $00, $FF, $07, $FC, $1F, $FC, $1F, $F0, $7F, $F0, $7F, $C0, $FF, $01, $C0
8610   3B94 FC 1F FC 1F 
8610   3B98 F0 7F F0 7F 
8610   3B9C C0 FF 01 C0 
8611   3BA0 FF 01 00 FF                        .DB $FF, $01, $00, $FF, $07, $FF, $07, $FC, $1F, $F8, $0F, $F0, $C0, $03, $FF, $FF
8611   3BA4 07 FF 07 FC 
8611   3BA8 1F F8 0F F0 
8611   3BAC C0 03 FF FF 
8612   3BB0 03 E0 03 E0                        .DB $03, $E0, $03, $E0, $0F, $80, $0F, $00, $3C, $00, $1E, $3F, $00, $FC, $F0, $00
8612   3BB4 0F 80 0F 00 
8612   3BB8 3C 00 1E 3F 
8612   3BBC 00 FC F0 00 
8613   3BC0 7F FE 00 F0                        .DB $7F, $FE, $00, $F0, $03, $E0, $00, $00, $0F, $80, $00, $00, $3F, $00, $FE, $30
8613   3BC4 03 E0 00 00 
8613   3BC8 0F 80 00 00 
8613   3BCC 3F 00 FE 30 
8614   3BD0 00 06 FF 00                        .DB $00, $06, $FF, $00, $F8, $00, $00, $03, $E0, $00, $E0, $08, $20, $04, $C0, $01
8614   3BD4 F8 00 00 03 
8614   3BD8 E0 00 E0 08 
8614   3BDC 20 04 C0 01 
8615   3BE0 E0 03 F8 0F                        .DB $E0, $03, $F8, $0F, $07, $E0, $3F, $03, $FF, $FF, $FF, $3F, $FC, $FF, $F8, $FF
8615   3BE4 07 E0 3F 03 
8615   3BE8 FF FF FF 3F 
8615   3BEC FC FF F8 FF 
8616   3BF0 FF 07 E0 1F                        .DB $FF, $07, $E0, $1F, $F0, $FF, $FC, $FF, $07, $1E, $FC, $1F, $1F, $7F, $FF, $FF
8616   3BF4 F0 FF FC FF 
8616   3BF8 07 1E FC 1F 
8616   3BFC 1F 7F FF FF 
8617   3C00             ;bird character block shapes table (using character set B)
8618   3C00             T3C00:
8619   3C00 E8 00 E9 00                        .DB $E8, $00, $E9, $00, $C4, $C6, $C5, $C7, $EA, $00, $EB, $00, $00, $00       ;bird shape #24 Object 3C00
8619   3C04 C4 C6 C5 C7 
8619   3C08 EA 00 EB 00 
8619   3C0C 00 00 
8620   3C0E EC 00 E9 00                        .DB $EC, $00, $E9, $00, $C8, $CA, $C9, $CB, $EA, $00, $ED, $00, $00, $00       ;#28 Object 3C0E
8620   3C12 C8 CA C9 CB 
8620   3C16 EA 00 ED 00 
8620   3C1A 00 00 
8621   3C1C EE 00 EF 00                        .DB $EE, $00, $EF, $00, $CC, $CF, $CD, $D0, $CE, $D1, $F0, $00, $F1, $00       ;#29 Object 3C1C
8621   3C20 CC CF CD D0 
8621   3C24 CE D1 F0 00 
8621   3C28 F1 00 
8622   3C2A F2 00 EF 00                        .DB $F2, $00, $EF, $00, $D2, $00, $D3, $D5, $D4, $D6, $F0, $00, $F3, $00       ;#30 Object 3C2A
8622   3C2E D2 00 D3 D5 
8622   3C32 D4 D6 F0 00 
8622   3C36 F3 00 
8623   3C38 E8 00 E9 00                        .DB $E8, $00, $E9, $00, $C4, $C6, $C5, $C7, $00, $00                   ;#24 without right wing Object 3C38
8623   3C3C C4 C6 C5 C7 
8623   3C40 00 00 
8624   3C42 EC 00 E9 00                        .DB $EC, $00, $E9, $00, $C8, $CA, $C9, $CB, $00, $00                   ;#28 without right wing Object 3C42
8624   3C46 C8 CA C9 CB 
8624   3C4A 00 00 
8625   3C4C EE 00 EF 00                        .DB $EE, $00, $EF, $00, $CC, $CF, $CD, $D0, $DD, $D1                   ;#29 without right wing and regrowing ($DD) Object 3C4C
8625   3C50 CC CF CD D0 
8625   3C54 DD D1 
8626   3C56 F2 00 EF 00                        .DB $F2, $00, $EF, $00, $D2, $00, $D3, $D5, $DD, $D6                   ;#30 without right wing and regrowing ($DD) Object 3C56
8626   3C5A D2 00 D3 D5 
8626   3C5E DD D6 
8627   3C60 00 00 00 00                        .DB $00, $00, $00, $00, $C4, $C6, $C5, $C7, $EA, $00, $EB, $00, $00, $00       ;#24 without left wing Object 3C60
8627   3C64 C4 C6 C5 C7 
8627   3C68 EA 00 EB 00 
8627   3C6C 00 00 
8628   3C6E 00 00 00 00                        .DB $00, $00, $00, $00, $DB, $CA, $C9, $CB, $EA, $00, $ED, $00, $00, $00       ;#28 without left wing and regrowing ($DB) Object 3C6E
8628   3C72 DB CA C9 CB 
8628   3C76 EA 00 ED 00 
8628   3C7A 00 00 
8629   3C7C 00 00 00 00                        .DB $00, $00, $00, $00, $DC, $CF, $CD, $D0, $CE, $D1, $F0, $00, $F1, $00       ;#29 without left wing and regrowing ($DC) Object 3C7C
8629   3C80 DC CF CD D0 
8629   3C84 CE D1 F0 00 
8629   3C88 F1 00 
8630   3C8A 00 00 00 00                        .DB $00, $00, $00, $00, $00, $00, $D3, $D5, $D4, $D6, $F0, $00, $F3, $00       ;#30 without left wing Object 3C8A
8630   3C8E 00 00 D3 D5 
8630   3C92 D4 D6 F0 00 
8630   3C96 F3 00 
8631   3C98 00 00 00 00                        .DB $00, $00, $00, $00, $C4, $C6, $C5, $C7, $00, $00                   ;#24 without left and right wing Object 3C98
8631   3C9C C4 C6 C5 C7 
8631   3CA0 00 00 
8632   3CA2 00 00 00 00                        .DB $00, $00, $00, $00, $DB, $CA, $C9, $CB, $00, $00                   ;#28 without left and right wing and regrowing ($DB) Object 3CA2
8632   3CA6 DB CA C9 CB 
8632   3CAA 00 00 
8633   3CAC 00 00 00 00                        .DB $00, $00, $00, $00, $DC, $CF, $CD, $D0, $DD, $D1                   ;#29 without left and right wing and regrowing ($DC,$DD) Object 3CAC
8633   3CB0 DC CF CD D0 
8633   3CB4 DD D1 
8634   3CB6 00 00 00 00                        .DB $00, $00, $00, $00, $00, $00, $D3, $D5, $DD, $D6                   ;#30 without left and right wing and regrowing ($DD) Object 3CB6
8634   3CBA 00 00 D3 D5 
8634   3CBE DD D6 
8635   3CC0 00 00 DE E2                        .DB $00, $00, $DE, $E2, $AB, $B2, $AC, $B3, $DF, $E3, $00, $00             ;#21 Object 3CC0
8635   3CC4 AB B2 AC B3 
8635   3CC8 DF E3 00 00 
8636   3CCC 00 00 00 E5                        .DB $00, $00, $00, $E5, $B4, $B6, $B5, $B7, $E4, $E6, $00, $00             ;#25 Object 3CCC
8636   3CD0 B4 B6 B5 B7 
8636   3CD4 E4 E6 00 00 
8637   3CD8 00 00 00 00                        .DB $00, $00, $00, $00, $B8, $BB, $B9, $BC, $BA, $BD, $00, $00             ;#26 Object 3CD8
8637   3CDC B8 BB B9 BC 
8637   3CE0 BA BD 00 00 
8638   3CE4 00 00 00 00                        .DB $00, $00, $00, $00, $BE, $C1, $BF, $C2, $C0, $C3, $00, $E7             ;#27 Object 3CE4
8638   3CE8 BE C1 BF C2 
8638   3CEC C0 C3 00 E7 
8639   3CF0 FF FF FF FF                        .DB $FF, $FF, $FF, $FF, $FF, $FF, $FF, $FF, $FF, $FF, $FF, $FF, $FF, $FF, $FF, $FF ;not used
8639   3CF4 FF FF FF FF 
8639   3CF8 FF FF FF FF 
8639   3CFC FF FF FF FF 
8640   3D00 00 00 FA FC                        .DB $00, $00, $FA, $FC, $D7, $D9, $D8, $DA, $FB, $FD, $00, $00             ;#22 Object 3D00
8640   3D04 D7 D9 D8 DA 
8640   3D08 FB FD 00 00 
8641   3D0C F4 F6 F5 00                        .DB $F4, $F6, $F5, $00, $C4, $C6, $C5, $C7, $F7, $00, $F8, $F9             ;#23 Object 3D0C
8641   3D10 C4 C6 C5 C7 
8641   3D14 F7 00 F8 F9 
8642   3D18 00 00 00 00                        .DB $00, $00, $00, $00, $A7, $A9, $A8, $AA, $00, $00                   ;#17 Object 3D18
8642   3D1C A7 A9 A8 AA 
8642   3D20 00 00 
8643   3D22 00 00 00 00                        .DB $00, $00, $00, $00, $AB, $AD, $AC, $AE, $00, $00                   ;#18 Object 3D22
8643   3D26 AB AD AC AE 
8643   3D2A 00 00 
8644   3D2C 00 00 DE 00                        .DB $00, $00, $DE, $00, $AB, $B0, $AC, $B1, $DF, $00                   ;#19 Object 3D2C
8644   3D30 AB B0 AC B1 
8644   3D34 DF 00 
8645   3D36 00 00 DE E0                        .DB $00, $00, $DE, $E0, $AB, $B2, $AC, $B3, $DF, $E1                   ;#20 Object 3D36
8645   3D3A AB B2 AC B3 
8645   3D3E DF E1 
8646   3D40 00 00 9D 00                        .DB $00, $00, $9D, $00, $9E, $00, $00, $00                         ;#12 Object 3D40
8646   3D44 9E 00 00 00 
8647   3D48 00 00 9F 00                        .DB $00, $00, $9F, $00, $A0, $00, $00, $00                         ;#13 Object 3D48
8647   3D4C A0 00 00 00 
8648   3D50 00 00 00 00                        .DB $00, $00, $00, $00, $9C, $00, $00, $00                         ;#11 Object 3D50
8648   3D54 9C 00 00 00 
8649   3D58 00 00 00 00                        .DB $00, $00, $00, $00, $A3, $A5, $A4, $A6                         ;#16 Object 3D58
8649   3D5C A3 A5 A4 A6 
8650   3D60 00 00 9C 00                        .DB $00, $00, $9C, $00, $00, $00                               ;#11 one pos moved to the left Object 3D60
8650   3D64 00 00 
8651   3D66 00 00 9D 00                        .DB $00, $00, $9D, $00, $9E, $00                               ;#12 (but 3x2) Object 3D66
8651   3D6A 9E 00 
8652   3D6C 00 00 9F 00                        .DB $00, $00, $9F, $00, $A0, $00                               ;#13 Object 3D6C
8652   3D70 A0 00 
8653   3D72 00 00 A1 00                        .DB $00, $00, $A1, $00, $A2, $00                               ;#14 Object 3D72
8653   3D76 A2 00 
8654   3D78 00 00 96 00                        .DB $00, $00, $96, $00, $00, $00                               ;#7 Object 3D78
8654   3D7C 00 00 
8655   3D7E 00 00 97 00                        .DB $00, $00, $97, $00, $93, $00                               ;#8 Object 3D7E
8655   3D82 93 00 
8656   3D84 00 00 98 00                        .DB $00, $00, $98, $00, $99, $00                               ;#9 Object 3D84
8656   3D88 99 00 
8657   3D8A 00 00 9A 00                        .DB $00, $00, $9A, $00, $9B, $00                               ;#10 Object 3D8A
8657   3D8E 9B 00 
8658   3D90 00 00 90 00                        .DB $00, $00, $90, $00, $00, $00                               ;#3 Object 3D90
8658   3D94 00 00 
8659   3D96 00 00 91 00                        .DB $00, $00, $91, $00, $00, $00                               ;#4 Object 3D96
8659   3D9A 00 00 
8660   3D9C 00 00 92 00                        .DB $00, $00, $92, $00, $93, $00                               ;#5 Object 3D9C
8660   3DA0 93 00 
8661   3DA2 00 00 94 00                        .DB $00, $00, $94, $00, $95, $00                               ;#6 Object 3DA2
8661   3DA6 95 00 
8662   3DA8 00 00 01 00                        .DB $00, $00, $01, $00                                     ;like small star Object 3DA8
8663   3DAC 00 00 08 00                        .DB $00, $00, $08, $00                                     ;like medium star Object 3DAC
8664   3DB0 00 00 0A 00                        .DB $00, $00, $0A, $00                                     ;like big star Object 3DB0
8665   3DB4 00 00 0B 00                        .DB $00, $00, $0B, $00, $0C, $0C, $0E, $FF                         ;group of stars Object 3DB4
8665   3DB8 0C 0C 0E FF 
8666   3DBC 0D 0E 0D FF                        .DB $0D, $0E, $0D, $FF                                     ;group of stars Object 3DBC
8667   3DC0             
8668   3DC0             ; Scroll-phase -> active-object-window table for the bird wave.
8669   3DC0             ; Used by `L3930`, which runs every frame during the bird attack waves (it's called from the wave loop at `$3431` and `$3448`).
8670   3DC0             ; It defines a sliding, resizing window over the column of bird objects as a function of how far the wave has scrolled down.
8671   3DC0             ; - Phases 0–8: the window starts at the top object (`$4B70`) and grows `6 -> 7 -> 8` as more rows enter the play field.
8672   3DC0             ; - Phases 10–22: the start pointer slides down one object at a time (`$4B78 -> $4B80 -> ... -> $4BA8`),
8673   3DC0             ;                 while the count shrinks `7 -> 6 -> ... -> 1`, modeling the top rows scrolling out / fewer rows remaining active.
8674   3DC0             ; - Phases 24–30: it wraps back to the top (`$4B70`) and grows again `2 -> 3 -> 4 -> 5`.
8675   3DC0             T3DC0:
8676   3DC0 06 70                              .DB $06, $70         ; phase  0 : count=6, ptr=$4B70
8677   3DC2 07 70                              .DB $07, $70         ; phase  2 : count=7, ptr=$4B70
8678   3DC4 08 70                              .DB $08, $70         ; phase  4 : count=8, ptr=$4B70
8679   3DC6 08 70                              .DB $08, $70         ; phase  6 : count=8, ptr=$4B70
8680   3DC8 08 70                              .DB $08, $70         ; phase  8 : count=8, ptr=$4B70
8681   3DCA 07 78                              .DB $07, $78         ; phase 10 : count=7, ptr=$4B78
8682   3DCC 06 80                              .DB $06, $80         ; phase 12 : count=6, ptr=$4B80
8683   3DCE 05 88                              .DB $05, $88         ; phase 14 : count=5, ptr=$4B88
8684   3DD0 04 90                              .DB $04, $90         ; phase 16 : count=4, ptr=$4B90
8685   3DD2 03 98                              .DB $03, $98         ; phase 18 : count=3, ptr=$4B98
8686   3DD4 02 A0                              .DB $02, $A0         ; phase 20 : count=2, ptr=$4BA0
8687   3DD6 01 A8                              .DB $01, $A8         ; phase 22 : count=1, ptr=$4BA8
8688   3DD8 02 70                              .DB $02, $70         ; phase 24 : count=2, ptr=$4B70
8689   3DDA 03 70                              .DB $03, $70         ; phase 26 : count=3, ptr=$4B70
8690   3DDC 04 70                              .DB $04, $70         ; phase 28 : count=4, ptr=$4B70
8691   3DDE 05 70                              .DB $05, $70         ; phase 30 : count=5, ptr=$4B70
8692   3DE0             
8693   3DE0             ; Background sound data for the bird waves.
8694   3DE0             ; Slowly ascending and descending tones.
8695   3DE0             T3DE0:
8696   3DE0 40 40 40 40                        .DB $40, $40, $40, $40, $40, $40, $40, $34, $2C, $26, $20, $1C, $18, $14, $12, $0F
8696   3DE4 40 40 40 34 
8696   3DE8 2C 26 20 1C 
8696   3DEC 18 14 12 0F 
8697   3DF0 0D 0B 09 08                        .DB $0D, $0B, $09, $08, $07, $06, $05, $04, $03, $02, $02, $02, $02, $02, $02, $02
8697   3DF4 07 06 05 04 
8697   3DF8 03 02 02 02 
8697   3DFC 02 02 02 02 
8698   3E00             
8699   3E00             ; Column bit `C` look up table for `PlayerBulletX & 7`
8700   3E00             T3E00:
8701   3E00 01 02 04 08                        .DB $01, $02, $04, $08, $10, $20, $40, $80
8701   3E04 10 20 40 80 
8702   3E08             
8703   3E08             ;address table for bird character block shapes (grouped by animation pattern)
8704   3E08             T3E08:
8705   3E08 3D A8                              .DB $3D, $A8 ;like small star                  2x2
8706   3E0A 3D AC                              .DB $3D, $AC ;like medium star                 2x2
8707   3E0C 3D B0                              .DB $3D, $B0 ;like big star                    2x2
8708   3E0E             
8709   3E0E 3D B4                              .DB $3D, $B4 ;group of stars
8710   3E10             
8711   3E10             ;growing up
8712   3E10 3D 90                              .DB $3D, $90 ;#3                               3x2
8713   3E12 3D 96                              .DB $3D, $96 ;#4                               3x2
8714   3E14 3D 9C                              .DB $3D, $9C ;#5                               3x2
8715   3E16 3D A2                              .DB $3D, $A2 ;#6                               3x2
8716   3E18 3D 78                              .DB $3D, $78 ;#7                               3x2
8717   3E1A 3D 7E                              .DB $3D, $7E ;#8                               3x2
8718   3E1C 3D 84                              .DB $3D, $84 ;#9                               3x2
8719   3E1E 3D 8A                              .DB $3D, $8A ;#10                              3x2
8720   3E20 3D 60                              .DB $3D, $60 ;#11 one pos moved to the left    3x2
8721   3E22 3D 66                              .DB $3D, $66 ;#12 (but 3x2)                    3x2
8722   3E24 3D 6C                              .DB $3D, $6C ;#13                              3x2
8723   3E26 3D 72                              .DB $3D, $72 ;#14                              3x2
8724   3E28             
8725   3E28 3D 40                              .DB $3D, $40 ;#12                              4x2
8726   3E2A 3D 48                              .DB $3D, $48 ;#13                              4x2
8727   3E2C 3D 50                              .DB $3D, $50 ;#11                              4x2
8728   3E2E 3D 58                              .DB $3D, $58 ;#16                              4x2
8729   3E30             
8730   3E30 3D 18                              .DB $3D, $18 ;#17                              5x2
8731   3E32 3D 22                              .DB $3D, $22 ;#18                              5x2
8732   3E34 3D 2C                              .DB $3D, $2C ;#19                              5x2
8733   3E36 3D 36                              .DB $3D, $36 ;#20                              5x2
8734   3E38             
8735   3E38 3C C0                              .DB $3C, $C0 ;#21                              6x2
8736   3E3A 3D 00                              .DB $3D, $00 ;#22                              6x2
8737   3E3C 3D 0C                              .DB $3D, $0C ;#23                              6x2
8738   3E3E             
8739   3E3E 3C 00                              .DB $3C, $00 ;#24                              7x2
8740   3E40             
8741   3E40             ;get smaller and move to left
8742   3E40 3D 58                              .DB $3D, $58 ;#16                              4x2
8743   3E42 3D 50                              .DB $3D, $50 ;#11                              4x2
8744   3E44 3D 48                              .DB $3D, $48 ;#13                              4x2
8745   3E46 3D 40                              .DB $3D, $40 ;#12                              4x2
8746   3E48             
8747   3E48             ;get smaller
8748   3E48 3D 36                              .DB $3D, $36 ;#20                              5x2
8749   3E4A 3D 2C                              .DB $3D, $2C ;#19                              5x2
8750   3E4C 3D 22                              .DB $3D, $22 ;#18                              5x2
8751   3E4E 3D 18                              .DB $3D, $18 ;#17                              5x2
8752   3E50             
8753   3E50             ;wings going down
8754   3E50 3C 00                              .DB $3C, $00 ;#24                              7x2
8755   3E52 3D 0C                              .DB $3D, $0C ;#23                              6x2
8756   3E54 3D 00                              .DB $3D, $00 ;#22                              6x2
8757   3E56 3C C0                              .DB $3C, $C0 ;#21                              6x2
8758   3E58             
8759   3E58             ;wings up and move to right
8760   3E58 3C 00                              .DB $3C, $00 ;#24                              7x2
8761   3E5A 3C 0E                              .DB $3C, $0E ;#28                              7x2
8762   3E5C 3C 1C                              .DB $3C, $1C ;#29                              7x2
8763   3E5E 3C 2A                              .DB $3C, $2A ;#30                              7x2
8764   3E60             
8765   3E60             ;wings up and move to right
8766   3E60 3C 38                              .DB $3C, $38 ;#24 without right wing           5x2
8767   3E62 3C 42                              .DB $3C, $42 ;#28 without right wing           5x2
8768   3E64 3C 4C                              .DB $3C, $4C ;#29 without right wing reg.      5x2
8769   3E66 3C 56                              .DB $3C, $56 ;#30 without right wing reg.      5x2
8770   3E68             
8771   3E68             ;wings up and move to right
8772   3E68 3C 60                              .DB $3C, $60 ;#24 without left wing            7x2
8773   3E6A 3C 6E                              .DB $3C, $6E ;#28 without left wing reg.       7x2
8774   3E6C 3C 7C                              .DB $3C, $7C ;#29 without left wing reg.       7x2
8775   3E6E 3C 8A                              .DB $3C, $8A ;#30 without left wing            7x2
8776   3E70             
8777   3E70             ;wings up and move to right
8778   3E70 3C 98                              .DB $3C, $98 ;#24 without left/right wing      5x2
8779   3E72 3C A2                              .DB $3C, $A2 ;#28 without left/right wing reg  5x2
8780   3E74 3C AC                              .DB $3C, $AC ;#29 without left/right wing reg  5x2
8781   3E76 3C B6                              .DB $3C, $B6 ;#30 without left/right wing reg  5x2
8782   3E78             
8783   3E78             ;wings down and move to right
8784   3E78 3C C0                              .DB $3C, $C0 ;#21                              6x2
8785   3E7A 3C CC                              .DB $3C, $CC ;#25                              6x2
8786   3E7C 3C D8                              .DB $3C, $D8 ;#26                              6x2
8787   3E7E 3C E4                              .DB $3C, $E4 ;#27                              6x2
8788   3E80             
8789   3E80             ; Bird-wave launch/spawn configuration table:
8790   3E80             ; It's read by `L3560`, the routine that sets up a new diving bird group.
8791   3E80             ; Byte 0:   -> $436E Bird count / formation-size for this dive (values `4`–`8`).
8792   3E80             ;           It's later used as a target/limit when the bird objects are populated and stepped.
8793   3E80             ; Byte 1:   (+ random, grid aligned) -> $436D Horizontal start position of the bird group.
8794   3E80             ;           (base values `$10`–`$60`). As each bird in the group is launched, the code reads $436D,
8795   3E80             ;           uses it as the X position, and advances it by 8 for the next bird.
8796   3E80             T3E80:
8797   3E80 05 40                              .DB $05, $40
8798   3E82 05 20                              .DB $05, $20
8799   3E84 04 30                              .DB $04, $30
8800   3E86 04 10                              .DB $04, $10
8801   3E88             ; 
8802   3E88 06 48                              .DB $06, $48
8803   3E8A 06 28                              .DB $06, $28
8804   3E8C 05 38                              .DB $05, $38
8805   3E8E 05 18                              .DB $05, $18
8806   3E90             ; 
8807   3E90 07 50                              .DB $07, $50
8808   3E92 07 30                              .DB $07, $30
8809   3E94 06 40                              .DB $06, $40
8810   3E96 06 20                              .DB $06, $20
8811   3E98             ; 
8812   3E98 08 58                              .DB $08, $58
8813   3E9A 08 38                              .DB $08, $38
8814   3E9C 07 48                              .DB $07, $48
8815   3E9E 07 28                              .DB $07, $28
8816   3EA0             ; 
8817   3EA0 06 10                              .DB $06, $10
8818   3EA2 05 20                              .DB $05, $20
8819   3EA4 05 30                              .DB $05, $30
8820   3EA6 05 40                              .DB $05, $40
8821   3EA8             ; 
8822   3EA8 08 18                              .DB $08, $18
8823   3EAA 07 28                              .DB $07, $28
8824   3EAC 07 38                              .DB $07, $38
8825   3EAE 06 48                              .DB $06, $48
8826   3EB0             ; 
8827   3EB0 08 20                              .DB $08, $20
8828   3EB2 07 30                              .DB $07, $30
8829   3EB4 07 40                              .DB $07, $40
8830   3EB6 07 50                              .DB $07, $50
8831   3EB8             ; 
8832   3EB8 08 30                              .DB $08, $30
8833   3EBA 08 40                              .DB $08, $40
8834   3EBC 08 50                              .DB $08, $50
8835   3EBE 08 60                              .DB $08, $60
8836   3EC0             
8837   3EC0             ; LSB table for draw routine ($3520) entry.
8838   3EC0             ; $3548, $3540, aso...
8839   3EC0             ; for: 7x2, 7x3, 7x3, 7x3, 7x4, 7x5, 7x6, 7x4, 7x5, 7x6, 7x7, 7x5, 7x7, 7x5, 7x4.
8840   3EC0             T3EC0:
8841   3EC0 FF                                 .DB $FF
8842   3EC1 48 40 40 40                        .DB $48, $40, $40, $40, $38, $30, $28, $38, $30, $28, $20, $30, $20, $30, $28
8842   3EC5 38 30 28 38 
8842   3EC9 30 28 20 30 
8842   3ECD 20 30 28 
8843   3ED0             
8844   3ED0             ; Vertical scrolling/descent motion of the birds attack formation.
8845   3ED0             ; Consumed by the bird vertical-movement routine `L2600` and its helper `L2668`.
8846   3ED0             ; Dithered vertical-scroll increment table:
8847   3ED0             ; Used to generate fractional (sub-pixel) scroll speeds for the formation's descent. In `L2600`.
8848   3ED0             ; - The index is `row + column`, where the *row* (`0/4/8/12`) is the animation-frame parity from `Counter9A+1`,
8849   3ED0             ;   and the column (`0–3`) is the descent sub-phase `B4BD5 & 3`.
8850   3ED0             ; - The value (only ever `0` or `1`) is added to the coarse speed `(B4BD5>>2)&7`
8851   3ED0             ;   to form the per-frame scroll delta, which is then subtracted from `CounterB9` and written to the hardware scroll register `$5800`.
8852   3ED0             ; This lets the game realise non-integer average descent rates (e.g. an effective 3 1/2 px/frame) by alternating between `n` and `n+1` across frames/sub-phases,
8853   3ED0             ; giving smooth variable-speed scrolling. (The alternate path `L2650` reuses the same table but adds to `CounterB9` for the return/upward motion.)
8854   3ED0             T3ED0:
8855   3ED0 01 01 01 01                        .DB $01, $01, $01, $01
8856   3ED4 00 00 01 01                        .DB $00, $00, $01, $01
8857   3ED8 00 01 01 01                        .DB $00, $01, $01, $01
8858   3EDC 00 00 00 01                        .DB $00, $00, $00, $01
8859   3EE0             
8860   3EE0             ; Descent-speed clamp curve table:
8861   3EE0             ; This 32-byte block is indexed by `B4BD6` (a 0–31 value) and acts as a per-position speed limit on the computed descent step in `L2668`.
8862   3EE0             ; `B4BD6` is computed in `L26D0`/`$26EE` as `(B4BD2 + D + E) & $1F` after scanning the live bird objects (`M4BA8…`).
8863   3EE0             ; So it encodes the formation's current vertical scroll phase combined with how many birds remain and where they are.
8864   3EE0             ; The table value caps `B` (a step candidate derived from `M436E`, the wave timer `Counter9A`, and `AliensLeft`),
8865   3EE0             ; and the clamped result becomes `B4BD5` — which is exactly the value Part 1 uses to pick the scroll increment.
8866   3EE0             ; The values trace a speed envelope across the descent: `5->4->3->2->1->0`, a flat `0` hold, 
8867   3EE0             ; then a gradual rise `1->2->...->8` and back to `6`.
8868   3EE0             ; In effect it makes the swooping formation decelerate to a stop, pause, then accelerate again as it moves through the screen.
8869   3EE0             T3EE0:
8870   3EE0 05 04 03 02                        .DB $05, $04, $03, $02, $01, $00
8870   3EE4 01 00 
8871   3EE6 00 00 00 00                        .DB $00, $00, $00, $00, $01, $01
8871   3EEA 01 01 
8872   3EEC 01 01 02 02                        .DB $01, $01, $02, $02
8873   3EF0 02 02 03 03                        .DB $02, $02, $03, $03
8874   3EF4 03 04 04 04                        .DB $03, $04, $04, $04
8875   3EF8 05 05 06 06                        .DB $05, $05, $06, $06
8876   3EFC 07 08 07 06                        .DB $07, $08, $07, $06
8877   3F00             
8878   3F00             ; A stack built coroutine dispatcher:
8879   3F00             ; Register contents and address for stack manipulation 
8880   3F00             ; used at level 3,4,8,9.
8881   3F00             ; T3F00 is a 16 * 8 byte per state descriptor table for the level 3/4/8/9 birds.
8882   3F00             ; Each entry holds two register constant words plus two routine addresses
8883   3F00             ; (a movement handler and a transition handler).
8884   3F00             ; `L35B0` dispatches it with a stack trick: it pushes the bird pointer, the two constants,
8885   3F00             ; and both addresses, then `RET`s — running the movement routine first,
8886   3F00             ; which `RET`s into the transition routine, which pops the constants and returns to the caller.
8887   3F00             ; It's an indirect double call built entirely on the stack.
8888   3F00             T3F00:
8889   3F00                                    .MSFIRST
8890   3F00             ; for bird index to character block shape (0)
8891   3F00 FF FF FF FF                        .DB $FF, $FF, $FF, $FF   ; not used
8892   3F04 FF FF                              .DB $FF, $FF         ; not used
8893   3F06 FF FF                              .DB $FF, $FF,        ; not used
8894   3F08             ; for bird index to character block shape (1)
8895   3F08 20 FF 02 FF                        .DB $20, $FF, $02, $FF   ;BC and DE register contents
8896   3F0C 36 D2                              .DW L36D2         ;address to call
8897   3F0E 36 C0                              .DW L36C0         ;address to call
8898   3F10             ; for bird index to character block shape (2)
8899   3F10 20 FF 03 FF                        .DB $20, $FF, $03, $FF   ;
8900   3F14 36 D2                              .DW L36D2         ;address
8901   3F16 35 E0                              .DW L35E0         ;address
8902   3F18             ; for bird index to character block shape (3)
8903   3F18 30 FF 04 FF                        .DB $30, $FF, $04, $FF   ;
8904   3F1C 36 D2                              .DW L36D2         ;address
8905   3F1E 35 E0                              .DW L35E0         ;address
8906   3F20             ; for bird index to character block shape (4)
8907   3F20 10 FF 05 FF                        .DB $10, $FF, $05, $FF   ;
8908   3F24 36 EA                              .DW L36EA         ;address
8909   3F26 35 E0                              .DW L35E0         ;address
8910   3F28             ; for bird index to character block shape (5)
8911   3F28 10 FF 06 FF                        .DB $10, $FF, $06, $FF   ;
8912   3F2C 36 EA                              .DW L36EA         ;address
8913   3F2E 36 C0                              .DW L36C0         ;address
8914   3F30             ; for bird index to character block shape (6)
8915   3F30 10 60 07 1F                        .DB $10, $60, $07, $1F   ;
8916   3F34 37 0A                              .DW L370A         ;address
8917   3F36 36 C0                              .DW L36C0         ;address
8918   3F38             ; for bird index to character block shape (7)
8919   3F38 F0 10 0B 1A                        .DB $F0, $10, $0B, $1A   ;
8920   3F3C 37 0A                              .DW L370A         ;address
8921   3F3E 36 C0                              .DW L36C0         ;address
8922   3F40             ; for bird index to character block shape (8)
8923   3F40 40 FF 04 FF                        .DB $40, $FF, $04, $FF   ;
8924   3F44 36 EA                              .DW L36EA,        ;address
8925   3F46 36 C0                              .DW L36C0         ;address
8926   3F48             ; for bird index to character block shape (9)
8927   3F48 10 FF 08 FF                        .DB $10, $FF, $08, $FF   ;
8928   3F4C 36 EA                              .DW L36EA         ;address
8929   3F4E 36 C0                              .DW L36C0         ;address
8930   3F50             ; for bird index to character block shape (A)
8931   3F50 40 10 0F 17                        .DB $40, $10, $0F, $17   ;
8932   3F54 37 0A                              .DW L370A         ;address
8933   3F56 36 C0                              .DW L36C0         ;address
8934   3F58             ; for bird index to character block shape (B)
8935   3F58 10 FF 0A FF                        .DB $10, $FF, $0A, $FF   ;
8936   3F5C 36 EA                              .DW L36EA         ;address
8937   3F5E 35 E0                              .DW L35E0         ;address
8938   3F60             ; for bird index to character block shape (C)
8939   3F60 FF FF FF FF                        .DB $FF, $FF, $FF, $FF   ;
8940   3F64 36 CC                              .DW L36CC         ;address
8941   3F66 35 E0                              .DW L35E0         ;address
8942   3F68             ; for bird index to character block shape (D)
8943   3F68 FF FF FF FF                        .DB $FF, $FF, $FF, $FF   ;
8944   3F6C 36 CC                              .DW L36CC         ;address
8945   3F6E 35 E0                              .DW L35E0         ;address
8946   3F70             ; for bird index to character block shape (E)
8947   3F70 10 FF 06 FF                        .DB $10, $FF, $06, $FF   ;
8948   3F74 36 EA                              .DW L36EA         ;address
8949   3F76 35 E0                              .DW L35E0         ;address
8950   3F78             ; for bird index to character block shape (F)
8951   3F78 10 10 07 79                        .DB $10, $10, $07, $79   ;
8952   3F7C 37 0A                              .DW L370A         ;address
8953   3F7E 35 E0                              .DW L35E0         ;address
8954   3F80             
8955   3F80             ;
8956   3F80             ;level 3 and 8 initial data for the 8 birds.
8957   3F80             ;data will be copied to $4B70-$4BAF
8958   3F80             ;..........................:index to first character block shape
8959   3F80             ;...............................:MSB of initial screen address
8960   3F80             ;....................................:LSB of the initial screen address
8961   3F80             ;.........................................:animation phase / current shape frame
8962   3F80             ;..............................................:movement-step countdown timer
8963   3F80             ;...................................................: grid coordinate x
8964   3F80             ;........................................................:horizontal movement step (velocity)
8965   3F80             ;.............................................................: grid coordinate y
8966   3F80             T3F80:
8967   3F80 01 48 EE 00                        .DB $01, $48, $EE, $00, $10, $B0, $10, $20       ; 0
8967   3F84 10 B0 10 20 
8968   3F88 01 49 2C 00                        .DB $01, $49, $2C, $00, $10, $A0, $00, $B0       ; 1
8968   3F8C 10 A0 00 B0 
8969   3F90 01 49 6A 00                        .DB $01, $49, $6A, $00, $10, $90, $00, $B8       ; 2
8969   3F94 10 90 00 B8 
8970   3F98 01 49 A8 00                        .DB $01, $49, $A8, $00, $10, $80, $00, $C0       ; 3
8970   3F9C 10 80 00 C0 
8971   3FA0 01 49 E6 00                        .DB $01, $49, $E6, $00, $10, $70, $00, $C8       ; 4
8971   3FA4 10 70 00 C8 
8972   3FA8 01 4A 24 00                        .DB $01, $4A, $24, $00, $10, $60, $00, $C8       ; 5
8972   3FAC 10 60 00 C8 
8973   3FB0 01 4A 62 00                        .DB $01, $4A, $62, $00, $10, $50, $00, $C8       ; 6
8973   3FB4 10 50 00 C8 
8974   3FB8 01 4A A0 00                        .DB $01, $4A, $A0, $00, $10, $40, $00, $C8       ; 7
8974   3FBC 10 40 00 C8 
8975   3FC0             
8976   3FC0             ;level 4 and 9 initial data for the 8 birds.
8977   3FC0 01 4A CE 00                        .DB $01, $4A, $CE, $00, $10, $38, $00, $B0       ; 0
8977   3FC4 10 38 00 B0 
8978   3FC8 01 48 CC 00                        .DB $01, $48, $CC, $00, $10, $B8, $10, $20       ; 1
8978   3FCC 10 B8 10 20 
8979   3FD0 01 4A CA 00                        .DB $01, $4A, $CA, $00, $10, $38, $00, $B8       ; 2
8979   3FD4 10 38 00 B8 
8980   3FD8 01 48 C8 00                        .DB $01, $48, $C8, $00, $10, $B8, $10, $18       ; 3
8980   3FDC 10 B8 10 18 
8981   3FE0 01 4A C6 00                        .DB $01, $4A, $C6, $00, $10, $38, $00, $C0       ; 4
8981   3FE4 10 38 00 C0 
8982   3FE8 01 48 C4 00                        .DB $01, $48, $C4, $00, $10, $B8, $10, $10       ; 5
8982   3FEC 10 B8 10 10 
8983   3FF0 01 4A C2 00                        .DB $01, $4A, $C2, $00, $10, $38, $00, $C8       ; 6
8983   3FF4 10 38 00 C8 
8984   3FF8 01 48 C0 00                        .DB $01, $48, $C0, $00, $10, $B8, $10, $08       ; 7
8984   3FFC 10 B8 10 08 
8985   4000             ;********************************************************************
8986   4000             ;* End                                                              *
8987   4000             ;********************************************************************
8988   4000             .END
